localization_key,language,version,value,source_file,source_line,entity_type,matched_definition,state_key,resolved_value
ELX,korean,0,엘리시움 신성제국 연방,localization/korean/countries_l_korean.yml,2,identifier,true,,엘리시움 신성제국 연방
AXT,korean,0,아스텔란트 왕국,localization/korean/countries_l_korean.yml,4,identifier,true,,아스텔란트 왕국
ISV,korean,0,이스벨리야 공국,localization/korean/countries_l_korean.yml,6,identifier,true,,이스벨리야 공국
ION,korean,0,이오니트 공국,localization/korean/countries_l_korean.yml,8,identifier,true,,이오니트 공국
PIY,korean,0,피예르토 왕국,localization/korean/countries_l_korean.yml,10,identifier,true,,피예르토 왕국
NIX,korean,0,니스첼란트 왕국,localization/korean/countries_l_korean.yml,12,identifier,true,,니스첼란트 왕국
EHE,korean,0,에헬라시야 연방왕국,localization/korean/countries_l_korean.yml,14,identifier,true,,에헬라시야 연방왕국
ASL,korean,0,아슬라야 왕국,localization/korean/countries_l_korean.yml,16,identifier,true,,아슬라야 왕국
KIY,korean,0,키예펠로츠 제국,localization/korean/countries_l_korean.yml,18,identifier,true,,키예펠로츠 제국
APA,korean,0,아파첼라스 제국 연방,localization/korean/countries_l_korean.yml,20,identifier,true,,아파첼라스 제국 연방
SPE,korean,0,스펠리츠 제국,localization/korean/countries_l_korean.yml,22,identifier,true,,스펠리츠 제국
GRI,korean,0,그리엔드 공화국,localization/korean/countries_l_korean.yml,24,identifier,true,,그리엔드 공화국
RAF,korean,0,라프첼란트 왕국,localization/korean/countries_l_korean.yml,26,identifier,true,,라프첼란트 왕국
RIX,korean,0,리스란트 왕국,localization/korean/countries_l_korean.yml,28,identifier,true,,리스란트 왕국
KRP,korean,0,카르펠라니아 왕국,localization/korean/countries_l_korean.yml,30,identifier,true,,카르펠라니아 왕국
HAP,korean,0,하플라츠 왕국,localization/korean/countries_l_korean.yml,32,identifier,true,,하플라츠 왕국
TER,korean,0,테르체아 왕국,localization/korean/countries_l_korean.yml,34,identifier,true,,테르체아 왕국
VEX,korean,0,베스젤라츠 부족연합,localization/korean/countries_l_korean.yml,36,identifier,true,,베스젤라츠 부족연합
RXT,korean,0,류스텔라니아 연합왕국,localization/korean/countries_l_korean.yml,38,identifier,true,,류스텔라니아 연합왕국
OHE,korean,0,오헬리야 공화국,localization/korean/countries_l_korean.yml,40,identifier,true,,오헬리야 공화국
RHZ,korean,0,리히즐레니아 공화국,localization/korean/countries_l_korean.yml,42,identifier,true,,리히즐레니아 공화국
RPT,korean,0,레판트 연방공화국,localization/korean/countries_l_korean.yml,44,identifier,true,,레판트 연방공화국
AMR,korean,0,아마르니아 왕국,localization/korean/countries_l_korean.yml,46,identifier,true,,아마르니아 왕국
KRR,korean,0,대한-라이오니온 연방,localization/korean/countries_l_korean.yml,49,identifier,true,,대한-라이오니온 연방
IMS,korean,0,중앙 세나스 미수복 지대,localization/korean/countries_l_korean.yml,52,identifier,true,,중앙 세나스 미수복 지대
VBA,korean,0,고원 서부 미수복 지대,localization/korean/countries_l_korean.yml,54,identifier,true,,고원 서부 미수복 지대
EBA,korean,0,고원 동부 미수복 지대,localization/korean/countries_l_korean.yml,56,identifier,true,,고원 동부 미수복 지대
GRN,korean,0,그랑블루츠 미수복 지대,localization/korean/countries_l_korean.yml,58,identifier,true,,그랑블루츠 미수복 지대
ilrenxhiel_culture_group,korean,,일렌시엘 문화권,localization/korean/cultures_l_korean.yml,2,identifier,true,,일렌시엘 문화권
elrunik_heritage,korean,,엘루닉 명맥,localization/korean/cultures_l_korean.yml,3,identifier,true,,엘루닉 명맥
ilrenxhiel,korean,,일렌시엘,localization/korean/cultures_l_korean.yml,4,identifier,true,,일렌시엘
aspelriel,korean,,아스펠리엘,localization/korean/cultures_l_korean.yml,5,identifier,true,,아스펠리엘
griaziel,korean,,그리아지엘,localization/korean/cultures_l_korean.yml,6,identifier,true,,그리아지엘
grazunta,korean,,그라준타,localization/korean/cultures_l_korean.yml,7,identifier,true,,그라준타
dyuelroniel,korean,,듀엘로니엘,localization/korean/cultures_l_korean.yml,8,identifier,true,,듀엘로니엘
korean,korean,,대한,localization/korean/cultures_l_korean.yml,9,identifier,true,,대한
HUB_NAME_STATE_RARHELIYA_city,korean,,이케실리움,localization/korean/hub_names_l_korean.yml,3,hub,true,STATE_RARHELIYA,이케실리움
HUB_NAME_STATE_RARHELIYA_mine,korean,,리토라리움,localization/korean/hub_names_l_korean.yml,4,hub,true,STATE_RARHELIYA,리토라리움
HUB_NAME_STATE_RARHELIYA_farm,korean,,에인안시움,localization/korean/hub_names_l_korean.yml,5,hub,true,STATE_RARHELIYA,에인안시움
HUB_NAME_STATE_RARHELIYA_wood,korean,,유셀라리움,localization/korean/hub_names_l_korean.yml,6,hub,true,STATE_RARHELIYA,유셀라리움
HUB_NAME_STATE_SOUTHERN_FINLAND_city,korean,,헬싱키,localization/korean/hub_names_l_korean.yml,16,hub,false,STATE_SOUTHERN_FINLAND,헬싱키
HUB_NAME_STATE_SOUTHERN_FINLAND_port,korean,,투르쿠,localization/korean/hub_names_l_korean.yml,17,hub,false,STATE_SOUTHERN_FINLAND,투르쿠
HUB_NAME_STATE_SOUTHERN_FINLAND_mine,korean,,미켈리,localization/korean/hub_names_l_korean.yml,18,hub,false,STATE_SOUTHERN_FINLAND,미켈리
HUB_NAME_STATE_SOUTHERN_FINLAND_farm,korean,,포리,localization/korean/hub_names_l_korean.yml,19,hub,false,STATE_SOUTHERN_FINLAND,포리
HUB_NAME_STATE_SOUTHERN_FINLAND_wood,korean,,탐페레,localization/korean/hub_names_l_korean.yml,20,hub,false,STATE_SOUTHERN_FINLAND,탐페레
HUB_NAME_STATE_OSTROBOTHNIA_city,korean,,바사,localization/korean/hub_names_l_korean.yml,21,hub,false,STATE_OSTROBOTHNIA,바사
HUB_NAME_STATE_OSTROBOTHNIA_port,korean,,오울루,localization/korean/hub_names_l_korean.yml,22,hub,false,STATE_OSTROBOTHNIA,오울루
HUB_NAME_STATE_OSTROBOTHNIA_mine,korean,,케미,localization/korean/hub_names_l_korean.yml,23,hub,false,STATE_OSTROBOTHNIA,케미
HUB_NAME_STATE_OSTROBOTHNIA_farm,korean,,코콜라,localization/korean/hub_names_l_korean.yml,24,hub,false,STATE_OSTROBOTHNIA,코콜라
HUB_NAME_STATE_OSTROBOTHNIA_wood,korean,,카야니,localization/korean/hub_names_l_korean.yml,25,hub,false,STATE_OSTROBOTHNIA,카야니
HUB_NAME_STATE_WEST_KARELIA_city,korean,,비푸리,localization/korean/hub_names_l_korean.yml,26,hub,false,STATE_WEST_KARELIA,비푸리
HUB_NAME_STATE_WEST_KARELIA_port,korean,,하미나,localization/korean/hub_names_l_korean.yml,27,hub,false,STATE_WEST_KARELIA,하미나
HUB_NAME_STATE_WEST_KARELIA_mine,korean,,소르타발라,localization/korean/hub_names_l_korean.yml,28,hub,false,STATE_WEST_KARELIA,소르타발라
HUB_NAME_STATE_WEST_KARELIA_farm,korean,,카키살미,localization/korean/hub_names_l_korean.yml,29,hub,false,STATE_WEST_KARELIA,카키살미
HUB_NAME_STATE_WEST_KARELIA_wood,korean,,요엔수,localization/korean/hub_names_l_korean.yml,30,hub,false,STATE_WEST_KARELIA,요엔수
HUB_NAME_STATE_ALAND_city,korean,,보마르순드,localization/korean/hub_names_l_korean.yml,31,hub,false,STATE_ALAND,보마르순드
HUB_NAME_STATE_ALAND_port,korean,,마리함,localization/korean/hub_names_l_korean.yml,32,hub,false,STATE_ALAND,마리함
HUB_NAME_STATE_ALAND_farm,korean,,에케로,localization/korean/hub_names_l_korean.yml,33,hub,false,STATE_ALAND,에케로
HUB_NAME_STATE_NORTHERN_NORWAY_city,korean,,트론드히엠,localization/korean/hub_names_l_korean.yml,35,hub,false,STATE_NORTHERN_NORWAY,트론드히엠
HUB_NAME_STATE_NORTHERN_NORWAY_port,korean,,보되,localization/korean/hub_names_l_korean.yml,36,hub,false,STATE_NORTHERN_NORWAY,보되
HUB_NAME_STATE_NORTHERN_NORWAY_mine,korean,,트롬쇠,localization/korean/hub_names_l_korean.yml,37,hub,false,STATE_NORTHERN_NORWAY,트롬쇠
HUB_NAME_STATE_NORTHERN_NORWAY_farm,korean,,스트란덴,localization/korean/hub_names_l_korean.yml,38,hub,false,STATE_NORTHERN_NORWAY,스트란덴
HUB_NAME_STATE_NORTHERN_NORWAY_wood,korean,,순달쇠렌,localization/korean/hub_names_l_korean.yml,39,hub,false,STATE_NORTHERN_NORWAY,순달쇠렌
HUB_NAME_STATE_WESTERN_NORWAY_city,korean,,크리스티안산드,localization/korean/hub_names_l_korean.yml,40,hub,false,STATE_WESTERN_NORWAY,크리스티안산드
HUB_NAME_STATE_WESTERN_NORWAY_port,korean,,베르겐,localization/korean/hub_names_l_korean.yml,41,hub,false,STATE_WESTERN_NORWAY,베르겐
HUB_NAME_STATE_WESTERN_NORWAY_mine,korean,,콩스베르그,localization/korean/hub_names_l_korean.yml,42,hub,false,STATE_WESTERN_NORWAY,콩스베르그
HUB_NAME_STATE_WESTERN_NORWAY_farm,korean,,스타방에르,localization/korean/hub_names_l_korean.yml,43,hub,false,STATE_WESTERN_NORWAY,스타방에르
HUB_NAME_STATE_WESTERN_NORWAY_wood,korean,,툰스베르그,localization/korean/hub_names_l_korean.yml,44,hub,false,STATE_WESTERN_NORWAY,툰스베르그
HUB_NAME_STATE_EASTERN_NORWAY_city,korean,,크리스티아니아,localization/korean/hub_names_l_korean.yml,45,hub,false,STATE_EASTERN_NORWAY,크리스티아니아
HUB_NAME_STATE_EASTERN_NORWAY_port,korean,,프레데릭스타드,localization/korean/hub_names_l_korean.yml,46,hub,false,STATE_EASTERN_NORWAY,프레데릭스타드
HUB_NAME_STATE_EASTERN_NORWAY_mine,korean,,릴레함메르,localization/korean/hub_names_l_korean.yml,47,hub,false,STATE_EASTERN_NORWAY,릴레함메르
HUB_NAME_STATE_EASTERN_NORWAY_farm,korean,,프레데릭살드,localization/korean/hub_names_l_korean.yml,48,hub,false,STATE_EASTERN_NORWAY,프레데릭살드
HUB_NAME_STATE_EASTERN_NORWAY_wood,korean,,콩스빙에르,localization/korean/hub_names_l_korean.yml,49,hub,false,STATE_EASTERN_NORWAY,콩스빙에르
HUB_NAME_STATE_NORRLAND_city,korean,,순스발,localization/korean/hub_names_l_korean.yml,51,hub,false,STATE_NORRLAND,순스발
HUB_NAME_STATE_NORRLAND_port,korean,,룰레오,localization/korean/hub_names_l_korean.yml,52,hub,false,STATE_NORRLAND,룰레오
HUB_NAME_STATE_NORRLAND_mine,korean,,키루나,localization/korean/hub_names_l_korean.yml,53,hub,false,STATE_NORRLAND,키루나
HUB_NAME_STATE_NORRLAND_farm,korean,,외스테르순드,localization/korean/hub_names_l_korean.yml,54,hub,false,STATE_NORRLAND,외스테르순드
HUB_NAME_STATE_NORRLAND_wood,korean,,소데르함,localization/korean/hub_names_l_korean.yml,55,hub,false,STATE_NORRLAND,소데르함
HUB_NAME_STATE_SVEALAND_city,korean,,스톡홀름,localization/korean/hub_names_l_korean.yml,56,hub,false,STATE_SVEALAND,스톡홀름
HUB_NAME_STATE_SVEALAND_port,korean,,뉘셰핑,localization/korean/hub_names_l_korean.yml,57,hub,false,STATE_SVEALAND,뉘셰핑
HUB_NAME_STATE_SVEALAND_mine,korean,,팔룬,localization/korean/hub_names_l_korean.yml,58,hub,false,STATE_SVEALAND,팔룬
HUB_NAME_STATE_SVEALAND_farm,korean,,외레브로,localization/korean/hub_names_l_korean.yml,59,hub,false,STATE_SVEALAND,외레브로
HUB_NAME_STATE_SVEALAND_wood,korean,,칼스타드,localization/korean/hub_names_l_korean.yml,60,hub,false,STATE_SVEALAND,칼스타드
HUB_NAME_STATE_GOTALAND_city,korean,,욘셰핑,localization/korean/hub_names_l_korean.yml,61,hub,false,STATE_GOTALAND,욘셰핑
HUB_NAME_STATE_GOTALAND_port,korean,,괴테보리,localization/korean/hub_names_l_korean.yml,62,hub,false,STATE_GOTALAND,괴테보리
HUB_NAME_STATE_GOTALAND_mine,korean,,칼마르,localization/korean/hub_names_l_korean.yml,63,hub,false,STATE_GOTALAND,칼마르
HUB_NAME_STATE_GOTALAND_farm,korean,,스쾨브데,localization/korean/hub_names_l_korean.yml,64,hub,false,STATE_GOTALAND,스쾨브데
HUB_NAME_STATE_GOTALAND_wood,korean,,벡셰,localization/korean/hub_names_l_korean.yml,65,hub,false,STATE_GOTALAND,벡셰
HUB_NAME_STATE_GOTLAND_city,korean,,헴세,localization/korean/hub_names_l_korean.yml,66,hub,false,STATE_GOTLAND,헴세
HUB_NAME_STATE_GOTLAND_port,korean,,비스뷔,localization/korean/hub_names_l_korean.yml,67,hub,false,STATE_GOTLAND,비스뷔
HUB_NAME_STATE_GOTLAND_mine,korean,,클린트함,localization/korean/hub_names_l_korean.yml,68,hub,false,STATE_GOTLAND,클린트함
HUB_NAME_STATE_GOTLAND_farm,korean,,로마클로스테르,localization/korean/hub_names_l_korean.yml,69,hub,false,STATE_GOTLAND,로마클로스테르
HUB_NAME_STATE_GOTLAND_wood,korean,,슬리트,localization/korean/hub_names_l_korean.yml,70,hub,false,STATE_GOTLAND,슬리트
HUB_NAME_STATE_SCANIA_city,korean,,헬싱보리,localization/korean/hub_names_l_korean.yml,71,hub,false,STATE_SCANIA,헬싱보리
HUB_NAME_STATE_SCANIA_port,korean,,말뫼,localization/korean/hub_names_l_korean.yml,72,hub,false,STATE_SCANIA,말뫼
HUB_NAME_STATE_SCANIA_mine,korean,,크리스티안스타드,localization/korean/hub_names_l_korean.yml,73,hub,false,STATE_SCANIA,크리스티안스타드
HUB_NAME_STATE_SCANIA_farm,korean,,할름스타드,localization/korean/hub_names_l_korean.yml,74,hub,false,STATE_SCANIA,할름스타드
HUB_NAME_STATE_SCANIA_wood,korean,,회르,localization/korean/hub_names_l_korean.yml,75,hub,false,STATE_SCANIA,회르
HUB_NAME_STATE_ZEALAND_city,korean,,코펜하겐,localization/korean/hub_names_l_korean.yml,77,hub,false,STATE_ZEALAND,코펜하겐
HUB_NAME_STATE_ZEALAND_port,korean,,칼룬보르,localization/korean/hub_names_l_korean.yml,78,hub,false,STATE_ZEALAND,칼룬보르
HUB_NAME_STATE_ZEALAND_farm,korean,,네스트베드,localization/korean/hub_names_l_korean.yml,79,hub,false,STATE_ZEALAND,네스트베드
HUB_NAME_STATE_ZEALAND_wood,korean,,오덴세,localization/korean/hub_names_l_korean.yml,80,hub,false,STATE_ZEALAND,오덴세
HUB_NAME_STATE_ZEALAND_mine,korean,,뢰네,localization/korean/hub_names_l_korean.yml,81,hub,false,STATE_ZEALAND,뢰네
HUB_NAME_STATE_JUTLAND_city,korean,,올보르그,localization/korean/hub_names_l_korean.yml,82,hub,false,STATE_JUTLAND,올보르그
HUB_NAME_STATE_JUTLAND_port,korean,,오르후스,localization/korean/hub_names_l_korean.yml,83,hub,false,STATE_JUTLAND,오르후스
HUB_NAME_STATE_JUTLAND_mine,korean,,히외를링,localization/korean/hub_names_l_korean.yml,84,hub,false,STATE_JUTLAND,히외를링
HUB_NAME_STATE_JUTLAND_farm,korean,,콜링,localization/korean/hub_names_l_korean.yml,85,hub,false,STATE_JUTLAND,콜링
HUB_NAME_STATE_JUTLAND_wood,korean,,헤르닝,localization/korean/hub_names_l_korean.yml,86,hub,false,STATE_JUTLAND,헤르닝
HUB_NAME_STATE_SCHLESWIG_HOLSTEIN_city,korean,,킬,localization/korean/hub_names_l_korean.yml,87,hub,false,STATE_SCHLESWIG_HOLSTEIN,킬
HUB_NAME_STATE_SCHLESWIG_HOLSTEIN_port,korean,,뤼벡,localization/korean/hub_names_l_korean.yml,88,hub,false,STATE_SCHLESWIG_HOLSTEIN,뤼벡
HUB_NAME_STATE_SCHLESWIG_HOLSTEIN_mine,korean,,니뷜,localization/korean/hub_names_l_korean.yml,89,hub,false,STATE_SCHLESWIG_HOLSTEIN,니뷜
HUB_NAME_STATE_SCHLESWIG_HOLSTEIN_farm,korean,,플렌스부르그,localization/korean/hub_names_l_korean.yml,90,hub,false,STATE_SCHLESWIG_HOLSTEIN,플렌스부르그
HUB_NAME_STATE_SCHLESWIG_HOLSTEIN_wood,korean,,이체호,localization/korean/hub_names_l_korean.yml,91,hub,false,STATE_SCHLESWIG_HOLSTEIN,이체호
HUB_NAME_STATE_MECKLENBURG_city,korean,,슈베린,localization/korean/hub_names_l_korean.yml,93,hub,false,STATE_MECKLENBURG,슈베린
HUB_NAME_STATE_MECKLENBURG_port,korean,,로스토크,localization/korean/hub_names_l_korean.yml,94,hub,false,STATE_MECKLENBURG,로스토크
HUB_NAME_STATE_MECKLENBURG_mine,korean,,노이스트렐리츠,localization/korean/hub_names_l_korean.yml,95,hub,false,STATE_MECKLENBURG,노이스트렐리츠
HUB_NAME_STATE_MECKLENBURG_farm,korean,,노이브란덴부르크,localization/korean/hub_names_l_korean.yml,96,hub,false,STATE_MECKLENBURG,노이브란덴부르크
HUB_NAME_STATE_MECKLENBURG_wood,korean,,귀스트로브,localization/korean/hub_names_l_korean.yml,97,hub,false,STATE_MECKLENBURG,귀스트로브
HUB_NAME_STATE_POMERANIA_city,korean,,슈테틴,localization/korean/hub_names_l_korean.yml,98,hub,false,STATE_POMERANIA,슈테틴
HUB_NAME_STATE_POMERANIA_port,korean,,그라이프스발트,localization/korean/hub_names_l_korean.yml,99,hub,false,STATE_POMERANIA,그라이프스발트
HUB_NAME_STATE_POMERANIA_mine,korean,,슈베트,localization/korean/hub_names_l_korean.yml,100,hub,false,STATE_POMERANIA,슈베트
HUB_NAME_STATE_POMERANIA_farm,korean,,쾨슬린,localization/korean/hub_names_l_korean.yml,101,hub,false,STATE_POMERANIA,쾨슬린
HUB_NAME_STATE_POMERANIA_wood,korean,,쉬벨바인,localization/korean/hub_names_l_korean.yml,102,hub,false,STATE_POMERANIA,쉬벨바인
HUB_NAME_STATE_BRANDENBURG_city,korean,,베를린,localization/korean/hub_names_l_korean.yml,103,hub,false,STATE_BRANDENBURG,베를린
HUB_NAME_STATE_BRANDENBURG_mine,korean,,콧부스,localization/korean/hub_names_l_korean.yml,104,hub,false,STATE_BRANDENBURG,콧부스
HUB_NAME_STATE_BRANDENBURG_farm,korean,,포츠담,localization/korean/hub_names_l_korean.yml,105,hub,false,STATE_BRANDENBURG,포츠담
HUB_NAME_STATE_BRANDENBURG_wood,korean,,스타르가르트,localization/korean/hub_names_l_korean.yml,106,hub,false,STATE_BRANDENBURG,스타르가르트
HUB_NAME_STATE_SAXONY_city,korean,,드레스덴,localization/korean/hub_names_l_korean.yml,107,hub,false,STATE_SAXONY,드레스덴
HUB_NAME_STATE_SAXONY_mine,korean,,라이프치히,localization/korean/hub_names_l_korean.yml,108,hub,false,STATE_SAXONY,라이프치히
HUB_NAME_STATE_SAXONY_farm,korean,,에르푸르트,localization/korean/hub_names_l_korean.yml,109,hub,false,STATE_SAXONY,에르푸르트
HUB_NAME_STATE_SAXONY_wood,korean,,예라,localization/korean/hub_names_l_korean.yml,110,hub,false,STATE_SAXONY,예라
HUB_NAME_STATE_FRANCONIA_city,korean,,뉘른베르크,localization/korean/hub_names_l_korean.yml,111,hub,false,STATE_FRANCONIA,뉘른베르크
HUB_NAME_STATE_FRANCONIA_mine,korean,,바이로이트,localization/korean/hub_names_l_korean.yml,112,hub,false,STATE_FRANCONIA,바이로이트
HUB_NAME_STATE_FRANCONIA_farm,korean,,코부르크,localization/korean/hub_names_l_korean.yml,113,hub,false,STATE_FRANCONIA,코부르크
HUB_NAME_STATE_FRANCONIA_wood,korean,,뷔르츠부르크,localization/korean/hub_names_l_korean.yml,114,hub,false,STATE_FRANCONIA,뷔르츠부르크
HUB_NAME_STATE_BAVARIA_city,korean,,뮌헨,localization/korean/hub_names_l_korean.yml,115,hub,false,STATE_BAVARIA,뮌헨
HUB_NAME_STATE_BAVARIA_mine,korean,,로젠하임,localization/korean/hub_names_l_korean.yml,116,hub,false,STATE_BAVARIA,로젠하임
HUB_NAME_STATE_BAVARIA_farm,korean,,레겐스부르크,localization/korean/hub_names_l_korean.yml,117,hub,false,STATE_BAVARIA,레겐스부르크
HUB_NAME_STATE_BAVARIA_wood,korean,,아우크스부르크,localization/korean/hub_names_l_korean.yml,118,hub,false,STATE_BAVARIA,아우크스부르크
HUB_NAME_STATE_WURTTEMBERG_city,korean,,슈투트가르트,localization/korean/hub_names_l_korean.yml,119,hub,false,STATE_WURTTEMBERG,슈투트가르트
HUB_NAME_STATE_WURTTEMBERG_mine,korean,,린다우,localization/korean/hub_names_l_korean.yml,120,hub,false,STATE_WURTTEMBERG,린다우
HUB_NAME_STATE_WURTTEMBERG_farm,korean,,울름,localization/korean/hub_names_l_korean.yml,121,hub,false,STATE_WURTTEMBERG,울름
HUB_NAME_STATE_WURTTEMBERG_wood,korean,,하일브론,localization/korean/hub_names_l_korean.yml,122,hub,false,STATE_WURTTEMBERG,하일브론
HUB_NAME_STATE_BADEN_city,korean,,카를스루헤,localization/korean/hub_names_l_korean.yml,123,hub,false,STATE_BADEN,카를스루헤
HUB_NAME_STATE_BADEN_mine,korean,,콘스탄츠,localization/korean/hub_names_l_korean.yml,124,hub,false,STATE_BADEN,콘스탄츠
HUB_NAME_STATE_BADEN_farm,korean,,프라이부르크,localization/korean/hub_names_l_korean.yml,125,hub,false,STATE_BADEN,프라이부르크
HUB_NAME_STATE_BADEN_wood,korean,,하이델베르크,localization/korean/hub_names_l_korean.yml,126,hub,false,STATE_BADEN,하이델베르크
HUB_NAME_STATE_RHINELAND_city,korean,,자르브뤼켄,localization/korean/hub_names_l_korean.yml,127,hub,false,STATE_RHINELAND,자르브뤼켄
HUB_NAME_STATE_RHINELAND_mine,korean,,카이저슬라우테른,localization/korean/hub_names_l_korean.yml,128,hub,false,STATE_RHINELAND,카이저슬라우테른
HUB_NAME_STATE_RHINELAND_farm,korean,,만하임,localization/korean/hub_names_l_korean.yml,129,hub,false,STATE_RHINELAND,만하임
HUB_NAME_STATE_RHINELAND_wood,korean,,트리어,localization/korean/hub_names_l_korean.yml,130,hub,false,STATE_RHINELAND,트리어
HUB_NAME_STATE_HESSE_city,korean,,프랑크푸르트,localization/korean/hub_names_l_korean.yml,131,hub,false,STATE_HESSE,프랑크푸르트
HUB_NAME_STATE_HESSE_mine,korean,,기센,localization/korean/hub_names_l_korean.yml,132,hub,false,STATE_HESSE,기센
HUB_NAME_STATE_HESSE_farm,korean,,마인츠,localization/korean/hub_names_l_korean.yml,133,hub,false,STATE_HESSE,마인츠
HUB_NAME_STATE_HESSE_wood,korean,,풀다,localization/korean/hub_names_l_korean.yml,134,hub,false,STATE_HESSE,풀다
HUB_NAME_STATE_BRUNSWICK_city,korean,,브라운슈바이크,localization/korean/hub_names_l_korean.yml,135,hub,false,STATE_BRUNSWICK,브라운슈바이크
HUB_NAME_STATE_BRUNSWICK_mine,korean,,힐데스하임,localization/korean/hub_names_l_korean.yml,136,hub,false,STATE_BRUNSWICK,힐데스하임
HUB_NAME_STATE_BRUNSWICK_farm,korean,,베르니게로데,localization/korean/hub_names_l_korean.yml,137,hub,false,STATE_BRUNSWICK,베르니게로데
HUB_NAME_STATE_BRUNSWICK_wood,korean,,볼프스부르크,localization/korean/hub_names_l_korean.yml,138,hub,false,STATE_BRUNSWICK,볼프스부르크
HUB_NAME_STATE_ANHALT_city,korean,,마그데부르크,localization/korean/hub_names_l_korean.yml,139,hub,false,STATE_ANHALT,마그데부르크
HUB_NAME_STATE_ANHALT_mine,korean,,할레,localization/korean/hub_names_l_korean.yml,140,hub,false,STATE_ANHALT,할레
HUB_NAME_STATE_ANHALT_farm,korean,,데사우,localization/korean/hub_names_l_korean.yml,141,hub,false,STATE_ANHALT,데사우
HUB_NAME_STATE_ANHALT_wood,korean,,슈텐달,localization/korean/hub_names_l_korean.yml,142,hub,false,STATE_ANHALT,슈텐달
HUB_NAME_STATE_ELBE_city,korean,,함부르크,localization/korean/hub_names_l_korean.yml,143,hub,false,STATE_ELBE,함부르크
HUB_NAME_STATE_ELBE_port,korean,,브레머하펜,localization/korean/hub_names_l_korean.yml,144,hub,false,STATE_ELBE,브레머하펜
HUB_NAME_STATE_ELBE_mine,korean,,엘름스호른,localization/korean/hub_names_l_korean.yml,145,hub,false,STATE_ELBE,엘름스호른
HUB_NAME_STATE_ELBE_farm,korean,,브레멘,localization/korean/hub_names_l_korean.yml,146,hub,false,STATE_ELBE,브레멘
HUB_NAME_STATE_ELBE_wood,korean,,발즈로데,localization/korean/hub_names_l_korean.yml,147,hub,false,STATE_ELBE,발즈로데
HUB_NAME_STATE_HANNOVER_city,korean,,하노버,localization/korean/hub_names_l_korean.yml,148,hub,false,STATE_HANNOVER,하노버
HUB_NAME_STATE_HANNOVER_port,korean,,엠덴,localization/korean/hub_names_l_korean.yml,149,hub,false,STATE_HANNOVER,엠덴
HUB_NAME_STATE_HANNOVER_mine,korean,,빌레펠트,localization/korean/hub_names_l_korean.yml,150,hub,false,STATE_HANNOVER,빌레펠트
HUB_NAME_STATE_HANNOVER_farm,korean,,올덴부르크,localization/korean/hub_names_l_korean.yml,151,hub,false,STATE_HANNOVER,올덴부르크
HUB_NAME_STATE_HANNOVER_wood,korean,,민덴,localization/korean/hub_names_l_korean.yml,152,hub,false,STATE_HANNOVER,민덴
HUB_NAME_STATE_WESTPHALIA_city,korean,,도르트문트,localization/korean/hub_names_l_korean.yml,153,hub,false,STATE_WESTPHALIA,도르트문트
HUB_NAME_STATE_WESTPHALIA_mine,korean,,파더보른,localization/korean/hub_names_l_korean.yml,154,hub,false,STATE_WESTPHALIA,파더보른
HUB_NAME_STATE_WESTPHALIA_farm,korean,,뮌스터,localization/korean/hub_names_l_korean.yml,155,hub,false,STATE_WESTPHALIA,뮌스터
HUB_NAME_STATE_WESTPHALIA_wood,korean,,에센,localization/korean/hub_names_l_korean.yml,156,hub,false,STATE_WESTPHALIA,에센
HUB_NAME_STATE_NORTH_RHINE_city,korean,,쾰른,localization/korean/hub_names_l_korean.yml,157,hub,false,STATE_NORTH_RHINE,쾰른
HUB_NAME_STATE_NORTH_RHINE_mine,korean,,아헨,localization/korean/hub_names_l_korean.yml,158,hub,false,STATE_NORTH_RHINE,아헨
HUB_NAME_STATE_NORTH_RHINE_farm,korean,,본,localization/korean/hub_names_l_korean.yml,159,hub,false,STATE_NORTH_RHINE,본
HUB_NAME_STATE_NORTH_RHINE_wood,korean,,외펜,localization/korean/hub_names_l_korean.yml,160,hub,false,STATE_NORTH_RHINE,외펜
HUB_NAME_STATE_RUHR_city,korean,,뒤셀도르프,localization/korean/hub_names_l_korean.yml,161,hub,false,STATE_RUHR,뒤셀도르프
HUB_NAME_STATE_RUHR_mine,korean,,부퍼탈,localization/korean/hub_names_l_korean.yml,162,hub,false,STATE_RUHR,부퍼탈
HUB_NAME_STATE_RUHR_wood,korean,,지겐,localization/korean/hub_names_l_korean.yml,163,hub,false,STATE_RUHR,지겐
HUB_NAME_STATE_RUHR_farm,korean,,하헨부르크,localization/korean/hub_names_l_korean.yml,164,hub,false,STATE_RUHR,하헨부르크
HUB_NAME_STATE_WALLONIA_city,korean,,룩셈부르크,localization/korean/hub_names_l_korean.yml,166,hub,false,STATE_WALLONIA,룩셈부르크
HUB_NAME_STATE_WALLONIA_mine,korean,,리에주,localization/korean/hub_names_l_korean.yml,167,hub,false,STATE_WALLONIA,리에주
HUB_NAME_STATE_WALLONIA_farm,korean,,나무르,localization/korean/hub_names_l_korean.yml,168,hub,false,STATE_WALLONIA,나무르
HUB_NAME_STATE_WALLONIA_wood,korean,,샤를루아,localization/korean/hub_names_l_korean.yml,169,hub,false,STATE_WALLONIA,샤를루아
HUB_NAME_STATE_FLANDERS_city,korean,,브뤼셀,localization/korean/hub_names_l_korean.yml,170,hub,false,STATE_FLANDERS,브뤼셀
HUB_NAME_STATE_FLANDERS_port,korean,,브뤼허,localization/korean/hub_names_l_korean.yml,171,hub,false,STATE_FLANDERS,브뤼허
HUB_NAME_STATE_FLANDERS_mine,korean,,하셀트,localization/korean/hub_names_l_korean.yml,172,hub,false,STATE_FLANDERS,하셀트
HUB_NAME_STATE_FLANDERS_farm,korean,,앤트워프,localization/korean/hub_names_l_korean.yml,173,hub,false,STATE_FLANDERS,앤트워프
HUB_NAME_STATE_FLANDERS_wood,korean,,겐트,localization/korean/hub_names_l_korean.yml,174,hub,false,STATE_FLANDERS,겐트
HUB_NAME_STATE_GELRE_city,korean,,에인트호벤,localization/korean/hub_names_l_korean.yml,176,hub,false,STATE_GELRE,에인트호벤
HUB_NAME_STATE_GELRE_mine,korean,,마스트리히트,localization/korean/hub_names_l_korean.yml,177,hub,false,STATE_GELRE,마스트리히트
HUB_NAME_STATE_GELRE_farm,korean,,네이메헌,localization/korean/hub_names_l_korean.yml,178,hub,false,STATE_GELRE,네이메헌
HUB_NAME_STATE_GELRE_wood,korean,,아른헴,localization/korean/hub_names_l_korean.yml,179,hub,false,STATE_GELRE,아른헴
HUB_NAME_STATE_FRIESLAND_city,korean,,그로닝겐,localization/korean/hub_names_l_korean.yml,180,hub,false,STATE_FRIESLAND,그로닝겐
HUB_NAME_STATE_FRIESLAND_port,korean,,할링겐,localization/korean/hub_names_l_korean.yml,181,hub,false,STATE_FRIESLAND,할링겐
HUB_NAME_STATE_FRIESLAND_mine,korean,,에먼,localization/korean/hub_names_l_korean.yml,182,hub,false,STATE_FRIESLAND,에먼
HUB_NAME_STATE_FRIESLAND_farm,korean,,즈볼러,localization/korean/hub_names_l_korean.yml,183,hub,false,STATE_FRIESLAND,즈볼러
HUB_NAME_STATE_FRIESLAND_wood,korean,,드라흐턴,localization/korean/hub_names_l_korean.yml,184,hub,false,STATE_FRIESLAND,드라흐턴
HUB_NAME_STATE_HOLLAND_city,korean,,암스테르담,localization/korean/hub_names_l_korean.yml,185,hub,false,STATE_HOLLAND,암스테르담
HUB_NAME_STATE_HOLLAND_port,korean,,로테르담,localization/korean/hub_names_l_korean.yml,186,hub,false,STATE_HOLLAND,로테르담
HUB_NAME_STATE_HOLLAND_farm,korean,,위트레흐트,localization/korean/hub_names_l_korean.yml,187,hub,false,STATE_HOLLAND,위트레흐트
HUB_NAME_STATE_HOLLAND_wood,korean,,브레다,localization/korean/hub_names_l_korean.yml,188,hub,false,STATE_HOLLAND,브레다
HUB_NAME_STATE_HOLLAND_mine,korean,,보렉 인 워터랜드,localization/korean/hub_names_l_korean.yml,189,hub,false,STATE_HOLLAND,보렉 인 워터랜드
HUB_NAME_STATE_EAST_ANGLIA_city,korean,,케임브리지,localization/korean/hub_names_l_korean.yml,191,hub,false,STATE_EAST_ANGLIA,케임브리지
HUB_NAME_STATE_EAST_ANGLIA_port,korean,,입스위치,localization/korean/hub_names_l_korean.yml,192,hub,false,STATE_EAST_ANGLIA,입스위치
HUB_NAME_STATE_EAST_ANGLIA_mine,korean,,루턴,localization/korean/hub_names_l_korean.yml,193,hub,false,STATE_EAST_ANGLIA,루턴
HUB_NAME_STATE_EAST_ANGLIA_farm,korean,,첼름스포드,localization/korean/hub_names_l_korean.yml,194,hub,false,STATE_EAST_ANGLIA,첼름스포드
HUB_NAME_STATE_EAST_ANGLIA_wood,korean,,노리치,localization/korean/hub_names_l_korean.yml,195,hub,false,STATE_EAST_ANGLIA,노리치
HUB_NAME_STATE_HOME_COUNTIES_city,korean,,런던,localization/korean/hub_names_l_korean.yml,196,hub,false,STATE_HOME_COUNTIES,런던
HUB_NAME_STATE_HOME_COUNTIES_port,korean,,포츠머스,localization/korean/hub_names_l_korean.yml,197,hub,false,STATE_HOME_COUNTIES,포츠머스
HUB_NAME_STATE_HOME_COUNTIES_mine,korean,,레딩,localization/korean/hub_names_l_korean.yml,198,hub,false,STATE_HOME_COUNTIES,레딩
HUB_NAME_STATE_HOME_COUNTIES_farm,korean,,켄터베리,localization/korean/hub_names_l_korean.yml,199,hub,false,STATE_HOME_COUNTIES,켄터베리
HUB_NAME_STATE_HOME_COUNTIES_wood,korean,,옥스포드,localization/korean/hub_names_l_korean.yml,200,hub,false,STATE_HOME_COUNTIES,옥스포드
HUB_NAME_STATE_WEST_COUNTRY_city,korean,,브리스톨,localization/korean/hub_names_l_korean.yml,201,hub,false,STATE_WEST_COUNTRY,브리스톨
HUB_NAME_STATE_WEST_COUNTRY_port,korean,,플리머스,localization/korean/hub_names_l_korean.yml,202,hub,false,STATE_WEST_COUNTRY,플리머스
HUB_NAME_STATE_WEST_COUNTRY_mine,korean,,글로스터,localization/korean/hub_names_l_korean.yml,203,hub,false,STATE_WEST_COUNTRY,글로스터
HUB_NAME_STATE_WEST_COUNTRY_farm,korean,,톤턴,localization/korean/hub_names_l_korean.yml,204,hub,false,STATE_WEST_COUNTRY,톤턴
HUB_NAME_STATE_WEST_COUNTRY_wood,korean,,반스터플,localization/korean/hub_names_l_korean.yml,205,hub,false,STATE_WEST_COUNTRY,반스터플
HUB_NAME_STATE_WALES_city,korean,,카디프,localization/korean/hub_names_l_korean.yml,206,hub,false,STATE_WALES,카디프
HUB_NAME_STATE_WALES_port,korean,,스완지,localization/korean/hub_names_l_korean.yml,207,hub,false,STATE_WALES,스완지
HUB_NAME_STATE_WALES_mine,korean,,머서티드빌,localization/korean/hub_names_l_korean.yml,208,hub,false,STATE_WALES,머서티드빌
HUB_NAME_STATE_WALES_farm,korean,,카마덴,localization/korean/hub_names_l_korean.yml,209,hub,false,STATE_WALES,카마덴
HUB_NAME_STATE_WALES_wood,korean,,포스마독,localization/korean/hub_names_l_korean.yml,210,hub,false,STATE_WALES,포스마독
HUB_NAME_STATE_MIDLANDS_city,korean,,버밍엄,localization/korean/hub_names_l_korean.yml,211,hub,false,STATE_MIDLANDS,버밍엄
HUB_NAME_STATE_MIDLANDS_port,korean,,그림즈비,localization/korean/hub_names_l_korean.yml,212,hub,false,STATE_MIDLANDS,그림즈비
HUB_NAME_STATE_MIDLANDS_mine,korean,,노팅엄,localization/korean/hub_names_l_korean.yml,213,hub,false,STATE_MIDLANDS,노팅엄
HUB_NAME_STATE_MIDLANDS_farm,korean,,레스터,localization/korean/hub_names_l_korean.yml,214,hub,false,STATE_MIDLANDS,레스터
HUB_NAME_STATE_MIDLANDS_wood,korean,,피터버러,localization/korean/hub_names_l_korean.yml,215,hub,false,STATE_MIDLANDS,피터버러
HUB_NAME_STATE_YORKSHIRE_city,korean,,요크,localization/korean/hub_names_l_korean.yml,216,hub,false,STATE_YORKSHIRE,요크
HUB_NAME_STATE_YORKSHIRE_port,korean,,뉴캐슬,localization/korean/hub_names_l_korean.yml,217,hub,false,STATE_YORKSHIRE,뉴캐슬
HUB_NAME_STATE_YORKSHIRE_mine,korean,,리즈,localization/korean/hub_names_l_korean.yml,218,hub,false,STATE_YORKSHIRE,리즈
HUB_NAME_STATE_YORKSHIRE_farm,korean,,미들즈브러,localization/korean/hub_names_l_korean.yml,219,hub,false,STATE_YORKSHIRE,미들즈브러
HUB_NAME_STATE_YORKSHIRE_wood,korean,,헐,localization/korean/hub_names_l_korean.yml,220,hub,false,STATE_YORKSHIRE,헐
HUB_NAME_STATE_LANCASHIRE_city,korean,,맨체스터,localization/korean/hub_names_l_korean.yml,221,hub,false,STATE_LANCASHIRE,맨체스터
HUB_NAME_STATE_LANCASHIRE_port,korean,,리버풀,localization/korean/hub_names_l_korean.yml,222,hub,false,STATE_LANCASHIRE,리버풀
HUB_NAME_STATE_LANCASHIRE_mine,korean,,블랙번,localization/korean/hub_names_l_korean.yml,223,hub,false,STATE_LANCASHIRE,블랙번
HUB_NAME_STATE_LANCASHIRE_farm,korean,,칼라일,localization/korean/hub_names_l_korean.yml,224,hub,false,STATE_LANCASHIRE,칼라일
HUB_NAME_STATE_LANCASHIRE_wood,korean,,배로인퍼니스,localization/korean/hub_names_l_korean.yml,225,hub,false,STATE_LANCASHIRE,배로인퍼니스
HUB_NAME_STATE_LOWLANDS_city,korean,,에든버러,localization/korean/hub_names_l_korean.yml,226,hub,false,STATE_LOWLANDS,에든버러
HUB_NAME_STATE_LOWLANDS_port,korean,,애버딘,localization/korean/hub_names_l_korean.yml,227,hub,false,STATE_LOWLANDS,애버딘
HUB_NAME_STATE_LOWLANDS_mine,korean,,덤프리스,localization/korean/hub_names_l_korean.yml,228,hub,false,STATE_LOWLANDS,덤프리스
HUB_NAME_STATE_LOWLANDS_farm,korean,,글래스고,localization/korean/hub_names_l_korean.yml,229,hub,false,STATE_LOWLANDS,글래스고
HUB_NAME_STATE_LOWLANDS_wood,korean,,던디,localization/korean/hub_names_l_korean.yml,230,hub,false,STATE_LOWLANDS,던디
HUB_NAME_STATE_HIGHLANDS_city,korean,,인버네스,localization/korean/hub_names_l_korean.yml,231,hub,false,STATE_HIGHLANDS,인버네스
HUB_NAME_STATE_HIGHLANDS_port,korean,,커크월,localization/korean/hub_names_l_korean.yml,232,hub,false,STATE_HIGHLANDS,커크월
HUB_NAME_STATE_HIGHLANDS_mine,korean,,드럼나드로치트,localization/korean/hub_names_l_korean.yml,233,hub,false,STATE_HIGHLANDS,드럼나드로치트
HUB_NAME_STATE_HIGHLANDS_farm,korean,,포트 윌리엄,localization/korean/hub_names_l_korean.yml,234,hub,false,STATE_HIGHLANDS,포트 윌리엄
HUB_NAME_STATE_HIGHLANDS_wood,korean,,애비모어,localization/korean/hub_names_l_korean.yml,235,hub,false,STATE_HIGHLANDS,애비모어
HUB_NAME_STATE_ULSTER_city,korean,,벨파스트,localization/korean/hub_names_l_korean.yml,236,hub,false,STATE_ULSTER,벨파스트
HUB_NAME_STATE_ULSTER_port,korean,,데리,localization/korean/hub_names_l_korean.yml,237,hub,false,STATE_ULSTER,데리
HUB_NAME_STATE_ULSTER_mine,korean,,에니스킬렌,localization/korean/hub_names_l_korean.yml,238,hub,false,STATE_ULSTER,에니스킬렌
HUB_NAME_STATE_ULSTER_farm,korean,,뉴어리,localization/korean/hub_names_l_korean.yml,239,hub,false,STATE_ULSTER,뉴어리
HUB_NAME_STATE_ULSTER_wood,korean,,오마,localization/korean/hub_names_l_korean.yml,240,hub,false,STATE_ULSTER,오마
HUB_NAME_STATE_LEINSTER_city,korean,,더블린,localization/korean/hub_names_l_korean.yml,242,hub,false,STATE_LEINSTER,더블린
HUB_NAME_STATE_LEINSTER_port,korean,,웩스포드,localization/korean/hub_names_l_korean.yml,243,hub,false,STATE_LEINSTER,웩스포드
HUB_NAME_STATE_LEINSTER_mine,korean,,워터포드,localization/korean/hub_names_l_korean.yml,244,hub,false,STATE_LEINSTER,워터포드
HUB_NAME_STATE_LEINSTER_farm,korean,,카로우,localization/korean/hub_names_l_korean.yml,245,hub,false,STATE_LEINSTER,카로우
HUB_NAME_STATE_LEINSTER_wood,korean,,카반,localization/korean/hub_names_l_korean.yml,246,hub,false,STATE_LEINSTER,카반
HUB_NAME_STATE_CONNAUGHT_city,korean,,골웨이,localization/korean/hub_names_l_korean.yml,247,hub,false,STATE_CONNAUGHT,골웨이
HUB_NAME_STATE_CONNAUGHT_port,korean,,슬라이고,localization/korean/hub_names_l_korean.yml,248,hub,false,STATE_CONNAUGHT,슬라이고
HUB_NAME_STATE_CONNAUGHT_mine,korean,,캐슬바,localization/korean/hub_names_l_korean.yml,249,hub,false,STATE_CONNAUGHT,캐슬바
HUB_NAME_STATE_CONNAUGHT_farm,korean,,아트로네,localization/korean/hub_names_l_korean.yml,250,hub,false,STATE_CONNAUGHT,아트로네
HUB_NAME_STATE_CONNAUGHT_wood,korean,,러프리아,localization/korean/hub_names_l_korean.yml,251,hub,false,STATE_CONNAUGHT,러프리아
HUB_NAME_STATE_MUNSTER_city,korean,,코크,localization/korean/hub_names_l_korean.yml,252,hub,false,STATE_MUNSTER,코크
HUB_NAME_STATE_MUNSTER_port,korean,,섀넌,localization/korean/hub_names_l_korean.yml,253,hub,false,STATE_MUNSTER,섀넌
HUB_NAME_STATE_MUNSTER_mine,korean,,킬라니,localization/korean/hub_names_l_korean.yml,254,hub,false,STATE_MUNSTER,킬라니
HUB_NAME_STATE_MUNSTER_farm,korean,,맬로,localization/korean/hub_names_l_korean.yml,255,hub,false,STATE_MUNSTER,맬로
HUB_NAME_STATE_MUNSTER_wood,korean,,네나,localization/korean/hub_names_l_korean.yml,256,hub,false,STATE_MUNSTER,네나
HUB_NAME_STATE_BRITTANY_city,korean,,낭트,localization/korean/hub_names_l_korean.yml,258,hub,false,STATE_BRITTANY,낭트
HUB_NAME_STATE_BRITTANY_port,korean,,브레스트,localization/korean/hub_names_l_korean.yml,259,hub,false,STATE_BRITTANY,브레스트
HUB_NAME_STATE_BRITTANY_mine,korean,,반,localization/korean/hub_names_l_korean.yml,260,hub,false,STATE_BRITTANY,반
HUB_NAME_STATE_BRITTANY_farm,korean,,생브리유,localization/korean/hub_names_l_korean.yml,261,hub,false,STATE_BRITTANY,생브리유
HUB_NAME_STATE_BRITTANY_wood,korean,,렌,localization/korean/hub_names_l_korean.yml,262,hub,false,STATE_BRITTANY,렌
HUB_NAME_STATE_NORMANDY_city,korean,,루앙,localization/korean/hub_names_l_korean.yml,263,hub,false,STATE_NORMANDY,루앙
HUB_NAME_STATE_NORMANDY_port,korean,,르 아브르,localization/korean/hub_names_l_korean.yml,264,hub,false,STATE_NORMANDY,르 아브르
HUB_NAME_STATE_NORMANDY_mine,korean,,셰르부르,localization/korean/hub_names_l_korean.yml,265,hub,false,STATE_NORMANDY,셰르부르
HUB_NAME_STATE_NORMANDY_farm,korean,,캉,localization/korean/hub_names_l_korean.yml,266,hub,false,STATE_NORMANDY,캉
HUB_NAME_STATE_NORMANDY_wood,korean,,아브랑슈,localization/korean/hub_names_l_korean.yml,267,hub,false,STATE_NORMANDY,아브랑슈
HUB_NAME_STATE_PICARDY_city,korean,,아미앵,localization/korean/hub_names_l_korean.yml,268,hub,false,STATE_PICARDY,아미앵
HUB_NAME_STATE_PICARDY_port,korean,,르 크로토이,localization/korean/hub_names_l_korean.yml,269,hub,false,STATE_PICARDY,르 크로토이
HUB_NAME_STATE_PICARDY_mine,korean,,생 컹탕,localization/korean/hub_names_l_korean.yml,270,hub,false,STATE_PICARDY,생 컹탕
HUB_NAME_STATE_PICARDY_farm,korean,,보베,localization/korean/hub_names_l_korean.yml,271,hub,false,STATE_PICARDY,보베
HUB_NAME_STATE_PICARDY_wood,korean,,콩피에뉴,localization/korean/hub_names_l_korean.yml,272,hub,false,STATE_PICARDY,콩피에뉴
HUB_NAME_STATE_CHAMPAGNE_city,korean,,랭스,localization/korean/hub_names_l_korean.yml,273,hub,false,STATE_CHAMPAGNE,랭스
HUB_NAME_STATE_CHAMPAGNE_mine,korean,,차를빌,localization/korean/hub_names_l_korean.yml,274,hub,false,STATE_CHAMPAGNE,차를빌
HUB_NAME_STATE_CHAMPAGNE_farm,korean,,트루아,localization/korean/hub_names_l_korean.yml,275,hub,false,STATE_CHAMPAGNE,트루아
HUB_NAME_STATE_CHAMPAGNE_wood,korean,,쇼몽,localization/korean/hub_names_l_korean.yml,276,hub,false,STATE_CHAMPAGNE,쇼몽
HUB_NAME_STATE_ILE_DE_FRANCE_city,korean,,파리,localization/korean/hub_names_l_korean.yml,277,hub,false,STATE_ILE_DE_FRANCE,파리
HUB_NAME_STATE_ILE_DE_FRANCE_mine,korean,,멍트,localization/korean/hub_names_l_korean.yml,278,hub,false,STATE_ILE_DE_FRANCE,멍트
HUB_NAME_STATE_ILE_DE_FRANCE_farm,korean,,모,localization/korean/hub_names_l_korean.yml,279,hub,false,STATE_ILE_DE_FRANCE,모
HUB_NAME_STATE_ILE_DE_FRANCE_wood,korean,,퐁텐블로,localization/korean/hub_names_l_korean.yml,280,hub,false,STATE_ILE_DE_FRANCE,퐁텐블로
HUB_NAME_STATE_ORLEANS_city,korean,,오를레앙,localization/korean/hub_names_l_korean.yml,281,hub,false,STATE_ORLEANS,오를레앙
HUB_NAME_STATE_ORLEANS_mine,korean,,샤르트르,localization/korean/hub_names_l_korean.yml,282,hub,false,STATE_ORLEANS,샤르트르
HUB_NAME_STATE_ORLEANS_farm,korean,,블루아,localization/korean/hub_names_l_korean.yml,283,hub,false,STATE_ORLEANS,블루아
HUB_NAME_STATE_ORLEANS_wood,korean,,부르쥬,localization/korean/hub_names_l_korean.yml,284,hub,false,STATE_ORLEANS,부르쥬
HUB_NAME_STATE_FRENCH_LOW_COUNTRIES_city,korean,,릴,localization/korean/hub_names_l_korean.yml,285,hub,false,STATE_FRENCH_LOW_COUNTRIES,릴
HUB_NAME_STATE_FRENCH_LOW_COUNTRIES_port,korean,,됭케르크,localization/korean/hub_names_l_korean.yml,286,hub,false,STATE_FRENCH_LOW_COUNTRIES,됭케르크
HUB_NAME_STATE_FRENCH_LOW_COUNTRIES_mine,korean,,발렁시엔,localization/korean/hub_names_l_korean.yml,287,hub,false,STATE_FRENCH_LOW_COUNTRIES,발렁시엔
HUB_NAME_STATE_FRENCH_LOW_COUNTRIES_farm,korean,,칼레,localization/korean/hub_names_l_korean.yml,288,hub,false,STATE_FRENCH_LOW_COUNTRIES,칼레
HUB_NAME_STATE_FRENCH_LOW_COUNTRIES_wood,korean,,아라스,localization/korean/hub_names_l_korean.yml,289,hub,false,STATE_FRENCH_LOW_COUNTRIES,아라스
HUB_NAME_STATE_POITOU_city,korean,,푸아티에,localization/korean/hub_names_l_korean.yml,290,hub,false,STATE_POITOU,푸아티에
HUB_NAME_STATE_POITOU_port,korean,,라 로셸,localization/korean/hub_names_l_korean.yml,291,hub,false,STATE_POITOU,라 로셸
HUB_NAME_STATE_POITOU_mine,korean,,앙굴렘,localization/korean/hub_names_l_korean.yml,292,hub,false,STATE_POITOU,앙굴렘
HUB_NAME_STATE_POITOU_farm,korean,,니오르,localization/korean/hub_names_l_korean.yml,293,hub,false,STATE_POITOU,니오르
HUB_NAME_STATE_POITOU_wood,korean,,생트,localization/korean/hub_names_l_korean.yml,294,hub,false,STATE_POITOU,생트
HUB_NAME_STATE_AUVERGNE_LIMOUSIN_city,korean,,리모주,localization/korean/hub_names_l_korean.yml,295,hub,false,STATE_AUVERGNE_LIMOUSIN,리모주
HUB_NAME_STATE_AUVERGNE_LIMOUSIN_mine,korean,,브히브,localization/korean/hub_names_l_korean.yml,296,hub,false,STATE_AUVERGNE_LIMOUSIN,브히브
HUB_NAME_STATE_AUVERGNE_LIMOUSIN_farm,korean,,클레르몽페랑,localization/korean/hub_names_l_korean.yml,297,hub,false,STATE_AUVERGNE_LIMOUSIN,클레르몽페랑
HUB_NAME_STATE_AUVERGNE_LIMOUSIN_wood,korean,,생 쥬니앙,localization/korean/hub_names_l_korean.yml,298,hub,false,STATE_AUVERGNE_LIMOUSIN,생 쥬니앙
HUB_NAME_STATE_LORRAINE_city,korean,,낭시,localization/korean/hub_names_l_korean.yml,299,hub,false,STATE_LORRAINE,낭시
HUB_NAME_STATE_LORRAINE_mine,korean,,롱위,localization/korean/hub_names_l_korean.yml,300,hub,false,STATE_LORRAINE,롱위
HUB_NAME_STATE_LORRAINE_farm,korean,,베르됭,localization/korean/hub_names_l_korean.yml,301,hub,false,STATE_LORRAINE,베르됭
HUB_NAME_STATE_LORRAINE_wood,korean,,에피날,localization/korean/hub_names_l_korean.yml,302,hub,false,STATE_LORRAINE,에피날
HUB_NAME_STATE_BURGUNDY_city,korean,,디종,localization/korean/hub_names_l_korean.yml,303,hub,false,STATE_BURGUNDY,디종
HUB_NAME_STATE_BURGUNDY_mine,korean,,르 크루소,localization/korean/hub_names_l_korean.yml,304,hub,false,STATE_BURGUNDY,르 크루소
HUB_NAME_STATE_BURGUNDY_farm,korean,,느베르,localization/korean/hub_names_l_korean.yml,305,hub,false,STATE_BURGUNDY,느베르
HUB_NAME_STATE_BURGUNDY_wood,korean,,오세르,localization/korean/hub_names_l_korean.yml,306,hub,false,STATE_BURGUNDY,오세르
HUB_NAME_STATE_FRANCHE_COMTE_city,korean,,브장송,localization/korean/hub_names_l_korean.yml,307,hub,false,STATE_FRANCHE_COMTE,브장송
HUB_NAME_STATE_FRANCHE_COMTE_mine,korean,,롱 르 소니에,localization/korean/hub_names_l_korean.yml,308,hub,false,STATE_FRANCHE_COMTE,롱 르 소니에
HUB_NAME_STATE_FRANCHE_COMTE_farm,korean,,벨포르,localization/korean/hub_names_l_korean.yml,309,hub,false,STATE_FRANCHE_COMTE,벨포르
HUB_NAME_STATE_FRANCHE_COMTE_wood,korean,,돌,localization/korean/hub_names_l_korean.yml,310,hub,false,STATE_FRANCHE_COMTE,돌
HUB_NAME_STATE_ALSACE_LORRAINE_city,korean,,스트라스부르,localization/korean/hub_names_l_korean.yml,311,hub,false,STATE_ALSACE_LORRAINE,스트라스부르
HUB_NAME_STATE_ALSACE_LORRAINE_mine,korean,,뮐루즈,localization/korean/hub_names_l_korean.yml,312,hub,false,STATE_ALSACE_LORRAINE,뮐루즈
HUB_NAME_STATE_ALSACE_LORRAINE_farm,korean,,메츠,localization/korean/hub_names_l_korean.yml,313,hub,false,STATE_ALSACE_LORRAINE,메츠
HUB_NAME_STATE_ALSACE_LORRAINE_wood,korean,,아그노,localization/korean/hub_names_l_korean.yml,314,hub,false,STATE_ALSACE_LORRAINE,아그노
HUB_NAME_STATE_RHONE_city,korean,,리옹,localization/korean/hub_names_l_korean.yml,315,hub,false,STATE_RHONE,리옹
HUB_NAME_STATE_RHONE_mine,korean,,그르노블,localization/korean/hub_names_l_korean.yml,316,hub,false,STATE_RHONE,그르노블
HUB_NAME_STATE_RHONE_farm,korean,,발렁스,localization/korean/hub_names_l_korean.yml,317,hub,false,STATE_RHONE,발렁스
HUB_NAME_STATE_RHONE_wood,korean,,생 테티엔,localization/korean/hub_names_l_korean.yml,318,hub,false,STATE_RHONE,생 테티엔
HUB_NAME_STATE_PROVENCE_city,korean,,마르세유,localization/korean/hub_names_l_korean.yml,319,hub,false,STATE_PROVENCE,마르세유
HUB_NAME_STATE_PROVENCE_port,korean,,툴롱,localization/korean/hub_names_l_korean.yml,320,hub,false,STATE_PROVENCE,툴롱
HUB_NAME_STATE_PROVENCE_mine,korean,,가프,localization/korean/hub_names_l_korean.yml,321,hub,false,STATE_PROVENCE,가프
HUB_NAME_STATE_PROVENCE_farm,korean,,아비뇽,localization/korean/hub_names_l_korean.yml,322,hub,false,STATE_PROVENCE,아비뇽
HUB_NAME_STATE_PROVENCE_wood,korean,,니스,localization/korean/hub_names_l_korean.yml,323,hub,false,STATE_PROVENCE,니스
HUB_NAME_STATE_CORSICA_city,korean,,프로프리아노,localization/korean/hub_names_l_korean.yml,324,hub,false,STATE_CORSICA,프로프리아노
HUB_NAME_STATE_CORSICA_port,korean,,아작시오,localization/korean/hub_names_l_korean.yml,325,hub,false,STATE_CORSICA,아작시오
HUB_NAME_STATE_CORSICA_farm,korean,,바스티아,localization/korean/hub_names_l_korean.yml,327,hub,false,STATE_CORSICA,바스티아
HUB_NAME_STATE_CORSICA_wood,korean,,코르테,localization/korean/hub_names_l_korean.yml,328,hub,false,STATE_CORSICA,코르테
HUB_NAME_STATE_LANGUEDOC_city,korean,,툴루즈,localization/korean/hub_names_l_korean.yml,329,hub,false,STATE_LANGUEDOC,툴루즈
HUB_NAME_STATE_LANGUEDOC_port,korean,,몽펠리에,localization/korean/hub_names_l_korean.yml,330,hub,false,STATE_LANGUEDOC,몽펠리에
HUB_NAME_STATE_LANGUEDOC_mine,korean,,알레스,localization/korean/hub_names_l_korean.yml,331,hub,false,STATE_LANGUEDOC,알레스
HUB_NAME_STATE_LANGUEDOC_farm,korean,,나르본,localization/korean/hub_names_l_korean.yml,332,hub,false,STATE_LANGUEDOC,나르본
HUB_NAME_STATE_LANGUEDOC_wood,korean,,카르카손,localization/korean/hub_names_l_korean.yml,333,hub,false,STATE_LANGUEDOC,카르카손
HUB_NAME_STATE_GUYENNE_city,korean,,몽토방,localization/korean/hub_names_l_korean.yml,334,hub,false,STATE_GUYENNE,몽토방
HUB_NAME_STATE_GUYENNE_mine,korean,,로데,localization/korean/hub_names_l_korean.yml,335,hub,false,STATE_GUYENNE,로데
HUB_NAME_STATE_GUYENNE_farm,korean,,아겐,localization/korean/hub_names_l_korean.yml,336,hub,false,STATE_GUYENNE,아겐
HUB_NAME_STATE_GUYENNE_wood,korean,,베르쥬학,localization/korean/hub_names_l_korean.yml,337,hub,false,STATE_GUYENNE,베르쥬학
HUB_NAME_STATE_AQUITAINE_city,korean,,보르도,localization/korean/hub_names_l_korean.yml,338,hub,false,STATE_AQUITAINE,보르도
HUB_NAME_STATE_AQUITAINE_port,korean,,바욘,localization/korean/hub_names_l_korean.yml,339,hub,false,STATE_AQUITAINE,바욘
HUB_NAME_STATE_AQUITAINE_mine,korean,,루르드,localization/korean/hub_names_l_korean.yml,340,hub,false,STATE_AQUITAINE,루르드
HUB_NAME_STATE_AQUITAINE_farm,korean,,몽드마르성,localization/korean/hub_names_l_korean.yml,341,hub,false,STATE_AQUITAINE,몽드마르성
HUB_NAME_STATE_AQUITAINE_wood,korean,,포,localization/korean/hub_names_l_korean.yml,342,hub,false,STATE_AQUITAINE,포
HUB_NAME_STATE_MAINE_ANJOU_city,korean,,앙제,localization/korean/hub_names_l_korean.yml,343,hub,false,STATE_MAINE_ANJOU,앙제
HUB_NAME_STATE_MAINE_ANJOU_mine,korean,,라발,localization/korean/hub_names_l_korean.yml,344,hub,false,STATE_MAINE_ANJOU,라발
HUB_NAME_STATE_MAINE_ANJOU_farm,korean,,르 망,localization/korean/hub_names_l_korean.yml,345,hub,false,STATE_MAINE_ANJOU,르 망
HUB_NAME_STATE_MAINE_ANJOU_wood,korean,,투르,localization/korean/hub_names_l_korean.yml,346,hub,false,STATE_MAINE_ANJOU,투르
HUB_NAME_STATE_ALENTEJO_city,korean,,에보라,localization/korean/hub_names_l_korean.yml,348,hub,false,STATE_ALENTEJO,에보라
HUB_NAME_STATE_ALENTEJO_port,korean,,라고스,localization/korean/hub_names_l_korean.yml,349,hub,false,STATE_ALENTEJO,라고스
HUB_NAME_STATE_ALENTEJO_mine,korean,,베자,localization/korean/hub_names_l_korean.yml,350,hub,false,STATE_ALENTEJO,베자
HUB_NAME_STATE_ALENTEJO_farm,korean,,파로,localization/korean/hub_names_l_korean.yml,351,hub,false,STATE_ALENTEJO,파로
HUB_NAME_STATE_ALENTEJO_wood,korean,,엘바스,localization/korean/hub_names_l_korean.yml,352,hub,false,STATE_ALENTEJO,엘바스
HUB_NAME_STATE_ESTREMADURA_city,korean,,리스본,localization/korean/hub_names_l_korean.yml,353,hub,false,STATE_ESTREMADURA,리스본
HUB_NAME_STATE_ESTREMADURA_port,korean,,피게이라 다 포스,localization/korean/hub_names_l_korean.yml,354,hub,false,STATE_ESTREMADURA,피게이라 다 포스
HUB_NAME_STATE_ESTREMADURA_mine,korean,,코임브라,localization/korean/hub_names_l_korean.yml,355,hub,false,STATE_ESTREMADURA,코임브라
HUB_NAME_STATE_ESTREMADURA_farm,korean,,아베이루,localization/korean/hub_names_l_korean.yml,356,hub,false,STATE_ESTREMADURA,아베이루
HUB_NAME_STATE_ESTREMADURA_wood,korean,,레이리아,localization/korean/hub_names_l_korean.yml,357,hub,false,STATE_ESTREMADURA,레이리아
HUB_NAME_STATE_BEIRA_city,korean,,브라가,localization/korean/hub_names_l_korean.yml,358,hub,false,STATE_BEIRA,브라가
HUB_NAME_STATE_BEIRA_port,korean,,포르투,localization/korean/hub_names_l_korean.yml,359,hub,false,STATE_BEIRA,포르투
HUB_NAME_STATE_BEIRA_mine,korean,,과르다,localization/korean/hub_names_l_korean.yml,360,hub,false,STATE_BEIRA,과르다
HUB_NAME_STATE_BEIRA_farm,korean,,비제우,localization/korean/hub_names_l_korean.yml,361,hub,false,STATE_BEIRA,비제우
HUB_NAME_STATE_BEIRA_wood,korean,,카스텔루 브랑쿠,localization/korean/hub_names_l_korean.yml,362,hub,false,STATE_BEIRA,카스텔루 브랑쿠
HUB_NAME_STATE_GALICIA_city,korean,,산티아고 데 콤포스텔라,localization/korean/hub_names_l_korean.yml,364,hub,false,STATE_GALICIA,산티아고 데 콤포스텔라
HUB_NAME_STATE_GALICIA_port,korean,,아 코루냐,localization/korean/hub_names_l_korean.yml,365,hub,false,STATE_GALICIA,아 코루냐
HUB_NAME_STATE_GALICIA_mine,korean,,폰페라다,localization/korean/hub_names_l_korean.yml,366,hub,false,STATE_GALICIA,폰페라다
HUB_NAME_STATE_GALICIA_farm,korean,,비고,localization/korean/hub_names_l_korean.yml,367,hub,false,STATE_GALICIA,비고
HUB_NAME_STATE_GALICIA_wood,korean,,루고,localization/korean/hub_names_l_korean.yml,368,hub,false,STATE_GALICIA,루고
HUB_NAME_STATE_ASTURIAS_city,korean,,오비에도,localization/korean/hub_names_l_korean.yml,369,hub,false,STATE_ASTURIAS,오비에도
HUB_NAME_STATE_ASTURIAS_port,korean,,산탄데르,localization/korean/hub_names_l_korean.yml,370,hub,false,STATE_ASTURIAS,산탄데르
HUB_NAME_STATE_ASTURIAS_mine,korean,,라 펠게라,localization/korean/hub_names_l_korean.yml,371,hub,false,STATE_ASTURIAS,라 펠게라
HUB_NAME_STATE_ASTURIAS_wood,korean,,캉가스 델 나르세아,localization/korean/hub_names_l_korean.yml,372,hub,false,STATE_ASTURIAS,캉가스 델 나르세아
HUB_NAME_STATE_ASTURIAS_farm,korean,,토렐라베가,localization/korean/hub_names_l_korean.yml,373,hub,false,STATE_ASTURIAS,토렐라베가
HUB_NAME_STATE_CASTILE_city,korean,,부르고스,localization/korean/hub_names_l_korean.yml,374,hub,false,STATE_CASTILE,부르고스
HUB_NAME_STATE_CASTILE_mine,korean,,살라망카,localization/korean/hub_names_l_korean.yml,375,hub,false,STATE_CASTILE,살라망카
HUB_NAME_STATE_CASTILE_farm,korean,,레온,localization/korean/hub_names_l_korean.yml,376,hub,false,STATE_CASTILE,레온
HUB_NAME_STATE_CASTILE_wood,korean,,과르도,localization/korean/hub_names_l_korean.yml,377,hub,false,STATE_CASTILE,과르도
HUB_NAME_STATE_NAVARRA_city,korean,,팜플로나,localization/korean/hub_names_l_korean.yml,378,hub,false,STATE_NAVARRA,팜플로나
HUB_NAME_STATE_NAVARRA_port,korean,,빌바오,localization/korean/hub_names_l_korean.yml,379,hub,false,STATE_NAVARRA,빌바오
HUB_NAME_STATE_NAVARRA_mine,korean,,로그로뇨,localization/korean/hub_names_l_korean.yml,380,hub,false,STATE_NAVARRA,로그로뇨
HUB_NAME_STATE_NAVARRA_farm,korean,,투델라,localization/korean/hub_names_l_korean.yml,381,hub,false,STATE_NAVARRA,투델라
HUB_NAME_STATE_NAVARRA_wood,korean,,비토리아,localization/korean/hub_names_l_korean.yml,382,hub,false,STATE_NAVARRA,비토리아
HUB_NAME_STATE_ARAGON_city,korean,,사라고사,localization/korean/hub_names_l_korean.yml,383,hub,false,STATE_ARAGON,사라고사
HUB_NAME_STATE_ARAGON_mine,korean,,칼라타유드,localization/korean/hub_names_l_korean.yml,384,hub,false,STATE_ARAGON,칼라타유드
HUB_NAME_STATE_ARAGON_farm,korean,,흘레이다,localization/korean/hub_names_l_korean.yml,385,hub,false,STATE_ARAGON,흘레이다
HUB_NAME_STATE_ARAGON_wood,korean,,우에스카,localization/korean/hub_names_l_korean.yml,386,hub,false,STATE_ARAGON,우에스카
HUB_NAME_STATE_TOLEDO_city,korean,,마드리드,localization/korean/hub_names_l_korean.yml,387,hub,false,STATE_TOLEDO,마드리드
HUB_NAME_STATE_TOLEDO_mine,korean,,시우다드 레알,localization/korean/hub_names_l_korean.yml,388,hub,false,STATE_TOLEDO,시우다드 레알
HUB_NAME_STATE_TOLEDO_farm,korean,,톨레도,localization/korean/hub_names_l_korean.yml,389,hub,false,STATE_TOLEDO,톨레도
HUB_NAME_STATE_TOLEDO_wood,korean,,쿠엥카,localization/korean/hub_names_l_korean.yml,390,hub,false,STATE_TOLEDO,쿠엥카
HUB_NAME_STATE_BADAJOZ_city,korean,,바다호스,localization/korean/hub_names_l_korean.yml,391,hub,false,STATE_BADAJOZ,바다호스
HUB_NAME_STATE_BADAJOZ_mine,korean,,플라센시아,localization/korean/hub_names_l_korean.yml,392,hub,false,STATE_BADAJOZ,플라센시아
HUB_NAME_STATE_BADAJOZ_farm,korean,,메리다,localization/korean/hub_names_l_korean.yml,393,hub,false,STATE_BADAJOZ,메리다
HUB_NAME_STATE_BADAJOZ_wood,korean,,카세레스,localization/korean/hub_names_l_korean.yml,394,hub,false,STATE_BADAJOZ,카세레스
HUB_NAME_STATE_ANDALUSIA_city,korean,,세비야,localization/korean/hub_names_l_korean.yml,395,hub,false,STATE_ANDALUSIA,세비야
HUB_NAME_STATE_ANDALUSIA_port,korean,,카디스,localization/korean/hub_names_l_korean.yml,396,hub,false,STATE_ANDALUSIA,카디스
HUB_NAME_STATE_ANDALUSIA_mine,korean,,우엘바,localization/korean/hub_names_l_korean.yml,397,hub,false,STATE_ANDALUSIA,우엘바
HUB_NAME_STATE_ANDALUSIA_farm,korean,,코르도바,localization/korean/hub_names_l_korean.yml,398,hub,false,STATE_ANDALUSIA,코르도바
HUB_NAME_STATE_ANDALUSIA_wood,korean,,에시하,localization/korean/hub_names_l_korean.yml,399,hub,false,STATE_ANDALUSIA,에시하
HUB_NAME_STATE_GRANADA_city,korean,,그라나다,localization/korean/hub_names_l_korean.yml,400,hub,false,STATE_GRANADA,그라나다
HUB_NAME_STATE_GRANADA_port,korean,,지브롤터,localization/korean/hub_names_l_korean.yml,401,hub,false,STATE_GRANADA,지브롤터
HUB_NAME_STATE_GRANADA_mine,korean,,알메리아,localization/korean/hub_names_l_korean.yml,402,hub,false,STATE_GRANADA,알메리아
HUB_NAME_STATE_GRANADA_farm,korean,,말라가,localization/korean/hub_names_l_korean.yml,403,hub,false,STATE_GRANADA,말라가
HUB_NAME_STATE_GRANADA_wood,korean,,하엔,localization/korean/hub_names_l_korean.yml,404,hub,false,STATE_GRANADA,하엔
HUB_NAME_STATE_VALENCIA_city,korean,,발렌시아,localization/korean/hub_names_l_korean.yml,405,hub,false,STATE_VALENCIA,발렌시아
HUB_NAME_STATE_VALENCIA_port,korean,,카르타헤나,localization/korean/hub_names_l_korean.yml,406,hub,false,STATE_VALENCIA,카르타헤나
HUB_NAME_STATE_VALENCIA_mine,korean,,알바세테,localization/korean/hub_names_l_korean.yml,407,hub,false,STATE_VALENCIA,알바세테
HUB_NAME_STATE_VALENCIA_farm,korean,,무르시아,localization/korean/hub_names_l_korean.yml,408,hub,false,STATE_VALENCIA,무르시아
HUB_NAME_STATE_VALENCIA_wood,korean,,카스테욘 데 라 플라나,localization/korean/hub_names_l_korean.yml,409,hub,false,STATE_VALENCIA,카스테욘 데 라 플라나
HUB_NAME_STATE_CATALONIA_city,korean,,바르셀로나,localization/korean/hub_names_l_korean.yml,410,hub,false,STATE_CATALONIA,바르셀로나
HUB_NAME_STATE_CATALONIA_port,korean,,타라고나,localization/korean/hub_names_l_korean.yml,411,hub,false,STATE_CATALONIA,타라고나
HUB_NAME_STATE_CATALONIA_mine,korean,,비크,localization/korean/hub_names_l_korean.yml,412,hub,false,STATE_CATALONIA,비크
HUB_NAME_STATE_CATALONIA_farm,korean,,지로나,localization/korean/hub_names_l_korean.yml,413,hub,false,STATE_CATALONIA,지로나
HUB_NAME_STATE_CATALONIA_wood,korean,,발라게르,localization/korean/hub_names_l_korean.yml,414,hub,false,STATE_CATALONIA,발라게르
HUB_NAME_STATE_BALEARES_city,korean,,이비사,localization/korean/hub_names_l_korean.yml,415,hub,false,STATE_BALEARES,이비사
HUB_NAME_STATE_BALEARES_port,korean,,팔마,localization/korean/hub_names_l_korean.yml,416,hub,false,STATE_BALEARES,팔마
HUB_NAME_STATE_BALEARES_mine,korean,,마나코르,localization/korean/hub_names_l_korean.yml,417,hub,false,STATE_BALEARES,마나코르
HUB_NAME_STATE_BALEARES_farm,korean,,칼라도르,localization/korean/hub_names_l_korean.yml,418,hub,false,STATE_BALEARES,칼라도르
HUB_NAME_STATE_BALEARES_wood,korean,,알쿠디아,localization/korean/hub_names_l_korean.yml,419,hub,false,STATE_BALEARES,알쿠디아
HUB_NAME_STATE_SARDINIA_city,korean,,사사리,localization/korean/hub_names_l_korean.yml,421,hub,false,STATE_SARDINIA,사사리
HUB_NAME_STATE_SARDINIA_port,korean,,칼리아리,localization/korean/hub_names_l_korean.yml,422,hub,false,STATE_SARDINIA,칼리아리
HUB_NAME_STATE_SARDINIA_mine,korean,,누오로,localization/korean/hub_names_l_korean.yml,423,hub,false,STATE_SARDINIA,누오로
HUB_NAME_STATE_SARDINIA_farm,korean,,카르보니아,localization/korean/hub_names_l_korean.yml,424,hub,false,STATE_SARDINIA,카르보니아
HUB_NAME_STATE_SARDINIA_wood,korean,,오리스타노,localization/korean/hub_names_l_korean.yml,425,hub,false,STATE_SARDINIA,오리스타노
HUB_NAME_STATE_SICILY_city,korean,,팔레르모,localization/korean/hub_names_l_korean.yml,426,hub,false,STATE_SICILY,팔레르모
HUB_NAME_STATE_SICILY_port,korean,,메시나,localization/korean/hub_names_l_korean.yml,427,hub,false,STATE_SICILY,메시나
HUB_NAME_STATE_SICILY_mine,korean,,칼타니세타,localization/korean/hub_names_l_korean.yml,428,hub,false,STATE_SICILY,칼타니세타
HUB_NAME_STATE_SICILY_farm,korean,,카타니아,localization/korean/hub_names_l_korean.yml,429,hub,false,STATE_SICILY,카타니아
HUB_NAME_STATE_SICILY_wood,korean,,알카모,localization/korean/hub_names_l_korean.yml,430,hub,false,STATE_SICILY,알카모
HUB_NAME_STATE_CALABRIA_city,korean,,코센차,localization/korean/hub_names_l_korean.yml,431,hub,false,STATE_CALABRIA,코센차
HUB_NAME_STATE_CALABRIA_port,korean,,레지오 칼라브리아,localization/korean/hub_names_l_korean.yml,432,hub,false,STATE_CALABRIA,레지오 칼라브리아
HUB_NAME_STATE_CALABRIA_mine,korean,,타우리아노바,localization/korean/hub_names_l_korean.yml,433,hub,false,STATE_CALABRIA,타우리아노바
HUB_NAME_STATE_CALABRIA_farm,korean,,코릴리아노 칼라브로,localization/korean/hub_names_l_korean.yml,434,hub,false,STATE_CALABRIA,코릴리아노 칼라브로
HUB_NAME_STATE_CALABRIA_wood,korean,,마테라,localization/korean/hub_names_l_korean.yml,435,hub,false,STATE_CALABRIA,마테라
HUB_NAME_STATE_APULIA_city,korean,,바리,localization/korean/hub_names_l_korean.yml,436,hub,false,STATE_APULIA,바리
HUB_NAME_STATE_APULIA_port,korean,,타란토,localization/korean/hub_names_l_korean.yml,437,hub,false,STATE_APULIA,타란토
HUB_NAME_STATE_APULIA_mine,korean,,아리아노 이르피노,localization/korean/hub_names_l_korean.yml,438,hub,false,STATE_APULIA,아리아노 이르피노
HUB_NAME_STATE_APULIA_farm,korean,,포자,localization/korean/hub_names_l_korean.yml,439,hub,false,STATE_APULIA,포자
HUB_NAME_STATE_APULIA_wood,korean,,레체,localization/korean/hub_names_l_korean.yml,440,hub,false,STATE_APULIA,레체
HUB_NAME_STATE_CAMPANIA_city,korean,,나폴리,localization/korean/hub_names_l_korean.yml,441,hub,false,STATE_CAMPANIA,나폴리
HUB_NAME_STATE_CAMPANIA_port,korean,,살레르노,localization/korean/hub_names_l_korean.yml,442,hub,false,STATE_CAMPANIA,살레르노
HUB_NAME_STATE_CAMPANIA_mine,korean,,살라 콘실리나,localization/korean/hub_names_l_korean.yml,443,hub,false,STATE_CAMPANIA,살라 콘실리나
HUB_NAME_STATE_CAMPANIA_farm,korean,,카세르타,localization/korean/hub_names_l_korean.yml,444,hub,false,STATE_CAMPANIA,카세르타
HUB_NAME_STATE_CAMPANIA_wood,korean,,포텐차,localization/korean/hub_names_l_korean.yml,445,hub,false,STATE_CAMPANIA,포텐차
HUB_NAME_STATE_ABRUZZO_city,korean,,바스토,localization/korean/hub_names_l_korean.yml,446,hub,false,STATE_ABRUZZO,바스토
HUB_NAME_STATE_ABRUZZO_port,korean,,산 베네데토,localization/korean/hub_names_l_korean.yml,447,hub,false,STATE_ABRUZZO,산 베네데토
HUB_NAME_STATE_ABRUZZO_mine,korean,,라퀼라,localization/korean/hub_names_l_korean.yml,448,hub,false,STATE_ABRUZZO,라퀼라
HUB_NAME_STATE_ABRUZZO_farm,korean,,페스카라,localization/korean/hub_names_l_korean.yml,449,hub,false,STATE_ABRUZZO,페스카라
HUB_NAME_STATE_ABRUZZO_wood,korean,,캄포바소,localization/korean/hub_names_l_korean.yml,450,hub,false,STATE_ABRUZZO,캄포바소
HUB_NAME_STATE_LAZIO_city,korean,,로마,localization/korean/hub_names_l_korean.yml,451,hub,false,STATE_LAZIO,로마
HUB_NAME_STATE_LAZIO_port,korean,,피우미치노,localization/korean/hub_names_l_korean.yml,452,hub,false,STATE_LAZIO,피우미치노
HUB_NAME_STATE_LAZIO_mine,korean,,테르니,localization/korean/hub_names_l_korean.yml,453,hub,false,STATE_LAZIO,테르니
HUB_NAME_STATE_LAZIO_farm,korean,,프로시노네,localization/korean/hub_names_l_korean.yml,454,hub,false,STATE_LAZIO,프로시노네
HUB_NAME_STATE_LAZIO_wood,korean,,비테르보,localization/korean/hub_names_l_korean.yml,455,hub,false,STATE_LAZIO,비테르보
HUB_NAME_STATE_UMBRIA_city,korean,,안코나,localization/korean/hub_names_l_korean.yml,456,hub,false,STATE_UMBRIA,안코나
HUB_NAME_STATE_UMBRIA_port,korean,,페사로,localization/korean/hub_names_l_korean.yml,457,hub,false,STATE_UMBRIA,페사로
HUB_NAME_STATE_UMBRIA_mine,korean,,페루자,localization/korean/hub_names_l_korean.yml,458,hub,false,STATE_UMBRIA,페루자
HUB_NAME_STATE_UMBRIA_farm,korean,,폴리뇨,localization/korean/hub_names_l_korean.yml,459,hub,false,STATE_UMBRIA,폴리뇨
HUB_NAME_STATE_UMBRIA_wood,korean,,아스콜리 피체노,localization/korean/hub_names_l_korean.yml,460,hub,false,STATE_UMBRIA,아스콜리 피체노
HUB_NAME_STATE_TUSCANY_city,korean,,피렌체,localization/korean/hub_names_l_korean.yml,461,hub,false,STATE_TUSCANY,피렌체
HUB_NAME_STATE_TUSCANY_port,korean,,리보르노,localization/korean/hub_names_l_korean.yml,462,hub,false,STATE_TUSCANY,리보르노
HUB_NAME_STATE_TUSCANY_mine,korean,,아레초,localization/korean/hub_names_l_korean.yml,463,hub,false,STATE_TUSCANY,아레초
HUB_NAME_STATE_TUSCANY_farm,korean,,그로세토,localization/korean/hub_names_l_korean.yml,464,hub,false,STATE_TUSCANY,그로세토
HUB_NAME_STATE_TUSCANY_wood,korean,,시에나,localization/korean/hub_names_l_korean.yml,465,hub,false,STATE_TUSCANY,시에나
HUB_NAME_STATE_ROMAGNA_city,korean,,볼로냐,localization/korean/hub_names_l_korean.yml,466,hub,false,STATE_ROMAGNA,볼로냐
HUB_NAME_STATE_ROMAGNA_port,korean,,라벤나,localization/korean/hub_names_l_korean.yml,467,hub,false,STATE_ROMAGNA,라벤나
HUB_NAME_STATE_ROMAGNA_mine,korean,,바뇨 디 로마냐,localization/korean/hub_names_l_korean.yml,468,hub,false,STATE_ROMAGNA,바뇨 디 로마냐
HUB_NAME_STATE_ROMAGNA_farm,korean,,산 마리노,localization/korean/hub_names_l_korean.yml,469,hub,false,STATE_ROMAGNA,산 마리노
HUB_NAME_STATE_ROMAGNA_wood,korean,,페라라,localization/korean/hub_names_l_korean.yml,470,hub,false,STATE_ROMAGNA,페라라
HUB_NAME_STATE_VENETIA_city,korean,,베로나,localization/korean/hub_names_l_korean.yml,471,hub,false,STATE_VENETIA,베로나
HUB_NAME_STATE_VENETIA_port,korean,,베네치아,localization/korean/hub_names_l_korean.yml,472,hub,false,STATE_VENETIA,베네치아
HUB_NAME_STATE_VENETIA_mine,korean,,로비고,localization/korean/hub_names_l_korean.yml,473,hub,false,STATE_VENETIA,로비고
HUB_NAME_STATE_VENETIA_farm,korean,,파도바,localization/korean/hub_names_l_korean.yml,474,hub,false,STATE_VENETIA,파도바
HUB_NAME_STATE_VENETIA_wood,korean,,트레비소,localization/korean/hub_names_l_korean.yml,475,hub,false,STATE_VENETIA,트레비소
HUB_NAME_STATE_LOMBARDY_city,korean,,밀라노,localization/korean/hub_names_l_korean.yml,476,hub,false,STATE_LOMBARDY,밀라노
HUB_NAME_STATE_LOMBARDY_mine,korean,,코모,localization/korean/hub_names_l_korean.yml,477,hub,false,STATE_LOMBARDY,코모
HUB_NAME_STATE_LOMBARDY_farm,korean,,브레시아,localization/korean/hub_names_l_korean.yml,478,hub,false,STATE_LOMBARDY,브레시아
HUB_NAME_STATE_LOMBARDY_wood,korean,,베르가모,localization/korean/hub_names_l_korean.yml,479,hub,false,STATE_LOMBARDY,베르가모
HUB_NAME_STATE_EMILIA_city,korean,,파르마,localization/korean/hub_names_l_korean.yml,480,hub,false,STATE_EMILIA,파르마
HUB_NAME_STATE_EMILIA_port,korean,,루카,localization/korean/hub_names_l_korean.yml,481,hub,false,STATE_EMILIA,루카
HUB_NAME_STATE_EMILIA_mine,korean,,모데나,localization/korean/hub_names_l_korean.yml,482,hub,false,STATE_EMILIA,모데나
HUB_NAME_STATE_EMILIA_farm,korean,,피아첸차,localization/korean/hub_names_l_korean.yml,483,hub,false,STATE_EMILIA,피아첸차
HUB_NAME_STATE_EMILIA_wood,korean,,베르체토,localization/korean/hub_names_l_korean.yml,484,hub,false,STATE_EMILIA,베르체토
HUB_NAME_STATE_PIEDMONT_city,korean,,토리노,localization/korean/hub_names_l_korean.yml,485,hub,false,STATE_PIEDMONT,토리노
HUB_NAME_STATE_PIEDMONT_port,korean,,제노아,localization/korean/hub_names_l_korean.yml,486,hub,false,STATE_PIEDMONT,제노아
HUB_NAME_STATE_PIEDMONT_mine,korean,,노바라,localization/korean/hub_names_l_korean.yml,487,hub,false,STATE_PIEDMONT,노바라
HUB_NAME_STATE_PIEDMONT_farm,korean,,알레산드리아,localization/korean/hub_names_l_korean.yml,488,hub,false,STATE_PIEDMONT,알레산드리아
HUB_NAME_STATE_PIEDMONT_wood,korean,,쿠네오,localization/korean/hub_names_l_korean.yml,489,hub,false,STATE_PIEDMONT,쿠네오
HUB_NAME_STATE_SAVOY_city,korean,,안시,localization/korean/hub_names_l_korean.yml,490,hub,false,STATE_SAVOY,안시
HUB_NAME_STATE_SAVOY_mine,korean,,토농레방,localization/korean/hub_names_l_korean.yml,491,hub,false,STATE_SAVOY,토농레방
HUB_NAME_STATE_SAVOY_farm,korean,,샹베리,localization/korean/hub_names_l_korean.yml,492,hub,false,STATE_SAVOY,샹베리
HUB_NAME_STATE_SAVOY_wood,korean,,생 쟝 드 모히엔느,localization/korean/hub_names_l_korean.yml,493,hub,false,STATE_SAVOY,생 쟝 드 모히엔느
HUB_NAME_STATE_WEST_SWITZERLAND_city,korean,,베른,localization/korean/hub_names_l_korean.yml,495,hub,false,STATE_WEST_SWITZERLAND,베른
HUB_NAME_STATE_WEST_SWITZERLAND_mine,korean,,바젤,localization/korean/hub_names_l_korean.yml,496,hub,false,STATE_WEST_SWITZERLAND,바젤
HUB_NAME_STATE_WEST_SWITZERLAND_farm,korean,,로잔,localization/korean/hub_names_l_korean.yml,497,hub,false,STATE_WEST_SWITZERLAND,로잔
HUB_NAME_STATE_WEST_SWITZERLAND_wood,korean,,제네바,localization/korean/hub_names_l_korean.yml,498,hub,false,STATE_WEST_SWITZERLAND,제네바
HUB_NAME_STATE_EAST_SWITZERLAND_city,korean,,취리히,localization/korean/hub_names_l_korean.yml,499,hub,false,STATE_EAST_SWITZERLAND,취리히
HUB_NAME_STATE_EAST_SWITZERLAND_mine,korean,,쿠어,localization/korean/hub_names_l_korean.yml,500,hub,false,STATE_EAST_SWITZERLAND,쿠어
HUB_NAME_STATE_EAST_SWITZERLAND_farm,korean,,장크트 갈렌,localization/korean/hub_names_l_korean.yml,501,hub,false,STATE_EAST_SWITZERLAND,장크트 갈렌
HUB_NAME_STATE_EAST_SWITZERLAND_wood,korean,,루체른,localization/korean/hub_names_l_korean.yml,502,hub,false,STATE_EAST_SWITZERLAND,루체른
HUB_NAME_STATE_TYROL_city,korean,,인스브루크,localization/korean/hub_names_l_korean.yml,504,hub,false,STATE_TYROL,인스브루크
HUB_NAME_STATE_TYROL_mine,korean,,린츠,localization/korean/hub_names_l_korean.yml,505,hub,false,STATE_TYROL,린츠
HUB_NAME_STATE_TYROL_farm,korean,,잘츠부르크,localization/korean/hub_names_l_korean.yml,506,hub,false,STATE_TYROL,잘츠부르크
HUB_NAME_STATE_TYROL_wood,korean,,펠트키르히,localization/korean/hub_names_l_korean.yml,507,hub,false,STATE_TYROL,펠트키르히
HUB_NAME_STATE_SOUTH_TYROL_city,korean,,트렌토,localization/korean/hub_names_l_korean.yml,508,hub,false,STATE_SOUTH_TYROL,트렌토
HUB_NAME_STATE_SOUTH_TYROL_mine,korean,,메라노,localization/korean/hub_names_l_korean.yml,509,hub,false,STATE_SOUTH_TYROL,메라노
HUB_NAME_STATE_SOUTH_TYROL_farm,korean,,로베레토,localization/korean/hub_names_l_korean.yml,510,hub,false,STATE_SOUTH_TYROL,로베레토
HUB_NAME_STATE_SOUTH_TYROL_wood,korean,,볼차노,localization/korean/hub_names_l_korean.yml,511,hub,false,STATE_SOUTH_TYROL,볼차노
HUB_NAME_STATE_STYRIA_city,korean,,그라츠,localization/korean/hub_names_l_korean.yml,512,hub,false,STATE_STYRIA,그라츠
HUB_NAME_STATE_STYRIA_mine,korean,,리첸,localization/korean/hub_names_l_korean.yml,513,hub,false,STATE_STYRIA,리첸
HUB_NAME_STATE_STYRIA_farm,korean,,클라켄푸르트,localization/korean/hub_names_l_korean.yml,514,hub,false,STATE_STYRIA,클라켄푸르트
HUB_NAME_STATE_STYRIA_wood,korean,,할트베르크,localization/korean/hub_names_l_korean.yml,515,hub,false,STATE_STYRIA,할트베르크
HUB_NAME_STATE_AUSTRIA_city,korean,,빈,localization/korean/hub_names_l_korean.yml,516,hub,false,STATE_AUSTRIA,빈
HUB_NAME_STATE_AUSTRIA_mine,korean,,프라이슈타트,localization/korean/hub_names_l_korean.yml,517,hub,false,STATE_AUSTRIA,프라이슈타트
HUB_NAME_STATE_AUSTRIA_farm,korean,,린츠,localization/korean/hub_names_l_korean.yml,518,hub,false,STATE_AUSTRIA,린츠
HUB_NAME_STATE_AUSTRIA_wood,korean,,장크트 푈텐,localization/korean/hub_names_l_korean.yml,519,hub,false,STATE_AUSTRIA,장크트 푈텐
HUB_NAME_STATE_BOHEMIA_city,korean,,프라하,localization/korean/hub_names_l_korean.yml,521,hub,false,STATE_BOHEMIA,프라하
HUB_NAME_STATE_BOHEMIA_mine,korean,,체스케,localization/korean/hub_names_l_korean.yml,522,hub,false,STATE_BOHEMIA,체스케
HUB_NAME_STATE_BOHEMIA_farm,korean,,스비타비,localization/korean/hub_names_l_korean.yml,523,hub,false,STATE_BOHEMIA,스비타비
HUB_NAME_STATE_BOHEMIA_wood,korean,,필센,localization/korean/hub_names_l_korean.yml,524,hub,false,STATE_BOHEMIA,필센
HUB_NAME_STATE_MORAVIA_city,korean,,브르노,localization/korean/hub_names_l_korean.yml,525,hub,false,STATE_MORAVIA,브르노
HUB_NAME_STATE_MORAVIA_mine,korean,,올로모츠,localization/korean/hub_names_l_korean.yml,526,hub,false,STATE_MORAVIA,올로모츠
HUB_NAME_STATE_MORAVIA_farm,korean,,브르제츨라프,localization/korean/hub_names_l_korean.yml,527,hub,false,STATE_MORAVIA,브르제츨라프
HUB_NAME_STATE_MORAVIA_wood,korean,,이흘라바,localization/korean/hub_names_l_korean.yml,528,hub,false,STATE_MORAVIA,이흘라바
HUB_NAME_STATE_WEST_SLOVAKIA_city,korean,,프레스부르크,localization/korean/hub_names_l_korean.yml,529,hub,false,STATE_WEST_SLOVAKIA,프레스부르크
HUB_NAME_STATE_WEST_SLOVAKIA_mine,korean,,질리나,localization/korean/hub_names_l_korean.yml,530,hub,false,STATE_WEST_SLOVAKIA,질리나
HUB_NAME_STATE_WEST_SLOVAKIA_farm,korean,,트렌친,localization/korean/hub_names_l_korean.yml,531,hub,false,STATE_WEST_SLOVAKIA,트렌친
HUB_NAME_STATE_WEST_SLOVAKIA_wood,korean,,반스카 비스트리차,localization/korean/hub_names_l_korean.yml,532,hub,false,STATE_WEST_SLOVAKIA,반스카 비스트리차
HUB_NAME_STATE_EAST_SLOVAKIA_city,korean,,코시체,localization/korean/hub_names_l_korean.yml,533,hub,false,STATE_EAST_SLOVAKIA,코시체
HUB_NAME_STATE_EAST_SLOVAKIA_mine,korean,,우즈호로드,localization/korean/hub_names_l_korean.yml,534,hub,false,STATE_EAST_SLOVAKIA,우즈호로드
HUB_NAME_STATE_EAST_SLOVAKIA_farm,korean,,무카체보,localization/korean/hub_names_l_korean.yml,535,hub,false,STATE_EAST_SLOVAKIA,무카체보
HUB_NAME_STATE_EAST_SLOVAKIA_wood,korean,,포프라드,localization/korean/hub_names_l_korean.yml,536,hub,false,STATE_EAST_SLOVAKIA,포프라드
HUB_NAME_STATE_CENTRAL_HUNGARY_city,korean,,부다페스트,localization/korean/hub_names_l_korean.yml,537,hub,false,STATE_CENTRAL_HUNGARY,부다페스트
HUB_NAME_STATE_CENTRAL_HUNGARY_mine,korean,,미슈콜츠,localization/korean/hub_names_l_korean.yml,538,hub,false,STATE_CENTRAL_HUNGARY,미슈콜츠
HUB_NAME_STATE_CENTRAL_HUNGARY_farm,korean,,솔노크,localization/korean/hub_names_l_korean.yml,539,hub,false,STATE_CENTRAL_HUNGARY,솔노크
HUB_NAME_STATE_CENTRAL_HUNGARY_wood,korean,,데브레센,localization/korean/hub_names_l_korean.yml,540,hub,false,STATE_CENTRAL_HUNGARY,데브레센
HUB_NAME_STATE_BEKES_city,korean,,너지바라드,localization/korean/hub_names_l_korean.yml,541,hub,false,STATE_BEKES,너지바라드
HUB_NAME_STATE_BEKES_mine,korean,,베렉사스,localization/korean/hub_names_l_korean.yml,542,hub,false,STATE_BEKES,베렉사스
HUB_NAME_STATE_BEKES_farm,korean,,아라드,localization/korean/hub_names_l_korean.yml,543,hub,false,STATE_BEKES,아라드
HUB_NAME_STATE_BEKES_wood,korean,,사투마레,localization/korean/hub_names_l_korean.yml,544,hub,false,STATE_BEKES,사투마레
HUB_NAME_STATE_NORTHERN_TRANSYLVANIA_city,korean,,콜로츠바르,localization/korean/hub_names_l_korean.yml,545,hub,false,STATE_NORTHERN_TRANSYLVANIA,콜로츠바르
HUB_NAME_STATE_NORTHERN_TRANSYLVANIA_mine,korean,,셉시센기오르기,localization/korean/hub_names_l_korean.yml,546,hub,false,STATE_NORTHERN_TRANSYLVANIA,셉시센기오르기
HUB_NAME_STATE_NORTHERN_TRANSYLVANIA_farm,korean,,마로스바샬헤이,localization/korean/hub_names_l_korean.yml,547,hub,false,STATE_NORTHERN_TRANSYLVANIA,마로스바샬헤이
HUB_NAME_STATE_NORTHERN_TRANSYLVANIA_wood,korean,,너지바녀,localization/korean/hub_names_l_korean.yml,548,hub,false,STATE_NORTHERN_TRANSYLVANIA,너지바녀
HUB_NAME_STATE_SOUTHERN_TRANSYLVANIA_city,korean,,브라쇼브,localization/korean/hub_names_l_korean.yml,549,hub,false,STATE_SOUTHERN_TRANSYLVANIA,브라쇼브
HUB_NAME_STATE_SOUTHERN_TRANSYLVANIA_mine,korean,,시비우,localization/korean/hub_names_l_korean.yml,550,hub,false,STATE_SOUTHERN_TRANSYLVANIA,시비우
HUB_NAME_STATE_SOUTHERN_TRANSYLVANIA_farm,korean,,알바 룰리아,localization/korean/hub_names_l_korean.yml,551,hub,false,STATE_SOUTHERN_TRANSYLVANIA,알바 룰리아
HUB_NAME_STATE_SOUTHERN_TRANSYLVANIA_wood,korean,,데바,localization/korean/hub_names_l_korean.yml,552,hub,false,STATE_SOUTHERN_TRANSYLVANIA,데바
HUB_NAME_STATE_BANAT_city,korean,,티미쇼아라,localization/korean/hub_names_l_korean.yml,553,hub,false,STATE_BANAT,티미쇼아라
HUB_NAME_STATE_BANAT_mine,korean,,카란세베슈,localization/korean/hub_names_l_korean.yml,554,hub,false,STATE_BANAT,카란세베슈
HUB_NAME_STATE_BANAT_farm,korean,,오르치쇼아라,localization/korean/hub_names_l_korean.yml,555,hub,false,STATE_BANAT,오르치쇼아라
HUB_NAME_STATE_BANAT_wood,korean,,파제트,localization/korean/hub_names_l_korean.yml,556,hub,false,STATE_BANAT,파제트
HUB_NAME_STATE_DELVIDEK_city,korean,,노비 사드,localization/korean/hub_names_l_korean.yml,557,hub,false,STATE_DELVIDEK,노비 사드
HUB_NAME_STATE_DELVIDEK_mine,korean,,판체보,localization/korean/hub_names_l_korean.yml,558,hub,false,STATE_DELVIDEK,판체보
HUB_NAME_STATE_DELVIDEK_farm,korean,,벨리키 베치케레크,localization/korean/hub_names_l_korean.yml,559,hub,false,STATE_DELVIDEK,벨리키 베치케레크
HUB_NAME_STATE_DELVIDEK_wood,korean,,서버드커,localization/korean/hub_names_l_korean.yml,560,hub,false,STATE_DELVIDEK,서버드커
HUB_NAME_STATE_SLAVONIA_city,korean,,브로드 나 사비,localization/korean/hub_names_l_korean.yml,561,hub,false,STATE_SLAVONIA,브로드 나 사비
HUB_NAME_STATE_SLAVONIA_mine,korean,,브옐로바르,localization/korean/hub_names_l_korean.yml,562,hub,false,STATE_SLAVONIA,브옐로바르
HUB_NAME_STATE_SLAVONIA_farm,korean,,오시예크,localization/korean/hub_names_l_korean.yml,563,hub,false,STATE_SLAVONIA,오시예크
HUB_NAME_STATE_SLAVONIA_wood,korean,,그라디스카,localization/korean/hub_names_l_korean.yml,564,hub,false,STATE_SLAVONIA,그라디스카
HUB_NAME_STATE_TRANSDANUBIA_city,korean,,세케슈페헤르바르,localization/korean/hub_names_l_korean.yml,565,hub,false,STATE_TRANSDANUBIA,세케슈페헤르바르
HUB_NAME_STATE_TRANSDANUBIA_mine,korean,,페치,localization/korean/hub_names_l_korean.yml,566,hub,false,STATE_TRANSDANUBIA,페치
HUB_NAME_STATE_TRANSDANUBIA_farm,korean,,케스트헤이,localization/korean/hub_names_l_korean.yml,567,hub,false,STATE_TRANSDANUBIA,케스트헤이
HUB_NAME_STATE_TRANSDANUBIA_wood,korean,,솜바트헤이,localization/korean/hub_names_l_korean.yml,568,hub,false,STATE_TRANSDANUBIA,솜바트헤이
HUB_NAME_STATE_SLOVENIA_city,korean,,류블랴나,localization/korean/hub_names_l_korean.yml,569,hub,false,STATE_SLOVENIA,류블랴나
HUB_NAME_STATE_SLOVENIA_mine,korean,,프투이,localization/korean/hub_names_l_korean.yml,570,hub,false,STATE_SLOVENIA,프투이
HUB_NAME_STATE_SLOVENIA_farm,korean,,마리보르,localization/korean/hub_names_l_korean.yml,571,hub,false,STATE_SLOVENIA,마리보르
HUB_NAME_STATE_SLOVENIA_wood,korean,,노보 메스토,localization/korean/hub_names_l_korean.yml,572,hub,false,STATE_SLOVENIA,노보 메스토
HUB_NAME_STATE_ISTRIA_city,korean,,트리에스테,localization/korean/hub_names_l_korean.yml,573,hub,false,STATE_ISTRIA,트리에스테
HUB_NAME_STATE_ISTRIA_port,korean,,포라,localization/korean/hub_names_l_korean.yml,574,hub,false,STATE_ISTRIA,포라
HUB_NAME_STATE_ISTRIA_mine,korean,,우디네,localization/korean/hub_names_l_korean.yml,575,hub,false,STATE_ISTRIA,우디네
HUB_NAME_STATE_ISTRIA_farm,korean,,오파티야,localization/korean/hub_names_l_korean.yml,576,hub,false,STATE_ISTRIA,오파티야
HUB_NAME_STATE_ISTRIA_wood,korean,,고리치아,localization/korean/hub_names_l_korean.yml,577,hub,false,STATE_ISTRIA,고리치아
HUB_NAME_STATE_CROATIA_city,korean,,자그레브,localization/korean/hub_names_l_korean.yml,578,hub,false,STATE_CROATIA,자그레브
HUB_NAME_STATE_CROATIA_mine,korean,,카르로바크,localization/korean/hub_names_l_korean.yml,579,hub,false,STATE_CROATIA,카르로바크
HUB_NAME_STATE_CROATIA_farm,korean,,시사크,localization/korean/hub_names_l_korean.yml,580,hub,false,STATE_CROATIA,시사크
HUB_NAME_STATE_CROATIA_port,korean,,리예카,localization/korean/hub_names_l_korean.yml,581,hub,false,STATE_CROATIA,리예카
HUB_NAME_STATE_CROATIA_wood,korean,,포쿠프스코,localization/korean/hub_names_l_korean.yml,582,hub,false,STATE_CROATIA,포쿠프스코
HUB_NAME_STATE_DALMATIA_city,korean,,스플리트,localization/korean/hub_names_l_korean.yml,583,hub,false,STATE_DALMATIA,스플리트
HUB_NAME_STATE_DALMATIA_port,korean,,자다르,localization/korean/hub_names_l_korean.yml,584,hub,false,STATE_DALMATIA,자다르
HUB_NAME_STATE_DALMATIA_mine,korean,,라구사,localization/korean/hub_names_l_korean.yml,585,hub,false,STATE_DALMATIA,라구사
HUB_NAME_STATE_DALMATIA_farm,korean,,크닌,localization/korean/hub_names_l_korean.yml,586,hub,false,STATE_DALMATIA,크닌
HUB_NAME_STATE_DALMATIA_wood,korean,,쉬베닉,localization/korean/hub_names_l_korean.yml,587,hub,false,STATE_DALMATIA,쉬베닉
HUB_NAME_STATE_BOSNIA_city,korean,,사라예보,localization/korean/hub_names_l_korean.yml,588,hub,false,STATE_BOSNIA,사라예보
HUB_NAME_STATE_BOSNIA_mine,korean,,모스타르,localization/korean/hub_names_l_korean.yml,589,hub,false,STATE_BOSNIA,모스타르
HUB_NAME_STATE_BOSNIA_farm,korean,,바냐 루카,localization/korean/hub_names_l_korean.yml,590,hub,false,STATE_BOSNIA,바냐 루카
HUB_NAME_STATE_BOSNIA_wood,korean,,도보이,localization/korean/hub_names_l_korean.yml,591,hub,false,STATE_BOSNIA,도보이
HUB_NAME_STATE_NORTHERN_SERBIA_city,korean,,베오그라드,localization/korean/hub_names_l_korean.yml,592,hub,false,STATE_NORTHERN_SERBIA,베오그라드
HUB_NAME_STATE_NORTHERN_SERBIA_mine,korean,,크루셰바츠,localization/korean/hub_names_l_korean.yml,593,hub,false,STATE_NORTHERN_SERBIA,크루셰바츠
HUB_NAME_STATE_NORTHERN_SERBIA_farm,korean,,스메데레보,localization/korean/hub_names_l_korean.yml,594,hub,false,STATE_NORTHERN_SERBIA,스메데레보
HUB_NAME_STATE_NORTHERN_SERBIA_wood,korean,,크랄리예보,localization/korean/hub_names_l_korean.yml,595,hub,false,STATE_NORTHERN_SERBIA,크랄리예보
HUB_NAME_STATE_SOUTHERN_SERBIA_city,korean,,프리스티나,localization/korean/hub_names_l_korean.yml,596,hub,false,STATE_SOUTHERN_SERBIA,프리스티나
HUB_NAME_STATE_SOUTHERN_SERBIA_mine,korean,,레스코바츠,localization/korean/hub_names_l_korean.yml,597,hub,false,STATE_SOUTHERN_SERBIA,레스코바츠
HUB_NAME_STATE_SOUTHERN_SERBIA_farm,korean,,페리자이,localization/korean/hub_names_l_korean.yml,598,hub,false,STATE_SOUTHERN_SERBIA,페리자이
HUB_NAME_STATE_SOUTHERN_SERBIA_wood,korean,,베시아네,localization/korean/hub_names_l_korean.yml,599,hub,false,STATE_SOUTHERN_SERBIA,베시아네
HUB_NAME_STATE_MONTENEGRO_city,korean,,포드고리차,localization/korean/hub_names_l_korean.yml,600,hub,false,STATE_MONTENEGRO,포드고리차
HUB_NAME_STATE_MONTENEGRO_port,korean,,코토르,localization/korean/hub_names_l_korean.yml,601,hub,false,STATE_MONTENEGRO,코토르
HUB_NAME_STATE_MONTENEGRO_mine,korean,,베라네,localization/korean/hub_names_l_korean.yml,602,hub,false,STATE_MONTENEGRO,베라네
HUB_NAME_STATE_MONTENEGRO_farm,korean,,체티네,localization/korean/hub_names_l_korean.yml,603,hub,false,STATE_MONTENEGRO,체티네
HUB_NAME_STATE_MONTENEGRO_wood,korean,,하노비,localization/korean/hub_names_l_korean.yml,604,hub,false,STATE_MONTENEGRO,하노비
HUB_NAME_STATE_ALBANIA_city,korean,,티라나,localization/korean/hub_names_l_korean.yml,605,hub,false,STATE_ALBANIA,티라나
HUB_NAME_STATE_ALBANIA_port,korean,,두러스,localization/korean/hub_names_l_korean.yml,606,hub,false,STATE_ALBANIA,두러스
HUB_NAME_STATE_ALBANIA_mine,korean,,쉬코더르,localization/korean/hub_names_l_korean.yml,607,hub,false,STATE_ALBANIA,쉬코더르
HUB_NAME_STATE_ALBANIA_farm,korean,,피에르,localization/korean/hub_names_l_korean.yml,608,hub,false,STATE_ALBANIA,피에르
HUB_NAME_STATE_ALBANIA_wood,korean,,베라트,localization/korean/hub_names_l_korean.yml,609,hub,false,STATE_ALBANIA,베라트
HUB_NAME_STATE_SKOPIA_city,korean,,스코프예,localization/korean/hub_names_l_korean.yml,610,hub,false,STATE_SKOPIA,스코프예
HUB_NAME_STATE_SKOPIA_mine,korean,,테토보,localization/korean/hub_names_l_korean.yml,611,hub,false,STATE_SKOPIA,테토보
HUB_NAME_STATE_SKOPIA_farm,korean,,카바다르치,localization/korean/hub_names_l_korean.yml,612,hub,false,STATE_SKOPIA,카바다르치
HUB_NAME_STATE_SKOPIA_wood,korean,,프릴레프,localization/korean/hub_names_l_korean.yml,613,hub,false,STATE_SKOPIA,프릴레프
HUB_NAME_STATE_MACEDONIA_city,korean,,베로이아,localization/korean/hub_names_l_korean.yml,614,hub,false,STATE_MACEDONIA,베로이아
HUB_NAME_STATE_MACEDONIA_port,korean,,살로니카,localization/korean/hub_names_l_korean.yml,615,hub,false,STATE_MACEDONIA,살로니카
HUB_NAME_STATE_MACEDONIA_mine,korean,,플로리나,localization/korean/hub_names_l_korean.yml,616,hub,false,STATE_MACEDONIA,플로리나
HUB_NAME_STATE_MACEDONIA_farm,korean,,코자니,localization/korean/hub_names_l_korean.yml,617,hub,false,STATE_MACEDONIA,코자니
HUB_NAME_STATE_MACEDONIA_wood,korean,,카스토리아,localization/korean/hub_names_l_korean.yml,618,hub,false,STATE_MACEDONIA,카스토리아
HUB_NAME_STATE_WESTERN_THRACE_city,korean,,카발라,localization/korean/hub_names_l_korean.yml,619,hub,false,STATE_WESTERN_THRACE,카발라
HUB_NAME_STATE_WESTERN_THRACE_port,korean,,데데아아치,localization/korean/hub_names_l_korean.yml,620,hub,false,STATE_WESTERN_THRACE,데데아아치
HUB_NAME_STATE_WESTERN_THRACE_mine,korean,,세레스,localization/korean/hub_names_l_korean.yml,621,hub,false,STATE_WESTERN_THRACE,세레스
HUB_NAME_STATE_WESTERN_THRACE_farm,korean,,크산시,localization/korean/hub_names_l_korean.yml,622,hub,false,STATE_WESTERN_THRACE,크산시
HUB_NAME_STATE_WESTERN_THRACE_wood,korean,,코모티니,localization/korean/hub_names_l_korean.yml,623,hub,false,STATE_WESTERN_THRACE,코모티니
HUB_NAME_STATE_THESSALIA_city,korean,,라리사,localization/korean/hub_names_l_korean.yml,624,hub,false,STATE_THESSALIA,라리사
HUB_NAME_STATE_THESSALIA_port,korean,,볼로스,localization/korean/hub_names_l_korean.yml,625,hub,false,STATE_THESSALIA,볼로스
HUB_NAME_STATE_THESSALIA_mine,korean,,아르타,localization/korean/hub_names_l_korean.yml,626,hub,false,STATE_THESSALIA,아르타
HUB_NAME_STATE_THESSALIA_farm,korean,,카르디차,localization/korean/hub_names_l_korean.yml,627,hub,false,STATE_THESSALIA,카르디차
HUB_NAME_STATE_THESSALIA_wood,korean,,아그리니오,localization/korean/hub_names_l_korean.yml,628,hub,false,STATE_THESSALIA,아그리니오
HUB_NAME_STATE_ATTICA_city,korean,,아테네,localization/korean/hub_names_l_korean.yml,629,hub,false,STATE_ATTICA,아테네
HUB_NAME_STATE_ATTICA_port,korean,,메솔롱기,localization/korean/hub_names_l_korean.yml,630,hub,false,STATE_ATTICA,메솔롱기
HUB_NAME_STATE_ATTICA_mine,korean,,할키스,localization/korean/hub_names_l_korean.yml,631,hub,false,STATE_ATTICA,할키스
HUB_NAME_STATE_ATTICA_farm,korean,,라미아,localization/korean/hub_names_l_korean.yml,632,hub,false,STATE_ATTICA,라미아
HUB_NAME_STATE_ATTICA_wood,korean,,카르페니시,localization/korean/hub_names_l_korean.yml,633,hub,false,STATE_ATTICA,카르페니시
HUB_NAME_STATE_IONIAN_ISLANDS_city,korean,,코르푸,localization/korean/hub_names_l_korean.yml,634,hub,false,STATE_IONIAN_ISLANDS,코르푸
HUB_NAME_STATE_IONIAN_ISLANDS_port,korean,,자킨토스,localization/korean/hub_names_l_korean.yml,635,hub,false,STATE_IONIAN_ISLANDS,자킨토스
HUB_NAME_STATE_IONIAN_ISLANDS_farm,korean,,케팔로니아,localization/korean/hub_names_l_korean.yml,637,hub,false,STATE_IONIAN_ISLANDS,케팔로니아
HUB_NAME_STATE_PELOPONNESE_city,korean,,트리폴리,localization/korean/hub_names_l_korean.yml,639,hub,false,STATE_PELOPONNESE,트리폴리
HUB_NAME_STATE_PELOPONNESE_port,korean,,칼라마타,localization/korean/hub_names_l_korean.yml,640,hub,false,STATE_PELOPONNESE,칼라마타
HUB_NAME_STATE_PELOPONNESE_mine,korean,,나플리오,localization/korean/hub_names_l_korean.yml,641,hub,false,STATE_PELOPONNESE,나플리오
HUB_NAME_STATE_PELOPONNESE_farm,korean,,코린트,localization/korean/hub_names_l_korean.yml,642,hub,false,STATE_PELOPONNESE,코린트
HUB_NAME_STATE_PELOPONNESE_wood,korean,,파트라스,localization/korean/hub_names_l_korean.yml,643,hub,false,STATE_PELOPONNESE,파트라스
HUB_NAME_STATE_CRETE_city,korean,,이라클리온,localization/korean/hub_names_l_korean.yml,644,hub,false,STATE_CRETE,이라클리온
HUB_NAME_STATE_CRETE_port,korean,,마탈라,localization/korean/hub_names_l_korean.yml,645,hub,false,STATE_CRETE,마탈라
HUB_NAME_STATE_CRETE_mine,korean,,이에라페트라,localization/korean/hub_names_l_korean.yml,646,hub,false,STATE_CRETE,이에라페트라
HUB_NAME_STATE_CRETE_farm,korean,,하니아,localization/korean/hub_names_l_korean.yml,647,hub,false,STATE_CRETE,하니아
HUB_NAME_STATE_CRETE_wood,korean,,팔라이오호라,localization/korean/hub_names_l_korean.yml,648,hub,false,STATE_CRETE,팔라이오호라
HUB_NAME_STATE_WEST_AEGEAN_ISLANDS_city,korean,,호라,localization/korean/hub_names_l_korean.yml,649,hub,false,STATE_WEST_AEGEAN_ISLANDS,호라
HUB_NAME_STATE_WEST_AEGEAN_ISLANDS_port,korean,,시에라,localization/korean/hub_names_l_korean.yml,650,hub,false,STATE_WEST_AEGEAN_ISLANDS,시에라
HUB_NAME_STATE_WEST_AEGEAN_ISLANDS_farm,korean,,티노스,localization/korean/hub_names_l_korean.yml,652,hub,false,STATE_WEST_AEGEAN_ISLANDS,티노스
HUB_NAME_STATE_EAST_AEGEAN_ISLANDS_city,korean,,히오스,localization/korean/hub_names_l_korean.yml,654,hub,false,STATE_EAST_AEGEAN_ISLANDS,히오스
HUB_NAME_STATE_EAST_AEGEAN_ISLANDS_port,korean,,로즈,localization/korean/hub_names_l_korean.yml,655,hub,false,STATE_EAST_AEGEAN_ISLANDS,로즈
HUB_NAME_STATE_EAST_AEGEAN_ISLANDS_farm,korean,,미틸리니,localization/korean/hub_names_l_korean.yml,657,hub,false,STATE_EAST_AEGEAN_ISLANDS,미틸리니
HUB_NAME_STATE_EAST_AEGEAN_ISLANDS_wood,korean,,바시,localization/korean/hub_names_l_korean.yml,658,hub,false,STATE_EAST_AEGEAN_ISLANDS,바시
HUB_NAME_STATE_NORTHERN_THRACE_city,korean,,플로브디프,localization/korean/hub_names_l_korean.yml,659,hub,false,STATE_NORTHERN_THRACE,플로브디프
HUB_NAME_STATE_NORTHERN_THRACE_port,korean,,부르가스,localization/korean/hub_names_l_korean.yml,660,hub,false,STATE_NORTHERN_THRACE,부르가스
HUB_NAME_STATE_NORTHERN_THRACE_mine,korean,,파자르지크,localization/korean/hub_names_l_korean.yml,661,hub,false,STATE_NORTHERN_THRACE,파자르지크
HUB_NAME_STATE_NORTHERN_THRACE_farm,korean,,하스코보,localization/korean/hub_names_l_korean.yml,662,hub,false,STATE_NORTHERN_THRACE,하스코보
HUB_NAME_STATE_NORTHERN_THRACE_wood,korean,,스타라 자고라,localization/korean/hub_names_l_korean.yml,663,hub,false,STATE_NORTHERN_THRACE,스타라 자고라
HUB_NAME_STATE_BULGARIA_city,korean,,소피아,localization/korean/hub_names_l_korean.yml,664,hub,false,STATE_BULGARIA,소피아
HUB_NAME_STATE_BULGARIA_port,korean,,바르나,localization/korean/hub_names_l_korean.yml,665,hub,false,STATE_BULGARIA,바르나
HUB_NAME_STATE_BULGARIA_mine,korean,,벨리코 타르노보,localization/korean/hub_names_l_korean.yml,666,hub,false,STATE_BULGARIA,벨리코 타르노보
HUB_NAME_STATE_BULGARIA_farm,korean,,슈멘,localization/korean/hub_names_l_korean.yml,667,hub,false,STATE_BULGARIA,슈멘
HUB_NAME_STATE_BULGARIA_wood,korean,,플레벤,localization/korean/hub_names_l_korean.yml,668,hub,false,STATE_BULGARIA,플레벤
HUB_NAME_STATE_WALLACHIA_city,korean,,부쿠레슈티,localization/korean/hub_names_l_korean.yml,669,hub,false,STATE_WALLACHIA,부쿠레슈티
HUB_NAME_STATE_WALLACHIA_mine,korean,,크라이오바,localization/korean/hub_names_l_korean.yml,670,hub,false,STATE_WALLACHIA,크라이오바
HUB_NAME_STATE_WALLACHIA_farm,korean,,부저우,localization/korean/hub_names_l_korean.yml,671,hub,false,STATE_WALLACHIA,부저우
HUB_NAME_STATE_WALLACHIA_wood,korean,,슬라티나,localization/korean/hub_names_l_korean.yml,672,hub,false,STATE_WALLACHIA,슬라티나
HUB_NAME_STATE_DOBRUDJA_city,korean,,툴체아,localization/korean/hub_names_l_korean.yml,673,hub,false,STATE_DOBRUDJA,툴체아
HUB_NAME_STATE_DOBRUDJA_port,korean,,콘스탄차,localization/korean/hub_names_l_korean.yml,674,hub,false,STATE_DOBRUDJA,콘스탄차
HUB_NAME_STATE_DOBRUDJA_mine,korean,,도브리치,localization/korean/hub_names_l_korean.yml,675,hub,false,STATE_DOBRUDJA,도브리치
HUB_NAME_STATE_DOBRUDJA_farm,korean,,만갈리아,localization/korean/hub_names_l_korean.yml,676,hub,false,STATE_DOBRUDJA,만갈리아
HUB_NAME_STATE_DOBRUDJA_wood,korean,,실리스트라,localization/korean/hub_names_l_korean.yml,677,hub,false,STATE_DOBRUDJA,실리스트라
HUB_NAME_STATE_BESSARABIA_city,korean,,키시너우,localization/korean/hub_names_l_korean.yml,678,hub,false,STATE_BESSARABIA,키시너우
HUB_NAME_STATE_BESSARABIA_port,korean,,아케르만,localization/korean/hub_names_l_korean.yml,679,hub,false,STATE_BESSARABIA,아케르만
HUB_NAME_STATE_BESSARABIA_mine,korean,,발티,localization/korean/hub_names_l_korean.yml,680,hub,false,STATE_BESSARABIA,발티
HUB_NAME_STATE_BESSARABIA_farm,korean,,이즈마일,localization/korean/hub_names_l_korean.yml,681,hub,false,STATE_BESSARABIA,이즈마일
HUB_NAME_STATE_BESSARABIA_wood,korean,,컬러라시,localization/korean/hub_names_l_korean.yml,682,hub,false,STATE_BESSARABIA,컬러라시
HUB_NAME_STATE_MOLDAVIA_city,korean,,이아시,localization/korean/hub_names_l_korean.yml,683,hub,false,STATE_MOLDAVIA,이아시
HUB_NAME_STATE_MOLDAVIA_mine,korean,,러더우치,localization/korean/hub_names_l_korean.yml,684,hub,false,STATE_MOLDAVIA,러더우치
HUB_NAME_STATE_MOLDAVIA_farm,korean,,폭샤니,localization/korean/hub_names_l_korean.yml,685,hub,false,STATE_MOLDAVIA,폭샤니
HUB_NAME_STATE_MOLDAVIA_wood,korean,,바커우,localization/korean/hub_names_l_korean.yml,686,hub,false,STATE_MOLDAVIA,바커우
HUB_NAME_STATE_EAST_GALICIA_city,korean,,르부프,localization/korean/hub_names_l_korean.yml,687,hub,false,STATE_EAST_GALICIA,르부프
HUB_NAME_STATE_EAST_GALICIA_mine,korean,,체르니우치,localization/korean/hub_names_l_korean.yml,688,hub,false,STATE_EAST_GALICIA,체르니우치
HUB_NAME_STATE_EAST_GALICIA_farm,korean,,스타니슬라우,localization/korean/hub_names_l_korean.yml,689,hub,false,STATE_EAST_GALICIA,스타니슬라우
HUB_NAME_STATE_EAST_GALICIA_wood,korean,,스트리이,localization/korean/hub_names_l_korean.yml,690,hub,false,STATE_EAST_GALICIA,스트리이
HUB_NAME_STATE_WEST_GALICIA_city,korean,,크라쿠프,localization/korean/hub_names_l_korean.yml,691,hub,false,STATE_WEST_GALICIA,크라쿠프
HUB_NAME_STATE_WEST_GALICIA_mine,korean,,야로슬라프,localization/korean/hub_names_l_korean.yml,692,hub,false,STATE_WEST_GALICIA,야로슬라프
HUB_NAME_STATE_WEST_GALICIA_farm,korean,,제슈프,localization/korean/hub_names_l_korean.yml,693,hub,false,STATE_WEST_GALICIA,제슈프
HUB_NAME_STATE_WEST_GALICIA_wood,korean,,비엘스코,localization/korean/hub_names_l_korean.yml,694,hub,false,STATE_WEST_GALICIA,비엘스코
HUB_NAME_STATE_SILESIA_city,korean,,브레슬라우,localization/korean/hub_names_l_korean.yml,695,hub,false,STATE_SILESIA,브레슬라우
HUB_NAME_STATE_SILESIA_mine,korean,,괴르비츠,localization/korean/hub_names_l_korean.yml,696,hub,false,STATE_SILESIA,괴르비츠
HUB_NAME_STATE_SILESIA_farm,korean,,쾨니히스휘테,localization/korean/hub_names_l_korean.yml,697,hub,false,STATE_SILESIA,쾨니히스휘테
HUB_NAME_STATE_SILESIA_wood,korean,,크로이츠부르크,localization/korean/hub_names_l_korean.yml,698,hub,false,STATE_SILESIA,크로이츠부르크
HUB_NAME_STATE_POSEN_city,korean,,포젠,localization/korean/hub_names_l_korean.yml,699,hub,false,STATE_POSEN,포젠
HUB_NAME_STATE_POSEN_mine,korean,,리사,localization/korean/hub_names_l_korean.yml,700,hub,false,STATE_POSEN,리사
HUB_NAME_STATE_POSEN_farm,korean,,브론베르크,localization/korean/hub_names_l_korean.yml,701,hub,false,STATE_POSEN,브론베르크
HUB_NAME_STATE_POSEN_wood,korean,,노이토르니슈엘,localization/korean/hub_names_l_korean.yml,702,hub,false,STATE_POSEN,노이토르니슈엘
HUB_NAME_STATE_WEST_PRUSSIA_city,korean,,단치히,localization/korean/hub_names_l_korean.yml,703,hub,false,STATE_WEST_PRUSSIA,단치히
HUB_NAME_STATE_WEST_PRUSSIA_port,korean,,푸치히,localization/korean/hub_names_l_korean.yml,704,hub,false,STATE_WEST_PRUSSIA,푸치히
HUB_NAME_STATE_WEST_PRUSSIA_mine,korean,,코니츠,localization/korean/hub_names_l_korean.yml,705,hub,false,STATE_WEST_PRUSSIA,코니츠
HUB_NAME_STATE_WEST_PRUSSIA_farm,korean,,토른,localization/korean/hub_names_l_korean.yml,706,hub,false,STATE_WEST_PRUSSIA,토른
HUB_NAME_STATE_WEST_PRUSSIA_wood,korean,,슈트라스부르크,localization/korean/hub_names_l_korean.yml,707,hub,false,STATE_WEST_PRUSSIA,슈트라스부르크
HUB_NAME_STATE_EAST_PRUSSIA_city,korean,,쾨니히스베르크,localization/korean/hub_names_l_korean.yml,708,hub,false,STATE_EAST_PRUSSIA,쾨니히스베르크
HUB_NAME_STATE_EAST_PRUSSIA_port,korean,,메멜,localization/korean/hub_names_l_korean.yml,709,hub,false,STATE_EAST_PRUSSIA,메멜
HUB_NAME_STATE_EAST_PRUSSIA_mine,korean,,굼비넨,localization/korean/hub_names_l_korean.yml,710,hub,false,STATE_EAST_PRUSSIA,굼비넨
HUB_NAME_STATE_EAST_PRUSSIA_farm,korean,,인스터부르크,localization/korean/hub_names_l_korean.yml,711,hub,false,STATE_EAST_PRUSSIA,인스터부르크
HUB_NAME_STATE_EAST_PRUSSIA_wood,korean,,알렌슈타인,localization/korean/hub_names_l_korean.yml,712,hub,false,STATE_EAST_PRUSSIA,알렌슈타인
HUB_NAME_STATE_GREATER_POLAND_city,korean,,우쯔,localization/korean/hub_names_l_korean.yml,713,hub,false,STATE_GREATER_POLAND,우쯔
HUB_NAME_STATE_GREATER_POLAND_mine,korean,,체스토호바,localization/korean/hub_names_l_korean.yml,714,hub,false,STATE_GREATER_POLAND,체스토호바
HUB_NAME_STATE_GREATER_POLAND_farm,korean,,푸오츠크,localization/korean/hub_names_l_korean.yml,715,hub,false,STATE_GREATER_POLAND,푸오츠크
HUB_NAME_STATE_GREATER_POLAND_wood,korean,,토마스조프 마조비에츠키,localization/korean/hub_names_l_korean.yml,716,hub,false,STATE_GREATER_POLAND,토마스조프 마조비에츠키
HUB_NAME_STATE_LESSER_POLAND_city,korean,,루블린,localization/korean/hub_names_l_korean.yml,717,hub,false,STATE_LESSER_POLAND,루블린
HUB_NAME_STATE_LESSER_POLAND_mine,korean,,라돔,localization/korean/hub_names_l_korean.yml,718,hub,false,STATE_LESSER_POLAND,라돔
HUB_NAME_STATE_LESSER_POLAND_farm,korean,,키엘체,localization/korean/hub_names_l_korean.yml,719,hub,false,STATE_LESSER_POLAND,키엘체
HUB_NAME_STATE_LESSER_POLAND_wood,korean,,자모스크,localization/korean/hub_names_l_korean.yml,720,hub,false,STATE_LESSER_POLAND,자모스크
HUB_NAME_STATE_MAZOVIA_city,korean,,바르샤바,localization/korean/hub_names_l_korean.yml,721,hub,false,STATE_MAZOVIA,바르샤바
HUB_NAME_STATE_MAZOVIA_mine,korean,,시에들체,localization/korean/hub_names_l_korean.yml,722,hub,false,STATE_MAZOVIA,시에들체
HUB_NAME_STATE_MAZOVIA_farm,korean,,웜자,localization/korean/hub_names_l_korean.yml,723,hub,false,STATE_MAZOVIA,웜자
HUB_NAME_STATE_MAZOVIA_wood,korean,,오스트로웽카,localization/korean/hub_names_l_korean.yml,724,hub,false,STATE_MAZOVIA,오스트로웽카
HUB_NAME_STATE_BREST_city,korean,,브레스트,localization/korean/hub_names_l_korean.yml,725,hub,false,STATE_BREST,브레스트
HUB_NAME_STATE_BREST_mine,korean,,핀스크,localization/korean/hub_names_l_korean.yml,726,hub,false,STATE_BREST,핀스크
HUB_NAME_STATE_BREST_farm,korean,,비야위스토크,localization/korean/hub_names_l_korean.yml,727,hub,false,STATE_BREST,비야위스토크
HUB_NAME_STATE_BREST_wood,korean,,그로드노,localization/korean/hub_names_l_korean.yml,728,hub,false,STATE_BREST,그로드노
HUB_NAME_STATE_LITHUANIA_city,korean,,빌니우스,localization/korean/hub_names_l_korean.yml,729,hub,false,STATE_LITHUANIA,빌니우스
HUB_NAME_STATE_LITHUANIA_mine,korean,,우테나,localization/korean/hub_names_l_korean.yml,730,hub,false,STATE_LITHUANIA,우테나
HUB_NAME_STATE_LITHUANIA_farm,korean,,시아울리아이,localization/korean/hub_names_l_korean.yml,731,hub,false,STATE_LITHUANIA,시아울리아이
HUB_NAME_STATE_LITHUANIA_wood,korean,,카우나스,localization/korean/hub_names_l_korean.yml,732,hub,false,STATE_LITHUANIA,카우나스
HUB_NAME_STATE_LITHUANIA_port,korean,,팔랑가,localization/korean/hub_names_l_korean.yml,733,hub,false,STATE_LITHUANIA,팔랑가
HUB_NAME_STATE_LATVIA_city,korean,,리가,localization/korean/hub_names_l_korean.yml,734,hub,false,STATE_LATVIA,리가
HUB_NAME_STATE_LATVIA_port,korean,,리에파야,localization/korean/hub_names_l_korean.yml,735,hub,false,STATE_LATVIA,리에파야
HUB_NAME_STATE_LATVIA_mine,korean,,옐가바,localization/korean/hub_names_l_korean.yml,736,hub,false,STATE_LATVIA,옐가바
HUB_NAME_STATE_LATVIA_farm,korean,,다우가프필스,localization/korean/hub_names_l_korean.yml,737,hub,false,STATE_LATVIA,다우가프필스
HUB_NAME_STATE_LATVIA_wood,korean,,마도나,localization/korean/hub_names_l_korean.yml,738,hub,false,STATE_LATVIA,마도나
HUB_NAME_STATE_ESTONIA_city,korean,,레발,localization/korean/hub_names_l_korean.yml,739,hub,false,STATE_ESTONIA,레발
HUB_NAME_STATE_ESTONIA_port,korean,,파르누,localization/korean/hub_names_l_korean.yml,740,hub,false,STATE_ESTONIA,파르누
HUB_NAME_STATE_ESTONIA_mine,korean,,타르투,localization/korean/hub_names_l_korean.yml,741,hub,false,STATE_ESTONIA,타르투
HUB_NAME_STATE_ESTONIA_farm,korean,,나르바,localization/korean/hub_names_l_korean.yml,742,hub,false,STATE_ESTONIA,나르바
HUB_NAME_STATE_ESTONIA_wood,korean,,합살루,localization/korean/hub_names_l_korean.yml,743,hub,false,STATE_ESTONIA,합살루
HUB_NAME_STATE_INGRIA_city,korean,,상트페테르부르크,localization/korean/hub_names_l_korean.yml,744,hub,false,STATE_INGRIA,상트페테르부르크
HUB_NAME_STATE_INGRIA_port,korean,,크론슈타트,localization/korean/hub_names_l_korean.yml,745,hub,false,STATE_INGRIA,크론슈타트
HUB_NAME_STATE_INGRIA_mine,korean,,실리셀부르크,localization/korean/hub_names_l_korean.yml,746,hub,false,STATE_INGRIA,실리셀부르크
HUB_NAME_STATE_INGRIA_farm,korean,,얌부르크,localization/korean/hub_names_l_korean.yml,747,hub,false,STATE_INGRIA,얌부르크
HUB_NAME_STATE_INGRIA_wood,korean,,프스코프,localization/korean/hub_names_l_korean.yml,748,hub,false,STATE_INGRIA,프스코프
HUB_NAME_STATE_ORSHA_city,korean,,오르샤,localization/korean/hub_names_l_korean.yml,749,hub,false,STATE_ORSHA,오르샤
HUB_NAME_STATE_ORSHA_mine,korean,,모길료프,localization/korean/hub_names_l_korean.yml,750,hub,false,STATE_ORSHA,모길료프
HUB_NAME_STATE_ORSHA_farm,korean,,고멜,localization/korean/hub_names_l_korean.yml,751,hub,false,STATE_ORSHA,고멜
HUB_NAME_STATE_ORSHA_wood,korean,,비테프스크,localization/korean/hub_names_l_korean.yml,752,hub,false,STATE_ORSHA,비테프스크
HUB_NAME_STATE_MINSK_city,korean,,민스크,localization/korean/hub_names_l_korean.yml,753,hub,false,STATE_MINSK,민스크
HUB_NAME_STATE_MINSK_mine,korean,,바리사프,localization/korean/hub_names_l_korean.yml,754,hub,false,STATE_MINSK,바리사프
HUB_NAME_STATE_MINSK_farm,korean,,모지르,localization/korean/hub_names_l_korean.yml,755,hub,false,STATE_MINSK,모지르
HUB_NAME_STATE_MINSK_wood,korean,,보브뤼스크,localization/korean/hub_names_l_korean.yml,756,hub,false,STATE_MINSK,보브뤼스크
HUB_NAME_STATE_VOLHYNIA_city,korean,,로프노,localization/korean/hub_names_l_korean.yml,757,hub,false,STATE_VOLHYNIA,로프노
HUB_NAME_STATE_VOLHYNIA_mine,korean,,타르노폴,localization/korean/hub_names_l_korean.yml,758,hub,false,STATE_VOLHYNIA,타르노폴
HUB_NAME_STATE_VOLHYNIA_farm,korean,,코벨,localization/korean/hub_names_l_korean.yml,759,hub,false,STATE_VOLHYNIA,코벨
HUB_NAME_STATE_VOLHYNIA_wood,korean,,노보흐라드볼린스키,localization/korean/hub_names_l_korean.yml,760,hub,false,STATE_VOLHYNIA,노보흐라드볼린스키
HUB_NAME_STATE_KIEV_city,korean,,키이우,localization/korean/hub_names_l_korean.yml,761,hub,false,STATE_KIEV,키이우
HUB_NAME_STATE_KIEV_mine,korean,,즈메린카,localization/korean/hub_names_l_korean.yml,762,hub,false,STATE_KIEV,즈메린카
HUB_NAME_STATE_KIEV_farm,korean,,수미,localization/korean/hub_names_l_korean.yml,763,hub,false,STATE_KIEV,수미
HUB_NAME_STATE_KIEV_wood,korean,,지토미르,localization/korean/hub_names_l_korean.yml,764,hub,false,STATE_KIEV,지토미르
HUB_NAME_STATE_CHERSON_city,korean,,니콜라에프,localization/korean/hub_names_l_korean.yml,765,hub,false,STATE_CHERSON,니콜라에프
HUB_NAME_STATE_CHERSON_port,korean,,오데사,localization/korean/hub_names_l_korean.yml,766,hub,false,STATE_CHERSON,오데사
HUB_NAME_STATE_CHERSON_mine,korean,,엘리사베트그라드,localization/korean/hub_names_l_korean.yml,767,hub,false,STATE_CHERSON,엘리사베트그라드
HUB_NAME_STATE_CHERSON_farm,korean,,헤르손,localization/korean/hub_names_l_korean.yml,768,hub,false,STATE_CHERSON,헤르손
HUB_NAME_STATE_CHERSON_wood,korean,,보즈네센스크,localization/korean/hub_names_l_korean.yml,769,hub,false,STATE_CHERSON,보즈네센스크
HUB_NAME_STATE_CRIMEA_city,korean,,심페로폴,localization/korean/hub_names_l_korean.yml,770,hub,false,STATE_CRIMEA,심페로폴
HUB_NAME_STATE_CRIMEA_port,korean,,세바스토폴,localization/korean/hub_names_l_korean.yml,771,hub,false,STATE_CRIMEA,세바스토폴
HUB_NAME_STATE_CRIMEA_mine,korean,,수다크,localization/korean/hub_names_l_korean.yml,772,hub,false,STATE_CRIMEA,수다크
HUB_NAME_STATE_CRIMEA_farm,korean,,잔코이,localization/korean/hub_names_l_korean.yml,773,hub,false,STATE_CRIMEA,잔코이
HUB_NAME_STATE_CRIMEA_wood,korean,,케르치,localization/korean/hub_names_l_korean.yml,774,hub,false,STATE_CRIMEA,케르치
HUB_NAME_STATE_LUHANSK_city,korean,,하르키우,localization/korean/hub_names_l_korean.yml,775,hub,false,STATE_LUHANSK,하르키우
HUB_NAME_STATE_LUHANSK_port,korean,,마리우폴,localization/korean/hub_names_l_korean.yml,776,hub,false,STATE_LUHANSK,마리우폴
HUB_NAME_STATE_LUHANSK_mine,korean,,알렉산드로브카,localization/korean/hub_names_l_korean.yml,777,hub,false,STATE_LUHANSK,알렉산드로브카
HUB_NAME_STATE_LUHANSK_farm,korean,,에카테리노슬라우,localization/korean/hub_names_l_korean.yml,778,hub,false,STATE_LUHANSK,에카테리노슬라우
HUB_NAME_STATE_LUHANSK_wood,korean,,알렉산드롭스크,localization/korean/hub_names_l_korean.yml,779,hub,false,STATE_LUHANSK,알렉산드롭스크
HUB_NAME_STATE_KURSK_city,korean,,오룔,localization/korean/hub_names_l_korean.yml,780,hub,true,STATE_KURSK,오룔
HUB_NAME_STATE_KURSK_mine,korean,,보로네슈,localization/korean/hub_names_l_korean.yml,781,hub,true,STATE_KURSK,보로네슈
HUB_NAME_STATE_KURSK_farm,korean,,쿠르스크,localization/korean/hub_names_l_korean.yml,782,hub,true,STATE_KURSK,쿠르스크
HUB_NAME_STATE_KURSK_wood,korean,,예프레모프,localization/korean/hub_names_l_korean.yml,783,hub,true,STATE_KURSK,예프레모프
HUB_NAME_STATE_BRYANSK_city,korean,,브랸스크,localization/korean/hub_names_l_korean.yml,784,hub,false,STATE_BRYANSK,브랸스크
HUB_NAME_STATE_BRYANSK_mine,korean,,볼로콜람스크,localization/korean/hub_names_l_korean.yml,785,hub,false,STATE_BRYANSK,볼로콜람스크
HUB_NAME_STATE_BRYANSK_farm,korean,,뱌즈마,localization/korean/hub_names_l_korean.yml,786,hub,false,STATE_BRYANSK,뱌즈마
HUB_NAME_STATE_BRYANSK_wood,korean,,칼루가,localization/korean/hub_names_l_korean.yml,787,hub,false,STATE_BRYANSK,칼루가
HUB_NAME_STATE_SMOLENSK_city,korean,,스몰렌스크,localization/korean/hub_names_l_korean.yml,788,hub,false,STATE_SMOLENSK,스몰렌스크
HUB_NAME_STATE_SMOLENSK_mine,korean,,로슬라블,localization/korean/hub_names_l_korean.yml,789,hub,false,STATE_SMOLENSK,로슬라블
HUB_NAME_STATE_SMOLENSK_farm,korean,,르제프,localization/korean/hub_names_l_korean.yml,790,hub,false,STATE_SMOLENSK,르제프
HUB_NAME_STATE_SMOLENSK_wood,korean,,토로페츠,localization/korean/hub_names_l_korean.yml,791,hub,false,STATE_SMOLENSK,토로페츠
HUB_NAME_STATE_NOVGOROD_city,korean,,노브고로드,localization/korean/hub_names_l_korean.yml,792,hub,false,STATE_NOVGOROD,노브고로드
HUB_NAME_STATE_NOVGOROD_mine,korean,,로데이노예 폴,localization/korean/hub_names_l_korean.yml,793,hub,false,STATE_NOVGOROD,로데이노예 폴
HUB_NAME_STATE_NOVGOROD_farm,korean,,추도보,localization/korean/hub_names_l_korean.yml,794,hub,false,STATE_NOVGOROD,추도보
HUB_NAME_STATE_NOVGOROD_wood,korean,,볼로고예,localization/korean/hub_names_l_korean.yml,795,hub,false,STATE_NOVGOROD,볼로고예
HUB_NAME_STATE_EAST_KARELIA_city,korean,,페트로자보츠크,localization/korean/hub_names_l_korean.yml,796,hub,false,STATE_EAST_KARELIA,페트로자보츠크
HUB_NAME_STATE_EAST_KARELIA_port,korean,,무르만스크,localization/korean/hub_names_l_korean.yml,797,hub,false,STATE_EAST_KARELIA,무르만스크
HUB_NAME_STATE_EAST_KARELIA_mine,korean,,칸달락샤,localization/korean/hub_names_l_korean.yml,798,hub,false,STATE_EAST_KARELIA,칸달락샤
HUB_NAME_STATE_EAST_KARELIA_farm,korean,,켐,localization/korean/hub_names_l_korean.yml,799,hub,false,STATE_EAST_KARELIA,켐
HUB_NAME_STATE_EAST_KARELIA_wood,korean,,콘도포가,localization/korean/hub_names_l_korean.yml,800,hub,false,STATE_EAST_KARELIA,콘도포가
HUB_NAME_STATE_ARKHANGELSK_city,korean,,아르한젤스크,localization/korean/hub_names_l_korean.yml,801,hub,false,STATE_ARKHANGELSK,아르한젤스크
HUB_NAME_STATE_ARKHANGELSK_port,korean,,오네가,localization/korean/hub_names_l_korean.yml,802,hub,false,STATE_ARKHANGELSK,오네가
HUB_NAME_STATE_ARKHANGELSK_mine,korean,,피네가,localization/korean/hub_names_l_korean.yml,803,hub,false,STATE_ARKHANGELSK,피네가
HUB_NAME_STATE_ARKHANGELSK_farm,korean,,샹갈리,localization/korean/hub_names_l_korean.yml,804,hub,false,STATE_ARKHANGELSK,샹갈리
HUB_NAME_STATE_ARKHANGELSK_wood,korean,,베레즈닉,localization/korean/hub_names_l_korean.yml,805,hub,false,STATE_ARKHANGELSK,베레즈닉
HUB_NAME_STATE_TVER_city,korean,,야로슬라블,localization/korean/hub_names_l_korean.yml,806,hub,false,STATE_TVER,야로슬라블
HUB_NAME_STATE_TVER_mine,korean,,볼로그다,localization/korean/hub_names_l_korean.yml,807,hub,false,STATE_TVER,볼로그다
HUB_NAME_STATE_TVER_farm,korean,,트베리,localization/korean/hub_names_l_korean.yml,808,hub,false,STATE_TVER,트베리
HUB_NAME_STATE_TVER_wood,korean,,리빈스크 ,localization/korean/hub_names_l_korean.yml,809,hub,false,STATE_TVER,리빈스크 
HUB_NAME_STATE_GALICH_city,korean,,코틀라스,localization/korean/hub_names_l_korean.yml,810,hub,false,STATE_GALICH,코틀라스
HUB_NAME_STATE_GALICH_mine,korean,,코노샤,localization/korean/hub_names_l_korean.yml,811,hub,false,STATE_GALICH,코노샤
HUB_NAME_STATE_GALICH_farm,korean,,코스트로마,localization/korean/hub_names_l_korean.yml,812,hub,false,STATE_GALICH,코스트로마
HUB_NAME_STATE_GALICH_wood,korean,,벨스크,localization/korean/hub_names_l_korean.yml,813,hub,false,STATE_GALICH,벨스크
HUB_NAME_STATE_MOSCOW_city,korean,,모스크바,localization/korean/hub_names_l_korean.yml,814,hub,false,STATE_MOSCOW,모스크바
HUB_NAME_STATE_MOSCOW_mine,korean,,스코핀,localization/korean/hub_names_l_korean.yml,815,hub,false,STATE_MOSCOW,스코핀
HUB_NAME_STATE_MOSCOW_farm,korean,,툴라,localization/korean/hub_names_l_korean.yml,816,hub,false,STATE_MOSCOW,툴라
HUB_NAME_STATE_MOSCOW_wood,korean,,랴잔,localization/korean/hub_names_l_korean.yml,817,hub,false,STATE_MOSCOW,랴잔
HUB_NAME_STATE_KAZAN_city,korean,,카잔스코예,localization/korean/hub_names_l_korean.yml,818,hub,false,STATE_KAZAN,카잔스코예
HUB_NAME_STATE_KAZAN_mine,korean,,아르자마스,localization/korean/hub_names_l_korean.yml,819,hub,false,STATE_KAZAN,아르자마스
HUB_NAME_STATE_KAZAN_farm,korean,,니즈니 노브고로드,localization/korean/hub_names_l_korean.yml,820,hub,false,STATE_KAZAN,니즈니 노브고로드
HUB_NAME_STATE_KAZAN_wood,korean,,브야트카,localization/korean/hub_names_l_korean.yml,821,hub,false,STATE_KAZAN,브야트카
HUB_NAME_STATE_TARTARIA_city,korean,,사라토프,localization/korean/hub_names_l_korean.yml,822,hub,false,STATE_TARTARIA,사라토프
HUB_NAME_STATE_TARTARIA_mine,korean,,펜자,localization/korean/hub_names_l_korean.yml,823,hub,false,STATE_TARTARIA,펜자
HUB_NAME_STATE_TARTARIA_farm,korean,,탐보프,localization/korean/hub_names_l_korean.yml,824,hub,false,STATE_TARTARIA,탐보프
HUB_NAME_STATE_TARTARIA_wood,korean,,사란스크,localization/korean/hub_names_l_korean.yml,825,hub,false,STATE_TARTARIA,사란스크
HUB_NAME_STATE_ROSTOV_city,korean,,로스토프,localization/korean/hub_names_l_korean.yml,826,hub,false,STATE_ROSTOV,로스토프
HUB_NAME_STATE_ROSTOV_port,korean,,아조프,localization/korean/hub_names_l_korean.yml,827,hub,false,STATE_ROSTOV,아조프
HUB_NAME_STATE_ROSTOV_mine,korean,,알렉산드로그루셰브스카야,localization/korean/hub_names_l_korean.yml,828,hub,false,STATE_ROSTOV,알렉산드로그루셰브스카야
HUB_NAME_STATE_ROSTOV_farm,korean,,노보체르카스크,localization/korean/hub_names_l_korean.yml,829,hub,false,STATE_ROSTOV,노보체르카스크
HUB_NAME_STATE_ROSTOV_wood,korean,,치믈리얀스카야,localization/korean/hub_names_l_korean.yml,830,hub,false,STATE_ROSTOV,치믈리얀스카야
HUB_NAME_STATE_YEKATERINBURG_city,korean,,예카테리노다르,localization/korean/hub_names_l_korean.yml,831,hub,false,STATE_YEKATERINBURG,예카테리노다르
HUB_NAME_STATE_YEKATERINBURG_port,korean,,소치,localization/korean/hub_names_l_korean.yml,832,hub,false,STATE_YEKATERINBURG,소치
HUB_NAME_STATE_YEKATERINBURG_mine,korean,,피야티고르스크,localization/korean/hub_names_l_korean.yml,833,hub,false,STATE_YEKATERINBURG,피야티고르스크
HUB_NAME_STATE_YEKATERINBURG_farm,korean,,티호레츠크,localization/korean/hub_names_l_korean.yml,834,hub,false,STATE_YEKATERINBURG,티호레츠크
HUB_NAME_STATE_YEKATERINBURG_wood,korean,,마이코프,localization/korean/hub_names_l_korean.yml,835,hub,false,STATE_YEKATERINBURG,마이코프
HUB_NAME_STATE_KUBAN_port,korean,,노보로시스크,localization/korean/hub_names_l_korean.yml,836,hub,false,STATE_KUBAN,노보로시스크
HUB_NAME_STATE_KUBAN_city,korean,,예카테리노다르,localization/korean/hub_names_l_korean.yml,837,hub,false,STATE_KUBAN,예카테리노다르
HUB_NAME_STATE_KUBAN_mine,korean,,피야티고르스크,localization/korean/hub_names_l_korean.yml,838,hub,false,STATE_KUBAN,피야티고르스크
HUB_NAME_STATE_KUBAN_wood,korean,,아르마비르,localization/korean/hub_names_l_korean.yml,839,hub,false,STATE_KUBAN,아르마비르
HUB_NAME_STATE_KUBAN_farm,korean,,소치,localization/korean/hub_names_l_korean.yml,840,hub,false,STATE_KUBAN,소치
HUB_NAME_STATE_DAGESTAN_city,korean,,페르토브스크포트,localization/korean/hub_names_l_korean.yml,841,hub,false,STATE_DAGESTAN,페르토브스크포트
HUB_NAME_STATE_DAGESTAN_mine,korean,,블라디카브카즈,localization/korean/hub_names_l_korean.yml,842,hub,false,STATE_DAGESTAN,블라디카브카즈
HUB_NAME_STATE_DAGESTAN_farm,korean,,그로즈니,localization/korean/hub_names_l_korean.yml,843,hub,false,STATE_DAGESTAN,그로즈니
HUB_NAME_STATE_DAGESTAN_wood,korean,,키즐랴르,localization/korean/hub_names_l_korean.yml,844,hub,false,STATE_DAGESTAN,키즐랴르
HUB_NAME_STATE_ASTRAKHAN_city,korean,,차리친,localization/korean/hub_names_l_korean.yml,845,hub,false,STATE_ASTRAKHAN,차리친
HUB_NAME_STATE_ASTRAKHAN_mine,korean,,엘리스타,localization/korean/hub_names_l_korean.yml,846,hub,false,STATE_ASTRAKHAN,엘리스타
HUB_NAME_STATE_ASTRAKHAN_farm,korean,,아스트라한,localization/korean/hub_names_l_korean.yml,847,hub,false,STATE_ASTRAKHAN,아스트라한
HUB_NAME_STATE_ASTRAKHAN_wood,korean,,칼라치,localization/korean/hub_names_l_korean.yml,848,hub,false,STATE_ASTRAKHAN,칼라치
HUB_NAME_STATE_URALSK_city,korean,,악토베,localization/korean/hub_names_l_korean.yml,849,hub,false,STATE_URALSK,악토베
HUB_NAME_STATE_URALSK_mine,korean,,쿨사리,localization/korean/hub_names_l_korean.yml,850,hub,false,STATE_URALSK,쿨사리
HUB_NAME_STATE_URALSK_farm,korean,,샬카르,localization/korean/hub_names_l_korean.yml,851,hub,false,STATE_URALSK,샬카르
HUB_NAME_STATE_URALSK_wood,korean,,구리예프,localization/korean/hub_names_l_korean.yml,852,hub,false,STATE_URALSK,구리예프
HUB_NAME_STATE_SAMARA_city,korean,,사마라,localization/korean/hub_names_l_korean.yml,853,hub,false,STATE_SAMARA,사마라
HUB_NAME_STATE_SAMARA_mine,korean,,오렌부르크,localization/korean/hub_names_l_korean.yml,854,hub,false,STATE_SAMARA,오렌부르크
HUB_NAME_STATE_SAMARA_farm,korean,,시즈란,localization/korean/hub_names_l_korean.yml,855,hub,false,STATE_SAMARA,시즈란
HUB_NAME_STATE_SAMARA_wood,korean,,우파,localization/korean/hub_names_l_korean.yml,856,hub,false,STATE_SAMARA,우파
HUB_NAME_STATE_PERM_city,korean,,페름,localization/korean/hub_names_l_korean.yml,857,hub,false,STATE_PERM,페름
HUB_NAME_STATE_PERM_mine,korean,,리스바,localization/korean/hub_names_l_korean.yml,858,hub,false,STATE_PERM,리스바
HUB_NAME_STATE_PERM_farm,korean,,이제프스크,localization/korean/hub_names_l_korean.yml,859,hub,false,STATE_PERM,이제프스크
HUB_NAME_STATE_PERM_wood,korean,,베레즈니키,localization/korean/hub_names_l_korean.yml,860,hub,false,STATE_PERM,베레즈니키
HUB_NAME_STATE_NENETSIA_city,korean,,세이다,localization/korean/hub_names_l_korean.yml,861,hub,false,STATE_NENETSIA,세이다
HUB_NAME_STATE_NENETSIA_port,korean,,암데르마,localization/korean/hub_names_l_korean.yml,862,hub,false,STATE_NENETSIA,암데르마
HUB_NAME_STATE_NENETSIA_mine,korean,,보르쿠타,localization/korean/hub_names_l_korean.yml,863,hub,false,STATE_NENETSIA,보르쿠타
HUB_NAME_STATE_NENETSIA_farm,korean,,메드베즈카,localization/korean/hub_names_l_korean.yml,864,hub,false,STATE_NENETSIA,메드베즈카
HUB_NAME_STATE_NENETSIA_wood,korean,,카루타,localization/korean/hub_names_l_korean.yml,865,hub,false,STATE_NENETSIA,카루타
HUB_NAME_STATE_URAL_city,korean,,예카테린부르크,localization/korean/hub_names_l_korean.yml,866,hub,false,STATE_URAL,예카테린부르크
HUB_NAME_STATE_URAL_mine,korean,,니즈니 타길,localization/korean/hub_names_l_korean.yml,867,hub,false,STATE_URAL,니즈니 타길
HUB_NAME_STATE_URAL_farm,korean,,첼랴빈스크,localization/korean/hub_names_l_korean.yml,868,hub,false,STATE_URAL,첼랴빈스크
HUB_NAME_STATE_URAL_wood,korean,,투먼,localization/korean/hub_names_l_korean.yml,869,hub,false,STATE_URAL,투먼
HUB_NAME_STATE_OB_city,korean,,한티 만시스크,localization/korean/hub_names_l_korean.yml,870,hub,false,STATE_OB,한티 만시스크
HUB_NAME_STATE_OB_port,korean,,노비 포트,localization/korean/hub_names_l_korean.yml,871,hub,false,STATE_OB,노비 포트
HUB_NAME_STATE_OB_mine,korean,,굽킨스키,localization/korean/hub_names_l_korean.yml,872,hub,false,STATE_OB,굽킨스키
HUB_NAME_STATE_OB_farm,korean,,세르기노,localization/korean/hub_names_l_korean.yml,873,hub,false,STATE_OB,세르기노
HUB_NAME_STATE_OB_wood,korean,,나딤,localization/korean/hub_names_l_korean.yml,874,hub,false,STATE_OB,나딤
HUB_NAME_STATE_TOBOLSK_city,korean,,옴스크,localization/korean/hub_names_l_korean.yml,875,hub,false,STATE_TOBOLSK,옴스크
HUB_NAME_STATE_TOBOLSK_mine,korean,,타라,localization/korean/hub_names_l_korean.yml,876,hub,false,STATE_TOBOLSK,타라
HUB_NAME_STATE_TOBOLSK_farm,korean,,노보니콜라예프스크,localization/korean/hub_names_l_korean.yml,877,hub,false,STATE_TOBOLSK,노보니콜라예프스크
HUB_NAME_STATE_TOBOLSK_wood,korean,,이심,localization/korean/hub_names_l_korean.yml,878,hub,false,STATE_TOBOLSK,이심
HUB_NAME_STATE_TOMSK_city,korean,,톰스크,localization/korean/hub_names_l_korean.yml,879,hub,false,STATE_TOMSK,톰스크
HUB_NAME_STATE_TOMSK_mine,korean,,우스트-아바칸스코예,localization/korean/hub_names_l_korean.yml,880,hub,false,STATE_TOMSK,우스트-아바칸스코예
HUB_NAME_STATE_TOMSK_farm,korean,,바르나울,localization/korean/hub_names_l_korean.yml,881,hub,false,STATE_TOMSK,바르나울
HUB_NAME_STATE_TOMSK_wood,korean,,크라스노야르스크,localization/korean/hub_names_l_korean.yml,882,hub,false,STATE_TOMSK,크라스노야르스크
HUB_NAME_STATE_TUVA_city,korean,,투라,localization/korean/hub_names_l_korean.yml,883,hub,false,STATE_TUVA,투라
HUB_NAME_STATE_TUVA_mine,korean,,아크도부라크,localization/korean/hub_names_l_korean.yml,884,hub,false,STATE_TUVA,아크도부라크
HUB_NAME_STATE_TUVA_farm,korean,,키질,localization/korean/hub_names_l_korean.yml,885,hub,false,STATE_TUVA,키질
HUB_NAME_STATE_TUVA_wood,korean,,아르타디트,localization/korean/hub_names_l_korean.yml,886,hub,false,STATE_TUVA,아르타디트
HUB_NAME_STATE_UPPER_YENISEYSK_city,korean,,마클라코보,localization/korean/hub_names_l_korean.yml,887,hub,false,STATE_UPPER_YENISEYSK,마클라코보
HUB_NAME_STATE_UPPER_YENISEYSK_mine,korean,,방가쉬,localization/korean/hub_names_l_korean.yml,888,hub,false,STATE_UPPER_YENISEYSK,방가쉬
HUB_NAME_STATE_UPPER_YENISEYSK_farm,korean,,콜파셰보,localization/korean/hub_names_l_korean.yml,889,hub,false,STATE_UPPER_YENISEYSK,콜파셰보
HUB_NAME_STATE_UPPER_YENISEYSK_wood,korean,,니즈네바르톱스크,localization/korean/hub_names_l_korean.yml,890,hub,false,STATE_UPPER_YENISEYSK,니즈네바르톱스크
HUB_NAME_STATE_IRKUTSK_city,korean,,이르쿠츠크,localization/korean/hub_names_l_korean.yml,891,hub,false,STATE_IRKUTSK,이르쿠츠크
HUB_NAME_STATE_IRKUTSK_mine,korean,,베르크노이딘스크,localization/korean/hub_names_l_korean.yml,892,hub,false,STATE_IRKUTSK,베르크노이딘스크
HUB_NAME_STATE_IRKUTSK_farm,korean,,브라츠크,localization/korean/hub_names_l_korean.yml,893,hub,false,STATE_IRKUTSK,브라츠크
HUB_NAME_STATE_IRKUTSK_wood,korean,,치타,localization/korean/hub_names_l_korean.yml,894,hub,false,STATE_IRKUTSK,치타
HUB_NAME_STATE_YAKUTSK_city,korean,,빌리위스크,localization/korean/hub_names_l_korean.yml,895,hub,false,STATE_YAKUTSK,빌리위스크
HUB_NAME_STATE_YAKUTSK_port,korean,,티크시,localization/korean/hub_names_l_korean.yml,896,hub,false,STATE_YAKUTSK,티크시
HUB_NAME_STATE_YAKUTSK_mine,korean,,상가르,localization/korean/hub_names_l_korean.yml,897,hub,false,STATE_YAKUTSK,상가르
HUB_NAME_STATE_YAKUTSK_farm,korean,,뉴르바,localization/korean/hub_names_l_korean.yml,898,hub,false,STATE_YAKUTSK,뉴르바
HUB_NAME_STATE_YAKUTSK_wood,korean,,미르니,localization/korean/hub_names_l_korean.yml,899,hub,false,STATE_YAKUTSK,미르니
HUB_NAME_STATE_TRANS_BAIKAL_city,korean,,틴다,localization/korean/hub_names_l_korean.yml,900,hub,false,STATE_TRANS_BAIKAL,틴다
HUB_NAME_STATE_TRANS_BAIKAL_mine,korean,,아긴스코예,localization/korean/hub_names_l_korean.yml,901,hub,false,STATE_TRANS_BAIKAL,아긴스코예
HUB_NAME_STATE_TRANS_BAIKAL_farm,korean,,스코보로디노,localization/korean/hub_names_l_korean.yml,902,hub,false,STATE_TRANS_BAIKAL,스코보로디노
HUB_NAME_STATE_TRANS_BAIKAL_wood,korean,,알단,localization/korean/hub_names_l_korean.yml,903,hub,false,STATE_TRANS_BAIKAL,알단
HUB_NAME_STATE_OKHOTSK_city,korean,,야쿠츠크,localization/korean/hub_names_l_korean.yml,904,hub,false,STATE_OKHOTSK,야쿠츠크
HUB_NAME_STATE_OKHOTSK_port,korean,,오호츠크,localization/korean/hub_names_l_korean.yml,905,hub,false,STATE_OKHOTSK,오호츠크
HUB_NAME_STATE_OKHOTSK_mine,korean,,알라흐 윤,localization/korean/hub_names_l_korean.yml,906,hub,false,STATE_OKHOTSK,알라흐 윤
HUB_NAME_STATE_OKHOTSK_farm,korean,,이니크찬,localization/korean/hub_names_l_korean.yml,907,hub,false,STATE_OKHOTSK,이니크찬
HUB_NAME_STATE_OKHOTSK_wood,korean,,볼루구르,localization/korean/hub_names_l_korean.yml,908,hub,false,STATE_OKHOTSK,볼루구르
HUB_NAME_STATE_CHUKOTKA_city,korean,,아나디르,localization/korean/hub_names_l_korean.yml,909,hub,false,STATE_CHUKOTKA,아나디르
HUB_NAME_STATE_CHUKOTKA_port,korean,,베링고브스키,localization/korean/hub_names_l_korean.yml,910,hub,false,STATE_CHUKOTKA,베링고브스키
HUB_NAME_STATE_CHUKOTKA_mine,korean,,아차이바얌,localization/korean/hub_names_l_korean.yml,911,hub,false,STATE_CHUKOTKA,아차이바얌
HUB_NAME_STATE_CHUKOTKA_farm,korean,,마르코보,localization/korean/hub_names_l_korean.yml,912,hub,false,STATE_CHUKOTKA,마르코보
HUB_NAME_STATE_CHUKOTKA_wood,korean,,바예기,localization/korean/hub_names_l_korean.yml,913,hub,false,STATE_CHUKOTKA,바예기
HUB_NAME_STATE_KAMCHATKA_city,korean,,페트로바블로브스크캄차츠키,localization/korean/hub_names_l_korean.yml,914,hub,false,STATE_KAMCHATKA,페트로바블로브스크캄차츠키
HUB_NAME_STATE_KAMCHATKA_port,korean,,기지가,localization/korean/hub_names_l_korean.yml,915,hub,false,STATE_KAMCHATKA,기지가
HUB_NAME_STATE_KAMCHATKA_mine,korean,,밀코보,localization/korean/hub_names_l_korean.yml,916,hub,false,STATE_KAMCHATKA,밀코보
HUB_NAME_STATE_KAMCHATKA_farm,korean,,예리조보,localization/korean/hub_names_l_korean.yml,917,hub,false,STATE_KAMCHATKA,예리조보
HUB_NAME_STATE_KAMCHATKA_wood,korean,,클리야치,localization/korean/hub_names_l_korean.yml,918,hub,false,STATE_KAMCHATKA,클리야치
HUB_NAME_STATE_SAKHALIN_city,korean,,블라디미로프카,localization/korean/hub_names_l_korean.yml,919,hub,false,STATE_SAKHALIN,블라디미로프카
HUB_NAME_STATE_SAKHALIN_port,korean,,코르사코프,localization/korean/hub_names_l_korean.yml,920,hub,false,STATE_SAKHALIN,코르사코프
HUB_NAME_STATE_SAKHALIN_mine,korean,,티크메네프스키,localization/korean/hub_names_l_korean.yml,921,hub,false,STATE_SAKHALIN,티크메네프스키
HUB_NAME_STATE_SAKHALIN_farm,korean,,오하,localization/korean/hub_names_l_korean.yml,922,hub,false,STATE_SAKHALIN,오하
HUB_NAME_STATE_SAKHALIN_wood,korean,,알렉산드로프스키,localization/korean/hub_names_l_korean.yml,923,hub,false,STATE_SAKHALIN,알렉산드로프스키
HUB_NAME_STATE_HOKKAIDO_city,korean,,삿포로,localization/korean/hub_names_l_korean.yml,925,hub,false,STATE_HOKKAIDO,삿포로
HUB_NAME_STATE_HOKKAIDO_port,korean,,하코다테,localization/korean/hub_names_l_korean.yml,926,hub,false,STATE_HOKKAIDO,하코다테
HUB_NAME_STATE_HOKKAIDO_mine,korean,,오비히로,localization/korean/hub_names_l_korean.yml,927,hub,false,STATE_HOKKAIDO,오비히로
HUB_NAME_STATE_HOKKAIDO_farm,korean,,아사히가와,localization/korean/hub_names_l_korean.yml,928,hub,false,STATE_HOKKAIDO,아사히가와
HUB_NAME_STATE_HOKKAIDO_wood,korean,,네무로,localization/korean/hub_names_l_korean.yml,929,hub,false,STATE_HOKKAIDO,네무로
HUB_NAME_STATE_TOHOKU_city,korean,,센다이,localization/korean/hub_names_l_korean.yml,930,hub,false,STATE_TOHOKU,센다이
HUB_NAME_STATE_TOHOKU_port,korean,,하치노헤,localization/korean/hub_names_l_korean.yml,931,hub,false,STATE_TOHOKU,하치노헤
HUB_NAME_STATE_TOHOKU_mine,korean,,후쿠시마,localization/korean/hub_names_l_korean.yml,932,hub,false,STATE_TOHOKU,후쿠시마
HUB_NAME_STATE_TOHOKU_farm,korean,,오슈,localization/korean/hub_names_l_korean.yml,933,hub,false,STATE_TOHOKU,오슈
HUB_NAME_STATE_TOHOKU_wood,korean,,아키타,localization/korean/hub_names_l_korean.yml,934,hub,false,STATE_TOHOKU,아키타
HUB_NAME_STATE_KANTO_city,korean,,에도,localization/korean/hub_names_l_korean.yml,935,hub,false,STATE_KANTO,에도
HUB_NAME_STATE_KANTO_port,korean,,요코하마,localization/korean/hub_names_l_korean.yml,936,hub,false,STATE_KANTO,요코하마
HUB_NAME_STATE_KANTO_mine,korean,,우츠노미야,localization/korean/hub_names_l_korean.yml,937,hub,false,STATE_KANTO,우츠노미야
HUB_NAME_STATE_KANTO_farm,korean,,다카사키,localization/korean/hub_names_l_korean.yml,938,hub,false,STATE_KANTO,다카사키
HUB_NAME_STATE_KANTO_wood,korean,,미토,localization/korean/hub_names_l_korean.yml,939,hub,false,STATE_KANTO,미토
HUB_NAME_STATE_CHUBU_city,korean,,나고야,localization/korean/hub_names_l_korean.yml,940,hub,false,STATE_CHUBU,나고야
HUB_NAME_STATE_CHUBU_port,korean,,시즈오카,localization/korean/hub_names_l_korean.yml,941,hub,false,STATE_CHUBU,시즈오카
HUB_NAME_STATE_CHUBU_mine,korean,,나가노,localization/korean/hub_names_l_korean.yml,942,hub,false,STATE_CHUBU,나가노
HUB_NAME_STATE_CHUBU_farm,korean,,니가타,localization/korean/hub_names_l_korean.yml,943,hub,false,STATE_CHUBU,니가타
HUB_NAME_STATE_CHUBU_wood,korean,,후쿠이,localization/korean/hub_names_l_korean.yml,944,hub,false,STATE_CHUBU,후쿠이
HUB_NAME_STATE_KANSAI_city,korean,,교토,localization/korean/hub_names_l_korean.yml,945,hub,false,STATE_KANSAI,교토
HUB_NAME_STATE_KANSAI_port,korean,,고베,localization/korean/hub_names_l_korean.yml,946,hub,false,STATE_KANSAI,고베
HUB_NAME_STATE_KANSAI_mine,korean,,오사카,localization/korean/hub_names_l_korean.yml,947,hub,false,STATE_KANSAI,오사카
HUB_NAME_STATE_KANSAI_farm,korean,,야마다,localization/korean/hub_names_l_korean.yml,948,hub,false,STATE_KANSAI,야마다
HUB_NAME_STATE_KANSAI_wood,korean,,와카야마,localization/korean/hub_names_l_korean.yml,949,hub,false,STATE_KANSAI,와카야마
HUB_NAME_STATE_SHIKOKU_city,korean,,다카마츠,localization/korean/hub_names_l_korean.yml,950,hub,false,STATE_SHIKOKU,다카마츠
HUB_NAME_STATE_SHIKOKU_port,korean,,코치,localization/korean/hub_names_l_korean.yml,951,hub,false,STATE_SHIKOKU,코치
HUB_NAME_STATE_SHIKOKU_mine,korean,,도쿠시마,localization/korean/hub_names_l_korean.yml,952,hub,false,STATE_SHIKOKU,도쿠시마
HUB_NAME_STATE_SHIKOKU_farm,korean,,스쿠모,localization/korean/hub_names_l_korean.yml,953,hub,false,STATE_SHIKOKU,스쿠모
HUB_NAME_STATE_SHIKOKU_wood,korean,,마츠야마,localization/korean/hub_names_l_korean.yml,954,hub,false,STATE_SHIKOKU,마츠야마
HUB_NAME_STATE_CHUGOKU_city,korean,,히로시마,localization/korean/hub_names_l_korean.yml,955,hub,false,STATE_CHUGOKU,히로시마
HUB_NAME_STATE_CHUGOKU_port,korean,,오카야마,localization/korean/hub_names_l_korean.yml,956,hub,false,STATE_CHUGOKU,오카야마
HUB_NAME_STATE_CHUGOKU_mine,korean,,이즈모,localization/korean/hub_names_l_korean.yml,957,hub,false,STATE_CHUGOKU,이즈모
HUB_NAME_STATE_CHUGOKU_farm,korean,,시모노세키,localization/korean/hub_names_l_korean.yml,958,hub,false,STATE_CHUGOKU,시모노세키
HUB_NAME_STATE_CHUGOKU_wood,korean,,돗토리,localization/korean/hub_names_l_korean.yml,959,hub,false,STATE_CHUGOKU,돗토리
HUB_NAME_STATE_KYUSHU_city,korean,,하카타,localization/korean/hub_names_l_korean.yml,960,hub,false,STATE_KYUSHU,하카타
HUB_NAME_STATE_KYUSHU_port,korean,,나가사키,localization/korean/hub_names_l_korean.yml,961,hub,false,STATE_KYUSHU,나가사키
HUB_NAME_STATE_KYUSHU_mine,korean,,구마모토,localization/korean/hub_names_l_korean.yml,962,hub,false,STATE_KYUSHU,구마모토
HUB_NAME_STATE_KYUSHU_farm,korean,,가고시마,localization/korean/hub_names_l_korean.yml,963,hub,false,STATE_KYUSHU,가고시마
HUB_NAME_STATE_KYUSHU_wood,korean,,후나이,localization/korean/hub_names_l_korean.yml,964,hub,false,STATE_KYUSHU,후나이
HUB_NAME_STATE_RYUKYU_ISLANDS_city,korean,,나하,localization/korean/hub_names_l_korean.yml,965,hub,false,STATE_RYUKYU_ISLANDS,나하
HUB_NAME_STATE_RYUKYU_ISLANDS_port,korean,,아마미,localization/korean/hub_names_l_korean.yml,966,hub,false,STATE_RYUKYU_ISLANDS,아마미
HUB_NAME_STATE_RYUKYU_ISLANDS_farm,korean,,나고,localization/korean/hub_names_l_korean.yml,967,hub,false,STATE_RYUKYU_ISLANDS,나고
HUB_NAME_STATE_BUSAN_city,korean,,대구,localization/korean/hub_names_l_korean.yml,969,hub,false,STATE_BUSAN,대구
HUB_NAME_STATE_BUSAN_port,korean,,부산,localization/korean/hub_names_l_korean.yml,970,hub,false,STATE_BUSAN,부산
HUB_NAME_STATE_BUSAN_mine,korean,,상주,localization/korean/hub_names_l_korean.yml,971,hub,false,STATE_BUSAN,상주
HUB_NAME_STATE_BUSAN_farm,korean,,안동,localization/korean/hub_names_l_korean.yml,972,hub,false,STATE_BUSAN,안동
HUB_NAME_STATE_BUSAN_wood,korean,,진주,localization/korean/hub_names_l_korean.yml,973,hub,false,STATE_BUSAN,진주
HUB_NAME_STATE_SEOUL_city,korean,,한성,localization/korean/hub_names_l_korean.yml,974,hub,false,STATE_SEOUL,한성
HUB_NAME_STATE_SEOUL_port,korean,,인천,localization/korean/hub_names_l_korean.yml,975,hub,false,STATE_SEOUL,인천
HUB_NAME_STATE_SEOUL_mine,korean,,원주,localization/korean/hub_names_l_korean.yml,976,hub,false,STATE_SEOUL,원주
HUB_NAME_STATE_SEOUL_farm,korean,,강릉,localization/korean/hub_names_l_korean.yml,977,hub,false,STATE_SEOUL,강릉
HUB_NAME_STATE_SEOUL_wood,korean,,광주,localization/korean/hub_names_l_korean.yml,978,hub,false,STATE_SEOUL,광주
HUB_NAME_STATE_SARIWON_city,korean,,함흥,localization/korean/hub_names_l_korean.yml,979,hub,false,STATE_SARIWON,함흥
HUB_NAME_STATE_SARIWON_port,korean,,충진,localization/korean/hub_names_l_korean.yml,980,hub,false,STATE_SARIWON,충진
HUB_NAME_STATE_SARIWON_mine,korean,,무산,localization/korean/hub_names_l_korean.yml,981,hub,false,STATE_SARIWON,무산
HUB_NAME_STATE_SARIWON_farm,korean,,길주,localization/korean/hub_names_l_korean.yml,982,hub,false,STATE_SARIWON,길주
HUB_NAME_STATE_SARIWON_wood,korean,,혜산,localization/korean/hub_names_l_korean.yml,983,hub,false,STATE_SARIWON,혜산
HUB_NAME_STATE_PYONGYANG_city,korean,,평양,localization/korean/hub_names_l_korean.yml,984,hub,false,STATE_PYONGYANG,평양
HUB_NAME_STATE_PYONGYANG_port,korean,,해주,localization/korean/hub_names_l_korean.yml,985,hub,false,STATE_PYONGYANG,해주
HUB_NAME_STATE_PYONGYANG_mine,korean,,강계,localization/korean/hub_names_l_korean.yml,986,hub,false,STATE_PYONGYANG,강계
HUB_NAME_STATE_PYONGYANG_farm,korean,,황주,localization/korean/hub_names_l_korean.yml,987,hub,false,STATE_PYONGYANG,황주
HUB_NAME_STATE_PYONGYANG_wood,korean,,의주,localization/korean/hub_names_l_korean.yml,988,hub,false,STATE_PYONGYANG,의주
HUB_NAME_STATE_YANGHO_city,korean,,전주,localization/korean/hub_names_l_korean.yml,989,hub,false,STATE_YANGHO,전주
HUB_NAME_STATE_YANGHO_port,korean,,목포,localization/korean/hub_names_l_korean.yml,990,hub,false,STATE_YANGHO,목포
HUB_NAME_STATE_YANGHO_mine,korean,,청주,localization/korean/hub_names_l_korean.yml,991,hub,false,STATE_YANGHO,청주
HUB_NAME_STATE_YANGHO_farm,korean,,나주,localization/korean/hub_names_l_korean.yml,992,hub,false,STATE_YANGHO,나주
HUB_NAME_STATE_YANGHO_wood,korean,,충주,localization/korean/hub_names_l_korean.yml,993,hub,false,STATE_YANGHO,충주
HUB_NAME_STATE_SHENGJING_city,korean,,무크덴,localization/korean/hub_names_l_korean.yml,994,hub,false,STATE_SHENGJING,무크덴
HUB_NAME_STATE_SHENGJING_port,korean,,포트 아서,localization/korean/hub_names_l_korean.yml,995,hub,false,STATE_SHENGJING,포트 아서
HUB_NAME_STATE_SHENGJING_mine,korean,,톄링,localization/korean/hub_names_l_korean.yml,996,hub,false,STATE_SHENGJING,톄링
HUB_NAME_STATE_SHENGJING_farm,korean,,금선,localization/korean/hub_names_l_korean.yml,997,hub,false,STATE_SHENGJING,금선
HUB_NAME_STATE_SHENGJING_wood,korean,,안산,localization/korean/hub_names_l_korean.yml,998,hub,false,STATE_SHENGJING,안산
HUB_NAME_STATE_SOUTHERN_MANCHURIA_city,korean,,길림,localization/korean/hub_names_l_korean.yml,999,hub,false,STATE_SOUTHERN_MANCHURIA,길림
HUB_NAME_STATE_SOUTHERN_MANCHURIA_mine,korean,,랴오위안,localization/korean/hub_names_l_korean.yml,1000,hub,false,STATE_SOUTHERN_MANCHURIA,랴오위안
HUB_NAME_STATE_SOUTHERN_MANCHURIA_farm,korean,,동화,localization/korean/hub_names_l_korean.yml,1001,hub,false,STATE_SOUTHERN_MANCHURIA,동화
HUB_NAME_STATE_SOUTHERN_MANCHURIA_wood,korean,,훈춘,localization/korean/hub_names_l_korean.yml,1002,hub,false,STATE_SOUTHERN_MANCHURIA,훈춘
HUB_NAME_STATE_OUTER_MANCHURIA_city,korean,,하바로브카,localization/korean/hub_names_l_korean.yml,1003,hub,false,STATE_OUTER_MANCHURIA,하바로브카
HUB_NAME_STATE_OUTER_MANCHURIA_port,korean,,블라디보스토크,localization/korean/hub_names_l_korean.yml,1004,hub,false,STATE_OUTER_MANCHURIA,블라디보스토크
HUB_NAME_STATE_OUTER_MANCHURIA_mine,korean,,벨로고르스크,localization/korean/hub_names_l_korean.yml,1005,hub,false,STATE_OUTER_MANCHURIA,벨로고르스크
HUB_NAME_STATE_OUTER_MANCHURIA_farm,korean,,코조,localization/korean/hub_names_l_korean.yml,1006,hub,false,STATE_OUTER_MANCHURIA,코조
HUB_NAME_STATE_OUTER_MANCHURIA_wood,korean,,페브랄스크,localization/korean/hub_names_l_korean.yml,1007,hub,false,STATE_OUTER_MANCHURIA,페브랄스크
HUB_NAME_STATE_NORTHERN_MANCHURIA_city,korean,,치치하얼,localization/korean/hub_names_l_korean.yml,1008,hub,false,STATE_NORTHERN_MANCHURIA,치치하얼
HUB_NAME_STATE_NORTHERN_MANCHURIA_mine,korean,,눈강,localization/korean/hub_names_l_korean.yml,1009,hub,false,STATE_NORTHERN_MANCHURIA,눈강
HUB_NAME_STATE_NORTHERN_MANCHURIA_farm,korean,,합이빈,localization/korean/hub_names_l_korean.yml,1010,hub,false,STATE_NORTHERN_MANCHURIA,합이빈
HUB_NAME_STATE_NORTHERN_MANCHURIA_wood,korean,,수화,localization/korean/hub_names_l_korean.yml,1011,hub,false,STATE_NORTHERN_MANCHURIA,수화
HUB_NAME_STATE_BEIJING_city,korean,,북경,localization/korean/hub_names_l_korean.yml,1013,hub,false,STATE_BEIJING,북경
HUB_NAME_STATE_BEIJING_port,korean,,천진,localization/korean/hub_names_l_korean.yml,1014,hub,false,STATE_BEIJING,천진
HUB_NAME_STATE_BEIJING_mine,korean,,승덕,localization/korean/hub_names_l_korean.yml,1015,hub,false,STATE_BEIJING,승덕
HUB_NAME_STATE_BEIJING_farm,korean,,랑팡,localization/korean/hub_names_l_korean.yml,1016,hub,false,STATE_BEIJING,랑팡
HUB_NAME_STATE_BEIJING_wood,korean,,당산,localization/korean/hub_names_l_korean.yml,1017,hub,false,STATE_BEIJING,당산
HUB_NAME_STATE_SHANXI_city,korean,,태원,localization/korean/hub_names_l_korean.yml,1018,hub,false,STATE_SHANXI,태원
HUB_NAME_STATE_SHANXI_mine,korean,,여양,localization/korean/hub_names_l_korean.yml,1020,hub,false,STATE_SHANXI,여양
HUB_NAME_STATE_SHANXI_farm,korean,,임분,localization/korean/hub_names_l_korean.yml,1021,hub,false,STATE_SHANXI,임분
HUB_NAME_STATE_SHANXI_wood,korean,,대동,localization/korean/hub_names_l_korean.yml,1022,hub,false,STATE_SHANXI,대동
HUB_NAME_STATE_ZHILI_city,korean,,보정,localization/korean/hub_names_l_korean.yml,1023,hub,false,STATE_ZHILI,보정
HUB_NAME_STATE_ZHILI_port,korean,,상주,localization/korean/hub_names_l_korean.yml,1024,hub,false,STATE_ZHILI,상주
HUB_NAME_STATE_ZHILI_mine,korean,,석가장,localization/korean/hub_names_l_korean.yml,1025,hub,false,STATE_ZHILI,석가장
HUB_NAME_STATE_ZHILI_farm,korean,,덕주,localization/korean/hub_names_l_korean.yml,1026,hub,false,STATE_ZHILI,덕주
HUB_NAME_STATE_ZHILI_wood,korean,,헝수이,localization/korean/hub_names_l_korean.yml,1027,hub,false,STATE_ZHILI,헝수이
HUB_NAME_STATE_SHANDONG_city,korean,,제남,localization/korean/hub_names_l_korean.yml,1028,hub,false,STATE_SHANDONG,제남
HUB_NAME_STATE_SHANDONG_port,korean,,청도,localization/korean/hub_names_l_korean.yml,1029,hub,false,STATE_SHANDONG,청도
HUB_NAME_STATE_SHANDONG_mine,korean,,일조,localization/korean/hub_names_l_korean.yml,1030,hub,false,STATE_SHANDONG,일조
HUB_NAME_STATE_SHANDONG_farm,korean,,임기,localization/korean/hub_names_l_korean.yml,1031,hub,false,STATE_SHANDONG,임기
HUB_NAME_STATE_SHANDONG_wood,korean,,연태,localization/korean/hub_names_l_korean.yml,1032,hub,false,STATE_SHANDONG,연태
HUB_NAME_STATE_JIANGSU_city,korean,,숙천,localization/korean/hub_names_l_korean.yml,1033,hub,false,STATE_JIANGSU,숙천
HUB_NAME_STATE_JIANGSU_port,korean,,하이즈호우,localization/korean/hub_names_l_korean.yml,1034,hub,false,STATE_JIANGSU,하이즈호우
HUB_NAME_STATE_JIANGSU_mine,korean,,화이안,localization/korean/hub_names_l_korean.yml,1035,hub,false,STATE_JIANGSU,화이안
HUB_NAME_STATE_JIANGSU_farm,korean,,염성,localization/korean/hub_names_l_korean.yml,1036,hub,false,STATE_JIANGSU,염성
HUB_NAME_STATE_JIANGSU_wood,korean,,태주,localization/korean/hub_names_l_korean.yml,1037,hub,false,STATE_JIANGSU,태주
HUB_NAME_STATE_NORTHERN_ANHUI_city,korean,,주구,localization/korean/hub_names_l_korean.yml,1038,hub,false,STATE_NORTHERN_ANHUI,주구
HUB_NAME_STATE_NORTHERN_ANHUI_port,korean,,이름,localization/korean/hub_names_l_korean.yml,1039,hub,false,STATE_NORTHERN_ANHUI,이름
HUB_NAME_STATE_NORTHERN_ANHUI_mine,korean,,상구,localization/korean/hub_names_l_korean.yml,1040,hub,false,STATE_NORTHERN_ANHUI,상구
HUB_NAME_STATE_NORTHERN_ANHUI_farm,korean,,숙주,localization/korean/hub_names_l_korean.yml,1041,hub,false,STATE_NORTHERN_ANHUI,숙주
HUB_NAME_STATE_NORTHERN_ANHUI_wood,korean,,서주,localization/korean/hub_names_l_korean.yml,1042,hub,false,STATE_NORTHERN_ANHUI,서주
HUB_NAME_STATE_HENAN_city,korean,,정주,localization/korean/hub_names_l_korean.yml,1043,hub,false,STATE_HENAN,정주
HUB_NAME_STATE_HENAN_mine,korean,,운성,localization/korean/hub_names_l_korean.yml,1045,hub,false,STATE_HENAN,운성
HUB_NAME_STATE_HENAN_farm,korean,,남양,localization/korean/hub_names_l_korean.yml,1046,hub,false,STATE_HENAN,남양
HUB_NAME_STATE_HENAN_wood,korean,,주마점,localization/korean/hub_names_l_korean.yml,1047,hub,false,STATE_HENAN,주마점
HUB_NAME_STATE_WESTERN_HUBEI_city,korean,,의창,localization/korean/hub_names_l_korean.yml,1048,hub,false,STATE_WESTERN_HUBEI,의창
HUB_NAME_STATE_WESTERN_HUBEI_port,korean,,이름,localization/korean/hub_names_l_korean.yml,1049,hub,false,STATE_WESTERN_HUBEI,이름
HUB_NAME_STATE_WESTERN_HUBEI_mine,korean,,함양,localization/korean/hub_names_l_korean.yml,1050,hub,false,STATE_WESTERN_HUBEI,함양
HUB_NAME_STATE_WESTERN_HUBEI_farm,korean,,십언,localization/korean/hub_names_l_korean.yml,1051,hub,false,STATE_WESTERN_HUBEI,십언
HUB_NAME_STATE_WESTERN_HUBEI_wood,korean,,영문,localization/korean/hub_names_l_korean.yml,1052,hub,false,STATE_WESTERN_HUBEI,영문
HUB_NAME_STATE_EASTERN_HUBEI_city,korean,,무창,localization/korean/hub_names_l_korean.yml,1053,hub,false,STATE_EASTERN_HUBEI,무창
HUB_NAME_STATE_EASTERN_HUBEI_mine,korean,,함녕,localization/korean/hub_names_l_korean.yml,1055,hub,false,STATE_EASTERN_HUBEI,함녕
HUB_NAME_STATE_EASTERN_HUBEI_farm,korean,,효감,localization/korean/hub_names_l_korean.yml,1056,hub,false,STATE_EASTERN_HUBEI,효감
HUB_NAME_STATE_EASTERN_HUBEI_wood,korean,,황강,localization/korean/hub_names_l_korean.yml,1057,hub,false,STATE_EASTERN_HUBEI,황강
HUB_NAME_STATE_SOUTHERN_ANHUI_city,korean,,합비,localization/korean/hub_names_l_korean.yml,1058,hub,false,STATE_SOUTHERN_ANHUI,합비
HUB_NAME_STATE_SOUTHERN_ANHUI_mine,korean,,선성,localization/korean/hub_names_l_korean.yml,1060,hub,false,STATE_SOUTHERN_ANHUI,선성
HUB_NAME_STATE_SOUTHERN_ANHUI_farm,korean,,안경,localization/korean/hub_names_l_korean.yml,1061,hub,false,STATE_SOUTHERN_ANHUI,안경
HUB_NAME_STATE_SOUTHERN_ANHUI_wood,korean,,육안,localization/korean/hub_names_l_korean.yml,1062,hub,false,STATE_SOUTHERN_ANHUI,육안
HUB_NAME_STATE_NANJING_city,korean,,남경,localization/korean/hub_names_l_korean.yml,1063,hub,false,STATE_NANJING,남경
HUB_NAME_STATE_NANJING_mine,korean,,진강,localization/korean/hub_names_l_korean.yml,1065,hub,false,STATE_NANJING,진강
HUB_NAME_STATE_NANJING_farm,korean,,무호,localization/korean/hub_names_l_korean.yml,1066,hub,false,STATE_NANJING,무호
HUB_NAME_STATE_NANJING_wood,korean,,저주,localization/korean/hub_names_l_korean.yml,1067,hub,false,STATE_NANJING,저주
HUB_NAME_STATE_SUZHOU_city,korean,,상해,localization/korean/hub_names_l_korean.yml,1068,hub,false,STATE_SUZHOU,상해
HUB_NAME_STATE_SUZHOU_port,korean,,남통,localization/korean/hub_names_l_korean.yml,1069,hub,false,STATE_SUZHOU,남통
HUB_NAME_STATE_SUZHOU_mine,korean,,무석,localization/korean/hub_names_l_korean.yml,1070,hub,false,STATE_SUZHOU,무석
HUB_NAME_STATE_SUZHOU_farm,korean,,상주,localization/korean/hub_names_l_korean.yml,1071,hub,false,STATE_SUZHOU,상주
HUB_NAME_STATE_SUZHOU_wood,korean,,숙주,localization/korean/hub_names_l_korean.yml,1072,hub,false,STATE_SUZHOU,숙주
HUB_NAME_STATE_ZHEJIANG_city,korean,,항주,localization/korean/hub_names_l_korean.yml,1073,hub,false,STATE_ZHEJIANG,항주
HUB_NAME_STATE_ZHEJIANG_port,korean,,온주,localization/korean/hub_names_l_korean.yml,1074,hub,false,STATE_ZHEJIANG,온주
HUB_NAME_STATE_ZHEJIANG_mine,korean,,영파,localization/korean/hub_names_l_korean.yml,1075,hub,false,STATE_ZHEJIANG,영파
HUB_NAME_STATE_ZHEJIANG_farm,korean,,태주,localization/korean/hub_names_l_korean.yml,1076,hub,false,STATE_ZHEJIANG,태주
HUB_NAME_STATE_ZHEJIANG_wood,korean,,금화,localization/korean/hub_names_l_korean.yml,1077,hub,false,STATE_ZHEJIANG,금화
HUB_NAME_STATE_FUJIAN_city,korean,,용암,localization/korean/hub_names_l_korean.yml,1078,hub,false,STATE_FUJIAN,용암
HUB_NAME_STATE_FUJIAN_port,korean,,천주,localization/korean/hub_names_l_korean.yml,1079,hub,false,STATE_FUJIAN,천주
HUB_NAME_STATE_FUJIAN_mine,korean,,남평,localization/korean/hub_names_l_korean.yml,1080,hub,false,STATE_FUJIAN,남평
HUB_NAME_STATE_FUJIAN_farm,korean,,삼명,localization/korean/hub_names_l_korean.yml,1081,hub,false,STATE_FUJIAN,삼명
HUB_NAME_STATE_FUJIAN_wood,korean,,하문,localization/korean/hub_names_l_korean.yml,1082,hub,false,STATE_FUJIAN,하문
HUB_NAME_STATE_FORMOSA_city,korean,,태북,localization/korean/hub_names_l_korean.yml,1083,hub,false,STATE_FORMOSA,태북
HUB_NAME_STATE_FORMOSA_port,korean,,타코우,localization/korean/hub_names_l_korean.yml,1084,hub,false,STATE_FORMOSA,타코우
HUB_NAME_STATE_FORMOSA_mine,korean,,켈룽,localization/korean/hub_names_l_korean.yml,1085,hub,false,STATE_FORMOSA,켈룽
HUB_NAME_STATE_FORMOSA_farm,korean,,태중,localization/korean/hub_names_l_korean.yml,1086,hub,false,STATE_FORMOSA,태중
HUB_NAME_STATE_FORMOSA_wood,korean,,태남,localization/korean/hub_names_l_korean.yml,1087,hub,false,STATE_FORMOSA,태남
HUB_NAME_STATE_SHAOZHOU_city,korean,,소관,localization/korean/hub_names_l_korean.yml,1088,hub,false,STATE_SHAOZHOU,소관
HUB_NAME_STATE_SHAOZHOU_port,korean,,홍콩,localization/korean/hub_names_l_korean.yml,1089,hub,false,STATE_SHAOZHOU,홍콩
HUB_NAME_STATE_SHAOZHOU_mine,korean,,하원,localization/korean/hub_names_l_korean.yml,1090,hub,false,STATE_SHAOZHOU,하원
HUB_NAME_STATE_SHAOZHOU_farm,korean,,매주,localization/korean/hub_names_l_korean.yml,1091,hub,false,STATE_SHAOZHOU,매주
HUB_NAME_STATE_SHAOZHOU_wood,korean,,게양,localization/korean/hub_names_l_korean.yml,1092,hub,false,STATE_SHAOZHOU,게양
HUB_NAME_STATE_JIANGXI_city,korean,,남창,localization/korean/hub_names_l_korean.yml,1093,hub,false,STATE_JIANGXI,남창
HUB_NAME_STATE_JIANGXI_mine,korean,,감주,localization/korean/hub_names_l_korean.yml,1095,hub,false,STATE_JIANGXI,감주
HUB_NAME_STATE_JIANGXI_farm,korean,,길안,localization/korean/hub_names_l_korean.yml,1096,hub,false,STATE_JIANGXI,길안
HUB_NAME_STATE_JIANGXI_wood,korean,,응담,localization/korean/hub_names_l_korean.yml,1097,hub,false,STATE_JIANGXI,응담
HUB_NAME_STATE_HUNAN_city,korean,,장사,localization/korean/hub_names_l_korean.yml,1098,hub,false,STATE_HUNAN,장사
HUB_NAME_STATE_HUNAN_mine,korean,,장가계,localization/korean/hub_names_l_korean.yml,1100,hub,false,STATE_HUNAN,장가계
HUB_NAME_STATE_HUNAN_farm,korean,,회화,localization/korean/hub_names_l_korean.yml,1101,hub,false,STATE_HUNAN,회화
HUB_NAME_STATE_HUNAN_wood,korean,,상덕,localization/korean/hub_names_l_korean.yml,1102,hub,false,STATE_HUNAN,상덕
HUB_NAME_STATE_GUANGDONG_city,korean,,광주,localization/korean/hub_names_l_korean.yml,1103,hub,false,STATE_GUANGDONG,광주
HUB_NAME_STATE_GUANGDONG_port,korean,,마카오,localization/korean/hub_names_l_korean.yml,1104,hub,false,STATE_GUANGDONG,마카오
HUB_NAME_STATE_GUANGDONG_mine,korean,,삼아,localization/korean/hub_names_l_korean.yml,1105,hub,false,STATE_GUANGDONG,삼아
HUB_NAME_STATE_GUANGDONG_farm,korean,,무명,localization/korean/hub_names_l_korean.yml,1106,hub,false,STATE_GUANGDONG,무명
HUB_NAME_STATE_GUANGDONG_wood,korean,,해구,localization/korean/hub_names_l_korean.yml,1107,hub,false,STATE_GUANGDONG,해구
HUB_NAME_STATE_GUANGXI_city,korean,,남녕,localization/korean/hub_names_l_korean.yml,1108,hub,false,STATE_GUANGXI,남녕
HUB_NAME_STATE_GUANGXI_mine,korean,,침주,localization/korean/hub_names_l_korean.yml,1110,hub,false,STATE_GUANGXI,침주
HUB_NAME_STATE_GUANGXI_farm,korean,,계림,localization/korean/hub_names_l_korean.yml,1111,hub,false,STATE_GUANGXI,계림
HUB_NAME_STATE_GUANGXI_wood,korean,,하지,localization/korean/hub_names_l_korean.yml,1112,hub,false,STATE_GUANGXI,하지
HUB_NAME_STATE_YUNNAN_city,korean,,곤명,localization/korean/hub_names_l_korean.yml,1113,hub,false,STATE_YUNNAN,곤명
HUB_NAME_STATE_YUNNAN_mine,korean,,곡정,localization/korean/hub_names_l_korean.yml,1115,hub,false,STATE_YUNNAN,곡정
HUB_NAME_STATE_YUNNAN_farm,korean,,대리,localization/korean/hub_names_l_korean.yml,1116,hub,false,STATE_YUNNAN,대리
HUB_NAME_STATE_YUNNAN_wood,korean,,여강,localization/korean/hub_names_l_korean.yml,1117,hub,false,STATE_YUNNAN,여강
HUB_NAME_STATE_SICHUAN_city,korean,,성도,localization/korean/hub_names_l_korean.yml,1118,hub,false,STATE_SICHUAN,성도
HUB_NAME_STATE_SICHUAN_mine,korean,,시창,localization/korean/hub_names_l_korean.yml,1120,hub,false,STATE_SICHUAN,시창
HUB_NAME_STATE_SICHUAN_farm,korean,,아안,localization/korean/hub_names_l_korean.yml,1121,hub,false,STATE_SICHUAN,아안
HUB_NAME_STATE_SICHUAN_wood,korean,,노주,localization/korean/hub_names_l_korean.yml,1122,hub,false,STATE_SICHUAN,노주
HUB_NAME_STATE_GUIZHOU_city,korean,,귀양,localization/korean/hub_names_l_korean.yml,1123,hub,false,STATE_GUIZHOU,귀양
HUB_NAME_STATE_GUIZHOU_mine,korean,,두윈,localization/korean/hub_names_l_korean.yml,1124,hub,false,STATE_GUIZHOU,두윈
HUB_NAME_STATE_GUIZHOU_farm,korean,,소통,localization/korean/hub_names_l_korean.yml,1125,hub,false,STATE_GUIZHOU,소통
HUB_NAME_STATE_GUIZHOU_wood,korean,,안순,localization/korean/hub_names_l_korean.yml,1126,hub,false,STATE_GUIZHOU,안순
HUB_NAME_STATE_CHONGQING_city,korean,,중경,localization/korean/hub_names_l_korean.yml,1127,hub,false,STATE_CHONGQING,중경
HUB_NAME_STATE_CHONGQING_mine,korean,,광원,localization/korean/hub_names_l_korean.yml,1128,hub,false,STATE_CHONGQING,광원
HUB_NAME_STATE_CHONGQING_farm,korean,,남충,localization/korean/hub_names_l_korean.yml,1129,hub,false,STATE_CHONGQING,남충
HUB_NAME_STATE_CHONGQING_wood,korean,,면양,localization/korean/hub_names_l_korean.yml,1130,hub,false,STATE_CHONGQING,면양
HUB_NAME_STATE_XIAN_city,korean,,서안,localization/korean/hub_names_l_korean.yml,1131,hub,false,STATE_XIAN,서안
HUB_NAME_STATE_XIAN_mine,korean,,보계,localization/korean/hub_names_l_korean.yml,1132,hub,false,STATE_XIAN,보계
HUB_NAME_STATE_XIAN_farm,korean,,한중,localization/korean/hub_names_l_korean.yml,1133,hub,false,STATE_XIAN,한중
HUB_NAME_STATE_XIAN_wood,korean,,연안,localization/korean/hub_names_l_korean.yml,1134,hub,false,STATE_XIAN,연안
HUB_NAME_STATE_NINGXIA_city,korean,,난주,localization/korean/hub_names_l_korean.yml,1135,hub,false,STATE_NINGXIA,난주
HUB_NAME_STATE_NINGXIA_mine,korean,,임하,localization/korean/hub_names_l_korean.yml,1136,hub,false,STATE_NINGXIA,임하
HUB_NAME_STATE_NINGXIA_farm,korean,,천수,localization/korean/hub_names_l_korean.yml,1137,hub,false,STATE_NINGXIA,천수
HUB_NAME_STATE_NINGXIA_wood,korean,,농남,localization/korean/hub_names_l_korean.yml,1138,hub,false,STATE_NINGXIA,농남
HUB_NAME_STATE_QINGHAI_city,korean,,더링하,localization/korean/hub_names_l_korean.yml,1139,hub,false,STATE_QINGHAI,더링하
HUB_NAME_STATE_QINGHAI_mine,korean,,거얼무,localization/korean/hub_names_l_korean.yml,1140,hub,false,STATE_QINGHAI,거얼무
HUB_NAME_STATE_QINGHAI_farm,korean,,과락,localization/korean/hub_names_l_korean.yml,1141,hub,false,STATE_QINGHAI,과락
HUB_NAME_STATE_QINGHAI_wood,korean,,옥수,localization/korean/hub_names_l_korean.yml,1142,hub,false,STATE_QINGHAI,옥수
HUB_NAME_STATE_GANSU_city,korean,,주천,localization/korean/hub_names_l_korean.yml,1143,hub,false,STATE_GANSU,주천
HUB_NAME_STATE_GANSU_mine,korean,,돈황,localization/korean/hub_names_l_korean.yml,1144,hub,false,STATE_GANSU,돈황
HUB_NAME_STATE_GANSU_farm,korean,,장액,localization/korean/hub_names_l_korean.yml,1145,hub,false,STATE_GANSU,장액
HUB_NAME_STATE_GANSU_wood,korean,,서녕,localization/korean/hub_names_l_korean.yml,1146,hub,false,STATE_GANSU,서녕
HUB_NAME_STATE_ALXA_city,korean,,오달,localization/korean/hub_names_l_korean.yml,1147,hub,false,STATE_ALXA,오달
HUB_NAME_STATE_ALXA_mine,korean,,시비 후렌,localization/korean/hub_names_l_korean.yml,1148,hub,false,STATE_ALXA,시비 후렌
HUB_NAME_STATE_ALXA_farm,korean,,덩가닝,localization/korean/hub_names_l_korean.yml,1149,hub,false,STATE_ALXA,덩가닝
HUB_NAME_STATE_ALXA_wood,korean,,금창,localization/korean/hub_names_l_korean.yml,1150,hub,false,STATE_ALXA,금창
HUB_NAME_STATE_HINGGAN_city,korean,,오르도스,localization/korean/hub_names_l_korean.yml,1151,hub,false,STATE_HINGGAN,오르도스
HUB_NAME_STATE_HINGGAN_mine,korean,,바얀누르,localization/korean/hub_names_l_korean.yml,1152,hub,false,STATE_HINGGAN,바얀누르
HUB_NAME_STATE_HINGGAN_farm,korean,,시린하오터,localization/korean/hub_names_l_korean.yml,1153,hub,false,STATE_HINGGAN,시린하오터
HUB_NAME_STATE_HINGGAN_wood,korean,,유림,localization/korean/hub_names_l_korean.yml,1154,hub,false,STATE_HINGGAN,유림
HUB_NAME_STATE_URGA_city,korean,,우르가,localization/korean/hub_names_l_korean.yml,1155,hub,false,STATE_URGA,우르가
HUB_NAME_STATE_URGA_mine,korean,,달란자드가드,localization/korean/hub_names_l_korean.yml,1156,hub,false,STATE_URGA,달란자드가드
HUB_NAME_STATE_URGA_farm,korean,,바룬우르트,localization/korean/hub_names_l_korean.yml,1157,hub,false,STATE_URGA,바룬우르트
HUB_NAME_STATE_URGA_wood,korean,,마이마이청,localization/korean/hub_names_l_korean.yml,1158,hub,false,STATE_URGA,마이마이청
HUB_NAME_STATE_ULIASTAI_city,korean,,바얀홍고르,localization/korean/hub_names_l_korean.yml,1159,hub,false,STATE_ULIASTAI,바얀홍고르
HUB_NAME_STATE_ULIASTAI_mine,korean,,샤르가,localization/korean/hub_names_l_korean.yml,1160,hub,false,STATE_ULIASTAI,샤르가
HUB_NAME_STATE_ULIASTAI_farm,korean,,호르고,localization/korean/hub_names_l_korean.yml,1161,hub,false,STATE_ULIASTAI,호르고
HUB_NAME_STATE_ULIASTAI_wood,korean,,울기,localization/korean/hub_names_l_korean.yml,1162,hub,false,STATE_ULIASTAI,울기
HUB_NAME_STATE_DZUNGARIA_city,korean,,우루무치,localization/korean/hub_names_l_korean.yml,1163,hub,false,STATE_DZUNGARIA,우루무치
HUB_NAME_STATE_DZUNGARIA_mine,korean,,쿠이툰,localization/korean/hub_names_l_korean.yml,1164,hub,false,STATE_DZUNGARIA,쿠이툰
HUB_NAME_STATE_DZUNGARIA_farm,korean,,일리,localization/korean/hub_names_l_korean.yml,1165,hub,false,STATE_DZUNGARIA,일리
HUB_NAME_STATE_DZUNGARIA_wood,korean,,드루즈바,localization/korean/hub_names_l_korean.yml,1166,hub,false,STATE_DZUNGARIA,드루즈바
HUB_NAME_STATE_TIANSHAN_city,korean,,카슈가르,localization/korean/hub_names_l_korean.yml,1167,hub,false,STATE_TIANSHAN,카슈가르
HUB_NAME_STATE_TIANSHAN_mine,korean,,악수,localization/korean/hub_names_l_korean.yml,1168,hub,false,STATE_TIANSHAN,악수
HUB_NAME_STATE_TIANSHAN_farm,korean,,호탄,localization/korean/hub_names_l_korean.yml,1169,hub,false,STATE_TIANSHAN,호탄
HUB_NAME_STATE_TIANSHAN_wood,korean,,우차,localization/korean/hub_names_l_korean.yml,1170,hub,false,STATE_TIANSHAN,우차
HUB_NAME_STATE_NGARI_city,korean,,응아리,localization/korean/hub_names_l_korean.yml,1171,hub,false,STATE_NGARI,응아리
HUB_NAME_STATE_NGARI_mine,korean,,라체,localization/korean/hub_names_l_korean.yml,1172,hub,false,STATE_NGARI,라체
HUB_NAME_STATE_NGARI_farm,korean,,드롱파,localization/korean/hub_names_l_korean.yml,1173,hub,false,STATE_NGARI,드롱파
HUB_NAME_STATE_NGARI_wood,korean,,라가,localization/korean/hub_names_l_korean.yml,1174,hub,false,STATE_NGARI,라가
HUB_NAME_STATE_LHASA_city,korean,,라싸,localization/korean/hub_names_l_korean.yml,1175,hub,false,STATE_LHASA,라싸
HUB_NAME_STATE_LHASA_mine,korean,,마이조쿵가르,localization/korean/hub_names_l_korean.yml,1176,hub,false,STATE_LHASA,마이조쿵가르
HUB_NAME_STATE_LHASA_farm,korean,,낙추,localization/korean/hub_names_l_korean.yml,1177,hub,false,STATE_LHASA,낙추
HUB_NAME_STATE_LHASA_wood,korean,,포메,localization/korean/hub_names_l_korean.yml,1178,hub,false,STATE_LHASA,포메
HUB_NAME_STATE_HIMALAYAS_city,korean,,카트만두,localization/korean/hub_names_l_korean.yml,1179,hub,false,STATE_HIMALAYAS,카트만두
HUB_NAME_STATE_HIMALAYAS_mine,korean,,포카라,localization/korean/hub_names_l_korean.yml,1180,hub,false,STATE_HIMALAYAS,포카라
HUB_NAME_STATE_HIMALAYAS_farm,korean,,푸나카,localization/korean/hub_names_l_korean.yml,1181,hub,false,STATE_HIMALAYAS,푸나카
HUB_NAME_STATE_HIMALAYAS_wood,korean,,강톡,localization/korean/hub_names_l_korean.yml,1182,hub,false,STATE_HIMALAYAS,강톡
HUB_NAME_STATE_KASHMIR_city,korean,,스리나가르,localization/korean/hub_names_l_korean.yml,1183,hub,false,STATE_KASHMIR,스리나가르
HUB_NAME_STATE_KASHMIR_mine,korean,,카르길,localization/korean/hub_names_l_korean.yml,1184,hub,false,STATE_KASHMIR,카르길
HUB_NAME_STATE_KASHMIR_farm,korean,,따시강,localization/korean/hub_names_l_korean.yml,1185,hub,false,STATE_KASHMIR,따시강
HUB_NAME_STATE_KASHMIR_wood,korean,,레,localization/korean/hub_names_l_korean.yml,1186,hub,false,STATE_KASHMIR,레
HUB_NAME_STATE_TAJIKISTAN_city,korean,,두샨베,localization/korean/hub_names_l_korean.yml,1187,hub,false,STATE_TAJIKISTAN,두샨베
HUB_NAME_STATE_TAJIKISTAN_mine,korean,,쿨롭,localization/korean/hub_names_l_korean.yml,1188,hub,false,STATE_TAJIKISTAN,쿨롭
HUB_NAME_STATE_TAJIKISTAN_farm,korean,,후잔트,localization/korean/hub_names_l_korean.yml,1189,hub,false,STATE_TAJIKISTAN,후잔트
HUB_NAME_STATE_TAJIKISTAN_wood,korean,,아니,localization/korean/hub_names_l_korean.yml,1190,hub,false,STATE_TAJIKISTAN,아니
HUB_NAME_STATE_KIRGHIZIA_city,korean,,코칸트,localization/korean/hub_names_l_korean.yml,1191,hub,false,STATE_KIRGHIZIA,코칸트
HUB_NAME_STATE_KIRGHIZIA_mine,korean,,나린,localization/korean/hub_names_l_korean.yml,1192,hub,false,STATE_KIRGHIZIA,나린
HUB_NAME_STATE_KIRGHIZIA_farm,korean,,페르가나,localization/korean/hub_names_l_korean.yml,1193,hub,false,STATE_KIRGHIZIA,페르가나
HUB_NAME_STATE_KIRGHIZIA_wood,korean,,카라콜,localization/korean/hub_names_l_korean.yml,1194,hub,false,STATE_KIRGHIZIA,카라콜
HUB_NAME_STATE_SEMIRECHE_city,korean,,카라간디,localization/korean/hub_names_l_korean.yml,1195,hub,false,STATE_SEMIRECHE,카라간디
HUB_NAME_STATE_SEMIRECHE_mine,korean,,세미팔라틴스크,localization/korean/hub_names_l_korean.yml,1196,hub,false,STATE_SEMIRECHE,세미팔라틴스크
HUB_NAME_STATE_SEMIRECHE_farm,korean,,카르카랄리,localization/korean/hub_names_l_korean.yml,1197,hub,false,STATE_SEMIRECHE,카르카랄리
HUB_NAME_STATE_SEMIRECHE_wood,korean,,우스트 카멘고르스크,localization/korean/hub_names_l_korean.yml,1198,hub,false,STATE_SEMIRECHE,우스트 카멘고르스크
HUB_NAME_STATE_JETISY_city,korean,,알마틴스크,localization/korean/hub_names_l_korean.yml,1199,hub,false,STATE_JETISY,알마틴스크
HUB_NAME_STATE_JETISY_mine,korean,,자르켄트,localization/korean/hub_names_l_korean.yml,1200,hub,false,STATE_JETISY,자르켄트
HUB_NAME_STATE_JETISY_farm,korean,,탈디코르간,localization/korean/hub_names_l_korean.yml,1201,hub,false,STATE_JETISY,탈디코르간
HUB_NAME_STATE_JETISY_wood,korean,,우샤랄,localization/korean/hub_names_l_korean.yml,1202,hub,false,STATE_JETISY,우샤랄
HUB_NAME_STATE_AKMOLINSK_city,korean,,아크몰린스크,localization/korean/hub_names_l_korean.yml,1203,hub,false,STATE_AKMOLINSK,아크몰린스크
HUB_NAME_STATE_AKMOLINSK_mine,korean,,키질로르다,localization/korean/hub_names_l_korean.yml,1204,hub,false,STATE_AKMOLINSK,키질로르다
HUB_NAME_STATE_AKMOLINSK_farm,korean,,콕셰타우,localization/korean/hub_names_l_korean.yml,1205,hub,false,STATE_AKMOLINSK,콕셰타우
HUB_NAME_STATE_AKMOLINSK_wood,korean,,파블로다르,localization/korean/hub_names_l_korean.yml,1206,hub,false,STATE_AKMOLINSK,파블로다르
HUB_NAME_STATE_UZBEKIA_city,korean,,사마르칸트,localization/korean/hub_names_l_korean.yml,1207,hub,false,STATE_UZBEKIA,사마르칸트
HUB_NAME_STATE_UZBEKIA_mine,korean,,카르시,localization/korean/hub_names_l_korean.yml,1208,hub,false,STATE_UZBEKIA,카르시
HUB_NAME_STATE_UZBEKIA_farm,korean,,타슈켄트,localization/korean/hub_names_l_korean.yml,1209,hub,false,STATE_UZBEKIA,타슈켄트
HUB_NAME_STATE_UZBEKIA_wood,korean,,쉼켄트,localization/korean/hub_names_l_korean.yml,1210,hub,false,STATE_UZBEKIA,쉼켄트
HUB_NAME_STATE_KHIVA_city,korean,,탠디,localization/korean/hub_names_l_korean.yml,1211,hub,false,STATE_KHIVA,탠디
HUB_NAME_STATE_KHIVA_mine,korean,,자나오젠,localization/korean/hub_names_l_korean.yml,1212,hub,false,STATE_KHIVA,자나오젠
HUB_NAME_STATE_KHIVA_farm,korean,,누쿠스,localization/korean/hub_names_l_korean.yml,1213,hub,false,STATE_KHIVA,누쿠스
HUB_NAME_STATE_KHIVA_wood,korean,,우르겐치,localization/korean/hub_names_l_korean.yml,1214,hub,false,STATE_KHIVA,우르겐치
HUB_NAME_STATE_TURKMENIA_city,korean,,아슈가바트,localization/korean/hub_names_l_korean.yml,1215,hub,false,STATE_TURKMENIA,아슈가바트
HUB_NAME_STATE_TURKMENIA_mine,korean,,발카나바트,localization/korean/hub_names_l_korean.yml,1216,hub,false,STATE_TURKMENIA,발카나바트
HUB_NAME_STATE_TURKMENIA_farm,korean,,마리,localization/korean/hub_names_l_korean.yml,1217,hub,false,STATE_TURKMENIA,마리
HUB_NAME_STATE_TURKMENIA_wood,korean,,투르크메나바트,localization/korean/hub_names_l_korean.yml,1218,hub,false,STATE_TURKMENIA,투르크메나바트
HUB_NAME_STATE_AZERBAIJAN_city,korean,,바쿠,localization/korean/hub_names_l_korean.yml,1219,hub,false,STATE_AZERBAIJAN,바쿠
HUB_NAME_STATE_AZERBAIJAN_mine,korean,,랑카란,localization/korean/hub_names_l_korean.yml,1221,hub,false,STATE_AZERBAIJAN,랑카란
HUB_NAME_STATE_AZERBAIJAN_farm,korean,,자카탈라,localization/korean/hub_names_l_korean.yml,1222,hub,false,STATE_AZERBAIJAN,자카탈라
HUB_NAME_STATE_AZERBAIJAN_wood,korean,,옐리자베트폴,localization/korean/hub_names_l_korean.yml,1223,hub,false,STATE_AZERBAIJAN,옐리자베트폴
HUB_NAME_STATE_GREATER_CAUCASUS_city,korean,,트빌리시,localization/korean/hub_names_l_korean.yml,1224,hub,false,STATE_GREATER_CAUCASUS,트빌리시
HUB_NAME_STATE_GREATER_CAUCASUS_port,korean,,포티,localization/korean/hub_names_l_korean.yml,1225,hub,false,STATE_GREATER_CAUCASUS,포티
HUB_NAME_STATE_GREATER_CAUCASUS_mine,korean,,쿠타이시,localization/korean/hub_names_l_korean.yml,1226,hub,false,STATE_GREATER_CAUCASUS,쿠타이시
HUB_NAME_STATE_GREATER_CAUCASUS_farm,korean,,고리,localization/korean/hub_names_l_korean.yml,1227,hub,false,STATE_GREATER_CAUCASUS,고리
HUB_NAME_STATE_GREATER_CAUCASUS_wood,korean,,텔라비,localization/korean/hub_names_l_korean.yml,1228,hub,false,STATE_GREATER_CAUCASUS,텔라비
HUB_NAME_STATE_ARMENIA_city,korean,,예레반,localization/korean/hub_names_l_korean.yml,1229,hub,false,STATE_ARMENIA,예레반
HUB_NAME_STATE_ARMENIA_mine,korean,,노르 바예제트,localization/korean/hub_names_l_korean.yml,1231,hub,false,STATE_ARMENIA,노르 바예제트
HUB_NAME_STATE_ARMENIA_farm,korean,,알렉산드로폴,localization/korean/hub_names_l_korean.yml,1232,hub,false,STATE_ARMENIA,알렉산드로폴
HUB_NAME_STATE_ARMENIA_wood,korean,,나크치반,localization/korean/hub_names_l_korean.yml,1233,hub,false,STATE_ARMENIA,나크치반
HUB_NAME_STATE_ERZURUM_city,korean,,에르주룸,localization/korean/hub_names_l_korean.yml,1234,hub,false,STATE_ERZURUM,에르주룸
HUB_NAME_STATE_ERZURUM_mine,korean,,에르진잔,localization/korean/hub_names_l_korean.yml,1236,hub,false,STATE_ERZURUM,에르진잔
HUB_NAME_STATE_ERZURUM_farm,korean,,문,localization/korean/hub_names_l_korean.yml,1237,hub,false,STATE_ERZURUM,문
HUB_NAME_STATE_ERZURUM_wood,korean,,무쉬,localization/korean/hub_names_l_korean.yml,1238,hub,false,STATE_ERZURUM,무쉬
HUB_NAME_STATE_KARS_city,korean,,카르스,localization/korean/hub_names_l_korean.yml,1239,hub,false,STATE_KARS,카르스
HUB_NAME_STATE_KARS_port,korean,,바툼,localization/korean/hub_names_l_korean.yml,1240,hub,false,STATE_KARS,바툼
HUB_NAME_STATE_KARS_mine,korean,,익디르,localization/korean/hub_names_l_korean.yml,1241,hub,false,STATE_KARS,익디르
HUB_NAME_STATE_KARS_farm,korean,,아르다한,localization/korean/hub_names_l_korean.yml,1242,hub,false,STATE_KARS,아르다한
HUB_NAME_STATE_KARS_wood,korean,,아르트빈,localization/korean/hub_names_l_korean.yml,1243,hub,false,STATE_KARS,아르트빈
HUB_NAME_STATE_TRABZON_city,korean,,오르두,localization/korean/hub_names_l_korean.yml,1244,hub,false,STATE_TRABZON,오르두
HUB_NAME_STATE_TRABZON_port,korean,,기레순,localization/korean/hub_names_l_korean.yml,1245,hub,false,STATE_TRABZON,기레순
HUB_NAME_STATE_TRABZON_mine,korean,,리제,localization/korean/hub_names_l_korean.yml,1246,hub,false,STATE_TRABZON,리제
HUB_NAME_STATE_TRABZON_farm,korean,,삼순,localization/korean/hub_names_l_korean.yml,1247,hub,false,STATE_TRABZON,삼순
HUB_NAME_STATE_TRABZON_wood,korean,,트라브존,localization/korean/hub_names_l_korean.yml,1248,hub,false,STATE_TRABZON,트라브존
HUB_NAME_STATE_ANKARA_city,korean,,카이세리,localization/korean/hub_names_l_korean.yml,1249,hub,false,STATE_ANKARA,카이세리
HUB_NAME_STATE_ANKARA_mine,korean,,요즈가트,localization/korean/hub_names_l_korean.yml,1250,hub,false,STATE_ANKARA,요즈가트
HUB_NAME_STATE_ANKARA_farm,korean,,시바스,localization/korean/hub_names_l_korean.yml,1251,hub,false,STATE_ANKARA,시바스
HUB_NAME_STATE_ANKARA_wood,korean,,앙카라,localization/korean/hub_names_l_korean.yml,1252,hub,false,STATE_ANKARA,앙카라
HUB_NAME_STATE_KASTAMONU_city,korean,,카스타모누,localization/korean/hub_names_l_korean.yml,1253,hub,false,STATE_KASTAMONU,카스타모누
HUB_NAME_STATE_KASTAMONU_port,korean,,지노프,localization/korean/hub_names_l_korean.yml,1254,hub,false,STATE_KASTAMONU,지노프
HUB_NAME_STATE_KASTAMONU_mine,korean,,켕기리,localization/korean/hub_names_l_korean.yml,1255,hub,false,STATE_KASTAMONU,켕기리
HUB_NAME_STATE_KASTAMONU_farm,korean,,볼루,localization/korean/hub_names_l_korean.yml,1256,hub,false,STATE_KASTAMONU,볼루
HUB_NAME_STATE_KASTAMONU_wood,korean,,에렐리,localization/korean/hub_names_l_korean.yml,1257,hub,false,STATE_KASTAMONU,에렐리
HUB_NAME_STATE_HUDAVENDIGAR_city,korean,,부르사,localization/korean/hub_names_l_korean.yml,1258,hub,false,STATE_HUDAVENDIGAR,부르사
HUB_NAME_STATE_HUDAVENDIGAR_port,korean,,이즈미트,localization/korean/hub_names_l_korean.yml,1259,hub,false,STATE_HUDAVENDIGAR,이즈미트
HUB_NAME_STATE_HUDAVENDIGAR_mine,korean,,빌레지크,localization/korean/hub_names_l_korean.yml,1260,hub,false,STATE_HUDAVENDIGAR,빌레지크
HUB_NAME_STATE_HUDAVENDIGAR_farm,korean,,비가,localization/korean/hub_names_l_korean.yml,1261,hub,false,STATE_HUDAVENDIGAR,비가
HUB_NAME_STATE_HUDAVENDIGAR_wood,korean,,발르케시르,localization/korean/hub_names_l_korean.yml,1262,hub,false,STATE_HUDAVENDIGAR,발르케시르
HUB_NAME_STATE_EASTERN_THRACE_city,korean,,콘스탄티노폴리스,localization/korean/hub_names_l_korean.yml,1263,hub,false,STATE_EASTERN_THRACE,콘스탄티노폴리스
HUB_NAME_STATE_EASTERN_THRACE_port,korean,,겔리볼루,localization/korean/hub_names_l_korean.yml,1264,hub,false,STATE_EASTERN_THRACE,겔리볼루
HUB_NAME_STATE_EASTERN_THRACE_mine,korean,,커크 킬리세,localization/korean/hub_names_l_korean.yml,1265,hub,false,STATE_EASTERN_THRACE,커크 킬리세
HUB_NAME_STATE_EASTERN_THRACE_farm,korean,,아드리아노폴리스,localization/korean/hub_names_l_korean.yml,1266,hub,false,STATE_EASTERN_THRACE,아드리아노폴리스
HUB_NAME_STATE_EASTERN_THRACE_wood,korean,,미드예,localization/korean/hub_names_l_korean.yml,1267,hub,false,STATE_EASTERN_THRACE,미드예
HUB_NAME_STATE_AYDIN_city,korean,,이즈미르,localization/korean/hub_names_l_korean.yml,1268,hub,false,STATE_AYDIN,이즈미르
HUB_NAME_STATE_AYDIN_port,korean,,칼레이 술타니예,localization/korean/hub_names_l_korean.yml,1269,hub,false,STATE_AYDIN,칼레이 술타니예
HUB_NAME_STATE_AYDIN_mine,korean,,무글라,localization/korean/hub_names_l_korean.yml,1270,hub,false,STATE_AYDIN,무글라
HUB_NAME_STATE_AYDIN_farm,korean,,마니사,localization/korean/hub_names_l_korean.yml,1271,hub,false,STATE_AYDIN,마니사
HUB_NAME_STATE_AYDIN_wood,korean,,아이든,localization/korean/hub_names_l_korean.yml,1272,hub,false,STATE_AYDIN,아이든
HUB_NAME_STATE_KONYA_city,korean,,코니아,localization/korean/hub_names_l_korean.yml,1273,hub,false,STATE_KONYA,코니아
HUB_NAME_STATE_KONYA_port,korean,,안탈리아,localization/korean/hub_names_l_korean.yml,1274,hub,false,STATE_KONYA,안탈리아
HUB_NAME_STATE_KONYA_mine,korean,,아피온,localization/korean/hub_names_l_korean.yml,1275,hub,false,STATE_KONYA,아피온
HUB_NAME_STATE_KONYA_farm,korean,,데니즐리,localization/korean/hub_names_l_korean.yml,1276,hub,false,STATE_KONYA,데니즐리
HUB_NAME_STATE_KONYA_wood,korean,,에스키셰히르,localization/korean/hub_names_l_korean.yml,1277,hub,false,STATE_KONYA,에스키셰히르
HUB_NAME_STATE_CYPRUS_city,korean,,니코시아,localization/korean/hub_names_l_korean.yml,1278,hub,false,STATE_CYPRUS,니코시아
HUB_NAME_STATE_CYPRUS_port,korean,,라르나카,localization/korean/hub_names_l_korean.yml,1279,hub,false,STATE_CYPRUS,라르나카
HUB_NAME_STATE_CYPRUS_farm,korean,,레프케,localization/korean/hub_names_l_korean.yml,1280,hub,false,STATE_CYPRUS,레프케
HUB_NAME_STATE_CYPRUS_wood,korean,,리마솔,localization/korean/hub_names_l_korean.yml,1281,hub,false,STATE_CYPRUS,리마솔
HUB_NAME_STATE_ADANA_city,korean,,아다나,localization/korean/hub_names_l_korean.yml,1282,hub,false,STATE_ADANA,아다나
HUB_NAME_STATE_ADANA_port,korean,,메르신,localization/korean/hub_names_l_korean.yml,1283,hub,false,STATE_ADANA,메르신
HUB_NAME_STATE_ADANA_mine,korean,,코잔,localization/korean/hub_names_l_korean.yml,1284,hub,false,STATE_ADANA,코잔
HUB_NAME_STATE_ADANA_farm,korean,,실리프케,localization/korean/hub_names_l_korean.yml,1285,hub,false,STATE_ADANA,실리프케
HUB_NAME_STATE_ADANA_wood,korean,,아인타브,localization/korean/hub_names_l_korean.yml,1286,hub,false,STATE_ADANA,아인타브
HUB_NAME_STATE_DIYARBAKIR_city,korean,,말라티아,localization/korean/hub_names_l_korean.yml,1287,hub,false,STATE_DIYARBAKIR,말라티아
HUB_NAME_STATE_DIYARBAKIR_mine,korean,,하카리,localization/korean/hub_names_l_korean.yml,1288,hub,false,STATE_DIYARBAKIR,하카리
HUB_NAME_STATE_DIYARBAKIR_farm,korean,,우르파,localization/korean/hub_names_l_korean.yml,1289,hub,false,STATE_DIYARBAKIR,우르파
HUB_NAME_STATE_DIYARBAKIR_wood,korean,,디야르바크르,localization/korean/hub_names_l_korean.yml,1290,hub,false,STATE_DIYARBAKIR,디야르바크르
HUB_NAME_STATE_DEIR_EZ_ZOR_city,korean,,데이르,localization/korean/hub_names_l_korean.yml,1291,hub,false,STATE_DEIR_EZ_ZOR,데이르
HUB_NAME_STATE_DEIR_EZ_ZOR_mine,korean,,아부 카말,localization/korean/hub_names_l_korean.yml,1292,hub,false,STATE_DEIR_EZ_ZOR,아부 카말
HUB_NAME_STATE_DEIR_EZ_ZOR_farm,korean,,라스 알 아인,localization/korean/hub_names_l_korean.yml,1293,hub,false,STATE_DEIR_EZ_ZOR,라스 알 아인
HUB_NAME_STATE_DEIR_EZ_ZOR_wood,korean,,라카,localization/korean/hub_names_l_korean.yml,1294,hub,false,STATE_DEIR_EZ_ZOR,라카
HUB_NAME_STATE_ALEPPO_city,korean,,알레포,localization/korean/hub_names_l_korean.yml,1295,hub,false,STATE_ALEPPO,알레포
HUB_NAME_STATE_ALEPPO_port,korean,,타르투스,localization/korean/hub_names_l_korean.yml,1296,hub,false,STATE_ALEPPO,타르투스
HUB_NAME_STATE_ALEPPO_mine,korean,,안티오크,localization/korean/hub_names_l_korean.yml,1297,hub,false,STATE_ALEPPO,안티오크
HUB_NAME_STATE_ALEPPO_farm,korean,,라타키아,localization/korean/hub_names_l_korean.yml,1298,hub,false,STATE_ALEPPO,라타키아
HUB_NAME_STATE_ALEPPO_wood,korean,,알렉산드레타,localization/korean/hub_names_l_korean.yml,1299,hub,false,STATE_ALEPPO,알렉산드레타
HUB_NAME_STATE_SYRIA_city,korean,,다마스쿠스,localization/korean/hub_names_l_korean.yml,1300,hub,false,STATE_SYRIA,다마스쿠스
HUB_NAME_STATE_SYRIA_mine,korean,,하마,localization/korean/hub_names_l_korean.yml,1301,hub,false,STATE_SYRIA,하마
HUB_NAME_STATE_SYRIA_farm,korean,,홈스,localization/korean/hub_names_l_korean.yml,1302,hub,false,STATE_SYRIA,홈스
HUB_NAME_STATE_SYRIA_wood,korean,,살라미야,localization/korean/hub_names_l_korean.yml,1303,hub,false,STATE_SYRIA,살라미야
HUB_NAME_STATE_LEBANON_city,korean,,베이루트,localization/korean/hub_names_l_korean.yml,1304,hub,false,STATE_LEBANON,베이루트
HUB_NAME_STATE_LEBANON_port,korean,,트리폴리,localization/korean/hub_names_l_korean.yml,1305,hub,false,STATE_LEBANON,트리폴리
HUB_NAME_STATE_LEBANON_mine,korean,,자흘레,localization/korean/hub_names_l_korean.yml,1306,hub,false,STATE_LEBANON,자흘레
HUB_NAME_STATE_LEBANON_farm,korean,,데이르 알 카마르,localization/korean/hub_names_l_korean.yml,1307,hub,false,STATE_LEBANON,데이르 알 카마르
HUB_NAME_STATE_LEBANON_wood,korean,,시돈,localization/korean/hub_names_l_korean.yml,1308,hub,false,STATE_LEBANON,시돈
HUB_NAME_STATE_PALESTINE_city,korean,,예루살렘,localization/korean/hub_names_l_korean.yml,1309,hub,false,STATE_PALESTINE,예루살렘
HUB_NAME_STATE_PALESTINE_port,korean,,자파,localization/korean/hub_names_l_korean.yml,1310,hub,false,STATE_PALESTINE,자파
HUB_NAME_STATE_PALESTINE_mine,korean,,히브론,localization/korean/hub_names_l_korean.yml,1311,hub,false,STATE_PALESTINE,히브론
HUB_NAME_STATE_PALESTINE_farm,korean,,가자,localization/korean/hub_names_l_korean.yml,1312,hub,false,STATE_PALESTINE,가자
HUB_NAME_STATE_PALESTINE_wood,korean,,아크레,localization/korean/hub_names_l_korean.yml,1313,hub,false,STATE_PALESTINE,아크레
HUB_NAME_STATE_TRANSJORDAN_city,korean,,알 살트,localization/korean/hub_names_l_korean.yml,1314,hub,false,STATE_TRANSJORDAN,알 살트
HUB_NAME_STATE_TRANSJORDAN_port,korean,,아카바,localization/korean/hub_names_l_korean.yml,1315,hub,false,STATE_TRANSJORDAN,아카바
HUB_NAME_STATE_TRANSJORDAN_mine,korean,,마안,localization/korean/hub_names_l_korean.yml,1316,hub,false,STATE_TRANSJORDAN,마안
HUB_NAME_STATE_TRANSJORDAN_farm,korean,,케락,localization/korean/hub_names_l_korean.yml,1317,hub,false,STATE_TRANSJORDAN,케락
HUB_NAME_STATE_TRANSJORDAN_wood,korean,,타필라,localization/korean/hub_names_l_korean.yml,1318,hub,false,STATE_TRANSJORDAN,타필라
HUB_NAME_STATE_HEDJAZ_city,korean,,메카,localization/korean/hub_names_l_korean.yml,1319,hub,false,STATE_HEDJAZ,메카
HUB_NAME_STATE_HEDJAZ_port,korean,,알 쿤푸다,localization/korean/hub_names_l_korean.yml,1320,hub,false,STATE_HEDJAZ,알 쿤푸다
HUB_NAME_STATE_HEDJAZ_mine,korean,,메디나,localization/korean/hub_names_l_korean.yml,1321,hub,false,STATE_HEDJAZ,메디나
HUB_NAME_STATE_HEDJAZ_farm,korean,,타부크,localization/korean/hub_names_l_korean.yml,1322,hub,false,STATE_HEDJAZ,타부크
HUB_NAME_STATE_HEDJAZ_wood,korean,,지다,localization/korean/hub_names_l_korean.yml,1323,hub,false,STATE_HEDJAZ,지다
HUB_NAME_STATE_YEMEN_city,korean,,아덴,localization/korean/hub_names_l_korean.yml,1324,hub,false,STATE_YEMEN,아덴
HUB_NAME_STATE_YEMEN_port,korean,,알 후다이다,localization/korean/hub_names_l_korean.yml,1325,hub,false,STATE_YEMEN,알 후다이다
HUB_NAME_STATE_YEMEN_mine,korean,,사나,localization/korean/hub_names_l_korean.yml,1326,hub,false,STATE_YEMEN,사나
HUB_NAME_STATE_YEMEN_farm,korean,,알 무칼라,localization/korean/hub_names_l_korean.yml,1327,hub,false,STATE_YEMEN,알 무칼라
HUB_NAME_STATE_YEMEN_wood,korean,,타이즈,localization/korean/hub_names_l_korean.yml,1328,hub,false,STATE_YEMEN,타이즈
HUB_NAME_STATE_OMAN_city,korean,,무스카트,localization/korean/hub_names_l_korean.yml,1329,hub,false,STATE_OMAN,무스카트
HUB_NAME_STATE_OMAN_port,korean,,살랄라,localization/korean/hub_names_l_korean.yml,1330,hub,false,STATE_OMAN,살랄라
HUB_NAME_STATE_OMAN_mine,korean,,니즈와,localization/korean/hub_names_l_korean.yml,1331,hub,false,STATE_OMAN,니즈와
HUB_NAME_STATE_OMAN_farm,korean,,소하르,localization/korean/hub_names_l_korean.yml,1332,hub,false,STATE_OMAN,소하르
HUB_NAME_STATE_OMAN_wood,korean,,수르,localization/korean/hub_names_l_korean.yml,1333,hub,false,STATE_OMAN,수르
HUB_NAME_STATE_ABU_DHABI_city,korean,,마나마,localization/korean/hub_names_l_korean.yml,1334,hub,false,STATE_ABU_DHABI,마나마
HUB_NAME_STATE_ABU_DHABI_port,korean,,아부 다비,localization/korean/hub_names_l_korean.yml,1335,hub,false,STATE_ABU_DHABI,아부 다비
HUB_NAME_STATE_ABU_DHABI_mine,korean,,도하,localization/korean/hub_names_l_korean.yml,1336,hub,false,STATE_ABU_DHABI,도하
HUB_NAME_STATE_ABU_DHABI_farm,korean,,샤르자,localization/korean/hub_names_l_korean.yml,1337,hub,false,STATE_ABU_DHABI,샤르자
HUB_NAME_STATE_ABU_DHABI_wood,korean,,카사브,localization/korean/hub_names_l_korean.yml,1338,hub,false,STATE_ABU_DHABI,카사브
HUB_NAME_STATE_NEJD_city,korean,,리야드,localization/korean/hub_names_l_korean.yml,1339,hub,false,STATE_NEJD,리야드
HUB_NAME_STATE_NEJD_port,korean,,다흐란,localization/korean/hub_names_l_korean.yml,1340,hub,false,STATE_NEJD,다흐란
HUB_NAME_STATE_NEJD_mine,korean,,우나이자,localization/korean/hub_names_l_korean.yml,1341,hub,false,STATE_NEJD,우나이자
HUB_NAME_STATE_NEJD_farm,korean,,하사,localization/korean/hub_names_l_korean.yml,1342,hub,false,STATE_NEJD,하사
HUB_NAME_STATE_NEJD_wood,korean,,부카이크,localization/korean/hub_names_l_korean.yml,1343,hub,false,STATE_NEJD,부카이크
HUB_NAME_STATE_HAIL_city,korean,,부라이다,localization/korean/hub_names_l_korean.yml,1344,hub,false,STATE_HAIL,부라이다
HUB_NAME_STATE_HAIL_port,korean,,담맘,localization/korean/hub_names_l_korean.yml,1345,hub,false,STATE_HAIL,담맘
HUB_NAME_STATE_HAIL_mine,korean,,하일,localization/korean/hub_names_l_korean.yml,1346,hub,false,STATE_HAIL,하일
HUB_NAME_STATE_HAIL_farm,korean,,카티프,localization/korean/hub_names_l_korean.yml,1347,hub,false,STATE_HAIL,카티프
HUB_NAME_STATE_HAIL_wood,korean,,사프와,localization/korean/hub_names_l_korean.yml,1348,hub,false,STATE_HAIL,사프와
HUB_NAME_STATE_BASRA_city,korean,,바스라,localization/korean/hub_names_l_korean.yml,1349,hub,false,STATE_BASRA,바스라
HUB_NAME_STATE_BASRA_port,korean,,쿠웨이트,localization/korean/hub_names_l_korean.yml,1350,hub,false,STATE_BASRA,쿠웨이트
HUB_NAME_STATE_BASRA_mine,korean,,쿠트,localization/korean/hub_names_l_korean.yml,1351,hub,false,STATE_BASRA,쿠트
HUB_NAME_STATE_BASRA_farm,korean,,아마라,localization/korean/hub_names_l_korean.yml,1352,hub,false,STATE_BASRA,아마라
HUB_NAME_STATE_BASRA_wood,korean,,나시리야,localization/korean/hub_names_l_korean.yml,1353,hub,false,STATE_BASRA,나시리야
HUB_NAME_STATE_BAGHDAD_city,korean,,바그다드,localization/korean/hub_names_l_korean.yml,1354,hub,false,STATE_BAGHDAD,바그다드
HUB_NAME_STATE_BAGHDAD_mine,korean,,나자프,localization/korean/hub_names_l_korean.yml,1355,hub,false,STATE_BAGHDAD,나자프
HUB_NAME_STATE_BAGHDAD_farm,korean,,사마라,localization/korean/hub_names_l_korean.yml,1356,hub,false,STATE_BAGHDAD,사마라
HUB_NAME_STATE_BAGHDAD_wood,korean,,카르발라,localization/korean/hub_names_l_korean.yml,1357,hub,false,STATE_BAGHDAD,카르발라
HUB_NAME_STATE_MOSUL_city,korean,,모술,localization/korean/hub_names_l_korean.yml,1358,hub,false,STATE_MOSUL,모술
HUB_NAME_STATE_MOSUL_port,korean,,이름,localization/korean/hub_names_l_korean.yml,1359,hub,false,STATE_MOSUL,이름
HUB_NAME_STATE_MOSUL_mine,korean,,키르쿠크,localization/korean/hub_names_l_korean.yml,1360,hub,false,STATE_MOSUL,키르쿠크
HUB_NAME_STATE_MOSUL_farm,korean,,에르빌,localization/korean/hub_names_l_korean.yml,1361,hub,false,STATE_MOSUL,에르빌
HUB_NAME_STATE_MOSUL_wood,korean,,술라이마니야,localization/korean/hub_names_l_korean.yml,1362,hub,false,STATE_MOSUL,술라이마니야
HUB_NAME_STATE_TABRIZ_city,korean,,타브리즈,localization/korean/hub_names_l_korean.yml,1364,hub,false,STATE_TABRIZ,타브리즈
HUB_NAME_STATE_TABRIZ_mine,korean,,수피얀,localization/korean/hub_names_l_korean.yml,1365,hub,false,STATE_TABRIZ,수피얀
HUB_NAME_STATE_TABRIZ_farm,korean,,마라게,localization/korean/hub_names_l_korean.yml,1366,hub,false,STATE_TABRIZ,마라게
HUB_NAME_STATE_TABRIZ_wood,korean,,아르다빌,localization/korean/hub_names_l_korean.yml,1367,hub,false,STATE_TABRIZ,아르다빌
HUB_NAME_STATE_LURISTAN_city,korean,,로레스탄,localization/korean/hub_names_l_korean.yml,1368,hub,false,STATE_LURISTAN,로레스탄
HUB_NAME_STATE_LURISTAN_mine,korean,,호라마바드,localization/korean/hub_names_l_korean.yml,1369,hub,false,STATE_LURISTAN,호라마바드
HUB_NAME_STATE_LURISTAN_farm,korean,,일람,localization/korean/hub_names_l_korean.yml,1370,hub,false,STATE_LURISTAN,일람
HUB_NAME_STATE_LURISTAN_wood,korean,,케르만샤,localization/korean/hub_names_l_korean.yml,1371,hub,false,STATE_LURISTAN,케르만샤
HUB_NAME_STATE_KHUZESTAN_city,korean,,아바즈,localization/korean/hub_names_l_korean.yml,1372,hub,false,STATE_KHUZESTAN,아바즈
HUB_NAME_STATE_KHUZESTAN_port,korean,,반다르 마흐샤흐르,localization/korean/hub_names_l_korean.yml,1373,hub,false,STATE_KHUZESTAN,반다르 마흐샤흐르
HUB_NAME_STATE_KHUZESTAN_mine,korean,,데즈풀,localization/korean/hub_names_l_korean.yml,1374,hub,false,STATE_KHUZESTAN,데즈풀
HUB_NAME_STATE_KHUZESTAN_farm,korean,,호람샤흐르,localization/korean/hub_names_l_korean.yml,1375,hub,false,STATE_KHUZESTAN,호람샤흐르
HUB_NAME_STATE_KHUZESTAN_wood,korean,,마스제드 솔레이만,localization/korean/hub_names_l_korean.yml,1376,hub,false,STATE_KHUZESTAN,마스제드 솔레이만
HUB_NAME_STATE_FARS_city,korean,,시라즈,localization/korean/hub_names_l_korean.yml,1377,hub,false,STATE_FARS,시라즈
HUB_NAME_STATE_FARS_port,korean,,부셰흐르,localization/korean/hub_names_l_korean.yml,1378,hub,false,STATE_FARS,부셰흐르
HUB_NAME_STATE_FARS_mine,korean,,야수즈,localization/korean/hub_names_l_korean.yml,1379,hub,false,STATE_FARS,야수즈
HUB_NAME_STATE_FARS_farm,korean,,캉간,localization/korean/hub_names_l_korean.yml,1380,hub,false,STATE_FARS,캉간
HUB_NAME_STATE_FARS_wood,korean,,베흐베한,localization/korean/hub_names_l_korean.yml,1381,hub,false,STATE_FARS,베흐베한
HUB_NAME_STATE_LARISTAN_city,korean,,핫지아바드,localization/korean/hub_names_l_korean.yml,1382,hub,false,STATE_LARISTAN,핫지아바드
HUB_NAME_STATE_LARISTAN_port,korean,,반다르 아바스,localization/korean/hub_names_l_korean.yml,1383,hub,false,STATE_LARISTAN,반다르 아바스
HUB_NAME_STATE_LARISTAN_mine,korean,,케르만,localization/korean/hub_names_l_korean.yml,1384,hub,false,STATE_LARISTAN,케르만
HUB_NAME_STATE_LARISTAN_farm,korean,,자스크,localization/korean/hub_names_l_korean.yml,1385,hub,false,STATE_LARISTAN,자스크
HUB_NAME_STATE_LARISTAN_wood,korean,,반다르 에 차라크,localization/korean/hub_names_l_korean.yml,1386,hub,false,STATE_LARISTAN,반다르 에 차라크
HUB_NAME_STATE_ISFAHAN_city,korean,,이스파한,localization/korean/hub_names_l_korean.yml,1387,hub,false,STATE_ISFAHAN,이스파한
HUB_NAME_STATE_ISFAHAN_mine,korean,,야즈드,localization/korean/hub_names_l_korean.yml,1388,hub,false,STATE_ISFAHAN,야즈드
HUB_NAME_STATE_ISFAHAN_farm,korean,,카샨,localization/korean/hub_names_l_korean.yml,1389,hub,false,STATE_ISFAHAN,카샨
HUB_NAME_STATE_ISFAHAN_wood,korean,,코메인,localization/korean/hub_names_l_korean.yml,1390,hub,false,STATE_ISFAHAN,코메인
HUB_NAME_STATE_IRAKAJEMI_city,korean,,테헤란,localization/korean/hub_names_l_korean.yml,1391,hub,false,STATE_IRAKAJEMI,테헤란
HUB_NAME_STATE_IRAKAJEMI_mine,korean,,쿰,localization/korean/hub_names_l_korean.yml,1392,hub,false,STATE_IRAKAJEMI,쿰
HUB_NAME_STATE_IRAKAJEMI_farm,korean,,카즈빈,localization/korean/hub_names_l_korean.yml,1393,hub,false,STATE_IRAKAJEMI,카즈빈
HUB_NAME_STATE_IRAKAJEMI_wood,korean,,셈난,localization/korean/hub_names_l_korean.yml,1394,hub,false,STATE_IRAKAJEMI,셈난
HUB_NAME_STATE_MAZANDARAN_city,korean,,사리,localization/korean/hub_names_l_korean.yml,1395,hub,false,STATE_MAZANDARAN,사리
HUB_NAME_STATE_MAZANDARAN_mine,korean,,라슈트,localization/korean/hub_names_l_korean.yml,1396,hub,false,STATE_MAZANDARAN,라슈트
HUB_NAME_STATE_MAZANDARAN_farm,korean,,카엠샤흐르,localization/korean/hub_names_l_korean.yml,1397,hub,false,STATE_MAZANDARAN,카엠샤흐르
HUB_NAME_STATE_MAZANDARAN_wood,korean,,차루스,localization/korean/hub_names_l_korean.yml,1398,hub,false,STATE_MAZANDARAN,차루스
HUB_NAME_STATE_KHORASAN_city,korean,,마슈하드,localization/korean/hub_names_l_korean.yml,1399,hub,false,STATE_KHORASAN,마슈하드
HUB_NAME_STATE_KHORASAN_mine,korean,,고나바드,localization/korean/hub_names_l_korean.yml,1400,hub,false,STATE_KHORASAN,고나바드
HUB_NAME_STATE_KHORASAN_farm,korean,,사브제바르,localization/korean/hub_names_l_korean.yml,1401,hub,false,STATE_KHORASAN,사브제바르
HUB_NAME_STATE_KHORASAN_wood,korean,,보즈누르드,localization/korean/hub_names_l_korean.yml,1402,hub,false,STATE_KHORASAN,보즈누르드
HUB_NAME_STATE_SISTAN_city,korean,,이란샤흐르,localization/korean/hub_names_l_korean.yml,1403,hub,false,STATE_SISTAN,이란샤흐르
HUB_NAME_STATE_SISTAN_port,korean,,차바하르,localization/korean/hub_names_l_korean.yml,1404,hub,false,STATE_SISTAN,차바하르
HUB_NAME_STATE_SISTAN_mine,korean,,자헤단,localization/korean/hub_names_l_korean.yml,1405,hub,false,STATE_SISTAN,자헤단
HUB_NAME_STATE_SISTAN_farm,korean,,라스크,localization/korean/hub_names_l_korean.yml,1406,hub,false,STATE_SISTAN,라스크
HUB_NAME_STATE_SISTAN_wood,korean,,자라바드,localization/korean/hub_names_l_korean.yml,1407,hub,false,STATE_SISTAN,자라바드
HUB_NAME_STATE_BALUCHISTAN_city,korean,,쇼라프,localization/korean/hub_names_l_korean.yml,1408,hub,false,STATE_BALUCHISTAN,쇼라프
HUB_NAME_STATE_BALUCHISTAN_port,korean,,과다르,localization/korean/hub_names_l_korean.yml,1409,hub,false,STATE_BALUCHISTAN,과다르
HUB_NAME_STATE_BALUCHISTAN_mine,korean,,쿠에타,localization/korean/hub_names_l_korean.yml,1410,hub,false,STATE_BALUCHISTAN,쿠에타
HUB_NAME_STATE_BALUCHISTAN_farm,korean,,오르마라,localization/korean/hub_names_l_korean.yml,1411,hub,false,STATE_BALUCHISTAN,오르마라
HUB_NAME_STATE_BALUCHISTAN_wood,korean,,투르밧,localization/korean/hub_names_l_korean.yml,1412,hub,false,STATE_BALUCHISTAN,투르밧
HUB_NAME_STATE_WESTERN_AFGHANISTAN_city,korean,,헤라트,localization/korean/hub_names_l_korean.yml,1413,hub,false,STATE_WESTERN_AFGHANISTAN,헤라트
HUB_NAME_STATE_WESTERN_AFGHANISTAN_mine,korean,,신단드,localization/korean/hub_names_l_korean.yml,1414,hub,false,STATE_WESTERN_AFGHANISTAN,신단드
HUB_NAME_STATE_WESTERN_AFGHANISTAN_farm,korean,,셰베르간,localization/korean/hub_names_l_korean.yml,1415,hub,false,STATE_WESTERN_AFGHANISTAN,셰베르간
HUB_NAME_STATE_WESTERN_AFGHANISTAN_wood,korean,,마자르 이 샤리프,localization/korean/hub_names_l_korean.yml,1416,hub,false,STATE_WESTERN_AFGHANISTAN,마자르 이 샤리프
HUB_NAME_STATE_EASTERN_AFGHANISTAN_city,korean,,카불,localization/korean/hub_names_l_korean.yml,1417,hub,false,STATE_EASTERN_AFGHANISTAN,카불
HUB_NAME_STATE_EASTERN_AFGHANISTAN_mine,korean,,가즈니,localization/korean/hub_names_l_korean.yml,1418,hub,false,STATE_EASTERN_AFGHANISTAN,가즈니
HUB_NAME_STATE_EASTERN_AFGHANISTAN_farm,korean,,잘라라바드,localization/korean/hub_names_l_korean.yml,1419,hub,false,STATE_EASTERN_AFGHANISTAN,잘라라바드
HUB_NAME_STATE_EASTERN_AFGHANISTAN_wood,korean,,페이자바드,localization/korean/hub_names_l_korean.yml,1420,hub,false,STATE_EASTERN_AFGHANISTAN,페이자바드
HUB_NAME_STATE_PASHTUNISTAN_city,korean,,코하트,localization/korean/hub_names_l_korean.yml,1421,hub,false,STATE_PASHTUNISTAN,코하트
HUB_NAME_STATE_PASHTUNISTAN_mine,korean,,민고라,localization/korean/hub_names_l_korean.yml,1422,hub,false,STATE_PASHTUNISTAN,민고라
HUB_NAME_STATE_PASHTUNISTAN_farm,korean,,페샤와르,localization/korean/hub_names_l_korean.yml,1423,hub,false,STATE_PASHTUNISTAN,페샤와르
HUB_NAME_STATE_PASHTUNISTAN_wood,korean,,반누,localization/korean/hub_names_l_korean.yml,1424,hub,false,STATE_PASHTUNISTAN,반누
HUB_NAME_STATE_PUNJAB_city,korean,,물탄,localization/korean/hub_names_l_korean.yml,1425,hub,false,STATE_PUNJAB,물탄
HUB_NAME_STATE_PUNJAB_mine,korean,,이슬라마바드,localization/korean/hub_names_l_korean.yml,1426,hub,false,STATE_PUNJAB,이슬라마바드
HUB_NAME_STATE_PUNJAB_farm,korean,,바하왈푸르,localization/korean/hub_names_l_korean.yml,1427,hub,false,STATE_PUNJAB,바하왈푸르
HUB_NAME_STATE_PUNJAB_wood,korean,,라호르,localization/korean/hub_names_l_korean.yml,1428,hub,false,STATE_PUNJAB,라호르
HUB_NAME_STATE_SINDH_city,korean,,하이데라바드,localization/korean/hub_names_l_korean.yml,1429,hub,false,STATE_SINDH,하이데라바드
HUB_NAME_STATE_SINDH_port,korean,,카라치,localization/korean/hub_names_l_korean.yml,1430,hub,false,STATE_SINDH,카라치
HUB_NAME_STATE_SINDH_mine,korean,,미르푸르 카스,localization/korean/hub_names_l_korean.yml,1431,hub,false,STATE_SINDH,미르푸르 카스
HUB_NAME_STATE_SINDH_farm,korean,,나와브샤,localization/korean/hub_names_l_korean.yml,1432,hub,false,STATE_SINDH,나와브샤
HUB_NAME_STATE_SINDH_wood,korean,,수쿠르,localization/korean/hub_names_l_korean.yml,1433,hub,false,STATE_SINDH,수쿠르
HUB_NAME_STATE_GUJARAT_city,korean,,아흐메다바드,localization/korean/hub_names_l_korean.yml,1434,hub,false,STATE_GUJARAT,아흐메다바드
HUB_NAME_STATE_GUJARAT_port,korean,,포르반다르,localization/korean/hub_names_l_korean.yml,1435,hub,false,STATE_GUJARAT,포르반다르
HUB_NAME_STATE_GUJARAT_mine,korean,,라즈코트,localization/korean/hub_names_l_korean.yml,1436,hub,false,STATE_GUJARAT,라즈코트
HUB_NAME_STATE_GUJARAT_farm,korean,,수라트,localization/korean/hub_names_l_korean.yml,1437,hub,false,STATE_GUJARAT,수라트
HUB_NAME_STATE_GUJARAT_wood,korean,,부지,localization/korean/hub_names_l_korean.yml,1438,hub,false,STATE_GUJARAT,부지
HUB_NAME_STATE_RAJPUTANA_city,korean,,자이푸르,localization/korean/hub_names_l_korean.yml,1439,hub,false,STATE_RAJPUTANA,자이푸르
HUB_NAME_STATE_RAJPUTANA_mine,korean,,코타,localization/korean/hub_names_l_korean.yml,1440,hub,false,STATE_RAJPUTANA,코타
HUB_NAME_STATE_RAJPUTANA_farm,korean,,아지메르,localization/korean/hub_names_l_korean.yml,1441,hub,false,STATE_RAJPUTANA,아지메르
HUB_NAME_STATE_RAJPUTANA_wood,korean,,비카네르,localization/korean/hub_names_l_korean.yml,1442,hub,false,STATE_RAJPUTANA,비카네르
HUB_NAME_STATE_DELHI_city,korean,,델리,localization/korean/hub_names_l_korean.yml,1443,hub,false,STATE_DELHI,델리
HUB_NAME_STATE_DELHI_mine,korean,,바레일리,localization/korean/hub_names_l_korean.yml,1444,hub,false,STATE_DELHI,바레일리
HUB_NAME_STATE_DELHI_farm,korean,,데흐라둔,localization/korean/hub_names_l_korean.yml,1445,hub,false,STATE_DELHI,데흐라둔
HUB_NAME_STATE_DELHI_wood,korean,,알리가르,localization/korean/hub_names_l_korean.yml,1446,hub,false,STATE_DELHI,알리가르
HUB_NAME_STATE_AWADH_city,korean,,알라하바드,localization/korean/hub_names_l_korean.yml,1447,hub,false,STATE_AWADH,알라하바드
HUB_NAME_STATE_AWADH_mine,korean,,고라크푸르,localization/korean/hub_names_l_korean.yml,1448,hub,false,STATE_AWADH,고라크푸르
HUB_NAME_STATE_AWADH_farm,korean,,칸푸르,localization/korean/hub_names_l_korean.yml,1449,hub,false,STATE_AWADH,칸푸르
HUB_NAME_STATE_AWADH_wood,korean,,루크노우,localization/korean/hub_names_l_korean.yml,1450,hub,false,STATE_AWADH,루크노우
HUB_NAME_STATE_CENTRAL_INDIA_city,korean,,인도르,localization/korean/hub_names_l_korean.yml,1451,hub,false,STATE_CENTRAL_INDIA,인도르
HUB_NAME_STATE_CENTRAL_INDIA_mine,korean,,레와,localization/korean/hub_names_l_korean.yml,1452,hub,false,STATE_CENTRAL_INDIA,레와
HUB_NAME_STATE_CENTRAL_INDIA_farm,korean,,괄리오르,localization/korean/hub_names_l_korean.yml,1453,hub,false,STATE_CENTRAL_INDIA,괄리오르
HUB_NAME_STATE_CENTRAL_INDIA_wood,korean,,보팔,localization/korean/hub_names_l_korean.yml,1454,hub,false,STATE_CENTRAL_INDIA,보팔
HUB_NAME_STATE_BOMBAY_city,korean,,봄베이,localization/korean/hub_names_l_korean.yml,1455,hub,false,STATE_BOMBAY,봄베이
HUB_NAME_STATE_BOMBAY_port,korean,,파나지,localization/korean/hub_names_l_korean.yml,1456,hub,false,STATE_BOMBAY,파나지
HUB_NAME_STATE_BOMBAY_mine,korean,,둘레,localization/korean/hub_names_l_korean.yml,1457,hub,false,STATE_BOMBAY,둘레
HUB_NAME_STATE_BOMBAY_farm,korean,,라트나기리,localization/korean/hub_names_l_korean.yml,1458,hub,false,STATE_BOMBAY,라트나기리
HUB_NAME_STATE_BOMBAY_wood,korean,,벨가움,localization/korean/hub_names_l_korean.yml,1459,hub,false,STATE_BOMBAY,벨가움
HUB_NAME_STATE_MYSORE_city,korean,,방갈로르,localization/korean/hub_names_l_korean.yml,1460,hub,false,STATE_MYSORE,방갈로르
HUB_NAME_STATE_MYSORE_port,korean,,망갈로르,localization/korean/hub_names_l_korean.yml,1461,hub,false,STATE_MYSORE,망갈로르
HUB_NAME_STATE_MYSORE_mine,korean,,치트라두르가,localization/korean/hub_names_l_korean.yml,1462,hub,false,STATE_MYSORE,치트라두르가
HUB_NAME_STATE_MYSORE_farm,korean,,마이소르,localization/korean/hub_names_l_korean.yml,1463,hub,false,STATE_MYSORE,마이소르
HUB_NAME_STATE_MYSORE_wood,korean,,시바모가,localization/korean/hub_names_l_korean.yml,1464,hub,false,STATE_MYSORE,시바모가
HUB_NAME_STATE_TRAVANCORE_city,korean,,캘리컷,localization/korean/hub_names_l_korean.yml,1465,hub,false,STATE_TRAVANCORE,캘리컷
HUB_NAME_STATE_TRAVANCORE_port,korean,,코치,localization/korean/hub_names_l_korean.yml,1466,hub,false,STATE_TRAVANCORE,코치
HUB_NAME_STATE_TRAVANCORE_mine,korean,,문나르,localization/korean/hub_names_l_korean.yml,1467,hub,false,STATE_TRAVANCORE,문나르
HUB_NAME_STATE_TRAVANCORE_farm,korean,,트리반드룸,localization/korean/hub_names_l_korean.yml,1468,hub,false,STATE_TRAVANCORE,트리반드룸
HUB_NAME_STATE_TRAVANCORE_wood,korean,,구달루르,localization/korean/hub_names_l_korean.yml,1469,hub,false,STATE_TRAVANCORE,구달루르
HUB_NAME_STATE_CEYLON_city,korean,,콜롬보,localization/korean/hub_names_l_korean.yml,1470,hub,false,STATE_CEYLON,콜롬보
HUB_NAME_STATE_CEYLON_port,korean,,자프나,localization/korean/hub_names_l_korean.yml,1471,hub,false,STATE_CEYLON,자프나
HUB_NAME_STATE_CEYLON_mine,korean,,담불라,localization/korean/hub_names_l_korean.yml,1472,hub,false,STATE_CEYLON,담불라
HUB_NAME_STATE_CEYLON_farm,korean,,바부니야,localization/korean/hub_names_l_korean.yml,1473,hub,false,STATE_CEYLON,바부니야
HUB_NAME_STATE_CEYLON_wood,korean,,트링코말리,localization/korean/hub_names_l_korean.yml,1474,hub,false,STATE_CEYLON,트링코말리
HUB_NAME_STATE_MADRAS_city,korean,,마드라스,localization/korean/hub_names_l_korean.yml,1475,hub,false,STATE_MADRAS,마드라스
HUB_NAME_STATE_MADRAS_port,korean,,폰디체리,localization/korean/hub_names_l_korean.yml,1476,hub,false,STATE_MADRAS,폰디체리
HUB_NAME_STATE_MADRAS_mine,korean,,크리슈나기리,localization/korean/hub_names_l_korean.yml,1477,hub,false,STATE_MADRAS,크리슈나기리
HUB_NAME_STATE_MADRAS_farm,korean,,벨로르,localization/korean/hub_names_l_korean.yml,1478,hub,false,STATE_MADRAS,벨로르
HUB_NAME_STATE_MADRAS_wood,korean,,살렘,localization/korean/hub_names_l_korean.yml,1479,hub,false,STATE_MADRAS,살렘
HUB_NAME_STATE_CIRCARS_city,korean,,쿠르눌,localization/korean/hub_names_l_korean.yml,1480,hub,false,STATE_CIRCARS,쿠르눌
HUB_NAME_STATE_CIRCARS_port,korean,,비샤카팔만,localization/korean/hub_names_l_korean.yml,1481,hub,false,STATE_CIRCARS,비샤카팔만
HUB_NAME_STATE_CIRCARS_mine,korean,,브라마푸르,localization/korean/hub_names_l_korean.yml,1482,hub,false,STATE_CIRCARS,브라마푸르
HUB_NAME_STATE_CIRCARS_farm,korean,,아도니,localization/korean/hub_names_l_korean.yml,1483,hub,false,STATE_CIRCARS,아도니
HUB_NAME_STATE_CIRCARS_wood,korean,,비자야와다,localization/korean/hub_names_l_korean.yml,1484,hub,false,STATE_CIRCARS,비자야와다
HUB_NAME_STATE_HYDERABAD_city,korean,,하이데라바드,localization/korean/hub_names_l_korean.yml,1485,hub,false,STATE_HYDERABAD,하이데라바드
HUB_NAME_STATE_HYDERABAD_mine,korean,,와랑갈,localization/korean/hub_names_l_korean.yml,1486,hub,false,STATE_HYDERABAD,와랑갈
HUB_NAME_STATE_HYDERABAD_farm,korean,,마흐부브나가르,localization/korean/hub_names_l_korean.yml,1487,hub,false,STATE_HYDERABAD,마흐부브나가르
HUB_NAME_STATE_HYDERABAD_wood,korean,,카르나레디,localization/korean/hub_names_l_korean.yml,1488,hub,false,STATE_HYDERABAD,카르나레디
HUB_NAME_STATE_NAGPUR_city,korean,,낙푸르,localization/korean/hub_names_l_korean.yml,1489,hub,false,STATE_NAGPUR,낙푸르
HUB_NAME_STATE_NAGPUR_mine,korean,,암비카푸르,localization/korean/hub_names_l_korean.yml,1490,hub,false,STATE_NAGPUR,암비카푸르
HUB_NAME_STATE_NAGPUR_farm,korean,,자그달푸르,localization/korean/hub_names_l_korean.yml,1491,hub,false,STATE_NAGPUR,자그달푸르
HUB_NAME_STATE_NAGPUR_wood,korean,,암라바티,localization/korean/hub_names_l_korean.yml,1492,hub,false,STATE_NAGPUR,암라바티
HUB_NAME_STATE_ORISSA_city,korean,,삼발푸르,localization/korean/hub_names_l_korean.yml,1493,hub,false,STATE_ORISSA,삼발푸르
HUB_NAME_STATE_ORISSA_port,korean,,발레슈와르,localization/korean/hub_names_l_korean.yml,1494,hub,false,STATE_ORISSA,발레슈와르
HUB_NAME_STATE_ORISSA_mine,korean,,케오니자르가르,localization/korean/hub_names_l_korean.yml,1495,hub,false,STATE_ORISSA,케오니자르가르
HUB_NAME_STATE_ORISSA_farm,korean,,부바네슈와르,localization/korean/hub_names_l_korean.yml,1496,hub,false,STATE_ORISSA,부바네슈와르
HUB_NAME_STATE_ORISSA_wood,korean,,풀라바니,localization/korean/hub_names_l_korean.yml,1497,hub,false,STATE_ORISSA,풀라바니
HUB_NAME_STATE_BIHAR_city,korean,,파트나,localization/korean/hub_names_l_korean.yml,1498,hub,false,STATE_BIHAR,파트나
HUB_NAME_STATE_BIHAR_mine,korean,,바갈푸르,localization/korean/hub_names_l_korean.yml,1499,hub,false,STATE_BIHAR,바갈푸르
HUB_NAME_STATE_BIHAR_farm,korean,,란치니,localization/korean/hub_names_l_korean.yml,1500,hub,false,STATE_BIHAR,란치니
HUB_NAME_STATE_BIHAR_wood,korean,,무자파르푸르,localization/korean/hub_names_l_korean.yml,1501,hub,false,STATE_BIHAR,무자파르푸르
HUB_NAME_STATE_NORTH_BENGAL_city,korean,,잠셰드푸르,localization/korean/hub_names_l_korean.yml,1502,hub,false,STATE_NORTH_BENGAL,잠셰드푸르
HUB_NAME_STATE_NORTH_BENGAL_mine,korean,,실리구리,localization/korean/hub_names_l_korean.yml,1503,hub,false,STATE_NORTH_BENGAL,실리구리
HUB_NAME_STATE_NORTH_BENGAL_farm,korean,,랑푸르,localization/korean/hub_names_l_korean.yml,1504,hub,false,STATE_NORTH_BENGAL,랑푸르
HUB_NAME_STATE_NORTH_BENGAL_wood,korean,,파브나,localization/korean/hub_names_l_korean.yml,1505,hub,false,STATE_NORTH_BENGAL,파브나
HUB_NAME_STATE_SOUTH_BENGAL_city,korean,,칼쿠타,localization/korean/hub_names_l_korean.yml,1506,hub,false,STATE_SOUTH_BENGAL,칼쿠타
HUB_NAME_STATE_SOUTH_BENGAL_port,korean,,콕스 바자르,localization/korean/hub_names_l_korean.yml,1507,hub,false,STATE_SOUTH_BENGAL,콕스 바자르
HUB_NAME_STATE_SOUTH_BENGAL_mine,korean,,쿠밀라,localization/korean/hub_names_l_korean.yml,1508,hub,false,STATE_SOUTH_BENGAL,쿠밀라
HUB_NAME_STATE_SOUTH_BENGAL_farm,korean,,차토그람,localization/korean/hub_names_l_korean.yml,1509,hub,false,STATE_SOUTH_BENGAL,차토그람
HUB_NAME_STATE_SOUTH_BENGAL_wood,korean,,바리샬,localization/korean/hub_names_l_korean.yml,1510,hub,false,STATE_SOUTH_BENGAL,바리샬
HUB_NAME_STATE_ASSAM_city,korean,,아이자울,localization/korean/hub_names_l_korean.yml,1511,hub,false,STATE_ASSAM,아이자울
HUB_NAME_STATE_ASSAM_mine,korean,,디브루가르,localization/korean/hub_names_l_korean.yml,1512,hub,false,STATE_ASSAM,디브루가르
HUB_NAME_STATE_ASSAM_farm,korean,,임팔,localization/korean/hub_names_l_korean.yml,1513,hub,false,STATE_ASSAM,임팔
HUB_NAME_STATE_ASSAM_wood,korean,,구와하티,localization/korean/hub_names_l_korean.yml,1514,hub,false,STATE_ASSAM,구와하티
HUB_NAME_STATE_KACHIN_city,korean,,미트키나,localization/korean/hub_names_l_korean.yml,1515,hub,false,STATE_KACHIN,미트키나
HUB_NAME_STATE_KACHIN_mine,korean,,칼레,localization/korean/hub_names_l_korean.yml,1516,hub,false,STATE_KACHIN,칼레
HUB_NAME_STATE_KACHIN_farm,korean,,히파칸,localization/korean/hub_names_l_korean.yml,1517,hub,false,STATE_KACHIN,히파칸
HUB_NAME_STATE_KACHIN_wood,korean,,푸타오,localization/korean/hub_names_l_korean.yml,1518,hub,false,STATE_KACHIN,푸타오
HUB_NAME_STATE_PEGU_city,korean,,양곤,localization/korean/hub_names_l_korean.yml,1519,hub,false,STATE_PEGU,양곤
HUB_NAME_STATE_PEGU_port,korean,,시트웨,localization/korean/hub_names_l_korean.yml,1520,hub,false,STATE_PEGU,시트웨
HUB_NAME_STATE_PEGU_mine,korean,,므라욱우,localization/korean/hub_names_l_korean.yml,1521,hub,false,STATE_PEGU,므라욱우
HUB_NAME_STATE_PEGU_farm,korean,,바고,localization/korean/hub_names_l_korean.yml,1522,hub,false,STATE_PEGU,바고
HUB_NAME_STATE_PEGU_wood,korean,,피아퐁,localization/korean/hub_names_l_korean.yml,1523,hub,false,STATE_PEGU,피아퐁
HUB_NAME_STATE_BURMA_city,korean,,만달레이,localization/korean/hub_names_l_korean.yml,1524,hub,false,STATE_BURMA,만달레이
HUB_NAME_STATE_BURMA_port,korean,,이름,localization/korean/hub_names_l_korean.yml,1525,hub,false,STATE_BURMA,이름
HUB_NAME_STATE_BURMA_mine,korean,,모니와,localization/korean/hub_names_l_korean.yml,1526,hub,false,STATE_BURMA,모니와
HUB_NAME_STATE_BURMA_farm,korean,,네피도,localization/korean/hub_names_l_korean.yml,1527,hub,false,STATE_BURMA,네피도
HUB_NAME_STATE_BURMA_wood,korean,,마궤,localization/korean/hub_names_l_korean.yml,1528,hub,false,STATE_BURMA,마궤
HUB_NAME_STATE_SHAN_STATES_city,korean,,타웅지,localization/korean/hub_names_l_korean.yml,1529,hub,false,STATE_SHAN_STATES,타웅지
HUB_NAME_STATE_SHAN_STATES_mine,korean,,쿠트카이,localization/korean/hub_names_l_korean.yml,1530,hub,false,STATE_SHAN_STATES,쿠트카이
HUB_NAME_STATE_SHAN_STATES_farm,korean,,켕 퉁,localization/korean/hub_names_l_korean.yml,1531,hub,false,STATE_SHAN_STATES,켕 퉁
HUB_NAME_STATE_SHAN_STATES_wood,korean,,라시오,localization/korean/hub_names_l_korean.yml,1532,hub,false,STATE_SHAN_STATES,라시오
HUB_NAME_STATE_CHIANG_MAI_city,korean,,치앙 마이,localization/korean/hub_names_l_korean.yml,1534,hub,false,STATE_CHIANG_MAI,치앙 마이
HUB_NAME_STATE_CHIANG_MAI_mine,korean,,난,localization/korean/hub_names_l_korean.yml,1535,hub,false,STATE_CHIANG_MAI,난
HUB_NAME_STATE_CHIANG_MAI_farm,korean,,람팡,localization/korean/hub_names_l_korean.yml,1536,hub,false,STATE_CHIANG_MAI,람팡
HUB_NAME_STATE_CHIANG_MAI_wood,korean,,치앙 라이,localization/korean/hub_names_l_korean.yml,1537,hub,false,STATE_CHIANG_MAI,치앙 라이
HUB_NAME_STATE_LAOS_city,korean,,루앙 프라방,localization/korean/hub_names_l_korean.yml,1538,hub,false,STATE_LAOS,루앙 프라방
HUB_NAME_STATE_LAOS_mine,korean,,비엔티안,localization/korean/hub_names_l_korean.yml,1539,hub,false,STATE_LAOS,비엔티안
HUB_NAME_STATE_LAOS_farm,korean,,참파삭,localization/korean/hub_names_l_korean.yml,1540,hub,false,STATE_LAOS,참파삭
HUB_NAME_STATE_LAOS_wood,korean,,남 하,localization/korean/hub_names_l_korean.yml,1541,hub,false,STATE_LAOS,남 하
HUB_NAME_STATE_TONKIN_city,korean,,하노이,localization/korean/hub_names_l_korean.yml,1542,hub,false,STATE_TONKIN,하노이
HUB_NAME_STATE_TONKIN_port,korean,,하이퐁,localization/korean/hub_names_l_korean.yml,1543,hub,false,STATE_TONKIN,하이퐁
HUB_NAME_STATE_TONKIN_mine,korean,,카오 방,localization/korean/hub_names_l_korean.yml,1544,hub,false,STATE_TONKIN,카오 방
HUB_NAME_STATE_TONKIN_farm,korean,,탄 호아,localization/korean/hub_names_l_korean.yml,1545,hub,false,STATE_TONKIN,탄 호아
HUB_NAME_STATE_TONKIN_wood,korean,,라오 카이,localization/korean/hub_names_l_korean.yml,1546,hub,false,STATE_TONKIN,라오 카이
HUB_NAME_STATE_ANNAM_city,korean,,다 낭,localization/korean/hub_names_l_korean.yml,1547,hub,false,STATE_ANNAM,다 낭
HUB_NAME_STATE_ANNAM_port,korean,,동 허이,localization/korean/hub_names_l_korean.yml,1548,hub,false,STATE_ANNAM,동 허이
HUB_NAME_STATE_ANNAM_mine,korean,,꽝 응아이,localization/korean/hub_names_l_korean.yml,1549,hub,false,STATE_ANNAM,꽝 응아이
HUB_NAME_STATE_ANNAM_farm,korean,,빈,localization/korean/hub_names_l_korean.yml,1550,hub,false,STATE_ANNAM,빈
HUB_NAME_STATE_ANNAM_wood,korean,,후에,localization/korean/hub_names_l_korean.yml,1551,hub,false,STATE_ANNAM,후에
HUB_NAME_STATE_MEKONG_city,korean,,사이공,localization/korean/hub_names_l_korean.yml,1552,hub,false,STATE_MEKONG,사이공
HUB_NAME_STATE_MEKONG_port,korean,,붕 타우,localization/korean/hub_names_l_korean.yml,1553,hub,false,STATE_MEKONG,붕 타우
HUB_NAME_STATE_MEKONG_mine,korean,,플레이쿠,localization/korean/hub_names_l_korean.yml,1554,hub,false,STATE_MEKONG,플레이쿠
HUB_NAME_STATE_MEKONG_farm,korean,,쿠이 년,localization/korean/hub_names_l_korean.yml,1555,hub,false,STATE_MEKONG,쿠이 년
HUB_NAME_STATE_MEKONG_wood,korean,,칸 토,localization/korean/hub_names_l_korean.yml,1556,hub,false,STATE_MEKONG,칸 토
HUB_NAME_STATE_CAMBODIA_city,korean,,프놈 펜,localization/korean/hub_names_l_korean.yml,1557,hub,false,STATE_CAMBODIA,프놈 펜
HUB_NAME_STATE_CAMBODIA_port,korean,,크롱 캄포트,localization/korean/hub_names_l_korean.yml,1558,hub,false,STATE_CAMBODIA,크롱 캄포트
HUB_NAME_STATE_CAMBODIA_mine,korean,,크롱 반 룽,localization/korean/hub_names_l_korean.yml,1559,hub,false,STATE_CAMBODIA,크롱 반 룽
HUB_NAME_STATE_CAMBODIA_farm,korean,,크롱 바탐방,localization/korean/hub_names_l_korean.yml,1560,hub,false,STATE_CAMBODIA,크롱 바탐방
HUB_NAME_STATE_CAMBODIA_wood,korean,,크롱 시엠 립,localization/korean/hub_names_l_korean.yml,1561,hub,false,STATE_CAMBODIA,크롱 시엠 립
HUB_NAME_STATE_NAKHON_RATCHASIMA_city,korean,,나콘 랏차시마,localization/korean/hub_names_l_korean.yml,1562,hub,false,STATE_NAKHON_RATCHASIMA,나콘 랏차시마
HUB_NAME_STATE_NAKHON_RATCHASIMA_port,korean,,파타야,localization/korean/hub_names_l_korean.yml,1563,hub,false,STATE_NAKHON_RATCHASIMA,파타야
HUB_NAME_STATE_NAKHON_RATCHASIMA_mine,korean,,사콘 나콘,localization/korean/hub_names_l_korean.yml,1564,hub,false,STATE_NAKHON_RATCHASIMA,사콘 나콘
HUB_NAME_STATE_NAKHON_RATCHASIMA_farm,korean,,우본 랏차타니,localization/korean/hub_names_l_korean.yml,1565,hub,false,STATE_NAKHON_RATCHASIMA,우본 랏차타니
HUB_NAME_STATE_NAKHON_RATCHASIMA_wood,korean,,콘 카엔,localization/korean/hub_names_l_korean.yml,1566,hub,false,STATE_NAKHON_RATCHASIMA,콘 카엔
HUB_NAME_STATE_BANGKOK_city,korean,,방콕,localization/korean/hub_names_l_korean.yml,1567,hub,false,STATE_BANGKOK,방콕
HUB_NAME_STATE_BANGKOK_port,korean,,사무트 송그람,localization/korean/hub_names_l_korean.yml,1568,hub,false,STATE_BANGKOK,사무트 송그람
HUB_NAME_STATE_BANGKOK_mine,korean,,피차누록,localization/korean/hub_names_l_korean.yml,1569,hub,false,STATE_BANGKOK,피차누록
HUB_NAME_STATE_BANGKOK_farm,korean,,사라부리,localization/korean/hub_names_l_korean.yml,1570,hub,false,STATE_BANGKOK,사라부리
HUB_NAME_STATE_BANGKOK_wood,korean,,나콘 사완,localization/korean/hub_names_l_korean.yml,1571,hub,false,STATE_BANGKOK,나콘 사완
HUB_NAME_STATE_TENASSERIM_city,korean,,프라추압 키리 칸,localization/korean/hub_names_l_korean.yml,1572,hub,false,STATE_TENASSERIM,프라추압 키리 칸
HUB_NAME_STATE_TENASSERIM_port,korean,,마울라미네 ,localization/korean/hub_names_l_korean.yml,1573,hub,false,STATE_TENASSERIM,마울라미네 
HUB_NAME_STATE_TENASSERIM_mine,korean,,트랑,localization/korean/hub_names_l_korean.yml,1574,hub,false,STATE_TENASSERIM,트랑
HUB_NAME_STATE_TENASSERIM_farm,korean,,춤폰,localization/korean/hub_names_l_korean.yml,1575,hub,false,STATE_TENASSERIM,춤폰
HUB_NAME_STATE_TENASSERIM_wood,korean,,송클라,localization/korean/hub_names_l_korean.yml,1576,hub,false,STATE_TENASSERIM,송클라
HUB_NAME_STATE_MALAYA_city,korean,,클랑,localization/korean/hub_names_l_korean.yml,1577,hub,false,STATE_MALAYA,클랑
HUB_NAME_STATE_MALAYA_port,korean,,싱가포르,localization/korean/hub_names_l_korean.yml,1578,hub,false,STATE_MALAYA,싱가포르
HUB_NAME_STATE_MALAYA_mine,korean,,조지 타운,localization/korean/hub_names_l_korean.yml,1579,hub,false,STATE_MALAYA,조지 타운
HUB_NAME_STATE_MALAYA_farm,korean,,무아르,localization/korean/hub_names_l_korean.yml,1580,hub,false,STATE_MALAYA,무아르
HUB_NAME_STATE_MALAYA_wood,korean,,쿠알라 켈란탄,localization/korean/hub_names_l_korean.yml,1581,hub,false,STATE_MALAYA,쿠알라 켈란탄
HUB_NAME_STATE_ACEH_city,korean,,메단,localization/korean/hub_names_l_korean.yml,1582,hub,false,STATE_ACEH,메단
HUB_NAME_STATE_ACEH_port,korean,,쿠타 라자,localization/korean/hub_names_l_korean.yml,1583,hub,false,STATE_ACEH,쿠타 라자
HUB_NAME_STATE_ACEH_mine,korean,,록세우마웨,localization/korean/hub_names_l_korean.yml,1584,hub,false,STATE_ACEH,록세우마웨
HUB_NAME_STATE_ACEH_farm,korean,,시볼가,localization/korean/hub_names_l_korean.yml,1585,hub,false,STATE_ACEH,시볼가
HUB_NAME_STATE_ACEH_wood,korean,,메울라보,localization/korean/hub_names_l_korean.yml,1586,hub,false,STATE_ACEH,메울라보
HUB_NAME_STATE_NORTH_SUMATRA_city,korean,,잠비,localization/korean/hub_names_l_korean.yml,1587,hub,false,STATE_NORTH_SUMATRA,잠비
HUB_NAME_STATE_NORTH_SUMATRA_port,korean,,파당,localization/korean/hub_names_l_korean.yml,1588,hub,false,STATE_NORTH_SUMATRA,파당
HUB_NAME_STATE_NORTH_SUMATRA_mine,korean,,페칸바루,localization/korean/hub_names_l_korean.yml,1589,hub,false,STATE_NORTH_SUMATRA,페칸바루
HUB_NAME_STATE_NORTH_SUMATRA_farm,korean,,벵칼리스,localization/korean/hub_names_l_korean.yml,1590,hub,false,STATE_NORTH_SUMATRA,벵칼리스
HUB_NAME_STATE_NORTH_SUMATRA_wood,korean,,링가트,localization/korean/hub_names_l_korean.yml,1591,hub,false,STATE_NORTH_SUMATRA,링가트
HUB_NAME_STATE_SOUTH_SUMATRA_city,korean,,팔렘방,localization/korean/hub_names_l_korean.yml,1592,hub,false,STATE_SOUTH_SUMATRA,팔렘방
HUB_NAME_STATE_SOUTH_SUMATRA_port,korean,,텔록베통,localization/korean/hub_names_l_korean.yml,1593,hub,false,STATE_SOUTH_SUMATRA,텔록베통
HUB_NAME_STATE_SOUTH_SUMATRA_mine,korean,,벵쿨루,localization/korean/hub_names_l_korean.yml,1594,hub,false,STATE_SOUTH_SUMATRA,벵쿨루
HUB_NAME_STATE_SOUTH_SUMATRA_farm,korean,,멘톡,localization/korean/hub_names_l_korean.yml,1595,hub,false,STATE_SOUTH_SUMATRA,멘톡
HUB_NAME_STATE_SOUTH_SUMATRA_wood,korean,,멩갈라,localization/korean/hub_names_l_korean.yml,1596,hub,false,STATE_SOUTH_SUMATRA,멩갈라
HUB_NAME_STATE_WEST_JAVA_city,korean,,바타비아,localization/korean/hub_names_l_korean.yml,1597,hub,false,STATE_WEST_JAVA,바타비아
HUB_NAME_STATE_WEST_JAVA_port,korean,,치르본,localization/korean/hub_names_l_korean.yml,1598,hub,false,STATE_WEST_JAVA,치르본
HUB_NAME_STATE_WEST_JAVA_mine,korean,,세랑,localization/korean/hub_names_l_korean.yml,1599,hub,false,STATE_WEST_JAVA,세랑
HUB_NAME_STATE_WEST_JAVA_farm,korean,,반둥,localization/korean/hub_names_l_korean.yml,1600,hub,false,STATE_WEST_JAVA,반둥
HUB_NAME_STATE_WEST_JAVA_wood,korean,,반자르,localization/korean/hub_names_l_korean.yml,1601,hub,false,STATE_WEST_JAVA,반자르
HUB_NAME_STATE_EAST_JAVA_city,korean,,말랑,localization/korean/hub_names_l_korean.yml,1602,hub,false,STATE_EAST_JAVA,말랑
HUB_NAME_STATE_EAST_JAVA_port,korean,,수라바야,localization/korean/hub_names_l_korean.yml,1603,hub,false,STATE_EAST_JAVA,수라바야
HUB_NAME_STATE_EAST_JAVA_mine,korean,,마디운,localization/korean/hub_names_l_korean.yml,1604,hub,false,STATE_EAST_JAVA,마디운
HUB_NAME_STATE_EAST_JAVA_farm,korean,,프로볼링고,localization/korean/hub_names_l_korean.yml,1605,hub,false,STATE_EAST_JAVA,프로볼링고
HUB_NAME_STATE_EAST_JAVA_wood,korean,,파시탄,localization/korean/hub_names_l_korean.yml,1606,hub,false,STATE_EAST_JAVA,파시탄
HUB_NAME_STATE_CENTRAL_JAVA_city,korean,,욕야카르타,localization/korean/hub_names_l_korean.yml,1607,hub,false,STATE_CENTRAL_JAVA,욕야카르타
HUB_NAME_STATE_CENTRAL_JAVA_port,korean,,세마랑,localization/korean/hub_names_l_korean.yml,1608,hub,false,STATE_CENTRAL_JAVA,세마랑
HUB_NAME_STATE_CENTRAL_JAVA_mine,korean,,킬라캅,localization/korean/hub_names_l_korean.yml,1609,hub,false,STATE_CENTRAL_JAVA,킬라캅
HUB_NAME_STATE_CENTRAL_JAVA_farm,korean,,페칼롱안,localization/korean/hub_names_l_korean.yml,1610,hub,false,STATE_CENTRAL_JAVA,페칼롱안
HUB_NAME_STATE_CENTRAL_JAVA_wood,korean,,수라카르타,localization/korean/hub_names_l_korean.yml,1611,hub,false,STATE_CENTRAL_JAVA,수라카르타
HUB_NAME_STATE_WEST_BORNEO_city,korean,,폰티아낙,localization/korean/hub_names_l_korean.yml,1612,hub,false,STATE_WEST_BORNEO,폰티아낙
HUB_NAME_STATE_WEST_BORNEO_port,korean,,켄다왕안,localization/korean/hub_names_l_korean.yml,1613,hub,false,STATE_WEST_BORNEO,켄다왕안
HUB_NAME_STATE_WEST_BORNEO_mine,korean,,만도르,localization/korean/hub_names_l_korean.yml,1614,hub,false,STATE_WEST_BORNEO,만도르
HUB_NAME_STATE_WEST_BORNEO_farm,korean,,신탕,localization/korean/hub_names_l_korean.yml,1615,hub,false,STATE_WEST_BORNEO,신탕
HUB_NAME_STATE_WEST_BORNEO_wood,korean,,페망카트,localization/korean/hub_names_l_korean.yml,1616,hub,false,STATE_WEST_BORNEO,페망카트
HUB_NAME_STATE_NORTH_BORNEO_city,korean,,브루나이,localization/korean/hub_names_l_korean.yml,1617,hub,false,STATE_NORTH_BORNEO,브루나이
HUB_NAME_STATE_NORTH_BORNEO_port,korean,,사바흐,localization/korean/hub_names_l_korean.yml,1618,hub,false,STATE_NORTH_BORNEO,사바흐
HUB_NAME_STATE_NORTH_BORNEO_mine,korean,,산다칸,localization/korean/hub_names_l_korean.yml,1619,hub,false,STATE_NORTH_BORNEO,산다칸
HUB_NAME_STATE_NORTH_BORNEO_farm,korean,,쿠칭,localization/korean/hub_names_l_korean.yml,1620,hub,false,STATE_NORTH_BORNEO,쿠칭
HUB_NAME_STATE_NORTH_BORNEO_wood,korean,,메일링,localization/korean/hub_names_l_korean.yml,1621,hub,false,STATE_NORTH_BORNEO,메일링
HUB_NAME_STATE_EAST_BORNEO_city,korean,,반자르마신,localization/korean/hub_names_l_korean.yml,1622,hub,false,STATE_EAST_BORNEO,반자르마신
HUB_NAME_STATE_EAST_BORNEO_port,korean,,발리크파판,localization/korean/hub_names_l_korean.yml,1623,hub,false,STATE_EAST_BORNEO,발리크파판
HUB_NAME_STATE_EAST_BORNEO_farm,korean,,사마린다,localization/korean/hub_names_l_korean.yml,1624,hub,false,STATE_EAST_BORNEO,사마린다
HUB_NAME_STATE_EAST_BORNEO_wood,korean,,탄중슬로르,localization/korean/hub_names_l_korean.yml,1625,hub,false,STATE_EAST_BORNEO,탄중슬로르
HUB_NAME_STATE_EAST_BORNEO_mine,korean,,타라칸,localization/korean/hub_names_l_korean.yml,1626,hub,false,STATE_EAST_BORNEO,타라칸
HUB_NAME_STATE_LUZON_city,korean,,마닐라,localization/korean/hub_names_l_korean.yml,1627,hub,false,STATE_LUZON,마닐라
HUB_NAME_STATE_LUZON_port,korean,,산 페르난도,localization/korean/hub_names_l_korean.yml,1628,hub,false,STATE_LUZON,산 페르난도
HUB_NAME_STATE_LUZON_mine,korean,,올롱가포,localization/korean/hub_names_l_korean.yml,1629,hub,false,STATE_LUZON,올롱가포
HUB_NAME_STATE_LUZON_farm,korean,,레가스피,localization/korean/hub_names_l_korean.yml,1630,hub,false,STATE_LUZON,레가스피
HUB_NAME_STATE_LUZON_wood,korean,,투게가라오,localization/korean/hub_names_l_korean.yml,1631,hub,false,STATE_LUZON,투게가라오
HUB_NAME_STATE_VISAYAS_city,korean,,세부,localization/korean/hub_names_l_korean.yml,1632,hub,false,STATE_VISAYAS,세부
HUB_NAME_STATE_VISAYAS_port,korean,,마신,localization/korean/hub_names_l_korean.yml,1633,hub,false,STATE_VISAYAS,마신
HUB_NAME_STATE_VISAYAS_mine,korean,,일로일로,localization/korean/hub_names_l_korean.yml,1634,hub,false,STATE_VISAYAS,일로일로
HUB_NAME_STATE_VISAYAS_farm,korean,,타클로반,localization/korean/hub_names_l_korean.yml,1635,hub,false,STATE_VISAYAS,타클로반
HUB_NAME_STATE_VISAYAS_wood,korean,,카타르만,localization/korean/hub_names_l_korean.yml,1636,hub,false,STATE_VISAYAS,카타르만
HUB_NAME_STATE_MINDANAO_city,korean,,다바오,localization/korean/hub_names_l_korean.yml,1637,hub,false,STATE_MINDANAO,다바오
HUB_NAME_STATE_MINDANAO_port,korean,,잠보앙가,localization/korean/hub_names_l_korean.yml,1638,hub,false,STATE_MINDANAO,잠보앙가
HUB_NAME_STATE_MINDANAO_mine,korean,,코타바토,localization/korean/hub_names_l_korean.yml,1639,hub,false,STATE_MINDANAO,코타바토
HUB_NAME_STATE_MINDANAO_farm,korean,,카가얀 도 오로,localization/korean/hub_names_l_korean.yml,1640,hub,false,STATE_MINDANAO,카가얀 도 오로
HUB_NAME_STATE_MINDANAO_wood,korean,,부투안,localization/korean/hub_names_l_korean.yml,1641,hub,false,STATE_MINDANAO,부투안
HUB_NAME_STATE_CELEBES_city,korean,,마카사르,localization/korean/hub_names_l_korean.yml,1642,hub,false,STATE_CELEBES,마카사르
HUB_NAME_STATE_CELEBES_port,korean,,메나도,localization/korean/hub_names_l_korean.yml,1643,hub,false,STATE_CELEBES,메나도
HUB_NAME_STATE_CELEBES_mine,korean,,팔로포,localization/korean/hub_names_l_korean.yml,1644,hub,false,STATE_CELEBES,팔로포
HUB_NAME_STATE_CELEBES_farm,korean,,파레파레,localization/korean/hub_names_l_korean.yml,1645,hub,false,STATE_CELEBES,파레파레
HUB_NAME_STATE_CELEBES_wood,korean,,볼리오,localization/korean/hub_names_l_korean.yml,1646,hub,false,STATE_CELEBES,볼리오
HUB_NAME_STATE_MOLUCCAS_city,korean,,암본,localization/korean/hub_names_l_korean.yml,1647,hub,false,STATE_MOLUCCAS,암본
HUB_NAME_STATE_MOLUCCAS_port,korean,,티도레,localization/korean/hub_names_l_korean.yml,1648,hub,false,STATE_MOLUCCAS,티도레
HUB_NAME_STATE_MOLUCCAS_mine,korean,,테르나테,localization/korean/hub_names_l_korean.yml,1649,hub,false,STATE_MOLUCCAS,테르나테
HUB_NAME_STATE_MOLUCCAS_farm,korean,,카옐리,localization/korean/hub_names_l_korean.yml,1650,hub,false,STATE_MOLUCCAS,카옐리
HUB_NAME_STATE_MOLUCCAS_wood,korean,,투알,localization/korean/hub_names_l_korean.yml,1651,hub,false,STATE_MOLUCCAS,투알
HUB_NAME_STATE_SUNDA_ISLANDS_city,korean,,쿠팡,localization/korean/hub_names_l_korean.yml,1652,hub,false,STATE_SUNDA_ISLANDS,쿠팡
HUB_NAME_STATE_SUNDA_ISLANDS_port,korean,,덴파사르,localization/korean/hub_names_l_korean.yml,1653,hub,false,STATE_SUNDA_ISLANDS,덴파사르
HUB_NAME_STATE_SUNDA_ISLANDS_mine,korean,,비마,localization/korean/hub_names_l_korean.yml,1654,hub,false,STATE_SUNDA_ISLANDS,비마
HUB_NAME_STATE_SUNDA_ISLANDS_farm,korean,,마타람,localization/korean/hub_names_l_korean.yml,1655,hub,false,STATE_SUNDA_ISLANDS,마타람
HUB_NAME_STATE_SUNDA_ISLANDS_wood,korean,,딜리,localization/korean/hub_names_l_korean.yml,1656,hub,false,STATE_SUNDA_ISLANDS,딜리
HUB_NAME_STATE_WESTERN_NEW_GUINEA_city,korean,,파크파크,localization/korean/hub_names_l_korean.yml,1657,hub,false,STATE_WESTERN_NEW_GUINEA,파크파크
HUB_NAME_STATE_WESTERN_NEW_GUINEA_port,korean,,소롱,localization/korean/hub_names_l_korean.yml,1658,hub,false,STATE_WESTERN_NEW_GUINEA,소롱
HUB_NAME_STATE_WESTERN_NEW_GUINEA_farm,korean,,마노크와리,localization/korean/hub_names_l_korean.yml,1659,hub,false,STATE_WESTERN_NEW_GUINEA,마노크와리
HUB_NAME_STATE_WESTERN_NEW_GUINEA_wood,korean,,눔베이,localization/korean/hub_names_l_korean.yml,1660,hub,false,STATE_WESTERN_NEW_GUINEA,눔베이
HUB_NAME_STATE_WESTERN_NEW_GUINEA_mine,korean,,비아크,localization/korean/hub_names_l_korean.yml,1661,hub,false,STATE_WESTERN_NEW_GUINEA,비아크
HUB_NAME_STATE_EASTERN_NEW_GUINEA_city,korean,,포트 모르즈비,localization/korean/hub_names_l_korean.yml,1662,hub,false,STATE_EASTERN_NEW_GUINEA,포트 모르즈비
HUB_NAME_STATE_EASTERN_NEW_GUINEA_port,korean,,마당,localization/korean/hub_names_l_korean.yml,1663,hub,false,STATE_EASTERN_NEW_GUINEA,마당
HUB_NAME_STATE_EASTERN_NEW_GUINEA_mine,korean,,마운트 하겐,localization/korean/hub_names_l_korean.yml,1664,hub,false,STATE_EASTERN_NEW_GUINEA,마운트 하겐
HUB_NAME_STATE_EASTERN_NEW_GUINEA_farm,korean,,라에,localization/korean/hub_names_l_korean.yml,1665,hub,false,STATE_EASTERN_NEW_GUINEA,라에
HUB_NAME_STATE_EASTERN_NEW_GUINEA_wood,korean,,고로카,localization/korean/hub_names_l_korean.yml,1666,hub,false,STATE_EASTERN_NEW_GUINEA,고로카
HUB_NAME_STATE_QUEENSLAND_city,korean,,브리즈번,localization/korean/hub_names_l_korean.yml,1667,hub,false,STATE_QUEENSLAND,브리즈번
HUB_NAME_STATE_QUEENSLAND_port,korean,,타운즈빌,localization/korean/hub_names_l_korean.yml,1668,hub,false,STATE_QUEENSLAND,타운즈빌
HUB_NAME_STATE_QUEENSLAND_mine,korean,,차를빌,localization/korean/hub_names_l_korean.yml,1669,hub,false,STATE_QUEENSLAND,차를빌
HUB_NAME_STATE_QUEENSLAND_farm,korean,,휴겐든,localization/korean/hub_names_l_korean.yml,1670,hub,false,STATE_QUEENSLAND,휴겐든
HUB_NAME_STATE_QUEENSLAND_wood,korean,,투움바,localization/korean/hub_names_l_korean.yml,1671,hub,false,STATE_QUEENSLAND,투움바
HUB_NAME_STATE_NORTHERN_TERRITORY_city,korean,,다윈,localization/korean/hub_names_l_korean.yml,1672,hub,false,STATE_NORTHERN_TERRITORY,다윈
HUB_NAME_STATE_NORTHERN_TERRITORY_port,korean,,뉴런바이,localization/korean/hub_names_l_korean.yml,1673,hub,false,STATE_NORTHERN_TERRITORY,뉴런바이
HUB_NAME_STATE_NORTHERN_TERRITORY_mine,korean,,와루뭉구,localization/korean/hub_names_l_korean.yml,1674,hub,false,STATE_NORTHERN_TERRITORY,와루뭉구
HUB_NAME_STATE_NORTHERN_TERRITORY_farm,korean,,캐서린,localization/korean/hub_names_l_korean.yml,1675,hub,false,STATE_NORTHERN_TERRITORY,캐서린
HUB_NAME_STATE_NORTHERN_TERRITORY_wood,korean,,자비루,localization/korean/hub_names_l_korean.yml,1676,hub,false,STATE_NORTHERN_TERRITORY,자비루
HUB_NAME_STATE_WESTERN_AUSTRALIA_city,korean,,퍼스,localization/korean/hub_names_l_korean.yml,1677,hub,false,STATE_WESTERN_AUSTRALIA,퍼스
HUB_NAME_STATE_WESTERN_AUSTRALIA_port,korean,,포트 헤드랜드,localization/korean/hub_names_l_korean.yml,1678,hub,false,STATE_WESTERN_AUSTRALIA,포트 헤드랜드
HUB_NAME_STATE_WESTERN_AUSTRALIA_mine,korean,,뉴먼,localization/korean/hub_names_l_korean.yml,1679,hub,false,STATE_WESTERN_AUSTRALIA,뉴먼
HUB_NAME_STATE_WESTERN_AUSTRALIA_farm,korean,,번버리,localization/korean/hub_names_l_korean.yml,1680,hub,false,STATE_WESTERN_AUSTRALIA,번버리
HUB_NAME_STATE_WESTERN_AUSTRALIA_wood,korean,,내러진,localization/korean/hub_names_l_korean.yml,1681,hub,false,STATE_WESTERN_AUSTRALIA,내러진
HUB_NAME_STATE_SOUTH_AUSTRALIA_city,korean,,아델라이데,localization/korean/hub_names_l_korean.yml,1682,hub,false,STATE_SOUTH_AUSTRALIA,아델라이데
HUB_NAME_STATE_SOUTH_AUSTRALIA_port,korean,,포트 피리,localization/korean/hub_names_l_korean.yml,1683,hub,false,STATE_SOUTH_AUSTRALIA,포트 피리
HUB_NAME_STATE_SOUTH_AUSTRALIA_mine,korean,,쿠버 페디,localization/korean/hub_names_l_korean.yml,1684,hub,false,STATE_SOUTH_AUSTRALIA,쿠버 페디
HUB_NAME_STATE_SOUTH_AUSTRALIA_farm,korean,,타르쿨라,localization/korean/hub_names_l_korean.yml,1685,hub,false,STATE_SOUTH_AUSTRALIA,타르쿨라
HUB_NAME_STATE_SOUTH_AUSTRALIA_wood,korean,,밀두라,localization/korean/hub_names_l_korean.yml,1686,hub,false,STATE_SOUTH_AUSTRALIA,밀두라
HUB_NAME_STATE_NEW_SOUTH_WALES_city,korean,,캔버라,localization/korean/hub_names_l_korean.yml,1687,hub,false,STATE_NEW_SOUTH_WALES,캔버라
HUB_NAME_STATE_NEW_SOUTH_WALES_port,korean,,시드니,localization/korean/hub_names_l_korean.yml,1688,hub,false,STATE_NEW_SOUTH_WALES,시드니
HUB_NAME_STATE_NEW_SOUTH_WALES_mine,korean,,브로큰 힐,localization/korean/hub_names_l_korean.yml,1689,hub,false,STATE_NEW_SOUTH_WALES,브로큰 힐
HUB_NAME_STATE_NEW_SOUTH_WALES_farm,korean,,더보,localization/korean/hub_names_l_korean.yml,1690,hub,false,STATE_NEW_SOUTH_WALES,더보
HUB_NAME_STATE_NEW_SOUTH_WALES_wood,korean,,아미데일,localization/korean/hub_names_l_korean.yml,1691,hub,false,STATE_NEW_SOUTH_WALES,아미데일
HUB_NAME_STATE_VICTORIA_city,korean,,멜버른,localization/korean/hub_names_l_korean.yml,1692,hub,false,STATE_VICTORIA,멜버른
HUB_NAME_STATE_VICTORIA_port,korean,,포트 앨버트,localization/korean/hub_names_l_korean.yml,1693,hub,false,STATE_VICTORIA,포트 앨버트
HUB_NAME_STATE_VICTORIA_mine,korean,,벤디고,localization/korean/hub_names_l_korean.yml,1694,hub,false,STATE_VICTORIA,벤디고
HUB_NAME_STATE_VICTORIA_farm,korean,,워넘불,localization/korean/hub_names_l_korean.yml,1695,hub,false,STATE_VICTORIA,워넘불
HUB_NAME_STATE_VICTORIA_wood,korean,,베언즈데일,localization/korean/hub_names_l_korean.yml,1696,hub,false,STATE_VICTORIA,베언즈데일
HUB_NAME_STATE_TASMANIA_city,korean,,호바트,localization/korean/hub_names_l_korean.yml,1697,hub,false,STATE_TASMANIA,호바트
HUB_NAME_STATE_TASMANIA_port,korean,,데본포트,localization/korean/hub_names_l_korean.yml,1698,hub,false,STATE_TASMANIA,데본포트
HUB_NAME_STATE_TASMANIA_mine,korean,,버니,localization/korean/hub_names_l_korean.yml,1699,hub,false,STATE_TASMANIA,버니
HUB_NAME_STATE_TASMANIA_farm,korean,,론서스턴,localization/korean/hub_names_l_korean.yml,1700,hub,false,STATE_TASMANIA,론서스턴
HUB_NAME_STATE_TASMANIA_wood,korean,,스트라한,localization/korean/hub_names_l_korean.yml,1701,hub,false,STATE_TASMANIA,스트라한
HUB_NAME_STATE_SOUTH_ISLAND_city,korean,,크라이스트처치,localization/korean/hub_names_l_korean.yml,1702,hub,false,STATE_SOUTH_ISLAND,크라이스트처치
HUB_NAME_STATE_SOUTH_ISLAND_port,korean,,더니든,localization/korean/hub_names_l_korean.yml,1703,hub,false,STATE_SOUTH_ISLAND,더니든
HUB_NAME_STATE_SOUTH_ISLAND_mine,korean,,블렌헤임,localization/korean/hub_names_l_korean.yml,1704,hub,false,STATE_SOUTH_ISLAND,블렌헤임
HUB_NAME_STATE_SOUTH_ISLAND_farm,korean,,인버카길,localization/korean/hub_names_l_korean.yml,1705,hub,false,STATE_SOUTH_ISLAND,인버카길
HUB_NAME_STATE_SOUTH_ISLAND_wood,korean,,넬슨,localization/korean/hub_names_l_korean.yml,1706,hub,false,STATE_SOUTH_ISLAND,넬슨
HUB_NAME_STATE_NORTH_ISLAND_city,korean,,웰링턴,localization/korean/hub_names_l_korean.yml,1707,hub,false,STATE_NORTH_ISLAND,웰링턴
HUB_NAME_STATE_NORTH_ISLAND_port,korean,,오클랜드,localization/korean/hub_names_l_korean.yml,1708,hub,false,STATE_NORTH_ISLAND,오클랜드
HUB_NAME_STATE_NORTH_ISLAND_mine,korean,,네이피어,localization/korean/hub_names_l_korean.yml,1709,hub,false,STATE_NORTH_ISLAND,네이피어
HUB_NAME_STATE_NORTH_ISLAND_farm,korean,,파머스턴,localization/korean/hub_names_l_korean.yml,1710,hub,false,STATE_NORTH_ISLAND,파머스턴
HUB_NAME_STATE_NORTH_ISLAND_wood,korean,,왕가레이,localization/korean/hub_names_l_korean.yml,1711,hub,false,STATE_NORTH_ISLAND,왕가레이
HUB_NAME_STATE_TONGA_city,korean,,누쿠알로파,localization/korean/hub_names_l_korean.yml,1712,hub,false,STATE_TONGA,누쿠알로파
HUB_NAME_STATE_TONGA_port,korean,,타푸나,localization/korean/hub_names_l_korean.yml,1713,hub,false,STATE_TONGA,타푸나
HUB_NAME_STATE_TONGA_mine,korean,,오호누아,localization/korean/hub_names_l_korean.yml,1714,hub,false,STATE_TONGA,오호누아
HUB_NAME_STATE_TONGA_farm,korean,,살레오로가,localization/korean/hub_names_l_korean.yml,1715,hub,false,STATE_TONGA,살레오로가
HUB_NAME_STATE_TONGA_wood,korean,,아피아,localization/korean/hub_names_l_korean.yml,1716,hub,false,STATE_TONGA,아피아
HUB_NAME_STATE_FIJI_city,korean,,나디,localization/korean/hub_names_l_korean.yml,1717,hub,false,STATE_FIJI,나디
HUB_NAME_STATE_FIJI_port,korean,,날로투,localization/korean/hub_names_l_korean.yml,1718,hub,false,STATE_FIJI,날로투
HUB_NAME_STATE_FIJI_mine,korean,,사부사부,localization/korean/hub_names_l_korean.yml,1719,hub,false,STATE_FIJI,사부사부
HUB_NAME_STATE_FIJI_farm,korean,,라바사,localization/korean/hub_names_l_korean.yml,1720,hub,false,STATE_FIJI,라바사
HUB_NAME_STATE_FIJI_wood,korean,,라우토카,localization/korean/hub_names_l_korean.yml,1721,hub,false,STATE_FIJI,라우토카
HUB_NAME_STATE_KANAK_city,korean,,코우마크,localization/korean/hub_names_l_korean.yml,1722,hub,false,STATE_KANAK,코우마크
HUB_NAME_STATE_KANAK_port,korean,,누메아,localization/korean/hub_names_l_korean.yml,1723,hub,false,STATE_KANAK,누메아
HUB_NAME_STATE_KANAK_mine,korean,,우베아,localization/korean/hub_names_l_korean.yml,1724,hub,false,STATE_KANAK,우베아
HUB_NAME_STATE_KANAK_farm,korean,,라 포아,localization/korean/hub_names_l_korean.yml,1725,hub,false,STATE_KANAK,라 포아
HUB_NAME_STATE_KANAK_wood,korean,,코네,localization/korean/hub_names_l_korean.yml,1726,hub,false,STATE_KANAK,코네
HUB_NAME_STATE_VANUATU_city,korean,,포트 바토,localization/korean/hub_names_l_korean.yml,1727,hub,false,STATE_VANUATU,포트 바토
HUB_NAME_STATE_VANUATU_port,korean,,루간빌,localization/korean/hub_names_l_korean.yml,1728,hub,false,STATE_VANUATU,루간빌
HUB_NAME_STATE_VANUATU_mine,korean,,포트 바토,localization/korean/hub_names_l_korean.yml,1729,hub,false,STATE_VANUATU,포트 바토
HUB_NAME_STATE_VANUATU_farm,korean,,포라리,localization/korean/hub_names_l_korean.yml,1730,hub,false,STATE_VANUATU,포라리
HUB_NAME_STATE_VANUATU_wood,korean,,롱훔보,localization/korean/hub_names_l_korean.yml,1731,hub,false,STATE_VANUATU,롱훔보
HUB_NAME_STATE_SOLOMON_ISLANDS_city,korean,,호니아라,localization/korean/hub_names_l_korean.yml,1732,hub,false,STATE_SOLOMON_ISLANDS,호니아라
HUB_NAME_STATE_SOLOMON_ISLANDS_port,korean,,키라키라,localization/korean/hub_names_l_korean.yml,1733,hub,false,STATE_SOLOMON_ISLANDS,키라키라
HUB_NAME_STATE_SOLOMON_ISLANDS_mine,korean,,문다문다,localization/korean/hub_names_l_korean.yml,1734,hub,false,STATE_SOLOMON_ISLANDS,문다문다
HUB_NAME_STATE_SOLOMON_ISLANDS_farm,korean,,아우키,localization/korean/hub_names_l_korean.yml,1735,hub,false,STATE_SOLOMON_ISLANDS,아우키
HUB_NAME_STATE_SOLOMON_ISLANDS_wood,korean,,루알라,localization/korean/hub_names_l_korean.yml,1736,hub,false,STATE_SOLOMON_ISLANDS,루알라
HUB_NAME_STATE_BOUGAINVILLE_city,korean,,아라와,localization/korean/hub_names_l_korean.yml,1737,hub,false,STATE_BOUGAINVILLE,아라와
HUB_NAME_STATE_BOUGAINVILLE_port,korean,,부카,localization/korean/hub_names_l_korean.yml,1738,hub,false,STATE_BOUGAINVILLE,부카
HUB_NAME_STATE_BOUGAINVILLE_mine,korean,,푸토,localization/korean/hub_names_l_korean.yml,1739,hub,false,STATE_BOUGAINVILLE,푸토
HUB_NAME_STATE_BOUGAINVILLE_farm,korean,,토로키나,localization/korean/hub_names_l_korean.yml,1740,hub,false,STATE_BOUGAINVILLE,토로키나
HUB_NAME_STATE_BOUGAINVILLE_wood,korean,,부른,localization/korean/hub_names_l_korean.yml,1741,hub,false,STATE_BOUGAINVILLE,부른
HUB_NAME_STATE_WEST_MICRONESIA_city,korean,,웨노,localization/korean/hub_names_l_korean.yml,1742,hub,false,STATE_WEST_MICRONESIA,웨노
HUB_NAME_STATE_WEST_MICRONESIA_port,korean,,오노운,localization/korean/hub_names_l_korean.yml,1743,hub,false,STATE_WEST_MICRONESIA,오노운
HUB_NAME_STATE_WEST_MICRONESIA_mine,korean,,리롱,localization/korean/hub_names_l_korean.yml,1744,hub,false,STATE_WEST_MICRONESIA,리롱
HUB_NAME_STATE_WEST_MICRONESIA_farm,korean,,이구프,localization/korean/hub_names_l_korean.yml,1745,hub,false,STATE_WEST_MICRONESIA,이구프
HUB_NAME_STATE_WEST_MICRONESIA_wood,korean,,페니아타,localization/korean/hub_names_l_korean.yml,1746,hub,false,STATE_WEST_MICRONESIA,페니아타
HUB_NAME_STATE_EAST_MICRONESIA_city,korean,,팔리키르,localization/korean/hub_names_l_korean.yml,1747,hub,false,STATE_EAST_MICRONESIA,팔리키르
HUB_NAME_STATE_EAST_MICRONESIA_port,korean,,마주로,localization/korean/hub_names_l_korean.yml,1748,hub,false,STATE_EAST_MICRONESIA,마주로
HUB_NAME_STATE_EAST_MICRONESIA_mine,korean,,자보르,localization/korean/hub_names_l_korean.yml,1749,hub,false,STATE_EAST_MICRONESIA,자보르
HUB_NAME_STATE_EAST_MICRONESIA_farm,korean,,타라와,localization/korean/hub_names_l_korean.yml,1750,hub,false,STATE_EAST_MICRONESIA,타라와
HUB_NAME_STATE_EAST_MICRONESIA_wood,korean,,워체,localization/korean/hub_names_l_korean.yml,1751,hub,false,STATE_EAST_MICRONESIA,워체
HUB_NAME_STATE_NAURU_city,korean,,아나바르,localization/korean/hub_names_l_korean.yml,1752,hub,false,STATE_NAURU,아나바르
HUB_NAME_STATE_NAURU_port,korean,,야렌,localization/korean/hub_names_l_korean.yml,1753,hub,false,STATE_NAURU,야렌
HUB_NAME_STATE_NAURU_mine,korean,,아레니벡,localization/korean/hub_names_l_korean.yml,1754,hub,false,STATE_NAURU,아레니벡
HUB_NAME_STATE_NAURU_farm,korean,,아리제젠,localization/korean/hub_names_l_korean.yml,1755,hub,false,STATE_NAURU,아리제젠
HUB_NAME_STATE_NAURU_wood,korean,,아니바레,localization/korean/hub_names_l_korean.yml,1756,hub,false,STATE_NAURU,아니바레
HUB_NAME_STATE_TAHITI_city,korean,,하오,localization/korean/hub_names_l_korean.yml,1757,hub,false,STATE_TAHITI,하오
HUB_NAME_STATE_TAHITI_port,korean,,푸헤바,localization/korean/hub_names_l_korean.yml,1758,hub,false,STATE_TAHITI,푸헤바
HUB_NAME_STATE_TAHITI_mine,korean,,파카라바,localization/korean/hub_names_l_korean.yml,1759,hub,false,STATE_TAHITI,파카라바
HUB_NAME_STATE_TAHITI_farm,korean,,누쿠히바,localization/korean/hub_names_l_korean.yml,1760,hub,false,STATE_TAHITI,누쿠히바
HUB_NAME_STATE_TAHITI_wood,korean,,랑기로아,localization/korean/hub_names_l_korean.yml,1761,hub,false,STATE_TAHITI,랑기로아
HUB_NAME_STATE_HAWAIIAN_ISLANDS_city,korean,,호놀룰루,localization/korean/hub_names_l_korean.yml,1762,hub,false,STATE_HAWAIIAN_ISLANDS,호놀룰루
HUB_NAME_STATE_HAWAIIAN_ISLANDS_port,korean,,힐로,localization/korean/hub_names_l_korean.yml,1763,hub,false,STATE_HAWAIIAN_ISLANDS,힐로
HUB_NAME_STATE_HAWAIIAN_ISLANDS_mine,korean,,카일루아코나,localization/korean/hub_names_l_korean.yml,1764,hub,false,STATE_HAWAIIAN_ISLANDS,카일루아코나
HUB_NAME_STATE_HAWAIIAN_ISLANDS_farm,korean,,프린스빌,localization/korean/hub_names_l_korean.yml,1765,hub,false,STATE_HAWAIIAN_ISLANDS,프린스빌
HUB_NAME_STATE_HAWAIIAN_ISLANDS_wood,korean,,라하이나,localization/korean/hub_names_l_korean.yml,1766,hub,false,STATE_HAWAIIAN_ISLANDS,라하이나
HUB_NAME_STATE_ICELAND_city,korean,,레이캬비크,localization/korean/hub_names_l_korean.yml,1767,hub,false,STATE_ICELAND,레이캬비크
HUB_NAME_STATE_ICELAND_port,korean,,이사피외르뒤르,localization/korean/hub_names_l_korean.yml,1768,hub,false,STATE_ICELAND,이사피외르뒤르
HUB_NAME_STATE_ICELAND_mine,korean,,블뢴뒤오스,localization/korean/hub_names_l_korean.yml,1769,hub,false,STATE_ICELAND,블뢴뒤오스
HUB_NAME_STATE_ICELAND_farm,korean,,아쿠레이리,localization/korean/hub_names_l_korean.yml,1770,hub,false,STATE_ICELAND,아쿠레이리
HUB_NAME_STATE_ICELAND_wood,korean,,에이일스타디르,localization/korean/hub_names_l_korean.yml,1771,hub,false,STATE_ICELAND,에이일스타디르
HUB_NAME_STATE_GREENLAND_city,korean,,고트호프,localization/korean/hub_names_l_korean.yml,1772,hub,false,STATE_GREENLAND,고트호프
HUB_NAME_STATE_GREENLAND_port,korean,,고드하운,localization/korean/hub_names_l_korean.yml,1773,hub,false,STATE_GREENLAND,고드하운
HUB_NAME_STATE_GREENLAND_mine,korean,,프레데릭스달,localization/korean/hub_names_l_korean.yml,1774,hub,false,STATE_GREENLAND,프레데릭스달
HUB_NAME_STATE_GREENLAND_farm,korean,,쇤드레 스트룀피오르,localization/korean/hub_names_l_korean.yml,1775,hub,false,STATE_GREENLAND,쇤드레 스트룀피오르
HUB_NAME_STATE_GREENLAND_wood,korean,,피스케네세트,localization/korean/hub_names_l_korean.yml,1776,hub,false,STATE_GREENLAND,피스케네세트
HUB_NAME_STATE_BERMUDA_city,korean,,세인트 조지스,localization/korean/hub_names_l_korean.yml,1777,hub,false,STATE_BERMUDA,세인트 조지스
HUB_NAME_STATE_BERMUDA_port,korean,,해밀튼,localization/korean/hub_names_l_korean.yml,1778,hub,false,STATE_BERMUDA,해밀튼
HUB_NAME_STATE_BERMUDA_mine,korean,,플랫츠 빌리지,localization/korean/hub_names_l_korean.yml,1779,hub,false,STATE_BERMUDA,플랫츠 빌리지
HUB_NAME_STATE_BERMUDA_farm,korean,,서머셋 빌리지,localization/korean/hub_names_l_korean.yml,1780,hub,false,STATE_BERMUDA,서머셋 빌리지
HUB_NAME_STATE_BERMUDA_wood,korean,,터커즈 타운,localization/korean/hub_names_l_korean.yml,1781,hub,false,STATE_BERMUDA,터커즈 타운
HUB_NAME_STATE_AZORES_city,korean,,폰타 델가다,localization/korean/hub_names_l_korean.yml,1782,hub,false,STATE_AZORES,폰타 델가다
HUB_NAME_STATE_AZORES_port,korean,,앙그라 두 에로이즈무,localization/korean/hub_names_l_korean.yml,1783,hub,false,STATE_AZORES,앙그라 두 에로이즈무
HUB_NAME_STATE_AZORES_mine,korean,,오르타,localization/korean/hub_names_l_korean.yml,1784,hub,false,STATE_AZORES,오르타
HUB_NAME_STATE_AZORES_farm,korean,,빌라 두 포르투,localization/korean/hub_names_l_korean.yml,1785,hub,false,STATE_AZORES,빌라 두 포르투
HUB_NAME_STATE_AZORES_wood,korean,,마달레나,localization/korean/hub_names_l_korean.yml,1786,hub,false,STATE_AZORES,마달레나
HUB_NAME_STATE_NEW_BRUNSWICK_city,korean,,핼리팩스,localization/korean/hub_names_l_korean.yml,1788,hub,false,STATE_NEW_BRUNSWICK,핼리팩스
HUB_NAME_STATE_NEW_BRUNSWICK_port,korean,,루넨버그,localization/korean/hub_names_l_korean.yml,1789,hub,false,STATE_NEW_BRUNSWICK,루넨버그
HUB_NAME_STATE_NEW_BRUNSWICK_mine,korean,,프레더릭턴,localization/korean/hub_names_l_korean.yml,1790,hub,false,STATE_NEW_BRUNSWICK,프레더릭턴
HUB_NAME_STATE_NEW_BRUNSWICK_farm,korean,,멍크턴,localization/korean/hub_names_l_korean.yml,1791,hub,false,STATE_NEW_BRUNSWICK,멍크턴
HUB_NAME_STATE_NEW_BRUNSWICK_wood,korean,,세인트 존,localization/korean/hub_names_l_korean.yml,1792,hub,false,STATE_NEW_BRUNSWICK,세인트 존
HUB_NAME_STATE_NEWFOUNDLAND_city,korean,,펄 산,localization/korean/hub_names_l_korean.yml,1793,hub,false,STATE_NEWFOUNDLAND,펄 산
HUB_NAME_STATE_NEWFOUNDLAND_port,korean,,세인트 존스,localization/korean/hub_names_l_korean.yml,1794,hub,false,STATE_NEWFOUNDLAND,세인트 존스
HUB_NAME_STATE_NEWFOUNDLAND_mine,korean,,쉐샷쉬우,localization/korean/hub_names_l_korean.yml,1795,hub,false,STATE_NEWFOUNDLAND,쉐샷쉬우
HUB_NAME_STATE_NEWFOUNDLAND_farm,korean,,클래런빌,localization/korean/hub_names_l_korean.yml,1796,hub,false,STATE_NEWFOUNDLAND,클래런빌
HUB_NAME_STATE_NEWFOUNDLAND_wood,korean,,플라센티아,localization/korean/hub_names_l_korean.yml,1797,hub,false,STATE_NEWFOUNDLAND,플라센티아
HUB_NAME_STATE_QUEBEC_city,korean,,몬트리올,localization/korean/hub_names_l_korean.yml,1798,hub,false,STATE_QUEBEC,몬트리올
HUB_NAME_STATE_QUEBEC_port,korean,,퀘벡,localization/korean/hub_names_l_korean.yml,1799,hub,false,STATE_QUEBEC,퀘벡
HUB_NAME_STATE_QUEBEC_mine,korean,,쉬꾸띠미,localization/korean/hub_names_l_korean.yml,1800,hub,false,STATE_QUEBEC,쉬꾸띠미
HUB_NAME_STATE_QUEBEC_farm,korean,,셔브룩,localization/korean/hub_names_l_korean.yml,1801,hub,false,STATE_QUEBEC,셔브룩
HUB_NAME_STATE_QUEBEC_wood,korean,,발도르,localization/korean/hub_names_l_korean.yml,1802,hub,false,STATE_QUEBEC,발도르
HUB_NAME_STATE_ONTARIO_city,korean,,바이타운,localization/korean/hub_names_l_korean.yml,1803,hub,false,STATE_ONTARIO,바이타운
HUB_NAME_STATE_ONTARIO_port,korean,,킹스턴,localization/korean/hub_names_l_korean.yml,1804,hub,false,STATE_ONTARIO,킹스턴
HUB_NAME_STATE_ONTARIO_mine,korean,,서드버리,localization/korean/hub_names_l_korean.yml,1805,hub,false,STATE_ONTARIO,서드버리
HUB_NAME_STATE_ONTARIO_farm,korean,,토론토,localization/korean/hub_names_l_korean.yml,1806,hub,false,STATE_ONTARIO,토론토
HUB_NAME_STATE_ONTARIO_wood,korean,,헌츠빌,localization/korean/hub_names_l_korean.yml,1807,hub,false,STATE_ONTARIO,헌츠빌
HUB_NAME_STATE_MANITOBA_city,korean,,포트 더글라스,localization/korean/hub_names_l_korean.yml,1808,hub,false,STATE_MANITOBA,포트 더글라스
HUB_NAME_STATE_MANITOBA_port,korean,,처칠,localization/korean/hub_names_l_korean.yml,1809,hub,false,STATE_MANITOBA,처칠
HUB_NAME_STATE_MANITOBA_mine,korean,,톰슨,localization/korean/hub_names_l_korean.yml,1810,hub,false,STATE_MANITOBA,톰슨
HUB_NAME_STATE_MANITOBA_farm,korean,,포르티지 라 프레리,localization/korean/hub_names_l_korean.yml,1811,hub,false,STATE_MANITOBA,포르티지 라 프레리
HUB_NAME_STATE_MANITOBA_wood,korean,,브랜던,localization/korean/hub_names_l_korean.yml,1812,hub,false,STATE_MANITOBA,브랜던
HUB_NAME_STATE_NUNAVUT_city,korean,,랭킨 인렛,localization/korean/hub_names_l_korean.yml,1813,hub,false,STATE_NUNAVUT,랭킨 인렛
HUB_NAME_STATE_NUNAVUT_port,korean,,체스터필드 인렛,localization/korean/hub_names_l_korean.yml,1814,hub,false,STATE_NUNAVUT,체스터필드 인렛
HUB_NAME_STATE_NUNAVUT_mine,korean,,웨일 코브,localization/korean/hub_names_l_korean.yml,1815,hub,false,STATE_NUNAVUT,웨일 코브
HUB_NAME_STATE_NUNAVUT_farm,korean,,아비앗,localization/korean/hub_names_l_korean.yml,1816,hub,false,STATE_NUNAVUT,아비앗
HUB_NAME_STATE_NUNAVUT_wood,korean,,브로셰,localization/korean/hub_names_l_korean.yml,1817,hub,false,STATE_NUNAVUT,브로셰
HUB_NAME_STATE_NORTHWEST_TERRITORIES_city,korean,,헤이 리버,localization/korean/hub_names_l_korean.yml,1818,hub,false,STATE_NORTHWEST_TERRITORIES,헤이 리버
HUB_NAME_STATE_NORTHWEST_TERRITORIES_port,korean,,쿠글루크툭,localization/korean/hub_names_l_korean.yml,1819,hub,false,STATE_NORTHWEST_TERRITORIES,쿠글루크툭
HUB_NAME_STATE_NORTHWEST_TERRITORIES_mine,korean,,포트 레졸루션,localization/korean/hub_names_l_korean.yml,1820,hub,false,STATE_NORTHWEST_TERRITORIES,포트 레졸루션
HUB_NAME_STATE_NORTHWEST_TERRITORIES_farm,korean,,포트 스미스,localization/korean/hub_names_l_korean.yml,1821,hub,false,STATE_NORTHWEST_TERRITORIES,포트 스미스
HUB_NAME_STATE_NORTHWEST_TERRITORIES_wood,korean,,포트 프로비던스,localization/korean/hub_names_l_korean.yml,1822,hub,false,STATE_NORTHWEST_TERRITORIES,포트 프로비던스
HUB_NAME_STATE_SASKATCHEWAN_city,korean,,레기나,localization/korean/hub_names_l_korean.yml,1823,hub,false,STATE_SASKATCHEWAN,레기나
HUB_NAME_STATE_SASKATCHEWAN_mine,korean,,우드 마운틴,localization/korean/hub_names_l_korean.yml,1824,hub,false,STATE_SASKATCHEWAN,우드 마운틴
HUB_NAME_STATE_SASKATCHEWAN_farm,korean,,요크톤,localization/korean/hub_names_l_korean.yml,1825,hub,false,STATE_SASKATCHEWAN,요크톤
HUB_NAME_STATE_SASKATCHEWAN_wood,korean,,새스커툰,localization/korean/hub_names_l_korean.yml,1826,hub,false,STATE_SASKATCHEWAN,새스커툰
HUB_NAME_STATE_ALBERTA_city,korean,,포트 에드먼튼,localization/korean/hub_names_l_korean.yml,1827,hub,false,STATE_ALBERTA,포트 에드먼튼
HUB_NAME_STATE_ALBERTA_mine,korean,,포트 맥머리,localization/korean/hub_names_l_korean.yml,1828,hub,false,STATE_ALBERTA,포트 맥머리
HUB_NAME_STATE_ALBERTA_farm,korean,,그랜드 피레리,localization/korean/hub_names_l_korean.yml,1829,hub,false,STATE_ALBERTA,그랜드 피레리
HUB_NAME_STATE_ALBERTA_wood,korean,,캘거리,localization/korean/hub_names_l_korean.yml,1830,hub,false,STATE_ALBERTA,캘거리
HUB_NAME_STATE_BRITISH_COLUMBIA_city,korean,,프린스 조지,localization/korean/hub_names_l_korean.yml,1831,hub,false,STATE_BRITISH_COLUMBIA,프린스 조지
HUB_NAME_STATE_BRITISH_COLUMBIA_port,korean,,밴쿠버,localization/korean/hub_names_l_korean.yml,1832,hub,false,STATE_BRITISH_COLUMBIA,밴쿠버
HUB_NAME_STATE_BRITISH_COLUMBIA_mine,korean,,킬로나,localization/korean/hub_names_l_korean.yml,1833,hub,false,STATE_BRITISH_COLUMBIA,킬로나
HUB_NAME_STATE_BRITISH_COLUMBIA_farm,korean,,밴더후프,localization/korean/hub_names_l_korean.yml,1834,hub,false,STATE_BRITISH_COLUMBIA,밴더후프
HUB_NAME_STATE_BRITISH_COLUMBIA_wood,korean,,포트 넬슨,localization/korean/hub_names_l_korean.yml,1835,hub,false,STATE_BRITISH_COLUMBIA,포트 넬슨
HUB_NAME_STATE_YUKON_TERRITORY_city,korean,,왓슨 레이크,localization/korean/hub_names_l_korean.yml,1836,hub,false,STATE_YUKON_TERRITORY,왓슨 레이크
HUB_NAME_STATE_YUKON_TERRITORY_port,korean,,이누빅,localization/korean/hub_names_l_korean.yml,1837,hub,false,STATE_YUKON_TERRITORY,이누빅
HUB_NAME_STATE_YUKON_TERRITORY_mine,korean,,도슨 시티,localization/korean/hub_names_l_korean.yml,1838,hub,false,STATE_YUKON_TERRITORY,도슨 시티
HUB_NAME_STATE_YUKON_TERRITORY_farm,korean,,화이트호스,localization/korean/hub_names_l_korean.yml,1839,hub,false,STATE_YUKON_TERRITORY,화이트호스
HUB_NAME_STATE_YUKON_TERRITORY_wood,korean,,카맥스,localization/korean/hub_names_l_korean.yml,1840,hub,false,STATE_YUKON_TERRITORY,카맥스
HUB_NAME_STATE_ALASKA_city,korean,,앵커리지,localization/korean/hub_names_l_korean.yml,1842,hub,false,STATE_ALASKA,앵커리지
HUB_NAME_STATE_ALASKA_port,korean,,주노,localization/korean/hub_names_l_korean.yml,1843,hub,false,STATE_ALASKA,주노
HUB_NAME_STATE_ALASKA_mine,korean,,놈,localization/korean/hub_names_l_korean.yml,1844,hub,false,STATE_ALASKA,놈
HUB_NAME_STATE_ALASKA_farm,korean,,뉴 아크엔젤,localization/korean/hub_names_l_korean.yml,1845,hub,false,STATE_ALASKA,뉴 아크엔젤
HUB_NAME_STATE_ALASKA_wood,korean,,발데즈,localization/korean/hub_names_l_korean.yml,1846,hub,false,STATE_ALASKA,발데즈
HUB_NAME_STATE_MAINE_city,korean,,아우구스타,localization/korean/hub_names_l_korean.yml,1847,hub,false,STATE_MAINE,아우구스타
HUB_NAME_STATE_MAINE_port,korean,,포틀랜드,localization/korean/hub_names_l_korean.yml,1848,hub,false,STATE_MAINE,포틀랜드
HUB_NAME_STATE_MAINE_mine,korean,,더 포크스,localization/korean/hub_names_l_korean.yml,1849,hub,false,STATE_MAINE,더 포크스
HUB_NAME_STATE_MAINE_farm,korean,,뱅고어,localization/korean/hub_names_l_korean.yml,1850,hub,false,STATE_MAINE,뱅고어
HUB_NAME_STATE_MAINE_wood,korean,,킬마녹,localization/korean/hub_names_l_korean.yml,1851,hub,false,STATE_MAINE,킬마녹
HUB_NAME_STATE_NEW_HAMPSHIRE_city,korean,,콩코드,localization/korean/hub_names_l_korean.yml,1852,hub,false,STATE_NEW_HAMPSHIRE,콩코드
HUB_NAME_STATE_NEW_HAMPSHIRE_port,korean,,포츠머스,localization/korean/hub_names_l_korean.yml,1853,hub,false,STATE_NEW_HAMPSHIRE,포츠머스
HUB_NAME_STATE_NEW_HAMPSHIRE_mine,korean,,페어필드,localization/korean/hub_names_l_korean.yml,1854,hub,false,STATE_NEW_HAMPSHIRE,페어필드
HUB_NAME_STATE_NEW_HAMPSHIRE_farm,korean,,맨체스터,localization/korean/hub_names_l_korean.yml,1855,hub,false,STATE_NEW_HAMPSHIRE,맨체스터
HUB_NAME_STATE_NEW_HAMPSHIRE_wood,korean,,바틀렛,localization/korean/hub_names_l_korean.yml,1856,hub,false,STATE_NEW_HAMPSHIRE,바틀렛
HUB_NAME_STATE_VERMONT_city,korean,,몬트필리어,localization/korean/hub_names_l_korean.yml,1857,hub,false,STATE_VERMONT,몬트필리어
HUB_NAME_STATE_VERMONT_mine,korean,,루드로우,localization/korean/hub_names_l_korean.yml,1858,hub,false,STATE_VERMONT,루드로우
HUB_NAME_STATE_VERMONT_farm,korean,,베닝턴,localization/korean/hub_names_l_korean.yml,1859,hub,false,STATE_VERMONT,베닝턴
HUB_NAME_STATE_VERMONT_wood,korean,,벌링턴,localization/korean/hub_names_l_korean.yml,1860,hub,false,STATE_VERMONT,벌링턴
HUB_NAME_STATE_MASSACHUSETTS_city,korean,,보스턴,localization/korean/hub_names_l_korean.yml,1861,hub,false,STATE_MASSACHUSETTS,보스턴
HUB_NAME_STATE_MASSACHUSETTS_port,korean,,플리머스,localization/korean/hub_names_l_korean.yml,1862,hub,false,STATE_MASSACHUSETTS,플리머스
HUB_NAME_STATE_MASSACHUSETTS_mine,korean,,스프링필드,localization/korean/hub_names_l_korean.yml,1863,hub,false,STATE_MASSACHUSETTS,스프링필드
HUB_NAME_STATE_MASSACHUSETTS_farm,korean,,우스터,localization/korean/hub_names_l_korean.yml,1864,hub,false,STATE_MASSACHUSETTS,우스터
HUB_NAME_STATE_MASSACHUSETTS_wood,korean,,그린필드,localization/korean/hub_names_l_korean.yml,1865,hub,false,STATE_MASSACHUSETTS,그린필드
HUB_NAME_STATE_RHODE_ISLAND_city,korean,,프로비던스,localization/korean/hub_names_l_korean.yml,1866,hub,false,STATE_RHODE_ISLAND,프로비던스
HUB_NAME_STATE_RHODE_ISLAND_port,korean,,뉴포트,localization/korean/hub_names_l_korean.yml,1867,hub,false,STATE_RHODE_ISLAND,뉴포트
HUB_NAME_STATE_RHODE_ISLAND_farm,korean,,제임스타운,localization/korean/hub_names_l_korean.yml,1869,hub,false,STATE_RHODE_ISLAND,제임스타운
HUB_NAME_STATE_RHODE_ISLAND_wood,korean,,뉴 쇼어햄,localization/korean/hub_names_l_korean.yml,1870,hub,false,STATE_RHODE_ISLAND,뉴 쇼어햄
HUB_NAME_STATE_CONNECTICUT_city,korean,,하트퍼드,localization/korean/hub_names_l_korean.yml,1871,hub,false,STATE_CONNECTICUT,하트퍼드
HUB_NAME_STATE_CONNECTICUT_port,korean,,뉴 헤이븐,localization/korean/hub_names_l_korean.yml,1872,hub,false,STATE_CONNECTICUT,뉴 헤이븐
HUB_NAME_STATE_CONNECTICUT_farm,korean,,스탬퍼드,localization/korean/hub_names_l_korean.yml,1874,hub,false,STATE_CONNECTICUT,스탬퍼드
HUB_NAME_STATE_CONNECTICUT_wood,korean,,코스코브,localization/korean/hub_names_l_korean.yml,1875,hub,false,STATE_CONNECTICUT,코스코브
HUB_NAME_STATE_NEW_YORK_city,korean,,뉴욕,localization/korean/hub_names_l_korean.yml,1876,hub,false,STATE_NEW_YORK,뉴욕
HUB_NAME_STATE_NEW_YORK_port,korean,,몬타우크,localization/korean/hub_names_l_korean.yml,1877,hub,false,STATE_NEW_YORK,몬타우크
HUB_NAME_STATE_NEW_YORK_mine,korean,,빙엄턴,localization/korean/hub_names_l_korean.yml,1878,hub,false,STATE_NEW_YORK,빙엄턴
HUB_NAME_STATE_NEW_YORK_farm,korean,,시러큐스,localization/korean/hub_names_l_korean.yml,1879,hub,false,STATE_NEW_YORK,시러큐스
HUB_NAME_STATE_NEW_YORK_wood,korean,,앨버니,localization/korean/hub_names_l_korean.yml,1880,hub,false,STATE_NEW_YORK,앨버니
HUB_NAME_STATE_NEW_JERSEY_city,korean,,트렌턴,localization/korean/hub_names_l_korean.yml,1881,hub,false,STATE_NEW_JERSEY,트렌턴
HUB_NAME_STATE_NEW_JERSEY_port,korean,,뉴어크,localization/korean/hub_names_l_korean.yml,1882,hub,false,STATE_NEW_JERSEY,뉴어크
HUB_NAME_STATE_NEW_JERSEY_mine,korean,,모리스타운,localization/korean/hub_names_l_korean.yml,1883,hub,false,STATE_NEW_JERSEY,모리스타운
HUB_NAME_STATE_NEW_JERSEY_farm,korean,,브릿지턴,localization/korean/hub_names_l_korean.yml,1884,hub,false,STATE_NEW_JERSEY,브릿지턴
HUB_NAME_STATE_NEW_JERSEY_wood,korean,,스태퍼드,localization/korean/hub_names_l_korean.yml,1885,hub,false,STATE_NEW_JERSEY,스태퍼드
HUB_NAME_STATE_PENNSYLVANIA_city,korean,,필라델피아,localization/korean/hub_names_l_korean.yml,1886,hub,false,STATE_PENNSYLVANIA,필라델피아
HUB_NAME_STATE_PENNSYLVANIA_mine,korean,,피츠버그,localization/korean/hub_names_l_korean.yml,1887,hub,false,STATE_PENNSYLVANIA,피츠버그
HUB_NAME_STATE_PENNSYLVANIA_farm,korean,,해리스버그,localization/korean/hub_names_l_korean.yml,1888,hub,false,STATE_PENNSYLVANIA,해리스버그
HUB_NAME_STATE_PENNSYLVANIA_wood,korean,,이리,localization/korean/hub_names_l_korean.yml,1889,hub,false,STATE_PENNSYLVANIA,이리
HUB_NAME_STATE_DELAWARE_city,korean,,윌밍턴,localization/korean/hub_names_l_korean.yml,1890,hub,false,STATE_DELAWARE,윌밍턴
HUB_NAME_STATE_DELAWARE_port,korean,,도버,localization/korean/hub_names_l_korean.yml,1891,hub,false,STATE_DELAWARE,도버
HUB_NAME_STATE_DELAWARE_farm,korean,,미들타운,localization/korean/hub_names_l_korean.yml,1892,hub,false,STATE_DELAWARE,미들타운
HUB_NAME_STATE_MARYLAND_city,korean,,밸티모어,localization/korean/hub_names_l_korean.yml,1893,hub,false,STATE_MARYLAND,밸티모어
HUB_NAME_STATE_MARYLAND_port,korean,,아나폴리스,localization/korean/hub_names_l_korean.yml,1894,hub,false,STATE_MARYLAND,아나폴리스
HUB_NAME_STATE_MARYLAND_mine,korean,,컴벌랜드,localization/korean/hub_names_l_korean.yml,1895,hub,false,STATE_MARYLAND,컴벌랜드
HUB_NAME_STATE_MARYLAND_farm,korean,,에스턴,localization/korean/hub_names_l_korean.yml,1896,hub,false,STATE_MARYLAND,에스턴
HUB_NAME_STATE_MARYLAND_wood,korean,,프레드릭,localization/korean/hub_names_l_korean.yml,1897,hub,false,STATE_MARYLAND,프레드릭
HUB_NAME_STATE_DISTRICT_OF_COLUMBIA_city,korean,,워싱턴,localization/korean/hub_names_l_korean.yml,1898,hub,false,STATE_DISTRICT_OF_COLUMBIA,워싱턴
HUB_NAME_STATE_DISTRICT_OF_COLUMBIA_port,korean,,상 말보로,localization/korean/hub_names_l_korean.yml,1899,hub,false,STATE_DISTRICT_OF_COLUMBIA,상 말보로
HUB_NAME_STATE_DISTRICT_OF_COLUMBIA_farm,korean,,레오나드타운,localization/korean/hub_names_l_korean.yml,1901,hub,false,STATE_DISTRICT_OF_COLUMBIA,레오나드타운
HUB_NAME_STATE_VIRGINIA_city,korean,,리치몬드,localization/korean/hub_names_l_korean.yml,1903,hub,false,STATE_VIRGINIA,리치몬드
HUB_NAME_STATE_VIRGINIA_port,korean,,노퍽,localization/korean/hub_names_l_korean.yml,1904,hub,false,STATE_VIRGINIA,노퍽
HUB_NAME_STATE_VIRGINIA_mine,korean,,린치버그,localization/korean/hub_names_l_korean.yml,1905,hub,false,STATE_VIRGINIA,린치버그
HUB_NAME_STATE_VIRGINIA_farm,korean,,프레데릭스버그,localization/korean/hub_names_l_korean.yml,1906,hub,false,STATE_VIRGINIA,프레데릭스버그
HUB_NAME_STATE_VIRGINIA_wood,korean,,빅 리크,localization/korean/hub_names_l_korean.yml,1907,hub,false,STATE_VIRGINIA,빅 리크
HUB_NAME_STATE_WEST_VIRGINIA_city,korean,,찰스턴,localization/korean/hub_names_l_korean.yml,1908,hub,false,STATE_WEST_VIRGINIA,찰스턴
HUB_NAME_STATE_WEST_VIRGINIA_mine,korean,,홀더비즈 랜딩,localization/korean/hub_names_l_korean.yml,1909,hub,false,STATE_WEST_VIRGINIA,홀더비즈 랜딩
HUB_NAME_STATE_WEST_VIRGINIA_farm,korean,,하퍼스 페리,localization/korean/hub_names_l_korean.yml,1910,hub,false,STATE_WEST_VIRGINIA,하퍼스 페리
HUB_NAME_STATE_WEST_VIRGINIA_wood,korean,,모건타운,localization/korean/hub_names_l_korean.yml,1911,hub,false,STATE_WEST_VIRGINIA,모건타운
HUB_NAME_STATE_OHIO_city,korean,,콜럼버스,localization/korean/hub_names_l_korean.yml,1912,hub,false,STATE_OHIO,콜럼버스
HUB_NAME_STATE_OHIO_mine,korean,,애선스,localization/korean/hub_names_l_korean.yml,1913,hub,false,STATE_OHIO,애선스
HUB_NAME_STATE_OHIO_farm,korean,,톨레도,localization/korean/hub_names_l_korean.yml,1914,hub,false,STATE_OHIO,톨레도
HUB_NAME_STATE_OHIO_wood,korean,,신시내티,localization/korean/hub_names_l_korean.yml,1915,hub,false,STATE_OHIO,신시내티
HUB_NAME_STATE_MICHIGAN_city,korean,,디트로이트,localization/korean/hub_names_l_korean.yml,1916,hub,false,STATE_MICHIGAN,디트로이트
HUB_NAME_STATE_MICHIGAN_mine,korean,,호턴,localization/korean/hub_names_l_korean.yml,1917,hub,false,STATE_MICHIGAN,호턴
HUB_NAME_STATE_MICHIGAN_farm,korean,,랜싱,localization/korean/hub_names_l_korean.yml,1918,hub,false,STATE_MICHIGAN,랜싱
HUB_NAME_STATE_MICHIGAN_wood,korean,,트래버스 시티,localization/korean/hub_names_l_korean.yml,1919,hub,false,STATE_MICHIGAN,트래버스 시티
HUB_NAME_STATE_WISCONSIN_city,korean,,밀워키,localization/korean/hub_names_l_korean.yml,1920,hub,false,STATE_WISCONSIN,밀워키
HUB_NAME_STATE_WISCONSIN_mine,korean,,오클레어,localization/korean/hub_names_l_korean.yml,1921,hub,false,STATE_WISCONSIN,오클레어
HUB_NAME_STATE_WISCONSIN_farm,korean,,매디슨,localization/korean/hub_names_l_korean.yml,1922,hub,false,STATE_WISCONSIN,매디슨
HUB_NAME_STATE_WISCONSIN_wood,korean,,라인랜더,localization/korean/hub_names_l_korean.yml,1923,hub,false,STATE_WISCONSIN,라인랜더
HUB_NAME_STATE_ILLINOIS_city,korean,,시카고,localization/korean/hub_names_l_korean.yml,1924,hub,false,STATE_ILLINOIS,시카고
HUB_NAME_STATE_ILLINOIS_mine,korean,,피오리아,localization/korean/hub_names_l_korean.yml,1925,hub,false,STATE_ILLINOIS,피오리아
HUB_NAME_STATE_ILLINOIS_farm,korean,,스프링필드,localization/korean/hub_names_l_korean.yml,1926,hub,false,STATE_ILLINOIS,스프링필드
HUB_NAME_STATE_ILLINOIS_wood,korean,,록퍼드,localization/korean/hub_names_l_korean.yml,1927,hub,false,STATE_ILLINOIS,록퍼드
HUB_NAME_STATE_INDIANA_city,korean,,인디애나폴리스,localization/korean/hub_names_l_korean.yml,1928,hub,false,STATE_INDIANA,인디애나폴리스
HUB_NAME_STATE_INDIANA_mine,korean,,에번즈빌,localization/korean/hub_names_l_korean.yml,1929,hub,false,STATE_INDIANA,에번즈빌
HUB_NAME_STATE_INDIANA_farm,korean,,포트 웨인,localization/korean/hub_names_l_korean.yml,1930,hub,false,STATE_INDIANA,포트 웨인
HUB_NAME_STATE_INDIANA_wood,korean,,로런스버그,localization/korean/hub_names_l_korean.yml,1931,hub,false,STATE_INDIANA,로런스버그
HUB_NAME_STATE_KENTUCKY_city,korean,,렉싱턴,localization/korean/hub_names_l_korean.yml,1932,hub,false,STATE_KENTUCKY,렉싱턴
HUB_NAME_STATE_KENTUCKY_mine,korean,,파이크빌,localization/korean/hub_names_l_korean.yml,1933,hub,false,STATE_KENTUCKY,파이크빌
HUB_NAME_STATE_KENTUCKY_farm,korean,,헨더슨,localization/korean/hub_names_l_korean.yml,1934,hub,false,STATE_KENTUCKY,헨더슨
HUB_NAME_STATE_KENTUCKY_wood,korean,,루이빌,localization/korean/hub_names_l_korean.yml,1935,hub,false,STATE_KENTUCKY,루이빌
HUB_NAME_STATE_TENNESSEE_city,korean,,내슈빌,localization/korean/hub_names_l_korean.yml,1936,hub,false,STATE_TENNESSEE,내슈빌
HUB_NAME_STATE_TENNESSEE_mine,korean,,녹스빌,localization/korean/hub_names_l_korean.yml,1937,hub,false,STATE_TENNESSEE,녹스빌
HUB_NAME_STATE_TENNESSEE_farm,korean,,멤피스,localization/korean/hub_names_l_korean.yml,1938,hub,false,STATE_TENNESSEE,멤피스
HUB_NAME_STATE_TENNESSEE_wood,korean,,채터누가,localization/korean/hub_names_l_korean.yml,1939,hub,false,STATE_TENNESSEE,채터누가
HUB_NAME_STATE_NORTH_CAROLINA_city,korean,,랄리,localization/korean/hub_names_l_korean.yml,1940,hub,false,STATE_NORTH_CAROLINA,랄리
HUB_NAME_STATE_NORTH_CAROLINA_port,korean,,윌밍턴,localization/korean/hub_names_l_korean.yml,1941,hub,false,STATE_NORTH_CAROLINA,윌밍턴
HUB_NAME_STATE_NORTH_CAROLINA_mine,korean,,애슈빌,localization/korean/hub_names_l_korean.yml,1942,hub,false,STATE_NORTH_CAROLINA,애슈빌
HUB_NAME_STATE_NORTH_CAROLINA_farm,korean,,골즈보로,localization/korean/hub_names_l_korean.yml,1943,hub,false,STATE_NORTH_CAROLINA,골즈보로
HUB_NAME_STATE_NORTH_CAROLINA_wood,korean,,샬럿,localization/korean/hub_names_l_korean.yml,1944,hub,false,STATE_NORTH_CAROLINA,샬럿
HUB_NAME_STATE_SOUTH_CAROLINA_city,korean,,컬럼비아,localization/korean/hub_names_l_korean.yml,1945,hub,false,STATE_SOUTH_CAROLINA,컬럼비아
HUB_NAME_STATE_SOUTH_CAROLINA_port,korean,,찰스턴,localization/korean/hub_names_l_korean.yml,1946,hub,false,STATE_SOUTH_CAROLINA,찰스턴
HUB_NAME_STATE_SOUTH_CAROLINA_mine,korean,,그린빌,localization/korean/hub_names_l_korean.yml,1947,hub,false,STATE_SOUTH_CAROLINA,그린빌
HUB_NAME_STATE_SOUTH_CAROLINA_farm,korean,,킹스트리,localization/korean/hub_names_l_korean.yml,1948,hub,false,STATE_SOUTH_CAROLINA,킹스트리
HUB_NAME_STATE_SOUTH_CAROLINA_wood,korean,,달링턴,localization/korean/hub_names_l_korean.yml,1949,hub,false,STATE_SOUTH_CAROLINA,달링턴
HUB_NAME_STATE_GEORGIA_city,korean,,메이컨,localization/korean/hub_names_l_korean.yml,1950,hub,false,STATE_GEORGIA,메이컨
HUB_NAME_STATE_GEORGIA_port,korean,,서배너,localization/korean/hub_names_l_korean.yml,1951,hub,false,STATE_GEORGIA,서배너
HUB_NAME_STATE_GEORGIA_mine,korean,,도슨빌,localization/korean/hub_names_l_korean.yml,1952,hub,false,STATE_GEORGIA,도슨빌
HUB_NAME_STATE_GEORGIA_farm,korean,,오거스타,localization/korean/hub_names_l_korean.yml,1953,hub,false,STATE_GEORGIA,오거스타
HUB_NAME_STATE_GEORGIA_wood,korean,,스래셔빌,localization/korean/hub_names_l_korean.yml,1954,hub,false,STATE_GEORGIA,스래셔빌
HUB_NAME_STATE_FLORIDA_city,korean,,탤러해시,localization/korean/hub_names_l_korean.yml,1955,hub,false,STATE_FLORIDA,탤러해시
HUB_NAME_STATE_FLORIDA_port,korean,,탬파,localization/korean/hub_names_l_korean.yml,1956,hub,false,STATE_FLORIDA,탬파
HUB_NAME_STATE_FLORIDA_mine,korean,,포트 피어스,localization/korean/hub_names_l_korean.yml,1957,hub,false,STATE_FLORIDA,포트 피어스
HUB_NAME_STATE_FLORIDA_farm,korean,,잭슨빌,localization/korean/hub_names_l_korean.yml,1958,hub,false,STATE_FLORIDA,잭슨빌
HUB_NAME_STATE_FLORIDA_wood,korean,,푼타 라사,localization/korean/hub_names_l_korean.yml,1959,hub,false,STATE_FLORIDA,푼타 라사
HUB_NAME_STATE_ALABAMA_city,korean,,버밍엄,localization/korean/hub_names_l_korean.yml,1960,hub,false,STATE_ALABAMA,버밍엄
HUB_NAME_STATE_ALABAMA_port,korean,,모빌,localization/korean/hub_names_l_korean.yml,1961,hub,false,STATE_ALABAMA,모빌
HUB_NAME_STATE_ALABAMA_mine,korean,,헌츠빌,localization/korean/hub_names_l_korean.yml,1962,hub,false,STATE_ALABAMA,헌츠빌
HUB_NAME_STATE_ALABAMA_farm,korean,,몽고메리,localization/korean/hub_names_l_korean.yml,1963,hub,false,STATE_ALABAMA,몽고메리
HUB_NAME_STATE_ALABAMA_wood,korean,,에버그린,localization/korean/hub_names_l_korean.yml,1964,hub,false,STATE_ALABAMA,에버그린
HUB_NAME_STATE_MISSISSIPPI_city,korean,,잭슨,localization/korean/hub_names_l_korean.yml,1965,hub,false,STATE_MISSISSIPPI,잭슨
HUB_NAME_STATE_MISSISSIPPI_port,korean,,빌럭시,localization/korean/hub_names_l_korean.yml,1966,hub,false,STATE_MISSISSIPPI,빌럭시
HUB_NAME_STATE_MISSISSIPPI_mine,korean,,투펄로,localization/korean/hub_names_l_korean.yml,1967,hub,false,STATE_MISSISSIPPI,투펄로
HUB_NAME_STATE_MISSISSIPPI_farm,korean,,빅스버그,localization/korean/hub_names_l_korean.yml,1968,hub,false,STATE_MISSISSIPPI,빅스버그
HUB_NAME_STATE_MISSISSIPPI_wood,korean,,메리디언,localization/korean/hub_names_l_korean.yml,1969,hub,false,STATE_MISSISSIPPI,메리디언
HUB_NAME_STATE_LOUISIANA_city,korean,,배턴 루지,localization/korean/hub_names_l_korean.yml,1970,hub,false,STATE_LOUISIANA,배턴 루지
HUB_NAME_STATE_LOUISIANA_port,korean,,뉴올리언스,localization/korean/hub_names_l_korean.yml,1971,hub,false,STATE_LOUISIANA,뉴올리언스
HUB_NAME_STATE_LOUISIANA_mine,korean,,슈리브포트,localization/korean/hub_names_l_korean.yml,1972,hub,false,STATE_LOUISIANA,슈리브포트
HUB_NAME_STATE_LOUISIANA_farm,korean,,라파예트,localization/korean/hub_names_l_korean.yml,1973,hub,false,STATE_LOUISIANA,라파예트
HUB_NAME_STATE_LOUISIANA_wood,korean,,컬럼비아,localization/korean/hub_names_l_korean.yml,1974,hub,false,STATE_LOUISIANA,컬럼비아
HUB_NAME_STATE_TEXAS_city,korean,,오스틴,localization/korean/hub_names_l_korean.yml,1975,hub,false,STATE_TEXAS,오스틴
HUB_NAME_STATE_TEXAS_port,korean,,갤버스턴,localization/korean/hub_names_l_korean.yml,1976,hub,false,STATE_TEXAS,갤버스턴
HUB_NAME_STATE_TEXAS_mine,korean,,휴스턴,localization/korean/hub_names_l_korean.yml,1977,hub,false,STATE_TEXAS,휴스턴
HUB_NAME_STATE_TEXAS_farm,korean,,엘파소,localization/korean/hub_names_l_korean.yml,1978,hub,false,STATE_TEXAS,엘파소
HUB_NAME_STATE_TEXAS_wood,korean,,댈러스,localization/korean/hub_names_l_korean.yml,1979,hub,false,STATE_TEXAS,댈러스
HUB_NAME_STATE_OKLAHOMA_city,korean,,털사,localization/korean/hub_names_l_korean.yml,1980,hub,false,STATE_OKLAHOMA,털사
HUB_NAME_STATE_OKLAHOMA_mine,korean,,이다벨,localization/korean/hub_names_l_korean.yml,1981,hub,false,STATE_OKLAHOMA,이다벨
HUB_NAME_STATE_OKLAHOMA_farm,korean,,오클라호마 시티,localization/korean/hub_names_l_korean.yml,1982,hub,false,STATE_OKLAHOMA,오클라호마 시티
HUB_NAME_STATE_OKLAHOMA_wood,korean,,맥엘레스터,localization/korean/hub_names_l_korean.yml,1983,hub,false,STATE_OKLAHOMA,맥엘레스터
HUB_NAME_STATE_ARKANSAS_city,korean,,리틀 록,localization/korean/hub_names_l_korean.yml,1984,hub,false,STATE_ARKANSAS,리틀 록
HUB_NAME_STATE_ARKANSAS_mine,korean,,포트 스미스,localization/korean/hub_names_l_korean.yml,1985,hub,false,STATE_ARKANSAS,포트 스미스
HUB_NAME_STATE_ARKANSAS_farm,korean,,파인 블러프,localization/korean/hub_names_l_korean.yml,1986,hub,false,STATE_ARKANSAS,파인 블러프
HUB_NAME_STATE_ARKANSAS_wood,korean,,핫 스프링,localization/korean/hub_names_l_korean.yml,1987,hub,false,STATE_ARKANSAS,핫 스프링
HUB_NAME_STATE_MISSOURI_city,korean,,세인트 루이스,localization/korean/hub_names_l_korean.yml,1988,hub,false,STATE_MISSOURI,세인트 루이스
HUB_NAME_STATE_MISSOURI_mine,korean,,스프링필드,localization/korean/hub_names_l_korean.yml,1989,hub,false,STATE_MISSOURI,스프링필드
HUB_NAME_STATE_MISSOURI_farm,korean,,제퍼슨 시티,localization/korean/hub_names_l_korean.yml,1990,hub,false,STATE_MISSOURI,제퍼슨 시티
HUB_NAME_STATE_MISSOURI_wood,korean,,케이프지라도,localization/korean/hub_names_l_korean.yml,1991,hub,false,STATE_MISSOURI,케이프지라도
HUB_NAME_STATE_KANSAS_city,korean,,위치토,localization/korean/hub_names_l_korean.yml,1992,hub,false,STATE_KANSAS,위치토
HUB_NAME_STATE_KANSAS_mine,korean,,포트 스콧,localization/korean/hub_names_l_korean.yml,1993,hub,false,STATE_KANSAS,포트 스콧
HUB_NAME_STATE_KANSAS_farm,korean,,토피카,localization/korean/hub_names_l_korean.yml,1994,hub,false,STATE_KANSAS,토피카
HUB_NAME_STATE_KANSAS_wood,korean,,도지 시티,localization/korean/hub_names_l_korean.yml,1995,hub,false,STATE_KANSAS,도지 시티
HUB_NAME_STATE_NEBRASKA_city,korean,,오마하,localization/korean/hub_names_l_korean.yml,1996,hub,false,STATE_NEBRASKA,오마하
HUB_NAME_STATE_NEBRASKA_farm,korean,,노드포크,localization/korean/hub_names_l_korean.yml,1997,hub,false,STATE_NEBRASKA,노드포크
HUB_NAME_STATE_NEBRASKA_mine,korean,,채드론,localization/korean/hub_names_l_korean.yml,1998,hub,false,STATE_NEBRASKA,채드론
HUB_NAME_STATE_NEBRASKA_wood,korean,,그랜드 아일랜드,localization/korean/hub_names_l_korean.yml,1999,hub,false,STATE_NEBRASKA,그랜드 아일랜드
HUB_NAME_STATE_IOWA_city,korean,,디모인,localization/korean/hub_names_l_korean.yml,2000,hub,false,STATE_IOWA,디모인
HUB_NAME_STATE_IOWA_mine,korean,,오텀와,localization/korean/hub_names_l_korean.yml,2001,hub,false,STATE_IOWA,오텀와
HUB_NAME_STATE_IOWA_farm,korean,,아이오와 시티,localization/korean/hub_names_l_korean.yml,2002,hub,false,STATE_IOWA,아이오와 시티
HUB_NAME_STATE_IOWA_wood,korean,,메이슨 시티,localization/korean/hub_names_l_korean.yml,2003,hub,false,STATE_IOWA,메이슨 시티
HUB_NAME_STATE_MINNESOTA_city,korean,,미니애폴리스,localization/korean/hub_names_l_korean.yml,2004,hub,false,STATE_MINNESOTA,미니애폴리스
HUB_NAME_STATE_MINNESOTA_mine,korean,,덜루스,localization/korean/hub_names_l_korean.yml,2005,hub,false,STATE_MINNESOTA,덜루스
HUB_NAME_STATE_MINNESOTA_farm,korean,,세인트 클라우드,localization/korean/hub_names_l_korean.yml,2006,hub,false,STATE_MINNESOTA,세인트 클라우드
HUB_NAME_STATE_MINNESOTA_wood,korean,,에잇킨,localization/korean/hub_names_l_korean.yml,2007,hub,false,STATE_MINNESOTA,에잇킨
HUB_NAME_STATE_SOUTH_DAKOTA_city,korean,,피어,localization/korean/hub_names_l_korean.yml,2008,hub,false,STATE_SOUTH_DAKOTA,피어
HUB_NAME_STATE_SOUTH_DAKOTA_mine,korean,,데드우드,localization/korean/hub_names_l_korean.yml,2009,hub,false,STATE_SOUTH_DAKOTA,데드우드
HUB_NAME_STATE_SOUTH_DAKOTA_farm,korean,,수 폴스,localization/korean/hub_names_l_korean.yml,2010,hub,false,STATE_SOUTH_DAKOTA,수 폴스
HUB_NAME_STATE_SOUTH_DAKOTA_wood,korean,,애버딘,localization/korean/hub_names_l_korean.yml,2011,hub,false,STATE_SOUTH_DAKOTA,애버딘
HUB_NAME_STATE_NORTH_DAKOTA_city,korean,,비스마르크,localization/korean/hub_names_l_korean.yml,2012,hub,false,STATE_NORTH_DAKOTA,비스마르크
HUB_NAME_STATE_NORTH_DAKOTA_mine,korean,,스탠턴,localization/korean/hub_names_l_korean.yml,2013,hub,false,STATE_NORTH_DAKOTA,스탠턴
HUB_NAME_STATE_NORTH_DAKOTA_farm,korean,,마이놋,localization/korean/hub_names_l_korean.yml,2014,hub,false,STATE_NORTH_DAKOTA,마이놋
HUB_NAME_STATE_NORTH_DAKOTA_wood,korean,,데빌스 레이크,localization/korean/hub_names_l_korean.yml,2015,hub,false,STATE_NORTH_DAKOTA,데빌스 레이크
HUB_NAME_STATE_MONTANA_city,korean,,헬레나,localization/korean/hub_names_l_korean.yml,2016,hub,false,STATE_MONTANA,헬레나
HUB_NAME_STATE_MONTANA_mine,korean,,뷰트,localization/korean/hub_names_l_korean.yml,2017,hub,false,STATE_MONTANA,뷰트
HUB_NAME_STATE_MONTANA_farm,korean,,보즈먼,localization/korean/hub_names_l_korean.yml,2018,hub,false,STATE_MONTANA,보즈먼
HUB_NAME_STATE_MONTANA_wood,korean,,미줄라,localization/korean/hub_names_l_korean.yml,2019,hub,false,STATE_MONTANA,미줄라
HUB_NAME_STATE_WYOMING_city,korean,,샤이엔,localization/korean/hub_names_l_korean.yml,2020,hub,false,STATE_WYOMING,샤이엔
HUB_NAME_STATE_WYOMING_mine,korean,,록 스프링스,localization/korean/hub_names_l_korean.yml,2021,hub,false,STATE_WYOMING,록 스프링스
HUB_NAME_STATE_WYOMING_farm,korean,,더글라스,localization/korean/hub_names_l_korean.yml,2022,hub,false,STATE_WYOMING,더글라스
HUB_NAME_STATE_WYOMING_wood,korean,,코디,localization/korean/hub_names_l_korean.yml,2023,hub,false,STATE_WYOMING,코디
HUB_NAME_STATE_COLORADO_city,korean,,덴버,localization/korean/hub_names_l_korean.yml,2024,hub,false,STATE_COLORADO,덴버
HUB_NAME_STATE_COLORADO_mine,korean,,리드빌,localization/korean/hub_names_l_korean.yml,2025,hub,false,STATE_COLORADO,리드빌
HUB_NAME_STATE_COLORADO_farm,korean,,푸에블로,localization/korean/hub_names_l_korean.yml,2026,hub,false,STATE_COLORADO,푸에블로
HUB_NAME_STATE_COLORADO_wood,korean,,군니슨,localization/korean/hub_names_l_korean.yml,2027,hub,false,STATE_COLORADO,군니슨
HUB_NAME_STATE_NEW_MEXICO_city,korean,,산타 페,localization/korean/hub_names_l_korean.yml,2028,hub,false,STATE_NEW_MEXICO,산타 페
HUB_NAME_STATE_NEW_MEXICO_mine,korean,,알부케르케,localization/korean/hub_names_l_korean.yml,2029,hub,false,STATE_NEW_MEXICO,알부케르케
HUB_NAME_STATE_NEW_MEXICO_farm,korean,,라스 크루시스,localization/korean/hub_names_l_korean.yml,2030,hub,false,STATE_NEW_MEXICO,라스 크루시스
HUB_NAME_STATE_NEW_MEXICO_wood,korean,,루이도즈,localization/korean/hub_names_l_korean.yml,2031,hub,false,STATE_NEW_MEXICO,루이도즈
HUB_NAME_STATE_ARIZONA_city,korean,,투손,localization/korean/hub_names_l_korean.yml,2032,hub,false,STATE_ARIZONA,투손
HUB_NAME_STATE_ARIZONA_mine,korean,,피닉스,localization/korean/hub_names_l_korean.yml,2033,hub,false,STATE_ARIZONA,피닉스
HUB_NAME_STATE_ARIZONA_farm,korean,,홀브룩,localization/korean/hub_names_l_korean.yml,2034,hub,false,STATE_ARIZONA,홀브룩
HUB_NAME_STATE_ARIZONA_wood,korean,,앤터로프 스프링,localization/korean/hub_names_l_korean.yml,2035,hub,false,STATE_ARIZONA,앤터로프 스프링
HUB_NAME_STATE_UTAH_city,korean,,솔트레이크 시티,localization/korean/hub_names_l_korean.yml,2036,hub,false,STATE_UTAH,솔트레이크 시티
HUB_NAME_STATE_UTAH_mine,korean,,세인트 조지,localization/korean/hub_names_l_korean.yml,2037,hub,false,STATE_UTAH,세인트 조지
HUB_NAME_STATE_UTAH_farm,korean,,프로보,localization/korean/hub_names_l_korean.yml,2038,hub,false,STATE_UTAH,프로보
HUB_NAME_STATE_UTAH_wood,korean,,오그던,localization/korean/hub_names_l_korean.yml,2039,hub,false,STATE_UTAH,오그던
HUB_NAME_STATE_NEVADA_city,korean,,카슨 시티,localization/korean/hub_names_l_korean.yml,2040,hub,false,STATE_NEVADA,카슨 시티
HUB_NAME_STATE_NEVADA_mine,korean,,리노,localization/korean/hub_names_l_korean.yml,2041,hub,false,STATE_NEVADA,리노
HUB_NAME_STATE_NEVADA_farm,korean,,캔덜라리아,localization/korean/hub_names_l_korean.yml,2042,hub,false,STATE_NEVADA,캔덜라리아
HUB_NAME_STATE_NEVADA_wood,korean,,엘코,localization/korean/hub_names_l_korean.yml,2043,hub,false,STATE_NEVADA,엘코
HUB_NAME_STATE_IDAHO_city,korean,,보이시,localization/korean/hub_names_l_korean.yml,2044,hub,false,STATE_IDAHO,보이시
HUB_NAME_STATE_IDAHO_mine,korean,,아이다호 폴즈,localization/korean/hub_names_l_korean.yml,2045,hub,false,STATE_IDAHO,아이다호 폴즈
HUB_NAME_STATE_IDAHO_farm,korean,,포커텔로,localization/korean/hub_names_l_korean.yml,2046,hub,false,STATE_IDAHO,포커텔로
HUB_NAME_STATE_IDAHO_wood,korean,,코어 드얼린,localization/korean/hub_names_l_korean.yml,2047,hub,false,STATE_IDAHO,코어 드얼린
HUB_NAME_STATE_WASHINGTON_city,korean,,시애틀,localization/korean/hub_names_l_korean.yml,2048,hub,false,STATE_WASHINGTON,시애틀
HUB_NAME_STATE_WASHINGTON_port,korean,,타코마,localization/korean/hub_names_l_korean.yml,2049,hub,false,STATE_WASHINGTON,타코마
HUB_NAME_STATE_WASHINGTON_mine,korean,,벨링햄,localization/korean/hub_names_l_korean.yml,2050,hub,false,STATE_WASHINGTON,벨링햄
HUB_NAME_STATE_WASHINGTON_farm,korean,,왈라왈라,localization/korean/hub_names_l_korean.yml,2051,hub,false,STATE_WASHINGTON,왈라왈라
HUB_NAME_STATE_WASHINGTON_wood,korean,,스포캔,localization/korean/hub_names_l_korean.yml,2052,hub,false,STATE_WASHINGTON,스포캔
HUB_NAME_STATE_OREGON_city,korean,,포틀랜드,localization/korean/hub_names_l_korean.yml,2053,hub,false,STATE_OREGON,포틀랜드
HUB_NAME_STATE_OREGON_port,korean,,애스토리아,localization/korean/hub_names_l_korean.yml,2054,hub,false,STATE_OREGON,애스토리아
HUB_NAME_STATE_OREGON_mine,korean,,알링턴,localization/korean/hub_names_l_korean.yml,2055,hub,false,STATE_OREGON,알링턴
HUB_NAME_STATE_OREGON_farm,korean,,벤드,localization/korean/hub_names_l_korean.yml,2056,hub,false,STATE_OREGON,벤드
HUB_NAME_STATE_OREGON_wood,korean,,유진,localization/korean/hub_names_l_korean.yml,2057,hub,false,STATE_OREGON,유진
HUB_NAME_STATE_CALIFORNIA_city,korean,,새크라멘토,localization/korean/hub_names_l_korean.yml,2058,hub,false,STATE_CALIFORNIA,새크라멘토
HUB_NAME_STATE_CALIFORNIA_port,korean,,샌 프란시스코,localization/korean/hub_names_l_korean.yml,2059,hub,false,STATE_CALIFORNIA,샌 프란시스코
HUB_NAME_STATE_CALIFORNIA_mine,korean,,로스 앤젤레스,localization/korean/hub_names_l_korean.yml,2060,hub,false,STATE_CALIFORNIA,로스 앤젤레스
HUB_NAME_STATE_CALIFORNIA_farm,korean,,프레스노,localization/korean/hub_names_l_korean.yml,2061,hub,false,STATE_CALIFORNIA,프레스노
HUB_NAME_STATE_CALIFORNIA_wood,korean,,샤스타,localization/korean/hub_names_l_korean.yml,2062,hub,false,STATE_CALIFORNIA,샤스타
HUB_NAME_STATE_BAJA_CALIFORNIA_city,korean,,라 파스,localization/korean/hub_names_l_korean.yml,2064,hub,false,STATE_BAJA_CALIFORNIA,라 파스
HUB_NAME_STATE_BAJA_CALIFORNIA_port,korean,,샌 퀀틴,localization/korean/hub_names_l_korean.yml,2065,hub,false,STATE_BAJA_CALIFORNIA,샌 퀀틴
HUB_NAME_STATE_BAJA_CALIFORNIA_mine,korean,,메히칼리,localization/korean/hub_names_l_korean.yml,2066,hub,false,STATE_BAJA_CALIFORNIA,메히칼리
HUB_NAME_STATE_BAJA_CALIFORNIA_farm,korean,,카보 산 루카스,localization/korean/hub_names_l_korean.yml,2067,hub,false,STATE_BAJA_CALIFORNIA,카보 산 루카스
HUB_NAME_STATE_BAJA_CALIFORNIA_wood,korean,,산타 로살리아,localization/korean/hub_names_l_korean.yml,2068,hub,false,STATE_BAJA_CALIFORNIA,산타 로살리아
HUB_NAME_STATE_SONORA_city,korean,,에르모시요,localization/korean/hub_names_l_korean.yml,2069,hub,false,STATE_SONORA,에르모시요
HUB_NAME_STATE_SONORA_port,korean,,과이마스,localization/korean/hub_names_l_korean.yml,2070,hub,false,STATE_SONORA,과이마스
HUB_NAME_STATE_SONORA_mine,korean,,노갈레스,localization/korean/hub_names_l_korean.yml,2071,hub,false,STATE_SONORA,노갈레스
HUB_NAME_STATE_SONORA_farm,korean,,나보호아,localization/korean/hub_names_l_korean.yml,2072,hub,false,STATE_SONORA,나보호아
HUB_NAME_STATE_SONORA_wood,korean,,카예매,localization/korean/hub_names_l_korean.yml,2073,hub,false,STATE_SONORA,카예매
HUB_NAME_STATE_CHIHUAHUA_city,korean,,치와와,localization/korean/hub_names_l_korean.yml,2074,hub,false,STATE_CHIHUAHUA,치와와
HUB_NAME_STATE_CHIHUAHUA_mine,korean,,히메네스,localization/korean/hub_names_l_korean.yml,2076,hub,false,STATE_CHIHUAHUA,히메네스
HUB_NAME_STATE_CHIHUAHUA_farm,korean,,엘 파소 델 노르테,localization/korean/hub_names_l_korean.yml,2077,hub,false,STATE_CHIHUAHUA,엘 파소 델 노르테
HUB_NAME_STATE_CHIHUAHUA_wood,korean,,쿠아우테목,localization/korean/hub_names_l_korean.yml,2078,hub,false,STATE_CHIHUAHUA,쿠아우테목
HUB_NAME_STATE_DURANGO_city,korean,,듀랑고,localization/korean/hub_names_l_korean.yml,2079,hub,false,STATE_DURANGO,듀랑고
HUB_NAME_STATE_DURANGO_mine,korean,,레르도,localization/korean/hub_names_l_korean.yml,2080,hub,false,STATE_DURANGO,레르도
HUB_NAME_STATE_DURANGO_farm,korean,,산티아고 파파스키아로,localization/korean/hub_names_l_korean.yml,2081,hub,false,STATE_DURANGO,산티아고 파파스키아로
HUB_NAME_STATE_DURANGO_wood,korean,,엘 살토,localization/korean/hub_names_l_korean.yml,2082,hub,false,STATE_DURANGO,엘 살토
HUB_NAME_STATE_RIO_GRANDE_city,korean,,몬테레이,localization/korean/hub_names_l_korean.yml,2083,hub,false,STATE_RIO_GRANDE,몬테레이
HUB_NAME_STATE_RIO_GRANDE_port,korean,,탐피코,localization/korean/hub_names_l_korean.yml,2084,hub,false,STATE_RIO_GRANDE,탐피코
HUB_NAME_STATE_RIO_GRANDE_mine,korean,,시우다드 바예스,localization/korean/hub_names_l_korean.yml,2085,hub,false,STATE_RIO_GRANDE,시우다드 바예스
HUB_NAME_STATE_RIO_GRANDE_farm,korean,,마타모로스,localization/korean/hub_names_l_korean.yml,2086,hub,false,STATE_RIO_GRANDE,마타모로스
HUB_NAME_STATE_RIO_GRANDE_wood,korean,,시우다드 빅토리아,localization/korean/hub_names_l_korean.yml,2087,hub,false,STATE_RIO_GRANDE,시우다드 빅토리아
HUB_NAME_STATE_ZACATECAS_city,korean,,사카테카스,localization/korean/hub_names_l_korean.yml,2088,hub,false,STATE_ZACATECAS,사카테카스
HUB_NAME_STATE_ZACATECAS_mine,korean,,프레스닐로,localization/korean/hub_names_l_korean.yml,2089,hub,false,STATE_ZACATECAS,프레스닐로
HUB_NAME_STATE_ZACATECAS_farm,korean,,잘파,localization/korean/hub_names_l_korean.yml,2090,hub,false,STATE_ZACATECAS,잘파
HUB_NAME_STATE_ZACATECAS_wood,korean,,발파라이소,localization/korean/hub_names_l_korean.yml,2091,hub,false,STATE_ZACATECAS,발파라이소
HUB_NAME_STATE_BAJIO_city,korean,,산 루이스 포토시,localization/korean/hub_names_l_korean.yml,2092,hub,false,STATE_BAJIO,산 루이스 포토시
HUB_NAME_STATE_BAJIO_mine,korean,,과나후아토,localization/korean/hub_names_l_korean.yml,2093,hub,false,STATE_BAJIO,과나후아토
HUB_NAME_STATE_BAJIO_farm,korean,,케레타로,localization/korean/hub_names_l_korean.yml,2094,hub,false,STATE_BAJIO,케레타로
HUB_NAME_STATE_BAJIO_wood,korean,,시우다드 바예스,localization/korean/hub_names_l_korean.yml,2095,hub,false,STATE_BAJIO,시우다드 바예스
HUB_NAME_STATE_OAXACA_city,korean,,오아하카,localization/korean/hub_names_l_korean.yml,2096,hub,false,STATE_OAXACA,오아하카
HUB_NAME_STATE_OAXACA_farm,korean,,산 페드로 포추틀라,localization/korean/hub_names_l_korean.yml,2097,hub,false,STATE_OAXACA,산 페드로 포추틀라
HUB_NAME_STATE_OAXACA_mine,korean,,후아주아판 데 레온,localization/korean/hub_names_l_korean.yml,2098,hub,false,STATE_OAXACA,후아주아판 데 레온
HUB_NAME_STATE_OAXACA_wood,korean,,주치탄 데 자라고사,localization/korean/hub_names_l_korean.yml,2099,hub,false,STATE_OAXACA,주치탄 데 자라고사
HUB_NAME_STATE_OAXACA_port,korean,,살리나 크루스,localization/korean/hub_names_l_korean.yml,2100,hub,false,STATE_OAXACA,살리나 크루스
HUB_NAME_STATE_SINALOA_city,korean,,쿨리아칸,localization/korean/hub_names_l_korean.yml,2101,hub,false,STATE_SINALOA,쿨리아칸
HUB_NAME_STATE_SINALOA_farm,korean,,로스 모치스,localization/korean/hub_names_l_korean.yml,2102,hub,false,STATE_SINALOA,로스 모치스
HUB_NAME_STATE_SINALOA_mine,korean,,과사베,localization/korean/hub_names_l_korean.yml,2103,hub,false,STATE_SINALOA,과사베
HUB_NAME_STATE_SINALOA_wood,korean,,엘 푸에르테,localization/korean/hub_names_l_korean.yml,2104,hub,false,STATE_SINALOA,엘 푸에르테
HUB_NAME_STATE_SINALOA_port,korean,,마자틀란,localization/korean/hub_names_l_korean.yml,2105,hub,false,STATE_SINALOA,마자틀란
HUB_NAME_STATE_JALISCO_city,korean,,과달라하라,localization/korean/hub_names_l_korean.yml,2106,hub,false,STATE_JALISCO,과달라하라
HUB_NAME_STATE_JALISCO_port,korean,,푸에르토 바야르타,localization/korean/hub_names_l_korean.yml,2107,hub,false,STATE_JALISCO,푸에르토 바야르타
HUB_NAME_STATE_JALISCO_mine,korean,,아구아스칼리엔테스,localization/korean/hub_names_l_korean.yml,2108,hub,false,STATE_JALISCO,아구아스칼리엔테스
HUB_NAME_STATE_JALISCO_farm,korean,,테픽,localization/korean/hub_names_l_korean.yml,2109,hub,false,STATE_JALISCO,테픽
HUB_NAME_STATE_JALISCO_wood,korean,,콜리마,localization/korean/hub_names_l_korean.yml,2110,hub,false,STATE_JALISCO,콜리마
HUB_NAME_STATE_GUERRERO_city,korean,,칠판싱고,localization/korean/hub_names_l_korean.yml,2111,hub,false,STATE_GUERRERO,칠판싱고
HUB_NAME_STATE_GUERRERO_port,korean,,아카풀코,localization/korean/hub_names_l_korean.yml,2112,hub,false,STATE_GUERRERO,아카풀코
HUB_NAME_STATE_GUERRERO_mine,korean,,톨루카,localization/korean/hub_names_l_korean.yml,2113,hub,false,STATE_GUERRERO,톨루카
HUB_NAME_STATE_GUERRERO_farm,korean,,시와타네호,localization/korean/hub_names_l_korean.yml,2114,hub,false,STATE_GUERRERO,시와타네호
HUB_NAME_STATE_GUERRERO_wood,korean,,이괄라,localization/korean/hub_names_l_korean.yml,2115,hub,false,STATE_GUERRERO,이괄라
HUB_NAME_STATE_MEXICO_city,korean,,멕시코 시티,localization/korean/hub_names_l_korean.yml,2116,hub,false,STATE_MEXICO,멕시코 시티
HUB_NAME_STATE_MEXICO_port,korean,,아카풀코,localization/korean/hub_names_l_korean.yml,2117,hub,false,STATE_MEXICO,아카풀코
HUB_NAME_STATE_MEXICO_mine,korean,,톨루카,localization/korean/hub_names_l_korean.yml,2118,hub,false,STATE_MEXICO,톨루카
HUB_NAME_STATE_MEXICO_farm,korean,,푸에블라,localization/korean/hub_names_l_korean.yml,2119,hub,false,STATE_MEXICO,푸에블라
HUB_NAME_STATE_MEXICO_wood,korean,,칠파싱고,localization/korean/hub_names_l_korean.yml,2120,hub,false,STATE_MEXICO,칠파싱고
HUB_NAME_STATE_VERACRUZ_city,korean,,베라크루스,localization/korean/hub_names_l_korean.yml,2121,hub,false,STATE_VERACRUZ,베라크루스
HUB_NAME_STATE_VERACRUZ_port,korean,,코아트사코알코스,localization/korean/hub_names_l_korean.yml,2122,hub,false,STATE_VERACRUZ,코아트사코알코스
HUB_NAME_STATE_VERACRUZ_mine,korean,,코르도바,localization/korean/hub_names_l_korean.yml,2123,hub,false,STATE_VERACRUZ,코르도바
HUB_NAME_STATE_VERACRUZ_farm,korean,,아카유칸,localization/korean/hub_names_l_korean.yml,2124,hub,false,STATE_VERACRUZ,아카유칸
HUB_NAME_STATE_VERACRUZ_wood,korean,,살라파,localization/korean/hub_names_l_korean.yml,2125,hub,false,STATE_VERACRUZ,살라파
HUB_NAME_STATE_YUCATAN_city,korean,,메리다,localization/korean/hub_names_l_korean.yml,2126,hub,false,STATE_YUCATAN,메리다
HUB_NAME_STATE_YUCATAN_port,korean,,시우다드 델 카르멘,localization/korean/hub_names_l_korean.yml,2127,hub,false,STATE_YUCATAN,시우다드 델 카르멘
HUB_NAME_STATE_YUCATAN_mine,korean,,파요 오비스포,localization/korean/hub_names_l_korean.yml,2128,hub,false,STATE_YUCATAN,파요 오비스포
HUB_NAME_STATE_YUCATAN_farm,korean,,칸쿤,localization/korean/hub_names_l_korean.yml,2129,hub,false,STATE_YUCATAN,칸쿤
HUB_NAME_STATE_YUCATAN_wood,korean,,캄페체,localization/korean/hub_names_l_korean.yml,2130,hub,false,STATE_YUCATAN,캄페체
HUB_NAME_STATE_CHIAPAS_city,korean,,툭스틀라,localization/korean/hub_names_l_korean.yml,2131,hub,false,STATE_CHIAPAS,툭스틀라
HUB_NAME_STATE_CHIAPAS_port,korean,,라 푸에르타,localization/korean/hub_names_l_korean.yml,2132,hub,false,STATE_CHIAPAS,라 푸에르타
HUB_NAME_STATE_CHIAPAS_mine,korean,,카르데나스,localization/korean/hub_names_l_korean.yml,2133,hub,false,STATE_CHIAPAS,카르데나스
HUB_NAME_STATE_CHIAPAS_farm,korean,,마파스테펙,localization/korean/hub_names_l_korean.yml,2134,hub,false,STATE_CHIAPAS,마파스테펙
HUB_NAME_STATE_CHIAPAS_wood,korean,,타파출라,localization/korean/hub_names_l_korean.yml,2135,hub,false,STATE_CHIAPAS,타파출라
HUB_NAME_STATE_GUATEMALA_city,korean,,에스퀸틀라,localization/korean/hub_names_l_korean.yml,2136,hub,false,STATE_GUATEMALA,에스퀸틀라
HUB_NAME_STATE_GUATEMALA_port,korean,,벨리즈 시티,localization/korean/hub_names_l_korean.yml,2137,hub,false,STATE_GUATEMALA,벨리즈 시티
HUB_NAME_STATE_GUATEMALA_mine,korean,,과테말라,localization/korean/hub_names_l_korean.yml,2138,hub,false,STATE_GUATEMALA,과테말라
HUB_NAME_STATE_GUATEMALA_farm,korean,,모데스토 멘데스,localization/korean/hub_names_l_korean.yml,2139,hub,false,STATE_GUATEMALA,모데스토 멘데스
HUB_NAME_STATE_GUATEMALA_wood,korean,,포틴 드 라스 플로레스,localization/korean/hub_names_l_korean.yml,2140,hub,false,STATE_GUATEMALA,포틴 드 라스 플로레스
HUB_NAME_STATE_SAN_SALVADOR_city,korean,,산 살바도르,localization/korean/hub_names_l_korean.yml,2141,hub,false,STATE_SAN_SALVADOR,산 살바도르
HUB_NAME_STATE_SAN_SALVADOR_port,korean,,아카후틀라,localization/korean/hub_names_l_korean.yml,2142,hub,false,STATE_SAN_SALVADOR,아카후틀라
HUB_NAME_STATE_SAN_SALVADOR_mine,korean,,산타 아나,localization/korean/hub_names_l_korean.yml,2143,hub,false,STATE_SAN_SALVADOR,산타 아나
HUB_NAME_STATE_SAN_SALVADOR_farm,korean,,사카테콜루카,localization/korean/hub_names_l_korean.yml,2144,hub,false,STATE_SAN_SALVADOR,사카테콜루카
HUB_NAME_STATE_SAN_SALVADOR_wood,korean,,산 미겔,localization/korean/hub_names_l_korean.yml,2145,hub,false,STATE_SAN_SALVADOR,산 미겔
HUB_NAME_STATE_HONDURAS_city,korean,,테구시갈파,localization/korean/hub_names_l_korean.yml,2146,hub,false,STATE_HONDURAS,테구시갈파
HUB_NAME_STATE_HONDURAS_port,korean,,푸에르토 코르테스,localization/korean/hub_names_l_korean.yml,2147,hub,false,STATE_HONDURAS,푸에르토 코르테스
HUB_NAME_STATE_HONDURAS_mine,korean,,요로,localization/korean/hub_names_l_korean.yml,2148,hub,false,STATE_HONDURAS,요로
HUB_NAME_STATE_HONDURAS_farm,korean,,토코아,localization/korean/hub_names_l_korean.yml,2149,hub,false,STATE_HONDURAS,토코아
HUB_NAME_STATE_HONDURAS_wood,korean,,산 페드로 술라,localization/korean/hub_names_l_korean.yml,2150,hub,false,STATE_HONDURAS,산 페드로 술라
HUB_NAME_STATE_NICARAGUA_city,korean,,마나과,localization/korean/hub_names_l_korean.yml,2151,hub,false,STATE_NICARAGUA,마나과
HUB_NAME_STATE_NICARAGUA_port,korean,,블루필즈,localization/korean/hub_names_l_korean.yml,2152,hub,false,STATE_NICARAGUA,블루필즈
HUB_NAME_STATE_NICARAGUA_mine,korean,,에스텔리,localization/korean/hub_names_l_korean.yml,2153,hub,false,STATE_NICARAGUA,에스텔리
HUB_NAME_STATE_NICARAGUA_farm,korean,,치난데가,localization/korean/hub_names_l_korean.yml,2154,hub,false,STATE_NICARAGUA,치난데가
HUB_NAME_STATE_NICARAGUA_wood,korean,,마타갈파,localization/korean/hub_names_l_korean.yml,2155,hub,false,STATE_NICARAGUA,마타갈파
HUB_NAME_STATE_COSTA_RICA_city,korean,,산 호세,localization/korean/hub_names_l_korean.yml,2156,hub,false,STATE_COSTA_RICA,산 호세
HUB_NAME_STATE_COSTA_RICA_port,korean,,푸에르토 리몬,localization/korean/hub_names_l_korean.yml,2157,hub,false,STATE_COSTA_RICA,푸에르토 리몬
HUB_NAME_STATE_COSTA_RICA_mine,korean,,카르타고,localization/korean/hub_names_l_korean.yml,2158,hub,false,STATE_COSTA_RICA,카르타고
HUB_NAME_STATE_COSTA_RICA_farm,korean,,판도라,localization/korean/hub_names_l_korean.yml,2159,hub,false,STATE_COSTA_RICA,판도라
HUB_NAME_STATE_COSTA_RICA_wood,korean,,리베리아,localization/korean/hub_names_l_korean.yml,2160,hub,false,STATE_COSTA_RICA,리베리아
HUB_NAME_STATE_PANAMA_city,korean,,파나마 시티,localization/korean/hub_names_l_korean.yml,2161,hub,false,STATE_PANAMA,파나마 시티
HUB_NAME_STATE_PANAMA_port,korean,,콜론,localization/korean/hub_names_l_korean.yml,2162,hub,false,STATE_PANAMA,콜론
HUB_NAME_STATE_PANAMA_mine,korean,,다비드,localization/korean/hub_names_l_korean.yml,2163,hub,false,STATE_PANAMA,다비드
HUB_NAME_STATE_PANAMA_farm,korean,,라스 타블라스,localization/korean/hub_names_l_korean.yml,2164,hub,false,STATE_PANAMA,라스 타블라스
HUB_NAME_STATE_PANAMA_wood,korean,,산티아고,localization/korean/hub_names_l_korean.yml,2165,hub,false,STATE_PANAMA,산티아고
HUB_NAME_STATE_ANTIOQUIA_city,korean,,메델린,localization/korean/hub_names_l_korean.yml,2166,hub,false,STATE_ANTIOQUIA,메델린
HUB_NAME_STATE_ANTIOQUIA_port,korean,,산타 마르타,localization/korean/hub_names_l_korean.yml,2167,hub,false,STATE_ANTIOQUIA,산타 마르타
HUB_NAME_STATE_ANTIOQUIA_mine,korean,,푸에르토 베리오,localization/korean/hub_names_l_korean.yml,2168,hub,false,STATE_ANTIOQUIA,푸에르토 베리오
HUB_NAME_STATE_ANTIOQUIA_farm,korean,,카르타헤나,localization/korean/hub_names_l_korean.yml,2169,hub,false,STATE_ANTIOQUIA,카르타헤나
HUB_NAME_STATE_ANTIOQUIA_wood,korean,,부카라망가,localization/korean/hub_names_l_korean.yml,2170,hub,false,STATE_ANTIOQUIA,부카라망가
HUB_NAME_STATE_CAUCA_city,korean,,칼리,localization/korean/hub_names_l_korean.yml,2171,hub,false,STATE_CAUCA,칼리
HUB_NAME_STATE_CAUCA_port,korean,,부에나벤투라,localization/korean/hub_names_l_korean.yml,2172,hub,false,STATE_CAUCA,부에나벤투라
HUB_NAME_STATE_CAUCA_mine,korean,,네이바,localization/korean/hub_names_l_korean.yml,2173,hub,false,STATE_CAUCA,네이바
HUB_NAME_STATE_CAUCA_farm,korean,,파스토,localization/korean/hub_names_l_korean.yml,2174,hub,false,STATE_CAUCA,파스토
HUB_NAME_STATE_CAUCA_wood,korean,,포파얀,localization/korean/hub_names_l_korean.yml,2175,hub,false,STATE_CAUCA,포파얀
HUB_NAME_STATE_CUNDINAMARCA_city,korean,,보고타,localization/korean/hub_names_l_korean.yml,2176,hub,false,STATE_CUNDINAMARCA,보고타
HUB_NAME_STATE_CUNDINAMARCA_mine,korean,,툰하,localization/korean/hub_names_l_korean.yml,2177,hub,false,STATE_CUNDINAMARCA,툰하
HUB_NAME_STATE_CUNDINAMARCA_farm,korean,,이바게,localization/korean/hub_names_l_korean.yml,2178,hub,false,STATE_CUNDINAMARCA,이바게
HUB_NAME_STATE_CUNDINAMARCA_wood,korean,,마니살레스,localization/korean/hub_names_l_korean.yml,2179,hub,false,STATE_CUNDINAMARCA,마니살레스
HUB_NAME_STATE_GUAVIARE_city,korean,,비야비센시오,localization/korean/hub_names_l_korean.yml,2180,hub,false,STATE_GUAVIARE,비야비센시오
HUB_NAME_STATE_GUAVIARE_mine,korean,,플로렌시아,localization/korean/hub_names_l_korean.yml,2181,hub,false,STATE_GUAVIARE,플로렌시아
HUB_NAME_STATE_GUAVIARE_farm,korean,,산 호세 델 과비아레,localization/korean/hub_names_l_korean.yml,2182,hub,false,STATE_GUAVIARE,산 호세 델 과비아레
HUB_NAME_STATE_GUAVIARE_wood,korean,,푸에르토 카레뇨,localization/korean/hub_names_l_korean.yml,2183,hub,false,STATE_GUAVIARE,푸에르토 카레뇨
HUB_NAME_STATE_ZULIA_city,korean,,바르키시메토,localization/korean/hub_names_l_korean.yml,2185,hub,false,STATE_ZULIA,바르키시메토
HUB_NAME_STATE_ZULIA_port,korean,,마라카이보,localization/korean/hub_names_l_korean.yml,2186,hub,false,STATE_ZULIA,마라카이보
HUB_NAME_STATE_ZULIA_mine,korean,,산 크리스토발,localization/korean/hub_names_l_korean.yml,2187,hub,false,STATE_ZULIA,산 크리스토발
HUB_NAME_STATE_ZULIA_farm,korean,,발렌시아,localization/korean/hub_names_l_korean.yml,2188,hub,false,STATE_ZULIA,발렌시아
HUB_NAME_STATE_ZULIA_wood,korean,,메리다,localization/korean/hub_names_l_korean.yml,2189,hub,false,STATE_ZULIA,메리다
HUB_NAME_STATE_MIRANDA_city,korean,,카라카스,localization/korean/hub_names_l_korean.yml,2190,hub,false,STATE_MIRANDA,카라카스
HUB_NAME_STATE_MIRANDA_port,korean,,바르셀로나,localization/korean/hub_names_l_korean.yml,2191,hub,false,STATE_MIRANDA,바르셀로나
HUB_NAME_STATE_MIRANDA_mine,korean,,바리나스,localization/korean/hub_names_l_korean.yml,2192,hub,false,STATE_MIRANDA,바리나스
HUB_NAME_STATE_MIRANDA_farm,korean,,산 카를로스,localization/korean/hub_names_l_korean.yml,2193,hub,false,STATE_MIRANDA,산 카를로스
HUB_NAME_STATE_MIRANDA_wood,korean,,산 페르난도 데 아푸레,localization/korean/hub_names_l_korean.yml,2194,hub,false,STATE_MIRANDA,산 페르난도 데 아푸레
HUB_NAME_STATE_BOLIVAR_city,korean,,시우다드 볼리바르,localization/korean/hub_names_l_korean.yml,2195,hub,false,STATE_BOLIVAR,시우다드 볼리바르
HUB_NAME_STATE_BOLIVAR_port,korean,,카루파노,localization/korean/hub_names_l_korean.yml,2196,hub,false,STATE_BOLIVAR,카루파노
HUB_NAME_STATE_BOLIVAR_mine,korean,,엘 티그레,localization/korean/hub_names_l_korean.yml,2197,hub,false,STATE_BOLIVAR,엘 티그레
HUB_NAME_STATE_BOLIVAR_farm,korean,,마투린,localization/korean/hub_names_l_korean.yml,2198,hub,false,STATE_BOLIVAR,마투린
HUB_NAME_STATE_BOLIVAR_wood,korean,,시우다드 가이아나,localization/korean/hub_names_l_korean.yml,2199,hub,false,STATE_BOLIVAR,시우다드 가이아나
HUB_NAME_STATE_GUAYANA_city,korean,,파라마리보,localization/korean/hub_names_l_korean.yml,2200,hub,false,STATE_GUAYANA,파라마리보
HUB_NAME_STATE_GUAYANA_port,korean,,조지타운,localization/korean/hub_names_l_korean.yml,2201,hub,false,STATE_GUAYANA,조지타운
HUB_NAME_STATE_GUAYANA_farm,korean,,린덴,localization/korean/hub_names_l_korean.yml,2202,hub,false,STATE_GUAYANA,린덴
HUB_NAME_STATE_GUAYANA_wood,korean,,카옌,localization/korean/hub_names_l_korean.yml,2203,hub,false,STATE_GUAYANA,카옌
HUB_NAME_STATE_GUAYANA_mine,korean,,노이트게도트,localization/korean/hub_names_l_korean.yml,2204,hub,false,STATE_GUAYANA,노이트게도트
HUB_NAME_STATE_PARA_city,korean,,벨렘,localization/korean/hub_names_l_korean.yml,2206,hub,false,STATE_PARA,벨렘
HUB_NAME_STATE_PARA_port,korean,,마카파,localization/korean/hub_names_l_korean.yml,2207,hub,false,STATE_PARA,마카파
HUB_NAME_STATE_PARA_mine,korean,,아마파,localization/korean/hub_names_l_korean.yml,2208,hub,false,STATE_PARA,아마파
HUB_NAME_STATE_PARA_farm,korean,,산타나,localization/korean/hub_names_l_korean.yml,2209,hub,false,STATE_PARA,산타나
HUB_NAME_STATE_PARA_wood,korean,,산타렝,localization/korean/hub_names_l_korean.yml,2210,hub,false,STATE_PARA,산타렝
HUB_NAME_STATE_AMAZONAS_city,korean,,마나우스,localization/korean/hub_names_l_korean.yml,2211,hub,false,STATE_AMAZONAS,마나우스
HUB_NAME_STATE_AMAZONAS_mine,korean,,텔레,localization/korean/hub_names_l_korean.yml,2212,hub,false,STATE_AMAZONAS,텔레
HUB_NAME_STATE_AMAZONAS_farm,korean,,사오 세바스티앙,localization/korean/hub_names_l_korean.yml,2213,hub,false,STATE_AMAZONAS,사오 세바스티앙
HUB_NAME_STATE_AMAZONAS_wood,korean,,보아 비스타,localization/korean/hub_names_l_korean.yml,2214,hub,false,STATE_AMAZONAS,보아 비스타
HUB_NAME_STATE_MATO_GROSSO_city,korean,,캄푸 그란데,localization/korean/hub_names_l_korean.yml,2215,hub,false,STATE_MATO_GROSSO,캄푸 그란데
HUB_NAME_STATE_MATO_GROSSO_mine,korean,,혼도노폴리스,localization/korean/hub_names_l_korean.yml,2216,hub,false,STATE_MATO_GROSSO,혼도노폴리스
HUB_NAME_STATE_MATO_GROSSO_farm,korean,,쿠이아바,localization/korean/hub_names_l_korean.yml,2217,hub,false,STATE_MATO_GROSSO,쿠이아바
HUB_NAME_STATE_MATO_GROSSO_wood,korean,,코룸바,localization/korean/hub_names_l_korean.yml,2218,hub,false,STATE_MATO_GROSSO,코룸바
HUB_NAME_STATE_MARANHAO_city,korean,,사오 루이스,localization/korean/hub_names_l_korean.yml,2219,hub,false,STATE_MARANHAO,사오 루이스
HUB_NAME_STATE_MARANHAO_port,korean,,투리아쿠 ,localization/korean/hub_names_l_korean.yml,2220,hub,false,STATE_MARANHAO,투리아쿠 
HUB_NAME_STATE_MARANHAO_mine,korean,,캐롤라이나,localization/korean/hub_names_l_korean.yml,2221,hub,false,STATE_MARANHAO,캐롤라이나
HUB_NAME_STATE_MARANHAO_farm,korean,,카시아스,localization/korean/hub_names_l_korean.yml,2222,hub,false,STATE_MARANHAO,카시아스
HUB_NAME_STATE_MARANHAO_wood,korean,,임페라트리스,localization/korean/hub_names_l_korean.yml,2223,hub,false,STATE_MARANHAO,임페라트리스
HUB_NAME_STATE_RIO_GRANDE_DO_NORTE_city,korean,,나탈,localization/korean/hub_names_l_korean.yml,2224,hub,false,STATE_RIO_GRANDE_DO_NORTE,나탈
HUB_NAME_STATE_RIO_GRANDE_DO_NORTE_port,korean,,마카우,localization/korean/hub_names_l_korean.yml,2225,hub,false,STATE_RIO_GRANDE_DO_NORTE,마카우
HUB_NAME_STATE_RIO_GRANDE_DO_NORTE_mine,korean,,파렐하스,localization/korean/hub_names_l_korean.yml,2226,hub,false,STATE_RIO_GRANDE_DO_NORTE,파렐하스
HUB_NAME_STATE_RIO_GRANDE_DO_NORTE_farm,korean,,라예스,localization/korean/hub_names_l_korean.yml,2227,hub,false,STATE_RIO_GRANDE_DO_NORTE,라예스
HUB_NAME_STATE_RIO_GRANDE_DO_NORTE_wood,korean,,카이코,localization/korean/hub_names_l_korean.yml,2228,hub,false,STATE_RIO_GRANDE_DO_NORTE,카이코
HUB_NAME_STATE_PERNAMBUCO_city,korean,,헤시피,localization/korean/hub_names_l_korean.yml,2229,hub,false,STATE_PERNAMBUCO,헤시피
HUB_NAME_STATE_PERNAMBUCO_port,korean,,아라카주,localization/korean/hub_names_l_korean.yml,2230,hub,false,STATE_PERNAMBUCO,아라카주
HUB_NAME_STATE_PERNAMBUCO_mine,korean,,자보아탕,localization/korean/hub_names_l_korean.yml,2231,hub,false,STATE_PERNAMBUCO,자보아탕
HUB_NAME_STATE_PERNAMBUCO_farm,korean,,살게이루,localization/korean/hub_names_l_korean.yml,2232,hub,false,STATE_PERNAMBUCO,살게이루
HUB_NAME_STATE_PERNAMBUCO_wood,korean,,카루아루,localization/korean/hub_names_l_korean.yml,2233,hub,false,STATE_PERNAMBUCO,카루아루
HUB_NAME_STATE_BAHIA_city,korean,,살바도르,localization/korean/hub_names_l_korean.yml,2234,hub,false,STATE_BAHIA,살바도르
HUB_NAME_STATE_BAHIA_port,korean,,일례우스,localization/korean/hub_names_l_korean.yml,2235,hub,false,STATE_BAHIA,일례우스
HUB_NAME_STATE_BAHIA_mine,korean,,비토리아 다 콘키스타,localization/korean/hub_names_l_korean.yml,2236,hub,false,STATE_BAHIA,비토리아 다 콘키스타
HUB_NAME_STATE_BAHIA_farm,korean,,주아제이루,localization/korean/hub_names_l_korean.yml,2237,hub,false,STATE_BAHIA,주아제이루
HUB_NAME_STATE_BAHIA_wood,korean,,바헤이라스,localization/korean/hub_names_l_korean.yml,2238,hub,false,STATE_BAHIA,바헤이라스
HUB_NAME_STATE_MINAS_GERAIS_city,korean,,벨루 오리존치,localization/korean/hub_names_l_korean.yml,2239,hub,false,STATE_MINAS_GERAIS,벨루 오리존치
HUB_NAME_STATE_MINAS_GERAIS_mine,korean,,파토스 지 미나스,localization/korean/hub_names_l_korean.yml,2240,hub,false,STATE_MINAS_GERAIS,파토스 지 미나스
HUB_NAME_STATE_MINAS_GERAIS_farm,korean,,우베라바,localization/korean/hub_names_l_korean.yml,2241,hub,false,STATE_MINAS_GERAIS,우베라바
HUB_NAME_STATE_MINAS_GERAIS_wood,korean,,히베이랑 프레투,localization/korean/hub_names_l_korean.yml,2242,hub,false,STATE_MINAS_GERAIS,히베이랑 프레투
HUB_NAME_STATE_RIO_DE_JANEIRO_city,korean,,히우 지 자네이루,localization/korean/hub_names_l_korean.yml,2243,hub,false,STATE_RIO_DE_JANEIRO,히우 지 자네이루
HUB_NAME_STATE_RIO_DE_JANEIRO_port,korean,,비토리아,localization/korean/hub_names_l_korean.yml,2244,hub,false,STATE_RIO_DE_JANEIRO,비토리아
HUB_NAME_STATE_RIO_DE_JANEIRO_farm,korean,,캄포스,localization/korean/hub_names_l_korean.yml,2245,hub,false,STATE_RIO_DE_JANEIRO,캄포스
HUB_NAME_STATE_RIO_DE_JANEIRO_wood,korean,,마누아수,localization/korean/hub_names_l_korean.yml,2246,hub,false,STATE_RIO_DE_JANEIRO,마누아수
HUB_NAME_STATE_RIO_DE_JANEIRO_mine,korean,,주이스 지 포라,localization/korean/hub_names_l_korean.yml,2247,hub,false,STATE_RIO_DE_JANEIRO,주이스 지 포라
HUB_NAME_STATE_SAO_PAULO_city,korean,,상 파울루,localization/korean/hub_names_l_korean.yml,2248,hub,false,STATE_SAO_PAULO,상 파울루
HUB_NAME_STATE_SAO_PAULO_port,korean,,산투스,localization/korean/hub_names_l_korean.yml,2249,hub,false,STATE_SAO_PAULO,산투스
HUB_NAME_STATE_SAO_PAULO_mine,korean,,캄피나스,localization/korean/hub_names_l_korean.yml,2250,hub,false,STATE_SAO_PAULO,캄피나스
HUB_NAME_STATE_SAO_PAULO_farm,korean,,마릴리아,localization/korean/hub_names_l_korean.yml,2251,hub,false,STATE_SAO_PAULO,마릴리아
HUB_NAME_STATE_SAO_PAULO_wood,korean,,상 호세 두 히우 프레투 ,localization/korean/hub_names_l_korean.yml,2252,hub,false,STATE_SAO_PAULO,상 호세 두 히우 프레투 
HUB_NAME_STATE_PARANA_city,korean,,쿠리티바,localization/korean/hub_names_l_korean.yml,2253,hub,false,STATE_PARANA,쿠리티바
HUB_NAME_STATE_PARANA_port,korean,,파라나구아,localization/korean/hub_names_l_korean.yml,2254,hub,false,STATE_PARANA,파라나구아
HUB_NAME_STATE_PARANA_mine,korean,,카스트로,localization/korean/hub_names_l_korean.yml,2255,hub,false,STATE_PARANA,카스트로
HUB_NAME_STATE_PARANA_farm,korean,,자카레지뉴,localization/korean/hub_names_l_korean.yml,2256,hub,false,STATE_PARANA,자카레지뉴
HUB_NAME_STATE_PARANA_wood,korean,,카스카벨,localization/korean/hub_names_l_korean.yml,2257,hub,false,STATE_PARANA,카스카벨
HUB_NAME_STATE_RIO_GRANDE_DO_SUL_city,korean,,포르투 알레그리,localization/korean/hub_names_l_korean.yml,2258,hub,false,STATE_RIO_GRANDE_DO_SUL,포르투 알레그리
HUB_NAME_STATE_RIO_GRANDE_DO_SUL_port,korean,,히우 그란데,localization/korean/hub_names_l_korean.yml,2259,hub,false,STATE_RIO_GRANDE_DO_SUL,히우 그란데
HUB_NAME_STATE_RIO_GRANDE_DO_SUL_mine,korean,,크루즈 알타,localization/korean/hub_names_l_korean.yml,2260,hub,false,STATE_RIO_GRANDE_DO_SUL,크루즈 알타
HUB_NAME_STATE_RIO_GRANDE_DO_SUL_farm,korean,,산타 마리아,localization/korean/hub_names_l_korean.yml,2261,hub,false,STATE_RIO_GRANDE_DO_SUL,산타 마리아
HUB_NAME_STATE_RIO_GRANDE_DO_SUL_wood,korean,,카시아스 두 술,localization/korean/hub_names_l_korean.yml,2262,hub,false,STATE_RIO_GRANDE_DO_SUL,카시아스 두 술
HUB_NAME_STATE_URUGUAY_city,korean,,몬테비데우,localization/korean/hub_names_l_korean.yml,2263,hub,false,STATE_URUGUAY,몬테비데우
HUB_NAME_STATE_URUGUAY_port,korean,,푼타 델 에스테,localization/korean/hub_names_l_korean.yml,2264,hub,false,STATE_URUGUAY,푼타 델 에스테
HUB_NAME_STATE_URUGUAY_farm,korean,,파이산두,localization/korean/hub_names_l_korean.yml,2265,hub,false,STATE_URUGUAY,파이산두
HUB_NAME_STATE_URUGUAY_wood,korean,,멜로,localization/korean/hub_names_l_korean.yml,2266,hub,false,STATE_URUGUAY,멜로
HUB_NAME_STATE_URUGUAY_mine,korean,,바게,localization/korean/hub_names_l_korean.yml,2267,hub,false,STATE_URUGUAY,바게
HUB_NAME_STATE_GOIAS_city,korean,,고이아스,localization/korean/hub_names_l_korean.yml,2268,hub,false,STATE_GOIAS,고이아스
HUB_NAME_STATE_GOIAS_mine,korean,,피레노폴리스,localization/korean/hub_names_l_korean.yml,2269,hub,false,STATE_GOIAS,피레노폴리스
HUB_NAME_STATE_GOIAS_farm,korean,,리오 베르데,localization/korean/hub_names_l_korean.yml,2270,hub,false,STATE_GOIAS,리오 베르데
HUB_NAME_STATE_GOIAS_wood,korean,,포르토 임페리얼,localization/korean/hub_names_l_korean.yml,2271,hub,false,STATE_GOIAS,포르토 임페리얼
HUB_NAME_STATE_PIAUI_city,korean,,오에이라스,localization/korean/hub_names_l_korean.yml,2272,hub,false,STATE_PIAUI,오에이라스
HUB_NAME_STATE_PIAUI_port,korean,,파르나이바,localization/korean/hub_names_l_korean.yml,2273,hub,false,STATE_PIAUI,파르나이바
HUB_NAME_STATE_PIAUI_mine,korean,,테레시나,localization/korean/hub_names_l_korean.yml,2274,hub,false,STATE_PIAUI,테레시나
HUB_NAME_STATE_PIAUI_farm,korean,,피코스,localization/korean/hub_names_l_korean.yml,2275,hub,false,STATE_PIAUI,피코스
HUB_NAME_STATE_PIAUI_wood,korean,,사오 곤살로 데 아마란테,localization/korean/hub_names_l_korean.yml,2276,hub,false,STATE_PIAUI,사오 곤살로 데 아마란테
HUB_NAME_STATE_CEARA_city,korean,,포르탈레자,localization/korean/hub_names_l_korean.yml,2277,hub,false,STATE_CEARA,포르탈레자
HUB_NAME_STATE_CEARA_port,korean,,카모심,localization/korean/hub_names_l_korean.yml,2278,hub,false,STATE_CEARA,카모심
HUB_NAME_STATE_CEARA_farm,korean,,이구아투,localization/korean/hub_names_l_korean.yml,2279,hub,false,STATE_CEARA,이구아투
HUB_NAME_STATE_CEARA_wood,korean,,산타 키테리아,localization/korean/hub_names_l_korean.yml,2280,hub,false,STATE_CEARA,산타 키테리아
HUB_NAME_STATE_CEARA_mine,korean,,크라투,localization/korean/hub_names_l_korean.yml,2281,hub,false,STATE_CEARA,크라투
HUB_NAME_STATE_SANTA_CATARINA_city,korean,,라구나,localization/korean/hub_names_l_korean.yml,2282,hub,false,STATE_SANTA_CATARINA,라구나
HUB_NAME_STATE_SANTA_CATARINA_port,korean,,데스트레로,localization/korean/hub_names_l_korean.yml,2283,hub,false,STATE_SANTA_CATARINA,데스트레로
HUB_NAME_STATE_SANTA_CATARINA_mine,korean,,키르시우마,localization/korean/hub_names_l_korean.yml,2284,hub,false,STATE_SANTA_CATARINA,키르시우마
HUB_NAME_STATE_SANTA_CATARINA_farm,korean,,쿠리티바노스,localization/korean/hub_names_l_korean.yml,2285,hub,false,STATE_SANTA_CATARINA,쿠리티바노스
HUB_NAME_STATE_SANTA_CATARINA_wood,korean,,라예스,localization/korean/hub_names_l_korean.yml,2286,hub,false,STATE_SANTA_CATARINA,라예스
HUB_NAME_STATE_ACRE_city,korean,,크루제이루 두 술,localization/korean/hub_names_l_korean.yml,2288,hub,false,STATE_ACRE,크루제이루 두 술
HUB_NAME_STATE_ACRE_mine,korean,,타라우아카,localization/korean/hub_names_l_korean.yml,2290,hub,false,STATE_ACRE,타라우아카
HUB_NAME_STATE_ACRE_farm,korean,,호드리게스 알베스,localization/korean/hub_names_l_korean.yml,2291,hub,false,STATE_ACRE,호드리게스 알베스
HUB_NAME_STATE_ACRE_wood,korean,,세나 마두레이라,localization/korean/hub_names_l_korean.yml,2292,hub,false,STATE_ACRE,세나 마두레이라
HUB_NAME_STATE_PARAIBA_city,korean,,캄피나 그란데,localization/korean/hub_names_l_korean.yml,2293,hub,false,STATE_PARAIBA,캄피나 그란데
HUB_NAME_STATE_PARAIBA_port,korean,,파라히바,localization/korean/hub_names_l_korean.yml,2294,hub,false,STATE_PARAIBA,파라히바
HUB_NAME_STATE_PARAIBA_wood,korean,,피앙코,localization/korean/hub_names_l_korean.yml,2295,hub,false,STATE_PARAIBA,피앙코
HUB_NAME_STATE_PARAIBA_farm,korean,,후아제리뉴,localization/korean/hub_names_l_korean.yml,2296,hub,false,STATE_PARAIBA,후아제리뉴
HUB_NAME_STATE_PARAIBA_mine,korean,,파토스,localization/korean/hub_names_l_korean.yml,2297,hub,false,STATE_PARAIBA,파토스
HUB_NAME_STATE_BUENOS_AIRES_city,korean,,부에노스 아이레스,localization/korean/hub_names_l_korean.yml,2299,hub,false,STATE_BUENOS_AIRES,부에노스 아이레스
HUB_NAME_STATE_BUENOS_AIRES_port,korean,,마르 델 플라타,localization/korean/hub_names_l_korean.yml,2300,hub,false,STATE_BUENOS_AIRES,마르 델 플라타
HUB_NAME_STATE_BUENOS_AIRES_farm,korean,,바이아 블랑카,localization/korean/hub_names_l_korean.yml,2301,hub,false,STATE_BUENOS_AIRES,바이아 블랑카
HUB_NAME_STATE_BUENOS_AIRES_wood,korean,,탄딜,localization/korean/hub_names_l_korean.yml,2302,hub,false,STATE_BUENOS_AIRES,탄딜
HUB_NAME_STATE_BUENOS_AIRES_mine,korean,,트레스 아로요스,localization/korean/hub_names_l_korean.yml,2303,hub,false,STATE_BUENOS_AIRES,트레스 아로요스
HUB_NAME_STATE_SANTA_FE_city,korean,,산타 페,localization/korean/hub_names_l_korean.yml,2304,hub,false,STATE_SANTA_FE,산타 페
HUB_NAME_STATE_SANTA_FE_port,korean,,사라테,localization/korean/hub_names_l_korean.yml,2305,hub,false,STATE_SANTA_FE,사라테
HUB_NAME_STATE_SANTA_FE_farm,korean,,로사리오,localization/korean/hub_names_l_korean.yml,2306,hub,false,STATE_SANTA_FE,로사리오
HUB_NAME_STATE_SANTA_FE_wood,korean,,콘코디아,localization/korean/hub_names_l_korean.yml,2307,hub,false,STATE_SANTA_FE,콘코디아
HUB_NAME_STATE_SANTA_FE_mine,korean,,라파엘라,localization/korean/hub_names_l_korean.yml,2308,hub,false,STATE_SANTA_FE,라파엘라
HUB_NAME_STATE_CORRIENTES_city,korean,,포사다스,localization/korean/hub_names_l_korean.yml,2309,hub,false,STATE_CORRIENTES,포사다스
HUB_NAME_STATE_CORRIENTES_farm,korean,,코리엔테스,localization/korean/hub_names_l_korean.yml,2310,hub,false,STATE_CORRIENTES,코리엔테스
HUB_NAME_STATE_CORRIENTES_wood,korean,,고야,localization/korean/hub_names_l_korean.yml,2311,hub,false,STATE_CORRIENTES,고야
HUB_NAME_STATE_CORRIENTES_mine,korean,,에스키나,localization/korean/hub_names_l_korean.yml,2312,hub,false,STATE_CORRIENTES,에스키나
HUB_NAME_STATE_CHACO_city,korean,,레시스텐시아,localization/korean/hub_names_l_korean.yml,2313,hub,false,STATE_CHACO,레시스텐시아
HUB_NAME_STATE_CHACO_farm,korean,,포르모사,localization/korean/hub_names_l_korean.yml,2314,hub,false,STATE_CHACO,포르모사
HUB_NAME_STATE_CHACO_wood,korean,,산티아고 델 에스테로,localization/korean/hub_names_l_korean.yml,2315,hub,false,STATE_CHACO,산티아고 델 에스테로
HUB_NAME_STATE_CHACO_mine,korean,,몬테 케마도,localization/korean/hub_names_l_korean.yml,2316,hub,false,STATE_CHACO,몬테 케마도
HUB_NAME_STATE_JUJUY_city,korean,,살타,localization/korean/hub_names_l_korean.yml,2317,hub,false,STATE_JUJUY,살타
HUB_NAME_STATE_JUJUY_mine,korean,,후후이,localization/korean/hub_names_l_korean.yml,2318,hub,false,STATE_JUJUY,후후이
HUB_NAME_STATE_JUJUY_farm,korean,,오란,localization/korean/hub_names_l_korean.yml,2319,hub,false,STATE_JUJUY,오란
HUB_NAME_STATE_JUJUY_wood,korean,,야쿠이바,localization/korean/hub_names_l_korean.yml,2320,hub,false,STATE_JUJUY,야쿠이바
HUB_NAME_STATE_TUCUMAN_city,korean,,산 미겔 데 투쿠만,localization/korean/hub_names_l_korean.yml,2321,hub,false,STATE_TUCUMAN,산 미겔 데 투쿠만
HUB_NAME_STATE_TUCUMAN_mine,korean,,라 리오하,localization/korean/hub_names_l_korean.yml,2322,hub,false,STATE_TUCUMAN,라 리오하
HUB_NAME_STATE_TUCUMAN_farm,korean,,카타마르카,localization/korean/hub_names_l_korean.yml,2323,hub,false,STATE_TUCUMAN,카타마르카
HUB_NAME_STATE_TUCUMAN_wood,korean,,티노가스타,localization/korean/hub_names_l_korean.yml,2324,hub,false,STATE_TUCUMAN,티노가스타
HUB_NAME_STATE_LA_PAMPA_city,korean,,코르도바,localization/korean/hub_names_l_korean.yml,2325,hub,false,STATE_LA_PAMPA,코르도바
HUB_NAME_STATE_LA_PAMPA_farm,korean,,산 루이스,localization/korean/hub_names_l_korean.yml,2326,hub,false,STATE_LA_PAMPA,산 루이스
HUB_NAME_STATE_LA_PAMPA_wood,korean,,퀴네스,localization/korean/hub_names_l_korean.yml,2327,hub,false,STATE_LA_PAMPA,퀴네스
HUB_NAME_STATE_LA_PAMPA_mine,korean,,헤수스 마리아,localization/korean/hub_names_l_korean.yml,2328,hub,false,STATE_LA_PAMPA,헤수스 마리아
HUB_NAME_STATE_RIO_NEGRO_city,korean,,멘도사,localization/korean/hub_names_l_korean.yml,2329,hub,false,STATE_RIO_NEGRO,멘도사
HUB_NAME_STATE_RIO_NEGRO_farm,korean,,산타 로사,localization/korean/hub_names_l_korean.yml,2330,hub,false,STATE_RIO_NEGRO,산타 로사
HUB_NAME_STATE_RIO_NEGRO_wood,korean,,산 라파엘,localization/korean/hub_names_l_korean.yml,2331,hub,false,STATE_RIO_NEGRO,산 라파엘
HUB_NAME_STATE_RIO_NEGRO_mine,korean,,산 후안,localization/korean/hub_names_l_korean.yml,2332,hub,false,STATE_RIO_NEGRO,산 후안
HUB_NAME_STATE_PATAGONIA_city,korean,,네우쿠엔,localization/korean/hub_names_l_korean.yml,2333,hub,false,STATE_PATAGONIA,네우쿠엔
HUB_NAME_STATE_PATAGONIA_port,korean,,산 훌리안,localization/korean/hub_names_l_korean.yml,2334,hub,false,STATE_PATAGONIA,산 훌리안
HUB_NAME_STATE_PATAGONIA_mine,korean,,사팔라,localization/korean/hub_names_l_korean.yml,2335,hub,false,STATE_PATAGONIA,사팔라
HUB_NAME_STATE_PATAGONIA_farm,korean,,산 카를로스 데 바릴로체,localization/korean/hub_names_l_korean.yml,2336,hub,false,STATE_PATAGONIA,산 카를로스 데 바릴로체
HUB_NAME_STATE_PATAGONIA_wood,korean,,에스켈,localization/korean/hub_names_l_korean.yml,2337,hub,false,STATE_PATAGONIA,에스켈
HUB_NAME_STATE_SOUTH_ATLANTIC_ISLANDS_city,korean,,스탠리,localization/korean/hub_names_l_korean.yml,2338,hub,false,STATE_SOUTH_ATLANTIC_ISLANDS,스탠리
HUB_NAME_STATE_SOUTH_ATLANTIC_ISLANDS_port,korean,,폭스 베이,localization/korean/hub_names_l_korean.yml,2339,hub,false,STATE_SOUTH_ATLANTIC_ISLANDS,폭스 베이
HUB_NAME_STATE_SOUTH_ATLANTIC_ISLANDS_farm,korean,,노스 암,localization/korean/hub_names_l_korean.yml,2340,hub,false,STATE_SOUTH_ATLANTIC_ISLANDS,노스 암
HUB_NAME_STATE_SOUTH_ATLANTIC_ISLANDS_mine,korean,,구스 그린,localization/korean/hub_names_l_korean.yml,2341,hub,false,STATE_SOUTH_ATLANTIC_ISLANDS,구스 그린
HUB_NAME_STATE_SOUTH_ATLANTIC_ISLANDS_wood,korean,,포트 하워드,localization/korean/hub_names_l_korean.yml,2342,hub,false,STATE_SOUTH_ATLANTIC_ISLANDS,포트 하워드
HUB_NAME_STATE_ARAUCANIA_city,korean,,푼타 아레나스,localization/korean/hub_names_l_korean.yml,2344,hub,false,STATE_ARAUCANIA,푼타 아레나스
HUB_NAME_STATE_ARAUCANIA_port,korean,,푸에르토 몬트,localization/korean/hub_names_l_korean.yml,2345,hub,false,STATE_ARAUCANIA,푸에르토 몬트
HUB_NAME_STATE_ARAUCANIA_mine,korean,,코이하이케,localization/korean/hub_names_l_korean.yml,2346,hub,false,STATE_ARAUCANIA,코이하이케
HUB_NAME_STATE_ARAUCANIA_farm,korean,,오소르노,localization/korean/hub_names_l_korean.yml,2347,hub,false,STATE_ARAUCANIA,오소르노
HUB_NAME_STATE_ARAUCANIA_wood,korean,,차이텐,localization/korean/hub_names_l_korean.yml,2348,hub,false,STATE_ARAUCANIA,차이텐
HUB_NAME_STATE_LOS_RIOS_city,korean,,콘셉시온,localization/korean/hub_names_l_korean.yml,2349,hub,false,STATE_LOS_RIOS,콘셉시온
HUB_NAME_STATE_LOS_RIOS_port,korean,,발디비아,localization/korean/hub_names_l_korean.yml,2350,hub,false,STATE_LOS_RIOS,발디비아
HUB_NAME_STATE_LOS_RIOS_mine,korean,,탈카,localization/korean/hub_names_l_korean.yml,2351,hub,false,STATE_LOS_RIOS,탈카
HUB_NAME_STATE_LOS_RIOS_farm,korean,,테무코,localization/korean/hub_names_l_korean.yml,2352,hub,false,STATE_LOS_RIOS,테무코
HUB_NAME_STATE_LOS_RIOS_wood,korean,,비야리카,localization/korean/hub_names_l_korean.yml,2353,hub,false,STATE_LOS_RIOS,비야리카
HUB_NAME_STATE_SANTIAGO_city,korean,,산티아고,localization/korean/hub_names_l_korean.yml,2354,hub,false,STATE_SANTIAGO,산티아고
HUB_NAME_STATE_SANTIAGO_port,korean,,발파라이소,localization/korean/hub_names_l_korean.yml,2355,hub,false,STATE_SANTIAGO,발파라이소
HUB_NAME_STATE_SANTIAGO_mine,korean,,코피아포,localization/korean/hub_names_l_korean.yml,2356,hub,false,STATE_SANTIAGO,코피아포
HUB_NAME_STATE_SANTIAGO_farm,korean,,라 세레나,localization/korean/hub_names_l_korean.yml,2357,hub,false,STATE_SANTIAGO,라 세레나
HUB_NAME_STATE_SANTIAGO_wood,korean,,랑카과,localization/korean/hub_names_l_korean.yml,2358,hub,false,STATE_SANTIAGO,랑카과
HUB_NAME_STATE_ANTOFAGASTA_city,korean,,안토파가스타,localization/korean/hub_names_l_korean.yml,2360,hub,false,STATE_ANTOFAGASTA,안토파가스타
HUB_NAME_STATE_ANTOFAGASTA_port,korean,,탈탈,localization/korean/hub_names_l_korean.yml,2361,hub,false,STATE_ANTOFAGASTA,탈탈
HUB_NAME_STATE_ANTOFAGASTA_mine,korean,,칼라마,localization/korean/hub_names_l_korean.yml,2362,hub,false,STATE_ANTOFAGASTA,칼라마
HUB_NAME_STATE_ANTOFAGASTA_farm,korean,,토코피야,localization/korean/hub_names_l_korean.yml,2363,hub,false,STATE_ANTOFAGASTA,토코피야
HUB_NAME_STATE_ANTOFAGASTA_wood,korean,,산 페드로 데 아타카마,localization/korean/hub_names_l_korean.yml,2364,hub,false,STATE_ANTOFAGASTA,산 페드로 데 아타카마
HUB_NAME_STATE_POTOSI_city,korean,,수크레,localization/korean/hub_names_l_korean.yml,2365,hub,false,STATE_POTOSI,수크레
HUB_NAME_STATE_POTOSI_mine,korean,,우유니,localization/korean/hub_names_l_korean.yml,2366,hub,false,STATE_POTOSI,우유니
HUB_NAME_STATE_POTOSI_farm,korean,,오루로,localization/korean/hub_names_l_korean.yml,2367,hub,false,STATE_POTOSI,오루로
HUB_NAME_STATE_POTOSI_wood,korean,,포토시,localization/korean/hub_names_l_korean.yml,2368,hub,false,STATE_POTOSI,포토시
HUB_NAME_STATE_SANTA_CRUZ_city,korean,,산타 크루스,localization/korean/hub_names_l_korean.yml,2369,hub,false,STATE_SANTA_CRUZ,산타 크루스
HUB_NAME_STATE_SANTA_CRUZ_farm,korean,,몬테로,localization/korean/hub_names_l_korean.yml,2370,hub,false,STATE_SANTA_CRUZ,몬테로
HUB_NAME_STATE_SANTA_CRUZ_wood,korean,,산토 코라손,localization/korean/hub_names_l_korean.yml,2371,hub,false,STATE_SANTA_CRUZ,산토 코라손
HUB_NAME_STATE_SANTA_CRUZ_mine,korean,,코룸바,localization/korean/hub_names_l_korean.yml,2372,hub,false,STATE_SANTA_CRUZ,코룸바
HUB_NAME_STATE_ALTO_PARAGUAY_city,korean,,포소 콜로라도,localization/korean/hub_names_l_korean.yml,2373,hub,false,STATE_ALTO_PARAGUAY,포소 콜로라도
HUB_NAME_STATE_ALTO_PARAGUAY_farm,korean,,마리스칼 에스티가리비아,localization/korean/hub_names_l_korean.yml,2374,hub,false,STATE_ALTO_PARAGUAY,마리스칼 에스티가리비아
HUB_NAME_STATE_ALTO_PARAGUAY_mine,korean,,독토르 페드로 페.페냐,localization/korean/hub_names_l_korean.yml,2375,hub,false,STATE_ALTO_PARAGUAY,독토르 페드로 페.페냐
HUB_NAME_STATE_ALTO_PARAGUAY_wood,korean,,푸에르토 올림포,localization/korean/hub_names_l_korean.yml,2376,hub,false,STATE_ALTO_PARAGUAY,푸에르토 올림포
HUB_NAME_STATE_BAJO_PARAGUAY_city,korean,,아순시온,localization/korean/hub_names_l_korean.yml,2377,hub,false,STATE_BAJO_PARAGUAY,아순시온
HUB_NAME_STATE_BAJO_PARAGUAY_mine,korean,,페드로 후안 카바예로,localization/korean/hub_names_l_korean.yml,2378,hub,false,STATE_BAJO_PARAGUAY,페드로 후안 카바예로
HUB_NAME_STATE_BAJO_PARAGUAY_farm,korean,,시우다드 델 에스테,localization/korean/hub_names_l_korean.yml,2379,hub,false,STATE_BAJO_PARAGUAY,시우다드 델 에스테
HUB_NAME_STATE_BAJO_PARAGUAY_wood,korean,,엔카르나시온,localization/korean/hub_names_l_korean.yml,2380,hub,false,STATE_BAJO_PARAGUAY,엔카르나시온
HUB_NAME_STATE_LA_PAZ_city,korean,,라 파스,localization/korean/hub_names_l_korean.yml,2381,hub,false,STATE_LA_PAZ,라 파스
HUB_NAME_STATE_LA_PAZ_mine,korean,,비아차,localization/korean/hub_names_l_korean.yml,2382,hub,false,STATE_LA_PAZ,비아차
HUB_NAME_STATE_LA_PAZ_farm,korean,,트리니다드,localization/korean/hub_names_l_korean.yml,2383,hub,false,STATE_LA_PAZ,트리니다드
HUB_NAME_STATE_LA_PAZ_wood,korean,,코차밤바,localization/korean/hub_names_l_korean.yml,2384,hub,false,STATE_LA_PAZ,코차밤바
HUB_NAME_STATE_TARAPACA_city,korean,,이퀴케,localization/korean/hub_names_l_korean.yml,2386,hub,false,STATE_TARAPACA,이퀴케
HUB_NAME_STATE_TARAPACA_port,korean,,피사과,localization/korean/hub_names_l_korean.yml,2387,hub,false,STATE_TARAPACA,피사과
HUB_NAME_STATE_TARAPACA_mine,korean,,훔베르스토네,localization/korean/hub_names_l_korean.yml,2388,hub,false,STATE_TARAPACA,훔베르스토네
HUB_NAME_STATE_TARAPACA_farm,korean,,아리카,localization/korean/hub_names_l_korean.yml,2389,hub,false,STATE_TARAPACA,아리카
HUB_NAME_STATE_TARAPACA_wood,korean,,푸트레,localization/korean/hub_names_l_korean.yml,2390,hub,false,STATE_TARAPACA,푸트레
HUB_NAME_STATE_AREQUIPA_city,korean,,아레퀴파,localization/korean/hub_names_l_korean.yml,2391,hub,false,STATE_AREQUIPA,아레퀴파
HUB_NAME_STATE_AREQUIPA_port,korean,,모옌도,localization/korean/hub_names_l_korean.yml,2392,hub,false,STATE_AREQUIPA,모옌도
HUB_NAME_STATE_AREQUIPA_mine,korean,,모케과,localization/korean/hub_names_l_korean.yml,2393,hub,false,STATE_AREQUIPA,모케과
HUB_NAME_STATE_AREQUIPA_farm,korean,,타크나,localization/korean/hub_names_l_korean.yml,2394,hub,false,STATE_AREQUIPA,타크나
HUB_NAME_STATE_AREQUIPA_wood,korean,,푸노,localization/korean/hub_names_l_korean.yml,2395,hub,false,STATE_AREQUIPA,푸노
HUB_NAME_STATE_ICA_city,korean,,쿠스코,localization/korean/hub_names_l_korean.yml,2396,hub,false,STATE_ICA,쿠스코
HUB_NAME_STATE_ICA_port,korean,,피스코,localization/korean/hub_names_l_korean.yml,2397,hub,false,STATE_ICA,피스코
HUB_NAME_STATE_ICA_mine,korean,,아야쿠초,localization/korean/hub_names_l_korean.yml,2398,hub,false,STATE_ICA,아야쿠초
HUB_NAME_STATE_ICA_farm,korean,,이카,localization/korean/hub_names_l_korean.yml,2399,hub,false,STATE_ICA,이카
HUB_NAME_STATE_ICA_wood,korean,,푸에르토 말도나도,localization/korean/hub_names_l_korean.yml,2400,hub,false,STATE_ICA,푸에르토 말도나도
HUB_NAME_STATE_LIMA_city,korean,,리마,localization/korean/hub_names_l_korean.yml,2401,hub,false,STATE_LIMA,리마
HUB_NAME_STATE_LIMA_port,korean,,카야오,localization/korean/hub_names_l_korean.yml,2402,hub,false,STATE_LIMA,카야오
HUB_NAME_STATE_LIMA_mine,korean,,우안카요,localization/korean/hub_names_l_korean.yml,2403,hub,false,STATE_LIMA,우안카요
HUB_NAME_STATE_LIMA_farm,korean,,푸칼파,localization/korean/hub_names_l_korean.yml,2404,hub,false,STATE_LIMA,푸칼파
HUB_NAME_STATE_LIMA_wood,korean,,우아누코,localization/korean/hub_names_l_korean.yml,2405,hub,false,STATE_LIMA,우아누코
HUB_NAME_STATE_CAJAMARCA_city,korean,,트루히요,localization/korean/hub_names_l_korean.yml,2406,hub,false,STATE_CAJAMARCA,트루히요
HUB_NAME_STATE_CAJAMARCA_port,korean,,치클라요,localization/korean/hub_names_l_korean.yml,2407,hub,false,STATE_CAJAMARCA,치클라요
HUB_NAME_STATE_CAJAMARCA_mine,korean,,카하마르카,localization/korean/hub_names_l_korean.yml,2408,hub,false,STATE_CAJAMARCA,카하마르카
HUB_NAME_STATE_CAJAMARCA_farm,korean,,피우라,localization/korean/hub_names_l_korean.yml,2409,hub,false,STATE_CAJAMARCA,피우라
HUB_NAME_STATE_CAJAMARCA_wood,korean,,모요밤바,localization/korean/hub_names_l_korean.yml,2410,hub,false,STATE_CAJAMARCA,모요밤바
HUB_NAME_STATE_PASTAZA_city,korean,,이퀴토스,localization/korean/hub_names_l_korean.yml,2411,hub,false,STATE_PASTAZA,이퀴토스
HUB_NAME_STATE_PASTAZA_mine,korean,,치리아코,localization/korean/hub_names_l_korean.yml,2412,hub,false,STATE_PASTAZA,치리아코
HUB_NAME_STATE_PASTAZA_farm,korean,,나우타,localization/korean/hub_names_l_korean.yml,2413,hub,false,STATE_PASTAZA,나우타
HUB_NAME_STATE_PASTAZA_wood,korean,,유리마과스,localization/korean/hub_names_l_korean.yml,2414,hub,false,STATE_PASTAZA,유리마과스
HUB_NAME_STATE_ECUADOR_city,korean,,퀴토,localization/korean/hub_names_l_korean.yml,2415,hub,false,STATE_ECUADOR,퀴토
HUB_NAME_STATE_ECUADOR_port,korean,,산 로렌소,localization/korean/hub_names_l_korean.yml,2416,hub,false,STATE_ECUADOR,산 로렌소
HUB_NAME_STATE_ECUADOR_mine,korean,,쿠엥카,localization/korean/hub_names_l_korean.yml,2417,hub,false,STATE_ECUADOR,쿠엥카
HUB_NAME_STATE_ECUADOR_farm,korean,,과야킬,localization/korean/hub_names_l_korean.yml,2418,hub,false,STATE_ECUADOR,과야킬
HUB_NAME_STATE_ECUADOR_wood,korean,,암바토,localization/korean/hub_names_l_korean.yml,2419,hub,false,STATE_ECUADOR,암바토
HUB_NAME_STATE_JAMAICA_city,korean,,킹스턴,localization/korean/hub_names_l_korean.yml,2420,hub,false,STATE_JAMAICA,킹스턴
HUB_NAME_STATE_JAMAICA_port,korean,,포트 로열,localization/korean/hub_names_l_korean.yml,2421,hub,false,STATE_JAMAICA,포트 로열
HUB_NAME_STATE_JAMAICA_mine,korean,,이름,localization/korean/hub_names_l_korean.yml,2422,hub,false,STATE_JAMAICA,이름
HUB_NAME_STATE_JAMAICA_farm,korean,,몬테고 베이,localization/korean/hub_names_l_korean.yml,2423,hub,false,STATE_JAMAICA,몬테고 베이
HUB_NAME_STATE_JAMAICA_wood,korean,,이름,localization/korean/hub_names_l_korean.yml,2424,hub,false,STATE_JAMAICA,이름
HUB_NAME_STATE_CUBA_city,korean,,하바나,localization/korean/hub_names_l_korean.yml,2425,hub,false,STATE_CUBA,하바나
HUB_NAME_STATE_CUBA_port,korean,,산티아고 데 쿠바,localization/korean/hub_names_l_korean.yml,2426,hub,false,STATE_CUBA,산티아고 데 쿠바
HUB_NAME_STATE_CUBA_mine,korean,,관타나모,localization/korean/hub_names_l_korean.yml,2427,hub,false,STATE_CUBA,관타나모
HUB_NAME_STATE_CUBA_farm,korean,,포르토프랭스,localization/korean/hub_names_l_korean.yml,2428,hub,false,STATE_CUBA,포르토프랭스
HUB_NAME_STATE_CUBA_wood,korean,,산타 클라라,localization/korean/hub_names_l_korean.yml,2429,hub,false,STATE_CUBA,산타 클라라
HUB_NAME_STATE_BAHAMAS_city,korean,,콩고 타운,localization/korean/hub_names_l_korean.yml,2430,hub,false,STATE_BAHAMAS,콩고 타운
HUB_NAME_STATE_BAHAMAS_port,korean,,나사우,localization/korean/hub_names_l_korean.yml,2431,hub,false,STATE_BAHAMAS,나사우
HUB_NAME_STATE_BAHAMAS_mine,korean,,이름,localization/korean/hub_names_l_korean.yml,2432,hub,false,STATE_BAHAMAS,이름
HUB_NAME_STATE_BAHAMAS_farm,korean,,니콜스 타운,localization/korean/hub_names_l_korean.yml,2433,hub,false,STATE_BAHAMAS,니콜스 타운
HUB_NAME_STATE_BAHAMAS_wood,korean,,안드로스 타운,localization/korean/hub_names_l_korean.yml,2434,hub,false,STATE_BAHAMAS,안드로스 타운
HUB_NAME_STATE_HAITI_city,korean,,카프아이시앵,localization/korean/hub_names_l_korean.yml,2435,hub,false,STATE_HAITI,카프아이시앵
HUB_NAME_STATE_HAITI_port,korean,,포르 토 프랭스,localization/korean/hub_names_l_korean.yml,2436,hub,false,STATE_HAITI,포르 토 프랭스
HUB_NAME_STATE_HAITI_mine,korean,,코르니용,localization/korean/hub_names_l_korean.yml,2437,hub,false,STATE_HAITI,코르니용
HUB_NAME_STATE_HAITI_farm,korean,,자크멜,localization/korean/hub_names_l_korean.yml,2438,hub,false,STATE_HAITI,자크멜
HUB_NAME_STATE_HAITI_wood,korean,,르 카예,localization/korean/hub_names_l_korean.yml,2439,hub,false,STATE_HAITI,르 카예
HUB_NAME_STATE_SANTO_DOMINGO_city,korean,,산티아고 데 로스 카바예로스,localization/korean/hub_names_l_korean.yml,2440,hub,false,STATE_SANTO_DOMINGO,산티아고 데 로스 카바예로스
HUB_NAME_STATE_SANTO_DOMINGO_port,korean,,산토 도밍고,localization/korean/hub_names_l_korean.yml,2441,hub,false,STATE_SANTO_DOMINGO,산토 도밍고
HUB_NAME_STATE_SANTO_DOMINGO_mine,korean,,라 베가,localization/korean/hub_names_l_korean.yml,2442,hub,false,STATE_SANTO_DOMINGO,라 베가
HUB_NAME_STATE_SANTO_DOMINGO_farm,korean,,이궤이,localization/korean/hub_names_l_korean.yml,2443,hub,false,STATE_SANTO_DOMINGO,이궤이
HUB_NAME_STATE_SANTO_DOMINGO_wood,korean,,나과,localization/korean/hub_names_l_korean.yml,2444,hub,false,STATE_SANTO_DOMINGO,나과
HUB_NAME_STATE_PUERTO_RICO_city,korean,,폰세,localization/korean/hub_names_l_korean.yml,2445,hub,false,STATE_PUERTO_RICO,폰세
HUB_NAME_STATE_PUERTO_RICO_port,korean,,산 후안,localization/korean/hub_names_l_korean.yml,2446,hub,false,STATE_PUERTO_RICO,산 후안
HUB_NAME_STATE_PUERTO_RICO_farm,korean,,카구아스,localization/korean/hub_names_l_korean.yml,2448,hub,false,STATE_PUERTO_RICO,카구아스
HUB_NAME_STATE_PUERTO_RICO_wood,korean,,마야구에즈,localization/korean/hub_names_l_korean.yml,2449,hub,false,STATE_PUERTO_RICO,마야구에즈
HUB_NAME_STATE_WEST_INDIES_city,korean,,생피에르,localization/korean/hub_names_l_korean.yml,2450,hub,false,STATE_WEST_INDIES,생피에르
HUB_NAME_STATE_WEST_INDIES_port,korean,,캐스트리스,localization/korean/hub_names_l_korean.yml,2451,hub,false,STATE_WEST_INDIES,캐스트리스
HUB_NAME_STATE_WEST_INDIES_mine,korean,,킹스타운,localization/korean/hub_names_l_korean.yml,2452,hub,false,STATE_WEST_INDIES,킹스타운
HUB_NAME_STATE_WEST_INDIES_farm,korean,,크리스찬스테드,localization/korean/hub_names_l_korean.yml,2453,hub,false,STATE_WEST_INDIES,크리스찬스테드
HUB_NAME_STATE_WEST_INDIES_wood,korean,,브라사 테르,localization/korean/hub_names_l_korean.yml,2454,hub,false,STATE_WEST_INDIES,브라사 테르
HUB_NAME_STATE_MALTA_city,korean,,미디나,localization/korean/hub_names_l_korean.yml,2455,hub,false,STATE_MALTA,미디나
HUB_NAME_STATE_MALTA_port,korean,,발레타,localization/korean/hub_names_l_korean.yml,2456,hub,false,STATE_MALTA,발레타
HUB_NAME_STATE_MALTA_farm,korean,,세인트 폴 베이,localization/korean/hub_names_l_korean.yml,2457,hub,false,STATE_MALTA,세인트 폴 베이
HUB_NAME_STATE_CAPE_VERDE_city,korean,,프라이아,localization/korean/hub_names_l_korean.yml,2458,hub,false,STATE_CAPE_VERDE,프라이아
HUB_NAME_STATE_CAPE_VERDE_port,korean,,푸르나,localization/korean/hub_names_l_korean.yml,2459,hub,false,STATE_CAPE_VERDE,푸르나
HUB_NAME_STATE_CAPE_VERDE_mine,korean,,살 헤이,localization/korean/hub_names_l_korean.yml,2460,hub,false,STATE_CAPE_VERDE,살 헤이
HUB_NAME_STATE_CAPE_VERDE_farm,korean,,상 필리프,localization/korean/hub_names_l_korean.yml,2461,hub,false,STATE_CAPE_VERDE,상 필리프
HUB_NAME_STATE_CAPE_VERDE_wood,korean,,빌라 두 마이우,localization/korean/hub_names_l_korean.yml,2462,hub,false,STATE_CAPE_VERDE,빌라 두 마이우
STATE_CANARY_ISLANDS_city,korean,,산타 크루스,localization/korean/hub_names_l_korean.yml,2463,state,false,,산타 크루스
STATE_CANARY_ISLANDS_port,korean,,코스타 아데헤,localization/korean/hub_names_l_korean.yml,2464,state,false,,코스타 아데헤
STATE_CANARY_ISLANDS_mine,korean,,라스 팔마스,localization/korean/hub_names_l_korean.yml,2465,state,false,,라스 팔마스
STATE_CANARY_ISLANDS_farm,korean,,푸에르토 델 로사리오,localization/korean/hub_names_l_korean.yml,2466,state,false,,푸에르토 델 로사리오
STATE_CANARY_ISLANDS_wood,korean,,아레시페,localization/korean/hub_names_l_korean.yml,2467,state,false,,아레시페
STATE_MADEIRA_city,korean,,빌라 발레이라,localization/korean/hub_names_l_korean.yml,2468,state,false,,빌라 발레이라
STATE_MADEIRA_port,korean,,푼샬,localization/korean/hub_names_l_korean.yml,2469,state,false,,푼샬
STATE_MADEIRA_mine,korean,,상 비센체,localization/korean/hub_names_l_korean.yml,2470,state,false,,상 비센체
STATE_MADEIRA_farm,korean,,포르토 모니스,localization/korean/hub_names_l_korean.yml,2471,state,false,,포르토 모니스
STATE_MADEIRA_wood,korean,,이스트레이투 다 칼례타,localization/korean/hub_names_l_korean.yml,2472,state,false,,이스트레이투 다 칼례타
HUB_NAME_STATE_AL_RIF_city,korean,,탠지어,localization/korean/hub_names_l_korean.yml,2474,hub,false,STATE_AL_RIF,탠지어
HUB_NAME_STATE_AL_RIF_port,korean,,멜리야,localization/korean/hub_names_l_korean.yml,2475,hub,false,STATE_AL_RIF,멜리야
HUB_NAME_STATE_AL_RIF_mine,korean,,타자,localization/korean/hub_names_l_korean.yml,2476,hub,false,STATE_AL_RIF,타자
HUB_NAME_STATE_AL_RIF_farm,korean,,우지다,localization/korean/hub_names_l_korean.yml,2477,hub,false,STATE_AL_RIF,우지다
HUB_NAME_STATE_AL_RIF_wood,korean,,크사르 엘 케비르,localization/korean/hub_names_l_korean.yml,2478,hub,false,STATE_AL_RIF,크사르 엘 케비르
HUB_NAME_STATE_FEZ_city,korean,,페즈,localization/korean/hub_names_l_korean.yml,2479,hub,false,STATE_FEZ,페즈
HUB_NAME_STATE_FEZ_port,korean,,라바트,localization/korean/hub_names_l_korean.yml,2480,hub,false,STATE_FEZ,라바트
HUB_NAME_STATE_FEZ_mine,korean,,시디 카쳄,localization/korean/hub_names_l_korean.yml,2481,hub,false,STATE_FEZ,시디 카쳄
HUB_NAME_STATE_FEZ_farm,korean,,메크네스,localization/korean/hub_names_l_korean.yml,2482,hub,false,STATE_FEZ,메크네스
HUB_NAME_STATE_FEZ_wood,korean,,케니트라,localization/korean/hub_names_l_korean.yml,2483,hub,false,STATE_FEZ,케니트라
HUB_NAME_STATE_MARRAKECH_city,korean,,마라케시,localization/korean/hub_names_l_korean.yml,2484,hub,false,STATE_MARRAKECH,마라케시
HUB_NAME_STATE_MARRAKECH_port,korean,,카사블랑카,localization/korean/hub_names_l_korean.yml,2485,hub,false,STATE_MARRAKECH,카사블랑카
HUB_NAME_STATE_MARRAKECH_mine,korean,,베니 멜랄,localization/korean/hub_names_l_korean.yml,2486,hub,false,STATE_MARRAKECH,베니 멜랄
HUB_NAME_STATE_MARRAKECH_farm,korean,,셋타트,localization/korean/hub_names_l_korean.yml,2487,hub,false,STATE_MARRAKECH,셋타트
HUB_NAME_STATE_MARRAKECH_wood,korean,,사피,localization/korean/hub_names_l_korean.yml,2488,hub,false,STATE_MARRAKECH,사피
HUB_NAME_STATE_INNER_MOROCCO_city,korean,,구엘민,localization/korean/hub_names_l_korean.yml,2489,hub,false,STATE_INNER_MOROCCO,구엘민
HUB_NAME_STATE_INNER_MOROCCO_port,korean,,아가디르,localization/korean/hub_names_l_korean.yml,2490,hub,false,STATE_INNER_MOROCCO,아가디르
HUB_NAME_STATE_INNER_MOROCCO_mine,korean,,크사르 에스 수크,localization/korean/hub_names_l_korean.yml,2491,hub,false,STATE_INNER_MOROCCO,크사르 에스 수크
HUB_NAME_STATE_INNER_MOROCCO_farm,korean,,와르자자트,localization/korean/hub_names_l_korean.yml,2492,hub,false,STATE_INNER_MOROCCO,와르자자트
HUB_NAME_STATE_INNER_MOROCCO_wood,korean,,티즈니트,localization/korean/hub_names_l_korean.yml,2493,hub,false,STATE_INNER_MOROCCO,티즈니트
HUB_NAME_STATE_WEST_SAHARA_city,korean,,라유네,localization/korean/hub_names_l_korean.yml,2494,hub,false,STATE_WEST_SAHARA,라유네
HUB_NAME_STATE_WEST_SAHARA_port,korean,,다클라,localization/korean/hub_names_l_korean.yml,2495,hub,false,STATE_WEST_SAHARA,다클라
HUB_NAME_STATE_WEST_SAHARA_mine,korean,,엣 세마라,localization/korean/hub_names_l_korean.yml,2496,hub,false,STATE_WEST_SAHARA,엣 세마라
HUB_NAME_STATE_WEST_SAHARA_farm,korean,,비르 간두즈,localization/korean/hub_names_l_korean.yml,2497,hub,false,STATE_WEST_SAHARA,비르 간두즈
HUB_NAME_STATE_WEST_SAHARA_wood,korean,,임리리,localization/korean/hub_names_l_korean.yml,2498,hub,false,STATE_WEST_SAHARA,임리리
HUB_NAME_STATE_MAURITANIA_city,korean,,상그라베,localization/korean/hub_names_l_korean.yml,2499,hub,false,STATE_MAURITANIA,상그라베
HUB_NAME_STATE_MAURITANIA_port,korean,,누악쇼트,localization/korean/hub_names_l_korean.yml,2500,hub,false,STATE_MAURITANIA,누악쇼트
HUB_NAME_STATE_MAURITANIA_mine,korean,,악주즈트,localization/korean/hub_names_l_korean.yml,2501,hub,false,STATE_MAURITANIA,악주즈트
HUB_NAME_STATE_MAURITANIA_farm,korean,,카에디,localization/korean/hub_names_l_korean.yml,2502,hub,false,STATE_MAURITANIA,카에디
HUB_NAME_STATE_MAURITANIA_wood,korean,,로소,localization/korean/hub_names_l_korean.yml,2503,hub,false,STATE_MAURITANIA,로소
HUB_NAME_STATE_INNER_MAURITANIA_city,korean,,키파,localization/korean/hub_names_l_korean.yml,2504,hub,false,STATE_INNER_MAURITANIA,키파
HUB_NAME_STATE_INNER_MAURITANIA_mine,korean,,프데릭,localization/korean/hub_names_l_korean.yml,2505,hub,false,STATE_INNER_MAURITANIA,프데릭
HUB_NAME_STATE_INNER_MAURITANIA_farm,korean,,네마,localization/korean/hub_names_l_korean.yml,2506,hub,false,STATE_INNER_MAURITANIA,네마
HUB_NAME_STATE_INNER_MAURITANIA_wood,korean,,비르 모그레인,localization/korean/hub_names_l_korean.yml,2507,hub,false,STATE_INNER_MAURITANIA,비르 모그레인
HUB_NAME_STATE_TIMBUKTU_city,korean,,가오,localization/korean/hub_names_l_korean.yml,2508,hub,false,STATE_TIMBUKTU,가오
HUB_NAME_STATE_TIMBUKTU_mine,korean,,아라우아네,localization/korean/hub_names_l_korean.yml,2509,hub,false,STATE_TIMBUKTU,아라우아네
HUB_NAME_STATE_TIMBUKTU_farm,korean,,팀북투,localization/korean/hub_names_l_korean.yml,2510,hub,false,STATE_TIMBUKTU,팀북투
HUB_NAME_STATE_TIMBUKTU_wood,korean,,구르마르하루스,localization/korean/hub_names_l_korean.yml,2511,hub,false,STATE_TIMBUKTU,구르마르하루스
HUB_NAME_STATE_EAST_SAHARA_city,korean,,투구르,localization/korean/hub_names_l_korean.yml,2512,hub,false,STATE_EAST_SAHARA,투구르
HUB_NAME_STATE_EAST_SAHARA_mine,korean,,우아르글라,localization/korean/hub_names_l_korean.yml,2513,hub,false,STATE_EAST_SAHARA,우아르글라
HUB_NAME_STATE_EAST_SAHARA_farm,korean,,사우프,localization/korean/hub_names_l_korean.yml,2514,hub,false,STATE_EAST_SAHARA,사우프
HUB_NAME_STATE_EAST_SAHARA_wood,korean,,틴 자우틴,localization/korean/hub_names_l_korean.yml,2515,hub,false,STATE_EAST_SAHARA,틴 자우틴
HUB_NAME_STATE_SAHARA_city,korean,,가르다이아,localization/korean/hub_names_l_korean.yml,2516,hub,false,STATE_SAHARA,가르다이아
HUB_NAME_STATE_SAHARA_mine,korean,,아드라,localization/korean/hub_names_l_korean.yml,2517,hub,false,STATE_SAHARA,아드라
HUB_NAME_STATE_SAHARA_farm,korean,,베샤르,localization/korean/hub_names_l_korean.yml,2518,hub,false,STATE_SAHARA,베샤르
HUB_NAME_STATE_SAHARA_wood,korean,,라구아트,localization/korean/hub_names_l_korean.yml,2519,hub,false,STATE_SAHARA,라구아트
HUB_NAME_STATE_CONSTANTINE_city,korean,,콘스탄티네,localization/korean/hub_names_l_korean.yml,2520,hub,false,STATE_CONSTANTINE,콘스탄티네
HUB_NAME_STATE_CONSTANTINE_mine,korean,,테베사,localization/korean/hub_names_l_korean.yml,2521,hub,false,STATE_CONSTANTINE,테베사
HUB_NAME_STATE_CONSTANTINE_farm,korean,,부지,localization/korean/hub_names_l_korean.yml,2522,hub,false,STATE_CONSTANTINE,부지
HUB_NAME_STATE_CONSTANTINE_wood,korean,,세티프,localization/korean/hub_names_l_korean.yml,2523,hub,false,STATE_CONSTANTINE,세티프
HUB_NAME_STATE_CONSTANTINE_port,korean,,보나,localization/korean/hub_names_l_korean.yml,2524,hub,false,STATE_CONSTANTINE,보나
HUB_NAME_STATE_ORAN_city,korean,,마스카라,localization/korean/hub_names_l_korean.yml,2525,hub,false,STATE_ORAN,마스카라
HUB_NAME_STATE_ORAN_port,korean,,오란,localization/korean/hub_names_l_korean.yml,2526,hub,false,STATE_ORAN,오란
HUB_NAME_STATE_ORAN_mine,korean,,에인 세프라,localization/korean/hub_names_l_korean.yml,2527,hub,false,STATE_ORAN,에인 세프라
HUB_NAME_STATE_ORAN_farm,korean,,모스타가넴,localization/korean/hub_names_l_korean.yml,2528,hub,false,STATE_ORAN,모스타가넴
HUB_NAME_STATE_ORAN_wood,korean,,틀렘센,localization/korean/hub_names_l_korean.yml,2529,hub,false,STATE_ORAN,틀렘센
HUB_NAME_STATE_ALGIERS_city,korean,,알제,localization/korean/hub_names_l_korean.yml,2530,hub,false,STATE_ALGIERS,알제
HUB_NAME_STATE_ALGIERS_port,korean,,셰르셸,localization/korean/hub_names_l_korean.yml,2531,hub,false,STATE_ALGIERS,셰르셸
HUB_NAME_STATE_ALGIERS_mine,korean,,젤파,localization/korean/hub_names_l_korean.yml,2532,hub,false,STATE_ALGIERS,젤파
HUB_NAME_STATE_ALGIERS_farm,korean,,메데아,localization/korean/hub_names_l_korean.yml,2533,hub,false,STATE_ALGIERS,메데아
HUB_NAME_STATE_ALGIERS_wood,korean,,테네스,localization/korean/hub_names_l_korean.yml,2534,hub,false,STATE_ALGIERS,테네스
HUB_NAME_STATE_TUNISIA_city,korean,,튀니스,localization/korean/hub_names_l_korean.yml,2535,hub,false,STATE_TUNISIA,튀니스
HUB_NAME_STATE_TUNISIA_port,korean,,스팍스,localization/korean/hub_names_l_korean.yml,2536,hub,false,STATE_TUNISIA,스팍스
HUB_NAME_STATE_TUNISIA_mine,korean,,카세린,localization/korean/hub_names_l_korean.yml,2537,hub,false,STATE_TUNISIA,카세린
HUB_NAME_STATE_TUNISIA_farm,korean,,가베스,localization/korean/hub_names_l_korean.yml,2538,hub,false,STATE_TUNISIA,가베스
HUB_NAME_STATE_TUNISIA_wood,korean,,베자,localization/korean/hub_names_l_korean.yml,2539,hub,false,STATE_TUNISIA,베자
HUB_NAME_STATE_TRIPOLI_city,korean,,사바,localization/korean/hub_names_l_korean.yml,2540,hub,false,STATE_TRIPOLI,사바
HUB_NAME_STATE_TRIPOLI_port,korean,,트리폴리,localization/korean/hub_names_l_korean.yml,2541,hub,false,STATE_TRIPOLI,트리폴리
HUB_NAME_STATE_TRIPOLI_mine,korean,,가다미스,localization/korean/hub_names_l_korean.yml,2542,hub,false,STATE_TRIPOLI,가다미스
HUB_NAME_STATE_TRIPOLI_farm,korean,,티마샤,localization/korean/hub_names_l_korean.yml,2543,hub,false,STATE_TRIPOLI,티마샤
HUB_NAME_STATE_TRIPOLI_wood,korean,,무르주크,localization/korean/hub_names_l_korean.yml,2544,hub,false,STATE_TRIPOLI,무르주크
HUB_NAME_STATE_LIBYAN_DESERT_city,korean,,알 쿠프라,localization/korean/hub_names_l_korean.yml,2545,hub,false,STATE_LIBYAN_DESERT,알 쿠프라
HUB_NAME_STATE_LIBYAN_DESERT_mine,korean,,타지르부,localization/korean/hub_names_l_korean.yml,2546,hub,false,STATE_LIBYAN_DESERT,타지르부
HUB_NAME_STATE_LIBYAN_DESERT_farm,korean,,아즈다비야,localization/korean/hub_names_l_korean.yml,2547,hub,false,STATE_LIBYAN_DESERT,아즈다비야
HUB_NAME_STATE_LIBYAN_DESERT_wood,korean,,마라다,localization/korean/hub_names_l_korean.yml,2548,hub,false,STATE_LIBYAN_DESERT,마라다
HUB_NAME_STATE_LIBYA_city,korean,,벵가지,localization/korean/hub_names_l_korean.yml,2549,hub,false,STATE_LIBYA,벵가지
HUB_NAME_STATE_LIBYA_port,korean,,미스라타,localization/korean/hub_names_l_korean.yml,2550,hub,false,STATE_LIBYA,미스라타
HUB_NAME_STATE_LIBYA_mine,korean,,앗 주와이티나,localization/korean/hub_names_l_korean.yml,2551,hub,false,STATE_LIBYA,앗 주와이티나
HUB_NAME_STATE_LIBYA_farm,korean,,시르트,localization/korean/hub_names_l_korean.yml,2552,hub,false,STATE_LIBYA,시르트
HUB_NAME_STATE_LIBYA_wood,korean,,알 바이다,localization/korean/hub_names_l_korean.yml,2553,hub,false,STATE_LIBYA,알 바이다
HUB_NAME_STATE_MATRUH_city,korean,,엘 살룸,localization/korean/hub_names_l_korean.yml,2554,hub,false,STATE_MATRUH,엘 살룸
HUB_NAME_STATE_MATRUH_port,korean,,마르사 마트루,localization/korean/hub_names_l_korean.yml,2555,hub,false,STATE_MATRUH,마르사 마트루
HUB_NAME_STATE_MATRUH_farm,korean,,엘 다바,localization/korean/hub_names_l_korean.yml,2556,hub,false,STATE_MATRUH,엘 다바
HUB_NAME_STATE_MATRUH_wood,korean,,시디 바시디 바라니라니,localization/korean/hub_names_l_korean.yml,2557,hub,false,STATE_MATRUH,시디 바시디 바라니라니
HUB_NAME_STATE_MATRUH_mine,korean,,시와,localization/korean/hub_names_l_korean.yml,2558,hub,false,STATE_MATRUH,시와
HUB_NAME_STATE_LOWER_EGYPT_city,korean,,카이로,localization/korean/hub_names_l_korean.yml,2559,hub,false,STATE_LOWER_EGYPT,카이로
HUB_NAME_STATE_LOWER_EGYPT_port,korean,,알렉산드리아,localization/korean/hub_names_l_korean.yml,2560,hub,false,STATE_LOWER_EGYPT,알렉산드리아
HUB_NAME_STATE_LOWER_EGYPT_mine,korean,,게벨 이웨이비드,localization/korean/hub_names_l_korean.yml,2561,hub,false,STATE_LOWER_EGYPT,게벨 이웨이비드
HUB_NAME_STATE_LOWER_EGYPT_farm,korean,,바나,localization/korean/hub_names_l_korean.yml,2562,hub,false,STATE_LOWER_EGYPT,바나
HUB_NAME_STATE_LOWER_EGYPT_wood,korean,,기자,localization/korean/hub_names_l_korean.yml,2563,hub,false,STATE_LOWER_EGYPT,기자
HUB_NAME_STATE_SINAI_city,korean,,포트 사이드,localization/korean/hub_names_l_korean.yml,2564,hub,false,STATE_SINAI,포트 사이드
HUB_NAME_STATE_SINAI_port,korean,,수에즈,localization/korean/hub_names_l_korean.yml,2565,hub,false,STATE_SINAI,수에즈
HUB_NAME_STATE_SINAI_mine,korean,,엘 토르,localization/korean/hub_names_l_korean.yml,2566,hub,false,STATE_SINAI,엘 토르
HUB_NAME_STATE_SINAI_farm,korean,,네켈,localization/korean/hub_names_l_korean.yml,2567,hub,false,STATE_SINAI,네켈
HUB_NAME_STATE_SINAI_wood,korean,,아리쉬,localization/korean/hub_names_l_korean.yml,2568,hub,false,STATE_SINAI,아리쉬
HUB_NAME_STATE_MIDDLE_EGYPT_city,korean,,베니 쉐프,localization/korean/hub_names_l_korean.yml,2569,hub,false,STATE_MIDDLE_EGYPT,베니 쉐프
HUB_NAME_STATE_MIDDLE_EGYPT_port,korean,,엘 수웨이스,localization/korean/hub_names_l_korean.yml,2570,hub,false,STATE_MIDDLE_EGYPT,엘 수웨이스
HUB_NAME_STATE_MIDDLE_EGYPT_mine,korean,,비르 자파라나,localization/korean/hub_names_l_korean.yml,2571,hub,false,STATE_MIDDLE_EGYPT,비르 자파라나
HUB_NAME_STATE_MIDDLE_EGYPT_farm,korean,,아슈트,localization/korean/hub_names_l_korean.yml,2572,hub,false,STATE_MIDDLE_EGYPT,아슈트
HUB_NAME_STATE_MIDDLE_EGYPT_wood,korean,,소하그,localization/korean/hub_names_l_korean.yml,2573,hub,false,STATE_MIDDLE_EGYPT,소하그
HUB_NAME_STATE_UPPER_EGYPT_city,korean,,룩소르,localization/korean/hub_names_l_korean.yml,2574,hub,false,STATE_UPPER_EGYPT,룩소르
HUB_NAME_STATE_UPPER_EGYPT_port,korean,,사파가,localization/korean/hub_names_l_korean.yml,2575,hub,false,STATE_UPPER_EGYPT,사파가
HUB_NAME_STATE_UPPER_EGYPT_mine,korean,,에드푸,localization/korean/hub_names_l_korean.yml,2576,hub,false,STATE_UPPER_EGYPT,에드푸
HUB_NAME_STATE_UPPER_EGYPT_farm,korean,,샬라틴,localization/korean/hub_names_l_korean.yml,2577,hub,false,STATE_UPPER_EGYPT,샬라틴
HUB_NAME_STATE_UPPER_EGYPT_wood,korean,,바라미야,localization/korean/hub_names_l_korean.yml,2578,hub,false,STATE_UPPER_EGYPT,바라미야
HUB_NAME_STATE_EGYPTIAN_DESERT_city,korean,,아스완,localization/korean/hub_names_l_korean.yml,2579,hub,false,STATE_EGYPTIAN_DESERT,아스완
HUB_NAME_STATE_EGYPTIAN_DESERT_mine,korean,,엘 카르가,localization/korean/hub_names_l_korean.yml,2580,hub,false,STATE_EGYPTIAN_DESERT,엘 카르가
HUB_NAME_STATE_EGYPTIAN_DESERT_farm,korean,,아부 심벨,localization/korean/hub_names_l_korean.yml,2581,hub,false,STATE_EGYPTIAN_DESERT,아부 심벨
HUB_NAME_STATE_EGYPTIAN_DESERT_wood,korean,,비레인,localization/korean/hub_names_l_korean.yml,2582,hub,false,STATE_EGYPTIAN_DESERT,비레인
HUB_NAME_STATE_DONGOLA_city,korean,,하이야,localization/korean/hub_names_l_korean.yml,2583,hub,false,STATE_DONGOLA,하이야
HUB_NAME_STATE_DONGOLA_port,korean,,포트 수단,localization/korean/hub_names_l_korean.yml,2584,hub,false,STATE_DONGOLA,포트 수단
HUB_NAME_STATE_DONGOLA_mine,korean,,케르마,localization/korean/hub_names_l_korean.yml,2585,hub,false,STATE_DONGOLA,케르마
HUB_NAME_STATE_DONGOLA_farm,korean,,아트바라,localization/korean/hub_names_l_korean.yml,2586,hub,false,STATE_DONGOLA,아트바라
HUB_NAME_STATE_DONGOLA_wood,korean,,와디 할파,localization/korean/hub_names_l_korean.yml,2587,hub,false,STATE_DONGOLA,와디 할파
HUB_NAME_STATE_KORDOFAN_city,korean,,엘 오베이드,localization/korean/hub_names_l_korean.yml,2588,hub,false,STATE_KORDOFAN,엘 오베이드
HUB_NAME_STATE_KORDOFAN_mine,korean,,움 바드르,localization/korean/hub_names_l_korean.yml,2589,hub,false,STATE_KORDOFAN,움 바드르
HUB_NAME_STATE_KORDOFAN_farm,korean,,딜링,localization/korean/hub_names_l_korean.yml,2590,hub,false,STATE_KORDOFAN,딜링
HUB_NAME_STATE_KORDOFAN_wood,korean,,카두글리,localization/korean/hub_names_l_korean.yml,2591,hub,false,STATE_KORDOFAN,카두글리
HUB_NAME_STATE_BLUE_NILE_city,korean,,카르툼,localization/korean/hub_names_l_korean.yml,2592,hub,false,STATE_BLUE_NILE,카르툼
HUB_NAME_STATE_BLUE_NILE_mine,korean,,카살라,localization/korean/hub_names_l_korean.yml,2593,hub,false,STATE_BLUE_NILE,카살라
HUB_NAME_STATE_BLUE_NILE_farm,korean,,와드 메다니,localization/korean/hub_names_l_korean.yml,2594,hub,false,STATE_BLUE_NILE,와드 메다니
HUB_NAME_STATE_BLUE_NILE_wood,korean,,멜루트,localization/korean/hub_names_l_korean.yml,2595,hub,false,STATE_BLUE_NILE,멜루트
HUB_NAME_STATE_ERITREA_city,korean,,마사와,localization/korean/hub_names_l_korean.yml,2596,hub,false,STATE_ERITREA,마사와
HUB_NAME_STATE_ERITREA_port,korean,,지부티,localization/korean/hub_names_l_korean.yml,2597,hub,false,STATE_ERITREA,지부티
HUB_NAME_STATE_ERITREA_mine,korean,,아스마라,localization/korean/hub_names_l_korean.yml,2598,hub,false,STATE_ERITREA,아스마라
HUB_NAME_STATE_ERITREA_farm,korean,,산히트,localization/korean/hub_names_l_korean.yml,2599,hub,false,STATE_ERITREA,산히트
HUB_NAME_STATE_ERITREA_wood,korean,,나크파,localization/korean/hub_names_l_korean.yml,2600,hub,false,STATE_ERITREA,나크파
HUB_NAME_STATE_GONDER_city,korean,,곤다르,localization/korean/hub_names_l_korean.yml,2601,hub,false,STATE_GONDER,곤다르
HUB_NAME_STATE_GONDER_mine,korean,,뎃시,localization/korean/hub_names_l_korean.yml,2602,hub,false,STATE_GONDER,뎃시
HUB_NAME_STATE_GONDER_farm,korean,,메켈레,localization/korean/hub_names_l_korean.yml,2603,hub,false,STATE_GONDER,메켈레
HUB_NAME_STATE_GONDER_wood,korean,,바히르 다르,localization/korean/hub_names_l_korean.yml,2604,hub,false,STATE_GONDER,바히르 다르
HUB_NAME_STATE_AMHARA_city,korean,,지마,localization/korean/hub_names_l_korean.yml,2605,hub,false,STATE_AMHARA,지마
HUB_NAME_STATE_AMHARA_mine,korean,,네켐트,localization/korean/hub_names_l_korean.yml,2606,hub,false,STATE_AMHARA,네켐트
HUB_NAME_STATE_AMHARA_farm,korean,,이르갈렘,localization/korean/hub_names_l_korean.yml,2607,hub,false,STATE_AMHARA,이르갈렘
HUB_NAME_STATE_AMHARA_wood,korean,,네젤,localization/korean/hub_names_l_korean.yml,2608,hub,false,STATE_AMHARA,네젤
HUB_NAME_STATE_OROMIA_city,korean,,안코베르,localization/korean/hub_names_l_korean.yml,2609,hub,false,STATE_OROMIA,안코베르
HUB_NAME_STATE_OROMIA_mine,korean,,디르 다와,localization/korean/hub_names_l_korean.yml,2610,hub,false,STATE_OROMIA,디르 다와
HUB_NAME_STATE_OROMIA_farm,korean,,엔토토,localization/korean/hub_names_l_korean.yml,2611,hub,false,STATE_OROMIA,엔토토
HUB_NAME_STATE_OROMIA_wood,korean,,고바,localization/korean/hub_names_l_korean.yml,2612,hub,false,STATE_OROMIA,고바
HUB_NAME_STATE_SOMALILAND_city,korean,,무크디쇼,localization/korean/hub_names_l_korean.yml,2613,hub,false,STATE_SOMALILAND,무크디쇼
HUB_NAME_STATE_SOMALILAND_port,korean,,베르베라,localization/korean/hub_names_l_korean.yml,2614,hub,false,STATE_SOMALILAND,베르베라
HUB_NAME_STATE_SOMALILAND_mine,korean,,갈카요,localization/korean/hub_names_l_korean.yml,2615,hub,false,STATE_SOMALILAND,갈카요
HUB_NAME_STATE_SOMALILAND_farm,korean,,카르도,localization/korean/hub_names_l_korean.yml,2616,hub,false,STATE_SOMALILAND,카르도
HUB_NAME_STATE_SOMALILAND_wood,korean,,라스칸누드,localization/korean/hub_names_l_korean.yml,2617,hub,false,STATE_SOMALILAND,라스칸누드
HUB_NAME_STATE_KENYA_city,korean,,엠부,localization/korean/hub_names_l_korean.yml,2618,hub,false,STATE_KENYA,엠부
HUB_NAME_STATE_KENYA_port,korean,,몸바사,localization/korean/hub_names_l_korean.yml,2619,hub,false,STATE_KENYA,몸바사
HUB_NAME_STATE_KENYA_mine,korean,,메루,localization/korean/hub_names_l_korean.yml,2620,hub,false,STATE_KENYA,메루
HUB_NAME_STATE_KENYA_farm,korean,,말린디,localization/korean/hub_names_l_korean.yml,2621,hub,false,STATE_KENYA,말린디
HUB_NAME_STATE_KENYA_wood,korean,,가리사,localization/korean/hub_names_l_korean.yml,2622,hub,false,STATE_KENYA,가리사
HUB_NAME_STATE_RIFT_VALLEY_city,korean,,나이로비,localization/korean/hub_names_l_korean.yml,2623,hub,false,STATE_RIFT_VALLEY,나이로비
HUB_NAME_STATE_RIFT_VALLEY_mine,korean,,키탈레,localization/korean/hub_names_l_korean.yml,2624,hub,false,STATE_RIFT_VALLEY,키탈레
HUB_NAME_STATE_RIFT_VALLEY_farm,korean,,키수무,localization/korean/hub_names_l_korean.yml,2625,hub,false,STATE_RIFT_VALLEY,키수무
HUB_NAME_STATE_RIFT_VALLEY_wood,korean,,카카메가,localization/korean/hub_names_l_korean.yml,2626,hub,false,STATE_RIFT_VALLEY,카카메가
HUB_NAME_STATE_UGANDA_city,korean,,캄팔라,localization/korean/hub_names_l_korean.yml,2627,hub,false,STATE_UGANDA,캄팔라
HUB_NAME_STATE_UGANDA_mine,korean,,굴루,localization/korean/hub_names_l_korean.yml,2628,hub,false,STATE_UGANDA,굴루
HUB_NAME_STATE_UGANDA_farm,korean,,음바라라,localization/korean/hub_names_l_korean.yml,2629,hub,false,STATE_UGANDA,음바라라
HUB_NAME_STATE_UGANDA_wood,korean,,호이마,localization/korean/hub_names_l_korean.yml,2630,hub,false,STATE_UGANDA,호이마
HUB_NAME_STATE_TANGANYIKA_city,korean,,키갈리,localization/korean/hub_names_l_korean.yml,2631,hub,false,STATE_TANGANYIKA,키갈리
HUB_NAME_STATE_TANGANYIKA_mine,korean,,기테가,localization/korean/hub_names_l_korean.yml,2632,hub,false,STATE_TANGANYIKA,기테가
HUB_NAME_STATE_TANGANYIKA_farm,korean,,음완자,localization/korean/hub_names_l_korean.yml,2633,hub,false,STATE_TANGANYIKA,음완자
HUB_NAME_STATE_TANGANYIKA_wood,korean,,부코바,localization/korean/hub_names_l_korean.yml,2634,hub,false,STATE_TANGANYIKA,부코바
HUB_NAME_STATE_LINDI_city,korean,,도도마,localization/korean/hub_names_l_korean.yml,2635,hub,false,STATE_LINDI,도도마
HUB_NAME_STATE_LINDI_mine,korean,,음베야,localization/korean/hub_names_l_korean.yml,2636,hub,false,STATE_LINDI,음베야
HUB_NAME_STATE_LINDI_farm,korean,,송게아,localization/korean/hub_names_l_korean.yml,2637,hub,false,STATE_LINDI,송게아
HUB_NAME_STATE_LINDI_wood,korean,,이링가,localization/korean/hub_names_l_korean.yml,2638,hub,false,STATE_LINDI,이링가
HUB_NAME_STATE_ZANZIBAR_city,korean,,탕가,localization/korean/hub_names_l_korean.yml,2639,hub,false,STATE_ZANZIBAR,탕가
HUB_NAME_STATE_ZANZIBAR_port,korean,,다르 엣 살람,localization/korean/hub_names_l_korean.yml,2640,hub,false,STATE_ZANZIBAR,다르 엣 살람
HUB_NAME_STATE_ZANZIBAR_mine,korean,,모시,localization/korean/hub_names_l_korean.yml,2641,hub,false,STATE_ZANZIBAR,모시
HUB_NAME_STATE_ZANZIBAR_farm,korean,,소망가,localization/korean/hub_names_l_korean.yml,2642,hub,false,STATE_ZANZIBAR,소망가
HUB_NAME_STATE_ZANZIBAR_wood,korean,,음트와라,localization/korean/hub_names_l_korean.yml,2643,hub,false,STATE_ZANZIBAR,음트와라
HUB_NAME_STATE_SOUTH_MADAGASCAR_city,korean,,피아나란초아,localization/korean/hub_names_l_korean.yml,2644,hub,false,STATE_SOUTH_MADAGASCAR,피아나란초아
HUB_NAME_STATE_SOUTH_MADAGASCAR_port,korean,,툴레아르,localization/korean/hub_names_l_korean.yml,2645,hub,false,STATE_SOUTH_MADAGASCAR,툴레아르
HUB_NAME_STATE_SOUTH_MADAGASCAR_mine,korean,,이호롬베,localization/korean/hub_names_l_korean.yml,2646,hub,false,STATE_SOUTH_MADAGASCAR,이호롬베
HUB_NAME_STATE_SOUTH_MADAGASCAR_farm,korean,,마나카라,localization/korean/hub_names_l_korean.yml,2647,hub,false,STATE_SOUTH_MADAGASCAR,마나카라
HUB_NAME_STATE_SOUTH_MADAGASCAR_wood,korean,,모론다바,localization/korean/hub_names_l_korean.yml,2648,hub,false,STATE_SOUTH_MADAGASCAR,모론다바
HUB_NAME_STATE_NORTH_MADAGASCAR_city,korean,,타나나리브,localization/korean/hub_names_l_korean.yml,2649,hub,false,STATE_NORTH_MADAGASCAR,타나나리브
HUB_NAME_STATE_NORTH_MADAGASCAR_port,korean,,타마타브,localization/korean/hub_names_l_korean.yml,2650,hub,false,STATE_NORTH_MADAGASCAR,타마타브
HUB_NAME_STATE_NORTH_MADAGASCAR_mine,korean,,삼바바,localization/korean/hub_names_l_korean.yml,2651,hub,false,STATE_NORTH_MADAGASCAR,삼바바
HUB_NAME_STATE_NORTH_MADAGASCAR_farm,korean,,디에고 수아레즈,localization/korean/hub_names_l_korean.yml,2652,hub,false,STATE_NORTH_MADAGASCAR,디에고 수아레즈
HUB_NAME_STATE_NORTH_MADAGASCAR_wood,korean,,마중가,localization/korean/hub_names_l_korean.yml,2653,hub,false,STATE_NORTH_MADAGASCAR,마중가
HUB_NAME_STATE_INDIAN_OCEAN_TERRITORY_city,korean,,세인트 데니스,localization/korean/hub_names_l_korean.yml,2654,hub,false,STATE_INDIAN_OCEAN_TERRITORY,세인트 데니스
HUB_NAME_STATE_INDIAN_OCEAN_TERRITORY_port,korean,,포트 루이스,localization/korean/hub_names_l_korean.yml,2655,hub,false,STATE_INDIAN_OCEAN_TERRITORY,포트 루이스
HUB_NAME_STATE_INDIAN_OCEAN_TERRITORY_mine,korean,,쿠레피페,localization/korean/hub_names_l_korean.yml,2656,hub,false,STATE_INDIAN_OCEAN_TERRITORY,쿠레피페
HUB_NAME_STATE_INDIAN_OCEAN_TERRITORY_farm,korean,,콰트레 보르네,localization/korean/hub_names_l_korean.yml,2657,hub,false,STATE_INDIAN_OCEAN_TERRITORY,콰트레 보르네
HUB_NAME_STATE_INDIAN_OCEAN_TERRITORY_wood,korean,,생 피에르,localization/korean/hub_names_l_korean.yml,2658,hub,false,STATE_INDIAN_OCEAN_TERRITORY,생 피에르
HUB_NAME_STATE_MOCAMBIQUE_city,korean,,남풀라,localization/korean/hub_names_l_korean.yml,2659,hub,false,STATE_MOCAMBIQUE,남풀라
HUB_NAME_STATE_MOCAMBIQUE_port,korean,,나칼라,localization/korean/hub_names_l_korean.yml,2660,hub,false,STATE_MOCAMBIQUE,나칼라
HUB_NAME_STATE_MOCAMBIQUE_mine,korean,,구루에,localization/korean/hub_names_l_korean.yml,2661,hub,false,STATE_MOCAMBIQUE,구루에
HUB_NAME_STATE_MOCAMBIQUE_farm,korean,,무쿠바,localization/korean/hub_names_l_korean.yml,2662,hub,false,STATE_MOCAMBIQUE,무쿠바
HUB_NAME_STATE_MOCAMBIQUE_wood,korean,,리칭가,localization/korean/hub_names_l_korean.yml,2663,hub,false,STATE_MOCAMBIQUE,리칭가
HUB_NAME_STATE_ZAMBEZIA_city,korean,,테테,localization/korean/hub_names_l_korean.yml,2664,hub,false,STATE_ZAMBEZIA,테테
HUB_NAME_STATE_ZAMBEZIA_port,korean,,베이라,localization/korean/hub_names_l_korean.yml,2665,hub,false,STATE_ZAMBEZIA,베이라
HUB_NAME_STATE_ZAMBEZIA_mine,korean,,만제,localization/korean/hub_names_l_korean.yml,2666,hub,false,STATE_ZAMBEZIA,만제
HUB_NAME_STATE_ZAMBEZIA_farm,korean,,카이아,localization/korean/hub_names_l_korean.yml,2667,hub,false,STATE_ZAMBEZIA,카이아
HUB_NAME_STATE_ZAMBEZIA_wood,korean,,무쿰부라,localization/korean/hub_names_l_korean.yml,2668,hub,false,STATE_ZAMBEZIA,무쿰부라
HUB_NAME_STATE_KAZEMBE_city,korean,,카사마,localization/korean/hub_names_l_korean.yml,2669,hub,false,STATE_KAZEMBE,카사마
HUB_NAME_STATE_KAZEMBE_mine,korean,,음발라,localization/korean/hub_names_l_korean.yml,2670,hub,false,STATE_KAZEMBE,음발라
HUB_NAME_STATE_KAZEMBE_farm,korean,,음주주,localization/korean/hub_names_l_korean.yml,2671,hub,false,STATE_KAZEMBE,음주주
HUB_NAME_STATE_KAZEMBE_wood,korean,,음피카,localization/korean/hub_names_l_korean.yml,2672,hub,false,STATE_KAZEMBE,음피카
HUB_NAME_STATE_ZAMBIA_city,korean,,루사카,localization/korean/hub_names_l_korean.yml,2673,hub,false,STATE_ZAMBIA,루사카
HUB_NAME_STATE_ZAMBIA_mine,korean,,키트웨,localization/korean/hub_names_l_korean.yml,2674,hub,false,STATE_ZAMBIA,키트웨
HUB_NAME_STATE_ZAMBIA_farm,korean,,몽구,localization/korean/hub_names_l_korean.yml,2675,hub,false,STATE_ZAMBIA,몽구
HUB_NAME_STATE_ZAMBIA_wood,korean,,마자부카,localization/korean/hub_names_l_korean.yml,2676,hub,false,STATE_ZAMBIA,마자부카
HUB_NAME_STATE_ZAMBEZI_city,korean,,하라레,localization/korean/hub_names_l_korean.yml,2677,hub,false,STATE_ZAMBEZI,하라레
HUB_NAME_STATE_ZAMBEZI_mine,korean,,그웨루,localization/korean/hub_names_l_korean.yml,2678,hub,false,STATE_ZAMBEZI,그웨루
HUB_NAME_STATE_ZAMBEZI_farm,korean,,불라와요,localization/korean/hub_names_l_korean.yml,2679,hub,false,STATE_ZAMBEZI,불라와요
HUB_NAME_STATE_ZAMBEZI_wood,korean,,흐왕게,localization/korean/hub_names_l_korean.yml,2680,hub,false,STATE_ZAMBEZI,흐왕게
HUB_NAME_STATE_LOURENCO_MARQUES_city,korean,,마파이,localization/korean/hub_names_l_korean.yml,2681,hub,false,STATE_LOURENCO_MARQUES,마파이
HUB_NAME_STATE_LOURENCO_MARQUES_port,korean,,마푸토,localization/korean/hub_names_l_korean.yml,2682,hub,false,STATE_LOURENCO_MARQUES,마푸토
HUB_NAME_STATE_LOURENCO_MARQUES_mine,korean,,치모이오,localization/korean/hub_names_l_korean.yml,2683,hub,false,STATE_LOURENCO_MARQUES,치모이오
HUB_NAME_STATE_LOURENCO_MARQUES_farm,korean,,마피하네,localization/korean/hub_names_l_korean.yml,2684,hub,false,STATE_LOURENCO_MARQUES,마피하네
HUB_NAME_STATE_LOURENCO_MARQUES_wood,korean,,샤이샤이,localization/korean/hub_names_l_korean.yml,2685,hub,false,STATE_LOURENCO_MARQUES,샤이샤이
HUB_NAME_STATE_TRANSVAAL_city,korean,,프레토리아,localization/korean/hub_names_l_korean.yml,2686,hub,false,STATE_TRANSVAAL,프레토리아
HUB_NAME_STATE_TRANSVAAL_mine,korean,,러스텐버그,localization/korean/hub_names_l_korean.yml,2687,hub,false,STATE_TRANSVAAL,러스텐버그
HUB_NAME_STATE_TRANSVAAL_farm,korean,,코마티푸르트,localization/korean/hub_names_l_korean.yml,2688,hub,false,STATE_TRANSVAAL,코마티푸르트
HUB_NAME_STATE_TRANSVAAL_wood,korean,,요하네스버그,localization/korean/hub_names_l_korean.yml,2689,hub,false,STATE_TRANSVAAL,요하네스버그
HUB_NAME_STATE_VRYSTAAT_city,korean,,블룸폰타인,localization/korean/hub_names_l_korean.yml,2690,hub,false,STATE_VRYSTAAT,블룸폰타인
HUB_NAME_STATE_VRYSTAAT_mine,korean,,룩스빌,localization/korean/hub_names_l_korean.yml,2691,hub,false,STATE_VRYSTAAT,룩스빌
HUB_NAME_STATE_VRYSTAAT_farm,korean,,베들레헴,localization/korean/hub_names_l_korean.yml,2692,hub,false,STATE_VRYSTAAT,베들레헴
HUB_NAME_STATE_VRYSTAAT_wood,korean,,해리스미스,localization/korean/hub_names_l_korean.yml,2693,hub,false,STATE_VRYSTAAT,해리스미스
HUB_NAME_STATE_ZULULAND_city,korean,,피터마리츠버그,localization/korean/hub_names_l_korean.yml,2694,hub,false,STATE_ZULULAND,피터마리츠버그
HUB_NAME_STATE_ZULULAND_port,korean,,더반,localization/korean/hub_names_l_korean.yml,2695,hub,false,STATE_ZULULAND,더반
HUB_NAME_STATE_ZULULAND_mine,korean,,뉴캐슬,localization/korean/hub_names_l_korean.yml,2696,hub,false,STATE_ZULULAND,뉴캐슬
HUB_NAME_STATE_ZULULAND_farm,korean,,마게이트,localization/korean/hub_names_l_korean.yml,2697,hub,false,STATE_ZULULAND,마게이트
HUB_NAME_STATE_ZULULAND_wood,korean,,울룬디,localization/korean/hub_names_l_korean.yml,2698,hub,false,STATE_ZULULAND,울룬디
HUB_NAME_STATE_EASTERN_CAPE_city,korean,,그레이엄스타운,localization/korean/hub_names_l_korean.yml,2699,hub,false,STATE_EASTERN_CAPE,그레이엄스타운
HUB_NAME_STATE_EASTERN_CAPE_port,korean,,이스트 런던,localization/korean/hub_names_l_korean.yml,2700,hub,false,STATE_EASTERN_CAPE,이스트 런던
HUB_NAME_STATE_EASTERN_CAPE_mine,korean,,킹 윌리엄스 타운,localization/korean/hub_names_l_korean.yml,2701,hub,false,STATE_EASTERN_CAPE,킹 윌리엄스 타운
HUB_NAME_STATE_EASTERN_CAPE_farm,korean,,포트 엘리자베스,localization/korean/hub_names_l_korean.yml,2702,hub,false,STATE_EASTERN_CAPE,포트 엘리자베스
HUB_NAME_STATE_EASTERN_CAPE_wood,korean,,그라프 레이넷,localization/korean/hub_names_l_korean.yml,2703,hub,false,STATE_EASTERN_CAPE,그라프 레이넷
HUB_NAME_STATE_CAPE_COLONY_city,korean,,케이프 타운,localization/korean/hub_names_l_korean.yml,2704,hub,false,STATE_CAPE_COLONY,케이프 타운
HUB_NAME_STATE_CAPE_COLONY_port,korean,,조지,localization/korean/hub_names_l_korean.yml,2705,hub,false,STATE_CAPE_COLONY,조지
HUB_NAME_STATE_CAPE_COLONY_mine,korean,,스프링보크,localization/korean/hub_names_l_korean.yml,2706,hub,false,STATE_CAPE_COLONY,스프링보크
HUB_NAME_STATE_CAPE_COLONY_farm,korean,,포트 놀로스,localization/korean/hub_names_l_korean.yml,2707,hub,false,STATE_CAPE_COLONY,포트 놀로스
HUB_NAME_STATE_CAPE_COLONY_wood,korean,,우스터,localization/korean/hub_names_l_korean.yml,2708,hub,false,STATE_CAPE_COLONY,우스터
HUB_NAME_STATE_NORTHERN_CAPE_city,korean,,브리츠타운,localization/korean/hub_names_l_korean.yml,2709,hub,false,STATE_NORTHERN_CAPE,브리츠타운
HUB_NAME_STATE_NORTHERN_CAPE_mine,korean,,데아르,localization/korean/hub_names_l_korean.yml,2710,hub,false,STATE_NORTHERN_CAPE,데아르
HUB_NAME_STATE_NORTHERN_CAPE_farm,korean,,킴벌리,localization/korean/hub_names_l_korean.yml,2711,hub,false,STATE_NORTHERN_CAPE,킴벌리
HUB_NAME_STATE_NORTHERN_CAPE_wood,korean,,마히켕,localization/korean/hub_names_l_korean.yml,2712,hub,false,STATE_NORTHERN_CAPE,마히켕
HUB_NAME_STATE_NAMAQUALAND_city,korean,,레호보스,localization/korean/hub_names_l_korean.yml,2713,hub,false,STATE_NAMAQUALAND,레호보스
HUB_NAME_STATE_NAMAQUALAND_port,korean,,뤼데리츠,localization/korean/hub_names_l_korean.yml,2714,hub,false,STATE_NAMAQUALAND,뤼데리츠
HUB_NAME_STATE_NAMAQUALAND_mine,korean,,케이트만스호프,localization/korean/hub_names_l_korean.yml,2715,hub,false,STATE_NAMAQUALAND,케이트만스호프
HUB_NAME_STATE_NAMAQUALAND_farm,korean,,마리엔탈,localization/korean/hub_names_l_korean.yml,2716,hub,false,STATE_NAMAQUALAND,마리엔탈
HUB_NAME_STATE_NAMAQUALAND_wood,korean,,고바비스,localization/korean/hub_names_l_korean.yml,2717,hub,false,STATE_NAMAQUALAND,고바비스
HUB_NAME_STATE_BOTSWANA_city,korean,,틀록웨그,localization/korean/hub_names_l_korean.yml,2718,hub,false,STATE_BOTSWANA,틀록웨그
HUB_NAME_STATE_BOTSWANA_mine,korean,,세로웨,localization/korean/hub_names_l_korean.yml,2719,hub,false,STATE_BOTSWANA,세로웨
HUB_NAME_STATE_BOTSWANA_farm,korean,,간지,localization/korean/hub_names_l_korean.yml,2720,hub,false,STATE_BOTSWANA,간지
HUB_NAME_STATE_BOTSWANA_wood,korean,,마운,localization/korean/hub_names_l_korean.yml,2721,hub,false,STATE_BOTSWANA,마운
HUB_NAME_STATE_HEREROLAND_city,korean,,옷지와롱고,localization/korean/hub_names_l_korean.yml,2722,hub,false,STATE_HEREROLAND,옷지와롱고
HUB_NAME_STATE_HEREROLAND_port,korean,,스바코프문트,localization/korean/hub_names_l_korean.yml,2723,hub,false,STATE_HEREROLAND,스바코프문트
HUB_NAME_STATE_HEREROLAND_mine,korean,,빈트후크,localization/korean/hub_names_l_korean.yml,2724,hub,false,STATE_HEREROLAND,빈트후크
HUB_NAME_STATE_HEREROLAND_farm,korean,,온당와,localization/korean/hub_names_l_korean.yml,2725,hub,false,STATE_HEREROLAND,온당와
HUB_NAME_STATE_HEREROLAND_wood,korean,,룬두,localization/korean/hub_names_l_korean.yml,2726,hub,false,STATE_HEREROLAND,룬두
HUB_NAME_STATE_SOUTH_ANGOLA_city,korean,,루방고,localization/korean/hub_names_l_korean.yml,2727,hub,false,STATE_SOUTH_ANGOLA,루방고
HUB_NAME_STATE_SOUTH_ANGOLA_port,korean,,나미브,localization/korean/hub_names_l_korean.yml,2728,hub,false,STATE_SOUTH_ANGOLA,나미브
HUB_NAME_STATE_SOUTH_ANGOLA_mine,korean,,벵겔라,localization/korean/hub_names_l_korean.yml,2729,hub,false,STATE_SOUTH_ANGOLA,벵겔라
HUB_NAME_STATE_SOUTH_ANGOLA_farm,korean,,메농그,localization/korean/hub_names_l_korean.yml,2730,hub,false,STATE_SOUTH_ANGOLA,메농그
HUB_NAME_STATE_SOUTH_ANGOLA_wood,korean,,우암부,localization/korean/hub_names_l_korean.yml,2731,hub,false,STATE_SOUTH_ANGOLA,우암부
HUB_NAME_STATE_EAST_ANGOLA_city,korean,,말랭지,localization/korean/hub_names_l_korean.yml,2732,hub,false,STATE_EAST_ANGOLA,말랭지
HUB_NAME_STATE_EAST_ANGOLA_mine,korean,,카푼푸,localization/korean/hub_names_l_korean.yml,2733,hub,false,STATE_EAST_ANGOLA,카푼푸
HUB_NAME_STATE_EAST_ANGOLA_farm,korean,,안둘루,localization/korean/hub_names_l_korean.yml,2734,hub,false,STATE_EAST_ANGOLA,안둘루
HUB_NAME_STATE_EAST_ANGOLA_wood,korean,,사우리무,localization/korean/hub_names_l_korean.yml,2735,hub,false,STATE_EAST_ANGOLA,사우리무
HUB_NAME_STATE_NORTH_ANGOLA_city,korean,,암브리즈,localization/korean/hub_names_l_korean.yml,2736,hub,false,STATE_NORTH_ANGOLA,암브리즈
HUB_NAME_STATE_NORTH_ANGOLA_port,korean,,루안다,localization/korean/hub_names_l_korean.yml,2737,hub,false,STATE_NORTH_ANGOLA,루안다
HUB_NAME_STATE_NORTH_ANGOLA_mine,korean,,상 살바도,localization/korean/hub_names_l_korean.yml,2738,hub,false,STATE_NORTH_ANGOLA,상 살바도
HUB_NAME_STATE_NORTH_ANGOLA_farm,korean,,숨베,localization/korean/hub_names_l_korean.yml,2739,hub,false,STATE_NORTH_ANGOLA,숨베
HUB_NAME_STATE_NORTH_ANGOLA_wood,korean,,암브리제테,localization/korean/hub_names_l_korean.yml,2740,hub,false,STATE_NORTH_ANGOLA,암브리제테
HUB_NAME_STATE_BAS_CONGO_city,korean,,킨샤사,localization/korean/hub_names_l_korean.yml,2741,hub,false,STATE_BAS_CONGO,킨샤사
HUB_NAME_STATE_BAS_CONGO_port,korean,,무안다,localization/korean/hub_names_l_korean.yml,2742,hub,false,STATE_BAS_CONGO,무안다
HUB_NAME_STATE_BAS_CONGO_mine,korean,,켕게,localization/korean/hub_names_l_korean.yml,2743,hub,false,STATE_BAS_CONGO,켕게
HUB_NAME_STATE_BAS_CONGO_farm,korean,,키크위트,localization/korean/hub_names_l_korean.yml,2744,hub,false,STATE_BAS_CONGO,키크위트
HUB_NAME_STATE_BAS_CONGO_wood,korean,,반둔두,localization/korean/hub_names_l_korean.yml,2745,hub,false,STATE_BAS_CONGO,반둔두
HUB_NAME_STATE_KASAI_city,korean,,카낭가,localization/korean/hub_names_l_korean.yml,2746,hub,false,STATE_KASAI,카낭가
HUB_NAME_STATE_KASAI_mine,korean,,음웨네디투,localization/korean/hub_names_l_korean.yml,2747,hub,false,STATE_KASAI,음웨네디투
HUB_NAME_STATE_KASAI_farm,korean,,롯자,localization/korean/hub_names_l_korean.yml,2748,hub,false,STATE_KASAI,롯자
HUB_NAME_STATE_KASAI_wood,korean,,베보,localization/korean/hub_names_l_korean.yml,2749,hub,false,STATE_KASAI,베보
HUB_NAME_STATE_KATANGA_city,korean,,카팡가,localization/korean/hub_names_l_korean.yml,2750,hub,false,STATE_KATANGA,카팡가
HUB_NAME_STATE_KATANGA_mine,korean,,콜루웨지,localization/korean/hub_names_l_korean.yml,2751,hub,false,STATE_KATANGA,콜루웨지
HUB_NAME_STATE_KATANGA_farm,korean,,카미나,localization/korean/hub_names_l_korean.yml,2752,hub,false,STATE_KATANGA,카미나
HUB_NAME_STATE_KATANGA_wood,korean,,산두와,localization/korean/hub_names_l_korean.yml,2753,hub,false,STATE_KATANGA,산두와
HUB_NAME_STATE_CONGO_ORIENTALE_city,korean,,폴스 스테이션,localization/korean/hub_names_l_korean.yml,2754,hub,false,STATE_CONGO_ORIENTALE,폴스 스테이션
HUB_NAME_STATE_CONGO_ORIENTALE_mine,korean,,부템보,localization/korean/hub_names_l_korean.yml,2755,hub,false,STATE_CONGO_ORIENTALE,부템보
HUB_NAME_STATE_CONGO_ORIENTALE_farm,korean,,부타,localization/korean/hub_names_l_korean.yml,2756,hub,false,STATE_CONGO_ORIENTALE,부타
HUB_NAME_STATE_CONGO_ORIENTALE_wood,korean,,이시로,localization/korean/hub_names_l_korean.yml,2757,hub,false,STATE_CONGO_ORIENTALE,이시로
HUB_NAME_STATE_EQUATEUR_city,korean,,에카퇴르빌,localization/korean/hub_names_l_korean.yml,2758,hub,false,STATE_EQUATEUR,에카퇴르빌
HUB_NAME_STATE_EQUATEUR_mine,korean,,보엔데,localization/korean/hub_names_l_korean.yml,2759,hub,false,STATE_EQUATEUR,보엔데
HUB_NAME_STATE_EQUATEUR_farm,korean,,게메나,localization/korean/hub_names_l_korean.yml,2760,hub,false,STATE_EQUATEUR,게메나
HUB_NAME_STATE_EQUATEUR_wood,korean,,붐바,localization/korean/hub_names_l_korean.yml,2761,hub,false,STATE_EQUATEUR,붐바
HUB_NAME_STATE_CONGO_city,korean,,브라자빌,localization/korean/hub_names_l_korean.yml,2762,hub,false,STATE_CONGO,브라자빌
HUB_NAME_STATE_CONGO_port,korean,,푸앵트누아르,localization/korean/hub_names_l_korean.yml,2763,hub,false,STATE_CONGO,푸앵트누아르
HUB_NAME_STATE_CONGO_mine,korean,,키방구,localization/korean/hub_names_l_korean.yml,2764,hub,false,STATE_CONGO,키방구
HUB_NAME_STATE_CONGO_farm,korean,,돌리지,localization/korean/hub_names_l_korean.yml,2765,hub,false,STATE_CONGO,돌리지
HUB_NAME_STATE_CONGO_wood,korean,,우에소,localization/korean/hub_names_l_korean.yml,2766,hub,false,STATE_CONGO,우에소
HUB_NAME_STATE_GABON_city,korean,,리브르빌,localization/korean/hub_names_l_korean.yml,2767,hub,false,STATE_GABON,리브르빌
HUB_NAME_STATE_GABON_port,korean,,포트장틸,localization/korean/hub_names_l_korean.yml,2768,hub,false,STATE_GABON,포트장틸
HUB_NAME_STATE_GABON_mine,korean,,푸가무,localization/korean/hub_names_l_korean.yml,2769,hub,false,STATE_GABON,푸가무
HUB_NAME_STATE_GABON_farm,korean,,바타,localization/korean/hub_names_l_korean.yml,2770,hub,false,STATE_GABON,바타
HUB_NAME_STATE_GABON_wood,korean,,마코쿠,localization/korean/hub_names_l_korean.yml,2771,hub,false,STATE_GABON,마코쿠
HUB_NAME_STATE_SOUTH_CAMEROON_city,korean,,욘데 스테이션,localization/korean/hub_names_l_korean.yml,2772,hub,false,STATE_SOUTH_CAMEROON,욘데 스테이션
HUB_NAME_STATE_SOUTH_CAMEROON_port,korean,,두알라,localization/korean/hub_names_l_korean.yml,2773,hub,false,STATE_SOUTH_CAMEROON,두알라
HUB_NAME_STATE_SOUTH_CAMEROON_mine,korean,,베르투아,localization/korean/hub_names_l_korean.yml,2774,hub,false,STATE_SOUTH_CAMEROON,베르투아
HUB_NAME_STATE_SOUTH_CAMEROON_farm,korean,,포트 클라렌스,localization/korean/hub_names_l_korean.yml,2775,hub,false,STATE_SOUTH_CAMEROON,포트 클라렌스
HUB_NAME_STATE_SOUTH_CAMEROON_wood,korean,,에볼로와,localization/korean/hub_names_l_korean.yml,2776,hub,false,STATE_SOUTH_CAMEROON,에볼로와
HUB_NAME_STATE_NORTH_CAMEROON_city,korean,,응가운데레,localization/korean/hub_names_l_korean.yml,2777,hub,false,STATE_NORTH_CAMEROON,응가운데레
HUB_NAME_STATE_NORTH_CAMEROON_mine,korean,,바피아,localization/korean/hub_names_l_korean.yml,2778,hub,false,STATE_NORTH_CAMEROON,바피아
HUB_NAME_STATE_NORTH_CAMEROON_farm,korean,,메이강가,localization/korean/hub_names_l_korean.yml,2779,hub,false,STATE_NORTH_CAMEROON,메이강가
HUB_NAME_STATE_NORTH_CAMEROON_wood,korean,,은가운달,localization/korean/hub_names_l_korean.yml,2780,hub,false,STATE_NORTH_CAMEROON,은가운달
HUB_NAME_STATE_UBANGI_SHARI_city,korean,,방귀,localization/korean/hub_names_l_korean.yml,2781,hub,false,STATE_UBANGI_SHARI,방귀
HUB_NAME_STATE_UBANGI_SHARI_mine,korean,,베르베라티,localization/korean/hub_names_l_korean.yml,2782,hub,false,STATE_UBANGI_SHARI,베르베라티
HUB_NAME_STATE_UBANGI_SHARI_farm,korean,,밤바리,localization/korean/hub_names_l_korean.yml,2783,hub,false,STATE_UBANGI_SHARI,밤바리
HUB_NAME_STATE_UBANGI_SHARI_wood,korean,,보상고아,localization/korean/hub_names_l_korean.yml,2784,hub,false,STATE_UBANGI_SHARI,보상고아
HUB_NAME_STATE_EQUATORIA_city,korean,,주바,localization/korean/hub_names_l_korean.yml,2785,hub,false,STATE_EQUATORIA,주바
HUB_NAME_STATE_EQUATORIA_mine,korean,,만디리,localization/korean/hub_names_l_korean.yml,2786,hub,false,STATE_EQUATORIA,만디리
HUB_NAME_STATE_EQUATORIA_farm,korean,,말라칼,localization/korean/hub_names_l_korean.yml,2787,hub,false,STATE_EQUATORIA,말라칼
HUB_NAME_STATE_EQUATORIA_wood,korean,,와우,localization/korean/hub_names_l_korean.yml,2788,hub,false,STATE_EQUATORIA,와우
HUB_NAME_STATE_DARFUR_city,korean,,엘 파시르,localization/korean/hub_names_l_korean.yml,2789,hub,false,STATE_DARFUR,엘 파시르
HUB_NAME_STATE_DARFUR_mine,korean,,게네이나,localization/korean/hub_names_l_korean.yml,2790,hub,false,STATE_DARFUR,게네이나
HUB_NAME_STATE_DARFUR_farm,korean,,냘라,localization/korean/hub_names_l_korean.yml,2791,hub,false,STATE_DARFUR,냘라
HUB_NAME_STATE_DARFUR_wood,korean,,말하,localization/korean/hub_names_l_korean.yml,2792,hub,false,STATE_DARFUR,말하
HUB_NAME_STATE_CHAD_city,korean,,보코로,localization/korean/hub_names_l_korean.yml,2793,hub,false,STATE_CHAD,보코로
HUB_NAME_STATE_CHAD_mine,korean,,아베셰,localization/korean/hub_names_l_korean.yml,2794,hub,false,STATE_CHAD,아베셰
HUB_NAME_STATE_CHAD_farm,korean,,마사코리,localization/korean/hub_names_l_korean.yml,2795,hub,false,STATE_CHAD,마사코리
HUB_NAME_STATE_CHAD_wood,korean,,볼,localization/korean/hub_names_l_korean.yml,2796,hub,false,STATE_CHAD,볼
HUB_NAME_STATE_NIGER_city,korean,,아가데즈,localization/korean/hub_names_l_korean.yml,2797,hub,false,STATE_NIGER,아가데즈
HUB_NAME_STATE_NIGER_mine,korean,,아를리트,localization/korean/hub_names_l_korean.yml,2798,hub,false,STATE_NIGER,아를리트
HUB_NAME_STATE_NIGER_farm,korean,,빌마,localization/korean/hub_names_l_korean.yml,2799,hub,false,STATE_NIGER,빌마
HUB_NAME_STATE_NIGER_wood,korean,,은기그미,localization/korean/hub_names_l_korean.yml,2800,hub,false,STATE_NIGER,은기그미
HUB_NAME_STATE_OUTER_HAUSALAND_city,korean,,니아메,localization/korean/hub_names_l_korean.yml,2801,hub,false,STATE_OUTER_HAUSALAND,니아메
HUB_NAME_STATE_OUTER_HAUSALAND_mine,korean,,진데르,localization/korean/hub_names_l_korean.yml,2802,hub,false,STATE_OUTER_HAUSALAND,진데르
HUB_NAME_STATE_OUTER_HAUSALAND_farm,korean,,마라디,localization/korean/hub_names_l_korean.yml,2803,hub,false,STATE_OUTER_HAUSALAND,마라디
HUB_NAME_STATE_OUTER_HAUSALAND_wood,korean,,디파,localization/korean/hub_names_l_korean.yml,2804,hub,false,STATE_OUTER_HAUSALAND,디파
HUB_NAME_STATE_WADDAI_city,korean,,은자메나,localization/korean/hub_names_l_korean.yml,2805,hub,false,STATE_WADDAI,은자메나
HUB_NAME_STATE_WADDAI_mine,korean,,라피나,localization/korean/hub_names_l_korean.yml,2806,hub,false,STATE_WADDAI,라피나
HUB_NAME_STATE_WADDAI_farm,korean,,봉고르,localization/korean/hub_names_l_korean.yml,2807,hub,false,STATE_WADDAI,봉고르
HUB_NAME_STATE_WADDAI_wood,korean,,사르,localization/korean/hub_names_l_korean.yml,2808,hub,false,STATE_WADDAI,사르
HUB_NAME_STATE_BORNU_city,korean,,다마투루,localization/korean/hub_names_l_korean.yml,2809,hub,false,STATE_BORNU,다마투루
HUB_NAME_STATE_BORNU_mine,korean,,가슈아,localization/korean/hub_names_l_korean.yml,2810,hub,false,STATE_BORNU,가슈아
HUB_NAME_STATE_BORNU_farm,korean,,마이두구리,localization/korean/hub_names_l_korean.yml,2811,hub,false,STATE_BORNU,마이두구리
HUB_NAME_STATE_BORNU_wood,korean,,궈자,localization/korean/hub_names_l_korean.yml,2812,hub,false,STATE_BORNU,궈자
HUB_NAME_STATE_NIGERIA_city,korean,,바우치,localization/korean/hub_names_l_korean.yml,2813,hub,false,STATE_NIGERIA,바우치
HUB_NAME_STATE_NIGERIA_mine,korean,,라피아,localization/korean/hub_names_l_korean.yml,2814,hub,false,STATE_NIGERIA,라피아
HUB_NAME_STATE_NIGERIA_farm,korean,,토로,localization/korean/hub_names_l_korean.yml,2815,hub,false,STATE_NIGERIA,토로
HUB_NAME_STATE_NIGERIA_wood,korean,,무비,localization/korean/hub_names_l_korean.yml,2816,hub,false,STATE_NIGERIA,무비
HUB_NAME_STATE_NIGER_DELTA_city,korean,,칼라바르,localization/korean/hub_names_l_korean.yml,2817,hub,false,STATE_NIGER_DELTA,칼라바르
HUB_NAME_STATE_NIGER_DELTA_port,korean,,포트 하코트,localization/korean/hub_names_l_korean.yml,2818,hub,false,STATE_NIGER_DELTA,포트 하코트
HUB_NAME_STATE_NIGER_DELTA_mine,korean,,에누구,localization/korean/hub_names_l_korean.yml,2819,hub,false,STATE_NIGER_DELTA,에누구
HUB_NAME_STATE_NIGER_DELTA_farm,korean,,오니차,localization/korean/hub_names_l_korean.yml,2820,hub,false,STATE_NIGER_DELTA,오니차
HUB_NAME_STATE_NIGER_DELTA_wood,korean,,우요,localization/korean/hub_names_l_korean.yml,2821,hub,false,STATE_NIGER_DELTA,우요
HUB_NAME_STATE_BENIN_city,korean,,베닌 시티,localization/korean/hub_names_l_korean.yml,2822,hub,false,STATE_BENIN,베닌 시티
HUB_NAME_STATE_BENIN_port,korean,,자크파,localization/korean/hub_names_l_korean.yml,2823,hub,false,STATE_BENIN,자크파
HUB_NAME_STATE_BENIN_mine,korean,,오케네,localization/korean/hub_names_l_korean.yml,2824,hub,false,STATE_BENIN,오케네
HUB_NAME_STATE_BENIN_farm,korean,,오워,localization/korean/hub_names_l_korean.yml,2825,hub,false,STATE_BENIN,오워
HUB_NAME_STATE_BENIN_wood,korean,,우로미,localization/korean/hub_names_l_korean.yml,2826,hub,false,STATE_BENIN,우로미
HUB_NAME_STATE_EAST_HAUSALAND_city,korean,,아부자,localization/korean/hub_names_l_korean.yml,2827,hub,false,STATE_EAST_HAUSALAND,아부자
HUB_NAME_STATE_EAST_HAUSALAND_mine,korean,,카노,localization/korean/hub_names_l_korean.yml,2828,hub,false,STATE_EAST_HAUSALAND,카노
HUB_NAME_STATE_EAST_HAUSALAND_farm,korean,,카두나,localization/korean/hub_names_l_korean.yml,2829,hub,false,STATE_EAST_HAUSALAND,카두나
HUB_NAME_STATE_EAST_HAUSALAND_wood,korean,,조스,localization/korean/hub_names_l_korean.yml,2830,hub,false,STATE_EAST_HAUSALAND,조스
HUB_NAME_STATE_HAUSALAND_city,korean,,소코토,localization/korean/hub_names_l_korean.yml,2831,hub,false,STATE_HAUSALAND,소코토
HUB_NAME_STATE_HAUSALAND_mine,korean,,구사우,localization/korean/hub_names_l_korean.yml,2832,hub,false,STATE_HAUSALAND,구사우
HUB_NAME_STATE_HAUSALAND_farm,korean,,피지,localization/korean/hub_names_l_korean.yml,2833,hub,false,STATE_HAUSALAND,피지
HUB_NAME_STATE_HAUSALAND_wood,korean,,코코,localization/korean/hub_names_l_korean.yml,2834,hub,false,STATE_HAUSALAND,코코
HUB_NAME_STATE_YORUBA_STATES_city,korean,,이바단,localization/korean/hub_names_l_korean.yml,2835,hub,false,STATE_YORUBA_STATES,이바단
HUB_NAME_STATE_YORUBA_STATES_port,korean,,라고스,localization/korean/hub_names_l_korean.yml,2836,hub,false,STATE_YORUBA_STATES,라고스
HUB_NAME_STATE_YORUBA_STATES_mine,korean,,일로린,localization/korean/hub_names_l_korean.yml,2837,hub,false,STATE_YORUBA_STATES,일로린
HUB_NAME_STATE_YORUBA_STATES_farm,korean,,온도,localization/korean/hub_names_l_korean.yml,2838,hub,false,STATE_YORUBA_STATES,온도
HUB_NAME_STATE_YORUBA_STATES_wood,korean,,아도에키티,localization/korean/hub_names_l_korean.yml,2839,hub,false,STATE_YORUBA_STATES,아도에키티
HUB_NAME_STATE_DAHOMEY_city,korean,,포르토노보,localization/korean/hub_names_l_korean.yml,2840,hub,false,STATE_DAHOMEY,포르토노보
HUB_NAME_STATE_DAHOMEY_port,korean,,코토누,localization/korean/hub_names_l_korean.yml,2841,hub,false,STATE_DAHOMEY,코토누
HUB_NAME_STATE_DAHOMEY_mine,korean,,칸디,localization/korean/hub_names_l_korean.yml,2842,hub,false,STATE_DAHOMEY,칸디
HUB_NAME_STATE_DAHOMEY_farm,korean,,주구,localization/korean/hub_names_l_korean.yml,2843,hub,false,STATE_DAHOMEY,주구
HUB_NAME_STATE_DAHOMEY_wood,korean,,파라쿠,localization/korean/hub_names_l_korean.yml,2844,hub,false,STATE_DAHOMEY,파라쿠
HUB_NAME_STATE_TOGO_city,korean,,소코데,localization/korean/hub_names_l_korean.yml,2845,hub,false,STATE_TOGO,소코데
HUB_NAME_STATE_TOGO_port,korean,,로메,localization/korean/hub_names_l_korean.yml,2846,hub,false,STATE_TOGO,로메
HUB_NAME_STATE_TOGO_mine,korean,,다파옹,localization/korean/hub_names_l_korean.yml,2847,hub,false,STATE_TOGO,다파옹
HUB_NAME_STATE_TOGO_farm,korean,,아탁파메,localization/korean/hub_names_l_korean.yml,2848,hub,false,STATE_TOGO,아탁파메
HUB_NAME_STATE_TOGO_wood,korean,,카라,localization/korean/hub_names_l_korean.yml,2849,hub,false,STATE_TOGO,카라
HUB_NAME_STATE_GHANA_city,korean,,쿠마시,localization/korean/hub_names_l_korean.yml,2850,hub,false,STATE_GHANA,쿠마시
HUB_NAME_STATE_GHANA_port,korean,,아크라,localization/korean/hub_names_l_korean.yml,2851,hub,false,STATE_GHANA,아크라
HUB_NAME_STATE_GHANA_mine,korean,,타말레,localization/korean/hub_names_l_korean.yml,2852,hub,false,STATE_GHANA,타말레
HUB_NAME_STATE_GHANA_farm,korean,,세콘디타코라디,localization/korean/hub_names_l_korean.yml,2853,hub,false,STATE_GHANA,세콘디타코라디
HUB_NAME_STATE_GHANA_wood,korean,,볼가탕가,localization/korean/hub_names_l_korean.yml,2854,hub,false,STATE_GHANA,볼가탕가
HUB_NAME_STATE_IVORY_COAST_city,korean,,야무수크로,localization/korean/hub_names_l_korean.yml,2855,hub,false,STATE_IVORY_COAST,야무수크로
HUB_NAME_STATE_IVORY_COAST_port,korean,,아빗잔,localization/korean/hub_names_l_korean.yml,2856,hub,false,STATE_IVORY_COAST,아빗잔
HUB_NAME_STATE_IVORY_COAST_mine,korean,,부나,localization/korean/hub_names_l_korean.yml,2857,hub,false,STATE_IVORY_COAST,부나
HUB_NAME_STATE_IVORY_COAST_farm,korean,,페르케세두구,localization/korean/hub_names_l_korean.yml,2858,hub,false,STATE_IVORY_COAST,페르케세두구
HUB_NAME_STATE_IVORY_COAST_wood,korean,,코로고,localization/korean/hub_names_l_korean.yml,2859,hub,false,STATE_IVORY_COAST,코로고
HUB_NAME_STATE_VOLTA_city,korean,,와가두구,localization/korean/hub_names_l_korean.yml,2860,hub,false,STATE_VOLTA,와가두구
HUB_NAME_STATE_VOLTA_mine,korean,,쿠두구,localization/korean/hub_names_l_korean.yml,2861,hub,false,STATE_VOLTA,쿠두구
HUB_NAME_STATE_VOLTA_farm,korean,,솔렌조,localization/korean/hub_names_l_korean.yml,2862,hub,false,STATE_VOLTA,솔렌조
HUB_NAME_STATE_VOLTA_wood,korean,,시아,localization/korean/hub_names_l_korean.yml,2863,hub,false,STATE_VOLTA,시아
HUB_NAME_STATE_EASTERN_MALI_city,korean,,시카소,localization/korean/hub_names_l_korean.yml,2864,hub,false,STATE_EASTERN_MALI,시카소
HUB_NAME_STATE_EASTERN_MALI_mine,korean,,모프티,localization/korean/hub_names_l_korean.yml,2865,hub,false,STATE_EASTERN_MALI,모프티
HUB_NAME_STATE_EASTERN_MALI_farm,korean,,세구,localization/korean/hub_names_l_korean.yml,2866,hub,false,STATE_EASTERN_MALI,세구
HUB_NAME_STATE_EASTERN_MALI_wood,korean,,쿠티알라,localization/korean/hub_names_l_korean.yml,2867,hub,false,STATE_EASTERN_MALI,쿠티알라
HUB_NAME_STATE_WESTERN_MALI_city,korean,,카예스,localization/korean/hub_names_l_korean.yml,2868,hub,false,STATE_WESTERN_MALI,카예스
HUB_NAME_STATE_WESTERN_MALI_mine,korean,,쿨리코로,localization/korean/hub_names_l_korean.yml,2869,hub,false,STATE_WESTERN_MALI,쿨리코로
HUB_NAME_STATE_WESTERN_MALI_farm,korean,,바마코,localization/korean/hub_names_l_korean.yml,2870,hub,false,STATE_WESTERN_MALI,바마코
HUB_NAME_STATE_WESTERN_MALI_wood,korean,,키타,localization/korean/hub_names_l_korean.yml,2871,hub,false,STATE_WESTERN_MALI,키타
HUB_NAME_STATE_SENEGAL_city,korean,,세인트루이스,localization/korean/hub_names_l_korean.yml,2872,hub,false,STATE_SENEGAL,세인트루이스
HUB_NAME_STATE_SENEGAL_port,korean,,은다카루,localization/korean/hub_names_l_korean.yml,2873,hub,false,STATE_SENEGAL,은다카루
HUB_NAME_STATE_SENEGAL_mine,korean,,티스,localization/korean/hub_names_l_korean.yml,2874,hub,false,STATE_SENEGAL,티스
HUB_NAME_STATE_SENEGAL_farm,korean,,카올라크,localization/korean/hub_names_l_korean.yml,2875,hub,false,STATE_SENEGAL,카올라크
HUB_NAME_STATE_SENEGAL_wood,korean,,마탐,localization/korean/hub_names_l_korean.yml,2876,hub,false,STATE_SENEGAL,마탐
HUB_NAME_STATE_GAMBIA_city,korean,,지긴쇼르,localization/korean/hub_names_l_korean.yml,2877,hub,false,STATE_GAMBIA,지긴쇼르
HUB_NAME_STATE_GAMBIA_port,korean,,배서스트,localization/korean/hub_names_l_korean.yml,2878,hub,false,STATE_GAMBIA,배서스트
HUB_NAME_STATE_GAMBIA_mine,korean,,탐바쿤다,localization/korean/hub_names_l_korean.yml,2879,hub,false,STATE_GAMBIA,탐바쿤다
HUB_NAME_STATE_GAMBIA_farm,korean,,비그노나,localization/korean/hub_names_l_korean.yml,2880,hub,false,STATE_GAMBIA,비그노나
HUB_NAME_STATE_GAMBIA_wood,korean,,케두구,localization/korean/hub_names_l_korean.yml,2881,hub,false,STATE_GAMBIA,케두구
HUB_NAME_STATE_GUINEA_city,korean,,킨디아,localization/korean/hub_names_l_korean.yml,2882,hub,false,STATE_GUINEA,킨디아
HUB_NAME_STATE_GUINEA_port,korean,,코나크리,localization/korean/hub_names_l_korean.yml,2883,hub,false,STATE_GUINEA,코나크리
HUB_NAME_STATE_GUINEA_mine,korean,,라베,localization/korean/hub_names_l_korean.yml,2884,hub,false,STATE_GUINEA,라베
HUB_NAME_STATE_GUINEA_farm,korean,,보케,localization/korean/hub_names_l_korean.yml,2885,hub,false,STATE_GUINEA,보케
HUB_NAME_STATE_GUINEA_wood,korean,,칸칸,localization/korean/hub_names_l_korean.yml,2886,hub,false,STATE_GUINEA,칸칸
HUB_NAME_STATE_SIERRA_LEONE_city,korean,,케네마,localization/korean/hub_names_l_korean.yml,2887,hub,false,STATE_SIERRA_LEONE,케네마
HUB_NAME_STATE_SIERRA_LEONE_port,korean,,프리타운,localization/korean/hub_names_l_korean.yml,2888,hub,false,STATE_SIERRA_LEONE,프리타운
HUB_NAME_STATE_SIERRA_LEONE_mine,korean,,카발라,localization/korean/hub_names_l_korean.yml,2889,hub,false,STATE_SIERRA_LEONE,카발라
HUB_NAME_STATE_SIERRA_LEONE_farm,korean,,마케니,localization/korean/hub_names_l_korean.yml,2890,hub,false,STATE_SIERRA_LEONE,마케니
HUB_NAME_STATE_SIERRA_LEONE_wood,korean,,옌게마,localization/korean/hub_names_l_korean.yml,2891,hub,false,STATE_SIERRA_LEONE,옌게마
HUB_NAME_STATE_LIBERIA_city,korean,,주에드루,localization/korean/hub_names_l_korean.yml,2892,hub,false,STATE_LIBERIA,주에드루
HUB_NAME_STATE_LIBERIA_port,korean,,몬로비아,localization/korean/hub_names_l_korean.yml,2893,hub,false,STATE_LIBERIA,몬로비아
HUB_NAME_STATE_LIBERIA_mine,korean,,사니켈리에,localization/korean/hub_names_l_korean.yml,2894,hub,false,STATE_LIBERIA,사니켈리에
HUB_NAME_STATE_LIBERIA_farm,korean,,그바릉가,localization/korean/hub_names_l_korean.yml,2895,hub,false,STATE_LIBERIA,그바릉가
HUB_NAME_STATE_LIBERIA_wood,korean,,그린빌,localization/korean/hub_names_l_korean.yml,2896,hub,false,STATE_LIBERIA,그린빌
HUB_NAME_STATE_WINDWARD_COAST_city,korean,,달로아,localization/korean/hub_names_l_korean.yml,2897,hub,false,STATE_WINDWARD_COAST,달로아
HUB_NAME_STATE_WINDWARD_COAST_port,korean,,사산드라,localization/korean/hub_names_l_korean.yml,2898,hub,false,STATE_WINDWARD_COAST,사산드라
HUB_NAME_STATE_WINDWARD_COAST_mine,korean,,오딘네,localization/korean/hub_names_l_korean.yml,2899,hub,false,STATE_WINDWARD_COAST,오딘네
HUB_NAME_STATE_WINDWARD_COAST_farm,korean,,데퀘,localization/korean/hub_names_l_korean.yml,2900,hub,false,STATE_WINDWARD_COAST,데퀘
HUB_NAME_STATE_WINDWARD_COAST_wood,korean,,수브레,localization/korean/hub_names_l_korean.yml,2901,hub,false,STATE_WINDWARD_COAST,수브레
HUB_NAME_STATE_CANARY_ISLANDS_city,korean,,산타 크루스 데 테네리페,localization/korean/hub_names_l_korean.yml,2902,hub,false,STATE_CANARY_ISLANDS,산타 크루스 데 테네리페
HUB_NAME_STATE_CANARY_ISLANDS_port,korean,,코스타 아데헤,localization/korean/hub_names_l_korean.yml,2903,hub,false,STATE_CANARY_ISLANDS,코스타 아데헤
HUB_NAME_STATE_CANARY_ISLANDS_mine,korean,,푸에르토 델 로사리오,localization/korean/hub_names_l_korean.yml,2904,hub,false,STATE_CANARY_ISLANDS,푸에르토 델 로사리오
HUB_NAME_STATE_CANARY_ISLANDS_farm,korean,,텔데,localization/korean/hub_names_l_korean.yml,2905,hub,false,STATE_CANARY_ISLANDS,텔데
HUB_NAME_STATE_CANARY_ISLANDS_wood,korean,,아레시페,localization/korean/hub_names_l_korean.yml,2906,hub,false,STATE_CANARY_ISLANDS,아레시페
HUB_NAME_STATE_MADEIRA_city,korean,,빌라 발레이라,localization/korean/hub_names_l_korean.yml,2907,hub,false,STATE_MADEIRA,빌라 발레이라
HUB_NAME_STATE_MADEIRA_port,korean,,푼샬,localization/korean/hub_names_l_korean.yml,2908,hub,false,STATE_MADEIRA,푼샬
HUB_NAME_STATE_MADEIRA_farm,korean,,포르토 모니스,localization/korean/hub_names_l_korean.yml,2909,hub,false,STATE_MADEIRA,포르토 모니스
STATE_DYUELRONIAH_SEA,korean,0,듀엘로니아 해,localization/korean/map/seas_l_korean.yml,3,state,true,,듀엘로니아 해
STATE_HAILRIXH_SEA,korean,0,하일리스 해,localization/korean/map/seas_l_korean.yml,4,state,true,,하일리스 해
STATE_GRIENDH_SEA,korean,0,그리엔드 해,localization/korean/map/seas_l_korean.yml,5,state,true,,그리엔드 해
STATE_WEST_RAVANT_SEA,korean,0,서부 레반트 해역,localization/korean/map/seas_l_korean.yml,6,state,true,,서부 레반트 해역
STATE_MIDDLE_RAVANT_SEA,korean,0,중부 레반트 해역,localization/korean/map/seas_l_korean.yml,7,state,true,,중부 레반트 해역
STATE_EAST_RAVANT_SEA,korean,0,동부 레반트 해역,localization/korean/map/seas_l_korean.yml,8,state,true,,동부 레반트 해역
STATE_RUSLRANIAH_SEA,korean,0,루슬라니아 해,localization/korean/map/seas_l_korean.yml,9,state,true,,루슬라니아 해
STATE_VERTZEAH_SEA,korean,0,베르테아 해,localization/korean/map/seas_l_korean.yml,10,state,true,,베르테아 해
STATE_ASFELRANIAH_SEA,korean,0,아스펠라니아 해,localization/korean/map/seas_l_korean.yml,11,state,true,,아스펠라니아 해
STATE_INSTANCZATH_SEA,korean,0,인스탄차트 해,localization/korean/map/seas_l_korean.yml,12,state,true,,인스탄차트 해
STATE_ROUNANTS_CHANNEL,korean,0,로우난츠 해협,localization/korean/map/seas_l_korean.yml,13,state,true,,로우난츠 해협
STATE_INNANTS_CHANNEL,korean,0,인난츠 해협,localization/korean/map/seas_l_korean.yml,14,state,true,,인난츠 해협
STATE_AKYUVAH_INNER_SEA,korean,0,아큐바 내해,localization/korean/map/seas_l_korean.yml,15,state,true,,아큐바 내해
STATE_ROTONTO_SEA,korean,0,로톤토 해,localization/korean/map/seas_l_korean.yml,16,state,true,,로톤토 해
STATE_SEOHAN_SEA,korean,0,서한 해,localization/korean/map/seas_l_korean.yml,17,state,true,,서한 해
STATE_NAMHAN_SEA,korean,0,남한 해,localization/korean/map/seas_l_korean.yml,18,state,true,,남한 해
STATE_DONGHAN_SEA,korean,0,동한 해,localization/korean/map/seas_l_korean.yml,19,state,true,,동한 해
STATE_GARTEN_CHANNEL,korean,0,가르텐 해협,localization/korean/map/seas_l_korean.yml,20,state,true,,가르텐 해협
STATE_INSTOLTS_CHANNEL,korean,0,인스톨츠 해협,localization/korean/map/seas_l_korean.yml,21,state,true,,인스톨츠 해협
STATE_KOVELRAVAHN_CHANNEL,korean,0,코벨라반 해협,localization/korean/map/seas_l_korean.yml,22,state,true,,코벨라반 해협
STATE_AIPANTEGIYUEM_SEA,korean,0,아이판테기움 해,localization/korean/map/seas_l_korean.yml,23,state,true,,아이판테기움 해
STATE_AKANPACZATAH_SEA,korean,0,아카파차타흐 해,localization/korean/map/seas_l_korean.yml,24,state,true,,아카파차타흐 해
STATE_INDALRONIAH_SEA,korean,0,인달로니아 해,localization/korean/map/seas_l_korean.yml,25,state,true,,인달로니아 해
STATE_EVELRANTO_SEA,korean,0,에벨란토 해,localization/korean/map/seas_l_korean.yml,26,state,true,,에벨란토 해
STATE_SEOGYEONG_BAY,korean,0,서경 만,localization/korean/map/seas_l_korean.yml,27,state,true,,서경 만
STATE_ANTONIUXH_SEA,korean,0,안토니우스 해,localization/korean/map/seas_l_korean.yml,28,state,true,,안토니우스 해
STATE_SAVHRAH_SEA,korean,0,사브라 해,localization/korean/map/seas_l_korean.yml,29,state,true,,사브라 해
STATE_KARVALRANDORH_SEA,korean,0,카르발란도르 해,localization/korean/map/seas_l_korean.yml,30,state,true,,카르발란도르 해
STATE_RAIXHPANTEGIYUEM_SEA,korean,0,라이스판테기움 해,localization/korean/map/seas_l_korean.yml,31,state,true,,라이스판테기움 해
STATE_KIYELRAVHDAH_SEA,korean,0,키옐라브다 해,localization/korean/map/seas_l_korean.yml,32,state,true,,키옐라브다 해
STATE_KANTAVHRELRAH_SEA,korean,0,칸타브렐라 해,localization/korean/map/seas_l_korean.yml,33,state,true,,칸타브렐라 해
STATE_OVHRAN_KAERONIAN_SEA,korean,0,오브란 카에로니안 해,localization/korean/map/seas_l_korean.yml,34,state,true,,오브란 카에로니안 해
STATE_KARLRONTH_SEA,korean,0,카를론트 해,localization/korean/map/seas_l_korean.yml,35,state,true,,카를론트 해
STATE_SEISIPHRANTH_SEA,korean,0,세이시프란트 해,localization/korean/map/seas_l_korean.yml,36,state,true,,세이시프란트 해
STATE_OVHRELTZRUHN_SEA,korean,0,오브렐츠룬 해,localization/korean/map/seas_l_korean.yml,37,state,true,,오브렐츠룬 해
STATE_VEST_DEXHPLRANKA_SEA,korean,0,베스트 데스플랑카 해,localization/korean/map/seas_l_korean.yml,38,state,true,,베스트 데스플랑카 해
STATE_SOVIENDERH_INNER_SEA,korean,0,소비엔데르 내해,localization/korean/map/seas_l_korean.yml,39,state,true,,소비엔데르 내해
STATE_AUS_DEXHPLRANKA_SEA,korean,0,아우스 데스플랑카 해,localization/korean/map/seas_l_korean.yml,40,state,true,,아우스 데스플랑카 해
STATE_ZAUFENTH_YURHKHVIAH_SEA,korean,0,자우펜트 유르크비아 해,localization/korean/map/seas_l_korean.yml,41,state,true,,자우펜트 유르크비아 해
STATE_ENDOXHINIUS_SEA,korean,0,엔도시니우스 해,localization/korean/map/seas_l_korean.yml,42,state,true,,엔도시니우스 해
STATE_OVIENDERH_SEA,korean,0,오비엔데르 해,localization/korean/map/seas_l_korean.yml,43,state,true,,오비엔데르 해
STATE_SHURELRIANTZ_SEA,korean,0,슈렐리안츠 해,localization/korean/map/seas_l_korean.yml,44,state,true,,슈렐리안츠 해
STATE_OSTEN_YURHKHVIAH_SEA,korean,0,오스텐 유르크비아 해,localization/korean/map/seas_l_korean.yml,45,state,true,,오스텐 유르크비아 해
STATE_VELRONIANTH_SEA,korean,0,벨로니안트 해,localization/korean/map/seas_l_korean.yml,46,state,true,,벨로니안트 해
STATE_ZERNINVELRASHITZI_SEA,korean,0,제르닌벨라시치 해,localization/korean/map/seas_l_korean.yml,47,state,true,,제르닌벨라시치 해
STATE_ZEIPALRANKAH_SEA,korean,0,제이팔랑카 해,localization/korean/map/seas_l_korean.yml,48,state,true,,제이팔랑카 해
STATE_KALRUNIAH_INNER_SEA,korean,0,칼루니아 내해,localization/korean/map/seas_l_korean.yml,49,state,true,,칼루니아 내해
STATE_CZENTRAL_YURITEIXHEN_SEA,korean,0,첸트랄 유리테이셴 해,localization/korean/map/seas_l_korean.yml,50,state,true,,첸트랄 유리테이셴 해
STATE_IKOUVANTATZ_SEA,korean,0,이코우반타츠 해,localization/korean/map/seas_l_korean.yml,51,state,true,,이코우반타츠 해
STATE_SHUREIKAHN_SEA,korean,0,슈레이칸 해,localization/korean/map/seas_l_korean.yml,52,state,true,,슈레이칸 해
STATE_RILRAITH_SEA,korean,0,릴라이트 해,localization/korean/map/seas_l_korean.yml,53,state,true,,릴라이트 해
STATE_OSPVAHN_SEA,korean,0,오스프반 해,localization/korean/map/seas_l_korean.yml,54,state,true,,오스프반 해
STATE_RARHELIYA,korean,0,라르헬리야,localization/korean/map/states_l_korean.yml,4,state,true,,라르헬리야
STATE_RYUVLROCZEAH,korean,0,류블로쳬아,localization/korean/map/states_l_korean.yml,5,state,true,,류블로쳬아
STATE_AKTYVANA,korean,0,엑티바나,localization/korean/map/states_l_korean.yml,6,state,true,,엑티바나
STATE_HAILREIYUEM,korean,0,하일레이움,localization/korean/map/states_l_korean.yml,7,state,true,,하일레이움
STATE_KAELRINIAH,korean,0,카엘리니아,localization/korean/map/states_l_korean.yml,8,state,true,,카엘리니아
STATE_EKKELRINVERKH,korean,0,엑켈린베르크,localization/korean/map/states_l_korean.yml,9,state,true,,엑켈린베르크
STATE_EKKENXHIYUEM,korean,0,엑켄시움,localization/korean/map/states_l_korean.yml,10,state,true,,엑켄시움
STATE_INXHIYUEM,korean,0,인시움,localization/korean/map/states_l_korean.yml,11,state,true,,인시움
STATE_RELRAVHRINTH,korean,0,렐라브린트,localization/korean/map/states_l_korean.yml,12,state,true,,렐라브린트
STATE_ARIVH,korean,0,아리브,localization/korean/map/states_l_korean.yml,13,state,true,,아리브
STATE_INXHELRIYUEM_ATHVANH,korean,0,인셀리움-아트바나,localization/korean/map/states_l_korean.yml,14,state,true,,인셀리움-아트바나
STATE_RUVELRINION,korean,0,루벨리니온,localization/korean/map/states_l_korean.yml,15,state,true,,루벨리니온
STATE_YUSELRENEYUEM,korean,0,유셀레네움,localization/korean/map/states_l_korean.yml,16,state,true,,유셀레네움
STATE_RISVOAH,korean,0,리스보아,localization/korean/map/states_l_korean.yml,17,state,true,,리스보아
STATE_AXHTELRANTH,korean,0,아스텔란트,localization/korean/map/states_l_korean.yml,18,state,true,,아스텔란트
STATE_AHALRANENTH,korean,0,아할라넨트,localization/korean/map/states_l_korean.yml,19,state,true,,아할라넨트
STATE_KARFALRANTH,korean,0,카르팔란트,localization/korean/map/states_l_korean.yml,20,state,true,,카르팔란트
STATE_TOTARANTH,korean,0,토타란트,localization/korean/map/states_l_korean.yml,21,state,true,,토타란트
STATE_RAXHVELRANYA,korean,0,라스벨라냐,localization/korean/map/states_l_korean.yml,22,state,true,,라스벨라냐
STATE_ISVELRIYA,korean,0,이스벨리야,localization/korean/map/states_l_korean.yml,23,state,true,,이스벨리야
STATE_RIARHTO,korean,0,리아르토,localization/korean/map/states_l_korean.yml,24,state,true,,리아르토
STATE_KAFHVELRIYA,korean,0,카프벨리야,localization/korean/map/states_l_korean.yml,25,state,true,,카프벨리야
STATE_IOHNITH,korean,0,이오니트,localization/korean/map/states_l_korean.yml,26,state,true,,이오니트
STATE_PIYERHTO,korean,0,피예르토,localization/korean/map/states_l_korean.yml,27,state,true,,피예르토
STATE_NIXHTSELRANTH,korean,0,니스첼란트,localization/korean/map/states_l_korean.yml,28,state,true,,니스첼란트
STATE_AVHTSELANTH,korean,0,아브첼란트,localization/korean/map/states_l_korean.yml,29,state,true,,아브첼란트
STATE_RUTOTORIYUEM,korean,0,루토토리움,localization/korean/map/states_l_korean.yml,30,state,true,,루토토리움
STATE_KUPALHACZAL,korean,0,쿠팔하찰,localization/korean/map/states_l_korean.yml,31,state,true,,쿠팔하찰
STATE_SHUTHFAL,korean,0,슈트팔,localization/korean/map/states_l_korean.yml,32,state,true,,슈트팔
STATE_KAMPFCZAL,korean,0,캄프찰,localization/korean/map/states_l_korean.yml,33,state,true,,캄프찰
STATE_SEPLFARIYUEM,korean,0,세플파리움,localization/korean/map/states_l_korean.yml,34,state,true,,세플파리움
STATE_IVELRELRANTH,korean,0,이벨렐란트,localization/korean/map/states_l_korean.yml,35,state,true,,이벨렐란트
STATE_INNANXHIYUEM,korean,0,인난시움,localization/korean/map/states_l_korean.yml,36,state,true,,인난시움
STATE_OVELRAXHIYUEM,korean,0,오벨라시움,localization/korean/map/states_l_korean.yml,37,state,true,,오벨라시움
STATE_ROTELRANTH,korean,0,로텔란트,localization/korean/map/states_l_korean.yml,38,state,true,,로텔란트
STATE_KARIXHUSH,korean,0,카리슈스,localization/korean/map/states_l_korean.yml,39,state,true,,카리슈스
STATE_AKALRIXHIYUEM,korean,0,아칼리시움,localization/korean/map/states_l_korean.yml,40,state,true,,아칼리시움
STATE_AVAROXH,korean,0,아바로스,localization/korean/map/states_l_korean.yml,41,state,true,,아바로스
STATE_KERIVIXH,korean,0,케리비스,localization/korean/map/states_l_korean.yml,42,state,true,,케리비스
STATE_VILRUNIAH,korean,0,빌루니아,localization/korean/map/states_l_korean.yml,43,state,true,,빌루니아
STATE_RERUHNIAH,korean,0,레루니아,localization/korean/map/states_l_korean.yml,44,state,true,,레루니아
STATE_RUNACZAL,korean,0,루나찰,localization/korean/map/states_l_korean.yml,45,state,true,,루나찰
STATE_SATALRONIAH,korean,0,사탈로니아,localization/korean/map/states_l_korean.yml,46,state,true,,사탈로니아
STATE_RUTALRONIAH,korean,0,루탈로니아,localization/korean/map/states_l_korean.yml,47,state,true,,루탈로니아
STATE_KAPHAZIAH,korean,0,캅하지아,localization/korean/map/states_l_korean.yml,48,state,true,,캅하지아
STATE_KEILRAYA,korean,0,케일라야,localization/korean/map/states_l_korean.yml,49,state,true,,케일라야
STATE_SCHUVELRUNAHN,korean,0,슈벨루난,localization/korean/map/states_l_korean.yml,50,state,true,,슈벨루난
STATE_SAVALRANAH,korean,0,사발라나,localization/korean/map/states_l_korean.yml,51,state,true,,사발라나
STATE_YUVALRIOTH,korean,0,유발리오트,localization/korean/map/states_l_korean.yml,52,state,true,,유발리오트
STATE_ROFOPELRIYA,korean,0,로포펠리야,localization/korean/map/states_l_korean.yml,53,state,true,,로포펠리야
STATE_SCHUTELRANTH,korean,0,슈텔란트,localization/korean/map/states_l_korean.yml,54,state,true,,슈텔란트
STATE_KUKELRITS,korean,0,쿠켈리츠,localization/korean/map/states_l_korean.yml,55,state,true,,쿠켈리츠
STATE_RIVHRANENTH,korean,0,리브라넨트,localization/korean/map/states_l_korean.yml,56,state,true,,리브라넨트
STATE_XHEIMVHRANTH,korean,0,셰임브란트,localization/korean/map/states_l_korean.yml,57,state,true,,셰임브란트
STATE_EKKELRIYUEM,korean,0,엑켈리움,localization/korean/map/states_l_korean.yml,58,state,true,,엑켈리움
STATE_RAVANENTH,korean,0,라바넨트,localization/korean/map/states_l_korean.yml,59,state,true,,라바넨트
STATE_IKELRITS,korean,0,이켈리츠,localization/korean/map/states_l_korean.yml,60,state,true,,이켈리츠
STATE_AIXHTETS,korean,0,아이스테츠,localization/korean/map/states_l_korean.yml,61,state,true,,아이스테츠
STATE_KAXHTETS,korean,0,카스테츠,localization/korean/map/states_l_korean.yml,62,state,true,,카스테츠
STATE_OSTER,korean,0,오스테르,localization/korean/map/states_l_korean.yml,63,state,true,,오스테르
STATE_RIENHAIM,korean,0,리엔하임,localization/korean/map/states_l_korean.yml,64,state,true,,리엔하임
STATE_AHELRONIAH,korean,0,아헬로니아,localization/korean/map/states_l_korean.yml,65,state,true,,아헬로니아
STATE_KAVHRITH,korean,0,카바리트,localization/korean/map/states_l_korean.yml,66,state,true,,카바리트
STATE_RIHIZERTH,korean,0,리히제르트,localization/korean/map/states_l_korean.yml,67,state,true,,리히제르트
STATE_HIKANTITS,korean,0,히칸티츠,localization/korean/map/states_l_korean.yml,68,state,true,,히칸티츠
STATE_SOIVETS,korean,0,소이베츠,localization/korean/map/states_l_korean.yml,69,state,true,,소이베츠
STATE_AYUTH,korean,0,아유트,localization/korean/map/states_l_korean.yml,70,state,true,,아유트
STATE_REFANTH,korean,0,레판트,localization/korean/map/states_l_korean.yml,71,state,true,,레판트
STATE_AFANXHINIAH,korean,0,아판시니아,localization/korean/map/states_l_korean.yml,72,state,true,,아판시니아
STATE_AINENXHIYUEM,korean,0,아인엔시움,localization/korean/map/states_l_korean.yml,73,state,true,,아인엔시움
STATE_ILRIRIYUEM,korean,0,일리리움,localization/korean/map/states_l_korean.yml,74,state,true,,일리리움
STATE_YUELRIXHIYUEM,korean,0,유엘리시움,localization/korean/map/states_l_korean.yml,75,state,true,,유엘리시움
STATE_HEIMVEXH,korean,0,헤임베스,localization/korean/map/states_l_korean.yml,76,state,true,,헤임베스
STATE_HAEXH,korean,0,하에스,localization/korean/map/states_l_korean.yml,77,state,true,,하에스
STATE_RUTHKANA,korean,0,루트카나,localization/korean/map/states_l_korean.yml,78,state,true,,루트카나
STATE_AKAXHINA,korean,0,아카시나,localization/korean/map/states_l_korean.yml,79,state,true,,아카시나
STATE_RYUXHTELRONTH,korean,0,류스텔론트,localization/korean/map/states_l_korean.yml,80,state,true,,류스텔론트
STATE_HAPLRATS,korean,0,하플라츠,localization/korean/map/states_l_korean.yml,81,state,true,,하플라츠
STATE_RAIVATS,korean,0,라이바츠,localization/korean/map/states_l_korean.yml,82,state,true,,라이바츠
STATE_RIVOXH,korean,0,리보스,localization/korean/map/states_l_korean.yml,83,state,true,,리보스
STATE_KIYEFELROTS,korean,0,키예펠로츠,localization/korean/map/states_l_korean.yml,84,state,true,,키예펠로츠
STATE_IKELROTS,korean,0,이켈로츠,localization/korean/map/states_l_korean.yml,85,state,true,,이켈로츠
STATE_ANNERXH,korean,0,안네르스,localization/korean/map/states_l_korean.yml,86,state,true,,안네르스
STATE_KARFELRANIAH,korean,0,카르펠라니아,localization/korean/map/states_l_korean.yml,87,state,true,,카르펠라니아
STATE_RIXHRANTH,korean,0,리스란트,localization/korean/map/states_l_korean.yml,88,state,true,,리스란트
STATE_KRAMXHUTH,korean,0,크람슈트,localization/korean/map/states_l_korean.yml,89,state,true,,크람슈트
STATE_AKANXHINEYUEM,korean,0,아칸시네움,localization/korean/map/states_l_korean.yml,90,state,true,,아칸시네움
STATE_RIOHYUXH,korean,0,리오휴스,localization/korean/map/states_l_korean.yml,91,state,true,,리오휴스
STATE_RIODERANTE,korean,0,리오데란테,localization/korean/map/states_l_korean.yml,92,state,true,,리오데란테
STATE_RANTATS,korean,0,란타츠,localization/korean/map/states_l_korean.yml,93,state,true,,란타츠
STATE_RIASUXH,korean,0,리아수스,localization/korean/map/states_l_korean.yml,94,state,true,,리아수스
STATE_AXTOLTS,korean,0,아스톨츠,localization/korean/map/states_l_korean.yml,95,state,true,,아스톨츠
STATE_RAXHINITH,korean,0,라시니트,localization/korean/map/states_l_korean.yml,96,state,true,,라시니트
STATE_HAVANERA,korean,0,하바네라,localization/korean/map/states_l_korean.yml,97,state,true,,하바네라
STATE_RUSTANCZAH,korean,0,루스탄차,localization/korean/map/states_l_korean.yml,98,state,true,,루스탄차
STATE_AKAVANAH,korean,0,아카바나,localization/korean/map/states_l_korean.yml,99,state,true,,아카바나
STATE_AISPATS,korean,0,아이스파츠,localization/korean/map/states_l_korean.yml,100,state,true,,아이스파츠
STATE_KAIVAH,korean,0,카이바,localization/korean/map/states_l_korean.yml,101,state,true,,카이바
STATE_ROXH_AQUITENTS,korean,0,로스-아퀴텐츠,localization/korean/map/states_l_korean.yml,102,state,true,,로스-아퀴텐츠
STATE_RIYUTS,korean,0,리유츠,localization/korean/map/states_l_korean.yml,103,state,true,,리유츠
STATE_OTS,korean,0,오츠,localization/korean/map/states_l_korean.yml,104,state,true,,오츠
STATE_IOTS,korean,0,이오츠,localization/korean/map/states_l_korean.yml,105,state,true,,이오츠
STATE_KIPENTS,korean,0,키펜츠,localization/korean/map/states_l_korean.yml,106,state,true,,키펜츠
STATE_KAROTA,korean,0,카로타,localization/korean/map/states_l_korean.yml,107,state,true,,카로타
STATE_KIOTS,korean,0,키오츠,localization/korean/map/states_l_korean.yml,108,state,true,,키오츠
STATE_SEVILRUXH,korean,0,세빌루스,localization/korean/map/states_l_korean.yml,109,state,true,,세빌루스
STATE_NIUXH,korean,0,니우스,localization/korean/map/states_l_korean.yml,110,state,true,,니우스
STATE_KAOTS,korean,0,카오츠,localization/korean/map/states_l_korean.yml,111,state,true,,카오츠
STATE_YEIL,korean,0,예일,localization/korean/map/states_l_korean.yml,112,state,true,,예일
STATE_KRANHEXH,korean,0,크란헤스,localization/korean/map/states_l_korean.yml,113,state,true,,크란헤스
STATE_SAILRETS,korean,0,사일레츠,localization/korean/map/states_l_korean.yml,114,state,true,,사일레츠
STATE_XHEVHRANTH,korean,0,셰브란트,localization/korean/map/states_l_korean.yml,115,state,true,,셰브란트
STATE_RANKAXH,korean,0,란카스,localization/korean/map/states_l_korean.yml,116,state,true,,란카스
STATE_SAOLRITS,korean,0,사올리츠,localization/korean/map/states_l_korean.yml,117,state,true,,사올리츠
STATE_SPELRITS,korean,0,스펠리츠,localization/korean/map/states_l_korean.yml,118,state,true,,스펠리츠
STATE_RIVONETS,korean,0,리보네츠,localization/korean/map/states_l_korean.yml,119,state,true,,리보네츠
STATE_AIN_HEXH,korean,0,아인-헤스,localization/korean/map/states_l_korean.yml,120,state,true,,아인-헤스
STATE_KIEXH,korean,0,키에스,localization/korean/map/states_l_korean.yml,121,state,true,,키에스
STATE_YARESLRAVL,korean,0,야레슬라블,localization/korean/map/states_l_korean.yml,122,state,true,,야레슬라블
STATE_MIXH,korean,0,미스,localization/korean/map/states_l_korean.yml,123,state,true,,미스
STATE_AUXTHREH,korean,0,아우스트레,localization/korean/map/states_l_korean.yml,124,state,true,,아우스트레
STATE_SEINVL,korean,0,세인블,localization/korean/map/states_l_korean.yml,125,state,true,,세인블
STATE_RIXH,korean,0,리스,localization/korean/map/states_l_korean.yml,126,state,true,,리스
STATE_HAIOXH,korean,0,하이오스,localization/korean/map/states_l_korean.yml,127,state,true,,하이오스
STATE_HEYELRITS,korean,0,헤옐리츠,localization/korean/map/states_l_korean.yml,128,state,true,,헤옐리츠
STATE_SIYELRITS,korean,0,시옐리츠,localization/korean/map/states_l_korean.yml,129,state,true,,시옐리츠
STATE_AVHAJYAEL,korean,0,아브하쟈엘,localization/korean/map/states_l_korean.yml,130,state,true,,아브하쟈엘
STATE_ELRIVL,korean,0,엘리블,localization/korean/map/states_l_korean.yml,131,state,true,,엘리블
STATE_HEINPAXH,korean,0,헤인파스,localization/korean/map/states_l_korean.yml,132,state,true,,헤인파스
STATE_RAFAELRANTH,korean,0,라파엘란트,localization/korean/map/states_l_korean.yml,133,state,true,,라파엘란트
STATE_RIOXHUTATH,korean,0,리오슈타트,localization/korean/map/states_l_korean.yml,134,state,true,,리오슈타트
STATE_RANPATCZAN,korean,0,란파트찬,localization/korean/map/states_l_korean.yml,135,state,true,,란파트찬
STATE_IKILRONTH,korean,0,이킬론트,localization/korean/map/states_l_korean.yml,136,state,true,,이킬론트
STATE_GEKELRITH,korean,0,게켈리트,localization/korean/map/states_l_korean.yml,137,state,true,,게켈리트
STATE_OSTATH,korean,0,오스타트,localization/korean/map/states_l_korean.yml,138,state,true,,오스타트
STATE_RITOELRANTH,korean,0,리토엘란트,localization/korean/map/states_l_korean.yml,139,state,true,,리토엘란트
STATE_IKIVANTS,korean,0,이키반츠,localization/korean/map/states_l_korean.yml,140,state,true,,이키반츠
STATE_XHIVELRHTO,korean,0,시벨르토,localization/korean/map/states_l_korean.yml,141,state,true,,시벨르토
STATE_RUTELRINVERKH,korean,0,루텔린베르크,localization/korean/map/states_l_korean.yml,142,state,true,,루텔린베르크
STATE_RYUVAXHTELRANTH,korean,0,류바스텔란트,localization/korean/map/states_l_korean.yml,143,state,true,,류바스텔란트
STATE_KAVARANTH,korean,0,카바란트,localization/korean/map/states_l_korean.yml,144,state,true,,카바란트
STATE_RIVELRANTH,korean,0,리벨란트,localization/korean/map/states_l_korean.yml,145,state,true,,리벨란트
STATE_OSTRANTH,korean,0,오스트란트,localization/korean/map/states_l_korean.yml,146,state,true,,오스트란트
STATE_NORTHRANTH,korean,0,노르트란트,localization/korean/map/states_l_korean.yml,147,state,true,,노르트란트
STATE_XHUKELRITH,korean,0,슈켈리트,localization/korean/map/states_l_korean.yml,148,state,true,,슈켈리트
STATE_ANXHTELRANTH,korean,0,안스텔란트,localization/korean/map/states_l_korean.yml,149,state,true,,안스텔란트
STATE_RUTORINVERKH,korean,0,루토린베르크,localization/korean/map/states_l_korean.yml,150,state,true,,루토린베르크
STATE_KANVERKH,korean,0,칸베르크,localization/korean/map/states_l_korean.yml,151,state,true,,칸베르크
STATE_SCHUTHKHVERKH,korean,0,슈트크베르크,localization/korean/map/states_l_korean.yml,152,state,true,,슈트크베르크
STATE_RINOVL,korean,0,리노블,localization/korean/map/states_l_korean.yml,153,state,true,,리노블
STATE_RIOSLRAVL,korean,0,리오슬라블,localization/korean/map/states_l_korean.yml,154,state,true,,리오슬라블
STATE_YUAHELRINTH,korean,0,유아엘린트,localization/korean/map/states_l_korean.yml,155,state,true,,유아엘린트
STATE_NIXHVOAH,korean,0,니스보아,localization/korean/map/states_l_korean.yml,156,state,true,,니스보아
STATE_KAVABOAH,korean,0,카바보아,localization/korean/map/states_l_korean.yml,157,state,true,,카바보아
STATE_INSTELRANTH,korean,0,인스텔란트,localization/korean/map/states_l_korean.yml,158,state,true,,인스텔란트
STATE_AVAXHTANINVERKH,korean,0,아바스타닌베르크,localization/korean/map/states_l_korean.yml,159,state,true,,아바스타닌베르크
STATE_RANELRANTH,korean,0,라넬란트,localization/korean/map/states_l_korean.yml,160,state,true,,라넬란트
STATE_AKAIH,korean,0,아카이,localization/korean/map/states_l_korean.yml,163,state,true,,아카이
STATE_NAHA,korean,0,나하,localization/korean/map/states_l_korean.yml,164,state,true,,나하
STATE_ASTANCZAH,korean,0,아스탄차,localization/korean/map/states_l_korean.yml,165,state,true,,아스탄차
STATE_NEKAINTH,korean,0,네카인트,localization/korean/map/states_l_korean.yml,166,state,true,,네카인트
STATE_KAVAHA,korean,0,카바하,localization/korean/map/states_l_korean.yml,167,state,true,,카바하
STATE_DOHA,korean,0,도하,localization/korean/map/states_l_korean.yml,168,state,true,,도하
STATE_RAVLROXH,korean,0,라블로스,localization/korean/map/states_l_korean.yml,169,state,true,,라블로스
STATE_INRUXH,korean,0,인루스,localization/korean/map/states_l_korean.yml,170,state,true,,인루스
STATE_KAVANEHAM,korean,0,카바네함,localization/korean/map/states_l_korean.yml,171,state,true,,카바네함
STATE_JYANEVL,korean,0,쟈네블,localization/korean/map/states_l_korean.yml,172,state,true,,쟈네블
STATE_SETIVL,korean,0,세티블,localization/korean/map/states_l_korean.yml,173,state,true,,세티블
STATE_EXHHARAM,korean,0,에스하람,localization/korean/map/states_l_korean.yml,174,state,true,,에스하람
STATE_SCHUXHTEHAM,korean,0,슈스테함,localization/korean/map/states_l_korean.yml,175,state,true,,슈스테함
STATE_RIRAEM,korean,0,리라엠,localization/korean/map/states_l_korean.yml,176,state,true,,리라엠
STATE_VAKALRAHAM,korean,0,바칼라함,localization/korean/map/states_l_korean.yml,177,state,true,,바칼라함
STATE_RIODOROH,korean,0,리오도로,localization/korean/map/states_l_korean.yml,178,state,true,,리오도로
STATE_SCHUXHTANVAHA,korean,0,슈스탄바하,localization/korean/map/states_l_korean.yml,179,state,true,,슈스탄바하
STATE_RODHVAHA,korean,0,로드바하,localization/korean/map/states_l_korean.yml,180,state,true,,로드바하
STATE_AVRAEM,korean,0,아브라엠,localization/korean/map/states_l_korean.yml,181,state,true,,아브라엠
STATE_XIOEM,korean,0,시오엠,localization/korean/map/states_l_korean.yml,182,state,true,,시오엠
STATE_INDYUKAEM,korean,0,인듀카엠,localization/korean/map/states_l_korean.yml,183,state,true,,인듀카엠
STATE_NIDOHXHTAVAHA,korean,0,니도스타바하,localization/korean/map/states_l_korean.yml,184,state,true,,니도스타바하
STATE_ILSELVAHA,korean,0,일셀바하,localization/korean/map/states_l_korean.yml,185,state,true,,일셀바하
STATE_AKYUVAH,korean,0,아큐바,localization/korean/map/states_l_korean.yml,186,state,true,,아큐바
STATE_HOVHNAYA,korean,0,호브나야,localization/korean/map/states_l_korean.yml,187,state,true,,호브나야
STATE_ROXHTOEM,korean,0,로스토엠,localization/korean/map/states_l_korean.yml,188,state,true,,로스토엠
STATE_OSTRAHAM,korean,0,오스트라함,localization/korean/map/states_l_korean.yml,189,state,true,,오스트라함
STATE_SIOZUNA,korean,0,시오즈나,localization/korean/map/states_l_korean.yml,190,state,true,,시오즈나
STATE_KAIZUKA,korean,0,카이즈카,localization/korean/map/states_l_korean.yml,191,state,true,,카이즈카
STATE_RUDHGA,korean,0,루드가,localization/korean/map/states_l_korean.yml,192,state,true,,루드가
STATE_IHOTANYA,korean,0,이호타냐,localization/korean/map/states_l_korean.yml,193,state,true,,이호타냐
STATE_RUSTOKA,korean,0,루스토카,localization/korean/map/states_l_korean.yml,194,state,true,,루스토카
STATE_ROTONTANYA,korean,0,로톤타냐,localization/korean/map/states_l_korean.yml,195,state,true,,로톤타냐
STATE_INVOENTAHN,korean,0,인보엔탄,localization/korean/map/states_l_korean.yml,196,state,true,,인보엔탄
STATE_VEIGAH,korean,0,베이가,localization/korean/map/states_l_korean.yml,197,state,true,,베이가
STATE_INTOIGAH,korean,0,인토이가,localization/korean/map/states_l_korean.yml,198,state,true,,인토이가
STATE_RUVAXHZIYEH,korean,0,루바스지예,localization/korean/map/states_l_korean.yml,199,state,true,,루바스지예
STATE_ANXHUNAYA,korean,0,안슈나야,localization/korean/map/states_l_korean.yml,200,state,true,,안슈나야
STATE_OKLRAYA,korean,0,오클라야,localization/korean/map/states_l_korean.yml,201,state,true,,오클라야
STATE_VITHHARALRAYA,korean,0,비트하랄라야,localization/korean/map/states_l_korean.yml,202,state,true,,비트하랄라야
STATE_HARHHARALRAYA,korean,0,하르하랄라야,localization/korean/map/states_l_korean.yml,203,state,true,,하르하랄라야
STATE_SARALRAYA,korean,0,사랄라야,localization/korean/map/states_l_korean.yml,204,state,true,,사랄라야
STATE_ANXHHARALRAYA,korean,0,안스하랄라야,localization/korean/map/states_l_korean.yml,205,state,true,,안스하랄라야
STATE_IDELREVL,korean,0,이델레블,localization/korean/map/states_l_korean.yml,206,state,true,,이델레블
STATE_DONOROVL,korean,0,도노로블,localization/korean/map/states_l_korean.yml,207,state,true,,도노로블
STATE_ASTANIAH,korean,0,아스타니아,localization/korean/map/states_l_korean.yml,208,state,true,,아스타니아
STATE_KIVHSATANIAH,korean,0,키브스타니아,localization/korean/map/states_l_korean.yml,209,state,true,,키브스타니아
STATE_KAMVERN,korean,0,캄베른,localization/korean/map/states_l_korean.yml,210,state,true,,캄베른
STATE_NIDAXHTANYA,korean,0,니다스타냐,localization/korean/map/states_l_korean.yml,211,state,true,,니다스타냐
STATE_YUVELRAHAM,korean,0,유벨라함,localization/korean/map/states_l_korean.yml,212,state,true,,유벨라함
STATE_ONTARAHAM,korean,0,온타라함,localization/korean/map/states_l_korean.yml,213,state,true,,온타라함
STATE_KEMEROVOH,korean,0,케메로보,localization/korean/map/states_l_korean.yml,214,state,true,,케메로보
STATE_ATAPATS,korean,0,아타파츠,localization/korean/map/states_l_korean.yml,215,state,true,,아타파츠
STATE_INSOTS,korean,0,인소츠,localization/korean/map/states_l_korean.yml,216,state,true,,인소츠
STATE_SCHUTOTS,korean,0,슈토츠,localization/korean/map/states_l_korean.yml,217,state,true,,슈토츠
STATE_RIALTOTS,korean,0,리알토츠,localization/korean/map/states_l_korean.yml,218,state,true,,리알토츠
STATE_NIDANEZH,korean,0,니다네즈,localization/korean/map/states_l_korean.yml,219,state,true,,니다네즈
STATE_KOBOREZU,korean,0,코보레즈,localization/korean/map/states_l_korean.yml,220,state,true,,코보레즈
STATE_EVELRIGA,korean,0,에벨리가,localization/korean/map/states_l_korean.yml,221,state,true,,에벨리가
STATE_KIVELRIGA,korean,0,키벨리가,localization/korean/map/states_l_korean.yml,222,state,true,,키벨리가
STATE_ONSTAGA,korean,0,온스타가,localization/korean/map/states_l_korean.yml,223,state,true,,온스타가
STATE_IVOTAGA,korean,0,이보타가,localization/korean/map/states_l_korean.yml,224,state,true,,이보타가
STATE_AKANVERKH,korean,0,아칸베르크,localization/korean/map/states_l_korean.yml,225,state,true,,아칸베르크
STATE_NIDOTENVERKH,korean,0,니도텐베르크,localization/korean/map/states_l_korean.yml,226,state,true,,니도텐베르크
STATE_INSVURKH,korean,0,인스부르크,localization/korean/map/states_l_korean.yml,227,state,true,,인스부르크
STATE_AVHRATANVERKH,korean,0,아브라탄베르크,localization/korean/map/states_l_korean.yml,228,state,true,,아브라탄베르크
STATE_IVELRELVERKH,korean,0,이벨렐베르크,localization/korean/map/states_l_korean.yml,229,state,true,,이벨렐베르크
STATE_XHEVELRIGA,korean,0,셰벨리가,localization/korean/map/states_l_korean.yml,230,state,true,,셰벨리가
STATE_RIVATAGA,korean,0,리바타가,localization/korean/map/states_l_korean.yml,231,state,true,,리바타가
STATE_ATOGA,korean,0,아토가,localization/korean/map/states_l_korean.yml,232,state,true,,아토가
STATE_SCHOXHTAVETS,korean,0,쇼스타베츠,localization/korean/map/states_l_korean.yml,233,state,true,,쇼스타베츠
STATE_EALRYUTS,korean,0,에알류츠,localization/korean/map/states_l_korean.yml,234,state,true,,에알류츠
STATE_NIADAVERN,korean,0,니아다베른,localization/korean/map/states_l_korean.yml,235,state,true,,니아다베른
STATE_ANVERKH,korean,0,안베르크,localization/korean/map/states_l_korean.yml,236,state,true,,안베르크
STATE_INTEVERN,korean,0,인테베른,localization/korean/map/states_l_korean.yml,237,state,true,,인테베른
STATE_INKASCHUXH,korean,0,인카슈스,localization/korean/map/states_l_korean.yml,238,state,true,,인카슈스
STATE_AVARISCHUXH,korean,0,아바리슈스,localization/korean/map/states_l_korean.yml,239,state,true,,아바리슈스
STATE_RIONAXH,korean,0,리오나스,localization/korean/map/states_l_korean.yml,240,state,true,,리오나스
STATE_RINOTHRANTH,korean,0,리노트란트,localization/korean/map/states_l_korean.yml,241,state,true,,리노트란트
STATE_OVOLRORANTH,korean,0,오볼로란트,localization/korean/map/states_l_korean.yml,242,state,true,,오볼로란트
STATE_IVELTHRANTH,korean,0,이벨트란트,localization/korean/map/states_l_korean.yml,243,state,true,,이벨트란트
STATE_RIDONAXH,korean,0,리도나스,localization/korean/map/states_l_korean.yml,244,state,true,,리도나스
STATE_EKONVELRAH,korean,0,에콘벨라,localization/korean/map/states_l_korean.yml,245,state,true,,에콘벨라
STATE_REKANUXH,korean,0,레카누스,localization/korean/map/states_l_korean.yml,248,state,true,,레카누스
STATE_OLXH,korean,0,올스,localization/korean/map/states_l_korean.yml,249,state,true,,올스
STATE_RAVENXH,korean,0,라벤스,localization/korean/map/states_l_korean.yml,250,state,true,,라벤스
STATE_AVANEXH,korean,0,아바네스,localization/korean/map/states_l_korean.yml,251,state,true,,아바네스
STATE_HAILRESCZ,korean,0,하일레스츠,localization/korean/map/states_l_korean.yml,252,state,true,,하일레스츠
STATE_ONDALRAXH,korean,0,온달라스,localization/korean/map/states_l_korean.yml,253,state,true,,온달라스
STATE_KUTSLRANTHVERKH,korean,0,쿠츨란트베르크,localization/korean/map/states_l_korean.yml,254,state,true,,쿠츨란트베르크
STATE_RANDONANVERKH,korean,0,란도난베르크,localization/korean/map/states_l_korean.yml,255,state,true,,란도난베르크
STATE_HELRATARIKTH,korean,0,헬라타릭트,localization/korean/map/states_l_korean.yml,256,state,true,,헬라타릭트
STATE_ODORARIVERKH,korean,0,오도라리베르크,localization/korean/map/states_l_korean.yml,257,state,true,,오도라리베르크
STATE_AISTANVERKH,korean,0,아이스탄베르크,localization/korean/map/states_l_korean.yml,258,state,true,,아이스탄베르크
STATE_KIVELRINVERKH,korean,0,키벨린베르크,localization/korean/map/states_l_korean.yml,259,state,true,,키벨린베르크
STATE_INSCZENVERKH,korean,0,인스첸베르크,localization/korean/map/states_l_korean.yml,260,state,true,,인스첸베르크
STATE_OPOTOLCZVERKH,korean,0,오포톨츠베르크,localization/korean/map/states_l_korean.yml,261,state,true,,오포톨츠베르크
STATE_INXHKAEDAHNTSVERKH,korean,0,인스카에단츠베르크,localization/korean/map/states_l_korean.yml,262,state,true,,인스카에단츠베르크
STATE_ENXHELTEDANTSVERKH,korean,0,엔셀테단츠베르크,localization/korean/map/states_l_korean.yml,263,state,true,,엔셀테단츠베르크
STATE_ONSTANCZAH,korean,0,온스탄차,localization/korean/map/states_l_korean.yml,264,state,true,,온스탄차
STATE_VEHEMELRINVERKH,korean,0,베헤멜린베르크,localization/korean/map/states_l_korean.yml,265,state,true,,베헤멜린베르크
STATE_INTANINGRADH,korean,0,인타닌그라드,localization/korean/map/states_l_korean.yml,266,state,true,,인타닌그라드
STATE_OSTANKRIK,korean,0,오스탄크릭,localization/korean/map/states_l_korean.yml,267,state,true,,오스탄크릭
STATE_MASTANTIYUEM,korean,0,마스탄티움,localization/korean/map/states_l_korean.yml,268,state,true,,마스탄티움
STATE_KUTSENVERKH,korean,0,쿠첸베르크,localization/korean/map/states_l_korean.yml,269,state,true,,쿠첸베르크
STATE_HESLRA,korean,0,헤슬라,localization/korean/map/states_l_korean.yml,270,state,true,,헤슬라
STATE_IKILRARIAH,korean,0,이킬라리아,localization/korean/map/states_l_korean.yml,271,state,true,,이킬라리아
STATE_NEDALRARIAH,korean,0,네달라리아,localization/korean/map/states_l_korean.yml,272,state,true,,네달라리아
STATE_SCHUVELRIYA,korean,0,슈벨리야,localization/korean/map/states_l_korean.yml,273,state,true,,슈벨리야
STATE_OVASTARIAH,korean,0,오바스타리아,localization/korean/map/states_l_korean.yml,274,state,true,,오바스타리아
STATE_INSTOLRIYA,korean,0,인스톨리야,localization/korean/map/states_l_korean.yml,275,state,true,,인스톨리야
STATE_OPELRARIAH,korean,0,오펠라리아,localization/korean/map/states_l_korean.yml,276,state,true,,오펠라리아
STATE_ENDAXHTARIAH,korean,0,엔다스타리아,localization/korean/map/states_l_korean.yml,277,state,true,,엔다스타리아
STATE_KIVHRARIAH,korean,0,키브라리아,localization/korean/map/states_l_korean.yml,278,state,true,,키브라리아
STATE_KAVALRALRIAH,korean,0,카발랄리아,localization/korean/map/states_l_korean.yml,279,state,true,,카발랄리아
STATE_ONSTORARIAH,korean,0,온스토라리아,localization/korean/map/states_l_korean.yml,280,state,true,,온스토라리아
STATE_EXENVELRANTH,korean,0,에센벨란트,localization/korean/map/states_l_korean.yml,281,state,true,,에센벨란트
STATE_IVARTS,korean,0,이바르츠,localization/korean/map/states_l_korean.yml,282,state,true,,이바르츠
STATE_INDALRONIAH,korean,0,인달로니아,localization/korean/map/states_l_korean.yml,283,state,true,,인달로니아
STATE_KRANTANTO,korean,0,크란탄토,localization/korean/map/states_l_korean.yml,284,state,true,,크란탄토
STATE_AIDALRIAH,korean,0,아이달리아,localization/korean/map/states_l_korean.yml,285,state,true,,아이달리아
STATE_HUEVENVERKH,korean,0,후에벤베르크,localization/korean/map/states_l_korean.yml,286,state,true,,후에벤베르크
STATE_KIVHSTOHN,korean,0,키브스톤,localization/korean/map/states_l_korean.yml,287,state,true,,키브스톤
STATE_NIVERNYUTH,korean,0,니베른유트,localization/korean/map/states_l_korean.yml,288,state,true,,니베른유트
STATE_HOVELRICZENTANIAH,korean,0,호벨리첸타니아,localization/korean/map/states_l_korean.yml,289,state,true,,호벨리첸타니아
STATE_AKANPACZATANIAH,korean,0,아칸파차타니아,localization/korean/map/states_l_korean.yml,290,state,true,,아칸파차타니아
STATE_KIUSTANVERKH,korean,0,키우스탄베르크,localization/korean/map/states_l_korean.yml,291,state,true,,키우스탄베르크
STATE_TAIXHVENYA,korean,0,타이스베냐,localization/korean/map/states_l_korean.yml,292,state,true,,타이스베냐
STATE_VELRENGRADH,korean,0,벨렌그라드,localization/korean/map/states_l_korean.yml,293,state,true,,벨렌그라드
STATE_OELRAXHTANIAH,korean,0,오엘라스타니아,localization/korean/map/states_l_korean.yml,294,state,true,,오엘라스타니아
STATE_OBSTENVERKH,korean,0,오브스텐베르크,localization/korean/map/states_l_korean.yml,295,state,true,,오브스텐베르크
STATE_ZAVELRITANVERKH,korean,0,자벨리탄베르크,localization/korean/map/states_l_korean.yml,296,state,true,,자벨리탄베르크
STATE_DETELRINVERKH,korean,0,데텔린베르크,localization/korean/map/states_l_korean.yml,297,state,true,,데텔린베르크
STATE_RITANYUTS,korean,0,리타뉴츠,localization/korean/map/states_l_korean.yml,298,state,true,,리타뉴츠
STATE_TEINENXHIYUEM,korean,0,테인엔시움,localization/korean/map/states_l_korean.yml,299,state,true,,테인엔시움
STATE_OPENXHYUTS,korean,0,오펜스유츠,localization/korean/map/states_l_korean.yml,300,state,true,,오펜스유츠
STATE_VESTAXHIYUEM,korean,0,베스타시움,localization/korean/map/states_l_korean.yml,301,state,true,,베스타시움
STATE_ZIPLRIYUEM,korean,0,지플리움,localization/korean/map/states_l_korean.yml,302,state,true,,지플리움
STATE_VERIXHTAXHIYUEM,korean,0,베리스타시움,localization/korean/map/states_l_korean.yml,303,state,true,,베리스타시움
STATE_GAIHVELRAYUEM,korean,0,가이벨라움,localization/korean/map/states_l_korean.yml,304,state,true,,가이벨라움
STATE_VESTANXHIYUEM,korean,0,베스탄시움,localization/korean/map/states_l_korean.yml,305,state,true,,베스탄시움
STATE_ISTARHXHIYUEM,korean,0,이스타르시움,localization/korean/map/states_l_korean.yml,306,state,true,,이스타르시움
STATE_ZAFIENXHIYUEM,korean,0,자피엔시움,localization/korean/map/states_l_korean.yml,307,state,true,,자피엔시움
STATE_HAVELRENSEIYUEM,korean,0,헤벨렌세이움,localization/korean/map/states_l_korean.yml,308,state,true,,헤벨렌세이움
STATE_OIVANTS,korean,0,오이반츠,localization/korean/map/states_l_korean.yml,309,state,true,,오이반츠
STATE_KITSELRIYUEM,korean,0,키첼리움,localization/korean/map/states_l_korean.yml,310,state,true,,키첼리움
STATE_SOLTORENTS,korean,0,솔토렌츠,localization/korean/map/states_l_korean.yml,311,state,true,,솔토렌츠
STATE_AELRIOTS,korean,0,아엘리오츠,localization/korean/map/states_l_korean.yml,312,state,true,,아엘리오츠
STATE_IKILRIVENXHELRIYUEM,korean,0,이킬리벤셀리움,localization/korean/map/states_l_korean.yml,313,state,true,,이킬리벤셀리움
STATE_DOEXHIRATS,korean,0,도에시라츠,localization/korean/map/states_l_korean.yml,314,state,true,,도에시라츠
STATE_NIUVELRATS,korean,0,니우벨라츠,localization/korean/map/states_l_korean.yml,315,state,true,,니우벨라츠
STATE_OVELRATS,korean,0,오벨라츠,localization/korean/map/states_l_korean.yml,316,state,true,,오벨라츠
STATE_YUUHVALRIYUEM,korean,0,유우발리움,localization/korean/map/states_l_korean.yml,317,state,true,,유우발리움
STATE_HELRAVELRIYUEM,korean,0,헬라벨리움,localization/korean/map/states_l_korean.yml,318,state,true,,헬라벨리움
STATE_AVESHITANIYUEM,korean,0,아베시타니움,localization/korean/map/states_l_korean.yml,319,state,true,,아베시타니움
STATE_INXHDANIAH,korean,0,인스다니아,localization/korean/map/states_l_korean.yml,320,state,true,,인스다니아
STATE_AISTN,korean,0,아이스튼,localization/korean/map/states_l_korean.yml,321,state,true,,아이스튼
STATE_INTOVENST,korean,0,인토벤스트,localization/korean/map/states_l_korean.yml,322,state,true,,인토벤스트
STATE_OVELRATN,korean,0,오벨라튼,localization/korean/map/states_l_korean.yml,323,state,true,,오벨라튼
STATE_ZEVESECZENIAH,korean,0,제베세체니아,localization/korean/map/states_l_korean.yml,324,state,true,,제베세체니아
STATE_HOIVELRYUTZ,korean,0,호이벨류츠,localization/korean/map/states_l_korean.yml,325,state,true,,호이벨류츠
STATE_IKUSHIYA,korean,0,이쿠시야,localization/korean/map/states_l_korean.yml,326,state,true,,이쿠시야
STATE_NAOTOLRANTS,korean,0,나오톨란츠,localization/korean/map/states_l_korean.yml,327,state,true,,나오톨란츠
STATE_AVENTENZERATS,korean,0,아벤텐제라츠,localization/korean/map/states_l_korean.yml,328,state,true,,아벤텐제라츠
STATE_INSTELRANTS,korean,0,인스텔란츠,localization/korean/map/states_l_korean.yml,329,state,true,,인스텔란츠
STATE_RITERHVANTS,korean,0,리테르반츠,localization/korean/map/states_l_korean.yml,330,state,true,,리테르반츠
STATE_AVAHN,korean,0,아반,localization/korean/map/states_l_korean.yml,331,state,true,,아반
STATE_KOVELRAVAHN,korean,0,코벨라반,localization/korean/map/states_l_korean.yml,332,state,true,,코벨라반
STATE_PETALRIAH,korean,0,페탈리아,localization/korean/map/states_l_korean.yml,333,state,true,,페탈리아
STATE_VAIVARINVERKH,korean,0,바이바린베르크,localization/korean/map/states_l_korean.yml,334,state,true,,바이바린베르크
STATE_NORTIAH_GARTEN,korean,0,노르티아 가르텐,localization/korean/map/states_l_korean.yml,337,state,true,,노르티아 가르텐
STATE_ANDALRORHTEN,korean,0,안달로르텐,localization/korean/map/states_l_korean.yml,338,state,true,,안달로르텐
STATE_IVASTANA,korean,0,이바스타나,localization/korean/map/states_l_korean.yml,339,state,true,,이바스타나
STATE_INTANINXHA,korean,0,인타닌샤,localization/korean/map/states_l_korean.yml,340,state,true,,인타닌샤
STATE_ENTASOPELRIYA,korean,0,엔타소펠리야,localization/korean/map/states_l_korean.yml,341,state,true,,엔타소펠리야
STATE_NIASTRIAH,korean,0,니아스트리아,localization/korean/map/states_l_korean.yml,342,state,true,,니아스트리아
STATE_SOIVELRIYUEM,korean,0,소이벨리움,localization/korean/map/states_l_korean.yml,343,state,true,,소이벨리움
STATE_RIDORAVENTZVERKH,korean,0,리도라벤츠베르크,localization/korean/map/states_l_korean.yml,344,state,true,,리도라벤츠베르크
STATE_KINTAINVERKH,korean,0,킨타인베르크,localization/korean/map/states_l_korean.yml,345,state,true,,킨타인베르크
STATE_MERDONVERKH,korean,0,메르돈베르크,localization/korean/map/states_l_korean.yml,346,state,true,,메르돈베르크
STATE_PEISTRANTSVERKH,korean,0,페이스트란츠베르크,localization/korean/map/states_l_korean.yml,347,state,true,,페이스트란츠베르크
STATE_OSPOELRETANVERKH,korean,0,오스포엘레탄베르크,localization/korean/map/states_l_korean.yml,348,state,true,,오스포엘레탄베르크
STATE_ZAIROVANSKH,korean,0,자이로반스크,localization/korean/map/states_l_korean.yml,349,state,true,,자이로반스크
STATE_IOSLRANTH,korean,0,이오슬란트,localization/korean/map/states_l_korean.yml,350,state,true,,이오슬란트
STATE_OPOTUXH,korean,0,오포투스,localization/korean/map/states_l_korean.yml,351,state,true,,오포투스
STATE_KEVHSTREH,korean,0,케브스트레,localization/korean/map/states_l_korean.yml,352,state,true,,케브스트레
STATE_KIVELRUSTREH,korean,0,키벨루스트레,localization/korean/map/states_l_korean.yml,353,state,true,,키벨루스트레
STATE_RINORANIYUEM,korean,0,리노라니움,localization/korean/map/states_l_korean.yml,354,state,true,,리노라니움
STATE_GERVETANTZVERKH,korean,0,게르베탄츠베르크,localization/korean/map/states_l_korean.yml,355,state,true,,게르베탄츠베르크
STATE_AFALRETAYUEM,korean,0,아팔레타움,localization/korean/map/states_l_korean.yml,356,state,true,,아팔레타움
STATE_PYUZENTAYUEM,korean,0,퓨젠타움,localization/korean/map/states_l_korean.yml,357,state,true,,퓨젠타움
STATE_INCZENXHIYUEM,korean,0,인첸시움,localization/korean/map/states_l_korean.yml,358,state,true,,인첸시움
STATE_INTOXHINIYUEM,korean,0,인토시니움,localization/korean/map/states_l_korean.yml,359,state,true,,인토시니움
STATE_TAFHKALRIYUEM,korean,0,타프칼리움,localization/korean/map/states_l_korean.yml,360,state,true,,타프칼리움
STATE_HAIYULRIYUEM,korean,0,하이율리움,localization/korean/map/states_l_korean.yml,361,state,true,,하이율리움
STATE_ZIELRIYUEM,korean,0,지엘리움,localization/korean/map/states_l_korean.yml,362,state,true,,지엘리움
STATE_NAIXHIYUEM,korean,0,나이시움,localization/korean/map/states_l_korean.yml,363,state,true,,나이시움
STATE_NIVHROCZAL,korean,0,니브로찰,localization/korean/map/states_l_korean.yml,364,state,true,,니브로찰
STATE_KOPORHCZAL,korean,0,코포르찰,localization/korean/map/states_l_korean.yml,365,state,true,,코포르찰
STATE_SOPOSTANXHIYUEM,korean,0,소포스탄시움,localization/korean/map/states_l_korean.yml,366,state,true,,소포스탄시움
STATE_INTANANHALRAHN,korean,0,인타난할란,localization/korean/map/states_l_korean.yml,367,state,true,,인타난할란
STATE_NIOVASTANXHIYUEM,korean,0,니오바스탄시움,localization/korean/map/states_l_korean.yml,368,state,true,,니오바스탄시움
STATE_EKATERINVERKH,korean,0,에카테린베르크,localization/korean/map/states_l_korean.yml,369,state,true,,에카테린베르크
STATE_DOUDRAHN,korean,0,도우드란,localization/korean/map/states_l_korean.yml,370,state,true,,도우드란
STATE_NEVESEILRINSKH,korean,0,네베세일린스크,localization/korean/map/states_l_korean.yml,371,state,true,,네베세일린스크
STATE_KAVATERUHN,korean,0,카바테룬,localization/korean/map/states_l_korean.yml,372,state,true,,카바테룬
STATE_KATAVILRETAYUEM,korean,0,카타빌레타움,localization/korean/map/states_l_korean.yml,373,state,true,,카타빌레타움
STATE_ORDALRUHN,korean,0,오르달룬,localization/korean/map/states_l_korean.yml,374,state,true,,오르달룬
STATE_GWANDONG,korean,0,관동,localization/korean/map/states_l_korean.yml,375,state,true,,관동
STATE_SEOLCHO,korean,0,설초,localization/korean/map/states_l_korean.yml,376,state,true,,설초
STATE_GWANBUK,korean,0,관북,localization/korean/map/states_l_korean.yml,377,state,true,,관북
STATE_KANVELRICZAL,korean,0,칸벨리찰,localization/korean/map/states_l_korean.yml,378,state,true,,칸벨리찰
STATE_IOTOXH,korean,0,이오토스,localization/korean/map/states_l_korean.yml,379,state,true,,이오토스
STATE_SANNAM,korean,0,산남,localization/korean/map/states_l_korean.yml,382,state,true,,산남
STATE_SANSEO,korean,0,산서,localization/korean/map/states_l_korean.yml,383,state,true,,산서
STATE_JUNGSAN,korean,0,중산,localization/korean/map/states_l_korean.yml,384,state,true,,중산
STATE_GUJUNG,korean,0,구중,localization/korean/map/states_l_korean.yml,385,state,true,,구중
STATE_OHYEON,korean,0,오현,localization/korean/map/states_l_korean.yml,386,state,true,,오현
STATE_GAMBYEOK,korean,0,감벽,localization/korean/map/states_l_korean.yml,387,state,true,,감벽
STATE_HANAM,korean,0,하남,localization/korean/map/states_l_korean.yml,388,state,true,,하남
STATE_ZAKRIM,korean,0,작림,localization/korean/map/states_l_korean.yml,389,state,true,,작림
STATE_GWANGCHEON,korean,0,광천,localization/korean/map/states_l_korean.yml,390,state,true,,광천
STATE_INDAN,korean,0,인단,localization/korean/map/states_l_korean.yml,391,state,true,,인단
STATE_SEORYEONG,korean,0,서령,localization/korean/map/states_l_korean.yml,392,state,true,,서령
STATE_IEVANTOSRAHN,korean,0,이에반토스란,localization/korean/map/states_l_korean.yml,393,state,true,,이에반토스란
STATE_KONPELRATENVERKH,korean,0,콘펠라텐베르크,localization/korean/map/states_l_korean.yml,394,state,true,,콘펠라텐베르크
STATE_ROBUENAXH,korean,0,로부에나스,localization/korean/map/states_l_korean.yml,395,state,true,,로부에나스
STATE_KANTONINAXH,korean,0,칸토니나스,localization/korean/map/states_l_korean.yml,396,state,true,,칸토니나스
STATE_RIELRATENCZELRANTH,korean,0,리엘라텐첼란트,localization/korean/map/states_l_korean.yml,397,state,true,,리엘라텐첼란트
STATE_SCHUIVANSTOLRANTH,korean,0,슈이반스톨란트,localization/korean/map/states_l_korean.yml,398,state,true,,슈이반스톨란트
STATE_SOININDETENVERKH,korean,0,소이닌데텐베르크,localization/korean/map/states_l_korean.yml,399,state,true,,소이닌데텐베르크
STATE_HEIMVELRATENVERKH,korean,0,헤임벨라텐베르크,localization/korean/map/states_l_korean.yml,400,state,true,,헤임벨라텐베르크
STATE_VESTANCZATENVERKH,korean,0,베스탄차텐베르크,localization/korean/map/states_l_korean.yml,401,state,true,,베스탄차텐베르크
STATE_OPOITOLRACZAH,korean,0,오포이톨라차,localization/korean/map/states_l_korean.yml,402,state,true,,오포이톨라차
STATE_NIAVARETEN,korean,0,니아바레텐,localization/korean/map/states_l_korean.yml,403,state,true,,니아바레텐
STATE_OISTANRETEN,korean,0,오이스탄레텐,localization/korean/map/states_l_korean.yml,404,state,true,,오이스탄레텐
STATE_KENTOXHINERETEN,korean,0,켄토시네레텐,localization/korean/map/states_l_korean.yml,405,state,true,,켄토시네레텐
STATE_SEIVELRARETEN,korean,0,세이벨라레텐,localization/korean/map/states_l_korean.yml,406,state,true,,세이벨라레텐
STATE_KAIVLRANKA,korean,0,카이블랑카,localization/korean/map/states_l_korean.yml,407,state,true,,카이블랑카
STATE_ARVENTEN,korean,0,아르벤텐,localization/korean/map/states_l_korean.yml,408,state,true,,아르벤텐
STATE_SORVENTEN,korean,0,소르벤텐,localization/korean/map/states_l_korean.yml,409,state,true,,소르벤텐
STATE_RIVELRAVEN,korean,0,리벨라벤,localization/korean/map/states_l_korean.yml,410,state,true,,리벨라벤
STATE_AINPETAXH,korean,0,아인페타스,localization/korean/map/states_l_korean.yml,411,state,true,,아인페타스
STATE_IDORORUXH,korean,0,이도로루스,localization/korean/map/states_l_korean.yml,412,state,true,,이도로루스
STATE_RIDURARURH,korean,0,리두라루르,localization/korean/map/states_l_korean.yml,413,state,true,,리두라루르
STATE_INTOVLRANKA,korean,0,인토블랑카,localization/korean/map/states_l_korean.yml,414,state,true,,인토블랑카
STATE_AVHRAKENTAH,korean,0,아브라켄타,localization/korean/map/states_l_korean.yml,415,state,true,,아브라켄타
STATE_SOUDERAKEHN,korean,0,소우데라켄,localization/korean/map/states_l_korean.yml,416,state,true,,소우데라켄
STATE_NIHELRONIAH,korean,0,니헬로니아,localization/korean/map/states_l_korean.yml,419,state,true,,니헬로니아
STATE_OISCZELRAH,korean,0,오이스첼라,localization/korean/map/states_l_korean.yml,420,state,true,,오이스첼라
STATE_KAVARHHAIM,korean,0,카바르하임,localization/korean/map/states_l_korean.yml,421,state,true,,카바르하임
STATE_RUTHVANAHAIM,korean,0,루트바나하임,localization/korean/map/states_l_korean.yml,422,state,true,,루트바나하임
STATE_HEVHIRANAH,korean,0,헤브이라나,localization/korean/map/states_l_korean.yml,423,state,true,,헤브이라나
STATE_ORHVELRIYA,korean,0,오르벨리야,localization/korean/map/states_l_korean.yml,424,state,true,,오르벨리야
STATE_NESLRANIAH,korean,0,네슬라니아,localization/korean/map/states_l_korean.yml,425,state,true,,네슬라니아
STATE_KINTARANIAH,korean,0,킨타라니아,localization/korean/map/states_l_korean.yml,426,state,true,,킨타라니아
STATE_ANDARHSLRANYAH,korean,0,안다르슬라냐,localization/korean/map/states_l_korean.yml,427,state,true,,안다르슬라냐
STATE_AFHZENTANSKH,korean,0,아프젠탄스크,localization/korean/map/states_l_korean.yml,428,state,true,,아프젠탄스크
STATE_OVORALRITS,korean,0,오보랄리츠,localization/korean/map/states_l_korean.yml,429,state,true,,오보랄리츠
STATE_KINTANCZENPANTH,korean,0,킨탄첸판트,localization/korean/map/states_l_korean.yml,430,state,true,,킨탄첸판트
STATE_SOVOROXH,korean,0,소보로스,localization/korean/map/states_l_korean.yml,431,state,true,,소보로스
STATE_YUTAVENCZIAH,korean,0,유타벤치아,localization/korean/map/states_l_korean.yml,432,state,true,,유타벤치아
STATE_INSVENGELRAH,korean,0,인스벤겔라,localization/korean/map/states_l_korean.yml,433,state,true,,인스벤겔라
STATE_AUSHEPEN,korean,0,아우스헤펜,localization/korean/map/states_l_korean.yml,434,state,true,,아우스헤펜
STATE_KIVIHAXHI,korean,0,키비하시,localization/korean/map/states_l_korean.yml,435,state,true,,키비하시
STATE_ONTALRONIAH,korean,0,온탈로니아,localization/korean/map/states_l_korean.yml,436,state,true,,온탈로니아
STATE_AMARHNIAH,korean,0,아마르니아,localization/korean/map/states_l_korean.yml,437,state,true,,아마르니아
STATE_ONTORINTANCZ,korean,0,온토린탄츠,localization/korean/map/states_l_korean.yml,438,state,true,,온토린탄츠
STATE_AVARHCZAL,korean,0,아바르찰,localization/korean/map/states_l_korean.yml,439,state,true,,아바르찰
STATE_SEINMARNIAH,korean,0,세인마르니아,localization/korean/map/states_l_korean.yml,440,state,true,,세인마르니아
STATE_INTAXHENACZANTH,korean,0,인타셰나찬트,localization/korean/map/states_l_korean.yml,441,state,true,,인타셰나찬트
STATE_KOVALRATHCZELRANTH,korean,0,코발라트첼란트,localization/korean/map/states_l_korean.yml,442,state,true,,코발라트첼란트
STATE_IPOLRATANCZELRANTH,korean,0,이폴라탄첼란트,localization/korean/map/states_l_korean.yml,443,state,true,,이폴라탄첼란트
STATE_KOVHHETALRANIYUEM,korean,0,코브헤탈라니움,localization/korean/map/states_l_korean.yml,444,state,true,,코브헤탈라니움
STATE_NIDELHEPEHN,korean,0,니델헤펜,localization/korean/map/states_l_korean.yml,445,state,true,,니델헤펜
STATE_KUVALHARARIAH,korean,0,쿠발하라리아,localization/korean/map/states_l_korean.yml,446,state,true,,쿠발하라리아
STATE_NILROTOLRAYUEM,korean,0,닐로톨라움,localization/korean/map/states_l_korean.yml,447,state,true,,닐로톨라움
STATE_IOSVERKH,korean,0,이오스베르크,localization/korean/map/states_l_korean.yml,448,state,true,,이오스베르크
STATE_INTONINAXH,korean,0,인토니나스,localization/korean/map/states_l_korean.yml,449,state,true,,인토니나스
STATE_HAVANANXHI,korean,0,하바난시,localization/korean/map/states_l_korean.yml,450,state,true,,하바난시
STATE_AVHELRACZELRANTH,korean,0,아브엘라첼란트,localization/korean/map/states_l_korean.yml,451,state,true,,아브엘라첼란트
STATE_HAILDESRAHM,korean,0,하일데스람,localization/korean/map/states_l_korean.yml,452,state,true,,하일데스람
STATE_SEIVISIUS,korean,0,세이비시우스,localization/korean/map/states_l_korean.yml,453,state,true,,세이비시우스
STATE_INSTOLRACZAH,korean,0,인스톨라차,localization/korean/map/states_l_korean.yml,454,state,true,,인스톨라차
STATE_ARVANAXHIUS,korean,0,아르바나시우스,localization/korean/map/states_l_korean.yml,455,state,true,,아르바나시우스
STATE_KANTOXHIUS,korean,0,칸토시우스,localization/korean/map/states_l_korean.yml,456,state,true,,칸토시우스
STATE_RODHVIXH,korean,0,로드비스,localization/korean/map/states_l_korean.yml,457,state,true,,로드비스
STATE_DOVHRAMEXH,korean,0,도브라메스,localization/korean/map/states_l_korean.yml,458,state,true,,도브라메스
STATE_RIVRAMEXH,korean,0,리브라메스,localization/korean/map/states_l_korean.yml,459,state,true,,리브라메스
STATE_WIXH,korean,0,위스,localization/korean/map/states_l_korean.yml,460,state,true,,위스
STATE_ANHALTH,korean,0,안할트,localization/korean/map/states_l_korean.yml,461,state,true,,안할트
STATE_AKELRETZ,korean,0,아켈레츠,localization/korean/map/states_l_korean.yml,462,state,true,,아켈레츠
STATE_NOURISRAM,korean,0,노우리스람,localization/korean/map/states_l_korean.yml,463,state,true,,노우리스람
STATE_EINSRAM,korean,0,에인스람,localization/korean/map/states_l_korean.yml,464,state,true,,에인스람
STATE_OVOSRAM,korean,0,오보스람,localization/korean/map/states_l_korean.yml,465,state,true,,오보스람
STATE_DELRIXHRAM,korean,0,델리스람,localization/korean/map/states_l_korean.yml,466,state,true,,델리스람
STATE_OVORISRAHM,korean,0,오보리스람,localization/korean/map/states_l_korean.yml,467,state,true,,오보리스람
STATE_NIOTORANTH,korean,0,니오토란트,localization/korean/map/states_l_korean.yml,468,state,true,,니오토란트
STATE_SEARULTH,korean,0,세아룰트,localization/korean/map/states_l_korean.yml,469,state,true,,세아룰트
STATE_KIVARANTH,korean,0,키바란트,localization/korean/map/states_l_korean.yml,470,state,true,,키바란트
STATE_NIDETENSRAHM,korean,0,니데텐스람,localization/korean/map/states_l_korean.yml,471,state,true,,니데텐스람
STATE_KOVOTENSRAHM,korean,0,코보텐스람,localization/korean/map/states_l_korean.yml,472,state,true,,코보텐스람
STATE_EVELRILRANTH,korean,0,에벨릴란트,localization/korean/map/states_l_korean.yml,473,state,true,,에벨릴란트
STATE_NIELRILRANTH,korean,0,니엘릴란트,localization/korean/map/states_l_korean.yml,474,state,true,,니엘릴란트
STATE_AKAPETH,korean,0,아카페트,localization/korean/map/states_l_korean.yml,475,state,true,,아카페트
STATE_INTOPETH,korean,0,인토페트,localization/korean/map/states_l_korean.yml,476,state,true,,인토페트
STATE_NOLVAHAM,korean,0,놀바함,localization/korean/map/states_l_korean.yml,477,state,true,,놀바함
STATE_KAVAHAL,korean,0,카바할,localization/korean/map/states_l_korean.yml,478,state,true,,카바할
STATE_HAIMSVERN,korean,0,하임스베른,localization/korean/map/states_l_korean.yml,479,state,true,,하임스베른
STATE_KOVOARETA,korean,0,코보아레타,localization/korean/map/states_l_korean.yml,480,state,true,,코보아레타
STATE_NIDOTORETAH,korean,0,니도토레타,localization/korean/map/states_l_korean.yml,481,state,true,,니도토레타
STATE_ANDETESVERN,korean,0,안데테스베른,localization/korean/map/states_l_korean.yml,482,state,true,,안데테스베른
STATE_APHRODICZE,korean,0,아프로디체,localization/korean/map/states_l_korean.yml,483,state,true,,아프로디체
STATE_NIDETEXHVERN,korean,0,니데테스베른,localization/korean/map/states_l_korean.yml,484,state,true,,니데테스베른
STATE_OSTESVERH,korean,0,오스테스베른,localization/korean/map/states_l_korean.yml,485,state,true,,오스테스베른
STATE_INSDARCZEH,korean,0,인스다르체,localization/korean/map/states_l_korean.yml,486,state,true,,인스다르체
STATE_CZEIMVEXH,korean,0,체임베스,localization/korean/map/states_l_korean.yml,487,state,true,,체임베스
STATE_UVARS,korean,0,우바르스,localization/korean/map/states_l_korean.yml,488,state,true,,우바르스
STATE_TRAELRITANIAH,korean,0,트라엘리타니아,localization/korean/map/states_l_korean.yml,489,state,true,,트라엘리타니아
STATE_IMPEHTAXH,korean,0,임페타스,localization/korean/map/states_l_korean.yml,492,state,true,,임페타스
STATE_KENARUXH,korean,0,케나루스,localization/korean/map/states_l_korean.yml,493,state,true,,케나루스
STATE_VAILRARUXH,korean,0,바일라루스,localization/korean/map/states_l_korean.yml,494,state,true,,바일라루스
STATE_RIVERHTAXH,korean,0,리베르타스,localization/korean/map/states_l_korean.yml,495,state,true,,리베르타스
STATE_ENDAIL,korean,0,엔다일,localization/korean/map/states_l_korean.yml,496,state,true,,엔다일
STATE_RIKHXH,korean,0,리크스,localization/korean/map/states_l_korean.yml,497,state,true,,리크스
STATE_RINDAON,korean,0,린다온,localization/korean/map/states_l_korean.yml,498,state,true,,린다온
STATE_CHINAXH,korean,0,치나스,localization/korean/map/states_l_korean.yml,499,state,true,,치나스
STATE_RAINUXH,korean,0,라이누스,localization/korean/map/states_l_korean.yml,500,state,true,,라이누스
STATE_KEFEIH,korean,0,케페이,localization/korean/map/states_l_korean.yml,501,state,true,,케페이
STATE_KESHUVITH,korean,0,케슈비트,localization/korean/map/states_l_korean.yml,502,state,true,,케슈비트
STATE_ANTON,korean,0,안톤,localization/korean/map/states_l_korean.yml,503,state,true,,안톤
STATE_SAVITH,korean,0,사비트,localization/korean/map/states_l_korean.yml,504,state,true,,사비트
STATE_NAINEKTON,korean,0,나이넥톤,localization/korean/map/states_l_korean.yml,505,state,true,,나이넥톤
STATE_KAITON,korean,0,카이톤,localization/korean/map/states_l_korean.yml,506,state,true,,카이톤
STATE_RIVEMUTH,korean,0,리베무트,localization/korean/map/states_l_korean.yml,507,state,true,,리베무트
STATE_INXHVENTH,korean,0,인스벤트,localization/korean/map/states_l_korean.yml,508,state,true,,인스벤트
STATE_RUSNITS,korean,0,루스니츠,localization/korean/map/states_l_korean.yml,509,state,true,,루스니츠
STATE_RUXHENATON,korean,0,루셰나톤,localization/korean/map/states_l_korean.yml,510,state,true,,루셰나톤
STATE_ANKAIUXH,korean,0,안카이우스,localization/korean/map/states_l_korean.yml,511,state,true,,안카이우스
STATE_KIFEIH,korean,0,키페이,localization/korean/map/states_l_korean.yml,512,state,true,,키페이
STATE_PARXHA,korean,0,파르샤,localization/korean/map/states_l_korean.yml,513,state,true,,파르샤
STATE_HERXHA,korean,0,헤르샤,localization/korean/map/states_l_korean.yml,514,state,true,,헤르샤
STATE_RIVUTS_ISLAND_CHAIN,korean,0,리부츠 제도,localization/korean/map/states_l_korean.yml,515,state,true,,리부츠 제도
STATE_SHINSEOUL,korean,0,신서울,localization/korean/map/states_l_korean.yml,518,state,true,,신서울
STATE_CHEONGJIN,korean,0,청진,localization/korean/map/states_l_korean.yml,519,state,true,,청진
STATE_GAIHN,korean,0,가인,localization/korean/map/states_l_korean.yml,520,state,true,,가인
STATE_BUWON,korean,0,부원,localization/korean/map/states_l_korean.yml,521,state,true,,부원
STATE_NAMREUNG,korean,0,남릉,localization/korean/map/states_l_korean.yml,522,state,true,,남릉
STATE_SUREUNG,korean,0,수릉,localization/korean/map/states_l_korean.yml,523,state,true,,수릉
STATE_HWANGAHN,korean,0,황안,localization/korean/map/states_l_korean.yml,524,state,true,,황안
STATE_PYEONGJEON,korean,0,평전,localization/korean/map/states_l_korean.yml,525,state,true,,평전
STATE_HAMSEON,korean,0,함선,localization/korean/map/states_l_korean.yml,526,state,true,,함선
STATE_ULREUNG,korean,0,울릉,localization/korean/map/states_l_korean.yml,527,state,true,,울릉
STATE_NAMDANMAN,korean,0,남 단만,localization/korean/map/states_l_korean.yml,528,state,true,,남 단만
STATE_BUKDANMAN,korean,0,북 단만,localization/korean/map/states_l_korean.yml,529,state,true,,북 단만
STATE_JEJU,korean,0,제주,localization/korean/map/states_l_korean.yml,530,state,true,,제주
STATE_BUKWON,korean,0,북원,localization/korean/map/states_l_korean.yml,531,state,true,,북원
STATE_NAYEON,korean,0,나연,localization/korean/map/states_l_korean.yml,532,state,true,,나연
STATE_IMUH,korean,0,임우,localization/korean/map/states_l_korean.yml,533,state,true,,임우
STATE_HWANGJU,korean,0,황주,localization/korean/map/states_l_korean.yml,534,state,true,,황주
STATE_PYEONGSEO_GUNDO,korean,0,평서 군도,localization/korean/map/states_l_korean.yml,535,state,true,,평서 군도
STATE_JINOH_GUNDO,korean,0,진오 군도,localization/korean/map/states_l_korean.yml,536,state,true,,진오 군도
STATE_SUDRAH,korean,0,수드라,localization/korean/map/states_l_korean.yml,537,state,true,,수드라
STATE_MANTRAH,korean,0,만트라,localization/korean/map/states_l_korean.yml,538,state,true,,만트라
STATE_AINDHRAH,korean,0,아인드라,localization/korean/map/states_l_korean.yml,539,state,true,,아인드라
STATE_JUNGARH,korean,0,준가르,localization/korean/map/states_l_korean.yml,540,state,true,,준가르
STATE_RIVHTARH,korean,0,리브타르,localization/korean/map/states_l_korean.yml,541,state,true,,리브타르
STATE_JEONGJU,korean,0,정주,localization/korean/map/states_l_korean.yml,542,state,true,,정주
STATE_AMHWAN,korean,0,암환,localization/korean/map/states_l_korean.yml,543,state,true,,암환
STATE_SUJEON,korean,0,수전,localization/korean/map/states_l_korean.yml,544,state,true,,수전
STATE_GWANBUK,korean,0,관북,localization/korean/map/states_l_korean.yml,545,state,true,,관북
STATE_GWANSEO,korean,0,관서,localization/korean/map/states_l_korean.yml,546,state,true,,관서
STATE_BUKGYE,korean,0,북계,localization/korean/map/states_l_korean.yml,547,state,true,,북계
STATE_JINJEON,korean,0,진전,localization/korean/map/states_l_korean.yml,548,state,true,,진전
STATE_SEOGYEONG,korean,0,서경,localization/korean/map/states_l_korean.yml,549,state,true,,서경
STATE_ANJODO,korean,0,안조도,localization/korean/map/states_l_korean.yml,550,state,true,,안조도
STATE_IHJODO,korean,0,이조도,localization/korean/map/states_l_korean.yml,551,state,true,,이조도
STATE_YIEODO,korean,0,이어도,localization/korean/map/states_l_korean.yml,552,state,true,,이어도
STATE_GWANJUNG,korean,0,관중,localization/korean/map/states_l_korean.yml,553,state,true,,관중
STATE_ZAFIAH_GARTEN,korean,0,자피아 가르텐,localization/korean/map/states_l_korean.yml,556,state,true,,자피아 가르텐
STATE_VESTIAH_GATEN,korean,0,베스티아 가르텐,localization/korean/map/states_l_korean.yml,557,state,true,,베스티아 가르텐
STATE_SIONIRTEN,korean,0,시오니르텐,localization/korean/map/states_l_korean.yml,558,state,true,,시오니르텐
STATE_AKAVERTEN,korean,0,아카베르텐,localization/korean/map/states_l_korean.yml,559,state,true,,아카베르텐
STATE_ERHVARHTEN,korean,0,에르바르텐,localization/korean/map/states_l_korean.yml,560,state,true,,에르바르텐
STATE_NIRHVETEHN,korean,0,니르베텐,localization/korean/map/states_l_korean.yml,561,state,true,,니르베텐
STATE_KAUPASTEHN,korean,0,카우파스텐,localization/korean/map/states_l_korean.yml,562,state,true,,카우파스텐
STATE_NIEVELREL,korean,0,니에벨렐,localization/korean/map/states_l_korean.yml,563,state,true,,니에벨렐
STATE_INSTARAPUXH,korean,0,인스타라푸스,localization/korean/map/states_l_korean.yml,564,state,true,,인스타라푸스
STATE_OAHSTAREL,korean,0,오아스타렐,localization/korean/map/states_l_korean.yml,565,state,true,,오아스타렐
STATE_KOFHPUXH,korean,0,코프푸스,localization/korean/map/states_l_korean.yml,566,state,true,,코프푸스
STATE_AVAROLRAND,korean,0,아바롤란드,localization/korean/map/states_l_korean.yml,567,state,true,,아바롤란드
STATE_KINTAVALRATAH,korean,0,킨타발라타,localization/korean/map/states_l_korean.yml,568,state,true,,킨타발라타
STATE_PERTANTIXH,korean,0,페르탄티스,localization/korean/map/states_l_korean.yml,569,state,true,,페르탄티스
STATE_ZEVELRAVHTAH,korean,0,제벨라브타,localization/korean/map/states_l_korean.yml,570,state,true,,제벨라브타
STATE_NIOSHAVHRAH,korean,0,니오샤브라,localization/korean/map/states_l_korean.yml,571,state,true,,니오샤브라
STATE_KAFHKAVHRAH,korean,0,카프카브라,localization/korean/map/states_l_korean.yml,572,state,true,,카프카브라
STATE_REDAKAVHRAH,korean,0,레다카브라,localization/korean/map/states_l_korean.yml,573,state,true,,레다카브라
STATE_IOVERANAH,korean,0,이오베라나,localization/korean/map/states_l_korean.yml,574,state,true,,이오베라나
STATE_YARVATAH,korean,0,야르바타,localization/korean/map/states_l_korean.yml,575,state,true,,야르바타
STATE_NIDELRELRANDH,korean,0,니델렐란드,localization/korean/map/states_l_korean.yml,576,state,true,,니델렐란드
STATE_NUAVERELRANTH,korean,0,누아베렐란트,localization/korean/map/states_l_korean.yml,577,state,true,,누아베렐란트
STATE_YUVHRATANAH,korean,0,유브라타나,localization/korean/map/states_l_korean.yml,578,state,true,,유브라타나
STATE_INSETENVELRANAH,korean,0,인스텐벨라나,localization/korean/map/states_l_korean.yml,579,state,true,,인스텐벨라나
STATE_IOTANTANIAH,korean,0,이오탄타니아,localization/korean/map/states_l_korean.yml,580,state,true,,이오탄타니아
STATE_AVHRATANIAH,korean,0,아브라타니아,localization/korean/map/states_l_korean.yml,581,state,true,,아브라타니아
STATE_SHUVERHTEHN,korean,0,슈베르텐,localization/korean/map/states_l_korean.yml,582,state,true,,슈베르텐
STATE_UAHVELRATANAH,korean,0,우아벨라타나,localization/korean/map/states_l_korean.yml,583,state,true,,우아벨라타나
STATE_OSTELRELRANTH,korean,0,오스텔렐란트,localization/korean/map/states_l_korean.yml,584,state,true,,오스텔렐란트
STATE_HEEMVELRAH,korean,0,헤엠벨라,localization/korean/map/states_l_korean.yml,585,state,true,,헤엠벨라
STATE_EVELRAH,korean,0,에벨라,localization/korean/map/states_l_korean.yml,586,state,true,,에벨라
STATE_KUPHVELRAH,korean,0,쿠프벨라,localization/korean/map/states_l_korean.yml,587,state,true,,쿠프벨라
STATE_IOSTAVELRAH,korean,0,이오스타벨라,localization/korean/map/states_l_korean.yml,588,state,true,,이오스타벨라
STATE_INTACZAFELRAH,korean,0,인타차펠라,localization/korean/map/states_l_korean.yml,589,state,true,,인타차펠라
STATE_UMVELRAH,korean,0,움벨라,localization/korean/map/states_l_korean.yml,590,state,true,,움벨라
STATE_KENTAAVELRAH,korean,0,켄타아벨라,localization/korean/map/states_l_korean.yml,591,state,true,,켄타아벨라
STATE_IKAVELRATANTH,korean,0,이카벨라탄트,localization/korean/map/states_l_korean.yml,592,state,true,,이카벨라탄트
STATE_INTALRAXHE,korean,0,인탈라셰,localization/korean/map/states_l_korean.yml,593,state,true,,인탈라셰
STATE_RIVELRAXHE,korean,0,리벨라셰,localization/korean/map/states_l_korean.yml,594,state,true,,리벨라셰
STATE_KIOVELRAXHE,korean,0,키오벨라셰,localization/korean/map/states_l_korean.yml,595,state,true,,키오벨라셰
STATE_WESTERN_SAVHRA_ISLAND_CHAIN,korean,0,서 사브라 제도,localization/korean/map/states_l_korean.yml,596,state,true,,서 사브라 제도
STATE_EASTERN_SAVHRA_ISLAND_CHAIN,korean,0,동 사브라 제도,localization/korean/map/states_l_korean.yml,597,state,true,,동 사브라 제도
STATE_ROVONIRTEN,korean,0,로보니르텐,localization/korean/map/states_l_korean.yml,598,state,true,,로보니르텐
STATE_ZIOLRANTEN,korean,0,지올란텐,localization/korean/map/states_l_korean.yml,599,state,true,,지올란텐
STATE_SAILVERTEN,korean,0,사일베르텐,localization/korean/map/states_l_korean.yml,600,state,true,,사일베르텐
STATE_KONSRASTATI,korean,0,콘스라스타티,localization/korean/map/states_l_korean.yml,601,state,true,,콘스라스타티
STATE_AUSTANAXHA,korean,0,아우스타나샤,localization/korean/map/states_l_korean.yml,602,state,true,,아우스타나샤
STATE_RIORISAKOS,korean,0,리오리사코스,localization/korean/map/states_l_korean.yml,603,state,true,,리오리사코스
STATE_AISTANYA,korean,0,아이스타냐,localization/korean/map/states_l_korean.yml,604,state,true,,아이스타냐
STATE_NAIROSTANIAH,korean,0,나이로스타니아,localization/korean/map/states_l_korean.yml,605,state,true,,나이로스타니아
STATE_SOKOSTAVELRANA,korean,0,소코스타벨라나,localization/korean/map/states_l_korean.yml,606,state,true,,소코스타벨라나
STATE_RIUVELRATANA,korean,0,리우벨라타나,localization/korean/map/states_l_korean.yml,607,state,true,,리우벨라타나
STATE_AUSNABISHI,korean,0,아우스나비시,localization/korean/map/states_l_korean.yml,608,state,true,,아우스나비시
STATE_OELRUVELRAH,korean,0,오엘루벨라,localization/korean/map/states_l_korean.yml,609,state,true,,오엘루벨라
STATE_KANVARURATZ,korean,0,칸바루라츠,localization/korean/map/states_l_korean.yml,610,state,true,,칸바루라츠
STATE_SOHEINVELRA,korean,0,소헤인벨라,localization/korean/map/states_l_korean.yml,611,state,true,,소헤인벨라
STATE_KOSTANCZAFELTH,korean,0,코스탄차펠트,localization/korean/map/states_l_korean.yml,612,state,true,,코스탄차펠트
STATE_OSTACZAFELRAH,korean,0,오스타차펠라,localization/korean/map/states_l_korean.yml,613,state,true,,오스타차펠라
STATE_SELRATAVELRAH,korean,0,셀라타벨라,localization/korean/map/states_l_korean.yml,614,state,true,,셀라타벨라
STATE_ZAFIAH_KAIMTH,korean,0,자피아 카임트,localization/korean/map/states_l_korean.yml,617,state,true,,자피아 카임트
STATE_NORTIAH_KAIMTH,korean,0,노르티아 카임트,localization/korean/map/states_l_korean.yml,618,state,true,,노르티아 카임트
STATE_HANOELRON,korean,0,하노엘론,localization/korean/map/states_l_korean.yml,619,state,true,,하노엘론
STATE_ZAFIAH_HAILRIXH,korean,0,자피아 하일리스,localization/korean/map/states_l_korean.yml,620,state,true,,자피아 하일리스
STATE_VESTIAH_HAILRIXH,korean,0,베스티아 하일리스,localization/korean/map/states_l_korean.yml,621,state,true,,베스티아 하일리스
STATE_NORTIAH_HAILRIXH,korean,0,노르티아 하일리스,localization/korean/map/states_l_korean.yml,622,state,true,,노르티아 하일리스
STATE_CZENTRAL_HYARYET,korean,0,첸트랄 햐롓,localization/korean/map/states_l_korean.yml,623,state,true,,첸트랄 햐롓
STATE_DONIAH_HYARYET,korean,0,도니아 햐롓,localization/korean/map/states_l_korean.yml,624,state,true,,도니아 햐롓
STATE_AKXHUKEHNTH,korean,0,악슈켄트,localization/korean/map/states_l_korean.yml,625,state,true,,악슈켄트
STATE_RIAXHTIZEH,korean,0,리아스티제,localization/korean/map/states_l_korean.yml,626,state,true,,리아스티제
STATE_SHURHVENTH,korean,0,슈르벤트,localization/korean/map/states_l_korean.yml,627,state,true,,슈르벤트
STATE_RIXHUTEHN,korean,0,리슈텐,localization/korean/map/states_l_korean.yml,628,state,true,,리슈텐
STATE_AKITEN,korean,0,아키텐,localization/korean/map/states_l_korean.yml,629,state,true,,아키텐
STATE_RAXHTANIAH,korean,0,라스타니아,localization/korean/map/states_l_korean.yml,630,state,true,,라스타니아
STATE_FEVHRAIL,korean,0,페브라일,localization/korean/map/states_l_korean.yml,631,state,true,,페브라일
STATE_DYUELRONIAH,korean,0,듀엘로니아,localization/korean/map/states_l_korean.yml,634,state,true,,듀엘로니아
STATE_MEXHTSELRAH,korean,0,메스첼라,localization/korean/map/states_l_korean.yml,635,state,true,,메스첼라
STATE_VEXHELRONIAH,korean,0,베스엘로니아,localization/korean/map/states_l_korean.yml,636,state,true,,베스엘로니아
STATE_PERXHA,korean,0,페르샤,localization/korean/map/states_l_korean.yml,637,state,true,,페르샤
STATE_ARXHA,korean,0,아르샤,localization/korean/map/states_l_korean.yml,638,state,true,,아르샤
STATE_AIOLRANTH,korean,0,아이올란트,localization/korean/map/states_l_korean.yml,639,state,true,,아이올란트
STATE_ESPELRANTH,korean,0,에스펠란트,localization/korean/map/states_l_korean.yml,640,state,true,,에스펠란트
STATE_INSEFELRIYUEM,korean,0,인세펠리움,localization/korean/map/states_l_korean.yml,641,state,true,,인세펠리움
STATE_AXHFELRANIAH,korean,0,아스펠라니아,localization/korean/map/states_l_korean.yml,642,state,true,,아스펠라니아
STATE_KAVAELRONIAH,korean,0,카바엘로니아,localization/korean/map/states_l_korean.yml,643,state,true,,카바엘로니아
STATE_KAPARATAELRONIAH,korean,0,카파라타엘로니아,localization/korean/map/states_l_korean.yml,644,state,true,,카파라타엘로니아
STATE_NIDETENELRONIAH,korean,0,니데텐엘로니아,localization/korean/map/states_l_korean.yml,645,state,true,,니데텐엘로니아
STATE_CZETSELRONIAH,korean,0,체첼로니아,localization/korean/map/states_l_korean.yml,646,state,true,,체첼로니아
STATE_KUVACZELRONIAH,korean,0,쿠바첼로니아,localization/korean/map/states_l_korean.yml,647,state,true,,쿠바첼로니아
STATE_IVACZELRONIAH,korean,0,이바첼로니아,localization/korean/map/states_l_korean.yml,648,state,true,,이바첼로니아
STATE_IVICZELRANA,korean,0,이비첼라나,localization/korean/map/states_l_korean.yml,649,state,true,,이비첼라나
STATE_INXHICZELRONIAH,korean,0,인시첼로니아,localization/korean/map/states_l_korean.yml,650,state,true,,인시첼로니아
STATE_OVOCZELRONIAH,korean,0,오보첼로니아,localization/korean/map/states_l_korean.yml,651,state,true,,오보첼로니아
STATE_INSNAH,korean,0,인스나,localization/korean/map/states_l_korean.yml,652,state,true,,인스나
STATE_IVASNA,korean,0,이바스나,localization/korean/map/states_l_korean.yml,653,state,true,,이바스나
STATE_MIKEROVO,korean,0,미케로보,localization/korean/map/states_l_korean.yml,654,state,true,,미케로보
STATE_KOVOSNA,korean,0,코보스나,localization/korean/map/states_l_korean.yml,655,state,true,,코보스나
STATE_NIOLRASTANA,korean,0,니올라스타나,localization/korean/map/states_l_korean.yml,656,state,true,,니올라스타나
STATE_OLROSTANA,korean,0,올로스타나,localization/korean/map/states_l_korean.yml,657,state,true,,올로스타나
STATE_KEVAYASHI,korean,0,케바야시,localization/korean/map/states_l_korean.yml,658,state,true,,케바야시
STATE_IMANAGI,korean,0,이마나기,localization/korean/map/states_l_korean.yml,659,state,true,,이마나기
STATE_MARONE,korean,0,마로네,localization/korean/map/states_l_korean.yml,660,state,true,,마로네
STATE_RIVAAHTAELRONIAH,korean,0,리바아타엘로니아,localization/korean/map/states_l_korean.yml,661,state,true,,리바아타엘로니아
STATE_NESTAHNELRONIAH,korean,0,네스탄엘로니아,localization/korean/map/states_l_korean.yml,662,state,true,,네스탄엘로니아
STATE_INSTANTSELRONIAH,korean,0,인스탄첼로니아,localization/korean/map/states_l_korean.yml,663,state,true,,인스탄첼로니아
STATE_OVORAELRONIAH,korean,0,오보라엘로니아,localization/korean/map/states_l_korean.yml,664,state,true,,오보라엘로니아
STATE_KAVACZELRAH,korean,0,카바첼라,localization/korean/map/states_l_korean.yml,665,state,true,,카바첼라
STATE_SUDETEHN,korean,0,수데텐,localization/korean/map/states_l_korean.yml,666,state,true,,수데텐
STATE_NIVHRACZELRAH,korean,0,니브라첼라,localization/korean/map/states_l_korean.yml,667,state,true,,니브라첼라
STATE_USCZELRAH,korean,0,우스첼라,localization/korean/map/states_l_korean.yml,668,state,true,,우스첼라
STATE_ONPOCZELRAH,korean,0,온포첼라,localization/korean/map/states_l_korean.yml,669,state,true,,온포첼라
STATE_DYURHIRANAH,korean,0,듀르이라나,localization/korean/map/states_l_korean.yml,670,state,true,,듀르이라나
STATE_SAIRANAH,korean,0,사이라나,localization/korean/map/states_l_korean.yml,671,state,true,,사이라나
STATE_KAPALRUTHRANAH,korean,0,카팔루트라나,localization/korean/map/states_l_korean.yml,672,state,true,,카팔루트라나
STATE_SIOVELRANTH,korean,0,시오벨란트,localization/korean/map/states_l_korean.yml,673,state,true,,시오벨란트
STATE_NYURHVELRIAH,korean,0,뉴르벨리아,localization/korean/map/states_l_korean.yml,674,state,true,,뉴르벨리아
STATE_RUSLRANIAH,korean,0,루슬라니아,localization/korean/map/states_l_korean.yml,675,state,true,,루슬라니아
STATE_INTORUTHRANAH,korean,0,인토루트라나,localization/korean/map/states_l_korean.yml,676,state,true,,인토루트라나
STATE_YUSTAVISHI,korean,0,유스타비시,localization/korean/map/states_l_korean.yml,677,state,true,,유스타비시
STATE_SENSHUDAI,korean,0,센슈다이,localization/korean/map/states_l_korean.yml,678,state,true,,센슈다이
STATE_SOVASHIA,korean,0,소바시아,localization/korean/map/states_l_korean.yml,679,state,true,,소바시아
STATE_NIROYAMA,korean,0,니로야마,localization/korean/map/states_l_korean.yml,680,state,true,,니로야마
STATE_KUROGI,korean,0,쿠로기,localization/korean/map/states_l_korean.yml,681,state,true,,쿠로기
STATE_AMANE,korean,0,아마네,localization/korean/map/states_l_korean.yml,682,state,true,,아마네
STATE_YAMANE,korean,0,야마네,localization/korean/map/states_l_korean.yml,683,state,true,,야마네
STATE_NIVASTANCZAH,korean,0,니바스탄차,localization/korean/map/states_l_korean.yml,684,state,true,,니바스탄차
STATE_KAVATANCZAH,korean,0,카바탄차,localization/korean/map/states_l_korean.yml,685,state,true,,카바탄차
STATE_KENISHIRO,korean,0,케니시로,localization/korean/map/states_l_korean.yml,686,state,true,,케니시로
STATE_NIOSHIRO,korean,0,니오시로,localization/korean/map/states_l_korean.yml,687,state,true,,니오시로
STATE_KENBASHI,korean,0,켄바시,localization/korean/map/states_l_korean.yml,688,state,true,,켄바시
STATE_NIABASHIA,korean,0,니아바시아,localization/korean/map/states_l_korean.yml,689,state,true,,니아바시아
STATE_OSTANCZAH,korean,0,오스탄차,localization/korean/map/states_l_korean.yml,690,state,true,,오스탄차
STATE_INSTANCZAH,korean,0,인스탄차,localization/korean/map/states_l_korean.yml,691,state,true,,인스탄차
STATE_SEINTHRUXH,korean,0,세인트루스,localization/korean/map/states_l_korean.yml,692,state,true,,세인트루스
STATE_RESHILRIANTH,korean,0,레실리안트,localization/korean/map/states_l_korean.yml,693,state,true,,레실리안트
STATE_KOBONOSHIA,korean,0,코보노시아,localization/korean/map/states_l_korean.yml,694,state,true,,코보노시아
STATE_NIVARTS,korean,0,니바르츠,localization/korean/map/states_l_korean.yml,695,state,true,,니바르츠
STATE_ENTAROSADA,korean,0,엔타로사다,localization/korean/map/states_l_korean.yml,696,state,true,,엔타로사다
STATE_KIFLRANTOXHIAH,korean,0,키플란토시아,localization/korean/map/states_l_korean.yml,697,state,true,,키플란토시아
STATE_ISTRALRAXHIAH,korean,0,인스트랄라시아,localization/korean/map/states_l_korean.yml,698,state,true,,인스트랄라시아
STATE_YUVELRIOXHIAH,korean,0,유벨리오시아,localization/korean/map/states_l_korean.yml,699,state,true,,유벨리오시아
STATE_IOBISHI,korean,0,이오비시,localization/korean/map/states_l_korean.yml,700,state,true,,이오비시
STATE_RUTHNABISHI,korean,0,루트나비시,localization/korean/map/states_l_korean.yml,701,state,true,,루트나비시
STATE_ROVWANA,korean,0,로브와나,localization/korean/map/states_l_korean.yml,702,state,true,,로브와나
STATE_RESLRANYAH,korean,0,레슬라냐,localization/korean/map/states_l_korean.yml,703,state,true,,레슬라냐
STATE_AVALRANIAH,korean,0,아발라니아,localization/korean/map/states_l_korean.yml,704,state,true,,아발라니아
STATE_KOFLRANAH,korean,0,코플라나,localization/korean/map/states_l_korean.yml,705,state,true,,코플라나
STATE_YUSLRANIAH,korean,0,유슬라니아,localization/korean/map/states_l_korean.yml,706,state,true,,유슬라니아
STATE_NOSTAHN,korean,0,노스탄,localization/korean/map/states_l_korean.yml,707,state,true,,노스탄
STATE_AIOTAH,korean,0,아이오타,localization/korean/map/states_l_korean.yml,708,state,true,,아이오타
STATE_KIPATAHN,korean,0,키파탄,localization/korean/map/states_l_korean.yml,709,state,true,,키파탄
STATE_OVTANIAH,korean,0,오브타니아,localization/korean/map/states_l_korean.yml,710,state,true,,오브타니아
STATE_GERTANIAH,korean,0,게르타니아,localization/korean/map/states_l_korean.yml,711,state,true,,게르타니아
STATE_ALTUBISHI,korean,0,알투비시,localization/korean/map/states_l_korean.yml,712,state,true,,알투비시
STATE_SHUXHTAXHIAH,korean,0,슈스타시아,localization/korean/map/states_l_korean.yml,713,state,true,,슈스타시아
STATE_IVOALRAXH,korean,0,이보알라스,localization/korean/map/states_l_korean.yml,714,state,true,,이보알라스
STATE_YUSHRIH,korean,0,유스리,localization/korean/map/states_l_korean.yml,715,state,true,,유스리
STATE_SOSORI,korean,0,소소리,localization/korean/map/states_l_korean.yml,716,state,true,,소소리
STATE_RIVRAH,korean,0,리브라,localization/korean/map/states_l_korean.yml,717,state,true,,리브라
STATE_VERCZEAH,korean,0,베르체아,localization/korean/map/states_l_korean.yml,718,state,true,,베르체아
STATE_KUTRAH,korean,0,쿠트라,localization/korean/map/states_l_korean.yml,719,state,true,,쿠트라
STATE_ANTORAH,korean,0,안토라,localization/korean/map/states_l_korean.yml,720,state,true,,안토라
STATE_PANTANION,korean,0,판타니온,localization/korean/map/states_l_korean.yml,721,state,true,,판타니온
STATE_KIPHTAON,korean,0,키프타온,localization/korean/map/states_l_korean.yml,722,state,true,,키프타온
STATE_ZENNION,korean,0,젠니온,localization/korean/map/states_l_korean.yml,723,state,true,,젠니온
STATE_IVOSTAXHIAH,korean,0,이보스타시아,localization/korean/map/states_l_korean.yml,724,state,true,,이보스타시아
STATE_NIVEXHAIAH,korean,0,니베샤이아,localization/korean/map/states_l_korean.yml,725,state,true,,니베샤이아
STATE_AVAXHINION,korean,0,아바시니온,localization/korean/map/states_l_korean.yml,726,state,true,,아바시니온
STATE_NIPHLRAXHA,korean,0,니플라샤,localization/korean/map/states_l_korean.yml,727,state,true,,니플라샤
STATE_KAPAXHTAXHIAH,korean,0,카파스타스니아,localization/korean/map/states_l_korean.yml,728,state,true,,카파스타스니아
STATE_RIDURAXHIAH,korean,0,리두라시아,localization/korean/map/states_l_korean.yml,729,state,true,,리두라시아
STATE_ENOSTAXHIAH,korean,0,에노스타시아,localization/korean/map/states_l_korean.yml,730,state,true,,에노스타시아
STATE_KINPEXH,korean,0,킨페스,localization/korean/map/states_l_korean.yml,731,state,true,,킨페스
STATE_AVASTAXHINIAH,korean,0,아바스타시니아,localization/korean/map/states_l_korean.yml,732,state,true,,아바스타시니아
STATE_NOAVAXHIAH,korean,0,노아바시아,localization/korean/map/states_l_korean.yml,733,state,true,,노아바시아
STATE_NOSTAXHINIAH,korean,0,노스타시니아,localization/korean/map/states_l_korean.yml,734,state,true,,노스타시니아
STATE_ISTAXHINIAH,korean,0,이스타시니아,localization/korean/map/states_l_korean.yml,735,state,true,,이스타시니아
STATE_OBHULRUXH,korean,0,오뷸루스,localization/korean/map/states_l_korean.yml,736,state,true,,오뷸루스
STATE_IUXH,korean,0,이우스,localization/korean/map/states_l_korean.yml,737,state,true,,이우스
STATE_KIVUXH,korean,0,키부스,localization/korean/map/states_l_korean.yml,738,state,true,,키부스
STATE_AVAROSAH,korean,0,아바로사,localization/korean/map/states_l_korean.yml,739,state,true,,아바로사
STATE_INTAXH,korean,0,인타스,localization/korean/map/states_l_korean.yml,740,state,true,,인타스
STATE_KIFROSAH,korean,0,키프로사,localization/korean/map/states_l_korean.yml,741,state,true,,키프로사
STATE_AVARERLRANTH,korean,0,아바레를란트,localization/korean/map/states_l_korean.yml,742,state,true,,아바레를란트
STATE_RIOLRANTH,korean,0,리올란트,localization/korean/map/states_l_korean.yml,743,state,true,,리올란트
STATE_AVARHXHA,korean,0,아바르샤,localization/korean/map/states_l_korean.yml,744,state,true,,아바르샤
STATE_AHUZHIAH,korean,0,아후지아,localization/korean/map/states_l_korean.yml,745,state,true,,아후지아
STATE_NIRXHA,korean,0,니르샤,localization/korean/map/states_l_korean.yml,746,state,true,,니르샤
STATE_UPLRAXHA,korean,0,우플라샤,localization/korean/map/states_l_korean.yml,747,state,true,,우플라샤
STATE_KUPHXHA,korean,0,쿠프샤,localization/korean/map/states_l_korean.yml,748,state,true,,쿠프샤
STATE_VISTAON,korean,0,비스타온,localization/korean/map/states_l_korean.yml,749,state,true,,비스타온
STATE_KIVELXHA,korean,0,키벨샤,localization/korean/map/states_l_korean.yml,750,state,true,,키벨샤
STATE_TALRINIAH,korean,0,탈리니아,localization/korean/map/states_l_korean.yml,751,state,true,,탈리니아
STATE_TALRIRANYAH,korean,0,탈리라냐,localization/korean/map/states_l_korean.yml,752,state,true,,탈리라냐
STATE_GAIAH,korean,0,가이아,localization/korean/map/states_l_korean.yml,755,state,true,,가이아
STATE_SORDAN,korean,0,소르단,localization/korean/map/states_l_korean.yml,756,state,true,,소르단
STATE_IUS,korean,0,이우스,localization/korean/map/states_l_korean.yml,757,state,true,,이우스
STATE_KIPROTS,korean,0,키프로츠,localization/korean/map/states_l_korean.yml,758,state,true,,키프로츠
STATE_KIVELRAGA,korean,0,키벨라가,localization/korean/map/states_l_korean.yml,759,state,true,,키벨라가
STATE_ABAIAH,korean,0,아바이아,localization/korean/map/states_l_korean.yml,760,state,true,,아바이아
STATE_NIALDEROTS,korean,0,니알데로츠,localization/korean/map/states_l_korean.yml,761,state,true,,니알데로츠
STATE_KOVATANEIM,korean,0,코바타네임,localization/korean/map/states_l_korean.yml,762,state,true,,코바타네임
STATE_SHUSTANEIM,korean,0,슈스타네임,localization/korean/map/states_l_korean.yml,763,state,true,,슈스타네임
STATE_STERODAH,korean,0,스테로다,localization/korean/map/states_l_korean.yml,764,state,true,,스테로다
STATE_NEALTO,korean,0,네알토,localization/korean/map/states_l_korean.yml,765,state,true,,네알토
STATE_SHUSTAVH,korean,0,슈스타브,localization/korean/map/states_l_korean.yml,766,state,true,,슈스타브
STATE_IVELRUAVH,korean,0,이벨루아브,localization/korean/map/states_l_korean.yml,767,state,true,,이벨루아브
STATE_KAVHRANTATOH,korean,0,케브란타토,localization/korean/map/states_l_korean.yml,768,state,true,,케브란타토
STATE_INXHITIAVH,korean,0,인시티아브,localization/korean/map/states_l_korean.yml,769,state,true,,인시티아브
STATE_NUDELVERKH,korean,0,누델베르크,localization/korean/map/states_l_korean.yml,770,state,true,,누델베르크
STATE_KUVARACZAVERKH,korean,0,쿠바라차베르크,localization/korean/map/states_l_korean.yml,771,state,true,,쿠바라차베르크
STATE_PERDALVERKH,korean,0,페르달베르크,localization/korean/map/states_l_korean.yml,772,state,true,,페르달베르크
STATE_KUPANXHIYUEM,korean,0,쿠판시움,localization/korean/map/states_l_korean.yml,773,state,true,,쿠판시움
STATE_INTOXHIYUEM,korean,0,인토시움,localization/korean/map/states_l_korean.yml,774,state,true,,인토시움
STATE_KAPANTAHEIM,korean,0,카판타헤임,localization/korean/map/states_l_korean.yml,775,state,true,,카판타헤임
STATE_RIODHNIAH,korean,0,리오드니아,localization/korean/map/states_l_korean.yml,776,state,true,,리오드니아
STATE_KENTOBAXH,korean,0,켄토바스,localization/korean/map/states_l_korean.yml,777,state,true,,켄토바스
STATE_IKAVAXH,korean,0,이카바스,localization/korean/map/states_l_korean.yml,778,state,true,,이카바스
STATE_HABATANARAH,korean,0,하바타나라,localization/korean/map/states_l_korean.yml,779,state,true,,하바타나라
STATE_IEVAXH,korean,0,이에바스,localization/korean/map/states_l_korean.yml,780,state,true,,이에바스
STATE_INTERVAL,korean,0,인테르발,localization/korean/map/states_l_korean.yml,781,state,true,,인테르발
STATE_KIOTOPAN,korean,0,키오토판,localization/korean/map/states_l_korean.yml,782,state,true,,키오토판
STATE_RIODORIH,korean,0,리오도리,localization/korean/map/states_l_korean.yml,783,state,true,,리오도리
STATE_USATERIMAH,korean,0,우사테리마,localization/korean/map/states_l_korean.yml,784,state,true,,우사테리마
STATE_MAIDAHN,korean,0,마이단,localization/korean/map/states_l_korean.yml,785,state,true,,마이단
STATE_ZERVELTUH,korean,0,제르벨투,localization/korean/map/states_l_korean.yml,786,state,true,,제르벨투
STATE_UENOSKAH,korean,0,우에노스카,localization/korean/map/states_l_korean.yml,787,state,true,,우에노스카
STATE_INTOSILRAHM,korean,0,인토실람,localization/korean/map/states_l_korean.yml,788,state,true,,인토실람
STATE_PORTEAKALRATAH,korean,0,포르테아칼라타,localization/korean/map/states_l_korean.yml,789,state,true,,포르테아칼라타
STATE_GRIENDH,korean,0,그리엔드,localization/korean/map/states_l_korean.yml,792,state,true,,그리엔드
STATE_RYUTS,korean,0,류츠,localization/korean/map/states_l_korean.yml,793,state,true,,류츠
STATE_MYURELRATAH,korean,0,뮤렐라타,localization/korean/map/states_l_korean.yml,794,state,true,,뮤렐라타
STATE_PERTALRATAH,korean,0,페르탈라타,localization/korean/map/states_l_korean.yml,795,state,true,,페르탈라타
STATE_CZERVAHA,korean,0,체르바하,localization/korean/map/states_l_korean.yml,796,state,true,,체르바하
STATE_EOSTAHN,korean,0,에오스탄,localization/korean/map/states_l_korean.yml,797,state,true,,에오스탄
STATE_IVOXHENTH,korean,0,이보스엔트,localization/korean/map/states_l_korean.yml,798,state,true,,이보스엔트
STATE_IAXHENDH,korean,0,이아스엔드,localization/korean/map/states_l_korean.yml,799,state,true,,이아스엔드
STATE_SOEVAENDH,korean,0,소에바엔드,localization/korean/map/states_l_korean.yml,800,state,true,,소에바엔드
STATE_TERPANTH,korean,0,테르판트,localization/korean/map/states_l_korean.yml,801,state,true,,테르판트
STATE_YUNARH,korean,0,유나르,localization/korean/map/states_l_korean.yml,802,state,true,,유나르
STATE_SHUVELNARH,korean,0,슈벨나르,localization/korean/map/states_l_korean.yml,803,state,true,,슈벨나르
STATE_ZEPARHNARH,korean,0,제파르나르,localization/korean/map/states_l_korean.yml,804,state,true,,제파르나르
STATE_KUVERNARH,korean,0,쿠베르나르,localization/korean/map/states_l_korean.yml,805,state,true,,쿠베르나르
STATE_SHYNARH,korean,0,쉬나르,localization/korean/map/states_l_korean.yml,806,state,true,,쉬나르
STATE_RAIHENTONIH,korean,0,라이헨토니,localization/korean/map/states_l_korean.yml,807,state,true,,라이헨토니
STATE_KANTOXHIUTS,korean,0,칸토시우스,localization/korean/map/states_l_korean.yml,808,state,true,,칸토시우스
STATE_NAVANUXH,korean,0,나바누스,localization/korean/map/states_l_korean.yml,809,state,true,,나바누스
STATE_KAOSRAGA,korean,0,카오스라가,localization/korean/map/states_l_korean.yml,810,state,true,,카오스라가
STATE_HAINSVELRAKAH,korean,0,하인스벨라카,localization/korean/map/states_l_korean.yml,811,state,true,,하인스벨라카
STATE_GARTELRUDAHN,korean,0,가르텔루단,localization/korean/map/states_l_korean.yml,812,state,true,,가르텔루단
STATE_IHNELRUDAHN,korean,0,인엘루단,localization/korean/map/states_l_korean.yml,813,state,true,,인엘루단
STATE_KIVHRAIH,korean,0,키브라이,localization/korean/map/states_l_korean.yml,814,state,true,,키브라이
STATE_UESTANCZAH,korean,0,우에스탄차,localization/korean/map/states_l_korean.yml,815,state,true,,우에스탄차
STATE_IOSRAIH,korean,0,이오스라이,localization/korean/map/states_l_korean.yml,816,state,true,,이오스라이
STATE_IVELHANTH,korean,0,이벨한트,localization/korean/map/states_l_korean.yml,817,state,true,,이벨한트
STATE_IELROTH,korean,0,이엘로트,localization/korean/map/states_l_korean.yml,818,state,true,,이엘로트
STATE_SOSTAHN,korean,0,소스탄,localization/korean/map/states_l_korean.yml,819,state,true,,소스탄
STATE_PERTANAH,korean,0,페르타나,localization/korean/map/states_l_korean.yml,820,state,true,,페르타나
STATE_INELREOTH,korean,0,이넬레오트,localization/korean/map/states_l_korean.yml,821,state,true,,이넬레오트
STATE_YUERAVOXH,korean,0,유에라보스,localization/korean/map/states_l_korean.yml,822,state,true,,유에라보스
STATE_EILRATHKALRAXH,korean,0,에일라트칼라스,localization/korean/map/states_l_korean.yml,823,state,true,,에일라트칼라스
STATE_ANTINATROXH,korean,0,안티나트로스,localization/korean/map/states_l_korean.yml,824,state,true,,안티나트로스
STATE_KATEHHANTRAXH,korean,0,카테한트라스,localization/korean/map/states_l_korean.yml,825,state,true,,카테한트라스
STATE_ZELRAKALRAXH,korean,0,젤라칼라스,localization/korean/map/states_l_korean.yml,826,state,true,,젤라칼라스
STATE_NIOTHKANTH,korean,0,니오트칸트,localization/korean/map/states_l_korean.yml,827,state,true,,니오트칸트
STATE_AVALRAXHIAH,korean,0,아발라시아,localization/korean/map/states_l_korean.yml,828,state,true,,아발라시아
STATE_TAVHRAHHANTH,korean,0,타브라한트,localization/korean/map/states_l_korean.yml,829,state,true,,타브라한트
STATE_ZHUSTANTH,korean,0,쥬스탄트,localization/korean/map/states_l_korean.yml,830,state,true,,쥬스탄트
STATE_YUVELRATAVAHA,korean,0,유벨라타바하,localization/korean/map/states_l_korean.yml,831,state,true,,유벨라타바하
STATE_ITOROVAHA,korean,0,이토로바하,localization/korean/map/states_l_korean.yml,832,state,true,,이토로바하
STATE_KAIRONIH,korean,0,카이로니,localization/korean/map/states_l_korean.yml,835,state,true,,카이로니
STATE_KAISVELTZ,korean,0,카이스벨츠,localization/korean/map/states_l_korean.yml,836,state,true,,카이스벨츠
STATE_KINVELRONIH,korean,0,킨벨로니아,localization/korean/map/states_l_korean.yml,837,state,true,,킨벨로니아
STATE_KAIROSTELCZAH,korean,0,카이로스텔차,localization/korean/map/states_l_korean.yml,838,state,true,,카이로스텔차
STATE_XHEILRONIH,korean,0,셰일로니,localization/korean/map/states_l_korean.yml,839,state,true,,셰일로니
STATE_KAINVELRONIH,korean,0,카인벨로니아,localization/korean/map/states_l_korean.yml,840,state,true,,카인벨로니아
STATE_YUSLRONAH,korean,0,유슬로나,localization/korean/map/states_l_korean.yml,841,state,true,,유슬로나
STATE_KUPHRATALRONIH,korean,0,쿠프라탈로니아,localization/korean/map/states_l_korean.yml,842,state,true,,쿠프라탈로니아
STATE_XHIELVELRONIH,korean,0,시에벨로니아,localization/korean/map/states_l_korean.yml,843,state,true,,시에벨로니아
STATE_YUXHEVELRONIH,korean,0,유셰벨로니아,localization/korean/map/states_l_korean.yml,844,state,true,,유셰벨로니아
STATE_KILGARUZIAH,korean,0,킬가루지아,localization/korean/map/states_l_korean.yml,845,state,true,,킬가루지아
STATE_HARVANAH,korean,0,하르바나,localization/korean/map/states_l_korean.yml,846,state,true,,하르바나
STATE_PATASAHN,korean,0,파타산,localization/korean/map/states_l_korean.yml,847,state,true,,파타산
STATE_KIVSATAH,korean,0,키브스타,localization/korean/map/states_l_korean.yml,848,state,true,,키브스타
STATE_SEINVHRANETH,korean,0,세인브라네트,localization/korean/map/states_l_korean.yml,849,state,true,,세인브라네트
STATE_KERTASAHN,korean,0,케르타산,localization/korean/map/states_l_korean.yml,850,state,true,,케르타산
STATE_OVELSTANCZAH,korean,0,오벨스탄차,localization/korean/map/states_l_korean.yml,851,state,true,,오벨스탄차
STATE_SEILRIDIHN,korean,0,세일리딘,localization/korean/map/states_l_korean.yml,852,state,true,,세일리딘
STATE_MIZELROXH,korean,0,미젤로스,localization/korean/map/states_l_korean.yml,853,state,true,,미젤로스
STATE_UHKASTAH,korean,0,우카스탄,localization/korean/map/states_l_korean.yml,854,state,true,,우카스탄
STATE_KUXHPELRASATAH,korean,0,쿠스펠라사타,localization/korean/map/states_l_korean.yml,855,state,true,,쿠스펠라사타
STATE_ESOPOSTAH,korean,0,에스포스타,localization/korean/map/states_l_korean.yml,856,state,true,,에스포스타
STATE_XHOUSTAH,korean,0,쇼우스타,localization/korean/map/states_l_korean.yml,857,state,true,,쇼우스타
STATE_ENDELNIRHSTAH,korean,0,엔델니르스타,localization/korean/map/states_l_korean.yml,858,state,true,,엔델니르스타
STATE_TERTASTAH,korean,0,테르타스타,localization/korean/map/states_l_korean.yml,859,state,true,,테르타스타
STATE_UDIHN,korean,0,우딘,localization/korean/map/states_l_korean.yml,860,state,true,,우딘
STATE_RODAHN,korean,0,로단,localization/korean/map/states_l_korean.yml,861,state,true,,로단
STATE_CZENTELRUTASATAH,korean,0,첸텔루타스타,localization/korean/map/states_l_korean.yml,862,state,true,,첸텔루타스타
STATE_RIAXH,korean,0,리아스,localization/korean/map/states_l_korean.yml,863,state,true,,리아스
STATE_XHERIAXH,korean,0,셰리아스,localization/korean/map/states_l_korean.yml,864,state,true,,셰리아스
STATE_SAZALRUAXH,korean,0,사잘루아스,localization/korean/map/states_l_korean.yml,865,state,true,,사잘루아스
STATE_HARGELROTAH,korean,0,하르겔로타,localization/korean/map/states_l_korean.yml,866,state,true,,하르겔로타
STATE_ZERGELROTAH,korean,0,제르겔로타,localization/korean/map/states_l_korean.yml,867,state,true,,제르겔로타
STATE_ZIESNIAH,korean,0,지에스니아,localization/korean/map/states_l_korean.yml,868,state,true,,지에스니아
STATE_SHUEXHAVAH,korean,0,슈에스아바,localization/korean/map/states_l_korean.yml,869,state,true,,슈에스아바
STATE_RIXHICZILRIAH,korean,0,리시칠리아,localization/korean/map/states_l_korean.yml,870,state,true,,리시칠리아
STATE_ANTONIUS,korean,0,안토니우스,localization/korean/map/states_l_korean.yml,871,state,true,,안토니우스
STATE_DEIVHRASTAH,korean,0,데이브라스타,localization/korean/map/states_l_korean.yml,872,state,true,,데이브라스타
STATE_KONTANTILCZ,korean,0,콘탄틸츠,localization/korean/map/states_l_korean.yml,873,state,true,,콘탄틸츠
STATE_KRAKATOAH,korean,0,크라카토아,localization/korean/map/states_l_korean.yml,874,state,true,,크라카토아
STATE_ZIRKAHNTOAH,korean,0,지르칸토아,localization/korean/map/states_l_korean.yml,875,state,true,,지르칸토아
STATE_MURVANTOSK,korean,0,무르반토스크,localization/korean/map/states_l_korean.yml,876,state,true,,무르반토스크
STATE_ZAILRUVRH,korean,0,자일루브르,localization/korean/map/states_l_korean.yml,877,state,true,,자일루브르
STATE_VARVELRUVHTAH,korean,0,바르벨루브르,localization/korean/map/states_l_korean.yml,878,state,true,,바르벨루브르
STATE_DOILRUVRH,korean,0,도일루브르,localization/korean/map/states_l_korean.yml,879,state,true,,도일루브르
STATE_YURNIVERXHITY,korean,0,유르니베르시티,localization/korean/map/states_l_korean.yml,880,state,true,,유르니베르시티
STATE_KAINSVELRIXHITY,korean,0,카인스벨리시티,localization/korean/map/states_l_korean.yml,881,state,true,,카인스벨리시티
STATE_ANNERTH,korean,0,안네르트,localization/korean/map/states_l_korean.yml,882,state,true,,안네르트
STATE_XHONERTH,korean,0,쇼네르트,localization/korean/map/states_l_korean.yml,883,state,true,,쇼네르트
STATE_SAAHRDAH,korean,0,사아르다,localization/korean/map/states_l_korean.yml,884,state,true,,사아르다
STATE_NAELROTH,korean,0,나엘로트,localization/korean/map/states_l_korean.yml,885,state,true,,나엘로트
STATE_ZHREPOXHTAYUEM,korean,0,즈레포스타움,localization/korean/map/states_l_korean.yml,886,state,true,,즈레포스타움
STATE_KORSTERHCZVOLRAH,korean,0,코르스테르츠볼라,localization/korean/map/states_l_korean.yml,887,state,true,,코르스테르츠볼라
STATE_INDETERSVORN,korean,0,인데테르스보른,localization/korean/map/states_l_korean.yml,888,state,true,,인데테르스보른
STATE_RIARHDOH,korean,0,리아르도,localization/korean/map/states_l_korean.yml,889,state,true,,리아르도
STATE_SAINTH,korean,0,사인트,localization/korean/map/states_l_korean.yml,890,state,true,,사인트
STATE_VAILZHYEKH,korean,0,바일즈예크,localization/korean/map/states_l_korean.yml,891,state,true,,바일즈예크
STATE_ZIOSVAINTH,korean,0,지오스바인트,localization/korean/map/states_l_korean.yml,892,state,true,,지오스바인트
STATE_PALRAKUXHVERKH,korean,0,팔라쿠스베르크,localization/korean/map/states_l_korean.yml,893,state,true,,팔라쿠스베르크
STATE_AUPSHEVANTH,korean,0,아우프스에반트,localization/korean/map/states_l_korean.yml,894,state,true,,아우프스에반트
STATE_SIREVANTH,korean,0,시레반트,localization/korean/map/states_l_korean.yml,895,state,true,,시레반트
STATE_NUEVANTH,korean,0,누에반트,localization/korean/map/states_l_korean.yml,896,state,true,,누에반트
STATE_KHHAVANTH,korean,0,크하반트,localization/korean/map/states_l_korean.yml,897,state,true,,크하반트
STATE_ANVANTH,korean,0,아반트,localization/korean/map/states_l_korean.yml,898,state,true,,아반트
STATE_KINSTERILRUXH,korean,0,킨스테릴루스,localization/korean/map/states_l_korean.yml,899,state,true,,킨스테릴루스
STATE_ANZELRHNIAH,korean,0,안젤르니아,localization/korean/map/states_l_korean.yml,900,state,true,,안젤르니아
STATE_YUFOTEXH,korean,0,유포테스,localization/korean/map/states_l_korean.yml,901,state,true,,유포테스
STATE_KIRZELRUNIAH,korean,0,키르젤루니아,localization/korean/map/states_l_korean.yml,902,state,true,,키르젤루니아
STATE_YERHVELRAH,korean,0,유르벨라,localization/korean/map/states_l_korean.yml,903,state,true,,유르벨라
STATE_KHREMNEILRUXH,korean,0,크렘네일루스,localization/korean/map/states_l_korean.yml,904,state,true,,크렘네일루스
STATE_KEIFELROXH,korean,0,케이펠로스,localization/korean/map/states_l_korean.yml,905,state,true,,케이펠로스
STATE_MEXHTELROXH,korean,0,메스텔로스,localization/korean/map/states_l_korean.yml,906,state,true,,메스텔로스
STATE_KIZELRUVELTH,korean,0,키젤루벨트,localization/korean/map/states_l_korean.yml,907,state,true,,키젤루벨트
STATE_ZERVELTH,korean,0,제르벨트,localization/korean/map/states_l_korean.yml,908,state,true,,제르벨트
STATE_YULRINSK,korean,0,율린스크,localization/korean/map/states_l_korean.yml,909,state,true,,율린스크
STATE_KARDALRUXH,korean,0,카르달루스,localization/korean/map/states_l_korean.yml,910,state,true,,카르달루스
STATE_ENDILROXH,korean,0,엔딜로스,localization/korean/map/states_l_korean.yml,911,state,true,,엔딜로스
STATE_VEXHTELROXH,korean,0,베스텔로스,localization/korean/map/states_l_korean.yml,912,state,true,,베스텔로스
STATE_OXHILROXH,korean,0,오스일로스,localization/korean/map/states_l_korean.yml,913,state,true,,오스일로스
STATE_SAILROXH,korean,0,사일로스,localization/korean/map/states_l_korean.yml,914,state,true,,사일로스
STATE_GRUHNVELROXH,korean,0,그룬벨로스,localization/korean/map/states_l_korean.yml,915,state,true,,그룬벨로스
STATE_NORELROXH,korean,0,노렐로스,localization/korean/map/states_l_korean.yml,916,state,true,,노렐로스
STATE_VHWELRANVERKH,korean,0,브웰란베르크,localization/korean/map/states_l_korean.yml,917,state,true,,브웰란베르크
STATE_SHOVHRACZTA,korean,0,쇼브라츠타,localization/korean/map/states_l_korean.yml,918,state,true,,쇼브라츠타
STATE_NIEVELRACZTA,korean,0,니에벨라츠타,localization/korean/map/states_l_korean.yml,919,state,true,,니에벨라츠타
STATE_AVERDHVERKH,korean,0,아베르드베르크,localization/korean/map/states_l_korean.yml,920,state,true,,아베르드베르크
STATE_ASRINVERKH,korean,0,아스린베르크,localization/korean/map/states_l_korean.yml,921,state,true,,아스린베르크
STATE_ESTANVERKH,korean,0,에스탄베르크,localization/korean/map/states_l_korean.yml,922,state,true,,에스탄베르크
STATE_KEFELRONIAH,korean,0,케펠로니아,localization/korean/map/states_l_korean.yml,923,state,true,,케펠로니아
STATE_ISTELVELROTS,korean,0,이스텔벨로츠,localization/korean/map/states_l_korean.yml,924,state,true,,이스텔벨로츠
STATE_NORETELVELRAROTS,korean,0,노레텔벨라로츠,localization/korean/map/states_l_korean.yml,925,state,true,,노레텔벨라로츠
STATE_RESTOLRIAH,korean,0,레스톨리아,localization/korean/map/states_l_korean.yml,926,state,true,,레스톨리아
STATE_SIRVENDALVERKH,korean,0,시르벤달베르크,localization/korean/map/states_l_korean.yml,927,state,true,,시르벤달베르크
STATE_AISDANTSVERKH,korean,0,아이스단츠베르크,localization/korean/map/states_l_korean.yml,928,state,true,,아이스단츠베르크
STATE_REVLRUPAH,korean,0,레블루파,localization/korean/map/states_l_korean.yml,929,state,true,,레블루파
STATE_KAISEPHSONAH,korean,0,카이세프소나,localization/korean/map/states_l_korean.yml,930,state,true,,카이세프소나
STATE_INSPHSONAH,korean,0,인스프소나,localization/korean/map/states_l_korean.yml,931,state,true,,인스프소나
STATE_SHUNIHISVERKH,korean,0,슈니히스베르크,localization/korean/map/states_l_korean.yml,932,state,true,,슈니히스베르크
STATE_SEAHVALRANDORH,korean,0,세아발란도르,localization/korean/map/states_l_korean.yml,933,state,true,,세아발란도르
STATE_STELVENDRUH,korean,0,스텔벤드루,localization/korean/map/states_l_korean.yml,934,state,true,,스텔벤드루
STATE_KALREAHDORH,korean,0,칼레아도르,localization/korean/map/states_l_korean.yml,935,state,true,,칼레아도르
STATE_YURHPOTH,korean,0,유르토프,localization/korean/map/states_l_korean.yml,936,state,true,,유르토프
STATE_EAST_AVALRONTH,korean,0,오스텐아발론트,localization/korean/map/states_l_korean.yml,937,state,true,,오스텐아발론트
STATE_WEST_AVALRONTH,korean,0,베스텐아발론트,localization/korean/map/states_l_korean.yml,938,state,true,,베스텐아발론트
STATE_KUPANHVERKH,korean,0,쿠판베르크,localization/korean/map/states_l_korean.yml,939,state,true,,쿠판베르크
STATE_TIOTUHN,korean,0,티오툰,localization/korean/map/states_l_korean.yml,940,state,true,,티오툰
STATE_ZERLRANFIL,korean,0,제를란필,localization/korean/map/states_l_korean.yml,941,state,true,,제를란필
STATE_YUSELRATAH,korean,0,유셀라타,localization/korean/map/states_l_korean.yml,942,state,true,,유셀라타
STATE_VIONILRAFIL,korean,0,비오닐라필,localization/korean/map/states_l_korean.yml,943,state,true,,비오닐라필
STATE_NIDELTEVHRAITH,korean,0,니델테브라이트,localization/korean/map/states_l_korean.yml,944,state,true,,니델테브라이트
STATE_SARHHALRANVELRUTAH,korean,0,사르할란벨루타,localization/korean/map/states_l_korean.yml,945,state,true,,사르할란벨루타
STATE_KOSRAVELTH,korean,0,코스라벨트,localization/korean/map/states_l_korean.yml,946,state,true,,코스라벨트
STATE_NILRIUTIAH,korean,0,닐리우티아,localization/korean/map/states_l_korean.yml,947,state,true,,닐리우티아
STATE_SARAUTIAH,korean,0,사라우티아,localization/korean/map/states_l_korean.yml,948,state,true,,사라우티아
STATE_KEVHRAHAIM,korean,0,케브라하임,localization/korean/map/states_l_korean.yml,949,state,true,,케브라하임
STATE_KAVELRIRONTH,korean,0,카벨리론트,localization/korean/map/states_l_korean.yml,950,state,true,,카벨리론트
STATE_REVEZLRANTH,korean,0,레베즐란트,localization/korean/map/states_l_korean.yml,951,state,true,,레베즐란트
STATE_ANZHULRANTH,korean,0,안쥴란트,localization/korean/map/states_l_korean.yml,952,state,true,,안쥴란트
STATE_ZERNIAH,korean,0,제르니아,localization/korean/map/states_l_korean.yml,953,state,true,,제르니아
STATE_CZYUELRONTH,korean,0,츄엘론트,localization/korean/map/states_l_korean.yml,954,state,true,,츄엘론트
STATE_REINVEXH,korean,0,레인베스,localization/korean/map/states_l_korean.yml,955,state,true,,레인베스
STATE_YUZELRHNIAH,korean,0,유젤르니아,localization/korean/map/states_l_korean.yml,956,state,true,,유젤르니아
STATE_IMPOTEXH,korean,0,임포테스,localization/korean/map/states_l_korean.yml,957,state,true,,임포테스
STATE_VESTRIVUATH,korean,0,베스트리부아트,localization/korean/map/states_l_korean.yml,958,state,true,,베스트리부아트
STATE_OSTAKELSCHUKENTH,korean,0,오스타켈슈켄트,localization/korean/map/states_l_korean.yml,959,state,true,,오스타켈슈켄트
STATE_EAHRATAH,korean,0,에아라타,localization/korean/map/states_l_korean.yml,960,state,true,,에아라타
STATE_DE_VLRANKA,korean,0,데 블랑카,localization/korean/map/states_l_korean.yml,963,state,true,,데 블랑카
STATE_KASHU_AFRAM,korean,0,카슈 아프람,localization/korean/map/states_l_korean.yml,964,state,true,,카슈 아프람
STATE_SOVDE_AVRAH,korean,0,소브데 아브라,localization/korean/map/states_l_korean.yml,965,state,true,,소브데 아브라
STATE_KENTAPOXH_REVHRAH,korean,0,켄타포스 레브라,localization/korean/map/states_l_korean.yml,966,state,true,,켄타포스 레브라
STATE_YUSTAPOXH_RIOHVTAH,korean,0,유스타포스 리오브타,localization/korean/map/states_l_korean.yml,967,state,true,,유스타포스 리오브타
STATE_NARDENSTIAH,korean,0,나르덴스티아,localization/korean/map/states_l_korean.yml,968,state,true,,나르덴스티아
STATE_VEEHSNIAH,korean,0,베에스니아,localization/korean/map/states_l_korean.yml,969,state,true,,베에스니아
STATE_KHROSTIAH,korean,0,크로스티아,localization/korean/map/states_l_korean.yml,970,state,true,,크로스티아
STATE_DEILRATINYA,korean,0,데일라티냐,localization/korean/map/states_l_korean.yml,971,state,true,,데일라티냐
STATE_PORTUDESA,korean,0,포르투데사,localization/korean/map/states_l_korean.yml,972,state,true,,포르투데사
STATE_NAINSTUTH,korean,0,나인스투트,localization/korean/map/states_l_korean.yml,973,state,true,,나인스투트
STATE_INTAVHRANYA,korean,0,인타브라냐,localization/korean/map/states_l_korean.yml,974,state,true,,인타브라냐
STATE_AIXH_TEIVRANYA,korean,0,아이스 테이브라냐,localization/korean/map/states_l_korean.yml,975,state,true,,아이스 테이브라냐
STATE_PORTE_DE_XHEIAN,korean,0,포르테 데 셰이안,localization/korean/map/states_l_korean.yml,976,state,true,,포르테 데 셰이안
STATE_RITOSKANYA,korean,0,리토스카냐,localization/korean/map/states_l_korean.yml,977,state,true,,리토스카냐
STATE_EINSPAKTH,korean,0,에인스팍트,localization/korean/map/states_l_korean.yml,978,state,true,,에인스팍트
STATE_KAIVELZIEN,korean,0,카이벨지엔,localization/korean/map/states_l_korean.yml,979,state,true,,카이벨지엔
STATE_SHUROZIEN,korean,0,슈로지엔,localization/korean/map/states_l_korean.yml,980,state,true,,슈로지엔
STATE_KEIGENSPANTH,korean,0,케이겐스판트,localization/korean/map/states_l_korean.yml,981,state,true,,케이겐스판트
STATE_RUTOXHISKA,korean,0,루토시스카,localization/korean/map/states_l_korean.yml,982,state,true,,루토시스카
STATE_KAIVXISTANYA,korean,0,카이브시스타냐,localization/korean/map/states_l_korean.yml,983,state,true,,카이브시스타냐
STATE_PARTEM_DE_ESTANYA,korean,0,파르템 데 에스타냐,localization/korean/map/states_l_korean.yml,984,state,true,,파르템 데 에스타냐
STATE_INTOPELZIEN,korean,0,인토펠지엔,localization/korean/map/states_l_korean.yml,985,state,true,,인토펠지엔
STATE_ZEIPELZETH,korean,0,제이펠제트,localization/korean/map/states_l_korean.yml,986,state,true,,제이펠제트
STATE_KASA_DE_ARVAHN,korean,0,카사 데 아르반,localization/korean/map/states_l_korean.yml,987,state,true,,카사 데 아르반
STATE_SAIKALRATAH,korean,0,사이칼라타,localization/korean/map/states_l_korean.yml,988,state,true,,사이칼라타
STATE_HOVHRATAH,korean,0,호브라타,localization/korean/map/states_l_korean.yml,989,state,true,,호브라타
STATE_NORDAN_XHEIAN,korean,0,노르단 셰이안,localization/korean/map/states_l_korean.yml,990,state,true,,노르단 셰이안
STATE_KAIVRANTANSTAH,korean,0,카이브란탄스타,localization/korean/map/states_l_korean.yml,991,state,true,,카이브란탄스타
STATE_OVRASKANYA,korean,0,오브라스카냐,localization/korean/map/states_l_korean.yml,992,state,true,,오브라스카냐
STATE_INDETENRUTH,korean,0,인데텐루트,localization/korean/map/states_l_korean.yml,993,state,true,,인데텐루트
STATE_KASTALRATEN,korean,0,카스탈라텐,localization/korean/map/states_l_korean.yml,994,state,true,,카스탈라텐
STATE_RAIVARDEHN,korean,0,라이바르덴,localization/korean/map/states_l_korean.yml,995,state,true,,라이바르덴
STATE_AIOHDOLRAXH,korean,0,아이오돌라스,localization/korean/map/states_l_korean.yml,996,state,true,,아이오돌라스
STATE_KISEL_DE_RAAHVHDAH,korean,0,키셀 데 라아브다,localization/korean/map/states_l_korean.yml,997,state,true,,키셀 데 라아브다
STATE_NORDENSIUXH,korean,0,노르덴시우스,localization/korean/map/states_l_korean.yml,998,state,true,,노르덴시우스
STATE_PARTENSEMAN,korean,0,파르텐세만,localization/korean/map/states_l_korean.yml,999,state,true,,파르텐세만
STATE_KIPUSTANCZAH,korean,0,키푸스탄차,localization/korean/map/states_l_korean.yml,1000,state,true,,키푸스탄차
STATE_HYUSTELRANTH,korean,0,휴스텔란트,localization/korean/map/states_l_korean.yml,1001,state,true,,휴스텔란트
STATE_DARDAHNSIUXH,korean,0,다르단시우스,localization/korean/map/states_l_korean.yml,1002,state,true,,다르단시우스
STATE_KISTANVARTANAH,korean,0,키스탄바르타나,localization/korean/map/states_l_korean.yml,1003,state,true,,키스탄바르타나
STATE_IUSTALRANYA,korean,0,이우스탈라냐,localization/korean/map/states_l_korean.yml,1004,state,true,,이우스탈라냐
STATE_AIODORANYA,korean,0,아이오도라냐,localization/korean/map/states_l_korean.yml,1005,state,true,,아이오도라냐
STATE_KEPATALRANYA,korean,0,케파탈라냐,localization/korean/map/states_l_korean.yml,1006,state,true,,케파탈라냐
STATE_ROVTEIVHRANYA,korean,0,로브테이브라냐,localization/korean/map/states_l_korean.yml,1007,state,true,,로브테이브라냐
STATE_DAIRIOVHTAH,korean,0,다이리오브타,localization/korean/map/states_l_korean.yml,1008,state,true,,다이리오브타
STATE_OIPUTANCZAH,korean,0,오이푸탄차,localization/korean/map/states_l_korean.yml,1009,state,true,,오이푸탄차
STATE_KAIN_DE_RASNAH,korean,0,카인 데 라스나,localization/korean/map/states_l_korean.yml,1010,state,true,,카인 데 라스나
STATE_NOVOAISTANCZAH,korean,0,노보아이스탄차,localization/korean/map/states_l_korean.yml,1011,state,true,,노보아이스탄차
STATE_RUSVELRATARH,korean,0,루스벨라타르,localization/korean/map/states_l_korean.yml,1012,state,true,,루스벨라타르
STATE_EIVHRALTARH,korean,0,에이브랄타르,localization/korean/map/states_l_korean.yml,1013,state,true,,에이브랄타르
STATE_INTOSISKANTH,korean,0,인토시스칸트,localization/korean/map/states_l_korean.yml,1014,state,true,,인토시스칸트
STATE_USTANVARTANAH,korean,0,우스탄바르타나,localization/korean/map/states_l_korean.yml,1015,state,true,,우스탄바르타나
STATE_ONTORUMEXH,korean,0,온토루메스,localization/korean/map/states_l_korean.yml,1016,state,true,,온토루메스
STATE_PORTU_DE_HASARH,korean,0,포르투 데 하사르,localization/korean/map/states_l_korean.yml,1017,state,true,,포르투 데 하사르
STATE_DYURHDALRANTH,korean,0,듀르달란트,localization/korean/map/states_l_korean.yml,1018,state,true,,듀르달란트
STATE_TASCZRIUH,korean,0,타스츠리우,localization/korean/map/states_l_korean.yml,1019,state,true,,타스츠리우
STATE_GARSHINCZISTAH,korean,0,가르신치스타,localization/korean/map/states_l_korean.yml,1020,state,true,,가르신치스타
STATE_KENTAIMVILRAH,korean,0,켄타임빌라,localization/korean/map/states_l_korean.yml,1021,state,true,,켄타임빌라
STATE_KAPVELRANZAH,korean,0,캅벨란자,localization/korean/map/states_l_korean.yml,1022,state,true,,캅벨란자
STATE_INDORSHIA,korean,0,인도르시아,localization/korean/map/states_l_korean.yml,1025,state,true,,인도르시아
STATE_KURSTAL,korean,0,쿠르스탈,localization/korean/map/states_l_korean.yml,1026,state,true,,쿠르스탈
STATE_SEILRUVILRANIAH,korean,0,세일루빌라니아,localization/korean/map/states_l_korean.yml,1027,state,true,,세일루빌라니아
STATE_RUVXSEVLRAHN,korean,0,루브스세블란,localization/korean/map/states_l_korean.yml,1028,state,true,,루브스세블란
STATE_KEAHSEVLRAHN,korean,0,케아세블란,localization/korean/map/states_l_korean.yml,1029,state,true,,케아세블란
STATE_RAISVANTIYUEM,korean,0,라이스반티움,localization/korean/map/states_l_korean.yml,1030,state,true,,라이스반티움
STATE_KOVRATANTIYUEM,korean,0,코브라탄티움,localization/korean/map/states_l_korean.yml,1031,state,true,,코브라탄티움
STATE_AISPANTATIYUEM,korean,0,아이스판타티움,localization/korean/map/states_l_korean.yml,1032,state,true,,아이스판타티움
STATE_INDERTENZIOLRADH,korean,0,인데르텐지올라드,localization/korean/map/states_l_korean.yml,1033,state,true,,인데르텐지올라드
STATE_VESTALRINGRAD,korean,0,베스탈린그라드,localization/korean/map/states_l_korean.yml,1034,state,true,,베스탈린그라드
STATE_OISTANTIYUEM,korean,0,오이스탄티움,localization/korean/map/states_l_korean.yml,1035,state,true,,오이스탄티움
STATE_VENSTANTIYUEM,korean,0,벤스탄티움,localization/korean/map/states_l_korean.yml,1036,state,true,,벤스탄티움
STATE_KASHUTHAIM,korean,0,카슈트하임,localization/korean/map/states_l_korean.yml,1037,state,true,,카슈트하임
STATE_SAVARNANCZATH,korean,0,사바르난차트,localization/korean/map/states_l_korean.yml,1038,state,true,,사바르난차트
STATE_NIYULRUHNTANTANIAH,korean,0,니율룬탄타니아,localization/korean/map/states_l_korean.yml,1039,state,true,,니율룬탄타니아
STATE_MYUSELRATANTIYUEM,korean,0,뮤셀라탄티움,localization/korean/map/states_l_korean.yml,1040,state,true,,뮤셀라탄티움
STATE_KAENHAIMTS,korean,0,카엔하임츠,localization/korean/map/states_l_korean.yml,1041,state,true,,카엔하임츠
STATE_RUTOSTALRANYA,korean,0,루토스탈라냐,localization/korean/map/states_l_korean.yml,1042,state,true,,루토스탈라냐
STATE_KONSTALRANIYUEM,korean,0,콘스탈라니움,localization/korean/map/states_l_korean.yml,1043,state,true,,콘스탈라니움
STATE_KAINHANSLRANTH,korean,0,카인한슬란트,localization/korean/map/states_l_korean.yml,1044,state,true,,카인한슬란트
STATE_HEILRUNANXHIA,korean,0,헤일루난시아,localization/korean/map/states_l_korean.yml,1045,state,true,,헤일루난시아
STATE_DERLRAHMXHIUS,korean,0,데를람시우스,localization/korean/map/states_l_korean.yml,1046,state,true,,데를람시우스
STATE_PEDHRELTIYUEM,korean,0,페드렐티움,localization/korean/map/states_l_korean.yml,1047,state,true,,페드렐티움
STATE_YALRARUTH,korean,0,얄라루트,localization/korean/map/states_l_korean.yml,1048,state,true,,얄라루트
STATE_MAINSTSELRAH,korean,0,마인스첼라,localization/korean/map/states_l_korean.yml,1049,state,true,,마인스첼라
STATE_KIVORSTANCZAH,korean,0,키보르스탄차,localization/korean/map/states_l_korean.yml,1050,state,true,,키보르스탄차
STATE_AVHHALRANIAH,korean,0,아브할라니아,localization/korean/map/states_l_korean.yml,1051,state,true,,아브할라니아
STATE_KINKALRUSANTACZAH,korean,0,킨칼루산타차,localization/korean/map/states_l_korean.yml,1052,state,true,,킨칼루산타차
STATE_TYUITENXHIYUEM,korean,0,튜이텐시움,localization/korean/map/states_l_korean.yml,1053,state,true,,튜이텐시움
STATE_VEILRASTANIAH,korean,0,베일라스타니아,localization/korean/map/states_l_korean.yml,1054,state,true,,베일라스타니아
STATE_OSTHINDORSHIA,korean,0,오스트인도르시아,localization/korean/map/states_l_korean.yml,1055,state,true,,오스트인도르시아
STATE_MARGADANTH,korean,0,마르가단트,localization/korean/map/states_l_korean.yml,1056,state,true,,마르가단트
STATE_ORHVORHDAHN,korean,0,오르보르단,localization/korean/map/states_l_korean.yml,1057,state,true,,오르보르단
STATE_KOLROVHDAH,korean,0,콜로브다,localization/korean/map/states_l_korean.yml,1058,state,true,,콜로브다
STATE_RUVELRIELRANTH,korean,0,루벨리엘란트,localization/korean/map/states_l_korean.yml,1059,state,true,,루벨리엘란트
STATE_VESPUTALCZAH,korean,0,베스푸탈차,localization/korean/map/states_l_korean.yml,1060,state,true,,베스푸탈차
STATE_OPOSTALCZAH,korean,0,오포스탈차,localization/korean/map/states_l_korean.yml,1061,state,true,,오포스탈차
STATE_KARDANCZAH,korean,0,카르단차,localization/korean/map/states_l_korean.yml,1062,state,true,,카르단차
STATE_KOLRANTRANIAH,korean,0,콜란트라니아,localization/korean/map/states_l_korean.yml,1063,state,true,,콜란트라니아
STATE_PELRATEMTH,korean,0,펠라템트,localization/korean/map/states_l_korean.yml,1064,state,true,,펠라템트
STATE_KINTAEHVLRANTH,korean,0,킨타에블랑트,localization/korean/map/states_l_korean.yml,1065,state,true,,킨타에블랑트
STATE_KUPHSTALRACZAH,korean,0,쿠프스탈라차,localization/korean/map/states_l_korean.yml,1066,state,true,,쿠프스탈라차
STATE_EPLRATALTZ,korean,0,에플라탈츠,localization/korean/map/states_l_korean.yml,1067,state,true,,에플라탈츠
STATE_GLRUDERN,korean,0,글루데른,localization/korean/map/states_l_korean.yml,1068,state,true,,글루데른
STATE_SIODOLRANTAXHIA,korean,0,시오돌란타시아,localization/korean/map/states_l_korean.yml,1069,state,true,,시오돌란타시아
STATE_REVANUSTALRIYA,korean,0,레바누스탈리야,localization/korean/map/states_l_korean.yml,1070,state,true,,레바누스탈리야
STATE_INDANSIONS,korean,0,인단시온스,localization/korean/map/states_l_korean.yml,1071,state,true,,인단시온스
STATE_GALRIERDANXHIA,korean,0,갈리에르단시아,localization/korean/map/states_l_korean.yml,1072,state,true,,갈리에르단시아
STATE_RADHKASHA,korean,0,라드카샤,localization/korean/map/states_l_korean.yml,1073,state,true,,라드카샤
STATE_ROVONORXHIYA,korean,0,로보노르시야,localization/korean/map/states_l_korean.yml,1074,state,true,,로보노르시야
STATE_ELRADHRUHN,korean,0,엘라드룬,localization/korean/map/states_l_korean.yml,1075,state,true,,엘라드룬
STATE_KENSTARCZAH,korean,0,켄스타르차,localization/korean/map/states_l_korean.yml,1076,state,true,,켄스타르차
STATE_RIXHULRIENTH,korean,0,리슐리엔트,localization/korean/map/states_l_korean.yml,1077,state,true,,리슐리엔트
STATE_SAIRODANSHA,korean,0,사이로단샤,localization/korean/map/states_l_korean.yml,1078,state,true,,사이로단샤
STATE_ENDERHDAVROSHA,korean,0,엔데르다브로샤,localization/korean/map/states_l_korean.yml,1079,state,true,,엔데르다브로샤
STATE_RIUDANCZAH,korean,0,리우단차,localization/korean/map/states_l_korean.yml,1080,state,true,,리우단차
STATE_KAIVENDIRATH,korean,0,카이벤디라트,localization/korean/map/states_l_korean.yml,1081,state,true,,카이벤디라트
STATE_DARVAESELRAM,korean,0,다르바에셀람,localization/korean/map/states_l_korean.yml,1084,state,true,,다르바에셀람
STATE_NIRVAHNDESLRANTH,korean,0,니르반데슬란트,localization/korean/map/states_l_korean.yml,1085,state,true,,니르반데슬란트
STATE_KANTAIVEHNSELRAM,korean,0,칸타이벤셀람,localization/korean/map/states_l_korean.yml,1086,state,true,,칸타이벤셀람
STATE_RIODORHPALRANKA,korean,0,리오도르팔랑카,localization/korean/map/states_l_korean.yml,1087,state,true,,리오도르팔랑카
STATE_RUSHEVELRANTH,korean,0,루스에벨란트,localization/korean/map/states_l_korean.yml,1088,state,true,,루스에벨란트
STATE_KINCZEIVELRAKAHN,korean,0,킨체이벨라칸,localization/korean/map/states_l_korean.yml,1089,state,true,,킨체이벨라칸
STATE_KINTAVALRERADAH,korean,0,킨타발레라다,localization/korean/map/states_l_korean.yml,1090,state,true,,킨타발레라다
STATE_KUSRAIVELRAHM,korean,0,쿠스라이벨람,localization/korean/map/states_l_korean.yml,1091,state,true,,쿠스라이벨람
STATE_RAHAVELRADAHN,korean,0,라하벨라단,localization/korean/map/states_l_korean.yml,1092,state,true,,라하벨라단
STATE_AKAELRUDAHN,korean,0,아카엘루단,localization/korean/map/states_l_korean.yml,1093,state,true,,아카엘루단
STATE_NILRUDANTS,korean,0,닐루단츠,localization/korean/map/states_l_korean.yml,1094,state,true,,닐루단츠
STATE_SILRYUDEANTS,korean,0,실류데안츠,localization/korean/map/states_l_korean.yml,1095,state,true,,실류데안츠
STATE_ROSTONDELRANYA,korean,0,로스톤델라냐,localization/korean/map/states_l_korean.yml,1096,state,true,,로스톤델라냐
STATE_HAPRIERDAH,korean,0,합리에르다,localization/korean/map/states_l_korean.yml,1097,state,true,,합리에르다
STATE_PAIENSNIAH,korean,0,파이엔스니아,localization/korean/map/states_l_korean.yml,1098,state,true,,파이엔스니아
STATE_DIYULRIVELRANTH,korean,0,디율리벨란트,localization/korean/map/states_l_korean.yml,1099,state,true,,디율리벨란트
STATE_ATZELRANTO,korean,0,아첼란토,localization/korean/map/states_l_korean.yml,1100,state,true,,아첼란토
STATE_KAIVANTANGRAD,korean,0,카이반탄그라드,localization/korean/map/states_l_korean.yml,1101,state,true,,카이반탄그라드
STATE_RIESELRANTO,korean,0,리에셀란토,localization/korean/map/states_l_korean.yml,1102,state,true,,리에셀란토
STATE_RUNALRENANTZATH,korean,0,루날레난차트,localization/korean/map/states_l_korean.yml,1103,state,true,,루날레난차트
STATE_TAIRELZENPARTAH,korean,0,타이렐젠파르타,localization/korean/map/states_l_korean.yml,1104,state,true,,타이렐젠파르타
STATE_ASITANTARU,korean,0,아시탄타루,localization/korean/map/states_l_korean.yml,1105,state,true,,아시탄타루
STATE_RUTAXHENTASA,korean,0,루타셴타사,localization/korean/map/states_l_korean.yml,1106,state,true,,루타셴타사
STATE_KAIHAIVAHN,korean,0,카이하이반,localization/korean/map/states_l_korean.yml,1107,state,true,,카이하이반
STATE_KALRAIDANTAH,korean,0,칼라이단타,localization/korean/map/states_l_korean.yml,1108,state,true,,칼라이단타
STATE_AIVOLRUTAH,korean,0,아이볼루타,localization/korean/map/states_l_korean.yml,1109,state,true,,아이볼루타
STATE_RIKIVANSNACZAH,korean,0,리키반스나차,localization/korean/map/states_l_korean.yml,1110,state,true,,리키반스나차
STATE_KUSPELRAHAN,korean,0,쿠스펠라한,localization/korean/map/states_l_korean.yml,1111,state,true,,쿠스펠라한
STATE_HAIHELRAHUTAH,korean,0,하이헬라후타,localization/korean/map/states_l_korean.yml,1112,state,true,,하이헬라후타
STATE_NIVELRANTACZ,korean,0,니벨란타츠,localization/korean/map/states_l_korean.yml,1113,state,true,,니벨란타츠
STATE_NEIDALRANTZ,korean,0,네이달란츠,localization/korean/map/states_l_korean.yml,1114,state,true,,네이달란츠
STATE_KIEPH,korean,0,키에프,localization/korean/map/states_l_korean.yml,1115,state,true,,키에프
STATE_RASKAPARTAN,korean,0,라스카파르탄,localization/korean/map/states_l_korean.yml,1116,state,true,,라스카파르탄
STATE_HIDALRARANTS,korean,0,히달라란츠,localization/korean/map/states_l_korean.yml,1117,state,true,,히달라란츠
STATE_SAIVELRANTRAIAH,korean,0,사이벨란트라이아,localization/korean/map/states_l_korean.yml,1118,state,true,,사이벨란트라이아
STATE_NAIYULRANTS,korean,0,나이율란츠,localization/korean/map/states_l_korean.yml,1119,state,true,,나이율란츠
STATE_NAIVANTOTS,korean,0,나이반토츠,localization/korean/map/states_l_korean.yml,1120,state,true,,나이반토츠
STATE_NAIDELREPH,korean,0,나이델레프,localization/korean/map/states_l_korean.yml,1121,state,true,,나이델레프
STATE_VEEMENTH,korean,0,베에멘트,localization/korean/map/states_l_korean.yml,1122,state,true,,베에멘트
STATE_INSZHULRETENVERKH,korean,0,인스쥴레텐베르크,localization/korean/map/states_l_korean.yml,1123,state,true,,인스쥴레텐베르크
STATE_KOLROXHEL,korean,0,콜로셸,localization/korean/map/states_l_korean.yml,1124,state,true,,콜로셸
STATE_KIELRASHUVDAH,korean,0,키엘라슈브다,localization/korean/map/states_l_korean.yml,1125,state,true,,키엘라슈브다
STATE_XHEIMANSTANCZAH,korean,0,셰이만스탄차,localization/korean/map/states_l_korean.yml,1126,state,true,,셰이만스탄차
STATE_INTORMANTH,korean,0,인토르만트,localization/korean/map/states_l_korean.yml,1127,state,true,,인토르만트
STATE_KAPHKAZIYA,korean,0,카프카지야,localization/korean/map/states_l_korean.yml,1128,state,true,,카프카지야
STATE_NARAVENVHDAH,korean,0,나라벤브다,localization/korean/map/states_l_korean.yml,1129,state,true,,나라벤브다
STATE_SETOSILRANTH,korean,0,세토실란트,localization/korean/map/states_l_korean.yml,1130,state,true,,세토실란트
STATE_KAIVENTATH,korean,0,카이벤타트,localization/korean/map/states_l_korean.yml,1131,state,true,,카이벤타트
STATE_KORPINTS,korean,0,코르핀츠,localization/korean/map/states_l_korean.yml,1132,state,true,,코르핀츠
STATE_IORANTOTS,korean,0,이오란토츠,localization/korean/map/states_l_korean.yml,1133,state,true,,이오란토츠
STATE_RIOTOLRANTH,korean,0,리오톨란트,localization/korean/map/states_l_korean.yml,1134,state,true,,리오톨란트
STATE_NAIMANSKAYA,korean,0,나이만스카야,localization/korean/map/states_l_korean.yml,1135,state,true,,나이만스카야
STATE_NAIROVANIAH,korean,0,나이로바니아,localization/korean/map/states_l_korean.yml,1136,state,true,,나이로바니아
STATE_SARVANTALRANTH,korean,0,사르반탈란트,localization/korean/map/states_l_korean.yml,1137,state,true,,사르반탈란트
STATE_DONTORIVELRIKAYA,korean,0,돈토리벨리카야,localization/korean/map/states_l_korean.yml,1138,state,true,,돈토리벨리카야
STATE_KOVHRADELRANYA,korean,0,코브라델라냐,localization/korean/map/states_l_korean.yml,1139,state,true,,코브라델라냐
STATE_RAIDONYA,korean,0,라이도냐,localization/korean/map/states_l_korean.yml,1140,state,true,,라이도냐
STATE_RUSTANVELRIKAYA,korean,0,루스탄벨리카야,localization/korean/map/states_l_korean.yml,1141,state,true,,루스탄벨리카야
STATE_KUPSKANTH,korean,0,쿱스칸트,localization/korean/map/states_l_korean.yml,1142,state,true,,쿱스칸트
STATE_UKREINRANTH,korean,0,우크레인란트,localization/korean/map/states_l_korean.yml,1143,state,true,,우크레인란트
STATE_DONIAARVHUTH,korean,0,도니아아르뷰트,localization/korean/map/states_l_korean.yml,1144,state,true,,도니아아르뷰트
STATE_NORVANTHNIAH,korean,0,노르반트니아,localization/korean/map/states_l_korean.yml,1145,state,true,,노르반트니아
STATE_DELRIARVHUTH,korean,0,델리아르뷰트,localization/korean/map/states_l_korean.yml,1146,state,true,,델리아르뷰트
STATE_INTORIVASKAYA,korean,0,인토리바스카야,localization/korean/map/states_l_korean.yml,1147,state,true,,인토리바스카야
STATE_UNDRANDATH,korean,0,운드란다트,localization/korean/map/states_l_korean.yml,1148,state,true,,운드란다트
STATE_RINTACZAHVERKH,korean,0,린타차베르크,localization/korean/map/states_l_korean.yml,1149,state,true,,린타차베르크
STATE_KIUYESTAH,korean,0,키우예스타,localization/korean/map/states_l_korean.yml,1150,state,true,,키우예스타
STATE_RUERVANDORH,korean,0,루에르반도르,localization/korean/map/states_l_korean.yml,1151,state,true,,루에르반도르
STATE_KINTAINZIVELRAH,korean,0,킨타인지벨라,localization/korean/map/states_l_korean.yml,1152,state,true,,킨타인지벨라
STATE_MORTALRAZIAH,korean,0,모르탈라지아,localization/korean/map/states_l_korean.yml,1153,state,true,,모르탈라지아
STATE_RUVASTANYA,korean,0,루바스타냐,localization/korean/map/states_l_korean.yml,1154,state,true,,루바스타냐
STATE_CZEHHNYA,korean,0,체흐냐,localization/korean/map/states_l_korean.yml,1155,state,true,,체흐냐
STATE_KUTOXHIVLRANKA,korean,0,쿠토시블랑카,localization/korean/map/states_l_korean.yml,1156,state,true,,쿠토시블랑카
STATE_YEREVANIAH,korean,0,예레바니아,localization/korean/map/states_l_korean.yml,1157,state,true,,예레바니아
STATE_HARVANSK,korean,0,하르반스크,localization/korean/map/states_l_korean.yml,1158,state,true,,하르반스크
STATE_INPUVLRANTH,korean,0,인푸블란트,localization/korean/map/states_l_korean.yml,1159,state,true,,인푸블란트
STATE_RIKUSDANSKA,korean,0,리쿠스단스카,localization/korean/map/states_l_korean.yml,1160,state,true,,리쿠스단스카
STATE_RUTAXHENTANYA,korean,0,루타셴타냐,localization/korean/map/states_l_korean.yml,1161,state,true,,루타셴타냐
STATE_YERVESOUDEN,korean,0,예르베소우덴,localization/korean/map/states_l_korean.yml,1162,state,true,,예르베소우덴
STATE_KATOXIE,korean,0,카토시에,localization/korean/map/states_l_korean.yml,1163,state,true,,카토시에
STATE_KATOVARCZE,korean,0,카토바르체,localization/korean/map/states_l_korean.yml,1164,state,true,,카토바르체
STATE_ROVANSK,korean,0,로반스크,localization/korean/map/states_l_korean.yml,1165,state,true,,로반스크
STATE_RAIVRANTH,korean,0,라이브란트,localization/korean/map/states_l_korean.yml,1166,state,true,,라이브란트
STATE_RAVENTELRINVERKH,korean,0,라벤텔린베르크,localization/korean/map/states_l_korean.yml,1167,state,true,,라벤텔린베르크
STATE_PORTE_DE_SIUSLRAH,korean,0,포르테 데 시우슬라,localization/korean/map/states_l_korean.yml,1168,state,true,,포르테 데 시우슬라
STATE_NARDANTANTH,korean,0,나르단탄트,localization/korean/map/states_l_korean.yml,1169,state,true,,나르단탄트
STATE_YARKANTENIAH,korean,0,야르칸테니아,localization/korean/map/states_l_korean.yml,1172,state,true,,야르칸테니아
STATE_KURSPANCZELRIAH,korean,0,쿠르스판첼리아,localization/korean/map/states_l_korean.yml,1173,state,true,,쿠르스판첼리아
STATE_PELRIASTENEAH,korean,0,펠리아스테네아,localization/korean/map/states_l_korean.yml,1174,state,true,,펠리아스테네아
STATE_ERTSIRN,korean,0,에르치른,localization/korean/map/states_l_korean.yml,1175,state,true,,에르치른
STATE_KAFALRETSIRN,korean,0,카팔레치른,localization/korean/map/states_l_korean.yml,1176,state,true,,카팔레치른
STATE_RAVARHTSIRN,korean,0,라바르치른,localization/korean/map/states_l_korean.yml,1177,state,true,,라바르치른
STATE_KURENSVATENEAH,korean,0,쿠렌스바테네아,localization/korean/map/states_l_korean.yml,1178,state,true,,쿠렌스바테네아
STATE_KAHHKUTA,korean,0,카흐쿠타,localization/korean/map/states_l_korean.yml,1179,state,true,,카흐쿠타
STATE_NERVADANTH,korean,0,네르바단트,localization/korean/map/states_l_korean.yml,1180,state,true,,네르바단트
STATE_SETOENVELRANKA,korean,0,세토엔벨란카,localization/korean/map/states_l_korean.yml,1181,state,true,,세토엔벨란카
STATE_AIVLRANKA,korean,0,아이블랑카,localization/korean/map/states_l_korean.yml,1182,state,true,,아이블랑카
STATE_SEIDERAKENTH,korean,0,세이데라켄트,localization/korean/map/states_l_korean.yml,1183,state,true,,세이데라켄트
STATE_OSTVELRORANTH,korean,0,오스트벨로란트,localization/korean/map/states_l_korean.yml,1184,state,true,,오스트벨로란트
STATE_SAIDENZERHKELRANTH,korean,0,사이덴제르켈란트,localization/korean/map/states_l_korean.yml,1185,state,true,,사이덴제르켈란트
STATE_ASKENTANIAH,korean,0,아스켄타니아,localization/korean/map/states_l_korean.yml,1186,state,true,,아스켄타니아
STATE_DELRASKAVAH,korean,0,델라스카바,localization/korean/map/states_l_korean.yml,1187,state,true,,델라스카바
STATE_KUSDAKENTA,korean,0,쿠스다켄타,localization/korean/map/states_l_korean.yml,1188,state,true,,쿠스다켄타
STATE_DOVHROZELRANTH,korean,0,도브로젤란트,localization/korean/map/states_l_korean.yml,1189,state,true,,도브로젤란트
STATE_NOVAKARUZIAH,korean,0,노바카루지아,localization/korean/map/states_l_korean.yml,1190,state,true,,노바카루지아
STATE_ZAIKARTANTH,korean,0,자이카르탄트,localization/korean/map/states_l_korean.yml,1191,state,true,,자이카르탄트
STATE_SHURODENDELRANTH,korean,0,슈로덴델란트,localization/korean/map/states_l_korean.yml,1192,state,true,,슈로덴델란트
STATE_RIODORONARUTA,korean,0,리오도로나루타,localization/korean/map/states_l_korean.yml,1193,state,true,,리오도로나루타
STATE_RESTAVELRANKA,korean,0,레스타벨랑카,localization/korean/map/states_l_korean.yml,1194,state,true,,레스타벨랑카
STATE_NAIDELKERVANTA,korean,0,나이델케르반타,localization/korean/map/states_l_korean.yml,1195,state,true,,나이델케르반타
STATE_OSTRUEVELRANTH,korean,0,오스트루에벨란트,localization/korean/map/states_l_korean.yml,1196,state,true,,오스트루에벨란트
STATE_ZYURHDELPALRANKA,korean,0,쥬르델팔랑카,localization/korean/map/states_l_korean.yml,1197,state,true,,쥬르델팔랑카
STATE_KELAHRZIUS,korean,0,켈아르지우스,localization/korean/map/states_l_korean.yml,1198,state,true,,켈아르지우스
STATE_RUAKASRAVAH,korean,0,루아카스라바,localization/korean/map/states_l_korean.yml,1199,state,true,,루아카스라바
STATE_KILRAGEZINAH,korean,0,킬라게지나,localization/korean/map/states_l_korean.yml,1200,state,true,,킬라게지나
STATE_RAPASTANIAH,korean,0,라파스타니아,localization/korean/map/states_l_korean.yml,1201,state,true,,라파스타니아
STATE_RAIVENTANIAH,korean,0,라이벤타니아,localization/korean/map/states_l_korean.yml,1202,state,true,,라이벤타니아
STATE_ROUDENKHRAXHIUS,korean,0,로우덴크라시우스,localization/korean/map/states_l_korean.yml,1203,state,true,,로우덴크라시우스
STATE_RIUDANESA,korean,0,리우다네사,localization/korean/map/states_l_korean.yml,1204,state,true,,리우다네사
STATE_OPELRADENSIUS,korean,0,오펠라덴시우스,localization/korean/map/states_l_korean.yml,1205,state,true,,오펠라덴시우스
STATE_KAENVLRADAH,korean,0,카엔블라다,localization/korean/map/states_l_korean.yml,1206,state,true,,카엔블라다
STATE_NARDENSIUS,korean,0,나르덴시우스,localization/korean/map/states_l_korean.yml,1207,state,true,,나르덴시우스
STATE_PALRAKHTAH,korean,0,팔라크타,localization/korean/map/states_l_korean.yml,1208,state,true,,팔라크타
STATE_ZAIDELRURANTH,korean,0,자이델루란트,localization/korean/map/states_l_korean.yml,1209,state,true,,자이델루란트
STATE_CZAIVLRANTH,korean,0,차이블란트,localization/korean/map/states_l_korean.yml,1210,state,true,,차이블란트
STATE_VERSTANTH,korean,0,베르스탄트,localization/korean/map/states_l_korean.yml,1211,state,true,,베르스탄트
STATE_AIVANRUTAH,korean,0,아이반루타,localization/korean/map/states_l_korean.yml,1212,state,true,,아이반루타
STATE_OIDOLRANTH,korean,0,오이돌란트,localization/korean/map/states_l_korean.yml,1213,state,true,,오이돌란트
STATE_ELRIMELRATAH,korean,0,엘리멜라타,localization/korean/map/states_l_korean.yml,1214,state,true,,엘리멜라타
STATE_TIESLRATAH,korean,0,티에슬라타,localization/korean/map/states_l_korean.yml,1215,state,true,,티에슬라타
STATE_SIRVELRUTAH,korean,0,시스벨루타,localization/korean/map/states_l_korean.yml,1216,state,true,,시스벨루타
STATE_TESTARUTAH,korean,0,테스타루타,localization/korean/map/states_l_korean.yml,1217,state,true,,테스타루타
STATE_KOVORUTAH,korean,0,코보루타,localization/korean/map/states_l_korean.yml,1218,state,true,,코보루타
STATE_KASPOTLCZAH,korean,0,카스포틀차,localization/korean/map/states_l_korean.yml,1221,state,true,,카스포틀차
STATE_ELRIARYURHDAH,korean,0,엘리아류르다,localization/korean/map/states_l_korean.yml,1222,state,true,,엘리아류르다
STATE_RULRASTANCZAH,korean,0,룰라스탄차,localization/korean/map/states_l_korean.yml,1223,state,true,,룰라스탄차
STATE_KOSPORANTH,korean,0,코스포란트,localization/korean/map/states_l_korean.yml,1224,state,true,,코스포란트
STATE_IOLRANINTH,korean,0,이올라닌트,localization/korean/map/states_l_korean.yml,1225,state,true,,이올라닌트
STATE_PORTE_DE_AKRAXHION,korean,0,포르테 데 아크라시온,localization/korean/map/states_l_korean.yml,1226,state,true,,포르테 데 아크라시온
STATE_NILRUAVHDAH,korean,0,닐루아브다,localization/korean/map/states_l_korean.yml,1227,state,true,,닐루아브다
STATE_KAIVELRODANTZ,korean,0,카이벨로단츠,localization/korean/map/states_l_korean.yml,1228,state,true,,카이벨로단츠
STATE_KINPHRANANXHINA,korean,0,킨프라난시나,localization/korean/map/states_l_korean.yml,1229,state,true,,킨프라난시나
STATE_NIDETENKALROXHINAN,korean,0,니데텐칼로시난,localization/korean/map/states_l_korean.yml,1230,state,true,,니데텐칼로시난
STATE_RUVELELHALRANTH,korean,0,루벨엘할란트,localization/korean/map/states_l_korean.yml,1231,state,true,,루벨엘할란트
STATE_KANTOVILREXHI,korean,0,칸토빌레시,localization/korean/map/states_l_korean.yml,1232,state,true,,칸토빌레시
STATE_OILRASTANTH,korean,0,오일라스탄트,localization/korean/map/states_l_korean.yml,1233,state,true,,오일라스탄트
STATE_RIBUNANASHI,korean,0,리부나나시,localization/korean/map/states_l_korean.yml,1234,state,true,,리부나나시
STATE_KURVANSK,korean,0,쿠르반스크,localization/korean/map/states_l_korean.yml,1235,state,true,,쿠르반스크
STATE_AUPHSK,korean,0,아우프스크,localization/korean/map/states_l_korean.yml,1236,state,true,,아우프스크
STATE_INTOTARSHIN,korean,0,인토타르신,localization/korean/map/states_l_korean.yml,1237,state,true,,인토타르신
STATE_SETOSILRIANUM,korean,0,세토실리아눔,localization/korean/map/states_l_korean.yml,1238,state,true,,세토실리아눔
STATE_YULRARINIYUEM,korean,0,율라리니움,localization/korean/map/states_l_korean.yml,1239,state,true,,율라리니움
STATE_YUSTANTIYUEM,korean,0,유스탄티움,localization/korean/map/states_l_korean.yml,1240,state,true,,유스탄티움
STATE_NIXIVELRANTH,korean,0,니시벨란트,localization/korean/map/states_l_korean.yml,1241,state,true,,니시벨란트
STATE_RUPAPOLRANCZAH,korean,0,루파폴란차,localization/korean/map/states_l_korean.yml,1242,state,true,,루파폴란차
STATE_OSTPOLRANTH,korean,0,오스트폴란트,localization/korean/map/states_l_korean.yml,1243,state,true,,오스트폴란트
STATE_NELREIKANTZ,korean,0,넬레이칸츠,localization/korean/map/states_l_korean.yml,1244,state,true,,넬레이칸츠
STATE_OSTSHUREIKANTH,korean,0,오스트슈레이칸트,localization/korean/map/states_l_korean.yml,1245,state,true,,오스트슈레이칸트
STATE_NAIDELRANTZ,korean,0,나이델란츠,localization/korean/map/states_l_korean.yml,1246,state,true,,나이델란츠
STATE_AISPOLROTL,korean,0,아이스폴로틀,localization/korean/map/states_l_korean.yml,1249,state,true,,아이스폴로틀
STATE_YELREIVANTH,korean,0,옐레이반트,localization/korean/map/states_l_korean.yml,1250,state,true,,옐레이반트
STATE_XHEILRUVANSK,korean,0,셰일루반스크,localization/korean/map/states_l_korean.yml,1251,state,true,,셰일루반스크
STATE_HAILRUXHIYUEM,korean,0,하일루시움,localization/korean/map/states_l_korean.yml,1252,state,true,,하일루시움
STATE_CZEHKARVAHN,korean,0,체흐카르반,localization/korean/map/states_l_korean.yml,1253,state,true,,체흐카르반
STATE_ANDAILRUNIAH,korean,0,안다일루니아,localization/korean/map/states_l_korean.yml,1254,state,true,,안다일루니아
STATE_ZERVANIAH,korean,0,제르바니아,localization/korean/map/states_l_korean.yml,1255,state,true,,제르바니아
STATE_OPOSHUROENCZAH,korean,0,오포슈로엔차,localization/korean/map/states_l_korean.yml,1256,state,true,,오포슈로엔차
STATE_SOVIENDATANTH,korean,0,소비엔다탄트,localization/korean/map/states_l_korean.yml,1257,state,true,,소비엔다탄트
STATE_ZERCZELRAVIAH,korean,0,제르첼라비아,localization/korean/map/states_l_korean.yml,1258,state,true,,제르첼라비아
STATE_NYUOLRIVANTZ,korean,0,뉴올리반츠,localization/korean/map/states_l_korean.yml,1259,state,true,,뉴올리반츠
STATE_PELRIATZ,korean,0,펠리아츠,localization/korean/map/states_l_korean.yml,1260,state,true,,펠리아츠
STATE_NORTENXHIYUEM,korean,0,노르텐시움,localization/korean/map/states_l_korean.yml,1261,state,true,,노르텐시움
STATE_VESTSHUROKANCZAH,korean,0,베스트슈로칸차,localization/korean/map/states_l_korean.yml,1262,state,true,,베스트슈로칸차
STATE_DEXHRANTHKA,korean,0,데스란트카,localization/korean/map/states_l_korean.yml,1263,state,true,,데스란트카
STATE_SAIROLRUHNTA,korean,0,사이롤룬타,localization/korean/map/states_l_korean.yml,1264,state,true,,사이롤룬타
STATE_ENDELRASHUREIKANTH,korean,0,엔델라슈레이칸트,localization/korean/map/states_l_korean.yml,1265,state,true,,엔델라슈레이칸트
STATE_MAILRUTANTH,korean,0,마일루탄트,localization/korean/map/states_l_korean.yml,1266,state,true,,마일루탄트
STATE_GERMALRINTH,korean,0,게르말린트,localization/korean/map/states_l_korean.yml,1267,state,true,,게르말린트
STATE_RUXHELRANIAH,korean,0,루스엘라니아,localization/korean/map/states_l_korean.yml,1268,state,true,,루스엘라니아
STATE_NIRELRIANCZAL,korean,0,니렐리안찰,localization/korean/map/states_l_korean.yml,1269,state,true,,니렐리안찰
STATE_ELRESTINVERKH,korean,0,엘레스틴베르크,localization/korean/map/states_l_korean.yml,1270,state,true,,엘레스틴베르크
STATE_KARVIHASHI,korean,0,카르비하시,localization/korean/map/states_l_korean.yml,1271,state,true,,카르비하시
STATE_DOSTOYENDAVISHI,korean,0,도스토옌다비시,localization/korean/map/states_l_korean.yml,1272,state,true,,도스토옌다비시
STATE_HAIENDELRAKANTH,korean,0,하이엔델라칸트,localization/korean/map/states_l_korean.yml,1273,state,true,,하이엔델라칸트
STATE_NURVANDEARKA,korean,0,누르반데아르카,localization/korean/map/states_l_korean.yml,1274,state,true,,누르반데아르카
STATE_SAIDELRANIOTS,korean,0,사이델라니오츠,localization/korean/map/states_l_korean.yml,1275,state,true,,사이델라니오츠
STATE_PAIFALRANTA,korean,0,파이팔란타,localization/korean/map/states_l_korean.yml,1276,state,true,,파이팔란타
STATE_RAHADENSUS,korean,0,라하덴수스,localization/korean/map/states_l_korean.yml,1277,state,true,,라하덴수스
STATE_ILKASUS,korean,0,일카수스,localization/korean/map/states_l_korean.yml,1278,state,true,,일카수스
STATE_KUPHSHALTZ,korean,0,쿠프스할츠,localization/korean/map/states_l_korean.yml,1279,state,true,,쿠프스할츠
STATE_RAIDALRANTZ,korean,0,라이달란츠,localization/korean/map/states_l_korean.yml,1280,state,true,,라이달란츠
STATE_KIPOSTORENTH,korean,0,키포스토렌트,localization/korean/map/states_l_korean.yml,1281,state,true,,키포스토렌트
STATE_NAIDETENHARTZ,korean,0,나이데텐하르츠,localization/korean/map/states_l_korean.yml,1282,state,true,,나이데텐하르츠
STATE_ENSTADORH,korean,0,엔스타도르,localization/korean/map/states_l_korean.yml,1283,state,true,,엔스타도르
STATE_KOPRHANS,korean,0,코프르한스,localization/korean/map/states_l_korean.yml,1284,state,true,,코프르한스
STATE_ROPHSKU,korean,0,로프스쿠,localization/korean/map/states_l_korean.yml,1285,state,true,,로프스쿠
STATE_KONSPALRATIYUEM,korean,0,콘스팔라티움,localization/korean/map/states_l_korean.yml,1286,state,true,,콘스팔라티움
STATE_AILRUUENTH,korean,0,아일루우엔트,localization/korean/map/states_l_korean.yml,1287,state,true,,아일루우엔트
STATE_AUSHELRAPENTH,korean,0,아우스헬라판트,localization/korean/map/states_l_korean.yml,1288,state,true,,아우스헬라판트
STATE_SHUSTANTIYUEM,korean,0,슈스탄티움,localization/korean/map/states_l_korean.yml,1289,state,true,,슈스탄티움
STATE_KANTAVELRANTH,korean,0,칸타벨란트,localization/korean/map/states_l_korean.yml,1290,state,true,,칸타벨란트
STATE_ZAFIANHELRAFANTH,korean,0,자피안헬라판트,localization/korean/map/states_l_korean.yml,1291,state,true,,자피안헬라판트
STATE_OSTHELRAFANTH,korean,0,오스트헬라판트,localization/korean/map/states_l_korean.yml,1292,state,true,,오스트헬라판트
STATE_STAINANTUTH,korean,0,스타이난투트,localization/korean/map/states_l_korean.yml,1293,state,true,,스타이난투트
STATE_ROPHTOENCZAH,korean,0,로프토엠차,localization/korean/map/states_l_korean.yml,1294,state,true,,로프토엠차
STATE_INSTOEMTANTH,korean,0,인스토엠탄트,localization/korean/map/states_l_korean.yml,1295,state,true,,인스토엠탄트
STATE_OVELRANANTH,korean,0,오벨라난트,localization/korean/map/states_l_korean.yml,1296,state,true,,오벨라난트
STATE_KIVELRAHASHI,korean,0,키벨라하시,localization/korean/map/states_l_korean.yml,1297,state,true,,키벨라하시
STATE_SEARILDENANTH,korean,0,세아릴데난트,localization/korean/map/states_l_korean.yml,1298,state,true,,세아릴데난트
STATE_KELRUVAINHASHI,korean,0,켈루바인하시,localization/korean/map/states_l_korean.yml,1299,state,true,,켈루바인하시
STATE_NAISTALRAHM,korean,0,나이스탈람,localization/korean/map/states_l_korean.yml,1300,state,true,,나이스탈람
STATE_SORSTAMTH,korean,0,소르스탐트,localization/korean/map/states_l_korean.yml,1301,state,true,,소르스탐트
STATE_ONDORELRIXHIYUEM,korean,0,온도렐리시움,localization/korean/map/states_l_korean.yml,1302,state,true,,온도렐리시움
STATE_KAVOTAHASHI,korean,0,카보타하시,localization/korean/map/states_l_korean.yml,1303,state,true,,카보타하시
STATE_AINDARHXHIYUEM,korean,0,아인다르시움,localization/korean/map/states_l_korean.yml,1304,state,true,,아인다르시움
STATE_OLRORADONAHASHI,korean,0,올로라도나하시,localization/korean/map/states_l_korean.yml,1305,state,true,,올로라도나하시
STATE_PORTE_DE_ARKAXHIUS,korean,0,포르테 데 아르카시우스,localization/korean/map/states_l_korean.yml,1306,state,true,,포르테 데 아르카시우스
STATE_EASATAH,korean,0,에아사타,localization/korean/map/states_l_korean.yml,1309,state,true,,에아사타
STATE_MHULRATAH,korean,0,뮬라타,localization/korean/map/states_l_korean.yml,1310,state,true,,뮬라타
STATE_USAKOTAH,korean,0,우사코타,localization/korean/map/states_l_korean.yml,1311,state,true,,우사코타
STATE_KIVELRUTAH,korean,0,키벨루타,localization/korean/map/states_l_korean.yml,1312,state,true,,키벨루타
STATE_KIPHRULRU,korean,0,키프룰루,localization/korean/map/states_l_korean.yml,1313,state,true,,키프룰루
STATE_IORELTAH,korean,0,이오렐타,localization/korean/map/states_l_korean.yml,1314,state,true,,이오렐타
STATE_VAIODOL,korean,0,바이오돌,localization/korean/map/states_l_korean.yml,1315,state,true,,바이오돌
STATE_NARVELTAH,korean,0,나르벨타,localization/korean/map/states_l_korean.yml,1316,state,true,,나르벨타
STATE_ZARTANRUTAH,korean,0,자르탄루타,localization/korean/map/states_l_korean.yml,1317,state,true,,자르탄루타
STATE_ENVOIDARH,korean,0,엔보이다르,localization/korean/map/states_l_korean.yml,1318,state,true,,엔보이다르
STATE_YURKEVAHA,korean,0,유르케바하,localization/korean/map/states_l_korean.yml,1319,state,true,,유르케바하
STATE_RAIHANSKANTZ,korean,0,라이한스칸츠,localization/korean/map/states_l_korean.yml,1320,state,true,,라이한스칸츠
STATE_RITOPHCZELRANTH,korean,0,리토프첼란트,localization/korean/map/states_l_korean.yml,1321,state,true,,리토프첼란트
STATE_RAIMAKANTAH,korean,0,라이마칸타,localization/korean/map/states_l_korean.yml,1322,state,true,,라이마칸타
STATE_RINTODEMONTA,korean,0,린토데몬타,localization/korean/map/states_l_korean.yml,1323,state,true,,린토데몬타
STATE_OSTEMONTA,korean,0,오스테몬타,localization/korean/map/states_l_korean.yml,1324,state,true,,오스테몬타
STATE_KINTARIVLRANUS,korean,0,킨타리블라누스,localization/korean/map/states_l_korean.yml,1325,state,true,,킨타리블라누스
STATE_NOVOELRUNYACZAH,korean,0,노보엘루냐차,localization/korean/map/states_l_korean.yml,1326,state,true,,노보엘루냐차
STATE_CASA_DE_REVLRANCZAH,korean,0,카사 데 레블란차,localization/korean/map/states_l_korean.yml,1327,state,true,,카사 데 레블란차
STATE_RUSTELRAVANTH,korean,0,루스텔라반트,localization/korean/map/states_l_korean.yml,1328,state,true,,루스텔라반트
STATE_RUHASPENTATZ,korean,0,쿠하스펜타츠,localization/korean/map/states_l_korean.yml,1329,state,true,,쿠하스펜타츠
STATE_OSTAN_KARYUENDELRHATANIAH,korean,0,오스탄 카류엔델라타니아,localization/korean/map/states_l_korean.yml,1330,state,true,,오스탄 카류엔델라타니아
STATE_RUVNAMAYES,korean,0,루브나마예스,localization/korean/map/states_l_korean.yml,1331,state,true,,루브나마예스
STATE_VARZANEYETZ,korean,0,바르자네예츠,localization/korean/map/states_l_korean.yml,1332,state,true,,바르자네예츠
STATE_XHAIVELVAHAN,korean,0,샤이벨바한,localization/korean/map/states_l_korean.yml,1333,state,true,,샤이벨바한
STATE_ZORDENVIKH,korean,0,조르덴비크,localization/korean/map/states_l_korean.yml,1334,state,true,,조르덴비크
STATE_KUVLRAJYAEL,korean,0,쿠블라쟈엘,localization/korean/map/states_l_korean.yml,1335,state,true,,쿠블라쟈엘
STATE_INDORJYAEL,korean,0,인도르쟈엘,localization/korean/map/states_l_korean.yml,1336,state,true,,인도르쟈엘
STATE_KABASIAEL,korean,0,카바시아엘,localization/korean/map/states_l_korean.yml,1337,state,true,,카바시아엘
STATE_HENDOSHI,korean,0,헨도시,localization/korean/map/states_l_korean.yml,1338,state,true,,헨도시
STATE_RAIHADONEL,korean,0,라이하도넬,localization/korean/map/states_l_korean.yml,1339,state,true,,라이하도넬
STATE_SHULRANDONEL,korean,0,슐란도넬,localization/korean/map/states_l_korean.yml,1340,state,true,,슐란도넬
STATE_KIPHSTU,korean,0,키프스투,localization/korean/map/states_l_korean.yml,1341,state,true,,키프스투
STATE_RIVRAJYAEL,korean,0,리브라쟈엘,localization/korean/map/states_l_korean.yml,1342,state,true,,리브라쟈엘
STATE_IVAROSAN,korean,0,이바로산,localization/korean/map/states_l_korean.yml,1343,state,true,,이바로산
STATE_KOSTANSJYAEL,korean,0,코스탄스쟈엘,localization/korean/map/states_l_korean.yml,1344,state,true,,코스탄스쟈엘
STATE_AHALRASIYA,korean,0,아할라시야,localization/korean/map/states_l_korean.yml,1345,state,true,,아할라시야
STATE_NARDETENSIYA,korean,0,나르데텐시야,localization/korean/map/states_l_korean.yml,1346,state,true,,나르데텐시야
STATE_SAITONTASIYA,korean,0,사이톤타시야,localization/korean/map/states_l_korean.yml,1347,state,true,,사이톤타시야
STATE_HETENXHAGA,korean,0,헤텐샤가,localization/korean/map/states_l_korean.yml,1348,state,true,,헤텐샤가
STATE_PORTE_LA_CASA_DE_OVIENDERLRANTH,korean,0,포르테 라 카사 데 오비엔데를란트,localization/korean/map/states_l_korean.yml,1349,state,true,,포르테 라 카사 데 오비엔데를란트
STATE_NAILRUVAGA,korean,0,나일루바가,localization/korean/map/states_l_korean.yml,1350,state,true,,나일루바가
STATE_KASLRAVAGA,korean,0,카슬라바가,localization/korean/map/states_l_korean.yml,1351,state,true,,카슬라바가
STATE_CASA_DE_RUVANYA,korean,0,카사 데 루바냐,localization/korean/map/states_l_korean.yml,1352,state,true,,카사 데 루바냐
STATE_PORTU_DE_RIVLRANTH,korean,0,포르투 데 리블란트,localization/korean/map/states_l_korean.yml,1353,state,true,,포르투 데 리블란트
STATE_SISTANIANTH,korean,0,시스타니안트,localization/korean/map/states_l_korean.yml,1354,state,true,,시스타니안트
STATE_INTALRUKA,korean,0,인탈루카,localization/korean/map/states_l_korean.yml,1355,state,true,,인탈루카
STATE_KAMPALRAZIA,korean,0,캄팔라지아,localization/korean/map/states_l_korean.yml,1356,state,true,,캄팔라지아
STATE_YURASIUS,korean,0,유라시우스,localization/korean/map/states_l_korean.yml,1357,state,true,,유라시우스
STATE_ZEILRUDANIAH,korean,0,제일루다니아,localization/korean/map/states_l_korean.yml,1358,state,true,,제일루다니아
STATE_IKILRONTANTANIAH,korean,0,이킬론탄타니아,localization/korean/map/states_l_korean.yml,1359,state,true,,이킬론탄타니아
STATE_NARVANXHESL,korean,0,나르반셰슬,localization/korean/map/states_l_korean.yml,1360,state,true,,나르반셰슬
STATE_NUVELRON_KAIRONIAH,korean,0,누벨론 카이로니아,localization/korean/map/states_l_korean.yml,1361,state,true,,누벨론 카이로니아
STATE_KASIOLRANDE,korean,0,카시올란데,localization/korean/map/states_l_korean.yml,1362,state,true,,카시올란데
STATE_NORENYARGA,korean,0,노렌야르가,localization/korean/map/states_l_korean.yml,1363,state,true,,노렌야르가
STATE_RAVARHDANTHCZAH,korean,0,라바르단트차,localization/korean/map/states_l_korean.yml,1364,state,true,,라바르단트차
STATE_SOVDANVERKAN,korean,0,소브단베르칸,localization/korean/map/states_l_korean.yml,1365,state,true,,소브단베르칸
STATE_NORDANTH_KARYUENDELRHATANIAH,korean,0,노르단트 카류엔델라타니아,localization/korean/map/states_l_korean.yml,1366,state,true,,노르단트 카류엔델라타니아
STATE_INSPELVBUEL,korean,0,인스펠부엘,localization/korean/map/states_l_korean.yml,1367,state,true,,인스펠부엘
STATE_KANTOPLRANAEL,korean,0,칸토플라나엘,localization/korean/map/states_l_korean.yml,1368,state,true,,칸토플라나엘
STATE_XHESILRUVATH,korean,0,셰실루바트,localization/korean/map/states_l_korean.yml,1369,state,true,,셰실루바트
STATE_SANTEKRISMONTE,korean,0,산테크리스몬테,localization/korean/map/states_l_korean.yml,1370,state,true,,산테크리스몬테
STATE_IRUVAHAN,korean,0,이루바한,localization/korean/map/states_l_korean.yml,1371,state,true,,이루바한
STATE_DELRAIVAHAN,korean,0,델라이바한,localization/korean/map/states_l_korean.yml,1372,state,true,,델라이바한
STATE_SAIVALRAHANTH,korean,0,사이발라한트,localization/korean/map/states_l_korean.yml,1373,state,true,,사이발라한트
STATE_ROSPOTOEMTH,korean,0,로스포토엠트,localization/korean/map/states_l_korean.yml,1374,state,true,,로스포토엠트
STATE_ENDEKARSA,korean,0,엔데카르사,localization/korean/map/states_l_korean.yml,1375,state,true,,엔데카르사
STATE_INSTULRANTH,korean,0,인스툴란트,localization/korean/map/states_l_korean.yml,1376,state,true,,인스툴란트
STATE_CASA_DE_ASARUTAH,korean,0,카사 데 아사루타,localization/korean/map/states_l_korean.yml,1377,state,true,,카사 데 아사루타
STATE_KANSTALRANIAH,korean,0,칸스탈라니아,localization/korean/map/states_l_korean.yml,1378,state,true,,칸스탈라니아
STATE_ONSOLVERKH,korean,0,온솔베르크,localization/korean/map/states_l_korean.yml,1379,state,true,,온솔베르크
STATE_KUPHSLRATANIAH,korean,0,쿠프슬라타니아,localization/korean/map/states_l_korean.yml,1380,state,true,,쿠프슬라타니아
STATE_TRIFELRANTANIAH,korean,0,트리펠란타니아,localization/korean/map/states_l_korean.yml,1381,state,true,,트리펠란타니아
STATE_ZAFIAN_KARYUENDELRHATANIAH,korean,0,자피안 카류엔델라타니아,localization/korean/map/states_l_korean.yml,1382,state,true,,자피안 카류엔델라타니아
STATE_KANTALRUNTH,korean,0,칸탈룬트,localization/korean/map/states_l_korean.yml,1383,state,true,,칸탈룬트
STATE_SHUSTOVAHAN,korean,0,슈스토바한,localization/korean/map/states_l_korean.yml,1384,state,true,,슈스토바한
STATE_KINTARHZENRANTH,korean,0,킨타르젠란트,localization/korean/map/states_l_korean.yml,1385,state,true,,킨타르젠란트
STATE_DYUSELRANTH,korean,0,듀셀란트,localization/korean/map/states_l_korean.yml,1386,state,true,,듀셀란트
STATE_RODANRANTH,korean,0,로단란트,localization/korean/map/states_l_korean.yml,1387,state,true,,로단란트
STATE_KARTSALRAMANTH,korean,0,카르찰라만트,localization/korean/map/states_l_korean.yml,1388,state,true,,카르찰라만트
STATE_DEVHILRASNATA,korean,0,데브일라스나타,localization/korean/map/states_l_korean.yml,1389,state,true,,데브일라스나타
STATE_PORTU_DE_SOVIENDELRANTH,korean,0,포르투 데 소비엔델란트,localization/korean/map/states_l_korean.yml,1390,state,true,,포르투 데 소비엔델란트
STATE_OPOSRAH,korean,0,오포스라,localization/korean/map/states_l_korean.yml,1391,state,true,,오포스라
STATE_RIUPENTARAH,korean,0,리우펜타라,localization/korean/map/states_l_korean.yml,1392,state,true,,리우펜타라
STATE_SISPENTARAH,korean,0,시스펜타라,localization/korean/map/states_l_korean.yml,1393,state,true,,시스펜타라
STATE_OKOTARUTA,korean,0,오코타루타,localization/korean/map/states_l_korean.yml,1394,state,true,,오코타루타
STATE_DINDURANHIMA,korean,0,딘두란히마,localization/korean/map/states_l_korean.yml,1395,state,true,,딘두란히마
STATE_RIEVALPEYU,korean,0,리에발페유,localization/korean/map/states_l_korean.yml,1396,state,true,,리에발페유
STATE_RINDAONPEYU,korean,0,린다온페유,localization/korean/map/states_l_korean.yml,1397,state,true,,린다온페유
STATE_KESPATAYU,korean,0,케스파타유,localization/korean/map/states_l_korean.yml,1398,state,true,,케스파타유
STATE_KUSPUTANTAYU,korean,0,쿠스푸탄타유,localization/korean/map/states_l_korean.yml,1399,state,true,,쿠스푸탄타유
STATE_NUEVANDATARH,korean,0,누에반다타르,localization/korean/map/states_l_korean.yml,1400,state,true,,누에반다타르
STATE_RISILRANTARH,korean,0,리실란타르,localization/korean/map/states_l_korean.yml,1401,state,true,,리실란타르
STATE_RAIVALRANDATARH,korean,0,라이발란다타르,localization/korean/map/states_l_korean.yml,1402,state,true,,라이발란다타르
STATE_DOTAXHEMAN,korean,0,도타셰만,localization/korean/map/states_l_korean.yml,1403,state,true,,도타셰만
STATE_KUPAXHEMAN,korean,0,쿠파셰만,localization/korean/map/states_l_korean.yml,1404,state,true,,쿠파셰만
STATE_DOPLRANHIMA,korean,0,도플란히마,localization/korean/map/states_l_korean.yml,1405,state,true,,도플란히마
STATE_KIPLRAHIMA,korean,0,키플라히마,localization/korean/map/states_l_korean.yml,1406,state,true,,키플라히마
STATE_ENDARUTAH,korean,0,엔다루타,localization/korean/map/states_l_korean.yml,1407,state,true,,엔다루타
STATE_HAPARUTA,korean,0,하파루타,localization/korean/map/states_l_korean.yml,1408,state,true,,하파루타
STATE_SERPALRUTAH,korean,0,세르팔루타,localization/korean/map/states_l_korean.yml,1409,state,true,,세르팔루타
STATE_KUPALRURUTAH,korean,0,쿠팔루루타,localization/korean/map/states_l_korean.yml,1410,state,true,,쿠팔루루타
STATE_ZARFARUTAH,korean,0,자르파루타,localization/korean/map/states_l_korean.yml,1411,state,true,,자르파루타
STATE_RUNERANTH,korean,0,루네란트,localization/korean/map/states_l_korean.yml,1414,state,true,,루네란트
STATE_IONERANTH,korean,0,이오네란트,localization/korean/map/states_l_korean.yml,1415,state,true,,이오네란트
STATE_AIVELRENNERANTH,korean,0,아이벨렌네란트,localization/korean/map/states_l_korean.yml,1416,state,true,,아이벨렌네란트
STATE_KUSPELNERANTH,korean,0,쿠스펠네란트,localization/korean/map/states_l_korean.yml,1417,state,true,,쿠스펠네란트
STATE_RIODOMELRANTH,korean,0,리오도멜란트,localization/korean/map/states_l_korean.yml,1418,state,true,,리오도멜란트
STATE_AIYUTS,korean,0,아이유츠,localization/korean/map/states_l_korean.yml,1419,state,true,,아이유츠
STATE_ENTSELRANENTH,korean,0,엔첼라넨트,localization/korean/map/states_l_korean.yml,1420,state,true,,엔첼라넨트
STATE_NOXHTAKOTERH,korean,0,노스타코테르,localization/korean/map/states_l_korean.yml,1421,state,true,,노스타코테르
STATE_KESAKUDA,korean,0,케사쿠다,localization/korean/map/states_l_korean.yml,1422,state,true,,케사쿠다
STATE_SAIZEHN,korean,0,사이젠,localization/korean/map/states_l_korean.yml,1423,state,true,,사이젠
STATE_IROVDAH,korean,0,이로브다,localization/korean/map/states_l_korean.yml,1424,state,true,,이로브다
STATE_VADANTANTH,korean,0,바단탄트,localization/korean/map/states_l_korean.yml,1425,state,true,,바단탄트
STATE_RAVHTELMELRANTH,korean,0,라브텔멜란트,localization/korean/map/states_l_korean.yml,1426,state,true,,라브텔멜란트
STATE_AXHTANIAH,korean,0,아스타니아,localization/korean/map/states_l_korean.yml,1427,state,true,,아스타니아
STATE_ERADELRYUTS,korean,0,에라델류츠,localization/korean/map/states_l_korean.yml,1428,state,true,,에라델류츠
STATE_KONSTANTANIAH,korean,0,콘스탄타니아,localization/korean/map/states_l_korean.yml,1429,state,true,,콘스탄타니아
STATE_IOPOXH,korean,0,이오포스,localization/korean/map/states_l_korean.yml,1430,state,true,,이오포스
STATE_KENTACZELRANTH,korean,0,켄타첼란트,localization/korean/map/states_l_korean.yml,1431,state,true,,켄타첼란트
STATE_SAUPENHRUNELRANTH,korean,0,사우펜루넬란트,localization/korean/map/states_l_korean.yml,1432,state,true,,사우펜루넬란트
STATE_SIZIPELRATH,korean,0,시지펠라트,localization/korean/map/states_l_korean.yml,1433,state,true,,시지펠라트
STATE_ANSUARAH,korean,0,안수아라,localization/korean/map/states_l_korean.yml,1434,state,true,,안수아라
STATE_YUELRAKOTAH,korean,0,유엘라코타,localization/korean/map/states_l_korean.yml,1435,state,true,,유엘라코타
STATE_INSELRHVENTARH,korean,0,인셀르벤타르,localization/korean/map/states_l_korean.yml,1436,state,true,,인셀르벤타르
STATE_KARVANATARH,korean,0,카르바나타르,localization/korean/map/states_l_korean.yml,1437,state,true,,카르바나타르
STATE_SAIROLKOTAH,korean,0,사이롤코타,localization/korean/map/states_l_korean.yml,1438,state,true,,사이롤코타
STATE_AISKONTZ,korean,0,아이스콘츠,localization/korean/map/states_l_korean.yml,1439,state,true,,아이스콘츠
STATE_ENDERARUXH,korean,0,엔데라루스,localization/korean/map/states_l_korean.yml,1440,state,true,,엔데라루스
STATE_KENTARARUXH,korean,0,켄타라루스,localization/korean/map/states_l_korean.yml,1441,state,true,,켄타라루스
STATE_IVANTRUXH,korean,0,이반트루스,localization/korean/map/states_l_korean.yml,1442,state,true,,이반트루스
STATE_KILRAIZEN,korean,0,킬라이젠,localization/korean/map/states_l_korean.yml,1443,state,true,,킬라이젠
STATE_RYUDORVDAH,korean,0,류도르브다,localization/korean/map/states_l_korean.yml,1444,state,true,,류도르브다
STATE_ISPAHANTH,korean,0,이스파한트,localization/korean/map/states_l_korean.yml,1445,state,true,,이스파한트
STATE_INDATANTH,korean,0,인다탄트,localization/korean/map/states_l_korean.yml,1446,state,true,,인다탄트
STATE_PORTU_DE_AXHION,korean,0,포르투 데 아시온,localization/korean/map/states_l_korean.yml,1447,state,true,,포르투 데 아시온
STATE_KASPAHANTH,korean,0,카스파한트,localization/korean/map/states_l_korean.yml,1448,state,true,,카스파한트
STATE_KOHAKUTAN,korean,0,코하쿠탄,localization/korean/map/states_l_korean.yml,1449,state,true,,코하쿠탄
STATE_ONTONXHINUN,korean,0,온톤시눈,localization/korean/map/states_l_korean.yml,1450,state,true,,온톤시눈
STATE_SILRAVTAH,korean,0,실라브타,localization/korean/map/states_l_korean.yml,1451,state,true,,실라브타
STATE_RISHAKUTAN,korean,0,리스하쿠탄,localization/korean/map/states_l_korean.yml,1452,state,true,,리스하쿠탄
STATE_KOHALRAMTA,korean,0,코할람타,localization/korean/map/states_l_korean.yml,1453,state,true,,코할람타
STATE_RIKANAVAXI,korean,0,리카나바시,localization/korean/map/states_l_korean.yml,1454,state,true,,리카나바시
STATE_INKAVAXI,korean,0,인카바시,localization/korean/map/states_l_korean.yml,1455,state,true,,인카바시
STATE_KOSHORUVANTA,korean,0,코쇼루반타,localization/korean/map/states_l_korean.yml,1456,state,true,,코쇼루반타
STATE_RAGALRITSA,korean,0,라갈리차,localization/korean/map/states_l_korean.yml,1457,state,true,,라갈리차
STATE_RAGALRIXHEMAN,korean,0,라갈리셰만,localization/korean/map/states_l_korean.yml,1458,state,true,,라갈리셰만
STATE_INPARUVANTA,korean,0,인파루반타,localization/korean/map/states_l_korean.yml,1459,state,true,,인파루반타
STATE_IRUZIENTA,korean,0,이루지엔타,localization/korean/map/states_l_korean.yml,1460,state,true,,이루지엔타
STATE_KASLRUVANTH,korean,0,카슬루반트,localization/korean/map/states_l_korean.yml,1461,state,true,,카슬루반트
STATE_KASPARTEN,korean,0,카스파르텐,localization/korean/map/states_l_korean.yml,1462,state,true,,카스파르텐
STATE_RIOVAHN,korean,0,리오반,localization/korean/map/states_l_korean.yml,1463,state,true,,리오반
STATE_INTOZINILRA,korean,0,인토지닐라,localization/korean/map/states_l_korean.yml,1464,state,true,,인토지닐라
STATE_RITOZINA,korean,0,리토지나,localization/korean/map/states_l_korean.yml,1465,state,true,,리토지나
STATE_YARVANZINA,korean,0,야르반지나,localization/korean/map/states_l_korean.yml,1466,state,true,,야르반지나
STATE_NELRAVRUTA,korean,0,넬라브루타,localization/korean/map/states_l_korean.yml,1467,state,true,,넬라브루타
STATE_AILRIZINA,korean,0,아일리지나,localization/korean/map/states_l_korean.yml,1468,state,true,,아일리지나
STATE_KANVELRIZINA,korean,0,칸벨리지나,localization/korean/map/states_l_korean.yml,1469,state,true,,칸벨리지나
STATE_EASMONTE,korean,0,에아스몬테,localization/korean/map/states_l_korean.yml,1470,state,true,,에아스몬테
STATE_OSDEMONTE,korean,0,오스데몬테,localization/korean/map/states_l_korean.yml,1471,state,true,,오스데몬테
STATE_RAVDEMONTE,korean,0,라브데몬테,localization/korean/map/states_l_korean.yml,1472,state,true,,라브데몬테
STATE_KUSPOZI,korean,0,쿠스포지,localization/korean/map/states_l_korean.yml,1473,state,true,,쿠스포지
STATE_RAKALRAELRA,korean,0,라칼라엘라,localization/korean/map/states_l_korean.yml,1474,state,true,,라칼라엘라
STATE_NIDELYERAM,korean,0,니델예람,localization/korean/map/states_l_korean.yml,1475,state,true,,니델예람
STATE_KASPURTA,korean,0,카스푸르타,localization/korean/map/states_l_korean.yml,1476,state,true,,카스푸르타
STATE_ANDALRAINOTH,korean,0,안달라이노트,localization/korean/map/states_l_korean.yml,1477,state,true,,안달라이노트
STATE_RAISILRUNANTH,korean,0,라이실루난트,localization/korean/map/states_l_korean.yml,1478,state,true,,라이실루난트
STATE_KINKILRUZINA,korean,0,킨킬루지나,localization/korean/map/states_l_korean.yml,1479,state,true,,킨킬루지나
STATE_KINTAXHA,korean,0,킨타샤,localization/korean/map/states_l_korean.yml,1480,state,true,,킨타샤
STATE_UTSXHA,korean,0,우츠샤,localization/korean/map/states_l_korean.yml,1481,state,true,,우츠샤
STATE_RATAXHA,korean,0,라타샤,localization/korean/map/states_l_korean.yml,1482,state,true,,라타샤
STATE_POTARH_DANXHA,korean,0,포타르 단샤,localization/korean/map/states_l_korean.yml,1483,state,true,,포타르 단샤
STATE_SAVALRAKETAN,korean,0,사발라케탄,localization/korean/map/states_l_korean.yml,1484,state,true,,사발라케탄
STATE_RIVULRAKETAN,korean,0,리불라케탄,localization/korean/map/states_l_korean.yml,1485,state,true,,리불라케탄
STATE_AIVANTOKO,korean,0,아이반토코,localization/korean/map/states_l_korean.yml,1486,state,true,,아이반토코
STATE_RARVELRENNERANTH,korean,0,라르벨렌네란트,localization/korean/map/states_l_korean.yml,1487,state,true,,라르벨렌네란트
STATE_RUSTANTANIYUEM,korean,0,루스탄타니움,localization/korean/map/states_l_korean.yml,1488,state,true,,루스탄타니움
STATE_ONSPELNERANTH,korean,0,온스펠네란트,localization/korean/map/states_l_korean.yml,1489,state,true,,온스펠네란트
STATE_NIELMELRANTH,korean,0,니엘멜란트,localization/korean/map/states_l_korean.yml,1490,state,true,,니엘멜란트
STATE_IOTALOLRA,korean,0,이오탈올라,localization/korean/map/states_l_korean.yml,1491,state,true,,이오탈올라
STATE_CZAIVRANTH,korean,0,차이브란트,localization/korean/map/states_l_korean.yml,1492,state,true,,차이브란트
STATE_ITOTORAN,korean,0,이토토란,localization/korean/map/states_l_korean.yml,1493,state,true,,이토토란
STATE_KUNTALOLRA,korean,0,쿤탈올라,localization/korean/map/states_l_korean.yml,1494,state,true,,쿤탈올라
STATE_HOVRAZA,korean,0,호브라자,localization/korean/map/states_l_korean.yml,1495,state,true,,호브라자
STATE_KINKALRUZA,korean,0,킨칼루자,localization/korean/map/states_l_korean.yml,1496,state,true,,킨칼루자
STATE_KIPUSELRA,korean,0,키푸스엘라,localization/korean/map/states_l_korean.yml,1497,state,true,,키푸스엘라
STATE_NOVELRADALRA,korean,0,노벨라달라,localization/korean/map/states_l_korean.yml,1498,state,true,,노벨라달라
STATE_ASALRIZIMAN,korean,0,아살리지만,localization/korean/map/states_l_korean.yml,1499,state,true,,아살리지만
STATE_ROVONOKUS,korean,0,로보노쿠스,localization/korean/map/states_l_korean.yml,1500,state,true,,로보노쿠스
STATE_AVANUKUS,korean,0,아바누쿠스,localization/korean/map/states_l_korean.yml,1501,state,true,,아바누쿠스
STATE_HISPENIOLRA,korean,0,히스페니올라,localization/korean/map/states_l_korean.yml,1502,state,true,,히스페니올라
STATE_RISVANAOLRA,korean,0,리스바나올라,localization/korean/map/states_l_korean.yml,1503,state,true,,리스바나올라
STATE_SHUROVELOLRA,korean,0,슈로벨올라,localization/korean/map/states_l_korean.yml,1504,state,true,,슈로벨올라
STATE_NAIDELMELRANTH,korean,0,나이델멜란트,localization/korean/map/states_l_korean.yml,1505,state,true,,나이델멜란트
STATE_KUKANTIZIAN,korean,0,쿠칸티지안,localization/korean/map/states_l_korean.yml,1506,state,true,,쿠칸티지안
STATE_SETADEL_LA_PARZIYUEM,korean,0,세타델 라 파르지움,localization/korean/map/states_l_korean.yml,1507,state,true,,세타델 라 파르지움
STATE_INKAVLRETH,korean,0,인카블레트,localization/korean/map/states_l_korean.yml,1508,state,true,,인카블레트
STATE_RISTENZIAN,korean,0,리스텐지안,localization/korean/map/states_l_korean.yml,1509,state,true,,리스텐지안
STATE_SOVTANZIAN,korean,0,소브탄지안,localization/korean/map/states_l_korean.yml,1510,state,true,,소브탄지안
STATE_KANTALRUZIA,korean,0,칸탈루지아,localization/korean/map/states_l_korean.yml,1511,state,true,,칸탈루지아
STATE_ROVDOYENTA,korean,0,로브도옌타,localization/korean/map/states_l_korean.yml,1512,state,true,,로브도옌타
STATE_AINSKA,korean,0,아인스카,localization/korean/map/states_l_korean.yml,1513,state,true,,아인스카
STATE_PORTE_DE_KARAMVETH,korean,0,포르테 데 카람베트,localization/korean/map/states_l_korean.yml,1514,state,true,,포르테 데 카람베트
STATE_AINTOVOLRA,korean,0,아인토볼라,localization/korean/map/states_l_korean.yml,1515,state,true,,아인토볼라
STATE_NERDALRANHIMA,korean,0,데르달란히마,localization/korean/map/states_l_korean.yml,1516,state,true,,데르달란히마
STATE_ULRUELRAN,korean,0,울루엘란,localization/korean/map/states_l_korean.yml,1517,state,true,,울루엘란
STATE_ZIUVANYAL,korean,0,지우바냘,localization/korean/map/states_l_korean.yml,1518,state,true,,지우바냘
STATE_PORTANTNEL,korean,0,포르탄트넬,localization/korean/map/states_l_korean.yml,1519,state,true,,포르탄트넬
STATE_PAPALRANALRU,korean,0,파팔라날루,localization/korean/map/states_l_korean.yml,1520,state,true,,파팔라날루
STATE_SHOSTALRUTA,korean,0,쇼스탈루타,localization/korean/map/states_l_korean.yml,1521,state,true,,쇼스탈루타
STATE_KANSALZIO,korean,0,칸살지오,localization/korean/map/states_l_korean.yml,1522,state,true,,칸살지오
STATE_ROTONZIO,korean,0,로톤지오,localization/korean/map/states_l_korean.yml,1523,state,true,,로톤지오
STATE_RAZIZIO,korean,0,라지지오,localization/korean/map/states_l_korean.yml,1524,state,true,,라지지오
STATE_RIUKANZIO,korean,0,리우칸지오,localization/korean/map/states_l_korean.yml,1525,state,true,,리우칸지오
STATE_ANPANZIO,korean,0,안판지오,localization/korean/map/states_l_korean.yml,1526,state,true,,안판지오
STATE_CASA_DE_ARZIO,korean,0,카사 데 아르지오,localization/korean/map/states_l_korean.yml,1527,state,true,,카사 데 아르지오
STATE_PASALRIZIO,korean,0,파살리지오,localization/korean/map/states_l_korean.yml,1528,state,true,,파살리지오
STATE_RIUKIU,korean,0,리우키우,localization/korean/map/states_l_korean.yml,1529,state,true,,리우키우
STATE_SITSUDAHIMA,korean,0,시츄다히마,localization/korean/map/states_l_korean.yml,1530,state,true,,시츄다히마
STATE_SOKANDAHIMA,korean,0,소칸다히마,localization/korean/map/states_l_korean.yml,1531,state,true,,소칸다히마
STATE_PORTU_DE_ASAKANA,korean,0,포르투 데 아사카나,localization/korean/map/states_l_korean.yml,1532,state,true,,포르투 데 아사카나
STATE_KASPAERH,korean,0,카스파에르,localization/korean/map/states_l_korean.yml,1533,state,true,,카스파에르
STATE_NAIDENERH,korean,0,나이덴에르,localization/korean/map/states_l_korean.yml,1534,state,true,,나이덴에르
STATE_INTUERH,korean,0,인투에르,localization/korean/map/states_l_korean.yml,1535,state,true,,인투에르
STATE_KIVUHAERH,korean,0,키부하에르,localization/korean/map/states_l_korean.yml,1536,state,true,,키부하에르
STATE_DASTUERH,korean,0,다스투에르,localization/korean/map/states_l_korean.yml,1537,state,true,,다스투에르
STATE_SISTELERH,korean,0,시스텔에르,localization/korean/map/states_l_korean.yml,1538,state,true,,시스텔에르
STATE_SEVLRUERH,korean,0,세블루에르,localization/korean/map/states_l_korean.yml,1539,state,true,,세블루에르
STATE_KONTORAERH,korean,0,콘토라에르,localization/korean/map/states_l_korean.yml,1540,state,true,,콘토라에르
STATE_KURANIERH,korean,0,쿠라니에르,localization/korean/map/states_l_korean.yml,1541,state,true,,쿠라니에르
STATE_KINKILRURHHIMA,korean,0,킨킬루르하마,localization/korean/map/states_l_korean.yml,1542,state,true,,킨킬루르하마
STATE_KATASRUTA,korean,0,카타스루타,localization/korean/map/states_l_korean.yml,1543,state,true,,카타스루타
STATE_SOVANCZIRUTA,korean,0,소반치루타,localization/korean/map/states_l_korean.yml,1544,state,true,,소반치루타
STATE_AHAJYARUTA,korean,0,아하쟈루타,localization/korean/map/states_l_korean.yml,1545,state,true,,아하쟈루타
STATE_KUSALRUTA,korean,0,쿠살루타,localization/korean/map/states_l_korean.yml,1546,state,true,,쿠살루타
STATE_NODONRUTA,korean,0,노돈루타,localization/korean/map/states_l_korean.yml,1547,state,true,,노돈루타
STATE_IEVANRUTA,korean,0,이에반루타,localization/korean/map/states_l_korean.yml,1548,state,true,,이에반루타
STATE_KIHALRUTA,korean,0,키할루타,localization/korean/map/states_l_korean.yml,1549,state,true,,키할루타
STATE_KAVANTRUXH,korean,0,카반트루스,localization/korean/map/states_l_korean.yml,1552,state,true,,카반트루스
STATE_RODONAXHEMAN,korean,0,로도나셰만,localization/korean/map/states_l_korean.yml,1553,state,true,,로도나셰만
STATE_KAVANDALRUNANTH,korean,0,카반달루난트,localization/korean/map/states_l_korean.yml,1554,state,true,,카반달루난트
STATE_RUDANVERKH,korean,0,루단베르크,localization/korean/map/states_l_korean.yml,1555,state,true,,루단베르크
STATE_USUDANCZAH,korean,0,우수단차,localization/korean/map/states_l_korean.yml,1556,state,true,,우수단차
STATE_INTOSLRANYA,korean,0,인토슬라냐,localization/korean/map/states_l_korean.yml,1557,state,true,,인토슬라냐
STATE_ROVHOLRASTAH,korean,0,로브올라스타,localization/korean/map/states_l_korean.yml,1558,state,true,,로브올라스타
STATE_INTOCZANKALRATAH,korean,0,인토찬칼라타,localization/korean/map/states_l_korean.yml,1559,state,true,,인토찬칼라타
STATE_MARGARDANTH,korean,0,마르가르단트,localization/korean/map/states_l_korean.yml,1560,state,true,,마르가르단트
STATE_SAILRORHDANTH,korean,0,사일로르단트,localization/korean/map/states_l_korean.yml,1561,state,true,,사일로르단트
STATE_KAIONTHVERKH,korean,0,카이온트베르크,localization/korean/map/states_l_korean.yml,1562,state,true,,카이온트베르크
STATE_KRAKUPELRANTA,korean,0,크라쿠펠란타,localization/korean/map/states_l_korean.yml,1563,state,true,,크라쿠펠란타
STATE_RIONDAELRAYA,korean,0,리온다엘라야,localization/korean/map/states_l_korean.yml,1564,state,true,,리온다엘라야
STATE_RIUXHINANTH,korean,0,리우시난트,localization/korean/map/states_l_korean.yml,1565,state,true,,리우시난트
STATE_RAVGANSK,korean,0,라브간스크,localization/korean/map/states_l_korean.yml,1566,state,true,,라브간스크
STATE_SOVELREYENA,korean,0,소벨레예나,localization/korean/map/states_l_korean.yml,1567,state,true,,소벨레예나
STATE_NAIZELROTA,korean,0,나이젤로타,localization/korean/map/states_l_korean.yml,1568,state,true,,나이젤로타
STATE_REVHRATANXHIA,korean,0,레브라탄시아,localization/korean/map/states_l_korean.yml,1569,state,true,,레브라탄시아
STATE_ENDOPANTRA,korean,0,엔도판트라,localization/korean/map/states_l_korean.yml,1570,state,true,,엔도판트라
STATE_INKASILRITRA,korean,0,인카실리트라,localization/korean/map/states_l_korean.yml,1571,state,true,,인카실리트라
STATE_PORTE_DE_RUDFANTRA,korean,0,포르테 데 루드판트라,localization/korean/map/states_l_korean.yml,1572,state,true,,포르테 데 루드판트라
STATE_KAHALRAXHITANTZ,korean,0,카할라시탄츠,localization/korean/map/states_l_korean.yml,1573,state,true,,카할라시탄츠
STATE_HARVANNENSK,korean,0,하르반넨스크,localization/korean/map/states_l_korean.yml,1574,state,true,,하르반넨스크
STATE_SORSILRADAHN,korean,0,소르실라단,localization/korean/map/states_l_korean.yml,1575,state,true,,소르실라단
STATE_KUPSHASILRAYA,korean,0,쿠프스하실라야,localization/korean/map/states_l_korean.yml,1576,state,true,,쿠프스하실라야
STATE_HAIULRURUHN,korean,0,하이울루룬,localization/korean/map/states_l_korean.yml,1577,state,true,,하이울루룬
STATE_HAILROVENVERKH,korean,0,하일로벤베르크,localization/korean/map/states_l_korean.yml,1578,state,true,,하일로벤베르크
STATE_NELRAONDAELRAYA,korean,0,넬라온다엘라야,localization/korean/map/states_l_korean.yml,1579,state,true,,넬라온다엘라야
STATE_KONTOVALRANIA,korean,0,콘토발라니아,localization/korean/map/states_l_korean.yml,1580,state,true,,콘토발라니아
STATE_SHUSLRANINSK,korean,0,슈슬라닌스크,localization/korean/map/states_l_korean.yml,1581,state,true,,슈슬라닌스크
STATE_ANTOGRAD,korean,0,안토그라드,localization/korean/map/states_l_korean.yml,1582,state,true,,안토그라드
STATE_URDAMAGAHN,korean,0,우르다마간,localization/korean/map/states_l_korean.yml,1583,state,true,,우르다마간
STATE_SORDAMAGAHN,korean,0,소르다마간,localization/korean/map/states_l_korean.yml,1584,state,true,,소르다마간
STATE_KAVASTANSHA,korean,0,카바스탄샤,localization/korean/map/states_l_korean.yml,1585,state,true,,카바스탄샤
STATE_OLRODOSHINSK,korean,0,올로도신스크,localization/korean/map/states_l_korean.yml,1586,state,true,,올로도신스크
STATE_AIROLRANSK,korean,0,아이롤란스크,localization/korean/map/states_l_korean.yml,1587,state,true,,아이롤란스크
STATE_HYUYELRIVTA,korean,0,휴옐리브타,localization/korean/map/states_l_korean.yml,1588,state,true,,휴옐리브타
STATE_INTANINSK,korean,0,인타닌스크,localization/korean/map/states_l_korean.yml,1589,state,true,,인타닌스크
STATE_HANUZIA,korean,0,하누지아,localization/korean/map/states_l_korean.yml,1590,state,true,,하누지아
STATE_SIPLRANANTH,korean,0,시플라난트,localization/korean/map/states_l_korean.yml,1591,state,true,,시플라난트
STATE_KANTOVELRASHI,korean,0,칸토벨라시,localization/korean/map/states_l_korean.yml,1592,state,true,,칸토벨라시
STATE_KARVANTA,korean,0,카르반타,localization/korean/map/states_l_korean.yml,1593,state,true,,카르반타
STATE_RAVDAXHEMAN,korean,0,라브다셰만,localization/korean/map/states_l_korean.yml,1594,state,true,,라브다셰만
STATE_SEIKALRATANINSK,korean,0,세이칼라타닌스크,localization/korean/map/states_l_korean.yml,1595,state,true,,세이칼라타닌스크
STATE_KIPSRDA,korean,0,키프스르다,localization/korean/map/states_l_korean.yml,1596,state,true,,키프스르다
STATE_NAIOLRODANTZ,korean,0,나이올로단츠,localization/korean/map/states_l_korean.yml,1597,state,true,,나이올로단츠
STATE_CASA_DE_DEKENEL_ELRUNIKA,korean,0,카사 데 데케넬 엘루니카,localization/korean/map/states_l_korean.yml,1598,state,true,,카사 데 데케넬 엘루니카
STATE_SISKANTANIYUEM,korean,0,시스칸타니움,localization/korean/map/states_l_korean.yml,1599,state,true,,시스칸타니움
STATE_SAIRUVDANSK,korean,0,사이루브단스크,localization/korean/map/states_l_korean.yml,1600,state,true,,사이루브단스크
STATE_NOVHCZEHHRANYA,korean,0,노브체흐라냐,localization/korean/map/states_l_korean.yml,1601,state,true,,노브체흐라냐
STATE_KANSTANTANIA,korean,0,칸스탄타니아,localization/korean/map/states_l_korean.yml,1602,state,true,,칸스탄타니아
STATE_RAIVNOYA,korean,0,라이브노야,localization/korean/map/states_l_korean.yml,1603,state,true,,라이브노야
STATE_KANPARSK,korean,0,칸파르스크,localization/korean/map/states_l_korean.yml,1604,state,true,,칸파르스크
STATE_KASRADENYA,korean,0,카스라데냐,localization/korean/map/states_l_korean.yml,1605,state,true,,카스라데냐
STATE_KARIELRANIA,korean,0,카리엘라니아,localization/korean/map/states_l_korean.yml,1606,state,true,,카리엘라니아
STATE_NARELRANIA,korean,0,나렐라니아,localization/korean/map/states_l_korean.yml,1607,state,true,,나렐라니아
STATE_OVRELRANIAH,korean,0,오브렐라니아,localization/korean/map/states_l_korean.yml,1608,state,true,,오브렐라니아
STATE_IONDANSK,korean,0,이온단스크,localization/korean/map/states_l_korean.yml,1609,state,true,,이온단스크
STATE_PAILRUPANTH,korean,0,파일루판트,localization/korean/map/states_l_korean.yml,1610,state,true,,파일루판트
STATE_RAVATANSK,korean,0,라바탄스크,localization/korean/map/states_l_korean.yml,1611,state,true,,라바탄스크
STATE_OSKRANTH,korean,0,오스크란트,localization/korean/map/states_l_korean.yml,1612,state,true,,오스크란트
STATE_KALRAMATANTH,korean,0,칼라마탄트,localization/korean/map/states_l_korean.yml,1613,state,true,,칼라마탄트
STATE_INDOSILROVDA,korean,0,인도실로브다,localization/korean/map/states_l_korean.yml,1614,state,true,,인도실로브다
STATE_NORTANTANIAH,korean,0,노르탄타니아,localization/korean/map/states_l_korean.yml,1615,state,true,,노르탄타니아
STATE_NAELRANOVA,korean,0,나엘라노바,localization/korean/map/states_l_korean.yml,1616,state,true,,나엘라노바
STATE_IELRANOVA,korean,0,이엘라노바,localization/korean/map/states_l_korean.yml,1617,state,true,,이엘라노바
STATE_YUSLROSDA,korean,0,유블로스다,localization/korean/map/states_l_korean.yml,1618,state,true,,유블로스다
STATE_ZHUSDANSK,korean,0,쥬스단스크,localization/korean/map/states_l_korean.yml,1619,state,true,,쥬스단스크
STATE_OSTANFRANK,korean,0,오스탄프란크,localization/korean/map/states_l_korean.yml,1620,state,true,,오스탄프란크
STATE_KAMPHCZALRATAH,korean,0,캄프찰라타,localization/korean/map/states_l_korean.yml,1621,state,true,,캄프찰라타
STATE_HAILROVANNIYUEM,korean,0,하일로반니움,localization/korean/map/states_l_korean.yml,1622,state,true,,하일로반니움
STATE_DARZALRUGA,korean,0,다르잘루가,localization/korean/map/states_l_korean.yml,1623,state,true,,다르잘루가
STATE_RIOHALRUDANDOR,korean,0,리오할루단도르,localization/korean/map/states_l_korean.yml,1624,state,true,,리오할루단도르
STATE_NORTANVERLTRANTH,korean,0,노르탄벨트란트,localization/korean/map/states_l_korean.yml,1625,state,true,,노르탄벨트란트
STATE_MEILRUSKAU,korean,0,메일루스카우,localization/korean/map/states_l_korean.yml,1626,state,true,,메일루스카우
STATE_ZEILRANTASK,korean,0,제일란타스크,localization/korean/map/states_l_korean.yml,1627,state,true,,제일란타스크
STATE_HAILRONSK,korean,0,하일론스크,localization/korean/map/states_l_korean.yml,1628,state,true,,하일론스크
STATE_ROUHAINTA,korean,0,로우하인타,localization/korean/map/states_l_korean.yml,1629,state,true,,로우하인타
STATE_KUPHHAINSTA,korean,0,쿠프하인스타,localization/korean/map/states_l_korean.yml,1630,state,true,,쿠프하인스타
STATE_HAILRANTACZAH,korean,0,하일란타차,localization/korean/map/states_l_korean.yml,1631,state,true,,하일란타차
STATE_OVANTARUS,korean,0,오반타루스,localization/korean/map/states_l_korean.yml,1632,state,true,,오반타루스
STATE_OKULRUS,korean,0,오쿨루스,localization/korean/map/states_l_korean.yml,1633,state,true,,오쿨루스
STATE_NAIOLRONTARAXHA,korean,0,나이올론타라샤,localization/korean/map/states_l_korean.yml,1634,state,true,,나이올론타라샤
STATE_ZEILRONSK,korean,0,제일론스크,localization/korean/map/states_l_korean.yml,1635,state,true,,제일론스크
STATE_SIEXHELRUVDA,korean,0,시에셸루브다,localization/korean/map/states_l_korean.yml,1636,state,true,,시에셸루브다
STATE_SOKURIDAN,korean,0,소쿠리단,localization/korean/map/states_l_korean.yml,1637,state,true,,소쿠리단
STATE_RUILRANORA,korean,0,루일라노라,localization/korean/map/states_l_korean.yml,1638,state,true,,루일라노라
STATE_UNDANVERKH,korean,0,운단베르크,localization/korean/map/states_l_korean.yml,1639,state,true,,운단베르크
STATE_CZELROPANTH,korean,0,첼로판트,localization/korean/map/states_l_korean.yml,1640,state,true,,첼로판트
STATE_AHELRAPANTANIAH,korean,0,아헬라판타니아,localization/korean/map/states_l_korean.yml,1641,state,true,,아헬라판타니아
STATE_KUPANCZAHSK,korean,0,쿠판차스크,localization/korean/map/states_l_korean.yml,1642,state,true,,쿠판차스크
STATE_ARNALRANSK,korean,0,아르날란스크,localization/korean/map/states_l_korean.yml,1643,state,true,,아르날란스크
STATE_OSPONTANYA,korean,0,오스폰타냐,localization/korean/map/states_l_korean.yml,1644,state,true,,오스폰타냐
STATE_VESTAVHRELRANTH,korean,0,베스타브렐란트,localization/korean/map/states_l_korean.yml,1645,state,true,,베스타브렐란트
STATE_XHEZELRONYA,korean,0,셰젤로냐,localization/korean/map/states_l_korean.yml,1646,state,true,,셰젤로냐
STATE_RUSVANASHI,korean,0,루스바나시,localization/korean/map/states_l_korean.yml,1647,state,true,,루스바나시
STATE_KOLRASTANIYE,korean,0,콜라스타니예,localization/korean/map/states_l_korean.yml,1648,state,true,,콜라스타니예
STATE_KAILRUVANTATZ,korean,0,카일루반타츠,localization/korean/map/states_l_korean.yml,1649,state,true,,카일루반타츠
STATE_AINRUTATZ,korean,0,아인루타츠,localization/korean/map/states_l_korean.yml,1650,state,true,,아인루타츠
STATE_RONOVUTATZ,korean,0,로노부타츠,localization/korean/map/states_l_korean.yml,1651,state,true,,로노부타츠
STATE_RAIVANTATZ,korean,0,라이반타츠,localization/korean/map/states_l_korean.yml,1652,state,true,,라이반타츠
STATE_HOELRAVHNODA,korean,0,호엘라브노다,localization/korean/map/states_l_korean.yml,1653,state,true,,호엘라브노다
STATE_NOHORVANTA,korean,0,노호르반타,localization/korean/map/states_l_korean.yml,1654,state,true,,노호르반타
STATE_XHUSRAVDAH,korean,0,슈스라브다,localization/korean/map/states_l_korean.yml,1655,state,true,,슈스라브다
STATE_ENDERAVENTHTA,korean,0,엔데라벤트다,localization/korean/map/states_l_korean.yml,1656,state,true,,엔데라벤트다
STATE_PORTE_DE_RAIKENVERKH,korean,0,포르테 데 라이켄베르크,localization/korean/map/states_l_korean.yml,1657,state,true,,포르테 데 라이켄베르크
STATE_NAIOLROVENTAH,korean,0,나이올로벤타,localization/korean/map/states_l_korean.yml,1658,state,true,,나이올로벤타
STATE_KUPHSHANTRA,korean,0,쿠프스한트라,localization/korean/map/states_l_korean.yml,1659,state,true,,쿠프스한트라
STATE_KUNSPALRATA,korean,0,쿤스팔라타,localization/korean/map/states_l_korean.yml,1660,state,true,,쿤스팔라타
STATE_AILROVDANSK,korean,0,아일로브단스크,localization/korean/map/states_l_korean.yml,1661,state,true,,아일로브단스크
STATE_KALRAVIYANSK,korean,0,칼라비얀스크,localization/korean/map/states_l_korean.yml,1662,state,true,,칼라비얀스크
STATE_SOILRAITH,korean,0,소일라이트,localization/korean/map/states_l_korean.yml,1663,state,true,,소일라이트
STATE_DORVALRANTH,korean,0,도르발란트,localization/korean/map/states_l_korean.yml,1664,state,true,,도르발란트
STATE_SHURVALRANTH,korean,0,슈르발란트,localization/korean/map/states_l_korean.yml,1665,state,true,,슈르발란트
STATE_KIVRALRANTH,korean,0,키브랄란트,localization/korean/map/states_l_korean.yml,1666,state,true,,키브랄란트
STATE_SINOPOLRANCZAH,korean,0,시노폴란차,localization/korean/map/states_l_korean.yml,1667,state,true,,시노폴란차
STATE_CASA_DE_ARZANTH,korean,0,카사 데 아르잔트,localization/korean/map/states_l_korean.yml,1668,state,true,,카사 데 아르잔트
STATE_NAILRORANTH,korean,0,나일로란트,localization/korean/map/states_l_korean.yml,1669,state,true,,나일로란트
STATE_KUZHARAXI,korean,0,쿠즈하라시,localization/korean/map/states_l_korean.yml,1670,state,true,,쿠즈하라시
STATE_TOLRERANTH,korean,0,톨레란트,localization/korean/map/states_l_korean.yml,1671,state,true,,톨레란트
STATE_SOSVELRANIA,korean,0,소스벨라니아,localization/korean/map/states_l_korean.yml,1672,state,true,,소스벨라니아
STATE_KURHHELSK,korean,0,쿠르헬스크,localization/korean/map/states_l_korean.yml,1673,state,true,,쿠르헬스크
STATE_ILTOSK,korean,0,일토스크,localization/korean/map/states_l_korean.yml,1674,state,true,,일토스크
STATE_RAUVANAXI,korean,0,라우바나시,localization/korean/map/states_l_korean.yml,1675,state,true,,라우바나시
STATE_KANKARVANNAZIA,korean,0,칸카르반나지아,localization/korean/map/states_l_korean.yml,1676,state,true,,칸카르반나지아
STATE_NISPOVAHN,korean,0,니스프오반,localization/korean/map/states_l_korean.yml,1677,state,true,,니스프오반
STATE_SHURPEHNVANNAZIA,korean,0,슈르펜반나지아,localization/korean/map/states_l_korean.yml,1678,state,true,,슈르펜반나지아
STATE_ZEDALRUNANVERKH,korean,0,제달루난베르크,localization/korean/map/states_l_korean.yml,1679,state,true,,제달루난베르크
STATE_GARDARANIAH,korean,0,가르다라니아,localization/korean/map/states_l_korean.yml,1680,state,true,,가르다라니아
STATE_KIOVHYEPH,korean,0,키오브예프,localization/korean/map/states_l_korean.yml,1681,state,true,,키오브예프
STATE_XEILRUVANSK,korean,0,셰일루반스크,localization/korean/map/states_l_korean.yml,1682,state,true,,셰일루반스크
STATE_HAINOSENSK,korean,0,하이노센스크,localization/korean/map/states_l_korean.yml,1683,state,true,,하이노센스크
STATE_MAILROCZANTH,korean,0,마일로찬트,localization/korean/map/states_l_korean.yml,1684,state,true,,마일로찬트
STATE_UNSTVERKH,korean,0,운스트베르크,localization/korean/map/states_l_korean.yml,1685,state,true,,운스트베르크
STATE_PORMELRANIAH,korean,0,포르멜라니아,localization/korean/map/states_l_korean.yml,1686,state,true,,포르멜라니아
STATE_PLROIELRANYA,korean,0,플로이엘라냐,localization/korean/map/states_l_korean.yml,1687,state,true,,플로이엘라냐
STATE_PATAXHALRAYA,korean,0,파타샬라야,localization/korean/map/states_l_korean.yml,1688,state,true,,파타샬라야
STATE_VEISALRANGRAD,korean,0,베이셀란그라드,localization/korean/map/states_l_korean.yml,1689,state,true,,베이셀란그라드
STATE_KIPLRAVELRANTA,korean,0,키플라벨란타,localization/korean/map/states_l_korean.yml,1690,state,true,,키플라벨란타
STATE_KANPALROTA,korean,0,칸팔로타,localization/korean/map/states_l_korean.yml,1691,state,true,,칸팔로타
STATE_ENPALROTA,korean,0,엔팔로타,localization/korean/map/states_l_korean.yml,1692,state,true,,엔팔로타
STATE_SAILROTA,korean,0,사일로타,localization/korean/map/states_l_korean.yml,1693,state,true,,사일로타
STATE_INTOSEILVERKH,korean,0,인토세일베르크,localization/korean/map/states_l_korean.yml,1694,state,true,,인토세일베르크
STATE_DONIANIYEPH,korean,0,도니아니예프,localization/korean/map/states_l_korean.yml,1695,state,true,,도니아니예프
STATE_OLRHDARANYA,korean,0,올르다라냐,localization/korean/map/states_l_korean.yml,1696,state,true,,올르다라냐
STATE_ERINNOIVANSK,korean,0,에린노이반스크,localization/korean/map/states_l_korean.yml,1697,state,true,,에린노이반스크
STATE_KURSK,korean,0,쿠르스크,localization/korean/map/states_l_korean.yml,1698,state,true,,쿠르스크
STATE_XHEILRUVDA,korean,0,셰일루브다,localization/korean/map/states_l_korean.yml,1699,state,true,,셰일루브다
STATE_RURELRIAH,korean,0,루렐리아,localization/korean/map/states_l_korean.yml,1700,state,true,,루렐리아
STATE_NORSEIVELRENSK,korean,0,노르세이벨렌스크,localization/korean/map/states_l_korean.yml,1701,state,true,,노르세이벨렌스크
STATE_DARIENVELRENSK,korean,0,다리엔벨렌스크,localization/korean/map/states_l_korean.yml,1702,state,true,,다리엔벨렌스크
STATE_SOLROSVELRENSK,korean,0,솔로스벨렌스크,localization/korean/map/states_l_korean.yml,1703,state,true,,솔로스벨렌스크
STATE_YUSZINNIYUEM,korean,0,유스진니움,localization/korean/map/states_l_korean.yml,1704,state,true,,유스진니움
STATE_SASTALRINSK,korean,0,사스탈린스크,localization/korean/map/states_l_korean.yml,1705,state,true,,사스탈린스크
STATE_KOSTANROTA,korean,0,코스탄로타,localization/korean/map/states_l_korean.yml,1706,state,true,,코스탄로타
STATE_AILRAPANTACZAH,korean,0,아일라판타차,localization/korean/map/states_l_korean.yml,1707,state,true,,아일라판타차
STATE_NARMILRUDA,korean,0,나르밀루다,localization/korean/map/states_l_korean.yml,1708,state,true,,나르밀루다
STATE_SAITANVERKH,korean,0,사이탄베르크,localization/korean/map/states_l_korean.yml,1709,state,true,,사이탄베르크
STATE_NAIROVISHI,korean,0,나이로비시,localization/korean/map/states_l_korean.yml,1710,state,true,,나이로비시
STATE_YUOLRANI,korean,0,유올라니,localization/korean/map/states_l_korean.yml,1711,state,true,,유올라니
STATE_KAINNELRISHI,korean,0,카인넬리시,localization/korean/map/states_l_korean.yml,1712,state,true,,카인넬리시
STATE_OSTORAVELRANTA,korean,0,오스토라벨란타,localization/korean/map/states_l_korean.yml,1713,state,true,,오스토라벨란타
STATE_KAHASVARUDA,korean,0,카하스바루다,localization/korean/map/states_l_korean.yml,1714,state,true,,카하스바루다
STATE_AIRELRIYA,korean,0,아이렐리야,localization/korean/map/states_l_korean.yml,1715,state,true,,아이렐리야
STATE_ZARVALRATA,korean,0,카르발라타,localization/korean/map/states_l_korean.yml,1716,state,true,,카르발라타
STATE_ROIKALRATA,korean,0,로이칼라타,localization/korean/map/states_l_korean.yml,1717,state,true,,로이칼라타
STATE_OSLRIZINNATH,korean,0,오슬리진나트,localization/korean/map/states_l_korean.yml,1718,state,true,,오슬리진나트
STATE_NAIELRUVENSK,korean,0,나이엘루벤스크,localization/korean/map/states_l_korean.yml,1719,state,true,,나이엘루벤스크
STATE_TARPALRACZAH,korean,0,타르팔라차,localization/korean/map/states_l_korean.yml,1720,state,true,,타르팔라차
STATE_SEIFELRANTH,korean,0,세이펠란트,localization/korean/map/states_l_korean.yml,1721,state,true,,세이펠란트
STATE_KINPUSRADA,korean,0,킨푸스라다,localization/korean/map/states_l_korean.yml,1722,state,true,,킨푸스라다
STATE_HAISNANVERKH,korean,0,하이스난베르크,localization/korean/map/states_l_korean.yml,1723,state,true,,하이스난베르크
STATE_ZHUSPELRIYUEM,korean,0,쥬스펠리움,localization/korean/map/states_l_korean.yml,1724,state,true,,쥬스펠리움
STATE_ONDOVELRANTA,korean,0,온도벨란타,localization/korean/map/states_l_korean.yml,1725,state,true,,온도벨란타
STATE_IUSPANTEGIYUEM,korean,0,이우스판테기움,localization/korean/map/states_l_korean.yml,1726,state,true,,이우스판테기움
STATE_KALRUNIAH,korean,0,칼루니아,localization/korean/map/states_l_korean.yml,1729,state,true,,칼루니아
STATE_SEVELRIAH,korean,0,세벨리아,localization/korean/map/states_l_korean.yml,1730,state,true,,세벨리아
STATE_SAIDENVRALRANTA,korean,0,사이덴브랄란타,localization/korean/map/states_l_korean.yml,1731,state,true,,사이덴브랄란타
STATE_NAIXHULRIA,korean,0,나이슐리아,localization/korean/map/states_l_korean.yml,1732,state,true,,나이슐리아
STATE_KEITALRANANTH,korean,0,케이탈라난트,localization/korean/map/states_l_korean.yml,1733,state,true,,케이탈라난트
STATE_NIOSTALRUNIAH,korean,0,니오스탈루니아,localization/korean/map/states_l_korean.yml,1734,state,true,,니오스탈루니아
STATE_KENTOSRUNYA,korean,0,켄토스루냐,localization/korean/map/states_l_korean.yml,1735,state,true,,켄토스루냐
STATE_RESDELRUNIAH,korean,0,레스델루니아,localization/korean/map/states_l_korean.yml,1736,state,true,,레스델루니아
STATE_EHILDEKALRANTZ,korean,0,에힐데칼란츠,localization/korean/map/states_l_korean.yml,1737,state,true,,에힐데칼란츠
STATE_AUSTANIAH,korean,0,아우스타니아,localization/korean/map/states_l_korean.yml,1738,state,true,,아우스타니아
STATE_HIVHRALTARH,korean,0,히브랄타르,localization/korean/map/states_l_korean.yml,1739,state,true,,히브랄타르
STATE_OTOSIUS,korean,0,오토시우스,localization/korean/map/states_l_korean.yml,1740,state,true,,오토시우스
STATE_KIPUSTANIAH,korean,0,키푸스타니아,localization/korean/map/states_l_korean.yml,1741,state,true,,키푸스타니아
STATE_AILROVERKH,korean,0,아일로베르크,localization/korean/map/states_l_korean.yml,1742,state,true,,아일로베르크
STATE_RUSHILRANTZ,korean,0,루스힐란츠,localization/korean/map/states_l_korean.yml,1743,state,true,,루스힐란츠
STATE_NUISVANTATH,korean,0,누이스반타트,localization/korean/map/states_l_korean.yml,1744,state,true,,누이스반타트
STATE_RIKANSVANTATZ,korean,0,리칸스반타츠,localization/korean/map/states_l_korean.yml,1745,state,true,,리칸스반타츠
STATE_KUPANTAZIYUEM,korean,0,쿠판타지움,localization/korean/map/states_l_korean.yml,1746,state,true,,쿠판타지움
STATE_ANDARANSTOLROCZAH,korean,0,안다란스톨로차,localization/korean/map/states_l_korean.yml,1747,state,true,,안다란스톨로차
STATE_OPOANSTOLROCZAH,korean,0,오포안스톨로차,localization/korean/map/states_l_korean.yml,1748,state,true,,오포안스톨로차
STATE_NIXVERKH,korean,0,니스베르크,localization/korean/map/states_l_korean.yml,1749,state,true,,니스베르크
STATE_KINSPALRAZI,korean,0,킨스팔라지,localization/korean/map/states_l_korean.yml,1750,state,true,,킨스팔라지
STATE_KINPUSLRANASHI,korean,0,킨푸슬라나시,localization/korean/map/states_l_korean.yml,1751,state,true,,킨푸슬라나시
STATE_ROSPOTANASHI,korean,0,로스포타나시,localization/korean/map/states_l_korean.yml,1752,state,true,,로스포타나시
STATE_PORTE_DE_RIKASUS,korean,0,포르테 데 리카수스,localization/korean/map/states_l_korean.yml,1753,state,true,,포르테 데 리카수스
STATE_SOSPOTZDAN,korean,0,소스포츠단,localization/korean/map/states_l_korean.yml,1754,state,true,,소스포츠단
STATE_AISPALRATIUS,korean,0,아이스팔라티우스,localization/korean/map/states_l_korean.yml,1755,state,true,,아이스팔라티우스
STATE_SLRAIVENYA,korean,0,슬라이베냐,localization/korean/map/states_l_korean.yml,1756,state,true,,슬라이베냐
STATE_ISKANTARNIAH,korean,0,이스칸타르니아,localization/korean/map/states_l_korean.yml,1757,state,true,,이스칸타르니아
STATE_NUSTANTANIAH,korean,0,누스탄타니아,localization/korean/map/states_l_korean.yml,1758,state,true,,누스탄타니아
STATE_PORTE_DE_IUSPOS,korean,0,포르테 데 이우스포스,localization/korean/map/states_l_korean.yml,1759,state,true,,포르테 데 이우스포스
STATE_ONSTANVERKH,korean,0,온스탄베르크,localization/korean/map/states_l_korean.yml,1760,state,true,,온스탄베르크
STATE_OSRAVHDA,korean,0,오스라브다,localization/korean/map/states_l_korean.yml,1761,state,true,,오스라브다
STATE_OPANTACZATH,korean,0,오판타차트,localization/korean/map/states_l_korean.yml,1762,state,true,,오판타차트
STATE_INDOXHINIYUEM,korean,0,인도시니움,localization/korean/map/states_l_korean.yml,1763,state,true,,인도시니움
STATE_ZAIROPA,korean,0,자이로파,localization/korean/map/states_l_korean.yml,1764,state,true,,자이로파
STATE_INRILRAPA,korean,0,인릴리파,localization/korean/map/states_l_korean.yml,1765,state,true,,인릴리파
STATE_HAINSVERKH,korean,0,하인스베르크,localization/korean/map/states_l_korean.yml,1766,state,true,,하인스베르크
STATE_ISZUAPA,korean,0,이스주아파,localization/korean/map/states_l_korean.yml,1767,state,true,,이스주아파
STATE_RASZUIPA,korean,0,라스주이파,localization/korean/map/states_l_korean.yml,1768,state,true,,라스주이파
STATE_KANSZUIPA,korean,0,칸스주이파,localization/korean/map/states_l_korean.yml,1769,state,true,,칸스주이파
STATE_RAKKANTACZAH,korean,0,락칸타차,localization/korean/map/states_l_korean.yml,1770,state,true,,락칸타차
STATE_OILRACZAH,korean,0,오일라차,localization/korean/map/states_l_korean.yml,1771,state,true,,오일라차
STATE_AIENSVALRANKA,korean,0,아이엔스발란카,localization/korean/map/states_l_korean.yml,1772,state,true,,아이엔스발란카
STATE_HOVORASIYA,korean,0,호보라시야,localization/korean/map/states_l_korean.yml,1773,state,true,,호보라시야
STATE_NAIROZELRAVAHN,korean,0,나이로젤라반,localization/korean/map/states_l_korean.yml,1774,state,true,,나이로젤라반
STATE_HYUSTANTINA,korean,0,휴스탄티나,localization/korean/map/states_l_korean.yml,1775,state,true,,휴스탄티나
STATE_RAIVTANTINA,korean,0,라이브탄티나,localization/korean/map/states_l_korean.yml,1776,state,true,,라이브탄티나
STATE_HAILRUVANTAZIEN,korean,0,하일루반타지엔,localization/korean/map/states_l_korean.yml,1777,state,true,,하일루반타지엔
STATE_OHANSK,korean,0,오한스크,localization/korean/map/states_l_korean.yml,1778,state,true,,오한스크
STATE_SERPANTAZIA,korean,0,세르판타지아,localization/korean/map/states_l_korean.yml,1779,state,true,,세르판타지아
STATE_RAIBUZRIYA,korean,0,라이부즈리야,localization/korean/map/states_l_korean.yml,1780,state,true,,라이부즈리야
STATE_INTUVALRANSK,korean,0,인투발란스크,localization/korean/map/states_l_korean.yml,1781,state,true,,인투발란스크
STATE_RAVUVANVDA,korean,0,라부반브다,localization/korean/map/states_l_korean.yml,1782,state,true,,라부반브다
STATE_KAILRUNIAH,korean,0,카일루니아,localization/korean/map/states_l_korean.yml,1783,state,true,,카일루니아
STATE_HAVLRANSK,korean,0,하블란스크,localization/korean/map/states_l_korean.yml,1784,state,true,,하블란스크
STATE_KINTAVLRENSK,korean,0,킨타블렌스크,localization/korean/map/states_l_korean.yml,1785,state,true,,킨타블렌스크
STATE_DORVANVERKH,korean,0,도르반베르크,localization/korean/map/states_l_korean.yml,1786,state,true,,도르반베르크
STATE_DERVANHOX,korean,0,데르반호스,localization/korean/map/states_l_korean.yml,1787,state,true,,데르반호스
STATE_DAILRANDUNIAH,korean,0,다일란두니아,localization/korean/map/states_l_korean.yml,1788,state,true,,다일란두니아
STATE_RAKANTAMEXH,korean,0,라칸타메스,localization/korean/map/states_l_korean.yml,1789,state,true,,라칸타메스
STATE_XHOVDA,korean,0,쇼브다,localization/korean/map/states_l_korean.yml,1790,state,true,,쇼브다
STATE_RIAVLRUTZ,korean,0,리아블루츠,localization/korean/map/states_l_korean.yml,1791,state,true,,리아블루츠
STATE_GARGANTALRIYA,korean,0,가르간탈리야,localization/korean/map/states_l_korean.yml,1792,state,true,,가르간탈리야
STATE_HAKANTARCZAH,korean,0,하칸타르차,localization/korean/map/states_l_korean.yml,1793,state,true,,하칸타르차
STATE_ROIDALRANVERKH,korean,0,로이달란베르크,localization/korean/map/states_l_korean.yml,1794,state,true,,로이달란베르크
STATE_HALROTSNIAH,korean,0,할로츠니아,localization/korean/map/states_l_korean.yml,1795,state,true,,할로츠니아
STATE_SOILRUSTANVERKH,korean,0,소일루스탄베르크,localization/korean/map/states_l_korean.yml,1796,state,true,,소일루스탄베르크
STATE_HAILRUDANSK,korean,0,하일루단스크,localization/korean/map/states_l_korean.yml,1797,state,true,,하일루단스크
STATE_AINTOVLRANKA,korean,0,아인토블란카,localization/korean/map/states_l_korean.yml,1798,state,true,,아인토블란카
STATE_SAILRUDANSK,korean,0,사일루단스크,localization/korean/map/states_l_korean.yml,1799,state,true,,사일루단스크
STATE_KURVALRAHAXI,korean,0,쿠르발라하시,localization/korean/map/states_l_korean.yml,1800,state,true,,쿠르발라하시
STATE_SATOVIBISHI,korean,0,사토시비시,localization/korean/map/states_l_korean.yml,1801,state,true,,사토시비시
STATE_HUSTALRANYA,korean,0,후스탈라냐,localization/korean/map/states_l_korean.yml,1802,state,true,,후스탈라냐
STATE_XHURHAVANCZAH,korean,0,슈르하반차,localization/korean/map/states_l_korean.yml,1803,state,true,,슈르하반차
STATE_NAIYELRODANTZ,korean,0,나이옐로단츠,localization/korean/map/states_l_korean.yml,1804,state,true,,나이옐로단츠
STATE_NUEVALRANDORTA,korean,0,누에발란도르타,localization/korean/map/states_l_korean.yml,1805,state,true,,누에발란도르타
STATE_UHELRUTABISHI,korean,0,우헬루타비시,localization/korean/map/states_l_korean.yml,1806,state,true,,우헬루타비시
STATE_HASPELRANYA,korean,0,하스펠라냐,localization/korean/map/states_l_korean.yml,1807,state,true,,하스펠라냐
STATE_KAUKAZIEN,korean,0,카우카지엔,localization/korean/map/states_l_korean.yml,1808,state,true,,카우카지엔
STATE_ROSPOTOZIEN,korean,0,로스포토지엔,localization/korean/map/states_l_korean.yml,1809,state,true,,로스포토지엔
STATE_RUVDANCZAH,korean,0,루브단차,localization/korean/map/states_l_korean.yml,1810,state,true,,루브단차
STATE_KAIPOLRANSK,korean,0,카이폴란스크,localization/korean/map/states_l_korean.yml,1811,state,true,,카이폴란스크
STATE_HAILRUSDANCZAH,korean,0,하일루스단차,localization/korean/map/states_l_korean.yml,1812,state,true,,하일루스단차
STATE_AYUVDAH,korean,0,아유브다,localization/korean/map/states_l_korean.yml,1813,state,true,,아유브다
STATE_HEILRUVDA,korean,0,헤일루브다,localization/korean/map/states_l_korean.yml,1814,state,true,,헤일루브다
STATE_INTOHAPLRAVERKH,korean,0,인토하플라베르크,localization/korean/map/states_l_korean.yml,1815,state,true,,인토하플라베르크
STATE_HIPOLRATSANTA,korean,0,히폴라찬타,localization/korean/map/states_l_korean.yml,1816,state,true,,히폴라찬타
STATE_KOHORUTA,korean,0,코호루타,localization/korean/map/states_l_korean.yml,1817,state,true,,코호루타
STATE_HAVLRANVERKH,korean,0,하블란베르크,localization/korean/map/states_l_korean.yml,1818,state,true,,하블란베르크
STATE_KAISVALRANTA,korean,0,카이스발란타,localization/korean/map/states_l_korean.yml,1819,state,true,,카이스발란타
STATE_AIOPOLRATL,korean,0,아이오폴라틀,localization/korean/map/states_l_korean.yml,1820,state,true,,아이오폴라틀
STATE_ONSPOTALRIYA,korean,0,온스포탈리야,localization/korean/map/states_l_korean.yml,1821,state,true,,온스포탈리야
STATE_IUSRANENTH,korean,0,이우스라넨트,localization/korean/map/states_l_korean.yml,1822,state,true,,이우스라넨트
STATE_INEHSPANTEZIAH,korean,0,인에스판테지아,localization/korean/map/states_l_korean.yml,1823,state,true,,인에스판테지아
STATE_ARIVENIAH,korean,0,아리베니아,localization/korean/map/states_l_korean.yml,1826,state,true,,아리베니아
STATE_KENTSKORIA,korean,0,켄츠코리아,localization/korean/map/states_l_korean.yml,1827,state,true,,켄츠코리아
STATE_HARNGRANTH,korean,0,하릉란트,localization/korean/map/states_l_korean.yml,1828,state,true,,하릉란트
STATE_SOSLPELRIYA,korean,0,소슬펠리야,localization/korean/map/states_l_korean.yml,1829,state,true,,소슬펠리야
STATE_ENGELRANYA,korean,0,엔겔라냐,localization/korean/map/states_l_korean.yml,1830,state,true,,엔겔라냐
STATE_HANCZELRANTH,korean,0,한첼란트,localization/korean/map/states_l_korean.yml,1831,state,true,,한첼란트
STATE_SEILYURANTH,korean,0,세일유란트,localization/korean/map/states_l_korean.yml,1832,state,true,,세일유란트
STATE_VAIELYERANTH,korean,0,바이엘예란트,localization/korean/map/states_l_korean.yml,1833,state,true,,바이엘예란트
STATE_YUHYENNIYAH,korean,0,유혠니아,localization/korean/map/states_l_korean.yml,1834,state,true,,유혠니아
STATE_HAYURNIAH,korean,0,하유르니아,localization/korean/map/states_l_korean.yml,1835,state,true,,하유르니아
STATE_EULROSKUTA,korean,0,에울로스쿠타,localization/korean/map/states_l_korean.yml,1836,state,true,,에울로스쿠타
STATE_INSTOVANASHI,korean,0,인스토바르나시,localization/korean/map/states_l_korean.yml,1837,state,true,,인스토바르나시
STATE_SEILVALRANDASHI,korean,0,세이발란다시,localization/korean/map/states_l_korean.yml,1838,state,true,,세이발란다시
STATE_CZAKATOHANDASHI,korean,0,차카토한다시,localization/korean/map/states_l_korean.yml,1839,state,true,,차카토한다시
STATE_AIROVLRONTADA,korean,0,아이로블론타다,localization/korean/map/states_l_korean.yml,1840,state,true,,아이로블론타다
STATE_ONSTOYERAVHDA,korean,0,온스토예라브다,localization/korean/map/states_l_korean.yml,1841,state,true,,온스토예라브다
STATE_KASPOLROYENTAVA,korean,0,카스폴로옌타바,localization/korean/map/states_l_korean.yml,1842,state,true,,카스폴로옌타바
STATE_ENTOKALRUNIAH,korean,0,엔토칼루니아,localization/korean/map/states_l_korean.yml,1843,state,true,,엔토칼루니아
STATE_AISVAILRUHN,korean,0,아이스바일룬,localization/korean/map/states_l_korean.yml,1844,state,true,,아이스바일룬
STATE_KANTARIVLRA,korean,0,칸타리블라,localization/korean/map/states_l_korean.yml,1845,state,true,,칸타리블라
STATE_SISTOYENASHI,korean,0,시스토예나시,localization/korean/map/states_l_korean.yml,1846,state,true,,시스토예나시
STATE_HAILRUSELRASE,korean,0,하일루셀라세,localization/korean/map/states_l_korean.yml,1847,state,true,,하일루셀라세
STATE_RUSVAADA,korean,0,루스바아다,localization/korean/map/states_l_korean.yml,1848,state,true,,루스바아다
STATE_MONTEARLRO,korean,0,몬테아를로,localization/korean/map/states_l_korean.yml,1849,state,true,,몬테아를로
STATE_ANDORIVLRUTZ,korean,0,안도리블루츠,localization/korean/map/states_l_korean.yml,1850,state,true,,안도리블루츠
STATE_ARVANTAMESA,korean,0,아르반타메사,localization/korean/map/states_l_korean.yml,1851,state,true,,아르반타메사
STATE_KUSHARAAVAXI,korean,0,쿠스하라아바시,localization/korean/map/states_l_korean.yml,1852,state,true,,쿠스하라아바시
STATE_KASTAHABANASHI,korean,0,카스타하바나시,localization/korean/map/states_l_korean.yml,1853,state,true,,카스타하바나시
STATE_KITOSILRANTH,korean,0,키토실란트,localization/korean/map/states_l_korean.yml,1854,state,true,,키토실란트
STATE_SANTEALROSIUS,korean,0,산테알로시우스,localization/korean/map/states_l_korean.yml,1855,state,true,,산테알로시우스
STATE_RAIVNOILTA,korean,0,라이브노일타,localization/korean/map/states_l_korean.yml,1856,state,true,,라이브노일타
STATE_HAYELRUCZAH,korean,0,하옐루차,localization/korean/map/states_l_korean.yml,1857,state,true,,하옐루차
STATE_ONDAILRUXH,korean,0,온다일루스,localization/korean/map/states_l_korean.yml,1858,state,true,,온다일루스
STATE_SISRUTAKU,korean,0,시스루타쿠,localization/korean/map/states_l_korean.yml,1859,state,true,,시스루타쿠
STATE_USKORNTA,korean,0,우스코른타,localization/korean/map/states_l_korean.yml,1860,state,true,,우스코른타
STATE_KASHARVAXI,korean,0,카스하르바시,localization/korean/map/states_l_korean.yml,1861,state,true,,카스하르바시
STATE_RAIHUSARDA,korean,0,라이후스아르다,localization/korean/map/states_l_korean.yml,1862,state,true,,라이후스아르다
STATE_MASTOYENENKASOS,korean,0,마스토옌엔카소스,localization/korean/map/states_l_korean.yml,1863,state,true,,마스토옌엔카소스
STATE_HAIVRENRODAH,korean,0,하이브렌로다,localization/korean/map/states_l_korean.yml,1864,state,true,,하이브렌로다
STATE_ANDOKATAOSHI,korean,0,안도카타오시,localization/korean/map/states_l_korean.yml,1865,state,true,,안도카타오시
STATE_SANSKUPRODA,korean,0,산스쿠프로다,localization/korean/map/states_l_korean.yml,1866,state,true,,산스쿠프로다
STATE_NORTENVRELRANTH,korean,0,노르텐브렐란트,localization/korean/map/states_l_korean.yml,1867,state,true,,노르텐브렐란트
STATE_HASRACZELROVDA,korean,0,하스라첼로브다,localization/korean/map/states_l_korean.yml,1868,state,true,,하스라첼로브다
STATE_UKSIRENTO,korean,0,우크시렌토,localization/korean/map/states_l_korean.yml,1869,state,true,,우크시렌토
STATE_ORENTASIOKEN,korean,0,오렌타시오켄,localization/korean/map/states_l_korean.yml,1870,state,true,,오렌타시오켄
STATE_OISLRAVANAXI,korean,0,오이슬라바나시,localization/korean/map/states_l_korean.yml,1871,state,true,,오이슬라바나시
STATE_SAIRUGARDA,korean,0,사이루가르다,localization/korean/map/states_l_korean.yml,1872,state,true,,사이루가르다
STATE_KANTAHELRAVYAKU,korean,0,칸타헬라뱌쿠,localization/korean/map/states_l_korean.yml,1873,state,true,,칸타헬라뱌쿠
STATE_ANTOVOLROSIOKEN,korean,0,안토볼로시오켄,localization/korean/map/states_l_korean.yml,1874,state,true,,안토볼로시오켄
STATE_HUSTANSGARU,korean,0,후스탄스가루,localization/korean/map/states_l_korean.yml,1875,state,true,,후스탄스가루
STATE_RAVSASTANTANIA,korean,0,라브사스탄타니아,localization/korean/map/states_l_korean.yml,1876,state,true,,라브사스탄타니아
STATE_KUSVALRAHAXI,korean,0,쿠르발라하시,localization/korean/map/states_l_korean.yml,1877,state,false,,쿠르발라하시
STATE_AILRUSXHA,korean,0,아일루스샤,localization/korean/map/states_l_korean.yml,1878,state,true,,아일루스샤
STATE_AIROVELRUTAH,korean,0,아이로벨루타,localization/korean/map/states_l_korean.yml,1879,state,true,,아이로벨루타
STATE_RAIVELRORUTA,korean,0,라이벨로루타,localization/korean/map/states_l_korean.yml,1880,state,true,,라이벨로루타
STATE_KARPALRAZIYUEM,korean,0,카르팔라지움,localization/korean/map/states_l_korean.yml,1881,state,true,,카르팔라지움
STATE_ARENSIYAGA,korean,0,아렌시야가,localization/korean/map/states_l_korean.yml,1882,state,true,,아렌시야가
STATE_NESPLRAVERKH,korean,0,네스플라베르크,localization/korean/map/states_l_korean.yml,1883,state,true,,네스플라베르크
STATE_HIOSLRANYA,korean,0,히오슬라냐,localization/korean/map/states_l_korean.yml,1884,state,true,,히오슬라냐
STATE_SORVANDATZ,korean,0,소르반다츠,localization/korean/map/states_l_korean.yml,1885,state,true,,소르반다츠
STATE_AIROVDANSK,korean,0,아이로브단스크,localization/korean/map/states_l_korean.yml,1886,state,true,,아이로브단스크
STATE_AILRISGA,korean,0,아일리스가,localization/korean/map/states_l_korean.yml,1887,state,true,,아일리스가
STATE_ROSPOTOEMSK,korean,0,로스포토엠스크,localization/korean/map/states_l_korean.yml,1888,state,true,,로스포토엠스크
STATE_KUNTALRANYA,korean,0,쿤탈라냐,localization/korean/map/states_l_korean.yml,1889,state,true,,쿤탈라냐
STATE_EILRUTALRANYA,korean,0,에일루탈라냐,localization/korean/map/states_l_korean.yml,1890,state,true,,에일루탈라냐
STATE_KARTANTANIAH,korean,0,카르탄타니아,localization/korean/map/states_l_korean.yml,1891,state,true,,카르탄타니아
STATE_KAIHELRUHAXI,korean,0,카이헬루하시,localization/korean/map/states_l_korean.yml,1892,state,true,,카이헬루하시
STATE_NARTANTU,korean,0,나르탄투,localization/korean/map/states_l_korean.yml,1893,state,true,,나르탄투
STATE_SAIDENVHRELRANTH_ISLAND_CHAIN,korean,0,사이덴브렐란트 제도,localization/korean/map/states_l_korean.yml,1894,state,true,,사이덴브렐란트 제도
STATE_KAHUVALRANKA,korean,0,카후발랑카,localization/korean/map/states_l_korean.yml,1897,state,true,,카후발랑카
STATE_SIHELROVDA,korean,0,시헬로브다,localization/korean/map/states_l_korean.yml,1898,state,true,,시헬로브다
STATE_DASMONDANIA,korean,0,다스몬다니아,localization/korean/map/states_l_korean.yml,1899,state,true,,다스몬다니아
STATE_ANKANTAUS,korean,0,안칸타우스,localization/korean/map/states_l_korean.yml,1900,state,true,,안칸타우스
STATE_AKTANTIYUEM,korean,0,아크탄티움,localization/korean/map/states_l_korean.yml,1901,state,true,,아크탄티움
STATE_OVOELRANCZAH,korean,0,오보엘란차,localization/korean/map/states_l_korean.yml,1902,state,true,,오보엘란차
STATE_RAKTANXHIYUEM,korean,0,라크탄시움,localization/korean/map/states_l_korean.yml,1903,state,true,,라크탄시움
STATE_AHALROVDA,korean,0,아할로브다,localization/korean/map/states_l_korean.yml,1904,state,true,,아할로브다
STATE_RILRAUVDA,korean,0,릴라우브다,localization/korean/map/states_l_korean.yml,1905,state,true,,릴라우브다
STATE_ROVSENTIYUEM,korean,0,로브센티움,localization/korean/map/states_l_korean.yml,1906,state,true,,로브센티움
STATE_OSDHPUNTADI,korean,0,오스드푼타디,localization/korean/map/states_l_korean.yml,1907,state,true,,오스드푼타디
STATE_OHKULRASA,korean,0,오흐쿨라사,localization/korean/map/states_l_korean.yml,1908,state,true,,오흐쿨라사
STATE_RAIDOLRONTA,korean,0,라이돌론타,localization/korean/map/states_l_korean.yml,1909,state,true,,라이돌론타
STATE_IVASNOTZ,korean,0,이바스노츠,localization/korean/map/states_l_korean.yml,1910,state,true,,이바스노츠
STATE_KAILRUSVERKH,korean,0,카일루스베르크,localization/korean/map/states_l_korean.yml,1911,state,true,,카일루스베르크
STATE_YARELXHULRIVDA,korean,0,야렐슐리브다,localization/korean/map/states_l_korean.yml,1912,state,true,,야렐슐리브다
STATE_UHTA,korean,0,우흐타,localization/korean/map/states_l_korean.yml,1913,state,true,,우흐타
STATE_SALROTA,korean,0,살로타,localization/korean/map/states_l_korean.yml,1914,state,true,,살로타
STATE_NOHTA,korean,0,노흐타,localization/korean/map/states_l_korean.yml,1915,state,true,,노흐타
STATE_SUKOHTA,korean,0,수코흐타,localization/korean/map/states_l_korean.yml,1916,state,true,,수코흐타
STATE_OSPOTANXHIYUEM,korean,0,오스포탄시움,localization/korean/map/states_l_korean.yml,1917,state,true,,오스포탄시움
STATE_KARVALRANKA,korean,0,카르발랑카,localization/korean/map/states_l_korean.yml,1918,state,true,,카르발랑카
STATE_KONTORIYETI,korean,0,콘토리예티,localization/korean/map/states_l_korean.yml,1919,state,true,,콘토리예티
STATE_KANTAPANTAYUEM,korean,0,칸타판타움,localization/korean/map/states_l_korean.yml,1920,state,true,,칸타판타움
STATE_HASVALRAYUEM,korean,0,하스발라움,localization/korean/map/states_l_korean.yml,1921,state,true,,하스발라움
STATE_KOSPOLRONYA,korean,0,코스폴로냐,localization/korean/map/states_l_korean.yml,1922,state,true,,코스폴로냐
STATE_SOSDANCZAH,korean,0,소스단차,localization/korean/map/states_l_korean.yml,1923,state,true,,소스단차
STATE_ASLRAYANA,korean,0,아슬라야나,localization/korean/map/states_l_korean.yml,1924,state,true,,아슬라야나
STATE_OKROPSK,korean,0,오크롭스크,localization/korean/map/states_l_korean.yml,1925,state,true,,오크롭스크
STATE_UHMALRETA,korean,0,우흐말레타,localization/korean/map/states_l_korean.yml,1926,state,true,,우흐말레타
STATE_IONPOTACZAH,korean,0,이온포타차,localization/korean/map/states_l_korean.yml,1927,state,true,,이온포타차
STATE_TUHRVANTA,korean,0,투흐르반타,localization/korean/map/states_l_korean.yml,1928,state,true,,투흐르반타
STATE_KAHANSLRAYUEM,korean,0,카한슬라움,localization/korean/map/states_l_korean.yml,1929,state,true,,카한슬라움
STATE_USROVDANTH,korean,0,우스로브단트,localization/korean/map/states_l_korean.yml,1930,state,true,,우스로브단트
STATE_KANTAZERPA,korean,0,칸타제르파,localization/korean/map/states_l_korean.yml,1931,state,true,,칸타제르파
STATE_IOSPACZAH,korean,0,이오스파차,localization/korean/map/states_l_korean.yml,1932,state,true,,이오스파차
STATE_OSPALRUCZAH,korean,0,오스팔루차,localization/korean/map/states_l_korean.yml,1933,state,true,,오스팔루차
STATE_TURUHPANCZAH,korean,0,투루흐판차,localization/korean/map/states_l_korean.yml,1934,state,true,,투루흐판차
STATE_UNTFUNVERKH,korean,0,운트푼베르크,localization/korean/map/states_l_korean.yml,1935,state,true,,운트푼베르크
STATE_RIKORIXH,korean,0,리코리스,localization/korean/map/states_l_korean.yml,1938,state,true,,리코리스
STATE_VEXHZELATS,korean,0,베스젤라츠,localization/korean/map/states_l_korean.yml,1939,state,true,,베스젤라츠
STATE_DOSELRONIAH,korean,0,도스엘로니아,localization/korean/map/states_l_korean.yml,1940,state,true,,도스엘로니아
STATE_AKANTICZ,korean,0,아칸티츠,localization/korean/map/states_l_korean.yml,1941,state,true,,아칸티츠
STATE_TERHCZEAH,korean,0,테스체아,localization/korean/map/states_l_korean.yml,1942,state,true,,테스체아
STATE_VESTIAH_GRANGBLRUTS,korean,0,베스티아 그랑블루츠,localization/korean/map/states_l_korean.yml,1943,state,true,,베스티아 그랑블루츠
STATE_DONIAH_GRANGBLRUTS,korean,0,도니아 그랑블루츠,localization/korean/map/states_l_korean.yml,1944,state,true,,도니아 그랑블루츠
STATE_OPORANTS_ISLAND_CHAIN,korean,0,오포란츠 제도,localization/korean/map/states_l_korean.yml,1947,state,true,,오포란츠 제도
STATE_RAVHRATAXHEMAHN,korean,0,라브라타셰만,localization/korean/map/states_l_korean.yml,1948,state,true,,라브라타셰만
STATE_UVHRAXHEMAHN,korean,0,우브라셰만,localization/korean/map/states_l_korean.yml,1949,state,true,,우브라셰만
STATE_NIDOTORAXHEMAHN,korean,0,니도토라셰만,localization/korean/map/states_l_korean.yml,1950,state,true,,니도토라셰만
STATE_ODOTORAHXHEMAHN,korean,0,오도토라셰만,localization/korean/map/states_l_korean.yml,1951,state,true,,오도토라셰만
STATE_INKAXHEMAHN,korean,0,인카셰만,localization/korean/map/states_l_korean.yml,1952,state,true,,인카셰만
STATE_MAXHYELXHEMAHN,korean,0,마셸셰만,localization/korean/map/states_l_korean.yml,1953,state,true,,마셸셰만
STATE_RUVAHNTXHEMAHN,korean,0,루반트셰만,localization/korean/map/states_l_korean.yml,1954,state,true,,루반트셰만
STATE_YURHTEXHEMAHN,korean,0,유르테셰만,localization/korean/map/states_l_korean.yml,1955,state,true,,유르테셰만
STATE_RISTARCZEH_ISLAND_CHAIN,korean,0,린스타르체 제도,localization/korean/map/states_l_korean.yml,1956,state,true,,린스타르체 제도
STATE_RIVHRATANASHYA,korean,0,리브라타나샤,localization/korean/map/states_l_korean.yml,1957,state,true,,리브라타나샤
STATE_KOVARHTANASHYA,korean,0,코바르타나샤,localization/korean/map/states_l_korean.yml,1958,state,true,,코바르타나샤
region_seivranth_strategic_region,korean,0,세이브란트 고원,localization/korean/map/strategic_regions_l_korean.yml,3,strategic_region,true,,세이브란트 고원
region_kauats_strategic_region,korean,0,카우아츠,localization/korean/map/strategic_regions_l_korean.yml,4,strategic_region,true,,카우아츠
region_north_senaxh_low_land_strategic_region,korean,0,북부 세나스 저지대,localization/korean/map/strategic_regions_l_korean.yml,5,strategic_region,true,,북부 세나스 저지대
region_karotaniah_strategic_region,korean,0,카로타니아,localization/korean/map/strategic_regions_l_korean.yml,6,strategic_region,true,,카로타니아
region_kastalriya_strategic_region,korean,0,카스탈리야,localization/korean/map/strategic_regions_l_korean.yml,7,strategic_region,true,,카스탈리야
region_naiheldaroniah_strategic_region,korean,0,나이엘다로니아,localization/korean/map/strategic_regions_l_korean.yml,8,strategic_region,true,,나이엘다로니아
region_saidenphroith_strategic_region,korean,0,사이덴프로이트,localization/korean/map/strategic_regions_l_korean.yml,9,strategic_region,true,,사이덴프로이트
region_raihentonih_strategic_region,korean,0,라이헨토니,localization/korean/map/strategic_regions_l_korean.yml,10,strategic_region,true,,라이헨토니
region_phtynatroxh_strategic_region,korean,0,프티나트로스,localization/korean/map/strategic_regions_l_korean.yml,11,strategic_region,true,,프티나트로스
region_hyaryet_strategic_region,korean,0,햐롓,localization/korean/map/strategic_regions_l_korean.yml,12,strategic_region,true,,햐롓
region_granblruts_strategic_region,korean,0,그랑블루츠 제도,localization/korean/map/strategic_regions_l_korean.yml,13,strategic_region,true,,그랑블루츠 제도
region_korean_peninsula_strategic_region,korean,0,한반도,localization/korean/map/strategic_regions_l_korean.yml,14,strategic_region,true,,한반도
ruvelrinion,korean,,루벨리니온 제국도교,localization/korean/religion_l_korean.yml,2,identifier,true,,루벨리니온 제국도교
kerhynishy,korean,,케뤼니쉬교,localization/korean/religion_l_korean.yml,3,identifier,true,,케뤼니쉬교
state_trait_the_great_river,korean,,운하 규모의 강,localization/korean/state_traits_l_korean.yml,3,identifier,true,,운하 규모의 강
state_trait_remained_infrastructure,korean,,대전이 이전의 온전한 기반시설,localization/korean/state_traits_l_korean.yml,4,identifier,true,,대전이 이전의 온전한 기반시설
state_trait_great_black_soil,korean,,위대한 흑토 지대,localization/korean/state_traits_l_korean.yml,5,identifier,true,,위대한 흑토 지대
state_trait_blue_forest,korean,,푸르른 삼림,localization/korean/state_traits_l_korean.yml,6,identifier,true,,푸르른 삼림
state_trait_the_center_of_industry,korean,,산업의 중심지,localization/korean/state_traits_l_korean.yml,7,identifier,true,,산업의 중심지
state_trait_the_great_palace,korean,,제도권 황성 지역,localization/korean/state_traits_l_korean.yml,8,identifier,true,,제도권 황성 지역
state_trait_grand_mountain,korean,,전설의 산,localization/korean/state_traits_l_korean.yml,9,identifier,true,,전설의 산
state_trait_earth_mankind_arrival_location,korean,,구지구 전이자 도착지,localization/korean/state_traits_l_korean.yml,10,identifier,true,,구지구 전이자 도착지
state_good_place_for_mankind,korean,,사람 살기 좋은 곳,localization/korean/state_traits_l_korean.yml,11,identifier,true,,사람 살기 좋은 곳
