localization_key,language,version,value,source_file,source_line
ELX,korean,0,엘리시움 신성제국 연방,localization/korean/countries_l_korean.yml,2
ELX_ADJ,korean,0,엘리시움 연방,localization/korean/countries_l_korean.yml,3
AXT,korean,0,아스텔란트 왕국,localization/korean/countries_l_korean.yml,4
AXT_ADJ,korean,0,아스텔란트 왕국,localization/korean/countries_l_korean.yml,5
ISV,korean,0,이스벨리야 공국,localization/korean/countries_l_korean.yml,6
ISV_ADJ,korean,0,이스벨리야 공국,localization/korean/countries_l_korean.yml,7
ION,korean,0,이오니트 공국,localization/korean/countries_l_korean.yml,8
ION_ADJ,korean,0,이오니트 공국,localization/korean/countries_l_korean.yml,9
PIY,korean,0,피예르토 왕국,localization/korean/countries_l_korean.yml,10
PIY_ADJ,korean,0,피예르토 왕국,localization/korean/countries_l_korean.yml,11
NIX,korean,0,니스첼란트 왕국,localization/korean/countries_l_korean.yml,12
NIX_ADJ,korean,0,니스첼란트 왕국,localization/korean/countries_l_korean.yml,13
EHE,korean,0,에헬라시야 연방왕국,localization/korean/countries_l_korean.yml,14
EHE_ADJ,korean,0,에헬라시야 연방왕국,localization/korean/countries_l_korean.yml,15
ASL,korean,0,아슬라야 왕국,localization/korean/countries_l_korean.yml,16
ASL_ADJ,korean,0,아슬라야 왕국,localization/korean/countries_l_korean.yml,17
KIY,korean,0,키예펠로츠 제국,localization/korean/countries_l_korean.yml,18
KIY_ADJ,korean,0,키예펠로츠 제국,localization/korean/countries_l_korean.yml,19
APA,korean,0,아파첼라스 제국 연방,localization/korean/countries_l_korean.yml,20
APA_ADJ,korean,0,아파첼라스 제국 연방,localization/korean/countries_l_korean.yml,21
SPE,korean,0,스펠리츠 제국,localization/korean/countries_l_korean.yml,22
SPE_ADJ,korean,0,스펠리츠 제국,localization/korean/countries_l_korean.yml,23
GRI,korean,0,그리엔드 공화국,localization/korean/countries_l_korean.yml,24
GRI_ADJ,korean,0,그리엔드 공화국,localization/korean/countries_l_korean.yml,25
RAF,korean,0,라프첼란트 왕국,localization/korean/countries_l_korean.yml,26
RAF_ADJ,korean,0,라프첼란트 왕국,localization/korean/countries_l_korean.yml,27
RIX,korean,0,리스란트 왕국,localization/korean/countries_l_korean.yml,28
RIX_ADJ,korean,0,리스란트 왕국,localization/korean/countries_l_korean.yml,29
KRP,korean,0,카르펠라니아 왕국,localization/korean/countries_l_korean.yml,30
KRP_ADJ,korean,0,카르펠라니아 왕국,localization/korean/countries_l_korean.yml,31
HAP,korean,0,하플라츠 왕국,localization/korean/countries_l_korean.yml,32
HAP_ADJ,korean,0,하플라츠 왕국,localization/korean/countries_l_korean.yml,33
TER,korean,0,테르체아 왕국,localization/korean/countries_l_korean.yml,34
TER_ADJ,korean,0,테르체아 왕국,localization/korean/countries_l_korean.yml,35
VEX,korean,0,베스젤라츠 부족연합,localization/korean/countries_l_korean.yml,36
VEX_ADJ,korean,0,베스젤라츠 부족연합,localization/korean/countries_l_korean.yml,37
RXT,korean,0,류스텔라니아 연합왕국,localization/korean/countries_l_korean.yml,38
RXT_ADJ,korean,0,류스텔라니아 연합왕국,localization/korean/countries_l_korean.yml,39
OHE,korean,0,오헬리야 공화국,localization/korean/countries_l_korean.yml,40
OHE_ADJ,korean,0,오헬리야 공화국,localization/korean/countries_l_korean.yml,41
RHZ,korean,0,리히즐레니아 공화국,localization/korean/countries_l_korean.yml,42
RHZ_ADJ,korean,0,리히즐레니아 공화국,localization/korean/countries_l_korean.yml,43
RPT,korean,0,레판트 연방공화국,localization/korean/countries_l_korean.yml,44
RPT_ADJ,korean,0,레판트 연방공화국,localization/korean/countries_l_korean.yml,45
AMR,korean,0,아마르니아 왕국,localization/korean/countries_l_korean.yml,46
AMR_ADJ,korean,0,아마르니아 왕국,localization/korean/countries_l_korean.yml,47
KRR,korean,0,대한-라이오니온 연방,localization/korean/countries_l_korean.yml,49
KRR_ADJ,korean,0,대한,localization/korean/countries_l_korean.yml,50
IMS,korean,0,중앙 세나스 미수복 지대,localization/korean/countries_l_korean.yml,52
IMS_ADJ,korean,0,중앙 세나스 미수복 지대,localization/korean/countries_l_korean.yml,53
VBA,korean,0,고원 서부 미수복 지대,localization/korean/countries_l_korean.yml,54
VBA_ADJ,korean,0,고원 서부 미수복 지대,localization/korean/countries_l_korean.yml,55
EBA,korean,0,고원 동부 미수복 지대,localization/korean/countries_l_korean.yml,56
EBA_ADJ,korean,0,고원 동부 미수복 지대,localization/korean/countries_l_korean.yml,57
GRN,korean,0,그랑블루츠 미수복 지대,localization/korean/countries_l_korean.yml,58
GRN_ADJ,korean,0,그랑블루츠 미수복 지대,localization/korean/countries_l_korean.yml,59
ELX_FLAVOR_TEXT,korean,,"엘리시움 신성제국 연방은 세계 최초로 농업 혁명과 산업 혁명을 일으킨 세계 제일의 국가였습니다. 그래왔었고, 그래야 할 것입니다. 그러나, 제2차 대전이로 인해 전세계가 붕괴하였습니다. 그나마 남은 제도권 지역을 이용하여 드넓은 대지를 점령하고, 대양을 향해 나아갈 수 있을까요.",localization/korean/country_flavor_text_l_korean.yml,3
GENERIC_FLAVOR_TEXT,korean,,제2차 대전이 이후의 세계는 생존을 위한 혈투를 벌이는 시대입니다. 이 시대는 어떤 새로운 도전들로 가득 차 있을까요?,localization/korean/country_flavor_text_l_korean.yml,6
REV_GENERIC_FLAVOR_TEXT,korean,,소위 체계적인 정부의 방침에 불만족한 혁명 세력은 직접 무기를 들고 정부를 타도하기로 했습니다. 과연 이들은 권력을 쟁취하는 데 성공할까요? 아니면 앞서 기억의 저편으로 잊혀 버린 수많은 혁명처럼 무참히 짓밟히고 말까요?,localization/korean/country_flavor_text_l_korean.yml,7
DECENTRALIZED_FLAVOR_TEXT,korean,,"이 국가는 더 잘 조직된 국가들에 휘둘리면서도 자주성을 지키기 위해 애쓰고 있습니다. 이 나라는 새로운 한 세기를 맞이하게 될까요, 아니면 역사서만이 그 이름을 기억하게 될까요?",localization/korean/country_flavor_text_l_korean.yml,8
IMS_FLAVOR_TEXT,korean,,$DECENTRALIZED_FLAVOR_TEXT$,localization/korean/country_flavor_text_l_korean.yml,11
VBA_FLAVOR_TEXT,korean,,$DECENTRALIZED_FLAVOR_TEXT$,localization/korean/country_flavor_text_l_korean.yml,12
GRN_FLAVOR_TEXT,korean,,$DECENTRALIZED_FLAVOR_TEXT$,localization/korean/country_flavor_text_l_korean.yml,13
EBA_FLAVOR_TEXT,korean,,$DECENTRALIZED_FLAVOR_TEXT$,localization/korean/country_flavor_text_l_korean.yml,14
ilrenxhiel_culture_group,korean,,일렌시엘 문화권,localization/korean/cultures_l_korean.yml,2
elrunik_heritage,korean,,엘루닉 명맥,localization/korean/cultures_l_korean.yml,3
ilrenxhiel,korean,,일렌시엘,localization/korean/cultures_l_korean.yml,4
aspelriel,korean,,아스펠리엘,localization/korean/cultures_l_korean.yml,5
griaziel,korean,,그리아지엘,localization/korean/cultures_l_korean.yml,6
grazunta,korean,,그라준타,localization/korean/cultures_l_korean.yml,7
dyuelroniel,korean,,듀엘로니엘,localization/korean/cultures_l_korean.yml,8
korean,korean,,대한,localization/korean/cultures_l_korean.yml,9
HUB_NAME_STATE_RARHELIYA_city,korean,,이케실리움,localization/korean/hub_names_l_korean.yml,3
HUB_NAME_STATE_RARHELIYA_mine,korean,,리토라리움,localization/korean/hub_names_l_korean.yml,4
HUB_NAME_STATE_RARHELIYA_farm,korean,,에인안시움,localization/korean/hub_names_l_korean.yml,5
HUB_NAME_STATE_RARHELIYA_wood,korean,,유셀라리움,localization/korean/hub_names_l_korean.yml,6
HUB_NAME_STATE_SOUTHERN_FINLAND_city,korean,,헬싱키,localization/korean/hub_names_l_korean.yml,16
HUB_NAME_STATE_SOUTHERN_FINLAND_port,korean,,투르쿠,localization/korean/hub_names_l_korean.yml,17
HUB_NAME_STATE_SOUTHERN_FINLAND_mine,korean,,미켈리,localization/korean/hub_names_l_korean.yml,18
HUB_NAME_STATE_SOUTHERN_FINLAND_farm,korean,,포리,localization/korean/hub_names_l_korean.yml,19
HUB_NAME_STATE_SOUTHERN_FINLAND_wood,korean,,탐페레,localization/korean/hub_names_l_korean.yml,20
HUB_NAME_STATE_OSTROBOTHNIA_city,korean,,바사,localization/korean/hub_names_l_korean.yml,21
HUB_NAME_STATE_OSTROBOTHNIA_port,korean,,오울루,localization/korean/hub_names_l_korean.yml,22
HUB_NAME_STATE_OSTROBOTHNIA_mine,korean,,케미,localization/korean/hub_names_l_korean.yml,23
HUB_NAME_STATE_OSTROBOTHNIA_farm,korean,,코콜라,localization/korean/hub_names_l_korean.yml,24
HUB_NAME_STATE_OSTROBOTHNIA_wood,korean,,카야니,localization/korean/hub_names_l_korean.yml,25
HUB_NAME_STATE_WEST_KARELIA_city,korean,,비푸리,localization/korean/hub_names_l_korean.yml,26
HUB_NAME_STATE_WEST_KARELIA_port,korean,,하미나,localization/korean/hub_names_l_korean.yml,27
HUB_NAME_STATE_WEST_KARELIA_mine,korean,,소르타발라,localization/korean/hub_names_l_korean.yml,28
HUB_NAME_STATE_WEST_KARELIA_farm,korean,,카키살미,localization/korean/hub_names_l_korean.yml,29
HUB_NAME_STATE_WEST_KARELIA_wood,korean,,요엔수,localization/korean/hub_names_l_korean.yml,30
HUB_NAME_STATE_ALAND_city,korean,,보마르순드,localization/korean/hub_names_l_korean.yml,31
HUB_NAME_STATE_ALAND_port,korean,,마리함,localization/korean/hub_names_l_korean.yml,32
HUB_NAME_STATE_ALAND_farm,korean,,에케로,localization/korean/hub_names_l_korean.yml,33
HUB_NAME_STATE_NORTHERN_NORWAY_city,korean,,트론드히엠,localization/korean/hub_names_l_korean.yml,35
HUB_NAME_STATE_NORTHERN_NORWAY_port,korean,,보되,localization/korean/hub_names_l_korean.yml,36
HUB_NAME_STATE_NORTHERN_NORWAY_mine,korean,,트롬쇠,localization/korean/hub_names_l_korean.yml,37
HUB_NAME_STATE_NORTHERN_NORWAY_farm,korean,,스트란덴,localization/korean/hub_names_l_korean.yml,38
HUB_NAME_STATE_NORTHERN_NORWAY_wood,korean,,순달쇠렌,localization/korean/hub_names_l_korean.yml,39
HUB_NAME_STATE_WESTERN_NORWAY_city,korean,,크리스티안산드,localization/korean/hub_names_l_korean.yml,40
HUB_NAME_STATE_WESTERN_NORWAY_port,korean,,베르겐,localization/korean/hub_names_l_korean.yml,41
HUB_NAME_STATE_WESTERN_NORWAY_mine,korean,,콩스베르그,localization/korean/hub_names_l_korean.yml,42
HUB_NAME_STATE_WESTERN_NORWAY_farm,korean,,스타방에르,localization/korean/hub_names_l_korean.yml,43
HUB_NAME_STATE_WESTERN_NORWAY_wood,korean,,툰스베르그,localization/korean/hub_names_l_korean.yml,44
HUB_NAME_STATE_EASTERN_NORWAY_city,korean,,크리스티아니아,localization/korean/hub_names_l_korean.yml,45
HUB_NAME_STATE_EASTERN_NORWAY_port,korean,,프레데릭스타드,localization/korean/hub_names_l_korean.yml,46
HUB_NAME_STATE_EASTERN_NORWAY_mine,korean,,릴레함메르,localization/korean/hub_names_l_korean.yml,47
HUB_NAME_STATE_EASTERN_NORWAY_farm,korean,,프레데릭살드,localization/korean/hub_names_l_korean.yml,48
HUB_NAME_STATE_EASTERN_NORWAY_wood,korean,,콩스빙에르,localization/korean/hub_names_l_korean.yml,49
HUB_NAME_STATE_NORRLAND_city,korean,,순스발,localization/korean/hub_names_l_korean.yml,51
HUB_NAME_STATE_NORRLAND_port,korean,,룰레오,localization/korean/hub_names_l_korean.yml,52
HUB_NAME_STATE_NORRLAND_mine,korean,,키루나,localization/korean/hub_names_l_korean.yml,53
HUB_NAME_STATE_NORRLAND_farm,korean,,외스테르순드,localization/korean/hub_names_l_korean.yml,54
HUB_NAME_STATE_NORRLAND_wood,korean,,소데르함,localization/korean/hub_names_l_korean.yml,55
HUB_NAME_STATE_SVEALAND_city,korean,,스톡홀름,localization/korean/hub_names_l_korean.yml,56
HUB_NAME_STATE_SVEALAND_port,korean,,뉘셰핑,localization/korean/hub_names_l_korean.yml,57
HUB_NAME_STATE_SVEALAND_mine,korean,,팔룬,localization/korean/hub_names_l_korean.yml,58
HUB_NAME_STATE_SVEALAND_farm,korean,,외레브로,localization/korean/hub_names_l_korean.yml,59
HUB_NAME_STATE_SVEALAND_wood,korean,,칼스타드,localization/korean/hub_names_l_korean.yml,60
HUB_NAME_STATE_GOTALAND_city,korean,,욘셰핑,localization/korean/hub_names_l_korean.yml,61
HUB_NAME_STATE_GOTALAND_port,korean,,괴테보리,localization/korean/hub_names_l_korean.yml,62
HUB_NAME_STATE_GOTALAND_mine,korean,,칼마르,localization/korean/hub_names_l_korean.yml,63
HUB_NAME_STATE_GOTALAND_farm,korean,,스쾨브데,localization/korean/hub_names_l_korean.yml,64
HUB_NAME_STATE_GOTALAND_wood,korean,,벡셰,localization/korean/hub_names_l_korean.yml,65
HUB_NAME_STATE_GOTLAND_city,korean,,헴세,localization/korean/hub_names_l_korean.yml,66
HUB_NAME_STATE_GOTLAND_port,korean,,비스뷔,localization/korean/hub_names_l_korean.yml,67
HUB_NAME_STATE_GOTLAND_mine,korean,,클린트함,localization/korean/hub_names_l_korean.yml,68
HUB_NAME_STATE_GOTLAND_farm,korean,,로마클로스테르,localization/korean/hub_names_l_korean.yml,69
HUB_NAME_STATE_GOTLAND_wood,korean,,슬리트,localization/korean/hub_names_l_korean.yml,70
HUB_NAME_STATE_SCANIA_city,korean,,헬싱보리,localization/korean/hub_names_l_korean.yml,71
HUB_NAME_STATE_SCANIA_port,korean,,말뫼,localization/korean/hub_names_l_korean.yml,72
HUB_NAME_STATE_SCANIA_mine,korean,,크리스티안스타드,localization/korean/hub_names_l_korean.yml,73
HUB_NAME_STATE_SCANIA_farm,korean,,할름스타드,localization/korean/hub_names_l_korean.yml,74
HUB_NAME_STATE_SCANIA_wood,korean,,회르,localization/korean/hub_names_l_korean.yml,75
HUB_NAME_STATE_ZEALAND_city,korean,,코펜하겐,localization/korean/hub_names_l_korean.yml,77
HUB_NAME_STATE_ZEALAND_port,korean,,칼룬보르,localization/korean/hub_names_l_korean.yml,78
HUB_NAME_STATE_ZEALAND_farm,korean,,네스트베드,localization/korean/hub_names_l_korean.yml,79
HUB_NAME_STATE_ZEALAND_wood,korean,,오덴세,localization/korean/hub_names_l_korean.yml,80
HUB_NAME_STATE_ZEALAND_mine,korean,,뢰네,localization/korean/hub_names_l_korean.yml,81
HUB_NAME_STATE_JUTLAND_city,korean,,올보르그,localization/korean/hub_names_l_korean.yml,82
HUB_NAME_STATE_JUTLAND_port,korean,,오르후스,localization/korean/hub_names_l_korean.yml,83
HUB_NAME_STATE_JUTLAND_mine,korean,,히외를링,localization/korean/hub_names_l_korean.yml,84
HUB_NAME_STATE_JUTLAND_farm,korean,,콜링,localization/korean/hub_names_l_korean.yml,85
HUB_NAME_STATE_JUTLAND_wood,korean,,헤르닝,localization/korean/hub_names_l_korean.yml,86
HUB_NAME_STATE_SCHLESWIG_HOLSTEIN_city,korean,,킬,localization/korean/hub_names_l_korean.yml,87
HUB_NAME_STATE_SCHLESWIG_HOLSTEIN_port,korean,,뤼벡,localization/korean/hub_names_l_korean.yml,88
HUB_NAME_STATE_SCHLESWIG_HOLSTEIN_mine,korean,,니뷜,localization/korean/hub_names_l_korean.yml,89
HUB_NAME_STATE_SCHLESWIG_HOLSTEIN_farm,korean,,플렌스부르그,localization/korean/hub_names_l_korean.yml,90
HUB_NAME_STATE_SCHLESWIG_HOLSTEIN_wood,korean,,이체호,localization/korean/hub_names_l_korean.yml,91
HUB_NAME_STATE_MECKLENBURG_city,korean,,슈베린,localization/korean/hub_names_l_korean.yml,93
HUB_NAME_STATE_MECKLENBURG_port,korean,,로스토크,localization/korean/hub_names_l_korean.yml,94
HUB_NAME_STATE_MECKLENBURG_mine,korean,,노이스트렐리츠,localization/korean/hub_names_l_korean.yml,95
HUB_NAME_STATE_MECKLENBURG_farm,korean,,노이브란덴부르크,localization/korean/hub_names_l_korean.yml,96
HUB_NAME_STATE_MECKLENBURG_wood,korean,,귀스트로브,localization/korean/hub_names_l_korean.yml,97
HUB_NAME_STATE_POMERANIA_city,korean,,슈테틴,localization/korean/hub_names_l_korean.yml,98
HUB_NAME_STATE_POMERANIA_port,korean,,그라이프스발트,localization/korean/hub_names_l_korean.yml,99
HUB_NAME_STATE_POMERANIA_mine,korean,,슈베트,localization/korean/hub_names_l_korean.yml,100
HUB_NAME_STATE_POMERANIA_farm,korean,,쾨슬린,localization/korean/hub_names_l_korean.yml,101
HUB_NAME_STATE_POMERANIA_wood,korean,,쉬벨바인,localization/korean/hub_names_l_korean.yml,102
HUB_NAME_STATE_BRANDENBURG_city,korean,,베를린,localization/korean/hub_names_l_korean.yml,103
HUB_NAME_STATE_BRANDENBURG_mine,korean,,콧부스,localization/korean/hub_names_l_korean.yml,104
HUB_NAME_STATE_BRANDENBURG_farm,korean,,포츠담,localization/korean/hub_names_l_korean.yml,105
HUB_NAME_STATE_BRANDENBURG_wood,korean,,스타르가르트,localization/korean/hub_names_l_korean.yml,106
HUB_NAME_STATE_SAXONY_city,korean,,드레스덴,localization/korean/hub_names_l_korean.yml,107
HUB_NAME_STATE_SAXONY_mine,korean,,라이프치히,localization/korean/hub_names_l_korean.yml,108
HUB_NAME_STATE_SAXONY_farm,korean,,에르푸르트,localization/korean/hub_names_l_korean.yml,109
HUB_NAME_STATE_SAXONY_wood,korean,,예라,localization/korean/hub_names_l_korean.yml,110
HUB_NAME_STATE_FRANCONIA_city,korean,,뉘른베르크,localization/korean/hub_names_l_korean.yml,111
HUB_NAME_STATE_FRANCONIA_mine,korean,,바이로이트,localization/korean/hub_names_l_korean.yml,112
HUB_NAME_STATE_FRANCONIA_farm,korean,,코부르크,localization/korean/hub_names_l_korean.yml,113
HUB_NAME_STATE_FRANCONIA_wood,korean,,뷔르츠부르크,localization/korean/hub_names_l_korean.yml,114
HUB_NAME_STATE_BAVARIA_city,korean,,뮌헨,localization/korean/hub_names_l_korean.yml,115
HUB_NAME_STATE_BAVARIA_mine,korean,,로젠하임,localization/korean/hub_names_l_korean.yml,116
HUB_NAME_STATE_BAVARIA_farm,korean,,레겐스부르크,localization/korean/hub_names_l_korean.yml,117
HUB_NAME_STATE_BAVARIA_wood,korean,,아우크스부르크,localization/korean/hub_names_l_korean.yml,118
HUB_NAME_STATE_WURTTEMBERG_city,korean,,슈투트가르트,localization/korean/hub_names_l_korean.yml,119
HUB_NAME_STATE_WURTTEMBERG_mine,korean,,린다우,localization/korean/hub_names_l_korean.yml,120
HUB_NAME_STATE_WURTTEMBERG_farm,korean,,울름,localization/korean/hub_names_l_korean.yml,121
HUB_NAME_STATE_WURTTEMBERG_wood,korean,,하일브론,localization/korean/hub_names_l_korean.yml,122
HUB_NAME_STATE_BADEN_city,korean,,카를스루헤,localization/korean/hub_names_l_korean.yml,123
HUB_NAME_STATE_BADEN_mine,korean,,콘스탄츠,localization/korean/hub_names_l_korean.yml,124
HUB_NAME_STATE_BADEN_farm,korean,,프라이부르크,localization/korean/hub_names_l_korean.yml,125
HUB_NAME_STATE_BADEN_wood,korean,,하이델베르크,localization/korean/hub_names_l_korean.yml,126
HUB_NAME_STATE_RHINELAND_city,korean,,자르브뤼켄,localization/korean/hub_names_l_korean.yml,127
HUB_NAME_STATE_RHINELAND_mine,korean,,카이저슬라우테른,localization/korean/hub_names_l_korean.yml,128
HUB_NAME_STATE_RHINELAND_farm,korean,,만하임,localization/korean/hub_names_l_korean.yml,129
HUB_NAME_STATE_RHINELAND_wood,korean,,트리어,localization/korean/hub_names_l_korean.yml,130
HUB_NAME_STATE_HESSE_city,korean,,프랑크푸르트,localization/korean/hub_names_l_korean.yml,131
HUB_NAME_STATE_HESSE_mine,korean,,기센,localization/korean/hub_names_l_korean.yml,132
HUB_NAME_STATE_HESSE_farm,korean,,마인츠,localization/korean/hub_names_l_korean.yml,133
HUB_NAME_STATE_HESSE_wood,korean,,풀다,localization/korean/hub_names_l_korean.yml,134
HUB_NAME_STATE_BRUNSWICK_city,korean,,브라운슈바이크,localization/korean/hub_names_l_korean.yml,135
HUB_NAME_STATE_BRUNSWICK_mine,korean,,힐데스하임,localization/korean/hub_names_l_korean.yml,136
HUB_NAME_STATE_BRUNSWICK_farm,korean,,베르니게로데,localization/korean/hub_names_l_korean.yml,137
HUB_NAME_STATE_BRUNSWICK_wood,korean,,볼프스부르크,localization/korean/hub_names_l_korean.yml,138
HUB_NAME_STATE_ANHALT_city,korean,,마그데부르크,localization/korean/hub_names_l_korean.yml,139
HUB_NAME_STATE_ANHALT_mine,korean,,할레,localization/korean/hub_names_l_korean.yml,140
HUB_NAME_STATE_ANHALT_farm,korean,,데사우,localization/korean/hub_names_l_korean.yml,141
HUB_NAME_STATE_ANHALT_wood,korean,,슈텐달,localization/korean/hub_names_l_korean.yml,142
HUB_NAME_STATE_ELBE_city,korean,,함부르크,localization/korean/hub_names_l_korean.yml,143
HUB_NAME_STATE_ELBE_port,korean,,브레머하펜,localization/korean/hub_names_l_korean.yml,144
HUB_NAME_STATE_ELBE_mine,korean,,엘름스호른,localization/korean/hub_names_l_korean.yml,145
HUB_NAME_STATE_ELBE_farm,korean,,브레멘,localization/korean/hub_names_l_korean.yml,146
HUB_NAME_STATE_ELBE_wood,korean,,발즈로데,localization/korean/hub_names_l_korean.yml,147
HUB_NAME_STATE_HANNOVER_city,korean,,하노버,localization/korean/hub_names_l_korean.yml,148
HUB_NAME_STATE_HANNOVER_port,korean,,엠덴,localization/korean/hub_names_l_korean.yml,149
HUB_NAME_STATE_HANNOVER_mine,korean,,빌레펠트,localization/korean/hub_names_l_korean.yml,150
HUB_NAME_STATE_HANNOVER_farm,korean,,올덴부르크,localization/korean/hub_names_l_korean.yml,151
HUB_NAME_STATE_HANNOVER_wood,korean,,민덴,localization/korean/hub_names_l_korean.yml,152
HUB_NAME_STATE_WESTPHALIA_city,korean,,도르트문트,localization/korean/hub_names_l_korean.yml,153
HUB_NAME_STATE_WESTPHALIA_mine,korean,,파더보른,localization/korean/hub_names_l_korean.yml,154
HUB_NAME_STATE_WESTPHALIA_farm,korean,,뮌스터,localization/korean/hub_names_l_korean.yml,155
HUB_NAME_STATE_WESTPHALIA_wood,korean,,에센,localization/korean/hub_names_l_korean.yml,156
HUB_NAME_STATE_NORTH_RHINE_city,korean,,쾰른,localization/korean/hub_names_l_korean.yml,157
HUB_NAME_STATE_NORTH_RHINE_mine,korean,,아헨,localization/korean/hub_names_l_korean.yml,158
HUB_NAME_STATE_NORTH_RHINE_farm,korean,,본,localization/korean/hub_names_l_korean.yml,159
HUB_NAME_STATE_NORTH_RHINE_wood,korean,,외펜,localization/korean/hub_names_l_korean.yml,160
HUB_NAME_STATE_RUHR_city,korean,,뒤셀도르프,localization/korean/hub_names_l_korean.yml,161
HUB_NAME_STATE_RUHR_mine,korean,,부퍼탈,localization/korean/hub_names_l_korean.yml,162
HUB_NAME_STATE_RUHR_wood,korean,,지겐,localization/korean/hub_names_l_korean.yml,163
HUB_NAME_STATE_RUHR_farm,korean,,하헨부르크,localization/korean/hub_names_l_korean.yml,164
HUB_NAME_STATE_WALLONIA_city,korean,,룩셈부르크,localization/korean/hub_names_l_korean.yml,166
HUB_NAME_STATE_WALLONIA_mine,korean,,리에주,localization/korean/hub_names_l_korean.yml,167
HUB_NAME_STATE_WALLONIA_farm,korean,,나무르,localization/korean/hub_names_l_korean.yml,168
HUB_NAME_STATE_WALLONIA_wood,korean,,샤를루아,localization/korean/hub_names_l_korean.yml,169
HUB_NAME_STATE_FLANDERS_city,korean,,브뤼셀,localization/korean/hub_names_l_korean.yml,170
HUB_NAME_STATE_FLANDERS_port,korean,,브뤼허,localization/korean/hub_names_l_korean.yml,171
HUB_NAME_STATE_FLANDERS_mine,korean,,하셀트,localization/korean/hub_names_l_korean.yml,172
HUB_NAME_STATE_FLANDERS_farm,korean,,앤트워프,localization/korean/hub_names_l_korean.yml,173
HUB_NAME_STATE_FLANDERS_wood,korean,,겐트,localization/korean/hub_names_l_korean.yml,174
HUB_NAME_STATE_GELRE_city,korean,,에인트호벤,localization/korean/hub_names_l_korean.yml,176
HUB_NAME_STATE_GELRE_mine,korean,,마스트리히트,localization/korean/hub_names_l_korean.yml,177
HUB_NAME_STATE_GELRE_farm,korean,,네이메헌,localization/korean/hub_names_l_korean.yml,178
HUB_NAME_STATE_GELRE_wood,korean,,아른헴,localization/korean/hub_names_l_korean.yml,179
HUB_NAME_STATE_FRIESLAND_city,korean,,그로닝겐,localization/korean/hub_names_l_korean.yml,180
HUB_NAME_STATE_FRIESLAND_port,korean,,할링겐,localization/korean/hub_names_l_korean.yml,181
HUB_NAME_STATE_FRIESLAND_mine,korean,,에먼,localization/korean/hub_names_l_korean.yml,182
HUB_NAME_STATE_FRIESLAND_farm,korean,,즈볼러,localization/korean/hub_names_l_korean.yml,183
HUB_NAME_STATE_FRIESLAND_wood,korean,,드라흐턴,localization/korean/hub_names_l_korean.yml,184
HUB_NAME_STATE_HOLLAND_city,korean,,암스테르담,localization/korean/hub_names_l_korean.yml,185
HUB_NAME_STATE_HOLLAND_port,korean,,로테르담,localization/korean/hub_names_l_korean.yml,186
HUB_NAME_STATE_HOLLAND_farm,korean,,위트레흐트,localization/korean/hub_names_l_korean.yml,187
HUB_NAME_STATE_HOLLAND_wood,korean,,브레다,localization/korean/hub_names_l_korean.yml,188
HUB_NAME_STATE_HOLLAND_mine,korean,,보렉 인 워터랜드,localization/korean/hub_names_l_korean.yml,189
HUB_NAME_STATE_EAST_ANGLIA_city,korean,,케임브리지,localization/korean/hub_names_l_korean.yml,191
HUB_NAME_STATE_EAST_ANGLIA_port,korean,,입스위치,localization/korean/hub_names_l_korean.yml,192
HUB_NAME_STATE_EAST_ANGLIA_mine,korean,,루턴,localization/korean/hub_names_l_korean.yml,193
HUB_NAME_STATE_EAST_ANGLIA_farm,korean,,첼름스포드,localization/korean/hub_names_l_korean.yml,194
HUB_NAME_STATE_EAST_ANGLIA_wood,korean,,노리치,localization/korean/hub_names_l_korean.yml,195
HUB_NAME_STATE_HOME_COUNTIES_city,korean,,런던,localization/korean/hub_names_l_korean.yml,196
HUB_NAME_STATE_HOME_COUNTIES_port,korean,,포츠머스,localization/korean/hub_names_l_korean.yml,197
HUB_NAME_STATE_HOME_COUNTIES_mine,korean,,레딩,localization/korean/hub_names_l_korean.yml,198
HUB_NAME_STATE_HOME_COUNTIES_farm,korean,,켄터베리,localization/korean/hub_names_l_korean.yml,199
HUB_NAME_STATE_HOME_COUNTIES_wood,korean,,옥스포드,localization/korean/hub_names_l_korean.yml,200
HUB_NAME_STATE_WEST_COUNTRY_city,korean,,브리스톨,localization/korean/hub_names_l_korean.yml,201
HUB_NAME_STATE_WEST_COUNTRY_port,korean,,플리머스,localization/korean/hub_names_l_korean.yml,202
HUB_NAME_STATE_WEST_COUNTRY_mine,korean,,글로스터,localization/korean/hub_names_l_korean.yml,203
HUB_NAME_STATE_WEST_COUNTRY_farm,korean,,톤턴,localization/korean/hub_names_l_korean.yml,204
HUB_NAME_STATE_WEST_COUNTRY_wood,korean,,반스터플,localization/korean/hub_names_l_korean.yml,205
HUB_NAME_STATE_WALES_city,korean,,카디프,localization/korean/hub_names_l_korean.yml,206
HUB_NAME_STATE_WALES_port,korean,,스완지,localization/korean/hub_names_l_korean.yml,207
HUB_NAME_STATE_WALES_mine,korean,,머서티드빌,localization/korean/hub_names_l_korean.yml,208
HUB_NAME_STATE_WALES_farm,korean,,카마덴,localization/korean/hub_names_l_korean.yml,209
HUB_NAME_STATE_WALES_wood,korean,,포스마독,localization/korean/hub_names_l_korean.yml,210
HUB_NAME_STATE_MIDLANDS_city,korean,,버밍엄,localization/korean/hub_names_l_korean.yml,211
HUB_NAME_STATE_MIDLANDS_port,korean,,그림즈비,localization/korean/hub_names_l_korean.yml,212
HUB_NAME_STATE_MIDLANDS_mine,korean,,노팅엄,localization/korean/hub_names_l_korean.yml,213
HUB_NAME_STATE_MIDLANDS_farm,korean,,레스터,localization/korean/hub_names_l_korean.yml,214
HUB_NAME_STATE_MIDLANDS_wood,korean,,피터버러,localization/korean/hub_names_l_korean.yml,215
HUB_NAME_STATE_YORKSHIRE_city,korean,,요크,localization/korean/hub_names_l_korean.yml,216
HUB_NAME_STATE_YORKSHIRE_port,korean,,뉴캐슬,localization/korean/hub_names_l_korean.yml,217
HUB_NAME_STATE_YORKSHIRE_mine,korean,,리즈,localization/korean/hub_names_l_korean.yml,218
HUB_NAME_STATE_YORKSHIRE_farm,korean,,미들즈브러,localization/korean/hub_names_l_korean.yml,219
HUB_NAME_STATE_YORKSHIRE_wood,korean,,헐,localization/korean/hub_names_l_korean.yml,220
HUB_NAME_STATE_LANCASHIRE_city,korean,,맨체스터,localization/korean/hub_names_l_korean.yml,221
HUB_NAME_STATE_LANCASHIRE_port,korean,,리버풀,localization/korean/hub_names_l_korean.yml,222
HUB_NAME_STATE_LANCASHIRE_mine,korean,,블랙번,localization/korean/hub_names_l_korean.yml,223
HUB_NAME_STATE_LANCASHIRE_farm,korean,,칼라일,localization/korean/hub_names_l_korean.yml,224
HUB_NAME_STATE_LANCASHIRE_wood,korean,,배로인퍼니스,localization/korean/hub_names_l_korean.yml,225
HUB_NAME_STATE_LOWLANDS_city,korean,,에든버러,localization/korean/hub_names_l_korean.yml,226
HUB_NAME_STATE_LOWLANDS_port,korean,,애버딘,localization/korean/hub_names_l_korean.yml,227
HUB_NAME_STATE_LOWLANDS_mine,korean,,덤프리스,localization/korean/hub_names_l_korean.yml,228
HUB_NAME_STATE_LOWLANDS_farm,korean,,글래스고,localization/korean/hub_names_l_korean.yml,229
HUB_NAME_STATE_LOWLANDS_wood,korean,,던디,localization/korean/hub_names_l_korean.yml,230
HUB_NAME_STATE_HIGHLANDS_city,korean,,인버네스,localization/korean/hub_names_l_korean.yml,231
HUB_NAME_STATE_HIGHLANDS_port,korean,,커크월,localization/korean/hub_names_l_korean.yml,232
HUB_NAME_STATE_HIGHLANDS_mine,korean,,드럼나드로치트,localization/korean/hub_names_l_korean.yml,233
HUB_NAME_STATE_HIGHLANDS_farm,korean,,포트 윌리엄,localization/korean/hub_names_l_korean.yml,234
HUB_NAME_STATE_HIGHLANDS_wood,korean,,애비모어,localization/korean/hub_names_l_korean.yml,235
HUB_NAME_STATE_ULSTER_city,korean,,벨파스트,localization/korean/hub_names_l_korean.yml,236
HUB_NAME_STATE_ULSTER_port,korean,,데리,localization/korean/hub_names_l_korean.yml,237
HUB_NAME_STATE_ULSTER_mine,korean,,에니스킬렌,localization/korean/hub_names_l_korean.yml,238
HUB_NAME_STATE_ULSTER_farm,korean,,뉴어리,localization/korean/hub_names_l_korean.yml,239
HUB_NAME_STATE_ULSTER_wood,korean,,오마,localization/korean/hub_names_l_korean.yml,240
HUB_NAME_STATE_LEINSTER_city,korean,,더블린,localization/korean/hub_names_l_korean.yml,242
HUB_NAME_STATE_LEINSTER_port,korean,,웩스포드,localization/korean/hub_names_l_korean.yml,243
HUB_NAME_STATE_LEINSTER_mine,korean,,워터포드,localization/korean/hub_names_l_korean.yml,244
HUB_NAME_STATE_LEINSTER_farm,korean,,카로우,localization/korean/hub_names_l_korean.yml,245
HUB_NAME_STATE_LEINSTER_wood,korean,,카반,localization/korean/hub_names_l_korean.yml,246
HUB_NAME_STATE_CONNAUGHT_city,korean,,골웨이,localization/korean/hub_names_l_korean.yml,247
HUB_NAME_STATE_CONNAUGHT_port,korean,,슬라이고,localization/korean/hub_names_l_korean.yml,248
HUB_NAME_STATE_CONNAUGHT_mine,korean,,캐슬바,localization/korean/hub_names_l_korean.yml,249
HUB_NAME_STATE_CONNAUGHT_farm,korean,,아트로네,localization/korean/hub_names_l_korean.yml,250
HUB_NAME_STATE_CONNAUGHT_wood,korean,,러프리아,localization/korean/hub_names_l_korean.yml,251
HUB_NAME_STATE_MUNSTER_city,korean,,코크,localization/korean/hub_names_l_korean.yml,252
HUB_NAME_STATE_MUNSTER_port,korean,,섀넌,localization/korean/hub_names_l_korean.yml,253
HUB_NAME_STATE_MUNSTER_mine,korean,,킬라니,localization/korean/hub_names_l_korean.yml,254
HUB_NAME_STATE_MUNSTER_farm,korean,,맬로,localization/korean/hub_names_l_korean.yml,255
HUB_NAME_STATE_MUNSTER_wood,korean,,네나,localization/korean/hub_names_l_korean.yml,256
HUB_NAME_STATE_BRITTANY_city,korean,,낭트,localization/korean/hub_names_l_korean.yml,258
HUB_NAME_STATE_BRITTANY_port,korean,,브레스트,localization/korean/hub_names_l_korean.yml,259
HUB_NAME_STATE_BRITTANY_mine,korean,,반,localization/korean/hub_names_l_korean.yml,260
HUB_NAME_STATE_BRITTANY_farm,korean,,생브리유,localization/korean/hub_names_l_korean.yml,261
HUB_NAME_STATE_BRITTANY_wood,korean,,렌,localization/korean/hub_names_l_korean.yml,262
HUB_NAME_STATE_NORMANDY_city,korean,,루앙,localization/korean/hub_names_l_korean.yml,263
HUB_NAME_STATE_NORMANDY_port,korean,,르 아브르,localization/korean/hub_names_l_korean.yml,264
HUB_NAME_STATE_NORMANDY_mine,korean,,셰르부르,localization/korean/hub_names_l_korean.yml,265
HUB_NAME_STATE_NORMANDY_farm,korean,,캉,localization/korean/hub_names_l_korean.yml,266
HUB_NAME_STATE_NORMANDY_wood,korean,,아브랑슈,localization/korean/hub_names_l_korean.yml,267
HUB_NAME_STATE_PICARDY_city,korean,,아미앵,localization/korean/hub_names_l_korean.yml,268
HUB_NAME_STATE_PICARDY_port,korean,,르 크로토이,localization/korean/hub_names_l_korean.yml,269
HUB_NAME_STATE_PICARDY_mine,korean,,생 컹탕,localization/korean/hub_names_l_korean.yml,270
HUB_NAME_STATE_PICARDY_farm,korean,,보베,localization/korean/hub_names_l_korean.yml,271
HUB_NAME_STATE_PICARDY_wood,korean,,콩피에뉴,localization/korean/hub_names_l_korean.yml,272
HUB_NAME_STATE_CHAMPAGNE_city,korean,,랭스,localization/korean/hub_names_l_korean.yml,273
HUB_NAME_STATE_CHAMPAGNE_mine,korean,,차를빌,localization/korean/hub_names_l_korean.yml,274
HUB_NAME_STATE_CHAMPAGNE_farm,korean,,트루아,localization/korean/hub_names_l_korean.yml,275
HUB_NAME_STATE_CHAMPAGNE_wood,korean,,쇼몽,localization/korean/hub_names_l_korean.yml,276
HUB_NAME_STATE_ILE_DE_FRANCE_city,korean,,파리,localization/korean/hub_names_l_korean.yml,277
HUB_NAME_STATE_ILE_DE_FRANCE_mine,korean,,멍트,localization/korean/hub_names_l_korean.yml,278
HUB_NAME_STATE_ILE_DE_FRANCE_farm,korean,,모,localization/korean/hub_names_l_korean.yml,279
HUB_NAME_STATE_ILE_DE_FRANCE_wood,korean,,퐁텐블로,localization/korean/hub_names_l_korean.yml,280
HUB_NAME_STATE_ORLEANS_city,korean,,오를레앙,localization/korean/hub_names_l_korean.yml,281
HUB_NAME_STATE_ORLEANS_mine,korean,,샤르트르,localization/korean/hub_names_l_korean.yml,282
HUB_NAME_STATE_ORLEANS_farm,korean,,블루아,localization/korean/hub_names_l_korean.yml,283
HUB_NAME_STATE_ORLEANS_wood,korean,,부르쥬,localization/korean/hub_names_l_korean.yml,284
HUB_NAME_STATE_FRENCH_LOW_COUNTRIES_city,korean,,릴,localization/korean/hub_names_l_korean.yml,285
HUB_NAME_STATE_FRENCH_LOW_COUNTRIES_port,korean,,됭케르크,localization/korean/hub_names_l_korean.yml,286
HUB_NAME_STATE_FRENCH_LOW_COUNTRIES_mine,korean,,발렁시엔,localization/korean/hub_names_l_korean.yml,287
HUB_NAME_STATE_FRENCH_LOW_COUNTRIES_farm,korean,,칼레,localization/korean/hub_names_l_korean.yml,288
HUB_NAME_STATE_FRENCH_LOW_COUNTRIES_wood,korean,,아라스,localization/korean/hub_names_l_korean.yml,289
HUB_NAME_STATE_POITOU_city,korean,,푸아티에,localization/korean/hub_names_l_korean.yml,290
HUB_NAME_STATE_POITOU_port,korean,,라 로셸,localization/korean/hub_names_l_korean.yml,291
HUB_NAME_STATE_POITOU_mine,korean,,앙굴렘,localization/korean/hub_names_l_korean.yml,292
HUB_NAME_STATE_POITOU_farm,korean,,니오르,localization/korean/hub_names_l_korean.yml,293
HUB_NAME_STATE_POITOU_wood,korean,,생트,localization/korean/hub_names_l_korean.yml,294
HUB_NAME_STATE_AUVERGNE_LIMOUSIN_city,korean,,리모주,localization/korean/hub_names_l_korean.yml,295
HUB_NAME_STATE_AUVERGNE_LIMOUSIN_mine,korean,,브히브,localization/korean/hub_names_l_korean.yml,296
HUB_NAME_STATE_AUVERGNE_LIMOUSIN_farm,korean,,클레르몽페랑,localization/korean/hub_names_l_korean.yml,297
HUB_NAME_STATE_AUVERGNE_LIMOUSIN_wood,korean,,생 쥬니앙,localization/korean/hub_names_l_korean.yml,298
HUB_NAME_STATE_LORRAINE_city,korean,,낭시,localization/korean/hub_names_l_korean.yml,299
HUB_NAME_STATE_LORRAINE_mine,korean,,롱위,localization/korean/hub_names_l_korean.yml,300
HUB_NAME_STATE_LORRAINE_farm,korean,,베르됭,localization/korean/hub_names_l_korean.yml,301
HUB_NAME_STATE_LORRAINE_wood,korean,,에피날,localization/korean/hub_names_l_korean.yml,302
HUB_NAME_STATE_BURGUNDY_city,korean,,디종,localization/korean/hub_names_l_korean.yml,303
HUB_NAME_STATE_BURGUNDY_mine,korean,,르 크루소,localization/korean/hub_names_l_korean.yml,304
HUB_NAME_STATE_BURGUNDY_farm,korean,,느베르,localization/korean/hub_names_l_korean.yml,305
HUB_NAME_STATE_BURGUNDY_wood,korean,,오세르,localization/korean/hub_names_l_korean.yml,306
HUB_NAME_STATE_FRANCHE_COMTE_city,korean,,브장송,localization/korean/hub_names_l_korean.yml,307
HUB_NAME_STATE_FRANCHE_COMTE_mine,korean,,롱 르 소니에,localization/korean/hub_names_l_korean.yml,308
HUB_NAME_STATE_FRANCHE_COMTE_farm,korean,,벨포르,localization/korean/hub_names_l_korean.yml,309
HUB_NAME_STATE_FRANCHE_COMTE_wood,korean,,돌,localization/korean/hub_names_l_korean.yml,310
HUB_NAME_STATE_ALSACE_LORRAINE_city,korean,,스트라스부르,localization/korean/hub_names_l_korean.yml,311
HUB_NAME_STATE_ALSACE_LORRAINE_mine,korean,,뮐루즈,localization/korean/hub_names_l_korean.yml,312
HUB_NAME_STATE_ALSACE_LORRAINE_farm,korean,,메츠,localization/korean/hub_names_l_korean.yml,313
HUB_NAME_STATE_ALSACE_LORRAINE_wood,korean,,아그노,localization/korean/hub_names_l_korean.yml,314
HUB_NAME_STATE_RHONE_city,korean,,리옹,localization/korean/hub_names_l_korean.yml,315
HUB_NAME_STATE_RHONE_mine,korean,,그르노블,localization/korean/hub_names_l_korean.yml,316
HUB_NAME_STATE_RHONE_farm,korean,,발렁스,localization/korean/hub_names_l_korean.yml,317
HUB_NAME_STATE_RHONE_wood,korean,,생 테티엔,localization/korean/hub_names_l_korean.yml,318
HUB_NAME_STATE_PROVENCE_city,korean,,마르세유,localization/korean/hub_names_l_korean.yml,319
HUB_NAME_STATE_PROVENCE_port,korean,,툴롱,localization/korean/hub_names_l_korean.yml,320
HUB_NAME_STATE_PROVENCE_mine,korean,,가프,localization/korean/hub_names_l_korean.yml,321
HUB_NAME_STATE_PROVENCE_farm,korean,,아비뇽,localization/korean/hub_names_l_korean.yml,322
HUB_NAME_STATE_PROVENCE_wood,korean,,니스,localization/korean/hub_names_l_korean.yml,323
HUB_NAME_STATE_CORSICA_city,korean,,프로프리아노,localization/korean/hub_names_l_korean.yml,324
HUB_NAME_STATE_CORSICA_port,korean,,아작시오,localization/korean/hub_names_l_korean.yml,325
HUB_NAME_STATE_CORSICA_farm,korean,,바스티아,localization/korean/hub_names_l_korean.yml,327
HUB_NAME_STATE_CORSICA_wood,korean,,코르테,localization/korean/hub_names_l_korean.yml,328
HUB_NAME_STATE_LANGUEDOC_city,korean,,툴루즈,localization/korean/hub_names_l_korean.yml,329
HUB_NAME_STATE_LANGUEDOC_port,korean,,몽펠리에,localization/korean/hub_names_l_korean.yml,330
HUB_NAME_STATE_LANGUEDOC_mine,korean,,알레스,localization/korean/hub_names_l_korean.yml,331
HUB_NAME_STATE_LANGUEDOC_farm,korean,,나르본,localization/korean/hub_names_l_korean.yml,332
HUB_NAME_STATE_LANGUEDOC_wood,korean,,카르카손,localization/korean/hub_names_l_korean.yml,333
HUB_NAME_STATE_GUYENNE_city,korean,,몽토방,localization/korean/hub_names_l_korean.yml,334
HUB_NAME_STATE_GUYENNE_mine,korean,,로데,localization/korean/hub_names_l_korean.yml,335
HUB_NAME_STATE_GUYENNE_farm,korean,,아겐,localization/korean/hub_names_l_korean.yml,336
HUB_NAME_STATE_GUYENNE_wood,korean,,베르쥬학,localization/korean/hub_names_l_korean.yml,337
HUB_NAME_STATE_AQUITAINE_city,korean,,보르도,localization/korean/hub_names_l_korean.yml,338
HUB_NAME_STATE_AQUITAINE_port,korean,,바욘,localization/korean/hub_names_l_korean.yml,339
HUB_NAME_STATE_AQUITAINE_mine,korean,,루르드,localization/korean/hub_names_l_korean.yml,340
HUB_NAME_STATE_AQUITAINE_farm,korean,,몽드마르성,localization/korean/hub_names_l_korean.yml,341
HUB_NAME_STATE_AQUITAINE_wood,korean,,포,localization/korean/hub_names_l_korean.yml,342
HUB_NAME_STATE_MAINE_ANJOU_city,korean,,앙제,localization/korean/hub_names_l_korean.yml,343
HUB_NAME_STATE_MAINE_ANJOU_mine,korean,,라발,localization/korean/hub_names_l_korean.yml,344
HUB_NAME_STATE_MAINE_ANJOU_farm,korean,,르 망,localization/korean/hub_names_l_korean.yml,345
HUB_NAME_STATE_MAINE_ANJOU_wood,korean,,투르,localization/korean/hub_names_l_korean.yml,346
HUB_NAME_STATE_ALENTEJO_city,korean,,에보라,localization/korean/hub_names_l_korean.yml,348
HUB_NAME_STATE_ALENTEJO_port,korean,,라고스,localization/korean/hub_names_l_korean.yml,349
HUB_NAME_STATE_ALENTEJO_mine,korean,,베자,localization/korean/hub_names_l_korean.yml,350
HUB_NAME_STATE_ALENTEJO_farm,korean,,파로,localization/korean/hub_names_l_korean.yml,351
HUB_NAME_STATE_ALENTEJO_wood,korean,,엘바스,localization/korean/hub_names_l_korean.yml,352
HUB_NAME_STATE_ESTREMADURA_city,korean,,리스본,localization/korean/hub_names_l_korean.yml,353
HUB_NAME_STATE_ESTREMADURA_port,korean,,피게이라 다 포스,localization/korean/hub_names_l_korean.yml,354
HUB_NAME_STATE_ESTREMADURA_mine,korean,,코임브라,localization/korean/hub_names_l_korean.yml,355
HUB_NAME_STATE_ESTREMADURA_farm,korean,,아베이루,localization/korean/hub_names_l_korean.yml,356
HUB_NAME_STATE_ESTREMADURA_wood,korean,,레이리아,localization/korean/hub_names_l_korean.yml,357
HUB_NAME_STATE_BEIRA_city,korean,,브라가,localization/korean/hub_names_l_korean.yml,358
HUB_NAME_STATE_BEIRA_port,korean,,포르투,localization/korean/hub_names_l_korean.yml,359
HUB_NAME_STATE_BEIRA_mine,korean,,과르다,localization/korean/hub_names_l_korean.yml,360
HUB_NAME_STATE_BEIRA_farm,korean,,비제우,localization/korean/hub_names_l_korean.yml,361
HUB_NAME_STATE_BEIRA_wood,korean,,카스텔루 브랑쿠,localization/korean/hub_names_l_korean.yml,362
HUB_NAME_STATE_GALICIA_city,korean,,산티아고 데 콤포스텔라,localization/korean/hub_names_l_korean.yml,364
HUB_NAME_STATE_GALICIA_port,korean,,아 코루냐,localization/korean/hub_names_l_korean.yml,365
HUB_NAME_STATE_GALICIA_mine,korean,,폰페라다,localization/korean/hub_names_l_korean.yml,366
HUB_NAME_STATE_GALICIA_farm,korean,,비고,localization/korean/hub_names_l_korean.yml,367
HUB_NAME_STATE_GALICIA_wood,korean,,루고,localization/korean/hub_names_l_korean.yml,368
HUB_NAME_STATE_ASTURIAS_city,korean,,오비에도,localization/korean/hub_names_l_korean.yml,369
HUB_NAME_STATE_ASTURIAS_port,korean,,산탄데르,localization/korean/hub_names_l_korean.yml,370
HUB_NAME_STATE_ASTURIAS_mine,korean,,라 펠게라,localization/korean/hub_names_l_korean.yml,371
HUB_NAME_STATE_ASTURIAS_wood,korean,,캉가스 델 나르세아,localization/korean/hub_names_l_korean.yml,372
HUB_NAME_STATE_ASTURIAS_farm,korean,,토렐라베가,localization/korean/hub_names_l_korean.yml,373
HUB_NAME_STATE_CASTILE_city,korean,,부르고스,localization/korean/hub_names_l_korean.yml,374
HUB_NAME_STATE_CASTILE_mine,korean,,살라망카,localization/korean/hub_names_l_korean.yml,375
HUB_NAME_STATE_CASTILE_farm,korean,,레온,localization/korean/hub_names_l_korean.yml,376
HUB_NAME_STATE_CASTILE_wood,korean,,과르도,localization/korean/hub_names_l_korean.yml,377
HUB_NAME_STATE_NAVARRA_city,korean,,팜플로나,localization/korean/hub_names_l_korean.yml,378
HUB_NAME_STATE_NAVARRA_port,korean,,빌바오,localization/korean/hub_names_l_korean.yml,379
HUB_NAME_STATE_NAVARRA_mine,korean,,로그로뇨,localization/korean/hub_names_l_korean.yml,380
HUB_NAME_STATE_NAVARRA_farm,korean,,투델라,localization/korean/hub_names_l_korean.yml,381
HUB_NAME_STATE_NAVARRA_wood,korean,,비토리아,localization/korean/hub_names_l_korean.yml,382
HUB_NAME_STATE_ARAGON_city,korean,,사라고사,localization/korean/hub_names_l_korean.yml,383
HUB_NAME_STATE_ARAGON_mine,korean,,칼라타유드,localization/korean/hub_names_l_korean.yml,384
HUB_NAME_STATE_ARAGON_farm,korean,,흘레이다,localization/korean/hub_names_l_korean.yml,385
HUB_NAME_STATE_ARAGON_wood,korean,,우에스카,localization/korean/hub_names_l_korean.yml,386
HUB_NAME_STATE_TOLEDO_city,korean,,마드리드,localization/korean/hub_names_l_korean.yml,387
HUB_NAME_STATE_TOLEDO_mine,korean,,시우다드 레알,localization/korean/hub_names_l_korean.yml,388
HUB_NAME_STATE_TOLEDO_farm,korean,,톨레도,localization/korean/hub_names_l_korean.yml,389
HUB_NAME_STATE_TOLEDO_wood,korean,,쿠엥카,localization/korean/hub_names_l_korean.yml,390
HUB_NAME_STATE_BADAJOZ_city,korean,,바다호스,localization/korean/hub_names_l_korean.yml,391
HUB_NAME_STATE_BADAJOZ_mine,korean,,플라센시아,localization/korean/hub_names_l_korean.yml,392
HUB_NAME_STATE_BADAJOZ_farm,korean,,메리다,localization/korean/hub_names_l_korean.yml,393
HUB_NAME_STATE_BADAJOZ_wood,korean,,카세레스,localization/korean/hub_names_l_korean.yml,394
HUB_NAME_STATE_ANDALUSIA_city,korean,,세비야,localization/korean/hub_names_l_korean.yml,395
HUB_NAME_STATE_ANDALUSIA_port,korean,,카디스,localization/korean/hub_names_l_korean.yml,396
HUB_NAME_STATE_ANDALUSIA_mine,korean,,우엘바,localization/korean/hub_names_l_korean.yml,397
HUB_NAME_STATE_ANDALUSIA_farm,korean,,코르도바,localization/korean/hub_names_l_korean.yml,398
HUB_NAME_STATE_ANDALUSIA_wood,korean,,에시하,localization/korean/hub_names_l_korean.yml,399
HUB_NAME_STATE_GRANADA_city,korean,,그라나다,localization/korean/hub_names_l_korean.yml,400
HUB_NAME_STATE_GRANADA_port,korean,,지브롤터,localization/korean/hub_names_l_korean.yml,401
HUB_NAME_STATE_GRANADA_mine,korean,,알메리아,localization/korean/hub_names_l_korean.yml,402
HUB_NAME_STATE_GRANADA_farm,korean,,말라가,localization/korean/hub_names_l_korean.yml,403
HUB_NAME_STATE_GRANADA_wood,korean,,하엔,localization/korean/hub_names_l_korean.yml,404
HUB_NAME_STATE_VALENCIA_city,korean,,발렌시아,localization/korean/hub_names_l_korean.yml,405
HUB_NAME_STATE_VALENCIA_port,korean,,카르타헤나,localization/korean/hub_names_l_korean.yml,406
HUB_NAME_STATE_VALENCIA_mine,korean,,알바세테,localization/korean/hub_names_l_korean.yml,407
HUB_NAME_STATE_VALENCIA_farm,korean,,무르시아,localization/korean/hub_names_l_korean.yml,408
HUB_NAME_STATE_VALENCIA_wood,korean,,카스테욘 데 라 플라나,localization/korean/hub_names_l_korean.yml,409
HUB_NAME_STATE_CATALONIA_city,korean,,바르셀로나,localization/korean/hub_names_l_korean.yml,410
HUB_NAME_STATE_CATALONIA_port,korean,,타라고나,localization/korean/hub_names_l_korean.yml,411
HUB_NAME_STATE_CATALONIA_mine,korean,,비크,localization/korean/hub_names_l_korean.yml,412
HUB_NAME_STATE_CATALONIA_farm,korean,,지로나,localization/korean/hub_names_l_korean.yml,413
HUB_NAME_STATE_CATALONIA_wood,korean,,발라게르,localization/korean/hub_names_l_korean.yml,414
HUB_NAME_STATE_BALEARES_city,korean,,이비사,localization/korean/hub_names_l_korean.yml,415
HUB_NAME_STATE_BALEARES_port,korean,,팔마,localization/korean/hub_names_l_korean.yml,416
HUB_NAME_STATE_BALEARES_mine,korean,,마나코르,localization/korean/hub_names_l_korean.yml,417
HUB_NAME_STATE_BALEARES_farm,korean,,칼라도르,localization/korean/hub_names_l_korean.yml,418
HUB_NAME_STATE_BALEARES_wood,korean,,알쿠디아,localization/korean/hub_names_l_korean.yml,419
HUB_NAME_STATE_SARDINIA_city,korean,,사사리,localization/korean/hub_names_l_korean.yml,421
HUB_NAME_STATE_SARDINIA_port,korean,,칼리아리,localization/korean/hub_names_l_korean.yml,422
HUB_NAME_STATE_SARDINIA_mine,korean,,누오로,localization/korean/hub_names_l_korean.yml,423
HUB_NAME_STATE_SARDINIA_farm,korean,,카르보니아,localization/korean/hub_names_l_korean.yml,424
HUB_NAME_STATE_SARDINIA_wood,korean,,오리스타노,localization/korean/hub_names_l_korean.yml,425
HUB_NAME_STATE_SICILY_city,korean,,팔레르모,localization/korean/hub_names_l_korean.yml,426
HUB_NAME_STATE_SICILY_port,korean,,메시나,localization/korean/hub_names_l_korean.yml,427
HUB_NAME_STATE_SICILY_mine,korean,,칼타니세타,localization/korean/hub_names_l_korean.yml,428
HUB_NAME_STATE_SICILY_farm,korean,,카타니아,localization/korean/hub_names_l_korean.yml,429
HUB_NAME_STATE_SICILY_wood,korean,,알카모,localization/korean/hub_names_l_korean.yml,430
HUB_NAME_STATE_CALABRIA_city,korean,,코센차,localization/korean/hub_names_l_korean.yml,431
HUB_NAME_STATE_CALABRIA_port,korean,,레지오 칼라브리아,localization/korean/hub_names_l_korean.yml,432
HUB_NAME_STATE_CALABRIA_mine,korean,,타우리아노바,localization/korean/hub_names_l_korean.yml,433
HUB_NAME_STATE_CALABRIA_farm,korean,,코릴리아노 칼라브로,localization/korean/hub_names_l_korean.yml,434
HUB_NAME_STATE_CALABRIA_wood,korean,,마테라,localization/korean/hub_names_l_korean.yml,435
HUB_NAME_STATE_APULIA_city,korean,,바리,localization/korean/hub_names_l_korean.yml,436
HUB_NAME_STATE_APULIA_port,korean,,타란토,localization/korean/hub_names_l_korean.yml,437
HUB_NAME_STATE_APULIA_mine,korean,,아리아노 이르피노,localization/korean/hub_names_l_korean.yml,438
HUB_NAME_STATE_APULIA_farm,korean,,포자,localization/korean/hub_names_l_korean.yml,439
HUB_NAME_STATE_APULIA_wood,korean,,레체,localization/korean/hub_names_l_korean.yml,440
HUB_NAME_STATE_CAMPANIA_city,korean,,나폴리,localization/korean/hub_names_l_korean.yml,441
HUB_NAME_STATE_CAMPANIA_port,korean,,살레르노,localization/korean/hub_names_l_korean.yml,442
HUB_NAME_STATE_CAMPANIA_mine,korean,,살라 콘실리나,localization/korean/hub_names_l_korean.yml,443
HUB_NAME_STATE_CAMPANIA_farm,korean,,카세르타,localization/korean/hub_names_l_korean.yml,444
HUB_NAME_STATE_CAMPANIA_wood,korean,,포텐차,localization/korean/hub_names_l_korean.yml,445
HUB_NAME_STATE_ABRUZZO_city,korean,,바스토,localization/korean/hub_names_l_korean.yml,446
HUB_NAME_STATE_ABRUZZO_port,korean,,산 베네데토,localization/korean/hub_names_l_korean.yml,447
HUB_NAME_STATE_ABRUZZO_mine,korean,,라퀼라,localization/korean/hub_names_l_korean.yml,448
HUB_NAME_STATE_ABRUZZO_farm,korean,,페스카라,localization/korean/hub_names_l_korean.yml,449
HUB_NAME_STATE_ABRUZZO_wood,korean,,캄포바소,localization/korean/hub_names_l_korean.yml,450
HUB_NAME_STATE_LAZIO_city,korean,,로마,localization/korean/hub_names_l_korean.yml,451
HUB_NAME_STATE_LAZIO_port,korean,,피우미치노,localization/korean/hub_names_l_korean.yml,452
HUB_NAME_STATE_LAZIO_mine,korean,,테르니,localization/korean/hub_names_l_korean.yml,453
HUB_NAME_STATE_LAZIO_farm,korean,,프로시노네,localization/korean/hub_names_l_korean.yml,454
HUB_NAME_STATE_LAZIO_wood,korean,,비테르보,localization/korean/hub_names_l_korean.yml,455
HUB_NAME_STATE_UMBRIA_city,korean,,안코나,localization/korean/hub_names_l_korean.yml,456
HUB_NAME_STATE_UMBRIA_port,korean,,페사로,localization/korean/hub_names_l_korean.yml,457
HUB_NAME_STATE_UMBRIA_mine,korean,,페루자,localization/korean/hub_names_l_korean.yml,458
HUB_NAME_STATE_UMBRIA_farm,korean,,폴리뇨,localization/korean/hub_names_l_korean.yml,459
HUB_NAME_STATE_UMBRIA_wood,korean,,아스콜리 피체노,localization/korean/hub_names_l_korean.yml,460
HUB_NAME_STATE_TUSCANY_city,korean,,피렌체,localization/korean/hub_names_l_korean.yml,461
HUB_NAME_STATE_TUSCANY_port,korean,,리보르노,localization/korean/hub_names_l_korean.yml,462
HUB_NAME_STATE_TUSCANY_mine,korean,,아레초,localization/korean/hub_names_l_korean.yml,463
HUB_NAME_STATE_TUSCANY_farm,korean,,그로세토,localization/korean/hub_names_l_korean.yml,464
HUB_NAME_STATE_TUSCANY_wood,korean,,시에나,localization/korean/hub_names_l_korean.yml,465
HUB_NAME_STATE_ROMAGNA_city,korean,,볼로냐,localization/korean/hub_names_l_korean.yml,466
HUB_NAME_STATE_ROMAGNA_port,korean,,라벤나,localization/korean/hub_names_l_korean.yml,467
HUB_NAME_STATE_ROMAGNA_mine,korean,,바뇨 디 로마냐,localization/korean/hub_names_l_korean.yml,468
HUB_NAME_STATE_ROMAGNA_farm,korean,,산 마리노,localization/korean/hub_names_l_korean.yml,469
HUB_NAME_STATE_ROMAGNA_wood,korean,,페라라,localization/korean/hub_names_l_korean.yml,470
HUB_NAME_STATE_VENETIA_city,korean,,베로나,localization/korean/hub_names_l_korean.yml,471
HUB_NAME_STATE_VENETIA_port,korean,,베네치아,localization/korean/hub_names_l_korean.yml,472
HUB_NAME_STATE_VENETIA_mine,korean,,로비고,localization/korean/hub_names_l_korean.yml,473
HUB_NAME_STATE_VENETIA_farm,korean,,파도바,localization/korean/hub_names_l_korean.yml,474
HUB_NAME_STATE_VENETIA_wood,korean,,트레비소,localization/korean/hub_names_l_korean.yml,475
HUB_NAME_STATE_LOMBARDY_city,korean,,밀라노,localization/korean/hub_names_l_korean.yml,476
HUB_NAME_STATE_LOMBARDY_mine,korean,,코모,localization/korean/hub_names_l_korean.yml,477
HUB_NAME_STATE_LOMBARDY_farm,korean,,브레시아,localization/korean/hub_names_l_korean.yml,478
HUB_NAME_STATE_LOMBARDY_wood,korean,,베르가모,localization/korean/hub_names_l_korean.yml,479
HUB_NAME_STATE_EMILIA_city,korean,,파르마,localization/korean/hub_names_l_korean.yml,480
HUB_NAME_STATE_EMILIA_port,korean,,루카,localization/korean/hub_names_l_korean.yml,481
HUB_NAME_STATE_EMILIA_mine,korean,,모데나,localization/korean/hub_names_l_korean.yml,482
HUB_NAME_STATE_EMILIA_farm,korean,,피아첸차,localization/korean/hub_names_l_korean.yml,483
HUB_NAME_STATE_EMILIA_wood,korean,,베르체토,localization/korean/hub_names_l_korean.yml,484
HUB_NAME_STATE_PIEDMONT_city,korean,,토리노,localization/korean/hub_names_l_korean.yml,485
HUB_NAME_STATE_PIEDMONT_port,korean,,제노아,localization/korean/hub_names_l_korean.yml,486
HUB_NAME_STATE_PIEDMONT_mine,korean,,노바라,localization/korean/hub_names_l_korean.yml,487
HUB_NAME_STATE_PIEDMONT_farm,korean,,알레산드리아,localization/korean/hub_names_l_korean.yml,488
HUB_NAME_STATE_PIEDMONT_wood,korean,,쿠네오,localization/korean/hub_names_l_korean.yml,489
HUB_NAME_STATE_SAVOY_city,korean,,안시,localization/korean/hub_names_l_korean.yml,490
HUB_NAME_STATE_SAVOY_mine,korean,,토농레방,localization/korean/hub_names_l_korean.yml,491
HUB_NAME_STATE_SAVOY_farm,korean,,샹베리,localization/korean/hub_names_l_korean.yml,492
HUB_NAME_STATE_SAVOY_wood,korean,,생 쟝 드 모히엔느,localization/korean/hub_names_l_korean.yml,493
HUB_NAME_STATE_WEST_SWITZERLAND_city,korean,,베른,localization/korean/hub_names_l_korean.yml,495
HUB_NAME_STATE_WEST_SWITZERLAND_mine,korean,,바젤,localization/korean/hub_names_l_korean.yml,496
HUB_NAME_STATE_WEST_SWITZERLAND_farm,korean,,로잔,localization/korean/hub_names_l_korean.yml,497
HUB_NAME_STATE_WEST_SWITZERLAND_wood,korean,,제네바,localization/korean/hub_names_l_korean.yml,498
HUB_NAME_STATE_EAST_SWITZERLAND_city,korean,,취리히,localization/korean/hub_names_l_korean.yml,499
HUB_NAME_STATE_EAST_SWITZERLAND_mine,korean,,쿠어,localization/korean/hub_names_l_korean.yml,500
HUB_NAME_STATE_EAST_SWITZERLAND_farm,korean,,장크트 갈렌,localization/korean/hub_names_l_korean.yml,501
HUB_NAME_STATE_EAST_SWITZERLAND_wood,korean,,루체른,localization/korean/hub_names_l_korean.yml,502
HUB_NAME_STATE_TYROL_city,korean,,인스브루크,localization/korean/hub_names_l_korean.yml,504
HUB_NAME_STATE_TYROL_mine,korean,,린츠,localization/korean/hub_names_l_korean.yml,505
HUB_NAME_STATE_TYROL_farm,korean,,잘츠부르크,localization/korean/hub_names_l_korean.yml,506
HUB_NAME_STATE_TYROL_wood,korean,,펠트키르히,localization/korean/hub_names_l_korean.yml,507
HUB_NAME_STATE_SOUTH_TYROL_city,korean,,트렌토,localization/korean/hub_names_l_korean.yml,508
HUB_NAME_STATE_SOUTH_TYROL_mine,korean,,메라노,localization/korean/hub_names_l_korean.yml,509
HUB_NAME_STATE_SOUTH_TYROL_farm,korean,,로베레토,localization/korean/hub_names_l_korean.yml,510
HUB_NAME_STATE_SOUTH_TYROL_wood,korean,,볼차노,localization/korean/hub_names_l_korean.yml,511
HUB_NAME_STATE_STYRIA_city,korean,,그라츠,localization/korean/hub_names_l_korean.yml,512
HUB_NAME_STATE_STYRIA_mine,korean,,리첸,localization/korean/hub_names_l_korean.yml,513
HUB_NAME_STATE_STYRIA_farm,korean,,클라켄푸르트,localization/korean/hub_names_l_korean.yml,514
HUB_NAME_STATE_STYRIA_wood,korean,,할트베르크,localization/korean/hub_names_l_korean.yml,515
HUB_NAME_STATE_AUSTRIA_city,korean,,빈,localization/korean/hub_names_l_korean.yml,516
HUB_NAME_STATE_AUSTRIA_mine,korean,,프라이슈타트,localization/korean/hub_names_l_korean.yml,517
HUB_NAME_STATE_AUSTRIA_farm,korean,,린츠,localization/korean/hub_names_l_korean.yml,518
HUB_NAME_STATE_AUSTRIA_wood,korean,,장크트 푈텐,localization/korean/hub_names_l_korean.yml,519
HUB_NAME_STATE_BOHEMIA_city,korean,,프라하,localization/korean/hub_names_l_korean.yml,521
HUB_NAME_STATE_BOHEMIA_mine,korean,,체스케,localization/korean/hub_names_l_korean.yml,522
HUB_NAME_STATE_BOHEMIA_farm,korean,,스비타비,localization/korean/hub_names_l_korean.yml,523
HUB_NAME_STATE_BOHEMIA_wood,korean,,필센,localization/korean/hub_names_l_korean.yml,524
HUB_NAME_STATE_MORAVIA_city,korean,,브르노,localization/korean/hub_names_l_korean.yml,525
HUB_NAME_STATE_MORAVIA_mine,korean,,올로모츠,localization/korean/hub_names_l_korean.yml,526
HUB_NAME_STATE_MORAVIA_farm,korean,,브르제츨라프,localization/korean/hub_names_l_korean.yml,527
HUB_NAME_STATE_MORAVIA_wood,korean,,이흘라바,localization/korean/hub_names_l_korean.yml,528
HUB_NAME_STATE_WEST_SLOVAKIA_city,korean,,프레스부르크,localization/korean/hub_names_l_korean.yml,529
HUB_NAME_STATE_WEST_SLOVAKIA_mine,korean,,질리나,localization/korean/hub_names_l_korean.yml,530
HUB_NAME_STATE_WEST_SLOVAKIA_farm,korean,,트렌친,localization/korean/hub_names_l_korean.yml,531
HUB_NAME_STATE_WEST_SLOVAKIA_wood,korean,,반스카 비스트리차,localization/korean/hub_names_l_korean.yml,532
HUB_NAME_STATE_EAST_SLOVAKIA_city,korean,,코시체,localization/korean/hub_names_l_korean.yml,533
HUB_NAME_STATE_EAST_SLOVAKIA_mine,korean,,우즈호로드,localization/korean/hub_names_l_korean.yml,534
HUB_NAME_STATE_EAST_SLOVAKIA_farm,korean,,무카체보,localization/korean/hub_names_l_korean.yml,535
HUB_NAME_STATE_EAST_SLOVAKIA_wood,korean,,포프라드,localization/korean/hub_names_l_korean.yml,536
HUB_NAME_STATE_CENTRAL_HUNGARY_city,korean,,부다페스트,localization/korean/hub_names_l_korean.yml,537
HUB_NAME_STATE_CENTRAL_HUNGARY_mine,korean,,미슈콜츠,localization/korean/hub_names_l_korean.yml,538
HUB_NAME_STATE_CENTRAL_HUNGARY_farm,korean,,솔노크,localization/korean/hub_names_l_korean.yml,539
HUB_NAME_STATE_CENTRAL_HUNGARY_wood,korean,,데브레센,localization/korean/hub_names_l_korean.yml,540
HUB_NAME_STATE_BEKES_city,korean,,너지바라드,localization/korean/hub_names_l_korean.yml,541
HUB_NAME_STATE_BEKES_mine,korean,,베렉사스,localization/korean/hub_names_l_korean.yml,542
HUB_NAME_STATE_BEKES_farm,korean,,아라드,localization/korean/hub_names_l_korean.yml,543
HUB_NAME_STATE_BEKES_wood,korean,,사투마레,localization/korean/hub_names_l_korean.yml,544
HUB_NAME_STATE_NORTHERN_TRANSYLVANIA_city,korean,,콜로츠바르,localization/korean/hub_names_l_korean.yml,545
HUB_NAME_STATE_NORTHERN_TRANSYLVANIA_mine,korean,,셉시센기오르기,localization/korean/hub_names_l_korean.yml,546
HUB_NAME_STATE_NORTHERN_TRANSYLVANIA_farm,korean,,마로스바샬헤이,localization/korean/hub_names_l_korean.yml,547
HUB_NAME_STATE_NORTHERN_TRANSYLVANIA_wood,korean,,너지바녀,localization/korean/hub_names_l_korean.yml,548
HUB_NAME_STATE_SOUTHERN_TRANSYLVANIA_city,korean,,브라쇼브,localization/korean/hub_names_l_korean.yml,549
HUB_NAME_STATE_SOUTHERN_TRANSYLVANIA_mine,korean,,시비우,localization/korean/hub_names_l_korean.yml,550
HUB_NAME_STATE_SOUTHERN_TRANSYLVANIA_farm,korean,,알바 룰리아,localization/korean/hub_names_l_korean.yml,551
HUB_NAME_STATE_SOUTHERN_TRANSYLVANIA_wood,korean,,데바,localization/korean/hub_names_l_korean.yml,552
HUB_NAME_STATE_BANAT_city,korean,,티미쇼아라,localization/korean/hub_names_l_korean.yml,553
HUB_NAME_STATE_BANAT_mine,korean,,카란세베슈,localization/korean/hub_names_l_korean.yml,554
HUB_NAME_STATE_BANAT_farm,korean,,오르치쇼아라,localization/korean/hub_names_l_korean.yml,555
HUB_NAME_STATE_BANAT_wood,korean,,파제트,localization/korean/hub_names_l_korean.yml,556
HUB_NAME_STATE_DELVIDEK_city,korean,,노비 사드,localization/korean/hub_names_l_korean.yml,557
HUB_NAME_STATE_DELVIDEK_mine,korean,,판체보,localization/korean/hub_names_l_korean.yml,558
HUB_NAME_STATE_DELVIDEK_farm,korean,,벨리키 베치케레크,localization/korean/hub_names_l_korean.yml,559
HUB_NAME_STATE_DELVIDEK_wood,korean,,서버드커,localization/korean/hub_names_l_korean.yml,560
HUB_NAME_STATE_SLAVONIA_city,korean,,브로드 나 사비,localization/korean/hub_names_l_korean.yml,561
HUB_NAME_STATE_SLAVONIA_mine,korean,,브옐로바르,localization/korean/hub_names_l_korean.yml,562
HUB_NAME_STATE_SLAVONIA_farm,korean,,오시예크,localization/korean/hub_names_l_korean.yml,563
HUB_NAME_STATE_SLAVONIA_wood,korean,,그라디스카,localization/korean/hub_names_l_korean.yml,564
HUB_NAME_STATE_TRANSDANUBIA_city,korean,,세케슈페헤르바르,localization/korean/hub_names_l_korean.yml,565
HUB_NAME_STATE_TRANSDANUBIA_mine,korean,,페치,localization/korean/hub_names_l_korean.yml,566
HUB_NAME_STATE_TRANSDANUBIA_farm,korean,,케스트헤이,localization/korean/hub_names_l_korean.yml,567
HUB_NAME_STATE_TRANSDANUBIA_wood,korean,,솜바트헤이,localization/korean/hub_names_l_korean.yml,568
HUB_NAME_STATE_SLOVENIA_city,korean,,류블랴나,localization/korean/hub_names_l_korean.yml,569
HUB_NAME_STATE_SLOVENIA_mine,korean,,프투이,localization/korean/hub_names_l_korean.yml,570
HUB_NAME_STATE_SLOVENIA_farm,korean,,마리보르,localization/korean/hub_names_l_korean.yml,571
HUB_NAME_STATE_SLOVENIA_wood,korean,,노보 메스토,localization/korean/hub_names_l_korean.yml,572
HUB_NAME_STATE_ISTRIA_city,korean,,트리에스테,localization/korean/hub_names_l_korean.yml,573
HUB_NAME_STATE_ISTRIA_port,korean,,포라,localization/korean/hub_names_l_korean.yml,574
HUB_NAME_STATE_ISTRIA_mine,korean,,우디네,localization/korean/hub_names_l_korean.yml,575
HUB_NAME_STATE_ISTRIA_farm,korean,,오파티야,localization/korean/hub_names_l_korean.yml,576
HUB_NAME_STATE_ISTRIA_wood,korean,,고리치아,localization/korean/hub_names_l_korean.yml,577
HUB_NAME_STATE_CROATIA_city,korean,,자그레브,localization/korean/hub_names_l_korean.yml,578
HUB_NAME_STATE_CROATIA_mine,korean,,카르로바크,localization/korean/hub_names_l_korean.yml,579
HUB_NAME_STATE_CROATIA_farm,korean,,시사크,localization/korean/hub_names_l_korean.yml,580
HUB_NAME_STATE_CROATIA_port,korean,,리예카,localization/korean/hub_names_l_korean.yml,581
HUB_NAME_STATE_CROATIA_wood,korean,,포쿠프스코,localization/korean/hub_names_l_korean.yml,582
HUB_NAME_STATE_DALMATIA_city,korean,,스플리트,localization/korean/hub_names_l_korean.yml,583
HUB_NAME_STATE_DALMATIA_port,korean,,자다르,localization/korean/hub_names_l_korean.yml,584
HUB_NAME_STATE_DALMATIA_mine,korean,,라구사,localization/korean/hub_names_l_korean.yml,585
HUB_NAME_STATE_DALMATIA_farm,korean,,크닌,localization/korean/hub_names_l_korean.yml,586
HUB_NAME_STATE_DALMATIA_wood,korean,,쉬베닉,localization/korean/hub_names_l_korean.yml,587
HUB_NAME_STATE_BOSNIA_city,korean,,사라예보,localization/korean/hub_names_l_korean.yml,588
HUB_NAME_STATE_BOSNIA_mine,korean,,모스타르,localization/korean/hub_names_l_korean.yml,589
HUB_NAME_STATE_BOSNIA_farm,korean,,바냐 루카,localization/korean/hub_names_l_korean.yml,590
HUB_NAME_STATE_BOSNIA_wood,korean,,도보이,localization/korean/hub_names_l_korean.yml,591
HUB_NAME_STATE_NORTHERN_SERBIA_city,korean,,베오그라드,localization/korean/hub_names_l_korean.yml,592
HUB_NAME_STATE_NORTHERN_SERBIA_mine,korean,,크루셰바츠,localization/korean/hub_names_l_korean.yml,593
HUB_NAME_STATE_NORTHERN_SERBIA_farm,korean,,스메데레보,localization/korean/hub_names_l_korean.yml,594
HUB_NAME_STATE_NORTHERN_SERBIA_wood,korean,,크랄리예보,localization/korean/hub_names_l_korean.yml,595
HUB_NAME_STATE_SOUTHERN_SERBIA_city,korean,,프리스티나,localization/korean/hub_names_l_korean.yml,596
HUB_NAME_STATE_SOUTHERN_SERBIA_mine,korean,,레스코바츠,localization/korean/hub_names_l_korean.yml,597
HUB_NAME_STATE_SOUTHERN_SERBIA_farm,korean,,페리자이,localization/korean/hub_names_l_korean.yml,598
HUB_NAME_STATE_SOUTHERN_SERBIA_wood,korean,,베시아네,localization/korean/hub_names_l_korean.yml,599
HUB_NAME_STATE_MONTENEGRO_city,korean,,포드고리차,localization/korean/hub_names_l_korean.yml,600
HUB_NAME_STATE_MONTENEGRO_port,korean,,코토르,localization/korean/hub_names_l_korean.yml,601
HUB_NAME_STATE_MONTENEGRO_mine,korean,,베라네,localization/korean/hub_names_l_korean.yml,602
HUB_NAME_STATE_MONTENEGRO_farm,korean,,체티네,localization/korean/hub_names_l_korean.yml,603
HUB_NAME_STATE_MONTENEGRO_wood,korean,,하노비,localization/korean/hub_names_l_korean.yml,604
HUB_NAME_STATE_ALBANIA_city,korean,,티라나,localization/korean/hub_names_l_korean.yml,605
HUB_NAME_STATE_ALBANIA_port,korean,,두러스,localization/korean/hub_names_l_korean.yml,606
HUB_NAME_STATE_ALBANIA_mine,korean,,쉬코더르,localization/korean/hub_names_l_korean.yml,607
HUB_NAME_STATE_ALBANIA_farm,korean,,피에르,localization/korean/hub_names_l_korean.yml,608
HUB_NAME_STATE_ALBANIA_wood,korean,,베라트,localization/korean/hub_names_l_korean.yml,609
HUB_NAME_STATE_SKOPIA_city,korean,,스코프예,localization/korean/hub_names_l_korean.yml,610
HUB_NAME_STATE_SKOPIA_mine,korean,,테토보,localization/korean/hub_names_l_korean.yml,611
HUB_NAME_STATE_SKOPIA_farm,korean,,카바다르치,localization/korean/hub_names_l_korean.yml,612
HUB_NAME_STATE_SKOPIA_wood,korean,,프릴레프,localization/korean/hub_names_l_korean.yml,613
HUB_NAME_STATE_MACEDONIA_city,korean,,베로이아,localization/korean/hub_names_l_korean.yml,614
HUB_NAME_STATE_MACEDONIA_port,korean,,살로니카,localization/korean/hub_names_l_korean.yml,615
HUB_NAME_STATE_MACEDONIA_mine,korean,,플로리나,localization/korean/hub_names_l_korean.yml,616
HUB_NAME_STATE_MACEDONIA_farm,korean,,코자니,localization/korean/hub_names_l_korean.yml,617
HUB_NAME_STATE_MACEDONIA_wood,korean,,카스토리아,localization/korean/hub_names_l_korean.yml,618
HUB_NAME_STATE_WESTERN_THRACE_city,korean,,카발라,localization/korean/hub_names_l_korean.yml,619
HUB_NAME_STATE_WESTERN_THRACE_port,korean,,데데아아치,localization/korean/hub_names_l_korean.yml,620
HUB_NAME_STATE_WESTERN_THRACE_mine,korean,,세레스,localization/korean/hub_names_l_korean.yml,621
HUB_NAME_STATE_WESTERN_THRACE_farm,korean,,크산시,localization/korean/hub_names_l_korean.yml,622
HUB_NAME_STATE_WESTERN_THRACE_wood,korean,,코모티니,localization/korean/hub_names_l_korean.yml,623
HUB_NAME_STATE_THESSALIA_city,korean,,라리사,localization/korean/hub_names_l_korean.yml,624
HUB_NAME_STATE_THESSALIA_port,korean,,볼로스,localization/korean/hub_names_l_korean.yml,625
HUB_NAME_STATE_THESSALIA_mine,korean,,아르타,localization/korean/hub_names_l_korean.yml,626
HUB_NAME_STATE_THESSALIA_farm,korean,,카르디차,localization/korean/hub_names_l_korean.yml,627
HUB_NAME_STATE_THESSALIA_wood,korean,,아그리니오,localization/korean/hub_names_l_korean.yml,628
HUB_NAME_STATE_ATTICA_city,korean,,아테네,localization/korean/hub_names_l_korean.yml,629
HUB_NAME_STATE_ATTICA_port,korean,,메솔롱기,localization/korean/hub_names_l_korean.yml,630
HUB_NAME_STATE_ATTICA_mine,korean,,할키스,localization/korean/hub_names_l_korean.yml,631
HUB_NAME_STATE_ATTICA_farm,korean,,라미아,localization/korean/hub_names_l_korean.yml,632
HUB_NAME_STATE_ATTICA_wood,korean,,카르페니시,localization/korean/hub_names_l_korean.yml,633
HUB_NAME_STATE_IONIAN_ISLANDS_city,korean,,코르푸,localization/korean/hub_names_l_korean.yml,634
HUB_NAME_STATE_IONIAN_ISLANDS_port,korean,,자킨토스,localization/korean/hub_names_l_korean.yml,635
HUB_NAME_STATE_IONIAN_ISLANDS_farm,korean,,케팔로니아,localization/korean/hub_names_l_korean.yml,637
HUB_NAME_STATE_PELOPONNESE_city,korean,,트리폴리,localization/korean/hub_names_l_korean.yml,639
HUB_NAME_STATE_PELOPONNESE_port,korean,,칼라마타,localization/korean/hub_names_l_korean.yml,640
HUB_NAME_STATE_PELOPONNESE_mine,korean,,나플리오,localization/korean/hub_names_l_korean.yml,641
HUB_NAME_STATE_PELOPONNESE_farm,korean,,코린트,localization/korean/hub_names_l_korean.yml,642
HUB_NAME_STATE_PELOPONNESE_wood,korean,,파트라스,localization/korean/hub_names_l_korean.yml,643
HUB_NAME_STATE_CRETE_city,korean,,이라클리온,localization/korean/hub_names_l_korean.yml,644
HUB_NAME_STATE_CRETE_port,korean,,마탈라,localization/korean/hub_names_l_korean.yml,645
HUB_NAME_STATE_CRETE_mine,korean,,이에라페트라,localization/korean/hub_names_l_korean.yml,646
HUB_NAME_STATE_CRETE_farm,korean,,하니아,localization/korean/hub_names_l_korean.yml,647
HUB_NAME_STATE_CRETE_wood,korean,,팔라이오호라,localization/korean/hub_names_l_korean.yml,648
HUB_NAME_STATE_WEST_AEGEAN_ISLANDS_city,korean,,호라,localization/korean/hub_names_l_korean.yml,649
HUB_NAME_STATE_WEST_AEGEAN_ISLANDS_port,korean,,시에라,localization/korean/hub_names_l_korean.yml,650
HUB_NAME_STATE_WEST_AEGEAN_ISLANDS_farm,korean,,티노스,localization/korean/hub_names_l_korean.yml,652
HUB_NAME_STATE_EAST_AEGEAN_ISLANDS_city,korean,,히오스,localization/korean/hub_names_l_korean.yml,654
HUB_NAME_STATE_EAST_AEGEAN_ISLANDS_port,korean,,로즈,localization/korean/hub_names_l_korean.yml,655
HUB_NAME_STATE_EAST_AEGEAN_ISLANDS_farm,korean,,미틸리니,localization/korean/hub_names_l_korean.yml,657
HUB_NAME_STATE_EAST_AEGEAN_ISLANDS_wood,korean,,바시,localization/korean/hub_names_l_korean.yml,658
HUB_NAME_STATE_NORTHERN_THRACE_city,korean,,플로브디프,localization/korean/hub_names_l_korean.yml,659
HUB_NAME_STATE_NORTHERN_THRACE_port,korean,,부르가스,localization/korean/hub_names_l_korean.yml,660
HUB_NAME_STATE_NORTHERN_THRACE_mine,korean,,파자르지크,localization/korean/hub_names_l_korean.yml,661
HUB_NAME_STATE_NORTHERN_THRACE_farm,korean,,하스코보,localization/korean/hub_names_l_korean.yml,662
HUB_NAME_STATE_NORTHERN_THRACE_wood,korean,,스타라 자고라,localization/korean/hub_names_l_korean.yml,663
HUB_NAME_STATE_BULGARIA_city,korean,,소피아,localization/korean/hub_names_l_korean.yml,664
HUB_NAME_STATE_BULGARIA_port,korean,,바르나,localization/korean/hub_names_l_korean.yml,665
HUB_NAME_STATE_BULGARIA_mine,korean,,벨리코 타르노보,localization/korean/hub_names_l_korean.yml,666
HUB_NAME_STATE_BULGARIA_farm,korean,,슈멘,localization/korean/hub_names_l_korean.yml,667
HUB_NAME_STATE_BULGARIA_wood,korean,,플레벤,localization/korean/hub_names_l_korean.yml,668
HUB_NAME_STATE_WALLACHIA_city,korean,,부쿠레슈티,localization/korean/hub_names_l_korean.yml,669
HUB_NAME_STATE_WALLACHIA_mine,korean,,크라이오바,localization/korean/hub_names_l_korean.yml,670
HUB_NAME_STATE_WALLACHIA_farm,korean,,부저우,localization/korean/hub_names_l_korean.yml,671
HUB_NAME_STATE_WALLACHIA_wood,korean,,슬라티나,localization/korean/hub_names_l_korean.yml,672
HUB_NAME_STATE_DOBRUDJA_city,korean,,툴체아,localization/korean/hub_names_l_korean.yml,673
HUB_NAME_STATE_DOBRUDJA_port,korean,,콘스탄차,localization/korean/hub_names_l_korean.yml,674
HUB_NAME_STATE_DOBRUDJA_mine,korean,,도브리치,localization/korean/hub_names_l_korean.yml,675
HUB_NAME_STATE_DOBRUDJA_farm,korean,,만갈리아,localization/korean/hub_names_l_korean.yml,676
HUB_NAME_STATE_DOBRUDJA_wood,korean,,실리스트라,localization/korean/hub_names_l_korean.yml,677
HUB_NAME_STATE_BESSARABIA_city,korean,,키시너우,localization/korean/hub_names_l_korean.yml,678
HUB_NAME_STATE_BESSARABIA_port,korean,,아케르만,localization/korean/hub_names_l_korean.yml,679
HUB_NAME_STATE_BESSARABIA_mine,korean,,발티,localization/korean/hub_names_l_korean.yml,680
HUB_NAME_STATE_BESSARABIA_farm,korean,,이즈마일,localization/korean/hub_names_l_korean.yml,681
HUB_NAME_STATE_BESSARABIA_wood,korean,,컬러라시,localization/korean/hub_names_l_korean.yml,682
HUB_NAME_STATE_MOLDAVIA_city,korean,,이아시,localization/korean/hub_names_l_korean.yml,683
HUB_NAME_STATE_MOLDAVIA_mine,korean,,러더우치,localization/korean/hub_names_l_korean.yml,684
HUB_NAME_STATE_MOLDAVIA_farm,korean,,폭샤니,localization/korean/hub_names_l_korean.yml,685
HUB_NAME_STATE_MOLDAVIA_wood,korean,,바커우,localization/korean/hub_names_l_korean.yml,686
HUB_NAME_STATE_EAST_GALICIA_city,korean,,르부프,localization/korean/hub_names_l_korean.yml,687
HUB_NAME_STATE_EAST_GALICIA_mine,korean,,체르니우치,localization/korean/hub_names_l_korean.yml,688
HUB_NAME_STATE_EAST_GALICIA_farm,korean,,스타니슬라우,localization/korean/hub_names_l_korean.yml,689
HUB_NAME_STATE_EAST_GALICIA_wood,korean,,스트리이,localization/korean/hub_names_l_korean.yml,690
HUB_NAME_STATE_WEST_GALICIA_city,korean,,크라쿠프,localization/korean/hub_names_l_korean.yml,691
HUB_NAME_STATE_WEST_GALICIA_mine,korean,,야로슬라프,localization/korean/hub_names_l_korean.yml,692
HUB_NAME_STATE_WEST_GALICIA_farm,korean,,제슈프,localization/korean/hub_names_l_korean.yml,693
HUB_NAME_STATE_WEST_GALICIA_wood,korean,,비엘스코,localization/korean/hub_names_l_korean.yml,694
HUB_NAME_STATE_SILESIA_city,korean,,브레슬라우,localization/korean/hub_names_l_korean.yml,695
HUB_NAME_STATE_SILESIA_mine,korean,,괴르비츠,localization/korean/hub_names_l_korean.yml,696
HUB_NAME_STATE_SILESIA_farm,korean,,쾨니히스휘테,localization/korean/hub_names_l_korean.yml,697
HUB_NAME_STATE_SILESIA_wood,korean,,크로이츠부르크,localization/korean/hub_names_l_korean.yml,698
HUB_NAME_STATE_POSEN_city,korean,,포젠,localization/korean/hub_names_l_korean.yml,699
HUB_NAME_STATE_POSEN_mine,korean,,리사,localization/korean/hub_names_l_korean.yml,700
HUB_NAME_STATE_POSEN_farm,korean,,브론베르크,localization/korean/hub_names_l_korean.yml,701
HUB_NAME_STATE_POSEN_wood,korean,,노이토르니슈엘,localization/korean/hub_names_l_korean.yml,702
HUB_NAME_STATE_WEST_PRUSSIA_city,korean,,단치히,localization/korean/hub_names_l_korean.yml,703
HUB_NAME_STATE_WEST_PRUSSIA_port,korean,,푸치히,localization/korean/hub_names_l_korean.yml,704
HUB_NAME_STATE_WEST_PRUSSIA_mine,korean,,코니츠,localization/korean/hub_names_l_korean.yml,705
HUB_NAME_STATE_WEST_PRUSSIA_farm,korean,,토른,localization/korean/hub_names_l_korean.yml,706
HUB_NAME_STATE_WEST_PRUSSIA_wood,korean,,슈트라스부르크,localization/korean/hub_names_l_korean.yml,707
HUB_NAME_STATE_EAST_PRUSSIA_city,korean,,쾨니히스베르크,localization/korean/hub_names_l_korean.yml,708
HUB_NAME_STATE_EAST_PRUSSIA_port,korean,,메멜,localization/korean/hub_names_l_korean.yml,709
HUB_NAME_STATE_EAST_PRUSSIA_mine,korean,,굼비넨,localization/korean/hub_names_l_korean.yml,710
HUB_NAME_STATE_EAST_PRUSSIA_farm,korean,,인스터부르크,localization/korean/hub_names_l_korean.yml,711
HUB_NAME_STATE_EAST_PRUSSIA_wood,korean,,알렌슈타인,localization/korean/hub_names_l_korean.yml,712
HUB_NAME_STATE_GREATER_POLAND_city,korean,,우쯔,localization/korean/hub_names_l_korean.yml,713
HUB_NAME_STATE_GREATER_POLAND_mine,korean,,체스토호바,localization/korean/hub_names_l_korean.yml,714
HUB_NAME_STATE_GREATER_POLAND_farm,korean,,푸오츠크,localization/korean/hub_names_l_korean.yml,715
HUB_NAME_STATE_GREATER_POLAND_wood,korean,,토마스조프 마조비에츠키,localization/korean/hub_names_l_korean.yml,716
HUB_NAME_STATE_LESSER_POLAND_city,korean,,루블린,localization/korean/hub_names_l_korean.yml,717
HUB_NAME_STATE_LESSER_POLAND_mine,korean,,라돔,localization/korean/hub_names_l_korean.yml,718
HUB_NAME_STATE_LESSER_POLAND_farm,korean,,키엘체,localization/korean/hub_names_l_korean.yml,719
HUB_NAME_STATE_LESSER_POLAND_wood,korean,,자모스크,localization/korean/hub_names_l_korean.yml,720
HUB_NAME_STATE_MAZOVIA_city,korean,,바르샤바,localization/korean/hub_names_l_korean.yml,721
HUB_NAME_STATE_MAZOVIA_mine,korean,,시에들체,localization/korean/hub_names_l_korean.yml,722
HUB_NAME_STATE_MAZOVIA_farm,korean,,웜자,localization/korean/hub_names_l_korean.yml,723
HUB_NAME_STATE_MAZOVIA_wood,korean,,오스트로웽카,localization/korean/hub_names_l_korean.yml,724
HUB_NAME_STATE_BREST_city,korean,,브레스트,localization/korean/hub_names_l_korean.yml,725
HUB_NAME_STATE_BREST_mine,korean,,핀스크,localization/korean/hub_names_l_korean.yml,726
HUB_NAME_STATE_BREST_farm,korean,,비야위스토크,localization/korean/hub_names_l_korean.yml,727
HUB_NAME_STATE_BREST_wood,korean,,그로드노,localization/korean/hub_names_l_korean.yml,728
HUB_NAME_STATE_LITHUANIA_city,korean,,빌니우스,localization/korean/hub_names_l_korean.yml,729
HUB_NAME_STATE_LITHUANIA_mine,korean,,우테나,localization/korean/hub_names_l_korean.yml,730
HUB_NAME_STATE_LITHUANIA_farm,korean,,시아울리아이,localization/korean/hub_names_l_korean.yml,731
HUB_NAME_STATE_LITHUANIA_wood,korean,,카우나스,localization/korean/hub_names_l_korean.yml,732
HUB_NAME_STATE_LITHUANIA_port,korean,,팔랑가,localization/korean/hub_names_l_korean.yml,733
HUB_NAME_STATE_LATVIA_city,korean,,리가,localization/korean/hub_names_l_korean.yml,734
HUB_NAME_STATE_LATVIA_port,korean,,리에파야,localization/korean/hub_names_l_korean.yml,735
HUB_NAME_STATE_LATVIA_mine,korean,,옐가바,localization/korean/hub_names_l_korean.yml,736
HUB_NAME_STATE_LATVIA_farm,korean,,다우가프필스,localization/korean/hub_names_l_korean.yml,737
HUB_NAME_STATE_LATVIA_wood,korean,,마도나,localization/korean/hub_names_l_korean.yml,738
HUB_NAME_STATE_ESTONIA_city,korean,,레발,localization/korean/hub_names_l_korean.yml,739
HUB_NAME_STATE_ESTONIA_port,korean,,파르누,localization/korean/hub_names_l_korean.yml,740
HUB_NAME_STATE_ESTONIA_mine,korean,,타르투,localization/korean/hub_names_l_korean.yml,741
HUB_NAME_STATE_ESTONIA_farm,korean,,나르바,localization/korean/hub_names_l_korean.yml,742
HUB_NAME_STATE_ESTONIA_wood,korean,,합살루,localization/korean/hub_names_l_korean.yml,743
HUB_NAME_STATE_INGRIA_city,korean,,상트페테르부르크,localization/korean/hub_names_l_korean.yml,744
HUB_NAME_STATE_INGRIA_port,korean,,크론슈타트,localization/korean/hub_names_l_korean.yml,745
HUB_NAME_STATE_INGRIA_mine,korean,,실리셀부르크,localization/korean/hub_names_l_korean.yml,746
HUB_NAME_STATE_INGRIA_farm,korean,,얌부르크,localization/korean/hub_names_l_korean.yml,747
HUB_NAME_STATE_INGRIA_wood,korean,,프스코프,localization/korean/hub_names_l_korean.yml,748
HUB_NAME_STATE_ORSHA_city,korean,,오르샤,localization/korean/hub_names_l_korean.yml,749
HUB_NAME_STATE_ORSHA_mine,korean,,모길료프,localization/korean/hub_names_l_korean.yml,750
HUB_NAME_STATE_ORSHA_farm,korean,,고멜,localization/korean/hub_names_l_korean.yml,751
HUB_NAME_STATE_ORSHA_wood,korean,,비테프스크,localization/korean/hub_names_l_korean.yml,752
HUB_NAME_STATE_MINSK_city,korean,,민스크,localization/korean/hub_names_l_korean.yml,753
HUB_NAME_STATE_MINSK_mine,korean,,바리사프,localization/korean/hub_names_l_korean.yml,754
HUB_NAME_STATE_MINSK_farm,korean,,모지르,localization/korean/hub_names_l_korean.yml,755
HUB_NAME_STATE_MINSK_wood,korean,,보브뤼스크,localization/korean/hub_names_l_korean.yml,756
HUB_NAME_STATE_VOLHYNIA_city,korean,,로프노,localization/korean/hub_names_l_korean.yml,757
HUB_NAME_STATE_VOLHYNIA_mine,korean,,타르노폴,localization/korean/hub_names_l_korean.yml,758
HUB_NAME_STATE_VOLHYNIA_farm,korean,,코벨,localization/korean/hub_names_l_korean.yml,759
HUB_NAME_STATE_VOLHYNIA_wood,korean,,노보흐라드볼린스키,localization/korean/hub_names_l_korean.yml,760
HUB_NAME_STATE_KIEV_city,korean,,키이우,localization/korean/hub_names_l_korean.yml,761
HUB_NAME_STATE_KIEV_mine,korean,,즈메린카,localization/korean/hub_names_l_korean.yml,762
HUB_NAME_STATE_KIEV_farm,korean,,수미,localization/korean/hub_names_l_korean.yml,763
HUB_NAME_STATE_KIEV_wood,korean,,지토미르,localization/korean/hub_names_l_korean.yml,764
HUB_NAME_STATE_CHERSON_city,korean,,니콜라에프,localization/korean/hub_names_l_korean.yml,765
HUB_NAME_STATE_CHERSON_port,korean,,오데사,localization/korean/hub_names_l_korean.yml,766
HUB_NAME_STATE_CHERSON_mine,korean,,엘리사베트그라드,localization/korean/hub_names_l_korean.yml,767
HUB_NAME_STATE_CHERSON_farm,korean,,헤르손,localization/korean/hub_names_l_korean.yml,768
HUB_NAME_STATE_CHERSON_wood,korean,,보즈네센스크,localization/korean/hub_names_l_korean.yml,769
HUB_NAME_STATE_CRIMEA_city,korean,,심페로폴,localization/korean/hub_names_l_korean.yml,770
HUB_NAME_STATE_CRIMEA_port,korean,,세바스토폴,localization/korean/hub_names_l_korean.yml,771
HUB_NAME_STATE_CRIMEA_mine,korean,,수다크,localization/korean/hub_names_l_korean.yml,772
HUB_NAME_STATE_CRIMEA_farm,korean,,잔코이,localization/korean/hub_names_l_korean.yml,773
HUB_NAME_STATE_CRIMEA_wood,korean,,케르치,localization/korean/hub_names_l_korean.yml,774
HUB_NAME_STATE_LUHANSK_city,korean,,하르키우,localization/korean/hub_names_l_korean.yml,775
HUB_NAME_STATE_LUHANSK_port,korean,,마리우폴,localization/korean/hub_names_l_korean.yml,776
HUB_NAME_STATE_LUHANSK_mine,korean,,알렉산드로브카,localization/korean/hub_names_l_korean.yml,777
HUB_NAME_STATE_LUHANSK_farm,korean,,에카테리노슬라우,localization/korean/hub_names_l_korean.yml,778
HUB_NAME_STATE_LUHANSK_wood,korean,,알렉산드롭스크,localization/korean/hub_names_l_korean.yml,779
HUB_NAME_STATE_KURSK_city,korean,,오룔,localization/korean/hub_names_l_korean.yml,780
HUB_NAME_STATE_KURSK_mine,korean,,보로네슈,localization/korean/hub_names_l_korean.yml,781
HUB_NAME_STATE_KURSK_farm,korean,,쿠르스크,localization/korean/hub_names_l_korean.yml,782
HUB_NAME_STATE_KURSK_wood,korean,,예프레모프,localization/korean/hub_names_l_korean.yml,783
HUB_NAME_STATE_BRYANSK_city,korean,,브랸스크,localization/korean/hub_names_l_korean.yml,784
HUB_NAME_STATE_BRYANSK_mine,korean,,볼로콜람스크,localization/korean/hub_names_l_korean.yml,785
HUB_NAME_STATE_BRYANSK_farm,korean,,뱌즈마,localization/korean/hub_names_l_korean.yml,786
HUB_NAME_STATE_BRYANSK_wood,korean,,칼루가,localization/korean/hub_names_l_korean.yml,787
HUB_NAME_STATE_SMOLENSK_city,korean,,스몰렌스크,localization/korean/hub_names_l_korean.yml,788
HUB_NAME_STATE_SMOLENSK_mine,korean,,로슬라블,localization/korean/hub_names_l_korean.yml,789
HUB_NAME_STATE_SMOLENSK_farm,korean,,르제프,localization/korean/hub_names_l_korean.yml,790
HUB_NAME_STATE_SMOLENSK_wood,korean,,토로페츠,localization/korean/hub_names_l_korean.yml,791
HUB_NAME_STATE_NOVGOROD_city,korean,,노브고로드,localization/korean/hub_names_l_korean.yml,792
HUB_NAME_STATE_NOVGOROD_mine,korean,,로데이노예 폴,localization/korean/hub_names_l_korean.yml,793
HUB_NAME_STATE_NOVGOROD_farm,korean,,추도보,localization/korean/hub_names_l_korean.yml,794
HUB_NAME_STATE_NOVGOROD_wood,korean,,볼로고예,localization/korean/hub_names_l_korean.yml,795
HUB_NAME_STATE_EAST_KARELIA_city,korean,,페트로자보츠크,localization/korean/hub_names_l_korean.yml,796
HUB_NAME_STATE_EAST_KARELIA_port,korean,,무르만스크,localization/korean/hub_names_l_korean.yml,797
HUB_NAME_STATE_EAST_KARELIA_mine,korean,,칸달락샤,localization/korean/hub_names_l_korean.yml,798
HUB_NAME_STATE_EAST_KARELIA_farm,korean,,켐,localization/korean/hub_names_l_korean.yml,799
HUB_NAME_STATE_EAST_KARELIA_wood,korean,,콘도포가,localization/korean/hub_names_l_korean.yml,800
HUB_NAME_STATE_ARKHANGELSK_city,korean,,아르한젤스크,localization/korean/hub_names_l_korean.yml,801
HUB_NAME_STATE_ARKHANGELSK_port,korean,,오네가,localization/korean/hub_names_l_korean.yml,802
HUB_NAME_STATE_ARKHANGELSK_mine,korean,,피네가,localization/korean/hub_names_l_korean.yml,803
HUB_NAME_STATE_ARKHANGELSK_farm,korean,,샹갈리,localization/korean/hub_names_l_korean.yml,804
HUB_NAME_STATE_ARKHANGELSK_wood,korean,,베레즈닉,localization/korean/hub_names_l_korean.yml,805
HUB_NAME_STATE_TVER_city,korean,,야로슬라블,localization/korean/hub_names_l_korean.yml,806
HUB_NAME_STATE_TVER_mine,korean,,볼로그다,localization/korean/hub_names_l_korean.yml,807
HUB_NAME_STATE_TVER_farm,korean,,트베리,localization/korean/hub_names_l_korean.yml,808
HUB_NAME_STATE_TVER_wood,korean,,리빈스크 ,localization/korean/hub_names_l_korean.yml,809
HUB_NAME_STATE_GALICH_city,korean,,코틀라스,localization/korean/hub_names_l_korean.yml,810
HUB_NAME_STATE_GALICH_mine,korean,,코노샤,localization/korean/hub_names_l_korean.yml,811
HUB_NAME_STATE_GALICH_farm,korean,,코스트로마,localization/korean/hub_names_l_korean.yml,812
HUB_NAME_STATE_GALICH_wood,korean,,벨스크,localization/korean/hub_names_l_korean.yml,813
HUB_NAME_STATE_MOSCOW_city,korean,,모스크바,localization/korean/hub_names_l_korean.yml,814
HUB_NAME_STATE_MOSCOW_mine,korean,,스코핀,localization/korean/hub_names_l_korean.yml,815
HUB_NAME_STATE_MOSCOW_farm,korean,,툴라,localization/korean/hub_names_l_korean.yml,816
HUB_NAME_STATE_MOSCOW_wood,korean,,랴잔,localization/korean/hub_names_l_korean.yml,817
HUB_NAME_STATE_KAZAN_city,korean,,카잔스코예,localization/korean/hub_names_l_korean.yml,818
HUB_NAME_STATE_KAZAN_mine,korean,,아르자마스,localization/korean/hub_names_l_korean.yml,819
HUB_NAME_STATE_KAZAN_farm,korean,,니즈니 노브고로드,localization/korean/hub_names_l_korean.yml,820
HUB_NAME_STATE_KAZAN_wood,korean,,브야트카,localization/korean/hub_names_l_korean.yml,821
HUB_NAME_STATE_TARTARIA_city,korean,,사라토프,localization/korean/hub_names_l_korean.yml,822
HUB_NAME_STATE_TARTARIA_mine,korean,,펜자,localization/korean/hub_names_l_korean.yml,823
HUB_NAME_STATE_TARTARIA_farm,korean,,탐보프,localization/korean/hub_names_l_korean.yml,824
HUB_NAME_STATE_TARTARIA_wood,korean,,사란스크,localization/korean/hub_names_l_korean.yml,825
HUB_NAME_STATE_ROSTOV_city,korean,,로스토프,localization/korean/hub_names_l_korean.yml,826
HUB_NAME_STATE_ROSTOV_port,korean,,아조프,localization/korean/hub_names_l_korean.yml,827
HUB_NAME_STATE_ROSTOV_mine,korean,,알렉산드로그루셰브스카야,localization/korean/hub_names_l_korean.yml,828
HUB_NAME_STATE_ROSTOV_farm,korean,,노보체르카스크,localization/korean/hub_names_l_korean.yml,829
HUB_NAME_STATE_ROSTOV_wood,korean,,치믈리얀스카야,localization/korean/hub_names_l_korean.yml,830
HUB_NAME_STATE_YEKATERINBURG_city,korean,,예카테리노다르,localization/korean/hub_names_l_korean.yml,831
HUB_NAME_STATE_YEKATERINBURG_port,korean,,소치,localization/korean/hub_names_l_korean.yml,832
HUB_NAME_STATE_YEKATERINBURG_mine,korean,,피야티고르스크,localization/korean/hub_names_l_korean.yml,833
HUB_NAME_STATE_YEKATERINBURG_farm,korean,,티호레츠크,localization/korean/hub_names_l_korean.yml,834
HUB_NAME_STATE_YEKATERINBURG_wood,korean,,마이코프,localization/korean/hub_names_l_korean.yml,835
HUB_NAME_STATE_KUBAN_port,korean,,노보로시스크,localization/korean/hub_names_l_korean.yml,836
HUB_NAME_STATE_KUBAN_city,korean,,예카테리노다르,localization/korean/hub_names_l_korean.yml,837
HUB_NAME_STATE_KUBAN_mine,korean,,피야티고르스크,localization/korean/hub_names_l_korean.yml,838
HUB_NAME_STATE_KUBAN_wood,korean,,아르마비르,localization/korean/hub_names_l_korean.yml,839
HUB_NAME_STATE_KUBAN_farm,korean,,소치,localization/korean/hub_names_l_korean.yml,840
HUB_NAME_STATE_DAGESTAN_city,korean,,페르토브스크포트,localization/korean/hub_names_l_korean.yml,841
HUB_NAME_STATE_DAGESTAN_mine,korean,,블라디카브카즈,localization/korean/hub_names_l_korean.yml,842
HUB_NAME_STATE_DAGESTAN_farm,korean,,그로즈니,localization/korean/hub_names_l_korean.yml,843
HUB_NAME_STATE_DAGESTAN_wood,korean,,키즐랴르,localization/korean/hub_names_l_korean.yml,844
HUB_NAME_STATE_ASTRAKHAN_city,korean,,차리친,localization/korean/hub_names_l_korean.yml,845
HUB_NAME_STATE_ASTRAKHAN_mine,korean,,엘리스타,localization/korean/hub_names_l_korean.yml,846
HUB_NAME_STATE_ASTRAKHAN_farm,korean,,아스트라한,localization/korean/hub_names_l_korean.yml,847
HUB_NAME_STATE_ASTRAKHAN_wood,korean,,칼라치,localization/korean/hub_names_l_korean.yml,848
HUB_NAME_STATE_URALSK_city,korean,,악토베,localization/korean/hub_names_l_korean.yml,849
HUB_NAME_STATE_URALSK_mine,korean,,쿨사리,localization/korean/hub_names_l_korean.yml,850
HUB_NAME_STATE_URALSK_farm,korean,,샬카르,localization/korean/hub_names_l_korean.yml,851
HUB_NAME_STATE_URALSK_wood,korean,,구리예프,localization/korean/hub_names_l_korean.yml,852
HUB_NAME_STATE_SAMARA_city,korean,,사마라,localization/korean/hub_names_l_korean.yml,853
HUB_NAME_STATE_SAMARA_mine,korean,,오렌부르크,localization/korean/hub_names_l_korean.yml,854
HUB_NAME_STATE_SAMARA_farm,korean,,시즈란,localization/korean/hub_names_l_korean.yml,855
HUB_NAME_STATE_SAMARA_wood,korean,,우파,localization/korean/hub_names_l_korean.yml,856
HUB_NAME_STATE_PERM_city,korean,,페름,localization/korean/hub_names_l_korean.yml,857
HUB_NAME_STATE_PERM_mine,korean,,리스바,localization/korean/hub_names_l_korean.yml,858
HUB_NAME_STATE_PERM_farm,korean,,이제프스크,localization/korean/hub_names_l_korean.yml,859
HUB_NAME_STATE_PERM_wood,korean,,베레즈니키,localization/korean/hub_names_l_korean.yml,860
HUB_NAME_STATE_NENETSIA_city,korean,,세이다,localization/korean/hub_names_l_korean.yml,861
HUB_NAME_STATE_NENETSIA_port,korean,,암데르마,localization/korean/hub_names_l_korean.yml,862
HUB_NAME_STATE_NENETSIA_mine,korean,,보르쿠타,localization/korean/hub_names_l_korean.yml,863
HUB_NAME_STATE_NENETSIA_farm,korean,,메드베즈카,localization/korean/hub_names_l_korean.yml,864
HUB_NAME_STATE_NENETSIA_wood,korean,,카루타,localization/korean/hub_names_l_korean.yml,865
HUB_NAME_STATE_URAL_city,korean,,예카테린부르크,localization/korean/hub_names_l_korean.yml,866
HUB_NAME_STATE_URAL_mine,korean,,니즈니 타길,localization/korean/hub_names_l_korean.yml,867
HUB_NAME_STATE_URAL_farm,korean,,첼랴빈스크,localization/korean/hub_names_l_korean.yml,868
HUB_NAME_STATE_URAL_wood,korean,,투먼,localization/korean/hub_names_l_korean.yml,869
HUB_NAME_STATE_OB_city,korean,,한티 만시스크,localization/korean/hub_names_l_korean.yml,870
HUB_NAME_STATE_OB_port,korean,,노비 포트,localization/korean/hub_names_l_korean.yml,871
HUB_NAME_STATE_OB_mine,korean,,굽킨스키,localization/korean/hub_names_l_korean.yml,872
HUB_NAME_STATE_OB_farm,korean,,세르기노,localization/korean/hub_names_l_korean.yml,873
HUB_NAME_STATE_OB_wood,korean,,나딤,localization/korean/hub_names_l_korean.yml,874
HUB_NAME_STATE_TOBOLSK_city,korean,,옴스크,localization/korean/hub_names_l_korean.yml,875
HUB_NAME_STATE_TOBOLSK_mine,korean,,타라,localization/korean/hub_names_l_korean.yml,876
HUB_NAME_STATE_TOBOLSK_farm,korean,,노보니콜라예프스크,localization/korean/hub_names_l_korean.yml,877
HUB_NAME_STATE_TOBOLSK_wood,korean,,이심,localization/korean/hub_names_l_korean.yml,878
HUB_NAME_STATE_TOMSK_city,korean,,톰스크,localization/korean/hub_names_l_korean.yml,879
HUB_NAME_STATE_TOMSK_mine,korean,,우스트-아바칸스코예,localization/korean/hub_names_l_korean.yml,880
HUB_NAME_STATE_TOMSK_farm,korean,,바르나울,localization/korean/hub_names_l_korean.yml,881
HUB_NAME_STATE_TOMSK_wood,korean,,크라스노야르스크,localization/korean/hub_names_l_korean.yml,882
HUB_NAME_STATE_TUVA_city,korean,,투라,localization/korean/hub_names_l_korean.yml,883
HUB_NAME_STATE_TUVA_mine,korean,,아크도부라크,localization/korean/hub_names_l_korean.yml,884
HUB_NAME_STATE_TUVA_farm,korean,,키질,localization/korean/hub_names_l_korean.yml,885
HUB_NAME_STATE_TUVA_wood,korean,,아르타디트,localization/korean/hub_names_l_korean.yml,886
HUB_NAME_STATE_UPPER_YENISEYSK_city,korean,,마클라코보,localization/korean/hub_names_l_korean.yml,887
HUB_NAME_STATE_UPPER_YENISEYSK_mine,korean,,방가쉬,localization/korean/hub_names_l_korean.yml,888
HUB_NAME_STATE_UPPER_YENISEYSK_farm,korean,,콜파셰보,localization/korean/hub_names_l_korean.yml,889
HUB_NAME_STATE_UPPER_YENISEYSK_wood,korean,,니즈네바르톱스크,localization/korean/hub_names_l_korean.yml,890
HUB_NAME_STATE_IRKUTSK_city,korean,,이르쿠츠크,localization/korean/hub_names_l_korean.yml,891
HUB_NAME_STATE_IRKUTSK_mine,korean,,베르크노이딘스크,localization/korean/hub_names_l_korean.yml,892
HUB_NAME_STATE_IRKUTSK_farm,korean,,브라츠크,localization/korean/hub_names_l_korean.yml,893
HUB_NAME_STATE_IRKUTSK_wood,korean,,치타,localization/korean/hub_names_l_korean.yml,894
HUB_NAME_STATE_YAKUTSK_city,korean,,빌리위스크,localization/korean/hub_names_l_korean.yml,895
HUB_NAME_STATE_YAKUTSK_port,korean,,티크시,localization/korean/hub_names_l_korean.yml,896
HUB_NAME_STATE_YAKUTSK_mine,korean,,상가르,localization/korean/hub_names_l_korean.yml,897
HUB_NAME_STATE_YAKUTSK_farm,korean,,뉴르바,localization/korean/hub_names_l_korean.yml,898
HUB_NAME_STATE_YAKUTSK_wood,korean,,미르니,localization/korean/hub_names_l_korean.yml,899
HUB_NAME_STATE_TRANS_BAIKAL_city,korean,,틴다,localization/korean/hub_names_l_korean.yml,900
HUB_NAME_STATE_TRANS_BAIKAL_mine,korean,,아긴스코예,localization/korean/hub_names_l_korean.yml,901
HUB_NAME_STATE_TRANS_BAIKAL_farm,korean,,스코보로디노,localization/korean/hub_names_l_korean.yml,902
HUB_NAME_STATE_TRANS_BAIKAL_wood,korean,,알단,localization/korean/hub_names_l_korean.yml,903
HUB_NAME_STATE_OKHOTSK_city,korean,,야쿠츠크,localization/korean/hub_names_l_korean.yml,904
HUB_NAME_STATE_OKHOTSK_port,korean,,오호츠크,localization/korean/hub_names_l_korean.yml,905
HUB_NAME_STATE_OKHOTSK_mine,korean,,알라흐 윤,localization/korean/hub_names_l_korean.yml,906
HUB_NAME_STATE_OKHOTSK_farm,korean,,이니크찬,localization/korean/hub_names_l_korean.yml,907
HUB_NAME_STATE_OKHOTSK_wood,korean,,볼루구르,localization/korean/hub_names_l_korean.yml,908
HUB_NAME_STATE_CHUKOTKA_city,korean,,아나디르,localization/korean/hub_names_l_korean.yml,909
HUB_NAME_STATE_CHUKOTKA_port,korean,,베링고브스키,localization/korean/hub_names_l_korean.yml,910
HUB_NAME_STATE_CHUKOTKA_mine,korean,,아차이바얌,localization/korean/hub_names_l_korean.yml,911
HUB_NAME_STATE_CHUKOTKA_farm,korean,,마르코보,localization/korean/hub_names_l_korean.yml,912
HUB_NAME_STATE_CHUKOTKA_wood,korean,,바예기,localization/korean/hub_names_l_korean.yml,913
HUB_NAME_STATE_KAMCHATKA_city,korean,,페트로바블로브스크캄차츠키,localization/korean/hub_names_l_korean.yml,914
HUB_NAME_STATE_KAMCHATKA_port,korean,,기지가,localization/korean/hub_names_l_korean.yml,915
HUB_NAME_STATE_KAMCHATKA_mine,korean,,밀코보,localization/korean/hub_names_l_korean.yml,916
HUB_NAME_STATE_KAMCHATKA_farm,korean,,예리조보,localization/korean/hub_names_l_korean.yml,917
HUB_NAME_STATE_KAMCHATKA_wood,korean,,클리야치,localization/korean/hub_names_l_korean.yml,918
HUB_NAME_STATE_SAKHALIN_city,korean,,블라디미로프카,localization/korean/hub_names_l_korean.yml,919
HUB_NAME_STATE_SAKHALIN_port,korean,,코르사코프,localization/korean/hub_names_l_korean.yml,920
HUB_NAME_STATE_SAKHALIN_mine,korean,,티크메네프스키,localization/korean/hub_names_l_korean.yml,921
HUB_NAME_STATE_SAKHALIN_farm,korean,,오하,localization/korean/hub_names_l_korean.yml,922
HUB_NAME_STATE_SAKHALIN_wood,korean,,알렉산드로프스키,localization/korean/hub_names_l_korean.yml,923
HUB_NAME_STATE_HOKKAIDO_city,korean,,삿포로,localization/korean/hub_names_l_korean.yml,925
HUB_NAME_STATE_HOKKAIDO_port,korean,,하코다테,localization/korean/hub_names_l_korean.yml,926
HUB_NAME_STATE_HOKKAIDO_mine,korean,,오비히로,localization/korean/hub_names_l_korean.yml,927
HUB_NAME_STATE_HOKKAIDO_farm,korean,,아사히가와,localization/korean/hub_names_l_korean.yml,928
HUB_NAME_STATE_HOKKAIDO_wood,korean,,네무로,localization/korean/hub_names_l_korean.yml,929
HUB_NAME_STATE_TOHOKU_city,korean,,센다이,localization/korean/hub_names_l_korean.yml,930
HUB_NAME_STATE_TOHOKU_port,korean,,하치노헤,localization/korean/hub_names_l_korean.yml,931
HUB_NAME_STATE_TOHOKU_mine,korean,,후쿠시마,localization/korean/hub_names_l_korean.yml,932
HUB_NAME_STATE_TOHOKU_farm,korean,,오슈,localization/korean/hub_names_l_korean.yml,933
HUB_NAME_STATE_TOHOKU_wood,korean,,아키타,localization/korean/hub_names_l_korean.yml,934
HUB_NAME_STATE_KANTO_city,korean,,에도,localization/korean/hub_names_l_korean.yml,935
HUB_NAME_STATE_KANTO_port,korean,,요코하마,localization/korean/hub_names_l_korean.yml,936
HUB_NAME_STATE_KANTO_mine,korean,,우츠노미야,localization/korean/hub_names_l_korean.yml,937
HUB_NAME_STATE_KANTO_farm,korean,,다카사키,localization/korean/hub_names_l_korean.yml,938
HUB_NAME_STATE_KANTO_wood,korean,,미토,localization/korean/hub_names_l_korean.yml,939
HUB_NAME_STATE_CHUBU_city,korean,,나고야,localization/korean/hub_names_l_korean.yml,940
HUB_NAME_STATE_CHUBU_port,korean,,시즈오카,localization/korean/hub_names_l_korean.yml,941
HUB_NAME_STATE_CHUBU_mine,korean,,나가노,localization/korean/hub_names_l_korean.yml,942
HUB_NAME_STATE_CHUBU_farm,korean,,니가타,localization/korean/hub_names_l_korean.yml,943
HUB_NAME_STATE_CHUBU_wood,korean,,후쿠이,localization/korean/hub_names_l_korean.yml,944
HUB_NAME_STATE_KANSAI_city,korean,,교토,localization/korean/hub_names_l_korean.yml,945
HUB_NAME_STATE_KANSAI_port,korean,,고베,localization/korean/hub_names_l_korean.yml,946
HUB_NAME_STATE_KANSAI_mine,korean,,오사카,localization/korean/hub_names_l_korean.yml,947
HUB_NAME_STATE_KANSAI_farm,korean,,야마다,localization/korean/hub_names_l_korean.yml,948
HUB_NAME_STATE_KANSAI_wood,korean,,와카야마,localization/korean/hub_names_l_korean.yml,949
HUB_NAME_STATE_SHIKOKU_city,korean,,다카마츠,localization/korean/hub_names_l_korean.yml,950
HUB_NAME_STATE_SHIKOKU_port,korean,,코치,localization/korean/hub_names_l_korean.yml,951
HUB_NAME_STATE_SHIKOKU_mine,korean,,도쿠시마,localization/korean/hub_names_l_korean.yml,952
HUB_NAME_STATE_SHIKOKU_farm,korean,,스쿠모,localization/korean/hub_names_l_korean.yml,953
HUB_NAME_STATE_SHIKOKU_wood,korean,,마츠야마,localization/korean/hub_names_l_korean.yml,954
HUB_NAME_STATE_CHUGOKU_city,korean,,히로시마,localization/korean/hub_names_l_korean.yml,955
HUB_NAME_STATE_CHUGOKU_port,korean,,오카야마,localization/korean/hub_names_l_korean.yml,956
HUB_NAME_STATE_CHUGOKU_mine,korean,,이즈모,localization/korean/hub_names_l_korean.yml,957
HUB_NAME_STATE_CHUGOKU_farm,korean,,시모노세키,localization/korean/hub_names_l_korean.yml,958
HUB_NAME_STATE_CHUGOKU_wood,korean,,돗토리,localization/korean/hub_names_l_korean.yml,959
HUB_NAME_STATE_KYUSHU_city,korean,,하카타,localization/korean/hub_names_l_korean.yml,960
HUB_NAME_STATE_KYUSHU_port,korean,,나가사키,localization/korean/hub_names_l_korean.yml,961
HUB_NAME_STATE_KYUSHU_mine,korean,,구마모토,localization/korean/hub_names_l_korean.yml,962
HUB_NAME_STATE_KYUSHU_farm,korean,,가고시마,localization/korean/hub_names_l_korean.yml,963
HUB_NAME_STATE_KYUSHU_wood,korean,,후나이,localization/korean/hub_names_l_korean.yml,964
HUB_NAME_STATE_RYUKYU_ISLANDS_city,korean,,나하,localization/korean/hub_names_l_korean.yml,965
HUB_NAME_STATE_RYUKYU_ISLANDS_port,korean,,아마미,localization/korean/hub_names_l_korean.yml,966
HUB_NAME_STATE_RYUKYU_ISLANDS_farm,korean,,나고,localization/korean/hub_names_l_korean.yml,967
HUB_NAME_STATE_BUSAN_city,korean,,대구,localization/korean/hub_names_l_korean.yml,969
HUB_NAME_STATE_BUSAN_port,korean,,부산,localization/korean/hub_names_l_korean.yml,970
HUB_NAME_STATE_BUSAN_mine,korean,,상주,localization/korean/hub_names_l_korean.yml,971
HUB_NAME_STATE_BUSAN_farm,korean,,안동,localization/korean/hub_names_l_korean.yml,972
HUB_NAME_STATE_BUSAN_wood,korean,,진주,localization/korean/hub_names_l_korean.yml,973
HUB_NAME_STATE_SEOUL_city,korean,,한성,localization/korean/hub_names_l_korean.yml,974
HUB_NAME_STATE_SEOUL_port,korean,,인천,localization/korean/hub_names_l_korean.yml,975
HUB_NAME_STATE_SEOUL_mine,korean,,원주,localization/korean/hub_names_l_korean.yml,976
HUB_NAME_STATE_SEOUL_farm,korean,,강릉,localization/korean/hub_names_l_korean.yml,977
HUB_NAME_STATE_SEOUL_wood,korean,,광주,localization/korean/hub_names_l_korean.yml,978
HUB_NAME_STATE_SARIWON_city,korean,,함흥,localization/korean/hub_names_l_korean.yml,979
HUB_NAME_STATE_SARIWON_port,korean,,충진,localization/korean/hub_names_l_korean.yml,980
HUB_NAME_STATE_SARIWON_mine,korean,,무산,localization/korean/hub_names_l_korean.yml,981
HUB_NAME_STATE_SARIWON_farm,korean,,길주,localization/korean/hub_names_l_korean.yml,982
HUB_NAME_STATE_SARIWON_wood,korean,,혜산,localization/korean/hub_names_l_korean.yml,983
HUB_NAME_STATE_PYONGYANG_city,korean,,평양,localization/korean/hub_names_l_korean.yml,984
HUB_NAME_STATE_PYONGYANG_port,korean,,해주,localization/korean/hub_names_l_korean.yml,985
HUB_NAME_STATE_PYONGYANG_mine,korean,,강계,localization/korean/hub_names_l_korean.yml,986
HUB_NAME_STATE_PYONGYANG_farm,korean,,황주,localization/korean/hub_names_l_korean.yml,987
HUB_NAME_STATE_PYONGYANG_wood,korean,,의주,localization/korean/hub_names_l_korean.yml,988
HUB_NAME_STATE_YANGHO_city,korean,,전주,localization/korean/hub_names_l_korean.yml,989
HUB_NAME_STATE_YANGHO_port,korean,,목포,localization/korean/hub_names_l_korean.yml,990
HUB_NAME_STATE_YANGHO_mine,korean,,청주,localization/korean/hub_names_l_korean.yml,991
HUB_NAME_STATE_YANGHO_farm,korean,,나주,localization/korean/hub_names_l_korean.yml,992
HUB_NAME_STATE_YANGHO_wood,korean,,충주,localization/korean/hub_names_l_korean.yml,993
HUB_NAME_STATE_SHENGJING_city,korean,,무크덴,localization/korean/hub_names_l_korean.yml,994
HUB_NAME_STATE_SHENGJING_port,korean,,포트 아서,localization/korean/hub_names_l_korean.yml,995
HUB_NAME_STATE_SHENGJING_mine,korean,,톄링,localization/korean/hub_names_l_korean.yml,996
HUB_NAME_STATE_SHENGJING_farm,korean,,금선,localization/korean/hub_names_l_korean.yml,997
HUB_NAME_STATE_SHENGJING_wood,korean,,안산,localization/korean/hub_names_l_korean.yml,998
HUB_NAME_STATE_SOUTHERN_MANCHURIA_city,korean,,길림,localization/korean/hub_names_l_korean.yml,999
HUB_NAME_STATE_SOUTHERN_MANCHURIA_mine,korean,,랴오위안,localization/korean/hub_names_l_korean.yml,1000
HUB_NAME_STATE_SOUTHERN_MANCHURIA_farm,korean,,동화,localization/korean/hub_names_l_korean.yml,1001
HUB_NAME_STATE_SOUTHERN_MANCHURIA_wood,korean,,훈춘,localization/korean/hub_names_l_korean.yml,1002
HUB_NAME_STATE_OUTER_MANCHURIA_city,korean,,하바로브카,localization/korean/hub_names_l_korean.yml,1003
HUB_NAME_STATE_OUTER_MANCHURIA_port,korean,,블라디보스토크,localization/korean/hub_names_l_korean.yml,1004
HUB_NAME_STATE_OUTER_MANCHURIA_mine,korean,,벨로고르스크,localization/korean/hub_names_l_korean.yml,1005
HUB_NAME_STATE_OUTER_MANCHURIA_farm,korean,,코조,localization/korean/hub_names_l_korean.yml,1006
HUB_NAME_STATE_OUTER_MANCHURIA_wood,korean,,페브랄스크,localization/korean/hub_names_l_korean.yml,1007
HUB_NAME_STATE_NORTHERN_MANCHURIA_city,korean,,치치하얼,localization/korean/hub_names_l_korean.yml,1008
HUB_NAME_STATE_NORTHERN_MANCHURIA_mine,korean,,눈강,localization/korean/hub_names_l_korean.yml,1009
HUB_NAME_STATE_NORTHERN_MANCHURIA_farm,korean,,합이빈,localization/korean/hub_names_l_korean.yml,1010
HUB_NAME_STATE_NORTHERN_MANCHURIA_wood,korean,,수화,localization/korean/hub_names_l_korean.yml,1011
HUB_NAME_STATE_BEIJING_city,korean,,북경,localization/korean/hub_names_l_korean.yml,1013
HUB_NAME_STATE_BEIJING_port,korean,,천진,localization/korean/hub_names_l_korean.yml,1014
HUB_NAME_STATE_BEIJING_mine,korean,,승덕,localization/korean/hub_names_l_korean.yml,1015
HUB_NAME_STATE_BEIJING_farm,korean,,랑팡,localization/korean/hub_names_l_korean.yml,1016
HUB_NAME_STATE_BEIJING_wood,korean,,당산,localization/korean/hub_names_l_korean.yml,1017
HUB_NAME_STATE_SHANXI_city,korean,,태원,localization/korean/hub_names_l_korean.yml,1018
HUB_NAME_STATE_SHANXI_mine,korean,,여양,localization/korean/hub_names_l_korean.yml,1020
HUB_NAME_STATE_SHANXI_farm,korean,,임분,localization/korean/hub_names_l_korean.yml,1021
HUB_NAME_STATE_SHANXI_wood,korean,,대동,localization/korean/hub_names_l_korean.yml,1022
HUB_NAME_STATE_ZHILI_city,korean,,보정,localization/korean/hub_names_l_korean.yml,1023
HUB_NAME_STATE_ZHILI_port,korean,,상주,localization/korean/hub_names_l_korean.yml,1024
HUB_NAME_STATE_ZHILI_mine,korean,,석가장,localization/korean/hub_names_l_korean.yml,1025
HUB_NAME_STATE_ZHILI_farm,korean,,덕주,localization/korean/hub_names_l_korean.yml,1026
HUB_NAME_STATE_ZHILI_wood,korean,,헝수이,localization/korean/hub_names_l_korean.yml,1027
HUB_NAME_STATE_SHANDONG_city,korean,,제남,localization/korean/hub_names_l_korean.yml,1028
HUB_NAME_STATE_SHANDONG_port,korean,,청도,localization/korean/hub_names_l_korean.yml,1029
HUB_NAME_STATE_SHANDONG_mine,korean,,일조,localization/korean/hub_names_l_korean.yml,1030
HUB_NAME_STATE_SHANDONG_farm,korean,,임기,localization/korean/hub_names_l_korean.yml,1031
HUB_NAME_STATE_SHANDONG_wood,korean,,연태,localization/korean/hub_names_l_korean.yml,1032
HUB_NAME_STATE_JIANGSU_city,korean,,숙천,localization/korean/hub_names_l_korean.yml,1033
HUB_NAME_STATE_JIANGSU_port,korean,,하이즈호우,localization/korean/hub_names_l_korean.yml,1034
HUB_NAME_STATE_JIANGSU_mine,korean,,화이안,localization/korean/hub_names_l_korean.yml,1035
HUB_NAME_STATE_JIANGSU_farm,korean,,염성,localization/korean/hub_names_l_korean.yml,1036
HUB_NAME_STATE_JIANGSU_wood,korean,,태주,localization/korean/hub_names_l_korean.yml,1037
HUB_NAME_STATE_NORTHERN_ANHUI_city,korean,,주구,localization/korean/hub_names_l_korean.yml,1038
HUB_NAME_STATE_NORTHERN_ANHUI_port,korean,,이름,localization/korean/hub_names_l_korean.yml,1039
HUB_NAME_STATE_NORTHERN_ANHUI_mine,korean,,상구,localization/korean/hub_names_l_korean.yml,1040
HUB_NAME_STATE_NORTHERN_ANHUI_farm,korean,,숙주,localization/korean/hub_names_l_korean.yml,1041
HUB_NAME_STATE_NORTHERN_ANHUI_wood,korean,,서주,localization/korean/hub_names_l_korean.yml,1042
HUB_NAME_STATE_HENAN_city,korean,,정주,localization/korean/hub_names_l_korean.yml,1043
HUB_NAME_STATE_HENAN_mine,korean,,운성,localization/korean/hub_names_l_korean.yml,1045
HUB_NAME_STATE_HENAN_farm,korean,,남양,localization/korean/hub_names_l_korean.yml,1046
HUB_NAME_STATE_HENAN_wood,korean,,주마점,localization/korean/hub_names_l_korean.yml,1047
HUB_NAME_STATE_WESTERN_HUBEI_city,korean,,의창,localization/korean/hub_names_l_korean.yml,1048
HUB_NAME_STATE_WESTERN_HUBEI_port,korean,,이름,localization/korean/hub_names_l_korean.yml,1049
HUB_NAME_STATE_WESTERN_HUBEI_mine,korean,,함양,localization/korean/hub_names_l_korean.yml,1050
HUB_NAME_STATE_WESTERN_HUBEI_farm,korean,,십언,localization/korean/hub_names_l_korean.yml,1051
HUB_NAME_STATE_WESTERN_HUBEI_wood,korean,,영문,localization/korean/hub_names_l_korean.yml,1052
HUB_NAME_STATE_EASTERN_HUBEI_city,korean,,무창,localization/korean/hub_names_l_korean.yml,1053
HUB_NAME_STATE_EASTERN_HUBEI_mine,korean,,함녕,localization/korean/hub_names_l_korean.yml,1055
HUB_NAME_STATE_EASTERN_HUBEI_farm,korean,,효감,localization/korean/hub_names_l_korean.yml,1056
HUB_NAME_STATE_EASTERN_HUBEI_wood,korean,,황강,localization/korean/hub_names_l_korean.yml,1057
HUB_NAME_STATE_SOUTHERN_ANHUI_city,korean,,합비,localization/korean/hub_names_l_korean.yml,1058
HUB_NAME_STATE_SOUTHERN_ANHUI_mine,korean,,선성,localization/korean/hub_names_l_korean.yml,1060
HUB_NAME_STATE_SOUTHERN_ANHUI_farm,korean,,안경,localization/korean/hub_names_l_korean.yml,1061
HUB_NAME_STATE_SOUTHERN_ANHUI_wood,korean,,육안,localization/korean/hub_names_l_korean.yml,1062
HUB_NAME_STATE_NANJING_city,korean,,남경,localization/korean/hub_names_l_korean.yml,1063
HUB_NAME_STATE_NANJING_mine,korean,,진강,localization/korean/hub_names_l_korean.yml,1065
HUB_NAME_STATE_NANJING_farm,korean,,무호,localization/korean/hub_names_l_korean.yml,1066
HUB_NAME_STATE_NANJING_wood,korean,,저주,localization/korean/hub_names_l_korean.yml,1067
HUB_NAME_STATE_SUZHOU_city,korean,,상해,localization/korean/hub_names_l_korean.yml,1068
HUB_NAME_STATE_SUZHOU_port,korean,,남통,localization/korean/hub_names_l_korean.yml,1069
HUB_NAME_STATE_SUZHOU_mine,korean,,무석,localization/korean/hub_names_l_korean.yml,1070
HUB_NAME_STATE_SUZHOU_farm,korean,,상주,localization/korean/hub_names_l_korean.yml,1071
HUB_NAME_STATE_SUZHOU_wood,korean,,숙주,localization/korean/hub_names_l_korean.yml,1072
HUB_NAME_STATE_ZHEJIANG_city,korean,,항주,localization/korean/hub_names_l_korean.yml,1073
HUB_NAME_STATE_ZHEJIANG_port,korean,,온주,localization/korean/hub_names_l_korean.yml,1074
HUB_NAME_STATE_ZHEJIANG_mine,korean,,영파,localization/korean/hub_names_l_korean.yml,1075
HUB_NAME_STATE_ZHEJIANG_farm,korean,,태주,localization/korean/hub_names_l_korean.yml,1076
HUB_NAME_STATE_ZHEJIANG_wood,korean,,금화,localization/korean/hub_names_l_korean.yml,1077
HUB_NAME_STATE_FUJIAN_city,korean,,용암,localization/korean/hub_names_l_korean.yml,1078
HUB_NAME_STATE_FUJIAN_port,korean,,천주,localization/korean/hub_names_l_korean.yml,1079
HUB_NAME_STATE_FUJIAN_mine,korean,,남평,localization/korean/hub_names_l_korean.yml,1080
HUB_NAME_STATE_FUJIAN_farm,korean,,삼명,localization/korean/hub_names_l_korean.yml,1081
HUB_NAME_STATE_FUJIAN_wood,korean,,하문,localization/korean/hub_names_l_korean.yml,1082
HUB_NAME_STATE_FORMOSA_city,korean,,태북,localization/korean/hub_names_l_korean.yml,1083
HUB_NAME_STATE_FORMOSA_port,korean,,타코우,localization/korean/hub_names_l_korean.yml,1084
HUB_NAME_STATE_FORMOSA_mine,korean,,켈룽,localization/korean/hub_names_l_korean.yml,1085
HUB_NAME_STATE_FORMOSA_farm,korean,,태중,localization/korean/hub_names_l_korean.yml,1086
HUB_NAME_STATE_FORMOSA_wood,korean,,태남,localization/korean/hub_names_l_korean.yml,1087
HUB_NAME_STATE_SHAOZHOU_city,korean,,소관,localization/korean/hub_names_l_korean.yml,1088
HUB_NAME_STATE_SHAOZHOU_port,korean,,홍콩,localization/korean/hub_names_l_korean.yml,1089
HUB_NAME_STATE_SHAOZHOU_mine,korean,,하원,localization/korean/hub_names_l_korean.yml,1090
HUB_NAME_STATE_SHAOZHOU_farm,korean,,매주,localization/korean/hub_names_l_korean.yml,1091
HUB_NAME_STATE_SHAOZHOU_wood,korean,,게양,localization/korean/hub_names_l_korean.yml,1092
HUB_NAME_STATE_JIANGXI_city,korean,,남창,localization/korean/hub_names_l_korean.yml,1093
HUB_NAME_STATE_JIANGXI_mine,korean,,감주,localization/korean/hub_names_l_korean.yml,1095
HUB_NAME_STATE_JIANGXI_farm,korean,,길안,localization/korean/hub_names_l_korean.yml,1096
HUB_NAME_STATE_JIANGXI_wood,korean,,응담,localization/korean/hub_names_l_korean.yml,1097
HUB_NAME_STATE_HUNAN_city,korean,,장사,localization/korean/hub_names_l_korean.yml,1098
HUB_NAME_STATE_HUNAN_mine,korean,,장가계,localization/korean/hub_names_l_korean.yml,1100
HUB_NAME_STATE_HUNAN_farm,korean,,회화,localization/korean/hub_names_l_korean.yml,1101
HUB_NAME_STATE_HUNAN_wood,korean,,상덕,localization/korean/hub_names_l_korean.yml,1102
HUB_NAME_STATE_GUANGDONG_city,korean,,광주,localization/korean/hub_names_l_korean.yml,1103
HUB_NAME_STATE_GUANGDONG_port,korean,,마카오,localization/korean/hub_names_l_korean.yml,1104
HUB_NAME_STATE_GUANGDONG_mine,korean,,삼아,localization/korean/hub_names_l_korean.yml,1105
HUB_NAME_STATE_GUANGDONG_farm,korean,,무명,localization/korean/hub_names_l_korean.yml,1106
HUB_NAME_STATE_GUANGDONG_wood,korean,,해구,localization/korean/hub_names_l_korean.yml,1107
HUB_NAME_STATE_GUANGXI_city,korean,,남녕,localization/korean/hub_names_l_korean.yml,1108
HUB_NAME_STATE_GUANGXI_mine,korean,,침주,localization/korean/hub_names_l_korean.yml,1110
HUB_NAME_STATE_GUANGXI_farm,korean,,계림,localization/korean/hub_names_l_korean.yml,1111
HUB_NAME_STATE_GUANGXI_wood,korean,,하지,localization/korean/hub_names_l_korean.yml,1112
HUB_NAME_STATE_YUNNAN_city,korean,,곤명,localization/korean/hub_names_l_korean.yml,1113
HUB_NAME_STATE_YUNNAN_mine,korean,,곡정,localization/korean/hub_names_l_korean.yml,1115
HUB_NAME_STATE_YUNNAN_farm,korean,,대리,localization/korean/hub_names_l_korean.yml,1116
HUB_NAME_STATE_YUNNAN_wood,korean,,여강,localization/korean/hub_names_l_korean.yml,1117
HUB_NAME_STATE_SICHUAN_city,korean,,성도,localization/korean/hub_names_l_korean.yml,1118
HUB_NAME_STATE_SICHUAN_mine,korean,,시창,localization/korean/hub_names_l_korean.yml,1120
HUB_NAME_STATE_SICHUAN_farm,korean,,아안,localization/korean/hub_names_l_korean.yml,1121
HUB_NAME_STATE_SICHUAN_wood,korean,,노주,localization/korean/hub_names_l_korean.yml,1122
HUB_NAME_STATE_GUIZHOU_city,korean,,귀양,localization/korean/hub_names_l_korean.yml,1123
HUB_NAME_STATE_GUIZHOU_mine,korean,,두윈,localization/korean/hub_names_l_korean.yml,1124
HUB_NAME_STATE_GUIZHOU_farm,korean,,소통,localization/korean/hub_names_l_korean.yml,1125
HUB_NAME_STATE_GUIZHOU_wood,korean,,안순,localization/korean/hub_names_l_korean.yml,1126
HUB_NAME_STATE_CHONGQING_city,korean,,중경,localization/korean/hub_names_l_korean.yml,1127
HUB_NAME_STATE_CHONGQING_mine,korean,,광원,localization/korean/hub_names_l_korean.yml,1128
HUB_NAME_STATE_CHONGQING_farm,korean,,남충,localization/korean/hub_names_l_korean.yml,1129
HUB_NAME_STATE_CHONGQING_wood,korean,,면양,localization/korean/hub_names_l_korean.yml,1130
HUB_NAME_STATE_XIAN_city,korean,,서안,localization/korean/hub_names_l_korean.yml,1131
HUB_NAME_STATE_XIAN_mine,korean,,보계,localization/korean/hub_names_l_korean.yml,1132
HUB_NAME_STATE_XIAN_farm,korean,,한중,localization/korean/hub_names_l_korean.yml,1133
HUB_NAME_STATE_XIAN_wood,korean,,연안,localization/korean/hub_names_l_korean.yml,1134
HUB_NAME_STATE_NINGXIA_city,korean,,난주,localization/korean/hub_names_l_korean.yml,1135
HUB_NAME_STATE_NINGXIA_mine,korean,,임하,localization/korean/hub_names_l_korean.yml,1136
HUB_NAME_STATE_NINGXIA_farm,korean,,천수,localization/korean/hub_names_l_korean.yml,1137
HUB_NAME_STATE_NINGXIA_wood,korean,,농남,localization/korean/hub_names_l_korean.yml,1138
HUB_NAME_STATE_QINGHAI_city,korean,,더링하,localization/korean/hub_names_l_korean.yml,1139
HUB_NAME_STATE_QINGHAI_mine,korean,,거얼무,localization/korean/hub_names_l_korean.yml,1140
HUB_NAME_STATE_QINGHAI_farm,korean,,과락,localization/korean/hub_names_l_korean.yml,1141
HUB_NAME_STATE_QINGHAI_wood,korean,,옥수,localization/korean/hub_names_l_korean.yml,1142
HUB_NAME_STATE_GANSU_city,korean,,주천,localization/korean/hub_names_l_korean.yml,1143
HUB_NAME_STATE_GANSU_mine,korean,,돈황,localization/korean/hub_names_l_korean.yml,1144
HUB_NAME_STATE_GANSU_farm,korean,,장액,localization/korean/hub_names_l_korean.yml,1145
HUB_NAME_STATE_GANSU_wood,korean,,서녕,localization/korean/hub_names_l_korean.yml,1146
HUB_NAME_STATE_ALXA_city,korean,,오달,localization/korean/hub_names_l_korean.yml,1147
HUB_NAME_STATE_ALXA_mine,korean,,시비 후렌,localization/korean/hub_names_l_korean.yml,1148
HUB_NAME_STATE_ALXA_farm,korean,,덩가닝,localization/korean/hub_names_l_korean.yml,1149
HUB_NAME_STATE_ALXA_wood,korean,,금창,localization/korean/hub_names_l_korean.yml,1150
HUB_NAME_STATE_HINGGAN_city,korean,,오르도스,localization/korean/hub_names_l_korean.yml,1151
HUB_NAME_STATE_HINGGAN_mine,korean,,바얀누르,localization/korean/hub_names_l_korean.yml,1152
HUB_NAME_STATE_HINGGAN_farm,korean,,시린하오터,localization/korean/hub_names_l_korean.yml,1153
HUB_NAME_STATE_HINGGAN_wood,korean,,유림,localization/korean/hub_names_l_korean.yml,1154
HUB_NAME_STATE_URGA_city,korean,,우르가,localization/korean/hub_names_l_korean.yml,1155
HUB_NAME_STATE_URGA_mine,korean,,달란자드가드,localization/korean/hub_names_l_korean.yml,1156
HUB_NAME_STATE_URGA_farm,korean,,바룬우르트,localization/korean/hub_names_l_korean.yml,1157
HUB_NAME_STATE_URGA_wood,korean,,마이마이청,localization/korean/hub_names_l_korean.yml,1158
HUB_NAME_STATE_ULIASTAI_city,korean,,바얀홍고르,localization/korean/hub_names_l_korean.yml,1159
HUB_NAME_STATE_ULIASTAI_mine,korean,,샤르가,localization/korean/hub_names_l_korean.yml,1160
HUB_NAME_STATE_ULIASTAI_farm,korean,,호르고,localization/korean/hub_names_l_korean.yml,1161
HUB_NAME_STATE_ULIASTAI_wood,korean,,울기,localization/korean/hub_names_l_korean.yml,1162
HUB_NAME_STATE_DZUNGARIA_city,korean,,우루무치,localization/korean/hub_names_l_korean.yml,1163
HUB_NAME_STATE_DZUNGARIA_mine,korean,,쿠이툰,localization/korean/hub_names_l_korean.yml,1164
HUB_NAME_STATE_DZUNGARIA_farm,korean,,일리,localization/korean/hub_names_l_korean.yml,1165
HUB_NAME_STATE_DZUNGARIA_wood,korean,,드루즈바,localization/korean/hub_names_l_korean.yml,1166
HUB_NAME_STATE_TIANSHAN_city,korean,,카슈가르,localization/korean/hub_names_l_korean.yml,1167
HUB_NAME_STATE_TIANSHAN_mine,korean,,악수,localization/korean/hub_names_l_korean.yml,1168
HUB_NAME_STATE_TIANSHAN_farm,korean,,호탄,localization/korean/hub_names_l_korean.yml,1169
HUB_NAME_STATE_TIANSHAN_wood,korean,,우차,localization/korean/hub_names_l_korean.yml,1170
HUB_NAME_STATE_NGARI_city,korean,,응아리,localization/korean/hub_names_l_korean.yml,1171
HUB_NAME_STATE_NGARI_mine,korean,,라체,localization/korean/hub_names_l_korean.yml,1172
HUB_NAME_STATE_NGARI_farm,korean,,드롱파,localization/korean/hub_names_l_korean.yml,1173
HUB_NAME_STATE_NGARI_wood,korean,,라가,localization/korean/hub_names_l_korean.yml,1174
HUB_NAME_STATE_LHASA_city,korean,,라싸,localization/korean/hub_names_l_korean.yml,1175
HUB_NAME_STATE_LHASA_mine,korean,,마이조쿵가르,localization/korean/hub_names_l_korean.yml,1176
HUB_NAME_STATE_LHASA_farm,korean,,낙추,localization/korean/hub_names_l_korean.yml,1177
HUB_NAME_STATE_LHASA_wood,korean,,포메,localization/korean/hub_names_l_korean.yml,1178
HUB_NAME_STATE_HIMALAYAS_city,korean,,카트만두,localization/korean/hub_names_l_korean.yml,1179
HUB_NAME_STATE_HIMALAYAS_mine,korean,,포카라,localization/korean/hub_names_l_korean.yml,1180
HUB_NAME_STATE_HIMALAYAS_farm,korean,,푸나카,localization/korean/hub_names_l_korean.yml,1181
HUB_NAME_STATE_HIMALAYAS_wood,korean,,강톡,localization/korean/hub_names_l_korean.yml,1182
HUB_NAME_STATE_KASHMIR_city,korean,,스리나가르,localization/korean/hub_names_l_korean.yml,1183
HUB_NAME_STATE_KASHMIR_mine,korean,,카르길,localization/korean/hub_names_l_korean.yml,1184
HUB_NAME_STATE_KASHMIR_farm,korean,,따시강,localization/korean/hub_names_l_korean.yml,1185
HUB_NAME_STATE_KASHMIR_wood,korean,,레,localization/korean/hub_names_l_korean.yml,1186
HUB_NAME_STATE_TAJIKISTAN_city,korean,,두샨베,localization/korean/hub_names_l_korean.yml,1187
HUB_NAME_STATE_TAJIKISTAN_mine,korean,,쿨롭,localization/korean/hub_names_l_korean.yml,1188
HUB_NAME_STATE_TAJIKISTAN_farm,korean,,후잔트,localization/korean/hub_names_l_korean.yml,1189
HUB_NAME_STATE_TAJIKISTAN_wood,korean,,아니,localization/korean/hub_names_l_korean.yml,1190
HUB_NAME_STATE_KIRGHIZIA_city,korean,,코칸트,localization/korean/hub_names_l_korean.yml,1191
HUB_NAME_STATE_KIRGHIZIA_mine,korean,,나린,localization/korean/hub_names_l_korean.yml,1192
HUB_NAME_STATE_KIRGHIZIA_farm,korean,,페르가나,localization/korean/hub_names_l_korean.yml,1193
HUB_NAME_STATE_KIRGHIZIA_wood,korean,,카라콜,localization/korean/hub_names_l_korean.yml,1194
HUB_NAME_STATE_SEMIRECHE_city,korean,,카라간디,localization/korean/hub_names_l_korean.yml,1195
HUB_NAME_STATE_SEMIRECHE_mine,korean,,세미팔라틴스크,localization/korean/hub_names_l_korean.yml,1196
HUB_NAME_STATE_SEMIRECHE_farm,korean,,카르카랄리,localization/korean/hub_names_l_korean.yml,1197
HUB_NAME_STATE_SEMIRECHE_wood,korean,,우스트 카멘고르스크,localization/korean/hub_names_l_korean.yml,1198
HUB_NAME_STATE_JETISY_city,korean,,알마틴스크,localization/korean/hub_names_l_korean.yml,1199
HUB_NAME_STATE_JETISY_mine,korean,,자르켄트,localization/korean/hub_names_l_korean.yml,1200
HUB_NAME_STATE_JETISY_farm,korean,,탈디코르간,localization/korean/hub_names_l_korean.yml,1201
HUB_NAME_STATE_JETISY_wood,korean,,우샤랄,localization/korean/hub_names_l_korean.yml,1202
HUB_NAME_STATE_AKMOLINSK_city,korean,,아크몰린스크,localization/korean/hub_names_l_korean.yml,1203
HUB_NAME_STATE_AKMOLINSK_mine,korean,,키질로르다,localization/korean/hub_names_l_korean.yml,1204
HUB_NAME_STATE_AKMOLINSK_farm,korean,,콕셰타우,localization/korean/hub_names_l_korean.yml,1205
HUB_NAME_STATE_AKMOLINSK_wood,korean,,파블로다르,localization/korean/hub_names_l_korean.yml,1206
HUB_NAME_STATE_UZBEKIA_city,korean,,사마르칸트,localization/korean/hub_names_l_korean.yml,1207
HUB_NAME_STATE_UZBEKIA_mine,korean,,카르시,localization/korean/hub_names_l_korean.yml,1208
HUB_NAME_STATE_UZBEKIA_farm,korean,,타슈켄트,localization/korean/hub_names_l_korean.yml,1209
HUB_NAME_STATE_UZBEKIA_wood,korean,,쉼켄트,localization/korean/hub_names_l_korean.yml,1210
HUB_NAME_STATE_KHIVA_city,korean,,탠디,localization/korean/hub_names_l_korean.yml,1211
HUB_NAME_STATE_KHIVA_mine,korean,,자나오젠,localization/korean/hub_names_l_korean.yml,1212
HUB_NAME_STATE_KHIVA_farm,korean,,누쿠스,localization/korean/hub_names_l_korean.yml,1213
HUB_NAME_STATE_KHIVA_wood,korean,,우르겐치,localization/korean/hub_names_l_korean.yml,1214
HUB_NAME_STATE_TURKMENIA_city,korean,,아슈가바트,localization/korean/hub_names_l_korean.yml,1215
HUB_NAME_STATE_TURKMENIA_mine,korean,,발카나바트,localization/korean/hub_names_l_korean.yml,1216
HUB_NAME_STATE_TURKMENIA_farm,korean,,마리,localization/korean/hub_names_l_korean.yml,1217
HUB_NAME_STATE_TURKMENIA_wood,korean,,투르크메나바트,localization/korean/hub_names_l_korean.yml,1218
HUB_NAME_STATE_AZERBAIJAN_city,korean,,바쿠,localization/korean/hub_names_l_korean.yml,1219
HUB_NAME_STATE_AZERBAIJAN_mine,korean,,랑카란,localization/korean/hub_names_l_korean.yml,1221
HUB_NAME_STATE_AZERBAIJAN_farm,korean,,자카탈라,localization/korean/hub_names_l_korean.yml,1222
HUB_NAME_STATE_AZERBAIJAN_wood,korean,,옐리자베트폴,localization/korean/hub_names_l_korean.yml,1223
HUB_NAME_STATE_GREATER_CAUCASUS_city,korean,,트빌리시,localization/korean/hub_names_l_korean.yml,1224
HUB_NAME_STATE_GREATER_CAUCASUS_port,korean,,포티,localization/korean/hub_names_l_korean.yml,1225
HUB_NAME_STATE_GREATER_CAUCASUS_mine,korean,,쿠타이시,localization/korean/hub_names_l_korean.yml,1226
HUB_NAME_STATE_GREATER_CAUCASUS_farm,korean,,고리,localization/korean/hub_names_l_korean.yml,1227
HUB_NAME_STATE_GREATER_CAUCASUS_wood,korean,,텔라비,localization/korean/hub_names_l_korean.yml,1228
HUB_NAME_STATE_ARMENIA_city,korean,,예레반,localization/korean/hub_names_l_korean.yml,1229
HUB_NAME_STATE_ARMENIA_mine,korean,,노르 바예제트,localization/korean/hub_names_l_korean.yml,1231
HUB_NAME_STATE_ARMENIA_farm,korean,,알렉산드로폴,localization/korean/hub_names_l_korean.yml,1232
HUB_NAME_STATE_ARMENIA_wood,korean,,나크치반,localization/korean/hub_names_l_korean.yml,1233
HUB_NAME_STATE_ERZURUM_city,korean,,에르주룸,localization/korean/hub_names_l_korean.yml,1234
HUB_NAME_STATE_ERZURUM_mine,korean,,에르진잔,localization/korean/hub_names_l_korean.yml,1236
HUB_NAME_STATE_ERZURUM_farm,korean,,문,localization/korean/hub_names_l_korean.yml,1237
HUB_NAME_STATE_ERZURUM_wood,korean,,무쉬,localization/korean/hub_names_l_korean.yml,1238
HUB_NAME_STATE_KARS_city,korean,,카르스,localization/korean/hub_names_l_korean.yml,1239
HUB_NAME_STATE_KARS_port,korean,,바툼,localization/korean/hub_names_l_korean.yml,1240
HUB_NAME_STATE_KARS_mine,korean,,익디르,localization/korean/hub_names_l_korean.yml,1241
HUB_NAME_STATE_KARS_farm,korean,,아르다한,localization/korean/hub_names_l_korean.yml,1242
HUB_NAME_STATE_KARS_wood,korean,,아르트빈,localization/korean/hub_names_l_korean.yml,1243
HUB_NAME_STATE_TRABZON_city,korean,,오르두,localization/korean/hub_names_l_korean.yml,1244
HUB_NAME_STATE_TRABZON_port,korean,,기레순,localization/korean/hub_names_l_korean.yml,1245
HUB_NAME_STATE_TRABZON_mine,korean,,리제,localization/korean/hub_names_l_korean.yml,1246
HUB_NAME_STATE_TRABZON_farm,korean,,삼순,localization/korean/hub_names_l_korean.yml,1247
HUB_NAME_STATE_TRABZON_wood,korean,,트라브존,localization/korean/hub_names_l_korean.yml,1248
HUB_NAME_STATE_ANKARA_city,korean,,카이세리,localization/korean/hub_names_l_korean.yml,1249
HUB_NAME_STATE_ANKARA_mine,korean,,요즈가트,localization/korean/hub_names_l_korean.yml,1250
HUB_NAME_STATE_ANKARA_farm,korean,,시바스,localization/korean/hub_names_l_korean.yml,1251
HUB_NAME_STATE_ANKARA_wood,korean,,앙카라,localization/korean/hub_names_l_korean.yml,1252
HUB_NAME_STATE_KASTAMONU_city,korean,,카스타모누,localization/korean/hub_names_l_korean.yml,1253
HUB_NAME_STATE_KASTAMONU_port,korean,,지노프,localization/korean/hub_names_l_korean.yml,1254
HUB_NAME_STATE_KASTAMONU_mine,korean,,켕기리,localization/korean/hub_names_l_korean.yml,1255
HUB_NAME_STATE_KASTAMONU_farm,korean,,볼루,localization/korean/hub_names_l_korean.yml,1256
HUB_NAME_STATE_KASTAMONU_wood,korean,,에렐리,localization/korean/hub_names_l_korean.yml,1257
HUB_NAME_STATE_HUDAVENDIGAR_city,korean,,부르사,localization/korean/hub_names_l_korean.yml,1258
HUB_NAME_STATE_HUDAVENDIGAR_port,korean,,이즈미트,localization/korean/hub_names_l_korean.yml,1259
HUB_NAME_STATE_HUDAVENDIGAR_mine,korean,,빌레지크,localization/korean/hub_names_l_korean.yml,1260
HUB_NAME_STATE_HUDAVENDIGAR_farm,korean,,비가,localization/korean/hub_names_l_korean.yml,1261
HUB_NAME_STATE_HUDAVENDIGAR_wood,korean,,발르케시르,localization/korean/hub_names_l_korean.yml,1262
HUB_NAME_STATE_EASTERN_THRACE_city,korean,,콘스탄티노폴리스,localization/korean/hub_names_l_korean.yml,1263
HUB_NAME_STATE_EASTERN_THRACE_port,korean,,겔리볼루,localization/korean/hub_names_l_korean.yml,1264
HUB_NAME_STATE_EASTERN_THRACE_mine,korean,,커크 킬리세,localization/korean/hub_names_l_korean.yml,1265
HUB_NAME_STATE_EASTERN_THRACE_farm,korean,,아드리아노폴리스,localization/korean/hub_names_l_korean.yml,1266
HUB_NAME_STATE_EASTERN_THRACE_wood,korean,,미드예,localization/korean/hub_names_l_korean.yml,1267
HUB_NAME_STATE_AYDIN_city,korean,,이즈미르,localization/korean/hub_names_l_korean.yml,1268
HUB_NAME_STATE_AYDIN_port,korean,,칼레이 술타니예,localization/korean/hub_names_l_korean.yml,1269
HUB_NAME_STATE_AYDIN_mine,korean,,무글라,localization/korean/hub_names_l_korean.yml,1270
HUB_NAME_STATE_AYDIN_farm,korean,,마니사,localization/korean/hub_names_l_korean.yml,1271
HUB_NAME_STATE_AYDIN_wood,korean,,아이든,localization/korean/hub_names_l_korean.yml,1272
HUB_NAME_STATE_KONYA_city,korean,,코니아,localization/korean/hub_names_l_korean.yml,1273
HUB_NAME_STATE_KONYA_port,korean,,안탈리아,localization/korean/hub_names_l_korean.yml,1274
HUB_NAME_STATE_KONYA_mine,korean,,아피온,localization/korean/hub_names_l_korean.yml,1275
HUB_NAME_STATE_KONYA_farm,korean,,데니즐리,localization/korean/hub_names_l_korean.yml,1276
HUB_NAME_STATE_KONYA_wood,korean,,에스키셰히르,localization/korean/hub_names_l_korean.yml,1277
HUB_NAME_STATE_CYPRUS_city,korean,,니코시아,localization/korean/hub_names_l_korean.yml,1278
HUB_NAME_STATE_CYPRUS_port,korean,,라르나카,localization/korean/hub_names_l_korean.yml,1279
HUB_NAME_STATE_CYPRUS_farm,korean,,레프케,localization/korean/hub_names_l_korean.yml,1280
HUB_NAME_STATE_CYPRUS_wood,korean,,리마솔,localization/korean/hub_names_l_korean.yml,1281
HUB_NAME_STATE_ADANA_city,korean,,아다나,localization/korean/hub_names_l_korean.yml,1282
HUB_NAME_STATE_ADANA_port,korean,,메르신,localization/korean/hub_names_l_korean.yml,1283
HUB_NAME_STATE_ADANA_mine,korean,,코잔,localization/korean/hub_names_l_korean.yml,1284
HUB_NAME_STATE_ADANA_farm,korean,,실리프케,localization/korean/hub_names_l_korean.yml,1285
HUB_NAME_STATE_ADANA_wood,korean,,아인타브,localization/korean/hub_names_l_korean.yml,1286
HUB_NAME_STATE_DIYARBAKIR_city,korean,,말라티아,localization/korean/hub_names_l_korean.yml,1287
HUB_NAME_STATE_DIYARBAKIR_mine,korean,,하카리,localization/korean/hub_names_l_korean.yml,1288
HUB_NAME_STATE_DIYARBAKIR_farm,korean,,우르파,localization/korean/hub_names_l_korean.yml,1289
HUB_NAME_STATE_DIYARBAKIR_wood,korean,,디야르바크르,localization/korean/hub_names_l_korean.yml,1290
HUB_NAME_STATE_DEIR_EZ_ZOR_city,korean,,데이르,localization/korean/hub_names_l_korean.yml,1291
HUB_NAME_STATE_DEIR_EZ_ZOR_mine,korean,,아부 카말,localization/korean/hub_names_l_korean.yml,1292
HUB_NAME_STATE_DEIR_EZ_ZOR_farm,korean,,라스 알 아인,localization/korean/hub_names_l_korean.yml,1293
HUB_NAME_STATE_DEIR_EZ_ZOR_wood,korean,,라카,localization/korean/hub_names_l_korean.yml,1294
HUB_NAME_STATE_ALEPPO_city,korean,,알레포,localization/korean/hub_names_l_korean.yml,1295
HUB_NAME_STATE_ALEPPO_port,korean,,타르투스,localization/korean/hub_names_l_korean.yml,1296
HUB_NAME_STATE_ALEPPO_mine,korean,,안티오크,localization/korean/hub_names_l_korean.yml,1297
HUB_NAME_STATE_ALEPPO_farm,korean,,라타키아,localization/korean/hub_names_l_korean.yml,1298
HUB_NAME_STATE_ALEPPO_wood,korean,,알렉산드레타,localization/korean/hub_names_l_korean.yml,1299
HUB_NAME_STATE_SYRIA_city,korean,,다마스쿠스,localization/korean/hub_names_l_korean.yml,1300
HUB_NAME_STATE_SYRIA_mine,korean,,하마,localization/korean/hub_names_l_korean.yml,1301
HUB_NAME_STATE_SYRIA_farm,korean,,홈스,localization/korean/hub_names_l_korean.yml,1302
HUB_NAME_STATE_SYRIA_wood,korean,,살라미야,localization/korean/hub_names_l_korean.yml,1303
HUB_NAME_STATE_LEBANON_city,korean,,베이루트,localization/korean/hub_names_l_korean.yml,1304
HUB_NAME_STATE_LEBANON_port,korean,,트리폴리,localization/korean/hub_names_l_korean.yml,1305
HUB_NAME_STATE_LEBANON_mine,korean,,자흘레,localization/korean/hub_names_l_korean.yml,1306
HUB_NAME_STATE_LEBANON_farm,korean,,데이르 알 카마르,localization/korean/hub_names_l_korean.yml,1307
HUB_NAME_STATE_LEBANON_wood,korean,,시돈,localization/korean/hub_names_l_korean.yml,1308
HUB_NAME_STATE_PALESTINE_city,korean,,예루살렘,localization/korean/hub_names_l_korean.yml,1309
HUB_NAME_STATE_PALESTINE_port,korean,,자파,localization/korean/hub_names_l_korean.yml,1310
HUB_NAME_STATE_PALESTINE_mine,korean,,히브론,localization/korean/hub_names_l_korean.yml,1311
HUB_NAME_STATE_PALESTINE_farm,korean,,가자,localization/korean/hub_names_l_korean.yml,1312
HUB_NAME_STATE_PALESTINE_wood,korean,,아크레,localization/korean/hub_names_l_korean.yml,1313
HUB_NAME_STATE_TRANSJORDAN_city,korean,,알 살트,localization/korean/hub_names_l_korean.yml,1314
HUB_NAME_STATE_TRANSJORDAN_port,korean,,아카바,localization/korean/hub_names_l_korean.yml,1315
HUB_NAME_STATE_TRANSJORDAN_mine,korean,,마안,localization/korean/hub_names_l_korean.yml,1316
HUB_NAME_STATE_TRANSJORDAN_farm,korean,,케락,localization/korean/hub_names_l_korean.yml,1317
HUB_NAME_STATE_TRANSJORDAN_wood,korean,,타필라,localization/korean/hub_names_l_korean.yml,1318
HUB_NAME_STATE_HEDJAZ_city,korean,,메카,localization/korean/hub_names_l_korean.yml,1319
HUB_NAME_STATE_HEDJAZ_port,korean,,알 쿤푸다,localization/korean/hub_names_l_korean.yml,1320
HUB_NAME_STATE_HEDJAZ_mine,korean,,메디나,localization/korean/hub_names_l_korean.yml,1321
HUB_NAME_STATE_HEDJAZ_farm,korean,,타부크,localization/korean/hub_names_l_korean.yml,1322
HUB_NAME_STATE_HEDJAZ_wood,korean,,지다,localization/korean/hub_names_l_korean.yml,1323
HUB_NAME_STATE_YEMEN_city,korean,,아덴,localization/korean/hub_names_l_korean.yml,1324
HUB_NAME_STATE_YEMEN_port,korean,,알 후다이다,localization/korean/hub_names_l_korean.yml,1325
HUB_NAME_STATE_YEMEN_mine,korean,,사나,localization/korean/hub_names_l_korean.yml,1326
HUB_NAME_STATE_YEMEN_farm,korean,,알 무칼라,localization/korean/hub_names_l_korean.yml,1327
HUB_NAME_STATE_YEMEN_wood,korean,,타이즈,localization/korean/hub_names_l_korean.yml,1328
HUB_NAME_STATE_OMAN_city,korean,,무스카트,localization/korean/hub_names_l_korean.yml,1329
HUB_NAME_STATE_OMAN_port,korean,,살랄라,localization/korean/hub_names_l_korean.yml,1330
HUB_NAME_STATE_OMAN_mine,korean,,니즈와,localization/korean/hub_names_l_korean.yml,1331
HUB_NAME_STATE_OMAN_farm,korean,,소하르,localization/korean/hub_names_l_korean.yml,1332
HUB_NAME_STATE_OMAN_wood,korean,,수르,localization/korean/hub_names_l_korean.yml,1333
HUB_NAME_STATE_ABU_DHABI_city,korean,,마나마,localization/korean/hub_names_l_korean.yml,1334
HUB_NAME_STATE_ABU_DHABI_port,korean,,아부 다비,localization/korean/hub_names_l_korean.yml,1335
HUB_NAME_STATE_ABU_DHABI_mine,korean,,도하,localization/korean/hub_names_l_korean.yml,1336
HUB_NAME_STATE_ABU_DHABI_farm,korean,,샤르자,localization/korean/hub_names_l_korean.yml,1337
HUB_NAME_STATE_ABU_DHABI_wood,korean,,카사브,localization/korean/hub_names_l_korean.yml,1338
HUB_NAME_STATE_NEJD_city,korean,,리야드,localization/korean/hub_names_l_korean.yml,1339
HUB_NAME_STATE_NEJD_port,korean,,다흐란,localization/korean/hub_names_l_korean.yml,1340
HUB_NAME_STATE_NEJD_mine,korean,,우나이자,localization/korean/hub_names_l_korean.yml,1341
HUB_NAME_STATE_NEJD_farm,korean,,하사,localization/korean/hub_names_l_korean.yml,1342
HUB_NAME_STATE_NEJD_wood,korean,,부카이크,localization/korean/hub_names_l_korean.yml,1343
HUB_NAME_STATE_HAIL_city,korean,,부라이다,localization/korean/hub_names_l_korean.yml,1344
HUB_NAME_STATE_HAIL_port,korean,,담맘,localization/korean/hub_names_l_korean.yml,1345
HUB_NAME_STATE_HAIL_mine,korean,,하일,localization/korean/hub_names_l_korean.yml,1346
HUB_NAME_STATE_HAIL_farm,korean,,카티프,localization/korean/hub_names_l_korean.yml,1347
HUB_NAME_STATE_HAIL_wood,korean,,사프와,localization/korean/hub_names_l_korean.yml,1348
HUB_NAME_STATE_BASRA_city,korean,,바스라,localization/korean/hub_names_l_korean.yml,1349
HUB_NAME_STATE_BASRA_port,korean,,쿠웨이트,localization/korean/hub_names_l_korean.yml,1350
HUB_NAME_STATE_BASRA_mine,korean,,쿠트,localization/korean/hub_names_l_korean.yml,1351
HUB_NAME_STATE_BASRA_farm,korean,,아마라,localization/korean/hub_names_l_korean.yml,1352
HUB_NAME_STATE_BASRA_wood,korean,,나시리야,localization/korean/hub_names_l_korean.yml,1353
HUB_NAME_STATE_BAGHDAD_city,korean,,바그다드,localization/korean/hub_names_l_korean.yml,1354
HUB_NAME_STATE_BAGHDAD_mine,korean,,나자프,localization/korean/hub_names_l_korean.yml,1355
HUB_NAME_STATE_BAGHDAD_farm,korean,,사마라,localization/korean/hub_names_l_korean.yml,1356
HUB_NAME_STATE_BAGHDAD_wood,korean,,카르발라,localization/korean/hub_names_l_korean.yml,1357
HUB_NAME_STATE_MOSUL_city,korean,,모술,localization/korean/hub_names_l_korean.yml,1358
HUB_NAME_STATE_MOSUL_port,korean,,이름,localization/korean/hub_names_l_korean.yml,1359
HUB_NAME_STATE_MOSUL_mine,korean,,키르쿠크,localization/korean/hub_names_l_korean.yml,1360
HUB_NAME_STATE_MOSUL_farm,korean,,에르빌,localization/korean/hub_names_l_korean.yml,1361
HUB_NAME_STATE_MOSUL_wood,korean,,술라이마니야,localization/korean/hub_names_l_korean.yml,1362
HUB_NAME_STATE_TABRIZ_city,korean,,타브리즈,localization/korean/hub_names_l_korean.yml,1364
HUB_NAME_STATE_TABRIZ_mine,korean,,수피얀,localization/korean/hub_names_l_korean.yml,1365
HUB_NAME_STATE_TABRIZ_farm,korean,,마라게,localization/korean/hub_names_l_korean.yml,1366
HUB_NAME_STATE_TABRIZ_wood,korean,,아르다빌,localization/korean/hub_names_l_korean.yml,1367
HUB_NAME_STATE_LURISTAN_city,korean,,로레스탄,localization/korean/hub_names_l_korean.yml,1368
HUB_NAME_STATE_LURISTAN_mine,korean,,호라마바드,localization/korean/hub_names_l_korean.yml,1369
HUB_NAME_STATE_LURISTAN_farm,korean,,일람,localization/korean/hub_names_l_korean.yml,1370
HUB_NAME_STATE_LURISTAN_wood,korean,,케르만샤,localization/korean/hub_names_l_korean.yml,1371
HUB_NAME_STATE_KHUZESTAN_city,korean,,아바즈,localization/korean/hub_names_l_korean.yml,1372
HUB_NAME_STATE_KHUZESTAN_port,korean,,반다르 마흐샤흐르,localization/korean/hub_names_l_korean.yml,1373
HUB_NAME_STATE_KHUZESTAN_mine,korean,,데즈풀,localization/korean/hub_names_l_korean.yml,1374
HUB_NAME_STATE_KHUZESTAN_farm,korean,,호람샤흐르,localization/korean/hub_names_l_korean.yml,1375
HUB_NAME_STATE_KHUZESTAN_wood,korean,,마스제드 솔레이만,localization/korean/hub_names_l_korean.yml,1376
HUB_NAME_STATE_FARS_city,korean,,시라즈,localization/korean/hub_names_l_korean.yml,1377
HUB_NAME_STATE_FARS_port,korean,,부셰흐르,localization/korean/hub_names_l_korean.yml,1378
HUB_NAME_STATE_FARS_mine,korean,,야수즈,localization/korean/hub_names_l_korean.yml,1379
HUB_NAME_STATE_FARS_farm,korean,,캉간,localization/korean/hub_names_l_korean.yml,1380
HUB_NAME_STATE_FARS_wood,korean,,베흐베한,localization/korean/hub_names_l_korean.yml,1381
HUB_NAME_STATE_LARISTAN_city,korean,,핫지아바드,localization/korean/hub_names_l_korean.yml,1382
HUB_NAME_STATE_LARISTAN_port,korean,,반다르 아바스,localization/korean/hub_names_l_korean.yml,1383
HUB_NAME_STATE_LARISTAN_mine,korean,,케르만,localization/korean/hub_names_l_korean.yml,1384
HUB_NAME_STATE_LARISTAN_farm,korean,,자스크,localization/korean/hub_names_l_korean.yml,1385
HUB_NAME_STATE_LARISTAN_wood,korean,,반다르 에 차라크,localization/korean/hub_names_l_korean.yml,1386
HUB_NAME_STATE_ISFAHAN_city,korean,,이스파한,localization/korean/hub_names_l_korean.yml,1387
HUB_NAME_STATE_ISFAHAN_mine,korean,,야즈드,localization/korean/hub_names_l_korean.yml,1388
HUB_NAME_STATE_ISFAHAN_farm,korean,,카샨,localization/korean/hub_names_l_korean.yml,1389
HUB_NAME_STATE_ISFAHAN_wood,korean,,코메인,localization/korean/hub_names_l_korean.yml,1390
HUB_NAME_STATE_IRAKAJEMI_city,korean,,테헤란,localization/korean/hub_names_l_korean.yml,1391
HUB_NAME_STATE_IRAKAJEMI_mine,korean,,쿰,localization/korean/hub_names_l_korean.yml,1392
HUB_NAME_STATE_IRAKAJEMI_farm,korean,,카즈빈,localization/korean/hub_names_l_korean.yml,1393
HUB_NAME_STATE_IRAKAJEMI_wood,korean,,셈난,localization/korean/hub_names_l_korean.yml,1394
HUB_NAME_STATE_MAZANDARAN_city,korean,,사리,localization/korean/hub_names_l_korean.yml,1395
HUB_NAME_STATE_MAZANDARAN_mine,korean,,라슈트,localization/korean/hub_names_l_korean.yml,1396
HUB_NAME_STATE_MAZANDARAN_farm,korean,,카엠샤흐르,localization/korean/hub_names_l_korean.yml,1397
HUB_NAME_STATE_MAZANDARAN_wood,korean,,차루스,localization/korean/hub_names_l_korean.yml,1398
HUB_NAME_STATE_KHORASAN_city,korean,,마슈하드,localization/korean/hub_names_l_korean.yml,1399
HUB_NAME_STATE_KHORASAN_mine,korean,,고나바드,localization/korean/hub_names_l_korean.yml,1400
HUB_NAME_STATE_KHORASAN_farm,korean,,사브제바르,localization/korean/hub_names_l_korean.yml,1401
HUB_NAME_STATE_KHORASAN_wood,korean,,보즈누르드,localization/korean/hub_names_l_korean.yml,1402
HUB_NAME_STATE_SISTAN_city,korean,,이란샤흐르,localization/korean/hub_names_l_korean.yml,1403
HUB_NAME_STATE_SISTAN_port,korean,,차바하르,localization/korean/hub_names_l_korean.yml,1404
HUB_NAME_STATE_SISTAN_mine,korean,,자헤단,localization/korean/hub_names_l_korean.yml,1405
HUB_NAME_STATE_SISTAN_farm,korean,,라스크,localization/korean/hub_names_l_korean.yml,1406
HUB_NAME_STATE_SISTAN_wood,korean,,자라바드,localization/korean/hub_names_l_korean.yml,1407
HUB_NAME_STATE_BALUCHISTAN_city,korean,,쇼라프,localization/korean/hub_names_l_korean.yml,1408
HUB_NAME_STATE_BALUCHISTAN_port,korean,,과다르,localization/korean/hub_names_l_korean.yml,1409
HUB_NAME_STATE_BALUCHISTAN_mine,korean,,쿠에타,localization/korean/hub_names_l_korean.yml,1410
HUB_NAME_STATE_BALUCHISTAN_farm,korean,,오르마라,localization/korean/hub_names_l_korean.yml,1411
HUB_NAME_STATE_BALUCHISTAN_wood,korean,,투르밧,localization/korean/hub_names_l_korean.yml,1412
HUB_NAME_STATE_WESTERN_AFGHANISTAN_city,korean,,헤라트,localization/korean/hub_names_l_korean.yml,1413
HUB_NAME_STATE_WESTERN_AFGHANISTAN_mine,korean,,신단드,localization/korean/hub_names_l_korean.yml,1414
HUB_NAME_STATE_WESTERN_AFGHANISTAN_farm,korean,,셰베르간,localization/korean/hub_names_l_korean.yml,1415
HUB_NAME_STATE_WESTERN_AFGHANISTAN_wood,korean,,마자르 이 샤리프,localization/korean/hub_names_l_korean.yml,1416
HUB_NAME_STATE_EASTERN_AFGHANISTAN_city,korean,,카불,localization/korean/hub_names_l_korean.yml,1417
HUB_NAME_STATE_EASTERN_AFGHANISTAN_mine,korean,,가즈니,localization/korean/hub_names_l_korean.yml,1418
HUB_NAME_STATE_EASTERN_AFGHANISTAN_farm,korean,,잘라라바드,localization/korean/hub_names_l_korean.yml,1419
HUB_NAME_STATE_EASTERN_AFGHANISTAN_wood,korean,,페이자바드,localization/korean/hub_names_l_korean.yml,1420
HUB_NAME_STATE_PASHTUNISTAN_city,korean,,코하트,localization/korean/hub_names_l_korean.yml,1421
HUB_NAME_STATE_PASHTUNISTAN_mine,korean,,민고라,localization/korean/hub_names_l_korean.yml,1422
HUB_NAME_STATE_PASHTUNISTAN_farm,korean,,페샤와르,localization/korean/hub_names_l_korean.yml,1423
HUB_NAME_STATE_PASHTUNISTAN_wood,korean,,반누,localization/korean/hub_names_l_korean.yml,1424
HUB_NAME_STATE_PUNJAB_city,korean,,물탄,localization/korean/hub_names_l_korean.yml,1425
HUB_NAME_STATE_PUNJAB_mine,korean,,이슬라마바드,localization/korean/hub_names_l_korean.yml,1426
HUB_NAME_STATE_PUNJAB_farm,korean,,바하왈푸르,localization/korean/hub_names_l_korean.yml,1427
HUB_NAME_STATE_PUNJAB_wood,korean,,라호르,localization/korean/hub_names_l_korean.yml,1428
HUB_NAME_STATE_SINDH_city,korean,,하이데라바드,localization/korean/hub_names_l_korean.yml,1429
HUB_NAME_STATE_SINDH_port,korean,,카라치,localization/korean/hub_names_l_korean.yml,1430
HUB_NAME_STATE_SINDH_mine,korean,,미르푸르 카스,localization/korean/hub_names_l_korean.yml,1431
HUB_NAME_STATE_SINDH_farm,korean,,나와브샤,localization/korean/hub_names_l_korean.yml,1432
HUB_NAME_STATE_SINDH_wood,korean,,수쿠르,localization/korean/hub_names_l_korean.yml,1433
HUB_NAME_STATE_GUJARAT_city,korean,,아흐메다바드,localization/korean/hub_names_l_korean.yml,1434
HUB_NAME_STATE_GUJARAT_port,korean,,포르반다르,localization/korean/hub_names_l_korean.yml,1435
HUB_NAME_STATE_GUJARAT_mine,korean,,라즈코트,localization/korean/hub_names_l_korean.yml,1436
HUB_NAME_STATE_GUJARAT_farm,korean,,수라트,localization/korean/hub_names_l_korean.yml,1437
HUB_NAME_STATE_GUJARAT_wood,korean,,부지,localization/korean/hub_names_l_korean.yml,1438
HUB_NAME_STATE_RAJPUTANA_city,korean,,자이푸르,localization/korean/hub_names_l_korean.yml,1439
HUB_NAME_STATE_RAJPUTANA_mine,korean,,코타,localization/korean/hub_names_l_korean.yml,1440
HUB_NAME_STATE_RAJPUTANA_farm,korean,,아지메르,localization/korean/hub_names_l_korean.yml,1441
HUB_NAME_STATE_RAJPUTANA_wood,korean,,비카네르,localization/korean/hub_names_l_korean.yml,1442
HUB_NAME_STATE_DELHI_city,korean,,델리,localization/korean/hub_names_l_korean.yml,1443
HUB_NAME_STATE_DELHI_mine,korean,,바레일리,localization/korean/hub_names_l_korean.yml,1444
HUB_NAME_STATE_DELHI_farm,korean,,데흐라둔,localization/korean/hub_names_l_korean.yml,1445
HUB_NAME_STATE_DELHI_wood,korean,,알리가르,localization/korean/hub_names_l_korean.yml,1446
HUB_NAME_STATE_AWADH_city,korean,,알라하바드,localization/korean/hub_names_l_korean.yml,1447
HUB_NAME_STATE_AWADH_mine,korean,,고라크푸르,localization/korean/hub_names_l_korean.yml,1448
HUB_NAME_STATE_AWADH_farm,korean,,칸푸르,localization/korean/hub_names_l_korean.yml,1449
HUB_NAME_STATE_AWADH_wood,korean,,루크노우,localization/korean/hub_names_l_korean.yml,1450
HUB_NAME_STATE_CENTRAL_INDIA_city,korean,,인도르,localization/korean/hub_names_l_korean.yml,1451
HUB_NAME_STATE_CENTRAL_INDIA_mine,korean,,레와,localization/korean/hub_names_l_korean.yml,1452
HUB_NAME_STATE_CENTRAL_INDIA_farm,korean,,괄리오르,localization/korean/hub_names_l_korean.yml,1453
HUB_NAME_STATE_CENTRAL_INDIA_wood,korean,,보팔,localization/korean/hub_names_l_korean.yml,1454
HUB_NAME_STATE_BOMBAY_city,korean,,봄베이,localization/korean/hub_names_l_korean.yml,1455
HUB_NAME_STATE_BOMBAY_port,korean,,파나지,localization/korean/hub_names_l_korean.yml,1456
HUB_NAME_STATE_BOMBAY_mine,korean,,둘레,localization/korean/hub_names_l_korean.yml,1457
HUB_NAME_STATE_BOMBAY_farm,korean,,라트나기리,localization/korean/hub_names_l_korean.yml,1458
HUB_NAME_STATE_BOMBAY_wood,korean,,벨가움,localization/korean/hub_names_l_korean.yml,1459
HUB_NAME_STATE_MYSORE_city,korean,,방갈로르,localization/korean/hub_names_l_korean.yml,1460
HUB_NAME_STATE_MYSORE_port,korean,,망갈로르,localization/korean/hub_names_l_korean.yml,1461
HUB_NAME_STATE_MYSORE_mine,korean,,치트라두르가,localization/korean/hub_names_l_korean.yml,1462
HUB_NAME_STATE_MYSORE_farm,korean,,마이소르,localization/korean/hub_names_l_korean.yml,1463
HUB_NAME_STATE_MYSORE_wood,korean,,시바모가,localization/korean/hub_names_l_korean.yml,1464
HUB_NAME_STATE_TRAVANCORE_city,korean,,캘리컷,localization/korean/hub_names_l_korean.yml,1465
HUB_NAME_STATE_TRAVANCORE_port,korean,,코치,localization/korean/hub_names_l_korean.yml,1466
HUB_NAME_STATE_TRAVANCORE_mine,korean,,문나르,localization/korean/hub_names_l_korean.yml,1467
HUB_NAME_STATE_TRAVANCORE_farm,korean,,트리반드룸,localization/korean/hub_names_l_korean.yml,1468
HUB_NAME_STATE_TRAVANCORE_wood,korean,,구달루르,localization/korean/hub_names_l_korean.yml,1469
HUB_NAME_STATE_CEYLON_city,korean,,콜롬보,localization/korean/hub_names_l_korean.yml,1470
HUB_NAME_STATE_CEYLON_port,korean,,자프나,localization/korean/hub_names_l_korean.yml,1471
HUB_NAME_STATE_CEYLON_mine,korean,,담불라,localization/korean/hub_names_l_korean.yml,1472
HUB_NAME_STATE_CEYLON_farm,korean,,바부니야,localization/korean/hub_names_l_korean.yml,1473
HUB_NAME_STATE_CEYLON_wood,korean,,트링코말리,localization/korean/hub_names_l_korean.yml,1474
HUB_NAME_STATE_MADRAS_city,korean,,마드라스,localization/korean/hub_names_l_korean.yml,1475
HUB_NAME_STATE_MADRAS_port,korean,,폰디체리,localization/korean/hub_names_l_korean.yml,1476
HUB_NAME_STATE_MADRAS_mine,korean,,크리슈나기리,localization/korean/hub_names_l_korean.yml,1477
HUB_NAME_STATE_MADRAS_farm,korean,,벨로르,localization/korean/hub_names_l_korean.yml,1478
HUB_NAME_STATE_MADRAS_wood,korean,,살렘,localization/korean/hub_names_l_korean.yml,1479
HUB_NAME_STATE_CIRCARS_city,korean,,쿠르눌,localization/korean/hub_names_l_korean.yml,1480
HUB_NAME_STATE_CIRCARS_port,korean,,비샤카팔만,localization/korean/hub_names_l_korean.yml,1481
HUB_NAME_STATE_CIRCARS_mine,korean,,브라마푸르,localization/korean/hub_names_l_korean.yml,1482
HUB_NAME_STATE_CIRCARS_farm,korean,,아도니,localization/korean/hub_names_l_korean.yml,1483
HUB_NAME_STATE_CIRCARS_wood,korean,,비자야와다,localization/korean/hub_names_l_korean.yml,1484
HUB_NAME_STATE_HYDERABAD_city,korean,,하이데라바드,localization/korean/hub_names_l_korean.yml,1485
HUB_NAME_STATE_HYDERABAD_mine,korean,,와랑갈,localization/korean/hub_names_l_korean.yml,1486
HUB_NAME_STATE_HYDERABAD_farm,korean,,마흐부브나가르,localization/korean/hub_names_l_korean.yml,1487
HUB_NAME_STATE_HYDERABAD_wood,korean,,카르나레디,localization/korean/hub_names_l_korean.yml,1488
HUB_NAME_STATE_NAGPUR_city,korean,,낙푸르,localization/korean/hub_names_l_korean.yml,1489
HUB_NAME_STATE_NAGPUR_mine,korean,,암비카푸르,localization/korean/hub_names_l_korean.yml,1490
HUB_NAME_STATE_NAGPUR_farm,korean,,자그달푸르,localization/korean/hub_names_l_korean.yml,1491
HUB_NAME_STATE_NAGPUR_wood,korean,,암라바티,localization/korean/hub_names_l_korean.yml,1492
HUB_NAME_STATE_ORISSA_city,korean,,삼발푸르,localization/korean/hub_names_l_korean.yml,1493
HUB_NAME_STATE_ORISSA_port,korean,,발레슈와르,localization/korean/hub_names_l_korean.yml,1494
HUB_NAME_STATE_ORISSA_mine,korean,,케오니자르가르,localization/korean/hub_names_l_korean.yml,1495
HUB_NAME_STATE_ORISSA_farm,korean,,부바네슈와르,localization/korean/hub_names_l_korean.yml,1496
HUB_NAME_STATE_ORISSA_wood,korean,,풀라바니,localization/korean/hub_names_l_korean.yml,1497
HUB_NAME_STATE_BIHAR_city,korean,,파트나,localization/korean/hub_names_l_korean.yml,1498
HUB_NAME_STATE_BIHAR_mine,korean,,바갈푸르,localization/korean/hub_names_l_korean.yml,1499
HUB_NAME_STATE_BIHAR_farm,korean,,란치니,localization/korean/hub_names_l_korean.yml,1500
HUB_NAME_STATE_BIHAR_wood,korean,,무자파르푸르,localization/korean/hub_names_l_korean.yml,1501
HUB_NAME_STATE_NORTH_BENGAL_city,korean,,잠셰드푸르,localization/korean/hub_names_l_korean.yml,1502
HUB_NAME_STATE_NORTH_BENGAL_mine,korean,,실리구리,localization/korean/hub_names_l_korean.yml,1503
HUB_NAME_STATE_NORTH_BENGAL_farm,korean,,랑푸르,localization/korean/hub_names_l_korean.yml,1504
HUB_NAME_STATE_NORTH_BENGAL_wood,korean,,파브나,localization/korean/hub_names_l_korean.yml,1505
HUB_NAME_STATE_SOUTH_BENGAL_city,korean,,칼쿠타,localization/korean/hub_names_l_korean.yml,1506
HUB_NAME_STATE_SOUTH_BENGAL_port,korean,,콕스 바자르,localization/korean/hub_names_l_korean.yml,1507
HUB_NAME_STATE_SOUTH_BENGAL_mine,korean,,쿠밀라,localization/korean/hub_names_l_korean.yml,1508
HUB_NAME_STATE_SOUTH_BENGAL_farm,korean,,차토그람,localization/korean/hub_names_l_korean.yml,1509
HUB_NAME_STATE_SOUTH_BENGAL_wood,korean,,바리샬,localization/korean/hub_names_l_korean.yml,1510
HUB_NAME_STATE_ASSAM_city,korean,,아이자울,localization/korean/hub_names_l_korean.yml,1511
HUB_NAME_STATE_ASSAM_mine,korean,,디브루가르,localization/korean/hub_names_l_korean.yml,1512
HUB_NAME_STATE_ASSAM_farm,korean,,임팔,localization/korean/hub_names_l_korean.yml,1513
HUB_NAME_STATE_ASSAM_wood,korean,,구와하티,localization/korean/hub_names_l_korean.yml,1514
HUB_NAME_STATE_KACHIN_city,korean,,미트키나,localization/korean/hub_names_l_korean.yml,1515
HUB_NAME_STATE_KACHIN_mine,korean,,칼레,localization/korean/hub_names_l_korean.yml,1516
HUB_NAME_STATE_KACHIN_farm,korean,,히파칸,localization/korean/hub_names_l_korean.yml,1517
HUB_NAME_STATE_KACHIN_wood,korean,,푸타오,localization/korean/hub_names_l_korean.yml,1518
HUB_NAME_STATE_PEGU_city,korean,,양곤,localization/korean/hub_names_l_korean.yml,1519
HUB_NAME_STATE_PEGU_port,korean,,시트웨,localization/korean/hub_names_l_korean.yml,1520
HUB_NAME_STATE_PEGU_mine,korean,,므라욱우,localization/korean/hub_names_l_korean.yml,1521
HUB_NAME_STATE_PEGU_farm,korean,,바고,localization/korean/hub_names_l_korean.yml,1522
HUB_NAME_STATE_PEGU_wood,korean,,피아퐁,localization/korean/hub_names_l_korean.yml,1523
HUB_NAME_STATE_BURMA_city,korean,,만달레이,localization/korean/hub_names_l_korean.yml,1524
HUB_NAME_STATE_BURMA_port,korean,,이름,localization/korean/hub_names_l_korean.yml,1525
HUB_NAME_STATE_BURMA_mine,korean,,모니와,localization/korean/hub_names_l_korean.yml,1526
HUB_NAME_STATE_BURMA_farm,korean,,네피도,localization/korean/hub_names_l_korean.yml,1527
HUB_NAME_STATE_BURMA_wood,korean,,마궤,localization/korean/hub_names_l_korean.yml,1528
HUB_NAME_STATE_SHAN_STATES_city,korean,,타웅지,localization/korean/hub_names_l_korean.yml,1529
HUB_NAME_STATE_SHAN_STATES_mine,korean,,쿠트카이,localization/korean/hub_names_l_korean.yml,1530
HUB_NAME_STATE_SHAN_STATES_farm,korean,,켕 퉁,localization/korean/hub_names_l_korean.yml,1531
HUB_NAME_STATE_SHAN_STATES_wood,korean,,라시오,localization/korean/hub_names_l_korean.yml,1532
HUB_NAME_STATE_CHIANG_MAI_city,korean,,치앙 마이,localization/korean/hub_names_l_korean.yml,1534
HUB_NAME_STATE_CHIANG_MAI_mine,korean,,난,localization/korean/hub_names_l_korean.yml,1535
HUB_NAME_STATE_CHIANG_MAI_farm,korean,,람팡,localization/korean/hub_names_l_korean.yml,1536
HUB_NAME_STATE_CHIANG_MAI_wood,korean,,치앙 라이,localization/korean/hub_names_l_korean.yml,1537
HUB_NAME_STATE_LAOS_city,korean,,루앙 프라방,localization/korean/hub_names_l_korean.yml,1538
HUB_NAME_STATE_LAOS_mine,korean,,비엔티안,localization/korean/hub_names_l_korean.yml,1539
HUB_NAME_STATE_LAOS_farm,korean,,참파삭,localization/korean/hub_names_l_korean.yml,1540
HUB_NAME_STATE_LAOS_wood,korean,,남 하,localization/korean/hub_names_l_korean.yml,1541
HUB_NAME_STATE_TONKIN_city,korean,,하노이,localization/korean/hub_names_l_korean.yml,1542
HUB_NAME_STATE_TONKIN_port,korean,,하이퐁,localization/korean/hub_names_l_korean.yml,1543
HUB_NAME_STATE_TONKIN_mine,korean,,카오 방,localization/korean/hub_names_l_korean.yml,1544
HUB_NAME_STATE_TONKIN_farm,korean,,탄 호아,localization/korean/hub_names_l_korean.yml,1545
HUB_NAME_STATE_TONKIN_wood,korean,,라오 카이,localization/korean/hub_names_l_korean.yml,1546
HUB_NAME_STATE_ANNAM_city,korean,,다 낭,localization/korean/hub_names_l_korean.yml,1547
HUB_NAME_STATE_ANNAM_port,korean,,동 허이,localization/korean/hub_names_l_korean.yml,1548
HUB_NAME_STATE_ANNAM_mine,korean,,꽝 응아이,localization/korean/hub_names_l_korean.yml,1549
HUB_NAME_STATE_ANNAM_farm,korean,,빈,localization/korean/hub_names_l_korean.yml,1550
HUB_NAME_STATE_ANNAM_wood,korean,,후에,localization/korean/hub_names_l_korean.yml,1551
HUB_NAME_STATE_MEKONG_city,korean,,사이공,localization/korean/hub_names_l_korean.yml,1552
HUB_NAME_STATE_MEKONG_port,korean,,붕 타우,localization/korean/hub_names_l_korean.yml,1553
HUB_NAME_STATE_MEKONG_mine,korean,,플레이쿠,localization/korean/hub_names_l_korean.yml,1554
HUB_NAME_STATE_MEKONG_farm,korean,,쿠이 년,localization/korean/hub_names_l_korean.yml,1555
HUB_NAME_STATE_MEKONG_wood,korean,,칸 토,localization/korean/hub_names_l_korean.yml,1556
HUB_NAME_STATE_CAMBODIA_city,korean,,프놈 펜,localization/korean/hub_names_l_korean.yml,1557
HUB_NAME_STATE_CAMBODIA_port,korean,,크롱 캄포트,localization/korean/hub_names_l_korean.yml,1558
HUB_NAME_STATE_CAMBODIA_mine,korean,,크롱 반 룽,localization/korean/hub_names_l_korean.yml,1559
HUB_NAME_STATE_CAMBODIA_farm,korean,,크롱 바탐방,localization/korean/hub_names_l_korean.yml,1560
HUB_NAME_STATE_CAMBODIA_wood,korean,,크롱 시엠 립,localization/korean/hub_names_l_korean.yml,1561
HUB_NAME_STATE_NAKHON_RATCHASIMA_city,korean,,나콘 랏차시마,localization/korean/hub_names_l_korean.yml,1562
HUB_NAME_STATE_NAKHON_RATCHASIMA_port,korean,,파타야,localization/korean/hub_names_l_korean.yml,1563
HUB_NAME_STATE_NAKHON_RATCHASIMA_mine,korean,,사콘 나콘,localization/korean/hub_names_l_korean.yml,1564
HUB_NAME_STATE_NAKHON_RATCHASIMA_farm,korean,,우본 랏차타니,localization/korean/hub_names_l_korean.yml,1565
HUB_NAME_STATE_NAKHON_RATCHASIMA_wood,korean,,콘 카엔,localization/korean/hub_names_l_korean.yml,1566
HUB_NAME_STATE_BANGKOK_city,korean,,방콕,localization/korean/hub_names_l_korean.yml,1567
HUB_NAME_STATE_BANGKOK_port,korean,,사무트 송그람,localization/korean/hub_names_l_korean.yml,1568
HUB_NAME_STATE_BANGKOK_mine,korean,,피차누록,localization/korean/hub_names_l_korean.yml,1569
HUB_NAME_STATE_BANGKOK_farm,korean,,사라부리,localization/korean/hub_names_l_korean.yml,1570
HUB_NAME_STATE_BANGKOK_wood,korean,,나콘 사완,localization/korean/hub_names_l_korean.yml,1571
HUB_NAME_STATE_TENASSERIM_city,korean,,프라추압 키리 칸,localization/korean/hub_names_l_korean.yml,1572
HUB_NAME_STATE_TENASSERIM_port,korean,,마울라미네 ,localization/korean/hub_names_l_korean.yml,1573
HUB_NAME_STATE_TENASSERIM_mine,korean,,트랑,localization/korean/hub_names_l_korean.yml,1574
HUB_NAME_STATE_TENASSERIM_farm,korean,,춤폰,localization/korean/hub_names_l_korean.yml,1575
HUB_NAME_STATE_TENASSERIM_wood,korean,,송클라,localization/korean/hub_names_l_korean.yml,1576
HUB_NAME_STATE_MALAYA_city,korean,,클랑,localization/korean/hub_names_l_korean.yml,1577
HUB_NAME_STATE_MALAYA_port,korean,,싱가포르,localization/korean/hub_names_l_korean.yml,1578
HUB_NAME_STATE_MALAYA_mine,korean,,조지 타운,localization/korean/hub_names_l_korean.yml,1579
HUB_NAME_STATE_MALAYA_farm,korean,,무아르,localization/korean/hub_names_l_korean.yml,1580
HUB_NAME_STATE_MALAYA_wood,korean,,쿠알라 켈란탄,localization/korean/hub_names_l_korean.yml,1581
HUB_NAME_STATE_ACEH_city,korean,,메단,localization/korean/hub_names_l_korean.yml,1582
HUB_NAME_STATE_ACEH_port,korean,,쿠타 라자,localization/korean/hub_names_l_korean.yml,1583
HUB_NAME_STATE_ACEH_mine,korean,,록세우마웨,localization/korean/hub_names_l_korean.yml,1584
HUB_NAME_STATE_ACEH_farm,korean,,시볼가,localization/korean/hub_names_l_korean.yml,1585
HUB_NAME_STATE_ACEH_wood,korean,,메울라보,localization/korean/hub_names_l_korean.yml,1586
HUB_NAME_STATE_NORTH_SUMATRA_city,korean,,잠비,localization/korean/hub_names_l_korean.yml,1587
HUB_NAME_STATE_NORTH_SUMATRA_port,korean,,파당,localization/korean/hub_names_l_korean.yml,1588
HUB_NAME_STATE_NORTH_SUMATRA_mine,korean,,페칸바루,localization/korean/hub_names_l_korean.yml,1589
HUB_NAME_STATE_NORTH_SUMATRA_farm,korean,,벵칼리스,localization/korean/hub_names_l_korean.yml,1590
HUB_NAME_STATE_NORTH_SUMATRA_wood,korean,,링가트,localization/korean/hub_names_l_korean.yml,1591
HUB_NAME_STATE_SOUTH_SUMATRA_city,korean,,팔렘방,localization/korean/hub_names_l_korean.yml,1592
HUB_NAME_STATE_SOUTH_SUMATRA_port,korean,,텔록베통,localization/korean/hub_names_l_korean.yml,1593
HUB_NAME_STATE_SOUTH_SUMATRA_mine,korean,,벵쿨루,localization/korean/hub_names_l_korean.yml,1594
HUB_NAME_STATE_SOUTH_SUMATRA_farm,korean,,멘톡,localization/korean/hub_names_l_korean.yml,1595
HUB_NAME_STATE_SOUTH_SUMATRA_wood,korean,,멩갈라,localization/korean/hub_names_l_korean.yml,1596
HUB_NAME_STATE_WEST_JAVA_city,korean,,바타비아,localization/korean/hub_names_l_korean.yml,1597
HUB_NAME_STATE_WEST_JAVA_port,korean,,치르본,localization/korean/hub_names_l_korean.yml,1598
HUB_NAME_STATE_WEST_JAVA_mine,korean,,세랑,localization/korean/hub_names_l_korean.yml,1599
HUB_NAME_STATE_WEST_JAVA_farm,korean,,반둥,localization/korean/hub_names_l_korean.yml,1600
HUB_NAME_STATE_WEST_JAVA_wood,korean,,반자르,localization/korean/hub_names_l_korean.yml,1601
HUB_NAME_STATE_EAST_JAVA_city,korean,,말랑,localization/korean/hub_names_l_korean.yml,1602
HUB_NAME_STATE_EAST_JAVA_port,korean,,수라바야,localization/korean/hub_names_l_korean.yml,1603
HUB_NAME_STATE_EAST_JAVA_mine,korean,,마디운,localization/korean/hub_names_l_korean.yml,1604
HUB_NAME_STATE_EAST_JAVA_farm,korean,,프로볼링고,localization/korean/hub_names_l_korean.yml,1605
HUB_NAME_STATE_EAST_JAVA_wood,korean,,파시탄,localization/korean/hub_names_l_korean.yml,1606
HUB_NAME_STATE_CENTRAL_JAVA_city,korean,,욕야카르타,localization/korean/hub_names_l_korean.yml,1607
HUB_NAME_STATE_CENTRAL_JAVA_port,korean,,세마랑,localization/korean/hub_names_l_korean.yml,1608
HUB_NAME_STATE_CENTRAL_JAVA_mine,korean,,킬라캅,localization/korean/hub_names_l_korean.yml,1609
HUB_NAME_STATE_CENTRAL_JAVA_farm,korean,,페칼롱안,localization/korean/hub_names_l_korean.yml,1610
HUB_NAME_STATE_CENTRAL_JAVA_wood,korean,,수라카르타,localization/korean/hub_names_l_korean.yml,1611
HUB_NAME_STATE_WEST_BORNEO_city,korean,,폰티아낙,localization/korean/hub_names_l_korean.yml,1612
HUB_NAME_STATE_WEST_BORNEO_port,korean,,켄다왕안,localization/korean/hub_names_l_korean.yml,1613
HUB_NAME_STATE_WEST_BORNEO_mine,korean,,만도르,localization/korean/hub_names_l_korean.yml,1614
HUB_NAME_STATE_WEST_BORNEO_farm,korean,,신탕,localization/korean/hub_names_l_korean.yml,1615
HUB_NAME_STATE_WEST_BORNEO_wood,korean,,페망카트,localization/korean/hub_names_l_korean.yml,1616
HUB_NAME_STATE_NORTH_BORNEO_city,korean,,브루나이,localization/korean/hub_names_l_korean.yml,1617
HUB_NAME_STATE_NORTH_BORNEO_port,korean,,사바흐,localization/korean/hub_names_l_korean.yml,1618
HUB_NAME_STATE_NORTH_BORNEO_mine,korean,,산다칸,localization/korean/hub_names_l_korean.yml,1619
HUB_NAME_STATE_NORTH_BORNEO_farm,korean,,쿠칭,localization/korean/hub_names_l_korean.yml,1620
HUB_NAME_STATE_NORTH_BORNEO_wood,korean,,메일링,localization/korean/hub_names_l_korean.yml,1621
HUB_NAME_STATE_EAST_BORNEO_city,korean,,반자르마신,localization/korean/hub_names_l_korean.yml,1622
HUB_NAME_STATE_EAST_BORNEO_port,korean,,발리크파판,localization/korean/hub_names_l_korean.yml,1623
HUB_NAME_STATE_EAST_BORNEO_farm,korean,,사마린다,localization/korean/hub_names_l_korean.yml,1624
HUB_NAME_STATE_EAST_BORNEO_wood,korean,,탄중슬로르,localization/korean/hub_names_l_korean.yml,1625
HUB_NAME_STATE_EAST_BORNEO_mine,korean,,타라칸,localization/korean/hub_names_l_korean.yml,1626
HUB_NAME_STATE_LUZON_city,korean,,마닐라,localization/korean/hub_names_l_korean.yml,1627
HUB_NAME_STATE_LUZON_port,korean,,산 페르난도,localization/korean/hub_names_l_korean.yml,1628
HUB_NAME_STATE_LUZON_mine,korean,,올롱가포,localization/korean/hub_names_l_korean.yml,1629
HUB_NAME_STATE_LUZON_farm,korean,,레가스피,localization/korean/hub_names_l_korean.yml,1630
HUB_NAME_STATE_LUZON_wood,korean,,투게가라오,localization/korean/hub_names_l_korean.yml,1631
HUB_NAME_STATE_VISAYAS_city,korean,,세부,localization/korean/hub_names_l_korean.yml,1632
HUB_NAME_STATE_VISAYAS_port,korean,,마신,localization/korean/hub_names_l_korean.yml,1633
HUB_NAME_STATE_VISAYAS_mine,korean,,일로일로,localization/korean/hub_names_l_korean.yml,1634
HUB_NAME_STATE_VISAYAS_farm,korean,,타클로반,localization/korean/hub_names_l_korean.yml,1635
HUB_NAME_STATE_VISAYAS_wood,korean,,카타르만,localization/korean/hub_names_l_korean.yml,1636
HUB_NAME_STATE_MINDANAO_city,korean,,다바오,localization/korean/hub_names_l_korean.yml,1637
HUB_NAME_STATE_MINDANAO_port,korean,,잠보앙가,localization/korean/hub_names_l_korean.yml,1638
HUB_NAME_STATE_MINDANAO_mine,korean,,코타바토,localization/korean/hub_names_l_korean.yml,1639
HUB_NAME_STATE_MINDANAO_farm,korean,,카가얀 도 오로,localization/korean/hub_names_l_korean.yml,1640
HUB_NAME_STATE_MINDANAO_wood,korean,,부투안,localization/korean/hub_names_l_korean.yml,1641
HUB_NAME_STATE_CELEBES_city,korean,,마카사르,localization/korean/hub_names_l_korean.yml,1642
HUB_NAME_STATE_CELEBES_port,korean,,메나도,localization/korean/hub_names_l_korean.yml,1643
HUB_NAME_STATE_CELEBES_mine,korean,,팔로포,localization/korean/hub_names_l_korean.yml,1644
HUB_NAME_STATE_CELEBES_farm,korean,,파레파레,localization/korean/hub_names_l_korean.yml,1645
HUB_NAME_STATE_CELEBES_wood,korean,,볼리오,localization/korean/hub_names_l_korean.yml,1646
HUB_NAME_STATE_MOLUCCAS_city,korean,,암본,localization/korean/hub_names_l_korean.yml,1647
HUB_NAME_STATE_MOLUCCAS_port,korean,,티도레,localization/korean/hub_names_l_korean.yml,1648
HUB_NAME_STATE_MOLUCCAS_mine,korean,,테르나테,localization/korean/hub_names_l_korean.yml,1649
HUB_NAME_STATE_MOLUCCAS_farm,korean,,카옐리,localization/korean/hub_names_l_korean.yml,1650
HUB_NAME_STATE_MOLUCCAS_wood,korean,,투알,localization/korean/hub_names_l_korean.yml,1651
HUB_NAME_STATE_SUNDA_ISLANDS_city,korean,,쿠팡,localization/korean/hub_names_l_korean.yml,1652
HUB_NAME_STATE_SUNDA_ISLANDS_port,korean,,덴파사르,localization/korean/hub_names_l_korean.yml,1653
HUB_NAME_STATE_SUNDA_ISLANDS_mine,korean,,비마,localization/korean/hub_names_l_korean.yml,1654
HUB_NAME_STATE_SUNDA_ISLANDS_farm,korean,,마타람,localization/korean/hub_names_l_korean.yml,1655
HUB_NAME_STATE_SUNDA_ISLANDS_wood,korean,,딜리,localization/korean/hub_names_l_korean.yml,1656
HUB_NAME_STATE_WESTERN_NEW_GUINEA_city,korean,,파크파크,localization/korean/hub_names_l_korean.yml,1657
HUB_NAME_STATE_WESTERN_NEW_GUINEA_port,korean,,소롱,localization/korean/hub_names_l_korean.yml,1658
HUB_NAME_STATE_WESTERN_NEW_GUINEA_farm,korean,,마노크와리,localization/korean/hub_names_l_korean.yml,1659
HUB_NAME_STATE_WESTERN_NEW_GUINEA_wood,korean,,눔베이,localization/korean/hub_names_l_korean.yml,1660
HUB_NAME_STATE_WESTERN_NEW_GUINEA_mine,korean,,비아크,localization/korean/hub_names_l_korean.yml,1661
HUB_NAME_STATE_EASTERN_NEW_GUINEA_city,korean,,포트 모르즈비,localization/korean/hub_names_l_korean.yml,1662
HUB_NAME_STATE_EASTERN_NEW_GUINEA_port,korean,,마당,localization/korean/hub_names_l_korean.yml,1663
HUB_NAME_STATE_EASTERN_NEW_GUINEA_mine,korean,,마운트 하겐,localization/korean/hub_names_l_korean.yml,1664
HUB_NAME_STATE_EASTERN_NEW_GUINEA_farm,korean,,라에,localization/korean/hub_names_l_korean.yml,1665
HUB_NAME_STATE_EASTERN_NEW_GUINEA_wood,korean,,고로카,localization/korean/hub_names_l_korean.yml,1666
HUB_NAME_STATE_QUEENSLAND_city,korean,,브리즈번,localization/korean/hub_names_l_korean.yml,1667
HUB_NAME_STATE_QUEENSLAND_port,korean,,타운즈빌,localization/korean/hub_names_l_korean.yml,1668
HUB_NAME_STATE_QUEENSLAND_mine,korean,,차를빌,localization/korean/hub_names_l_korean.yml,1669
HUB_NAME_STATE_QUEENSLAND_farm,korean,,휴겐든,localization/korean/hub_names_l_korean.yml,1670
HUB_NAME_STATE_QUEENSLAND_wood,korean,,투움바,localization/korean/hub_names_l_korean.yml,1671
HUB_NAME_STATE_NORTHERN_TERRITORY_city,korean,,다윈,localization/korean/hub_names_l_korean.yml,1672
HUB_NAME_STATE_NORTHERN_TERRITORY_port,korean,,뉴런바이,localization/korean/hub_names_l_korean.yml,1673
HUB_NAME_STATE_NORTHERN_TERRITORY_mine,korean,,와루뭉구,localization/korean/hub_names_l_korean.yml,1674
HUB_NAME_STATE_NORTHERN_TERRITORY_farm,korean,,캐서린,localization/korean/hub_names_l_korean.yml,1675
HUB_NAME_STATE_NORTHERN_TERRITORY_wood,korean,,자비루,localization/korean/hub_names_l_korean.yml,1676
HUB_NAME_STATE_WESTERN_AUSTRALIA_city,korean,,퍼스,localization/korean/hub_names_l_korean.yml,1677
HUB_NAME_STATE_WESTERN_AUSTRALIA_port,korean,,포트 헤드랜드,localization/korean/hub_names_l_korean.yml,1678
HUB_NAME_STATE_WESTERN_AUSTRALIA_mine,korean,,뉴먼,localization/korean/hub_names_l_korean.yml,1679
HUB_NAME_STATE_WESTERN_AUSTRALIA_farm,korean,,번버리,localization/korean/hub_names_l_korean.yml,1680
HUB_NAME_STATE_WESTERN_AUSTRALIA_wood,korean,,내러진,localization/korean/hub_names_l_korean.yml,1681
HUB_NAME_STATE_SOUTH_AUSTRALIA_city,korean,,아델라이데,localization/korean/hub_names_l_korean.yml,1682
HUB_NAME_STATE_SOUTH_AUSTRALIA_port,korean,,포트 피리,localization/korean/hub_names_l_korean.yml,1683
HUB_NAME_STATE_SOUTH_AUSTRALIA_mine,korean,,쿠버 페디,localization/korean/hub_names_l_korean.yml,1684
HUB_NAME_STATE_SOUTH_AUSTRALIA_farm,korean,,타르쿨라,localization/korean/hub_names_l_korean.yml,1685
HUB_NAME_STATE_SOUTH_AUSTRALIA_wood,korean,,밀두라,localization/korean/hub_names_l_korean.yml,1686
HUB_NAME_STATE_NEW_SOUTH_WALES_city,korean,,캔버라,localization/korean/hub_names_l_korean.yml,1687
HUB_NAME_STATE_NEW_SOUTH_WALES_port,korean,,시드니,localization/korean/hub_names_l_korean.yml,1688
HUB_NAME_STATE_NEW_SOUTH_WALES_mine,korean,,브로큰 힐,localization/korean/hub_names_l_korean.yml,1689
HUB_NAME_STATE_NEW_SOUTH_WALES_farm,korean,,더보,localization/korean/hub_names_l_korean.yml,1690
HUB_NAME_STATE_NEW_SOUTH_WALES_wood,korean,,아미데일,localization/korean/hub_names_l_korean.yml,1691
HUB_NAME_STATE_VICTORIA_city,korean,,멜버른,localization/korean/hub_names_l_korean.yml,1692
HUB_NAME_STATE_VICTORIA_port,korean,,포트 앨버트,localization/korean/hub_names_l_korean.yml,1693
HUB_NAME_STATE_VICTORIA_mine,korean,,벤디고,localization/korean/hub_names_l_korean.yml,1694
HUB_NAME_STATE_VICTORIA_farm,korean,,워넘불,localization/korean/hub_names_l_korean.yml,1695
HUB_NAME_STATE_VICTORIA_wood,korean,,베언즈데일,localization/korean/hub_names_l_korean.yml,1696
HUB_NAME_STATE_TASMANIA_city,korean,,호바트,localization/korean/hub_names_l_korean.yml,1697
HUB_NAME_STATE_TASMANIA_port,korean,,데본포트,localization/korean/hub_names_l_korean.yml,1698
HUB_NAME_STATE_TASMANIA_mine,korean,,버니,localization/korean/hub_names_l_korean.yml,1699
HUB_NAME_STATE_TASMANIA_farm,korean,,론서스턴,localization/korean/hub_names_l_korean.yml,1700
HUB_NAME_STATE_TASMANIA_wood,korean,,스트라한,localization/korean/hub_names_l_korean.yml,1701
HUB_NAME_STATE_SOUTH_ISLAND_city,korean,,크라이스트처치,localization/korean/hub_names_l_korean.yml,1702
HUB_NAME_STATE_SOUTH_ISLAND_port,korean,,더니든,localization/korean/hub_names_l_korean.yml,1703
HUB_NAME_STATE_SOUTH_ISLAND_mine,korean,,블렌헤임,localization/korean/hub_names_l_korean.yml,1704
HUB_NAME_STATE_SOUTH_ISLAND_farm,korean,,인버카길,localization/korean/hub_names_l_korean.yml,1705
HUB_NAME_STATE_SOUTH_ISLAND_wood,korean,,넬슨,localization/korean/hub_names_l_korean.yml,1706
HUB_NAME_STATE_NORTH_ISLAND_city,korean,,웰링턴,localization/korean/hub_names_l_korean.yml,1707
HUB_NAME_STATE_NORTH_ISLAND_port,korean,,오클랜드,localization/korean/hub_names_l_korean.yml,1708
HUB_NAME_STATE_NORTH_ISLAND_mine,korean,,네이피어,localization/korean/hub_names_l_korean.yml,1709
HUB_NAME_STATE_NORTH_ISLAND_farm,korean,,파머스턴,localization/korean/hub_names_l_korean.yml,1710
HUB_NAME_STATE_NORTH_ISLAND_wood,korean,,왕가레이,localization/korean/hub_names_l_korean.yml,1711
HUB_NAME_STATE_TONGA_city,korean,,누쿠알로파,localization/korean/hub_names_l_korean.yml,1712
HUB_NAME_STATE_TONGA_port,korean,,타푸나,localization/korean/hub_names_l_korean.yml,1713
HUB_NAME_STATE_TONGA_mine,korean,,오호누아,localization/korean/hub_names_l_korean.yml,1714
HUB_NAME_STATE_TONGA_farm,korean,,살레오로가,localization/korean/hub_names_l_korean.yml,1715
HUB_NAME_STATE_TONGA_wood,korean,,아피아,localization/korean/hub_names_l_korean.yml,1716
HUB_NAME_STATE_FIJI_city,korean,,나디,localization/korean/hub_names_l_korean.yml,1717
HUB_NAME_STATE_FIJI_port,korean,,날로투,localization/korean/hub_names_l_korean.yml,1718
HUB_NAME_STATE_FIJI_mine,korean,,사부사부,localization/korean/hub_names_l_korean.yml,1719
HUB_NAME_STATE_FIJI_farm,korean,,라바사,localization/korean/hub_names_l_korean.yml,1720
HUB_NAME_STATE_FIJI_wood,korean,,라우토카,localization/korean/hub_names_l_korean.yml,1721
HUB_NAME_STATE_KANAK_city,korean,,코우마크,localization/korean/hub_names_l_korean.yml,1722
HUB_NAME_STATE_KANAK_port,korean,,누메아,localization/korean/hub_names_l_korean.yml,1723
HUB_NAME_STATE_KANAK_mine,korean,,우베아,localization/korean/hub_names_l_korean.yml,1724
HUB_NAME_STATE_KANAK_farm,korean,,라 포아,localization/korean/hub_names_l_korean.yml,1725
HUB_NAME_STATE_KANAK_wood,korean,,코네,localization/korean/hub_names_l_korean.yml,1726
HUB_NAME_STATE_VANUATU_city,korean,,포트 바토,localization/korean/hub_names_l_korean.yml,1727
HUB_NAME_STATE_VANUATU_port,korean,,루간빌,localization/korean/hub_names_l_korean.yml,1728
HUB_NAME_STATE_VANUATU_mine,korean,,포트 바토,localization/korean/hub_names_l_korean.yml,1729
HUB_NAME_STATE_VANUATU_farm,korean,,포라리,localization/korean/hub_names_l_korean.yml,1730
HUB_NAME_STATE_VANUATU_wood,korean,,롱훔보,localization/korean/hub_names_l_korean.yml,1731
HUB_NAME_STATE_SOLOMON_ISLANDS_city,korean,,호니아라,localization/korean/hub_names_l_korean.yml,1732
HUB_NAME_STATE_SOLOMON_ISLANDS_port,korean,,키라키라,localization/korean/hub_names_l_korean.yml,1733
HUB_NAME_STATE_SOLOMON_ISLANDS_mine,korean,,문다문다,localization/korean/hub_names_l_korean.yml,1734
HUB_NAME_STATE_SOLOMON_ISLANDS_farm,korean,,아우키,localization/korean/hub_names_l_korean.yml,1735
HUB_NAME_STATE_SOLOMON_ISLANDS_wood,korean,,루알라,localization/korean/hub_names_l_korean.yml,1736
HUB_NAME_STATE_BOUGAINVILLE_city,korean,,아라와,localization/korean/hub_names_l_korean.yml,1737
HUB_NAME_STATE_BOUGAINVILLE_port,korean,,부카,localization/korean/hub_names_l_korean.yml,1738
HUB_NAME_STATE_BOUGAINVILLE_mine,korean,,푸토,localization/korean/hub_names_l_korean.yml,1739
HUB_NAME_STATE_BOUGAINVILLE_farm,korean,,토로키나,localization/korean/hub_names_l_korean.yml,1740
HUB_NAME_STATE_BOUGAINVILLE_wood,korean,,부른,localization/korean/hub_names_l_korean.yml,1741
HUB_NAME_STATE_WEST_MICRONESIA_city,korean,,웨노,localization/korean/hub_names_l_korean.yml,1742
HUB_NAME_STATE_WEST_MICRONESIA_port,korean,,오노운,localization/korean/hub_names_l_korean.yml,1743
HUB_NAME_STATE_WEST_MICRONESIA_mine,korean,,리롱,localization/korean/hub_names_l_korean.yml,1744
HUB_NAME_STATE_WEST_MICRONESIA_farm,korean,,이구프,localization/korean/hub_names_l_korean.yml,1745
HUB_NAME_STATE_WEST_MICRONESIA_wood,korean,,페니아타,localization/korean/hub_names_l_korean.yml,1746
HUB_NAME_STATE_EAST_MICRONESIA_city,korean,,팔리키르,localization/korean/hub_names_l_korean.yml,1747
HUB_NAME_STATE_EAST_MICRONESIA_port,korean,,마주로,localization/korean/hub_names_l_korean.yml,1748
HUB_NAME_STATE_EAST_MICRONESIA_mine,korean,,자보르,localization/korean/hub_names_l_korean.yml,1749
HUB_NAME_STATE_EAST_MICRONESIA_farm,korean,,타라와,localization/korean/hub_names_l_korean.yml,1750
HUB_NAME_STATE_EAST_MICRONESIA_wood,korean,,워체,localization/korean/hub_names_l_korean.yml,1751
HUB_NAME_STATE_NAURU_city,korean,,아나바르,localization/korean/hub_names_l_korean.yml,1752
HUB_NAME_STATE_NAURU_port,korean,,야렌,localization/korean/hub_names_l_korean.yml,1753
HUB_NAME_STATE_NAURU_mine,korean,,아레니벡,localization/korean/hub_names_l_korean.yml,1754
HUB_NAME_STATE_NAURU_farm,korean,,아리제젠,localization/korean/hub_names_l_korean.yml,1755
HUB_NAME_STATE_NAURU_wood,korean,,아니바레,localization/korean/hub_names_l_korean.yml,1756
HUB_NAME_STATE_TAHITI_city,korean,,하오,localization/korean/hub_names_l_korean.yml,1757
HUB_NAME_STATE_TAHITI_port,korean,,푸헤바,localization/korean/hub_names_l_korean.yml,1758
HUB_NAME_STATE_TAHITI_mine,korean,,파카라바,localization/korean/hub_names_l_korean.yml,1759
HUB_NAME_STATE_TAHITI_farm,korean,,누쿠히바,localization/korean/hub_names_l_korean.yml,1760
HUB_NAME_STATE_TAHITI_wood,korean,,랑기로아,localization/korean/hub_names_l_korean.yml,1761
HUB_NAME_STATE_HAWAIIAN_ISLANDS_city,korean,,호놀룰루,localization/korean/hub_names_l_korean.yml,1762
HUB_NAME_STATE_HAWAIIAN_ISLANDS_port,korean,,힐로,localization/korean/hub_names_l_korean.yml,1763
HUB_NAME_STATE_HAWAIIAN_ISLANDS_mine,korean,,카일루아코나,localization/korean/hub_names_l_korean.yml,1764
HUB_NAME_STATE_HAWAIIAN_ISLANDS_farm,korean,,프린스빌,localization/korean/hub_names_l_korean.yml,1765
HUB_NAME_STATE_HAWAIIAN_ISLANDS_wood,korean,,라하이나,localization/korean/hub_names_l_korean.yml,1766
HUB_NAME_STATE_ICELAND_city,korean,,레이캬비크,localization/korean/hub_names_l_korean.yml,1767
HUB_NAME_STATE_ICELAND_port,korean,,이사피외르뒤르,localization/korean/hub_names_l_korean.yml,1768
HUB_NAME_STATE_ICELAND_mine,korean,,블뢴뒤오스,localization/korean/hub_names_l_korean.yml,1769
HUB_NAME_STATE_ICELAND_farm,korean,,아쿠레이리,localization/korean/hub_names_l_korean.yml,1770
HUB_NAME_STATE_ICELAND_wood,korean,,에이일스타디르,localization/korean/hub_names_l_korean.yml,1771
HUB_NAME_STATE_GREENLAND_city,korean,,고트호프,localization/korean/hub_names_l_korean.yml,1772
HUB_NAME_STATE_GREENLAND_port,korean,,고드하운,localization/korean/hub_names_l_korean.yml,1773
HUB_NAME_STATE_GREENLAND_mine,korean,,프레데릭스달,localization/korean/hub_names_l_korean.yml,1774
HUB_NAME_STATE_GREENLAND_farm,korean,,쇤드레 스트룀피오르,localization/korean/hub_names_l_korean.yml,1775
HUB_NAME_STATE_GREENLAND_wood,korean,,피스케네세트,localization/korean/hub_names_l_korean.yml,1776
HUB_NAME_STATE_BERMUDA_city,korean,,세인트 조지스,localization/korean/hub_names_l_korean.yml,1777
HUB_NAME_STATE_BERMUDA_port,korean,,해밀튼,localization/korean/hub_names_l_korean.yml,1778
HUB_NAME_STATE_BERMUDA_mine,korean,,플랫츠 빌리지,localization/korean/hub_names_l_korean.yml,1779
HUB_NAME_STATE_BERMUDA_farm,korean,,서머셋 빌리지,localization/korean/hub_names_l_korean.yml,1780
HUB_NAME_STATE_BERMUDA_wood,korean,,터커즈 타운,localization/korean/hub_names_l_korean.yml,1781
HUB_NAME_STATE_AZORES_city,korean,,폰타 델가다,localization/korean/hub_names_l_korean.yml,1782
HUB_NAME_STATE_AZORES_port,korean,,앙그라 두 에로이즈무,localization/korean/hub_names_l_korean.yml,1783
HUB_NAME_STATE_AZORES_mine,korean,,오르타,localization/korean/hub_names_l_korean.yml,1784
HUB_NAME_STATE_AZORES_farm,korean,,빌라 두 포르투,localization/korean/hub_names_l_korean.yml,1785
HUB_NAME_STATE_AZORES_wood,korean,,마달레나,localization/korean/hub_names_l_korean.yml,1786
HUB_NAME_STATE_NEW_BRUNSWICK_city,korean,,핼리팩스,localization/korean/hub_names_l_korean.yml,1788
HUB_NAME_STATE_NEW_BRUNSWICK_port,korean,,루넨버그,localization/korean/hub_names_l_korean.yml,1789
HUB_NAME_STATE_NEW_BRUNSWICK_mine,korean,,프레더릭턴,localization/korean/hub_names_l_korean.yml,1790
HUB_NAME_STATE_NEW_BRUNSWICK_farm,korean,,멍크턴,localization/korean/hub_names_l_korean.yml,1791
HUB_NAME_STATE_NEW_BRUNSWICK_wood,korean,,세인트 존,localization/korean/hub_names_l_korean.yml,1792
HUB_NAME_STATE_NEWFOUNDLAND_city,korean,,펄 산,localization/korean/hub_names_l_korean.yml,1793
HUB_NAME_STATE_NEWFOUNDLAND_port,korean,,세인트 존스,localization/korean/hub_names_l_korean.yml,1794
HUB_NAME_STATE_NEWFOUNDLAND_mine,korean,,쉐샷쉬우,localization/korean/hub_names_l_korean.yml,1795
HUB_NAME_STATE_NEWFOUNDLAND_farm,korean,,클래런빌,localization/korean/hub_names_l_korean.yml,1796
HUB_NAME_STATE_NEWFOUNDLAND_wood,korean,,플라센티아,localization/korean/hub_names_l_korean.yml,1797
HUB_NAME_STATE_QUEBEC_city,korean,,몬트리올,localization/korean/hub_names_l_korean.yml,1798
HUB_NAME_STATE_QUEBEC_port,korean,,퀘벡,localization/korean/hub_names_l_korean.yml,1799
HUB_NAME_STATE_QUEBEC_mine,korean,,쉬꾸띠미,localization/korean/hub_names_l_korean.yml,1800
HUB_NAME_STATE_QUEBEC_farm,korean,,셔브룩,localization/korean/hub_names_l_korean.yml,1801
HUB_NAME_STATE_QUEBEC_wood,korean,,발도르,localization/korean/hub_names_l_korean.yml,1802
HUB_NAME_STATE_ONTARIO_city,korean,,바이타운,localization/korean/hub_names_l_korean.yml,1803
HUB_NAME_STATE_ONTARIO_port,korean,,킹스턴,localization/korean/hub_names_l_korean.yml,1804
HUB_NAME_STATE_ONTARIO_mine,korean,,서드버리,localization/korean/hub_names_l_korean.yml,1805
HUB_NAME_STATE_ONTARIO_farm,korean,,토론토,localization/korean/hub_names_l_korean.yml,1806
HUB_NAME_STATE_ONTARIO_wood,korean,,헌츠빌,localization/korean/hub_names_l_korean.yml,1807
HUB_NAME_STATE_MANITOBA_city,korean,,포트 더글라스,localization/korean/hub_names_l_korean.yml,1808
HUB_NAME_STATE_MANITOBA_port,korean,,처칠,localization/korean/hub_names_l_korean.yml,1809
HUB_NAME_STATE_MANITOBA_mine,korean,,톰슨,localization/korean/hub_names_l_korean.yml,1810
HUB_NAME_STATE_MANITOBA_farm,korean,,포르티지 라 프레리,localization/korean/hub_names_l_korean.yml,1811
HUB_NAME_STATE_MANITOBA_wood,korean,,브랜던,localization/korean/hub_names_l_korean.yml,1812
HUB_NAME_STATE_NUNAVUT_city,korean,,랭킨 인렛,localization/korean/hub_names_l_korean.yml,1813
HUB_NAME_STATE_NUNAVUT_port,korean,,체스터필드 인렛,localization/korean/hub_names_l_korean.yml,1814
HUB_NAME_STATE_NUNAVUT_mine,korean,,웨일 코브,localization/korean/hub_names_l_korean.yml,1815
HUB_NAME_STATE_NUNAVUT_farm,korean,,아비앗,localization/korean/hub_names_l_korean.yml,1816
HUB_NAME_STATE_NUNAVUT_wood,korean,,브로셰,localization/korean/hub_names_l_korean.yml,1817
HUB_NAME_STATE_NORTHWEST_TERRITORIES_city,korean,,헤이 리버,localization/korean/hub_names_l_korean.yml,1818
HUB_NAME_STATE_NORTHWEST_TERRITORIES_port,korean,,쿠글루크툭,localization/korean/hub_names_l_korean.yml,1819
HUB_NAME_STATE_NORTHWEST_TERRITORIES_mine,korean,,포트 레졸루션,localization/korean/hub_names_l_korean.yml,1820
HUB_NAME_STATE_NORTHWEST_TERRITORIES_farm,korean,,포트 스미스,localization/korean/hub_names_l_korean.yml,1821
HUB_NAME_STATE_NORTHWEST_TERRITORIES_wood,korean,,포트 프로비던스,localization/korean/hub_names_l_korean.yml,1822
HUB_NAME_STATE_SASKATCHEWAN_city,korean,,레기나,localization/korean/hub_names_l_korean.yml,1823
HUB_NAME_STATE_SASKATCHEWAN_mine,korean,,우드 마운틴,localization/korean/hub_names_l_korean.yml,1824
HUB_NAME_STATE_SASKATCHEWAN_farm,korean,,요크톤,localization/korean/hub_names_l_korean.yml,1825
HUB_NAME_STATE_SASKATCHEWAN_wood,korean,,새스커툰,localization/korean/hub_names_l_korean.yml,1826
HUB_NAME_STATE_ALBERTA_city,korean,,포트 에드먼튼,localization/korean/hub_names_l_korean.yml,1827
HUB_NAME_STATE_ALBERTA_mine,korean,,포트 맥머리,localization/korean/hub_names_l_korean.yml,1828
HUB_NAME_STATE_ALBERTA_farm,korean,,그랜드 피레리,localization/korean/hub_names_l_korean.yml,1829
HUB_NAME_STATE_ALBERTA_wood,korean,,캘거리,localization/korean/hub_names_l_korean.yml,1830
HUB_NAME_STATE_BRITISH_COLUMBIA_city,korean,,프린스 조지,localization/korean/hub_names_l_korean.yml,1831
HUB_NAME_STATE_BRITISH_COLUMBIA_port,korean,,밴쿠버,localization/korean/hub_names_l_korean.yml,1832
HUB_NAME_STATE_BRITISH_COLUMBIA_mine,korean,,킬로나,localization/korean/hub_names_l_korean.yml,1833
HUB_NAME_STATE_BRITISH_COLUMBIA_farm,korean,,밴더후프,localization/korean/hub_names_l_korean.yml,1834
HUB_NAME_STATE_BRITISH_COLUMBIA_wood,korean,,포트 넬슨,localization/korean/hub_names_l_korean.yml,1835
HUB_NAME_STATE_YUKON_TERRITORY_city,korean,,왓슨 레이크,localization/korean/hub_names_l_korean.yml,1836
HUB_NAME_STATE_YUKON_TERRITORY_port,korean,,이누빅,localization/korean/hub_names_l_korean.yml,1837
HUB_NAME_STATE_YUKON_TERRITORY_mine,korean,,도슨 시티,localization/korean/hub_names_l_korean.yml,1838
HUB_NAME_STATE_YUKON_TERRITORY_farm,korean,,화이트호스,localization/korean/hub_names_l_korean.yml,1839
HUB_NAME_STATE_YUKON_TERRITORY_wood,korean,,카맥스,localization/korean/hub_names_l_korean.yml,1840
HUB_NAME_STATE_ALASKA_city,korean,,앵커리지,localization/korean/hub_names_l_korean.yml,1842
HUB_NAME_STATE_ALASKA_port,korean,,주노,localization/korean/hub_names_l_korean.yml,1843
HUB_NAME_STATE_ALASKA_mine,korean,,놈,localization/korean/hub_names_l_korean.yml,1844
HUB_NAME_STATE_ALASKA_farm,korean,,뉴 아크엔젤,localization/korean/hub_names_l_korean.yml,1845
HUB_NAME_STATE_ALASKA_wood,korean,,발데즈,localization/korean/hub_names_l_korean.yml,1846
HUB_NAME_STATE_MAINE_city,korean,,아우구스타,localization/korean/hub_names_l_korean.yml,1847
HUB_NAME_STATE_MAINE_port,korean,,포틀랜드,localization/korean/hub_names_l_korean.yml,1848
HUB_NAME_STATE_MAINE_mine,korean,,더 포크스,localization/korean/hub_names_l_korean.yml,1849
HUB_NAME_STATE_MAINE_farm,korean,,뱅고어,localization/korean/hub_names_l_korean.yml,1850
HUB_NAME_STATE_MAINE_wood,korean,,킬마녹,localization/korean/hub_names_l_korean.yml,1851
HUB_NAME_STATE_NEW_HAMPSHIRE_city,korean,,콩코드,localization/korean/hub_names_l_korean.yml,1852
HUB_NAME_STATE_NEW_HAMPSHIRE_port,korean,,포츠머스,localization/korean/hub_names_l_korean.yml,1853
HUB_NAME_STATE_NEW_HAMPSHIRE_mine,korean,,페어필드,localization/korean/hub_names_l_korean.yml,1854
HUB_NAME_STATE_NEW_HAMPSHIRE_farm,korean,,맨체스터,localization/korean/hub_names_l_korean.yml,1855
HUB_NAME_STATE_NEW_HAMPSHIRE_wood,korean,,바틀렛,localization/korean/hub_names_l_korean.yml,1856
HUB_NAME_STATE_VERMONT_city,korean,,몬트필리어,localization/korean/hub_names_l_korean.yml,1857
HUB_NAME_STATE_VERMONT_mine,korean,,루드로우,localization/korean/hub_names_l_korean.yml,1858
HUB_NAME_STATE_VERMONT_farm,korean,,베닝턴,localization/korean/hub_names_l_korean.yml,1859
HUB_NAME_STATE_VERMONT_wood,korean,,벌링턴,localization/korean/hub_names_l_korean.yml,1860
HUB_NAME_STATE_MASSACHUSETTS_city,korean,,보스턴,localization/korean/hub_names_l_korean.yml,1861
HUB_NAME_STATE_MASSACHUSETTS_port,korean,,플리머스,localization/korean/hub_names_l_korean.yml,1862
HUB_NAME_STATE_MASSACHUSETTS_mine,korean,,스프링필드,localization/korean/hub_names_l_korean.yml,1863
HUB_NAME_STATE_MASSACHUSETTS_farm,korean,,우스터,localization/korean/hub_names_l_korean.yml,1864
HUB_NAME_STATE_MASSACHUSETTS_wood,korean,,그린필드,localization/korean/hub_names_l_korean.yml,1865
HUB_NAME_STATE_RHODE_ISLAND_city,korean,,프로비던스,localization/korean/hub_names_l_korean.yml,1866
HUB_NAME_STATE_RHODE_ISLAND_port,korean,,뉴포트,localization/korean/hub_names_l_korean.yml,1867
HUB_NAME_STATE_RHODE_ISLAND_farm,korean,,제임스타운,localization/korean/hub_names_l_korean.yml,1869
HUB_NAME_STATE_RHODE_ISLAND_wood,korean,,뉴 쇼어햄,localization/korean/hub_names_l_korean.yml,1870
HUB_NAME_STATE_CONNECTICUT_city,korean,,하트퍼드,localization/korean/hub_names_l_korean.yml,1871
HUB_NAME_STATE_CONNECTICUT_port,korean,,뉴 헤이븐,localization/korean/hub_names_l_korean.yml,1872
HUB_NAME_STATE_CONNECTICUT_farm,korean,,스탬퍼드,localization/korean/hub_names_l_korean.yml,1874
HUB_NAME_STATE_CONNECTICUT_wood,korean,,코스코브,localization/korean/hub_names_l_korean.yml,1875
HUB_NAME_STATE_NEW_YORK_city,korean,,뉴욕,localization/korean/hub_names_l_korean.yml,1876
HUB_NAME_STATE_NEW_YORK_port,korean,,몬타우크,localization/korean/hub_names_l_korean.yml,1877
HUB_NAME_STATE_NEW_YORK_mine,korean,,빙엄턴,localization/korean/hub_names_l_korean.yml,1878
HUB_NAME_STATE_NEW_YORK_farm,korean,,시러큐스,localization/korean/hub_names_l_korean.yml,1879
HUB_NAME_STATE_NEW_YORK_wood,korean,,앨버니,localization/korean/hub_names_l_korean.yml,1880
HUB_NAME_STATE_NEW_JERSEY_city,korean,,트렌턴,localization/korean/hub_names_l_korean.yml,1881
HUB_NAME_STATE_NEW_JERSEY_port,korean,,뉴어크,localization/korean/hub_names_l_korean.yml,1882
HUB_NAME_STATE_NEW_JERSEY_mine,korean,,모리스타운,localization/korean/hub_names_l_korean.yml,1883
HUB_NAME_STATE_NEW_JERSEY_farm,korean,,브릿지턴,localization/korean/hub_names_l_korean.yml,1884
HUB_NAME_STATE_NEW_JERSEY_wood,korean,,스태퍼드,localization/korean/hub_names_l_korean.yml,1885
HUB_NAME_STATE_PENNSYLVANIA_city,korean,,필라델피아,localization/korean/hub_names_l_korean.yml,1886
HUB_NAME_STATE_PENNSYLVANIA_mine,korean,,피츠버그,localization/korean/hub_names_l_korean.yml,1887
HUB_NAME_STATE_PENNSYLVANIA_farm,korean,,해리스버그,localization/korean/hub_names_l_korean.yml,1888
HUB_NAME_STATE_PENNSYLVANIA_wood,korean,,이리,localization/korean/hub_names_l_korean.yml,1889
HUB_NAME_STATE_DELAWARE_city,korean,,윌밍턴,localization/korean/hub_names_l_korean.yml,1890
HUB_NAME_STATE_DELAWARE_port,korean,,도버,localization/korean/hub_names_l_korean.yml,1891
HUB_NAME_STATE_DELAWARE_farm,korean,,미들타운,localization/korean/hub_names_l_korean.yml,1892
HUB_NAME_STATE_MARYLAND_city,korean,,밸티모어,localization/korean/hub_names_l_korean.yml,1893
HUB_NAME_STATE_MARYLAND_port,korean,,아나폴리스,localization/korean/hub_names_l_korean.yml,1894
HUB_NAME_STATE_MARYLAND_mine,korean,,컴벌랜드,localization/korean/hub_names_l_korean.yml,1895
HUB_NAME_STATE_MARYLAND_farm,korean,,에스턴,localization/korean/hub_names_l_korean.yml,1896
HUB_NAME_STATE_MARYLAND_wood,korean,,프레드릭,localization/korean/hub_names_l_korean.yml,1897
HUB_NAME_STATE_DISTRICT_OF_COLUMBIA_city,korean,,워싱턴,localization/korean/hub_names_l_korean.yml,1898
HUB_NAME_STATE_DISTRICT_OF_COLUMBIA_port,korean,,상 말보로,localization/korean/hub_names_l_korean.yml,1899
HUB_NAME_STATE_DISTRICT_OF_COLUMBIA_farm,korean,,레오나드타운,localization/korean/hub_names_l_korean.yml,1901
HUB_NAME_STATE_VIRGINIA_city,korean,,리치몬드,localization/korean/hub_names_l_korean.yml,1903
HUB_NAME_STATE_VIRGINIA_port,korean,,노퍽,localization/korean/hub_names_l_korean.yml,1904
HUB_NAME_STATE_VIRGINIA_mine,korean,,린치버그,localization/korean/hub_names_l_korean.yml,1905
HUB_NAME_STATE_VIRGINIA_farm,korean,,프레데릭스버그,localization/korean/hub_names_l_korean.yml,1906
HUB_NAME_STATE_VIRGINIA_wood,korean,,빅 리크,localization/korean/hub_names_l_korean.yml,1907
HUB_NAME_STATE_WEST_VIRGINIA_city,korean,,찰스턴,localization/korean/hub_names_l_korean.yml,1908
HUB_NAME_STATE_WEST_VIRGINIA_mine,korean,,홀더비즈 랜딩,localization/korean/hub_names_l_korean.yml,1909
HUB_NAME_STATE_WEST_VIRGINIA_farm,korean,,하퍼스 페리,localization/korean/hub_names_l_korean.yml,1910
HUB_NAME_STATE_WEST_VIRGINIA_wood,korean,,모건타운,localization/korean/hub_names_l_korean.yml,1911
HUB_NAME_STATE_OHIO_city,korean,,콜럼버스,localization/korean/hub_names_l_korean.yml,1912
HUB_NAME_STATE_OHIO_mine,korean,,애선스,localization/korean/hub_names_l_korean.yml,1913
HUB_NAME_STATE_OHIO_farm,korean,,톨레도,localization/korean/hub_names_l_korean.yml,1914
HUB_NAME_STATE_OHIO_wood,korean,,신시내티,localization/korean/hub_names_l_korean.yml,1915
HUB_NAME_STATE_MICHIGAN_city,korean,,디트로이트,localization/korean/hub_names_l_korean.yml,1916
HUB_NAME_STATE_MICHIGAN_mine,korean,,호턴,localization/korean/hub_names_l_korean.yml,1917
HUB_NAME_STATE_MICHIGAN_farm,korean,,랜싱,localization/korean/hub_names_l_korean.yml,1918
HUB_NAME_STATE_MICHIGAN_wood,korean,,트래버스 시티,localization/korean/hub_names_l_korean.yml,1919
HUB_NAME_STATE_WISCONSIN_city,korean,,밀워키,localization/korean/hub_names_l_korean.yml,1920
HUB_NAME_STATE_WISCONSIN_mine,korean,,오클레어,localization/korean/hub_names_l_korean.yml,1921
HUB_NAME_STATE_WISCONSIN_farm,korean,,매디슨,localization/korean/hub_names_l_korean.yml,1922
HUB_NAME_STATE_WISCONSIN_wood,korean,,라인랜더,localization/korean/hub_names_l_korean.yml,1923
HUB_NAME_STATE_ILLINOIS_city,korean,,시카고,localization/korean/hub_names_l_korean.yml,1924
HUB_NAME_STATE_ILLINOIS_mine,korean,,피오리아,localization/korean/hub_names_l_korean.yml,1925
HUB_NAME_STATE_ILLINOIS_farm,korean,,스프링필드,localization/korean/hub_names_l_korean.yml,1926
HUB_NAME_STATE_ILLINOIS_wood,korean,,록퍼드,localization/korean/hub_names_l_korean.yml,1927
HUB_NAME_STATE_INDIANA_city,korean,,인디애나폴리스,localization/korean/hub_names_l_korean.yml,1928
HUB_NAME_STATE_INDIANA_mine,korean,,에번즈빌,localization/korean/hub_names_l_korean.yml,1929
HUB_NAME_STATE_INDIANA_farm,korean,,포트 웨인,localization/korean/hub_names_l_korean.yml,1930
HUB_NAME_STATE_INDIANA_wood,korean,,로런스버그,localization/korean/hub_names_l_korean.yml,1931
HUB_NAME_STATE_KENTUCKY_city,korean,,렉싱턴,localization/korean/hub_names_l_korean.yml,1932
HUB_NAME_STATE_KENTUCKY_mine,korean,,파이크빌,localization/korean/hub_names_l_korean.yml,1933
HUB_NAME_STATE_KENTUCKY_farm,korean,,헨더슨,localization/korean/hub_names_l_korean.yml,1934
HUB_NAME_STATE_KENTUCKY_wood,korean,,루이빌,localization/korean/hub_names_l_korean.yml,1935
HUB_NAME_STATE_TENNESSEE_city,korean,,내슈빌,localization/korean/hub_names_l_korean.yml,1936
HUB_NAME_STATE_TENNESSEE_mine,korean,,녹스빌,localization/korean/hub_names_l_korean.yml,1937
HUB_NAME_STATE_TENNESSEE_farm,korean,,멤피스,localization/korean/hub_names_l_korean.yml,1938
HUB_NAME_STATE_TENNESSEE_wood,korean,,채터누가,localization/korean/hub_names_l_korean.yml,1939
HUB_NAME_STATE_NORTH_CAROLINA_city,korean,,랄리,localization/korean/hub_names_l_korean.yml,1940
HUB_NAME_STATE_NORTH_CAROLINA_port,korean,,윌밍턴,localization/korean/hub_names_l_korean.yml,1941
HUB_NAME_STATE_NORTH_CAROLINA_mine,korean,,애슈빌,localization/korean/hub_names_l_korean.yml,1942
HUB_NAME_STATE_NORTH_CAROLINA_farm,korean,,골즈보로,localization/korean/hub_names_l_korean.yml,1943
HUB_NAME_STATE_NORTH_CAROLINA_wood,korean,,샬럿,localization/korean/hub_names_l_korean.yml,1944
HUB_NAME_STATE_SOUTH_CAROLINA_city,korean,,컬럼비아,localization/korean/hub_names_l_korean.yml,1945
HUB_NAME_STATE_SOUTH_CAROLINA_port,korean,,찰스턴,localization/korean/hub_names_l_korean.yml,1946
HUB_NAME_STATE_SOUTH_CAROLINA_mine,korean,,그린빌,localization/korean/hub_names_l_korean.yml,1947
HUB_NAME_STATE_SOUTH_CAROLINA_farm,korean,,킹스트리,localization/korean/hub_names_l_korean.yml,1948
HUB_NAME_STATE_SOUTH_CAROLINA_wood,korean,,달링턴,localization/korean/hub_names_l_korean.yml,1949
HUB_NAME_STATE_GEORGIA_city,korean,,메이컨,localization/korean/hub_names_l_korean.yml,1950
HUB_NAME_STATE_GEORGIA_port,korean,,서배너,localization/korean/hub_names_l_korean.yml,1951
HUB_NAME_STATE_GEORGIA_mine,korean,,도슨빌,localization/korean/hub_names_l_korean.yml,1952
HUB_NAME_STATE_GEORGIA_farm,korean,,오거스타,localization/korean/hub_names_l_korean.yml,1953
HUB_NAME_STATE_GEORGIA_wood,korean,,스래셔빌,localization/korean/hub_names_l_korean.yml,1954
HUB_NAME_STATE_FLORIDA_city,korean,,탤러해시,localization/korean/hub_names_l_korean.yml,1955
HUB_NAME_STATE_FLORIDA_port,korean,,탬파,localization/korean/hub_names_l_korean.yml,1956
HUB_NAME_STATE_FLORIDA_mine,korean,,포트 피어스,localization/korean/hub_names_l_korean.yml,1957
HUB_NAME_STATE_FLORIDA_farm,korean,,잭슨빌,localization/korean/hub_names_l_korean.yml,1958
HUB_NAME_STATE_FLORIDA_wood,korean,,푼타 라사,localization/korean/hub_names_l_korean.yml,1959
HUB_NAME_STATE_ALABAMA_city,korean,,버밍엄,localization/korean/hub_names_l_korean.yml,1960
HUB_NAME_STATE_ALABAMA_port,korean,,모빌,localization/korean/hub_names_l_korean.yml,1961
HUB_NAME_STATE_ALABAMA_mine,korean,,헌츠빌,localization/korean/hub_names_l_korean.yml,1962
HUB_NAME_STATE_ALABAMA_farm,korean,,몽고메리,localization/korean/hub_names_l_korean.yml,1963
HUB_NAME_STATE_ALABAMA_wood,korean,,에버그린,localization/korean/hub_names_l_korean.yml,1964
HUB_NAME_STATE_MISSISSIPPI_city,korean,,잭슨,localization/korean/hub_names_l_korean.yml,1965
HUB_NAME_STATE_MISSISSIPPI_port,korean,,빌럭시,localization/korean/hub_names_l_korean.yml,1966
HUB_NAME_STATE_MISSISSIPPI_mine,korean,,투펄로,localization/korean/hub_names_l_korean.yml,1967
HUB_NAME_STATE_MISSISSIPPI_farm,korean,,빅스버그,localization/korean/hub_names_l_korean.yml,1968
HUB_NAME_STATE_MISSISSIPPI_wood,korean,,메리디언,localization/korean/hub_names_l_korean.yml,1969
HUB_NAME_STATE_LOUISIANA_city,korean,,배턴 루지,localization/korean/hub_names_l_korean.yml,1970
HUB_NAME_STATE_LOUISIANA_port,korean,,뉴올리언스,localization/korean/hub_names_l_korean.yml,1971
HUB_NAME_STATE_LOUISIANA_mine,korean,,슈리브포트,localization/korean/hub_names_l_korean.yml,1972
HUB_NAME_STATE_LOUISIANA_farm,korean,,라파예트,localization/korean/hub_names_l_korean.yml,1973
HUB_NAME_STATE_LOUISIANA_wood,korean,,컬럼비아,localization/korean/hub_names_l_korean.yml,1974
HUB_NAME_STATE_TEXAS_city,korean,,오스틴,localization/korean/hub_names_l_korean.yml,1975
HUB_NAME_STATE_TEXAS_port,korean,,갤버스턴,localization/korean/hub_names_l_korean.yml,1976
HUB_NAME_STATE_TEXAS_mine,korean,,휴스턴,localization/korean/hub_names_l_korean.yml,1977
HUB_NAME_STATE_TEXAS_farm,korean,,엘파소,localization/korean/hub_names_l_korean.yml,1978
HUB_NAME_STATE_TEXAS_wood,korean,,댈러스,localization/korean/hub_names_l_korean.yml,1979
HUB_NAME_STATE_OKLAHOMA_city,korean,,털사,localization/korean/hub_names_l_korean.yml,1980
HUB_NAME_STATE_OKLAHOMA_mine,korean,,이다벨,localization/korean/hub_names_l_korean.yml,1981
HUB_NAME_STATE_OKLAHOMA_farm,korean,,오클라호마 시티,localization/korean/hub_names_l_korean.yml,1982
HUB_NAME_STATE_OKLAHOMA_wood,korean,,맥엘레스터,localization/korean/hub_names_l_korean.yml,1983
HUB_NAME_STATE_ARKANSAS_city,korean,,리틀 록,localization/korean/hub_names_l_korean.yml,1984
HUB_NAME_STATE_ARKANSAS_mine,korean,,포트 스미스,localization/korean/hub_names_l_korean.yml,1985
HUB_NAME_STATE_ARKANSAS_farm,korean,,파인 블러프,localization/korean/hub_names_l_korean.yml,1986
HUB_NAME_STATE_ARKANSAS_wood,korean,,핫 스프링,localization/korean/hub_names_l_korean.yml,1987
HUB_NAME_STATE_MISSOURI_city,korean,,세인트 루이스,localization/korean/hub_names_l_korean.yml,1988
HUB_NAME_STATE_MISSOURI_mine,korean,,스프링필드,localization/korean/hub_names_l_korean.yml,1989
HUB_NAME_STATE_MISSOURI_farm,korean,,제퍼슨 시티,localization/korean/hub_names_l_korean.yml,1990
HUB_NAME_STATE_MISSOURI_wood,korean,,케이프지라도,localization/korean/hub_names_l_korean.yml,1991
HUB_NAME_STATE_KANSAS_city,korean,,위치토,localization/korean/hub_names_l_korean.yml,1992
HUB_NAME_STATE_KANSAS_mine,korean,,포트 스콧,localization/korean/hub_names_l_korean.yml,1993
HUB_NAME_STATE_KANSAS_farm,korean,,토피카,localization/korean/hub_names_l_korean.yml,1994
HUB_NAME_STATE_KANSAS_wood,korean,,도지 시티,localization/korean/hub_names_l_korean.yml,1995
HUB_NAME_STATE_NEBRASKA_city,korean,,오마하,localization/korean/hub_names_l_korean.yml,1996
HUB_NAME_STATE_NEBRASKA_farm,korean,,노드포크,localization/korean/hub_names_l_korean.yml,1997
HUB_NAME_STATE_NEBRASKA_mine,korean,,채드론,localization/korean/hub_names_l_korean.yml,1998
HUB_NAME_STATE_NEBRASKA_wood,korean,,그랜드 아일랜드,localization/korean/hub_names_l_korean.yml,1999
HUB_NAME_STATE_IOWA_city,korean,,디모인,localization/korean/hub_names_l_korean.yml,2000
HUB_NAME_STATE_IOWA_mine,korean,,오텀와,localization/korean/hub_names_l_korean.yml,2001
HUB_NAME_STATE_IOWA_farm,korean,,아이오와 시티,localization/korean/hub_names_l_korean.yml,2002
HUB_NAME_STATE_IOWA_wood,korean,,메이슨 시티,localization/korean/hub_names_l_korean.yml,2003
HUB_NAME_STATE_MINNESOTA_city,korean,,미니애폴리스,localization/korean/hub_names_l_korean.yml,2004
HUB_NAME_STATE_MINNESOTA_mine,korean,,덜루스,localization/korean/hub_names_l_korean.yml,2005
HUB_NAME_STATE_MINNESOTA_farm,korean,,세인트 클라우드,localization/korean/hub_names_l_korean.yml,2006
HUB_NAME_STATE_MINNESOTA_wood,korean,,에잇킨,localization/korean/hub_names_l_korean.yml,2007
HUB_NAME_STATE_SOUTH_DAKOTA_city,korean,,피어,localization/korean/hub_names_l_korean.yml,2008
HUB_NAME_STATE_SOUTH_DAKOTA_mine,korean,,데드우드,localization/korean/hub_names_l_korean.yml,2009
HUB_NAME_STATE_SOUTH_DAKOTA_farm,korean,,수 폴스,localization/korean/hub_names_l_korean.yml,2010
HUB_NAME_STATE_SOUTH_DAKOTA_wood,korean,,애버딘,localization/korean/hub_names_l_korean.yml,2011
HUB_NAME_STATE_NORTH_DAKOTA_city,korean,,비스마르크,localization/korean/hub_names_l_korean.yml,2012
HUB_NAME_STATE_NORTH_DAKOTA_mine,korean,,스탠턴,localization/korean/hub_names_l_korean.yml,2013
HUB_NAME_STATE_NORTH_DAKOTA_farm,korean,,마이놋,localization/korean/hub_names_l_korean.yml,2014
HUB_NAME_STATE_NORTH_DAKOTA_wood,korean,,데빌스 레이크,localization/korean/hub_names_l_korean.yml,2015
HUB_NAME_STATE_MONTANA_city,korean,,헬레나,localization/korean/hub_names_l_korean.yml,2016
HUB_NAME_STATE_MONTANA_mine,korean,,뷰트,localization/korean/hub_names_l_korean.yml,2017
HUB_NAME_STATE_MONTANA_farm,korean,,보즈먼,localization/korean/hub_names_l_korean.yml,2018
HUB_NAME_STATE_MONTANA_wood,korean,,미줄라,localization/korean/hub_names_l_korean.yml,2019
HUB_NAME_STATE_WYOMING_city,korean,,샤이엔,localization/korean/hub_names_l_korean.yml,2020
HUB_NAME_STATE_WYOMING_mine,korean,,록 스프링스,localization/korean/hub_names_l_korean.yml,2021
HUB_NAME_STATE_WYOMING_farm,korean,,더글라스,localization/korean/hub_names_l_korean.yml,2022
HUB_NAME_STATE_WYOMING_wood,korean,,코디,localization/korean/hub_names_l_korean.yml,2023
HUB_NAME_STATE_COLORADO_city,korean,,덴버,localization/korean/hub_names_l_korean.yml,2024
HUB_NAME_STATE_COLORADO_mine,korean,,리드빌,localization/korean/hub_names_l_korean.yml,2025
HUB_NAME_STATE_COLORADO_farm,korean,,푸에블로,localization/korean/hub_names_l_korean.yml,2026
HUB_NAME_STATE_COLORADO_wood,korean,,군니슨,localization/korean/hub_names_l_korean.yml,2027
HUB_NAME_STATE_NEW_MEXICO_city,korean,,산타 페,localization/korean/hub_names_l_korean.yml,2028
HUB_NAME_STATE_NEW_MEXICO_mine,korean,,알부케르케,localization/korean/hub_names_l_korean.yml,2029
HUB_NAME_STATE_NEW_MEXICO_farm,korean,,라스 크루시스,localization/korean/hub_names_l_korean.yml,2030
HUB_NAME_STATE_NEW_MEXICO_wood,korean,,루이도즈,localization/korean/hub_names_l_korean.yml,2031
HUB_NAME_STATE_ARIZONA_city,korean,,투손,localization/korean/hub_names_l_korean.yml,2032
HUB_NAME_STATE_ARIZONA_mine,korean,,피닉스,localization/korean/hub_names_l_korean.yml,2033
HUB_NAME_STATE_ARIZONA_farm,korean,,홀브룩,localization/korean/hub_names_l_korean.yml,2034
HUB_NAME_STATE_ARIZONA_wood,korean,,앤터로프 스프링,localization/korean/hub_names_l_korean.yml,2035
HUB_NAME_STATE_UTAH_city,korean,,솔트레이크 시티,localization/korean/hub_names_l_korean.yml,2036
HUB_NAME_STATE_UTAH_mine,korean,,세인트 조지,localization/korean/hub_names_l_korean.yml,2037
HUB_NAME_STATE_UTAH_farm,korean,,프로보,localization/korean/hub_names_l_korean.yml,2038
HUB_NAME_STATE_UTAH_wood,korean,,오그던,localization/korean/hub_names_l_korean.yml,2039
HUB_NAME_STATE_NEVADA_city,korean,,카슨 시티,localization/korean/hub_names_l_korean.yml,2040
HUB_NAME_STATE_NEVADA_mine,korean,,리노,localization/korean/hub_names_l_korean.yml,2041
HUB_NAME_STATE_NEVADA_farm,korean,,캔덜라리아,localization/korean/hub_names_l_korean.yml,2042
HUB_NAME_STATE_NEVADA_wood,korean,,엘코,localization/korean/hub_names_l_korean.yml,2043
HUB_NAME_STATE_IDAHO_city,korean,,보이시,localization/korean/hub_names_l_korean.yml,2044
HUB_NAME_STATE_IDAHO_mine,korean,,아이다호 폴즈,localization/korean/hub_names_l_korean.yml,2045
HUB_NAME_STATE_IDAHO_farm,korean,,포커텔로,localization/korean/hub_names_l_korean.yml,2046
HUB_NAME_STATE_IDAHO_wood,korean,,코어 드얼린,localization/korean/hub_names_l_korean.yml,2047
HUB_NAME_STATE_WASHINGTON_city,korean,,시애틀,localization/korean/hub_names_l_korean.yml,2048
HUB_NAME_STATE_WASHINGTON_port,korean,,타코마,localization/korean/hub_names_l_korean.yml,2049
HUB_NAME_STATE_WASHINGTON_mine,korean,,벨링햄,localization/korean/hub_names_l_korean.yml,2050
HUB_NAME_STATE_WASHINGTON_farm,korean,,왈라왈라,localization/korean/hub_names_l_korean.yml,2051
HUB_NAME_STATE_WASHINGTON_wood,korean,,스포캔,localization/korean/hub_names_l_korean.yml,2052
HUB_NAME_STATE_OREGON_city,korean,,포틀랜드,localization/korean/hub_names_l_korean.yml,2053
HUB_NAME_STATE_OREGON_port,korean,,애스토리아,localization/korean/hub_names_l_korean.yml,2054
HUB_NAME_STATE_OREGON_mine,korean,,알링턴,localization/korean/hub_names_l_korean.yml,2055
HUB_NAME_STATE_OREGON_farm,korean,,벤드,localization/korean/hub_names_l_korean.yml,2056
HUB_NAME_STATE_OREGON_wood,korean,,유진,localization/korean/hub_names_l_korean.yml,2057
HUB_NAME_STATE_CALIFORNIA_city,korean,,새크라멘토,localization/korean/hub_names_l_korean.yml,2058
HUB_NAME_STATE_CALIFORNIA_port,korean,,샌 프란시스코,localization/korean/hub_names_l_korean.yml,2059
HUB_NAME_STATE_CALIFORNIA_mine,korean,,로스 앤젤레스,localization/korean/hub_names_l_korean.yml,2060
HUB_NAME_STATE_CALIFORNIA_farm,korean,,프레스노,localization/korean/hub_names_l_korean.yml,2061
HUB_NAME_STATE_CALIFORNIA_wood,korean,,샤스타,localization/korean/hub_names_l_korean.yml,2062
HUB_NAME_STATE_BAJA_CALIFORNIA_city,korean,,라 파스,localization/korean/hub_names_l_korean.yml,2064
HUB_NAME_STATE_BAJA_CALIFORNIA_port,korean,,샌 퀀틴,localization/korean/hub_names_l_korean.yml,2065
HUB_NAME_STATE_BAJA_CALIFORNIA_mine,korean,,메히칼리,localization/korean/hub_names_l_korean.yml,2066
HUB_NAME_STATE_BAJA_CALIFORNIA_farm,korean,,카보 산 루카스,localization/korean/hub_names_l_korean.yml,2067
HUB_NAME_STATE_BAJA_CALIFORNIA_wood,korean,,산타 로살리아,localization/korean/hub_names_l_korean.yml,2068
HUB_NAME_STATE_SONORA_city,korean,,에르모시요,localization/korean/hub_names_l_korean.yml,2069
HUB_NAME_STATE_SONORA_port,korean,,과이마스,localization/korean/hub_names_l_korean.yml,2070
HUB_NAME_STATE_SONORA_mine,korean,,노갈레스,localization/korean/hub_names_l_korean.yml,2071
HUB_NAME_STATE_SONORA_farm,korean,,나보호아,localization/korean/hub_names_l_korean.yml,2072
HUB_NAME_STATE_SONORA_wood,korean,,카예매,localization/korean/hub_names_l_korean.yml,2073
HUB_NAME_STATE_CHIHUAHUA_city,korean,,치와와,localization/korean/hub_names_l_korean.yml,2074
HUB_NAME_STATE_CHIHUAHUA_mine,korean,,히메네스,localization/korean/hub_names_l_korean.yml,2076
HUB_NAME_STATE_CHIHUAHUA_farm,korean,,엘 파소 델 노르테,localization/korean/hub_names_l_korean.yml,2077
HUB_NAME_STATE_CHIHUAHUA_wood,korean,,쿠아우테목,localization/korean/hub_names_l_korean.yml,2078
HUB_NAME_STATE_DURANGO_city,korean,,듀랑고,localization/korean/hub_names_l_korean.yml,2079
HUB_NAME_STATE_DURANGO_mine,korean,,레르도,localization/korean/hub_names_l_korean.yml,2080
HUB_NAME_STATE_DURANGO_farm,korean,,산티아고 파파스키아로,localization/korean/hub_names_l_korean.yml,2081
HUB_NAME_STATE_DURANGO_wood,korean,,엘 살토,localization/korean/hub_names_l_korean.yml,2082
HUB_NAME_STATE_RIO_GRANDE_city,korean,,몬테레이,localization/korean/hub_names_l_korean.yml,2083
HUB_NAME_STATE_RIO_GRANDE_port,korean,,탐피코,localization/korean/hub_names_l_korean.yml,2084
HUB_NAME_STATE_RIO_GRANDE_mine,korean,,시우다드 바예스,localization/korean/hub_names_l_korean.yml,2085
HUB_NAME_STATE_RIO_GRANDE_farm,korean,,마타모로스,localization/korean/hub_names_l_korean.yml,2086
HUB_NAME_STATE_RIO_GRANDE_wood,korean,,시우다드 빅토리아,localization/korean/hub_names_l_korean.yml,2087
HUB_NAME_STATE_ZACATECAS_city,korean,,사카테카스,localization/korean/hub_names_l_korean.yml,2088
HUB_NAME_STATE_ZACATECAS_mine,korean,,프레스닐로,localization/korean/hub_names_l_korean.yml,2089
HUB_NAME_STATE_ZACATECAS_farm,korean,,잘파,localization/korean/hub_names_l_korean.yml,2090
HUB_NAME_STATE_ZACATECAS_wood,korean,,발파라이소,localization/korean/hub_names_l_korean.yml,2091
HUB_NAME_STATE_BAJIO_city,korean,,산 루이스 포토시,localization/korean/hub_names_l_korean.yml,2092
HUB_NAME_STATE_BAJIO_mine,korean,,과나후아토,localization/korean/hub_names_l_korean.yml,2093
HUB_NAME_STATE_BAJIO_farm,korean,,케레타로,localization/korean/hub_names_l_korean.yml,2094
HUB_NAME_STATE_BAJIO_wood,korean,,시우다드 바예스,localization/korean/hub_names_l_korean.yml,2095
HUB_NAME_STATE_OAXACA_city,korean,,오아하카,localization/korean/hub_names_l_korean.yml,2096
HUB_NAME_STATE_OAXACA_farm,korean,,산 페드로 포추틀라,localization/korean/hub_names_l_korean.yml,2097
HUB_NAME_STATE_OAXACA_mine,korean,,후아주아판 데 레온,localization/korean/hub_names_l_korean.yml,2098
HUB_NAME_STATE_OAXACA_wood,korean,,주치탄 데 자라고사,localization/korean/hub_names_l_korean.yml,2099
HUB_NAME_STATE_OAXACA_port,korean,,살리나 크루스,localization/korean/hub_names_l_korean.yml,2100
HUB_NAME_STATE_SINALOA_city,korean,,쿨리아칸,localization/korean/hub_names_l_korean.yml,2101
HUB_NAME_STATE_SINALOA_farm,korean,,로스 모치스,localization/korean/hub_names_l_korean.yml,2102
HUB_NAME_STATE_SINALOA_mine,korean,,과사베,localization/korean/hub_names_l_korean.yml,2103
HUB_NAME_STATE_SINALOA_wood,korean,,엘 푸에르테,localization/korean/hub_names_l_korean.yml,2104
HUB_NAME_STATE_SINALOA_port,korean,,마자틀란,localization/korean/hub_names_l_korean.yml,2105
HUB_NAME_STATE_JALISCO_city,korean,,과달라하라,localization/korean/hub_names_l_korean.yml,2106
HUB_NAME_STATE_JALISCO_port,korean,,푸에르토 바야르타,localization/korean/hub_names_l_korean.yml,2107
HUB_NAME_STATE_JALISCO_mine,korean,,아구아스칼리엔테스,localization/korean/hub_names_l_korean.yml,2108
HUB_NAME_STATE_JALISCO_farm,korean,,테픽,localization/korean/hub_names_l_korean.yml,2109
HUB_NAME_STATE_JALISCO_wood,korean,,콜리마,localization/korean/hub_names_l_korean.yml,2110
HUB_NAME_STATE_GUERRERO_city,korean,,칠판싱고,localization/korean/hub_names_l_korean.yml,2111
HUB_NAME_STATE_GUERRERO_port,korean,,아카풀코,localization/korean/hub_names_l_korean.yml,2112
HUB_NAME_STATE_GUERRERO_mine,korean,,톨루카,localization/korean/hub_names_l_korean.yml,2113
HUB_NAME_STATE_GUERRERO_farm,korean,,시와타네호,localization/korean/hub_names_l_korean.yml,2114
HUB_NAME_STATE_GUERRERO_wood,korean,,이괄라,localization/korean/hub_names_l_korean.yml,2115
HUB_NAME_STATE_MEXICO_city,korean,,멕시코 시티,localization/korean/hub_names_l_korean.yml,2116
HUB_NAME_STATE_MEXICO_port,korean,,아카풀코,localization/korean/hub_names_l_korean.yml,2117
HUB_NAME_STATE_MEXICO_mine,korean,,톨루카,localization/korean/hub_names_l_korean.yml,2118
HUB_NAME_STATE_MEXICO_farm,korean,,푸에블라,localization/korean/hub_names_l_korean.yml,2119
HUB_NAME_STATE_MEXICO_wood,korean,,칠파싱고,localization/korean/hub_names_l_korean.yml,2120
HUB_NAME_STATE_VERACRUZ_city,korean,,베라크루스,localization/korean/hub_names_l_korean.yml,2121
HUB_NAME_STATE_VERACRUZ_port,korean,,코아트사코알코스,localization/korean/hub_names_l_korean.yml,2122
HUB_NAME_STATE_VERACRUZ_mine,korean,,코르도바,localization/korean/hub_names_l_korean.yml,2123
HUB_NAME_STATE_VERACRUZ_farm,korean,,아카유칸,localization/korean/hub_names_l_korean.yml,2124
HUB_NAME_STATE_VERACRUZ_wood,korean,,살라파,localization/korean/hub_names_l_korean.yml,2125
HUB_NAME_STATE_YUCATAN_city,korean,,메리다,localization/korean/hub_names_l_korean.yml,2126
HUB_NAME_STATE_YUCATAN_port,korean,,시우다드 델 카르멘,localization/korean/hub_names_l_korean.yml,2127
HUB_NAME_STATE_YUCATAN_mine,korean,,파요 오비스포,localization/korean/hub_names_l_korean.yml,2128
HUB_NAME_STATE_YUCATAN_farm,korean,,칸쿤,localization/korean/hub_names_l_korean.yml,2129
HUB_NAME_STATE_YUCATAN_wood,korean,,캄페체,localization/korean/hub_names_l_korean.yml,2130
HUB_NAME_STATE_CHIAPAS_city,korean,,툭스틀라,localization/korean/hub_names_l_korean.yml,2131
HUB_NAME_STATE_CHIAPAS_port,korean,,라 푸에르타,localization/korean/hub_names_l_korean.yml,2132
HUB_NAME_STATE_CHIAPAS_mine,korean,,카르데나스,localization/korean/hub_names_l_korean.yml,2133
HUB_NAME_STATE_CHIAPAS_farm,korean,,마파스테펙,localization/korean/hub_names_l_korean.yml,2134
HUB_NAME_STATE_CHIAPAS_wood,korean,,타파출라,localization/korean/hub_names_l_korean.yml,2135
HUB_NAME_STATE_GUATEMALA_city,korean,,에스퀸틀라,localization/korean/hub_names_l_korean.yml,2136
HUB_NAME_STATE_GUATEMALA_port,korean,,벨리즈 시티,localization/korean/hub_names_l_korean.yml,2137
HUB_NAME_STATE_GUATEMALA_mine,korean,,과테말라,localization/korean/hub_names_l_korean.yml,2138
HUB_NAME_STATE_GUATEMALA_farm,korean,,모데스토 멘데스,localization/korean/hub_names_l_korean.yml,2139
HUB_NAME_STATE_GUATEMALA_wood,korean,,포틴 드 라스 플로레스,localization/korean/hub_names_l_korean.yml,2140
HUB_NAME_STATE_SAN_SALVADOR_city,korean,,산 살바도르,localization/korean/hub_names_l_korean.yml,2141
HUB_NAME_STATE_SAN_SALVADOR_port,korean,,아카후틀라,localization/korean/hub_names_l_korean.yml,2142
HUB_NAME_STATE_SAN_SALVADOR_mine,korean,,산타 아나,localization/korean/hub_names_l_korean.yml,2143
HUB_NAME_STATE_SAN_SALVADOR_farm,korean,,사카테콜루카,localization/korean/hub_names_l_korean.yml,2144
HUB_NAME_STATE_SAN_SALVADOR_wood,korean,,산 미겔,localization/korean/hub_names_l_korean.yml,2145
HUB_NAME_STATE_HONDURAS_city,korean,,테구시갈파,localization/korean/hub_names_l_korean.yml,2146
HUB_NAME_STATE_HONDURAS_port,korean,,푸에르토 코르테스,localization/korean/hub_names_l_korean.yml,2147
HUB_NAME_STATE_HONDURAS_mine,korean,,요로,localization/korean/hub_names_l_korean.yml,2148
HUB_NAME_STATE_HONDURAS_farm,korean,,토코아,localization/korean/hub_names_l_korean.yml,2149
HUB_NAME_STATE_HONDURAS_wood,korean,,산 페드로 술라,localization/korean/hub_names_l_korean.yml,2150
HUB_NAME_STATE_NICARAGUA_city,korean,,마나과,localization/korean/hub_names_l_korean.yml,2151
HUB_NAME_STATE_NICARAGUA_port,korean,,블루필즈,localization/korean/hub_names_l_korean.yml,2152
HUB_NAME_STATE_NICARAGUA_mine,korean,,에스텔리,localization/korean/hub_names_l_korean.yml,2153
HUB_NAME_STATE_NICARAGUA_farm,korean,,치난데가,localization/korean/hub_names_l_korean.yml,2154
HUB_NAME_STATE_NICARAGUA_wood,korean,,마타갈파,localization/korean/hub_names_l_korean.yml,2155
HUB_NAME_STATE_COSTA_RICA_city,korean,,산 호세,localization/korean/hub_names_l_korean.yml,2156
HUB_NAME_STATE_COSTA_RICA_port,korean,,푸에르토 리몬,localization/korean/hub_names_l_korean.yml,2157
HUB_NAME_STATE_COSTA_RICA_mine,korean,,카르타고,localization/korean/hub_names_l_korean.yml,2158
HUB_NAME_STATE_COSTA_RICA_farm,korean,,판도라,localization/korean/hub_names_l_korean.yml,2159
HUB_NAME_STATE_COSTA_RICA_wood,korean,,리베리아,localization/korean/hub_names_l_korean.yml,2160
HUB_NAME_STATE_PANAMA_city,korean,,파나마 시티,localization/korean/hub_names_l_korean.yml,2161
HUB_NAME_STATE_PANAMA_port,korean,,콜론,localization/korean/hub_names_l_korean.yml,2162
HUB_NAME_STATE_PANAMA_mine,korean,,다비드,localization/korean/hub_names_l_korean.yml,2163
HUB_NAME_STATE_PANAMA_farm,korean,,라스 타블라스,localization/korean/hub_names_l_korean.yml,2164
HUB_NAME_STATE_PANAMA_wood,korean,,산티아고,localization/korean/hub_names_l_korean.yml,2165
HUB_NAME_STATE_ANTIOQUIA_city,korean,,메델린,localization/korean/hub_names_l_korean.yml,2166
HUB_NAME_STATE_ANTIOQUIA_port,korean,,산타 마르타,localization/korean/hub_names_l_korean.yml,2167
HUB_NAME_STATE_ANTIOQUIA_mine,korean,,푸에르토 베리오,localization/korean/hub_names_l_korean.yml,2168
HUB_NAME_STATE_ANTIOQUIA_farm,korean,,카르타헤나,localization/korean/hub_names_l_korean.yml,2169
HUB_NAME_STATE_ANTIOQUIA_wood,korean,,부카라망가,localization/korean/hub_names_l_korean.yml,2170
HUB_NAME_STATE_CAUCA_city,korean,,칼리,localization/korean/hub_names_l_korean.yml,2171
HUB_NAME_STATE_CAUCA_port,korean,,부에나벤투라,localization/korean/hub_names_l_korean.yml,2172
HUB_NAME_STATE_CAUCA_mine,korean,,네이바,localization/korean/hub_names_l_korean.yml,2173
HUB_NAME_STATE_CAUCA_farm,korean,,파스토,localization/korean/hub_names_l_korean.yml,2174
HUB_NAME_STATE_CAUCA_wood,korean,,포파얀,localization/korean/hub_names_l_korean.yml,2175
HUB_NAME_STATE_CUNDINAMARCA_city,korean,,보고타,localization/korean/hub_names_l_korean.yml,2176
HUB_NAME_STATE_CUNDINAMARCA_mine,korean,,툰하,localization/korean/hub_names_l_korean.yml,2177
HUB_NAME_STATE_CUNDINAMARCA_farm,korean,,이바게,localization/korean/hub_names_l_korean.yml,2178
HUB_NAME_STATE_CUNDINAMARCA_wood,korean,,마니살레스,localization/korean/hub_names_l_korean.yml,2179
HUB_NAME_STATE_GUAVIARE_city,korean,,비야비센시오,localization/korean/hub_names_l_korean.yml,2180
HUB_NAME_STATE_GUAVIARE_mine,korean,,플로렌시아,localization/korean/hub_names_l_korean.yml,2181
HUB_NAME_STATE_GUAVIARE_farm,korean,,산 호세 델 과비아레,localization/korean/hub_names_l_korean.yml,2182
HUB_NAME_STATE_GUAVIARE_wood,korean,,푸에르토 카레뇨,localization/korean/hub_names_l_korean.yml,2183
HUB_NAME_STATE_ZULIA_city,korean,,바르키시메토,localization/korean/hub_names_l_korean.yml,2185
HUB_NAME_STATE_ZULIA_port,korean,,마라카이보,localization/korean/hub_names_l_korean.yml,2186
HUB_NAME_STATE_ZULIA_mine,korean,,산 크리스토발,localization/korean/hub_names_l_korean.yml,2187
HUB_NAME_STATE_ZULIA_farm,korean,,발렌시아,localization/korean/hub_names_l_korean.yml,2188
HUB_NAME_STATE_ZULIA_wood,korean,,메리다,localization/korean/hub_names_l_korean.yml,2189
HUB_NAME_STATE_MIRANDA_city,korean,,카라카스,localization/korean/hub_names_l_korean.yml,2190
HUB_NAME_STATE_MIRANDA_port,korean,,바르셀로나,localization/korean/hub_names_l_korean.yml,2191
HUB_NAME_STATE_MIRANDA_mine,korean,,바리나스,localization/korean/hub_names_l_korean.yml,2192
HUB_NAME_STATE_MIRANDA_farm,korean,,산 카를로스,localization/korean/hub_names_l_korean.yml,2193
HUB_NAME_STATE_MIRANDA_wood,korean,,산 페르난도 데 아푸레,localization/korean/hub_names_l_korean.yml,2194
HUB_NAME_STATE_BOLIVAR_city,korean,,시우다드 볼리바르,localization/korean/hub_names_l_korean.yml,2195
HUB_NAME_STATE_BOLIVAR_port,korean,,카루파노,localization/korean/hub_names_l_korean.yml,2196
HUB_NAME_STATE_BOLIVAR_mine,korean,,엘 티그레,localization/korean/hub_names_l_korean.yml,2197
HUB_NAME_STATE_BOLIVAR_farm,korean,,마투린,localization/korean/hub_names_l_korean.yml,2198
HUB_NAME_STATE_BOLIVAR_wood,korean,,시우다드 가이아나,localization/korean/hub_names_l_korean.yml,2199
HUB_NAME_STATE_GUAYANA_city,korean,,파라마리보,localization/korean/hub_names_l_korean.yml,2200
HUB_NAME_STATE_GUAYANA_port,korean,,조지타운,localization/korean/hub_names_l_korean.yml,2201
HUB_NAME_STATE_GUAYANA_farm,korean,,린덴,localization/korean/hub_names_l_korean.yml,2202
HUB_NAME_STATE_GUAYANA_wood,korean,,카옌,localization/korean/hub_names_l_korean.yml,2203
HUB_NAME_STATE_GUAYANA_mine,korean,,노이트게도트,localization/korean/hub_names_l_korean.yml,2204
HUB_NAME_STATE_PARA_city,korean,,벨렘,localization/korean/hub_names_l_korean.yml,2206
HUB_NAME_STATE_PARA_port,korean,,마카파,localization/korean/hub_names_l_korean.yml,2207
HUB_NAME_STATE_PARA_mine,korean,,아마파,localization/korean/hub_names_l_korean.yml,2208
HUB_NAME_STATE_PARA_farm,korean,,산타나,localization/korean/hub_names_l_korean.yml,2209
HUB_NAME_STATE_PARA_wood,korean,,산타렝,localization/korean/hub_names_l_korean.yml,2210
HUB_NAME_STATE_AMAZONAS_city,korean,,마나우스,localization/korean/hub_names_l_korean.yml,2211
HUB_NAME_STATE_AMAZONAS_mine,korean,,텔레,localization/korean/hub_names_l_korean.yml,2212
HUB_NAME_STATE_AMAZONAS_farm,korean,,사오 세바스티앙,localization/korean/hub_names_l_korean.yml,2213
HUB_NAME_STATE_AMAZONAS_wood,korean,,보아 비스타,localization/korean/hub_names_l_korean.yml,2214
HUB_NAME_STATE_MATO_GROSSO_city,korean,,캄푸 그란데,localization/korean/hub_names_l_korean.yml,2215
HUB_NAME_STATE_MATO_GROSSO_mine,korean,,혼도노폴리스,localization/korean/hub_names_l_korean.yml,2216
HUB_NAME_STATE_MATO_GROSSO_farm,korean,,쿠이아바,localization/korean/hub_names_l_korean.yml,2217
HUB_NAME_STATE_MATO_GROSSO_wood,korean,,코룸바,localization/korean/hub_names_l_korean.yml,2218
HUB_NAME_STATE_MARANHAO_city,korean,,사오 루이스,localization/korean/hub_names_l_korean.yml,2219
HUB_NAME_STATE_MARANHAO_port,korean,,투리아쿠 ,localization/korean/hub_names_l_korean.yml,2220
HUB_NAME_STATE_MARANHAO_mine,korean,,캐롤라이나,localization/korean/hub_names_l_korean.yml,2221
HUB_NAME_STATE_MARANHAO_farm,korean,,카시아스,localization/korean/hub_names_l_korean.yml,2222
HUB_NAME_STATE_MARANHAO_wood,korean,,임페라트리스,localization/korean/hub_names_l_korean.yml,2223
HUB_NAME_STATE_RIO_GRANDE_DO_NORTE_city,korean,,나탈,localization/korean/hub_names_l_korean.yml,2224
HUB_NAME_STATE_RIO_GRANDE_DO_NORTE_port,korean,,마카우,localization/korean/hub_names_l_korean.yml,2225
HUB_NAME_STATE_RIO_GRANDE_DO_NORTE_mine,korean,,파렐하스,localization/korean/hub_names_l_korean.yml,2226
HUB_NAME_STATE_RIO_GRANDE_DO_NORTE_farm,korean,,라예스,localization/korean/hub_names_l_korean.yml,2227
HUB_NAME_STATE_RIO_GRANDE_DO_NORTE_wood,korean,,카이코,localization/korean/hub_names_l_korean.yml,2228
HUB_NAME_STATE_PERNAMBUCO_city,korean,,헤시피,localization/korean/hub_names_l_korean.yml,2229
HUB_NAME_STATE_PERNAMBUCO_port,korean,,아라카주,localization/korean/hub_names_l_korean.yml,2230
HUB_NAME_STATE_PERNAMBUCO_mine,korean,,자보아탕,localization/korean/hub_names_l_korean.yml,2231
HUB_NAME_STATE_PERNAMBUCO_farm,korean,,살게이루,localization/korean/hub_names_l_korean.yml,2232
HUB_NAME_STATE_PERNAMBUCO_wood,korean,,카루아루,localization/korean/hub_names_l_korean.yml,2233
HUB_NAME_STATE_BAHIA_city,korean,,살바도르,localization/korean/hub_names_l_korean.yml,2234
HUB_NAME_STATE_BAHIA_port,korean,,일례우스,localization/korean/hub_names_l_korean.yml,2235
HUB_NAME_STATE_BAHIA_mine,korean,,비토리아 다 콘키스타,localization/korean/hub_names_l_korean.yml,2236
HUB_NAME_STATE_BAHIA_farm,korean,,주아제이루,localization/korean/hub_names_l_korean.yml,2237
HUB_NAME_STATE_BAHIA_wood,korean,,바헤이라스,localization/korean/hub_names_l_korean.yml,2238
HUB_NAME_STATE_MINAS_GERAIS_city,korean,,벨루 오리존치,localization/korean/hub_names_l_korean.yml,2239
HUB_NAME_STATE_MINAS_GERAIS_mine,korean,,파토스 지 미나스,localization/korean/hub_names_l_korean.yml,2240
HUB_NAME_STATE_MINAS_GERAIS_farm,korean,,우베라바,localization/korean/hub_names_l_korean.yml,2241
HUB_NAME_STATE_MINAS_GERAIS_wood,korean,,히베이랑 프레투,localization/korean/hub_names_l_korean.yml,2242
HUB_NAME_STATE_RIO_DE_JANEIRO_city,korean,,히우 지 자네이루,localization/korean/hub_names_l_korean.yml,2243
HUB_NAME_STATE_RIO_DE_JANEIRO_port,korean,,비토리아,localization/korean/hub_names_l_korean.yml,2244
HUB_NAME_STATE_RIO_DE_JANEIRO_farm,korean,,캄포스,localization/korean/hub_names_l_korean.yml,2245
HUB_NAME_STATE_RIO_DE_JANEIRO_wood,korean,,마누아수,localization/korean/hub_names_l_korean.yml,2246
HUB_NAME_STATE_RIO_DE_JANEIRO_mine,korean,,주이스 지 포라,localization/korean/hub_names_l_korean.yml,2247
HUB_NAME_STATE_SAO_PAULO_city,korean,,상 파울루,localization/korean/hub_names_l_korean.yml,2248
HUB_NAME_STATE_SAO_PAULO_port,korean,,산투스,localization/korean/hub_names_l_korean.yml,2249
HUB_NAME_STATE_SAO_PAULO_mine,korean,,캄피나스,localization/korean/hub_names_l_korean.yml,2250
HUB_NAME_STATE_SAO_PAULO_farm,korean,,마릴리아,localization/korean/hub_names_l_korean.yml,2251
HUB_NAME_STATE_SAO_PAULO_wood,korean,,상 호세 두 히우 프레투 ,localization/korean/hub_names_l_korean.yml,2252
HUB_NAME_STATE_PARANA_city,korean,,쿠리티바,localization/korean/hub_names_l_korean.yml,2253
HUB_NAME_STATE_PARANA_port,korean,,파라나구아,localization/korean/hub_names_l_korean.yml,2254
HUB_NAME_STATE_PARANA_mine,korean,,카스트로,localization/korean/hub_names_l_korean.yml,2255
HUB_NAME_STATE_PARANA_farm,korean,,자카레지뉴,localization/korean/hub_names_l_korean.yml,2256
HUB_NAME_STATE_PARANA_wood,korean,,카스카벨,localization/korean/hub_names_l_korean.yml,2257
HUB_NAME_STATE_RIO_GRANDE_DO_SUL_city,korean,,포르투 알레그리,localization/korean/hub_names_l_korean.yml,2258
HUB_NAME_STATE_RIO_GRANDE_DO_SUL_port,korean,,히우 그란데,localization/korean/hub_names_l_korean.yml,2259
HUB_NAME_STATE_RIO_GRANDE_DO_SUL_mine,korean,,크루즈 알타,localization/korean/hub_names_l_korean.yml,2260
HUB_NAME_STATE_RIO_GRANDE_DO_SUL_farm,korean,,산타 마리아,localization/korean/hub_names_l_korean.yml,2261
HUB_NAME_STATE_RIO_GRANDE_DO_SUL_wood,korean,,카시아스 두 술,localization/korean/hub_names_l_korean.yml,2262
HUB_NAME_STATE_URUGUAY_city,korean,,몬테비데우,localization/korean/hub_names_l_korean.yml,2263
HUB_NAME_STATE_URUGUAY_port,korean,,푼타 델 에스테,localization/korean/hub_names_l_korean.yml,2264
HUB_NAME_STATE_URUGUAY_farm,korean,,파이산두,localization/korean/hub_names_l_korean.yml,2265
HUB_NAME_STATE_URUGUAY_wood,korean,,멜로,localization/korean/hub_names_l_korean.yml,2266
HUB_NAME_STATE_URUGUAY_mine,korean,,바게,localization/korean/hub_names_l_korean.yml,2267
HUB_NAME_STATE_GOIAS_city,korean,,고이아스,localization/korean/hub_names_l_korean.yml,2268
HUB_NAME_STATE_GOIAS_mine,korean,,피레노폴리스,localization/korean/hub_names_l_korean.yml,2269
HUB_NAME_STATE_GOIAS_farm,korean,,리오 베르데,localization/korean/hub_names_l_korean.yml,2270
HUB_NAME_STATE_GOIAS_wood,korean,,포르토 임페리얼,localization/korean/hub_names_l_korean.yml,2271
HUB_NAME_STATE_PIAUI_city,korean,,오에이라스,localization/korean/hub_names_l_korean.yml,2272
HUB_NAME_STATE_PIAUI_port,korean,,파르나이바,localization/korean/hub_names_l_korean.yml,2273
HUB_NAME_STATE_PIAUI_mine,korean,,테레시나,localization/korean/hub_names_l_korean.yml,2274
HUB_NAME_STATE_PIAUI_farm,korean,,피코스,localization/korean/hub_names_l_korean.yml,2275
HUB_NAME_STATE_PIAUI_wood,korean,,사오 곤살로 데 아마란테,localization/korean/hub_names_l_korean.yml,2276
HUB_NAME_STATE_CEARA_city,korean,,포르탈레자,localization/korean/hub_names_l_korean.yml,2277
HUB_NAME_STATE_CEARA_port,korean,,카모심,localization/korean/hub_names_l_korean.yml,2278
HUB_NAME_STATE_CEARA_farm,korean,,이구아투,localization/korean/hub_names_l_korean.yml,2279
HUB_NAME_STATE_CEARA_wood,korean,,산타 키테리아,localization/korean/hub_names_l_korean.yml,2280
HUB_NAME_STATE_CEARA_mine,korean,,크라투,localization/korean/hub_names_l_korean.yml,2281
HUB_NAME_STATE_SANTA_CATARINA_city,korean,,라구나,localization/korean/hub_names_l_korean.yml,2282
HUB_NAME_STATE_SANTA_CATARINA_port,korean,,데스트레로,localization/korean/hub_names_l_korean.yml,2283
HUB_NAME_STATE_SANTA_CATARINA_mine,korean,,키르시우마,localization/korean/hub_names_l_korean.yml,2284
HUB_NAME_STATE_SANTA_CATARINA_farm,korean,,쿠리티바노스,localization/korean/hub_names_l_korean.yml,2285
HUB_NAME_STATE_SANTA_CATARINA_wood,korean,,라예스,localization/korean/hub_names_l_korean.yml,2286
HUB_NAME_STATE_ACRE_city,korean,,크루제이루 두 술,localization/korean/hub_names_l_korean.yml,2288
HUB_NAME_STATE_ACRE_mine,korean,,타라우아카,localization/korean/hub_names_l_korean.yml,2290
HUB_NAME_STATE_ACRE_farm,korean,,호드리게스 알베스,localization/korean/hub_names_l_korean.yml,2291
HUB_NAME_STATE_ACRE_wood,korean,,세나 마두레이라,localization/korean/hub_names_l_korean.yml,2292
HUB_NAME_STATE_PARAIBA_city,korean,,캄피나 그란데,localization/korean/hub_names_l_korean.yml,2293
HUB_NAME_STATE_PARAIBA_port,korean,,파라히바,localization/korean/hub_names_l_korean.yml,2294
HUB_NAME_STATE_PARAIBA_wood,korean,,피앙코,localization/korean/hub_names_l_korean.yml,2295
HUB_NAME_STATE_PARAIBA_farm,korean,,후아제리뉴,localization/korean/hub_names_l_korean.yml,2296
HUB_NAME_STATE_PARAIBA_mine,korean,,파토스,localization/korean/hub_names_l_korean.yml,2297
HUB_NAME_STATE_BUENOS_AIRES_city,korean,,부에노스 아이레스,localization/korean/hub_names_l_korean.yml,2299
HUB_NAME_STATE_BUENOS_AIRES_port,korean,,마르 델 플라타,localization/korean/hub_names_l_korean.yml,2300
HUB_NAME_STATE_BUENOS_AIRES_farm,korean,,바이아 블랑카,localization/korean/hub_names_l_korean.yml,2301
HUB_NAME_STATE_BUENOS_AIRES_wood,korean,,탄딜,localization/korean/hub_names_l_korean.yml,2302
HUB_NAME_STATE_BUENOS_AIRES_mine,korean,,트레스 아로요스,localization/korean/hub_names_l_korean.yml,2303
HUB_NAME_STATE_SANTA_FE_city,korean,,산타 페,localization/korean/hub_names_l_korean.yml,2304
HUB_NAME_STATE_SANTA_FE_port,korean,,사라테,localization/korean/hub_names_l_korean.yml,2305
HUB_NAME_STATE_SANTA_FE_farm,korean,,로사리오,localization/korean/hub_names_l_korean.yml,2306
HUB_NAME_STATE_SANTA_FE_wood,korean,,콘코디아,localization/korean/hub_names_l_korean.yml,2307
HUB_NAME_STATE_SANTA_FE_mine,korean,,라파엘라,localization/korean/hub_names_l_korean.yml,2308
HUB_NAME_STATE_CORRIENTES_city,korean,,포사다스,localization/korean/hub_names_l_korean.yml,2309
HUB_NAME_STATE_CORRIENTES_farm,korean,,코리엔테스,localization/korean/hub_names_l_korean.yml,2310
HUB_NAME_STATE_CORRIENTES_wood,korean,,고야,localization/korean/hub_names_l_korean.yml,2311
HUB_NAME_STATE_CORRIENTES_mine,korean,,에스키나,localization/korean/hub_names_l_korean.yml,2312
HUB_NAME_STATE_CHACO_city,korean,,레시스텐시아,localization/korean/hub_names_l_korean.yml,2313
HUB_NAME_STATE_CHACO_farm,korean,,포르모사,localization/korean/hub_names_l_korean.yml,2314
HUB_NAME_STATE_CHACO_wood,korean,,산티아고 델 에스테로,localization/korean/hub_names_l_korean.yml,2315
HUB_NAME_STATE_CHACO_mine,korean,,몬테 케마도,localization/korean/hub_names_l_korean.yml,2316
HUB_NAME_STATE_JUJUY_city,korean,,살타,localization/korean/hub_names_l_korean.yml,2317
HUB_NAME_STATE_JUJUY_mine,korean,,후후이,localization/korean/hub_names_l_korean.yml,2318
HUB_NAME_STATE_JUJUY_farm,korean,,오란,localization/korean/hub_names_l_korean.yml,2319
HUB_NAME_STATE_JUJUY_wood,korean,,야쿠이바,localization/korean/hub_names_l_korean.yml,2320
HUB_NAME_STATE_TUCUMAN_city,korean,,산 미겔 데 투쿠만,localization/korean/hub_names_l_korean.yml,2321
HUB_NAME_STATE_TUCUMAN_mine,korean,,라 리오하,localization/korean/hub_names_l_korean.yml,2322
HUB_NAME_STATE_TUCUMAN_farm,korean,,카타마르카,localization/korean/hub_names_l_korean.yml,2323
HUB_NAME_STATE_TUCUMAN_wood,korean,,티노가스타,localization/korean/hub_names_l_korean.yml,2324
HUB_NAME_STATE_LA_PAMPA_city,korean,,코르도바,localization/korean/hub_names_l_korean.yml,2325
HUB_NAME_STATE_LA_PAMPA_farm,korean,,산 루이스,localization/korean/hub_names_l_korean.yml,2326
HUB_NAME_STATE_LA_PAMPA_wood,korean,,퀴네스,localization/korean/hub_names_l_korean.yml,2327
HUB_NAME_STATE_LA_PAMPA_mine,korean,,헤수스 마리아,localization/korean/hub_names_l_korean.yml,2328
HUB_NAME_STATE_RIO_NEGRO_city,korean,,멘도사,localization/korean/hub_names_l_korean.yml,2329
HUB_NAME_STATE_RIO_NEGRO_farm,korean,,산타 로사,localization/korean/hub_names_l_korean.yml,2330
HUB_NAME_STATE_RIO_NEGRO_wood,korean,,산 라파엘,localization/korean/hub_names_l_korean.yml,2331
HUB_NAME_STATE_RIO_NEGRO_mine,korean,,산 후안,localization/korean/hub_names_l_korean.yml,2332
HUB_NAME_STATE_PATAGONIA_city,korean,,네우쿠엔,localization/korean/hub_names_l_korean.yml,2333
HUB_NAME_STATE_PATAGONIA_port,korean,,산 훌리안,localization/korean/hub_names_l_korean.yml,2334
HUB_NAME_STATE_PATAGONIA_mine,korean,,사팔라,localization/korean/hub_names_l_korean.yml,2335
HUB_NAME_STATE_PATAGONIA_farm,korean,,산 카를로스 데 바릴로체,localization/korean/hub_names_l_korean.yml,2336
HUB_NAME_STATE_PATAGONIA_wood,korean,,에스켈,localization/korean/hub_names_l_korean.yml,2337
HUB_NAME_STATE_SOUTH_ATLANTIC_ISLANDS_city,korean,,스탠리,localization/korean/hub_names_l_korean.yml,2338
HUB_NAME_STATE_SOUTH_ATLANTIC_ISLANDS_port,korean,,폭스 베이,localization/korean/hub_names_l_korean.yml,2339
HUB_NAME_STATE_SOUTH_ATLANTIC_ISLANDS_farm,korean,,노스 암,localization/korean/hub_names_l_korean.yml,2340
HUB_NAME_STATE_SOUTH_ATLANTIC_ISLANDS_mine,korean,,구스 그린,localization/korean/hub_names_l_korean.yml,2341
HUB_NAME_STATE_SOUTH_ATLANTIC_ISLANDS_wood,korean,,포트 하워드,localization/korean/hub_names_l_korean.yml,2342
HUB_NAME_STATE_ARAUCANIA_city,korean,,푼타 아레나스,localization/korean/hub_names_l_korean.yml,2344
HUB_NAME_STATE_ARAUCANIA_port,korean,,푸에르토 몬트,localization/korean/hub_names_l_korean.yml,2345
HUB_NAME_STATE_ARAUCANIA_mine,korean,,코이하이케,localization/korean/hub_names_l_korean.yml,2346
HUB_NAME_STATE_ARAUCANIA_farm,korean,,오소르노,localization/korean/hub_names_l_korean.yml,2347
HUB_NAME_STATE_ARAUCANIA_wood,korean,,차이텐,localization/korean/hub_names_l_korean.yml,2348
HUB_NAME_STATE_LOS_RIOS_city,korean,,콘셉시온,localization/korean/hub_names_l_korean.yml,2349
HUB_NAME_STATE_LOS_RIOS_port,korean,,발디비아,localization/korean/hub_names_l_korean.yml,2350
HUB_NAME_STATE_LOS_RIOS_mine,korean,,탈카,localization/korean/hub_names_l_korean.yml,2351
HUB_NAME_STATE_LOS_RIOS_farm,korean,,테무코,localization/korean/hub_names_l_korean.yml,2352
HUB_NAME_STATE_LOS_RIOS_wood,korean,,비야리카,localization/korean/hub_names_l_korean.yml,2353
HUB_NAME_STATE_SANTIAGO_city,korean,,산티아고,localization/korean/hub_names_l_korean.yml,2354
HUB_NAME_STATE_SANTIAGO_port,korean,,발파라이소,localization/korean/hub_names_l_korean.yml,2355
HUB_NAME_STATE_SANTIAGO_mine,korean,,코피아포,localization/korean/hub_names_l_korean.yml,2356
HUB_NAME_STATE_SANTIAGO_farm,korean,,라 세레나,localization/korean/hub_names_l_korean.yml,2357
HUB_NAME_STATE_SANTIAGO_wood,korean,,랑카과,localization/korean/hub_names_l_korean.yml,2358
HUB_NAME_STATE_ANTOFAGASTA_city,korean,,안토파가스타,localization/korean/hub_names_l_korean.yml,2360
HUB_NAME_STATE_ANTOFAGASTA_port,korean,,탈탈,localization/korean/hub_names_l_korean.yml,2361
HUB_NAME_STATE_ANTOFAGASTA_mine,korean,,칼라마,localization/korean/hub_names_l_korean.yml,2362
HUB_NAME_STATE_ANTOFAGASTA_farm,korean,,토코피야,localization/korean/hub_names_l_korean.yml,2363
HUB_NAME_STATE_ANTOFAGASTA_wood,korean,,산 페드로 데 아타카마,localization/korean/hub_names_l_korean.yml,2364
HUB_NAME_STATE_POTOSI_city,korean,,수크레,localization/korean/hub_names_l_korean.yml,2365
HUB_NAME_STATE_POTOSI_mine,korean,,우유니,localization/korean/hub_names_l_korean.yml,2366
HUB_NAME_STATE_POTOSI_farm,korean,,오루로,localization/korean/hub_names_l_korean.yml,2367
HUB_NAME_STATE_POTOSI_wood,korean,,포토시,localization/korean/hub_names_l_korean.yml,2368
HUB_NAME_STATE_SANTA_CRUZ_city,korean,,산타 크루스,localization/korean/hub_names_l_korean.yml,2369
HUB_NAME_STATE_SANTA_CRUZ_farm,korean,,몬테로,localization/korean/hub_names_l_korean.yml,2370
HUB_NAME_STATE_SANTA_CRUZ_wood,korean,,산토 코라손,localization/korean/hub_names_l_korean.yml,2371
HUB_NAME_STATE_SANTA_CRUZ_mine,korean,,코룸바,localization/korean/hub_names_l_korean.yml,2372
HUB_NAME_STATE_ALTO_PARAGUAY_city,korean,,포소 콜로라도,localization/korean/hub_names_l_korean.yml,2373
HUB_NAME_STATE_ALTO_PARAGUAY_farm,korean,,마리스칼 에스티가리비아,localization/korean/hub_names_l_korean.yml,2374
HUB_NAME_STATE_ALTO_PARAGUAY_mine,korean,,독토르 페드로 페.페냐,localization/korean/hub_names_l_korean.yml,2375
HUB_NAME_STATE_ALTO_PARAGUAY_wood,korean,,푸에르토 올림포,localization/korean/hub_names_l_korean.yml,2376
HUB_NAME_STATE_BAJO_PARAGUAY_city,korean,,아순시온,localization/korean/hub_names_l_korean.yml,2377
HUB_NAME_STATE_BAJO_PARAGUAY_mine,korean,,페드로 후안 카바예로,localization/korean/hub_names_l_korean.yml,2378
HUB_NAME_STATE_BAJO_PARAGUAY_farm,korean,,시우다드 델 에스테,localization/korean/hub_names_l_korean.yml,2379
HUB_NAME_STATE_BAJO_PARAGUAY_wood,korean,,엔카르나시온,localization/korean/hub_names_l_korean.yml,2380
HUB_NAME_STATE_LA_PAZ_city,korean,,라 파스,localization/korean/hub_names_l_korean.yml,2381
HUB_NAME_STATE_LA_PAZ_mine,korean,,비아차,localization/korean/hub_names_l_korean.yml,2382
HUB_NAME_STATE_LA_PAZ_farm,korean,,트리니다드,localization/korean/hub_names_l_korean.yml,2383
HUB_NAME_STATE_LA_PAZ_wood,korean,,코차밤바,localization/korean/hub_names_l_korean.yml,2384
HUB_NAME_STATE_TARAPACA_city,korean,,이퀴케,localization/korean/hub_names_l_korean.yml,2386
HUB_NAME_STATE_TARAPACA_port,korean,,피사과,localization/korean/hub_names_l_korean.yml,2387
HUB_NAME_STATE_TARAPACA_mine,korean,,훔베르스토네,localization/korean/hub_names_l_korean.yml,2388
HUB_NAME_STATE_TARAPACA_farm,korean,,아리카,localization/korean/hub_names_l_korean.yml,2389
HUB_NAME_STATE_TARAPACA_wood,korean,,푸트레,localization/korean/hub_names_l_korean.yml,2390
HUB_NAME_STATE_AREQUIPA_city,korean,,아레퀴파,localization/korean/hub_names_l_korean.yml,2391
HUB_NAME_STATE_AREQUIPA_port,korean,,모옌도,localization/korean/hub_names_l_korean.yml,2392
HUB_NAME_STATE_AREQUIPA_mine,korean,,모케과,localization/korean/hub_names_l_korean.yml,2393
HUB_NAME_STATE_AREQUIPA_farm,korean,,타크나,localization/korean/hub_names_l_korean.yml,2394
HUB_NAME_STATE_AREQUIPA_wood,korean,,푸노,localization/korean/hub_names_l_korean.yml,2395
HUB_NAME_STATE_ICA_city,korean,,쿠스코,localization/korean/hub_names_l_korean.yml,2396
HUB_NAME_STATE_ICA_port,korean,,피스코,localization/korean/hub_names_l_korean.yml,2397
HUB_NAME_STATE_ICA_mine,korean,,아야쿠초,localization/korean/hub_names_l_korean.yml,2398
HUB_NAME_STATE_ICA_farm,korean,,이카,localization/korean/hub_names_l_korean.yml,2399
HUB_NAME_STATE_ICA_wood,korean,,푸에르토 말도나도,localization/korean/hub_names_l_korean.yml,2400
HUB_NAME_STATE_LIMA_city,korean,,리마,localization/korean/hub_names_l_korean.yml,2401
HUB_NAME_STATE_LIMA_port,korean,,카야오,localization/korean/hub_names_l_korean.yml,2402
HUB_NAME_STATE_LIMA_mine,korean,,우안카요,localization/korean/hub_names_l_korean.yml,2403
HUB_NAME_STATE_LIMA_farm,korean,,푸칼파,localization/korean/hub_names_l_korean.yml,2404
HUB_NAME_STATE_LIMA_wood,korean,,우아누코,localization/korean/hub_names_l_korean.yml,2405
HUB_NAME_STATE_CAJAMARCA_city,korean,,트루히요,localization/korean/hub_names_l_korean.yml,2406
HUB_NAME_STATE_CAJAMARCA_port,korean,,치클라요,localization/korean/hub_names_l_korean.yml,2407
HUB_NAME_STATE_CAJAMARCA_mine,korean,,카하마르카,localization/korean/hub_names_l_korean.yml,2408
HUB_NAME_STATE_CAJAMARCA_farm,korean,,피우라,localization/korean/hub_names_l_korean.yml,2409
HUB_NAME_STATE_CAJAMARCA_wood,korean,,모요밤바,localization/korean/hub_names_l_korean.yml,2410
HUB_NAME_STATE_PASTAZA_city,korean,,이퀴토스,localization/korean/hub_names_l_korean.yml,2411
HUB_NAME_STATE_PASTAZA_mine,korean,,치리아코,localization/korean/hub_names_l_korean.yml,2412
HUB_NAME_STATE_PASTAZA_farm,korean,,나우타,localization/korean/hub_names_l_korean.yml,2413
HUB_NAME_STATE_PASTAZA_wood,korean,,유리마과스,localization/korean/hub_names_l_korean.yml,2414
HUB_NAME_STATE_ECUADOR_city,korean,,퀴토,localization/korean/hub_names_l_korean.yml,2415
HUB_NAME_STATE_ECUADOR_port,korean,,산 로렌소,localization/korean/hub_names_l_korean.yml,2416
HUB_NAME_STATE_ECUADOR_mine,korean,,쿠엥카,localization/korean/hub_names_l_korean.yml,2417
HUB_NAME_STATE_ECUADOR_farm,korean,,과야킬,localization/korean/hub_names_l_korean.yml,2418
HUB_NAME_STATE_ECUADOR_wood,korean,,암바토,localization/korean/hub_names_l_korean.yml,2419
HUB_NAME_STATE_JAMAICA_city,korean,,킹스턴,localization/korean/hub_names_l_korean.yml,2420
HUB_NAME_STATE_JAMAICA_port,korean,,포트 로열,localization/korean/hub_names_l_korean.yml,2421
HUB_NAME_STATE_JAMAICA_mine,korean,,이름,localization/korean/hub_names_l_korean.yml,2422
HUB_NAME_STATE_JAMAICA_farm,korean,,몬테고 베이,localization/korean/hub_names_l_korean.yml,2423
HUB_NAME_STATE_JAMAICA_wood,korean,,이름,localization/korean/hub_names_l_korean.yml,2424
HUB_NAME_STATE_CUBA_city,korean,,하바나,localization/korean/hub_names_l_korean.yml,2425
HUB_NAME_STATE_CUBA_port,korean,,산티아고 데 쿠바,localization/korean/hub_names_l_korean.yml,2426
HUB_NAME_STATE_CUBA_mine,korean,,관타나모,localization/korean/hub_names_l_korean.yml,2427
HUB_NAME_STATE_CUBA_farm,korean,,포르토프랭스,localization/korean/hub_names_l_korean.yml,2428
HUB_NAME_STATE_CUBA_wood,korean,,산타 클라라,localization/korean/hub_names_l_korean.yml,2429
HUB_NAME_STATE_BAHAMAS_city,korean,,콩고 타운,localization/korean/hub_names_l_korean.yml,2430
HUB_NAME_STATE_BAHAMAS_port,korean,,나사우,localization/korean/hub_names_l_korean.yml,2431
HUB_NAME_STATE_BAHAMAS_mine,korean,,이름,localization/korean/hub_names_l_korean.yml,2432
HUB_NAME_STATE_BAHAMAS_farm,korean,,니콜스 타운,localization/korean/hub_names_l_korean.yml,2433
HUB_NAME_STATE_BAHAMAS_wood,korean,,안드로스 타운,localization/korean/hub_names_l_korean.yml,2434
HUB_NAME_STATE_HAITI_city,korean,,카프아이시앵,localization/korean/hub_names_l_korean.yml,2435
HUB_NAME_STATE_HAITI_port,korean,,포르 토 프랭스,localization/korean/hub_names_l_korean.yml,2436
HUB_NAME_STATE_HAITI_mine,korean,,코르니용,localization/korean/hub_names_l_korean.yml,2437
HUB_NAME_STATE_HAITI_farm,korean,,자크멜,localization/korean/hub_names_l_korean.yml,2438
HUB_NAME_STATE_HAITI_wood,korean,,르 카예,localization/korean/hub_names_l_korean.yml,2439
HUB_NAME_STATE_SANTO_DOMINGO_city,korean,,산티아고 데 로스 카바예로스,localization/korean/hub_names_l_korean.yml,2440
HUB_NAME_STATE_SANTO_DOMINGO_port,korean,,산토 도밍고,localization/korean/hub_names_l_korean.yml,2441
HUB_NAME_STATE_SANTO_DOMINGO_mine,korean,,라 베가,localization/korean/hub_names_l_korean.yml,2442
HUB_NAME_STATE_SANTO_DOMINGO_farm,korean,,이궤이,localization/korean/hub_names_l_korean.yml,2443
HUB_NAME_STATE_SANTO_DOMINGO_wood,korean,,나과,localization/korean/hub_names_l_korean.yml,2444
HUB_NAME_STATE_PUERTO_RICO_city,korean,,폰세,localization/korean/hub_names_l_korean.yml,2445
HUB_NAME_STATE_PUERTO_RICO_port,korean,,산 후안,localization/korean/hub_names_l_korean.yml,2446
HUB_NAME_STATE_PUERTO_RICO_farm,korean,,카구아스,localization/korean/hub_names_l_korean.yml,2448
HUB_NAME_STATE_PUERTO_RICO_wood,korean,,마야구에즈,localization/korean/hub_names_l_korean.yml,2449
HUB_NAME_STATE_WEST_INDIES_city,korean,,생피에르,localization/korean/hub_names_l_korean.yml,2450
HUB_NAME_STATE_WEST_INDIES_port,korean,,캐스트리스,localization/korean/hub_names_l_korean.yml,2451
HUB_NAME_STATE_WEST_INDIES_mine,korean,,킹스타운,localization/korean/hub_names_l_korean.yml,2452
HUB_NAME_STATE_WEST_INDIES_farm,korean,,크리스찬스테드,localization/korean/hub_names_l_korean.yml,2453
HUB_NAME_STATE_WEST_INDIES_wood,korean,,브라사 테르,localization/korean/hub_names_l_korean.yml,2454
HUB_NAME_STATE_MALTA_city,korean,,미디나,localization/korean/hub_names_l_korean.yml,2455
HUB_NAME_STATE_MALTA_port,korean,,발레타,localization/korean/hub_names_l_korean.yml,2456
HUB_NAME_STATE_MALTA_farm,korean,,세인트 폴 베이,localization/korean/hub_names_l_korean.yml,2457
HUB_NAME_STATE_CAPE_VERDE_city,korean,,프라이아,localization/korean/hub_names_l_korean.yml,2458
HUB_NAME_STATE_CAPE_VERDE_port,korean,,푸르나,localization/korean/hub_names_l_korean.yml,2459
HUB_NAME_STATE_CAPE_VERDE_mine,korean,,살 헤이,localization/korean/hub_names_l_korean.yml,2460
HUB_NAME_STATE_CAPE_VERDE_farm,korean,,상 필리프,localization/korean/hub_names_l_korean.yml,2461
HUB_NAME_STATE_CAPE_VERDE_wood,korean,,빌라 두 마이우,localization/korean/hub_names_l_korean.yml,2462
STATE_CANARY_ISLANDS_city,korean,,산타 크루스,localization/korean/hub_names_l_korean.yml,2463
STATE_CANARY_ISLANDS_port,korean,,코스타 아데헤,localization/korean/hub_names_l_korean.yml,2464
STATE_CANARY_ISLANDS_mine,korean,,라스 팔마스,localization/korean/hub_names_l_korean.yml,2465
STATE_CANARY_ISLANDS_farm,korean,,푸에르토 델 로사리오,localization/korean/hub_names_l_korean.yml,2466
STATE_CANARY_ISLANDS_wood,korean,,아레시페,localization/korean/hub_names_l_korean.yml,2467
STATE_MADEIRA_city,korean,,빌라 발레이라,localization/korean/hub_names_l_korean.yml,2468
STATE_MADEIRA_port,korean,,푼샬,localization/korean/hub_names_l_korean.yml,2469
STATE_MADEIRA_mine,korean,,상 비센체,localization/korean/hub_names_l_korean.yml,2470
STATE_MADEIRA_farm,korean,,포르토 모니스,localization/korean/hub_names_l_korean.yml,2471
STATE_MADEIRA_wood,korean,,이스트레이투 다 칼례타,localization/korean/hub_names_l_korean.yml,2472
HUB_NAME_STATE_AL_RIF_city,korean,,탠지어,localization/korean/hub_names_l_korean.yml,2474
HUB_NAME_STATE_AL_RIF_port,korean,,멜리야,localization/korean/hub_names_l_korean.yml,2475
HUB_NAME_STATE_AL_RIF_mine,korean,,타자,localization/korean/hub_names_l_korean.yml,2476
HUB_NAME_STATE_AL_RIF_farm,korean,,우지다,localization/korean/hub_names_l_korean.yml,2477
HUB_NAME_STATE_AL_RIF_wood,korean,,크사르 엘 케비르,localization/korean/hub_names_l_korean.yml,2478
HUB_NAME_STATE_FEZ_city,korean,,페즈,localization/korean/hub_names_l_korean.yml,2479
HUB_NAME_STATE_FEZ_port,korean,,라바트,localization/korean/hub_names_l_korean.yml,2480
HUB_NAME_STATE_FEZ_mine,korean,,시디 카쳄,localization/korean/hub_names_l_korean.yml,2481
HUB_NAME_STATE_FEZ_farm,korean,,메크네스,localization/korean/hub_names_l_korean.yml,2482
HUB_NAME_STATE_FEZ_wood,korean,,케니트라,localization/korean/hub_names_l_korean.yml,2483
HUB_NAME_STATE_MARRAKECH_city,korean,,마라케시,localization/korean/hub_names_l_korean.yml,2484
HUB_NAME_STATE_MARRAKECH_port,korean,,카사블랑카,localization/korean/hub_names_l_korean.yml,2485
HUB_NAME_STATE_MARRAKECH_mine,korean,,베니 멜랄,localization/korean/hub_names_l_korean.yml,2486
HUB_NAME_STATE_MARRAKECH_farm,korean,,셋타트,localization/korean/hub_names_l_korean.yml,2487
HUB_NAME_STATE_MARRAKECH_wood,korean,,사피,localization/korean/hub_names_l_korean.yml,2488
HUB_NAME_STATE_INNER_MOROCCO_city,korean,,구엘민,localization/korean/hub_names_l_korean.yml,2489
HUB_NAME_STATE_INNER_MOROCCO_port,korean,,아가디르,localization/korean/hub_names_l_korean.yml,2490
HUB_NAME_STATE_INNER_MOROCCO_mine,korean,,크사르 에스 수크,localization/korean/hub_names_l_korean.yml,2491
HUB_NAME_STATE_INNER_MOROCCO_farm,korean,,와르자자트,localization/korean/hub_names_l_korean.yml,2492
HUB_NAME_STATE_INNER_MOROCCO_wood,korean,,티즈니트,localization/korean/hub_names_l_korean.yml,2493
HUB_NAME_STATE_WEST_SAHARA_city,korean,,라유네,localization/korean/hub_names_l_korean.yml,2494
HUB_NAME_STATE_WEST_SAHARA_port,korean,,다클라,localization/korean/hub_names_l_korean.yml,2495
HUB_NAME_STATE_WEST_SAHARA_mine,korean,,엣 세마라,localization/korean/hub_names_l_korean.yml,2496
HUB_NAME_STATE_WEST_SAHARA_farm,korean,,비르 간두즈,localization/korean/hub_names_l_korean.yml,2497
HUB_NAME_STATE_WEST_SAHARA_wood,korean,,임리리,localization/korean/hub_names_l_korean.yml,2498
HUB_NAME_STATE_MAURITANIA_city,korean,,상그라베,localization/korean/hub_names_l_korean.yml,2499
HUB_NAME_STATE_MAURITANIA_port,korean,,누악쇼트,localization/korean/hub_names_l_korean.yml,2500
HUB_NAME_STATE_MAURITANIA_mine,korean,,악주즈트,localization/korean/hub_names_l_korean.yml,2501
HUB_NAME_STATE_MAURITANIA_farm,korean,,카에디,localization/korean/hub_names_l_korean.yml,2502
HUB_NAME_STATE_MAURITANIA_wood,korean,,로소,localization/korean/hub_names_l_korean.yml,2503
HUB_NAME_STATE_INNER_MAURITANIA_city,korean,,키파,localization/korean/hub_names_l_korean.yml,2504
HUB_NAME_STATE_INNER_MAURITANIA_mine,korean,,프데릭,localization/korean/hub_names_l_korean.yml,2505
HUB_NAME_STATE_INNER_MAURITANIA_farm,korean,,네마,localization/korean/hub_names_l_korean.yml,2506
HUB_NAME_STATE_INNER_MAURITANIA_wood,korean,,비르 모그레인,localization/korean/hub_names_l_korean.yml,2507
HUB_NAME_STATE_TIMBUKTU_city,korean,,가오,localization/korean/hub_names_l_korean.yml,2508
HUB_NAME_STATE_TIMBUKTU_mine,korean,,아라우아네,localization/korean/hub_names_l_korean.yml,2509
HUB_NAME_STATE_TIMBUKTU_farm,korean,,팀북투,localization/korean/hub_names_l_korean.yml,2510
HUB_NAME_STATE_TIMBUKTU_wood,korean,,구르마르하루스,localization/korean/hub_names_l_korean.yml,2511
HUB_NAME_STATE_EAST_SAHARA_city,korean,,투구르,localization/korean/hub_names_l_korean.yml,2512
HUB_NAME_STATE_EAST_SAHARA_mine,korean,,우아르글라,localization/korean/hub_names_l_korean.yml,2513
HUB_NAME_STATE_EAST_SAHARA_farm,korean,,사우프,localization/korean/hub_names_l_korean.yml,2514
HUB_NAME_STATE_EAST_SAHARA_wood,korean,,틴 자우틴,localization/korean/hub_names_l_korean.yml,2515
HUB_NAME_STATE_SAHARA_city,korean,,가르다이아,localization/korean/hub_names_l_korean.yml,2516
HUB_NAME_STATE_SAHARA_mine,korean,,아드라,localization/korean/hub_names_l_korean.yml,2517
HUB_NAME_STATE_SAHARA_farm,korean,,베샤르,localization/korean/hub_names_l_korean.yml,2518
HUB_NAME_STATE_SAHARA_wood,korean,,라구아트,localization/korean/hub_names_l_korean.yml,2519
HUB_NAME_STATE_CONSTANTINE_city,korean,,콘스탄티네,localization/korean/hub_names_l_korean.yml,2520
HUB_NAME_STATE_CONSTANTINE_mine,korean,,테베사,localization/korean/hub_names_l_korean.yml,2521
HUB_NAME_STATE_CONSTANTINE_farm,korean,,부지,localization/korean/hub_names_l_korean.yml,2522
HUB_NAME_STATE_CONSTANTINE_wood,korean,,세티프,localization/korean/hub_names_l_korean.yml,2523
HUB_NAME_STATE_CONSTANTINE_port,korean,,보나,localization/korean/hub_names_l_korean.yml,2524
HUB_NAME_STATE_ORAN_city,korean,,마스카라,localization/korean/hub_names_l_korean.yml,2525
HUB_NAME_STATE_ORAN_port,korean,,오란,localization/korean/hub_names_l_korean.yml,2526
HUB_NAME_STATE_ORAN_mine,korean,,에인 세프라,localization/korean/hub_names_l_korean.yml,2527
HUB_NAME_STATE_ORAN_farm,korean,,모스타가넴,localization/korean/hub_names_l_korean.yml,2528
HUB_NAME_STATE_ORAN_wood,korean,,틀렘센,localization/korean/hub_names_l_korean.yml,2529
HUB_NAME_STATE_ALGIERS_city,korean,,알제,localization/korean/hub_names_l_korean.yml,2530
HUB_NAME_STATE_ALGIERS_port,korean,,셰르셸,localization/korean/hub_names_l_korean.yml,2531
HUB_NAME_STATE_ALGIERS_mine,korean,,젤파,localization/korean/hub_names_l_korean.yml,2532
HUB_NAME_STATE_ALGIERS_farm,korean,,메데아,localization/korean/hub_names_l_korean.yml,2533
HUB_NAME_STATE_ALGIERS_wood,korean,,테네스,localization/korean/hub_names_l_korean.yml,2534
HUB_NAME_STATE_TUNISIA_city,korean,,튀니스,localization/korean/hub_names_l_korean.yml,2535
HUB_NAME_STATE_TUNISIA_port,korean,,스팍스,localization/korean/hub_names_l_korean.yml,2536
HUB_NAME_STATE_TUNISIA_mine,korean,,카세린,localization/korean/hub_names_l_korean.yml,2537
HUB_NAME_STATE_TUNISIA_farm,korean,,가베스,localization/korean/hub_names_l_korean.yml,2538
HUB_NAME_STATE_TUNISIA_wood,korean,,베자,localization/korean/hub_names_l_korean.yml,2539
HUB_NAME_STATE_TRIPOLI_city,korean,,사바,localization/korean/hub_names_l_korean.yml,2540
HUB_NAME_STATE_TRIPOLI_port,korean,,트리폴리,localization/korean/hub_names_l_korean.yml,2541
HUB_NAME_STATE_TRIPOLI_mine,korean,,가다미스,localization/korean/hub_names_l_korean.yml,2542
HUB_NAME_STATE_TRIPOLI_farm,korean,,티마샤,localization/korean/hub_names_l_korean.yml,2543
HUB_NAME_STATE_TRIPOLI_wood,korean,,무르주크,localization/korean/hub_names_l_korean.yml,2544
HUB_NAME_STATE_LIBYAN_DESERT_city,korean,,알 쿠프라,localization/korean/hub_names_l_korean.yml,2545
HUB_NAME_STATE_LIBYAN_DESERT_mine,korean,,타지르부,localization/korean/hub_names_l_korean.yml,2546
HUB_NAME_STATE_LIBYAN_DESERT_farm,korean,,아즈다비야,localization/korean/hub_names_l_korean.yml,2547
HUB_NAME_STATE_LIBYAN_DESERT_wood,korean,,마라다,localization/korean/hub_names_l_korean.yml,2548
HUB_NAME_STATE_LIBYA_city,korean,,벵가지,localization/korean/hub_names_l_korean.yml,2549
HUB_NAME_STATE_LIBYA_port,korean,,미스라타,localization/korean/hub_names_l_korean.yml,2550
HUB_NAME_STATE_LIBYA_mine,korean,,앗 주와이티나,localization/korean/hub_names_l_korean.yml,2551
HUB_NAME_STATE_LIBYA_farm,korean,,시르트,localization/korean/hub_names_l_korean.yml,2552
HUB_NAME_STATE_LIBYA_wood,korean,,알 바이다,localization/korean/hub_names_l_korean.yml,2553
HUB_NAME_STATE_MATRUH_city,korean,,엘 살룸,localization/korean/hub_names_l_korean.yml,2554
HUB_NAME_STATE_MATRUH_port,korean,,마르사 마트루,localization/korean/hub_names_l_korean.yml,2555
HUB_NAME_STATE_MATRUH_farm,korean,,엘 다바,localization/korean/hub_names_l_korean.yml,2556
HUB_NAME_STATE_MATRUH_wood,korean,,시디 바시디 바라니라니,localization/korean/hub_names_l_korean.yml,2557
HUB_NAME_STATE_MATRUH_mine,korean,,시와,localization/korean/hub_names_l_korean.yml,2558
HUB_NAME_STATE_LOWER_EGYPT_city,korean,,카이로,localization/korean/hub_names_l_korean.yml,2559
HUB_NAME_STATE_LOWER_EGYPT_port,korean,,알렉산드리아,localization/korean/hub_names_l_korean.yml,2560
HUB_NAME_STATE_LOWER_EGYPT_mine,korean,,게벨 이웨이비드,localization/korean/hub_names_l_korean.yml,2561
HUB_NAME_STATE_LOWER_EGYPT_farm,korean,,바나,localization/korean/hub_names_l_korean.yml,2562
HUB_NAME_STATE_LOWER_EGYPT_wood,korean,,기자,localization/korean/hub_names_l_korean.yml,2563
HUB_NAME_STATE_SINAI_city,korean,,포트 사이드,localization/korean/hub_names_l_korean.yml,2564
HUB_NAME_STATE_SINAI_port,korean,,수에즈,localization/korean/hub_names_l_korean.yml,2565
HUB_NAME_STATE_SINAI_mine,korean,,엘 토르,localization/korean/hub_names_l_korean.yml,2566
HUB_NAME_STATE_SINAI_farm,korean,,네켈,localization/korean/hub_names_l_korean.yml,2567
HUB_NAME_STATE_SINAI_wood,korean,,아리쉬,localization/korean/hub_names_l_korean.yml,2568
HUB_NAME_STATE_MIDDLE_EGYPT_city,korean,,베니 쉐프,localization/korean/hub_names_l_korean.yml,2569
HUB_NAME_STATE_MIDDLE_EGYPT_port,korean,,엘 수웨이스,localization/korean/hub_names_l_korean.yml,2570
HUB_NAME_STATE_MIDDLE_EGYPT_mine,korean,,비르 자파라나,localization/korean/hub_names_l_korean.yml,2571
HUB_NAME_STATE_MIDDLE_EGYPT_farm,korean,,아슈트,localization/korean/hub_names_l_korean.yml,2572
HUB_NAME_STATE_MIDDLE_EGYPT_wood,korean,,소하그,localization/korean/hub_names_l_korean.yml,2573
HUB_NAME_STATE_UPPER_EGYPT_city,korean,,룩소르,localization/korean/hub_names_l_korean.yml,2574
HUB_NAME_STATE_UPPER_EGYPT_port,korean,,사파가,localization/korean/hub_names_l_korean.yml,2575
HUB_NAME_STATE_UPPER_EGYPT_mine,korean,,에드푸,localization/korean/hub_names_l_korean.yml,2576
HUB_NAME_STATE_UPPER_EGYPT_farm,korean,,샬라틴,localization/korean/hub_names_l_korean.yml,2577
HUB_NAME_STATE_UPPER_EGYPT_wood,korean,,바라미야,localization/korean/hub_names_l_korean.yml,2578
HUB_NAME_STATE_EGYPTIAN_DESERT_city,korean,,아스완,localization/korean/hub_names_l_korean.yml,2579
HUB_NAME_STATE_EGYPTIAN_DESERT_mine,korean,,엘 카르가,localization/korean/hub_names_l_korean.yml,2580
HUB_NAME_STATE_EGYPTIAN_DESERT_farm,korean,,아부 심벨,localization/korean/hub_names_l_korean.yml,2581
HUB_NAME_STATE_EGYPTIAN_DESERT_wood,korean,,비레인,localization/korean/hub_names_l_korean.yml,2582
HUB_NAME_STATE_DONGOLA_city,korean,,하이야,localization/korean/hub_names_l_korean.yml,2583
HUB_NAME_STATE_DONGOLA_port,korean,,포트 수단,localization/korean/hub_names_l_korean.yml,2584
HUB_NAME_STATE_DONGOLA_mine,korean,,케르마,localization/korean/hub_names_l_korean.yml,2585
HUB_NAME_STATE_DONGOLA_farm,korean,,아트바라,localization/korean/hub_names_l_korean.yml,2586
HUB_NAME_STATE_DONGOLA_wood,korean,,와디 할파,localization/korean/hub_names_l_korean.yml,2587
HUB_NAME_STATE_KORDOFAN_city,korean,,엘 오베이드,localization/korean/hub_names_l_korean.yml,2588
HUB_NAME_STATE_KORDOFAN_mine,korean,,움 바드르,localization/korean/hub_names_l_korean.yml,2589
HUB_NAME_STATE_KORDOFAN_farm,korean,,딜링,localization/korean/hub_names_l_korean.yml,2590
HUB_NAME_STATE_KORDOFAN_wood,korean,,카두글리,localization/korean/hub_names_l_korean.yml,2591
HUB_NAME_STATE_BLUE_NILE_city,korean,,카르툼,localization/korean/hub_names_l_korean.yml,2592
HUB_NAME_STATE_BLUE_NILE_mine,korean,,카살라,localization/korean/hub_names_l_korean.yml,2593
HUB_NAME_STATE_BLUE_NILE_farm,korean,,와드 메다니,localization/korean/hub_names_l_korean.yml,2594
HUB_NAME_STATE_BLUE_NILE_wood,korean,,멜루트,localization/korean/hub_names_l_korean.yml,2595
HUB_NAME_STATE_ERITREA_city,korean,,마사와,localization/korean/hub_names_l_korean.yml,2596
HUB_NAME_STATE_ERITREA_port,korean,,지부티,localization/korean/hub_names_l_korean.yml,2597
HUB_NAME_STATE_ERITREA_mine,korean,,아스마라,localization/korean/hub_names_l_korean.yml,2598
HUB_NAME_STATE_ERITREA_farm,korean,,산히트,localization/korean/hub_names_l_korean.yml,2599
HUB_NAME_STATE_ERITREA_wood,korean,,나크파,localization/korean/hub_names_l_korean.yml,2600
HUB_NAME_STATE_GONDER_city,korean,,곤다르,localization/korean/hub_names_l_korean.yml,2601
HUB_NAME_STATE_GONDER_mine,korean,,뎃시,localization/korean/hub_names_l_korean.yml,2602
HUB_NAME_STATE_GONDER_farm,korean,,메켈레,localization/korean/hub_names_l_korean.yml,2603
HUB_NAME_STATE_GONDER_wood,korean,,바히르 다르,localization/korean/hub_names_l_korean.yml,2604
HUB_NAME_STATE_AMHARA_city,korean,,지마,localization/korean/hub_names_l_korean.yml,2605
HUB_NAME_STATE_AMHARA_mine,korean,,네켐트,localization/korean/hub_names_l_korean.yml,2606
HUB_NAME_STATE_AMHARA_farm,korean,,이르갈렘,localization/korean/hub_names_l_korean.yml,2607
HUB_NAME_STATE_AMHARA_wood,korean,,네젤,localization/korean/hub_names_l_korean.yml,2608
HUB_NAME_STATE_OROMIA_city,korean,,안코베르,localization/korean/hub_names_l_korean.yml,2609
HUB_NAME_STATE_OROMIA_mine,korean,,디르 다와,localization/korean/hub_names_l_korean.yml,2610
HUB_NAME_STATE_OROMIA_farm,korean,,엔토토,localization/korean/hub_names_l_korean.yml,2611
HUB_NAME_STATE_OROMIA_wood,korean,,고바,localization/korean/hub_names_l_korean.yml,2612
HUB_NAME_STATE_SOMALILAND_city,korean,,무크디쇼,localization/korean/hub_names_l_korean.yml,2613
HUB_NAME_STATE_SOMALILAND_port,korean,,베르베라,localization/korean/hub_names_l_korean.yml,2614
HUB_NAME_STATE_SOMALILAND_mine,korean,,갈카요,localization/korean/hub_names_l_korean.yml,2615
HUB_NAME_STATE_SOMALILAND_farm,korean,,카르도,localization/korean/hub_names_l_korean.yml,2616
HUB_NAME_STATE_SOMALILAND_wood,korean,,라스칸누드,localization/korean/hub_names_l_korean.yml,2617
HUB_NAME_STATE_KENYA_city,korean,,엠부,localization/korean/hub_names_l_korean.yml,2618
HUB_NAME_STATE_KENYA_port,korean,,몸바사,localization/korean/hub_names_l_korean.yml,2619
HUB_NAME_STATE_KENYA_mine,korean,,메루,localization/korean/hub_names_l_korean.yml,2620
HUB_NAME_STATE_KENYA_farm,korean,,말린디,localization/korean/hub_names_l_korean.yml,2621
HUB_NAME_STATE_KENYA_wood,korean,,가리사,localization/korean/hub_names_l_korean.yml,2622
HUB_NAME_STATE_RIFT_VALLEY_city,korean,,나이로비,localization/korean/hub_names_l_korean.yml,2623
HUB_NAME_STATE_RIFT_VALLEY_mine,korean,,키탈레,localization/korean/hub_names_l_korean.yml,2624
HUB_NAME_STATE_RIFT_VALLEY_farm,korean,,키수무,localization/korean/hub_names_l_korean.yml,2625
HUB_NAME_STATE_RIFT_VALLEY_wood,korean,,카카메가,localization/korean/hub_names_l_korean.yml,2626
HUB_NAME_STATE_UGANDA_city,korean,,캄팔라,localization/korean/hub_names_l_korean.yml,2627
HUB_NAME_STATE_UGANDA_mine,korean,,굴루,localization/korean/hub_names_l_korean.yml,2628
HUB_NAME_STATE_UGANDA_farm,korean,,음바라라,localization/korean/hub_names_l_korean.yml,2629
HUB_NAME_STATE_UGANDA_wood,korean,,호이마,localization/korean/hub_names_l_korean.yml,2630
HUB_NAME_STATE_TANGANYIKA_city,korean,,키갈리,localization/korean/hub_names_l_korean.yml,2631
HUB_NAME_STATE_TANGANYIKA_mine,korean,,기테가,localization/korean/hub_names_l_korean.yml,2632
HUB_NAME_STATE_TANGANYIKA_farm,korean,,음완자,localization/korean/hub_names_l_korean.yml,2633
HUB_NAME_STATE_TANGANYIKA_wood,korean,,부코바,localization/korean/hub_names_l_korean.yml,2634
HUB_NAME_STATE_LINDI_city,korean,,도도마,localization/korean/hub_names_l_korean.yml,2635
HUB_NAME_STATE_LINDI_mine,korean,,음베야,localization/korean/hub_names_l_korean.yml,2636
HUB_NAME_STATE_LINDI_farm,korean,,송게아,localization/korean/hub_names_l_korean.yml,2637
HUB_NAME_STATE_LINDI_wood,korean,,이링가,localization/korean/hub_names_l_korean.yml,2638
HUB_NAME_STATE_ZANZIBAR_city,korean,,탕가,localization/korean/hub_names_l_korean.yml,2639
HUB_NAME_STATE_ZANZIBAR_port,korean,,다르 엣 살람,localization/korean/hub_names_l_korean.yml,2640
HUB_NAME_STATE_ZANZIBAR_mine,korean,,모시,localization/korean/hub_names_l_korean.yml,2641
HUB_NAME_STATE_ZANZIBAR_farm,korean,,소망가,localization/korean/hub_names_l_korean.yml,2642
HUB_NAME_STATE_ZANZIBAR_wood,korean,,음트와라,localization/korean/hub_names_l_korean.yml,2643
HUB_NAME_STATE_SOUTH_MADAGASCAR_city,korean,,피아나란초아,localization/korean/hub_names_l_korean.yml,2644
HUB_NAME_STATE_SOUTH_MADAGASCAR_port,korean,,툴레아르,localization/korean/hub_names_l_korean.yml,2645
HUB_NAME_STATE_SOUTH_MADAGASCAR_mine,korean,,이호롬베,localization/korean/hub_names_l_korean.yml,2646
HUB_NAME_STATE_SOUTH_MADAGASCAR_farm,korean,,마나카라,localization/korean/hub_names_l_korean.yml,2647
HUB_NAME_STATE_SOUTH_MADAGASCAR_wood,korean,,모론다바,localization/korean/hub_names_l_korean.yml,2648
HUB_NAME_STATE_NORTH_MADAGASCAR_city,korean,,타나나리브,localization/korean/hub_names_l_korean.yml,2649
HUB_NAME_STATE_NORTH_MADAGASCAR_port,korean,,타마타브,localization/korean/hub_names_l_korean.yml,2650
HUB_NAME_STATE_NORTH_MADAGASCAR_mine,korean,,삼바바,localization/korean/hub_names_l_korean.yml,2651
HUB_NAME_STATE_NORTH_MADAGASCAR_farm,korean,,디에고 수아레즈,localization/korean/hub_names_l_korean.yml,2652
HUB_NAME_STATE_NORTH_MADAGASCAR_wood,korean,,마중가,localization/korean/hub_names_l_korean.yml,2653
HUB_NAME_STATE_INDIAN_OCEAN_TERRITORY_city,korean,,세인트 데니스,localization/korean/hub_names_l_korean.yml,2654
HUB_NAME_STATE_INDIAN_OCEAN_TERRITORY_port,korean,,포트 루이스,localization/korean/hub_names_l_korean.yml,2655
HUB_NAME_STATE_INDIAN_OCEAN_TERRITORY_mine,korean,,쿠레피페,localization/korean/hub_names_l_korean.yml,2656
HUB_NAME_STATE_INDIAN_OCEAN_TERRITORY_farm,korean,,콰트레 보르네,localization/korean/hub_names_l_korean.yml,2657
HUB_NAME_STATE_INDIAN_OCEAN_TERRITORY_wood,korean,,생 피에르,localization/korean/hub_names_l_korean.yml,2658
HUB_NAME_STATE_MOCAMBIQUE_city,korean,,남풀라,localization/korean/hub_names_l_korean.yml,2659
HUB_NAME_STATE_MOCAMBIQUE_port,korean,,나칼라,localization/korean/hub_names_l_korean.yml,2660
HUB_NAME_STATE_MOCAMBIQUE_mine,korean,,구루에,localization/korean/hub_names_l_korean.yml,2661
HUB_NAME_STATE_MOCAMBIQUE_farm,korean,,무쿠바,localization/korean/hub_names_l_korean.yml,2662
HUB_NAME_STATE_MOCAMBIQUE_wood,korean,,리칭가,localization/korean/hub_names_l_korean.yml,2663
HUB_NAME_STATE_ZAMBEZIA_city,korean,,테테,localization/korean/hub_names_l_korean.yml,2664
HUB_NAME_STATE_ZAMBEZIA_port,korean,,베이라,localization/korean/hub_names_l_korean.yml,2665
HUB_NAME_STATE_ZAMBEZIA_mine,korean,,만제,localization/korean/hub_names_l_korean.yml,2666
HUB_NAME_STATE_ZAMBEZIA_farm,korean,,카이아,localization/korean/hub_names_l_korean.yml,2667
HUB_NAME_STATE_ZAMBEZIA_wood,korean,,무쿰부라,localization/korean/hub_names_l_korean.yml,2668
HUB_NAME_STATE_KAZEMBE_city,korean,,카사마,localization/korean/hub_names_l_korean.yml,2669
HUB_NAME_STATE_KAZEMBE_mine,korean,,음발라,localization/korean/hub_names_l_korean.yml,2670
HUB_NAME_STATE_KAZEMBE_farm,korean,,음주주,localization/korean/hub_names_l_korean.yml,2671
HUB_NAME_STATE_KAZEMBE_wood,korean,,음피카,localization/korean/hub_names_l_korean.yml,2672
HUB_NAME_STATE_ZAMBIA_city,korean,,루사카,localization/korean/hub_names_l_korean.yml,2673
HUB_NAME_STATE_ZAMBIA_mine,korean,,키트웨,localization/korean/hub_names_l_korean.yml,2674
HUB_NAME_STATE_ZAMBIA_farm,korean,,몽구,localization/korean/hub_names_l_korean.yml,2675
HUB_NAME_STATE_ZAMBIA_wood,korean,,마자부카,localization/korean/hub_names_l_korean.yml,2676
HUB_NAME_STATE_ZAMBEZI_city,korean,,하라레,localization/korean/hub_names_l_korean.yml,2677
HUB_NAME_STATE_ZAMBEZI_mine,korean,,그웨루,localization/korean/hub_names_l_korean.yml,2678
HUB_NAME_STATE_ZAMBEZI_farm,korean,,불라와요,localization/korean/hub_names_l_korean.yml,2679
HUB_NAME_STATE_ZAMBEZI_wood,korean,,흐왕게,localization/korean/hub_names_l_korean.yml,2680
HUB_NAME_STATE_LOURENCO_MARQUES_city,korean,,마파이,localization/korean/hub_names_l_korean.yml,2681
HUB_NAME_STATE_LOURENCO_MARQUES_port,korean,,마푸토,localization/korean/hub_names_l_korean.yml,2682
HUB_NAME_STATE_LOURENCO_MARQUES_mine,korean,,치모이오,localization/korean/hub_names_l_korean.yml,2683
HUB_NAME_STATE_LOURENCO_MARQUES_farm,korean,,마피하네,localization/korean/hub_names_l_korean.yml,2684
HUB_NAME_STATE_LOURENCO_MARQUES_wood,korean,,샤이샤이,localization/korean/hub_names_l_korean.yml,2685
HUB_NAME_STATE_TRANSVAAL_city,korean,,프레토리아,localization/korean/hub_names_l_korean.yml,2686
HUB_NAME_STATE_TRANSVAAL_mine,korean,,러스텐버그,localization/korean/hub_names_l_korean.yml,2687
HUB_NAME_STATE_TRANSVAAL_farm,korean,,코마티푸르트,localization/korean/hub_names_l_korean.yml,2688
HUB_NAME_STATE_TRANSVAAL_wood,korean,,요하네스버그,localization/korean/hub_names_l_korean.yml,2689
HUB_NAME_STATE_VRYSTAAT_city,korean,,블룸폰타인,localization/korean/hub_names_l_korean.yml,2690
HUB_NAME_STATE_VRYSTAAT_mine,korean,,룩스빌,localization/korean/hub_names_l_korean.yml,2691
HUB_NAME_STATE_VRYSTAAT_farm,korean,,베들레헴,localization/korean/hub_names_l_korean.yml,2692
HUB_NAME_STATE_VRYSTAAT_wood,korean,,해리스미스,localization/korean/hub_names_l_korean.yml,2693
HUB_NAME_STATE_ZULULAND_city,korean,,피터마리츠버그,localization/korean/hub_names_l_korean.yml,2694
HUB_NAME_STATE_ZULULAND_port,korean,,더반,localization/korean/hub_names_l_korean.yml,2695
HUB_NAME_STATE_ZULULAND_mine,korean,,뉴캐슬,localization/korean/hub_names_l_korean.yml,2696
HUB_NAME_STATE_ZULULAND_farm,korean,,마게이트,localization/korean/hub_names_l_korean.yml,2697
HUB_NAME_STATE_ZULULAND_wood,korean,,울룬디,localization/korean/hub_names_l_korean.yml,2698
HUB_NAME_STATE_EASTERN_CAPE_city,korean,,그레이엄스타운,localization/korean/hub_names_l_korean.yml,2699
HUB_NAME_STATE_EASTERN_CAPE_port,korean,,이스트 런던,localization/korean/hub_names_l_korean.yml,2700
HUB_NAME_STATE_EASTERN_CAPE_mine,korean,,킹 윌리엄스 타운,localization/korean/hub_names_l_korean.yml,2701
HUB_NAME_STATE_EASTERN_CAPE_farm,korean,,포트 엘리자베스,localization/korean/hub_names_l_korean.yml,2702
HUB_NAME_STATE_EASTERN_CAPE_wood,korean,,그라프 레이넷,localization/korean/hub_names_l_korean.yml,2703
HUB_NAME_STATE_CAPE_COLONY_city,korean,,케이프 타운,localization/korean/hub_names_l_korean.yml,2704
HUB_NAME_STATE_CAPE_COLONY_port,korean,,조지,localization/korean/hub_names_l_korean.yml,2705
HUB_NAME_STATE_CAPE_COLONY_mine,korean,,스프링보크,localization/korean/hub_names_l_korean.yml,2706
HUB_NAME_STATE_CAPE_COLONY_farm,korean,,포트 놀로스,localization/korean/hub_names_l_korean.yml,2707
HUB_NAME_STATE_CAPE_COLONY_wood,korean,,우스터,localization/korean/hub_names_l_korean.yml,2708
HUB_NAME_STATE_NORTHERN_CAPE_city,korean,,브리츠타운,localization/korean/hub_names_l_korean.yml,2709
HUB_NAME_STATE_NORTHERN_CAPE_mine,korean,,데아르,localization/korean/hub_names_l_korean.yml,2710
HUB_NAME_STATE_NORTHERN_CAPE_farm,korean,,킴벌리,localization/korean/hub_names_l_korean.yml,2711
HUB_NAME_STATE_NORTHERN_CAPE_wood,korean,,마히켕,localization/korean/hub_names_l_korean.yml,2712
HUB_NAME_STATE_NAMAQUALAND_city,korean,,레호보스,localization/korean/hub_names_l_korean.yml,2713
HUB_NAME_STATE_NAMAQUALAND_port,korean,,뤼데리츠,localization/korean/hub_names_l_korean.yml,2714
HUB_NAME_STATE_NAMAQUALAND_mine,korean,,케이트만스호프,localization/korean/hub_names_l_korean.yml,2715
HUB_NAME_STATE_NAMAQUALAND_farm,korean,,마리엔탈,localization/korean/hub_names_l_korean.yml,2716
HUB_NAME_STATE_NAMAQUALAND_wood,korean,,고바비스,localization/korean/hub_names_l_korean.yml,2717
HUB_NAME_STATE_BOTSWANA_city,korean,,틀록웨그,localization/korean/hub_names_l_korean.yml,2718
HUB_NAME_STATE_BOTSWANA_mine,korean,,세로웨,localization/korean/hub_names_l_korean.yml,2719
HUB_NAME_STATE_BOTSWANA_farm,korean,,간지,localization/korean/hub_names_l_korean.yml,2720
HUB_NAME_STATE_BOTSWANA_wood,korean,,마운,localization/korean/hub_names_l_korean.yml,2721
HUB_NAME_STATE_HEREROLAND_city,korean,,옷지와롱고,localization/korean/hub_names_l_korean.yml,2722
HUB_NAME_STATE_HEREROLAND_port,korean,,스바코프문트,localization/korean/hub_names_l_korean.yml,2723
HUB_NAME_STATE_HEREROLAND_mine,korean,,빈트후크,localization/korean/hub_names_l_korean.yml,2724
HUB_NAME_STATE_HEREROLAND_farm,korean,,온당와,localization/korean/hub_names_l_korean.yml,2725
HUB_NAME_STATE_HEREROLAND_wood,korean,,룬두,localization/korean/hub_names_l_korean.yml,2726
HUB_NAME_STATE_SOUTH_ANGOLA_city,korean,,루방고,localization/korean/hub_names_l_korean.yml,2727
HUB_NAME_STATE_SOUTH_ANGOLA_port,korean,,나미브,localization/korean/hub_names_l_korean.yml,2728
HUB_NAME_STATE_SOUTH_ANGOLA_mine,korean,,벵겔라,localization/korean/hub_names_l_korean.yml,2729
HUB_NAME_STATE_SOUTH_ANGOLA_farm,korean,,메농그,localization/korean/hub_names_l_korean.yml,2730
HUB_NAME_STATE_SOUTH_ANGOLA_wood,korean,,우암부,localization/korean/hub_names_l_korean.yml,2731
HUB_NAME_STATE_EAST_ANGOLA_city,korean,,말랭지,localization/korean/hub_names_l_korean.yml,2732
HUB_NAME_STATE_EAST_ANGOLA_mine,korean,,카푼푸,localization/korean/hub_names_l_korean.yml,2733
HUB_NAME_STATE_EAST_ANGOLA_farm,korean,,안둘루,localization/korean/hub_names_l_korean.yml,2734
HUB_NAME_STATE_EAST_ANGOLA_wood,korean,,사우리무,localization/korean/hub_names_l_korean.yml,2735
HUB_NAME_STATE_NORTH_ANGOLA_city,korean,,암브리즈,localization/korean/hub_names_l_korean.yml,2736
HUB_NAME_STATE_NORTH_ANGOLA_port,korean,,루안다,localization/korean/hub_names_l_korean.yml,2737
HUB_NAME_STATE_NORTH_ANGOLA_mine,korean,,상 살바도,localization/korean/hub_names_l_korean.yml,2738
HUB_NAME_STATE_NORTH_ANGOLA_farm,korean,,숨베,localization/korean/hub_names_l_korean.yml,2739
HUB_NAME_STATE_NORTH_ANGOLA_wood,korean,,암브리제테,localization/korean/hub_names_l_korean.yml,2740
HUB_NAME_STATE_BAS_CONGO_city,korean,,킨샤사,localization/korean/hub_names_l_korean.yml,2741
HUB_NAME_STATE_BAS_CONGO_port,korean,,무안다,localization/korean/hub_names_l_korean.yml,2742
HUB_NAME_STATE_BAS_CONGO_mine,korean,,켕게,localization/korean/hub_names_l_korean.yml,2743
HUB_NAME_STATE_BAS_CONGO_farm,korean,,키크위트,localization/korean/hub_names_l_korean.yml,2744
HUB_NAME_STATE_BAS_CONGO_wood,korean,,반둔두,localization/korean/hub_names_l_korean.yml,2745
HUB_NAME_STATE_KASAI_city,korean,,카낭가,localization/korean/hub_names_l_korean.yml,2746
HUB_NAME_STATE_KASAI_mine,korean,,음웨네디투,localization/korean/hub_names_l_korean.yml,2747
HUB_NAME_STATE_KASAI_farm,korean,,롯자,localization/korean/hub_names_l_korean.yml,2748
HUB_NAME_STATE_KASAI_wood,korean,,베보,localization/korean/hub_names_l_korean.yml,2749
HUB_NAME_STATE_KATANGA_city,korean,,카팡가,localization/korean/hub_names_l_korean.yml,2750
HUB_NAME_STATE_KATANGA_mine,korean,,콜루웨지,localization/korean/hub_names_l_korean.yml,2751
HUB_NAME_STATE_KATANGA_farm,korean,,카미나,localization/korean/hub_names_l_korean.yml,2752
HUB_NAME_STATE_KATANGA_wood,korean,,산두와,localization/korean/hub_names_l_korean.yml,2753
HUB_NAME_STATE_CONGO_ORIENTALE_city,korean,,폴스 스테이션,localization/korean/hub_names_l_korean.yml,2754
HUB_NAME_STATE_CONGO_ORIENTALE_mine,korean,,부템보,localization/korean/hub_names_l_korean.yml,2755
HUB_NAME_STATE_CONGO_ORIENTALE_farm,korean,,부타,localization/korean/hub_names_l_korean.yml,2756
HUB_NAME_STATE_CONGO_ORIENTALE_wood,korean,,이시로,localization/korean/hub_names_l_korean.yml,2757
HUB_NAME_STATE_EQUATEUR_city,korean,,에카퇴르빌,localization/korean/hub_names_l_korean.yml,2758
HUB_NAME_STATE_EQUATEUR_mine,korean,,보엔데,localization/korean/hub_names_l_korean.yml,2759
HUB_NAME_STATE_EQUATEUR_farm,korean,,게메나,localization/korean/hub_names_l_korean.yml,2760
HUB_NAME_STATE_EQUATEUR_wood,korean,,붐바,localization/korean/hub_names_l_korean.yml,2761
HUB_NAME_STATE_CONGO_city,korean,,브라자빌,localization/korean/hub_names_l_korean.yml,2762
HUB_NAME_STATE_CONGO_port,korean,,푸앵트누아르,localization/korean/hub_names_l_korean.yml,2763
HUB_NAME_STATE_CONGO_mine,korean,,키방구,localization/korean/hub_names_l_korean.yml,2764
HUB_NAME_STATE_CONGO_farm,korean,,돌리지,localization/korean/hub_names_l_korean.yml,2765
HUB_NAME_STATE_CONGO_wood,korean,,우에소,localization/korean/hub_names_l_korean.yml,2766
HUB_NAME_STATE_GABON_city,korean,,리브르빌,localization/korean/hub_names_l_korean.yml,2767
HUB_NAME_STATE_GABON_port,korean,,포트장틸,localization/korean/hub_names_l_korean.yml,2768
HUB_NAME_STATE_GABON_mine,korean,,푸가무,localization/korean/hub_names_l_korean.yml,2769
HUB_NAME_STATE_GABON_farm,korean,,바타,localization/korean/hub_names_l_korean.yml,2770
HUB_NAME_STATE_GABON_wood,korean,,마코쿠,localization/korean/hub_names_l_korean.yml,2771
HUB_NAME_STATE_SOUTH_CAMEROON_city,korean,,욘데 스테이션,localization/korean/hub_names_l_korean.yml,2772
HUB_NAME_STATE_SOUTH_CAMEROON_port,korean,,두알라,localization/korean/hub_names_l_korean.yml,2773
HUB_NAME_STATE_SOUTH_CAMEROON_mine,korean,,베르투아,localization/korean/hub_names_l_korean.yml,2774
HUB_NAME_STATE_SOUTH_CAMEROON_farm,korean,,포트 클라렌스,localization/korean/hub_names_l_korean.yml,2775
HUB_NAME_STATE_SOUTH_CAMEROON_wood,korean,,에볼로와,localization/korean/hub_names_l_korean.yml,2776
HUB_NAME_STATE_NORTH_CAMEROON_city,korean,,응가운데레,localization/korean/hub_names_l_korean.yml,2777
HUB_NAME_STATE_NORTH_CAMEROON_mine,korean,,바피아,localization/korean/hub_names_l_korean.yml,2778
HUB_NAME_STATE_NORTH_CAMEROON_farm,korean,,메이강가,localization/korean/hub_names_l_korean.yml,2779
HUB_NAME_STATE_NORTH_CAMEROON_wood,korean,,은가운달,localization/korean/hub_names_l_korean.yml,2780
HUB_NAME_STATE_UBANGI_SHARI_city,korean,,방귀,localization/korean/hub_names_l_korean.yml,2781
HUB_NAME_STATE_UBANGI_SHARI_mine,korean,,베르베라티,localization/korean/hub_names_l_korean.yml,2782
HUB_NAME_STATE_UBANGI_SHARI_farm,korean,,밤바리,localization/korean/hub_names_l_korean.yml,2783
HUB_NAME_STATE_UBANGI_SHARI_wood,korean,,보상고아,localization/korean/hub_names_l_korean.yml,2784
HUB_NAME_STATE_EQUATORIA_city,korean,,주바,localization/korean/hub_names_l_korean.yml,2785
HUB_NAME_STATE_EQUATORIA_mine,korean,,만디리,localization/korean/hub_names_l_korean.yml,2786
HUB_NAME_STATE_EQUATORIA_farm,korean,,말라칼,localization/korean/hub_names_l_korean.yml,2787
HUB_NAME_STATE_EQUATORIA_wood,korean,,와우,localization/korean/hub_names_l_korean.yml,2788
HUB_NAME_STATE_DARFUR_city,korean,,엘 파시르,localization/korean/hub_names_l_korean.yml,2789
HUB_NAME_STATE_DARFUR_mine,korean,,게네이나,localization/korean/hub_names_l_korean.yml,2790
HUB_NAME_STATE_DARFUR_farm,korean,,냘라,localization/korean/hub_names_l_korean.yml,2791
HUB_NAME_STATE_DARFUR_wood,korean,,말하,localization/korean/hub_names_l_korean.yml,2792
HUB_NAME_STATE_CHAD_city,korean,,보코로,localization/korean/hub_names_l_korean.yml,2793
HUB_NAME_STATE_CHAD_mine,korean,,아베셰,localization/korean/hub_names_l_korean.yml,2794
HUB_NAME_STATE_CHAD_farm,korean,,마사코리,localization/korean/hub_names_l_korean.yml,2795
HUB_NAME_STATE_CHAD_wood,korean,,볼,localization/korean/hub_names_l_korean.yml,2796
HUB_NAME_STATE_NIGER_city,korean,,아가데즈,localization/korean/hub_names_l_korean.yml,2797
HUB_NAME_STATE_NIGER_mine,korean,,아를리트,localization/korean/hub_names_l_korean.yml,2798
HUB_NAME_STATE_NIGER_farm,korean,,빌마,localization/korean/hub_names_l_korean.yml,2799
HUB_NAME_STATE_NIGER_wood,korean,,은기그미,localization/korean/hub_names_l_korean.yml,2800
HUB_NAME_STATE_OUTER_HAUSALAND_city,korean,,니아메,localization/korean/hub_names_l_korean.yml,2801
HUB_NAME_STATE_OUTER_HAUSALAND_mine,korean,,진데르,localization/korean/hub_names_l_korean.yml,2802
HUB_NAME_STATE_OUTER_HAUSALAND_farm,korean,,마라디,localization/korean/hub_names_l_korean.yml,2803
HUB_NAME_STATE_OUTER_HAUSALAND_wood,korean,,디파,localization/korean/hub_names_l_korean.yml,2804
HUB_NAME_STATE_WADDAI_city,korean,,은자메나,localization/korean/hub_names_l_korean.yml,2805
HUB_NAME_STATE_WADDAI_mine,korean,,라피나,localization/korean/hub_names_l_korean.yml,2806
HUB_NAME_STATE_WADDAI_farm,korean,,봉고르,localization/korean/hub_names_l_korean.yml,2807
HUB_NAME_STATE_WADDAI_wood,korean,,사르,localization/korean/hub_names_l_korean.yml,2808
HUB_NAME_STATE_BORNU_city,korean,,다마투루,localization/korean/hub_names_l_korean.yml,2809
HUB_NAME_STATE_BORNU_mine,korean,,가슈아,localization/korean/hub_names_l_korean.yml,2810
HUB_NAME_STATE_BORNU_farm,korean,,마이두구리,localization/korean/hub_names_l_korean.yml,2811
HUB_NAME_STATE_BORNU_wood,korean,,궈자,localization/korean/hub_names_l_korean.yml,2812
HUB_NAME_STATE_NIGERIA_city,korean,,바우치,localization/korean/hub_names_l_korean.yml,2813
HUB_NAME_STATE_NIGERIA_mine,korean,,라피아,localization/korean/hub_names_l_korean.yml,2814
HUB_NAME_STATE_NIGERIA_farm,korean,,토로,localization/korean/hub_names_l_korean.yml,2815
HUB_NAME_STATE_NIGERIA_wood,korean,,무비,localization/korean/hub_names_l_korean.yml,2816
HUB_NAME_STATE_NIGER_DELTA_city,korean,,칼라바르,localization/korean/hub_names_l_korean.yml,2817
HUB_NAME_STATE_NIGER_DELTA_port,korean,,포트 하코트,localization/korean/hub_names_l_korean.yml,2818
HUB_NAME_STATE_NIGER_DELTA_mine,korean,,에누구,localization/korean/hub_names_l_korean.yml,2819
HUB_NAME_STATE_NIGER_DELTA_farm,korean,,오니차,localization/korean/hub_names_l_korean.yml,2820
HUB_NAME_STATE_NIGER_DELTA_wood,korean,,우요,localization/korean/hub_names_l_korean.yml,2821
HUB_NAME_STATE_BENIN_city,korean,,베닌 시티,localization/korean/hub_names_l_korean.yml,2822
HUB_NAME_STATE_BENIN_port,korean,,자크파,localization/korean/hub_names_l_korean.yml,2823
HUB_NAME_STATE_BENIN_mine,korean,,오케네,localization/korean/hub_names_l_korean.yml,2824
HUB_NAME_STATE_BENIN_farm,korean,,오워,localization/korean/hub_names_l_korean.yml,2825
HUB_NAME_STATE_BENIN_wood,korean,,우로미,localization/korean/hub_names_l_korean.yml,2826
HUB_NAME_STATE_EAST_HAUSALAND_city,korean,,아부자,localization/korean/hub_names_l_korean.yml,2827
HUB_NAME_STATE_EAST_HAUSALAND_mine,korean,,카노,localization/korean/hub_names_l_korean.yml,2828
HUB_NAME_STATE_EAST_HAUSALAND_farm,korean,,카두나,localization/korean/hub_names_l_korean.yml,2829
HUB_NAME_STATE_EAST_HAUSALAND_wood,korean,,조스,localization/korean/hub_names_l_korean.yml,2830
HUB_NAME_STATE_HAUSALAND_city,korean,,소코토,localization/korean/hub_names_l_korean.yml,2831
HUB_NAME_STATE_HAUSALAND_mine,korean,,구사우,localization/korean/hub_names_l_korean.yml,2832
HUB_NAME_STATE_HAUSALAND_farm,korean,,피지,localization/korean/hub_names_l_korean.yml,2833
HUB_NAME_STATE_HAUSALAND_wood,korean,,코코,localization/korean/hub_names_l_korean.yml,2834
HUB_NAME_STATE_YORUBA_STATES_city,korean,,이바단,localization/korean/hub_names_l_korean.yml,2835
HUB_NAME_STATE_YORUBA_STATES_port,korean,,라고스,localization/korean/hub_names_l_korean.yml,2836
HUB_NAME_STATE_YORUBA_STATES_mine,korean,,일로린,localization/korean/hub_names_l_korean.yml,2837
HUB_NAME_STATE_YORUBA_STATES_farm,korean,,온도,localization/korean/hub_names_l_korean.yml,2838
HUB_NAME_STATE_YORUBA_STATES_wood,korean,,아도에키티,localization/korean/hub_names_l_korean.yml,2839
HUB_NAME_STATE_DAHOMEY_city,korean,,포르토노보,localization/korean/hub_names_l_korean.yml,2840
HUB_NAME_STATE_DAHOMEY_port,korean,,코토누,localization/korean/hub_names_l_korean.yml,2841
HUB_NAME_STATE_DAHOMEY_mine,korean,,칸디,localization/korean/hub_names_l_korean.yml,2842
HUB_NAME_STATE_DAHOMEY_farm,korean,,주구,localization/korean/hub_names_l_korean.yml,2843
HUB_NAME_STATE_DAHOMEY_wood,korean,,파라쿠,localization/korean/hub_names_l_korean.yml,2844
HUB_NAME_STATE_TOGO_city,korean,,소코데,localization/korean/hub_names_l_korean.yml,2845
HUB_NAME_STATE_TOGO_port,korean,,로메,localization/korean/hub_names_l_korean.yml,2846
HUB_NAME_STATE_TOGO_mine,korean,,다파옹,localization/korean/hub_names_l_korean.yml,2847
HUB_NAME_STATE_TOGO_farm,korean,,아탁파메,localization/korean/hub_names_l_korean.yml,2848
HUB_NAME_STATE_TOGO_wood,korean,,카라,localization/korean/hub_names_l_korean.yml,2849
HUB_NAME_STATE_GHANA_city,korean,,쿠마시,localization/korean/hub_names_l_korean.yml,2850
HUB_NAME_STATE_GHANA_port,korean,,아크라,localization/korean/hub_names_l_korean.yml,2851
HUB_NAME_STATE_GHANA_mine,korean,,타말레,localization/korean/hub_names_l_korean.yml,2852
HUB_NAME_STATE_GHANA_farm,korean,,세콘디타코라디,localization/korean/hub_names_l_korean.yml,2853
HUB_NAME_STATE_GHANA_wood,korean,,볼가탕가,localization/korean/hub_names_l_korean.yml,2854
HUB_NAME_STATE_IVORY_COAST_city,korean,,야무수크로,localization/korean/hub_names_l_korean.yml,2855
HUB_NAME_STATE_IVORY_COAST_port,korean,,아빗잔,localization/korean/hub_names_l_korean.yml,2856
HUB_NAME_STATE_IVORY_COAST_mine,korean,,부나,localization/korean/hub_names_l_korean.yml,2857
HUB_NAME_STATE_IVORY_COAST_farm,korean,,페르케세두구,localization/korean/hub_names_l_korean.yml,2858
HUB_NAME_STATE_IVORY_COAST_wood,korean,,코로고,localization/korean/hub_names_l_korean.yml,2859
HUB_NAME_STATE_VOLTA_city,korean,,와가두구,localization/korean/hub_names_l_korean.yml,2860
HUB_NAME_STATE_VOLTA_mine,korean,,쿠두구,localization/korean/hub_names_l_korean.yml,2861
HUB_NAME_STATE_VOLTA_farm,korean,,솔렌조,localization/korean/hub_names_l_korean.yml,2862
HUB_NAME_STATE_VOLTA_wood,korean,,시아,localization/korean/hub_names_l_korean.yml,2863
HUB_NAME_STATE_EASTERN_MALI_city,korean,,시카소,localization/korean/hub_names_l_korean.yml,2864
HUB_NAME_STATE_EASTERN_MALI_mine,korean,,모프티,localization/korean/hub_names_l_korean.yml,2865
HUB_NAME_STATE_EASTERN_MALI_farm,korean,,세구,localization/korean/hub_names_l_korean.yml,2866
HUB_NAME_STATE_EASTERN_MALI_wood,korean,,쿠티알라,localization/korean/hub_names_l_korean.yml,2867
HUB_NAME_STATE_WESTERN_MALI_city,korean,,카예스,localization/korean/hub_names_l_korean.yml,2868
HUB_NAME_STATE_WESTERN_MALI_mine,korean,,쿨리코로,localization/korean/hub_names_l_korean.yml,2869
HUB_NAME_STATE_WESTERN_MALI_farm,korean,,바마코,localization/korean/hub_names_l_korean.yml,2870
HUB_NAME_STATE_WESTERN_MALI_wood,korean,,키타,localization/korean/hub_names_l_korean.yml,2871
HUB_NAME_STATE_SENEGAL_city,korean,,세인트루이스,localization/korean/hub_names_l_korean.yml,2872
HUB_NAME_STATE_SENEGAL_port,korean,,은다카루,localization/korean/hub_names_l_korean.yml,2873
HUB_NAME_STATE_SENEGAL_mine,korean,,티스,localization/korean/hub_names_l_korean.yml,2874
HUB_NAME_STATE_SENEGAL_farm,korean,,카올라크,localization/korean/hub_names_l_korean.yml,2875
HUB_NAME_STATE_SENEGAL_wood,korean,,마탐,localization/korean/hub_names_l_korean.yml,2876
HUB_NAME_STATE_GAMBIA_city,korean,,지긴쇼르,localization/korean/hub_names_l_korean.yml,2877
HUB_NAME_STATE_GAMBIA_port,korean,,배서스트,localization/korean/hub_names_l_korean.yml,2878
HUB_NAME_STATE_GAMBIA_mine,korean,,탐바쿤다,localization/korean/hub_names_l_korean.yml,2879
HUB_NAME_STATE_GAMBIA_farm,korean,,비그노나,localization/korean/hub_names_l_korean.yml,2880
HUB_NAME_STATE_GAMBIA_wood,korean,,케두구,localization/korean/hub_names_l_korean.yml,2881
HUB_NAME_STATE_GUINEA_city,korean,,킨디아,localization/korean/hub_names_l_korean.yml,2882
HUB_NAME_STATE_GUINEA_port,korean,,코나크리,localization/korean/hub_names_l_korean.yml,2883
HUB_NAME_STATE_GUINEA_mine,korean,,라베,localization/korean/hub_names_l_korean.yml,2884
HUB_NAME_STATE_GUINEA_farm,korean,,보케,localization/korean/hub_names_l_korean.yml,2885
HUB_NAME_STATE_GUINEA_wood,korean,,칸칸,localization/korean/hub_names_l_korean.yml,2886
HUB_NAME_STATE_SIERRA_LEONE_city,korean,,케네마,localization/korean/hub_names_l_korean.yml,2887
HUB_NAME_STATE_SIERRA_LEONE_port,korean,,프리타운,localization/korean/hub_names_l_korean.yml,2888
HUB_NAME_STATE_SIERRA_LEONE_mine,korean,,카발라,localization/korean/hub_names_l_korean.yml,2889
HUB_NAME_STATE_SIERRA_LEONE_farm,korean,,마케니,localization/korean/hub_names_l_korean.yml,2890
HUB_NAME_STATE_SIERRA_LEONE_wood,korean,,옌게마,localization/korean/hub_names_l_korean.yml,2891
HUB_NAME_STATE_LIBERIA_city,korean,,주에드루,localization/korean/hub_names_l_korean.yml,2892
HUB_NAME_STATE_LIBERIA_port,korean,,몬로비아,localization/korean/hub_names_l_korean.yml,2893
HUB_NAME_STATE_LIBERIA_mine,korean,,사니켈리에,localization/korean/hub_names_l_korean.yml,2894
HUB_NAME_STATE_LIBERIA_farm,korean,,그바릉가,localization/korean/hub_names_l_korean.yml,2895
HUB_NAME_STATE_LIBERIA_wood,korean,,그린빌,localization/korean/hub_names_l_korean.yml,2896
HUB_NAME_STATE_WINDWARD_COAST_city,korean,,달로아,localization/korean/hub_names_l_korean.yml,2897
HUB_NAME_STATE_WINDWARD_COAST_port,korean,,사산드라,localization/korean/hub_names_l_korean.yml,2898
HUB_NAME_STATE_WINDWARD_COAST_mine,korean,,오딘네,localization/korean/hub_names_l_korean.yml,2899
HUB_NAME_STATE_WINDWARD_COAST_farm,korean,,데퀘,localization/korean/hub_names_l_korean.yml,2900
HUB_NAME_STATE_WINDWARD_COAST_wood,korean,,수브레,localization/korean/hub_names_l_korean.yml,2901
HUB_NAME_STATE_CANARY_ISLANDS_city,korean,,산타 크루스 데 테네리페,localization/korean/hub_names_l_korean.yml,2902
HUB_NAME_STATE_CANARY_ISLANDS_port,korean,,코스타 아데헤,localization/korean/hub_names_l_korean.yml,2903
HUB_NAME_STATE_CANARY_ISLANDS_mine,korean,,푸에르토 델 로사리오,localization/korean/hub_names_l_korean.yml,2904
HUB_NAME_STATE_CANARY_ISLANDS_farm,korean,,텔데,localization/korean/hub_names_l_korean.yml,2905
HUB_NAME_STATE_CANARY_ISLANDS_wood,korean,,아레시페,localization/korean/hub_names_l_korean.yml,2906
HUB_NAME_STATE_MADEIRA_city,korean,,빌라 발레이라,localization/korean/hub_names_l_korean.yml,2907
HUB_NAME_STATE_MADEIRA_port,korean,,푼샬,localization/korean/hub_names_l_korean.yml,2908
HUB_NAME_STATE_MADEIRA_farm,korean,,포르토 모니스,localization/korean/hub_names_l_korean.yml,2909
ideology_moderate,korean,,중도파,localization/korean/laws_l_korean.yml,3
ideology_moderate_desc,korean,,#lore 이 지도자는 특별한 이념이 없어 속한 이해 집단에서 중도파로 여겨집니다.#!,localization/korean/laws_l_korean.yml,4
ideology_traditionalist,korean,,전통주의,localization/korean/laws_l_korean.yml,5
ideology_traditionalist_desc,korean,,#lore 이 지도자는 전통적인 관습의 존속을 자연율의 연장선으로 여깁니다.#!,localization/korean/laws_l_korean.yml,6
ideology_atheist,korean,,허무주의,localization/korean/laws_l_korean.yml,7
ideology_atheist_desc,korean,,#lore 이 지도자는 어떤 대가를 치르더라도 전통주의 사회 질서와 제도에 의문을 품고 전복하는 태도를 우선시합니다. 또한 보편적인 혁명 사회의 기반을 마련하려 할 것입니다.#!,localization/korean/laws_l_korean.yml,8
ideology_republican_leader,korean,,공화주의,localization/korean/laws_l_korean.yml,9
ideology_republican_leader_desc,korean,,#lore 이 지도자는 선출 공무원이 다스리는 공화정 정부를 수립하려 노력합니다.#!,localization/korean/laws_l_korean.yml,10
ideology_radical,korean,,급진파,localization/korean/laws_l_korean.yml,11
ideology_radical_desc,korean,,#lore 이 지도자는 민주주의적 이상을 실현할 급진적인 자유주의 개혁을 추구합니다.#!,localization/korean/laws_l_korean.yml,12
ideology_abolitionist,korean,,노예제 폐지파,localization/korean/laws_l_korean.yml,13
ideology_abolitionist_desc,korean,,#lore 이 지도자는 노예제를 끔찍한 인권 유린 제도로 보고 세상에서 근절하려 합니다.#!,localization/korean/laws_l_korean.yml,14
ideology_slaver,korean,,노예주,localization/korean/laws_l_korean.yml,15
ideology_slaver_desc,korean,,#lore 이 지도자는 노예제를 자연스러운 삶의 일부로 보고 폐지에 반대합니다.#!,localization/korean/laws_l_korean.yml,16
ideology_feminist,korean,,여성주의,localization/korean/laws_l_korean.yml,17
ideology_feminist_desc,korean,,"#lore 이 지도자는 여성이 남성과 동등하다 믿으며, 여권 신장을 위해 노력합니다.#!",localization/korean/laws_l_korean.yml,18
ideology_reformer,korean,,개혁론자,localization/korean/laws_l_korean.yml,19
ideology_reformer_desc,korean,,#lore 이 지도자는 몇 가지 점진적인 변화로 사회를 좀 더 평등하게 만들려 합니다. 다만 그 정도가 과해지지 않도록 조심할 뿐입니다.#!,localization/korean/laws_l_korean.yml,20
ideology_pacifist,korean,,평화주의,localization/korean/laws_l_korean.yml,21
ideology_pacifist_desc,korean,,#lore 이 지도자는 비폭력을 수단으로 평화를 이루려 합니다.#!,localization/korean/laws_l_korean.yml,22
ideology_jingoist_leader,korean,,호전적 국수주의,localization/korean/laws_l_korean.yml,23
ideology_jingoist_leader_desc,korean,,"#lore 이 지도자는 공격적인 외교 정책을 지지하며, 국가의 야망을 관철하기 위한 전쟁 대비를 강조합니다.#!",localization/korean/laws_l_korean.yml,24
ideology_royalist,korean,,왕당파,localization/korean/laws_l_korean.yml,25
ideology_royalist_desc,korean,,#lore 이 지도자는 군주국과 그 국가의 정당한 통치자에게 충성을 바칩니다.#!,localization/korean/laws_l_korean.yml,26
ideology_social_democrat,korean,,사회민주주의,localization/korean/laws_l_korean.yml,27
ideology_social_democrat_desc,korean,,#lore 이 지도자는 의회 개혁을 통한 사회주의 사회 이룩을 추구합니다.#!,localization/korean/laws_l_korean.yml,28
ideology_communist,korean,,공산주의,localization/korean/laws_l_korean.yml,29
ideology_communist_desc,korean,,#lore 이 지도자는 노동자 계층이 수단 방법 가리지 않고 정치 권력을 쟁취해야 한다고 믿습니다.#!,localization/korean/laws_l_korean.yml,30
ideology_vanguardist,korean,,전위당론,localization/korean/laws_l_korean.yml,31
ideology_vanguardist_desc,korean,,#lore 이 지도자는 충성스러운 급진파로 이루어진 전위 정당으로 사회주의 사회를 이룩해야 한다고 믿습니다.#!,localization/korean/laws_l_korean.yml,32
ideology_fascist,korean,,파시즘,localization/korean/laws_l_korean.yml,33
ideology_fascist_desc,korean,,#lore 이 지도자는 종래의 전통적이고 권위주의적인 가치를 현대 환경에 부활시키는 길을 옹호하는 국수주의자입니다. #!,localization/korean/laws_l_korean.yml,34
ideology_anarchist,korean,,무정부주의,localization/korean/laws_l_korean.yml,35
ideology_anarchist_desc,korean,,"#lore 이 지도자는 사람들이 스스로를 다스릴 수 있도록 계층과 권위자, 정부가 없어져야 한다고 믿습니다.#!",localization/korean/laws_l_korean.yml,36
ideology_ethno_nationalist,korean,,민족주의,localization/korean/laws_l_korean.yml,37
ideology_ethno_nationalist_desc,korean,,#lore 이 지도자는 민족적 배경에 따라 정의되는 민족국가를 원합니다.#!,localization/korean/laws_l_korean.yml,38
ideology_theocrat,korean,,신정주의,localization/korean/laws_l_korean.yml,39
ideology_theocrat_desc,korean,,#lore 이 지도자는 교조적인 교회가 정부를 운영해야 한다고 믿습니다.#!,localization/korean/laws_l_korean.yml,40
ideology_market_liberal,korean,,시장 자유주의,localization/korean/laws_l_korean.yml,41
ideology_market_liberal_desc,korean,,#lore 이 지도자는 자유 시장의 보이지 않는 손이 국가 경제의 원동력이 되어야 한다고 생각합니다.,localization/korean/laws_l_korean.yml,42
ideology_paternalistic,korean,,정치 온정주의,localization/korean/laws_l_korean.yml,44
ideology_paternalistic_desc,korean,,#lore 이 집단은 대중의 자치 능력을 믿지 않으며 전통적인 귀족정이 이들을 이끌어야 한다고 생각합니다.#!,localization/korean/laws_l_korean.yml,45
ideology_patriarchal,korean,,가부장제,localization/korean/laws_l_korean.yml,46
ideology_patriarchal_desc,korean,,#lore 이 집단은 남성이 정치적 권위를 가져야 하며 여성은 아버지와 남편에게 복종해야 한다고 믿습니다.#!,localization/korean/laws_l_korean.yml,47
ideology_republican,korean,,공화주의,localization/korean/laws_l_korean.yml,48
ideology_republican_desc,korean,,#lore 이 집단은 최선의 지도자는 공적인 투표로 선출된다고 생각하며 공화주의 정부를 지지합니다.#!,localization/korean/laws_l_korean.yml,49
ideology_populist,korean,,대중주의,localization/korean/laws_l_korean.yml,50
ideology_populist_desc,korean,,#lore 이 집단은 국민에 의한 통치를 원하며 모든 사회 계층에 선거권을 부여하려 합니다.#!,localization/korean/laws_l_korean.yml,51
ideology_stratocratic,korean,,군정제,localization/korean/laws_l_korean.yml,52
ideology_stratocratic_desc,korean,,#lore 이 집단은 옛 방식의 조세와 노동 관계를 통해 사회 체계를 유지하기를 선호합니다.#!,localization/korean/laws_l_korean.yml,53
ideology_laissez_faire,korean,,자유방임주의,localization/korean/laws_l_korean.yml,54
ideology_laissez_faire_desc,korean,,#lore 이 집단은 무역과 노동력의 이동이 자유로워야 한다고 믿으며 정부보다 시장 자체의 판단력을 선호합니다.#!,localization/korean/laws_l_korean.yml,55
ideology_individualist,korean,,개인주의,localization/korean/laws_l_korean.yml,56
ideology_individualist_desc,korean,,#lore 이 집단은 개인의 운명은 개인이 개척해야 하며 개인이 부담할 수 있는 서비스를 정부가 제공해선 안 된다고 믿습니다.#!,localization/korean/laws_l_korean.yml,57
ideology_pious,korean,,경건파,localization/korean/laws_l_korean.yml,58
ideology_pious_desc,korean,,#lore 이 집단은 종교적 원칙이야말로 불변의 도덕적 진리이며 이 원칙을 온 사회에 널리 퍼뜨려야 한다고 믿습니다.#!,localization/korean/laws_l_korean.yml,59
ideology_particularist,korean,,특수주의,localization/korean/laws_l_korean.yml,60
ideology_particularist_desc,korean,,#lore 이 집단은 봉건적인 종속 원리에서 벗어난 지역 자치권을 원합니다.#!,localization/korean/laws_l_korean.yml,61
ideology_isolationist,korean,,고립주의,localization/korean/laws_l_korean.yml,62
ideology_isolationist_desc,korean,,"#lore 이 집단은 주 정부가 지역 정세에 집중하길 원하고, 외국 땅으로 확장하려는 포부와 국내로의 이민 허용 모두를 반대합니다.#!",localization/korean/laws_l_korean.yml,63
ideology_moralist,korean,,도덕주의,localization/korean/laws_l_korean.yml,64
ideology_moralist_desc,korean,,#lore 이 집단은 종교적인 도덕 질서를 강력히 지지하고 다양한 의견과 문화는 이 질서에 위협이 된다고 봅니다.#!,localization/korean/laws_l_korean.yml,65
ideology_jingoist,korean,,호전적 국수주의,localization/korean/laws_l_korean.yml,66
ideology_jingoist_desc,korean,,#lore 이 집단은 공격적인 외교 정책과 이를 뒷받침할 군사력 양성을 원합니다.#!,localization/korean/laws_l_korean.yml,67
ideology_loyalist,korean,,충성파,localization/korean/laws_l_korean.yml,68
ideology_loyalist_desc,korean,,#lore 이 집단은 주 정부의 핵심 기능에 자금을 댈 수 있도록 모든 시민이 회비를 내야 한다고 믿습니다.#!,localization/korean/laws_l_korean.yml,69
ideology_meritocratic,korean,,능력주의,localization/korean/laws_l_korean.yml,70
ideology_meritocratic_desc,korean,,"#lore 이 집단은 성공을 노력으로 얻는 것이라 믿으며, 이를 달성한 사람은 뒤따르는 책임과 부를 얻을 자격이 있다 봅니다.#!",localization/korean/laws_l_korean.yml,71
ideology_patriotic,korean,,애국주의,localization/korean/laws_l_korean.yml,72
ideology_patriotic_desc,korean,,#lore 이 집단은 국가에 맹목적으로 헌신하고 이견을 퍼뜨리는 이들을 엄벌에 처하길 원합니다.#!,localization/korean/laws_l_korean.yml,73
ideology_liberal,korean,,자유주의,localization/korean/laws_l_korean.yml,74
ideology_liberal_desc,korean,,#lore 이 집단은 자유와 법적 평등을 지켜야 할 중요한 가치로 여깁니다.#!,localization/korean/laws_l_korean.yml,75
ideology_anti_clerical,korean,,반교권주의,localization/korean/laws_l_korean.yml,76
ideology_anti_clerical_desc,korean,,"#lore 이 집단은 조직화된 종교가 정치와 교육 체제에 영향을 미치지 않기를 바라며, 무엇보다 합리적인 사고방식이 국정 운영의 최선봉에 서야 한다고 믿습니다.#!",localization/korean/laws_l_korean.yml,77
ideology_proletarian,korean,,계급투쟁론,localization/korean/laws_l_korean.yml,78
ideology_proletarian_desc,korean,,"#lore 이 집단은 정치를 계급 투쟁의 일환으로 보며, 노동자의 편을 지지합니다.#!",localization/korean/laws_l_korean.yml,79
ideology_egalitarian,korean,,평등주의,localization/korean/laws_l_korean.yml,80
ideology_egalitarian_desc,korean,,#lore 이 집단은 인간에 대한 평등하고 인도적인 대우가 정치 정책의 주춧돌이 되어야 한다고 믿습니다.#!,localization/korean/laws_l_korean.yml,81
ideology_anti_slavery,korean,,반노예제,localization/korean/laws_l_korean.yml,82
ideology_anti_slavery_desc,korean,,#lore 이 집단은 노예제를 혐오하며 이를 야만스런 과거의 산물로 봅니다.#!,localization/korean/laws_l_korean.yml,83
ideology_pro_slavery,korean,,친노예제,localization/korean/laws_l_korean.yml,84
ideology_pro_slavery_desc,korean,,#lore 이 집단은 노예제가 있어야 사회가 제대로 기능한다고 봅니다.#!,localization/korean/laws_l_korean.yml,85
ideology_reactionary,korean,,반동주의,localization/korean/laws_l_korean.yml,86
ideology_reactionary_desc,korean,,#lore 이 집단은 오직 왕이 하나의 사회를 통치했다던 이야기 속 과거를 그리워합니다.#!,localization/korean/laws_l_korean.yml,87
ideology_plutocratic,korean,,금권 정치제,localization/korean/laws_l_korean.yml,88
ideology_plutocratic_desc,korean,,#lore 이 집단은 자본가가 사회의 미래를 책임질 정책 결정권자이자 엘리트 지식인으로 적합하다고 생각합니다.#!,localization/korean/laws_l_korean.yml,89
ideology_agrarian,korean,,농본주의,localization/korean/laws_l_korean.yml,90
ideology_agrarian_desc,korean,,#lore 이 집단은 경제 정책이 농부의 이익과 농업에 중점을 둬야 한다고 믿습니다.#!,localization/korean/laws_l_korean.yml,91
ideology_republican_paternalistic,korean,,엘리트주의,localization/korean/laws_l_korean.yml,93
ideology_republican_paternalistic_desc,korean,,"#lore 이 집단은 지주 엘리트 집단의 통치를 선호하지만, 그래도 공화주의 정부를 지지합니다.#!",localization/korean/laws_l_korean.yml,94
ideology_scholar_paternalistic,korean,,사대부제,localization/korean/laws_l_korean.yml,95
ideology_scholar_paternalistic_desc,korean,,#lore 이 집단은 현명하고 교육 받은 사람들의 도움을 받는 군주가 다스리는 국가를 지향합니다.#!,localization/korean/laws_l_korean.yml,96
ideology_junker_paternalistic,korean,,융커,localization/korean/laws_l_korean.yml,97
ideology_junker_paternalistic_desc,korean,,#lore 이 집단은 지주 귀족이야말로 국가를 미래로 이끌 재목이라고 믿습니다.#!,localization/korean/laws_l_korean.yml,98
ideology_papal_paternalistic,korean,,교황제,localization/korean/laws_l_korean.yml,99
ideology_papal_paternalistic_desc,korean,,#lore 이 집단은 교황의 권위와 전통적인 바티칸 시국의 지배력을 지지합니다.#!,localization/korean/laws_l_korean.yml,100
ideology_confucian,korean,,유교 사상,localization/korean/laws_l_korean.yml,101
ideology_confucian_desc,korean,,#lore 이 집단은 공자의 가르침을 받들어 하늘의 도리에 따른 사회 질서를 지지합니다.#!,localization/korean/laws_l_korean.yml,102
ideology_bakufu,korean,,막부 체제,localization/korean/laws_l_korean.yml,103
ideology_bakufu_desc,korean,,#lore 이 집단은 쇼군이 이끄는 막부를 지지하며 전사 계급이 권력을 지닌다고 믿습니다.#!,localization/korean/laws_l_korean.yml,104
ideology_shinto_moralist,korean,,신토 교리,localization/korean/laws_l_korean.yml,105
ideology_shinto_moralist_desc,korean,,#lore 이 집단은 덴노의 신성을 믿으며 이를 전통적인 신과 정령에 대한 숭배와 결부시킵니다.#!,localization/korean/laws_l_korean.yml,106
ideology_caudillismo,korean,,카우디요 체제,localization/korean/laws_l_korean.yml,107
ideology_caudillismo_desc,korean,,#lore 이 집단은 헌법상 법규보다 군 출신의 강력한 지도자를 지지하길 선호합니다.#!,localization/korean/laws_l_korean.yml,108
ideology_heavenly_kingdom_theocratic,korean,,배상제회 신도,localization/korean/laws_l_korean.yml,109
ideology_heavenly_kingdom_theocratic_desc,korean,,"#lore 이 집단은 그리스도의 구원을 기점으로 만민이 하느님의 아들과 딸이 되었다는 사상을 지지하며, 신정주의 정부를 선호합니다.#!",localization/korean/laws_l_korean.yml,110
lawgroup_governance_principles,korean,,통치 원칙,localization/korean/laws_l_korean.yml,112
lawgroup_governance_principles_desc,korean,,국가 통치의 기반이 되는 원리원칙. 누가 국가 원수인지 결정합니다.,localization/korean/laws_l_korean.yml,113
law_chiefdom,korean,,군장사회,localization/korean/laws_l_korean.yml,114
law_chiefdom_desc,korean,,"혈연 관계에 기반을 둔 계급적인 산업화 전 정치 체제로, 저명한 집안의 장로나 군벌이 수장이 됩니다. 모든 주에 대한 효율적인 중앙 통제는 불가능합니다.",localization/korean/laws_l_korean.yml,115
law_monarchy,korean,,군주정,localization/korean/laws_l_korean.yml,116
law_monarchy_desc,korean,,귀족 왕조가 한 나라의 국민 정체성을 대변하고 집행권은 왕조의 수장에게 부여되는 정부 형태입니다.,localization/korean/laws_l_korean.yml,117
law_presidential_republic,korean,,대통령제,localization/korean/laws_l_korean.yml,118
law_presidential_republic_desc,korean,,국민과 국민이 선출한 대표자가 권력을 갖는 정치 체제입니다. 공화국은 선출 또는 지명된 $RULER_TITLE_PRESIDENT$(을)를 국가 원수로 삼습니다.,localization/korean/laws_l_korean.yml,119
law_parliamentary_republic,korean,,의원내각제,localization/korean/laws_l_korean.yml,120
law_parliamentary_republic_desc,korean,,"국민과 국민이 선출한 대표자가 권력을 갖는 정치 체제입니다. 입법부의 수장이 국가 원수를 맡으며, $RULER_TITLE_CHANCELLOR$(이)란 명칭으로 불립니다.",localization/korean/laws_l_korean.yml,121
law_theocracy,korean,,신정 국가,localization/korean/laws_l_korean.yml,122
law_theocracy_desc,korean,,"정부가 성직자와 이들의 성전 해석에 따라 운영됩니다. 신앙의 대상이 명목상 국가 원수가 되지만, 실질적으로는 능력, 지위, 출신에 따라 선택된 세속적 대변인이 국가 원수 역할을 수행합니다.",localization/korean/laws_l_korean.yml,123
law_council_republic,korean,,평의회 공화국,localization/korean/laws_l_korean.yml,124
law_council_republic_desc,korean,,노동자가 지역 의회에 대표단을 선출하는 정치 체제입니다. 일터 조직의 개념이 전반적인 통치 체계까지 확대됩니다.,localization/korean/laws_l_korean.yml,125
lawgroup_free_speech,korean,,표현의 자유,localization/korean/laws_l_korean.yml,127
lawgroup_free_speech_desc,korean,,표현의 자유와 공공집회권을 관장하는 법률입니다.,localization/korean/laws_l_korean.yml,128
law_outlawed_dissent,korean,,이의 엄금,localization/korean/laws_l_korean.yml,129
law_outlawed_dissent_desc,korean,,정부를 비판하는 일은 반역 행위이자 불법으로 간주됩니다.,localization/korean/laws_l_korean.yml,130
law_censorship,korean,,검열,localization/korean/laws_l_korean.yml,131
law_censorship_desc,korean,,언론에 검열이 이루어지고 있고 집회의 자유가 보장되지 않습니다.,localization/korean/laws_l_korean.yml,132
law_right_of_assembly,korean,,집회의 자유,localization/korean/laws_l_korean.yml,133
law_right_of_assembly_desc,korean,,시민들이 공공집회를 열 자유를 누립니다.,localization/korean/laws_l_korean.yml,134
law_protected_speech,korean,,표현 보장,localization/korean/laws_l_korean.yml,135
law_protected_speech_desc,korean,,표현의 자유가 법으로 보장됩니다.,localization/korean/laws_l_korean.yml,136
lawgroup_army_model,korean,,군대 모범법,localization/korean/laws_l_korean.yml,138
lawgroup_army_model_desc,korean,,군대를 어떻게 조직하고 조정할지를 결정합니다.,localization/korean/laws_l_korean.yml,139
law_peasant_levies,korean,,소작농 부역,localization/korean/laws_l_korean.yml,140
law_peasant_levies_desc,korean,,기초 훈련만 받았거나 훈련을 전혀 받지 않은 징집 보병이 군대의 주요 전력을 이룹니다.,localization/korean/laws_l_korean.yml,141
law_national_militia,korean,,국가 민병대,localization/korean/laws_l_korean.yml,142
law_national_militia_desc,korean,,상비군은 적지만 지역 민병대를 결성해 고향을 지키게 할 수 있습니다.,localization/korean/laws_l_korean.yml,143
law_mass_conscription,korean,,대규모 징병,localization/korean/laws_l_korean.yml,144
law_mass_conscription_desc,korean,,필요에 따라 전문직업군을 보조할 대규모 보병 징집병을 소집할 수 있습니다.,localization/korean/laws_l_korean.yml,145
law_professional_army,korean,,전문직업군,localization/korean/laws_l_korean.yml,146
law_professional_army_desc,korean,,잘 훈련된 전문 상비군이 군대를 이룹니다.,localization/korean/laws_l_korean.yml,147
lawgroup_distribution_of_power,korean,,권력 분배,localization/korean/laws_l_korean.yml,149
lawgroup_distribution_of_power_desc,korean,,정치 권력의 분배 방식과 국가 원수는 누구를 위해 일하는지를 결정합니다.,localization/korean/laws_l_korean.yml,150
law_autocracy,korean,,전제 정치,localization/korean/laws_l_korean.yml,151
law_autocracy_desc,korean,,국가 원수의 권력은 절대적이며 어떤 세속적 권위에도 구애받지 않습니다.,localization/korean/laws_l_korean.yml,152
law_oligarchy,korean,,과두 정치,localization/korean/laws_l_korean.yml,153
law_oligarchy_desc,korean,,국가 원수가 권세를 지닌 소수의 비선출 개인과 권력과 책임을 나눕니다.,localization/korean/laws_l_korean.yml,154
law_landed_voting,korean,,지주 선거권,localization/korean/laws_l_korean.yml,155
law_landed_voting_desc,korean,,토지를 소유하거나 자본자산이 있는 자가 투표권을 가집니다.,localization/korean/laws_l_korean.yml,156
law_wealth_voting,korean,,금권 선거권,localization/korean/laws_l_korean.yml,157
law_wealth_voting_desc,korean,,재산이 있는 사람에게 선거권이 주어집니다. 재산이 부유한 사람은 더 많은 선거권을 갖습니다.,localization/korean/laws_l_korean.yml,158
law_census_voting,korean,,제한선거권,localization/korean/laws_l_korean.yml,159
law_census_voting_desc,korean,,특정 지위를 지닌 식자 인구 남성이 투표권을 가집니다.,localization/korean/laws_l_korean.yml,160
law_universal_suffrage,korean,,보통선거권,localization/korean/laws_l_korean.yml,161
law_universal_suffrage_desc,korean,,모든 성인 남성이 동등하게 투표권을 가집니다.,localization/korean/laws_l_korean.yml,162
law_elder_council,korean,,원로회,localization/korean/laws_l_korean.yml,163
law_elder_council_desc,korean,,존경받는 남자들만이 국정에 대한 발언권을 가집니다.,localization/korean/laws_l_korean.yml,164
law_anarchy,korean,,무정부,localization/korean/laws_l_korean.yml,165
law_anarchy_desc,korean,,지역 공동체가 자립하고 대표를 보내 한정적인 협력 의회에서 활동하게 합니다. 제대로 된 위계가 없어 중앙에서 권위를 행사하기 어렵습니다.,localization/korean/laws_l_korean.yml,166
law_single_party_state,korean,,일당제,localization/korean/laws_l_korean.yml,167
law_single_party_state_desc,korean,,국내의 모든 정치 활동을 독점하는 합법적인 단일 정치 정당이 국가를 운영합니다.,localization/korean/laws_l_korean.yml,168
ruler_in_party_tt,korean,,해당 국가의 [concept_ruler]는 활동 중인 정치 [concept_party]을 보유한 [concept_interest_group]의 구성원임,localization/korean/laws_l_korean.yml,169
sps_no_party_tt,korean,,"이 국가에는 활동 중인 [Concept('concept_party', '정치 정당')]이 존재하지 않음",localization/korean/laws_l_korean.yml,170
sps_government_reshuffle_tt,korean,,[concept_government] 구성이 단일 합법 [concept_party] 구성원으로 변경됨,localization/korean/laws_l_korean.yml,171
law_first_past_the_post,korean,,다수대표제,localization/korean/laws_l_korean.yml,173
law_first_past_the_post_desc,korean,,"이 방식은 '승자독식제'라고도 불리며 각 선거구별 지역 투표에서 가장 많이 승리한 후보 하나를 당선자로 정합니다. 강력한 권한을 가진 단일 정당 정부가 탄생하지만, 특정 정당에 유리하게 선거구를 나누는 게리맨더링에 취약한 선거 방식입니다.",localization/korean/laws_l_korean.yml,174
law_proportional_representation,korean,,비례대표제,localization/korean/laws_l_korean.yml,175
law_proportional_representation_desc,korean,,이 체제는 투표 수에 비례해 의석을 배분합니다. 이 결과 어떤 일을 하려면 협상이 이루어져야 하는 다당식 연립 정부가 발생합니다.,localization/korean/laws_l_korean.yml,176
lawgroup_labor_rights,korean,,노동권,localization/korean/laws_l_korean.yml,178
lawgroup_labor_rights_desc,korean,,노동자들의 권리,localization/korean/laws_l_korean.yml,179
law_serfdom,korean,,농노제,localization/korean/laws_l_korean.yml,180
law_serfdom_desc,korean,,소작농은 땅에 귀속되어 봉건적 지배자를 위해 노동을 제공해야만 합니다.,localization/korean/laws_l_korean.yml,181
law_no_workers_rights,korean,,노동자 권리 박탈,localization/korean/laws_l_korean.yml,182
law_no_workers_rights_desc,korean,,국가에서 노동자의 노동권을 보장하지 않습니다.,localization/korean/laws_l_korean.yml,183
law_regulatory_bodies,korean,,규제 기관,localization/korean/laws_l_korean.yml,184
law_regulatory_bodies_desc,korean,,고용주가 정도를 벗어나지 않도록 제한할 정부 기관이 창설됩니다.,localization/korean/laws_l_korean.yml,185
law_worker_protections,korean,,근로자 보호법,localization/korean/laws_l_korean.yml,186
law_worker_protections_desc,korean,,노동자는 법으로 명시된 폭넓은 보호 권리를 누립니다.,localization/korean/laws_l_korean.yml,187
lawgroup_childrens_rights,korean,,아동권,localization/korean/laws_l_korean.yml,189
lawgroup_childrens_rights_desc,korean,,아이들에게 주어지는 권리와 보호,localization/korean/laws_l_korean.yml,190
law_child_labor_allowed,korean,,아동 노동 허용,localization/korean/laws_l_korean.yml,191
law_child_labor_allowed_desc,korean,,아이가 일할 수 있는 곳에 법적 규제가 적용되지 않습니다.,localization/korean/laws_l_korean.yml,192
law_restricted_child_labor,korean,,아동 노동 제한,localization/korean/laws_l_korean.yml,193
law_restricted_child_labor_desc,korean,,어떤 아이도 공장에 들어설 수 없습니다.,localization/korean/laws_l_korean.yml,194
law_compulsory_primary_school,korean,,초등 교육 의무화,localization/korean/laws_l_korean.yml,195
law_compulsory_primary_school_desc,korean,,"모든 아이들은 반드시 몇 년의 초등 교육을 받아야 하며, 이 기간 동안 노동을 할 수 없습니다.",localization/korean/laws_l_korean.yml,196
lawgroup_slavery,korean,,노예제,localization/korean/laws_l_korean.yml,198
lawgroup_slavery_desc,korean,,사람을 재산으로,localization/korean/laws_l_korean.yml,199
law_slavery_banned,korean,,노예제 금지,localization/korean/laws_l_korean.yml,200
law_slavery_banned_desc,korean,,어떤 인간도 다른 인간을 소유할 수 없습니다.,localization/korean/laws_l_korean.yml,201
law_debt_slavery,korean,,부채 노예제,localization/korean/laws_l_korean.yml,202
law_debt_slavery_desc,korean,,빚을 갚을 수 없는 사람은 자신이 채권자의 소유물이 됩니다.,localization/korean/laws_l_korean.yml,203
law_slave_trade,korean,,노예 무역,localization/korean/laws_l_korean.yml,204
law_slave_trade_desc,korean,,값싼 노동력에 대한 수요는 해외에서 진행되는 비인간화 무역으로 충족됩니다.,localization/korean/laws_l_korean.yml,205
law_legacy_slavery,korean,,상속 노예제,localization/korean/laws_l_korean.yml,206
law_legacy_slavery_desc,korean,,"노예제 폐지파와 노예주 사이의 절충안으로서, 노예 제도를 유지하는 대신 확장하지 않습니다.",localization/korean/laws_l_korean.yml,207
lawgroup_church_and_state,korean,,교회와 국가,localization/korean/laws_l_korean.yml,209
lawgroup_church_and_state_desc,korean,,세속적 지도자와 정신적 지도자의 관계,localization/korean/laws_l_korean.yml,210
law_state_religion,korean,,국교,localization/korean/laws_l_korean.yml,211
law_state_religion_desc,korean,,교회가 공식적으로 정부의 일부가 됩니다. 모든 소수 종교가 차별을 받습니다.,localization/korean/laws_l_korean.yml,212
law_freedom_of_conscience,korean,,신앙의 자유,localization/korean/laws_l_korean.yml,213
law_freedom_of_conscience_desc,korean,,"공식 국교가 있지만, 어떤 종교를 믿을지는 국민이 선택할 수 있습니다. 유독 이질적인 종교만 차별을 받습니다.",localization/korean/laws_l_korean.yml,214
law_total_separation,korean,,완전 분리,localization/korean/laws_l_korean.yml,215
law_total_separation_desc,korean,,어떤 교회나 신념도 정부 기능에 영향을 주지 못합니다. 어떤 종교도 차별받지 않습니다.,localization/korean/laws_l_korean.yml,216
law_atheist_state,korean,,무교 국가,localization/korean/laws_l_korean.yml,217
law_atheist_state_desc,korean,,"종교적 믿음을 전파하는 행위는 금지되며, 믿음을 가지면 사회의 멸시를 받습니다. 모든 종교가 차별을 받습니다.",localization/korean/laws_l_korean.yml,218
lawgroup_citizenship,korean,,시민권,localization/korean/laws_l_korean.yml,220
lawgroup_citizenship_desc,korean,,누가 시민이 될 자격이 있는가,localization/korean/laws_l_korean.yml,221
law_ethnostate,korean,,민족 국가,localization/korean/laws_l_korean.yml,222
law_ethnostate_desc,korean,,모든 외래 문화가 차별을 받습니다.,localization/korean/laws_l_korean.yml,223
law_national_supremacy,korean,,자문화중심주의,localization/korean/laws_l_korean.yml,224
law_national_supremacy_desc,korean,,문화적 유산과 언어(또는 그 외 풍습)가 같지 않은 외래 문화는 차별을 받습니다.,localization/korean/laws_l_korean.yml,225
law_racial_segregation,korean,,인종 분리,localization/korean/laws_l_korean.yml,226
law_racial_segregation_desc,korean,,다른 문화적 유산을 지닌 외래 문화는 차별을 받습니다.,localization/korean/laws_l_korean.yml,227
law_cultural_exclusion,korean,,문화 배척,localization/korean/laws_l_korean.yml,228
law_cultural_exclusion_desc,korean,,당신 국가의 주류 문화와 공통점이 하나도 없는 외래 문화는 차별을 받습니다.,localization/korean/laws_l_korean.yml,229
law_multicultural,korean,,다문화,localization/korean/laws_l_korean.yml,230
law_multicultural_desc,korean,,어떤 문화도 차별받지 않습니다.,localization/korean/laws_l_korean.yml,231
lawgroup_economic_system,korean,,경제 체제,localization/korean/laws_l_korean.yml,233
lawgroup_economic_system_desc,korean,,당신의 경제를 이루는 원칙,localization/korean/laws_l_korean.yml,234
law_traditionalism,korean,,전통주의,localization/korean/laws_l_korean.yml,235
law_traditionalism_desc,korean,,산업화 이전 초소형 경제로 중앙 통제가 아주 적습니다.,localization/korean/laws_l_korean.yml,236
law_agrarianism,korean,,농본주의,localization/korean/laws_l_korean.yml,237
law_agrarianism_desc,korean,,농업개발과 농업 공동체를 강조하는 농촌 경제입니다.,localization/korean/laws_l_korean.yml,238
law_cooperative_ownership,korean,,협동 소유,localization/korean/laws_l_korean.yml,239
law_cooperative_ownership_desc,korean,,"사회 소유 개념을 기반으로 하는 경제 체제로, 잉여 생산분이 노동자들에게 균등하게 분배됩니다.",localization/korean/laws_l_korean.yml,240
law_command_economy,korean,,통제경제,localization/korean/laws_l_korean.yml,241
law_command_economy_desc,korean,,"정부가 직접 생산 양상 대부분을 통솔하는 내부 집중형, 개입형 경제입니다.",localization/korean/laws_l_korean.yml,242
law_laissez_faire,korean,,자유방임주의,localization/korean/laws_l_korean.yml,243
law_laissez_faire_desc,korean,,비교 우위 원칙과 정부 개입이 적을수록 더 크게 성장한다는 원칙을 기반으로 삼은 자유 경제 체제입니다.,localization/korean/laws_l_korean.yml,244
law_interventionism,korean,,간섭주의,localization/korean/laws_l_korean.yml,245
law_interventionism_desc,korean,,국가의 안정을 위해 정부에서 사기업의 지나친 범람을 억제합니다.,localization/korean/laws_l_korean.yml,246
lawgroup_trade_policy,korean,,무역 정책,localization/korean/laws_l_korean.yml,248
lawgroup_trade_policy_desc,korean,,무역과 국제 상품 교환을 관장하는 법률입니다.,localization/korean/laws_l_korean.yml,249
law_free_trade,korean,,자유무역,localization/korean/laws_l_korean.yml,250
law_free_trade_desc,korean,,자유로운 상품 무역은 모두에게 이익이 되므로 간섭해선 안 됩니다.,localization/korean/laws_l_korean.yml,251
law_protectionism,korean,,보호무역주의,localization/korean/laws_l_korean.yml,252
law_protectionism_desc,korean,,외국 시장의 침탈로부터 우리 산업을 보호해야 합니다.,localization/korean/laws_l_korean.yml,253
law_isolationism,korean,,고립주의,localization/korean/laws_l_korean.yml,254
law_isolationism_desc,korean,,타 국가와 연루되지 않으며 국가의 자급자족에 중점을 둔 경제입니다.,localization/korean/laws_l_korean.yml,255
law_mercantilism,korean,,중상주의,localization/korean/laws_l_korean.yml,256
law_mercantilism_desc,korean,,경상수지 흑자와 타 국가와의 경쟁을 강조하는 수출 중점 경제입니다.,localization/korean/laws_l_korean.yml,257
lawgroup_taxation,korean,,조세,localization/korean/laws_l_korean.yml,259
lawgroup_taxation_desc,korean,,주가 수익을 목적으로 시민에게 부과하는 세금의 형식을 결정합니다.,localization/korean/laws_l_korean.yml,260
law_consumption_based_taxation,korean,,소비 기반 조세,localization/korean/laws_l_korean.yml,261
law_consumption_based_taxation_desc,korean,,직접적인 수입이나 인두세를 활용하지 않는 조세 제도입니다. 대신 상품 소비에 세금을 부과하여 수익을 얻습니다.,localization/korean/laws_l_korean.yml,262
law_land_based_taxation,korean,,토지 기반 조세,localization/korean/laws_l_korean.yml,263
law_land_based_taxation_desc,korean,,전통적인 형태의 토지 기반 조세입니다. 주로 소작농에게서 징수합니다.,localization/korean/laws_l_korean.yml,264
law_per_capita_based_taxation,korean,,인두 조세,localization/korean/laws_l_korean.yml,265
law_per_capita_based_taxation_desc,korean,,수입 및 인두세를 복합적으로 활용해 빈곤층에 불합리한 세금을 부과하는 조세 제도입니다.,localization/korean/laws_l_korean.yml,266
law_proportional_taxation,korean,,비례 조세,localization/korean/laws_l_korean.yml,267
law_proportional_taxation_desc,korean,,"주로 수입을 기반으로 하는 조세 제도로, 모든 사람이 대략적으로 비슷한 수입을 주에 납부합니다.",localization/korean/laws_l_korean.yml,268
law_graduated_taxation,korean,,누진세,localization/korean/laws_l_korean.yml,269
law_graduated_taxation_desc,korean,,높은 배당세로 부유층에 조세 부담을 지우는 것을 목표로 하는 조세 제도입니다.,localization/korean/laws_l_korean.yml,270
lawgroup_education_system,korean,,교육 체제,localization/korean/laws_l_korean.yml,272
lawgroup_education_system_desc,korean,,굴뚝 청소를 끝낸 아이들이 할 일을 결정합니다.,localization/korean/laws_l_korean.yml,273
law_no_schools,korean,,학교 철폐,localization/korean/laws_l_korean.yml,274
law_no_schools_desc,korean,,교육은 부모의 책임입니다. 여유가 넘치는 시민만이 읽고 쓰는 법을 배웁니다.,localization/korean/laws_l_korean.yml,275
law_religious_schools,korean,,종교 학교,localization/korean/laws_l_korean.yml,276
law_religious_schools_desc,korean,,국가 교육을 교회에 맡기면 충성스럽고 도덕적인 국민을 얻게 됩니다.,localization/korean/laws_l_korean.yml,277
law_private_schools,korean,,사립학교,localization/korean/laws_l_korean.yml,278
law_private_schools_desc,korean,,교육은 교육 내용에 선택의 자유를 누리는 민영 기관에 맡기는 게 적절합니다.,localization/korean/laws_l_korean.yml,279
law_public_schools,korean,,공립학교,localization/korean/laws_l_korean.yml,280
law_public_schools_desc,korean,,"교육은 주 정부의 책임이며, 표준화된 상태로 모두에게 동등한 기회로서 주어져야 합니다.",localization/korean/laws_l_korean.yml,281
lawgroup_health_system,korean,,보건 체제,localization/korean/laws_l_korean.yml,283
lawgroup_health_system_desc,korean,,정부 차원에서 시민에게 보건 의료를 제공하는 것에 대한 법입니다.,localization/korean/laws_l_korean.yml,284
law_no_health_system,korean,,보건 체제 없음,localization/korean/laws_l_korean.yml,285
law_no_health_system_desc,korean,,정부에서 그 어떤 보건 의료 제도에도 자금을 지원하고 있지 않습니다.,localization/korean/laws_l_korean.yml,286
law_charitable_health_system,korean,,자선 병원,localization/korean/laws_l_korean.yml,287
law_charitable_health_system_desc,korean,,"자선 단체들은 종교 단체가 대부분으로, 아프거나 죽어가는 이들을 위해 최대한 도움을 제공합니다.",localization/korean/laws_l_korean.yml,288
law_private_health_insurance,korean,,사립건강보험,localization/korean/laws_l_korean.yml,289
law_private_health_insurance_desc,korean,,"인구 건강은 사립건강보험에서 자금을 얻는 개인 소유 병원 일체를 통해 이루어져, 국고 지출을 최소화해도 형편이 되는 이들의 복지가 보장됩니다.",localization/korean/laws_l_korean.yml,290
law_public_health_insurance,korean,,국립건강보험,localization/korean/laws_l_korean.yml,291
law_public_health_insurance_desc,korean,,정부가 공금으로 지원되는 건강보험 제도를 제공해 모두가 동등한 의료 혜택을 받을 수 있게 합니다.,localization/korean/laws_l_korean.yml,292
lawgroup_welfare,korean,,복지,localization/korean/laws_l_korean.yml,294
lawgroup_welfare_desc,korean,,무소득자 정부 지원,localization/korean/laws_l_korean.yml,295
law_no_social_security,korean,,사회보장제도 없음,localization/korean/laws_l_korean.yml,296
law_no_social_security_desc,korean,,주 정부는 자신을 부양하지 못하는 이들을 부양하는 기관이 아닙니다.,localization/korean/laws_l_korean.yml,297
law_poor_laws,korean,,구빈법,localization/korean/laws_l_korean.yml,298
law_poor_laws_desc,korean,,부랑자와 노숙자를 거리에서 내쫓아 구빈원에 몰아넣는 일은 비용을 들일 가치가 있습니다.,localization/korean/laws_l_korean.yml,299
law_wage_subsidies,korean,,임금 보조금,localization/korean/laws_l_korean.yml,300
law_wage_subsidies_desc,korean,,일할 의지가 있는 사람은 누구나 배불리 먹을 권리가 있습니다. 모두에게 가족을 먹여 살릴 수단이 주어져야 합니다.,localization/korean/laws_l_korean.yml,301
law_old_age_pension,korean,,노령연금,localization/korean/laws_l_korean.yml,302
law_old_age_pension_desc,korean,,사실상 노동 인구가 일할 수 있는 나이에는 제한이 있으며 이후의 복지는 정부가 책임져야 할 영역입니다.,localization/korean/laws_l_korean.yml,303
law_disability_insurance,korean,,장애 보험,localization/korean/laws_l_korean.yml,304
law_disability_insurance_desc,korean,,자신의 책임이 아닌 계기 때문에 일을 할 수 없는 사람들은 주 정부가 돌봐야 합니다.,localization/korean/laws_l_korean.yml,305
lawgroup_rights_of_women,korean,,여성권,localization/korean/laws_l_korean.yml,307
lawgroup_rights_of_women_desc,korean,,여성에게 적용되는 법률,localization/korean/laws_l_korean.yml,308
law_no_womens_rights,korean,,법적 후견제,localization/korean/laws_l_korean.yml,309
law_no_womens_rights_desc,korean,,여성은 법적으로 남성을 후견인으로 두어야 하며 누릴 수 있는 권리가 거의 없습니다.,localization/korean/laws_l_korean.yml,310
law_women_own_property,korean,,여성의 재산권,localization/korean/laws_l_korean.yml,311
law_women_own_property_desc,korean,,"상속받았든 다른 방법으로 얻었든, 여성이라도 소유물을 가지고 소중히 할 권리와 의무가 있습니다.",localization/korean/laws_l_korean.yml,312
law_women_in_the_workplace,korean,,여성 노동,localization/korean/laws_l_korean.yml,313
law_women_in_the_workplace_desc,korean,,노동 인구 절반이 손 놓고 있어서야 무슨 수로 발전의 용광로를 계속 지피겠습니까?,localization/korean/laws_l_korean.yml,314
law_womens_suffrage,korean,,여성 참정권,localization/korean/laws_l_korean.yml,315
law_womens_suffrage_desc,korean,,새로운 질서에 발맞춰 여성도 동등한 발언권을 요구합니다. 절대 물러서지 않을 겁니다!,localization/korean/laws_l_korean.yml,316
lawgroup_policing,korean,,경찰 조직,localization/korean/laws_l_korean.yml,318
lawgroup_policing_desc,korean,,국가의 경찰에 얼마나 집중하는가,localization/korean/laws_l_korean.yml,319
law_no_police,korean,,경찰 철폐,localization/korean/laws_l_korean.yml,320
law_no_police_desc,korean,,이 국가에는 구조화된 경찰력이 하나도 없습니다.,localization/korean/laws_l_korean.yml,321
law_local_police,korean,,지역 경찰,localization/korean/laws_l_korean.yml,322
law_local_police_desc,korean,,이 국가는 지역 경찰이 운영되고 있습니다.,localization/korean/laws_l_korean.yml,323
law_dedicated_police,korean,,전문 경찰,localization/korean/laws_l_korean.yml,324
law_dedicated_police_desc,korean,,이 국가는 제식 훈련을 받은 전문 경찰이 있습니다.,localization/korean/laws_l_korean.yml,325
law_militarized_police,korean,,경찰 군사화,localization/korean/laws_l_korean.yml,326
law_militarized_police_desc,korean,,경찰에 군사 장비와 군사 훈련을 제공해 당신의 의지를 더욱더 잘 관철하게 합니다.,localization/korean/laws_l_korean.yml,327
lawgroup_bureaucracy,korean,,관료제,localization/korean/laws_l_korean.yml,329
lawgroup_bureaucracy_desc,korean,,국가의 행정부 구조,localization/korean/laws_l_korean.yml,330
law_hereditary_bureaucrats,korean,,세습 관료제,localization/korean/laws_l_korean.yml,331
law_hereditary_bureaucrats_desc,korean,,관료의 자리가 세습되어 대대손손 그 책임이 이어집니다.,localization/korean/laws_l_korean.yml,332
law_appointed_bureaucrats,korean,,임명 관료제,localization/korean/laws_l_korean.yml,333
law_appointed_bureaucrats_desc,korean,,"지도자가 관료를 직접 임명해 최대한 국가의 권익을 위해 일하게 만들고, 대가로 높은 임금을 지불합니다.",localization/korean/laws_l_korean.yml,334
law_meritocratic_bureaucracy,korean,,능력주의 관료제,localization/korean/laws_l_korean.yml,335
law_meritocratic_bureaucracy_desc,korean,,관료가 힘 있는 자리에 오르려면 자신의 가치로 경쟁해야 합니다. 시간이 지나면 거대하고 복잡한 행정부가 탄생합니다.,localization/korean/laws_l_korean.yml,336
law_elected_bureaucrats,korean,,선출 관료제,localization/korean/laws_l_korean.yml,337
law_elected_bureaucrats_desc,korean,,지역의 유권자가 지방관을 선출하여 권력이 분산되지만 시민 관리가 쉬워집니다.,localization/korean/laws_l_korean.yml,338
lawgroup_colonization,korean,,식민화,localization/korean/laws_l_korean.yml,340
lawgroup_colonization_desc,korean,,[concept_decentralized_nation]를 대체하고 정복할 식민지 수립에 대한 당신의 관점을 결정합니다.,localization/korean/laws_l_korean.yml,341
law_no_colonial_affairs,korean,,식민부 없음,localization/korean/laws_l_korean.yml,342
law_no_colonial_affairs_desc,korean,,국가는 어떤 형태로든 공식적인 식민화를 이행하지 않으며 식민지를 수립하지 못합니다.,localization/korean/laws_l_korean.yml,343
law_colonial_resettlement,korean,,식민지 이주,localization/korean/laws_l_korean.yml,344
law_colonial_resettlement_desc,korean,,국가의 편입 주 출신 정착민에게 토지를 제공하기 위해 식민지를 설립합니다.,localization/korean/laws_l_korean.yml,345
law_colonial_exploitation,korean,,식민지 수탈,localization/korean/laws_l_korean.yml,346
law_colonial_exploitation_desc,korean,,해당 지역의 천연 자원과 값싼 노동력을 착취하기 위해 식민지를 설립합니다.,localization/korean/laws_l_korean.yml,347
lawgroup_internal_security,korean,,보안법,localization/korean/laws_l_korean.yml,349
lawgroup_internal_security_desc,korean,,국내 정세를 안정시킬 방안을 결정합니다.,localization/korean/laws_l_korean.yml,350
law_no_home_affairs,korean,,내무부 없음,localization/korean/laws_l_korean.yml,351
law_no_home_affairs_desc,korean,,주는 불안과 반란을 막을 특별한 조치를 취하지 않습니다.,localization/korean/laws_l_korean.yml,352
law_national_guard,korean,,향토 방위군,localization/korean/laws_l_korean.yml,353
law_national_guard_desc,korean,,주는 군사력으로 국내 사회 불안을 잠재울 수 있습니다.,localization/korean/laws_l_korean.yml,354
law_secret_police,korean,,비밀 경찰,localization/korean/laws_l_korean.yml,355
law_secret_police_desc,korean,,비밀 경찰이 급진적 인사와 반론가를 주시합니다.,localization/korean/laws_l_korean.yml,356
law_guaranteed_liberties,korean,,자유 보장,localization/korean/laws_l_korean.yml,357
law_guaranteed_liberties_desc,korean,,"국가 내무부에서 시민의 불만 사항을 해결하는 데만 전적으로 집중하고, 정당한 사유 없이 조사하거나 체포하는 행동이 금지됩니다.",localization/korean/laws_l_korean.yml,358
lawgroup_migration,korean,,이주,localization/korean/laws_l_korean.yml,360
lawgroup_migration_desc,korean,,인구의 이동 제어하기,localization/korean/laws_l_korean.yml,361
law_no_migration_controls,korean,,이주 통제 철폐,localization/korean/laws_l_korean.yml,362
law_no_migration_controls_desc,korean,,국가가 국경을 넘나드는 인구 이동을 통제하지 않습니다.,localization/korean/laws_l_korean.yml,363
law_migration_controls,korean,,이주 통제,localization/korean/laws_l_korean.yml,364
law_migration_controls_desc,korean,,차별받지 않는 문화와 종교를 가진 사람만이 이주할 수 있습니다.,localization/korean/laws_l_korean.yml,365
law_closed_borders,korean,,국경 폐쇄,localization/korean/laws_l_korean.yml,366
law_closed_borders_desc,korean,,내적으로든 외적으로든 이주가 허용되지 않습니다.,localization/korean/laws_l_korean.yml,367
liberate_slaves_tt,korean,,모든 [GetPopType('slaves').GetName]가 해방됨,localization/korean/laws_l_korean.yml,368
enslave_discriminated_farm_workers_tt,korean,,"기존 노예 주의 농장, 목축장, 플랜테이션에서 근무하는 모든 [Concept('concept_discrimination','$concept_discriminated$')]받는 $laborers$가 [Concept('concept_slavery', '$concept_enslaved$')]화됨",localization/korean/laws_l_korean.yml,369
enact_law_radical_leftist_government_warning_desc,korean,,"@warning! 해당 [concept_law]을 제정할 경우 유사한 $lawgroup_governance_principles$을 채택한 [Concept('concept_country', '$concept_countries$')]가 우리나라에 공격적으로 변할 가능성이 있음",localization/korean/laws_l_korean.yml,370
enact_law_radical_leftist_economy_warning_desc,korean,,"@warning! 해당 [concept_law]을 제정할 경우 유사한 $lawgroup_economic_system$를 채택한 [Concept('concept_country', '$concept_countries$')]가 우리나라에 공격적으로 변할 가능성이 있음",localization/korean/laws_l_korean.yml,371
law_industry_banned,korean,,공업 금지,localization/korean/laws_l_korean.yml,373
law_industry_banned_desc,korean,,중공업과 자동화를 거부하고 영혼 없는 기계보다 정직한 노동의 결실을 선호하는 경제관입니다.,localization/korean/laws_l_korean.yml,374
industry_banned_tt,korean,,더 이상 #bold 중공업#! 건물을 건설할 수 없음,localization/korean/laws_l_korean.yml,375
industry_banned_destroy_tt,korean,,@warning! 해당 국가에 있는 모든 #bold 중공업#! 건물이 해체됩니다.,localization/korean/laws_l_korean.yml,376
ideology_luddite,korean,,러다이트,localization/korean/laws_l_korean.yml,377
ideology_luddite_desc,korean,,산업 자동화를 넘어 극단적인 경우 산업 그 자체를 거부합니다.,localization/korean/laws_l_korean.yml,378
lawgroup_land_reform,korean,,토지 개혁,localization/korean/laws_l_korean.yml,380
lawgroup_land_reform_desc,korean,,농지 및 농지에서 일하는 사람들에게 적용되는 법률입니다.,localization/korean/laws_l_korean.yml,381
law_tenant_farmers,korean,,소작인,localization/korean/laws_l_korean.yml,382
law_tenant_farmers_desc,korean,,"세습 상류층이 농지를 소유합니다. 노동자는 농지에 묶여 있지 않으며, 다른 일자리가 생기면 떠날 수 있습니다.",localization/korean/laws_l_korean.yml,383
law_homesteading,korean,,공유지 불하,localization/korean/laws_l_korean.yml,384
law_homesteading_desc,korean,,농부들은 고용한 노무자들과 함께 일하며 토지에 대한 소유권을 주장합니다.,localization/korean/laws_l_korean.yml,385
law_commercialized_agriculture,korean,,상업적 농업,localization/korean/laws_l_korean.yml,386
law_commercialized_agriculture_desc,korean,,농업은 다른 업종과 마찬가지로 시장의 힘에 종속되고 자본으로 소유하는 하나의 사업입니다.,localization/korean/laws_l_korean.yml,387
law_collectivized_agriculture,korean,,집단 농업,localization/korean/laws_l_korean.yml,388
law_collectivized_agriculture_desc,korean,,공동 사업체를 이룬 농부 집단이 여러 구획으로 구성된 농지를 일굽니다.,localization/korean/laws_l_korean.yml,389
pm_homesteading,korean,,공유지 불하,localization/korean/laws_l_korean.yml,390
pm_homesteading_building_subsistence,korean,,공유지 불하,localization/korean/laws_l_korean.yml,391
pm_privately_owned_plantation,korean,,개인 소유,localization/korean/laws_l_korean.yml,392
pm_publicly_traded_plantation,korean,,공개 거래,localization/korean/laws_l_korean.yml,393
pm_government_run_plantation,korean,,정부 운영,localization/korean/laws_l_korean.yml,394
ideology_jacksonian_democrat,korean,,잭슨 민주주의,localization/korean/laws_l_korean.yml,396
ideology_jacksonian_democrat_desc,korean,,해당 인물은 어떤 '공공'의 정의를 위해 대중의 더 많은 정부 참여를 지지합니다.,localization/korean/laws_l_korean.yml,397
enactment_phase_0_tec,korean,,입안,localization/korean/laws_l_korean.yml,399
enactment_phase_1_tec,korean,,검토,localization/korean/laws_l_korean.yml,400
enactment_phase_2_tec,korean,,시행,localization/korean/laws_l_korean.yml,401
enactment_phase_0_courep,korean,,토론,localization/korean/laws_l_korean.yml,402
enactment_phase_1_courep,korean,,증보,localization/korean/laws_l_korean.yml,403
enactment_phase_2_courep,korean,,승인,localization/korean/laws_l_korean.yml,404
enactment_phase_0_autocracy,korean,,제출,localization/korean/laws_l_korean.yml,405
enactment_phase_1_autocracy,korean,,심의,localization/korean/laws_l_korean.yml,406
enactment_phase_2_autocracy,korean,,채택,localization/korean/laws_l_korean.yml,407
enactment_phase_0_demrep,korean,,발의,localization/korean/laws_l_korean.yml,408
enactment_phase_1_demrep,korean,,연구,localization/korean/laws_l_korean.yml,409
enactment_phase_2_demrep,korean,,투표,localization/korean/laws_l_korean.yml,410
enactment_phase_0_conmon,korean,,회부,localization/korean/laws_l_korean.yml,411
enactment_phase_1_conmon,korean,,입안,localization/korean/laws_l_korean.yml,412
enactment_phase_2_conmon,korean,,투표,localization/korean/laws_l_korean.yml,413
enactment_phase_0_mon,korean,,제출,localization/korean/laws_l_korean.yml,414
enactment_phase_1_mon,korean,,심의,localization/korean/laws_l_korean.yml,415
enactment_phase_2_mon,korean,,동의,localization/korean/laws_l_korean.yml,416
enactment_phase_0_generic,korean,,입안,localization/korean/laws_l_korean.yml,417
enactment_phase_1_generic,korean,,증보,localization/korean/laws_l_korean.yml,418
enactment_phase_2_generic,korean,,투표,localization/korean/laws_l_korean.yml,419
STATE_DYUELRONIAH_SEA,korean,0,듀엘로니아 해,localization/korean/map/seas_l_korean.yml,3
STATE_HAILRIXH_SEA,korean,0,하일리스 해,localization/korean/map/seas_l_korean.yml,4
STATE_GRIENDH_SEA,korean,0,그리엔드 해,localization/korean/map/seas_l_korean.yml,5
STATE_WEST_RAVANT_SEA,korean,0,서부 레반트 해역,localization/korean/map/seas_l_korean.yml,6
STATE_MIDDLE_RAVANT_SEA,korean,0,중부 레반트 해역,localization/korean/map/seas_l_korean.yml,7
STATE_EAST_RAVANT_SEA,korean,0,동부 레반트 해역,localization/korean/map/seas_l_korean.yml,8
STATE_RUSLRANIAH_SEA,korean,0,루슬라니아 해,localization/korean/map/seas_l_korean.yml,9
STATE_VERTZEAH_SEA,korean,0,베르테아 해,localization/korean/map/seas_l_korean.yml,10
STATE_ASFELRANIAH_SEA,korean,0,아스펠라니아 해,localization/korean/map/seas_l_korean.yml,11
STATE_INSTANCZATH_SEA,korean,0,인스탄차트 해,localization/korean/map/seas_l_korean.yml,12
STATE_ROUNANTS_CHANNEL,korean,0,로우난츠 해협,localization/korean/map/seas_l_korean.yml,13
STATE_INNANTS_CHANNEL,korean,0,인난츠 해협,localization/korean/map/seas_l_korean.yml,14
STATE_AKYUVAH_INNER_SEA,korean,0,아큐바 내해,localization/korean/map/seas_l_korean.yml,15
STATE_ROTONTO_SEA,korean,0,로톤토 해,localization/korean/map/seas_l_korean.yml,16
STATE_SEOHAN_SEA,korean,0,서한 해,localization/korean/map/seas_l_korean.yml,17
STATE_NAMHAN_SEA,korean,0,남한 해,localization/korean/map/seas_l_korean.yml,18
STATE_DONGHAN_SEA,korean,0,동한 해,localization/korean/map/seas_l_korean.yml,19
STATE_GARTEN_CHANNEL,korean,0,가르텐 해협,localization/korean/map/seas_l_korean.yml,20
STATE_INSTOLTS_CHANNEL,korean,0,인스톨츠 해협,localization/korean/map/seas_l_korean.yml,21
STATE_KOVELRAVAHN_CHANNEL,korean,0,코벨라반 해협,localization/korean/map/seas_l_korean.yml,22
STATE_AIPANTEGIYUEM_SEA,korean,0,아이판테기움 해,localization/korean/map/seas_l_korean.yml,23
STATE_AKANPACZATAH_SEA,korean,0,아카파차타흐 해,localization/korean/map/seas_l_korean.yml,24
STATE_INDALRONIAH_SEA,korean,0,인달로니아 해,localization/korean/map/seas_l_korean.yml,25
STATE_EVELRANTO_SEA,korean,0,에벨란토 해,localization/korean/map/seas_l_korean.yml,26
STATE_SEOGYEONG_BAY,korean,0,서경 만,localization/korean/map/seas_l_korean.yml,27
STATE_ANTONIUXH_SEA,korean,0,안토니우스 해,localization/korean/map/seas_l_korean.yml,28
STATE_SAVHRAH_SEA,korean,0,사브라 해,localization/korean/map/seas_l_korean.yml,29
STATE_KARVALRANDORH_SEA,korean,0,카르발란도르 해,localization/korean/map/seas_l_korean.yml,30
STATE_RAIXHPANTEGIYUEM_SEA,korean,0,라이스판테기움 해,localization/korean/map/seas_l_korean.yml,31
STATE_KIYELRAVHDAH_SEA,korean,0,키옐라브다 해,localization/korean/map/seas_l_korean.yml,32
STATE_KANTAVHRELRAH_SEA,korean,0,칸타브렐라 해,localization/korean/map/seas_l_korean.yml,33
STATE_OVHRAN_KAERONIAN_SEA,korean,0,오브란 카에로니안 해,localization/korean/map/seas_l_korean.yml,34
STATE_KARLRONTH_SEA,korean,0,카를론트 해,localization/korean/map/seas_l_korean.yml,35
STATE_SEISIPHRANTH_SEA,korean,0,세이시프란트 해,localization/korean/map/seas_l_korean.yml,36
STATE_OVHRELTZRUHN_SEA,korean,0,오브렐츠룬 해,localization/korean/map/seas_l_korean.yml,37
STATE_VEST_DEXHPLRANKA_SEA,korean,0,베스트 데스플랑카 해,localization/korean/map/seas_l_korean.yml,38
STATE_SOVIENDERH_INNER_SEA,korean,0,소비엔데르 내해,localization/korean/map/seas_l_korean.yml,39
STATE_AUS_DEXHPLRANKA_SEA,korean,0,아우스 데스플랑카 해,localization/korean/map/seas_l_korean.yml,40
STATE_ZAUFENTH_YURHKHVIAH_SEA,korean,0,자우펜트 유르크비아 해,localization/korean/map/seas_l_korean.yml,41
STATE_ENDOXHINIUS_SEA,korean,0,엔도시니우스 해,localization/korean/map/seas_l_korean.yml,42
STATE_OVIENDERH_SEA,korean,0,오비엔데르 해,localization/korean/map/seas_l_korean.yml,43
STATE_SHURELRIANTZ_SEA,korean,0,슈렐리안츠 해,localization/korean/map/seas_l_korean.yml,44
STATE_OSTEN_YURHKHVIAH_SEA,korean,0,오스텐 유르크비아 해,localization/korean/map/seas_l_korean.yml,45
STATE_VELRONIANTH_SEA,korean,0,벨로니안트 해,localization/korean/map/seas_l_korean.yml,46
STATE_ZERNINVELRASHITZI_SEA,korean,0,제르닌벨라시치 해,localization/korean/map/seas_l_korean.yml,47
STATE_ZEIPALRANKAH_SEA,korean,0,제이팔랑카 해,localization/korean/map/seas_l_korean.yml,48
STATE_KALRUNIAH_INNER_SEA,korean,0,칼루니아 내해,localization/korean/map/seas_l_korean.yml,49
STATE_CZENTRAL_YURITEIXHEN_SEA,korean,0,첸트랄 유리테이셴 해,localization/korean/map/seas_l_korean.yml,50
STATE_IKOUVANTATZ_SEA,korean,0,이코우반타츠 해,localization/korean/map/seas_l_korean.yml,51
STATE_SHUREIKAHN_SEA,korean,0,슈레이칸 해,localization/korean/map/seas_l_korean.yml,52
STATE_RILRAITH_SEA,korean,0,릴라이트 해,localization/korean/map/seas_l_korean.yml,53
STATE_OSPVAHN_SEA,korean,0,오스프반 해,localization/korean/map/seas_l_korean.yml,54
STATE_RARHELIYA,korean,0,라르헬리야,localization/korean/map/states_l_korean.yml,4
STATE_RYUVLROCZEAH,korean,0,류블로쳬아,localization/korean/map/states_l_korean.yml,5
STATE_AKTYVANA,korean,0,엑티바나,localization/korean/map/states_l_korean.yml,6
STATE_HAILREIYUEM,korean,0,하일레이움,localization/korean/map/states_l_korean.yml,7
STATE_KAELRINIAH,korean,0,카엘리니아,localization/korean/map/states_l_korean.yml,8
STATE_EKKELRINVERKH,korean,0,엑켈린베르크,localization/korean/map/states_l_korean.yml,9
STATE_EKKENXHIYUEM,korean,0,엑켄시움,localization/korean/map/states_l_korean.yml,10
STATE_INXHIYUEM,korean,0,인시움,localization/korean/map/states_l_korean.yml,11
STATE_RELRAVHRINTH,korean,0,렐라브린트,localization/korean/map/states_l_korean.yml,12
STATE_ARIVH,korean,0,아리브,localization/korean/map/states_l_korean.yml,13
STATE_INXHELRIYUEM_ATHVANH,korean,0,인셀리움-아트바나,localization/korean/map/states_l_korean.yml,14
STATE_RUVELRINION,korean,0,루벨리니온,localization/korean/map/states_l_korean.yml,15
STATE_YUSELRENEYUEM,korean,0,유셀레네움,localization/korean/map/states_l_korean.yml,16
STATE_RISVOAH,korean,0,리스보아,localization/korean/map/states_l_korean.yml,17
STATE_AXHTELRANTH,korean,0,아스텔란트,localization/korean/map/states_l_korean.yml,18
STATE_AHALRANENTH,korean,0,아할라넨트,localization/korean/map/states_l_korean.yml,19
STATE_KARFALRANTH,korean,0,카르팔란트,localization/korean/map/states_l_korean.yml,20
STATE_TOTARANTH,korean,0,토타란트,localization/korean/map/states_l_korean.yml,21
STATE_RAXHVELRANYA,korean,0,라스벨라냐,localization/korean/map/states_l_korean.yml,22
STATE_ISVELRIYA,korean,0,이스벨리야,localization/korean/map/states_l_korean.yml,23
STATE_RIARHTO,korean,0,리아르토,localization/korean/map/states_l_korean.yml,24
STATE_KAFHVELRIYA,korean,0,카프벨리야,localization/korean/map/states_l_korean.yml,25
STATE_IOHNITH,korean,0,이오니트,localization/korean/map/states_l_korean.yml,26
STATE_PIYERHTO,korean,0,피예르토,localization/korean/map/states_l_korean.yml,27
STATE_NIXHTSELRANTH,korean,0,니스첼란트,localization/korean/map/states_l_korean.yml,28
STATE_AVHTSELANTH,korean,0,아브첼란트,localization/korean/map/states_l_korean.yml,29
STATE_RUTOTORIYUEM,korean,0,루토토리움,localization/korean/map/states_l_korean.yml,30
STATE_KUPALHACZAL,korean,0,쿠팔하찰,localization/korean/map/states_l_korean.yml,31
STATE_SHUTHFAL,korean,0,슈트팔,localization/korean/map/states_l_korean.yml,32
STATE_KAMPFCZAL,korean,0,캄프찰,localization/korean/map/states_l_korean.yml,33
STATE_SEPLFARIYUEM,korean,0,세플파리움,localization/korean/map/states_l_korean.yml,34
STATE_IVELRELRANTH,korean,0,이벨렐란트,localization/korean/map/states_l_korean.yml,35
STATE_INNANXHIYUEM,korean,0,인난시움,localization/korean/map/states_l_korean.yml,36
STATE_OVELRAXHIYUEM,korean,0,오벨라시움,localization/korean/map/states_l_korean.yml,37
STATE_ROTELRANTH,korean,0,로텔란트,localization/korean/map/states_l_korean.yml,38
STATE_KARIXHUSH,korean,0,카리슈스,localization/korean/map/states_l_korean.yml,39
STATE_AKALRIXHIYUEM,korean,0,아칼리시움,localization/korean/map/states_l_korean.yml,40
STATE_AVAROXH,korean,0,아바로스,localization/korean/map/states_l_korean.yml,41
STATE_KERIVIXH,korean,0,케리비스,localization/korean/map/states_l_korean.yml,42
STATE_VILRUNIAH,korean,0,빌루니아,localization/korean/map/states_l_korean.yml,43
STATE_RERUHNIAH,korean,0,레루니아,localization/korean/map/states_l_korean.yml,44
STATE_RUNACZAL,korean,0,루나찰,localization/korean/map/states_l_korean.yml,45
STATE_SATALRONIAH,korean,0,사탈로니아,localization/korean/map/states_l_korean.yml,46
STATE_RUTALRONIAH,korean,0,루탈로니아,localization/korean/map/states_l_korean.yml,47
STATE_KAPHAZIAH,korean,0,캅하지아,localization/korean/map/states_l_korean.yml,48
STATE_KEILRAYA,korean,0,케일라야,localization/korean/map/states_l_korean.yml,49
STATE_SCHUVELRUNAHN,korean,0,슈벨루난,localization/korean/map/states_l_korean.yml,50
STATE_SAVALRANAH,korean,0,사발라나,localization/korean/map/states_l_korean.yml,51
STATE_YUVALRIOTH,korean,0,유발리오트,localization/korean/map/states_l_korean.yml,52
STATE_ROFOPELRIYA,korean,0,로포펠리야,localization/korean/map/states_l_korean.yml,53
STATE_SCHUTELRANTH,korean,0,슈텔란트,localization/korean/map/states_l_korean.yml,54
STATE_KUKELRITS,korean,0,쿠켈리츠,localization/korean/map/states_l_korean.yml,55
STATE_RIVHRANENTH,korean,0,리브라넨트,localization/korean/map/states_l_korean.yml,56
STATE_XHEIMVHRANTH,korean,0,셰임브란트,localization/korean/map/states_l_korean.yml,57
STATE_EKKELRIYUEM,korean,0,엑켈리움,localization/korean/map/states_l_korean.yml,58
STATE_RAVANENTH,korean,0,라바넨트,localization/korean/map/states_l_korean.yml,59
STATE_IKELRITS,korean,0,이켈리츠,localization/korean/map/states_l_korean.yml,60
STATE_AIXHTETS,korean,0,아이스테츠,localization/korean/map/states_l_korean.yml,61
STATE_KAXHTETS,korean,0,카스테츠,localization/korean/map/states_l_korean.yml,62
STATE_OSTER,korean,0,오스테르,localization/korean/map/states_l_korean.yml,63
STATE_RIENHAIM,korean,0,리엔하임,localization/korean/map/states_l_korean.yml,64
STATE_AHELRONIAH,korean,0,아헬로니아,localization/korean/map/states_l_korean.yml,65
STATE_KAVHRITH,korean,0,카바리트,localization/korean/map/states_l_korean.yml,66
STATE_RIHIZERTH,korean,0,리히제르트,localization/korean/map/states_l_korean.yml,67
STATE_HIKANTITS,korean,0,히칸티츠,localization/korean/map/states_l_korean.yml,68
STATE_SOIVETS,korean,0,소이베츠,localization/korean/map/states_l_korean.yml,69
STATE_AYUTH,korean,0,아유트,localization/korean/map/states_l_korean.yml,70
STATE_REFANTH,korean,0,레판트,localization/korean/map/states_l_korean.yml,71
STATE_AFANXHINIAH,korean,0,아판시니아,localization/korean/map/states_l_korean.yml,72
STATE_AINENXHIYUEM,korean,0,아인엔시움,localization/korean/map/states_l_korean.yml,73
STATE_ILRIRIYUEM,korean,0,일리리움,localization/korean/map/states_l_korean.yml,74
STATE_YUELRIXHIYUEM,korean,0,유엘리시움,localization/korean/map/states_l_korean.yml,75
STATE_HEIMVEXH,korean,0,헤임베스,localization/korean/map/states_l_korean.yml,76
STATE_HAEXH,korean,0,하에스,localization/korean/map/states_l_korean.yml,77
STATE_RUTHKANA,korean,0,루트카나,localization/korean/map/states_l_korean.yml,78
STATE_AKAXHINA,korean,0,아카시나,localization/korean/map/states_l_korean.yml,79
STATE_RYUXHTELRONTH,korean,0,류스텔론트,localization/korean/map/states_l_korean.yml,80
STATE_HAPLRATS,korean,0,하플라츠,localization/korean/map/states_l_korean.yml,81
STATE_RAIVATS,korean,0,라이바츠,localization/korean/map/states_l_korean.yml,82
STATE_RIVOXH,korean,0,리보스,localization/korean/map/states_l_korean.yml,83
STATE_KIYEFELROTS,korean,0,키예펠로츠,localization/korean/map/states_l_korean.yml,84
STATE_IKELROTS,korean,0,이켈로츠,localization/korean/map/states_l_korean.yml,85
STATE_ANNERXH,korean,0,안네르스,localization/korean/map/states_l_korean.yml,86
STATE_KARFELRANIAH,korean,0,카르펠라니아,localization/korean/map/states_l_korean.yml,87
STATE_RIXHRANTH,korean,0,리스란트,localization/korean/map/states_l_korean.yml,88
STATE_KRAMXHUTH,korean,0,크람슈트,localization/korean/map/states_l_korean.yml,89
STATE_AKANXHINEYUEM,korean,0,아칸시네움,localization/korean/map/states_l_korean.yml,90
STATE_RIOHYUXH,korean,0,리오휴스,localization/korean/map/states_l_korean.yml,91
STATE_RIODERANTE,korean,0,리오데란테,localization/korean/map/states_l_korean.yml,92
STATE_RANTATS,korean,0,란타츠,localization/korean/map/states_l_korean.yml,93
STATE_RIASUXH,korean,0,리아수스,localization/korean/map/states_l_korean.yml,94
STATE_AXTOLTS,korean,0,아스톨츠,localization/korean/map/states_l_korean.yml,95
STATE_RAXHINITH,korean,0,라시니트,localization/korean/map/states_l_korean.yml,96
STATE_HAVANERA,korean,0,하바네라,localization/korean/map/states_l_korean.yml,97
STATE_RUSTANCZAH,korean,0,루스탄차,localization/korean/map/states_l_korean.yml,98
STATE_AKAVANAH,korean,0,아카바나,localization/korean/map/states_l_korean.yml,99
STATE_AISPATS,korean,0,아이스파츠,localization/korean/map/states_l_korean.yml,100
STATE_KAIVAH,korean,0,카이바,localization/korean/map/states_l_korean.yml,101
STATE_ROXH_AQUITENTS,korean,0,로스-아퀴텐츠,localization/korean/map/states_l_korean.yml,102
STATE_RIYUTS,korean,0,리유츠,localization/korean/map/states_l_korean.yml,103
STATE_OTS,korean,0,오츠,localization/korean/map/states_l_korean.yml,104
STATE_IOTS,korean,0,이오츠,localization/korean/map/states_l_korean.yml,105
STATE_KIPENTS,korean,0,키펜츠,localization/korean/map/states_l_korean.yml,106
STATE_KAROTA,korean,0,카로타,localization/korean/map/states_l_korean.yml,107
STATE_KIOTS,korean,0,키오츠,localization/korean/map/states_l_korean.yml,108
STATE_SEVILRUXH,korean,0,세빌루스,localization/korean/map/states_l_korean.yml,109
STATE_NIUXH,korean,0,니우스,localization/korean/map/states_l_korean.yml,110
STATE_KAOTS,korean,0,카오츠,localization/korean/map/states_l_korean.yml,111
STATE_YEIL,korean,0,예일,localization/korean/map/states_l_korean.yml,112
STATE_KRANHEXH,korean,0,크란헤스,localization/korean/map/states_l_korean.yml,113
STATE_SAILRETS,korean,0,사일레츠,localization/korean/map/states_l_korean.yml,114
STATE_XHEVHRANTH,korean,0,셰브란트,localization/korean/map/states_l_korean.yml,115
STATE_RANKAXH,korean,0,란카스,localization/korean/map/states_l_korean.yml,116
STATE_SAOLRITS,korean,0,사올리츠,localization/korean/map/states_l_korean.yml,117
STATE_SPELRITS,korean,0,스펠리츠,localization/korean/map/states_l_korean.yml,118
STATE_RIVONETS,korean,0,리보네츠,localization/korean/map/states_l_korean.yml,119
STATE_AIN_HEXH,korean,0,아인-헤스,localization/korean/map/states_l_korean.yml,120
STATE_KIEXH,korean,0,키에스,localization/korean/map/states_l_korean.yml,121
STATE_YARESLRAVL,korean,0,야레슬라블,localization/korean/map/states_l_korean.yml,122
STATE_MIXH,korean,0,미스,localization/korean/map/states_l_korean.yml,123
STATE_AUXTHREH,korean,0,아우스트레,localization/korean/map/states_l_korean.yml,124
STATE_SEINVL,korean,0,세인블,localization/korean/map/states_l_korean.yml,125
STATE_RIXH,korean,0,리스,localization/korean/map/states_l_korean.yml,126
STATE_HAIOXH,korean,0,하이오스,localization/korean/map/states_l_korean.yml,127
STATE_HEYELRITS,korean,0,헤옐리츠,localization/korean/map/states_l_korean.yml,128
STATE_SIYELRITS,korean,0,시옐리츠,localization/korean/map/states_l_korean.yml,129
STATE_AVHAJYAEL,korean,0,아브하쟈엘,localization/korean/map/states_l_korean.yml,130
STATE_ELRIVL,korean,0,엘리블,localization/korean/map/states_l_korean.yml,131
STATE_HEINPAXH,korean,0,헤인파스,localization/korean/map/states_l_korean.yml,132
STATE_RAFAELRANTH,korean,0,라파엘란트,localization/korean/map/states_l_korean.yml,133
STATE_RIOXHUTATH,korean,0,리오슈타트,localization/korean/map/states_l_korean.yml,134
STATE_RANPATCZAN,korean,0,란파트찬,localization/korean/map/states_l_korean.yml,135
STATE_IKILRONTH,korean,0,이킬론트,localization/korean/map/states_l_korean.yml,136
STATE_GEKELRITH,korean,0,게켈리트,localization/korean/map/states_l_korean.yml,137
STATE_OSTATH,korean,0,오스타트,localization/korean/map/states_l_korean.yml,138
STATE_RITOELRANTH,korean,0,리토엘란트,localization/korean/map/states_l_korean.yml,139
STATE_IKIVANTS,korean,0,이키반츠,localization/korean/map/states_l_korean.yml,140
STATE_XHIVELRHTO,korean,0,시벨르토,localization/korean/map/states_l_korean.yml,141
STATE_RUTELRINVERKH,korean,0,루텔린베르크,localization/korean/map/states_l_korean.yml,142
STATE_RYUVAXHTELRANTH,korean,0,류바스텔란트,localization/korean/map/states_l_korean.yml,143
STATE_KAVARANTH,korean,0,카바란트,localization/korean/map/states_l_korean.yml,144
STATE_RIVELRANTH,korean,0,리벨란트,localization/korean/map/states_l_korean.yml,145
STATE_OSTRANTH,korean,0,오스트란트,localization/korean/map/states_l_korean.yml,146
STATE_NORTHRANTH,korean,0,노르트란트,localization/korean/map/states_l_korean.yml,147
STATE_XHUKELRITH,korean,0,슈켈리트,localization/korean/map/states_l_korean.yml,148
STATE_ANXHTELRANTH,korean,0,안스텔란트,localization/korean/map/states_l_korean.yml,149
STATE_RUTORINVERKH,korean,0,루토린베르크,localization/korean/map/states_l_korean.yml,150
STATE_KANVERKH,korean,0,칸베르크,localization/korean/map/states_l_korean.yml,151
STATE_SCHUTHKHVERKH,korean,0,슈트크베르크,localization/korean/map/states_l_korean.yml,152
STATE_RINOVL,korean,0,리노블,localization/korean/map/states_l_korean.yml,153
STATE_RIOSLRAVL,korean,0,리오슬라블,localization/korean/map/states_l_korean.yml,154
STATE_YUAHELRINTH,korean,0,유아엘린트,localization/korean/map/states_l_korean.yml,155
STATE_NIXHVOAH,korean,0,니스보아,localization/korean/map/states_l_korean.yml,156
STATE_KAVABOAH,korean,0,카바보아,localization/korean/map/states_l_korean.yml,157
STATE_INSTELRANTH,korean,0,인스텔란트,localization/korean/map/states_l_korean.yml,158
STATE_AVAXHTANINVERKH,korean,0,아바스타닌베르크,localization/korean/map/states_l_korean.yml,159
STATE_RANELRANTH,korean,0,라넬란트,localization/korean/map/states_l_korean.yml,160
STATE_AKAIH,korean,0,아카이,localization/korean/map/states_l_korean.yml,163
STATE_NAHA,korean,0,나하,localization/korean/map/states_l_korean.yml,164
STATE_ASTANCZAH,korean,0,아스탄차,localization/korean/map/states_l_korean.yml,165
STATE_NEKAINTH,korean,0,네카인트,localization/korean/map/states_l_korean.yml,166
STATE_KAVAHA,korean,0,카바하,localization/korean/map/states_l_korean.yml,167
STATE_DOHA,korean,0,도하,localization/korean/map/states_l_korean.yml,168
STATE_RAVLROXH,korean,0,라블로스,localization/korean/map/states_l_korean.yml,169
STATE_INRUXH,korean,0,인루스,localization/korean/map/states_l_korean.yml,170
STATE_KAVANEHAM,korean,0,카바네함,localization/korean/map/states_l_korean.yml,171
STATE_JYANEVL,korean,0,쟈네블,localization/korean/map/states_l_korean.yml,172
STATE_SETIVL,korean,0,세티블,localization/korean/map/states_l_korean.yml,173
STATE_EXHHARAM,korean,0,에스하람,localization/korean/map/states_l_korean.yml,174
STATE_SCHUXHTEHAM,korean,0,슈스테함,localization/korean/map/states_l_korean.yml,175
STATE_RIRAEM,korean,0,리라엠,localization/korean/map/states_l_korean.yml,176
STATE_VAKALRAHAM,korean,0,바칼라함,localization/korean/map/states_l_korean.yml,177
STATE_RIODOROH,korean,0,리오도로,localization/korean/map/states_l_korean.yml,178
STATE_SCHUXHTANVAHA,korean,0,슈스탄바하,localization/korean/map/states_l_korean.yml,179
STATE_RODHVAHA,korean,0,로드바하,localization/korean/map/states_l_korean.yml,180
STATE_AVRAEM,korean,0,아브라엠,localization/korean/map/states_l_korean.yml,181
STATE_XIOEM,korean,0,시오엠,localization/korean/map/states_l_korean.yml,182
STATE_INDYUKAEM,korean,0,인듀카엠,localization/korean/map/states_l_korean.yml,183
STATE_NIDOHXHTAVAHA,korean,0,니도스타바하,localization/korean/map/states_l_korean.yml,184
STATE_ILSELVAHA,korean,0,일셀바하,localization/korean/map/states_l_korean.yml,185
STATE_AKYUVAH,korean,0,아큐바,localization/korean/map/states_l_korean.yml,186
STATE_HOVHNAYA,korean,0,호브나야,localization/korean/map/states_l_korean.yml,187
STATE_ROXHTOEM,korean,0,로스토엠,localization/korean/map/states_l_korean.yml,188
STATE_OSTRAHAM,korean,0,오스트라함,localization/korean/map/states_l_korean.yml,189
STATE_SIOZUNA,korean,0,시오즈나,localization/korean/map/states_l_korean.yml,190
STATE_KAIZUKA,korean,0,카이즈카,localization/korean/map/states_l_korean.yml,191
STATE_RUDHGA,korean,0,루드가,localization/korean/map/states_l_korean.yml,192
STATE_IHOTANYA,korean,0,이호타냐,localization/korean/map/states_l_korean.yml,193
STATE_RUSTOKA,korean,0,루스토카,localization/korean/map/states_l_korean.yml,194
STATE_ROTONTANYA,korean,0,로톤타냐,localization/korean/map/states_l_korean.yml,195
STATE_INVOENTAHN,korean,0,인보엔탄,localization/korean/map/states_l_korean.yml,196
STATE_VEIGAH,korean,0,베이가,localization/korean/map/states_l_korean.yml,197
STATE_INTOIGAH,korean,0,인토이가,localization/korean/map/states_l_korean.yml,198
STATE_RUVAXHZIYEH,korean,0,루바스지예,localization/korean/map/states_l_korean.yml,199
STATE_ANXHUNAYA,korean,0,안슈나야,localization/korean/map/states_l_korean.yml,200
STATE_OKLRAYA,korean,0,오클라야,localization/korean/map/states_l_korean.yml,201
STATE_VITHHARALRAYA,korean,0,비트하랄라야,localization/korean/map/states_l_korean.yml,202
STATE_HARHHARALRAYA,korean,0,하르하랄라야,localization/korean/map/states_l_korean.yml,203
STATE_SARALRAYA,korean,0,사랄라야,localization/korean/map/states_l_korean.yml,204
STATE_ANXHHARALRAYA,korean,0,안스하랄라야,localization/korean/map/states_l_korean.yml,205
STATE_IDELREVL,korean,0,이델레블,localization/korean/map/states_l_korean.yml,206
STATE_DONOROVL,korean,0,도노로블,localization/korean/map/states_l_korean.yml,207
STATE_ASTANIAH,korean,0,아스타니아,localization/korean/map/states_l_korean.yml,208
STATE_KIVHSATANIAH,korean,0,키브스타니아,localization/korean/map/states_l_korean.yml,209
STATE_KAMVERN,korean,0,캄베른,localization/korean/map/states_l_korean.yml,210
STATE_NIDAXHTANYA,korean,0,니다스타냐,localization/korean/map/states_l_korean.yml,211
STATE_YUVELRAHAM,korean,0,유벨라함,localization/korean/map/states_l_korean.yml,212
STATE_ONTARAHAM,korean,0,온타라함,localization/korean/map/states_l_korean.yml,213
STATE_KEMEROVOH,korean,0,케메로보,localization/korean/map/states_l_korean.yml,214
STATE_ATAPATS,korean,0,아타파츠,localization/korean/map/states_l_korean.yml,215
STATE_INSOTS,korean,0,인소츠,localization/korean/map/states_l_korean.yml,216
STATE_SCHUTOTS,korean,0,슈토츠,localization/korean/map/states_l_korean.yml,217
STATE_RIALTOTS,korean,0,리알토츠,localization/korean/map/states_l_korean.yml,218
STATE_NIDANEZH,korean,0,니다네즈,localization/korean/map/states_l_korean.yml,219
STATE_KOBOREZU,korean,0,코보레즈,localization/korean/map/states_l_korean.yml,220
STATE_EVELRIGA,korean,0,에벨리가,localization/korean/map/states_l_korean.yml,221
STATE_KIVELRIGA,korean,0,키벨리가,localization/korean/map/states_l_korean.yml,222
STATE_ONSTAGA,korean,0,온스타가,localization/korean/map/states_l_korean.yml,223
STATE_IVOTAGA,korean,0,이보타가,localization/korean/map/states_l_korean.yml,224
STATE_AKANVERKH,korean,0,아칸베르크,localization/korean/map/states_l_korean.yml,225
STATE_NIDOTENVERKH,korean,0,니도텐베르크,localization/korean/map/states_l_korean.yml,226
STATE_INSVURKH,korean,0,인스부르크,localization/korean/map/states_l_korean.yml,227
STATE_AVHRATANVERKH,korean,0,아브라탄베르크,localization/korean/map/states_l_korean.yml,228
STATE_IVELRELVERKH,korean,0,이벨렐베르크,localization/korean/map/states_l_korean.yml,229
STATE_XHEVELRIGA,korean,0,셰벨리가,localization/korean/map/states_l_korean.yml,230
STATE_RIVATAGA,korean,0,리바타가,localization/korean/map/states_l_korean.yml,231
STATE_ATOGA,korean,0,아토가,localization/korean/map/states_l_korean.yml,232
STATE_SCHOXHTAVETS,korean,0,쇼스타베츠,localization/korean/map/states_l_korean.yml,233
STATE_EALRYUTS,korean,0,에알류츠,localization/korean/map/states_l_korean.yml,234
STATE_NIADAVERN,korean,0,니아다베른,localization/korean/map/states_l_korean.yml,235
STATE_ANVERKH,korean,0,안베르크,localization/korean/map/states_l_korean.yml,236
STATE_INTEVERN,korean,0,인테베른,localization/korean/map/states_l_korean.yml,237
STATE_INKASCHUXH,korean,0,인카슈스,localization/korean/map/states_l_korean.yml,238
STATE_AVARISCHUXH,korean,0,아바리슈스,localization/korean/map/states_l_korean.yml,239
STATE_RIONAXH,korean,0,리오나스,localization/korean/map/states_l_korean.yml,240
STATE_RINOTHRANTH,korean,0,리노트란트,localization/korean/map/states_l_korean.yml,241
STATE_OVOLRORANTH,korean,0,오볼로란트,localization/korean/map/states_l_korean.yml,242
STATE_IVELTHRANTH,korean,0,이벨트란트,localization/korean/map/states_l_korean.yml,243
STATE_RIDONAXH,korean,0,리도나스,localization/korean/map/states_l_korean.yml,244
STATE_EKONVELRAH,korean,0,에콘벨라,localization/korean/map/states_l_korean.yml,245
STATE_REKANUXH,korean,0,레카누스,localization/korean/map/states_l_korean.yml,248
STATE_OLXH,korean,0,올스,localization/korean/map/states_l_korean.yml,249
STATE_RAVENXH,korean,0,라벤스,localization/korean/map/states_l_korean.yml,250
STATE_AVANEXH,korean,0,아바네스,localization/korean/map/states_l_korean.yml,251
STATE_HAILRESCZ,korean,0,하일레스츠,localization/korean/map/states_l_korean.yml,252
STATE_ONDALRAXH,korean,0,온달라스,localization/korean/map/states_l_korean.yml,253
STATE_KUTSLRANTHVERKH,korean,0,쿠츨란트베르크,localization/korean/map/states_l_korean.yml,254
STATE_RANDONANVERKH,korean,0,란도난베르크,localization/korean/map/states_l_korean.yml,255
STATE_HELRATARIKTH,korean,0,헬라타릭트,localization/korean/map/states_l_korean.yml,256
STATE_ODORARIVERKH,korean,0,오도라리베르크,localization/korean/map/states_l_korean.yml,257
STATE_AISTANVERKH,korean,0,아이스탄베르크,localization/korean/map/states_l_korean.yml,258
STATE_KIVELRINVERKH,korean,0,키벨린베르크,localization/korean/map/states_l_korean.yml,259
STATE_INSCZENVERKH,korean,0,인스첸베르크,localization/korean/map/states_l_korean.yml,260
STATE_OPOTOLCZVERKH,korean,0,오포톨츠베르크,localization/korean/map/states_l_korean.yml,261
STATE_INXHKAEDAHNTSVERKH,korean,0,인스카에단츠베르크,localization/korean/map/states_l_korean.yml,262
STATE_ENXHELTEDANTSVERKH,korean,0,엔셀테단츠베르크,localization/korean/map/states_l_korean.yml,263
STATE_ONSTANCZAH,korean,0,온스탄차,localization/korean/map/states_l_korean.yml,264
STATE_VEHEMELRINVERKH,korean,0,베헤멜린베르크,localization/korean/map/states_l_korean.yml,265
STATE_INTANINGRADH,korean,0,인타닌그라드,localization/korean/map/states_l_korean.yml,266
STATE_OSTANKRIK,korean,0,오스탄크릭,localization/korean/map/states_l_korean.yml,267
STATE_MASTANTIYUEM,korean,0,마스탄티움,localization/korean/map/states_l_korean.yml,268
STATE_KUTSENVERKH,korean,0,쿠첸베르크,localization/korean/map/states_l_korean.yml,269
STATE_HESLRA,korean,0,헤슬라,localization/korean/map/states_l_korean.yml,270
STATE_IKILRARIAH,korean,0,이킬라리아,localization/korean/map/states_l_korean.yml,271
STATE_NEDALRARIAH,korean,0,네달라리아,localization/korean/map/states_l_korean.yml,272
STATE_SCHUVELRIYA,korean,0,슈벨리야,localization/korean/map/states_l_korean.yml,273
STATE_OVASTARIAH,korean,0,오바스타리아,localization/korean/map/states_l_korean.yml,274
STATE_INSTOLRIYA,korean,0,인스톨리야,localization/korean/map/states_l_korean.yml,275
STATE_OPELRARIAH,korean,0,오펠라리아,localization/korean/map/states_l_korean.yml,276
STATE_ENDAXHTARIAH,korean,0,엔다스타리아,localization/korean/map/states_l_korean.yml,277
STATE_KIVHRARIAH,korean,0,키브라리아,localization/korean/map/states_l_korean.yml,278
STATE_KAVALRALRIAH,korean,0,카발랄리아,localization/korean/map/states_l_korean.yml,279
STATE_ONSTORARIAH,korean,0,온스토라리아,localization/korean/map/states_l_korean.yml,280
STATE_EXENVELRANTH,korean,0,에센벨란트,localization/korean/map/states_l_korean.yml,281
STATE_IVARTS,korean,0,이바르츠,localization/korean/map/states_l_korean.yml,282
STATE_INDALRONIAH,korean,0,인달로니아,localization/korean/map/states_l_korean.yml,283
STATE_KRANTANTO,korean,0,크란탄토,localization/korean/map/states_l_korean.yml,284
STATE_AIDALRIAH,korean,0,아이달리아,localization/korean/map/states_l_korean.yml,285
STATE_HUEVENVERKH,korean,0,후에벤베르크,localization/korean/map/states_l_korean.yml,286
STATE_KIVHSTOHN,korean,0,키브스톤,localization/korean/map/states_l_korean.yml,287
STATE_NIVERNYUTH,korean,0,니베른유트,localization/korean/map/states_l_korean.yml,288
STATE_HOVELRICZENTANIAH,korean,0,호벨리첸타니아,localization/korean/map/states_l_korean.yml,289
STATE_AKANPACZATANIAH,korean,0,아칸파차타니아,localization/korean/map/states_l_korean.yml,290
STATE_KIUSTANVERKH,korean,0,키우스탄베르크,localization/korean/map/states_l_korean.yml,291
STATE_TAIXHVENYA,korean,0,타이스베냐,localization/korean/map/states_l_korean.yml,292
STATE_VELRENGRADH,korean,0,벨렌그라드,localization/korean/map/states_l_korean.yml,293
STATE_OELRAXHTANIAH,korean,0,오엘라스타니아,localization/korean/map/states_l_korean.yml,294
STATE_OBSTENVERKH,korean,0,오브스텐베르크,localization/korean/map/states_l_korean.yml,295
STATE_ZAVELRITANVERKH,korean,0,자벨리탄베르크,localization/korean/map/states_l_korean.yml,296
STATE_DETELRINVERKH,korean,0,데텔린베르크,localization/korean/map/states_l_korean.yml,297
STATE_RITANYUTS,korean,0,리타뉴츠,localization/korean/map/states_l_korean.yml,298
STATE_TEINENXHIYUEM,korean,0,테인엔시움,localization/korean/map/states_l_korean.yml,299
STATE_OPENXHYUTS,korean,0,오펜스유츠,localization/korean/map/states_l_korean.yml,300
STATE_VESTAXHIYUEM,korean,0,베스타시움,localization/korean/map/states_l_korean.yml,301
STATE_ZIPLRIYUEM,korean,0,지플리움,localization/korean/map/states_l_korean.yml,302
STATE_VERIXHTAXHIYUEM,korean,0,베리스타시움,localization/korean/map/states_l_korean.yml,303
STATE_GAIHVELRAYUEM,korean,0,가이벨라움,localization/korean/map/states_l_korean.yml,304
STATE_VESTANXHIYUEM,korean,0,베스탄시움,localization/korean/map/states_l_korean.yml,305
STATE_ISTARHXHIYUEM,korean,0,이스타르시움,localization/korean/map/states_l_korean.yml,306
STATE_ZAFIENXHIYUEM,korean,0,자피엔시움,localization/korean/map/states_l_korean.yml,307
STATE_HAVELRENSEIYUEM,korean,0,헤벨렌세이움,localization/korean/map/states_l_korean.yml,308
STATE_OIVANTS,korean,0,오이반츠,localization/korean/map/states_l_korean.yml,309
STATE_KITSELRIYUEM,korean,0,키첼리움,localization/korean/map/states_l_korean.yml,310
STATE_SOLTORENTS,korean,0,솔토렌츠,localization/korean/map/states_l_korean.yml,311
STATE_AELRIOTS,korean,0,아엘리오츠,localization/korean/map/states_l_korean.yml,312
STATE_IKILRIVENXHELRIYUEM,korean,0,이킬리벤셀리움,localization/korean/map/states_l_korean.yml,313
STATE_DOEXHIRATS,korean,0,도에시라츠,localization/korean/map/states_l_korean.yml,314
STATE_NIUVELRATS,korean,0,니우벨라츠,localization/korean/map/states_l_korean.yml,315
STATE_OVELRATS,korean,0,오벨라츠,localization/korean/map/states_l_korean.yml,316
STATE_YUUHVALRIYUEM,korean,0,유우발리움,localization/korean/map/states_l_korean.yml,317
STATE_HELRAVELRIYUEM,korean,0,헬라벨리움,localization/korean/map/states_l_korean.yml,318
STATE_AVESHITANIYUEM,korean,0,아베시타니움,localization/korean/map/states_l_korean.yml,319
STATE_INXHDANIAH,korean,0,인스다니아,localization/korean/map/states_l_korean.yml,320
STATE_AISTN,korean,0,아이스튼,localization/korean/map/states_l_korean.yml,321
STATE_INTOVENST,korean,0,인토벤스트,localization/korean/map/states_l_korean.yml,322
STATE_OVELRATN,korean,0,오벨라튼,localization/korean/map/states_l_korean.yml,323
STATE_ZEVESECZENIAH,korean,0,제베세체니아,localization/korean/map/states_l_korean.yml,324
STATE_HOIVELRYUTZ,korean,0,호이벨류츠,localization/korean/map/states_l_korean.yml,325
STATE_IKUSHIYA,korean,0,이쿠시야,localization/korean/map/states_l_korean.yml,326
STATE_NAOTOLRANTS,korean,0,나오톨란츠,localization/korean/map/states_l_korean.yml,327
STATE_AVENTENZERATS,korean,0,아벤텐제라츠,localization/korean/map/states_l_korean.yml,328
STATE_INSTELRANTS,korean,0,인스텔란츠,localization/korean/map/states_l_korean.yml,329
STATE_RITERHVANTS,korean,0,리테르반츠,localization/korean/map/states_l_korean.yml,330
STATE_AVAHN,korean,0,아반,localization/korean/map/states_l_korean.yml,331
STATE_KOVELRAVAHN,korean,0,코벨라반,localization/korean/map/states_l_korean.yml,332
STATE_PETALRIAH,korean,0,페탈리아,localization/korean/map/states_l_korean.yml,333
STATE_VAIVARINVERKH,korean,0,바이바린베르크,localization/korean/map/states_l_korean.yml,334
STATE_NORTIAH_GARTEN,korean,0,노르티아 가르텐,localization/korean/map/states_l_korean.yml,337
STATE_ANDALRORHTEN,korean,0,안달로르텐,localization/korean/map/states_l_korean.yml,338
STATE_IVASTANA,korean,0,이바스타나,localization/korean/map/states_l_korean.yml,339
STATE_INTANINXHA,korean,0,인타닌샤,localization/korean/map/states_l_korean.yml,340
STATE_ENTASOPELRIYA,korean,0,엔타소펠리야,localization/korean/map/states_l_korean.yml,341
STATE_NIASTRIAH,korean,0,니아스트리아,localization/korean/map/states_l_korean.yml,342
STATE_SOIVELRIYUEM,korean,0,소이벨리움,localization/korean/map/states_l_korean.yml,343
STATE_RIDORAVENTZVERKH,korean,0,리도라벤츠베르크,localization/korean/map/states_l_korean.yml,344
STATE_KINTAINVERKH,korean,0,킨타인베르크,localization/korean/map/states_l_korean.yml,345
STATE_MERDONVERKH,korean,0,메르돈베르크,localization/korean/map/states_l_korean.yml,346
STATE_PEISTRANTSVERKH,korean,0,페이스트란츠베르크,localization/korean/map/states_l_korean.yml,347
STATE_OSPOELRETANVERKH,korean,0,오스포엘레탄베르크,localization/korean/map/states_l_korean.yml,348
STATE_ZAIROVANSKH,korean,0,자이로반스크,localization/korean/map/states_l_korean.yml,349
STATE_IOSLRANTH,korean,0,이오슬란트,localization/korean/map/states_l_korean.yml,350
STATE_OPOTUXH,korean,0,오포투스,localization/korean/map/states_l_korean.yml,351
STATE_KEVHSTREH,korean,0,케브스트레,localization/korean/map/states_l_korean.yml,352
STATE_KIVELRUSTREH,korean,0,키벨루스트레,localization/korean/map/states_l_korean.yml,353
STATE_RINORANIYUEM,korean,0,리노라니움,localization/korean/map/states_l_korean.yml,354
STATE_GERVETANTZVERKH,korean,0,게르베탄츠베르크,localization/korean/map/states_l_korean.yml,355
STATE_AFALRETAYUEM,korean,0,아팔레타움,localization/korean/map/states_l_korean.yml,356
STATE_PYUZENTAYUEM,korean,0,퓨젠타움,localization/korean/map/states_l_korean.yml,357
STATE_INCZENXHIYUEM,korean,0,인첸시움,localization/korean/map/states_l_korean.yml,358
STATE_INTOXHINIYUEM,korean,0,인토시니움,localization/korean/map/states_l_korean.yml,359
STATE_TAFHKALRIYUEM,korean,0,타프칼리움,localization/korean/map/states_l_korean.yml,360
STATE_HAIYULRIYUEM,korean,0,하이율리움,localization/korean/map/states_l_korean.yml,361
STATE_ZIELRIYUEM,korean,0,지엘리움,localization/korean/map/states_l_korean.yml,362
STATE_NAIXHIYUEM,korean,0,나이시움,localization/korean/map/states_l_korean.yml,363
STATE_NIVHROCZAL,korean,0,니브로찰,localization/korean/map/states_l_korean.yml,364
STATE_KOPORHCZAL,korean,0,코포르찰,localization/korean/map/states_l_korean.yml,365
STATE_SOPOSTANXHIYUEM,korean,0,소포스탄시움,localization/korean/map/states_l_korean.yml,366
STATE_INTANANHALRAHN,korean,0,인타난할란,localization/korean/map/states_l_korean.yml,367
STATE_NIOVASTANXHIYUEM,korean,0,니오바스탄시움,localization/korean/map/states_l_korean.yml,368
STATE_EKATERINVERKH,korean,0,에카테린베르크,localization/korean/map/states_l_korean.yml,369
STATE_DOUDRAHN,korean,0,도우드란,localization/korean/map/states_l_korean.yml,370
STATE_NEVESEILRINSKH,korean,0,네베세일린스크,localization/korean/map/states_l_korean.yml,371
STATE_KAVATERUHN,korean,0,카바테룬,localization/korean/map/states_l_korean.yml,372
STATE_KATAVILRETAYUEM,korean,0,카타빌레타움,localization/korean/map/states_l_korean.yml,373
STATE_ORDALRUHN,korean,0,오르달룬,localization/korean/map/states_l_korean.yml,374
STATE_GWANDONG,korean,0,관동,localization/korean/map/states_l_korean.yml,375
STATE_SEOLCHO,korean,0,설초,localization/korean/map/states_l_korean.yml,376
STATE_GWANBUK,korean,0,관북,localization/korean/map/states_l_korean.yml,377
STATE_KANVELRICZAL,korean,0,칸벨리찰,localization/korean/map/states_l_korean.yml,378
STATE_IOTOXH,korean,0,이오토스,localization/korean/map/states_l_korean.yml,379
STATE_SANNAM,korean,0,산남,localization/korean/map/states_l_korean.yml,382
STATE_SANSEO,korean,0,산서,localization/korean/map/states_l_korean.yml,383
STATE_JUNGSAN,korean,0,중산,localization/korean/map/states_l_korean.yml,384
STATE_GUJUNG,korean,0,구중,localization/korean/map/states_l_korean.yml,385
STATE_OHYEON,korean,0,오현,localization/korean/map/states_l_korean.yml,386
STATE_GAMBYEOK,korean,0,감벽,localization/korean/map/states_l_korean.yml,387
STATE_HANAM,korean,0,하남,localization/korean/map/states_l_korean.yml,388
STATE_ZAKRIM,korean,0,작림,localization/korean/map/states_l_korean.yml,389
STATE_GWANGCHEON,korean,0,광천,localization/korean/map/states_l_korean.yml,390
STATE_INDAN,korean,0,인단,localization/korean/map/states_l_korean.yml,391
STATE_SEORYEONG,korean,0,서령,localization/korean/map/states_l_korean.yml,392
STATE_IEVANTOSRAHN,korean,0,이에반토스란,localization/korean/map/states_l_korean.yml,393
STATE_KONPELRATENVERKH,korean,0,콘펠라텐베르크,localization/korean/map/states_l_korean.yml,394
STATE_ROBUENAXH,korean,0,로부에나스,localization/korean/map/states_l_korean.yml,395
STATE_KANTONINAXH,korean,0,칸토니나스,localization/korean/map/states_l_korean.yml,396
STATE_RIELRATENCZELRANTH,korean,0,리엘라텐첼란트,localization/korean/map/states_l_korean.yml,397
STATE_SCHUIVANSTOLRANTH,korean,0,슈이반스톨란트,localization/korean/map/states_l_korean.yml,398
STATE_SOININDETENVERKH,korean,0,소이닌데텐베르크,localization/korean/map/states_l_korean.yml,399
STATE_HEIMVELRATENVERKH,korean,0,헤임벨라텐베르크,localization/korean/map/states_l_korean.yml,400
STATE_VESTANCZATENVERKH,korean,0,베스탄차텐베르크,localization/korean/map/states_l_korean.yml,401
STATE_OPOITOLRACZAH,korean,0,오포이톨라차,localization/korean/map/states_l_korean.yml,402
STATE_NIAVARETEN,korean,0,니아바레텐,localization/korean/map/states_l_korean.yml,403
STATE_OISTANRETEN,korean,0,오이스탄레텐,localization/korean/map/states_l_korean.yml,404
STATE_KENTOXHINERETEN,korean,0,켄토시네레텐,localization/korean/map/states_l_korean.yml,405
STATE_SEIVELRARETEN,korean,0,세이벨라레텐,localization/korean/map/states_l_korean.yml,406
STATE_KAIVLRANKA,korean,0,카이블랑카,localization/korean/map/states_l_korean.yml,407
STATE_ARVENTEN,korean,0,아르벤텐,localization/korean/map/states_l_korean.yml,408
STATE_SORVENTEN,korean,0,소르벤텐,localization/korean/map/states_l_korean.yml,409
STATE_RIVELRAVEN,korean,0,리벨라벤,localization/korean/map/states_l_korean.yml,410
STATE_AINPETAXH,korean,0,아인페타스,localization/korean/map/states_l_korean.yml,411
STATE_IDORORUXH,korean,0,이도로루스,localization/korean/map/states_l_korean.yml,412
STATE_RIDURARURH,korean,0,리두라루르,localization/korean/map/states_l_korean.yml,413
STATE_INTOVLRANKA,korean,0,인토블랑카,localization/korean/map/states_l_korean.yml,414
STATE_AVHRAKENTAH,korean,0,아브라켄타,localization/korean/map/states_l_korean.yml,415
STATE_SOUDERAKEHN,korean,0,소우데라켄,localization/korean/map/states_l_korean.yml,416
STATE_NIHELRONIAH,korean,0,니헬로니아,localization/korean/map/states_l_korean.yml,419
STATE_OISCZELRAH,korean,0,오이스첼라,localization/korean/map/states_l_korean.yml,420
STATE_KAVARHHAIM,korean,0,카바르하임,localization/korean/map/states_l_korean.yml,421
STATE_RUTHVANAHAIM,korean,0,루트바나하임,localization/korean/map/states_l_korean.yml,422
STATE_HEVHIRANAH,korean,0,헤브이라나,localization/korean/map/states_l_korean.yml,423
STATE_ORHVELRIYA,korean,0,오르벨리야,localization/korean/map/states_l_korean.yml,424
STATE_NESLRANIAH,korean,0,네슬라니아,localization/korean/map/states_l_korean.yml,425
STATE_KINTARANIAH,korean,0,킨타라니아,localization/korean/map/states_l_korean.yml,426
STATE_ANDARHSLRANYAH,korean,0,안다르슬라냐,localization/korean/map/states_l_korean.yml,427
STATE_AFHZENTANSKH,korean,0,아프젠탄스크,localization/korean/map/states_l_korean.yml,428
STATE_OVORALRITS,korean,0,오보랄리츠,localization/korean/map/states_l_korean.yml,429
STATE_KINTANCZENPANTH,korean,0,킨탄첸판트,localization/korean/map/states_l_korean.yml,430
STATE_SOVOROXH,korean,0,소보로스,localization/korean/map/states_l_korean.yml,431
STATE_YUTAVENCZIAH,korean,0,유타벤치아,localization/korean/map/states_l_korean.yml,432
STATE_INSVENGELRAH,korean,0,인스벤겔라,localization/korean/map/states_l_korean.yml,433
STATE_AUSHEPEN,korean,0,아우스헤펜,localization/korean/map/states_l_korean.yml,434
STATE_KIVIHAXHI,korean,0,키비하시,localization/korean/map/states_l_korean.yml,435
STATE_ONTALRONIAH,korean,0,온탈로니아,localization/korean/map/states_l_korean.yml,436
STATE_AMARHNIAH,korean,0,아마르니아,localization/korean/map/states_l_korean.yml,437
STATE_ONTORINTANCZ,korean,0,온토린탄츠,localization/korean/map/states_l_korean.yml,438
STATE_AVARHCZAL,korean,0,아바르찰,localization/korean/map/states_l_korean.yml,439
STATE_SEINMARNIAH,korean,0,세인마르니아,localization/korean/map/states_l_korean.yml,440
STATE_INTAXHENACZANTH,korean,0,인타셰나찬트,localization/korean/map/states_l_korean.yml,441
STATE_KOVALRATHCZELRANTH,korean,0,코발라트첼란트,localization/korean/map/states_l_korean.yml,442
STATE_IPOLRATANCZELRANTH,korean,0,이폴라탄첼란트,localization/korean/map/states_l_korean.yml,443
STATE_KOVHHETALRANIYUEM,korean,0,코브헤탈라니움,localization/korean/map/states_l_korean.yml,444
STATE_NIDELHEPEHN,korean,0,니델헤펜,localization/korean/map/states_l_korean.yml,445
STATE_KUVALHARARIAH,korean,0,쿠발하라리아,localization/korean/map/states_l_korean.yml,446
STATE_NILROTOLRAYUEM,korean,0,닐로톨라움,localization/korean/map/states_l_korean.yml,447
STATE_IOSVERKH,korean,0,이오스베르크,localization/korean/map/states_l_korean.yml,448
STATE_INTONINAXH,korean,0,인토니나스,localization/korean/map/states_l_korean.yml,449
STATE_HAVANANXHI,korean,0,하바난시,localization/korean/map/states_l_korean.yml,450
STATE_AVHELRACZELRANTH,korean,0,아브엘라첼란트,localization/korean/map/states_l_korean.yml,451
STATE_HAILDESRAHM,korean,0,하일데스람,localization/korean/map/states_l_korean.yml,452
STATE_SEIVISIUS,korean,0,세이비시우스,localization/korean/map/states_l_korean.yml,453
STATE_INSTOLRACZAH,korean,0,인스톨라차,localization/korean/map/states_l_korean.yml,454
STATE_ARVANAXHIUS,korean,0,아르바나시우스,localization/korean/map/states_l_korean.yml,455
STATE_KANTOXHIUS,korean,0,칸토시우스,localization/korean/map/states_l_korean.yml,456
STATE_RODHVIXH,korean,0,로드비스,localization/korean/map/states_l_korean.yml,457
STATE_DOVHRAMEXH,korean,0,도브라메스,localization/korean/map/states_l_korean.yml,458
STATE_RIVRAMEXH,korean,0,리브라메스,localization/korean/map/states_l_korean.yml,459
STATE_WIXH,korean,0,위스,localization/korean/map/states_l_korean.yml,460
STATE_ANHALTH,korean,0,안할트,localization/korean/map/states_l_korean.yml,461
STATE_AKELRETZ,korean,0,아켈레츠,localization/korean/map/states_l_korean.yml,462
STATE_NOURISRAM,korean,0,노우리스람,localization/korean/map/states_l_korean.yml,463
STATE_EINSRAM,korean,0,에인스람,localization/korean/map/states_l_korean.yml,464
STATE_OVOSRAM,korean,0,오보스람,localization/korean/map/states_l_korean.yml,465
STATE_DELRIXHRAM,korean,0,델리스람,localization/korean/map/states_l_korean.yml,466
STATE_OVORISRAHM,korean,0,오보리스람,localization/korean/map/states_l_korean.yml,467
STATE_NIOTORANTH,korean,0,니오토란트,localization/korean/map/states_l_korean.yml,468
STATE_SEARULTH,korean,0,세아룰트,localization/korean/map/states_l_korean.yml,469
STATE_KIVARANTH,korean,0,키바란트,localization/korean/map/states_l_korean.yml,470
STATE_NIDETENSRAHM,korean,0,니데텐스람,localization/korean/map/states_l_korean.yml,471
STATE_KOVOTENSRAHM,korean,0,코보텐스람,localization/korean/map/states_l_korean.yml,472
STATE_EVELRILRANTH,korean,0,에벨릴란트,localization/korean/map/states_l_korean.yml,473
STATE_NIELRILRANTH,korean,0,니엘릴란트,localization/korean/map/states_l_korean.yml,474
STATE_AKAPETH,korean,0,아카페트,localization/korean/map/states_l_korean.yml,475
STATE_INTOPETH,korean,0,인토페트,localization/korean/map/states_l_korean.yml,476
STATE_NOLVAHAM,korean,0,놀바함,localization/korean/map/states_l_korean.yml,477
STATE_KAVAHAL,korean,0,카바할,localization/korean/map/states_l_korean.yml,478
STATE_HAIMSVERN,korean,0,하임스베른,localization/korean/map/states_l_korean.yml,479
STATE_KOVOARETA,korean,0,코보아레타,localization/korean/map/states_l_korean.yml,480
STATE_NIDOTORETAH,korean,0,니도토레타,localization/korean/map/states_l_korean.yml,481
STATE_ANDETESVERN,korean,0,안데테스베른,localization/korean/map/states_l_korean.yml,482
STATE_APHRODICZE,korean,0,아프로디체,localization/korean/map/states_l_korean.yml,483
STATE_NIDETEXHVERN,korean,0,니데테스베른,localization/korean/map/states_l_korean.yml,484
STATE_OSTESVERH,korean,0,오스테스베른,localization/korean/map/states_l_korean.yml,485
STATE_INSDARCZEH,korean,0,인스다르체,localization/korean/map/states_l_korean.yml,486
STATE_CZEIMVEXH,korean,0,체임베스,localization/korean/map/states_l_korean.yml,487
STATE_UVARS,korean,0,우바르스,localization/korean/map/states_l_korean.yml,488
STATE_TRAELRITANIAH,korean,0,트라엘리타니아,localization/korean/map/states_l_korean.yml,489
STATE_IMPEHTAXH,korean,0,임페타스,localization/korean/map/states_l_korean.yml,492
STATE_KENARUXH,korean,0,케나루스,localization/korean/map/states_l_korean.yml,493
STATE_VAILRARUXH,korean,0,바일라루스,localization/korean/map/states_l_korean.yml,494
STATE_RIVERHTAXH,korean,0,리베르타스,localization/korean/map/states_l_korean.yml,495
STATE_ENDAIL,korean,0,엔다일,localization/korean/map/states_l_korean.yml,496
STATE_RIKHXH,korean,0,리크스,localization/korean/map/states_l_korean.yml,497
STATE_RINDAON,korean,0,린다온,localization/korean/map/states_l_korean.yml,498
STATE_CHINAXH,korean,0,치나스,localization/korean/map/states_l_korean.yml,499
STATE_RAINUXH,korean,0,라이누스,localization/korean/map/states_l_korean.yml,500
STATE_KEFEIH,korean,0,케페이,localization/korean/map/states_l_korean.yml,501
STATE_KESHUVITH,korean,0,케슈비트,localization/korean/map/states_l_korean.yml,502
STATE_ANTON,korean,0,안톤,localization/korean/map/states_l_korean.yml,503
STATE_SAVITH,korean,0,사비트,localization/korean/map/states_l_korean.yml,504
STATE_NAINEKTON,korean,0,나이넥톤,localization/korean/map/states_l_korean.yml,505
STATE_KAITON,korean,0,카이톤,localization/korean/map/states_l_korean.yml,506
STATE_RIVEMUTH,korean,0,리베무트,localization/korean/map/states_l_korean.yml,507
STATE_INXHVENTH,korean,0,인스벤트,localization/korean/map/states_l_korean.yml,508
STATE_RUSNITS,korean,0,루스니츠,localization/korean/map/states_l_korean.yml,509
STATE_RUXHENATON,korean,0,루셰나톤,localization/korean/map/states_l_korean.yml,510
STATE_ANKAIUXH,korean,0,안카이우스,localization/korean/map/states_l_korean.yml,511
STATE_KIFEIH,korean,0,키페이,localization/korean/map/states_l_korean.yml,512
STATE_PARXHA,korean,0,파르샤,localization/korean/map/states_l_korean.yml,513
STATE_HERXHA,korean,0,헤르샤,localization/korean/map/states_l_korean.yml,514
STATE_RIVUTS_ISLAND_CHAIN,korean,0,리부츠 제도,localization/korean/map/states_l_korean.yml,515
STATE_SHINSEOUL,korean,0,신서울,localization/korean/map/states_l_korean.yml,518
STATE_CHEONGJIN,korean,0,청진,localization/korean/map/states_l_korean.yml,519
STATE_GAIHN,korean,0,가인,localization/korean/map/states_l_korean.yml,520
STATE_BUWON,korean,0,부원,localization/korean/map/states_l_korean.yml,521
STATE_NAMREUNG,korean,0,남릉,localization/korean/map/states_l_korean.yml,522
STATE_SUREUNG,korean,0,수릉,localization/korean/map/states_l_korean.yml,523
STATE_HWANGAHN,korean,0,황안,localization/korean/map/states_l_korean.yml,524
STATE_PYEONGJEON,korean,0,평전,localization/korean/map/states_l_korean.yml,525
STATE_HAMSEON,korean,0,함선,localization/korean/map/states_l_korean.yml,526
STATE_ULREUNG,korean,0,울릉,localization/korean/map/states_l_korean.yml,527
STATE_NAMDANMAN,korean,0,남 단만,localization/korean/map/states_l_korean.yml,528
STATE_BUKDANMAN,korean,0,북 단만,localization/korean/map/states_l_korean.yml,529
STATE_JEJU,korean,0,제주,localization/korean/map/states_l_korean.yml,530
STATE_BUKWON,korean,0,북원,localization/korean/map/states_l_korean.yml,531
STATE_NAYEON,korean,0,나연,localization/korean/map/states_l_korean.yml,532
STATE_IMUH,korean,0,임우,localization/korean/map/states_l_korean.yml,533
STATE_HWANGJU,korean,0,황주,localization/korean/map/states_l_korean.yml,534
STATE_PYEONGSEO_GUNDO,korean,0,평서 군도,localization/korean/map/states_l_korean.yml,535
STATE_JINOH_GUNDO,korean,0,진오 군도,localization/korean/map/states_l_korean.yml,536
STATE_SUDRAH,korean,0,수드라,localization/korean/map/states_l_korean.yml,537
STATE_MANTRAH,korean,0,만트라,localization/korean/map/states_l_korean.yml,538
STATE_AINDHRAH,korean,0,아인드라,localization/korean/map/states_l_korean.yml,539
STATE_JUNGARH,korean,0,준가르,localization/korean/map/states_l_korean.yml,540
STATE_RIVHTARH,korean,0,리브타르,localization/korean/map/states_l_korean.yml,541
STATE_JEONGJU,korean,0,정주,localization/korean/map/states_l_korean.yml,542
STATE_AMHWAN,korean,0,암환,localization/korean/map/states_l_korean.yml,543
STATE_SUJEON,korean,0,수전,localization/korean/map/states_l_korean.yml,544
STATE_GWANBUK,korean,0,관북,localization/korean/map/states_l_korean.yml,545
STATE_GWANSEO,korean,0,관서,localization/korean/map/states_l_korean.yml,546
STATE_BUKGYE,korean,0,북계,localization/korean/map/states_l_korean.yml,547
STATE_JINJEON,korean,0,진전,localization/korean/map/states_l_korean.yml,548
STATE_SEOGYEONG,korean,0,서경,localization/korean/map/states_l_korean.yml,549
STATE_ANJODO,korean,0,안조도,localization/korean/map/states_l_korean.yml,550
STATE_IHJODO,korean,0,이조도,localization/korean/map/states_l_korean.yml,551
STATE_YIEODO,korean,0,이어도,localization/korean/map/states_l_korean.yml,552
STATE_GWANJUNG,korean,0,관중,localization/korean/map/states_l_korean.yml,553
STATE_ZAFIAH_GARTEN,korean,0,자피아 가르텐,localization/korean/map/states_l_korean.yml,556
STATE_VESTIAH_GATEN,korean,0,베스티아 가르텐,localization/korean/map/states_l_korean.yml,557
STATE_SIONIRTEN,korean,0,시오니르텐,localization/korean/map/states_l_korean.yml,558
STATE_AKAVERTEN,korean,0,아카베르텐,localization/korean/map/states_l_korean.yml,559
STATE_ERHVARHTEN,korean,0,에르바르텐,localization/korean/map/states_l_korean.yml,560
STATE_NIRHVETEHN,korean,0,니르베텐,localization/korean/map/states_l_korean.yml,561
STATE_KAUPASTEHN,korean,0,카우파스텐,localization/korean/map/states_l_korean.yml,562
STATE_NIEVELREL,korean,0,니에벨렐,localization/korean/map/states_l_korean.yml,563
STATE_INSTARAPUXH,korean,0,인스타라푸스,localization/korean/map/states_l_korean.yml,564
STATE_OAHSTAREL,korean,0,오아스타렐,localization/korean/map/states_l_korean.yml,565
STATE_KOFHPUXH,korean,0,코프푸스,localization/korean/map/states_l_korean.yml,566
STATE_AVAROLRAND,korean,0,아바롤란드,localization/korean/map/states_l_korean.yml,567
STATE_KINTAVALRATAH,korean,0,킨타발라타,localization/korean/map/states_l_korean.yml,568
STATE_PERTANTIXH,korean,0,페르탄티스,localization/korean/map/states_l_korean.yml,569
STATE_ZEVELRAVHTAH,korean,0,제벨라브타,localization/korean/map/states_l_korean.yml,570
STATE_NIOSHAVHRAH,korean,0,니오샤브라,localization/korean/map/states_l_korean.yml,571
STATE_KAFHKAVHRAH,korean,0,카프카브라,localization/korean/map/states_l_korean.yml,572
STATE_REDAKAVHRAH,korean,0,레다카브라,localization/korean/map/states_l_korean.yml,573
STATE_IOVERANAH,korean,0,이오베라나,localization/korean/map/states_l_korean.yml,574
STATE_YARVATAH,korean,0,야르바타,localization/korean/map/states_l_korean.yml,575
STATE_NIDELRELRANDH,korean,0,니델렐란드,localization/korean/map/states_l_korean.yml,576
STATE_NUAVERELRANTH,korean,0,누아베렐란트,localization/korean/map/states_l_korean.yml,577
STATE_YUVHRATANAH,korean,0,유브라타나,localization/korean/map/states_l_korean.yml,578
STATE_INSETENVELRANAH,korean,0,인스텐벨라나,localization/korean/map/states_l_korean.yml,579
STATE_IOTANTANIAH,korean,0,이오탄타니아,localization/korean/map/states_l_korean.yml,580
STATE_AVHRATANIAH,korean,0,아브라타니아,localization/korean/map/states_l_korean.yml,581
STATE_SHUVERHTEHN,korean,0,슈베르텐,localization/korean/map/states_l_korean.yml,582
STATE_UAHVELRATANAH,korean,0,우아벨라타나,localization/korean/map/states_l_korean.yml,583
STATE_OSTELRELRANTH,korean,0,오스텔렐란트,localization/korean/map/states_l_korean.yml,584
STATE_HEEMVELRAH,korean,0,헤엠벨라,localization/korean/map/states_l_korean.yml,585
STATE_EVELRAH,korean,0,에벨라,localization/korean/map/states_l_korean.yml,586
STATE_KUPHVELRAH,korean,0,쿠프벨라,localization/korean/map/states_l_korean.yml,587
STATE_IOSTAVELRAH,korean,0,이오스타벨라,localization/korean/map/states_l_korean.yml,588
STATE_INTACZAFELRAH,korean,0,인타차펠라,localization/korean/map/states_l_korean.yml,589
STATE_UMVELRAH,korean,0,움벨라,localization/korean/map/states_l_korean.yml,590
STATE_KENTAAVELRAH,korean,0,켄타아벨라,localization/korean/map/states_l_korean.yml,591
STATE_IKAVELRATANTH,korean,0,이카벨라탄트,localization/korean/map/states_l_korean.yml,592
STATE_INTALRAXHE,korean,0,인탈라셰,localization/korean/map/states_l_korean.yml,593
STATE_RIVELRAXHE,korean,0,리벨라셰,localization/korean/map/states_l_korean.yml,594
STATE_KIOVELRAXHE,korean,0,키오벨라셰,localization/korean/map/states_l_korean.yml,595
STATE_WESTERN_SAVHRA_ISLAND_CHAIN,korean,0,서 사브라 제도,localization/korean/map/states_l_korean.yml,596
STATE_EASTERN_SAVHRA_ISLAND_CHAIN,korean,0,동 사브라 제도,localization/korean/map/states_l_korean.yml,597
STATE_ROVONIRTEN,korean,0,로보니르텐,localization/korean/map/states_l_korean.yml,598
STATE_ZIOLRANTEN,korean,0,지올란텐,localization/korean/map/states_l_korean.yml,599
STATE_SAILVERTEN,korean,0,사일베르텐,localization/korean/map/states_l_korean.yml,600
STATE_KONSRASTATI,korean,0,콘스라스타티,localization/korean/map/states_l_korean.yml,601
STATE_AUSTANAXHA,korean,0,아우스타나샤,localization/korean/map/states_l_korean.yml,602
STATE_RIORISAKOS,korean,0,리오리사코스,localization/korean/map/states_l_korean.yml,603
STATE_AISTANYA,korean,0,아이스타냐,localization/korean/map/states_l_korean.yml,604
STATE_NAIROSTANIAH,korean,0,나이로스타니아,localization/korean/map/states_l_korean.yml,605
STATE_SOKOSTAVELRANA,korean,0,소코스타벨라나,localization/korean/map/states_l_korean.yml,606
STATE_RIUVELRATANA,korean,0,리우벨라타나,localization/korean/map/states_l_korean.yml,607
STATE_AUSNABISHI,korean,0,아우스나비시,localization/korean/map/states_l_korean.yml,608
STATE_OELRUVELRAH,korean,0,오엘루벨라,localization/korean/map/states_l_korean.yml,609
STATE_KANVARURATZ,korean,0,칸바루라츠,localization/korean/map/states_l_korean.yml,610
STATE_SOHEINVELRA,korean,0,소헤인벨라,localization/korean/map/states_l_korean.yml,611
STATE_KOSTANCZAFELTH,korean,0,코스탄차펠트,localization/korean/map/states_l_korean.yml,612
STATE_OSTACZAFELRAH,korean,0,오스타차펠라,localization/korean/map/states_l_korean.yml,613
STATE_SELRATAVELRAH,korean,0,셀라타벨라,localization/korean/map/states_l_korean.yml,614
STATE_ZAFIAH_KAIMTH,korean,0,자피아 카임트,localization/korean/map/states_l_korean.yml,617
STATE_NORTIAH_KAIMTH,korean,0,노르티아 카임트,localization/korean/map/states_l_korean.yml,618
STATE_HANOELRON,korean,0,하노엘론,localization/korean/map/states_l_korean.yml,619
STATE_ZAFIAH_HAILRIXH,korean,0,자피아 하일리스,localization/korean/map/states_l_korean.yml,620
STATE_VESTIAH_HAILRIXH,korean,0,베스티아 하일리스,localization/korean/map/states_l_korean.yml,621
STATE_NORTIAH_HAILRIXH,korean,0,노르티아 하일리스,localization/korean/map/states_l_korean.yml,622
STATE_CZENTRAL_HYARYET,korean,0,첸트랄 햐롓,localization/korean/map/states_l_korean.yml,623
STATE_DONIAH_HYARYET,korean,0,도니아 햐롓,localization/korean/map/states_l_korean.yml,624
STATE_AKXHUKEHNTH,korean,0,악슈켄트,localization/korean/map/states_l_korean.yml,625
STATE_RIAXHTIZEH,korean,0,리아스티제,localization/korean/map/states_l_korean.yml,626
STATE_SHURHVENTH,korean,0,슈르벤트,localization/korean/map/states_l_korean.yml,627
STATE_RIXHUTEHN,korean,0,리슈텐,localization/korean/map/states_l_korean.yml,628
STATE_AKITEN,korean,0,아키텐,localization/korean/map/states_l_korean.yml,629
STATE_RAXHTANIAH,korean,0,라스타니아,localization/korean/map/states_l_korean.yml,630
STATE_FEVHRAIL,korean,0,페브라일,localization/korean/map/states_l_korean.yml,631
STATE_DYUELRONIAH,korean,0,듀엘로니아,localization/korean/map/states_l_korean.yml,634
STATE_MEXHTSELRAH,korean,0,메스첼라,localization/korean/map/states_l_korean.yml,635
STATE_VEXHELRONIAH,korean,0,베스엘로니아,localization/korean/map/states_l_korean.yml,636
STATE_PERXHA,korean,0,페르샤,localization/korean/map/states_l_korean.yml,637
STATE_ARXHA,korean,0,아르샤,localization/korean/map/states_l_korean.yml,638
STATE_AIOLRANTH,korean,0,아이올란트,localization/korean/map/states_l_korean.yml,639
STATE_ESPELRANTH,korean,0,에스펠란트,localization/korean/map/states_l_korean.yml,640
STATE_INSEFELRIYUEM,korean,0,인세펠리움,localization/korean/map/states_l_korean.yml,641
STATE_AXHFELRANIAH,korean,0,아스펠라니아,localization/korean/map/states_l_korean.yml,642
STATE_KAVAELRONIAH,korean,0,카바엘로니아,localization/korean/map/states_l_korean.yml,643
STATE_KAPARATAELRONIAH,korean,0,카파라타엘로니아,localization/korean/map/states_l_korean.yml,644
STATE_NIDETENELRONIAH,korean,0,니데텐엘로니아,localization/korean/map/states_l_korean.yml,645
STATE_CZETSELRONIAH,korean,0,체첼로니아,localization/korean/map/states_l_korean.yml,646
STATE_KUVACZELRONIAH,korean,0,쿠바첼로니아,localization/korean/map/states_l_korean.yml,647
STATE_IVACZELRONIAH,korean,0,이바첼로니아,localization/korean/map/states_l_korean.yml,648
STATE_IVICZELRANA,korean,0,이비첼라나,localization/korean/map/states_l_korean.yml,649
STATE_INXHICZELRONIAH,korean,0,인시첼로니아,localization/korean/map/states_l_korean.yml,650
STATE_OVOCZELRONIAH,korean,0,오보첼로니아,localization/korean/map/states_l_korean.yml,651
STATE_INSNAH,korean,0,인스나,localization/korean/map/states_l_korean.yml,652
STATE_IVASNA,korean,0,이바스나,localization/korean/map/states_l_korean.yml,653
STATE_MIKEROVO,korean,0,미케로보,localization/korean/map/states_l_korean.yml,654
STATE_KOVOSNA,korean,0,코보스나,localization/korean/map/states_l_korean.yml,655
STATE_NIOLRASTANA,korean,0,니올라스타나,localization/korean/map/states_l_korean.yml,656
STATE_OLROSTANA,korean,0,올로스타나,localization/korean/map/states_l_korean.yml,657
STATE_KEVAYASHI,korean,0,케바야시,localization/korean/map/states_l_korean.yml,658
STATE_IMANAGI,korean,0,이마나기,localization/korean/map/states_l_korean.yml,659
STATE_MARONE,korean,0,마로네,localization/korean/map/states_l_korean.yml,660
STATE_RIVAAHTAELRONIAH,korean,0,리바아타엘로니아,localization/korean/map/states_l_korean.yml,661
STATE_NESTAHNELRONIAH,korean,0,네스탄엘로니아,localization/korean/map/states_l_korean.yml,662
STATE_INSTANTSELRONIAH,korean,0,인스탄첼로니아,localization/korean/map/states_l_korean.yml,663
STATE_OVORAELRONIAH,korean,0,오보라엘로니아,localization/korean/map/states_l_korean.yml,664
STATE_KAVACZELRAH,korean,0,카바첼라,localization/korean/map/states_l_korean.yml,665
STATE_SUDETEHN,korean,0,수데텐,localization/korean/map/states_l_korean.yml,666
STATE_NIVHRACZELRAH,korean,0,니브라첼라,localization/korean/map/states_l_korean.yml,667
STATE_USCZELRAH,korean,0,우스첼라,localization/korean/map/states_l_korean.yml,668
STATE_ONPOCZELRAH,korean,0,온포첼라,localization/korean/map/states_l_korean.yml,669
STATE_DYURHIRANAH,korean,0,듀르이라나,localization/korean/map/states_l_korean.yml,670
STATE_SAIRANAH,korean,0,사이라나,localization/korean/map/states_l_korean.yml,671
STATE_KAPALRUTHRANAH,korean,0,카팔루트라나,localization/korean/map/states_l_korean.yml,672
STATE_SIOVELRANTH,korean,0,시오벨란트,localization/korean/map/states_l_korean.yml,673
STATE_NYURHVELRIAH,korean,0,뉴르벨리아,localization/korean/map/states_l_korean.yml,674
STATE_RUSLRANIAH,korean,0,루슬라니아,localization/korean/map/states_l_korean.yml,675
STATE_INTORUTHRANAH,korean,0,인토루트라나,localization/korean/map/states_l_korean.yml,676
STATE_YUSTAVISHI,korean,0,유스타비시,localization/korean/map/states_l_korean.yml,677
STATE_SENSHUDAI,korean,0,센슈다이,localization/korean/map/states_l_korean.yml,678
STATE_SOVASHIA,korean,0,소바시아,localization/korean/map/states_l_korean.yml,679
STATE_NIROYAMA,korean,0,니로야마,localization/korean/map/states_l_korean.yml,680
STATE_KUROGI,korean,0,쿠로기,localization/korean/map/states_l_korean.yml,681
STATE_AMANE,korean,0,아마네,localization/korean/map/states_l_korean.yml,682
STATE_YAMANE,korean,0,야마네,localization/korean/map/states_l_korean.yml,683
STATE_NIVASTANCZAH,korean,0,니바스탄차,localization/korean/map/states_l_korean.yml,684
STATE_KAVATANCZAH,korean,0,카바탄차,localization/korean/map/states_l_korean.yml,685
STATE_KENISHIRO,korean,0,케니시로,localization/korean/map/states_l_korean.yml,686
STATE_NIOSHIRO,korean,0,니오시로,localization/korean/map/states_l_korean.yml,687
STATE_KENBASHI,korean,0,켄바시,localization/korean/map/states_l_korean.yml,688
STATE_NIABASHIA,korean,0,니아바시아,localization/korean/map/states_l_korean.yml,689
STATE_OSTANCZAH,korean,0,오스탄차,localization/korean/map/states_l_korean.yml,690
STATE_INSTANCZAH,korean,0,인스탄차,localization/korean/map/states_l_korean.yml,691
STATE_SEINTHRUXH,korean,0,세인트루스,localization/korean/map/states_l_korean.yml,692
STATE_RESHILRIANTH,korean,0,레실리안트,localization/korean/map/states_l_korean.yml,693
STATE_KOBONOSHIA,korean,0,코보노시아,localization/korean/map/states_l_korean.yml,694
STATE_NIVARTS,korean,0,니바르츠,localization/korean/map/states_l_korean.yml,695
STATE_ENTAROSADA,korean,0,엔타로사다,localization/korean/map/states_l_korean.yml,696
STATE_KIFLRANTOXHIAH,korean,0,키플란토시아,localization/korean/map/states_l_korean.yml,697
STATE_ISTRALRAXHIAH,korean,0,인스트랄라시아,localization/korean/map/states_l_korean.yml,698
STATE_YUVELRIOXHIAH,korean,0,유벨리오시아,localization/korean/map/states_l_korean.yml,699
STATE_IOBISHI,korean,0,이오비시,localization/korean/map/states_l_korean.yml,700
STATE_RUTHNABISHI,korean,0,루트나비시,localization/korean/map/states_l_korean.yml,701
STATE_ROVWANA,korean,0,로브와나,localization/korean/map/states_l_korean.yml,702
STATE_RESLRANYAH,korean,0,레슬라냐,localization/korean/map/states_l_korean.yml,703
STATE_AVALRANIAH,korean,0,아발라니아,localization/korean/map/states_l_korean.yml,704
STATE_KOFLRANAH,korean,0,코플라나,localization/korean/map/states_l_korean.yml,705
STATE_YUSLRANIAH,korean,0,유슬라니아,localization/korean/map/states_l_korean.yml,706
STATE_NOSTAHN,korean,0,노스탄,localization/korean/map/states_l_korean.yml,707
STATE_AIOTAH,korean,0,아이오타,localization/korean/map/states_l_korean.yml,708
STATE_KIPATAHN,korean,0,키파탄,localization/korean/map/states_l_korean.yml,709
STATE_OVTANIAH,korean,0,오브타니아,localization/korean/map/states_l_korean.yml,710
STATE_GERTANIAH,korean,0,게르타니아,localization/korean/map/states_l_korean.yml,711
STATE_ALTUBISHI,korean,0,알투비시,localization/korean/map/states_l_korean.yml,712
STATE_SHUXHTAXHIAH,korean,0,슈스타시아,localization/korean/map/states_l_korean.yml,713
STATE_IVOALRAXH,korean,0,이보알라스,localization/korean/map/states_l_korean.yml,714
STATE_YUSHRIH,korean,0,유스리,localization/korean/map/states_l_korean.yml,715
STATE_SOSORI,korean,0,소소리,localization/korean/map/states_l_korean.yml,716
STATE_RIVRAH,korean,0,리브라,localization/korean/map/states_l_korean.yml,717
STATE_VERCZEAH,korean,0,베르체아,localization/korean/map/states_l_korean.yml,718
STATE_KUTRAH,korean,0,쿠트라,localization/korean/map/states_l_korean.yml,719
STATE_ANTORAH,korean,0,안토라,localization/korean/map/states_l_korean.yml,720
STATE_PANTANION,korean,0,판타니온,localization/korean/map/states_l_korean.yml,721
STATE_KIPHTAON,korean,0,키프타온,localization/korean/map/states_l_korean.yml,722
STATE_ZENNION,korean,0,젠니온,localization/korean/map/states_l_korean.yml,723
STATE_IVOSTAXHIAH,korean,0,이보스타시아,localization/korean/map/states_l_korean.yml,724
STATE_NIVEXHAIAH,korean,0,니베샤이아,localization/korean/map/states_l_korean.yml,725
STATE_AVAXHINION,korean,0,아바시니온,localization/korean/map/states_l_korean.yml,726
STATE_NIPHLRAXHA,korean,0,니플라샤,localization/korean/map/states_l_korean.yml,727
STATE_KAPAXHTAXHIAH,korean,0,카파스타스니아,localization/korean/map/states_l_korean.yml,728
STATE_RIDURAXHIAH,korean,0,리두라시아,localization/korean/map/states_l_korean.yml,729
STATE_ENOSTAXHIAH,korean,0,에노스타시아,localization/korean/map/states_l_korean.yml,730
STATE_KINPEXH,korean,0,킨페스,localization/korean/map/states_l_korean.yml,731
STATE_AVASTAXHINIAH,korean,0,아바스타시니아,localization/korean/map/states_l_korean.yml,732
STATE_NOAVAXHIAH,korean,0,노아바시아,localization/korean/map/states_l_korean.yml,733
STATE_NOSTAXHINIAH,korean,0,노스타시니아,localization/korean/map/states_l_korean.yml,734
STATE_ISTAXHINIAH,korean,0,이스타시니아,localization/korean/map/states_l_korean.yml,735
STATE_OBHULRUXH,korean,0,오뷸루스,localization/korean/map/states_l_korean.yml,736
STATE_IUXH,korean,0,이우스,localization/korean/map/states_l_korean.yml,737
STATE_KIVUXH,korean,0,키부스,localization/korean/map/states_l_korean.yml,738
STATE_AVAROSAH,korean,0,아바로사,localization/korean/map/states_l_korean.yml,739
STATE_INTAXH,korean,0,인타스,localization/korean/map/states_l_korean.yml,740
STATE_KIFROSAH,korean,0,키프로사,localization/korean/map/states_l_korean.yml,741
STATE_AVARERLRANTH,korean,0,아바레를란트,localization/korean/map/states_l_korean.yml,742
STATE_RIOLRANTH,korean,0,리올란트,localization/korean/map/states_l_korean.yml,743
STATE_AVARHXHA,korean,0,아바르샤,localization/korean/map/states_l_korean.yml,744
STATE_AHUZHIAH,korean,0,아후지아,localization/korean/map/states_l_korean.yml,745
STATE_NIRXHA,korean,0,니르샤,localization/korean/map/states_l_korean.yml,746
STATE_UPLRAXHA,korean,0,우플라샤,localization/korean/map/states_l_korean.yml,747
STATE_KUPHXHA,korean,0,쿠프샤,localization/korean/map/states_l_korean.yml,748
STATE_VISTAON,korean,0,비스타온,localization/korean/map/states_l_korean.yml,749
STATE_KIVELXHA,korean,0,키벨샤,localization/korean/map/states_l_korean.yml,750
STATE_TALRINIAH,korean,0,탈리니아,localization/korean/map/states_l_korean.yml,751
STATE_TALRIRANYAH,korean,0,탈리라냐,localization/korean/map/states_l_korean.yml,752
STATE_GAIAH,korean,0,가이아,localization/korean/map/states_l_korean.yml,755
STATE_SORDAN,korean,0,소르단,localization/korean/map/states_l_korean.yml,756
STATE_IUS,korean,0,이우스,localization/korean/map/states_l_korean.yml,757
STATE_KIPROTS,korean,0,키프로츠,localization/korean/map/states_l_korean.yml,758
STATE_KIVELRAGA,korean,0,키벨라가,localization/korean/map/states_l_korean.yml,759
STATE_ABAIAH,korean,0,아바이아,localization/korean/map/states_l_korean.yml,760
STATE_NIALDEROTS,korean,0,니알데로츠,localization/korean/map/states_l_korean.yml,761
STATE_KOVATANEIM,korean,0,코바타네임,localization/korean/map/states_l_korean.yml,762
STATE_SHUSTANEIM,korean,0,슈스타네임,localization/korean/map/states_l_korean.yml,763
STATE_STERODAH,korean,0,스테로다,localization/korean/map/states_l_korean.yml,764
STATE_NEALTO,korean,0,네알토,localization/korean/map/states_l_korean.yml,765
STATE_SHUSTAVH,korean,0,슈스타브,localization/korean/map/states_l_korean.yml,766
STATE_IVELRUAVH,korean,0,이벨루아브,localization/korean/map/states_l_korean.yml,767
STATE_KAVHRANTATOH,korean,0,케브란타토,localization/korean/map/states_l_korean.yml,768
STATE_INXHITIAVH,korean,0,인시티아브,localization/korean/map/states_l_korean.yml,769
STATE_NUDELVERKH,korean,0,누델베르크,localization/korean/map/states_l_korean.yml,770
STATE_KUVARACZAVERKH,korean,0,쿠바라차베르크,localization/korean/map/states_l_korean.yml,771
STATE_PERDALVERKH,korean,0,페르달베르크,localization/korean/map/states_l_korean.yml,772
STATE_KUPANXHIYUEM,korean,0,쿠판시움,localization/korean/map/states_l_korean.yml,773
STATE_INTOXHIYUEM,korean,0,인토시움,localization/korean/map/states_l_korean.yml,774
STATE_KAPANTAHEIM,korean,0,카판타헤임,localization/korean/map/states_l_korean.yml,775
STATE_RIODHNIAH,korean,0,리오드니아,localization/korean/map/states_l_korean.yml,776
STATE_KENTOBAXH,korean,0,켄토바스,localization/korean/map/states_l_korean.yml,777
STATE_IKAVAXH,korean,0,이카바스,localization/korean/map/states_l_korean.yml,778
STATE_HABATANARAH,korean,0,하바타나라,localization/korean/map/states_l_korean.yml,779
STATE_IEVAXH,korean,0,이에바스,localization/korean/map/states_l_korean.yml,780
STATE_INTERVAL,korean,0,인테르발,localization/korean/map/states_l_korean.yml,781
STATE_KIOTOPAN,korean,0,키오토판,localization/korean/map/states_l_korean.yml,782
STATE_RIODORIH,korean,0,리오도리,localization/korean/map/states_l_korean.yml,783
STATE_USATERIMAH,korean,0,우사테리마,localization/korean/map/states_l_korean.yml,784
STATE_MAIDAHN,korean,0,마이단,localization/korean/map/states_l_korean.yml,785
STATE_ZERVELTUH,korean,0,제르벨투,localization/korean/map/states_l_korean.yml,786
STATE_UENOSKAH,korean,0,우에노스카,localization/korean/map/states_l_korean.yml,787
STATE_INTOSILRAHM,korean,0,인토실람,localization/korean/map/states_l_korean.yml,788
STATE_PORTEAKALRATAH,korean,0,포르테아칼라타,localization/korean/map/states_l_korean.yml,789
STATE_GRIENDH,korean,0,그리엔드,localization/korean/map/states_l_korean.yml,792
STATE_RYUTS,korean,0,류츠,localization/korean/map/states_l_korean.yml,793
STATE_MYURELRATAH,korean,0,뮤렐라타,localization/korean/map/states_l_korean.yml,794
STATE_PERTALRATAH,korean,0,페르탈라타,localization/korean/map/states_l_korean.yml,795
STATE_CZERVAHA,korean,0,체르바하,localization/korean/map/states_l_korean.yml,796
STATE_EOSTAHN,korean,0,에오스탄,localization/korean/map/states_l_korean.yml,797
STATE_IVOXHENTH,korean,0,이보스엔트,localization/korean/map/states_l_korean.yml,798
STATE_IAXHENDH,korean,0,이아스엔드,localization/korean/map/states_l_korean.yml,799
STATE_SOEVAENDH,korean,0,소에바엔드,localization/korean/map/states_l_korean.yml,800
STATE_TERPANTH,korean,0,테르판트,localization/korean/map/states_l_korean.yml,801
STATE_YUNARH,korean,0,유나르,localization/korean/map/states_l_korean.yml,802
STATE_SHUVELNARH,korean,0,슈벨나르,localization/korean/map/states_l_korean.yml,803
STATE_ZEPARHNARH,korean,0,제파르나르,localization/korean/map/states_l_korean.yml,804
STATE_KUVERNARH,korean,0,쿠베르나르,localization/korean/map/states_l_korean.yml,805
STATE_SHYNARH,korean,0,쉬나르,localization/korean/map/states_l_korean.yml,806
STATE_RAIHENTONIH,korean,0,라이헨토니,localization/korean/map/states_l_korean.yml,807
STATE_KANTOXHIUTS,korean,0,칸토시우스,localization/korean/map/states_l_korean.yml,808
STATE_NAVANUXH,korean,0,나바누스,localization/korean/map/states_l_korean.yml,809
STATE_KAOSRAGA,korean,0,카오스라가,localization/korean/map/states_l_korean.yml,810
STATE_HAINSVELRAKAH,korean,0,하인스벨라카,localization/korean/map/states_l_korean.yml,811
STATE_GARTELRUDAHN,korean,0,가르텔루단,localization/korean/map/states_l_korean.yml,812
STATE_IHNELRUDAHN,korean,0,인엘루단,localization/korean/map/states_l_korean.yml,813
STATE_KIVHRAIH,korean,0,키브라이,localization/korean/map/states_l_korean.yml,814
STATE_UESTANCZAH,korean,0,우에스탄차,localization/korean/map/states_l_korean.yml,815
STATE_IOSRAIH,korean,0,이오스라이,localization/korean/map/states_l_korean.yml,816
STATE_IVELHANTH,korean,0,이벨한트,localization/korean/map/states_l_korean.yml,817
STATE_IELROTH,korean,0,이엘로트,localization/korean/map/states_l_korean.yml,818
STATE_SOSTAHN,korean,0,소스탄,localization/korean/map/states_l_korean.yml,819
STATE_PERTANAH,korean,0,페르타나,localization/korean/map/states_l_korean.yml,820
STATE_INELREOTH,korean,0,이넬레오트,localization/korean/map/states_l_korean.yml,821
STATE_YUERAVOXH,korean,0,유에라보스,localization/korean/map/states_l_korean.yml,822
STATE_EILRATHKALRAXH,korean,0,에일라트칼라스,localization/korean/map/states_l_korean.yml,823
STATE_ANTINATROXH,korean,0,안티나트로스,localization/korean/map/states_l_korean.yml,824
STATE_KATEHHANTRAXH,korean,0,카테한트라스,localization/korean/map/states_l_korean.yml,825
STATE_ZELRAKALRAXH,korean,0,젤라칼라스,localization/korean/map/states_l_korean.yml,826
STATE_NIOTHKANTH,korean,0,니오트칸트,localization/korean/map/states_l_korean.yml,827
STATE_AVALRAXHIAH,korean,0,아발라시아,localization/korean/map/states_l_korean.yml,828
STATE_TAVHRAHHANTH,korean,0,타브라한트,localization/korean/map/states_l_korean.yml,829
STATE_ZHUSTANTH,korean,0,쥬스탄트,localization/korean/map/states_l_korean.yml,830
STATE_YUVELRATAVAHA,korean,0,유벨라타바하,localization/korean/map/states_l_korean.yml,831
STATE_ITOROVAHA,korean,0,이토로바하,localization/korean/map/states_l_korean.yml,832
STATE_KAIRONIH,korean,0,카이로니,localization/korean/map/states_l_korean.yml,835
STATE_KAISVELTZ,korean,0,카이스벨츠,localization/korean/map/states_l_korean.yml,836
STATE_KINVELRONIH,korean,0,킨벨로니아,localization/korean/map/states_l_korean.yml,837
STATE_KAIROSTELCZAH,korean,0,카이로스텔차,localization/korean/map/states_l_korean.yml,838
STATE_XHEILRONIH,korean,0,셰일로니,localization/korean/map/states_l_korean.yml,839
STATE_KAINVELRONIH,korean,0,카인벨로니아,localization/korean/map/states_l_korean.yml,840
STATE_YUSLRONAH,korean,0,유슬로나,localization/korean/map/states_l_korean.yml,841
STATE_KUPHRATALRONIH,korean,0,쿠프라탈로니아,localization/korean/map/states_l_korean.yml,842
STATE_XHIELVELRONIH,korean,0,시에벨로니아,localization/korean/map/states_l_korean.yml,843
STATE_YUXHEVELRONIH,korean,0,유셰벨로니아,localization/korean/map/states_l_korean.yml,844
STATE_KILGARUZIAH,korean,0,킬가루지아,localization/korean/map/states_l_korean.yml,845
STATE_HARVANAH,korean,0,하르바나,localization/korean/map/states_l_korean.yml,846
STATE_PATASAHN,korean,0,파타산,localization/korean/map/states_l_korean.yml,847
STATE_KIVSATAH,korean,0,키브스타,localization/korean/map/states_l_korean.yml,848
STATE_SEINVHRANETH,korean,0,세인브라네트,localization/korean/map/states_l_korean.yml,849
STATE_KERTASAHN,korean,0,케르타산,localization/korean/map/states_l_korean.yml,850
STATE_OVELSTANCZAH,korean,0,오벨스탄차,localization/korean/map/states_l_korean.yml,851
STATE_SEILRIDIHN,korean,0,세일리딘,localization/korean/map/states_l_korean.yml,852
STATE_MIZELROXH,korean,0,미젤로스,localization/korean/map/states_l_korean.yml,853
STATE_UHKASTAH,korean,0,우카스탄,localization/korean/map/states_l_korean.yml,854
STATE_KUXHPELRASATAH,korean,0,쿠스펠라사타,localization/korean/map/states_l_korean.yml,855
STATE_ESOPOSTAH,korean,0,에스포스타,localization/korean/map/states_l_korean.yml,856
STATE_XHOUSTAH,korean,0,쇼우스타,localization/korean/map/states_l_korean.yml,857
STATE_ENDELNIRHSTAH,korean,0,엔델니르스타,localization/korean/map/states_l_korean.yml,858
STATE_TERTASTAH,korean,0,테르타스타,localization/korean/map/states_l_korean.yml,859
STATE_UDIHN,korean,0,우딘,localization/korean/map/states_l_korean.yml,860
STATE_RODAHN,korean,0,로단,localization/korean/map/states_l_korean.yml,861
STATE_CZENTELRUTASATAH,korean,0,첸텔루타스타,localization/korean/map/states_l_korean.yml,862
STATE_RIAXH,korean,0,리아스,localization/korean/map/states_l_korean.yml,863
STATE_XHERIAXH,korean,0,셰리아스,localization/korean/map/states_l_korean.yml,864
STATE_SAZALRUAXH,korean,0,사잘루아스,localization/korean/map/states_l_korean.yml,865
STATE_HARGELROTAH,korean,0,하르겔로타,localization/korean/map/states_l_korean.yml,866
STATE_ZERGELROTAH,korean,0,제르겔로타,localization/korean/map/states_l_korean.yml,867
STATE_ZIESNIAH,korean,0,지에스니아,localization/korean/map/states_l_korean.yml,868
STATE_SHUEXHAVAH,korean,0,슈에스아바,localization/korean/map/states_l_korean.yml,869
STATE_RIXHICZILRIAH,korean,0,리시칠리아,localization/korean/map/states_l_korean.yml,870
STATE_ANTONIUS,korean,0,안토니우스,localization/korean/map/states_l_korean.yml,871
STATE_DEIVHRASTAH,korean,0,데이브라스타,localization/korean/map/states_l_korean.yml,872
STATE_KONTANTILCZ,korean,0,콘탄틸츠,localization/korean/map/states_l_korean.yml,873
STATE_KRAKATOAH,korean,0,크라카토아,localization/korean/map/states_l_korean.yml,874
STATE_ZIRKAHNTOAH,korean,0,지르칸토아,localization/korean/map/states_l_korean.yml,875
STATE_MURVANTOSK,korean,0,무르반토스크,localization/korean/map/states_l_korean.yml,876
STATE_ZAILRUVRH,korean,0,자일루브르,localization/korean/map/states_l_korean.yml,877
STATE_VARVELRUVHTAH,korean,0,바르벨루브르,localization/korean/map/states_l_korean.yml,878
STATE_DOILRUVRH,korean,0,도일루브르,localization/korean/map/states_l_korean.yml,879
STATE_YURNIVERXHITY,korean,0,유르니베르시티,localization/korean/map/states_l_korean.yml,880
STATE_KAINSVELRIXHITY,korean,0,카인스벨리시티,localization/korean/map/states_l_korean.yml,881
STATE_ANNERTH,korean,0,안네르트,localization/korean/map/states_l_korean.yml,882
STATE_XHONERTH,korean,0,쇼네르트,localization/korean/map/states_l_korean.yml,883
STATE_SAAHRDAH,korean,0,사아르다,localization/korean/map/states_l_korean.yml,884
STATE_NAELROTH,korean,0,나엘로트,localization/korean/map/states_l_korean.yml,885
STATE_ZHREPOXHTAYUEM,korean,0,즈레포스타움,localization/korean/map/states_l_korean.yml,886
STATE_KORSTERHCZVOLRAH,korean,0,코르스테르츠볼라,localization/korean/map/states_l_korean.yml,887
STATE_INDETERSVORN,korean,0,인데테르스보른,localization/korean/map/states_l_korean.yml,888
STATE_RIARHDOH,korean,0,리아르도,localization/korean/map/states_l_korean.yml,889
STATE_SAINTH,korean,0,사인트,localization/korean/map/states_l_korean.yml,890
STATE_VAILZHYEKH,korean,0,바일즈예크,localization/korean/map/states_l_korean.yml,891
STATE_ZIOSVAINTH,korean,0,지오스바인트,localization/korean/map/states_l_korean.yml,892
STATE_PALRAKUXHVERKH,korean,0,팔라쿠스베르크,localization/korean/map/states_l_korean.yml,893
STATE_AUPSHEVANTH,korean,0,아우프스에반트,localization/korean/map/states_l_korean.yml,894
STATE_SIREVANTH,korean,0,시레반트,localization/korean/map/states_l_korean.yml,895
STATE_NUEVANTH,korean,0,누에반트,localization/korean/map/states_l_korean.yml,896
STATE_KHHAVANTH,korean,0,크하반트,localization/korean/map/states_l_korean.yml,897
STATE_ANVANTH,korean,0,아반트,localization/korean/map/states_l_korean.yml,898
STATE_KINSTERILRUXH,korean,0,킨스테릴루스,localization/korean/map/states_l_korean.yml,899
STATE_ANZELRHNIAH,korean,0,안젤르니아,localization/korean/map/states_l_korean.yml,900
STATE_YUFOTEXH,korean,0,유포테스,localization/korean/map/states_l_korean.yml,901
STATE_KIRZELRUNIAH,korean,0,키르젤루니아,localization/korean/map/states_l_korean.yml,902
STATE_YERHVELRAH,korean,0,유르벨라,localization/korean/map/states_l_korean.yml,903
STATE_KHREMNEILRUXH,korean,0,크렘네일루스,localization/korean/map/states_l_korean.yml,904
STATE_KEIFELROXH,korean,0,케이펠로스,localization/korean/map/states_l_korean.yml,905
STATE_MEXHTELROXH,korean,0,메스텔로스,localization/korean/map/states_l_korean.yml,906
STATE_KIZELRUVELTH,korean,0,키젤루벨트,localization/korean/map/states_l_korean.yml,907
STATE_ZERVELTH,korean,0,제르벨트,localization/korean/map/states_l_korean.yml,908
STATE_YULRINSK,korean,0,율린스크,localization/korean/map/states_l_korean.yml,909
STATE_KARDALRUXH,korean,0,카르달루스,localization/korean/map/states_l_korean.yml,910
STATE_ENDILROXH,korean,0,엔딜로스,localization/korean/map/states_l_korean.yml,911
STATE_VEXHTELROXH,korean,0,베스텔로스,localization/korean/map/states_l_korean.yml,912
STATE_OXHILROXH,korean,0,오스일로스,localization/korean/map/states_l_korean.yml,913
STATE_SAILROXH,korean,0,사일로스,localization/korean/map/states_l_korean.yml,914
STATE_GRUHNVELROXH,korean,0,그룬벨로스,localization/korean/map/states_l_korean.yml,915
STATE_NORELROXH,korean,0,노렐로스,localization/korean/map/states_l_korean.yml,916
STATE_VHWELRANVERKH,korean,0,브웰란베르크,localization/korean/map/states_l_korean.yml,917
STATE_SHOVHRACZTA,korean,0,쇼브라츠타,localization/korean/map/states_l_korean.yml,918
STATE_NIEVELRACZTA,korean,0,니에벨라츠타,localization/korean/map/states_l_korean.yml,919
STATE_AVERDHVERKH,korean,0,아베르드베르크,localization/korean/map/states_l_korean.yml,920
STATE_ASRINVERKH,korean,0,아스린베르크,localization/korean/map/states_l_korean.yml,921
STATE_ESTANVERKH,korean,0,에스탄베르크,localization/korean/map/states_l_korean.yml,922
STATE_KEFELRONIAH,korean,0,케펠로니아,localization/korean/map/states_l_korean.yml,923
STATE_ISTELVELROTS,korean,0,이스텔벨로츠,localization/korean/map/states_l_korean.yml,924
STATE_NORETELVELRAROTS,korean,0,노레텔벨라로츠,localization/korean/map/states_l_korean.yml,925
STATE_RESTOLRIAH,korean,0,레스톨리아,localization/korean/map/states_l_korean.yml,926
STATE_SIRVENDALVERKH,korean,0,시르벤달베르크,localization/korean/map/states_l_korean.yml,927
STATE_AISDANTSVERKH,korean,0,아이스단츠베르크,localization/korean/map/states_l_korean.yml,928
STATE_REVLRUPAH,korean,0,레블루파,localization/korean/map/states_l_korean.yml,929
STATE_KAISEPHSONAH,korean,0,카이세프소나,localization/korean/map/states_l_korean.yml,930
STATE_INSPHSONAH,korean,0,인스프소나,localization/korean/map/states_l_korean.yml,931
STATE_SHUNIHISVERKH,korean,0,슈니히스베르크,localization/korean/map/states_l_korean.yml,932
STATE_SEAHVALRANDORH,korean,0,세아발란도르,localization/korean/map/states_l_korean.yml,933
STATE_STELVENDRUH,korean,0,스텔벤드루,localization/korean/map/states_l_korean.yml,934
STATE_KALREAHDORH,korean,0,칼레아도르,localization/korean/map/states_l_korean.yml,935
STATE_YURHPOTH,korean,0,유르토프,localization/korean/map/states_l_korean.yml,936
STATE_EAST_AVALRONTH,korean,0,오스텐아발론트,localization/korean/map/states_l_korean.yml,937
STATE_WEST_AVALRONTH,korean,0,베스텐아발론트,localization/korean/map/states_l_korean.yml,938
STATE_KUPANHVERKH,korean,0,쿠판베르크,localization/korean/map/states_l_korean.yml,939
STATE_TIOTUHN,korean,0,티오툰,localization/korean/map/states_l_korean.yml,940
STATE_ZERLRANFIL,korean,0,제를란필,localization/korean/map/states_l_korean.yml,941
STATE_YUSELRATAH,korean,0,유셀라타,localization/korean/map/states_l_korean.yml,942
STATE_VIONILRAFIL,korean,0,비오닐라필,localization/korean/map/states_l_korean.yml,943
STATE_NIDELTEVHRAITH,korean,0,니델테브라이트,localization/korean/map/states_l_korean.yml,944
STATE_SARHHALRANVELRUTAH,korean,0,사르할란벨루타,localization/korean/map/states_l_korean.yml,945
STATE_KOSRAVELTH,korean,0,코스라벨트,localization/korean/map/states_l_korean.yml,946
STATE_NILRIUTIAH,korean,0,닐리우티아,localization/korean/map/states_l_korean.yml,947
STATE_SARAUTIAH,korean,0,사라우티아,localization/korean/map/states_l_korean.yml,948
STATE_KEVHRAHAIM,korean,0,케브라하임,localization/korean/map/states_l_korean.yml,949
STATE_KAVELRIRONTH,korean,0,카벨리론트,localization/korean/map/states_l_korean.yml,950
STATE_REVEZLRANTH,korean,0,레베즐란트,localization/korean/map/states_l_korean.yml,951
STATE_ANZHULRANTH,korean,0,안쥴란트,localization/korean/map/states_l_korean.yml,952
STATE_ZERNIAH,korean,0,제르니아,localization/korean/map/states_l_korean.yml,953
STATE_CZYUELRONTH,korean,0,츄엘론트,localization/korean/map/states_l_korean.yml,954
STATE_REINVEXH,korean,0,레인베스,localization/korean/map/states_l_korean.yml,955
STATE_YUZELRHNIAH,korean,0,유젤르니아,localization/korean/map/states_l_korean.yml,956
STATE_IMPOTEXH,korean,0,임포테스,localization/korean/map/states_l_korean.yml,957
STATE_VESTRIVUATH,korean,0,베스트리부아트,localization/korean/map/states_l_korean.yml,958
STATE_OSTAKELSCHUKENTH,korean,0,오스타켈슈켄트,localization/korean/map/states_l_korean.yml,959
STATE_EAHRATAH,korean,0,에아라타,localization/korean/map/states_l_korean.yml,960
STATE_DE_VLRANKA,korean,0,데 블랑카,localization/korean/map/states_l_korean.yml,963
STATE_KASHU_AFRAM,korean,0,카슈 아프람,localization/korean/map/states_l_korean.yml,964
STATE_SOVDE_AVRAH,korean,0,소브데 아브라,localization/korean/map/states_l_korean.yml,965
STATE_KENTAPOXH_REVHRAH,korean,0,켄타포스 레브라,localization/korean/map/states_l_korean.yml,966
STATE_YUSTAPOXH_RIOHVTAH,korean,0,유스타포스 리오브타,localization/korean/map/states_l_korean.yml,967
STATE_NARDENSTIAH,korean,0,나르덴스티아,localization/korean/map/states_l_korean.yml,968
STATE_VEEHSNIAH,korean,0,베에스니아,localization/korean/map/states_l_korean.yml,969
STATE_KHROSTIAH,korean,0,크로스티아,localization/korean/map/states_l_korean.yml,970
STATE_DEILRATINYA,korean,0,데일라티냐,localization/korean/map/states_l_korean.yml,971
STATE_PORTUDESA,korean,0,포르투데사,localization/korean/map/states_l_korean.yml,972
STATE_NAINSTUTH,korean,0,나인스투트,localization/korean/map/states_l_korean.yml,973
STATE_INTAVHRANYA,korean,0,인타브라냐,localization/korean/map/states_l_korean.yml,974
STATE_AIXH_TEIVRANYA,korean,0,아이스 테이브라냐,localization/korean/map/states_l_korean.yml,975
STATE_PORTE_DE_XHEIAN,korean,0,포르테 데 셰이안,localization/korean/map/states_l_korean.yml,976
STATE_RITOSKANYA,korean,0,리토스카냐,localization/korean/map/states_l_korean.yml,977
STATE_EINSPAKTH,korean,0,에인스팍트,localization/korean/map/states_l_korean.yml,978
STATE_KAIVELZIEN,korean,0,카이벨지엔,localization/korean/map/states_l_korean.yml,979
STATE_SHUROZIEN,korean,0,슈로지엔,localization/korean/map/states_l_korean.yml,980
STATE_KEIGENSPANTH,korean,0,케이겐스판트,localization/korean/map/states_l_korean.yml,981
STATE_RUTOXHISKA,korean,0,루토시스카,localization/korean/map/states_l_korean.yml,982
STATE_KAIVXISTANYA,korean,0,카이브시스타냐,localization/korean/map/states_l_korean.yml,983
STATE_PARTEM_DE_ESTANYA,korean,0,파르템 데 에스타냐,localization/korean/map/states_l_korean.yml,984
STATE_INTOPELZIEN,korean,0,인토펠지엔,localization/korean/map/states_l_korean.yml,985
STATE_ZEIPELZETH,korean,0,제이펠제트,localization/korean/map/states_l_korean.yml,986
STATE_KASA_DE_ARVAHN,korean,0,카사 데 아르반,localization/korean/map/states_l_korean.yml,987
STATE_SAIKALRATAH,korean,0,사이칼라타,localization/korean/map/states_l_korean.yml,988
STATE_HOVHRATAH,korean,0,호브라타,localization/korean/map/states_l_korean.yml,989
STATE_NORDAN_XHEIAN,korean,0,노르단 셰이안,localization/korean/map/states_l_korean.yml,990
STATE_KAIVRANTANSTAH,korean,0,카이브란탄스타,localization/korean/map/states_l_korean.yml,991
STATE_OVRASKANYA,korean,0,오브라스카냐,localization/korean/map/states_l_korean.yml,992
STATE_INDETENRUTH,korean,0,인데텐루트,localization/korean/map/states_l_korean.yml,993
STATE_KASTALRATEN,korean,0,카스탈라텐,localization/korean/map/states_l_korean.yml,994
STATE_RAIVARDEHN,korean,0,라이바르덴,localization/korean/map/states_l_korean.yml,995
STATE_AIOHDOLRAXH,korean,0,아이오돌라스,localization/korean/map/states_l_korean.yml,996
STATE_KISEL_DE_RAAHVHDAH,korean,0,키셀 데 라아브다,localization/korean/map/states_l_korean.yml,997
STATE_NORDENSIUXH,korean,0,노르덴시우스,localization/korean/map/states_l_korean.yml,998
STATE_PARTENSEMAN,korean,0,파르텐세만,localization/korean/map/states_l_korean.yml,999
STATE_KIPUSTANCZAH,korean,0,키푸스탄차,localization/korean/map/states_l_korean.yml,1000
STATE_HYUSTELRANTH,korean,0,휴스텔란트,localization/korean/map/states_l_korean.yml,1001
STATE_DARDAHNSIUXH,korean,0,다르단시우스,localization/korean/map/states_l_korean.yml,1002
STATE_KISTANVARTANAH,korean,0,키스탄바르타나,localization/korean/map/states_l_korean.yml,1003
STATE_IUSTALRANYA,korean,0,이우스탈라냐,localization/korean/map/states_l_korean.yml,1004
STATE_AIODORANYA,korean,0,아이오도라냐,localization/korean/map/states_l_korean.yml,1005
STATE_KEPATALRANYA,korean,0,케파탈라냐,localization/korean/map/states_l_korean.yml,1006
STATE_ROVTEIVHRANYA,korean,0,로브테이브라냐,localization/korean/map/states_l_korean.yml,1007
STATE_DAIRIOVHTAH,korean,0,다이리오브타,localization/korean/map/states_l_korean.yml,1008
STATE_OIPUTANCZAH,korean,0,오이푸탄차,localization/korean/map/states_l_korean.yml,1009
STATE_KAIN_DE_RASNAH,korean,0,카인 데 라스나,localization/korean/map/states_l_korean.yml,1010
STATE_NOVOAISTANCZAH,korean,0,노보아이스탄차,localization/korean/map/states_l_korean.yml,1011
STATE_RUSVELRATARH,korean,0,루스벨라타르,localization/korean/map/states_l_korean.yml,1012
STATE_EIVHRALTARH,korean,0,에이브랄타르,localization/korean/map/states_l_korean.yml,1013
STATE_INTOSISKANTH,korean,0,인토시스칸트,localization/korean/map/states_l_korean.yml,1014
STATE_USTANVARTANAH,korean,0,우스탄바르타나,localization/korean/map/states_l_korean.yml,1015
STATE_ONTORUMEXH,korean,0,온토루메스,localization/korean/map/states_l_korean.yml,1016
STATE_PORTU_DE_HASARH,korean,0,포르투 데 하사르,localization/korean/map/states_l_korean.yml,1017
STATE_DYURHDALRANTH,korean,0,듀르달란트,localization/korean/map/states_l_korean.yml,1018
STATE_TASCZRIUH,korean,0,타스츠리우,localization/korean/map/states_l_korean.yml,1019
STATE_GARSHINCZISTAH,korean,0,가르신치스타,localization/korean/map/states_l_korean.yml,1020
STATE_KENTAIMVILRAH,korean,0,켄타임빌라,localization/korean/map/states_l_korean.yml,1021
STATE_KAPVELRANZAH,korean,0,캅벨란자,localization/korean/map/states_l_korean.yml,1022
STATE_INDORSHIA,korean,0,인도르시아,localization/korean/map/states_l_korean.yml,1025
STATE_KURSTAL,korean,0,쿠르스탈,localization/korean/map/states_l_korean.yml,1026
STATE_SEILRUVILRANIAH,korean,0,세일루빌라니아,localization/korean/map/states_l_korean.yml,1027
STATE_RUVXSEVLRAHN,korean,0,루브스세블란,localization/korean/map/states_l_korean.yml,1028
STATE_KEAHSEVLRAHN,korean,0,케아세블란,localization/korean/map/states_l_korean.yml,1029
STATE_RAISVANTIYUEM,korean,0,라이스반티움,localization/korean/map/states_l_korean.yml,1030
STATE_KOVRATANTIYUEM,korean,0,코브라탄티움,localization/korean/map/states_l_korean.yml,1031
STATE_AISPANTATIYUEM,korean,0,아이스판타티움,localization/korean/map/states_l_korean.yml,1032
STATE_INDERTENZIOLRADH,korean,0,인데르텐지올라드,localization/korean/map/states_l_korean.yml,1033
STATE_VESTALRINGRAD,korean,0,베스탈린그라드,localization/korean/map/states_l_korean.yml,1034
STATE_OISTANTIYUEM,korean,0,오이스탄티움,localization/korean/map/states_l_korean.yml,1035
STATE_VENSTANTIYUEM,korean,0,벤스탄티움,localization/korean/map/states_l_korean.yml,1036
STATE_KASHUTHAIM,korean,0,카슈트하임,localization/korean/map/states_l_korean.yml,1037
STATE_SAVARNANCZATH,korean,0,사바르난차트,localization/korean/map/states_l_korean.yml,1038
STATE_NIYULRUHNTANTANIAH,korean,0,니율룬탄타니아,localization/korean/map/states_l_korean.yml,1039
STATE_MYUSELRATANTIYUEM,korean,0,뮤셀라탄티움,localization/korean/map/states_l_korean.yml,1040
STATE_KAENHAIMTS,korean,0,카엔하임츠,localization/korean/map/states_l_korean.yml,1041
STATE_RUTOSTALRANYA,korean,0,루토스탈라냐,localization/korean/map/states_l_korean.yml,1042
STATE_KONSTALRANIYUEM,korean,0,콘스탈라니움,localization/korean/map/states_l_korean.yml,1043
STATE_KAINHANSLRANTH,korean,0,카인한슬란트,localization/korean/map/states_l_korean.yml,1044
STATE_HEILRUNANXHIA,korean,0,헤일루난시아,localization/korean/map/states_l_korean.yml,1045
STATE_DERLRAHMXHIUS,korean,0,데를람시우스,localization/korean/map/states_l_korean.yml,1046
STATE_PEDHRELTIYUEM,korean,0,페드렐티움,localization/korean/map/states_l_korean.yml,1047
STATE_YALRARUTH,korean,0,얄라루트,localization/korean/map/states_l_korean.yml,1048
STATE_MAINSTSELRAH,korean,0,마인스첼라,localization/korean/map/states_l_korean.yml,1049
STATE_KIVORSTANCZAH,korean,0,키보르스탄차,localization/korean/map/states_l_korean.yml,1050
STATE_AVHHALRANIAH,korean,0,아브할라니아,localization/korean/map/states_l_korean.yml,1051
STATE_KINKALRUSANTACZAH,korean,0,킨칼루산타차,localization/korean/map/states_l_korean.yml,1052
STATE_TYUITENXHIYUEM,korean,0,튜이텐시움,localization/korean/map/states_l_korean.yml,1053
STATE_VEILRASTANIAH,korean,0,베일라스타니아,localization/korean/map/states_l_korean.yml,1054
STATE_OSTHINDORSHIA,korean,0,오스트인도르시아,localization/korean/map/states_l_korean.yml,1055
STATE_MARGADANTH,korean,0,마르가단트,localization/korean/map/states_l_korean.yml,1056
STATE_ORHVORHDAHN,korean,0,오르보르단,localization/korean/map/states_l_korean.yml,1057
STATE_KOLROVHDAH,korean,0,콜로브다,localization/korean/map/states_l_korean.yml,1058
STATE_RUVELRIELRANTH,korean,0,루벨리엘란트,localization/korean/map/states_l_korean.yml,1059
STATE_VESPUTALCZAH,korean,0,베스푸탈차,localization/korean/map/states_l_korean.yml,1060
STATE_OPOSTALCZAH,korean,0,오포스탈차,localization/korean/map/states_l_korean.yml,1061
STATE_KARDANCZAH,korean,0,카르단차,localization/korean/map/states_l_korean.yml,1062
STATE_KOLRANTRANIAH,korean,0,콜란트라니아,localization/korean/map/states_l_korean.yml,1063
STATE_PELRATEMTH,korean,0,펠라템트,localization/korean/map/states_l_korean.yml,1064
STATE_KINTAEHVLRANTH,korean,0,킨타에블랑트,localization/korean/map/states_l_korean.yml,1065
STATE_KUPHSTALRACZAH,korean,0,쿠프스탈라차,localization/korean/map/states_l_korean.yml,1066
STATE_EPLRATALTZ,korean,0,에플라탈츠,localization/korean/map/states_l_korean.yml,1067
STATE_GLRUDERN,korean,0,글루데른,localization/korean/map/states_l_korean.yml,1068
STATE_SIODOLRANTAXHIA,korean,0,시오돌란타시아,localization/korean/map/states_l_korean.yml,1069
STATE_REVANUSTALRIYA,korean,0,레바누스탈리야,localization/korean/map/states_l_korean.yml,1070
STATE_INDANSIONS,korean,0,인단시온스,localization/korean/map/states_l_korean.yml,1071
STATE_GALRIERDANXHIA,korean,0,갈리에르단시아,localization/korean/map/states_l_korean.yml,1072
STATE_RADHKASHA,korean,0,라드카샤,localization/korean/map/states_l_korean.yml,1073
STATE_ROVONORXHIYA,korean,0,로보노르시야,localization/korean/map/states_l_korean.yml,1074
STATE_ELRADHRUHN,korean,0,엘라드룬,localization/korean/map/states_l_korean.yml,1075
STATE_KENSTARCZAH,korean,0,켄스타르차,localization/korean/map/states_l_korean.yml,1076
STATE_RIXHULRIENTH,korean,0,리슐리엔트,localization/korean/map/states_l_korean.yml,1077
STATE_SAIRODANSHA,korean,0,사이로단샤,localization/korean/map/states_l_korean.yml,1078
STATE_ENDERHDAVROSHA,korean,0,엔데르다브로샤,localization/korean/map/states_l_korean.yml,1079
STATE_RIUDANCZAH,korean,0,리우단차,localization/korean/map/states_l_korean.yml,1080
STATE_KAIVENDIRATH,korean,0,카이벤디라트,localization/korean/map/states_l_korean.yml,1081
STATE_DARVAESELRAM,korean,0,다르바에셀람,localization/korean/map/states_l_korean.yml,1084
STATE_NIRVAHNDESLRANTH,korean,0,니르반데슬란트,localization/korean/map/states_l_korean.yml,1085
STATE_KANTAIVEHNSELRAM,korean,0,칸타이벤셀람,localization/korean/map/states_l_korean.yml,1086
STATE_RIODORHPALRANKA,korean,0,리오도르팔랑카,localization/korean/map/states_l_korean.yml,1087
STATE_RUSHEVELRANTH,korean,0,루스에벨란트,localization/korean/map/states_l_korean.yml,1088
STATE_KINCZEIVELRAKAHN,korean,0,킨체이벨라칸,localization/korean/map/states_l_korean.yml,1089
STATE_KINTAVALRERADAH,korean,0,킨타발레라다,localization/korean/map/states_l_korean.yml,1090
STATE_KUSRAIVELRAHM,korean,0,쿠스라이벨람,localization/korean/map/states_l_korean.yml,1091
STATE_RAHAVELRADAHN,korean,0,라하벨라단,localization/korean/map/states_l_korean.yml,1092
STATE_AKAELRUDAHN,korean,0,아카엘루단,localization/korean/map/states_l_korean.yml,1093
STATE_NILRUDANTS,korean,0,닐루단츠,localization/korean/map/states_l_korean.yml,1094
STATE_SILRYUDEANTS,korean,0,실류데안츠,localization/korean/map/states_l_korean.yml,1095
STATE_ROSTONDELRANYA,korean,0,로스톤델라냐,localization/korean/map/states_l_korean.yml,1096
STATE_HAPRIERDAH,korean,0,합리에르다,localization/korean/map/states_l_korean.yml,1097
STATE_PAIENSNIAH,korean,0,파이엔스니아,localization/korean/map/states_l_korean.yml,1098
STATE_DIYULRIVELRANTH,korean,0,디율리벨란트,localization/korean/map/states_l_korean.yml,1099
STATE_ATZELRANTO,korean,0,아첼란토,localization/korean/map/states_l_korean.yml,1100
STATE_KAIVANTANGRAD,korean,0,카이반탄그라드,localization/korean/map/states_l_korean.yml,1101
STATE_RIESELRANTO,korean,0,리에셀란토,localization/korean/map/states_l_korean.yml,1102
STATE_RUNALRENANTZATH,korean,0,루날레난차트,localization/korean/map/states_l_korean.yml,1103
STATE_TAIRELZENPARTAH,korean,0,타이렐젠파르타,localization/korean/map/states_l_korean.yml,1104
STATE_ASITANTARU,korean,0,아시탄타루,localization/korean/map/states_l_korean.yml,1105
STATE_RUTAXHENTASA,korean,0,루타셴타사,localization/korean/map/states_l_korean.yml,1106
STATE_KAIHAIVAHN,korean,0,카이하이반,localization/korean/map/states_l_korean.yml,1107
STATE_KALRAIDANTAH,korean,0,칼라이단타,localization/korean/map/states_l_korean.yml,1108
STATE_AIVOLRUTAH,korean,0,아이볼루타,localization/korean/map/states_l_korean.yml,1109
STATE_RIKIVANSNACZAH,korean,0,리키반스나차,localization/korean/map/states_l_korean.yml,1110
STATE_KUSPELRAHAN,korean,0,쿠스펠라한,localization/korean/map/states_l_korean.yml,1111
STATE_HAIHELRAHUTAH,korean,0,하이헬라후타,localization/korean/map/states_l_korean.yml,1112
STATE_NIVELRANTACZ,korean,0,니벨란타츠,localization/korean/map/states_l_korean.yml,1113
STATE_NEIDALRANTZ,korean,0,네이달란츠,localization/korean/map/states_l_korean.yml,1114
STATE_KIEPH,korean,0,키에프,localization/korean/map/states_l_korean.yml,1115
STATE_RASKAPARTAN,korean,0,라스카파르탄,localization/korean/map/states_l_korean.yml,1116
STATE_HIDALRARANTS,korean,0,히달라란츠,localization/korean/map/states_l_korean.yml,1117
STATE_SAIVELRANTRAIAH,korean,0,사이벨란트라이아,localization/korean/map/states_l_korean.yml,1118
STATE_NAIYULRANTS,korean,0,나이율란츠,localization/korean/map/states_l_korean.yml,1119
STATE_NAIVANTOTS,korean,0,나이반토츠,localization/korean/map/states_l_korean.yml,1120
STATE_NAIDELREPH,korean,0,나이델레프,localization/korean/map/states_l_korean.yml,1121
STATE_VEEMENTH,korean,0,베에멘트,localization/korean/map/states_l_korean.yml,1122
STATE_INSZHULRETENVERKH,korean,0,인스쥴레텐베르크,localization/korean/map/states_l_korean.yml,1123
STATE_KOLROXHEL,korean,0,콜로셸,localization/korean/map/states_l_korean.yml,1124
STATE_KIELRASHUVDAH,korean,0,키엘라슈브다,localization/korean/map/states_l_korean.yml,1125
STATE_XHEIMANSTANCZAH,korean,0,셰이만스탄차,localization/korean/map/states_l_korean.yml,1126
STATE_INTORMANTH,korean,0,인토르만트,localization/korean/map/states_l_korean.yml,1127
STATE_KAPHKAZIYA,korean,0,카프카지야,localization/korean/map/states_l_korean.yml,1128
STATE_NARAVENVHDAH,korean,0,나라벤브다,localization/korean/map/states_l_korean.yml,1129
STATE_SETOSILRANTH,korean,0,세토실란트,localization/korean/map/states_l_korean.yml,1130
STATE_KAIVENTATH,korean,0,카이벤타트,localization/korean/map/states_l_korean.yml,1131
STATE_KORPINTS,korean,0,코르핀츠,localization/korean/map/states_l_korean.yml,1132
STATE_IORANTOTS,korean,0,이오란토츠,localization/korean/map/states_l_korean.yml,1133
STATE_RIOTOLRANTH,korean,0,리오톨란트,localization/korean/map/states_l_korean.yml,1134
STATE_NAIMANSKAYA,korean,0,나이만스카야,localization/korean/map/states_l_korean.yml,1135
STATE_NAIROVANIAH,korean,0,나이로바니아,localization/korean/map/states_l_korean.yml,1136
STATE_SARVANTALRANTH,korean,0,사르반탈란트,localization/korean/map/states_l_korean.yml,1137
STATE_DONTORIVELRIKAYA,korean,0,돈토리벨리카야,localization/korean/map/states_l_korean.yml,1138
STATE_KOVHRADELRANYA,korean,0,코브라델라냐,localization/korean/map/states_l_korean.yml,1139
STATE_RAIDONYA,korean,0,라이도냐,localization/korean/map/states_l_korean.yml,1140
STATE_RUSTANVELRIKAYA,korean,0,루스탄벨리카야,localization/korean/map/states_l_korean.yml,1141
STATE_KUPSKANTH,korean,0,쿱스칸트,localization/korean/map/states_l_korean.yml,1142
STATE_UKREINRANTH,korean,0,우크레인란트,localization/korean/map/states_l_korean.yml,1143
STATE_DONIAARVHUTH,korean,0,도니아아르뷰트,localization/korean/map/states_l_korean.yml,1144
STATE_NORVANTHNIAH,korean,0,노르반트니아,localization/korean/map/states_l_korean.yml,1145
STATE_DELRIARVHUTH,korean,0,델리아르뷰트,localization/korean/map/states_l_korean.yml,1146
STATE_INTORIVASKAYA,korean,0,인토리바스카야,localization/korean/map/states_l_korean.yml,1147
STATE_UNDRANDATH,korean,0,운드란다트,localization/korean/map/states_l_korean.yml,1148
STATE_RINTACZAHVERKH,korean,0,린타차베르크,localization/korean/map/states_l_korean.yml,1149
STATE_KIUYESTAH,korean,0,키우예스타,localization/korean/map/states_l_korean.yml,1150
STATE_RUERVANDORH,korean,0,루에르반도르,localization/korean/map/states_l_korean.yml,1151
STATE_KINTAINZIVELRAH,korean,0,킨타인지벨라,localization/korean/map/states_l_korean.yml,1152
STATE_MORTALRAZIAH,korean,0,모르탈라지아,localization/korean/map/states_l_korean.yml,1153
STATE_RUVASTANYA,korean,0,루바스타냐,localization/korean/map/states_l_korean.yml,1154
STATE_CZEHHNYA,korean,0,체흐냐,localization/korean/map/states_l_korean.yml,1155
STATE_KUTOXHIVLRANKA,korean,0,쿠토시블랑카,localization/korean/map/states_l_korean.yml,1156
STATE_YEREVANIAH,korean,0,예레바니아,localization/korean/map/states_l_korean.yml,1157
STATE_HARVANSK,korean,0,하르반스크,localization/korean/map/states_l_korean.yml,1158
STATE_INPUVLRANTH,korean,0,인푸블란트,localization/korean/map/states_l_korean.yml,1159
STATE_RIKUSDANSKA,korean,0,리쿠스단스카,localization/korean/map/states_l_korean.yml,1160
STATE_RUTAXHENTANYA,korean,0,루타셴타냐,localization/korean/map/states_l_korean.yml,1161
STATE_YERVESOUDEN,korean,0,예르베소우덴,localization/korean/map/states_l_korean.yml,1162
STATE_KATOXIE,korean,0,카토시에,localization/korean/map/states_l_korean.yml,1163
STATE_KATOVARCZE,korean,0,카토바르체,localization/korean/map/states_l_korean.yml,1164
STATE_ROVANSK,korean,0,로반스크,localization/korean/map/states_l_korean.yml,1165
STATE_RAIVRANTH,korean,0,라이브란트,localization/korean/map/states_l_korean.yml,1166
STATE_RAVENTELRINVERKH,korean,0,라벤텔린베르크,localization/korean/map/states_l_korean.yml,1167
STATE_PORTE_DE_SIUSLRAH,korean,0,포르테 데 시우슬라,localization/korean/map/states_l_korean.yml,1168
STATE_NARDANTANTH,korean,0,나르단탄트,localization/korean/map/states_l_korean.yml,1169
STATE_YARKANTENIAH,korean,0,야르칸테니아,localization/korean/map/states_l_korean.yml,1172
STATE_KURSPANCZELRIAH,korean,0,쿠르스판첼리아,localization/korean/map/states_l_korean.yml,1173
STATE_PELRIASTENEAH,korean,0,펠리아스테네아,localization/korean/map/states_l_korean.yml,1174
STATE_ERTSIRN,korean,0,에르치른,localization/korean/map/states_l_korean.yml,1175
STATE_KAFALRETSIRN,korean,0,카팔레치른,localization/korean/map/states_l_korean.yml,1176
STATE_RAVARHTSIRN,korean,0,라바르치른,localization/korean/map/states_l_korean.yml,1177
STATE_KURENSVATENEAH,korean,0,쿠렌스바테네아,localization/korean/map/states_l_korean.yml,1178
STATE_KAHHKUTA,korean,0,카흐쿠타,localization/korean/map/states_l_korean.yml,1179
STATE_NERVADANTH,korean,0,네르바단트,localization/korean/map/states_l_korean.yml,1180
STATE_SETOENVELRANKA,korean,0,세토엔벨란카,localization/korean/map/states_l_korean.yml,1181
STATE_AIVLRANKA,korean,0,아이블랑카,localization/korean/map/states_l_korean.yml,1182
STATE_SEIDERAKENTH,korean,0,세이데라켄트,localization/korean/map/states_l_korean.yml,1183
STATE_OSTVELRORANTH,korean,0,오스트벨로란트,localization/korean/map/states_l_korean.yml,1184
STATE_SAIDENZERHKELRANTH,korean,0,사이덴제르켈란트,localization/korean/map/states_l_korean.yml,1185
STATE_ASKENTANIAH,korean,0,아스켄타니아,localization/korean/map/states_l_korean.yml,1186
STATE_DELRASKAVAH,korean,0,델라스카바,localization/korean/map/states_l_korean.yml,1187
STATE_KUSDAKENTA,korean,0,쿠스다켄타,localization/korean/map/states_l_korean.yml,1188
STATE_DOVHROZELRANTH,korean,0,도브로젤란트,localization/korean/map/states_l_korean.yml,1189
STATE_NOVAKARUZIAH,korean,0,노바카루지아,localization/korean/map/states_l_korean.yml,1190
STATE_ZAIKARTANTH,korean,0,자이카르탄트,localization/korean/map/states_l_korean.yml,1191
STATE_SHURODENDELRANTH,korean,0,슈로덴델란트,localization/korean/map/states_l_korean.yml,1192
STATE_RIODORONARUTA,korean,0,리오도로나루타,localization/korean/map/states_l_korean.yml,1193
STATE_RESTAVELRANKA,korean,0,레스타벨랑카,localization/korean/map/states_l_korean.yml,1194
STATE_NAIDELKERVANTA,korean,0,나이델케르반타,localization/korean/map/states_l_korean.yml,1195
STATE_OSTRUEVELRANTH,korean,0,오스트루에벨란트,localization/korean/map/states_l_korean.yml,1196
STATE_ZYURHDELPALRANKA,korean,0,쥬르델팔랑카,localization/korean/map/states_l_korean.yml,1197
STATE_KELAHRZIUS,korean,0,켈아르지우스,localization/korean/map/states_l_korean.yml,1198
STATE_RUAKASRAVAH,korean,0,루아카스라바,localization/korean/map/states_l_korean.yml,1199
STATE_KILRAGEZINAH,korean,0,킬라게지나,localization/korean/map/states_l_korean.yml,1200
STATE_RAPASTANIAH,korean,0,라파스타니아,localization/korean/map/states_l_korean.yml,1201
STATE_RAIVENTANIAH,korean,0,라이벤타니아,localization/korean/map/states_l_korean.yml,1202
STATE_ROUDENKHRAXHIUS,korean,0,로우덴크라시우스,localization/korean/map/states_l_korean.yml,1203
STATE_RIUDANESA,korean,0,리우다네사,localization/korean/map/states_l_korean.yml,1204
STATE_OPELRADENSIUS,korean,0,오펠라덴시우스,localization/korean/map/states_l_korean.yml,1205
STATE_KAENVLRADAH,korean,0,카엔블라다,localization/korean/map/states_l_korean.yml,1206
STATE_NARDENSIUS,korean,0,나르덴시우스,localization/korean/map/states_l_korean.yml,1207
STATE_PALRAKHTAH,korean,0,팔라크타,localization/korean/map/states_l_korean.yml,1208
STATE_ZAIDELRURANTH,korean,0,자이델루란트,localization/korean/map/states_l_korean.yml,1209
STATE_CZAIVLRANTH,korean,0,차이블란트,localization/korean/map/states_l_korean.yml,1210
STATE_VERSTANTH,korean,0,베르스탄트,localization/korean/map/states_l_korean.yml,1211
STATE_AIVANRUTAH,korean,0,아이반루타,localization/korean/map/states_l_korean.yml,1212
STATE_OIDOLRANTH,korean,0,오이돌란트,localization/korean/map/states_l_korean.yml,1213
STATE_ELRIMELRATAH,korean,0,엘리멜라타,localization/korean/map/states_l_korean.yml,1214
STATE_TIESLRATAH,korean,0,티에슬라타,localization/korean/map/states_l_korean.yml,1215
STATE_SIRVELRUTAH,korean,0,시스벨루타,localization/korean/map/states_l_korean.yml,1216
STATE_TESTARUTAH,korean,0,테스타루타,localization/korean/map/states_l_korean.yml,1217
STATE_KOVORUTAH,korean,0,코보루타,localization/korean/map/states_l_korean.yml,1218
STATE_KASPOTLCZAH,korean,0,카스포틀차,localization/korean/map/states_l_korean.yml,1221
STATE_ELRIARYURHDAH,korean,0,엘리아류르다,localization/korean/map/states_l_korean.yml,1222
STATE_RULRASTANCZAH,korean,0,룰라스탄차,localization/korean/map/states_l_korean.yml,1223
STATE_KOSPORANTH,korean,0,코스포란트,localization/korean/map/states_l_korean.yml,1224
STATE_IOLRANINTH,korean,0,이올라닌트,localization/korean/map/states_l_korean.yml,1225
STATE_PORTE_DE_AKRAXHION,korean,0,포르테 데 아크라시온,localization/korean/map/states_l_korean.yml,1226
STATE_NILRUAVHDAH,korean,0,닐루아브다,localization/korean/map/states_l_korean.yml,1227
STATE_KAIVELRODANTZ,korean,0,카이벨로단츠,localization/korean/map/states_l_korean.yml,1228
STATE_KINPHRANANXHINA,korean,0,킨프라난시나,localization/korean/map/states_l_korean.yml,1229
STATE_NIDETENKALROXHINAN,korean,0,니데텐칼로시난,localization/korean/map/states_l_korean.yml,1230
STATE_RUVELELHALRANTH,korean,0,루벨엘할란트,localization/korean/map/states_l_korean.yml,1231
STATE_KANTOVILREXHI,korean,0,칸토빌레시,localization/korean/map/states_l_korean.yml,1232
STATE_OILRASTANTH,korean,0,오일라스탄트,localization/korean/map/states_l_korean.yml,1233
STATE_RIBUNANASHI,korean,0,리부나나시,localization/korean/map/states_l_korean.yml,1234
STATE_KURVANSK,korean,0,쿠르반스크,localization/korean/map/states_l_korean.yml,1235
STATE_AUPHSK,korean,0,아우프스크,localization/korean/map/states_l_korean.yml,1236
STATE_INTOTARSHIN,korean,0,인토타르신,localization/korean/map/states_l_korean.yml,1237
STATE_SETOSILRIANUM,korean,0,세토실리아눔,localization/korean/map/states_l_korean.yml,1238
STATE_YULRARINIYUEM,korean,0,율라리니움,localization/korean/map/states_l_korean.yml,1239
STATE_YUSTANTIYUEM,korean,0,유스탄티움,localization/korean/map/states_l_korean.yml,1240
STATE_NIXIVELRANTH,korean,0,니시벨란트,localization/korean/map/states_l_korean.yml,1241
STATE_RUPAPOLRANCZAH,korean,0,루파폴란차,localization/korean/map/states_l_korean.yml,1242
STATE_OSTPOLRANTH,korean,0,오스트폴란트,localization/korean/map/states_l_korean.yml,1243
STATE_NELREIKANTZ,korean,0,넬레이칸츠,localization/korean/map/states_l_korean.yml,1244
STATE_OSTSHUREIKANTH,korean,0,오스트슈레이칸트,localization/korean/map/states_l_korean.yml,1245
STATE_NAIDELRANTZ,korean,0,나이델란츠,localization/korean/map/states_l_korean.yml,1246
STATE_AISPOLROTL,korean,0,아이스폴로틀,localization/korean/map/states_l_korean.yml,1249
STATE_YELREIVANTH,korean,0,옐레이반트,localization/korean/map/states_l_korean.yml,1250
STATE_XHEILRUVANSK,korean,0,셰일루반스크,localization/korean/map/states_l_korean.yml,1251
STATE_HAILRUXHIYUEM,korean,0,하일루시움,localization/korean/map/states_l_korean.yml,1252
STATE_CZEHKARVAHN,korean,0,체흐카르반,localization/korean/map/states_l_korean.yml,1253
STATE_ANDAILRUNIAH,korean,0,안다일루니아,localization/korean/map/states_l_korean.yml,1254
STATE_ZERVANIAH,korean,0,제르바니아,localization/korean/map/states_l_korean.yml,1255
STATE_OPOSHUROENCZAH,korean,0,오포슈로엔차,localization/korean/map/states_l_korean.yml,1256
STATE_SOVIENDATANTH,korean,0,소비엔다탄트,localization/korean/map/states_l_korean.yml,1257
STATE_ZERCZELRAVIAH,korean,0,제르첼라비아,localization/korean/map/states_l_korean.yml,1258
STATE_NYUOLRIVANTZ,korean,0,뉴올리반츠,localization/korean/map/states_l_korean.yml,1259
STATE_PELRIATZ,korean,0,펠리아츠,localization/korean/map/states_l_korean.yml,1260
STATE_NORTENXHIYUEM,korean,0,노르텐시움,localization/korean/map/states_l_korean.yml,1261
STATE_VESTSHUROKANCZAH,korean,0,베스트슈로칸차,localization/korean/map/states_l_korean.yml,1262
STATE_DEXHRANTHKA,korean,0,데스란트카,localization/korean/map/states_l_korean.yml,1263
STATE_SAIROLRUHNTA,korean,0,사이롤룬타,localization/korean/map/states_l_korean.yml,1264
STATE_ENDELRASHUREIKANTH,korean,0,엔델라슈레이칸트,localization/korean/map/states_l_korean.yml,1265
STATE_MAILRUTANTH,korean,0,마일루탄트,localization/korean/map/states_l_korean.yml,1266
STATE_GERMALRINTH,korean,0,게르말린트,localization/korean/map/states_l_korean.yml,1267
STATE_RUXHELRANIAH,korean,0,루스엘라니아,localization/korean/map/states_l_korean.yml,1268
STATE_NIRELRIANCZAL,korean,0,니렐리안찰,localization/korean/map/states_l_korean.yml,1269
STATE_ELRESTINVERKH,korean,0,엘레스틴베르크,localization/korean/map/states_l_korean.yml,1270
STATE_KARVIHASHI,korean,0,카르비하시,localization/korean/map/states_l_korean.yml,1271
STATE_DOSTOYENDAVISHI,korean,0,도스토옌다비시,localization/korean/map/states_l_korean.yml,1272
STATE_HAIENDELRAKANTH,korean,0,하이엔델라칸트,localization/korean/map/states_l_korean.yml,1273
STATE_NURVANDEARKA,korean,0,누르반데아르카,localization/korean/map/states_l_korean.yml,1274
STATE_SAIDELRANIOTS,korean,0,사이델라니오츠,localization/korean/map/states_l_korean.yml,1275
STATE_PAIFALRANTA,korean,0,파이팔란타,localization/korean/map/states_l_korean.yml,1276
STATE_RAHADENSUS,korean,0,라하덴수스,localization/korean/map/states_l_korean.yml,1277
STATE_ILKASUS,korean,0,일카수스,localization/korean/map/states_l_korean.yml,1278
STATE_KUPHSHALTZ,korean,0,쿠프스할츠,localization/korean/map/states_l_korean.yml,1279
STATE_RAIDALRANTZ,korean,0,라이달란츠,localization/korean/map/states_l_korean.yml,1280
STATE_KIPOSTORENTH,korean,0,키포스토렌트,localization/korean/map/states_l_korean.yml,1281
STATE_NAIDETENHARTZ,korean,0,나이데텐하르츠,localization/korean/map/states_l_korean.yml,1282
STATE_ENSTADORH,korean,0,엔스타도르,localization/korean/map/states_l_korean.yml,1283
STATE_KOPRHANS,korean,0,코프르한스,localization/korean/map/states_l_korean.yml,1284
STATE_ROPHSKU,korean,0,로프스쿠,localization/korean/map/states_l_korean.yml,1285
STATE_KONSPALRATIYUEM,korean,0,콘스팔라티움,localization/korean/map/states_l_korean.yml,1286
STATE_AILRUUENTH,korean,0,아일루우엔트,localization/korean/map/states_l_korean.yml,1287
STATE_AUSHELRAPENTH,korean,0,아우스헬라판트,localization/korean/map/states_l_korean.yml,1288
STATE_SHUSTANTIYUEM,korean,0,슈스탄티움,localization/korean/map/states_l_korean.yml,1289
STATE_KANTAVELRANTH,korean,0,칸타벨란트,localization/korean/map/states_l_korean.yml,1290
STATE_ZAFIANHELRAFANTH,korean,0,자피안헬라판트,localization/korean/map/states_l_korean.yml,1291
STATE_OSTHELRAFANTH,korean,0,오스트헬라판트,localization/korean/map/states_l_korean.yml,1292
STATE_STAINANTUTH,korean,0,스타이난투트,localization/korean/map/states_l_korean.yml,1293
STATE_ROPHTOENCZAH,korean,0,로프토엠차,localization/korean/map/states_l_korean.yml,1294
STATE_INSTOEMTANTH,korean,0,인스토엠탄트,localization/korean/map/states_l_korean.yml,1295
STATE_OVELRANANTH,korean,0,오벨라난트,localization/korean/map/states_l_korean.yml,1296
STATE_KIVELRAHASHI,korean,0,키벨라하시,localization/korean/map/states_l_korean.yml,1297
STATE_SEARILDENANTH,korean,0,세아릴데난트,localization/korean/map/states_l_korean.yml,1298
STATE_KELRUVAINHASHI,korean,0,켈루바인하시,localization/korean/map/states_l_korean.yml,1299
STATE_NAISTALRAHM,korean,0,나이스탈람,localization/korean/map/states_l_korean.yml,1300
STATE_SORSTAMTH,korean,0,소르스탐트,localization/korean/map/states_l_korean.yml,1301
STATE_ONDORELRIXHIYUEM,korean,0,온도렐리시움,localization/korean/map/states_l_korean.yml,1302
STATE_KAVOTAHASHI,korean,0,카보타하시,localization/korean/map/states_l_korean.yml,1303
STATE_AINDARHXHIYUEM,korean,0,아인다르시움,localization/korean/map/states_l_korean.yml,1304
STATE_OLRORADONAHASHI,korean,0,올로라도나하시,localization/korean/map/states_l_korean.yml,1305
STATE_PORTE_DE_ARKAXHIUS,korean,0,포르테 데 아르카시우스,localization/korean/map/states_l_korean.yml,1306
STATE_EASATAH,korean,0,에아사타,localization/korean/map/states_l_korean.yml,1309
STATE_MHULRATAH,korean,0,뮬라타,localization/korean/map/states_l_korean.yml,1310
STATE_USAKOTAH,korean,0,우사코타,localization/korean/map/states_l_korean.yml,1311
STATE_KIVELRUTAH,korean,0,키벨루타,localization/korean/map/states_l_korean.yml,1312
STATE_KIPHRULRU,korean,0,키프룰루,localization/korean/map/states_l_korean.yml,1313
STATE_IORELTAH,korean,0,이오렐타,localization/korean/map/states_l_korean.yml,1314
STATE_VAIODOL,korean,0,바이오돌,localization/korean/map/states_l_korean.yml,1315
STATE_NARVELTAH,korean,0,나르벨타,localization/korean/map/states_l_korean.yml,1316
STATE_ZARTANRUTAH,korean,0,자르탄루타,localization/korean/map/states_l_korean.yml,1317
STATE_ENVOIDARH,korean,0,엔보이다르,localization/korean/map/states_l_korean.yml,1318
STATE_YURKEVAHA,korean,0,유르케바하,localization/korean/map/states_l_korean.yml,1319
STATE_RAIHANSKANTZ,korean,0,라이한스칸츠,localization/korean/map/states_l_korean.yml,1320
STATE_RITOPHCZELRANTH,korean,0,리토프첼란트,localization/korean/map/states_l_korean.yml,1321
STATE_RAIMAKANTAH,korean,0,라이마칸타,localization/korean/map/states_l_korean.yml,1322
STATE_RINTODEMONTA,korean,0,린토데몬타,localization/korean/map/states_l_korean.yml,1323
STATE_OSTEMONTA,korean,0,오스테몬타,localization/korean/map/states_l_korean.yml,1324
STATE_KINTARIVLRANUS,korean,0,킨타리블라누스,localization/korean/map/states_l_korean.yml,1325
STATE_NOVOELRUNYACZAH,korean,0,노보엘루냐차,localization/korean/map/states_l_korean.yml,1326
STATE_CASA_DE_REVLRANCZAH,korean,0,카사 데 레블란차,localization/korean/map/states_l_korean.yml,1327
STATE_RUSTELRAVANTH,korean,0,루스텔라반트,localization/korean/map/states_l_korean.yml,1328
STATE_RUHASPENTATZ,korean,0,쿠하스펜타츠,localization/korean/map/states_l_korean.yml,1329
STATE_OSTAN_KARYUENDELRHATANIAH,korean,0,오스탄 카류엔델라타니아,localization/korean/map/states_l_korean.yml,1330
STATE_RUVNAMAYES,korean,0,루브나마예스,localization/korean/map/states_l_korean.yml,1331
STATE_VARZANEYETZ,korean,0,바르자네예츠,localization/korean/map/states_l_korean.yml,1332
STATE_XHAIVELVAHAN,korean,0,샤이벨바한,localization/korean/map/states_l_korean.yml,1333
STATE_ZORDENVIKH,korean,0,조르덴비크,localization/korean/map/states_l_korean.yml,1334
STATE_KUVLRAJYAEL,korean,0,쿠블라쟈엘,localization/korean/map/states_l_korean.yml,1335
STATE_INDORJYAEL,korean,0,인도르쟈엘,localization/korean/map/states_l_korean.yml,1336
STATE_KABASIAEL,korean,0,카바시아엘,localization/korean/map/states_l_korean.yml,1337
STATE_HENDOSHI,korean,0,헨도시,localization/korean/map/states_l_korean.yml,1338
STATE_RAIHADONEL,korean,0,라이하도넬,localization/korean/map/states_l_korean.yml,1339
STATE_SHULRANDONEL,korean,0,슐란도넬,localization/korean/map/states_l_korean.yml,1340
STATE_KIPHSTU,korean,0,키프스투,localization/korean/map/states_l_korean.yml,1341
STATE_RIVRAJYAEL,korean,0,리브라쟈엘,localization/korean/map/states_l_korean.yml,1342
STATE_IVAROSAN,korean,0,이바로산,localization/korean/map/states_l_korean.yml,1343
STATE_KOSTANSJYAEL,korean,0,코스탄스쟈엘,localization/korean/map/states_l_korean.yml,1344
STATE_AHALRASIYA,korean,0,아할라시야,localization/korean/map/states_l_korean.yml,1345
STATE_NARDETENSIYA,korean,0,나르데텐시야,localization/korean/map/states_l_korean.yml,1346
STATE_SAITONTASIYA,korean,0,사이톤타시야,localization/korean/map/states_l_korean.yml,1347
STATE_HETENXHAGA,korean,0,헤텐샤가,localization/korean/map/states_l_korean.yml,1348
STATE_PORTE_LA_CASA_DE_OVIENDERLRANTH,korean,0,포르테 라 카사 데 오비엔데를란트,localization/korean/map/states_l_korean.yml,1349
STATE_NAILRUVAGA,korean,0,나일루바가,localization/korean/map/states_l_korean.yml,1350
STATE_KASLRAVAGA,korean,0,카슬라바가,localization/korean/map/states_l_korean.yml,1351
STATE_CASA_DE_RUVANYA,korean,0,카사 데 루바냐,localization/korean/map/states_l_korean.yml,1352
STATE_PORTU_DE_RIVLRANTH,korean,0,포르투 데 리블란트,localization/korean/map/states_l_korean.yml,1353
STATE_SISTANIANTH,korean,0,시스타니안트,localization/korean/map/states_l_korean.yml,1354
STATE_INTALRUKA,korean,0,인탈루카,localization/korean/map/states_l_korean.yml,1355
STATE_KAMPALRAZIA,korean,0,캄팔라지아,localization/korean/map/states_l_korean.yml,1356
STATE_YURASIUS,korean,0,유라시우스,localization/korean/map/states_l_korean.yml,1357
STATE_ZEILRUDANIAH,korean,0,제일루다니아,localization/korean/map/states_l_korean.yml,1358
STATE_IKILRONTANTANIAH,korean,0,이킬론탄타니아,localization/korean/map/states_l_korean.yml,1359
STATE_NARVANXHESL,korean,0,나르반셰슬,localization/korean/map/states_l_korean.yml,1360
STATE_NUVELRON_KAIRONIAH,korean,0,누벨론 카이로니아,localization/korean/map/states_l_korean.yml,1361
STATE_KASIOLRANDE,korean,0,카시올란데,localization/korean/map/states_l_korean.yml,1362
STATE_NORENYARGA,korean,0,노렌야르가,localization/korean/map/states_l_korean.yml,1363
STATE_RAVARHDANTHCZAH,korean,0,라바르단트차,localization/korean/map/states_l_korean.yml,1364
STATE_SOVDANVERKAN,korean,0,소브단베르칸,localization/korean/map/states_l_korean.yml,1365
STATE_NORDANTH_KARYUENDELRHATANIAH,korean,0,노르단트 카류엔델라타니아,localization/korean/map/states_l_korean.yml,1366
STATE_INSPELVBUEL,korean,0,인스펠부엘,localization/korean/map/states_l_korean.yml,1367
STATE_KANTOPLRANAEL,korean,0,칸토플라나엘,localization/korean/map/states_l_korean.yml,1368
STATE_XHESILRUVATH,korean,0,셰실루바트,localization/korean/map/states_l_korean.yml,1369
STATE_SANTEKRISMONTE,korean,0,산테크리스몬테,localization/korean/map/states_l_korean.yml,1370
STATE_IRUVAHAN,korean,0,이루바한,localization/korean/map/states_l_korean.yml,1371
STATE_DELRAIVAHAN,korean,0,델라이바한,localization/korean/map/states_l_korean.yml,1372
STATE_SAIVALRAHANTH,korean,0,사이발라한트,localization/korean/map/states_l_korean.yml,1373
STATE_ROSPOTOEMTH,korean,0,로스포토엠트,localization/korean/map/states_l_korean.yml,1374
STATE_ENDEKARSA,korean,0,엔데카르사,localization/korean/map/states_l_korean.yml,1375
STATE_INSTULRANTH,korean,0,인스툴란트,localization/korean/map/states_l_korean.yml,1376
STATE_CASA_DE_ASARUTAH,korean,0,카사 데 아사루타,localization/korean/map/states_l_korean.yml,1377
STATE_KANSTALRANIAH,korean,0,칸스탈라니아,localization/korean/map/states_l_korean.yml,1378
STATE_ONSOLVERKH,korean,0,온솔베르크,localization/korean/map/states_l_korean.yml,1379
STATE_KUPHSLRATANIAH,korean,0,쿠프슬라타니아,localization/korean/map/states_l_korean.yml,1380
STATE_TRIFELRANTANIAH,korean,0,트리펠란타니아,localization/korean/map/states_l_korean.yml,1381
STATE_ZAFIAN_KARYUENDELRHATANIAH,korean,0,자피안 카류엔델라타니아,localization/korean/map/states_l_korean.yml,1382
STATE_KANTALRUNTH,korean,0,칸탈룬트,localization/korean/map/states_l_korean.yml,1383
STATE_SHUSTOVAHAN,korean,0,슈스토바한,localization/korean/map/states_l_korean.yml,1384
STATE_KINTARHZENRANTH,korean,0,킨타르젠란트,localization/korean/map/states_l_korean.yml,1385
STATE_DYUSELRANTH,korean,0,듀셀란트,localization/korean/map/states_l_korean.yml,1386
STATE_RODANRANTH,korean,0,로단란트,localization/korean/map/states_l_korean.yml,1387
STATE_KARTSALRAMANTH,korean,0,카르찰라만트,localization/korean/map/states_l_korean.yml,1388
STATE_DEVHILRASNATA,korean,0,데브일라스나타,localization/korean/map/states_l_korean.yml,1389
STATE_PORTU_DE_SOVIENDELRANTH,korean,0,포르투 데 소비엔델란트,localization/korean/map/states_l_korean.yml,1390
STATE_OPOSRAH,korean,0,오포스라,localization/korean/map/states_l_korean.yml,1391
STATE_RIUPENTARAH,korean,0,리우펜타라,localization/korean/map/states_l_korean.yml,1392
STATE_SISPENTARAH,korean,0,시스펜타라,localization/korean/map/states_l_korean.yml,1393
STATE_OKOTARUTA,korean,0,오코타루타,localization/korean/map/states_l_korean.yml,1394
STATE_DINDURANHIMA,korean,0,딘두란히마,localization/korean/map/states_l_korean.yml,1395
STATE_RIEVALPEYU,korean,0,리에발페유,localization/korean/map/states_l_korean.yml,1396
STATE_RINDAONPEYU,korean,0,린다온페유,localization/korean/map/states_l_korean.yml,1397
STATE_KESPATAYU,korean,0,케스파타유,localization/korean/map/states_l_korean.yml,1398
STATE_KUSPUTANTAYU,korean,0,쿠스푸탄타유,localization/korean/map/states_l_korean.yml,1399
STATE_NUEVANDATARH,korean,0,누에반다타르,localization/korean/map/states_l_korean.yml,1400
STATE_RISILRANTARH,korean,0,리실란타르,localization/korean/map/states_l_korean.yml,1401
STATE_RAIVALRANDATARH,korean,0,라이발란다타르,localization/korean/map/states_l_korean.yml,1402
STATE_DOTAXHEMAN,korean,0,도타셰만,localization/korean/map/states_l_korean.yml,1403
STATE_KUPAXHEMAN,korean,0,쿠파셰만,localization/korean/map/states_l_korean.yml,1404
STATE_DOPLRANHIMA,korean,0,도플란히마,localization/korean/map/states_l_korean.yml,1405
STATE_KIPLRAHIMA,korean,0,키플라히마,localization/korean/map/states_l_korean.yml,1406
STATE_ENDARUTAH,korean,0,엔다루타,localization/korean/map/states_l_korean.yml,1407
STATE_HAPARUTA,korean,0,하파루타,localization/korean/map/states_l_korean.yml,1408
STATE_SERPALRUTAH,korean,0,세르팔루타,localization/korean/map/states_l_korean.yml,1409
STATE_KUPALRURUTAH,korean,0,쿠팔루루타,localization/korean/map/states_l_korean.yml,1410
STATE_ZARFARUTAH,korean,0,자르파루타,localization/korean/map/states_l_korean.yml,1411
STATE_RUNERANTH,korean,0,루네란트,localization/korean/map/states_l_korean.yml,1414
STATE_IONERANTH,korean,0,이오네란트,localization/korean/map/states_l_korean.yml,1415
STATE_AIVELRENNERANTH,korean,0,아이벨렌네란트,localization/korean/map/states_l_korean.yml,1416
STATE_KUSPELNERANTH,korean,0,쿠스펠네란트,localization/korean/map/states_l_korean.yml,1417
STATE_RIODOMELRANTH,korean,0,리오도멜란트,localization/korean/map/states_l_korean.yml,1418
STATE_AIYUTS,korean,0,아이유츠,localization/korean/map/states_l_korean.yml,1419
STATE_ENTSELRANENTH,korean,0,엔첼라넨트,localization/korean/map/states_l_korean.yml,1420
STATE_NOXHTAKOTERH,korean,0,노스타코테르,localization/korean/map/states_l_korean.yml,1421
STATE_KESAKUDA,korean,0,케사쿠다,localization/korean/map/states_l_korean.yml,1422
STATE_SAIZEHN,korean,0,사이젠,localization/korean/map/states_l_korean.yml,1423
STATE_IROVDAH,korean,0,이로브다,localization/korean/map/states_l_korean.yml,1424
STATE_VADANTANTH,korean,0,바단탄트,localization/korean/map/states_l_korean.yml,1425
STATE_RAVHTELMELRANTH,korean,0,라브텔멜란트,localization/korean/map/states_l_korean.yml,1426
STATE_AXHTANIAH,korean,0,아스타니아,localization/korean/map/states_l_korean.yml,1427
STATE_ERADELRYUTS,korean,0,에라델류츠,localization/korean/map/states_l_korean.yml,1428
STATE_KONSTANTANIAH,korean,0,콘스탄타니아,localization/korean/map/states_l_korean.yml,1429
STATE_IOPOXH,korean,0,이오포스,localization/korean/map/states_l_korean.yml,1430
STATE_KENTACZELRANTH,korean,0,켄타첼란트,localization/korean/map/states_l_korean.yml,1431
STATE_SAUPENHRUNELRANTH,korean,0,사우펜루넬란트,localization/korean/map/states_l_korean.yml,1432
STATE_SIZIPELRATH,korean,0,시지펠라트,localization/korean/map/states_l_korean.yml,1433
STATE_ANSUARAH,korean,0,안수아라,localization/korean/map/states_l_korean.yml,1434
STATE_YUELRAKOTAH,korean,0,유엘라코타,localization/korean/map/states_l_korean.yml,1435
STATE_INSELRHVENTARH,korean,0,인셀르벤타르,localization/korean/map/states_l_korean.yml,1436
STATE_KARVANATARH,korean,0,카르바나타르,localization/korean/map/states_l_korean.yml,1437
STATE_SAIROLKOTAH,korean,0,사이롤코타,localization/korean/map/states_l_korean.yml,1438
STATE_AISKONTZ,korean,0,아이스콘츠,localization/korean/map/states_l_korean.yml,1439
STATE_ENDERARUXH,korean,0,엔데라루스,localization/korean/map/states_l_korean.yml,1440
STATE_KENTARARUXH,korean,0,켄타라루스,localization/korean/map/states_l_korean.yml,1441
STATE_IVANTRUXH,korean,0,이반트루스,localization/korean/map/states_l_korean.yml,1442
STATE_KILRAIZEN,korean,0,킬라이젠,localization/korean/map/states_l_korean.yml,1443
STATE_RYUDORVDAH,korean,0,류도르브다,localization/korean/map/states_l_korean.yml,1444
STATE_ISPAHANTH,korean,0,이스파한트,localization/korean/map/states_l_korean.yml,1445
STATE_INDATANTH,korean,0,인다탄트,localization/korean/map/states_l_korean.yml,1446
STATE_PORTU_DE_AXHION,korean,0,포르투 데 아시온,localization/korean/map/states_l_korean.yml,1447
STATE_KASPAHANTH,korean,0,카스파한트,localization/korean/map/states_l_korean.yml,1448
STATE_KOHAKUTAN,korean,0,코하쿠탄,localization/korean/map/states_l_korean.yml,1449
STATE_ONTONXHINUN,korean,0,온톤시눈,localization/korean/map/states_l_korean.yml,1450
STATE_SILRAVTAH,korean,0,실라브타,localization/korean/map/states_l_korean.yml,1451
STATE_RISHAKUTAN,korean,0,리스하쿠탄,localization/korean/map/states_l_korean.yml,1452
STATE_KOHALRAMTA,korean,0,코할람타,localization/korean/map/states_l_korean.yml,1453
STATE_RIKANAVAXI,korean,0,리카나바시,localization/korean/map/states_l_korean.yml,1454
STATE_INKAVAXI,korean,0,인카바시,localization/korean/map/states_l_korean.yml,1455
STATE_KOSHORUVANTA,korean,0,코쇼루반타,localization/korean/map/states_l_korean.yml,1456
STATE_RAGALRITSA,korean,0,라갈리차,localization/korean/map/states_l_korean.yml,1457
STATE_RAGALRIXHEMAN,korean,0,라갈리셰만,localization/korean/map/states_l_korean.yml,1458
STATE_INPARUVANTA,korean,0,인파루반타,localization/korean/map/states_l_korean.yml,1459
STATE_IRUZIENTA,korean,0,이루지엔타,localization/korean/map/states_l_korean.yml,1460
STATE_KASLRUVANTH,korean,0,카슬루반트,localization/korean/map/states_l_korean.yml,1461
STATE_KASPARTEN,korean,0,카스파르텐,localization/korean/map/states_l_korean.yml,1462
STATE_RIOVAHN,korean,0,리오반,localization/korean/map/states_l_korean.yml,1463
STATE_INTOZINILRA,korean,0,인토지닐라,localization/korean/map/states_l_korean.yml,1464
STATE_RITOZINA,korean,0,리토지나,localization/korean/map/states_l_korean.yml,1465
STATE_YARVANZINA,korean,0,야르반지나,localization/korean/map/states_l_korean.yml,1466
STATE_NELRAVRUTA,korean,0,넬라브루타,localization/korean/map/states_l_korean.yml,1467
STATE_AILRIZINA,korean,0,아일리지나,localization/korean/map/states_l_korean.yml,1468
STATE_KANVELRIZINA,korean,0,칸벨리지나,localization/korean/map/states_l_korean.yml,1469
STATE_EASMONTE,korean,0,에아스몬테,localization/korean/map/states_l_korean.yml,1470
STATE_OSDEMONTE,korean,0,오스데몬테,localization/korean/map/states_l_korean.yml,1471
STATE_RAVDEMONTE,korean,0,라브데몬테,localization/korean/map/states_l_korean.yml,1472
STATE_KUSPOZI,korean,0,쿠스포지,localization/korean/map/states_l_korean.yml,1473
STATE_RAKALRAELRA,korean,0,라칼라엘라,localization/korean/map/states_l_korean.yml,1474
STATE_NIDELYERAM,korean,0,니델예람,localization/korean/map/states_l_korean.yml,1475
STATE_KASPURTA,korean,0,카스푸르타,localization/korean/map/states_l_korean.yml,1476
STATE_ANDALRAINOTH,korean,0,안달라이노트,localization/korean/map/states_l_korean.yml,1477
STATE_RAISILRUNANTH,korean,0,라이실루난트,localization/korean/map/states_l_korean.yml,1478
STATE_KINKILRUZINA,korean,0,킨킬루지나,localization/korean/map/states_l_korean.yml,1479
STATE_KINTAXHA,korean,0,킨타샤,localization/korean/map/states_l_korean.yml,1480
STATE_UTSXHA,korean,0,우츠샤,localization/korean/map/states_l_korean.yml,1481
STATE_RATAXHA,korean,0,라타샤,localization/korean/map/states_l_korean.yml,1482
STATE_POTARH_DANXHA,korean,0,포타르 단샤,localization/korean/map/states_l_korean.yml,1483
STATE_SAVALRAKETAN,korean,0,사발라케탄,localization/korean/map/states_l_korean.yml,1484
STATE_RIVULRAKETAN,korean,0,리불라케탄,localization/korean/map/states_l_korean.yml,1485
STATE_AIVANTOKO,korean,0,아이반토코,localization/korean/map/states_l_korean.yml,1486
STATE_RARVELRENNERANTH,korean,0,라르벨렌네란트,localization/korean/map/states_l_korean.yml,1487
STATE_RUSTANTANIYUEM,korean,0,루스탄타니움,localization/korean/map/states_l_korean.yml,1488
STATE_ONSPELNERANTH,korean,0,온스펠네란트,localization/korean/map/states_l_korean.yml,1489
STATE_NIELMELRANTH,korean,0,니엘멜란트,localization/korean/map/states_l_korean.yml,1490
STATE_IOTALOLRA,korean,0,이오탈올라,localization/korean/map/states_l_korean.yml,1491
STATE_CZAIVRANTH,korean,0,차이브란트,localization/korean/map/states_l_korean.yml,1492
STATE_ITOTORAN,korean,0,이토토란,localization/korean/map/states_l_korean.yml,1493
STATE_KUNTALOLRA,korean,0,쿤탈올라,localization/korean/map/states_l_korean.yml,1494
STATE_HOVRAZA,korean,0,호브라자,localization/korean/map/states_l_korean.yml,1495
STATE_KINKALRUZA,korean,0,킨칼루자,localization/korean/map/states_l_korean.yml,1496
STATE_KIPUSELRA,korean,0,키푸스엘라,localization/korean/map/states_l_korean.yml,1497
STATE_NOVELRADALRA,korean,0,노벨라달라,localization/korean/map/states_l_korean.yml,1498
STATE_ASALRIZIMAN,korean,0,아살리지만,localization/korean/map/states_l_korean.yml,1499
STATE_ROVONOKUS,korean,0,로보노쿠스,localization/korean/map/states_l_korean.yml,1500
STATE_AVANUKUS,korean,0,아바누쿠스,localization/korean/map/states_l_korean.yml,1501
STATE_HISPENIOLRA,korean,0,히스페니올라,localization/korean/map/states_l_korean.yml,1502
STATE_RISVANAOLRA,korean,0,리스바나올라,localization/korean/map/states_l_korean.yml,1503
STATE_SHUROVELOLRA,korean,0,슈로벨올라,localization/korean/map/states_l_korean.yml,1504
STATE_NAIDELMELRANTH,korean,0,나이델멜란트,localization/korean/map/states_l_korean.yml,1505
STATE_KUKANTIZIAN,korean,0,쿠칸티지안,localization/korean/map/states_l_korean.yml,1506
STATE_SETADEL_LA_PARZIYUEM,korean,0,세타델 라 파르지움,localization/korean/map/states_l_korean.yml,1507
STATE_INKAVLRETH,korean,0,인카블레트,localization/korean/map/states_l_korean.yml,1508
STATE_RISTENZIAN,korean,0,리스텐지안,localization/korean/map/states_l_korean.yml,1509
STATE_SOVTANZIAN,korean,0,소브탄지안,localization/korean/map/states_l_korean.yml,1510
STATE_KANTALRUZIA,korean,0,칸탈루지아,localization/korean/map/states_l_korean.yml,1511
STATE_ROVDOYENTA,korean,0,로브도옌타,localization/korean/map/states_l_korean.yml,1512
STATE_AINSKA,korean,0,아인스카,localization/korean/map/states_l_korean.yml,1513
STATE_PORTE_DE_KARAMVETH,korean,0,포르테 데 카람베트,localization/korean/map/states_l_korean.yml,1514
STATE_AINTOVOLRA,korean,0,아인토볼라,localization/korean/map/states_l_korean.yml,1515
STATE_NERDALRANHIMA,korean,0,데르달란히마,localization/korean/map/states_l_korean.yml,1516
STATE_ULRUELRAN,korean,0,울루엘란,localization/korean/map/states_l_korean.yml,1517
STATE_ZIUVANYAL,korean,0,지우바냘,localization/korean/map/states_l_korean.yml,1518
STATE_PORTANTNEL,korean,0,포르탄트넬,localization/korean/map/states_l_korean.yml,1519
STATE_PAPALRANALRU,korean,0,파팔라날루,localization/korean/map/states_l_korean.yml,1520
STATE_SHOSTALRUTA,korean,0,쇼스탈루타,localization/korean/map/states_l_korean.yml,1521
STATE_KANSALZIO,korean,0,칸살지오,localization/korean/map/states_l_korean.yml,1522
STATE_ROTONZIO,korean,0,로톤지오,localization/korean/map/states_l_korean.yml,1523
STATE_RAZIZIO,korean,0,라지지오,localization/korean/map/states_l_korean.yml,1524
STATE_RIUKANZIO,korean,0,리우칸지오,localization/korean/map/states_l_korean.yml,1525
STATE_ANPANZIO,korean,0,안판지오,localization/korean/map/states_l_korean.yml,1526
STATE_CASA_DE_ARZIO,korean,0,카사 데 아르지오,localization/korean/map/states_l_korean.yml,1527
STATE_PASALRIZIO,korean,0,파살리지오,localization/korean/map/states_l_korean.yml,1528
STATE_RIUKIU,korean,0,리우키우,localization/korean/map/states_l_korean.yml,1529
STATE_SITSUDAHIMA,korean,0,시츄다히마,localization/korean/map/states_l_korean.yml,1530
STATE_SOKANDAHIMA,korean,0,소칸다히마,localization/korean/map/states_l_korean.yml,1531
STATE_PORTU_DE_ASAKANA,korean,0,포르투 데 아사카나,localization/korean/map/states_l_korean.yml,1532
STATE_KASPAERH,korean,0,카스파에르,localization/korean/map/states_l_korean.yml,1533
STATE_NAIDENERH,korean,0,나이덴에르,localization/korean/map/states_l_korean.yml,1534
STATE_INTUERH,korean,0,인투에르,localization/korean/map/states_l_korean.yml,1535
STATE_KIVUHAERH,korean,0,키부하에르,localization/korean/map/states_l_korean.yml,1536
STATE_DASTUERH,korean,0,다스투에르,localization/korean/map/states_l_korean.yml,1537
STATE_SISTELERH,korean,0,시스텔에르,localization/korean/map/states_l_korean.yml,1538
STATE_SEVLRUERH,korean,0,세블루에르,localization/korean/map/states_l_korean.yml,1539
STATE_KONTORAERH,korean,0,콘토라에르,localization/korean/map/states_l_korean.yml,1540
STATE_KURANIERH,korean,0,쿠라니에르,localization/korean/map/states_l_korean.yml,1541
STATE_KINKILRURHHIMA,korean,0,킨킬루르하마,localization/korean/map/states_l_korean.yml,1542
STATE_KATASRUTA,korean,0,카타스루타,localization/korean/map/states_l_korean.yml,1543
STATE_SOVANCZIRUTA,korean,0,소반치루타,localization/korean/map/states_l_korean.yml,1544
STATE_AHAJYARUTA,korean,0,아하쟈루타,localization/korean/map/states_l_korean.yml,1545
STATE_KUSALRUTA,korean,0,쿠살루타,localization/korean/map/states_l_korean.yml,1546
STATE_NODONRUTA,korean,0,노돈루타,localization/korean/map/states_l_korean.yml,1547
STATE_IEVANRUTA,korean,0,이에반루타,localization/korean/map/states_l_korean.yml,1548
STATE_KIHALRUTA,korean,0,키할루타,localization/korean/map/states_l_korean.yml,1549
STATE_KAVANTRUXH,korean,0,카반트루스,localization/korean/map/states_l_korean.yml,1552
STATE_RODONAXHEMAN,korean,0,로도나셰만,localization/korean/map/states_l_korean.yml,1553
STATE_KAVANDALRUNANTH,korean,0,카반달루난트,localization/korean/map/states_l_korean.yml,1554
STATE_RUDANVERKH,korean,0,루단베르크,localization/korean/map/states_l_korean.yml,1555
STATE_USUDANCZAH,korean,0,우수단차,localization/korean/map/states_l_korean.yml,1556
STATE_INTOSLRANYA,korean,0,인토슬라냐,localization/korean/map/states_l_korean.yml,1557
STATE_ROVHOLRASTAH,korean,0,로브올라스타,localization/korean/map/states_l_korean.yml,1558
STATE_INTOCZANKALRATAH,korean,0,인토찬칼라타,localization/korean/map/states_l_korean.yml,1559
STATE_MARGARDANTH,korean,0,마르가르단트,localization/korean/map/states_l_korean.yml,1560
STATE_SAILRORHDANTH,korean,0,사일로르단트,localization/korean/map/states_l_korean.yml,1561
STATE_KAIONTHVERKH,korean,0,카이온트베르크,localization/korean/map/states_l_korean.yml,1562
STATE_KRAKUPELRANTA,korean,0,크라쿠펠란타,localization/korean/map/states_l_korean.yml,1563
STATE_RIONDAELRAYA,korean,0,리온다엘라야,localization/korean/map/states_l_korean.yml,1564
STATE_RIUXHINANTH,korean,0,리우시난트,localization/korean/map/states_l_korean.yml,1565
STATE_RAVGANSK,korean,0,라브간스크,localization/korean/map/states_l_korean.yml,1566
STATE_SOVELREYENA,korean,0,소벨레예나,localization/korean/map/states_l_korean.yml,1567
STATE_NAIZELROTA,korean,0,나이젤로타,localization/korean/map/states_l_korean.yml,1568
STATE_REVHRATANXHIA,korean,0,레브라탄시아,localization/korean/map/states_l_korean.yml,1569
STATE_ENDOPANTRA,korean,0,엔도판트라,localization/korean/map/states_l_korean.yml,1570
STATE_INKASILRITRA,korean,0,인카실리트라,localization/korean/map/states_l_korean.yml,1571
STATE_PORTE_DE_RUDFANTRA,korean,0,포르테 데 루드판트라,localization/korean/map/states_l_korean.yml,1572
STATE_KAHALRAXHITANTZ,korean,0,카할라시탄츠,localization/korean/map/states_l_korean.yml,1573
STATE_HARVANNENSK,korean,0,하르반넨스크,localization/korean/map/states_l_korean.yml,1574
STATE_SORSILRADAHN,korean,0,소르실라단,localization/korean/map/states_l_korean.yml,1575
STATE_KUPSHASILRAYA,korean,0,쿠프스하실라야,localization/korean/map/states_l_korean.yml,1576
STATE_HAIULRURUHN,korean,0,하이울루룬,localization/korean/map/states_l_korean.yml,1577
STATE_HAILROVENVERKH,korean,0,하일로벤베르크,localization/korean/map/states_l_korean.yml,1578
STATE_NELRAONDAELRAYA,korean,0,넬라온다엘라야,localization/korean/map/states_l_korean.yml,1579
STATE_KONTOVALRANIA,korean,0,콘토발라니아,localization/korean/map/states_l_korean.yml,1580
STATE_SHUSLRANINSK,korean,0,슈슬라닌스크,localization/korean/map/states_l_korean.yml,1581
STATE_ANTOGRAD,korean,0,안토그라드,localization/korean/map/states_l_korean.yml,1582
STATE_URDAMAGAHN,korean,0,우르다마간,localization/korean/map/states_l_korean.yml,1583
STATE_SORDAMAGAHN,korean,0,소르다마간,localization/korean/map/states_l_korean.yml,1584
STATE_KAVASTANSHA,korean,0,카바스탄샤,localization/korean/map/states_l_korean.yml,1585
STATE_OLRODOSHINSK,korean,0,올로도신스크,localization/korean/map/states_l_korean.yml,1586
STATE_AIROLRANSK,korean,0,아이롤란스크,localization/korean/map/states_l_korean.yml,1587
STATE_HYUYELRIVTA,korean,0,휴옐리브타,localization/korean/map/states_l_korean.yml,1588
STATE_INTANINSK,korean,0,인타닌스크,localization/korean/map/states_l_korean.yml,1589
STATE_HANUZIA,korean,0,하누지아,localization/korean/map/states_l_korean.yml,1590
STATE_SIPLRANANTH,korean,0,시플라난트,localization/korean/map/states_l_korean.yml,1591
STATE_KANTOVELRASHI,korean,0,칸토벨라시,localization/korean/map/states_l_korean.yml,1592
STATE_KARVANTA,korean,0,카르반타,localization/korean/map/states_l_korean.yml,1593
STATE_RAVDAXHEMAN,korean,0,라브다셰만,localization/korean/map/states_l_korean.yml,1594
STATE_SEIKALRATANINSK,korean,0,세이칼라타닌스크,localization/korean/map/states_l_korean.yml,1595
STATE_KIPSRDA,korean,0,키프스르다,localization/korean/map/states_l_korean.yml,1596
STATE_NAIOLRODANTZ,korean,0,나이올로단츠,localization/korean/map/states_l_korean.yml,1597
STATE_CASA_DE_DEKENEL_ELRUNIKA,korean,0,카사 데 데케넬 엘루니카,localization/korean/map/states_l_korean.yml,1598
STATE_SISKANTANIYUEM,korean,0,시스칸타니움,localization/korean/map/states_l_korean.yml,1599
STATE_SAIRUVDANSK,korean,0,사이루브단스크,localization/korean/map/states_l_korean.yml,1600
STATE_NOVHCZEHHRANYA,korean,0,노브체흐라냐,localization/korean/map/states_l_korean.yml,1601
STATE_KANSTANTANIA,korean,0,칸스탄타니아,localization/korean/map/states_l_korean.yml,1602
STATE_RAIVNOYA,korean,0,라이브노야,localization/korean/map/states_l_korean.yml,1603
STATE_KANPARSK,korean,0,칸파르스크,localization/korean/map/states_l_korean.yml,1604
STATE_KASRADENYA,korean,0,카스라데냐,localization/korean/map/states_l_korean.yml,1605
STATE_KARIELRANIA,korean,0,카리엘라니아,localization/korean/map/states_l_korean.yml,1606
STATE_NARELRANIA,korean,0,나렐라니아,localization/korean/map/states_l_korean.yml,1607
STATE_OVRELRANIAH,korean,0,오브렐라니아,localization/korean/map/states_l_korean.yml,1608
STATE_IONDANSK,korean,0,이온단스크,localization/korean/map/states_l_korean.yml,1609
STATE_PAILRUPANTH,korean,0,파일루판트,localization/korean/map/states_l_korean.yml,1610
STATE_RAVATANSK,korean,0,라바탄스크,localization/korean/map/states_l_korean.yml,1611
STATE_OSKRANTH,korean,0,오스크란트,localization/korean/map/states_l_korean.yml,1612
STATE_KALRAMATANTH,korean,0,칼라마탄트,localization/korean/map/states_l_korean.yml,1613
STATE_INDOSILROVDA,korean,0,인도실로브다,localization/korean/map/states_l_korean.yml,1614
STATE_NORTANTANIAH,korean,0,노르탄타니아,localization/korean/map/states_l_korean.yml,1615
STATE_NAELRANOVA,korean,0,나엘라노바,localization/korean/map/states_l_korean.yml,1616
STATE_IELRANOVA,korean,0,이엘라노바,localization/korean/map/states_l_korean.yml,1617
STATE_YUSLROSDA,korean,0,유블로스다,localization/korean/map/states_l_korean.yml,1618
STATE_ZHUSDANSK,korean,0,쥬스단스크,localization/korean/map/states_l_korean.yml,1619
STATE_OSTANFRANK,korean,0,오스탄프란크,localization/korean/map/states_l_korean.yml,1620
STATE_KAMPHCZALRATAH,korean,0,캄프찰라타,localization/korean/map/states_l_korean.yml,1621
STATE_HAILROVANNIYUEM,korean,0,하일로반니움,localization/korean/map/states_l_korean.yml,1622
STATE_DARZALRUGA,korean,0,다르잘루가,localization/korean/map/states_l_korean.yml,1623
STATE_RIOHALRUDANDOR,korean,0,리오할루단도르,localization/korean/map/states_l_korean.yml,1624
STATE_NORTANVERLTRANTH,korean,0,노르탄벨트란트,localization/korean/map/states_l_korean.yml,1625
STATE_MEILRUSKAU,korean,0,메일루스카우,localization/korean/map/states_l_korean.yml,1626
STATE_ZEILRANTASK,korean,0,제일란타스크,localization/korean/map/states_l_korean.yml,1627
STATE_HAILRONSK,korean,0,하일론스크,localization/korean/map/states_l_korean.yml,1628
STATE_ROUHAINTA,korean,0,로우하인타,localization/korean/map/states_l_korean.yml,1629
STATE_KUPHHAINSTA,korean,0,쿠프하인스타,localization/korean/map/states_l_korean.yml,1630
STATE_HAILRANTACZAH,korean,0,하일란타차,localization/korean/map/states_l_korean.yml,1631
STATE_OVANTARUS,korean,0,오반타루스,localization/korean/map/states_l_korean.yml,1632
STATE_OKULRUS,korean,0,오쿨루스,localization/korean/map/states_l_korean.yml,1633
STATE_NAIOLRONTARAXHA,korean,0,나이올론타라샤,localization/korean/map/states_l_korean.yml,1634
STATE_ZEILRONSK,korean,0,제일론스크,localization/korean/map/states_l_korean.yml,1635
STATE_SIEXHELRUVDA,korean,0,시에셸루브다,localization/korean/map/states_l_korean.yml,1636
STATE_SOKURIDAN,korean,0,소쿠리단,localization/korean/map/states_l_korean.yml,1637
STATE_RUILRANORA,korean,0,루일라노라,localization/korean/map/states_l_korean.yml,1638
STATE_UNDANVERKH,korean,0,운단베르크,localization/korean/map/states_l_korean.yml,1639
STATE_CZELROPANTH,korean,0,첼로판트,localization/korean/map/states_l_korean.yml,1640
STATE_AHELRAPANTANIAH,korean,0,아헬라판타니아,localization/korean/map/states_l_korean.yml,1641
STATE_KUPANCZAHSK,korean,0,쿠판차스크,localization/korean/map/states_l_korean.yml,1642
STATE_ARNALRANSK,korean,0,아르날란스크,localization/korean/map/states_l_korean.yml,1643
STATE_OSPONTANYA,korean,0,오스폰타냐,localization/korean/map/states_l_korean.yml,1644
STATE_VESTAVHRELRANTH,korean,0,베스타브렐란트,localization/korean/map/states_l_korean.yml,1645
STATE_XHEZELRONYA,korean,0,셰젤로냐,localization/korean/map/states_l_korean.yml,1646
STATE_RUSVANASHI,korean,0,루스바나시,localization/korean/map/states_l_korean.yml,1647
STATE_KOLRASTANIYE,korean,0,콜라스타니예,localization/korean/map/states_l_korean.yml,1648
STATE_KAILRUVANTATZ,korean,0,카일루반타츠,localization/korean/map/states_l_korean.yml,1649
STATE_AINRUTATZ,korean,0,아인루타츠,localization/korean/map/states_l_korean.yml,1650
STATE_RONOVUTATZ,korean,0,로노부타츠,localization/korean/map/states_l_korean.yml,1651
STATE_RAIVANTATZ,korean,0,라이반타츠,localization/korean/map/states_l_korean.yml,1652
STATE_HOELRAVHNODA,korean,0,호엘라브노다,localization/korean/map/states_l_korean.yml,1653
STATE_NOHORVANTA,korean,0,노호르반타,localization/korean/map/states_l_korean.yml,1654
STATE_XHUSRAVDAH,korean,0,슈스라브다,localization/korean/map/states_l_korean.yml,1655
STATE_ENDERAVENTHTA,korean,0,엔데라벤트다,localization/korean/map/states_l_korean.yml,1656
STATE_PORTE_DE_RAIKENVERKH,korean,0,포르테 데 라이켄베르크,localization/korean/map/states_l_korean.yml,1657
STATE_NAIOLROVENTAH,korean,0,나이올로벤타,localization/korean/map/states_l_korean.yml,1658
STATE_KUPHSHANTRA,korean,0,쿠프스한트라,localization/korean/map/states_l_korean.yml,1659
STATE_KUNSPALRATA,korean,0,쿤스팔라타,localization/korean/map/states_l_korean.yml,1660
STATE_AILROVDANSK,korean,0,아일로브단스크,localization/korean/map/states_l_korean.yml,1661
STATE_KALRAVIYANSK,korean,0,칼라비얀스크,localization/korean/map/states_l_korean.yml,1662
STATE_SOILRAITH,korean,0,소일라이트,localization/korean/map/states_l_korean.yml,1663
STATE_DORVALRANTH,korean,0,도르발란트,localization/korean/map/states_l_korean.yml,1664
STATE_SHURVALRANTH,korean,0,슈르발란트,localization/korean/map/states_l_korean.yml,1665
STATE_KIVRALRANTH,korean,0,키브랄란트,localization/korean/map/states_l_korean.yml,1666
STATE_SINOPOLRANCZAH,korean,0,시노폴란차,localization/korean/map/states_l_korean.yml,1667
STATE_CASA_DE_ARZANTH,korean,0,카사 데 아르잔트,localization/korean/map/states_l_korean.yml,1668
STATE_NAILRORANTH,korean,0,나일로란트,localization/korean/map/states_l_korean.yml,1669
STATE_KUZHARAXI,korean,0,쿠즈하라시,localization/korean/map/states_l_korean.yml,1670
STATE_TOLRERANTH,korean,0,톨레란트,localization/korean/map/states_l_korean.yml,1671
STATE_SOSVELRANIA,korean,0,소스벨라니아,localization/korean/map/states_l_korean.yml,1672
STATE_KURHHELSK,korean,0,쿠르헬스크,localization/korean/map/states_l_korean.yml,1673
STATE_ILTOSK,korean,0,일토스크,localization/korean/map/states_l_korean.yml,1674
STATE_RAUVANAXI,korean,0,라우바나시,localization/korean/map/states_l_korean.yml,1675
STATE_KANKARVANNAZIA,korean,0,칸카르반나지아,localization/korean/map/states_l_korean.yml,1676
STATE_NISPOVAHN,korean,0,니스프오반,localization/korean/map/states_l_korean.yml,1677
STATE_SHURPEHNVANNAZIA,korean,0,슈르펜반나지아,localization/korean/map/states_l_korean.yml,1678
STATE_ZEDALRUNANVERKH,korean,0,제달루난베르크,localization/korean/map/states_l_korean.yml,1679
STATE_GARDARANIAH,korean,0,가르다라니아,localization/korean/map/states_l_korean.yml,1680
STATE_KIOVHYEPH,korean,0,키오브예프,localization/korean/map/states_l_korean.yml,1681
STATE_XEILRUVANSK,korean,0,셰일루반스크,localization/korean/map/states_l_korean.yml,1682
STATE_HAINOSENSK,korean,0,하이노센스크,localization/korean/map/states_l_korean.yml,1683
STATE_MAILROCZANTH,korean,0,마일로찬트,localization/korean/map/states_l_korean.yml,1684
STATE_UNSTVERKH,korean,0,운스트베르크,localization/korean/map/states_l_korean.yml,1685
STATE_PORMELRANIAH,korean,0,포르멜라니아,localization/korean/map/states_l_korean.yml,1686
STATE_PLROIELRANYA,korean,0,플로이엘라냐,localization/korean/map/states_l_korean.yml,1687
STATE_PATAXHALRAYA,korean,0,파타샬라야,localization/korean/map/states_l_korean.yml,1688
STATE_VEISALRANGRAD,korean,0,베이셀란그라드,localization/korean/map/states_l_korean.yml,1689
STATE_KIPLRAVELRANTA,korean,0,키플라벨란타,localization/korean/map/states_l_korean.yml,1690
STATE_KANPALROTA,korean,0,칸팔로타,localization/korean/map/states_l_korean.yml,1691
STATE_ENPALROTA,korean,0,엔팔로타,localization/korean/map/states_l_korean.yml,1692
STATE_SAILROTA,korean,0,사일로타,localization/korean/map/states_l_korean.yml,1693
STATE_INTOSEILVERKH,korean,0,인토세일베르크,localization/korean/map/states_l_korean.yml,1694
STATE_DONIANIYEPH,korean,0,도니아니예프,localization/korean/map/states_l_korean.yml,1695
STATE_OLRHDARANYA,korean,0,올르다라냐,localization/korean/map/states_l_korean.yml,1696
STATE_ERINNOIVANSK,korean,0,에린노이반스크,localization/korean/map/states_l_korean.yml,1697
STATE_KURSK,korean,0,쿠르스크,localization/korean/map/states_l_korean.yml,1698
STATE_XHEILRUVDA,korean,0,셰일루브다,localization/korean/map/states_l_korean.yml,1699
STATE_RURELRIAH,korean,0,루렐리아,localization/korean/map/states_l_korean.yml,1700
STATE_NORSEIVELRENSK,korean,0,노르세이벨렌스크,localization/korean/map/states_l_korean.yml,1701
STATE_DARIENVELRENSK,korean,0,다리엔벨렌스크,localization/korean/map/states_l_korean.yml,1702
STATE_SOLROSVELRENSK,korean,0,솔로스벨렌스크,localization/korean/map/states_l_korean.yml,1703
STATE_YUSZINNIYUEM,korean,0,유스진니움,localization/korean/map/states_l_korean.yml,1704
STATE_SASTALRINSK,korean,0,사스탈린스크,localization/korean/map/states_l_korean.yml,1705
STATE_KOSTANROTA,korean,0,코스탄로타,localization/korean/map/states_l_korean.yml,1706
STATE_AILRAPANTACZAH,korean,0,아일라판타차,localization/korean/map/states_l_korean.yml,1707
STATE_NARMILRUDA,korean,0,나르밀루다,localization/korean/map/states_l_korean.yml,1708
STATE_SAITANVERKH,korean,0,사이탄베르크,localization/korean/map/states_l_korean.yml,1709
STATE_NAIROVISHI,korean,0,나이로비시,localization/korean/map/states_l_korean.yml,1710
STATE_YUOLRANI,korean,0,유올라니,localization/korean/map/states_l_korean.yml,1711
STATE_KAINNELRISHI,korean,0,카인넬리시,localization/korean/map/states_l_korean.yml,1712
STATE_OSTORAVELRANTA,korean,0,오스토라벨란타,localization/korean/map/states_l_korean.yml,1713
STATE_KAHASVARUDA,korean,0,카하스바루다,localization/korean/map/states_l_korean.yml,1714
STATE_AIRELRIYA,korean,0,아이렐리야,localization/korean/map/states_l_korean.yml,1715
STATE_ZARVALRATA,korean,0,카르발라타,localization/korean/map/states_l_korean.yml,1716
STATE_ROIKALRATA,korean,0,로이칼라타,localization/korean/map/states_l_korean.yml,1717
STATE_OSLRIZINNATH,korean,0,오슬리진나트,localization/korean/map/states_l_korean.yml,1718
STATE_NAIELRUVENSK,korean,0,나이엘루벤스크,localization/korean/map/states_l_korean.yml,1719
STATE_TARPALRACZAH,korean,0,타르팔라차,localization/korean/map/states_l_korean.yml,1720
STATE_SEIFELRANTH,korean,0,세이펠란트,localization/korean/map/states_l_korean.yml,1721
STATE_KINPUSRADA,korean,0,킨푸스라다,localization/korean/map/states_l_korean.yml,1722
STATE_HAISNANVERKH,korean,0,하이스난베르크,localization/korean/map/states_l_korean.yml,1723
STATE_ZHUSPELRIYUEM,korean,0,쥬스펠리움,localization/korean/map/states_l_korean.yml,1724
STATE_ONDOVELRANTA,korean,0,온도벨란타,localization/korean/map/states_l_korean.yml,1725
STATE_IUSPANTEGIYUEM,korean,0,이우스판테기움,localization/korean/map/states_l_korean.yml,1726
STATE_KALRUNIAH,korean,0,칼루니아,localization/korean/map/states_l_korean.yml,1729
STATE_SEVELRIAH,korean,0,세벨리아,localization/korean/map/states_l_korean.yml,1730
STATE_SAIDENVRALRANTA,korean,0,사이덴브랄란타,localization/korean/map/states_l_korean.yml,1731
STATE_NAIXHULRIA,korean,0,나이슐리아,localization/korean/map/states_l_korean.yml,1732
STATE_KEITALRANANTH,korean,0,케이탈라난트,localization/korean/map/states_l_korean.yml,1733
STATE_NIOSTALRUNIAH,korean,0,니오스탈루니아,localization/korean/map/states_l_korean.yml,1734
STATE_KENTOSRUNYA,korean,0,켄토스루냐,localization/korean/map/states_l_korean.yml,1735
STATE_RESDELRUNIAH,korean,0,레스델루니아,localization/korean/map/states_l_korean.yml,1736
STATE_EHILDEKALRANTZ,korean,0,에힐데칼란츠,localization/korean/map/states_l_korean.yml,1737
STATE_AUSTANIAH,korean,0,아우스타니아,localization/korean/map/states_l_korean.yml,1738
STATE_HIVHRALTARH,korean,0,히브랄타르,localization/korean/map/states_l_korean.yml,1739
STATE_OTOSIUS,korean,0,오토시우스,localization/korean/map/states_l_korean.yml,1740
STATE_KIPUSTANIAH,korean,0,키푸스타니아,localization/korean/map/states_l_korean.yml,1741
STATE_AILROVERKH,korean,0,아일로베르크,localization/korean/map/states_l_korean.yml,1742
STATE_RUSHILRANTZ,korean,0,루스힐란츠,localization/korean/map/states_l_korean.yml,1743
STATE_NUISVANTATH,korean,0,누이스반타트,localization/korean/map/states_l_korean.yml,1744
STATE_RIKANSVANTATZ,korean,0,리칸스반타츠,localization/korean/map/states_l_korean.yml,1745
STATE_KUPANTAZIYUEM,korean,0,쿠판타지움,localization/korean/map/states_l_korean.yml,1746
STATE_ANDARANSTOLROCZAH,korean,0,안다란스톨로차,localization/korean/map/states_l_korean.yml,1747
STATE_OPOANSTOLROCZAH,korean,0,오포안스톨로차,localization/korean/map/states_l_korean.yml,1748
STATE_NIXVERKH,korean,0,니스베르크,localization/korean/map/states_l_korean.yml,1749
STATE_KINSPALRAZI,korean,0,킨스팔라지,localization/korean/map/states_l_korean.yml,1750
STATE_KINPUSLRANASHI,korean,0,킨푸슬라나시,localization/korean/map/states_l_korean.yml,1751
STATE_ROSPOTANASHI,korean,0,로스포타나시,localization/korean/map/states_l_korean.yml,1752
STATE_PORTE_DE_RIKASUS,korean,0,포르테 데 리카수스,localization/korean/map/states_l_korean.yml,1753
STATE_SOSPOTZDAN,korean,0,소스포츠단,localization/korean/map/states_l_korean.yml,1754
STATE_AISPALRATIUS,korean,0,아이스팔라티우스,localization/korean/map/states_l_korean.yml,1755
STATE_SLRAIVENYA,korean,0,슬라이베냐,localization/korean/map/states_l_korean.yml,1756
STATE_ISKANTARNIAH,korean,0,이스칸타르니아,localization/korean/map/states_l_korean.yml,1757
STATE_NUSTANTANIAH,korean,0,누스탄타니아,localization/korean/map/states_l_korean.yml,1758
STATE_PORTE_DE_IUSPOS,korean,0,포르테 데 이우스포스,localization/korean/map/states_l_korean.yml,1759
STATE_ONSTANVERKH,korean,0,온스탄베르크,localization/korean/map/states_l_korean.yml,1760
STATE_OSRAVHDA,korean,0,오스라브다,localization/korean/map/states_l_korean.yml,1761
STATE_OPANTACZATH,korean,0,오판타차트,localization/korean/map/states_l_korean.yml,1762
STATE_INDOXHINIYUEM,korean,0,인도시니움,localization/korean/map/states_l_korean.yml,1763
STATE_ZAIROPA,korean,0,자이로파,localization/korean/map/states_l_korean.yml,1764
STATE_INRILRAPA,korean,0,인릴리파,localization/korean/map/states_l_korean.yml,1765
STATE_HAINSVERKH,korean,0,하인스베르크,localization/korean/map/states_l_korean.yml,1766
STATE_ISZUAPA,korean,0,이스주아파,localization/korean/map/states_l_korean.yml,1767
STATE_RASZUIPA,korean,0,라스주이파,localization/korean/map/states_l_korean.yml,1768
STATE_KANSZUIPA,korean,0,칸스주이파,localization/korean/map/states_l_korean.yml,1769
STATE_RAKKANTACZAH,korean,0,락칸타차,localization/korean/map/states_l_korean.yml,1770
STATE_OILRACZAH,korean,0,오일라차,localization/korean/map/states_l_korean.yml,1771
STATE_AIENSVALRANKA,korean,0,아이엔스발란카,localization/korean/map/states_l_korean.yml,1772
STATE_HOVORASIYA,korean,0,호보라시야,localization/korean/map/states_l_korean.yml,1773
STATE_NAIROZELRAVAHN,korean,0,나이로젤라반,localization/korean/map/states_l_korean.yml,1774
STATE_HYUSTANTINA,korean,0,휴스탄티나,localization/korean/map/states_l_korean.yml,1775
STATE_RAIVTANTINA,korean,0,라이브탄티나,localization/korean/map/states_l_korean.yml,1776
STATE_HAILRUVANTAZIEN,korean,0,하일루반타지엔,localization/korean/map/states_l_korean.yml,1777
STATE_OHANSK,korean,0,오한스크,localization/korean/map/states_l_korean.yml,1778
STATE_SERPANTAZIA,korean,0,세르판타지아,localization/korean/map/states_l_korean.yml,1779
STATE_RAIBUZRIYA,korean,0,라이부즈리야,localization/korean/map/states_l_korean.yml,1780
STATE_INTUVALRANSK,korean,0,인투발란스크,localization/korean/map/states_l_korean.yml,1781
STATE_RAVUVANVDA,korean,0,라부반브다,localization/korean/map/states_l_korean.yml,1782
STATE_KAILRUNIAH,korean,0,카일루니아,localization/korean/map/states_l_korean.yml,1783
STATE_HAVLRANSK,korean,0,하블란스크,localization/korean/map/states_l_korean.yml,1784
STATE_KINTAVLRENSK,korean,0,킨타블렌스크,localization/korean/map/states_l_korean.yml,1785
STATE_DORVANVERKH,korean,0,도르반베르크,localization/korean/map/states_l_korean.yml,1786
STATE_DERVANHOX,korean,0,데르반호스,localization/korean/map/states_l_korean.yml,1787
STATE_DAILRANDUNIAH,korean,0,다일란두니아,localization/korean/map/states_l_korean.yml,1788
STATE_RAKANTAMEXH,korean,0,라칸타메스,localization/korean/map/states_l_korean.yml,1789
STATE_XHOVDA,korean,0,쇼브다,localization/korean/map/states_l_korean.yml,1790
STATE_RIAVLRUTZ,korean,0,리아블루츠,localization/korean/map/states_l_korean.yml,1791
STATE_GARGANTALRIYA,korean,0,가르간탈리야,localization/korean/map/states_l_korean.yml,1792
STATE_HAKANTARCZAH,korean,0,하칸타르차,localization/korean/map/states_l_korean.yml,1793
STATE_ROIDALRANVERKH,korean,0,로이달란베르크,localization/korean/map/states_l_korean.yml,1794
STATE_HALROTSNIAH,korean,0,할로츠니아,localization/korean/map/states_l_korean.yml,1795
STATE_SOILRUSTANVERKH,korean,0,소일루스탄베르크,localization/korean/map/states_l_korean.yml,1796
STATE_HAILRUDANSK,korean,0,하일루단스크,localization/korean/map/states_l_korean.yml,1797
STATE_AINTOVLRANKA,korean,0,아인토블란카,localization/korean/map/states_l_korean.yml,1798
STATE_SAILRUDANSK,korean,0,사일루단스크,localization/korean/map/states_l_korean.yml,1799
STATE_KURVALRAHAXI,korean,0,쿠르발라하시,localization/korean/map/states_l_korean.yml,1800
STATE_SATOVIBISHI,korean,0,사토시비시,localization/korean/map/states_l_korean.yml,1801
STATE_HUSTALRANYA,korean,0,후스탈라냐,localization/korean/map/states_l_korean.yml,1802
STATE_XHURHAVANCZAH,korean,0,슈르하반차,localization/korean/map/states_l_korean.yml,1803
STATE_NAIYELRODANTZ,korean,0,나이옐로단츠,localization/korean/map/states_l_korean.yml,1804
STATE_NUEVALRANDORTA,korean,0,누에발란도르타,localization/korean/map/states_l_korean.yml,1805
STATE_UHELRUTABISHI,korean,0,우헬루타비시,localization/korean/map/states_l_korean.yml,1806
STATE_HASPELRANYA,korean,0,하스펠라냐,localization/korean/map/states_l_korean.yml,1807
STATE_KAUKAZIEN,korean,0,카우카지엔,localization/korean/map/states_l_korean.yml,1808
STATE_ROSPOTOZIEN,korean,0,로스포토지엔,localization/korean/map/states_l_korean.yml,1809
STATE_RUVDANCZAH,korean,0,루브단차,localization/korean/map/states_l_korean.yml,1810
STATE_KAIPOLRANSK,korean,0,카이폴란스크,localization/korean/map/states_l_korean.yml,1811
STATE_HAILRUSDANCZAH,korean,0,하일루스단차,localization/korean/map/states_l_korean.yml,1812
STATE_AYUVDAH,korean,0,아유브다,localization/korean/map/states_l_korean.yml,1813
STATE_HEILRUVDA,korean,0,헤일루브다,localization/korean/map/states_l_korean.yml,1814
STATE_INTOHAPLRAVERKH,korean,0,인토하플라베르크,localization/korean/map/states_l_korean.yml,1815
STATE_HIPOLRATSANTA,korean,0,히폴라찬타,localization/korean/map/states_l_korean.yml,1816
STATE_KOHORUTA,korean,0,코호루타,localization/korean/map/states_l_korean.yml,1817
STATE_HAVLRANVERKH,korean,0,하블란베르크,localization/korean/map/states_l_korean.yml,1818
STATE_KAISVALRANTA,korean,0,카이스발란타,localization/korean/map/states_l_korean.yml,1819
STATE_AIOPOLRATL,korean,0,아이오폴라틀,localization/korean/map/states_l_korean.yml,1820
STATE_ONSPOTALRIYA,korean,0,온스포탈리야,localization/korean/map/states_l_korean.yml,1821
STATE_IUSRANENTH,korean,0,이우스라넨트,localization/korean/map/states_l_korean.yml,1822
STATE_INEHSPANTEZIAH,korean,0,인에스판테지아,localization/korean/map/states_l_korean.yml,1823
STATE_ARIVENIAH,korean,0,아리베니아,localization/korean/map/states_l_korean.yml,1826
STATE_KENTSKORIA,korean,0,켄츠코리아,localization/korean/map/states_l_korean.yml,1827
STATE_HARNGRANTH,korean,0,하릉란트,localization/korean/map/states_l_korean.yml,1828
STATE_SOSLPELRIYA,korean,0,소슬펠리야,localization/korean/map/states_l_korean.yml,1829
STATE_ENGELRANYA,korean,0,엔겔라냐,localization/korean/map/states_l_korean.yml,1830
STATE_HANCZELRANTH,korean,0,한첼란트,localization/korean/map/states_l_korean.yml,1831
STATE_SEILYURANTH,korean,0,세일유란트,localization/korean/map/states_l_korean.yml,1832
STATE_VAIELYERANTH,korean,0,바이엘예란트,localization/korean/map/states_l_korean.yml,1833
STATE_YUHYENNIYAH,korean,0,유혠니아,localization/korean/map/states_l_korean.yml,1834
STATE_HAYURNIAH,korean,0,하유르니아,localization/korean/map/states_l_korean.yml,1835
STATE_EULROSKUTA,korean,0,에울로스쿠타,localization/korean/map/states_l_korean.yml,1836
STATE_INSTOVANASHI,korean,0,인스토바르나시,localization/korean/map/states_l_korean.yml,1837
STATE_SEILVALRANDASHI,korean,0,세이발란다시,localization/korean/map/states_l_korean.yml,1838
STATE_CZAKATOHANDASHI,korean,0,차카토한다시,localization/korean/map/states_l_korean.yml,1839
STATE_AIROVLRONTADA,korean,0,아이로블론타다,localization/korean/map/states_l_korean.yml,1840
STATE_ONSTOYERAVHDA,korean,0,온스토예라브다,localization/korean/map/states_l_korean.yml,1841
STATE_KASPOLROYENTAVA,korean,0,카스폴로옌타바,localization/korean/map/states_l_korean.yml,1842
STATE_ENTOKALRUNIAH,korean,0,엔토칼루니아,localization/korean/map/states_l_korean.yml,1843
STATE_AISVAILRUHN,korean,0,아이스바일룬,localization/korean/map/states_l_korean.yml,1844
STATE_KANTARIVLRA,korean,0,칸타리블라,localization/korean/map/states_l_korean.yml,1845
STATE_SISTOYENASHI,korean,0,시스토예나시,localization/korean/map/states_l_korean.yml,1846
STATE_HAILRUSELRASE,korean,0,하일루셀라세,localization/korean/map/states_l_korean.yml,1847
STATE_RUSVAADA,korean,0,루스바아다,localization/korean/map/states_l_korean.yml,1848
STATE_MONTEARLRO,korean,0,몬테아를로,localization/korean/map/states_l_korean.yml,1849
STATE_ANDORIVLRUTZ,korean,0,안도리블루츠,localization/korean/map/states_l_korean.yml,1850
STATE_ARVANTAMESA,korean,0,아르반타메사,localization/korean/map/states_l_korean.yml,1851
STATE_KUSHARAAVAXI,korean,0,쿠스하라아바시,localization/korean/map/states_l_korean.yml,1852
STATE_KASTAHABANASHI,korean,0,카스타하바나시,localization/korean/map/states_l_korean.yml,1853
STATE_KITOSILRANTH,korean,0,키토실란트,localization/korean/map/states_l_korean.yml,1854
STATE_SANTEALROSIUS,korean,0,산테알로시우스,localization/korean/map/states_l_korean.yml,1855
STATE_RAIVNOILTA,korean,0,라이브노일타,localization/korean/map/states_l_korean.yml,1856
STATE_HAYELRUCZAH,korean,0,하옐루차,localization/korean/map/states_l_korean.yml,1857
STATE_ONDAILRUXH,korean,0,온다일루스,localization/korean/map/states_l_korean.yml,1858
STATE_SISRUTAKU,korean,0,시스루타쿠,localization/korean/map/states_l_korean.yml,1859
STATE_USKORNTA,korean,0,우스코른타,localization/korean/map/states_l_korean.yml,1860
STATE_KASHARVAXI,korean,0,카스하르바시,localization/korean/map/states_l_korean.yml,1861
STATE_RAIHUSARDA,korean,0,라이후스아르다,localization/korean/map/states_l_korean.yml,1862
STATE_MASTOYENENKASOS,korean,0,마스토옌엔카소스,localization/korean/map/states_l_korean.yml,1863
STATE_HAIVRENRODAH,korean,0,하이브렌로다,localization/korean/map/states_l_korean.yml,1864
STATE_ANDOKATAOSHI,korean,0,안도카타오시,localization/korean/map/states_l_korean.yml,1865
STATE_SANSKUPRODA,korean,0,산스쿠프로다,localization/korean/map/states_l_korean.yml,1866
STATE_NORTENVRELRANTH,korean,0,노르텐브렐란트,localization/korean/map/states_l_korean.yml,1867
STATE_HASRACZELROVDA,korean,0,하스라첼로브다,localization/korean/map/states_l_korean.yml,1868
STATE_UKSIRENTO,korean,0,우크시렌토,localization/korean/map/states_l_korean.yml,1869
STATE_ORENTASIOKEN,korean,0,오렌타시오켄,localization/korean/map/states_l_korean.yml,1870
STATE_OISLRAVANAXI,korean,0,오이슬라바나시,localization/korean/map/states_l_korean.yml,1871
STATE_SAIRUGARDA,korean,0,사이루가르다,localization/korean/map/states_l_korean.yml,1872
STATE_KANTAHELRAVYAKU,korean,0,칸타헬라뱌쿠,localization/korean/map/states_l_korean.yml,1873
STATE_ANTOVOLROSIOKEN,korean,0,안토볼로시오켄,localization/korean/map/states_l_korean.yml,1874
STATE_HUSTANSGARU,korean,0,후스탄스가루,localization/korean/map/states_l_korean.yml,1875
STATE_RAVSASTANTANIA,korean,0,라브사스탄타니아,localization/korean/map/states_l_korean.yml,1876
STATE_KUSVALRAHAXI,korean,0,쿠르발라하시,localization/korean/map/states_l_korean.yml,1877
STATE_AILRUSXHA,korean,0,아일루스샤,localization/korean/map/states_l_korean.yml,1878
STATE_AIROVELRUTAH,korean,0,아이로벨루타,localization/korean/map/states_l_korean.yml,1879
STATE_RAIVELRORUTA,korean,0,라이벨로루타,localization/korean/map/states_l_korean.yml,1880
STATE_KARPALRAZIYUEM,korean,0,카르팔라지움,localization/korean/map/states_l_korean.yml,1881
STATE_ARENSIYAGA,korean,0,아렌시야가,localization/korean/map/states_l_korean.yml,1882
STATE_NESPLRAVERKH,korean,0,네스플라베르크,localization/korean/map/states_l_korean.yml,1883
STATE_HIOSLRANYA,korean,0,히오슬라냐,localization/korean/map/states_l_korean.yml,1884
STATE_SORVANDATZ,korean,0,소르반다츠,localization/korean/map/states_l_korean.yml,1885
STATE_AIROVDANSK,korean,0,아이로브단스크,localization/korean/map/states_l_korean.yml,1886
STATE_AILRISGA,korean,0,아일리스가,localization/korean/map/states_l_korean.yml,1887
STATE_ROSPOTOEMSK,korean,0,로스포토엠스크,localization/korean/map/states_l_korean.yml,1888
STATE_KUNTALRANYA,korean,0,쿤탈라냐,localization/korean/map/states_l_korean.yml,1889
STATE_EILRUTALRANYA,korean,0,에일루탈라냐,localization/korean/map/states_l_korean.yml,1890
STATE_KARTANTANIAH,korean,0,카르탄타니아,localization/korean/map/states_l_korean.yml,1891
STATE_KAIHELRUHAXI,korean,0,카이헬루하시,localization/korean/map/states_l_korean.yml,1892
STATE_NARTANTU,korean,0,나르탄투,localization/korean/map/states_l_korean.yml,1893
STATE_SAIDENVHRELRANTH_ISLAND_CHAIN,korean,0,사이덴브렐란트 제도,localization/korean/map/states_l_korean.yml,1894
STATE_KAHUVALRANKA,korean,0,카후발랑카,localization/korean/map/states_l_korean.yml,1897
STATE_SIHELROVDA,korean,0,시헬로브다,localization/korean/map/states_l_korean.yml,1898
STATE_DASMONDANIA,korean,0,다스몬다니아,localization/korean/map/states_l_korean.yml,1899
STATE_ANKANTAUS,korean,0,안칸타우스,localization/korean/map/states_l_korean.yml,1900
STATE_AKTANTIYUEM,korean,0,아크탄티움,localization/korean/map/states_l_korean.yml,1901
STATE_OVOELRANCZAH,korean,0,오보엘란차,localization/korean/map/states_l_korean.yml,1902
STATE_RAKTANXHIYUEM,korean,0,라크탄시움,localization/korean/map/states_l_korean.yml,1903
STATE_AHALROVDA,korean,0,아할로브다,localization/korean/map/states_l_korean.yml,1904
STATE_RILRAUVDA,korean,0,릴라우브다,localization/korean/map/states_l_korean.yml,1905
STATE_ROVSENTIYUEM,korean,0,로브센티움,localization/korean/map/states_l_korean.yml,1906
STATE_OSDHPUNTADI,korean,0,오스드푼타디,localization/korean/map/states_l_korean.yml,1907
STATE_OHKULRASA,korean,0,오흐쿨라사,localization/korean/map/states_l_korean.yml,1908
STATE_RAIDOLRONTA,korean,0,라이돌론타,localization/korean/map/states_l_korean.yml,1909
STATE_IVASNOTZ,korean,0,이바스노츠,localization/korean/map/states_l_korean.yml,1910
STATE_KAILRUSVERKH,korean,0,카일루스베르크,localization/korean/map/states_l_korean.yml,1911
STATE_YARELXHULRIVDA,korean,0,야렐슐리브다,localization/korean/map/states_l_korean.yml,1912
STATE_UHTA,korean,0,우흐타,localization/korean/map/states_l_korean.yml,1913
STATE_SALROTA,korean,0,살로타,localization/korean/map/states_l_korean.yml,1914
STATE_NOHTA,korean,0,노흐타,localization/korean/map/states_l_korean.yml,1915
STATE_SUKOHTA,korean,0,수코흐타,localization/korean/map/states_l_korean.yml,1916
STATE_OSPOTANXHIYUEM,korean,0,오스포탄시움,localization/korean/map/states_l_korean.yml,1917
STATE_KARVALRANKA,korean,0,카르발랑카,localization/korean/map/states_l_korean.yml,1918
STATE_KONTORIYETI,korean,0,콘토리예티,localization/korean/map/states_l_korean.yml,1919
STATE_KANTAPANTAYUEM,korean,0,칸타판타움,localization/korean/map/states_l_korean.yml,1920
STATE_HASVALRAYUEM,korean,0,하스발라움,localization/korean/map/states_l_korean.yml,1921
STATE_KOSPOLRONYA,korean,0,코스폴로냐,localization/korean/map/states_l_korean.yml,1922
STATE_SOSDANCZAH,korean,0,소스단차,localization/korean/map/states_l_korean.yml,1923
STATE_ASLRAYANA,korean,0,아슬라야나,localization/korean/map/states_l_korean.yml,1924
STATE_OKROPSK,korean,0,오크롭스크,localization/korean/map/states_l_korean.yml,1925
STATE_UHMALRETA,korean,0,우흐말레타,localization/korean/map/states_l_korean.yml,1926
STATE_IONPOTACZAH,korean,0,이온포타차,localization/korean/map/states_l_korean.yml,1927
STATE_TUHRVANTA,korean,0,투흐르반타,localization/korean/map/states_l_korean.yml,1928
STATE_KAHANSLRAYUEM,korean,0,카한슬라움,localization/korean/map/states_l_korean.yml,1929
STATE_USROVDANTH,korean,0,우스로브단트,localization/korean/map/states_l_korean.yml,1930
STATE_KANTAZERPA,korean,0,칸타제르파,localization/korean/map/states_l_korean.yml,1931
STATE_IOSPACZAH,korean,0,이오스파차,localization/korean/map/states_l_korean.yml,1932
STATE_OSPALRUCZAH,korean,0,오스팔루차,localization/korean/map/states_l_korean.yml,1933
STATE_TURUHPANCZAH,korean,0,투루흐판차,localization/korean/map/states_l_korean.yml,1934
STATE_UNTFUNVERKH,korean,0,운트푼베르크,localization/korean/map/states_l_korean.yml,1935
STATE_RIKORIXH,korean,0,리코리스,localization/korean/map/states_l_korean.yml,1938
STATE_VEXHZELATS,korean,0,베스젤라츠,localization/korean/map/states_l_korean.yml,1939
STATE_DOSELRONIAH,korean,0,도스엘로니아,localization/korean/map/states_l_korean.yml,1940
STATE_AKANTICZ,korean,0,아칸티츠,localization/korean/map/states_l_korean.yml,1941
STATE_TERHCZEAH,korean,0,테스체아,localization/korean/map/states_l_korean.yml,1942
STATE_VESTIAH_GRANGBLRUTS,korean,0,베스티아 그랑블루츠,localization/korean/map/states_l_korean.yml,1943
STATE_DONIAH_GRANGBLRUTS,korean,0,도니아 그랑블루츠,localization/korean/map/states_l_korean.yml,1944
STATE_OPORANTS_ISLAND_CHAIN,korean,0,오포란츠 제도,localization/korean/map/states_l_korean.yml,1947
STATE_RAVHRATAXHEMAHN,korean,0,라브라타셰만,localization/korean/map/states_l_korean.yml,1948
STATE_UVHRAXHEMAHN,korean,0,우브라셰만,localization/korean/map/states_l_korean.yml,1949
STATE_NIDOTORAXHEMAHN,korean,0,니도토라셰만,localization/korean/map/states_l_korean.yml,1950
STATE_ODOTORAHXHEMAHN,korean,0,오도토라셰만,localization/korean/map/states_l_korean.yml,1951
STATE_INKAXHEMAHN,korean,0,인카셰만,localization/korean/map/states_l_korean.yml,1952
STATE_MAXHYELXHEMAHN,korean,0,마셸셰만,localization/korean/map/states_l_korean.yml,1953
STATE_RUVAHNTXHEMAHN,korean,0,루반트셰만,localization/korean/map/states_l_korean.yml,1954
STATE_YURHTEXHEMAHN,korean,0,유르테셰만,localization/korean/map/states_l_korean.yml,1955
STATE_RISTARCZEH_ISLAND_CHAIN,korean,0,린스타르체 제도,localization/korean/map/states_l_korean.yml,1956
STATE_RIVHRATANASHYA,korean,0,리브라타나샤,localization/korean/map/states_l_korean.yml,1957
STATE_KOVARHTANASHYA,korean,0,코바르타나샤,localization/korean/map/states_l_korean.yml,1958
region_seivranth_strategic_region,korean,0,세이브란트 고원,localization/korean/map/strategic_regions_l_korean.yml,3
region_kauats_strategic_region,korean,0,카우아츠,localization/korean/map/strategic_regions_l_korean.yml,4
region_north_senaxh_low_land_strategic_region,korean,0,북부 세나스 저지대,localization/korean/map/strategic_regions_l_korean.yml,5
region_karotaniah_strategic_region,korean,0,카로타니아,localization/korean/map/strategic_regions_l_korean.yml,6
region_kastalriya_strategic_region,korean,0,카스탈리야,localization/korean/map/strategic_regions_l_korean.yml,7
region_naiheldaroniah_strategic_region,korean,0,나이엘다로니아,localization/korean/map/strategic_regions_l_korean.yml,8
region_saidenphroith_strategic_region,korean,0,사이덴프로이트,localization/korean/map/strategic_regions_l_korean.yml,9
region_raihentonih_strategic_region,korean,0,라이헨토니,localization/korean/map/strategic_regions_l_korean.yml,10
region_phtynatroxh_strategic_region,korean,0,프티나트로스,localization/korean/map/strategic_regions_l_korean.yml,11
region_hyaryet_strategic_region,korean,0,햐롓,localization/korean/map/strategic_regions_l_korean.yml,12
region_granblruts_strategic_region,korean,0,그랑블루츠 제도,localization/korean/map/strategic_regions_l_korean.yml,13
region_korean_peninsula_strategic_region,korean,0,한반도,localization/korean/map/strategic_regions_l_korean.yml,14
modifier_ilrenxhiel_nationalism,korean,,일렌시엘 민족주의,localization/korean/NWR_modifiers_l_korean.yml,2
Elrakaxh,korean,0,엘라카스,localization/korean/NWR_names_l_korean.yml,3
Elriots,korean,0,엘리오츠,localization/korean/NWR_names_l_korean.yml,4
Ellirits,korean,0,엘리리츠,localization/korean/NWR_names_l_korean.yml,5
Esrits,korean,0,에스리츠,localization/korean/NWR_names_l_korean.yml,6
Aikhrith,korean,0,아이크리트,localization/korean/NWR_names_l_korean.yml,7
Asvents,korean,0,아스벤츠,localization/korean/NWR_names_l_korean.yml,8
Sheirits,korean,0,셰이리츠,localization/korean/NWR_names_l_korean.yml,9
Hailrenits,korean,0,하일레니츠,localization/korean/NWR_names_l_korean.yml,10
Hailrets,korean,0,하일레츠,localization/korean/NWR_names_l_korean.yml,11
Dyurevits,korean,0,듀레비츠,localization/korean/NWR_names_l_korean.yml,12
Erkaxh,korean,0,에르카스,localization/korean/NWR_names_l_korean.yml,13
Erkats,korean,0,에르카츠,localization/korean/NWR_names_l_korean.yml,14
Thiarth,korean,0,티아르트,localization/korean/NWR_names_l_korean.yml,15
Kaelrots,korean,0,카엘로츠,localization/korean/NWR_names_l_korean.yml,16
Zehin,korean,0,제인,localization/korean/NWR_names_l_korean.yml,17
Vhelraits,korean,0,벨라이츠,localization/korean/NWR_names_l_korean.yml,18
Perth,korean,0,페르트,localization/korean/NWR_names_l_korean.yml,19
Edelren,korean,0,에델렌,localization/korean/NWR_names_l_korean.yml,20
Zehint,korean,0,제인트,localization/korean/NWR_names_l_korean.yml,21
Elrions,korean,0,엘리온스,localization/korean/NWR_names_l_korean.yml,22
Yerkh,korean,0,예르크,localization/korean/NWR_names_l_korean.yml,23
Kersterh,korean,0,케르스테르,localization/korean/NWR_names_l_korean.yml,24
Zerphyts,korean,0,제르피츠,localization/korean/NWR_names_l_korean.yml,25
Melreont,korean,0,멜레온트,localization/korean/NWR_names_l_korean.yml,26
Zexherits,korean,0,제셰리츠,localization/korean/NWR_names_l_korean.yml,27
Mertets,korean,0,메르테츠,localization/korean/NWR_names_l_korean.yml,28
Enserth,korean,0,엔세르트,localization/korean/NWR_names_l_korean.yml,29
Dernel,korean,0,데르넬,localization/korean/NWR_names_l_korean.yml,30
Reien,korean,0,레이엔,localization/korean/NWR_names_l_korean.yml,31
Xhemiel,korean,0,셰미엘,localization/korean/NWR_names_l_korean.yml,32
Kevenits,korean,0,케베니츠,localization/korean/NWR_names_l_korean.yml,33
Deyrits,korean,0,데이리츠,localization/korean/NWR_names_l_korean.yml,34
Rekehn,korean,0,레켄,localization/korean/NWR_names_l_korean.yml,35
Kerta,korean,0,케르타,localization/korean/NWR_names_l_korean.yml,36
Herzent,korean,0,헤르젠트,localization/korean/NWR_names_l_korean.yml,37
Endrits,korean,0,엔드리츠,localization/korean/NWR_names_l_korean.yml,38
Henriats,korean,0,헨리아츠,localization/korean/NWR_names_l_korean.yml,39
Nikelrits,korean,0,니켈레츠,localization/korean/NWR_names_l_korean.yml,40
Kevern,korean,0,케베른,localization/korean/NWR_names_l_korean.yml,41
Eriandh,korean,0,에리안드,localization/korean/NWR_names_l_korean.yml,42
Zeits,korean,0,제이츠,localization/korean/NWR_names_l_korean.yml,43
Eiot,korean,0,에이어트,localization/korean/NWR_names_l_korean.yml,44
Ein,korean,0,에인,localization/korean/NWR_names_l_korean.yml,45
Ertah,korean,0,에르타,localization/korean/NWR_names_l_korean.yml,46
Tserth,korean,0,체르트,localization/korean/NWR_names_l_korean.yml,47
Reits,korean,0,레이츠,localization/korean/NWR_names_l_korean.yml,48
Merth,korean,0,메르트,localization/korean/NWR_names_l_korean.yml,49
Erh,korean,0,에르,localization/korean/NWR_names_l_korean.yml,50
Erfarth,korean,0,에르파르트,localization/korean/NWR_names_l_korean.yml,51
Vernen,korean,0,베르넨,localization/korean/NWR_names_l_korean.yml,52
Ereth,korean,0,에르에트,localization/korean/NWR_names_l_korean.yml,53
Dernets,korean,0,데르네츠,localization/korean/NWR_names_l_korean.yml,54
Zerts,korean,0,제르츠,localization/korean/NWR_names_l_korean.yml,55
Perh,korean,0,페르,localization/korean/NWR_names_l_korean.yml,56
Kerth,korean,0,케르트,localization/korean/NWR_names_l_korean.yml,57
Termets,korean,0,테르메츠,localization/korean/NWR_names_l_korean.yml,58
Reveht,korean,0,레베트,localization/korean/NWR_names_l_korean.yml,59
Erzehn,korean,0,에르젠,localization/korean/NWR_names_l_korean.yml,60
Krenoth,korean,0,크레노트,localization/korean/NWR_names_l_korean.yml,61
Hyuelrth,korean,0,휴엘르트,localization/korean/NWR_names_l_korean.yml,62
Renhreth,korean,0,레느레트,localization/korean/NWR_names_l_korean.yml,63
Pernant,korean,0,페르난트,localization/korean/NWR_names_l_korean.yml,64
Strevyun,korean,0,스트레뷴,localization/korean/NWR_names_l_korean.yml,65
Zernents,korean,0,제르넨츠,localization/korean/NWR_names_l_korean.yml,66
Retseanth,korean,0,레체안트,localization/korean/NWR_names_l_korean.yml,67
Merakh,korean,0,메아르크,localization/korean/NWR_names_l_korean.yml,68
Mekhts,korean,0,메크츠,localization/korean/NWR_names_l_korean.yml,69
Skerth,korean,0,스케르트,localization/korean/NWR_names_l_korean.yml,70
Derkent,korean,0,데르켄트,localization/korean/NWR_names_l_korean.yml,71
Dekrats,korean,0,데크라츠,localization/korean/NWR_names_l_korean.yml,72
Kerxh,korean,0,케르스,localization/korean/NWR_names_l_korean.yml,73
Hehent,korean,0,헤엔트,localization/korean/NWR_names_l_korean.yml,74
Rexherh,korean,0,레세르,localization/korean/NWR_names_l_korean.yml,75
KErnetn,korean,0,케르네튼,localization/korean/NWR_names_l_korean.yml,76
Reherh,korean,0,레에르,localization/korean/NWR_names_l_korean.yml,77
Sterth,korean,0,스테르트,localization/korean/NWR_names_l_korean.yml,78
Kentrth,korean,0,켄트르트,localization/korean/NWR_names_l_korean.yml,79
Kerniah,korean,0,케르니아,localization/korean/NWR_names_l_korean.yml,80
Ervets,korean,0,에르베츠,localization/korean/NWR_names_l_korean.yml,81
Kernexh,korean,0,케르네스,localization/korean/NWR_names_l_korean.yml,82
Relriots,korean,0,렐리오츠,localization/korean/NWR_names_l_korean.yml,83
Eridien,korean,0,에르디엔,localization/korean/NWR_names_l_korean.yml,84
Terneph,korean,0,테르네프,localization/korean/NWR_names_l_korean.yml,85
Tairets,korean,0,타이레츠,localization/korean/NWR_names_l_korean.yml,86
Roryanits,korean,0,로랴니츠,localization/korean/NWR_names_l_korean.yml,87
Pertekh,korean,0,페르테크,localization/korean/NWR_names_l_korean.yml,88
Heriont,korean,0,헤리언트,localization/korean/NWR_names_l_korean.yml,89
Erehen,korean,0,에르엔,localization/korean/NWR_names_l_korean.yml,90
Yuelrth,korean,0,유엘르트,localization/korean/NWR_names_l_korean.yml,91
Yuarth,korean,0,유아르트,localization/korean/NWR_names_l_korean.yml,92
Kerhtenh,korean,0,케르테느,localization/korean/NWR_names_l_korean.yml,93
Perhkenth,korean,0,페르켄트,localization/korean/NWR_names_l_korean.yml,94
Kerhikh,korean,0,케르이크,localization/korean/NWR_names_l_korean.yml,95
Zeisth,korean,0,제이스트,localization/korean/NWR_names_l_korean.yml,96
Merten,korean,0,메르텐,localization/korean/NWR_names_l_korean.yml,97
Zestancz,korean,0,제르탄츠,localization/korean/NWR_names_l_korean.yml,98
Herhats,korean,0,헤르아츠,localization/korean/NWR_names_l_korean.yml,99
Kerkents,korean,0,케르켄츠,localization/korean/NWR_names_l_korean.yml,100
Kernits,korean,0,케르니츠,localization/korean/NWR_names_l_korean.yml,101
Sterts,korean,0,스테르츠,localization/korean/NWR_names_l_korean.yml,102
Kerhern,korean,0,케르헤른,localization/korean/NWR_names_l_korean.yml,103
Nerats,korean,0,네르아츠,localization/korean/NWR_names_l_korean.yml,104
Zephrits,korean,0,제프리츠,localization/korean/NWR_names_l_korean.yml,105
Hernarts,korean,0,헤르나르츠,localization/korean/NWR_names_l_korean.yml,106
Riement,korean,0,리에멘트,localization/korean/NWR_names_l_korean.yml,107
Phreth,korean,0,프레트,localization/korean/NWR_names_l_korean.yml,108
Merxherh,korean,0,메르셰르,localization/korean/NWR_names_l_korean.yml,109
Dih_Ryuvlroczeah,korean,0,디 류블로쳬아,localization/korean/NWR_names_l_korean.yml,112
Dih_Ekthyvanah,korean,0,디 엑티바나,localization/korean/NWR_names_l_korean.yml,113
Dih_Hailreiyuem,korean,0,디 하일레이움,localization/korean/NWR_names_l_korean.yml,114
Dih_Kaelriniah,korean,0,디 카엘리니아,localization/korean/NWR_names_l_korean.yml,115
Dih_Ekkelrinverk,korean,0,디 엑켈린베르크,localization/korean/NWR_names_l_korean.yml,116
Dih_Akrenxhiah,korean,0,디 아크렌시아,localization/korean/NWR_names_l_korean.yml,117
Dih_Karota,korean,0,디 카로타,localization/korean/NWR_names_l_korean.yml,118
Rehn_Graviroxh,korean,0,렌 그라비로스,localization/korean/NWR_names_l_korean.yml,119
Rehn_Dyugarth,korean,0,렌 듀가르트,localization/korean/NWR_names_l_korean.yml,120
Rehn_Grafilroxh,korean,0,렌 그라필로스,localization/korean/NWR_names_l_korean.yml,121
Rehn_Dilreninsk,korean,0,렌 딜레닌스크,localization/korean/NWR_names_l_korean.yml,122
Rehn_Diarnoth,korean,0,렌 디아르노트,localization/korean/NWR_names_l_korean.yml,123
Rehn_Aalrith,korean,0,렌 아알리트,localization/korean/NWR_names_l_korean.yml,124
Rehn_Diariots,korean,0,렌 디아리오츠,localization/korean/NWR_names_l_korean.yml,125
Rehn_Ainkrath,korean,0,렌 아인크라트,localization/korean/NWR_names_l_korean.yml,126
Rehn_Diarth,korean,0,렌 디아르트,localization/korean/NWR_names_l_korean.yml,127
Rehn_Artits,korean,0,렌 아르티츠,localization/korean/NWR_names_l_korean.yml,128
Rehn_Airiots,korean,0,렌 아이리오츠,localization/korean/NWR_names_l_korean.yml,129
Rehn_Asiarith,korean,0,렌 아시아리트,localization/korean/NWR_names_l_korean.yml,130
Rehn_Servinia,korean,0,렌 세르비니아,localization/korean/NWR_names_l_korean.yml,131
Rehn_Arkatia,korean,0,렌 아르카티아,localization/korean/NWR_names_l_korean.yml,132
Rehn_Yastrkh,korean,0,렌 야스트르크,localization/korean/NWR_names_l_korean.yml,133
Rehn_Seivranth,korean,0,렌 세이브란트,localization/korean/NWR_names_l_korean.yml,134
Rehn_Dearhrits,korean,0,렌 데아르리츠,localization/korean/NWR_names_l_korean.yml,135
Xhehn_Serats,korean,0,셴 세르아츠,localization/korean/NWR_names_l_korean.yml,136
Xhehn_Diarth,korean,0,셴 디아르트,localization/korean/NWR_names_l_korean.yml,137
Xhehn_Ariarth,korean,0,셴 아리아르트,localization/korean/NWR_names_l_korean.yml,138
Xhehn_Idariots,korean,0,셴 이다리오츠,localization/korean/NWR_names_l_korean.yml,139
Xhehn_Dialriots,korean,0,셴 디알리오츠,localization/korean/NWR_names_l_korean.yml,140
Xhehn_Saivhrits,korean,0,셴 사이브리트,localization/korean/NWR_names_l_korean.yml,141
Xhehn_Zeriatits,korean,0,셴 제리아티츠,localization/korean/NWR_names_l_korean.yml,142
Xhehn_Phrats,korean,0,셴 프라츠,localization/korean/NWR_names_l_korean.yml,143
Xhehn_Servinath,korean,0,셴 세르비나트,localization/korean/NWR_names_l_korean.yml,144
Cehn_Idaorth,korean,0,셴 이다오르트,localization/korean/NWR_names_l_korean.yml,145
Cehn_Akhriath,korean,0,셴 아크리아트,localization/korean/NWR_names_l_korean.yml,146
Cehn_Hailrits,korean,0,셴 하일리츠,localization/korean/NWR_names_l_korean.yml,147
Cehn_Dialrioth,korean,0,셴 디알리오트,localization/korean/NWR_names_l_korean.yml,148
Cehn_Zeilriniah,korean,0,셴 제일리니아,localization/korean/NWR_names_l_korean.yml,149
Cehn_Arhdionts,korean,0,셴 아르디온츠,localization/korean/NWR_names_l_korean.yml,150
Cehn_Akhration,korean,0,셴 아크라티온,localization/korean/NWR_names_l_korean.yml,151
Cehn_Dealriots,korean,0,셴 데알리오츠,localization/korean/NWR_names_l_korean.yml,152
Cehn_Pershilrah,korean,0,셴 페르실라,localization/korean/NWR_names_l_korean.yml,153
Cehn_Daialrioth,korean,0,셴 다이알리오트,localization/korean/NWR_names_l_korean.yml,154
Cehn_Servianth,korean,0,셴 세르비안트,localization/korean/NWR_names_l_korean.yml,155
Cehn_Dikhrits,korean,0,셴 디크리츠,localization/korean/NWR_names_l_korean.yml,156
Cehn_Heiverth,korean,0,셴 헤이베르트,localization/korean/NWR_names_l_korean.yml,157
Cehn_Czerninth,korean,0,셴 체르닌트,localization/korean/NWR_names_l_korean.yml,158
Cehn_Akhranth,korean,0,셴 아크란트,localization/korean/NWR_names_l_korean.yml,159
Cehn_Railranth,korean,0,셴 라일란트,localization/korean/NWR_names_l_korean.yml,160
Cehn_Dialriots,korean,0,셴 디알리오츠,localization/korean/NWR_names_l_korean.yml,161
Cehn_Yuurits,korean,0,셴 유우리츠,localization/korean/NWR_names_l_korean.yml,162
Cehn_Czerphiah,korean,0,셴 체르피아,localization/korean/NWR_names_l_korean.yml,163
Cehn_Zernianth,korean,0,셴 제르니안트,localization/korean/NWR_names_l_korean.yml,164
Cehn_Katarhxhith,korean,0,셴 카타르시트,localization/korean/NWR_names_l_korean.yml,165
Czehn_Zernith,korean,0,쳰 제르니트,localization/korean/NWR_names_l_korean.yml,166
Czehn_Vernian,korean,0,쳰 베르니안,localization/korean/NWR_names_l_korean.yml,167
Czehn_Verniath,korean,0,쳰 베르니아트,localization/korean/NWR_names_l_korean.yml,168
Czehn_Vruneth,korean,0,쳰 브루네트,localization/korean/NWR_names_l_korean.yml,169
Czehn_Vyuerits,korean,0,쳰 뷰에리츠,localization/korean/NWR_names_l_korean.yml,170
Czehn_Zernianth,korean,0,쳰 제르니안트,localization/korean/NWR_names_l_korean.yml,171
Czehn_Zyuelrith,korean,0,쳰 쥬엘리트,localization/korean/NWR_names_l_korean.yml,172
Czehn_Zerniah,korean,0,쳰 제르니아,localization/korean/NWR_names_l_korean.yml,173
Czehn_Dyuelrohn,korean,0,쳰 듀엘론,localization/korean/NWR_names_l_korean.yml,175
Czehn_Dyuelriniah,korean,0,쳰 듀엘리니아,localization/korean/NWR_names_l_korean.yml,176
Czehn_Derhakith,korean,0,쳰 데르아키트,localization/korean/NWR_names_l_korean.yml,177
Czehn_Zerkoph,korean,0,쳰 제르코프,localization/korean/NWR_names_l_korean.yml,178
Czehn_Gersenth,korean,0,쳰 게르센트,localization/korean/NWR_names_l_korean.yml,179
Czehn_Germeth,korean,0,쳰 게르메트,localization/korean/NWR_names_l_korean.yml,180
Czehn_Renhmeth,korean,0,쳰 레느메트,localization/korean/NWR_names_l_korean.yml,181
PARTY_FULL_NAME,korean,,$NAME$ ([concept_party]),localization/korean/parties_l_korean.yml,2
party_bolsheviks,korean,,볼셰비키 정당,localization/korean/parties_l_korean.yml,3
party_communist,korean,,공산주의 정당,localization/korean/parties_l_korean.yml,4
party_liberal,korean,,자유주의 정당,localization/korean/parties_l_korean.yml,5
party_nazis,korean,,나치 정당,localization/korean/parties_l_korean.yml,6
party_british_union_of_fascists,korean,,영국 파시스트 연합,localization/korean/parties_l_korean.yml,7
party_mouvement_franciste,korean,,프랑스 악시옹,localization/korean/parties_l_korean.yml,8
party_silver_legion,korean,,은색 군단,localization/korean/parties_l_korean.yml,9
integralist_party,korean,,통합주의 정당,localization/korean/parties_l_korean.yml,10
falangist_party,korean,,팔랑헤주의 정당,localization/korean/parties_l_korean.yml,11
party_fascist,korean,,파시스트 정당,localization/korean/parties_l_korean.yml,12
party_conservative,korean,,보수 정당,localization/korean/parties_l_korean.yml,13
party_tories,korean,,토리당,localization/korean/parties_l_korean.yml,14
party_whigs,korean,,휘그당,localization/korean/parties_l_korean.yml,15
party_radicals,korean,,급진파 정당,localization/korean/parties_l_korean.yml,16
party_us_democrats,korean,,민주당,localization/korean/parties_l_korean.yml,17
party_republicans,korean,,공화당,localization/korean/parties_l_korean.yml,18
party_social_democrats,korean,,사회민주당,localization/korean/parties_l_korean.yml,19
party_free_trade,korean,,자유무역당,localization/korean/parties_l_korean.yml,20
party_orleanists,korean,,오를레앙파 정당,localization/korean/parties_l_korean.yml,21
party_peelites,korean,,필파 정당,localization/korean/parties_l_korean.yml,22
party_agrarian,korean,,농본주의 정당,localization/korean/parties_l_korean.yml,23
party_religious,korean,,신앙 정당,localization/korean/parties_l_korean.yml,24
party_christian,korean,,기독교 정당,localization/korean/parties_l_korean.yml,25
party_catholic,korean,,천주교 정당,localization/korean/parties_l_korean.yml,26
party_muslim,korean,,이슬람교 정당,localization/korean/parties_l_korean.yml,27
party_jewish,korean,,유대교 정당,localization/korean/parties_l_korean.yml,28
party_hindu,korean,,힌두교 정당,localization/korean/parties_l_korean.yml,29
party_sikh,korean,,시크교 정당,localization/korean/parties_l_korean.yml,30
party_buddhist,korean,,불교 정당,localization/korean/parties_l_korean.yml,31
party_shinto,korean,,신토 정당,localization/korean/parties_l_korean.yml,32
party_anarchist,korean,,무정부주의 사회,localization/korean/parties_l_korean.yml,33
party_military,korean,,애국주의 정당,localization/korean/parties_l_korean.yml,34
party_christian_social_party,korean,,기독사회당,localization/korean/parties_l_korean.yml,35
party_constitutional_party,korean,,헌법당,localization/korean/parties_l_korean.yml,36
party_national_autonomist,korean,,전국 자율주의 정당,localization/korean/parties_l_korean.yml,37
party_civilista_party,korean,,시민당,localization/korean/parties_l_korean.yml,38
party_national_civic_union,korean,,전문시민연합당,localization/korean/parties_l_korean.yml,39
party_radical_civic_union,korean,,급진시민연합당,localization/korean/parties_l_korean.yml,40
party_labour_party,korean,,노동당,localization/korean/parties_l_korean.yml,41
party_fatherland_front,korean,,조국전선,localization/korean/parties_l_korean.yml,43
integralist_action_party,korean,,통합주의 행동당,localization/korean/parties_l_korean.yml,44
party_national_socialist_movement,korean,,민족 사회주의 운동당,localization/korean/parties_l_korean.yml,45
party_national_front,korean,,국민전선,localization/korean/parties_l_korean.yml,46
party_nasjonal_samling,korean,,국민연합,localization/korean/parties_l_korean.yml,47
party_all_russian_fascist_party,korean,,전러시아 파시스트 정당,localization/korean/parties_l_korean.yml,48
party_dnsap,korean,,덴마크 민족사회주의 노동자당,localization/korean/parties_l_korean.yml,49
party_national_league_of_sweden,korean,,스웨덴 민족 연맹,localization/korean/parties_l_korean.yml,50
party_lapua_movement,korean,,라푸아 운동,localization/korean/parties_l_korean.yml,51
party_national_union,korean,,국가연합,localization/korean/parties_l_korean.yml,52
party_rexist_party,korean,,렉스당,localization/korean/parties_l_korean.yml,53
party_volksdeutsche_bewegung,korean,,독일 국민 운동,localization/korean/parties_l_korean.yml,54
party_ustasha,korean,,우스타샤,localization/korean/parties_l_korean.yml,55
party_zbor,korean,,즈보르,localization/korean/parties_l_korean.yml,56
party_ratnik_party,korean,,라트니크당,localization/korean/parties_l_korean.yml,57
party_iron_guard,korean,,철위대,localization/korean/parties_l_korean.yml,58
party_arrow_cross_party,korean,,화살십자당,localization/korean/parties_l_korean.yml,59
party_national_citizens_alliance,korean,,국가 시민 연합,localization/korean/parties_l_korean.yml,60
party_argentine_patriotic_league,korean,,아르헨티나 애국 연맹,localization/korean/parties_l_korean.yml,61
party_iran_e_no_party,korean,,신이란당,localization/korean/parties_l_korean.yml,62
party_national_social_christian_party,korean,,민족 사회 기독교당,localization/korean/parties_l_korean.yml,63
party_blue_shirts_society,korean,,남의사,localization/korean/parties_l_korean.yml,64
party_freedom_party,korean,,자유당,localization/korean/parties_l_korean.yml,65
party_national_fascist_party,korean,,국가 파시스트당,localization/korean/parties_l_korean.yml,66
party_national_union_of_greece,korean,,그리스 민족 연합,localization/korean/parties_l_korean.yml,67
party_moderate_party,korean,,온건당,localization/korean/parties_l_korean.yml,69
party_regenerator_party,korean,,재생당,localization/korean/parties_l_korean.yml,70
party_hoyre,korean,,회이레,localization/korean/parties_l_korean.yml,71
party_hojre,korean,,회이여,localization/korean/parties_l_korean.yml,72
party_lantmanna_party,korean,,란트만나당,localization/korean/parties_l_korean.yml,73
party_finnish_party,korean,,핀인당,localization/korean/parties_l_korean.yml,74
party_catholic_party,korean,,천주교 정당,localization/korean/parties_l_korean.yml,75
party_party_of_the_right,korean,,우파당,localization/korean/parties_l_korean.yml,76
party_constitutional_association,korean,,헌법협회,localization/korean/parties_l_korean.yml,77
party_imperial_rule_party,korean,,제국통치당,localization/korean/parties_l_korean.yml,78
party_moderate_socialists_party,korean,,중도 사회주의당,localization/korean/parties_l_korean.yml,79
party_blanco_party,korean,,블랑코당,localization/korean/parties_l_korean.yml,80
party_colorado_party,korean,,콜로라도당,localization/korean/parties_l_korean.yml,81
party_liberal_conservative_party,korean,,자유보수당,localization/korean/parties_l_korean.yml,82
party_peoples_party,korean,,인민당,localization/korean/parties_l_korean.yml,83
party_bonapartist_party,korean,,보나파르트당,localization/korean/parties_l_korean.yml,84
party_octobrist_party,korean,,10월당,localization/korean/parties_l_korean.yml,85
party_democratic_party,korean,,민주당,localization/korean/parties_l_korean.yml,86
party_the_right,korean,,우파,localization/korean/parties_l_korean.yml,87
party_russian_party,korean,,러시아인당,localization/korean/parties_l_korean.yml,88
party_resistance_party,korean,,저항당,localization/korean/parties_l_korean.yml,89
party_party_of_order,korean,,질서당,localization/korean/parties_l_korean.yml,90
party_historic_party,korean,,역사당,localization/korean/parties_l_korean.yml,92
party_free_minded_venstre,korean,,자유 벤스터,localization/korean/parties_l_korean.yml,93
party_old_lantmanna_party,korean,,구 란트만나당,localization/korean/parties_l_korean.yml,94
party_free_conservative_party,korean,,자유보수당,localization/korean/parties_l_korean.yml,95
party_communications_clique,korean,,교통계,localization/korean/parties_l_korean.yml,96
party_national_party,korean,,국민당,localization/korean/parties_l_korean.yml,97
party_party_of_peaceful_renovation,korean,,평화혁명당,localization/korean/parties_l_korean.yml,98
party_democratic_alliance,korean,,민주동맹,localization/korean/parties_l_korean.yml,99
party_progressive_party,korean,,진보당,localization/korean/parties_l_korean.yml,101
party_liberal_democrats,korean,,자유민주당,localization/korean/parties_l_korean.yml,102
party_venstre,korean,,벤스터,localization/korean/parties_l_korean.yml,103
party_young_finnish_party,korean,,청년 핀란드인당,localization/korean/parties_l_korean.yml,104
party_liberal_union,korean,,자유연합,localization/korean/parties_l_korean.yml,105
party_liberal_league,korean,,자유연맹,localization/korean/parties_l_korean.yml,106
party_progress_party,korean,,진보당,localization/korean/parties_l_korean.yml,107
party_national_liberal_party,korean,,국민자유당,localization/korean/parties_l_korean.yml,108
party_empire_reform_association,korean,,보황회,localization/korean/parties_l_korean.yml,109
party_constitutional_reform_party,korean,,입헌개진당,localization/korean/parties_l_korean.yml,110
party_society_for_progress,korean,,진보사회당,localization/korean/parties_l_korean.yml,111
party_freedom_and_accord_party,korean,,자유합의당,localization/korean/parties_l_korean.yml,112
party_blue_party,korean,,청색당,localization/korean/parties_l_korean.yml,113
party_great_liberal_party,korean,,대자유당,localization/korean/parties_l_korean.yml,114
party_republican_party,korean,,공화당,localization/korean/parties_l_korean.yml,115
party_kadets_party,korean,,입헌민주당,localization/korean/parties_l_korean.yml,116
party_progressive_republican_party,korean,,진보공화당,localization/korean/parties_l_korean.yml,117
party_whig_party,korean,,휘그당,localization/korean/parties_l_korean.yml,118
party_the_left,korean,,좌파,localization/korean/parties_l_korean.yml,119
party_english_party,korean,,잉글랜드당,localization/korean/parties_l_korean.yml,120
party_patriotic_union,korean,,애국연합,localization/korean/parties_l_korean.yml,122
party_national_peoples_party,korean,,국가인민당,localization/korean/parties_l_korean.yml,123
party_true_peoples_party,korean,,참인민당,localization/korean/parties_l_korean.yml,124
party_imperial_clan_party,korean,,종인부,localization/korean/parties_l_korean.yml,125
party_imperial_way_party,korean,,황도파,localization/korean/parties_l_korean.yml,126
party_regressivist_party,korean,,퇴보당,localization/korean/parties_l_korean.yml,127
party_legitimist_party,korean,,정통파,localization/korean/parties_l_korean.yml,128
party_russian_assembly,korean,,러시아 의회,localization/korean/parties_l_korean.yml,129
party_russian_all_military_union,korean,,러시아 전군연합,localization/korean/parties_l_korean.yml,130
party_union_of_rights,korean,,권리연합,localization/korean/parties_l_korean.yml,131
party_democratic_progressive_party,korean,,민주진보당,localization/korean/parties_l_korean.yml,133
party_progressive_dissidence,korean,,반체제진보당,localization/korean/parties_l_korean.yml,134
party_chartists,korean,,차티스트당,localization/korean/parties_l_korean.yml,135
party_free_democratic_party,korean,,자유민주당,localization/korean/parties_l_korean.yml,136
party_radical_peoples_party,korean,,급진인민당,localization/korean/parties_l_korean.yml,137
party_social_liberal_party,korean,,사회자유당,localization/korean/parties_l_korean.yml,138
party_national_progressive_party,korean,,국가진보당,localization/korean/parties_l_korean.yml,139
party_free_thinking_democratic_league,korean,,자유사상 민주 연맹,localization/korean/parties_l_korean.yml,140
party_radical_liberal_party,korean,,급진자유당,localization/korean/parties_l_korean.yml,141
party_free_minded_peoples_party,korean,,자유인민당,localization/korean/parties_l_korean.yml,142
party_progressive_club,korean,,진보회,localization/korean/parties_l_korean.yml,143
party_revive_china_society,korean,,흥중회,localization/korean/parties_l_korean.yml,144
party_revival_party,korean,,부흥당,localization/korean/parties_l_korean.yml,145
party_committee_of_union_and_progress,korean,,통일진보위원회,localization/korean/parties_l_korean.yml,146
party_progressive_league,korean,,진보 연맹,localization/korean/parties_l_korean.yml,147
party_mexican_liberal_party,korean,,멕시코 자유당,localization/korean/parties_l_korean.yml,148
party_tongmenghui,korean,,중국동맹회,localization/korean/parties_l_korean.yml,149
party_the_far_left,korean,,극좌파,localization/korean/parties_l_korean.yml,150
party_french_party,korean,,프랑스당,localization/korean/parties_l_korean.yml,151
party_trudovik_group,korean,,트루도빅당,localization/korean/parties_l_korean.yml,152
party_republican_union,korean,,공화주의 연합,localization/korean/parties_l_korean.yml,153
party_portuguese_catholic_centre,korean,,포르투갈 천주중앙회,localization/korean/parties_l_korean.yml,155
party_catholic_right,korean,,천주교 우파,localization/korean/parties_l_korean.yml,156
party_moderate_venstre,korean,,중도 벤스터,localization/korean/parties_l_korean.yml,157
party_anti_revolutionary_party,korean,,반혁명당,localization/korean/parties_l_korean.yml,158
party_christian_peoples_party,korean,,기독교 인민당,localization/korean/parties_l_korean.yml,159
party_zentrum,korean,,젠트룸,localization/korean/parties_l_korean.yml,160
party_catholic_peoples_party,korean,,천주인민당,localization/korean/parties_l_korean.yml,161
party_learned_council,korean,,지식인회,localization/korean/parties_l_korean.yml,162
party_union_of_the_russian_people,korean,,러시아 인민 연합,localization/korean/parties_l_korean.yml,163
party_clerical_party,korean,,성직자당,localization/korean/parties_l_korean.yml,164
party_know_nothing_party,korean,,노우나씽당,localization/korean/parties_l_korean.yml,165
party_conservative_catholics,korean,,보수 천주당,localization/korean/parties_l_korean.yml,166
party_traditionalist_communion,korean,,전통주의 종파,localization/korean/parties_l_korean.yml,167
party_psoe,korean,,스페인 사회노동당,localization/korean/parties_l_korean.yml,169
party_portuguese_socialist_party,korean,,포르투갈 사회주의당,localization/korean/parties_l_korean.yml,170
party_ftsf,korean,,프랑스 사노당,localization/korean/parties_l_korean.yml,171
party_menshevik_party,korean,,멘셰비키 정당,localization/korean/parties_l_korean.yml,172
party_labor_party,korean,,노동당,localization/korean/parties_l_korean.yml,173
party_social_democratic_workers_party,korean,,사회민주노동당,localization/korean/parties_l_korean.yml,174
party_finnish_labor_party,korean,,핀란드 노동당,localization/korean/parties_l_korean.yml,175
party_belgian_workers_party,korean,,벨기에 노동당,localization/korean/parties_l_korean.yml,176
party_sdp,korean,,독일 사회민주당,localization/korean/parties_l_korean.yml,177
party_sdapo,korean,,오스트리아 사회민주당,localization/korean/parties_l_korean.yml,178
party_brsdp,korean,,불가리아 사회민주노동당,localization/korean/parties_l_korean.yml,179
party_mszdp,korean,,헝가리 사회민주당,localization/korean/parties_l_korean.yml,180
party_common_peoples_party,korean,,인민당,localization/korean/parties_l_korean.yml,181
party_democrat_party,korean,,민주당,localization/korean/parties_l_korean.yml,182
party_socialist_workers_federation,korean,,사회주의 노동자 연방,localization/korean/parties_l_korean.yml,183
party_laborist_party,korean,,노동당,localization/korean/parties_l_korean.yml,184
party_socialist_labor_party,korean,,사회노동당,localization/korean/parties_l_korean.yml,185
party_socialist_party_of_america,korean,,미국 사회당,localization/korean/parties_l_korean.yml,186
party_confederate_socialist_party,korean,,사회주의 연합 연맹,localization/korean/parties_l_korean.yml,187
party_psi,korean,,사민당,localization/korean/parties_l_korean.yml,188
party_seke,korean,,그리스 공산당,localization/korean/parties_l_korean.yml,189
party_british_socialist_party,korean,,영국 사회당,localization/korean/parties_l_korean.yml,191
party_pcf,korean,,프랑스 공산당,localization/korean/parties_l_korean.yml,192
party_kps,korean,,스위스 공산당,localization/korean/parties_l_korean.yml,193
party_nkp,korean,,노르웨이 공산당,localization/korean/parties_l_korean.yml,194
party_dkp,korean,,후속 독일 공산당,localization/korean/parties_l_korean.yml,195
party_skp,korean,,핀란드 공산당,localization/korean/parties_l_korean.yml,196
party_kpl,korean,,룩셈부르크 공산당,localization/korean/parties_l_korean.yml,197
party_kpd,korean,,독일 공산당,localization/korean/parties_l_korean.yml,198
party_kpo,korean,,오스트리아 공산당,localization/korean/parties_l_korean.yml,199
party_bkp,korean,,부탄 사회민주당,localization/korean/parties_l_korean.yml,200
party_mkp,korean,,파키스탄 공산당,localization/korean/parties_l_korean.yml,201
party_cpc,korean,,중국 공산당,localization/korean/parties_l_korean.yml,202
party_jcp,korean,,일본 공산당,localization/korean/parties_l_korean.yml,203
party_justice_party,korean,,정의당,localization/korean/parties_l_korean.yml,204
party_socialist_workers_party,korean,,사회주의 노동자당,localization/korean/parties_l_korean.yml,205
party_workingmens_party,korean,,노동자당,localization/korean/parties_l_korean.yml,206
party_kke,korean,,그리스 공산당,localization/korean/parties_l_korean.yml,207
party_irish_national_land_league,korean,,아일랜드 전국 토지 연맹,localization/korean/parties_l_korean.yml,209
party_independent_agriculture_party,korean,,독립농업당,localization/korean/parties_l_korean.yml,210
party_farmers_party,korean,,농부당,localization/korean/parties_l_korean.yml,211
party_free_peoples_party,korean,,자유인민당,localization/korean/parties_l_korean.yml,212
party_farmers_league,korean,,농민 연맹,localization/korean/parties_l_korean.yml,213
party_agrarian_league,korean,,농경 연맹,localization/korean/parties_l_korean.yml,214
party_landbund,korean,,랜드번드,localization/korean/parties_l_korean.yml,215
party_national_peasant_accord,korean,,민족농민합의회,localization/korean/parties_l_korean.yml,216
party_agrarian_national_union,korean,,농경국가연합,localization/korean/parties_l_korean.yml,217
party_peasants_party,korean,,농민당,localization/korean/parties_l_korean.yml,218
party_national_farmer_party,korean,,국가농민당,localization/korean/parties_l_korean.yml,219
party_patrons_of_industry,korean,,산업후원회,localization/korean/parties_l_korean.yml,220
party_national_grange,korean,,민족농가당,localization/korean/parties_l_korean.yml,221
party_agrarian_and_farmer_party,korean,,농본농민당,localization/korean/parties_l_korean.yml,222
party_young_socialists,korean,,사회주의 청년당,localization/korean/parties_l_korean.yml,224
party_cnt,korean,,민족 노동 연합,localization/korean/parties_l_korean.yml,225
party_maximalist_federation,korean,,극대주의 연방,localization/korean/parties_l_korean.yml,226
party_socialist_league,korean,,사회주의 연맹,localization/korean/parties_l_korean.yml,227
party_italian_syndicalist_union,korean,,이탈리아 노동조합주의 연합,localization/korean/parties_l_korean.yml,228
party_anarcho_communist_federation,korean,,무정부 공산주의 연방,localization/korean/parties_l_korean.yml,229
base_value,korean,,기본 수치,localization/korean/parties_l_korean.yml,231
from_liberal_leader,korean,,자유주의 지도자 이념,localization/korean/parties_l_korean.yml,232
from_liberalism,korean,,자유주의 또는 자유방임주의 이념,localization/korean/parties_l_korean.yml,233
from_progressivism,korean,,진보적인 지도자 이념,localization/korean/parties_l_korean.yml,234
from_conservatism,korean,,보수적인 지도자 이념,localization/korean/parties_l_korean.yml,235
from_particularism_cares_about_laws,korean,,적절한 특수주의 이념,localization/korean/parties_l_korean.yml,236
from_anti_slavery,korean,,적절한 반노예제 이념,localization/korean/parties_l_korean.yml,237
from_meritocracy,korean,,적절한 능력주의 이념,localization/korean/parties_l_korean.yml,238
from_capitalism,korean,,자유방임주의 이념을 보유하고 있거나 지도자가 시장 자유주의 이념을 보유하고 있음,localization/korean/parties_l_korean.yml,239
from_powerful_capitalists,korean,,자유방임주의 이념을 보유하고 있고 권세 상태임,localization/korean/parties_l_korean.yml,240
from_powerful_capitalists_other,korean,,강력한 기업가 이해 집단,localization/korean/parties_l_korean.yml,241
from_powerful_devout,korean,,권세 상태,localization/korean/parties_l_korean.yml,242
from_powerful_devout_other,korean,,종교적 지도자 이념,localization/korean/parties_l_korean.yml,243
from_antireligious,korean,,반종교적 이념,localization/korean/parties_l_korean.yml,244
from_social_democrat_powerful,korean,,권세 상태,localization/korean/parties_l_korean.yml,245
from_social_democrat,korean,,지도자가 사회민주주의 이념을 믿음,localization/korean/parties_l_korean.yml,246
from_powerful_communists,korean,,강력한 좌파 이해 집단,localization/korean/parties_l_korean.yml,247
from_weak_communists,korean,,강력한 사회민주주의 이해 집단 지도자,localization/korean/parties_l_korean.yml,248
from_weak_liberals,korean,,"약한 자유주의, 권세 사회민주주의",localization/korean/parties_l_korean.yml,249
from_progressivism_sd,korean,,진보적인 지도자 이념,localization/korean/parties_l_korean.yml,250
from_marked_liberal_sd,korean,,지도자가 시장 자유주의 이념을 믿음,localization/korean/parties_l_korean.yml,251
from_powerful_unions,korean,,강력한 노동조합,localization/korean/parties_l_korean.yml,252
from_radical,korean,,지도자가 급진파 이념을 믿음,localization/korean/parties_l_korean.yml,253
from_powerful_radical,korean,,권세 상태,localization/korean/parties_l_korean.yml,254
from_weak_radicals,korean,,강력한 자유주의 이해 집단,localization/korean/parties_l_korean.yml,255
from_weak_liberals_radical,korean,,강력한 급진파 이해 집단 지도자,localization/korean/parties_l_korean.yml,256
from_weak_leftists_radical,korean,,강력한 급진파 이해 집단 지도자,localization/korean/parties_l_korean.yml,257
from_progressives_radical,korean,,진보적인 지도자 이념,localization/korean/parties_l_korean.yml,258
from_moderate,korean,,평범한 지도자 이념,localization/korean/parties_l_korean.yml,259
from_strong_military,korean,,권세 상태,localization/korean/parties_l_korean.yml,260
from_jingoist,korean,,호전적 국수주의 지도자 이념,localization/korean/parties_l_korean.yml,261
from_fascism,korean,,파시즘 지도자 이념,localization/korean/parties_l_korean.yml,262
from_fascism_powerful,korean,,권세 상태,localization/korean/parties_l_korean.yml,263
from_reactionaries,korean,,반동주의 이념,localization/korean/parties_l_korean.yml,264
from_weak_conservatives_fascism,korean,,강력한 파시즘 이해 집단,localization/korean/parties_l_korean.yml,265
from_progressive_fascism,korean,,진보적인 지도자 이념,localization/korean/parties_l_korean.yml,266
from_trade_unions,korean,,노동조합 이해 집단,localization/korean/parties_l_korean.yml,267
from_market_liberal,korean,,시장 자유주의 지도자 이념,localization/korean/parties_l_korean.yml,268
from_patriot,korean,,애국주의 이념,localization/korean/parties_l_korean.yml,269
from_leftist,korean,,좌파 지도자 이념,localization/korean/parties_l_korean.yml,270
from_conservative_leader,korean,,보수적 지도자 이념,localization/korean/parties_l_korean.yml,271
from_slaver_leader,korean,,노예주 지도자,localization/korean/parties_l_korean.yml,272
from_abolitionist_leader,korean,,노예 폐지파 지도자,localization/korean/parties_l_korean.yml,273
from_conservative_ig,korean,,보수적 이념,localization/korean/parties_l_korean.yml,274
from_progressive_con,korean,,진보적 지도자 이념,localization/korean/parties_l_korean.yml,275
from_capitalists_suffrage,korean,,보통선거권 법,localization/korean/parties_l_korean.yml,276
from_capitalists_tax,korean,,누진세 법,localization/korean/parties_l_korean.yml,277
from_capitalists_health,korean,,국립건강보험 법,localization/korean/parties_l_korean.yml,278
from_capitalists_schools,korean,,공립학교 법,localization/korean/parties_l_korean.yml,279
from_devout_separation,korean,,완전 분리 법,localization/korean/parties_l_korean.yml,280
from_patriarchy,korean,,여성 참정권 법,localization/korean/parties_l_korean.yml,281
from_patriarchy_lesser,korean,,여성 노동 법,localization/korean/parties_l_korean.yml,282
from_multiculturalism,korean,,다문화 법,localization/korean/parties_l_korean.yml,283
from_liberty,korean,,자유 보장 법에서,localization/korean/parties_l_korean.yml,284
from_communism,korean,,좌파 지도자 이념,localization/korean/parties_l_korean.yml,285
from_communism_powerful,korean,,권세 상태,localization/korean/parties_l_korean.yml,286
from_socdem_communism,korean,,강력한 좌파 이해 집단,localization/korean/parties_l_korean.yml,287
from_vanguard_anarchy,korean,,평의회 공화국에 속한 전위당론 통치자로부터,localization/korean/parties_l_korean.yml,288
from_anarchy,korean,,무정부주의 지도자 이념,localization/korean/parties_l_korean.yml,289
powerful_anarachists,korean,,권세 상태,localization/korean/parties_l_korean.yml,290
from_no_communists,korean,,단독 좌파 이해 집단,localization/korean/parties_l_korean.yml,291
from_peasants,korean,,권세 상태,localization/korean/parties_l_korean.yml,292
from_powerful_farmers,korean,,권세 농부,localization/korean/parties_l_korean.yml,293
from_scandinavian,korean,,스칸디나비아 주류 문화,localization/korean/parties_l_korean.yml,294
from_no_devout_in_party,korean,,성직자의 후원 부족,localization/korean/parties_l_korean.yml,295
from_loyalist,korean,,적절한 충성파 이념,localization/korean/parties_l_korean.yml,296
from_powerful_conservative_ig,korean,,권세 상태,localization/korean/parties_l_korean.yml,297
from_isolationist,korean,,적절한 고립주의 이념,localization/korean/parties_l_korean.yml,298
from_jingoist_party_leader,korean,,호전적 국수주의 당수,localization/korean/parties_l_korean.yml,299
from_individualist,korean,,적절한 개인주의 이념,localization/korean/parties_l_korean.yml,300
from_populist_egalitarian,korean,,적절한 대중주의 또는 평등주의 이념,localization/korean/parties_l_korean.yml,301
from_peel,korean,,로버트 필,localization/korean/parties_l_korean.yml,302
from_relevant_landowners,korean,,주요 지주로부터,localization/korean/parties_l_korean.yml,303
from_theocracy,korean,,신권정으로부터,localization/korean/parties_l_korean.yml,304
from_no_army_in_party,korean,,군사 배경 없음,localization/korean/parties_l_korean.yml,305
from_pacifism,korean,,적절한 평화주의 이념으로부터,localization/korean/parties_l_korean.yml,306
from_jackson,korean,,앤드루 잭슨,localization/korean/parties_l_korean.yml,307
from_devout_conscience,korean,,신앙의 자유 법,localization/korean/parties_l_korean.yml,308
from_no_censorship,korean,,표현의 자유 법,localization/korean/parties_l_korean.yml,309
from_republic,korean,,공화주의 통치 원칙,localization/korean/parties_l_korean.yml,310
from_labor_rights,korean,,노동권 법,localization/korean/parties_l_korean.yml,311
from_welfare,korean,,복지 법,localization/korean/parties_l_korean.yml,312
from_no_womens_rights,korean,,법적 후견제 법,localization/korean/parties_l_korean.yml,313
from_racism,korean,,제한적 시민권 법,localization/korean/parties_l_korean.yml,314
from_migration_law,korean,,이주 통제 철폐 법,localization/korean/parties_l_korean.yml,315
from_outlawed_dissent,korean,,이의 엄금 법,localization/korean/parties_l_korean.yml,316
from_bad_police,korean,,지역 또는 경찰 군사화 법,localization/korean/parties_l_korean.yml,317
from_censorship,korean,,표현의 자유 제한 법,localization/korean/parties_l_korean.yml,318
from_bad_home_affairs,korean,,권위주의적 국내 안보 법,localization/korean/parties_l_korean.yml,319
from_hereditary_offices,korean,,세습 관료제 법,localization/korean/parties_l_korean.yml,320
from_land_tax,korean,,토지 기반 조세 법,localization/korean/parties_l_korean.yml,321
from_anticlerical,korean,,국교 법,localization/korean/parties_l_korean.yml,322
from_republican,korean,,비공화주의 통치 원칙,localization/korean/parties_l_korean.yml,323
from_no_or_religious_schools,korean,,학교 철폐 또는 종교 학교 법,localization/korean/parties_l_korean.yml,324
from_anti_free_trade,korean,,자유무역 법,localization/korean/parties_l_korean.yml,325
from_anti_laissez_faire,korean,,자유방임주의 법,localization/korean/parties_l_korean.yml,326
from_no_police,korean,,경찰 철폐 법,localization/korean/parties_l_korean.yml,327
from_peasant_levies,korean,,소작농 부역 법,localization/korean/parties_l_korean.yml,328
from_no_graduated_taxation,korean,,누진세 법 지지,localization/korean/parties_l_korean.yml,329
from_no_proportional_or_per_capita_tax,korean,,비례 조세법 또는 인두 조세법 지지,localization/korean/parties_l_korean.yml,330
from_serfdom,korean,,농노제 법,localization/korean/parties_l_korean.yml,331
from_debt_slavery,korean,,부채 노예제 법,localization/korean/parties_l_korean.yml,332
from_slavery,korean,,노예제 법,localization/korean/parties_l_korean.yml,333
from_no_universal_suffrage,korean,,보통선거권 법 없음,localization/korean/parties_l_korean.yml,334
from_hates_children,korean,,아동 노동 지지,localization/korean/parties_l_korean.yml,335
from_no_free_trade,korean,,자유무역 법 지지,localization/korean/parties_l_korean.yml,336
from_autocracy,korean,,전제 정치 법 반대,localization/korean/parties_l_korean.yml,337
from_no_oligarchy_wealth_voting,korean,,과두 정치 혹은 재산가 선거권 지지,localization/korean/parties_l_korean.yml,338
from_universal_suffrage,korean,,보통선거권 법,localization/korean/parties_l_korean.yml,339
from_no_per_capita_tax,korean,,인두 조세법 지지,localization/korean/parties_l_korean.yml,340
from_graduated_taxation,korean,,대학원 조세법,localization/korean/parties_l_korean.yml,341
from_no_consumption_tax,korean,,소비 기반 조세법 지지,localization/korean/parties_l_korean.yml,342
from_command_economy,korean,,통제경제 법,localization/korean/parties_l_korean.yml,343
from_lack_of_private_schools,korean,,사립학교 지지,localization/korean/parties_l_korean.yml,344
from_no_rural_folk_in_party,korean,,전원 주민 배경 없음,localization/korean/parties_l_korean.yml,345
from_archetype_party,korean,,중립 정당원,localization/korean/parties_l_korean.yml,346
from_influential_supporting_member,korean,,지원 역할을 맡은 유력 집단,localization/korean/parties_l_korean.yml,347
from_two_prior_members,korean,,다른 두 정당원,localization/korean/parties_l_korean.yml,348
from_three_prior_members,korean,,다른 세 정당원,localization/korean/parties_l_korean.yml,349
from_more_than_three_prior_members,korean,,다른 세 정당원 이상,localization/korean/parties_l_korean.yml,350
from_authoritarian,korean,,권위주의 지도자 이념,localization/korean/parties_l_korean.yml,351
from_protectionist_leader,korean,,보호주의 지도자 이념,localization/korean/parties_l_korean.yml,352
from_french_monarchist_rival,korean,,강력한 경쟁 군주제 지지자,localization/korean/parties_l_korean.yml,353
from_only_legal_party,korean,,단일 합법 정당,localization/korean/parties_l_korean.yml,354
party_ELX_agrarian_party,korean,,자유민주당 (신민파),localization/korean/parties_l_korean.yml,357
party_ELX_communist_party,korean,,전연방 공산당 (급진파),localization/korean/parties_l_korean.yml,358
party_ELX_conservative_party,korean,,연방신민당 (보수파),localization/korean/parties_l_korean.yml,359
party_ELX_fascist_party,korean,,국가사회주의 일렌시엘 노동자당 (신민파),localization/korean/parties_l_korean.yml,360
party_ELX_free_trade_party,korean,,자유민주당 (연방파),localization/korean/parties_l_korean.yml,361
party_ELX_liberal_party,korean,,자유민주당 (공화파),localization/korean/parties_l_korean.yml,362
party_ELX_military_party,korean,,국가사회주의 일렌시엘 노동자당 (군부파),localization/korean/parties_l_korean.yml,363
party_ELX_religious_party,korean,,연방신민당 (제국도교파),localization/korean/parties_l_korean.yml,364
party_ELX_social_democrats_party,korean,,전연방 공산당 (온건파),localization/korean/parties_l_korean.yml,365
ruvelrinion,korean,,루벨리니온 제국도교,localization/korean/religion_l_korean.yml,2
kerhynishy,korean,,케뤼니쉬교,localization/korean/religion_l_korean.yml,3
catholic,korean,,천주교,localization/korean/religion_l_korean.yml,7
protestant,korean,,개신교,localization/korean/religion_l_korean.yml,8
orthodox,korean,,동방정교회,localization/korean/religion_l_korean.yml,9
oriental_orthodox,korean,,오리엔트 정교회,localization/korean/religion_l_korean.yml,10
sunni,korean,,수니파,localization/korean/religion_l_korean.yml,11
shiite,korean,,시아파,localization/korean/religion_l_korean.yml,12
jewish,korean,,유대교,localization/korean/religion_l_korean.yml,13
mahayana,korean,,대승불교,localization/korean/religion_l_korean.yml,14
gelugpa,korean,,겔룩파,localization/korean/religion_l_korean.yml,15
theravada,korean,,상좌부불교,localization/korean/religion_l_korean.yml,16
hindu,korean,,힌두교,localization/korean/religion_l_korean.yml,17
shinto,korean,,신도,localization/korean/religion_l_korean.yml,18
sikh,korean,,시크교,localization/korean/religion_l_korean.yml,19
animist,korean,,정령신앙,localization/korean/religion_l_korean.yml,20
eastern,korean,,동방 계통,localization/korean/religion_l_korean.yml,21
buddhist,korean,,불교,localization/korean/religion_l_korean.yml,22
christian,korean,,기독교인,localization/korean/religion_l_korean.yml,23
muslim,korean,,무슬림,localization/korean/religion_l_korean.yml,24
state_trait_the_great_river,korean,,운하 규모의 강,localization/korean/state_traits_l_korean.yml,3
state_trait_remained_infrastructure,korean,,대전이 이전의 온전한 기반시설,localization/korean/state_traits_l_korean.yml,4
state_trait_great_black_soil,korean,,위대한 흑토 지대,localization/korean/state_traits_l_korean.yml,5
state_trait_blue_forest,korean,,푸르른 삼림,localization/korean/state_traits_l_korean.yml,6
state_trait_the_center_of_industry,korean,,산업의 중심지,localization/korean/state_traits_l_korean.yml,7
state_trait_the_great_palace,korean,,제도권 황성 지역,localization/korean/state_traits_l_korean.yml,8
state_trait_grand_mountain,korean,,전설의 산,localization/korean/state_traits_l_korean.yml,9
state_trait_earth_mankind_arrival_location,korean,,구지구 전이자 도착지,localization/korean/state_traits_l_korean.yml,10
state_good_place_for_mankind,korean,,사람 살기 좋은 곳,localization/korean/state_traits_l_korean.yml,11
state_trait_swedish_iron_ore,korean,,스웨덴 철광석 매장지,localization/korean/state_traits_l_korean.yml,14
state_trait_sicilian_sulfur_mines,korean,,시칠리아 유황 매장지,localization/korean/state_traits_l_korean.yml,15
state_trait_american_chestnuts,korean,,미국 밤나무 숲,localization/korean/state_traits_l_korean.yml,16
state_trait_whales,korean,,고래,localization/korean/state_traits_l_korean.yml,17
state_trait_malaria,korean,,말라리아,localization/korean/state_traits_l_korean.yml,18
state_trait_scandinavian_forests,korean,,스칸디나비아 숲,localization/korean/state_traits_l_korean.yml,19
state_trait_severe_malaria,korean,,심각한 말라리아,localization/korean/state_traits_l_korean.yml,20
state_trait_norwegian_fishing_waters,korean,,노르웨이 어로 수역,localization/korean/state_traits_l_korean.yml,21
state_trait_oresund,korean,,외레순드,localization/korean/state_traits_l_korean.yml,22
state_trait_chinese_soils,korean,,중국 토양,localization/korean/state_traits_l_korean.yml,23
state_trait_rhine_river,korean,,라인강,localization/korean/state_traits_l_korean.yml,24
state_trait_danube_river,korean,,도나우강,localization/korean/state_traits_l_korean.yml,25
state_trait_drava_river,korean,,드라바강,localization/korean/state_traits_l_korean.yml,26
state_trait_elbe_river,korean,,엘베강,localization/korean/state_traits_l_korean.yml,27
state_trait_oder_river,korean,,오데르강,localization/korean/state_traits_l_korean.yml,28
state_trait_dnieper_river,korean,,드니프로강,localization/korean/state_traits_l_korean.yml,29
state_trait_rhone_river,korean,,론강,localization/korean/state_traits_l_korean.yml,30
state_trait_loire_river,korean,,루아르강,localization/korean/state_traits_l_korean.yml,31
state_trait_seine_river,korean,,센강,localization/korean/state_traits_l_korean.yml,32
state_trait_nile_river,korean,,나일강,localization/korean/state_traits_l_korean.yml,33
state_trait_congo_river,korean,,콩고강,localization/korean/state_traits_l_korean.yml,34
state_trait_niger_river,korean,,나이저강,localization/korean/state_traits_l_korean.yml,35
state_trait_po_river,korean,,포강,localization/korean/state_traits_l_korean.yml,36
state_trait_zambezi_river,korean,,잠베지강,localization/korean/state_traits_l_korean.yml,37
state_trait_alps_mountains,korean,,알프스 산맥,localization/korean/state_traits_l_korean.yml,38
state_trait_pyrenees_mountains,korean,,피레네 산맥,localization/korean/state_traits_l_korean.yml,39
state_trait_scottish_highlands,korean,,스코틀랜드 하이랜드,localization/korean/state_traits_l_korean.yml,40
state_trait_black_forest,korean,,검은 숲,localization/korean/state_traits_l_korean.yml,41
state_trait_russian_forest,korean,,러시아 침엽수림,localization/korean/state_traits_l_korean.yml,42
state_trait_congo_forest,korean,,콩고 우림,localization/korean/state_traits_l_korean.yml,43
state_trait_volga_river,korean,,볼가강,localization/korean/state_traits_l_korean.yml,44
state_trait_british_coal_mines,korean,,브리티시 석탄 매장지,localization/korean/state_traits_l_korean.yml,45
state_trait_black_soil,korean,,우크라이나 흑토,localization/korean/state_traits_l_korean.yml,46
state_trait_scanian_soils,korean,,스코네 토양,localization/korean/state_traits_l_korean.yml,47
state_trait_sahara_desert,korean,,사하라 사막,localization/korean/state_traits_l_korean.yml,48
state_trait_yangtze_river,korean,,장강,localization/korean/state_traits_l_korean.yml,49
state_trait_pearl_river,korean,,주강,localization/korean/state_traits_l_korean.yml,50
state_trait_yellow_river,korean,,황하,localization/korean/state_traits_l_korean.yml,51
state_trait_himalayas_mountains,korean,,히말라야 산맥,localization/korean/state_traits_l_korean.yml,52
state_trait_arabian_desert,korean,,아라비아 사막,localization/korean/state_traits_l_korean.yml,53
state_trait_mesopotamian_floodplain,korean,,메소포타미아 범람원,localization/korean/state_traits_l_korean.yml,54
state_trait_gobi_desert,korean,,고비 사막,localization/korean/state_traits_l_korean.yml,55
state_trait_siberian_terrain,korean,,시베리아 지형,localization/korean/state_traits_l_korean.yml,56
state_trait_ganges_river,korean,,겐지스강,localization/korean/state_traits_l_korean.yml,57
state_trait_tigris_river,korean,,티그리스강,localization/korean/state_traits_l_korean.yml,58
state_trait_euphrates_river,korean,,유프라테스강,localization/korean/state_traits_l_korean.yml,59
state_trait_australian_desert,korean,,호주 사막,localization/korean/state_traits_l_korean.yml,60
state_trait_great_dividing_range,korean,,그레이트 디바이딩 산맥,localization/korean/state_traits_l_korean.yml,61
state_trait_indus_river,korean,,인더스강,localization/korean/state_traits_l_korean.yml,62
state_trait_brahmaputra_river,korean,,브라마푸트라강,localization/korean/state_traits_l_korean.yml,63
state_trait_borneo_rainforest,korean,,보르네오 우림,localization/korean/state_traits_l_korean.yml,64
state_trait_indochinese_forest,korean,,인도차이나 숲,localization/korean/state_traits_l_korean.yml,65
state_trait_mekong_river,korean,,메콩강,localization/korean/state_traits_l_korean.yml,66
state_trait_ob_river,korean,,오비강,localization/korean/state_traits_l_korean.yml,67
state_trait_yenisei_river,korean,,예니세이강,localization/korean/state_traits_l_korean.yml,68
state_trait_ural_mountains,korean,,우랄 산맥,localization/korean/state_traits_l_korean.yml,69
state_trait_caucasus_mountains,korean,,코카서스 산맥,localization/korean/state_traits_l_korean.yml,70
state_trait_taklamakan_desert,korean,,타클라마칸 사막,localization/korean/state_traits_l_korean.yml,71
state_trait_mississippi_river,korean,,미시시피강,localization/korean/state_traits_l_korean.yml,72
state_trait_ohio_river,korean,,오하이오강,localization/korean/state_traits_l_korean.yml,73
state_trait_columbia_river,korean,,컬럼비아강,localization/korean/state_traits_l_korean.yml,74
state_trait_orinoco_river,korean,,오리노코강,localization/korean/state_traits_l_korean.yml,75
state_trait_uruguay_river,korean,,우루과이강,localization/korean/state_traits_l_korean.yml,76
state_trait_parana_river,korean,,파라나강,localization/korean/state_traits_l_korean.yml,77
state_trait_paraguay_river,korean,,파라과이강,localization/korean/state_traits_l_korean.yml,78
state_trait_amazon_river,korean,,아마존강,localization/korean/state_traits_l_korean.yml,79
state_trait_missouri_river,korean,,미주리강,localization/korean/state_traits_l_korean.yml,80
state_trait_great_lakes,korean,,오대호,localization/korean/state_traits_l_korean.yml,81
state_trait_anthracite_coalfields,korean,,무연탄 탄전,localization/korean/state_traits_l_korean.yml,82
state_trait_central_appalachian_coalfields,korean,,중앙 애팔래치아 탄전,localization/korean/state_traits_l_korean.yml,83
state_trait_new_england_whaling,korean,,뉴잉글랜드 포경 어장,localization/korean/state_traits_l_korean.yml,84
state_trait_grand_banks_fisheries,korean,,그랜드 뱅크스 어장,localization/korean/state_traits_l_korean.yml,85
state_trait_wasatch_range,korean,,워새치 산맥,localization/korean/state_traits_l_korean.yml,86
state_trait_rocky_mountains,korean,,로키 산맥,localization/korean/state_traits_l_korean.yml,87
state_trait_appalachian_mountains,korean,,애팔래치아 산맥,localization/korean/state_traits_l_korean.yml,88
state_trait_northern_canadian_terrain,korean,,북부 캐나다 지형,localization/korean/state_traits_l_korean.yml,89
state_trait_cascades,korean,,캐스케이드,localization/korean/state_traits_l_korean.yml,90
state_trait_central_valley,korean,,센트럴 밸리,localization/korean/state_traits_l_korean.yml,91
state_trait_sierra_madre_occidental,korean,,시에라 마드레 옥시덴탈,localization/korean/state_traits_l_korean.yml,92
state_trait_sierra_madre_oriental,korean,,시에라 마드레 오리엔탈,localization/korean/state_traits_l_korean.yml,93
state_trait_central_american_cordilleras,korean,,중앙아메리카 코르딜레라스,localization/korean/state_traits_l_korean.yml,94
state_trait_amazon_rainforest,korean,,아마존 우림,localization/korean/state_traits_l_korean.yml,95
state_trait_andes,korean,,안데스,localization/korean/state_traits_l_korean.yml,96
state_trait_arctic_whaling,korean,,북극 포경 어장,localization/korean/state_traits_l_korean.yml,97
state_trait_antarctic_whaling,korean,,남극 포경 어장,localization/korean/state_traits_l_korean.yml,98
state_trait_volcanic_soil,korean,,화산 비옥토,localization/korean/state_traits_l_korean.yml,99
state_trait_hawaii_sandalwood_forests,korean,,백단 삼림지,localization/korean/state_traits_l_korean.yml,100
state_trait_natural_harbors,korean,,천연 항구,localization/korean/state_traits_l_korean.yml,101
state_trait_good_soils,korean,,양질의 토양,localization/korean/state_traits_l_korean.yml,102
state_trait_odensefjorden,korean,,오덴세 피오르,localization/korean/state_traits_l_korean.yml,103
state_trait_bergslagen,korean,,베르그슬라겐,localization/korean/state_traits_l_korean.yml,104
state_trait_malmberget,korean,,맘베르게트,localization/korean/state_traits_l_korean.yml,105
state_trait_north_sea_fishing,korean,,북해 어로,localization/korean/state_traits_l_korean.yml,106
state_trait_trondhjemsfjorden,korean,,트론헤임 피오르,localization/korean/state_traits_l_korean.yml,107
state_trait_hardangerfjorden,korean,,하덴거 피오르,localization/korean/state_traits_l_korean.yml,108
state_trait_christianiafjorden,korean,,크리스티아니아 피오르,localization/korean/state_traits_l_korean.yml,109
state_trait_kongsberg_silver_mine,korean,,콩스베르그,localization/korean/state_traits_l_korean.yml,110
state_trait_london_docklands,korean,,런던 도크랜즈,localization/korean/state_traits_l_korean.yml,111
state_trait_lancashire_coalfield,korean,,랭커셔 탄전,localization/korean/state_traits_l_korean.yml,112
state_trait_south_yorkshire_coalfield,korean,,사우스요크셔 탄전,localization/korean/state_traits_l_korean.yml,113
state_trait_south_wales_valleys,korean,,사우스 웨일스 계곡,localization/korean/state_traits_l_korean.yml,114
state_trait_central_belt_coalfield,korean,,센트럴 벨트 탄전,localization/korean/state_traits_l_korean.yml,115
state_trait_the_golden_vale,korean,,골든 베일,localization/korean/state_traits_l_korean.yml,116
state_trait_serra_dos_carajas,korean,,카라하스 산맥,localization/korean/state_traits_l_korean.yml,117
state_trait_chincha_islands,korean,,친차 제도,localization/korean/state_traits_l_korean.yml,118
state_trait_lake_maracaibo,korean,,마라카이보 호수,localization/korean/state_traits_l_korean.yml,119
state_trait_la_costa,korean,,라 코스타,localization/korean/state_traits_l_korean.yml,120
state_trait_el_mutun,korean,,엘 무툰,localization/korean/state_traits_l_korean.yml,121
state_trait_pantanal,korean,,판타나우,localization/korean/state_traits_l_korean.yml,122
state_trait_atacama_desert,korean,,아타카마 사막,localization/korean/state_traits_l_korean.yml,123
state_trait_pampas,korean,,팜파스,localization/korean/state_traits_l_korean.yml,124
state_trait_yukon_river_salmon_run,korean,,유콘강 연어 대이동,localization/korean/state_traits_l_korean.yml,125
state_trait_st_lawrence_river,korean,,세인트로렌스강,localization/korean/state_traits_l_korean.yml,126
state_trait_halifax_harbor,korean,,핼리팩스 항만,localization/korean/state_traits_l_korean.yml,127
state_trait_niagara_falls,korean,,나이아가라 폭포,localization/korean/state_traits_l_korean.yml,128
state_trait_new_york_harbor,korean,,뉴욕 항만,localization/korean/state_traits_l_korean.yml,129
state_trait_canadian_prairies,korean,,캐나다 대초원,localization/korean/state_traits_l_korean.yml,130
state_trait_sierra_nevada,korean,,시에라 네바다,localization/korean/state_traits_l_korean.yml,131
state_trait_northern_california_coastal_forests,korean,,캘리포니아 북부 해안 삼림,localization/korean/state_traits_l_korean.yml,132
state_trait_the_great_plains,korean,,그레이트플레인스,localization/korean/state_traits_l_korean.yml,133
state_trait_the_great_basin_desert,korean,,그레이트베이슨 사막,localization/korean/state_traits_l_korean.yml,134
state_trait_floridian_wetlands,korean,,플로리다 습지대,localization/korean/state_traits_l_korean.yml,135
state_trait_bone_valley,korean,,본 밸리,localization/korean/state_traits_l_korean.yml,136
state_trait_newark_harbor,korean,,뉴어크 항만,localization/korean/state_traits_l_korean.yml,137
state_trait_saar_coalfield,korean,,사아르 탄전,localization/korean/state_traits_l_korean.yml,138
state_trait_nord_pas_de_calais_coalfield,korean,,노르파드칼레 탄전,localization/korean/state_traits_l_korean.yml,139
state_trait_ruhr_coalfield,korean,,루르 탄전,localization/korean/state_traits_l_korean.yml,140
state_trait_borinage_coalfield,korean,,보리나주 탄전,localization/korean/state_traits_l_korean.yml,141
state_trait_loire_coalfield,korean,,루아르 탄전,localization/korean/state_traits_l_korean.yml,142
state_trait_upper_silesia_coalfield,korean,,상 슐레지아 탄전,localization/korean/state_traits_l_korean.yml,143
state_trait_bremerhaven,korean,,브레머하펜,localization/korean/state_traits_l_korean.yml,144
state_trait_terra_rossa,korean,,테라 로사,localization/korean/state_traits_l_korean.yml,145
state_trait_krka_falls,korean,,크르카 폭포,localization/korean/state_traits_l_korean.yml,146
state_trait_waterberg_coalfield,korean,,워터버그 탄전,localization/korean/state_traits_l_korean.yml,147
state_trait_lake_victoria,korean,,빅토리아 호,localization/korean/state_traits_l_korean.yml,148
state_trait_zagros_mountains,korean,,자그로스 산맥,localization/korean/state_traits_l_korean.yml,149
state_trait_turqoise_deposits,korean,,터키석 매장지,localization/korean/state_traits_l_korean.yml,150
state_trait_indus_valley,korean,,인더스 계곡,localization/korean/state_traits_l_korean.yml,151
state_trait_bengal_delta,korean,,겐지스 삼각주,localization/korean/state_traits_l_korean.yml,152
state_trait_cauvery_delta,korean,,코버리 삼각주,localization/korean/state_traits_l_korean.yml,153
state_trait_irrwaddy_delta,korean,,이라와디 삼각주,localization/korean/state_traits_l_korean.yml,154
state_trait_burmese_teak,korean,,버마 티크,localization/korean/state_traits_l_korean.yml,155
state_trait_mekong_delta,korean,,메콩 삼각주,localization/korean/state_traits_l_korean.yml,156
state_trait_chao_phraya_delta,korean,,차오프라야 삼각주,localization/korean/state_traits_l_korean.yml,157
state_trait_manila_bay,korean,,마닐라 만,localization/korean/state_traits_l_korean.yml,158
state_trait_kapuas_river,korean,,카푸아스강,localization/korean/state_traits_l_korean.yml,159
state_trait_sarawak_river,korean,,사라왁강,localization/korean/state_traits_l_korean.yml,160
state_trait_the_loess_plateau,korean,,황토 고원,localization/korean/state_traits_l_korean.yml,161
state_trait_the_red_basin,korean,,붉은 분지,localization/korean/state_traits_l_korean.yml,162
state_trait_new_caledonian_nickel,korean,,뉴칼레도니아 니켈,localization/korean/state_traits_l_korean.yml,163
state_trait_seto_inland_sea,korean,,세토 내해,localization/korean/state_traits_l_korean.yml,164
