province_hex,palette_index,pixel_count
00061A,255,304
000B6A,11,49
000B6A,255,479
000BD2,11,32
000BD2,255,301
001095,11,21
001095,255,547
001096,255,514
001B7C,11,14
001B7C,255,525
001C3E,11,23
001C3E,255,395
001F49,11,42
001F49,255,477
0028CF,255,280
002D21,255,294
003362,255,259
0038D9,255,366
003D04,11,25
003D04,255,336
00409B,11,16
00409B,255,254
0040C1,255,395
0048CD,255,289
0052F8,11,6
0052F8,255,465
00549A,255,322
0055AD,11,13
0055AD,255,295
00570F,255,294
00601E,11,25
00601E,255,140
006598,11,52
006598,255,368
0067BC,255,286
006B03,1,1
006B03,11,9
006B03,255,337
006BA2,255,538
006C6F,11,12
006C6F,255,452
00738A,255,264
0073B8,11,1
0073B8,255,362
007A27,255,305
007C49,11,6
007C49,255,238
007D96,255,470
0088E5,255,161
00900A,255,324
009A9C,11,8
009A9C,255,303
009D72,255,363
009E20,11,4
009E20,255,467
009E7B,255,357
009ED3,0,1
009ED3,11,4
009ED3,254,2294
00AD03,11,11
00AD03,255,281
00AEC1,255,449
00AF70,11,14
00AF70,254,2
00AF70,255,194
00AF71,11,3
00AF71,255,226
00B1F2,255,263
00B568,11,25
00B568,255,155
00BF7A,255,341
00C4EF,255,521
00C503,11,25
00C503,255,332
00C74D,255,61
00C778,11,4
00C778,255,441
00CBAA,255,265
00D392,11,7
00D392,255,299
00DC6E,255,388
00DEAB,255,407
00F76E,255,301
00F887,11,22
00F887,255,299
00F9BC,11,3
00F9BC,255,203
010B5D,255,278
010F8B,11,7
010F8B,255,390
0112A8,255,413
0116E6,255,310
011D69,255,216
012440,255,394
01297F,11,9
01297F,255,191
012C86,255,813
012D39,11,26
012D39,255,402
013286,11,13
013286,255,268
013747,11,5
013747,255,626
014642,255,282
014DE1,11,29
014DE1,255,287
014E1B,255,356
015971,11,12
015971,255,484
016438,11,9
016438,255,209
016439,255,201
0164F0,255,868
016735,11,4
016735,255,330
0167B4,255,362
016D79,255,293
017547,11,6
017547,255,283
017548,255,311
018154,255,249
018AAC,11,3
018AAC,255,452
019442,255,249
019DDF,255,406
019E5F,11,49
019E5F,255,534
01A1A0,11,14
01A1A0,255,248
01A438,255,224
01A456,255,430
01A6EA,255,367
01A846,255,304
01A92F,11,14
01A92F,255,178
01A930,255,275
01B41D,11,7
01B41D,255,211
01B90F,255,284
01BA73,255,238
01C9B9,255,358
01CBAB,255,279
01D034,11,2
01D034,255,581
01D129,255,282
01D7D1,255,181
01DC6B,255,334
01DC84,255,396
01E0B8,11,14
01E0B8,255,177
01E237,255,284
01F12C,255,354
01FAE2,255,264
01FC8C,11,30
01FC8C,255,194
02047D,255,380
020511,11,32
020511,255,613
020512,255,1425
02090F,11,23
02090F,255,669
020910,11,1
020910,255,454
020911,11,4
020911,255,212
020912,11,18
020912,255,442
020984,11,16
020984,255,299
0209A2,255,423
020BFC,255,330
020BFD,255,492
021119,255,424
0216E1,255,607
0218FB,255,627
021B3D,255,192
022208,255,333
022CD2,11,11
022CD2,255,257
02309B,255,346
02348D,255,542
0236CC,11,7
0236CC,255,291
023DDE,11,34
023DDE,255,227
0241B6,11,13
0241B6,255,402
024366,11,42
024366,254,64706
024367,11,35
024367,255,135
024780,255,246
02499A,255,854
024A98,255,312
0258C2,11,25
0258C2,255,335
025A65,11,20
025A65,255,438
025F42,255,248
026123,255,341
026301,255,679
0263EA,0,1
0263EA,11,1
0263EA,254,292
0265F2,255,306
027EA7,11,4
027EA7,255,260
0281C0,255,326
02852B,255,266
02874A,255,356
02891D,11,30
02891D,255,387
02897B,11,2
02897B,255,373
02942D,11,9
02942D,255,245
02942E,255,355
02A4DB,255,207
02A6B9,255,457
02A93E,11,17
02A93E,255,247
02B2E1,11,6
02B2E1,255,501
02BC43,255,799
02C14C,11,3
02C14C,255,250
02C47B,11,1
02C47B,255,348
02D224,255,382
02DACF,255,512
02E75F,11,33
02E75F,255,200
02E8C1,255,401
02EDA8,255,336
02EE5C,11,9
02EE5C,255,407
02F342,11,14
02F342,254,1
02F342,255,237
02F59E,255,398
0303BB,255,118
0304F0,255,273
030576,11,2
030576,255,411
030682,255,155
030F4F,255,431
031B02,255,368
031EC4,11,27
031EC4,255,298
0320A4,11,15
0320A4,255,224
0330F3,255,264
033607,11,19
033607,255,412
033692,255,382
03411E,255,412
034181,255,377
034232,11,5
034232,255,326
034294,11,18
034294,255,253
034401,11,28
034401,255,204
034498,255,273
034747,255,263
034801,11,4
034801,255,160
034A31,11,7
034A31,255,632
034A98,255,868
03503B,255,271
03552A,255,208
0357BF,255,324
035B96,255,171
03653C,255,235
036D5C,255,702
036F47,255,220
037FEA,11,7
037FEA,255,304
037FEF,255,228
038C80,255,172
038FE5,255,465
038FF2,255,332
03996C,11,3
03996C,255,213
03A14A,11,65
03A14A,254,50253
03A14B,11,14
03A14B,255,561
03A424,255,243
03B5AB,11,36
03B5AB,255,588
03B610,255,437
03B87E,254,3
03B87E,255,237
03B87F,255,349
03C65D,11,34
03C65D,255,191
03C86D,255,310
03CE81,11,29
03CE81,255,335
03D5C5,255,148
03DAA6,255,240
03E02F,255,226
03E468,255,124
03F480,11,6
03F480,255,389
03F8CC,255,495
0402CD,11,21
0402CD,255,262
0419E8,11,16
0419E8,255,316
041C85,255,624
042F2C,11,17
042F2C,255,244
043220,11,12
043220,255,237
0432E1,255,384
043461,11,17
043461,255,979
043901,11,11
043901,255,266
043E1B,11,35
043E1B,255,383
044071,255,431
04465B,255,687
04555F,255,276
045C06,255,437
04668D,255,257
04668E,11,17
04668E,255,278
046893,255,263
0468F5,255,153
0469B0,11,5
0469B0,255,441
047025,11,15
047025,255,221
047048,255,258
047575,255,224
04795A,11,10
04795A,255,313
047B76,11,14
047B76,255,195
048537,11,27
048537,255,222
048538,255,294
048E2C,255,416
0493BE,255,341
049C06,255,275
04A224,255,258
04AB91,11,18
04AB91,255,200
04AD96,255,216
04AF62,11,35
04AF62,255,333
04BA10,11,9
04BA10,255,341
04BF57,11,21
04BF57,255,356
04C2F9,255,269
04C57F,11,1
04C57F,255,332
04C76A,255,403
04C7AC,11,4
04C7AC,255,351
04CF32,11,4
04CF32,255,126
04D52D,11,18
04D52D,255,144
04D81A,255,524
04D865,255,414
04DEA1,255,204
04E340,11,17
04E340,255,523
04E426,255,230
04EE66,255,377
04F628,255,259
04F830,11,1
04F830,255,288
04F9BE,11,12
04F9BE,255,198
04F9BF,11,16
04F9BF,255,291
04FAEB,11,7
04FAEB,255,345
04FB09,255,239
04FD89,255,397
04FDD8,255,235
050042,255,179
0500D6,11,9
0500D6,255,895
0500D7,0,1
0500D7,11,18
0500D7,255,432
050C15,11,14
050C15,255,163
050C16,11,8
050C16,255,255
050D0C,255,411
050E1D,255,266
050F18,11,11
050F18,255,289
051895,11,7
051895,255,359
051A8B,255,340
051B53,255,157
051D13,255,307
052E9E,255,275
05318B,255,125
053201,11,8
053201,255,234
053CDA,11,16
053CDA,255,285
0542C6,11,26
0542C6,255,232
0542C7,255,294
054430,11,12
054430,255,262
054A78,11,17
054A78,255,170
055791,255,356
0564EA,11,11
0564EA,255,423
0566F0,11,7
0566F0,255,325
056729,11,2
056729,255,319
056AA0,255,374
05701F,255,248
0571B9,11,24
0571B9,255,318
057670,255,330
057697,255,282
0579B9,255,305
057AC5,11,39
057AC5,255,463
057AE8,255,591
05801D,11,11
05801D,255,197
0596C7,11,9
0596C7,255,147
05A3D7,11,23
05A3D7,255,315
05A3D8,255,249
05A9B3,255,285
05AF04,255,322
05B240,255,379
05B50A,255,300
05B745,255,387
05BA4E,255,338
05BA7C,11,14
05BA7C,255,429
05BC1D,11,16
05BC1D,255,390
05BFED,11,14
05BFED,255,77
05BFEE,11,20
05BFEE,255,297
05C87A,11,5
05C87A,255,289
05CDBC,255,288
05D418,11,20
05D418,255,260
05D419,11,5
05D419,255,351
05DB65,255,199
05DE90,255,165
05E652,11,7
05E652,255,330
05EC56,11,1
05EC56,255,566
05EDE7,255,371
05F195,11,3
05F195,255,240
0607E3,11,22
0607E3,255,300
060B2A,11,7
060B2A,255,368
060FEC,11,15
060FEC,255,298
06153E,255,48
061642,255,281
061FF2,255,173
061FF3,255,457
062263,255,475
0622F9,0,2
0622F9,11,7
0622F9,254,3781
0622F9,255,13
0622FA,255,257
062BB0,11,18
062BB0,255,215
063882,255,356
063A50,11,4
063A50,255,117
063D5C,255,370
064883,255,192
064AD5,11,2
064AD5,255,284
064F58,1,1
064F58,11,9
064F58,255,317
06530D,11,27
06530D,255,333
0658F5,255,56
065A5C,255,262
0663B4,11,3
0663B4,255,266
0666D3,11,31
0666D3,255,369
066ABF,11,8
066ABF,255,532
066EA7,255,331
0674AD,255,264
067727,255,557
06793F,255,381
0683B8,11,26
0683B8,255,173
0683B9,255,426
068973,11,15
068973,255,209
068E0E,11,4
068E0E,255,522
068EC1,255,292
06940E,255,318
069A4B,255,221
069D58,255,455
069E39,11,26
069E39,255,223
06A392,11,32
06A392,255,383
06AD75,11,26
06AD75,255,455
06BFB6,255,448
06C2DF,255,360
06C629,255,240
06C83E,255,232
06CB2E,11,40
06CB2E,255,238
06D909,11,20
06D909,255,158
06D90A,11,10
06D90A,255,250
06DDA0,255,491
06E202,11,7
06E202,255,179
06E7E4,11,15
06E7E4,255,298
06EDF1,11,5
06EDF1,255,228
06F0CD,255,314
06F1C6,255,284
06F2FB,255,266
06F4B7,11,29
06F4B7,255,576
06FCC7,255,496
06FE76,255,256
070536,11,6
070536,255,224
070607,255,404
070E86,255,563
070FFF,255,665
071532,255,149
071533,255,372
072040,11,3
072040,255,222
072641,255,363
072B52,255,290
07391D,255,212
073AE6,255,315
073BF7,11,30
073BF7,255,341
073C36,11,28
073C36,255,392
073FF3,11,30
073FF3,255,436
074C3D,255,337
075B44,255,288
076003,11,12
076003,255,415
0767FB,255,345
076B42,11,10
076B42,255,212
076D8F,11,30
076D8F,255,343
076DC5,11,18
076DC5,255,277
07756F,11,6
07756F,255,208
0776E6,255,230
07805B,255,684
0780A2,255,266
0780B2,255,343
0783C1,11,4
0783C1,255,298
078D93,11,6
078D93,255,228
078DED,0,1
078DED,11,15
078DED,254,139
079092,255,306
0798EE,11,5
0798EE,255,427
079BA3,255,378
079CCC,11,27
079CCC,254,21149
079CCD,255,264
079E88,11,32
079E88,255,477
07A5E9,11,9
07A5E9,255,255
07A8E8,11,13
07A8E8,255,152
07A8E9,255,405
07AA54,255,350
07B777,0,1
07B777,11,8
07B777,255,317
07BE58,255,395
07C136,11,29
07C136,255,304
07C211,11,18
07C211,255,354
07C8E2,11,10
07C8E2,255,360
07D167,255,146
07DAFF,11,31
07DAFF,255,292
07E1D9,255,249
07E23C,1,1
07E23C,11,25
07E23C,255,265
07E910,11,17
07E910,255,158
07FD53,255,205
07FDFD,255,368
080D3A,11,4
080D3A,255,209
080F96,11,13
080F96,255,188
080FC0,255,331
0810FD,255,203
081231,11,3
081231,255,338
081A2A,255,388
081ADF,255,282
081DA8,11,45
081DA8,255,598
081E21,11,4
081E21,255,336
082FDC,255,491
083485,255,282
084163,11,20
084163,255,479
084B95,255,318
084C48,255,160
084C49,11,31
084C49,255,140
084CEB,11,21
084CEB,255,322
086308,255,227
0866E0,255,315
0869A1,255,335
087897,255,211
087E26,255,346
0881E2,255,303
088D58,255,352
088EE7,255,346
088FC9,11,8
088FC9,255,281
089949,255,376
089C7B,11,7
089C7B,255,261
089EA5,11,4
089EA5,255,471
08A140,11,5
08A140,255,245
08A838,255,533
08AB47,11,15
08AB47,255,255
08AB48,0,1
08AB48,11,6
08AB48,255,264
08AF3E,11,10
08AF3E,255,197
08B8BF,255,276
08C163,11,10
08C163,255,206
08C325,255,267
08C7B8,255,178
08C923,255,688
08D961,11,24
08D961,255,216
08DA0A,255,385
08DA57,255,330
08DCE7,255,188
08DCE8,255,238
08E3DE,11,24
08E3DE,255,515
08F449,11,10
08F449,255,277
08FCB7,255,557
090389,255,305
0905CC,255,355
09079F,255,448
0909D7,255,758
090F7C,255,442
0917B1,11,5
0917B1,255,129
0917B2,255,299
091A35,11,36
091A35,255,252
0927ED,255,257
0939BF,11,7
0939BF,255,473
093A50,255,321
093A55,11,8
093A55,255,293
093AA8,255,316
09408E,255,373
0942CA,255,270
094324,255,277
094D30,255,386
095015,11,20
095015,255,370
0950CA,255,382
095658,255,411
09587E,11,3
09587E,255,215
09587F,11,15
09587F,255,199
0959C1,11,31
0959C1,255,559
0959E3,11,4
0959E3,255,680
095D47,11,3
095D47,255,248
096233,11,12
096233,255,331
096239,11,7
096239,255,301
096356,11,5
096356,255,332
096920,11,42
096920,255,260
096D87,11,10
096D87,255,455
096E2D,255,349
0979B3,255,204
098840,11,10
098840,255,308
0989A1,11,1
0989A1,255,538
098AEE,254,156
098AEF,255,242
098BA1,2,1
098BA1,11,21
098BA1,255,124
0997CB,255,254
0997CC,255,419
099CEC,254,2
099CEC,255,256
099CED,255,249
099DDF,11,15
099DDF,255,657
09A332,11,36
09A332,255,298
09A696,255,323
09ABA5,255,189
09ACCC,255,428
09B39F,255,368
09B5BD,11,27
09B5BD,255,385
09B6AB,11,20
09B6AB,255,278
09B9E3,11,8
09B9E3,255,378
09C36F,255,536
09C8B3,255,283
09C957,255,310
09CCE7,255,356
09D439,11,4
09D439,255,434
09D44A,11,12
09D44A,255,284
09D81B,11,5
09D81B,255,336
09E01D,255,715
09E785,11,10
09E785,255,267
09E7B1,255,410
09EEAE,11,11
09EEAE,255,221
09EF2E,11,12
09EF2E,255,336
09F2DC,11,1
09F2DC,255,507
09F559,11,7
09F559,255,192
09F873,11,18
09F873,255,266
0A05CC,255,230
0A0945,11,30
0A0945,255,155
0A0F12,11,1
0A0F12,255,409
0A1039,11,13
0A1039,255,409
0A1721,11,21
0A1721,255,214
0A22EC,11,23
0A22EC,255,359
0A2406,11,5
0A2406,255,314
0A285D,255,334
0A2A42,11,5
0A2A42,255,297
0A2AED,255,343
0A3C25,255,370
0A3C97,11,5
0A3C97,255,226
0A4BC6,11,11
0A4BC6,255,172
0A4BDA,255,326
0A54A4,11,26
0A54A4,255,392
0A56A0,11,21
0A56A0,255,185
0A657E,11,7
0A657E,255,380
0A7349,11,25
0A7349,255,363
0A74CB,255,467
0A7934,11,4
0A7934,255,337
0A8B58,11,9
0A8B58,254,1
0A8B58,255,182
0A8B59,255,286
0A8E1E,255,469
0A8EDB,255,1209
0A99A4,11,4
0A99A4,255,351
0A99FE,255,408
0AA11F,11,11
0AA11F,255,407
0AAC30,11,24
0AAC30,255,302
0AAE18,255,439
0AB010,255,353
0AB3AE,11,8
0AB3AE,255,119
0AB3AF,255,303
0ABD03,11,20
0ABD03,255,369
0AC29D,11,7
0AC29D,255,307
0ACCE9,255,183
0ACCEA,255,198
0ACD49,255,360
0ACDAC,255,217
0ACE95,0,1
0ACE95,11,19
0ACE95,255,377
0ACF6C,11,2
0ACF6C,255,216
0ACF6D,255,364
0AD742,11,11
0AD742,255,352
0AD75A,255,406
0ADCB9,255,419
0AE372,11,15
0AE372,255,404
0AE37B,255,301
0AE9B2,11,14
0AE9B2,255,249
0AE9E2,255,270
0AED7B,11,37
0AED7B,255,217
0AEF0B,255,219
0AF63B,255,401
0B086B,255,795
0B0F4E,255,366
0B1252,11,8
0B1252,255,212
0B1C4B,11,12
0B1C4B,255,202
0B1C4C,11,4
0B1C4C,255,301
0B1EEC,254,3
0B1EEC,255,134
0B1EED,11,14
0B1EED,255,324
0B2547,255,267
0B2FBF,255,306
0B3BBB,255,363
0B3C6C,11,3
0B3C6C,255,343
0B3CB0,255,501
0B446D,11,8
0B446D,255,385
0B45D1,255,141
0B47A9,255,430
0B4BF3,11,22
0B4BF3,255,200
0B4EDA,255,256
0B4F65,255,75
0B5357,11,4
0B5357,255,342
0B539B,255,317
0B5BC5,255,297
0B6267,11,10
0B6267,255,170
0B6545,11,3
0B6545,255,234
0B6546,255,325
0B74A0,11,21
0B74A0,255,307
0B785C,11,3
0B785C,255,404
0B79A2,255,318
0B8393,255,267
0B87D5,11,1
0B87D5,255,368
0B9694,255,422
0B9973,11,15
0B9973,255,271
0B9AC4,11,4
0B9AC4,255,220
0B9B89,255,555
0B9D06,11,3
0B9D06,255,160
0B9E52,11,13
0B9E52,255,147
0BA8B8,255,477
0BAB02,255,296
0BAE22,11,21
0BAE22,255,291
0BB7F9,11,4
0BB7F9,255,165
0BB7FA,11,5
0BB7FA,255,252
0BBE60,255,222
0BC028,255,392
0BC72A,255,359
0BCBE7,11,1
0BCBE7,255,238
0BCBE8,255,387
0BCC6A,11,11
0BCC6A,255,251
0BCC98,255,300
0BCEB5,11,30
0BCEB5,255,412
0BD342,11,4
0BD342,255,261
0BD7A5,255,371
0BE431,255,449
0BE56F,11,20
0BE56F,255,245
0BE570,255,253
0BEBAB,11,16
0BEBAB,255,517
0BEBF9,11,25
0BEBF9,255,301
0BF16A,11,5
0BF16A,255,289
0BF3E7,0,2
0BF3E7,11,11
0BF3E7,254,1624
0BF3E7,255,3
0BF3E8,11,4
0BF3E8,255,195
0C0253,11,12
0C0253,255,475
0C03C0,255,168
0C0806,255,158
0C0E04,255,354
0C15D6,11,4
0C15D6,255,243
0C172D,11,12
0C172D,255,394
0C1A71,255,125
0C1BF8,255,477
0C2242,11,4
0C2242,255,490
0C24C3,11,23
0C24C3,255,192
0C24C4,255,274
0C2617,11,14
0C2617,255,216
0C2F6F,11,2
0C2F6F,255,512
0C3408,11,35
0C3408,255,147
0C3409,11,26
0C3409,255,242
0C3FCC,255,414
0C4818,1,1
0C4818,11,47
0C4818,255,377
0C48D3,255,111
0C4D09,255,175
0C4E88,11,12
0C4E88,255,157
0C5044,11,10
0C5044,255,331
0C52B3,255,229
0C54D3,255,321
0C5677,255,205
0C5678,255,202
0C5C66,11,19
0C5C66,255,296
0C6479,255,213
0C6CBD,255,411
0C7083,11,15
0C7083,255,411
0C7463,11,25
0C7463,255,456
0C7A02,0,1
0C7A02,11,4
0C7A02,254,5
0C7A02,255,261
0C7A03,255,242
0C7CB1,11,6
0C7CB1,255,255
0C80F9,11,20
0C80F9,255,220
0C88C3,11,12
0C88C3,255,388
0C8970,255,346
0C912A,11,14
0C912A,255,478
0C914E,11,10
0C914E,255,138
0CA3D8,255,281
0CAF05,255,236
0CAFE4,11,13
0CAFE4,255,387
0CBC8D,255,210
0CBF5E,255,559
0CC7FC,11,5
0CC7FC,255,289
0CC89D,11,12
0CC89D,255,209
0CD25F,255,304
0CD260,255,261
0CD810,255,218
0CDA77,255,226
0CE0CF,11,3
0CE0CF,255,464
0CE0FD,255,449
0CE329,11,10
0CE329,255,422
0CE43C,255,170
0CE44D,255,254
0CE8A7,11,6
0CE8A7,255,210
0CEB72,11,14
0CEB72,255,344
0CEC4A,11,7
0CEC4A,255,274
0CF326,255,295
0CF712,255,327
0CF731,255,514
0CF75C,255,481
0CF89F,11,7
0CF89F,255,245
0CFA2E,255,205
0CFBAE,11,21
0CFBAE,255,460
0D033C,11,15
0D033C,255,702
0D06FC,255,490
0D153F,255,288
0D1540,255,367
0D15A9,11,8
0D15A9,255,274
0D1955,11,12
0D1955,255,448
0D23A2,255,321
0D26B0,255,294
0D2D5C,11,14
0D2D5C,255,292
0D2D79,255,427
0D307E,11,2
0D307E,255,322
0D3C65,255,258
0D40F2,255,455
0D48D7,11,18
0D48D7,255,332
0D4C98,11,12
0D4C98,255,185
0D4C99,255,298
0D5157,11,6
0D5157,255,387
0D5AC0,11,4
0D5AC0,255,444
0D5B1D,11,5
0D5B1D,255,294
0D5CB8,255,316
0D6402,255,399
0D66E8,255,367
0D6ED8,11,24
0D6ED8,255,562
0D7392,11,8
0D7392,255,347
0D7EF0,11,7
0D7EF0,255,284
0D7EFC,11,16
0D7EFC,255,110
0D83DB,11,25
0D83DB,255,447
0D84B0,11,11
0D84B0,255,240
0D854D,255,553
0D8846,255,35
0D8D20,11,5
0D8D20,255,376
0D8FDB,11,6
0D8FDB,255,316
0D92A8,255,322
0D9948,11,3
0D9948,255,259
0D9F1E,0,1
0D9F1E,11,8
0D9F1E,255,428
0DA989,11,16
0DA989,255,233
0DAE41,11,28
0DAE41,255,362
0DAE43,255,215
0DAEF0,11,23
0DAEF0,255,352
0DB084,255,213
0DB849,255,443
0DB941,255,469
0DBB71,11,13
0DBB71,255,429
0DBD27,11,11
0DBD27,255,432
0DC264,11,6
0DC264,255,353
0DCA1E,11,24
0DCA1E,255,223
0DCCF0,11,23
0DCCF0,255,244
0DD5B3,11,8
0DD5B3,255,112
0DDAFE,11,2
0DDAFE,255,346
0DDB49,255,469
0DDDA5,0,2
0DDDA5,11,74
0DDDA5,255,721
0DE2EC,255,190
0DE2ED,255,318
0DF4BC,255,219
0DF82E,11,26
0DF82E,255,544
0DF8D8,11,15
0DF8D8,255,369
0DF977,11,35
0DF977,255,337
0E0666,11,25
0E0666,255,261
0E1245,11,7
0E1245,255,312
0E1366,255,240
0E150D,11,21
0E150D,255,307
0E15E0,255,1057
0E16ED,255,510
0E2E47,255,203
0E30E5,255,264
0E31D2,255,367
0E3790,11,49
0E3790,255,478
0E3B57,255,432
0E3DEC,11,18
0E3DEC,255,177
0E415F,255,282
0E42B7,255,396
0E4BAA,255,217
0E4ECD,255,511
0E5039,11,19
0E5039,255,313
0E5517,11,10
0E5517,255,365
0E5C81,255,373
0E5E18,255,168
0E6208,254,10
0E6208,255,160
0E6209,255,268
0E6255,255,426
0E6509,255,199
0E650A,11,23
0E650A,255,199
0E69ED,255,289
0E7208,255,192
0E7271,255,203
0E75EA,255,463
0E7DC8,255,316
0E8265,255,443
0E8510,255,262
0E8E71,11,1
0E8E71,255,207
0E9C40,11,9
0E9C40,255,344
0E9DA6,255,174
0E9E2F,255,259
0EA057,255,381
0EA513,11,7
0EA513,255,293
0EA80E,11,5
0EA80E,255,186
0EA82A,255,246
0EAA87,255,385
0EBA6D,255,426
0EBDC8,255,63
0EBDC9,11,19
0EBDC9,255,115
0EBE22,11,2
0EBE22,255,190
0EC246,255,229
0EC309,255,435
0EC328,0,1
0EC328,11,2
0EC328,255,369
0EC697,11,4
0EC697,255,630
0EC698,11,42
0EC698,255,566
0ED033,255,522
0EDA26,255,335
0EDB32,11,23
0EDB32,255,372
0EDC51,11,22
0EDC51,255,472
0EEC16,11,16
0EEC16,255,333
0EEF8F,255,491
0EF190,255,401
0EF1B0,255,322
0EF6A7,255,444
0EF8C1,11,31
0EF8C1,255,241
0F0104,11,2
0F0104,255,184
0F0105,11,5
0F0105,255,222
0F029B,11,19
0F029B,255,235
0F03C7,11,7
0F03C7,255,255
0F0B43,255,173
0F10EC,255,365
0F1896,11,38
0F1896,255,236
0F1DB7,11,8
0F1DB7,255,649
0F2DE3,255,777
0F33DB,11,42
0F33DB,255,431
0F4D2A,11,15
0F4D2A,255,286
0F52A4,11,7
0F52A4,255,600
0F5922,255,334
0F5923,255,663
0F6393,11,2
0F6393,255,342
0F6492,255,173
0F650C,255,214
0F7490,255,691
0F7B3C,11,10
0F7B3C,255,180
0F7D5F,11,12
0F7D5F,255,231
0F8127,11,16
0F8127,255,347
0F817E,11,11
0F817E,255,361
0F837A,11,24
0F837A,255,488
0F8DE3,11,13
0F8DE3,255,412
0F90EA,11,4
0F90EA,255,431
0F9601,11,15
0F9601,255,368
0F98B8,11,16
0F98B8,255,141
0F9EEC,255,188
0F9FA2,11,6
0F9FA2,255,252
0FA2BC,11,24
0FA2BC,255,260
0FB06A,255,347
0FB286,11,11
0FB286,255,158
0FBA55,11,6
0FBA55,254,9
0FBA55,255,148
0FBA56,255,310
0FC8D4,255,242
0FCDED,11,21
0FCDED,255,341
0FCE82,255,234
0FD1FF,11,4
0FD1FF,255,258
0FD3E9,11,18
0FD3E9,255,461
0FD3EA,0,1
0FD3EA,11,8
0FD3EA,255,1155
0FDB74,11,19
0FDB74,255,286
0FDD54,255,400
0FDE18,255,338
0FE11E,1,1
0FE11E,11,29
0FE11E,255,256
0FE452,11,5
0FE452,255,359
0FE471,255,394
0FE4E2,11,12
0FE4E2,255,244
0FE9DA,0,1
0FE9DA,11,9
0FE9DA,255,396
0FEAEA,255,305
0FF1CB,255,283
0FF8C4,255,239
0FFBCB,255,259
100049,255,242
1006D7,255,154
100863,255,231
100AA0,11,2
100AA0,255,271
100C58,11,6
100C58,255,352
100FD0,255,412
1010CF,11,6
1010CF,255,232
101271,255,522
101450,11,3
101450,255,281
10177A,255,511
101D48,11,25
101D48,255,388
101E04,255,638
1027E4,255,312
102A4D,255,216
102F58,11,33
102F58,255,183
103DB9,11,12
103DB9,255,321
1057F8,255,269
106113,255,336
106525,11,39
106525,255,260
1065BA,11,4
1065BA,255,365
106792,11,21
106792,255,245
106BD2,11,41
106BD2,255,385
106D34,11,17
106D34,255,245
106EBE,255,189
107144,255,222
107A27,11,19
107A27,255,206
107CE5,11,17
107CE5,255,228
1081C0,255,311
10834A,255,426
10A059,11,12
10A059,255,299
10A05A,255,422
10A7A4,255,181
10ABD3,11,3
10ABD3,255,244
10B289,11,20
10B289,255,302
10B2B9,255,243
10B8E5,11,35
10B8E5,255,451
10BEE9,255,674
10C00E,11,14
10C00E,255,560
10C063,11,12
10C063,255,221
10C3D5,255,407
10C87D,11,24
10C87D,255,357
10CAFB,255,493
10CFCE,255,207
10D02B,255,114
10D7EE,255,206
10F032,255,473
10F170,11,19
10F170,255,146
10F228,255,244
10F736,11,6
10F736,255,167
10F737,11,1
10F737,255,371
10F893,255,255
10F894,255,223
10F896,11,34
10F896,255,406
10FF13,255,240
11036D,11,9
11036D,255,311
11074F,11,8
11074F,255,239
110F37,11,8
110F37,255,618
111108,11,5
111108,255,444
111360,11,27
111360,255,503
1116D1,255,490
1117E1,255,296
111D75,11,9
111D75,255,270
111D76,255,468
11229F,255,352
11250F,255,171
112D48,11,4
112D48,255,320
112ECA,11,14
112ECA,255,183
112ECB,11,9
112ECB,255,350
113987,255,231
113BBF,11,42
113BBF,255,1060
113F2A,11,2
113F2A,255,386
114553,11,22
114553,255,369
114C60,255,335
114D28,11,4
114D28,255,300
114DA3,11,21
114DA3,255,157
114DA4,255,286
114F18,255,411
1150BE,2,1
1150BE,11,20
1150BE,255,179
1153AB,255,156
115414,255,287
115B10,11,27
115B10,255,335
115E61,255,734
11623D,11,27
11623D,255,266
11643E,11,7
11643E,255,292
116C90,255,124
116E9E,11,20
116E9E,255,366
116F13,11,12
116F13,255,474
1170B0,255,276
1179B1,255,306
117DA3,11,20
117DA3,255,479
1186A3,11,36
1186A3,255,376
118E1A,11,6
118E1A,255,285
1192CE,11,2
1192CE,255,218
119313,255,159
11A561,11,9
11A561,255,293
11B27A,255,265
11B93C,11,7
11B93C,255,320
11BE47,255,176
11C9D9,255,250
11CB16,11,4
11CB16,255,145
11CB17,11,16
11CB17,255,225
11CD55,255,97
11CE63,255,469
11CE96,255,453
11D034,255,193
11E474,11,5
11E474,255,192
11E4E8,255,187
11E544,255,327
11E6F8,11,8
11E6F8,255,235
11E9C3,11,17
11E9C3,255,524
11ED9B,255,302
11F4E7,0,1
11F4E7,11,28
11F4E7,255,311
11F672,11,20
11F672,255,228
11FB0C,11,34
11FB0C,255,274
11FE5E,255,330
1200EF,11,19
1200EF,255,303
1201E2,255,328
1207EC,255,552
12095B,255,296
1212F1,255,380
121543,11,13
121543,255,279
1218AF,11,8
1218AF,255,235
122166,255,261
1226F1,11,15
1226F1,255,277
123608,255,382
123B7E,11,21
123B7E,255,499
123DCE,11,4
123DCE,255,160
12436B,11,12
12436B,255,270
124CFF,11,5
124CFF,255,350
1250BA,11,2
1250BA,255,308
125177,255,316
12544D,255,335
1255F4,255,299
125F7B,11,5
125F7B,255,246
12693E,11,13
12693E,255,355
126EBF,11,46
126EBF,255,122
126F72,1,1
126F72,11,46
126F72,255,256
12741B,11,13
12741B,255,370
12753D,255,288
1279EE,255,313
127E58,11,42
127E58,255,289
12818E,11,26
12818E,255,581
12835E,11,7
12835E,255,386
128465,255,412
12886F,255,561
1288CF,11,26
1288CF,255,420
129105,11,30
129105,255,241
129106,255,420
129186,255,234
129400,11,19
129400,255,297
12A541,255,318
12A7B2,11,9
12A7B2,255,464
12B2A7,11,3
12B2A7,255,386
12C031,255,373
12CC18,11,8
12CC18,255,273
12CDC8,255,280
12CF1F,11,20
12CF1F,255,85
12DD67,11,7
12DD67,255,361
12E345,255,292
12F05F,255,308
12F13A,11,1
12F13A,255,304
12F479,11,2
12F479,255,275
12F5AE,255,242
12F7E2,255,627
12F7FF,2,1
12F7FF,11,30
12F7FF,255,269
12FBD8,255,176
12FEE1,11,4
12FEE1,255,285
130B81,11,1
130B81,255,440
130BD7,255,428
130FE5,255,360
130FE6,11,2
130FE6,255,562
130FF7,11,11
130FF7,254,9
130FF7,255,577
1313A9,11,12
1313A9,255,302
131A9A,255,325
131F40,0,1
131F40,11,23
131F40,255,312
1324C2,11,32
1324C2,255,240
13264C,11,16
13264C,255,416
132739,255,487
132A8A,255,404
132BF4,255,354
132E2B,255,535
132F40,255,148
13335D,11,25
13335D,255,97
13335E,255,302
1335CD,11,24
1335CD,255,261
133760,255,238
1340A6,11,7
1340A6,255,662
1345F3,11,15
1345F3,255,419
1346D4,11,37
1346D4,255,407
1347A3,255,371
135041,11,25
135041,255,422
13518B,11,3
13518B,255,346
13550C,11,5
13550C,255,480
135684,255,314
13584E,11,4
13584E,255,347
135DD1,11,14
135DD1,255,1089
137046,255,403
1370EF,11,52
1370EF,254,180868
1370EF,255,48
1370F0,11,11
1370F0,255,352
1372E0,255,318
137AB6,255,425
1381C1,255,151
138764,255,429
1390C4,11,3
1390C4,255,445
139D93,255,278
13A18F,255,148
13A3F5,11,36
13A3F5,255,706
13A71E,11,28
13A71E,255,829
13A868,255,346
13A991,11,10
13A991,255,136
13A992,255,335
13AAAA,11,18
13AAAA,255,377
13B46D,11,9
13B46D,255,307
13B4CA,255,227
13B580,255,425
13B6E4,11,12
13B6E4,255,513
13BBF1,11,1
13BBF1,255,392
13C8B0,255,237
13C99F,255,183
13D0FE,255,297
13D53A,255,457
13D607,255,376
13D854,255,143
13DC84,255,259
13DDA3,11,18
13DDA3,255,234
13DDA4,255,277
13EBC7,255,316
140CD5,255,347
14158C,255,455
1417AD,11,34
1417AD,255,296
1419B2,11,27
1419B2,254,24648
1419B3,11,18
1419B3,255,374
142D5C,11,1
142D5C,255,194
142FAA,255,169
14349D,255,356
1436DD,255,197
143A4A,11,26
143A4A,255,141
143A4B,11,36
143A4B,255,258
143B78,255,303
143DCA,0,1
143DCA,11,18
143DCA,255,326
143F8C,255,276
144166,11,5
144166,255,177
144167,255,228
1442FF,255,460
144C85,11,29
144C85,255,453
145109,11,39
145109,255,543
145824,0,1
145824,11,1
145824,255,351
145FC8,11,6
145FC8,255,503
146FEA,11,4
146FEA,255,321
147A83,255,467
147C72,11,9
147C72,255,292
147D78,255,288
147EF0,11,4
147EF0,255,375
1480C9,255,283
1481AE,11,10
1481AE,255,367
14887F,255,262
148925,11,24
148925,255,307
148982,11,21
148982,255,163
148983,255,337
148B59,11,23
148B59,255,387
148C2E,255,297
148D98,255,391
1495FA,255,422
149C47,255,418
149F3E,255,386
14A153,255,202
14A23D,255,411
14A5C4,0,1
14A5C4,11,3
14A5C4,255,996
14A6C9,255,307
14A784,255,84
14ACE5,255,502
14B857,255,376
14BBF0,255,440
14BF05,11,9
14BF05,255,280
14C0C5,11,20
14C0C5,255,705
14D085,255,309
14DE4F,11,22
14DE4F,255,455
14DEDD,255,397
14DF93,11,14
14DF93,255,363
14E7BE,255,424
14F476,255,358
14F806,255,585
14F909,255,225
14FD14,255,462
14FFAE,11,3
14FFAE,255,435
150CF8,255,475
151096,255,292
1511D7,255,209
1514CE,11,11
1514CE,255,217
1514CF,255,284
152084,11,13
152084,255,274
15268C,11,7
15268C,255,321
152DE3,255,364
153248,11,28
153248,255,339
1532F4,11,20
1532F4,255,223
1532F5,11,22
1532F5,255,211
15382C,255,498
154148,11,5
154148,255,434
154469,11,27
154469,255,159
15466E,11,5
15466E,255,514
1549D7,255,194
154F69,255,328
1550B0,11,30
1550B0,255,284
1550F8,11,23
1550F8,255,200
155272,11,3
155272,255,291
1556B4,255,254
155FFD,11,18
155FFD,255,276
156D7F,11,19
156D7F,255,91
157972,11,14
157972,255,337
15797D,255,435
1579B1,255,192
157EDA,255,555
157F4C,255,69
158290,11,14
158290,255,290
158C3A,255,248
158CFE,255,261
158DF5,11,34
158DF5,255,327
158EB8,11,3
158EB8,255,306
15945F,255,283
15A365,255,428
15A68E,11,15
15A68E,255,237
15AFBA,1,1
15AFBA,11,9
15AFBA,255,249
15B258,11,3
15B258,255,349
15B41D,255,393
15B4AE,11,11
15B4AE,255,187
15B4AF,255,345
15B4E3,255,421
15B725,255,328
15B7FF,11,4
15B7FF,255,329
15BA46,255,260
15BF50,11,19
15BF50,255,266
15CAA0,11,32
15CAA0,255,90
15CF38,255,255
15D1DA,11,7
15D1DA,255,185
15D953,11,13
15D953,255,457
15E83A,11,27
15E83A,255,298
15E84F,255,314
15EC69,11,7
15EC69,255,248
15F328,255,235
15F9C9,255,342
15FA82,255,308
15FB9D,11,4
15FB9D,255,506
160A99,11,3
160A99,255,431
160C99,11,11
160C99,255,172
160C9A,11,12
160C9A,255,326
161065,255,252
161154,255,413
1612EF,11,5
1612EF,255,238
1625B6,11,22
1625B6,255,241
162A53,255,193
162EEE,11,5
162EEE,255,205
163029,11,13
163029,255,246
163298,11,21
163298,255,307
1633B4,255,281
164B39,11,24
164B39,255,273
165F5A,255,242
166D78,11,1
166D78,255,73
16713D,255,242
1672C5,11,25
1672C5,255,214
167C8B,11,6
167C8B,255,376
168786,255,437
16892B,11,1
16892B,255,227
1692D3,0,1
1692D3,11,4
1692D3,255,481
16971C,0,1
16971C,11,7
16971C,255,131
16A10F,11,2
16A10F,255,153
16A129,255,275
16A159,255,338
16AA2C,255,312
16B332,11,17
16B332,255,247
16B491,255,307
16B901,11,13
16B901,255,319
16BAE1,255,201
16BB94,11,8
16BB94,255,238
16BF7A,255,583
16C34D,255,173
16CD21,255,246
16D053,11,7
16D053,255,217
16D054,255,380
16D360,11,7
16D360,255,300
16D893,255,348
16D8A7,255,541
16E00A,1,1
16E00A,11,23
16E00A,255,184
16EF52,11,21
16EF52,255,337
16F0A9,255,315
16FDAC,11,9
16FDAC,255,100
16FFF8,11,13
16FFF8,255,195
17035C,255,330
1712AA,255,241
171352,11,17
171352,255,437
171A26,11,9
171A26,255,245
171A36,255,303
1721E5,255,295
172B6F,255,392
172D03,11,5
172D03,255,270
172E7A,11,1
172E7A,255,300
1730DA,255,402
1737E1,11,23
1737E1,255,290
173E64,254,3
173E64,255,208
173E65,11,2
173E65,255,294
1743B9,11,13
1743B9,255,289
174A39,255,263
175D9B,11,20
175D9B,255,881
1760DE,255,284
17614B,255,267
1761C5,11,11
1761C5,255,365
1762FA,255,414
176449,255,219
176682,255,607
176BF4,11,2
176BF4,255,260
176FDF,11,9
176FDF,255,344
1778FA,254,2
1778FA,255,231
1778FB,255,271
177A5D,11,11
177A5D,255,341
17846C,11,2
17846C,255,473
178B9F,255,219
178D69,11,1
178D69,255,190
178D6A,255,320
179302,11,23
179302,255,167
179303,255,192
179420,11,15
179420,255,310
179C6B,255,438
17A203,11,12
17A203,255,265
17A216,11,17
17A216,255,256
17ABA9,11,17
17ABA9,255,267
17AE7C,11,7
17AE7C,255,310
17B5DD,255,230
17BBE1,255,354
17BEF6,255,404
17C0EA,255,151
17C63B,11,11
17C63B,255,327
17C6A4,11,1
17C6A4,255,285
17C914,11,1
17C914,255,215
17CACD,11,8
17CACD,255,329
17D056,255,218
17D508,255,319
17D59D,255,870
17DAA4,11,4
17DAA4,255,237
17DE1B,11,13
17DE1B,255,282
17E1B1,11,2
17E1B1,255,260
17E4F8,255,365
17E840,255,502
17F0B6,11,23
17F0B6,255,302
17F2C9,11,10
17F2C9,255,304
17F441,255,375
180AA3,11,7
180AA3,255,263
18107E,11,18
18107E,255,269
1814E7,255,416
183D5B,11,8
183D5B,255,189
184A3D,255,281
185A33,255,117
18626C,255,382
1865FB,11,12
1865FB,255,363
186A2E,11,9
186A2E,255,354
187148,255,290
187FB4,11,5
187FB4,255,356
18814C,11,3
18814C,255,350
1886F7,255,357
188AD5,255,203
188F62,11,11
188F62,255,381
1893EB,11,15
1893EB,255,325
189BAA,255,438
189C71,255,544
18A14E,254,4
18A14E,255,133
18A14F,11,20
18A14F,255,244
18A9B7,11,22
18A9B7,255,334
18AA7D,255,386
18AD6A,255,170
18AD6B,255,254
18AE87,255,170
18BD94,11,5
18BD94,255,140
18C3FB,11,9
18C3FB,255,246
18C6BB,11,19
18C6BB,255,269
18C8D9,11,17
18C8D9,255,425
18D2B8,255,288
18D2F5,255,247
18D511,255,241
18D72D,255,465
18DBEE,255,177
18DC02,255,568
18E9AA,255,213
18E9AB,11,18
18E9AB,255,231
18EAC1,255,213
18F660,255,392
18F8C8,255,448
19023A,11,47
19023A,255,436
190A8F,255,302
190B68,255,327
1911FD,11,23
1911FD,255,773
191944,255,436
191A01,255,238
1922B2,11,21
1922B2,255,222
1924D8,255,341
1928EC,255,392
192B7B,11,10
192B7B,255,187
193056,11,17
193056,255,228
1930D6,255,253
193F91,11,27
193F91,255,305
194666,11,9
194666,255,189
194667,255,249
1948A1,11,12
1948A1,255,352
1948E2,2,1
1948E2,11,33
1948E2,255,284
194F0E,11,16
194F0E,255,272
194F0F,255,340
19510C,255,387
19510D,255,265
1953D1,255,277
195674,255,396
1965F3,11,35
1965F3,255,326
196711,255,282
196F57,255,155
196F58,255,298
19741A,0,2
19741A,11,10
19741A,255,35
1978E6,255,353
197E21,255,413
198404,11,14
198404,255,334
19843F,255,458
198612,11,27
198612,255,483
19865E,255,245
19888C,11,10
19888C,255,287
198B71,11,2
198B71,255,189
199252,255,246
1994AF,255,373
19953D,255,468
199983,255,481
199D4C,255,340
199DED,11,28
199DED,255,289
19A5E1,255,485
19A704,11,9
19A704,255,550
19A9E1,255,192
19ABBD,11,34
19ABBD,255,274
19AFBF,255,374
19AFC6,11,2
19AFC6,255,362
19B1A9,11,3
19B1A9,255,346
19BF40,11,7
19BF40,255,294
19BF57,255,426
19C670,255,577
19D100,11,15
19D100,255,247
19D57F,255,303
19D580,255,484
19D5EB,11,49
19D5EB,255,431
19D78B,255,389
19D818,255,415
19DD87,255,389
19E024,255,268
19EA26,11,14
19EA26,255,425
19F530,255,265
19F647,255,469
19F909,11,2
19F909,255,280
1A124C,11,6
1A124C,255,161
1A1C22,11,1
1A1C22,255,298
1A1F0D,255,526
1A243F,255,292
1A2802,11,27
1A2802,255,207
1A2C4C,11,13
1A2C4C,255,159
1A33DE,11,1
1A33DE,255,385
1A34A5,255,260
1A3546,255,412
1A3D61,255,444
1A4005,11,10
1A4005,255,311
1A4620,11,59
1A4620,255,444
1A49AC,255,279
1A4E81,11,18
1A4E81,255,183
1A50B7,255,156
1A57A0,255,200
1A5A42,255,529
1A6157,11,10
1A6157,255,323
1A6172,11,20
1A6172,255,559
1A6CF7,255,299
1A7A6F,11,3
1A7A6F,255,262
1A7A70,255,208
1A8154,255,131
1A8174,255,585
1A82B7,11,10
1A82B7,255,269
1A880C,255,469
1A8A7D,255,435
1A8AF1,254,16
1A8AF1,255,202
1A8AF2,255,203
1A8BBD,255,382
1A8F29,11,37
1A8F29,255,373
1AB436,11,17
1AB436,255,207
1AC313,255,200
1AC81D,255,372
1AC9AE,11,10
1AC9AE,255,347
1ACE30,11,23
1ACE30,255,175
1AD2C1,255,878
1AD91D,255,201
1AD9C4,11,7
1AD9C4,255,404
1ADD3F,255,242
1ADEF1,255,359
1ADF60,11,21
1ADF60,255,259
1AE12A,11,8
1AE12A,255,309
1AE1F0,2,1
1AE1F0,11,11
1AE1F0,255,306
1AEC70,255,179
1AECD5,255,224
1AEF9E,11,3
1AEF9E,255,363
1AF07D,11,16
1AF07D,255,218
1AF1F0,11,8
1AF1F0,255,166
1AF2D1,255,385
1AFB48,255,232
1AFCCC,11,27
1AFCCC,255,248
1AFD22,11,14
1AFD22,255,279
1AFD7C,255,256
1B0AA4,11,19
1B0AA4,255,222
1B0D5B,255,596
1B1AD8,11,12
1B1AD8,255,437
1B1DB7,11,38
1B1DB7,255,652
1B1E4C,255,422
1B208F,11,21
1B208F,255,311
1B23C1,11,6
1B23C1,255,507
1B3884,255,402
1B3A90,255,370
1B42AA,11,9
1B42AA,255,286
1B4862,11,4
1B4862,255,212
1B4ED6,255,365
1B589A,255,291
1B5CD4,11,18
1B5CD4,255,254
1B5D1E,255,335
1B62A4,255,613
1B6318,255,316
1B63B9,255,346
1B64B0,11,24
1B64B0,255,258
1B670A,11,27
1B670A,255,391
1B6859,11,6
1B6859,255,304
1B7415,254,7
1B7415,255,188
1B7416,255,303
1B7E13,255,227
1B8003,255,322
1B80C8,11,32
1B80C8,255,347
1B84EA,255,208
1B8B4E,255,207
1B924F,11,7
1B924F,255,411
1B9865,255,404
1B9870,11,8
1B9870,255,207
1B9B87,11,11
1B9B87,255,227
1B9D18,255,358
1B9FD4,255,369
1B9FED,11,28
1B9FED,255,174
1BA363,255,339
1BACF2,255,545
1BB7C7,255,276
1BB965,11,9
1BB965,255,185
1BBE07,255,296
1BC49E,11,19
1BC49E,255,248
1BC6D4,2,1
1BC6D4,11,23
1BC6D4,255,218
1BCC40,255,370
1BD298,255,321
1BD42D,11,9
1BD42D,255,477
1BD5FD,255,325
1BDAF2,11,14
1BDAF2,255,121
1BDAF3,255,346
1BDD77,11,22
1BDD77,255,128
1BE4C0,11,7
1BE4C0,255,298
1BE941,255,893
1BF92E,255,251
1BFA82,255,164
1BFBE4,11,8
1BFBE4,255,319
1BFC37,11,14
1BFC37,255,269
1BFF0F,255,466
1C0010,255,272
1C0134,255,510
1C021A,11,33
1C021A,255,165
1C0A29,255,420
1C1203,11,3
1C1203,255,314
1C155F,255,222
1C1560,255,284
1C18B6,255,491
1C1BF6,255,426
1C2913,255,301
1C33EE,255,182
1C3DC8,11,17
1C3DC8,255,197
1C3DC9,255,329
1C4907,255,348
1C4DE2,255,498
1C5202,255,256
1C53E6,11,28
1C53E6,255,593
1C5798,255,255
1C5CA8,11,4
1C5CA8,255,294
1C64DB,255,372
1C6954,11,16
1C6954,255,305
1C6C12,11,8
1C6C12,255,244
1C6F24,11,15
1C6F24,255,273
1C7636,11,3
1C7636,255,550
1C76E1,255,717
1C7C73,255,447
1C7CED,11,15
1C7CED,255,496
1C7DD0,255,393
1C87ED,255,354
1C993C,255,277
1C9B17,11,15
1C9B17,255,440
1CA159,11,28
1CA159,255,261
1CA3DC,255,201
1CA449,11,17
1CA449,255,213
1CA541,255,333
1CA6DF,11,8
1CA6DF,255,334
1CA6EB,11,4
1CA6EB,255,309
1CAE20,11,16
1CAE20,255,188
1CAE21,255,270
1CB614,11,2
1CB614,255,326
1CBB3A,254,3
1CBB3A,255,126
1CBB3B,255,202
1CBFEE,11,18
1CBFEE,255,248
1CC6A3,11,10
1CC6A3,255,493
1CCF15,255,205
1CCFC6,255,259
1CD927,11,13
1CD927,255,282
1CD978,11,15
1CD978,255,306
1CDB74,255,330
1CDEF7,255,111
1CDF47,11,23
1CDF47,255,259
1CE5B6,255,303
1CE5D0,254,11
1CE5D0,255,155
1CE5D1,11,26
1CE5D1,255,213
1CEA11,255,724
1CECE5,11,29
1CECE5,255,399
1CF4F9,11,27
1CF4F9,255,210
1CFD2E,0,1
1CFD2E,11,33
1CFD2E,255,559
1D060F,255,357
1D0870,11,20
1D0870,255,444
1D0B60,11,17
1D0B60,255,323
1D0C05,255,170
1D0D85,255,482
1D0F2D,11,1
1D0F2D,255,303
1D17A9,11,12
1D17A9,255,294
1D1C0A,255,326
1D1E7D,255,210
1D2104,255,286
1D23C5,11,7
1D23C5,255,251
1D2FA3,11,15
1D2FA3,255,108
1D30B6,255,475
1D3312,11,36
1D3312,255,394
1D33FF,255,373
1D340D,255,160
1D3649,255,330
1D370C,11,11
1D370C,255,239
1D37F5,255,500
1D3E4B,255,382
1D4B10,11,7
1D4B10,255,309
1D4DF7,255,527
1D55D1,255,155
1D5914,255,133
1D5915,255,345
1D5999,255,366
1D59D3,255,332
1D5F1B,11,4
1D5F1B,255,551
1D64B6,255,329
1D65ED,11,9
1D65ED,255,300
1D69F3,255,398
1D70E2,11,17
1D70E2,255,252
1D724D,255,294
1D738B,11,7
1D738B,255,285
1D7563,255,228
1D7771,255,235
1D7C27,11,31
1D7C27,255,292
1D7E15,11,15
1D7E15,255,280
1D8118,11,11
1D8118,255,401
1D8A51,255,201
1D8A52,255,330
1D98ED,255,287
1DA009,255,397
1DA062,11,8
1DA062,255,319
1DAC58,255,291
1DAEE3,11,20
1DAEE3,255,230
1DB0F2,255,212
1DB2F0,11,9
1DB2F0,255,257
1DB369,255,254
1DB86B,255,307
1DBA5F,255,264
1DC350,11,38
1DC350,255,535
1DCA64,255,356
1DD185,255,210
1DD850,11,23
1DD850,255,198
1DDBED,11,35
1DDBED,255,279
1DDE4E,255,306
1DDF9D,11,14
1DDF9D,255,515
1DE449,11,22
1DE449,255,397
1DE747,255,268
1DEACC,255,829
1DEC47,255,241
1DF056,255,521
1DF135,255,153
1DFB4C,11,5
1DFB4C,255,293
1DFE1E,255,311
1E05D8,11,3
1E05D8,255,249
1E0B90,255,217
1E0EB7,11,9
1E0EB7,255,151
1E0EB8,255,307
1E1166,11,30
1E1166,255,501
1E1167,11,12
1E1167,255,744
1E1185,255,417
1E1237,255,341
1E126F,255,351
1E1855,255,245
1E1856,255,285
1E1CD5,254,3
1E1CD5,255,233
1E1CD6,11,10
1E1CD6,255,291
1E29C4,11,41
1E29C4,255,396
1E3271,255,420
1E3AA1,255,462
1E4028,11,8
1E4028,255,166
1E4DAE,255,411
1E55F8,11,4
1E55F8,255,393
1E5DFC,255,473
1E667F,255,699
1E68D0,11,2
1E68D0,255,355
1E6A83,11,10
1E6A83,255,442
1E6A84,11,3
1E6A84,255,374
1E6C3F,11,24
1E6C3F,255,381
1E6E07,255,288
1E6EDF,255,394
1E72A0,255,404
1E7B56,255,314
1E7D40,255,198
1E8063,255,391
1E8D00,255,207
1E96BB,255,280
1E99DC,255,295
1E9DD5,255,223
1E9DD6,255,327
1EA028,11,7
1EA028,255,400
1EA2A3,11,1
1EA2A3,255,319
1EA321,255,390
1EAC41,255,266
1EAF59,11,8
1EAF59,255,336
1EB71F,11,4
1EB71F,255,140
1EBCF1,11,22
1EBCF1,255,196
1EBCF2,255,350
1ECFDE,255,339
1ED2E7,255,305
1ED43C,255,547
1EDA99,255,331
1EDD41,255,243
1EE0CF,255,412
1EE418,11,6
1EE418,255,214
1EEF6C,255,125
1EEF6D,255,227
1EF30B,255,266
1EF84C,255,551
1EFD9D,255,303
1EFED1,11,9
1EFED1,255,423
1F0DD3,255,185
1F1CA8,11,6
1F1CA8,255,266
1F203A,11,1
1F203A,255,318
1F24DE,0,1
1F24DE,11,1
1F24DE,255,267
1F25B5,255,103
1F2754,11,15
1F2754,255,306
1F3209,255,431
1F330F,255,385
1F3678,255,334
1F3838,11,28
1F3838,255,464
1F3B5F,11,15
1F3B5F,255,278
1F3D20,255,343
1F3D81,11,21
1F3D81,255,250
1F3E60,255,327
1F42C3,255,293
1F4A60,255,226
1F4B29,255,197
1F4BA5,11,13
1F4BA5,255,488
1F4F57,255,206
1F4F58,255,206
1F508A,11,8
1F508A,255,480
1F5383,255,88
1F56E1,11,35
1F56E1,255,456
1F5ABA,255,477
1F6781,11,41
1F6781,255,471
1F67F1,255,556
1F7276,11,12
1F7276,255,162
1F7277,11,3
1F7277,255,307
1F74FE,11,7
1F74FE,255,292
1F774F,255,302
1F77CE,11,3
1F77CE,255,302
1F78C4,11,67
1F78C4,255,650
1F799F,255,215
1F79A0,255,263
1F7C27,11,4
1F7C27,255,282
1F7CBA,255,491
1F7DE5,255,293
1F83AD,255,335
1F8A68,11,6
1F8A68,255,408
1F8E29,255,199
1F8FDB,255,611
1F8FF2,11,1
1F8FF2,255,237
1F93B3,11,17
1F93B3,255,327
1F93B4,255,282
1F97BB,254,1
1F97BB,255,69
1F97BC,11,6
1F97BC,255,228
1F9DC6,11,14
1F9DC6,255,293
1FA164,255,351
1FA849,11,8
1FA849,255,294
1FA88E,11,40
1FA88E,255,706
1FA88F,255,655
1FAB18,255,328
1FB0E7,11,5
1FB0E7,255,297
1FB60D,255,248
1FB60E,11,22
1FB60E,255,204
1FB76F,11,1
1FB76F,255,247
1FBC38,255,334
1FBC9C,11,25
1FBC9C,255,338
1FBF95,11,14
1FBF95,255,307
1FC9C1,11,8
1FC9C1,255,214
1FCD18,255,498
1FD016,255,84
1FD017,11,26
1FD017,255,340
1FD508,11,3
1FD508,255,427
1FD80B,11,9
1FD80B,255,325
1FD84B,11,19
1FD84B,255,204
1FDA70,11,23
1FDA70,255,172
1FDCCF,255,329
1FE1A9,255,871
1FE393,11,13
1FE393,255,176
1FE394,11,22
1FE394,255,355
1FEE95,11,3
1FEE95,255,512
1FF32D,255,375
1FF42F,255,348
1FF4AA,255,252
1FF4AB,255,371
1FF4C2,11,3
1FF4C2,255,214
1FF4C3,255,266
1FFD32,255,188
20041B,11,9
20041B,255,238
200F44,255,358
200FEA,11,8
200FEA,255,353
201A37,255,544
201AD9,11,7
201AD9,255,323
2035F2,255,393
203636,11,18
203636,255,270
203DBA,255,361
20483F,0,5
20483F,1,1
20483F,2,1
20483F,11,1778
20483F,255,95960
204A37,11,9
204A37,255,210
204A38,255,371
204A4E,11,13
204A4E,255,268
204A5B,255,273
204A5C,255,567
204BB2,11,5
204BB2,255,463
204CB9,255,305
2050A1,11,22
2050A1,255,537
205B5C,11,23
205B5C,255,301
206267,255,589
20641A,11,9
20641A,255,530
2064EF,255,311
206528,255,455
2065EC,11,14
2065EC,255,341
20691F,255,362
206A81,11,20
206A81,255,278
206A9B,11,6
206A9B,255,312
206DC0,255,593
206E8A,255,285
2073B0,255,287
207CD5,11,38
207CD5,255,257
207DEE,255,443
207F03,255,348
2080D3,11,33
2080D3,255,159
2080D4,11,9
2080D4,255,220
2082F7,255,290
2087C8,11,25
2087C8,255,240
2089C0,11,5
2089C0,255,193
208FA0,11,7
208FA0,255,320
2090F1,11,21
2090F1,255,991
20912E,11,17
20912E,255,301
209B48,255,236
209EB3,255,259
209EF3,11,10
209EF3,255,406
20A2CB,255,355
20A4E1,11,1
20A4E1,255,482
20A75D,11,6
20A75D,255,123
20AC43,11,15
20AC43,255,225
20AC44,255,317
20AC56,255,290
20AE4F,11,27
20AE4F,255,406
20B19A,255,198
20B5D6,255,161
20B695,255,319
20C1E2,255,290
20C4B7,11,1
20C4B7,255,421
20C962,11,20
20C962,255,455
20CF84,255,389
20D012,11,26
20D012,255,370
20D6B5,11,18
20D6B5,255,472
20D782,255,353
20D905,255,499
20D972,255,456
20DF66,255,543
20E158,11,8
20E158,255,210
20E1AE,11,2
20E1AE,255,165
20E8B1,255,345
20EE87,255,208
20EFCA,11,26
20EFCA,255,155
20F6F8,255,240
20FB1B,11,11
20FB1B,255,434
210008,255,197
2104C6,11,10
2104C6,255,178
2104C7,255,282
2107F7,11,3
2107F7,255,296
210BBD,255,468
210D77,255,186
211C2E,11,17
211C2E,255,276
2122C2,11,6
2122C2,255,270
212365,255,445
212728,255,237
212E68,255,352
212F3D,255,327
2130B8,255,390
21351C,11,13
21351C,255,224
213736,255,401
21387A,255,250
2140E3,255,374
21431C,255,268
214381,11,19
214381,255,402
214838,11,11
214838,255,276
214A2E,11,39
214A2E,255,264
2154D6,11,6
2154D6,255,384
2156E5,11,7
2156E5,255,266
215C35,11,1
215C35,255,189
215F06,255,490
217CC0,255,308
218125,11,15
218125,255,382
218635,11,21
218635,255,339
21898F,254,1
21898F,255,219
218990,255,238
218CE6,11,14
218CE6,255,343
218FD3,11,11
218FD3,255,415
218FD4,255,420
219191,11,1
219191,255,182
21924F,255,291
2196F0,11,36
2196F0,255,588
21979C,255,298
219CCC,255,570
21A478,255,299
21AD75,255,434
21B44B,11,18
21B44B,255,303
21CE84,255,238
21D7E3,255,366
21D7FD,11,35
21D7FD,255,310
21D959,255,526
21E1D2,255,488
21E69E,11,25
21E69E,255,277
21E69F,255,206
21E6E2,255,648
21F074,11,7
21F074,255,397
21FA0B,255,382
21FC88,11,2
21FC88,255,349
21FD7D,255,512
220194,255,181
2202B5,11,24
2202B5,255,452
2203E4,255,318
2204D9,11,12
2204D9,255,197
220511,255,344
2209E5,11,31
2209E5,255,211
220B5E,255,164
220E8F,255,248
221409,11,10
221409,255,277
221709,255,290
221B98,255,352
221D0B,255,329
222536,255,377
222B2F,255,289
222C37,255,321
222CB1,11,26
222CB1,255,392
222ED5,255,230
22309D,11,2
22309D,255,196
223174,255,538
223285,255,276
224220,255,520
224329,255,320
224881,11,18
224881,255,689
22497A,255,367
224B1B,255,289
224D82,255,160
2252AC,11,24
2252AC,255,176
225564,255,316
2260B1,11,1
2260B1,255,399
2268D5,11,3
2268D5,255,498
2268D6,11,11
2268D6,255,507
226A8F,11,13
226A8F,255,254
226F5C,11,15
226F5C,255,359
227BB4,255,231
228572,11,23
228572,255,226
228A67,255,314
229109,255,267
22A9C6,255,304
22B1D2,11,34
22B1D2,255,713
22B3CC,254,4
22B3CC,255,156
22B3CD,11,4
22B3CD,254,314
22B3CD,255,5
22B3CE,255,287
22BE96,255,260
22BFB4,0,1
22BFB4,11,5
22BFB4,255,292
22C300,11,34
22C300,255,424
22C36C,11,16
22C36C,255,164
22C72D,255,227
22CF27,11,15
22CF27,255,321
22D305,255,412
22D588,255,196
22D589,255,356
22D83F,255,291
22DB32,255,295
22E0DD,255,223
22E66F,255,290
22E7D0,11,20
22E7D0,255,223
22ECEB,11,5
22ECEB,255,461
22ED8E,255,355
22F8ED,255,110
22FF03,11,4
22FF03,255,165
230600,255,273
230DFF,11,27
230DFF,255,274
231030,255,251
2311AB,255,577
2313D3,255,291
231B7A,255,322
231B8B,255,350
2320FC,11,24
2320FC,255,347
232E48,11,5
232E48,255,297
233190,255,342
233704,11,37
233704,255,307
2337E6,11,29
2337E6,255,268
233880,255,439
2348B2,255,461
2349DF,11,17
2349DF,255,170
2349E0,11,2
2349E0,255,212
235267,255,233
235478,255,218
2359D9,11,26
2359D9,255,470
2359FD,255,356
235B20,255,214
235BB7,11,7
235BB7,255,299
235BB8,11,10
235BB8,255,392
23628A,11,10
23628A,255,541
2367C4,255,321
236A31,255,481
236E53,11,24
236E53,255,556
2378BF,255,233
237BB5,255,468
23801D,11,29
23801D,255,485
238FCD,11,25
238FCD,255,580
2398E2,255,415
23A622,11,18
23A622,255,208
23A9E0,255,333
23ACDA,255,302
23AFBF,255,472
23B9D9,255,429
23BA50,0,1
23BA50,11,14
23BA50,255,407
23BCA4,0,1
23BCA4,11,1
23BCA4,255,230
23BEE2,11,8
23BEE2,255,302
23CB36,255,400
23E1EB,11,20
23E1EB,255,332
23E2DA,11,2
23E2DA,255,596
23E514,11,45
23E514,255,427
23EB95,255,274
23EFF3,11,13
23EFF3,255,315
23EFF4,11,10
23EFF4,255,246
23F11F,255,423
23F338,255,432
23F692,2,1
23F692,11,36
23F692,255,361
23FC98,11,47
23FC98,255,477
240285,11,11
240285,15,33
240285,255,453
240E14,255,224
2413D8,255,604
2424D7,11,26
2424D7,255,446
242A14,255,306
243150,255,308
24349F,2,1
24349F,11,21
24349F,255,383
243826,11,5
243826,255,218
24383F,255,249
243A50,11,21
243A50,255,337
24481A,255,264
244B94,11,7
244B94,255,339
244EB7,255,360
2454D0,11,7
2454D0,255,278
245CE5,11,21
245CE5,255,656
245EB6,11,17
245EB6,255,406
245FB2,255,389
24608B,255,456
24613D,255,615
246491,11,6
246491,255,197
246BFB,11,14
246BFB,255,280
246EFF,255,222
24716C,11,6
24716C,255,501
24716D,255,314
247456,255,583
247BF8,255,429
247C87,255,221
247EB9,11,2
247EB9,255,473
24804A,255,481
248A53,11,2
248A53,255,239
249A1A,0,3
249A1A,11,26
249A1A,255,281
249CF5,255,474
249F2A,255,487
24A008,255,221
24B95E,255,437
24C0D9,255,541
24C43E,255,336
24C829,11,20
24C829,255,274
24C8B1,11,7
24C8B1,255,544
24D115,11,13
24D115,255,527
24D3DB,255,313
24D542,255,299
24D561,255,325
24D5E8,0,1
24D5E8,11,4
24D5E8,255,230
24D61E,255,237
24E073,255,340
24E370,255,260
24E501,255,269
24E908,255,408
24EB8C,255,364
24EC27,255,221
24F2F9,255,609
24F7FE,11,9
24F7FE,255,203
24F7FF,255,473
24FC30,11,24
24FC30,255,366
24FC31,255,698
250049,11,13
250049,255,198
250409,11,42
250409,255,568
2504A6,255,444
250A72,11,5
250A72,255,458
250B57,255,590
251D50,255,240
251EEC,11,10
251EEC,255,372
252789,0,1
252789,11,4
252789,254,783
2527A1,255,368
2528AC,11,100
2528AC,254,146898
2528AC,255,2
2528AD,255,315
252D23,11,7
252D23,255,301
253581,255,60
2537A9,255,92
253E13,11,4
253E13,255,159
253F19,255,124
25451A,255,144
25515F,11,12
25515F,255,376
255CC4,255,220
255CEA,255,418
256084,11,5
256084,255,204
256146,255,282
256645,11,20
256645,255,623
256C1F,255,462
256E54,15,9
256E54,255,181
25727A,11,16
25727A,255,369
257601,11,12
257601,255,445
257686,255,354
257944,11,19
257944,255,165
257E94,11,37
257E94,255,384
258634,255,466
25902D,255,276
2594A4,11,15
2594A4,255,394
2595AF,11,17
2595AF,255,373
2597DD,255,444
259876,255,216
259AFA,11,31
259AFA,255,485
259F12,255,244
25A094,255,302
25A463,255,361
25B146,255,337
25B63E,255,337
25BE19,255,476
25CAEF,11,25
25CAEF,255,298
25DEA7,11,13
25DEA7,255,386
25E4AA,255,326
25EDAB,255,293
25F381,11,21
25F381,255,358
25F971,255,519
25F972,11,9
25F972,255,369
25FB4D,255,251
25FC8A,255,407
2601FC,11,2
2601FC,255,146
2602A9,255,389
260580,11,20
260580,255,336
26067B,254,3
26067B,255,145
26067C,255,252
260719,11,12
260719,255,347
260B7C,11,5
260B7C,255,365
261C44,11,6
261C44,255,287
26221A,255,498
2623D2,254,3
2623D2,255,172
262410,255,316
262BCB,11,14
262BCB,255,404
2632D3,255,308
263349,255,367
264689,11,29
264689,255,335
264745,255,253
26478E,255,366
264FF2,255,398
265165,11,3
265165,255,286
265325,11,32
265325,255,328
2654D9,255,286
2658ED,11,5
2658ED,255,226
265F26,11,3
265F26,255,188
266784,255,516
26687B,11,32
26687B,255,202
266AE3,11,25
266AE3,255,427
2675F6,255,322
2683A6,255,899
268705,254,1
268705,255,248
268706,11,29
268706,255,182
2687B2,11,9
2687B2,255,289
2687CC,255,496
26890D,11,21
26890D,255,130
268AD7,255,248
268B9E,11,40
268B9E,255,601
268E95,255,516
2697FE,11,13
2697FE,255,221
269A9B,11,14
269A9B,255,375
26A7F5,11,20
26A7F5,255,284
26AD3E,2,1
26AD3E,11,29
26AD3E,255,213
26AD3F,0,1
26AD3F,255,224
26C061,11,6
26C061,255,415
26C1AC,255,448
26C463,255,190
26C52F,255,337
26C7B7,11,27
26C7B7,255,261
26C89B,11,23
26C89B,255,234
26CCF3,11,39
26CCF3,255,563
26CE3D,11,17
26CE3D,255,207
26CF61,255,481
26D251,11,15
26D251,255,180
26D772,11,2
26D772,255,168
26D9C9,255,228
26DE5F,255,317
26E747,11,3
26E747,254,13
26E747,255,195
26E748,11,37
26E748,255,501
26EE83,255,325
26FBEA,11,2
26FBEA,255,199
26FCA5,11,10
26FCA5,255,436
2708CE,11,10
2708CE,255,121
271342,11,15
271342,255,268
2714C4,11,23
2714C4,255,391
27198D,255,399
271CCC,255,139
271E7C,255,498
272023,11,1
272023,255,210
2726D4,255,506
272E22,255,177
273431,255,234
273BBF,255,384
27413D,255,169
27413E,11,9
27413E,255,287
2746D7,11,13
2746D7,255,382
27483C,11,21
27483C,255,459
274AAA,11,7
274AAA,255,418
27587A,255,533
275B08,255,388
275D16,255,282
276837,11,28
276837,255,226
27690E,255,325
276C19,11,1
276C19,255,427
276C1A,11,20
276C1A,255,519
276DE3,255,267
276EB0,255,463
27731E,255,199
27776C,255,176
2781DB,11,24
2781DB,255,169
278258,11,9
278258,255,150
278619,255,286
2786EC,255,370
278CE2,255,171
278E24,11,23
278E24,255,149
279672,11,12
279672,255,452
2799C9,11,16
2799C9,255,112
279A54,255,415
279B95,255,465
279BA6,255,430
279CB0,11,14
279CB0,255,339
27AC26,255,223
27AC2F,255,561
27B6A8,11,16
27B6A8,255,332
27BD87,255,326
27C54D,255,174
27CB30,255,404
27CB39,255,384
27CC46,11,3
27CC46,255,665
27CEC4,255,285
27D621,11,21
27D621,255,235
27D90C,11,25
27D90C,255,300
27D949,255,299
27DC7E,11,17
27DC7E,255,250
27E455,11,9
27E455,255,325
27EBDE,255,436
27EE70,255,404
27F116,255,305
27F7AB,255,297
280141,11,28
280141,255,246
2801DE,255,136
280420,11,13
280420,255,188
2804B4,255,338
280696,255,299
280A29,255,421
280D60,11,10
280D60,255,528
28132A,11,10
28132A,255,141
28132B,255,273
28140B,255,407
281477,11,39
281477,255,441
281CB9,255,268
281DF1,11,7
281DF1,255,372
281F66,255,148
282B00,255,418
282C57,255,375
2830A5,255,268
2834F3,255,605
28364F,255,348
283717,11,8
283717,255,172
283718,11,4
283718,255,382
283A6C,11,24
283A6C,255,306
283FA2,255,466
2841A7,255,359
2843E0,11,26
2843E0,255,1025
28508B,11,11
28508B,255,155
28508C,255,318
2851A8,11,9
2851A8,255,308
285891,2,1
285891,11,35
285891,255,419
286248,11,13
286248,255,92
286249,255,466
28676E,11,8
28676E,255,244
2868DD,11,12
2868DD,255,514
286E8F,255,414
286EB6,11,7
286EB6,255,297
2879A8,255,262
287CB9,255,336
287EEC,11,6
287EEC,255,200
288149,11,10
288149,255,331
2882AF,11,12
2882AF,255,222
2885F4,255,372
288669,11,22
288669,255,461
288788,255,420
28878E,255,298
2890FF,11,2
2890FF,255,357
289143,11,20
289143,255,179
289A41,11,28
289A41,255,807
289A58,11,17
289A58,255,347
289DC8,11,8
289DC8,255,244
28A0C1,255,190
28A34A,11,2
28A34A,255,531
28A358,11,10
28A358,255,434
28A70D,255,265
28A84A,255,615
28AD96,255,190
28B70B,11,23
28B70B,255,288
28BE95,255,188
28BF9A,11,5
28BF9A,254,1
28BF9A,255,159
28BF9B,255,166
28C0F9,1,1
28C0F9,11,27
28C0F9,255,403
28C4D3,1,1
28C4D3,11,26
28C4D3,255,320
28C564,11,28
28C564,255,441
28D0E1,11,30
28D0E1,255,295
28D0E2,11,18
28D0E2,255,240
28DEC5,255,352
28E11D,255,390
28EC41,11,18
28EC41,255,166
28EC42,255,336
28EC8B,255,245
28EDF2,11,10
28EDF2,255,211
28F594,11,3
28F594,255,186
28F71B,255,180
28FE3C,255,275
290286,255,321
2903A7,11,44
2903A7,255,460
290405,11,7
290405,255,151
2909CD,11,11
2909CD,255,530
290C15,11,2
290C15,255,286
290C2F,255,445
291416,11,4
291416,255,375
2914AE,255,264
291708,255,411
2918FC,11,15
2918FC,255,262
292FB5,255,253
2931E5,11,21
2931E5,255,247
2931E6,11,14
2931E6,255,312
293878,255,235
2942C0,255,280
294B0D,11,13
294B0D,255,240
294B90,11,35
294B90,255,370
294C56,255,312
294FD9,11,15
294FD9,255,244
29517D,11,8
29517D,255,283
295552,0,1
295552,11,28
295552,255,356
295625,11,1
295625,255,229
295A01,11,6
295A01,255,344
295F4A,255,207
2962B6,255,412
2962EC,255,398
29653C,11,32
29653C,255,236
29653D,255,203
2979B6,11,30
2979B6,255,394
298015,255,377
298605,255,276
298619,11,4
298619,255,579
29861A,255,535
2987A1,255,199
2987D8,11,12
2987D8,255,270
298A22,255,272
298D6D,0,1
298D6D,11,1
298D6D,255,264
299621,11,2
299621,255,206
299D0E,11,39
299D0E,255,345
29A06C,11,8
29A06C,255,251
29A660,255,189
29A661,255,274
29AC31,11,20
29AC31,255,295
29B8BA,255,437
29C052,255,318
29C5BF,255,293
29CCFE,11,18
29CCFE,255,342
29D6C4,255,195
29D74B,255,193
29D91C,255,337
29DAB0,255,184
29DC1F,2,1
29DC1F,11,21
29DC1F,255,182
29DC20,255,288
29DE29,11,6
29DE29,255,391
29E209,254,5
29E209,255,222
29E20A,11,1
29E20A,255,295
29E6D0,11,8
29E6D0,254,1
29E6D0,255,199
29E6D1,11,14
29E6D1,254,77
29E6D1,255,2
29E6D2,255,327
29EC90,11,3
29EC90,255,281
29EDAB,11,7
29EDAB,255,331
29EDF0,255,349
29F979,11,24
29F979,255,409
29FCB4,11,10
29FCB4,255,259
29FF1C,11,3
29FF1C,255,454
2A01D4,11,10
2A01D4,255,258
2A0344,11,9
2A0344,255,234
2A04A1,11,14
2A04A1,255,327
2A0778,255,517
2A082E,11,15
2A082E,255,296
2A16B8,11,5
2A16B8,255,352
2A1838,11,10
2A1838,255,154
2A192B,255,386
2A19C0,11,31
2A19C0,255,253
2A1B94,255,434
2A23FA,11,16
2A23FA,255,196
2A2B38,11,18
2A2B38,255,185
2A32BF,11,5
2A32BF,255,242
2A3BE4,255,315
2A4555,255,261
2A4688,255,287
2A480E,11,23
2A480E,255,385
2A4903,255,392
2A4ADF,11,22
2A4ADF,255,415
2A4B7E,255,358
2A5056,11,21
2A5056,255,474
2A5121,1,1
2A5121,11,18
2A5121,255,226
2A5260,0,1
2A5260,11,10
2A5260,255,183
2A5CBD,11,4
2A5CBD,255,186
2A843D,255,376
2A9565,0,1
2A9565,11,27
2A9565,255,287
2A9A41,255,300
2AA0CD,255,439
2AA28D,11,17
2AA28D,255,268
2AA442,255,256
2AAB3E,255,276
2AAC1F,11,13
2AAC1F,255,258
2AB884,11,3
2AB884,255,365
2ABB0D,11,13
2ABB0D,255,159
2ABD0B,11,11
2ABD0B,255,563
2ABD0C,255,352
2ABF31,11,43
2ABF31,255,362
2AC6A3,11,3
2AC6A3,255,497
2ACCB5,255,238
2ADBC4,255,360
2AE546,255,324
2AE703,11,15
2AE703,255,397
2AE968,255,243
2AF425,11,5
2AF425,255,138
2B0383,255,421
2B0505,255,200
2B0716,0,30
2B0716,1,4
2B0716,2,24
2B0716,11,17808
2B0716,254,362
2B0716,255,1147583
2B08B0,11,14
2B08B0,255,256
2B16AE,255,322
2B258B,0,1
2B258B,11,6
2B258B,255,191
2B2E82,255,300
2B300B,11,18
2B300B,255,409
2B30F6,11,10
2B30F6,255,239
2B385C,255,195
2B3AFE,255,455
2B43FB,255,175
2B4A24,11,12
2B4A24,255,249
2B4C11,255,76
2B5424,11,6
2B5424,255,574
2B542D,255,301
2B5B93,11,25
2B5B93,255,374
2B5DF7,11,4
2B5DF7,255,289
2B6181,255,258
2B6DB5,11,7
2B6DB5,255,416
2B71B1,255,517
2B73F7,255,299
2B7498,0,1
2B7498,11,19
2B7498,255,444
2B78AC,255,251
2B873E,11,20
2B873E,255,328
2B8CB0,255,185
2B8CB1,255,250
2B94CC,11,9
2B94CC,255,635
2B9D40,11,4
2B9D40,255,363
2BA166,11,2
2BA166,255,364
2BA4CE,11,12
2BA4CE,255,325
2BA4CF,11,23
2BA4CF,255,173
2BA737,255,408
2BA870,255,553
2BA8F8,255,140
2BAD02,11,16
2BAD02,255,198
2BAF5F,11,20
2BAF5F,255,537
2BB239,11,8
2BB239,255,274
2BB76B,255,252
2BBC8A,255,318
2BBC8B,11,15
2BBC8B,255,272
2BBD91,11,8
2BBD91,255,350
2BD112,11,21
2BD112,255,350
2BD246,11,24
2BD246,255,169
2BD787,11,21
2BD787,255,506
2BD914,11,14
2BD914,255,308
2BDA73,255,271
2BDC44,255,184
2BDC5A,255,168
2BE03E,11,10
2BE03E,255,256
2BF69E,11,25
2BF69E,255,301
2BF8CA,11,20
2BF8CA,255,433
2C08AB,11,34
2C08AB,255,182
2C08AC,11,1
2C08AC,255,299
2C09F6,11,17
2C09F6,255,1126
2C1705,255,351
2C1718,255,456
2C18D9,11,27
2C18D9,255,147
2C18DA,255,242
2C1BCE,11,15
2C1BCE,255,185
2C1D60,11,17
2C1D60,255,244
2C25E0,255,219
2C26DB,255,283
2C27AA,255,447
2C2E06,255,315
2C30FB,11,15
2C30FB,255,154
2C3376,11,8
2C3376,255,226
2C391B,255,457
2C3E1E,11,40
2C3E1E,255,494
2C4581,255,309
2C52BD,255,467
2C538A,255,212
2C5C75,255,702
2C5E8F,255,321
2C6626,11,6
2C6626,255,371
2C6CAD,254,11
2C6CAD,255,207
2C6CAE,11,31
2C6CAE,255,350
2C6EEB,255,354
2C7E7F,255,242
2C80CF,255,399
2C8131,11,20
2C8131,255,184
2C8507,11,3
2C8507,255,354
2C8540,2,1
2C8540,11,11
2C8540,255,156
2C8541,1,1
2C8541,11,7
2C8541,255,271
2C8A04,11,15
2C8A04,255,216
2C8EFF,255,291
2C8FCA,255,338
2C8FCB,255,604
2C9216,11,15
2C9216,255,274
2C93A8,255,267
2C94A6,11,7
2C94A6,255,301
2C985B,11,18
2C985B,255,143
2CA1F4,255,251
2CACA5,255,410
2CB176,11,6
2CB176,255,226
2CBE2C,255,333
2CC788,11,24
2CC788,255,414
2CCE2B,11,32
2CCE2B,255,173
2CD47A,255,338
2CDA0E,11,7
2CDA0E,255,314
2CDA99,11,8
2CDA99,255,399
2CE8D3,255,423
2CED54,11,10
2CED54,255,344
2CF160,11,4
2CF160,255,374
2CF95C,255,289
2D032B,11,14
2D032B,255,249
2D1782,11,20
2D1782,255,290
2D1C35,11,18
2D1C35,255,271
2D2514,11,14
2D2514,255,243
2D2660,11,2
2D2660,255,163
2D2712,255,457
2D2E9A,11,3
2D2E9A,255,453
2D4E1D,11,8
2D4E1D,255,427
2D52BA,0,1
2D52BA,11,12
2D52BA,255,348
2D5757,255,345
2D5771,255,299
2D5A60,255,391
2D5BCF,255,435
2D5E4D,11,23
2D5E4D,255,383
2D5FF5,11,29
2D5FF5,255,498
2D60DA,11,10
2D60DA,255,245
2D67FF,255,433
2D69FF,255,226
2D6CDE,11,13
2D6CDE,255,570
2D6E11,255,370
2D7678,255,144
2D7A92,255,511
2D7C17,11,7
2D7C17,255,268
2D7F8B,255,818
2D8060,255,360
2D873E,255,214
2D883D,11,15
2D883D,255,356
2D8981,254,109
2D8E23,11,9
2D8E23,255,199
2D8E24,255,310
2D8F97,0,2
2D8F97,11,9
2D8F97,255,313
2D9A49,255,419
2D9B92,11,6
2D9B92,255,314
2DA4DA,255,339
2DAA0D,255,310
2DB185,255,210
2DB186,11,5
2DB186,255,342
2DB90A,0,1
2DB90A,11,24
2DB90A,255,271
2DBB85,11,12
2DBB85,255,217
2DC48A,11,19
2DC48A,255,302
2DC898,255,249
2DC97F,11,26
2DC97F,255,256
2DC980,11,14
2DC980,255,263
2DCA4C,11,16
2DCA4C,255,848
2DD0BB,11,13
2DD0BB,255,343
2DD565,11,13
2DD565,255,413
2DD95B,255,306
2DDDD3,11,8
2DDDD3,255,310
2DDDD4,11,6
2DDDD4,255,253
2DDE58,11,45
2DDE58,255,369
2DE009,255,294
2DE049,255,200
2DF267,11,5
2DF267,255,281
2DFBBD,11,13
2DFBBD,255,446
2DFFEF,255,752
2E0269,255,204
2E057C,255,498
2E0851,255,375
2E0A11,255,160
2E0FB4,1,1
2E0FB4,11,43
2E0FB4,255,471
2E17BE,255,216
2E228F,255,499
2E2344,255,198
2E29E0,11,38
2E29E0,255,206
2E2A83,255,169
2E2ABF,11,7
2E2ABF,255,156
2E3772,254,4
2E3772,255,134
2E3A12,255,331
2E3EB5,255,21
2E439F,255,334
2E43D4,255,253
2E4409,11,17
2E4409,255,322
2E4828,255,503
2E487D,255,202
2E4B0A,11,32
2E4B0A,255,482
2E4DB2,11,4
2E4DB2,255,386
2E550D,255,169
2E56D3,255,232
2E5FDA,11,13
2E5FDA,255,395
2E653D,255,405
2E6734,255,215
2E6B0B,255,348
2E70DB,255,239
2E7243,11,1
2E7243,255,221
2E7957,255,301
2E7CF1,255,233
2E86BB,11,7
2E86BB,255,427
2E8E46,11,32
2E8E46,255,385
2E968D,0,1
2E968D,11,12
2E968D,255,440
2E9946,11,19
2E9946,255,468
2EA816,11,8
2EA816,255,231
2EAF72,255,147
2EB2DC,11,25
2EB2DC,255,321
2EBDF6,255,333
2EC1E2,255,466
2EC25D,11,5
2EC25D,255,137
2EC25E,255,275
2EC3FC,11,22
2EC3FC,255,339
2ECC22,255,153
2ECD51,255,470
2ECFC6,255,252
2ED5EE,11,6
2ED5EE,255,279
2EDF17,11,34
2EDF17,255,667
2EE612,11,9
2EE612,255,579
2EE727,11,31
2EE727,255,355
2EE800,255,243
2EEC6F,11,35
2EEC6F,255,466
2EED22,255,116
2EEF98,11,31
2EEF98,255,283
2EF0CF,11,2
2EF0CF,255,239
2EF0FD,11,26
2EF0FD,255,519
2EF299,255,434
2EFE05,11,25
2EFE05,255,415
2F06E0,11,9
2F06E0,255,386
2F0AAE,11,32
2F0AAE,255,300
2F0D94,11,19
2F0D94,255,187
2F11CD,11,23
2F11CD,255,245
2F12BA,11,11
2F12BA,255,310
2F12BB,255,337
2F1E9C,255,351
2F215A,0,2
2F215A,1,2
2F215A,2,1
2F215A,11,2707
2F215A,254,1
2F215A,255,149553
2F2267,255,173
2F2268,11,5
2F2268,255,337
2F2659,255,342
2F2CF0,255,285
2F2F29,255,379
2F2FF5,255,735
2F3078,255,416
2F3415,11,21
2F3415,255,262
2F4532,11,10
2F4532,255,273
2F4AF0,255,495
2F5E10,11,6
2F5E10,255,308
2F600F,255,313
2F6122,255,192
2F6123,11,3
2F6123,255,131
2F66B0,255,255
2F69D7,255,221
2F6C70,255,356
2F6EA8,255,344
2F706A,11,12
2F706A,255,346
2F76FA,11,22
2F76FA,255,234
2F80E4,255,203
2F882D,255,304
2F8B00,0,1
2F8B00,11,35
2F8B00,255,372
2F8CAA,255,255
2F8F3F,255,219
2F9567,11,12
2F9567,255,389
2F956F,11,10
2F956F,255,231
2F9A11,255,287
2FA34A,255,291
2FA4D9,255,305
2FAA21,255,153
2FAF0A,255,323
2FB421,255,444
2FB9F2,11,22
2FB9F2,255,252
2FBCFC,255,433
2FC0A4,255,377
2FC96A,11,49
2FC96A,255,414
2FD938,11,31
2FD938,255,551
2FDA05,255,461
2FDC26,255,172
2FDC27,11,6
2FDC27,255,465
2FDC68,11,11
2FDC68,255,199
2FDC69,255,203
2FDE49,255,281
2FE5F1,255,808
2FE6E5,255,305
2FE746,255,232
2FEC1A,255,326
2FEFB1,255,115
2FF453,255,296
2FF55D,255,136
2FFA4A,11,7
2FFA4A,255,305
2FFD9F,11,23
2FFD9F,255,292
30019C,11,22
30019C,255,517
301295,255,348
30187B,255,446
302C0C,255,285
302C2B,255,258
303157,255,257
3033C8,255,375
3034C5,11,9
3034C5,255,279
303FA3,255,313
303FE4,11,42
303FE4,255,383
304487,255,278
304868,255,489
304CE9,11,11
304CE9,255,209
304E54,255,307
30576A,255,406
3059F0,255,323
305FB7,11,14
305FB7,255,329
3064BF,255,235
306711,255,332
307AC5,255,261
308471,255,303
3089C2,0,2
3089C2,11,20
3089C2,255,369
308D5D,11,15
308D5D,255,275
308F0E,11,4
308F0E,255,211
308F0F,11,29
308F0F,255,282
309166,11,16
309166,255,204
309167,255,351
3092B9,255,563
30966B,11,10
30966B,255,104
30A13A,11,8
30A13A,255,300
30B0B5,255,673
30B6A1,255,213
30C016,255,350
30C154,11,21
30C154,255,315
30C770,254,3
30C770,255,145
30C771,255,329
30C7AE,254,12
30C7AE,255,340
30C812,11,4
30C812,255,140
30D047,255,163
30D4FD,255,233
30D90F,11,22
30D90F,255,305
30D9E4,255,156
30D9E5,11,4
30D9E5,255,182
30DB70,255,442
30DDBC,11,14
30DDBC,255,281
30E766,11,21
30E766,255,133
30EA26,11,7
30EA26,255,486
30ECED,255,163
30F4D4,255,153
30F691,11,15
30F691,255,223
310666,255,375
310762,2,1
310762,11,8
310762,255,153
310CEA,11,47
310CEA,255,534
3113DB,11,10
3113DB,255,448
311F6D,255,442
312803,11,10
312803,255,439
313536,11,19
313536,255,319
3136A8,255,278
313B1F,255,229
3144C2,11,40
3144C2,255,320
314AAC,255,297
314CCA,255,328
315890,11,12
315890,255,438
3159C5,255,316
3173DD,255,239
31769C,255,440
317837,255,237
317838,11,8
317838,255,349
317B3C,11,2
317B3C,255,737
317D49,255,156
317D4A,255,227
317FD5,11,9
317FD5,255,334
318045,11,42
318045,255,437
31820F,11,9
31820F,255,142
318210,255,286
318C61,11,19
318C61,255,307
3195F1,11,17
3195F1,255,238
31978D,11,9
31978D,255,277
319901,11,15
319901,255,237
319AC8,11,16
319AC8,255,430
31A1CD,11,13
31A1CD,255,279
31A6EA,11,24
31A6EA,255,337
31A8FE,11,30
31A8FE,255,276
31B046,255,178
31B7ED,255,327
31B823,255,181
31B824,255,306
31C181,255,292
31C64D,255,299
31CD24,255,256
31CD73,255,222
31DAA8,255,265
31E651,11,14
31E651,255,261
31E6B2,255,613
31E735,11,12
31E735,255,260
31EB4D,255,384
31F56F,255,344
31FD06,255,370
31FFE1,255,537
320029,11,4
320029,255,298
320E3C,255,971
322241,255,871
322266,11,14
322266,255,193
322267,255,268
322695,11,15
322695,255,282
322696,255,222
322838,255,412
322A5B,1,1
322A5B,11,26
322A5B,255,551
322DCC,11,1
322DCC,255,312
322F44,255,350
322FD8,11,25
322FD8,255,223
322FF9,11,27
322FF9,255,374
3234C1,254,7
3234C1,255,242
3234C2,11,6
3234C2,255,185
3237D2,255,693
323814,11,2
323814,255,322
3247FE,255,243
3248BD,11,13
3248BD,255,151
3248BE,11,21
3248BE,255,202
325236,255,602
325440,255,241
3259C0,255,229
325CEC,255,247
326156,255,357
3263F0,255,367
326451,255,400
32724D,11,9
32724D,255,452
3278CB,255,246
3285A7,255,382
328E26,255,515
328FF8,255,137
3291AA,11,8
3291AA,255,272
329364,255,428
329438,11,13
329438,255,123
32947D,11,7
32947D,255,163
329744,255,359
32986A,255,272
329C18,255,373
32A14D,11,21
32A14D,255,119
32A4C5,11,10
32A4C5,255,368
32A520,11,14
32A520,255,321
32B495,255,442
32C312,11,33
32C312,255,280
32C839,255,369
32CD2D,255,269
32EBF4,255,582
32EC75,11,9
32EC75,255,381
32EF6A,255,472
32F499,2,2
32F499,11,43
32F499,255,326
32F81C,255,225
32FA4F,255,280
32FA50,255,331
32FB1F,11,25
32FB1F,255,320
3305ED,11,8
3305ED,255,404
330819,11,36
330819,255,279
330960,11,13
330960,255,158
330BE9,11,25
330BE9,255,202
330F0F,11,27
330F0F,255,215
331142,255,151
331358,255,207
331751,1,1
331751,11,13
331751,255,334
331F7A,255,451
3323EC,255,370
332704,11,10
332704,255,436
332B4C,254,24
332B4C,255,187
332B4D,255,208
332B5F,11,12
332B5F,255,370
332C1D,255,245
333224,11,30
333224,255,665
333225,11,47
333225,255,626
333237,255,461
3337FB,11,9
3337FB,255,269
333C21,11,11
333C21,255,299
334126,11,7
334126,255,328
335472,255,268
335B63,11,14
335B63,255,317
335F61,255,232
335F62,255,302
3363B9,255,472
336827,255,434
336CF0,255,242
336EC6,11,11
336EC6,255,435
337712,11,6
337712,255,364
3384B4,255,267
338775,255,171
338BDB,255,386
338C6C,11,19
338C6C,255,294
338ECE,11,13
338ECE,255,242
339AA9,255,262
33A157,255,454
33A1FD,255,362
33A659,255,299
33AF8A,255,224
33B938,11,9
33B938,255,687
33B9CB,255,322
33BC23,11,8
33BC23,255,526
33CB18,0,2
33CB18,11,6
33CB18,255,297
33D5C8,255,402
33D6A8,255,265
33DCCE,11,3
33DCCE,255,295
33DD6D,255,171
33DD6E,255,147
33E1E1,11,14
33E1E1,255,298
33EF17,11,8
33EF17,255,265
33F157,11,14
33F157,255,365
33FAE6,11,1
33FAE6,255,480
3404E7,11,3
3404E7,255,406
3405DC,11,17
3405DC,255,325
341178,11,38
341178,255,241
341704,11,34
341704,255,317
341890,255,270
341CF1,2,1
341CF1,11,36
341CF1,255,149
34213E,0,1
34213E,11,15
34213E,255,436
34231D,11,3
34231D,255,339
3428B1,11,14
3428B1,255,562
3428F7,11,9
3428F7,255,293
342ADC,11,10
342ADC,255,211
342C77,255,559
342D19,11,19
342D19,255,447
342FEE,11,4
342FEE,255,684
342FF0,11,1
342FF0,255,291
34572A,255,263
345734,11,17
345734,255,321
345905,11,21
345905,255,555
345E3B,255,391
346042,11,44
346042,255,652
3464E9,255,468
346998,11,22
346998,255,245
346E91,11,49
346E91,255,241
347333,255,452
347C24,255,263
347ECF,11,16
347ECF,255,648
3482AE,255,404
3485F8,11,12
3485F8,255,450
348E9D,255,300
348F7E,255,405
349448,11,11
349448,255,430
34995A,255,244
349966,11,24
349966,255,193
349BB2,255,416
349C53,255,83
349C59,11,16
349C59,255,250
34A6CB,11,60
34A6CB,255,536
34A6CC,255,658
34C0B1,254,2
34C0B1,255,242
34C0B2,255,342
34D932,11,26
34D932,255,305
34DA17,11,25
34DA17,255,301
34DD0A,255,229
34E1A6,255,446
34E565,255,227
34ED0B,11,3
34ED0B,255,302
34F022,11,14
34F022,255,436
34F098,11,35
34F098,255,249
34F0DB,255,171
34F0DC,11,15
34F0DC,255,269
34F7FA,11,12
34F7FA,255,397
34FADB,11,11
34FADB,255,286
3500B6,255,313
35011C,255,201
35011D,255,269
3501E9,11,10
3501E9,255,667
3501EA,11,1
3501EA,255,1051
350A1B,255,298
3513CD,255,274
3513CE,255,277
3517AB,11,16
3517AB,255,444
352444,255,113
352535,11,32
352535,255,355
35293A,255,192
352B11,255,251
353043,11,21
353043,255,424
35311D,255,284
3533B3,255,277
353702,11,11
353702,255,313
35390E,255,286
35397D,11,40
35397D,255,437
353F75,255,224
3541E5,11,11
3541E5,255,401
3545B9,255,322
354C0B,255,232
354C2A,255,464
354EC0,255,259
355352,0,2
355352,1,2
355352,11,3168
355352,254,72
355352,255,232431
355569,11,8
355569,255,412
355A98,11,17
355A98,255,200
355A99,11,9
355A99,255,276
355CA4,11,24
355CA4,255,155
355CA5,255,209
3565FF,255,414
356AEA,11,3
356AEA,255,167
356D4F,11,7
356D4F,255,161
3570CE,11,22
3570CE,255,543
35736D,255,272
3574D6,11,23
3574D6,255,266
3576C6,11,6
3576C6,255,487
357807,11,5
357807,255,219
357A6B,255,154
3582F8,11,11
3582F8,255,200
358492,255,232
35875A,255,252
358A94,255,412
358E58,11,2
358E58,255,301
3591CD,11,18
3591CD,255,182
35A92E,255,405
35B1DD,255,401
35B5F7,11,21
35B5F7,255,325
35B916,255,257
35BC03,255,421
35C1F1,255,137
35C6E0,11,3
35C6E0,255,570
35D0AA,255,405
35D142,11,29
35D142,255,242
35D28C,255,489
35D7A7,255,351
35D971,255,633
35E1EB,255,244
35E64A,255,258
35E90C,11,13
35E90C,255,583
35EC8C,255,118
35F6B8,11,16
35F6B8,255,461
360321,11,32
360321,255,377
360723,255,75
36091F,11,38
36091F,255,158
3609A7,255,285
36105F,255,338
36118E,255,180
3611FA,255,348
361572,255,256
361573,11,21
361573,255,308
361BA8,11,7
361BA8,255,392
361BA9,11,22
361BA9,255,393
361BAA,11,16
361BAA,255,433
361CBD,11,20
361CBD,255,401
361D4C,255,862
3625D2,11,15
3625D2,255,320
362CBF,0,1
362CBF,11,1
362CBF,255,105
362F56,255,356
36311F,255,228
363222,255,353
3634EB,255,285
36379C,11,1
36379C,255,208
363DDC,11,19
363DDC,255,222
363DDD,255,313
364224,255,152
36429B,11,46
36429B,255,235
364EA5,255,175
36535E,11,19
36535E,255,174
3653A6,255,468
3657CB,11,4
3657CB,255,278
365D51,255,407
3670FA,11,20
3670FA,255,208
367724,11,35
367724,255,278
367829,1,1
367829,11,19
367829,255,206
367AAD,255,557
367BCC,255,322
367FA2,11,22
367FA2,255,470
368C51,255,196
368FD0,255,166
369596,11,4
369596,255,374
3696A1,11,44
3696A1,255,349
369D5F,255,178
369E0A,0,1
369E0A,11,6
369E0A,255,228
36A2C1,255,460
36A8A7,255,210
36AB0D,255,374
36AFC8,11,15
36AFC8,255,422
36B631,2,1
36B631,11,14
36B631,255,349
36B879,0,1
36B879,11,12
36B879,255,226
36BA2B,11,28
36BA2B,255,298
36BC7F,255,214
36C09F,255,253
36C178,11,21
36C178,255,527
36C263,255,245
36C264,11,1
36C264,255,300
36C558,255,508
36D37C,11,24
36D37C,255,379
36D887,255,398
36E0ED,11,10
36E0ED,255,462
36E32F,255,230
36E330,255,143
36E35F,11,4
36E35F,255,224
36E415,255,413
36E87D,255,235
36E87E,255,283
36F3AD,255,272
36F6D2,255,351
36FE1E,11,26
36FE1E,255,399
3701F3,255,161
37024D,255,265
370C2B,255,278
370C82,255,188
370C83,255,185
370C9A,255,203
37100B,255,212
371AB0,255,287
371C32,11,18
371C32,255,255
371C9C,11,10
371C9C,254,8
371C9C,255,243
371C9D,255,417
372373,255,227
373C2C,255,275
374B8B,255,398
375015,255,255
37520D,11,21
37520D,255,360
3752BF,255,402
375397,11,3
375397,255,191
3753F9,11,42
3753F9,255,214
375D9D,11,21
375D9D,255,246
376A43,11,18
376A43,255,265
376EBD,11,9
376EBD,255,371
37710A,11,30
37710A,255,209
37728D,255,235
378783,11,29
378783,255,416
378DB1,11,26
378DB1,255,182
378EBA,255,249
37954B,11,5
37954B,255,155
37991C,11,1
37991C,255,386
379EAC,11,9
379EAC,255,360
37B4B6,255,309
37B940,255,249
37BAA4,0,1
37BAA4,11,8
37BAA4,255,223
37C0EA,255,242
37CA0F,255,230
37CCEC,11,34
37CCEC,255,335
37CECF,255,332
37D64A,11,3
37D64A,255,274
37D64B,255,220
37DB8D,255,270
37E377,11,11
37E377,255,321
37F60B,255,283
37F814,255,334
380858,255,245
380C95,11,20
380C95,254,6
380C95,255,110
380C96,255,322
383204,255,236
383352,11,19
383352,255,393
383687,255,310
3837E2,255,346
383828,11,24
383828,255,366
383D1D,255,351
384034,255,188
384281,255,622
384640,11,15
384640,255,262
384641,255,267
384EBF,11,36
384EBF,255,752
38507F,255,226
385109,255,701
38540C,11,19
38540C,255,385
385833,255,204
385879,255,209
385B94,255,250
385B95,255,345
386CFB,255,264
386DD0,255,433
386DE6,255,236
387109,11,17
387109,255,409
38721A,255,333
3878A7,11,1
3878A7,255,400
387DE4,255,794
387F94,255,578
3882B1,11,12
3882B1,255,242
3882CC,11,21
3882CC,255,413
388312,255,259
38847D,255,310
388C18,11,4
388C18,255,260
388CE1,11,13
388CE1,255,297
389418,255,348
389CAB,255,588
38A151,11,27
38A151,255,347
38A2EB,11,6
38A2EB,255,333
38AD46,255,298
38AD54,11,12
38AD54,255,161
38AD55,11,3
38AD55,255,265
38AE48,255,245
38B18C,255,441
38B9FA,11,13
38B9FA,255,183
38B9FB,11,22
38B9FB,255,244
38BA7B,11,49
38BA7B,255,392
38BE1A,255,182
38C3C8,255,265
38C3C9,255,187
38C3F4,11,36
38C3F4,255,423
38CB0E,11,22
38CB0E,255,241
38CC46,11,12
38CC46,255,267
38CC47,255,339
38CD11,11,5
38CD11,255,180
38CD12,255,326
38D33F,255,419
38D390,11,4
38D390,255,412
38D64D,255,313
38D90D,11,4
38D90D,255,574
38DDD8,255,515
38DEC5,255,213
38E0A7,255,408
38E108,255,272
38E12E,11,17
38E12E,255,477
38E604,255,348
38EA89,255,168
38EA8A,255,207
38EEB4,11,8
38EEB4,255,425
38EEE5,255,351
38F0C7,255,186
38F220,255,181
38F221,255,350
38F576,255,402
38F774,255,427
390110,11,21
390110,255,959
3902FC,11,1
3902FC,255,376
391819,11,13
391819,255,118
391F83,255,199
39242D,11,10
39242D,255,488
392619,11,20
392619,255,350
3927A3,255,241
3929F5,11,25
3929F5,255,229
392B63,255,221
392B87,255,323
3933B7,255,304
393409,255,690
39359F,11,5
39359F,255,278
39436D,255,429
395138,11,16
395138,255,386
39545A,255,491
3954C8,11,35
3954C8,255,205
3959A1,255,223
3959D5,255,408
395E23,11,21
395E23,255,464
396374,11,5
396374,255,249
396474,255,207
396A70,255,247
396BBF,255,337
396DD5,255,421
396F85,255,66
3984A0,255,340
398CF0,255,477
398DFF,11,5
398DFF,255,275
399094,11,15
399094,255,467
39A02B,255,159
39A0CA,255,376
39A405,11,15
39A405,255,314
39A8E1,11,30
39A8E1,255,334
39AC41,11,8
39AC41,255,312
39ADCF,255,263
39B0A0,255,629
39B1E5,255,284
39B48E,255,217
39BFB1,255,224
39C5C1,255,294
39D7C3,255,418
39EC74,255,308
39EF3C,255,472
39F138,11,8
39F138,255,203
39F20E,255,272
39F2A4,255,210
39F307,11,8
39F307,255,264
39F6DF,11,17
39F6DF,255,196
39F948,11,22
39F948,255,250
39FA2A,11,19
39FA2A,255,32
39FA7C,255,299
3A095E,255,289
3A1307,255,235
3A17DC,2,1
3A17DC,11,29
3A17DC,255,335
3A2013,2,2
3A2013,11,27
3A2013,255,103
3A2014,255,327
3A243C,11,1
3A243C,255,376
3A247C,11,4
3A247C,255,330
3A2562,255,428
3A2A00,255,369
3A2B7C,11,1
3A2B7C,255,241
3A2EB1,255,269
3A2FE7,255,437
3A337F,255,283
3A3B8E,11,5
3A3B8E,255,396
3A45B8,11,20
3A45B8,255,376
3A4E5B,11,15
3A4E5B,255,246
3A4FBC,255,488
3A5037,11,35
3A5037,255,384
3A515D,255,284
3A537E,11,14
3A537E,255,301
3A5CA3,255,402
3A5F1F,255,285
3A6B34,0,8
3A6B34,1,4
3A6B34,11,6820
3A6B34,254,23
3A6B34,255,692621
3A6FF0,255,570
3A80AB,11,12
3A80AB,255,304
3A810F,255,261
3A81AA,11,5
3A81AA,255,280
3A9341,255,768
3A9382,255,445
3A9B4F,255,270
3AA5D2,255,321
3AA70C,255,344
3AA991,11,7
3AA991,255,253
3AAAAF,11,9
3AAAAF,255,372
3AAAC9,255,334
3AAAFD,11,13
3AAAFD,255,351
3AABD4,11,15
3AABD4,255,306
3AAD58,255,355
3AB09B,11,28
3AB09B,255,347
3AB09C,11,9
3AB09C,255,250
3AB618,255,311
3AB849,11,39
3AB849,255,380
3ABC44,255,250
3AC776,11,23
3AC776,255,162
3ACC5D,11,18
3ACC5D,255,406
3ACEE1,254,2
3ACEE1,255,155
3ACEE2,255,280
3AD196,255,184
3AD269,11,42
3AD269,255,379
3AD8D3,254,10
3AD8D3,255,234
3AD8D4,11,10
3AD8D4,255,138
3AD95D,11,19
3AD95D,254,3
3AD95D,255,92
3AD95E,11,28
3AD95E,255,292
3ADB53,255,271
3AE48D,255,283
3AE48E,11,16
3AE48E,255,198
3AE57E,255,497
3AEE59,255,353
3AF028,255,465
3AFBA0,11,2
3AFBA0,255,158
3AFBA1,255,271
3B03A9,255,301
3B09C7,255,523
3B1E0E,11,9
3B1E0E,254,3
3B1E0E,255,217
3B1E0F,11,22
3B1E0F,255,240
3B21BB,11,6
3B21BB,255,256
3B21BC,255,401
3B22BC,255,157
3B31E5,11,4
3B31E5,255,482
3B322B,11,4
3B322B,255,89
3B33A1,255,252
3B38E0,11,26
3B38E0,255,667
3B399F,11,1
3B399F,255,256
3B40C4,11,13
3B40C4,255,300
3B4164,11,1
3B4164,255,319
3B46A6,255,343
3B4C82,255,400
3B4D02,255,505
3B54A0,255,383
3B597A,11,15
3B597A,255,250
3B5E53,0,1
3B5E53,11,20
3B5E53,255,328
3B69A3,255,435
3B6B3A,11,21
3B6B3A,255,319
3B7096,255,389
3B71DD,11,35
3B71DD,255,348
3B734C,255,350
3B781B,255,341
3B7D79,255,448
3B7FEB,11,21
3B7FEB,255,36
3B9F1B,11,17
3B9F1B,255,181
3BA122,11,35
3BA122,255,412
3BA7CB,255,219
3BAA43,11,6
3BAA43,255,476
3BB18F,255,277
3BB54F,11,12
3BB54F,255,375
3BBD5D,255,269
3BC420,255,411
3BCA27,255,233
3BCAFA,254,4
3BCAFA,255,189
3BCAFB,11,3
3BCAFB,255,191
3BD4BD,255,301
3BDDCB,255,1109
3BEA13,255,711
3BF40F,255,269
3BF4BE,11,1
3BF4BE,255,443
3BFAAC,11,7
3BFAAC,255,279
3C0369,255,572
3C08D1,11,18
3C08D1,255,373
3C0F29,255,371
3C10E5,11,15
3C10E5,255,230
3C166C,11,25
3C166C,255,384
3C1B4F,255,597
3C1EEB,255,416
3C1EF9,11,8
3C1EF9,255,154
3C1EFA,11,6
3C1EFA,255,338
3C2837,255,301
3C2C39,11,18
3C2C39,255,502
3C3653,11,9
3C3653,255,539
3C3A67,11,6
3C3A67,255,285
3C3B20,255,462
3C3E29,255,312
3C41F0,11,5
3C41F0,255,264
3C4417,255,196
3C4C50,11,11
3C4C50,255,349
3C4E46,255,328
3C51D3,255,308
3C63DC,11,9
3C63DC,255,512
3C654F,255,301
3C6EB3,255,1015
3C7B6D,11,9
3C7B6D,255,221
3C7F35,255,416
3C8206,255,197
3C8350,255,428
3C8C33,11,8
3C8C33,255,196
3C8C91,11,2
3C8C91,255,211
3C8F07,255,493
3C96F7,255,414
3C9707,11,3
3C9707,255,371
3C9CCB,255,390
3CA089,255,869
3CA0B6,11,3
3CA0B6,255,352
3CA168,11,29
3CA168,255,289
3CBBCA,255,724
3CBC7C,255,350
3CBCA5,11,25
3CBCA5,255,267
3CC024,11,14
3CC024,255,381
3CC460,11,5
3CC460,255,289
3CC639,255,235
3CC8FF,11,14
3CC8FF,255,231
3CCDF8,255,425
3CD093,255,416
3CE2A4,255,317
3CE446,11,27
3CE446,255,523
3CE5FF,11,5
3CE5FF,255,346
3CF33F,0,1
3CF33F,11,14
3CF33F,255,163
3CF6FB,11,27
3CF6FB,254,202
3CF772,255,329
3CFEA8,11,26
3CFEA8,255,313
3D044A,255,216
3D0486,255,241
3D0CDA,1,1
3D0CDA,11,28
3D0CDA,255,241
3D0DEF,11,15
3D0DEF,255,373
3D1700,0,1
3D1700,11,3
3D1700,255,310
3D19B1,255,182
3D1BF5,11,5
3D1BF5,255,253
3D1D14,255,580
3D1E29,11,15
3D1E29,255,495
3D23FD,255,593
3D2E90,255,261
3D2E91,11,24
3D2E91,255,267
3D304E,255,666
3D32A1,255,262
3D3C44,255,241
3D3CC2,11,25
3D3CC2,255,441
3D418B,255,190
3D554F,255,329
3D57AD,11,3
3D57AD,255,144
3D57AE,255,325
3D5827,11,29
3D5827,255,381
3D58C0,255,417
3D5A25,255,199
3D5B36,255,275
3D5ECE,11,10
3D5ECE,255,183
3D608C,11,15
3D608C,255,230
3D60EA,255,174
3D61B3,11,7
3D61B3,255,302
3D63E4,11,46
3D63E4,255,456
3D6A0D,255,426
3D6A11,255,295
3D6F87,255,311
3D7060,255,285
3D7080,255,319
3D771E,255,375
3D771F,255,302
3D88D2,255,258
3D893C,11,20
3D893C,255,346
3D8A59,11,3
3D8A59,255,194
3D8ACA,255,312
3D8DA5,11,5
3D8DA5,255,308
3D90F5,255,405
3D98EA,255,195
3D9B6F,11,11
3D9B6F,255,340
3D9E23,255,322
3DA171,11,12
3DA171,255,357
3DA3B1,11,5
3DA3B1,255,214
3DB1C5,255,350
3DB2E0,11,2
3DB2E0,255,170
3DB3DB,255,467
3DB5AF,255,215
3DBD93,11,10
3DBD93,255,387
3DC3EB,11,10
3DC3EB,255,231
3DC3EC,11,13
3DC3EC,255,215
3DCB36,11,3
3DCB36,255,298
3DD2B3,255,508
3DD581,255,250
3DDB47,255,324
3DE0A6,11,9
3DE0A6,255,342
3DE14B,11,8
3DE14B,255,230
3DE35A,255,372
3DE385,255,407
3DEA24,255,366
3DF230,11,4
3DF230,255,352
3DF655,255,311
3DFBC7,2,1
3DFBC7,11,5
3DFBC7,255,326
3DFFD3,255,448
3E00A3,255,306
3E02A5,255,84
3E04C1,11,11
3E04C1,255,394
3E050F,255,387
3E0D87,11,11
3E0D87,255,407
3E0F21,11,20
3E0F21,254,3
3E0F21,255,143
3E0F22,255,395
3E1580,255,142
3E1B0D,11,1
3E1B0D,255,254
3E1C1C,11,2
3E1C1C,255,685
3E1D56,255,362
3E2060,11,9
3E2060,255,415
3E37D4,255,274
3E431B,255,293
3E53A8,255,336
3E548B,255,442
3E5514,255,88
3E5643,255,366
3E57CA,11,7
3E57CA,255,162
3E6380,11,7
3E6380,255,461
3E66D1,11,8
3E66D1,255,472
3E6760,11,3
3E6760,255,296
3E7A2B,11,11
3E7A2B,255,494
3E7B8C,255,323
3E8205,11,28
3E8205,255,316
3E8561,11,27
3E8561,255,366
3E88DF,255,279
3E8B4D,255,335
3E9E33,11,2
3E9E33,255,310
3EA560,255,262
3EA6CF,255,368
3EAB19,255,458
3EAC2F,11,3
3EAC2F,255,401
3EACA2,255,486
3EB6D3,11,23
3EB6D3,255,635
3EB793,11,14
3EB793,255,383
3EB954,255,327
3EB97A,255,210
3EC687,255,271
3ECB52,0,1
3ECB52,11,5
3ECB52,255,116
3ECB53,255,209
3ECED1,255,523
3ED1E8,255,237
3ED64E,255,374
3EDCC1,255,194
3EE675,255,547
3EEF8E,11,12
3EEF8E,255,220
3EF0F5,11,45
3EF0F5,255,391
3EF9F0,255,380
3EFC29,11,16
3EFC29,255,240
3EFC35,11,9
3EFC35,255,470
3F00FE,11,18
3F00FE,255,318
3F01BF,11,8
3F01BF,255,535
3F026E,255,294
3F055D,11,7
3F055D,254,4
3F055D,255,176
3F055E,11,14
3F055E,255,321
3F05F9,255,478
3F0617,11,4
3F0617,255,425
3F0B37,11,23
3F0B37,255,202
3F0FE9,255,337
3F11E1,11,13
3F11E1,255,333
3F13AD,255,274
3F208A,11,7
3F208A,255,311
3F20B2,11,6
3F20B2,255,296
3F2284,11,3
3F2284,255,379
3F23F5,255,392
3F2779,11,24
3F2779,255,198
3F2983,11,8
3F2983,255,369
3F2B63,11,33
3F2B63,255,424
3F2CD8,255,547
3F2D47,11,38
3F2D47,255,526
3F3474,255,594
3F3867,255,413
3F3E27,255,272
3F3EFB,11,8
3F3EFB,255,353
3F4DD9,11,22
3F4DD9,255,217
3F4DDA,255,325
3F5084,11,25
3F5084,255,165
3F5085,255,277
3F50BC,255,575
3F528A,255,284
3F52E4,255,384
3F577E,11,23
3F577E,255,334
3F57D9,255,380
3F5DA5,11,1
3F5DA5,255,211
3F5E55,255,447
3F5E6E,15,9
3F5E6E,255,117
3F5E6F,11,16
3F5E6F,255,196
3F6735,255,445
3F6EF8,255,243
3F7292,255,258
3F7857,11,18
3F7857,255,364
3F79F0,11,10
3F79F0,255,311
3F7EA2,11,13
3F7EA2,255,509
3F82A4,11,2
3F82A4,255,251
3F8385,255,281
3F840F,255,263
3F8EE6,255,325
3F94BC,255,332
3F96B2,255,317
3F9C22,11,32
3F9C22,255,372
3F9C68,255,286
3F9CA4,11,11
3F9CA4,255,324
3FA014,11,13
3FA014,255,388
3FAA71,255,282
3FAD73,11,14
3FAD73,255,195
3FB1FC,11,1
3FB1FC,255,607
3FBA26,255,413
3FBD26,255,432
3FC090,11,6
3FC090,255,346
3FC17B,11,10
3FC17B,255,311
3FC37D,11,14
3FC37D,255,390
3FC709,255,185
3FCB3B,255,347
3FCE31,11,2
3FCE31,255,336
3FCE90,255,256
3FDAC4,255,367
3FE28F,255,159
3FEA09,255,443
3FEC40,255,198
3FFDFA,255,250
4000E1,255,419
400992,15,8
400992,255,396
4024F1,11,8
4024F1,255,291
40251B,11,11
40251B,255,332
402671,255,369
4026AF,255,308
402E23,255,332
403010,11,8
403010,255,353
40325C,11,22
40325C,255,407
403602,11,40
403602,255,248
404330,255,281
404618,255,353
404744,255,548
404772,255,759
404D23,255,480
40526B,255,329
40526C,11,22
40526C,255,583
4052A9,255,368
4053C8,11,23
4053C8,255,286
4058F1,11,23
4058F1,255,495
4058F5,11,4
4058F5,255,211
405BC4,255,346
406547,11,23
406547,255,322
406594,11,30
406594,255,313
406C2D,11,14
406C2D,255,187
406C7B,11,15
406C7B,254,132
406CB7,255,310
406E38,255,356
4071F8,255,149
407AFB,255,390
407C17,0,2
407C17,11,7
407C17,254,646
407C2A,255,273
408222,11,7
408222,255,471
408769,11,15
408769,255,473
40896D,255,412
408ED7,255,177
409976,255,212
409977,11,22
409977,255,282
40A266,255,363
40B1DC,255,174
40B2A9,11,12
40B2A9,255,288
40B2AA,11,31
40B2AA,255,255
40B650,255,301
40BF78,255,191
40BFF0,255,296
40C571,255,618
40C580,11,4
40C580,255,292
40D16B,0,1
40D16B,11,2
40D16B,255,207
40D16C,255,363
40D27B,255,212
40D43E,255,314
40D5F6,11,9
40D5F6,255,195
40E481,11,6
40E481,255,383
40E6CD,255,326
40EA64,255,230
40EF1C,255,273
40F39F,255,268
40FE3B,255,278
41049E,255,195
41069C,11,12
41069C,255,401
410811,11,12
410811,255,258
4109C5,255,261
4109C6,11,22
4109C6,255,619
410F93,255,356
410F94,11,13
410F94,255,364
411334,11,17
411334,255,171
411A17,255,238
411A18,255,268
411FBD,11,31
411FBD,255,336
412266,255,199
412F22,255,227
413193,255,450
413321,0,15
413321,1,7
413321,11,7581
413321,254,87
413321,255,425101
414330,11,10
414330,255,330
414DF6,255,251
415058,11,4
415058,255,594
415738,254,25
415738,255,258
415739,11,8
415739,255,175
41573A,255,233
415D24,11,19
415D24,255,365
416191,255,431
41639A,11,22
41639A,255,270
417845,11,9
417845,255,309
4178DC,0,1
4178DC,11,5
4178DC,255,172
417D4C,11,23
417D4C,255,302
418003,11,21
418003,255,220
418716,11,22
418716,255,598
41947C,255,428
419511,255,323
419834,11,20
419834,255,304
419C38,255,255
41AEC0,255,311
41AFC3,255,547
41B147,0,1
41B147,11,15
41B147,255,318
41BC62,255,179
41C27C,255,416
41CA6E,11,2
41CA6E,255,290
41CACE,11,13
41CACE,254,2
41CACE,255,144
41CACF,255,329
41CD9B,11,12
41CD9B,255,401
41CDB7,255,682
41CF9B,255,376
41D410,11,26
41D410,255,310
41D76B,255,267
41ED1A,11,11
41ED1A,255,237
41F28E,255,124
41F28F,255,275
41F403,11,1
41F403,255,284
41F4F6,255,231
41F6C6,255,229
4203DC,11,16
4203DC,255,159
4203DD,255,306
4210B4,11,3
4210B4,255,541
4219BE,255,334
421AB5,1,1
421AB5,11,14
421AB5,255,478
4228CB,11,19
4228CB,255,482
422F0F,11,25
422F0F,255,264
4237D2,11,3
4237D2,255,323
423B58,11,11
423B58,255,362
423C62,255,256
42415A,255,211
4247BE,255,208
4254E3,255,770
4255B0,255,334
4256AD,255,345
42659A,11,17
42659A,255,266
426893,255,152
4268AB,11,9
4268AB,255,375
426968,11,3
426968,254,1
426968,255,302
426969,11,27
426969,255,351
426DE2,11,16
426DE2,255,186
4275EE,255,371
427644,255,391
427717,255,229
42792E,255,279
428194,11,13
428194,254,5
428194,255,199
428195,11,9
428195,254,83
428195,255,4
428196,255,226
428412,255,160
4289AA,11,16
4289AA,255,291
428E49,11,18
428E49,255,224
428E9F,11,12
428E9F,255,243
429380,255,175
429685,255,250
42A0E3,11,20
42A0E3,255,194
42A497,255,265
42A550,255,136
42A689,11,9
42A689,254,7
42A689,255,181
42A68A,11,28
42A68A,255,288
42AB88,255,229
42B0A1,11,3
42B0A1,255,395
42BB97,255,288
42BC6F,11,29
42BC6F,255,373
42BF58,0,3
42BF58,11,14
42BF58,254,99
42BF59,255,346
42C21B,255,292
42C400,11,2
42C400,255,271
42C988,255,224
42C989,255,294
42D0D7,11,11
42D0D7,255,293
42E485,11,17
42E485,255,312
42E4D3,11,17
42E4D3,255,207
42E740,11,4
42E740,255,331
42EA9B,11,15
42EA9B,255,347
42EC28,255,409
42ED0B,11,3
42ED0B,255,267
42EEF1,255,449
42F35C,255,465
42F6E1,255,375
4301BF,11,20
4301BF,255,294
430595,255,97
4310E4,255,310
431215,255,384
431579,255,279
431B7F,255,345
431C17,255,505
431F37,255,444
432616,255,88
432E55,255,427
433058,255,275
43351B,11,32
43351B,255,211
4337DE,255,278
433852,255,465
43450E,255,247
43462D,255,307
434EB8,255,383
4352DA,0,1
4352DA,11,14
4352DA,255,249
4352DB,11,3
4352DB,255,423
435302,11,5
435302,255,291
435372,11,6
435372,255,244
43572F,255,203
435843,11,18
435843,255,354
4358F6,11,8
4358F6,255,332
435A47,255,173
435C48,255,303
435E92,11,11
435E92,255,356
435FBD,11,29
435FBD,255,651
436185,1,1
436185,11,14
436185,255,409
436193,255,354
43624A,255,208
436460,255,348
436471,11,1
436471,255,300
4370DA,255,405
437D8A,1,1
437D8A,11,24
437D8A,255,336
4387F1,11,15
4387F1,255,368
43A6A0,255,320
43AC0B,11,27
43AC0B,255,92
43AC0C,255,312
43B712,11,17
43B712,255,328
43BE66,11,4
43BE66,255,451
43C13A,11,48
43C13A,255,216
43C462,11,10
43C462,255,349
43C601,11,8
43C601,255,463
43CCA4,255,387
43CE80,255,371
43D355,11,19
43D355,255,360
43D8E4,255,292
43DB89,11,21
43DB89,255,303
43DCAA,255,180
43DD76,255,344
43E852,11,22
43E852,255,192
43EB2D,11,4
43EB2D,255,244
43F1D1,11,27
43F1D1,255,428
43F9D8,11,1
43F9D8,255,273
43FE01,11,27
43FE01,255,283
43FF37,255,442
440CAB,0,1
440CAB,255,365
440FF0,11,29
440FF0,255,356
44113D,255,404
44124C,11,18
44124C,255,448
44145E,11,2
44145E,255,696
441E5B,11,8
441E5B,255,405
44229D,255,126
44267D,255,277
44305B,255,325
443E3D,11,7
443E3D,255,326
44524A,255,230
44524B,255,374
445968,11,9
445968,255,103
445969,255,543
44596A,11,27
44596A,255,381
445FB4,11,4
445FB4,255,473
4460D1,255,257
4464F1,255,253
44656A,11,1
44656A,255,246
44656B,255,198
4466A1,11,21
4466A1,255,251
446B58,11,26
446B58,255,334
446FCA,0,1
446FCA,11,24
446FCA,255,341
447568,255,715
447667,11,19
447667,255,273
447734,255,292
4478BB,11,22
4478BB,255,461
4479DC,255,415
447B1B,11,10
447B1B,255,189
447B1C,255,355
447EE1,255,262
448960,11,34
448960,255,336
44962E,255,146
44962F,255,267
449A1E,11,27
449A1E,255,205
44A02E,11,35
44A02E,255,276
44A2D9,255,181
44A59C,11,10
44A59C,255,393
44B75A,255,270
44BDDE,255,355
44BDEE,11,8
44BDEE,255,331
44BE9B,11,24
44BE9B,255,320
44CEA3,11,7
44CEA3,255,306
44D08F,11,10
44D08F,255,212
44D17C,255,327
44D5E2,255,238
44D60A,255,217
44DDB2,255,309
44DEE3,255,331
44E2EF,0,1
44E2EF,11,22
44E2EF,255,244
44E399,11,26
44E399,255,344
44E59E,11,4
44E59E,255,316
44EA8D,255,252
44EE57,11,3
44EE57,255,224
44F19F,255,346
44F309,255,337
44FC79,11,10
44FC79,255,366
44FF13,11,8
44FF13,255,150
44FF14,255,285
45046B,11,6
45046B,255,397
450A1E,11,16
450A1E,255,552
450BCF,255,318
451151,11,1
451151,255,292
45194D,11,15
45194D,255,308
451C84,255,238
4522FE,255,336
452D1A,11,7
452D1A,255,361
452E82,11,18
452E82,255,281
452F79,255,253
45303A,255,323
453322,11,18
453322,255,262
4535B3,255,177
453817,255,276
454C25,11,11
454C25,255,473
454D25,255,167
454FC1,255,237
4550D4,255,243
45527C,11,20
45527C,255,334
4555F7,255,392
455A34,255,297
456215,11,26
456215,255,235
456C9C,255,283
456CB2,255,240
45755B,255,421
4579AF,255,458
4582E2,11,26
4582E2,255,627
459A89,255,199
45A3A1,255,261
45A8C0,254,1
45A8C0,255,166
45AA5F,11,4
45AA5F,255,358
45AAA5,255,346
45AAD4,255,461
45AE29,255,242
45AEFF,11,4
45AEFF,255,308
45CC32,255,253
45CF1D,255,317
45D09A,11,10
45D09A,255,318
45DCFE,255,580
45DEBF,11,8
45DEBF,255,465
45E4B5,255,320
45E969,255,455
45E96A,11,22
45E96A,255,712
45EA5E,255,386
45EADE,255,266
45EADF,255,259
45F244,255,346
45FEA8,11,23
45FEA8,255,432
4604ED,254,2
4604ED,255,184
4604EE,11,9
4604EE,255,233
460582,11,18
460582,255,166
4605EA,11,5
4605EA,255,322
460967,11,18
460967,255,332
461AA5,2,1
461AA5,11,23
461AA5,255,204
461AA6,11,17
461AA6,255,379
4626C3,11,7
4626C3,255,240
4626C4,255,296
4631F0,255,439
463432,255,360
4634DB,255,382
4638AD,11,37
4638AD,255,623
4638D5,11,14
4638D5,255,283
4639A8,255,346
463A31,11,18
463A31,255,302
463E8D,255,428
463F80,11,24
463F80,255,369
464562,255,369
4647EE,11,6
4647EE,255,316
4649FE,11,21
4649FE,255,97
465218,11,13
465218,255,225
465219,255,309
465321,11,9
465321,255,274
4653B4,11,28
4653B4,255,353
465421,255,386
465503,11,8
465503,255,261
4657AE,255,406
465EEE,255,302
4669C0,11,2
4669C0,255,320
4669D8,11,8
4669D8,255,291
466A5B,255,451
4679E8,11,32
4679E8,255,294
4681FC,255,236
4682F1,255,383
468648,11,5
468648,255,222
468EF5,255,388
468FA0,11,4
468FA0,255,448
4690C9,255,186
4690EF,255,291
469321,11,9
469321,255,270
469F84,11,19
469F84,255,444
46A06B,255,313
46A08B,11,10
46A08B,255,264
46A60E,255,273
46ACF7,255,244
46BA3D,11,3
46BA3D,255,143
46BF9A,11,3
46BF9A,255,226
46CA4D,255,286
46D7B3,11,48
46D7B3,255,328
46D9F2,255,266
46E540,254,5
46E540,255,313
46E541,255,290
46EC18,254,1
46EC18,255,174
46EC19,11,5
46EC19,255,339
46EC60,11,4
46EC60,255,291
46F048,255,260
46F6BB,255,269
46FA1E,11,11
46FA1E,255,233
46FD45,255,315
46FE3B,11,31
46FE3B,255,279
471B04,11,22
471B04,255,276
471C65,255,275
4721F1,255,678
472280,255,314
472A66,255,319
472ADE,0,2
472ADE,11,4
472ADE,254,129
473235,254,5
473235,255,193
473236,11,9
473236,255,212
4737E9,255,282
473A88,11,8
473A88,255,304
473FA7,11,5
473FA7,255,304
4742A6,255,223
4742A7,255,338
474BAF,255,549
474C8E,11,3
474C8E,255,248
474D3A,11,27
474D3A,255,465
474DEB,11,18
474DEB,255,157
474E72,11,11
474E72,255,244
476251,11,31
476251,255,378
4769E9,11,13
4769E9,255,223
477044,11,5
477044,255,563
477175,255,344
47768A,255,261
477A2B,255,318
477A7A,11,12
477A7A,255,309
478E35,255,152
478FEB,255,243
478FEC,11,1
478FEC,255,239
479944,11,6
479944,255,150
479945,255,211
47A579,11,7
47A579,255,404
47ACFA,255,245
47B5EC,11,46
47B5EC,254,49097
47B5EC,255,3
47BC4E,11,23
47BC4E,255,210
47BEFD,11,3
47BEFD,255,248
47CB38,255,206
47CC4E,11,14
47CC4E,255,263
47D5C1,11,5
47D5C1,255,325
47DD5A,255,359
47E020,11,1
47E020,255,252
47E0D2,11,19
47E0D2,255,211
47E94B,255,380
47EA9E,255,208
47ECAC,255,367
47F69F,255,321
47F7DF,11,22
47F7DF,255,331
47F9BF,11,22
47F9BF,255,230
47FD8F,255,384
47FE94,255,619
4800AD,255,324
4808B9,255,179
480A20,11,4
480A20,255,190
480A21,255,364
480C44,11,19
480C44,255,187
481056,11,6
481056,255,197
4811A6,11,54
4811A6,255,696
481D4A,255,301
481FE2,0,1
481FE2,11,15
481FE2,255,338
4822FF,255,261
48232E,255,342
482693,11,20
482693,255,112
482694,11,12
482694,255,467
482C1E,255,517
482E18,255,161
48305D,11,14
48305D,255,289
4835B8,0,2
4835B8,11,20
4835B8,255,618
48369D,11,6
48369D,255,182
483E77,11,10
483E77,255,311
4842D7,11,13
4842D7,255,195
48437A,255,448
4844E3,0,1
4844E3,11,8
4844E3,255,316
4847A8,255,212
484DEE,11,24
484DEE,255,323
48551F,11,4
48551F,255,150
485923,11,4
485923,255,321
485AB1,255,534
48615A,255,368
4866C1,11,13
4866C1,255,397
48697A,255,142
487545,255,253
488199,11,7
488199,255,265
48922A,11,41
48922A,255,237
48922B,11,19
48922B,255,263
489E26,255,322
48A014,255,268
48A9DA,255,131
48B990,11,22
48B990,255,361
48BA26,255,252
48BBDA,255,194
48BC77,11,6
48BC77,255,311
48C6AD,11,2
48C6AD,255,270
48C914,11,7
48C914,255,242
48CBFE,255,326
48D465,11,11
48D465,255,367
48D6AB,255,294
48D8BD,255,212
48D96F,11,23
48D96F,255,279
48EC88,255,275
48F2EB,255,179
48F790,254,12
48F790,255,330
48FE62,11,4
48FE62,255,209
4900CC,11,31
4900CC,255,183
490518,11,8
490518,255,343
490519,255,352
49062C,255,257
49078B,11,10
49078B,255,335
490C51,11,5
490C51,255,120
490E6C,255,340
49113D,255,672
491698,255,489
49183D,11,25
49183D,255,249
4922C1,11,19
4922C1,255,358
49232E,11,31
49232E,255,362
492552,255,195
492553,11,10
492553,255,276
492682,11,9
492682,255,392
492700,11,33
492700,255,586
492DBF,11,15
492DBF,255,204
492E63,11,12
492E63,255,313
493102,255,185
49366C,255,424
493D69,11,13
493D69,255,163
4942CE,255,313
494A6D,11,24
494A6D,255,223
495535,255,388
495A43,11,1
495A43,255,128
495A44,11,10
495A44,255,273
495D8D,11,8
495D8D,255,200
495F3C,255,345
496753,11,23
496753,255,400
49675B,1,1
49675B,11,39
49675B,255,465
496BAB,11,27
496BAB,255,380
49907A,11,22
49907A,255,565
499815,255,275
49994A,255,142
499989,11,12
499989,255,182
49998A,255,293
499E80,255,364
49A12B,255,200
49A8AE,255,281
49B5FE,11,13
49B5FE,255,312
49BF66,255,416
49D47C,255,361
49DA1C,11,16
49DA1C,255,356
49DD78,255,294
49DE03,255,227
49E60B,11,9
49E60B,255,234
49E62D,255,644
49E643,11,33
49E643,255,205
49E9E9,255,434
49EA3E,11,25
49EA3E,255,303
49ED98,255,474
49F19F,11,7
49F19F,255,161
49F1A0,255,200
49F5C7,11,12
49F5C7,255,268
49F678,11,5
49F678,255,209
49F99F,11,4
49F99F,255,216
4A00C4,11,4
4A00C4,255,332
4A0CD9,11,8
4A0CD9,255,459
4A0EA3,255,175
4A0FD0,255,251
4A13B4,255,207
4A1FCE,11,25
4A1FCE,255,218
4A322B,11,22
4A322B,255,706
4A3268,255,414
4A3869,255,404
4A3880,11,22
4A3880,255,345
4A4AD5,255,480
4A5070,255,222
4A5538,255,158
4A569D,255,356
4A5B4A,255,206
4A68F1,11,8
4A68F1,255,303
4A6D33,255,284
4A6F52,255,436
4A7173,255,396
4A7588,11,28
4A7588,255,353
4A76BA,11,7
4A76BA,255,231
4A7814,255,574
4A7815,255,761
4A877F,255,316
4A9131,11,18
4A9131,255,458
4A94B7,255,391
4A97AC,255,187
4A9901,11,27
4A9901,255,292
4A9A7B,255,245
4A9B96,255,277
4AA685,255,304
4AA738,11,31
4AA738,255,269
4AB319,255,599
4AB5FA,255,221
4AB69F,255,303
4ABAC7,255,230
4AC1F0,11,2
4AC1F0,255,210
4AC610,11,9
4AC610,255,101
4ACE04,11,25
4ACE04,255,342
4ACEAB,255,317
4ACEDB,11,24
4ACEDB,255,202
4AD26F,255,392
4AD51F,255,331
4ADF07,255,330
4AEA85,255,215
4AFA22,11,23
4AFA22,255,90
4AFD72,255,264
4B049A,1,1
4B049A,11,15
4B049A,255,431
4B050C,11,16
4B050C,255,276
4B06B0,11,5
4B06B0,255,359
4B07BD,11,4
4B07BD,255,306
4B1117,11,17
4B1117,255,280
4B1173,255,516
4B13A9,255,369
4B150E,255,232
4B15F9,255,154
4B1704,255,324
4B1C0F,11,19
4B1C0F,255,715
4B2667,11,34
4B2667,255,277
4B36EE,11,7
4B36EE,255,137
4B36FC,11,6
4B36FC,255,374
4B37C3,11,20
4B37C3,255,364
4B38F7,255,368
4B39E7,255,200
4B3DA3,255,407
4B4086,255,365
4B41F1,11,26
4B41F1,255,180
4B42FC,255,94
4B489A,255,274
4B4C21,254,7
4B4C21,255,236
4B4C22,11,4
4B4C22,255,316
4B5B95,11,4
4B5B95,255,311
4B5BD1,255,278
4B5BD2,11,13
4B5BD2,255,300
4B5E80,255,481
4B6562,255,316
4B6806,11,11
4B6806,255,344
4B6C59,11,12
4B6C59,255,11
4B6D69,255,488
4B746C,255,215
4B81AE,11,7
4B81AE,255,387
4B82D4,11,33
4B82D4,255,497
4B8385,11,20
4B8385,255,752
4B86E4,255,436
4B8884,255,582
4B95D1,11,7
4B95D1,255,385
4B969A,0,1
4B969A,11,3
4B969A,255,287
4B9DDB,255,332
4BA785,11,2
4BA785,254,1
4BA785,255,224
4BA786,0,1
4BA786,11,22
4BA786,254,251
4BA786,255,24
4BA787,255,387
4BAF34,255,494
4BBDCB,2,1
4BBDCB,11,30
4BBDCB,255,155
4BBE6C,11,40
4BBE6C,255,571
4BC309,255,298
4BC765,255,466
4BDDD7,11,13
4BDDD7,255,315
4BE142,255,396
4BF295,255,273
4BF973,255,264
4C0133,11,15
4C0133,255,284
4C01E0,11,14
4C01E0,255,456
4C07B2,11,11
4C07B2,255,279
4C09D2,11,1
4C09D2,255,518
4C145B,255,426
4C2441,255,293
4C24E9,255,405
4C2729,11,8
4C2729,255,303
4C282A,11,7
4C282A,255,257
4C2EAD,255,1067
4C2FD9,255,276
4C39B6,11,6
4C39B6,255,564
4C4EF1,255,210
4C4F50,11,19
4C4F50,255,321
4C511D,11,3
4C511D,255,428
4C5867,255,384
4C5A24,11,14
4C5A24,255,347
4C6095,255,569
4C66FD,255,378
4C67CC,11,8
4C67CC,255,198
4C709F,11,3
4C709F,255,516
4C7BD0,11,14
4C7BD0,255,316
4C7C35,11,14
4C7C35,255,476
4C84AD,11,31
4C84AD,255,220
4C8E91,254,4
4C8E91,255,274
4C8F1F,11,13
4C8F1F,255,390
4C9BF0,11,35
4C9BF0,254,12115
4CAEC2,255,279
4CB0EF,255,495
4CB400,11,10
4CB400,255,421
4CB4FD,255,414
4CB94A,255,238
4CB966,254,19
4CB966,255,128
4CB968,11,33
4CB968,255,229
4CBCAD,0,1
4CBCAD,11,14
4CBCAD,255,257
4CC107,255,446
4CC303,11,11
4CC303,255,354
4CD19E,11,1
4CD19E,255,321
4CD1DC,255,309
4CD365,255,228
4CD683,11,19
4CD683,255,243
4CDB33,11,5
4CDB33,255,409
4CE4A8,11,4
4CE4A8,255,377
4CE97A,11,14
4CE97A,255,82
4CF18B,255,273
4CF625,11,19
4CF625,255,195
4CF97A,11,22
4CF97A,255,272
4CFF48,11,11
4CFF48,255,339
4D0402,255,338
4D066C,11,20
4D066C,255,417
4D0BAF,11,1
4D0BAF,255,209
4D0E75,255,302
4D13DD,255,272
4D16BF,255,340
4D17EB,255,470
4D273A,11,15
4D273A,255,282
4D33F1,11,8
4D33F1,255,292
4D3442,255,344
4D37E5,255,623
4D5519,2,1
4D5519,11,32
4D5519,255,275
4D5874,11,20
4D5874,255,466
4D5A7A,11,12
4D5A7A,255,206
4D5A7B,11,7
4D5A7B,255,270
4D62D8,11,20
4D62D8,255,231
4D6922,255,390
4D716D,255,486
4D75D9,11,17
4D75D9,255,456
4D7B00,255,218
4D7BDA,11,22
4D7BDA,255,311
4D830A,11,15
4D830A,255,302
4D833B,255,406
4D873E,11,14
4D873E,255,93
4D8E76,11,13
4D8E76,255,358
4D8FDD,11,12
4D8FDD,255,276
4D92CE,11,6
4D92CE,255,197
4D92F0,255,231
4D9B43,11,27
4D9B43,255,338
4D9DFA,255,228
4DA9FD,254,2
4DA9FD,255,239
4DA9FE,11,17
4DA9FE,255,323
4DB183,255,395
4DCA96,11,22
4DCA96,255,365
4DD01C,255,294
4DD01D,11,5
4DD01D,255,249
4DE416,11,4
4DE416,255,372
4DE7DB,11,8
4DE7DB,255,233
4DE8BE,11,34
4DE8BE,255,1073
4DF363,255,496
4DFE03,255,409
4DFFAB,255,202
4E00EF,11,26
4E00EF,255,452
4E093A,255,204
4E0BFC,255,448
4E0D42,11,6
4E0D42,255,492
4E1420,255,255
4E1C08,255,288
4E1CFB,254,2
4E1CFB,255,247
4E1CFC,255,189
4E1E18,11,7
4E1E18,255,380
4E21FA,255,445
4E2B21,255,400
4E2F34,255,402
4E3357,11,3
4E3357,255,570
4E39F6,11,9
4E39F6,255,222
4E41EC,255,276
4E4406,11,43
4E4406,255,332
4E46DD,255,249
4E503A,11,10
4E503A,255,182
4E503B,11,26
4E503B,255,205
4E51C8,255,677
4E5AA7,255,457
4E67C1,11,9
4E67C1,255,375
4E67EA,255,109
4E6C5F,11,4
4E6C5F,255,453
4E6C60,11,5
4E6C60,255,337
4E7412,11,40
4E7412,255,297
4E784D,255,99
4E7A6D,11,1
4E7A6D,255,314
4E7D8C,255,48
4E86AF,11,44
4E86AF,255,621
4E87F2,255,530
4E8943,11,42
4E8943,255,445
4E907D,11,11
4E907D,255,388
4E98B9,255,458
4E9DDE,255,346
4EA1A0,0,1
4EA1A0,11,6
4EA1A0,255,337
4EA35E,11,11
4EA35E,255,338
4EA515,255,353
4EA844,255,317
4EB105,255,378
4EBBFA,255,430
4ECD10,255,376
4ED5E0,11,5
4ED5E0,255,270
4EDDCB,11,13
4EDDCB,255,548
4EE41D,254,15
4EE41D,255,128
4EE41F,255,268
4EE69F,255,196
4EE911,11,3
4EE911,255,287
4EE944,11,12
4EE944,255,302
4EE9B8,11,29
4EE9B8,255,508
4EE9F7,255,273
4EEA6B,11,13
4EEA6B,255,1020
4EEBCA,11,14
4EEBCA,255,318
4EEBCE,255,190
4EF1A7,11,12
4EF1A7,255,196
4EF697,255,281
4EF698,255,268
4EF8F5,255,294
4EFAC7,255,394
4EFE3C,255,339
4F0106,11,18
4F0106,255,563
4F0573,255,316
4F05EF,11,14
4F05EF,255,341
4F0D59,255,944
4F105C,11,5
4F105C,255,206
4F157B,11,21
4F157B,255,295
4F170E,1,1
4F170E,11,18
4F170E,255,175
4F1B4D,255,363
4F1CB4,11,11
4F1CB4,255,524
4F2709,255,229
4F30D5,255,229
4F31B9,11,9
4F31B9,255,139
4F32A4,255,349
4F3971,255,295
4F3E42,255,10494
4F3FBD,11,44
4F3FBD,255,508
4F4242,255,266
4F526C,255,283
4F543B,255,206
4F543C,11,7
4F543C,255,393
4F725C,11,14
4F725C,255,183
4F7458,255,687
4F83A5,11,11
4F83A5,255,151
4F83F3,255,965
4F87D9,255,498
4FA4A6,11,15
4FA4A6,255,255
4FA54D,255,383
4FA5F3,11,7
4FA5F3,255,288
4FA5F4,255,481
4FAFF4,11,22
4FAFF4,255,299
4FB207,255,196
4FB322,255,216
4FB40D,255,228
4FB97F,255,392
4FBB45,11,1
4FBB45,255,290
4FBBE0,11,19
4FBBE0,255,343
4FBE19,11,14
4FBE19,255,303
4FBE88,255,394
4FCD6F,255,214
4FCD9D,11,22
4FCD9D,255,144
4FDE05,255,373
4FDF36,11,15
4FDF36,255,255
4FE447,255,257
4FEA19,255,209
4FEB06,255,304
4FF6D4,11,2
4FF6D4,255,341
4FF934,255,263
50021C,11,3
50021C,255,412
500772,11,19
500772,255,337
500BF6,255,417
501218,255,354
501749,255,563
501D15,11,6
501D15,255,300
501F21,11,14
501F21,255,346
501FC3,11,8
501FC3,255,220
5022AD,255,309
5033AC,255,259
503461,255,198
5034FB,11,21
5034FB,255,348
503C1A,11,45
503C1A,255,254
503EC9,255,173
5041E8,255,147
504733,255,337
50550A,255,262
505E04,11,17
505E04,255,729
50622A,11,36
50622A,255,299
5074B1,11,14
5074B1,255,347
508E58,255,254
508F65,255,229
50923B,255,526
509495,11,15
509495,255,320
509C69,255,514
509D0F,255,265
50A812,255,363
50ABC2,255,263
50B40A,255,408
50B841,254,13
50B841,255,198
50B842,0,1
50B842,11,7
50B842,254,171
50B843,11,17
50B843,255,323
50BC45,255,372
50BC93,2,1
50BC93,11,13
50BC93,255,432
50C409,255,433
50C598,255,334
50CB03,11,10
50CB03,255,315
50CC09,255,258
50CC0A,255,356
50D12E,255,374
50D43F,255,273
50D711,11,12
50D711,255,262
50DBDA,11,30
50DBDA,255,324
50E039,255,255
50F0E7,11,16
50F0E7,255,141
50F0E8,11,3
50F0E8,255,231
50F2D7,11,12
50F2D7,255,347
50F3CC,11,17
50F3CC,255,282
50F634,255,341
50F928,255,446
50FBEB,1,1
50FBEB,11,21
50FBEB,255,345
510236,255,240
510E63,255,581
5117E2,11,9
5117E2,255,341
511C3B,255,1477
511EDC,255,540
5123D5,255,276
51283F,255,278
5133CB,255,444
51341D,11,4
51341D,255,232
513AFA,11,23
513AFA,255,239
514368,11,11
514368,255,260
5146AB,255,312
5147A3,254,9
5147A3,255,154
5147A4,11,9
5147A4,255,297
515429,11,34
515429,255,273
5154E8,255,300
515B08,11,5
515B08,255,119
516207,11,4
516207,255,268
516208,11,14
516208,255,322
51652E,255,502
516853,11,3
516853,255,358
517353,255,418
517458,255,157
517DF1,11,22
517DF1,255,179
51877E,255,262
5187D1,11,33
5187D1,255,307
518CEB,11,54
518CEB,255,380
51953A,255,444
51A9DF,11,27
51A9DF,255,519
51ACB2,11,30
51ACB2,255,481
51BA01,255,267
51BFAF,11,6
51BFAF,255,295
51BFFB,255,537
51C16A,11,3
51C16A,255,279
51C24D,255,249
51C7DB,255,304
51CBB5,11,7
51CBB5,255,435
51D1C9,255,378
51E51E,11,7
51E51E,255,281
51EE18,255,325
52086B,255,422
520A92,255,336
52107D,11,5
52107D,255,442
5214B7,255,807
522CDD,11,3
522CDD,255,402
522EEB,11,15
522EEB,255,269
523552,11,7
523552,255,424
523BC4,255,379
525FD6,11,11
525FD6,255,347
526186,255,408
526A1E,255,505
526B74,11,1
526B74,255,303
527089,11,7
527089,255,133
52796A,255,464
527F7A,255,379
52887D,11,14
52887D,255,231
529952,255,626
529E7B,255,159
529EAF,255,110
52A1AC,255,532
52A24B,255,394
52A8B5,11,5
52A8B5,255,340
52A9BE,255,322
52ADAC,11,6
52ADAC,255,214
52AE08,255,495
52AEED,11,15
52AEED,255,608
52B744,255,378
52C032,11,28
52C032,255,292
52C110,11,18
52C110,255,315
52C27F,255,360
52CED7,255,389
52CF6D,0,1
52CF6D,11,21
52CF6D,255,243
52D18E,255,460
52D19A,0,1
52D19A,11,20
52D19A,255,515
52D4E6,255,246
52D5DF,11,3
52D5DF,255,339
52DB78,11,13
52DB78,255,435
52DE34,255,528
52E774,255,210
52F097,255,340
52F7EA,255,400
52F901,11,10
52F901,255,167
52F902,11,16
52F902,255,193
530544,255,288
5307B9,11,19
5307B9,254,2
5307B9,255,296
5307BA,11,28
5307BA,255,190
530C57,255,277
531290,255,256
5314E4,255,291
5315BF,11,10
5315BF,255,336
531FEA,11,2
531FEA,255,289
5322F0,11,19
5322F0,255,484
5327E7,255,342
533B87,255,410
533BB9,11,19
533BB9,255,299
534298,255,246
534888,11,45
534888,255,511
534DA1,11,17
534DA1,255,229
5350FD,255,498
5356C8,255,190
5357BF,11,8
5357BF,255,506
535859,11,18
535859,255,254
53616C,11,8
53616C,255,210
53616D,255,242
53671C,255,267
5370D0,11,9
5370D0,255,154
537BED,11,30
537BED,255,247
5380E2,255,145
5388D4,255,260
538DCF,11,49
538DCF,255,421
538F10,255,480
5396D0,0,1
5396D0,11,49
5396D0,255,265
539F39,11,3
539F39,255,501
53A432,11,14
53A432,255,288
53A473,255,336
53A5B3,255,326
53B77F,255,344
53BA9F,255,340
53C9A1,255,406
53D12C,11,29
53D12C,255,290
53F6A2,11,46
53F6A2,255,839
540285,11,14
540285,255,282
5412EE,255,313
541723,11,24
541723,255,485
541AC7,254,7
541AC7,255,168
541AC8,255,232
541C6F,255,295
541F21,255,557
542533,255,34
543418,11,21
543418,255,341
544139,11,32
544139,255,355
544F27,255,228
545186,254,733
5457DC,255,1118
5457F2,11,11
5457F2,255,215
545BC2,0,1
545BC2,11,27
545BC2,255,353
5461C6,11,21
5461C6,255,357
546443,255,300
5464B7,255,128
5467BB,0,1
5467BB,11,8
5467BB,254,308
5467CC,255,169
5467CD,255,327
5469C2,255,211
5472C9,255,252
5478D3,255,323
547ADD,255,315
5481F8,255,474
548506,255,327
548635,255,204
548C92,255,380
549ED9,11,11
549ED9,255,241
549EF9,255,296
54A0A3,255,186
54A3FC,255,427
54A440,11,4
54A440,255,489
54B33A,11,20
54B33A,255,350
54BDE6,255,327
54BF60,255,494
54C03F,255,501
54C9CE,11,30
54C9CE,255,380
54D734,255,490
54D756,255,377
54D821,255,280
54DEE1,255,286
54E1E2,255,219
54E250,11,39
54E250,255,413
54F3A2,255,173
54FD76,255,125
5506AE,255,130
550B7C,255,305
551DC7,255,281
551F4D,11,20
551F4D,255,143
551F4E,255,283
55276C,11,17
55276C,255,156
5530BB,11,3
5530BB,255,272
5532E2,11,9
5532E2,255,424
5532E3,255,245
5533E8,255,294
5535A7,255,285
554468,255,418
554B73,255,464
554CA1,1,1
554CA1,11,6
554CA1,255,281
554EDC,0,1
554EDC,11,3
554EDC,255,276
555282,255,279
555302,255,237
556023,255,471
556585,255,233
556DCB,255,513
556F7D,255,459
556FA9,11,6
556FA9,255,167
557189,255,213
5575C1,11,15
5575C1,254,182
557A1B,255,263
558515,255,264
55970D,11,25
55970D,255,328
559813,255,302
5598BC,255,464
55A14A,255,230
55A575,11,13
55A575,255,320
55A6FA,255,360
55ACB0,255,252
55B11A,11,13
55B11A,255,335
55BB31,11,4
55BB31,255,269
55C03F,11,9
55C03F,255,285
55C3BB,255,257
55CFC7,255,380
55D827,255,59
55E5C9,255,216
55E634,11,19
55E634,255,196
55F01F,255,353
55F05A,255,498
55FCFE,255,267
5600D9,255,350
5607D6,255,157
56080A,255,309
560978,255,628
560B4B,255,494
561323,255,459
5613F8,11,13
5613F8,255,773
561C47,255,304
561C61,255,430
561FA8,255,694
5624FD,255,220
56389E,11,4
56389E,255,167
563EC7,11,4
563EC7,255,578
563EEB,255,339
564107,255,216
56443A,255,134
564A11,255,228
564D60,11,20
564D60,255,234
564D8A,11,18
564D8A,255,241
564E7F,11,16
564E7F,255,358
56510D,11,25
56510D,255,454
565556,255,355
5655C8,255,403
56685B,11,27
56685B,255,314
5669E8,255,202
566B4F,11,15
566B4F,255,300
566E8D,255,389
567063,255,309
56767D,255,520
5681B2,255,292
569513,11,30
569513,255,306
5695E0,11,47
5695E0,255,701
56A6BF,11,12
56A6BF,255,303
56B3AA,255,341
56C08B,11,2
56C08B,255,283
56C14B,255,207
56C18A,255,356
56C3C4,255,179
56C430,255,139
56C4E7,11,13
56C4E7,254,298807
56C7D6,11,13
56C7D6,255,433
56D548,255,213
56D85D,255,334
56D85F,255,349
56DFF4,11,14
56DFF4,255,274
56E2F7,11,24
56E2F7,255,158
56F79A,255,236
56F988,255,301
56FFB0,255,450
5702E0,11,16
5702E0,255,280
570308,255,405
570B24,255,235
5729A7,255,605
5729DF,11,40
5729DF,255,221
572B9E,11,18
572B9E,255,136
57315E,11,31
57315E,255,249
573866,254,6
573866,255,200
573867,255,398
573CB8,255,244
573E3E,11,16
573E3E,255,258
5742E4,11,18
5742E4,255,233
574ADE,11,13
574ADE,255,234
574F77,11,24
574F77,255,595
57568E,255,135
575F83,11,7
575F83,255,259
5762BE,11,13
5762BE,255,259
576ADE,11,19
576ADE,255,221
577BBF,11,10
577BBF,255,336
57811A,255,117
578321,11,11
578321,255,319
57833E,255,336
578710,255,268
578711,255,381
5788BC,11,27
5788BC,255,268
578C39,255,87
578D3F,11,10
578D3F,255,260
5793FB,255,328
5794A9,11,23
5794A9,255,191
579684,255,306
579E02,255,313
57A01A,11,36
57A01A,255,242
57A559,255,523
57A6FA,255,363
57A710,11,17
57A710,255,321
57A8E8,255,591
57ACBE,11,2
57ACBE,255,185
57ADEF,255,192
57AF19,255,309
57B349,255,435
57B379,11,17
57B379,255,587
57B59B,11,11
57B59B,255,226
57B59C,255,297
57B65A,11,2
57B65A,255,279
57B749,255,268
57BA2F,255,224
57C101,255,359
57C870,255,239
57CC8C,255,359
57D1E1,11,13
57D1E1,255,179
57D22C,11,10
57D22C,255,489
57D33D,11,24
57D33D,255,487
57DEF8,11,13
57DEF8,255,315
57E02F,11,2
57E02F,255,276
57E041,255,321
57E514,11,14
57E514,255,539
57ED1F,1,1
57ED1F,11,19
57ED1F,255,375
580269,11,13
580269,255,350
58028B,255,245
58075A,11,15
58075A,255,185
58075B,255,312
58090D,11,5
58090D,255,308
580A60,11,22
580A60,255,257
581ADD,1,1
581ADD,11,16
581ADD,255,310
581C24,11,3
581C24,255,469
582420,0,1
582420,11,8
582420,255,269
582526,255,326
582804,11,7
582804,255,333
5828FD,255,533
582C60,11,14
582C60,255,355
58418A,255,171
5849B1,11,32
5849B1,255,378
584AE5,11,12
584AE5,255,293
584F24,255,231
58556B,255,357
58685F,255,359
5868EB,255,212
5886B5,11,17
5886B5,255,303
588D34,255,291
58911A,255,341
58974C,11,3
58974C,255,357
589C61,11,19
589C61,255,241
58A96A,11,15
58A96A,255,239
58B52D,11,35
58B52D,255,791
58B6D9,255,189
58CC75,255,303
58CD11,255,375
58D0AF,255,350
58D894,1,1
58D894,11,24
58D894,255,299
58DE85,11,19
58DE85,255,376
58E509,255,260
58EFD6,255,173
58EFD7,11,2
58EFD7,255,278
58FB3D,255,333
590500,255,692
590B7F,11,13
590B7F,255,167
590F9B,255,418
590FAD,11,15
590FAD,255,371
591173,11,11
591173,255,389
591270,11,10
591270,255,274
5912A2,11,31
5912A2,255,393
5912DA,255,336
5916B9,11,3
5916B9,255,298
5918D4,11,8
5918D4,255,422
591930,255,195
591BF3,255,261
59270C,11,10
59270C,255,80
59270D,255,240
5931E5,11,35
5931E5,255,858
593609,255,184
593A4A,255,228
593C8E,11,8
593C8E,255,357
593DC7,11,20
593DC7,255,385
593E76,255,263
594D0E,255,348
594DD5,11,45
594DD5,255,304
594FFA,255,363
5952F6,11,16
5952F6,255,310
59536D,11,6
59536D,255,182
5955D3,255,408
5956D4,2,1
5956D4,11,30
5956D4,255,302
59570E,255,216
59628A,255,288
597CFE,11,10
597CFE,255,589
598118,255,273
5981EF,255,276
59902B,255,319
59902C,255,405
599970,255,269
59A020,11,10
59A020,255,344
59A2B4,255,241
59AC74,255,425
59B061,255,280
59B3E0,11,1
59B3E0,255,454
59BBA1,255,370
59CEE5,11,3
59CEE5,255,471
59CF18,255,310
59CF3B,255,222
59D823,255,164
59DD7C,255,278
59DEF8,255,335
59E026,11,9
59E026,255,245
59E49C,11,15
59E49C,255,187
59E902,11,17
59E902,255,340
59EC5E,255,437
59EC6C,255,1359
59EE13,11,44
59EE13,255,316
59EFC3,255,248
59F35F,11,15
59F35F,255,318
59F9E3,11,9
59F9E3,255,697
59FB27,255,341
5A0462,255,394
5A0610,255,171
5A0C06,255,280
5A0CB7,11,22
5A0CB7,255,307
5A1F32,255,111
5A1F33,255,381
5A1F35,255,387
5A2022,255,377
5A2566,255,145
5A25F6,11,39
5A25F6,255,468
5A27C4,255,334
5A3234,11,17
5A3234,255,269
5A3353,255,303
5A352B,255,314
5A3B9A,11,16
5A3B9A,255,376
5A3EA3,255,186
5A443A,11,22
5A443A,255,259
5A443B,255,397
5A466B,255,286
5A4EB1,11,52
5A4EB1,255,782
5A4F07,11,8
5A4F07,255,488
5A5CAB,11,8
5A5CAB,255,217
5A5DA1,255,273
5A6036,11,4
5A6036,255,242
5A676F,0,1
5A676F,11,18
5A676F,255,293
5A6CBB,11,21
5A6CBB,255,388
5A70DB,255,238
5A788D,11,29
5A788D,255,326
5A78B1,255,362
5A7A3E,255,406
5A7BAC,255,221
5A7D3A,11,15
5A7D3A,255,394
5A7EA5,255,329
5A7FF2,255,268
5A861C,255,1070
5A8A93,11,8
5A8A93,255,218
5A8BAE,255,241
5A8E65,11,8
5A8E65,255,244
5A8F38,11,28
5A8F38,255,467
5A943C,255,415
5A9747,11,27
5A9747,255,577
5AA733,255,359
5AA782,11,1
5AA782,255,243
5AA797,11,11
5AA797,255,299
5AB20B,11,8
5AB20B,255,414
5AB4D3,11,28
5AB4D3,255,397
5AB507,11,17
5AB507,255,474
5AB565,11,22
5AB565,255,541
5AC23C,11,1
5AC23C,255,255
5AC26E,11,10
5AC26E,255,316
5AC48F,11,3
5AC48F,255,176
5AC490,255,392
5AC62D,0,3
5AC62D,11,14
5AC62D,255,332
5AC68B,255,389
5AC76A,11,12
5AC76A,255,271
5AC7D2,255,326
5ACD60,11,3
5ACD60,255,342
5AD014,255,141
5AD39E,11,9
5AD39E,255,365
5ADF4E,255,470
5AE798,11,19
5AE798,255,291
5AECDF,255,279
5AF4FF,11,17
5AF4FF,255,388
5AF580,255,276
5B0375,11,7
5B0375,255,258
5B03BD,255,257
5B05D7,255,388
5B07AE,11,7
5B07AE,255,303
5B0A7E,255,359
5B0E2E,255,337
5B1306,0,2
5B1306,11,15
5B1306,255,446
5B1442,255,447
5B1F49,11,7
5B1F49,255,332
5B21A7,255,269
5B2343,11,12
5B2343,255,483
5B25EF,255,258
5B2C01,255,404
5B3250,255,262
5B34A6,255,481
5B3554,11,16
5B3554,255,317
5B37DB,11,2
5B37DB,255,376
5B39B1,11,20
5B39B1,255,472
5B3B38,255,199
5B3BED,11,7
5B3BED,255,766
5B3EFC,11,6
5B3EFC,255,344
5B406E,254,1
5B406E,255,284
5B406F,255,370
5B41C9,11,9
5B41C9,255,234
5B50A0,255,83
5B5640,255,377
5B69F7,11,16
5B69F7,255,493
5B6EFD,255,406
5B7D24,255,438
5B7E38,255,200
5B81B5,255,303
5B8561,11,11
5B8561,255,490
5B86E6,255,337
5B8B08,255,538
5B8B56,255,459
5B8C02,255,350
5B8E3E,255,179
5B9005,255,411
5B994D,255,424
5B9FC9,11,17
5B9FC9,255,205
5BA30B,255,292
5BA967,255,541
5BAEE9,11,19
5BAEE9,255,372
5BB05E,255,253
5BB7C7,255,459
5BB902,255,63
5BBA6E,11,3
5BBA6E,255,410
5BBBB9,11,11
5BBBB9,255,286
5BBC88,11,4
5BBC88,255,291
5BBCE4,255,339
5BC2FA,255,299
5BC487,255,376
5BC6D8,0,1
5BC6D8,11,13
5BC6D8,255,338
5BCACE,255,306
5BCBFF,11,17
5BCBFF,255,271
5BF140,11,7
5BF140,255,434
5BF3ED,11,28
5BF3ED,255,384
5BF41A,255,514
5BF42F,11,11
5BF42F,255,304
5BF5A1,11,18
5BF5A1,255,352
5BFD1A,11,19
5BFD1A,255,468
5C004F,255,379
5C02EB,11,8
5C02EB,255,214
5C04A3,11,8
5C04A3,255,166
5C04A4,0,1
5C04A4,255,280
5C0546,11,14
5C0546,255,212
5C05EC,11,27
5C05EC,255,323
5C0784,11,5
5C0784,255,328
5C0F7C,255,453
5C1103,255,402
5C15BA,255,251
5C1B99,255,310
5C1CC7,255,526
5C26CD,11,25
5C26CD,255,422
5C27B0,11,14
5C27B0,255,237
5C27B1,11,8
5C27B1,255,277
5C2BB2,255,297
5C2E3A,11,6
5C2E3A,255,236
5C37F0,11,10
5C37F0,255,250
5C3E3F,11,3
5C3E3F,255,351
5C4127,11,14
5C4127,255,294
5C4AE7,255,416
5C516A,255,368
5C5244,255,577
5C578A,255,255
5C5F84,11,32
5C5F84,255,329
5C621E,11,22
5C621E,255,287
5C6AA5,255,154
5C74F1,255,350
5C83E0,11,6
5C83E0,255,171
5C83E1,255,293
5C8CCA,255,451
5C8E2E,255,325
5C9C9B,255,352
5C9D11,11,36
5C9D11,255,623
5CA267,11,26
5CA267,255,314
5CA971,255,267
5CAAA9,11,4
5CAAA9,255,247
5CAAAA,11,22
5CAAAA,255,359
5CAC2E,255,329
5CAE5B,11,1
5CAE5B,255,4
5CAF1C,255,233
5CAF7E,2,1
5CAF7E,11,15
5CAF7E,255,205
5CB265,255,642
5CB543,255,243
5CC976,11,18
5CC976,255,163
5CCC81,11,17
5CCC81,255,266
5CCCE3,11,11
5CCCE3,255,257
5CCE1F,11,21
5CCE1F,255,400
5CD069,255,168
5CD233,255,320
5CD491,255,468
5CDBC0,11,2
5CDBC0,255,586
5CE13E,255,438
5CE42D,255,251
5CE5DC,255,363
5CEA8F,11,23
5CEA8F,255,385
5CEEF3,2,1
5CEEF3,11,24
5CEEF3,255,154
5CF21F,255,422
5D019B,11,3
5D019B,254,47
5D019B,255,7
5D019C,255,212
5D0259,255,347
5D0AAB,11,6
5D0AAB,255,351
5D0D64,255,273
5D15DB,11,7
5D15DB,255,289
5D161B,255,284
5D1A09,255,245
5D1C23,11,45
5D1C23,255,360
5D201D,2,1
5D201D,11,21
5D201D,255,259
5D201E,255,269
5D2024,255,328
5D2180,11,15
5D2180,255,423
5D2892,255,289
5D297B,255,231
5D2AE6,11,5
5D2AE6,255,262
5D3005,255,333
5D3465,11,8
5D3465,255,154
5D3851,255,403
5D3C53,255,220
5D4999,11,20
5D4999,255,200
5D5229,255,287
5D528A,11,29
5D528A,255,438
5D5594,255,389
5D60B0,255,590
5D61E2,255,192
5D61E3,11,21
5D61E3,255,274
5D6C1D,255,470
5D6E75,255,362
5D71F1,11,27
5D71F1,255,284
5D7585,11,3
5D7585,255,288
5D775B,11,41
5D775B,255,477
5D8122,255,340
5D826E,255,357
5D85B0,11,25
5D85B0,255,380
5D94AD,11,3
5D94AD,255,238
5DA411,255,239
5DA4DA,11,22
5DA4DA,255,294
5DA9BD,11,1
5DA9BD,255,563
5DB009,11,8
5DB009,255,386
5DB4E0,11,25
5DB4E0,255,303
5DB6E8,11,36
5DB6E8,255,391
5DBAF4,255,465
5DBCA8,255,409
5DC579,255,481
5DD0EA,11,20
5DD0EA,255,785
5DDBAF,0,1
5DDBAF,11,8
5DDBAF,255,298
5DDD97,255,321
5DDE2B,11,16
5DDE2B,255,216
5DDE2C,11,11
5DDE2C,255,258
5DE391,11,8
5DE391,255,395
5DE512,255,304
5DEF75,255,539
5DF0AE,255,304
5DFA15,11,8
5DFA15,255,195
5DFAAA,255,131
5DFDA5,255,368
5E10C9,255,413
5E11DE,11,23
5E11DE,255,542
5E142B,255,385
5E1DAF,255,209
5E2596,255,623
5E274C,255,301
5E2D00,255,349
5E2F1B,11,14
5E2F1B,255,271
5E3006,255,283
5E30BB,255,186
5E3337,11,45
5E3337,255,679
5E3358,1,1
5E3358,11,8
5E3358,255,298
5E3D5E,255,166
5E45A2,0,1
5E45A2,11,5
5E45A2,254,353
5E45A3,255,501
5E5041,11,39
5E5041,255,446
5E53C8,255,311
5E553C,255,397
5E59E8,11,9
5E59E8,255,173
5E5ACD,255,296
5E5B11,11,4
5E5B11,255,568
5E5E0A,255,322
5E6649,11,7
5E6649,255,351
5E673D,1,1
5E673D,11,34
5E673D,255,357
5E6DFB,11,7
5E6DFB,255,359
5E7130,255,282
5E81E6,11,6
5E81E6,255,356
5E890B,255,179
5E890C,255,262
5E8BC6,255,399
5E996B,255,395
5E9F2F,11,28
5E9F2F,255,290
5EA03A,11,8
5EA03A,255,326
5EA075,11,4
5EA075,255,429
5EA10E,11,6
5EA10E,255,410
5EA2BD,255,291
5EA53A,11,23
5EA53A,255,103
5EA612,11,33
5EA612,255,463
5EA9A6,11,10
5EA9A6,255,329
5EADD8,255,593
5EB3AC,11,31
5EB3AC,255,534
5EB59C,255,213
5EBED9,255,373
5EC4B7,255,337
5EC5B4,255,412
5ECC1D,255,298
5ED3F4,11,7
5ED3F4,255,213
5ED777,255,159
5EDAA3,255,356
5EE377,11,12
5EE377,255,327
5EE51B,11,20
5EE51B,255,319
5EE75F,255,302
5EEF46,11,4
5EEF46,255,155
5EF588,11,1
5EF588,255,248
5EF616,11,8
5EF616,255,274
5EF617,255,257
5EF7AC,255,329
5EF8D3,255,232
5F0409,11,10
5F0409,255,376
5F046A,255,291
5F05DB,11,18
5F05DB,255,187
5F08F6,255,264
5F0DB1,11,35
5F0DB1,255,169
5F0EFC,11,17
5F0EFC,255,324
5F1327,255,810
5F17C1,11,19
5F17C1,255,339
5F17DB,11,4
5F17DB,255,344
5F1981,11,28
5F1981,255,900
5F20A2,255,324
5F2149,11,14
5F2149,255,424
5F2341,255,279
5F23A1,11,2
5F23A1,255,292
5F2573,255,612
5F3958,11,2
5F3958,255,261
5F4941,255,374
5F4BA0,11,16
5F4BA0,255,282
5F4D7F,255,251
5F51D9,11,15
5F51D9,255,430
5F5718,11,10
5F5718,255,128
5F5719,255,264
5F6340,11,25
5F6340,255,518
5F649A,11,38
5F649A,255,246
5F6A31,255,433
5F7090,11,5
5F7090,255,347
5F7831,255,389
5F8C34,255,370
5F8CA5,255,382
5F8CE2,0,1
5F8CE2,11,20
5F8CE2,255,322
5F8EEC,11,11
5F8EEC,255,347
5F9047,255,210
5F9883,11,6
5F9883,255,371
5F9AEB,11,24
5F9AEB,255,260
5FA6F0,255,829
5FA84C,11,13
5FA84C,255,509
5FAD28,255,411
5FAFA3,255,1344
5FB0E2,255,264
5FB2B8,0,1
5FB2B8,11,2
5FB2B8,255,422
5FBB8F,255,310
5FBDE9,255,347
5FBEA4,255,349
5FC678,255,250
5FC7E1,255,275
5FCF73,255,234
5FCFA3,255,382
5FD096,255,286
5FD274,255,485
5FE442,255,465
5FF302,255,346
5FF44B,255,397
5FFE70,255,258
60031D,255,311
600521,255,449
60060E,11,4
60060E,255,301
6007E3,11,22
6007E3,255,213
600901,11,9
600901,255,299
600935,11,11
600935,255,405
601D50,255,401
6021C2,0,1
6021C2,11,4
6021C2,255,270
6022FA,11,18
6022FA,255,210
6033B8,11,6
6033B8,255,390
6034D7,255,301
6035D0,255,213
603728,255,429
6037A4,255,445
603D62,255,966
603FC4,255,224
60472B,11,10
60472B,255,300
604B74,255,474
604C12,255,461
604F51,255,283
60502E,255,293
60547F,2,1
60547F,11,32
60547F,255,194
605480,11,10
605480,255,251
605DB6,255,262
605F80,11,8
605F80,255,318
605F96,11,15
605F96,255,252
6063F8,255,320
6064E3,11,19
6064E3,255,296
606959,255,333
606BB0,255,142
606FAA,11,2
606FAA,255,261
60701F,255,361
607091,255,298
607196,255,61
607343,255,251
608309,11,29
608309,255,393
6085A6,255,268
6086DF,255,285
6088B8,11,12
6088B8,255,465
608B5D,11,25
608B5D,255,362
6094D9,255,385
609DC8,11,33
609DC8,255,461
609FC8,11,24
609FC8,254,56856
609FC8,255,2
60A36A,255,421
60AC08,255,516
60AC09,255,270
60ADA7,11,34
60ADA7,255,250
60B3CC,255,171
60B89B,11,16
60B89B,255,257
60C0F9,255,353
60CB94,11,4
60CB94,255,388
60D1F2,255,295
60D45D,11,11
60D45D,255,505
60D6E9,255,251
60DC3D,255,435
60DF6D,11,7
60DF6D,255,327
60E4FB,255,202
60EEDB,11,16
60EEDB,255,183
60F2CB,255,330
60F4B5,255,200
60F4B6,255,330
60FB26,255,326
60FC1A,11,4
60FC1A,255,260
610D56,255,302
612195,11,20
612195,255,219
6121A7,255,363
612F44,0,1
612F44,11,11
612F44,255,329
613636,255,628
613B05,11,20
613B05,255,267
614770,255,305
614E0D,255,111
614E0E,11,14
614E0E,255,352
614F97,255,307
614F98,255,199
61522C,255,347
615587,255,322
615EC6,255,253
6163A3,11,21
6163A3,255,143
616452,255,410
616ED8,255,295
617284,11,13
617284,255,548
61752B,11,6
61752B,255,196
617906,11,9
617906,255,369
617F40,11,21
617F40,255,472
61889F,255,165
618BE6,255,341
619AA5,11,9
619AA5,255,252
619C31,11,9
619C31,255,387
619CDC,255,500
619E13,255,347
61A2DC,11,21
61A2DC,255,359
61A33D,11,16
61A33D,255,364
61A51B,255,509
61A9F1,255,330
61B17F,255,257
61B287,255,233
61B735,255,294
61BD12,11,1
61BD12,255,142
61BD13,11,4
61BD13,255,248
61BDA7,11,4
61BDA7,255,374
61C052,11,3
61C052,255,406
61C158,255,268
61C5C6,11,2
61C5C6,255,260
61C634,11,14
61C634,255,204
61D2EE,11,14
61D2EE,255,342
61D62D,255,186
61DF2F,11,5
61DF2F,255,503
61E215,11,23
61E215,255,476
61E4D7,255,330
61E7A9,255,313
62096E,255,378
620AB1,255,331
620CBD,255,461
620F27,2,1
620F27,11,19
620F27,255,684
6220B4,255,319
622408,255,413
62280C,255,332
62298A,255,397
6231C8,11,3
6231C8,255,249
623345,11,19
623345,255,369
62351F,11,3
62351F,255,267
623D0D,11,11
623D0D,255,422
623EAB,255,439
6243B8,255,263
62451D,255,326
62451E,11,15
62451E,255,221
62498C,255,232
625B4A,11,2
625B4A,255,414
62607F,11,15
62607F,255,704
626711,255,354
626E1E,11,24
626E1E,255,236
62742B,11,15
62742B,255,260
627B43,11,23
627B43,255,235
627B5F,255,583
6285F0,255,428
628C5B,11,13
628C5B,255,533
6297C0,255,155
629E87,11,1
629E87,255,309
62A52A,255,170
62A616,255,172
62B5D0,11,23
62B5D0,255,292
62BC71,255,207
62BC72,255,392
62BCE9,11,20
62BCE9,254,30426
62C6CE,255,373
62D00A,255,612
62D07D,11,8
62D07D,255,324
62D61C,255,383
62DB5E,11,33
62DB5E,255,472
62DEE9,255,284
62E662,11,9
62E662,255,234
62E734,11,11
62E734,255,238
62FDD2,255,256
6304C6,255,210
631CA2,11,32
631CA2,255,276
63215D,11,30
63215D,255,480
6329A9,11,11
6329A9,255,461
6329E6,255,259
632C00,11,25
632C00,255,358
633328,11,20
633328,255,374
633B06,255,452
633B79,255,252
63415B,255,296
6343B9,11,9
6343B9,255,224
634A82,255,273
63540B,11,14
63540B,255,288
635D59,11,3
635D59,255,312
63604E,255,267
636609,11,16
636609,255,268
6366C0,255,339
636BAB,11,5
636BAB,255,395
6371CD,11,7
6371CD,255,283
63740F,11,29
63740F,255,279
637E8A,11,4
637E8A,255,236
63845B,11,1
63845B,255,276
638579,255,468
638C7B,255,346
63964A,11,10
63964A,255,356
63987C,255,419
639B87,255,223
639B88,255,212
639E40,255,352
63A1D7,11,19
63A1D7,255,459
63A701,255,214
63B62E,11,21
63B62E,255,191
63B789,255,389
63B943,11,26
63B943,255,287
63C183,11,1
63C183,255,142
63CBE5,11,15
63CBE5,255,237
63CCF0,11,27
63CCF0,255,216
63D1C5,255,533
63D1C6,255,634
63D6BE,11,2
63D6BE,255,482
63DD1A,11,31
63DD1A,255,312
63DD81,11,10
63DD81,255,404
63DE50,255,308
63E294,255,237
63E49A,11,27
63E49A,255,366
63E86C,255,163
63F15D,11,11
63F15D,255,183
63F15E,255,362
63F3F7,11,11
63F3F7,255,166
63F3F8,255,358
63F8D0,255,221
640487,255,240
640FF0,255,484
6410BC,11,14
6410BC,255,306
64116A,254,26
641222,255,388
6414DA,255,187
6416BF,11,11
6416BF,255,155
6417DA,255,481
641B2E,11,10
641B2E,255,282
641BE6,255,292
641ECB,255,273
64274E,255,400
642A83,11,30
642A83,255,339
642AB2,255,103
642B1D,255,243
642BD8,255,148
6434CD,255,157
6438A3,11,4
6438A3,255,212
643B28,255,139
643F83,255,104
64404B,255,426
644262,255,295
6442B7,255,179
6442C7,254,15
6444E3,255,142
6444E9,255,89
64467F,254,40
6447DB,11,17
6447DB,255,324
644BE9,254,21
6450D6,255,162
6452D9,255,229
64573A,11,14
64573A,255,402
645778,11,2
645778,255,200
6458FD,254,26
645AA1,255,246
645BA5,255,114
645BEC,11,2
645BEC,255,465
645EC3,255,103
6461A5,2,1
6461A5,11,5
6461A5,255,131
64620C,255,176
6462F2,255,104
6463FE,11,3
6463FE,255,128
646478,255,92
6464BD,11,1
6464BD,255,355
6465C0,255,102
64666B,254,14
6467FB,255,83
6468AF,255,123
6469FE,255,56
646A84,255,119
646AA6,254,27
646C68,255,132
646CD7,255,235
646DE5,254,25
646EA5,255,145
646EE6,11,15
646EE6,255,114
646F87,11,11
646F87,255,342
64706A,255,105
647084,254,13
64709A,254,21
6470AE,254,29
647286,254,19
647383,11,19
647383,255,232
6473B7,255,148
6473C4,255,121
6473CE,11,6
6473CE,255,510
647577,254,18
6475E5,11,6
6475E5,255,160
64766B,255,114
64767A,255,273
6476D8,255,81
6477BD,255,133
64788E,254,34
64796B,255,110
6479A6,254,18
6479F2,255,127
647A70,11,14
647A70,255,241
647A9F,255,122
647AFB,11,7
647AFB,255,169
647B8A,255,90
647BC4,11,6
647BC4,255,72
647C88,255,337
647C8F,255,104
647D70,254,20
647D86,254,20
647DBB,255,194
647DCB,254,26
647DEA,255,156
647E86,254,26
647EEB,255,128
64844C,255,492
648469,255,108
648484,254,18
6484B2,254,31
6484B7,254,27
6484F9,11,3
6484F9,255,369
6486CB,255,144
6487CE,255,186
6487D0,255,78
648866,254,22
6489F9,255,235
648A64,255,447
648A6E,11,13
648A6E,255,254
648AC0,255,114
648BD5,254,25
648E66,254,21
648E9D,255,119
6490B9,11,7
6490B9,255,72
649100,11,1
649100,255,201
649289,255,110
649386,254,32
649391,255,111
6493B1,254,22
6493B7,11,5
6493B7,255,84
6494FC,254,18
64959B,255,89
64968C,11,20
64968C,255,242
6496CF,254,23
649967,254,19
649A89,254,22
649B43,11,5
649B43,255,289
64A0A4,254,36
64A0C5,255,340
64A2CE,255,207
64A3B8,254,29
64A4E5,11,25
64A4E5,255,362
64A57B,254,22
64A6D6,255,120
64A7A6,255,84
64A7D2,11,23
64A7D2,255,408
64AA8D,255,181
64AAAA,254,14
64AB9A,254,33
64AC81,254,24
64ACBB,255,179
64AD6E,255,88
64ADBB,11,1
64ADBB,255,169
64AE69,255,128
64AEEA,255,245
64AFB7,254,23
64B26D,255,108
64B34E,255,239
64B39E,11,27
64B39E,255,111
64B3EE,255,86
64B565,255,112
64B58D,255,78
64B79D,254,26
64B884,254,17
64B898,255,99
64B8B8,254,31
64B94B,255,311
64B9A2,255,135
64BB80,254,18
64BC94,255,146
64BD4C,255,205
64BDAD,255,128
64BDCF,254,26
64BDEA,11,248
64BDEA,254,1715383
64BDEB,255,387
64BDEE,254,29
64BDF7,11,23
64BDF7,255,107
64BEAA,255,238
64BECC,254,23
64BEED,11,15
64BEED,255,64
64C068,255,132
64C0FB,11,12
64C0FB,255,125
64C35A,11,7
64C35A,255,290
64C370,11,49
64C370,255,442
64C4ED,11,11
64C4ED,255,109
64C5EB,11,10
64C5EB,255,202
64C771,255,151
64C79C,255,89
64C7C0,11,14
64C7C0,255,360
64C7DE,11,38
64C7DE,255,361
64C884,255,125
64C950,11,7
64C950,255,416
64C965,11,18
64C965,255,101
64C979,255,135
64CBA6,255,75
64CC8B,254,29
64CDB7,254,22
64CDD6,254,31
64CDDA,11,17
64CDDA,255,409
64CDDE,254,33
64CF89,254,30
64D083,255,393
64D28A,254,17
64D28A,255,102
64D36C,255,105
64D4A1,254,32
64D5A5,255,111
64D5F8,255,809
64D774,254,29
64D785,255,281
64D879,255,110
64D882,254,17
64D9BD,254,31
64D9F2,255,88
64DC89,255,54
64DDA7,254,35
64DDE1,254,33
64DE6C,254,36
64E3CC,11,10
64E3CC,255,131
64E4CD,255,105
64E5E7,255,101
64E667,255,129
64E686,254,27
64E6A2,255,148
64E6DA,255,181
64E971,254,23
64E9E3,254,37
64EA9A,255,122
64ECA3,11,9
64ECA3,255,126
64ECEA,254,29
64ED44,11,3
64ED44,255,345
64EDF6,11,5
64EDF6,255,114
64EEE3,11,31
64EEE3,255,181
64EFA9,254,21
64EFC2,254,18
64EFC8,255,253
64F1EE,255,106
64F1FD,255,122
64F264,255,77
64F26A,11,8
64F26A,255,109
64F295,255,131
64F2EB,254,28
64F3EB,11,18
64F3EB,255,178
64F4AA,11,13
64F4AA,255,74
64F4B6,254,32
64F68E,255,121
64F78E,255,100
64F8CB,255,120
64FA29,11,17
64FA29,255,419
64FA8E,254,16
64FCB2,255,133
64FCE5,11,8
64FCE5,255,111
64FCF9,255,345
64FE79,255,96
650100,255,117
65013D,255,481
6509F7,11,11
6509F7,255,216
650D73,255,347
650F90,11,2
650F90,255,98
651090,11,22
651090,255,117
651529,11,36
651529,255,341
6520E7,11,7
6520E7,255,140
652287,255,249
6523B3,255,275
652452,255,401
6528B4,11,9
6528B4,255,90
653C7C,254,23
653D42,11,33
653D42,255,299
654084,11,13
654084,255,340
65473F,11,17
65473F,255,371
654740,255,290
6548F1,11,6
6548F1,255,74
6553A3,255,433
6554DF,11,14
6554DF,255,84
655592,255,124
655793,255,182
655794,255,296
655984,255,106
6559CA,255,104
655BB5,11,4
655BB5,255,114
655C96,11,7
655C96,255,141
655DC1,11,9
655DC1,255,243
655E70,11,7
655E70,255,221
656067,11,8
656067,255,125
6560B9,11,3
6560B9,255,355
6561DB,255,151
656784,254,18
656798,254,29
65688C,254,30
6569D1,254,28
6569FB,255,151
656BA7,255,175
656BEA,255,136
656CA4,11,11
656CA4,255,110
656DA2,255,74
656DC9,254,31
656E94,11,8
656E94,255,185
656F87,255,115
657091,254,17
6570DE,11,41
6570DE,255,324
6571FA,254,27
65726D,254,17
65727E,254,12
65727E,255,259
657367,255,241
6573EB,255,121
6574B1,255,102
6574EC,254,17
657506,11,12
657506,255,304
65756D,11,1
65756D,255,168
657646,11,14
657646,255,262
657790,255,273
6577B5,255,172
657826,11,53
657826,255,587
657840,255,196
6579CC,254,3
6579CC,255,119
6579E9,11,23
6579E9,255,121
657AD8,255,95
657B93,255,91
657BF6,255,99
657C74,255,183
657E6E,11,10
657E6E,255,114
657EF5,254,24
657FFE,254,31
65809C,255,82
6580B1,255,107
6580C5,254,23
6580DD,255,210
6580F4,255,144
658153,255,230
6581FA,255,121
6582A0,255,98
6582CB,255,263
65839F,254,15
6583A9,255,119
6583BA,255,110
6583C0,255,151
6583D0,254,23
6583EF,255,136
65848B,255,107
6584D4,11,14
6584D4,255,63
6584D5,255,104
6585BD,255,120
658765,255,121
658773,255,160
65877B,254,23
6587FD,255,71
658891,254,33
6588CF,11,5
6588CF,255,52
6589DE,255,123
658C6F,254,21
658D85,254,26
658DAE,255,98
658DD5,255,283
658DE6,11,13
658DE6,255,132
658E65,255,131
658F71,255,116
65919B,11,17
65919B,255,261
6591E5,11,7
6591E5,255,67
659382,255,121
6593FD,11,11
6593FD,255,352
659568,255,117
6595A3,254,16
6595F3,255,105
6596A0,11,11
6596A0,255,43
6597A6,255,112
6598BA,254,16
6599C6,255,124
659A72,255,146
659ABD,254,15
659ADF,255,19
659C8D,254,23
659DB1,255,147
659DCA,11,14
659DCA,255,77
659E6D,11,11
659E6D,255,78
65A0C4,255,439
65A0DB,11,18
65A0DB,255,175
65A188,11,10
65A188,255,224
65A273,255,129
65A2BA,254,17
65A48C,254,21
65A4D7,255,165
65A57A,255,111
65A5C0,11,1
65A5C0,255,140
65A5FC,255,105
65A6E8,255,271
65A7AE,255,126
65A9F7,11,5
65A9F7,255,215
65AAA0,255,130
65ACE3,255,82
65AD53,11,11
65AD53,255,412
65ADB0,11,11
65ADB0,255,122
65ADF3,255,180
65AEDD,254,33
65AEEE,255,90
65AF0F,11,9
65AF0F,255,511
65B0B3,255,107
65B2CD,254,25
65B3BD,255,102
65B482,255,306
65B497,255,145
65B4CA,11,12
65B4CA,255,280
65B573,255,232
65B6D6,254,34
65B6FA,254,15
65B75B,11,21
65B75B,255,217
65B791,255,493
65B7CB,255,282
65B7FC,11,13
65B7FC,255,175
65B8ED,255,343
65B8EF,255,203
65BA80,254,29
65BA89,255,104
65BD7D,255,118
65BDBB,255,174
65BDCC,255,280
65BFAA,254,37
65BFF7,255,113
65C081,11,21
65C081,255,196
65C0AD,255,72
65C185,255,74
65C18D,255,153
65C265,11,7
65C265,255,262
65C2AC,255,118
65C2EE,255,293
65C48C,11,24
65C48C,255,113
65C4A2,255,318
65C545,11,15
65C545,255,179
65C5AE,255,120
65C5BA,11,16
65C5BA,255,96
65C7DD,255,93
65C8ED,254,39
65C999,254,24
65C9A0,255,156
65C9D2,255,122
65CA66,255,97
65CAE5,254,25
65CAEA,11,3
65CAEA,255,145
65CBF6,255,168
65CC9A,255,118
65CCEC,255,222
65CCF2,11,15
65CCF2,255,100
65D07B,255,365
65D0DB,254,21
65D0DB,255,127
65D27B,254,26
65D56B,255,135
65D5C3,255,130
65D799,254,24
65D7B7,254,25
65D7E5,254,22
65D89A,255,59
65D8DF,255,100
65D9FF,11,7
65D9FF,255,200
65DACD,255,145
65DBA0,255,155
65DC17,255,506
65DDAF,255,89
65DF96,255,74
65E16F,11,3
65E16F,255,241
65E22D,11,18
65E22D,255,142
65E36B,254,22
65E5BD,255,128
65E5C9,255,73
65E5E7,254,24
65E5F6,254,15
65E66B,255,141
65E6CA,255,271
65E7A0,255,105
65E8BF,255,141
65EAA2,255,107
65EB83,255,134
65EB99,255,132
65EC9A,255,100
65ECF3,254,33
65ED86,255,117
65ED90,254,8
65EED8,255,121
65EF7B,11,12
65EF7B,255,390
65EF92,255,232
65EFA9,255,162
65F0B2,255,94
65F2A0,11,23
65F2A0,255,119
65F4CA,11,22
65F4CA,255,206
65F6A8,254,14
65F775,255,101
65F77E,254,21
65F926,254,1
65F926,255,134
65F927,255,364
65F9C3,255,204
65FDEC,255,170
65FE45,255,530
65FEC7,255,102
660083,255,264
660279,11,51
660279,255,348
6602FB,11,8
6602FB,255,144
66030D,255,282
660796,255,197
66140E,255,643
661497,11,3
661497,255,365
6614DA,254,14
6615D8,255,340
661936,255,231
661937,255,351
661A1A,11,12
661A1A,255,362
661B9B,11,8
661B9B,255,172
661C71,255,113
662089,255,211
66208A,255,130
66239B,255,88
6623FC,255,237
662580,255,143
66263F,11,16
66263F,255,242
6627E6,254,26
662919,255,306
662C68,254,27
662DB2,255,86
663099,255,301
66309D,255,302
6632E2,11,14
6632E2,255,231
66356A,255,315
66356D,255,128
663BE8,11,7
663BE8,255,94
663C80,255,164
6641F4,11,38
6641F4,255,165
6641F5,11,8
6641F5,255,184
664677,11,13
664677,255,136
6646B9,255,120
6649D8,255,97
664FA5,255,114
6650C0,255,118
66524B,11,9
66524B,255,361
6652AB,255,290
665B28,255,264
665B56,255,274
665C0C,11,8
665C0C,255,518
6662E3,255,164
66638A,255,450
6663D1,11,20
6663D1,255,162
6664F5,255,471
6665BB,254,23
6666A0,255,136
6667F2,254,21
666882,254,14
666945,255,234
666964,254,31
666A85,255,62
666A86,254,17
666AAA,11,16
666AAA,255,65
666B8C,255,114
666B8F,11,1
666B8F,255,145
666DE3,11,2
666DE3,255,128
666ED7,254,34
666FAF,255,76
666FE7,254,28
666FEE,255,95
667086,254,19
66711B,255,336
66717D,255,241
6671A1,11,1
6671A1,255,142
6671C1,255,129
667397,255,144
66749C,255,168
6675E2,255,241
6676FC,11,13
6676FC,255,277
66777C,11,12
66777C,255,256
6677A3,11,17
6677A3,255,90
6677D8,255,241
66787C,254,21
66796C,255,130
667996,11,2
667996,255,143
667BD2,255,189
667CFB,11,178
667CFB,254,1073832
667FAB,255,152
667FBF,255,139
668180,255,101
6681F5,255,106
6682CA,255,146
6683D6,254,23
6683ED,255,146
6684E4,11,18
6684E4,255,176
6684EC,255,215
6687B4,255,230
6687C6,255,121
6688E6,254,22
6689A0,254,25
6689F9,254,26
668A9D,11,9
668A9D,255,136
668AF6,255,150
668B96,255,234
668B97,11,28
668B97,255,250
668BB3,255,149
668CC5,255,216
668DE2,255,131
66917A,255,344
6691BB,255,155
669289,254,8
66939E,255,105
6693B6,254,18
669569,255,96
66956A,254,24
6697C1,254,6
6697E4,11,7
6697E4,255,237
669889,254,15
6699B5,255,126
6699D9,254,29
6699E2,255,94
669BDD,255,178
669D84,255,137
669E69,254,16
669E8D,11,21
669E8D,255,189
669F9A,254,38
669FC2,255,100
669FDC,254,23
66A1D6,255,154
66A27A,11,11
66A27A,255,161
66A2FA,255,196
66A3A0,255,141
66A446,11,19
66A446,255,307
66A740,255,428
66A7E4,254,32
66A7EF,254,27
66A894,11,4
66A894,255,285
66A8B9,254,15
66A9F8,255,99
66AF6F,11,9
66AF6F,255,252
66AF7A,255,226
66AF88,255,468
66AFAB,254,28
66B0B4,11,8
66B0B4,255,386
66B16F,11,5
66B16F,255,76
66B1D1,255,146
66B284,255,114
66B29D,255,141
66B2B4,255,248
66B3E0,255,147
66B3F3,11,1
66B3F3,255,161
66B468,255,121
66B4D5,255,70
66B588,254,27
66B593,255,60
66B5EB,11,17
66B5EB,255,133
66B7BF,255,169
66B7EA,255,49
66B86B,255,114
66B874,255,111
66B881,254,22
66B8EA,255,222
66BD03,255,283
66BDBF,254,18
66BE83,255,291
66BEA4,11,10
66BEA4,255,135
66BFFC,254,14
66C097,255,186
66C0B0,255,115
66C0C5,11,12
66C0C5,255,121
66C187,255,132
66C3AA,255,127
66C3AE,254,28
66C3F7,255,205
66C4AA,255,111
66C5AF,254,26
66C6B6,255,151
66C6D0,255,182
66C73E,255,292
66C772,255,325
66C7BC,11,15
66C7BC,255,90
66C7E5,255,232
66C8B3,11,5
66C8B3,255,71
66C903,255,507
66C96F,11,2
66C96F,255,136
66C9E7,255,155
66CCA2,254,27
66CCCE,11,11
66CCCE,255,110
66CD7A,11,4
66CD7A,255,146
66CE64,254,17
66CEE6,255,176
66D09C,254,14
66D0C8,11,12
66D0C8,255,215
66D18D,255,97
66D1F6,254,33
66D5CA,254,32
66D6E4,254,15
66D79D,254,23
66D882,11,12
66D882,255,132
66D88B,255,125
66D982,255,146
66D98A,11,3
66D98A,255,110
66D9AF,255,83
66D9CF,254,26
66D9D2,255,227
66DA6F,255,105
66DAA9,255,127
66DABD,255,128
66DC43,254,3
66DC43,255,169
66DC44,11,8
66DC44,255,178
66DCEF,255,285
66DDC7,255,253
66DDF9,254,24
66DEB2,255,76
66DFE5,11,46
66DFE5,254,16017
66DFF9,254,30
66E26D,255,112
66E287,11,7
66E287,255,145
66E2B8,254,19
66E473,255,119
66E492,255,161
66E5AE,255,115
66E8AD,11,16
66E8AD,255,520
66E8D6,255,107
66E983,255,125
66E995,254,21
66E9FA,11,18
66E9FA,255,92
66EAAB,254,21
66EAD3,11,32
66EAD3,255,580
66EB8A,255,221
66EEDB,255,127
66F0B1,255,565
66F164,11,9
66F164,255,111
66F199,255,221
66F2BA,254,30
66F2C1,255,335
66F2D5,255,110
66F2D7,11,33
66F2D7,255,479
66F43F,11,7
66F43F,255,384
66F4BA,11,12
66F4BA,255,143
66F4F7,11,1
66F4F7,255,90
66F5F6,255,88
66F690,11,7
66F690,255,125
66F6A8,254,12
66F7DB,255,90
66F876,255,284
66FAFF,255,333
66FB8E,254,31
66FB8F,255,68
66FBC1,254,15
66FCB6,255,121
66FCC9,11,4
66FCC9,255,154
66FCE8,254,26
66FD89,254,28
66FE48,255,292
66FEA4,255,90
66FFD2,255,278
6702EC,254,25
67037C,255,158
67086E,254,18
670930,11,13
670930,255,281
670B9E,255,120
67109E,255,141
6711BF,254,25
6713C7,11,20
6713C7,255,236
6713C8,255,243
67146C,255,395
671648,11,2
671648,255,396
671693,255,154
671962,255,421
671B71,255,100
671BE5,11,11
671BE5,255,453
671C1C,11,10
671C1C,255,319
671C7B,254,20
671CA4,255,245
671EAE,255,307
671EE2,255,88
67234B,11,18
67234B,255,382
672398,255,122
6728BA,255,459
672A42,11,8
672A42,255,314
672BBA,255,112
672BE4,254,20
672C33,11,34
672C33,255,278
672CC5,255,527
6733AB,11,2
6733AB,255,98
6737A3,255,221
67388D,254,31
673B87,255,198
673B88,11,5
673B88,255,279
6740B6,11,9
6740B6,255,301
6741C2,255,105
67431E,255,421
674BF4,255,109
675005,11,2
675005,255,219
6754D5,255,359
67576B,254,33
675BC5,255,287
675FA1,255,140
676078,255,234
676379,11,5
676379,255,130
676380,255,130
67646E,254,19
67657D,254,24
6766A0,254,28
6766B5,254,31
6767A6,255,180
6767D3,254,21
6767F1,254,31
6767F7,255,144
676877,255,89
676883,254,14
6768A3,254,27
6768A7,254,28
676BD6,255,132
676BDB,254,23
676CC9,255,165
676CD3,255,168
676DAC,255,96
676DFD,254,35
676E82,254,17
676EB8,254,27
677001,255,441
677078,254,29
6770A8,11,129
6770A8,254,235130
6770A8,255,6
6770AA,254,19
6771F2,11,18
6771F2,255,107
677270,255,106
6773D3,254,30
677609,255,340
6776C3,255,155
6778C8,254,29
677991,254,15
6779A4,254,21
677A43,255,466
677ABA,11,2
677ABA,255,276
677BED,255,326
677C9B,11,10
677C9B,255,264
677DB2,255,219
677FB2,11,1
677FB2,255,148
677FB6,255,165
678081,11,3
678081,255,89
6780B0,11,8
6780B0,255,205
6782C3,254,27
67837B,254,20
6783EF,11,16
6783EF,255,62
678499,255,134
6784DC,255,96
678529,11,8
678529,255,300
6785BD,255,67
678669,255,220
678688,11,32
678688,255,335
6786B9,255,186
6786E9,254,30
6786F2,255,113
678768,255,203
67888E,11,1
67888E,255,105
67889A,254,29
6789A9,11,21
6789A9,255,278
6789E7,11,1
6789E7,255,150
678BB9,254,30
678C6B,11,14
678C6B,255,387
678C9D,254,28
678D0A,255,218
678EB9,255,110
678FA7,11,56
678FA7,255,887
6790E3,254,29
6792BB,254,22
6793C6,11,7
6793C6,255,125
679436,11,16
679436,255,196
679437,11,17
679437,255,398
679689,255,97
6796BB,254,34
6797F8,11,7
6797F8,254,1
6797F8,255,119
6798E2,255,114
6798EA,255,111
679A73,255,125
679ABD,254,22
679AC3,254,34
679C7B,254,39
679CF0,254,27
679E82,11,9
679E82,255,410
679EBB,11,5
679EBB,255,103
679ED4,11,5
679ED4,255,176
679F65,255,70
679FA1,11,9
679FA1,255,83
67A0D4,255,171
67A4B8,255,101
67A4D5,254,23
67A53C,255,207
67A53D,11,14
67A53D,255,340
67A57B,11,13
67A57B,255,390
67A5A1,254,24
67A5B9,255,319
67A5F0,255,228
67A685,255,131
67A769,254,24
67A7A0,255,95
67A7A4,254,29
67A8A4,255,193
67A8C4,11,2
67A8C4,255,717
67A8F7,254,29
67A998,255,108
67AAEF,255,90
67AB99,11,6
67AB99,255,76
67AB9F,255,265
67ACCD,254,31
67ACD8,254,19
67ACE2,254,18
67AF66,11,12
67AF66,255,41
67AFE4,255,147
67AFEF,255,121
67B073,255,109
67B08A,11,7
67B08A,255,181
67B1BB,255,164
67B2AC,11,3
67B2AC,255,248
67B2F8,11,36
67B2F8,255,621
67B3A0,255,94
67B67C,255,117
67B6AA,255,202
67B757,255,148
67B785,255,97
67B8C7,255,80
67B9E7,255,120
67BA1D,255,231
67BA67,255,281
67BA7D,255,138
67BA81,254,26
67BAAD,255,142
67BC96,255,150
67BD71,255,150
67BD93,255,160
67BDAE,255,182
67BE78,255,104
67BFBB,11,4
67BFBB,255,218
67BFD9,254,14
67C0D3,255,154
67C1B6,255,109
67C28C,255,266
67C4C9,254,32
67C6A7,255,279
67C7DC,254,24
67C877,255,136
67C8AC,254,26
67CA93,255,114
67CACB,255,116
67CAD7,11,15
67CAD7,255,88
67CD7F,11,20
67CD7F,255,156
67CF87,254,33
67CF97,255,387
67D06E,11,12
67D06E,255,105
67D0E6,254,23
67D169,254,28
67D17F,255,112
67D1BD,255,126
67D2A0,255,100
67D3D6,254,24
67D3EA,255,163
67D4D0,255,160
67D4EC,254,17
67D587,255,172
67D59E,255,93
67D67C,255,322
67D79F,11,15
67D79F,255,180
67D7BD,254,26
67D87A,11,27
67D87A,255,231
67D883,11,2
67D883,255,93
67D8BD,255,192
67D8D9,11,20
67D8D9,255,183
67DAF3,255,95
67DBA2,254,32
67DC64,255,110
67DCE0,254,18
67DDAB,255,117
67DF12,255,1166
67DF79,11,25
67DF79,255,267
67E08A,255,83
67E09B,11,14
67E09B,255,308
67E179,255,90
67E1CD,0,1
67E1CD,11,4
67E1CD,255,135
67E2CD,255,127
67E393,255,102
67E487,11,10
67E487,255,149
67E489,11,24
67E489,255,130
67E492,254,31
67E5EE,255,130
67E64E,255,264
67E6C7,254,23
67E779,254,28
67E782,254,31
67E7CA,255,106
67EA09,255,268
67EAF9,11,7
67EAF9,255,205
67EBA2,255,105
67EC6E,11,8
67EC6E,255,244
67EC6F,11,17
67EC6F,255,127
67EDB3,11,10
67EDB3,255,131
67EDD8,255,97
67EFDC,255,222
67EFEA,255,118
67F0F5,254,26
67F1A6,255,96
67F1C8,11,18
67F1C8,255,447
67F2D7,255,122
67F395,255,328
67F482,254,23
67F490,255,124
67F57C,255,106
67F58E,254,27
67F77D,254,29
67F996,255,131
67FAB4,11,7
67FAB4,255,73
67FB81,255,115
67FDCE,255,77
67FFAB,11,1
67FFAB,255,268
680770,11,4
680770,255,148
680800,255,569
680942,255,364
6809F6,255,148
680AC9,11,8
680AC9,255,88
680B86,254,30
680CE9,255,113
680FAA,11,20
680FAA,255,298
681F74,255,317
681FAC,255,93
6821B3,255,200
6821E6,255,333
68227D,11,10
68227D,255,261
682331,255,248
6823FA,255,77
682973,255,98
6829CA,11,29
6829CA,255,191
682A1E,255,577
682B8C,11,17
682B8C,255,314
682D2A,0,1
682D2A,1,8
682D2A,11,5163
682D2A,255,489424
683082,255,439
683284,255,162
6842D8,255,132
68466F,255,116
6846E1,255,358
68486F,255,663
684C84,255,307
684DCA,254,23
684E1E,255,162
684EB7,11,14
684EB7,255,533
685012,11,2
685012,255,426
68539A,255,312
6853BC,11,8
6853BC,255,145
685589,255,90
6856DC,255,110
6858F5,255,143
685986,255,436
685A7D,11,15
685A7D,255,719
685B9A,255,217
685BDE,255,188
685C08,11,28
685C08,255,361
685E9E,11,3
685E9E,255,146
685F73,255,134
685F9B,254,26
6862ED,11,9
6862ED,255,135
6863AB,255,364
6864CF,254,33
6864F1,255,73
6864F4,255,126
6865D6,255,125
686673,255,99
686779,11,11
686779,255,75
686780,255,112
68687B,255,81
6868AF,255,119
6869DD,255,183
686AE4,11,5
686AE4,255,242
686B57,255,164
686CA8,11,12
686CA8,255,219
686CDB,11,5
686CDB,255,153
686CFE,254,27
686F7B,255,80
686F97,255,115
686FA2,255,135
687025,255,330
68706F,254,22
687097,11,3
687097,255,68
687173,254,30
687354,255,454
687406,11,11
687406,255,352
687478,255,95
6874E9,255,120
6877E6,254,2
687875,0,1
687875,11,24
687875,255,347
68788C,254,16
6878B4,255,124
687AAC,254,22
687B7C,255,91
687C7E,254,28
687CC6,255,127
687D8F,255,121
687DA9,254,23
687E31,255,455
687E7B,11,9
687E7B,255,131
687EEF,11,8
687EEF,255,223
687FDE,254,26
6881A8,11,11
6881A8,255,49
688232,11,29
688232,255,585
6882EF,255,101
688476,254,28
6884DD,255,284
688583,254,34
6885CA,11,1
6885CA,255,193
68867E,254,20
6886E8,11,21
6886E8,255,226
6888E8,11,2
6888E8,255,342
688973,255,186
6889BE,255,89
688A91,11,5
688A91,255,435
688AC5,254,24
688B98,255,105
688BF3,254,5
688BF3,255,111
688CDE,11,1
688CDE,255,125
688EAD,255,122
689156,11,16
689156,255,469
6891B5,11,19
6891B5,255,92
6891C6,255,119
689269,11,4
689269,255,93
6893E7,254,22
6895BB,255,254
689AB2,255,191
689ABC,254,35
689AD3,254,28
689AF1,11,14
689AF1,255,176
689BE7,255,142
689BFA,254,25
689CA1,255,352
689EAA,255,140
689EAF,254,4
689FE5,254,23
689FEE,255,337
68A0B6,255,210
68A186,255,399
68A196,255,116
68A289,11,11
68A289,255,78
68A383,255,111
68A3AF,254,23
68A3C4,255,227
68A496,255,150
68A4CE,255,120
68A5BA,255,77
68A5CF,255,112
68A6C1,255,115
68A983,254,28
68A9C6,11,5
68A9C6,255,175
68A9E3,255,136
68AB19,11,3
68AB19,255,430
68AB6E,254,28
68AB73,255,95
68AB83,255,84
68ADE1,255,212
68AEF0,255,128
68AEF9,255,180
68B1D0,254,41
68B2FA,255,81
68B5CA,11,18
68B5CA,255,120
68B884,255,123
68B8B3,255,125
68B8E9,255,121
68B971,255,97
68B999,254,30
68B9CA,255,159
68BAB1,255,125
68BC20,11,3
68BC20,255,427
68BC85,254,19
68BCA3,11,8
68BCA3,255,152
68BD8C,11,14
68BD8C,255,194
68BDB4,11,38
68BDB4,255,452
68BEDB,255,105
68BEF5,255,228
68BF6A,254,11
68BF96,255,150
68BFA7,254,20
68BFC7,255,172
68BFCA,255,201
68BFD6,255,143
68BFDF,254,21
68C2C6,255,76
68C386,11,11
68C386,255,460
68C490,254,35
68C4B1,254,21
68C570,11,1
68C570,255,87
68C6EC,255,123
68C777,255,95
68C78B,11,4
68C78B,254,6
68C78B,255,90
68C7F5,254,5
68C7F5,255,321
68C96E,255,95
68CA9F,11,12
68CA9F,255,232
68CB89,255,149
68CBA5,254,26
68CCC0,255,82
68CD7F,255,63
68CFCF,255,103
68CFE0,255,148
68CFFD,254,22
68D0C5,255,78
68D0D0,255,146
68D0E7,254,16
68D176,255,120
68D2FD,255,110
68D2FE,254,30
68D3A4,255,111
68D3E9,255,90
68D489,255,114
68D4C7,255,232
68D59F,255,102
68D6B8,11,20
68D6B8,255,234
68D6C2,11,17
68D6C2,255,195
68D776,255,144
68D78A,11,2
68D78A,255,367
68D882,255,154
68D88D,255,102
68DBA5,254,23
68DCBE,11,28
68DCBE,255,215
68DCD1,11,9
68DCD1,254,1
68DCD1,255,79
68DF2B,11,9
68DF2B,255,226
68DF7B,254,24
68DFFA,255,173
68E07F,254,30
68E16E,254,20
68E18E,255,96
68E1BC,254,29
68E1EB,254,21
68E2CA,255,97
68E2DD,254,22
68E370,254,22
68E5B1,255,332
68E5E0,255,119
68E684,255,79
68E6B4,254,26
68E96C,254,35
68E9B1,255,188
68E9DB,255,80
68EAEA,255,104
68EB91,11,9
68EB91,255,128
68EBBA,255,56
68ECBB,254,10
68ECED,255,143
68EE28,11,33
68EE28,255,847
68F077,255,63
68F0C8,255,124
68F22A,255,330
68F2B4,255,117
68F2CD,254,26
68F2E9,255,334
68F493,254,19
68F4CB,255,377
68F689,255,116
68F6B3,11,23
68F6B3,255,105
68F772,255,88
68F790,254,29
68F8F5,2,1
68F8F5,11,20
68F8F5,254,8
68F8F5,255,73
68FA20,255,215
68FAA5,11,5
68FAA5,255,145
68FCD0,254,19
68FD94,11,8
68FD94,255,409
68FDDD,255,94
68FDFC,254,21
68FF74,11,11
68FF74,255,337
6906BB,11,3
6906BB,255,214
690968,255,128
6909C7,255,73
690B77,255,390
690C6B,255,144
690DA8,11,6
690DA8,255,136
690E8D,254,18
691151,255,261
69126A,254,17
6913A2,255,117
691426,11,8
691426,255,240
691887,255,131
6918D5,254,24
691969,11,12
691969,255,463
691C8E,255,135
691EE7,254,22
69207C,255,242
6927F7,255,596
692800,255,183
692EFD,255,147
693484,11,11
693484,255,527
69351E,255,268
6935F1,11,13
6935F1,255,314
6938B6,11,5
6938B6,255,98
693A6E,255,179
693DA7,255,71
693EA8,255,71
69449A,255,228
694596,255,145
6948AE,255,223
694BD7,255,728
694C47,255,243
694C77,255,102
695035,255,295
6953A0,255,76
6955B5,11,9
6955B5,255,354
695637,255,231
695702,255,228
695B66,11,8
695B66,255,403
696088,255,56
69646F,255,95
696471,254,25
6964BB,254,22
6964FE,254,26
69657B,255,127
69677B,254,33
696794,255,132
696893,11,10
696893,255,100
696978,11,25
696978,255,262
6969FD,255,152
696BD3,254,3
696BEE,254,24
696C75,254,18
696CA3,11,8
696CA3,255,165
696CCB,255,109
696EF9,255,77
696F76,255,239
6970AC,255,57
6972C0,255,61
6973AD,255,374
6973BD,255,199
6975A2,255,129
697668,255,279
6976F2,11,3
6976F2,255,285
697784,255,666
6978E5,255,106
697984,255,91
6979F7,11,11
6979F7,255,63
697A7A,254,21
697B8E,255,86
697BFE,255,89
697C82,255,264
697C8E,255,299
697CAF,255,264
697CF0,255,129
697DE9,11,18
697DE9,255,88
697E67,11,1
697E67,255,135
697F7D,254,24
698066,11,18
698066,255,313
6981A6,255,61
6982B5,254,18
6982B9,255,97
6982BB,11,20
6982BB,255,149
6982ED,255,150
698405,255,226
6984DB,255,114
6984E9,255,75
6984ED,254,20
6984ED,255,143
6984F8,254,24
6985D7,255,317
6985E2,254,32
6986CA,11,15
6986CA,255,165
698752,255,706
6988F4,11,12
6988F4,255,114
6989A3,11,7
6989A3,255,143
698A76,254,18
698AD2,255,279
698C82,11,4
698C82,255,200
698C95,254,20
698DA6,11,5
698DA6,255,156
698E89,254,32
698EF6,255,116
698FE1,255,205
699150,255,305
699182,254,29
699371,11,10
699371,255,72
6993E3,11,32
6993E3,255,316
6993F4,255,424
6993F9,255,70
6994B9,255,74
6995DC,255,78
6995FB,254,25
6996C0,254,36
69977C,254,2
6997AA,255,217
6997BC,255,117
69987D,255,119
6998D2,255,182
6998E7,11,3
6998E7,255,361
699A94,11,14
699A94,255,67
699B75,255,111
699C37,11,5
699C37,255,306
699C96,255,153
699CAB,255,121
699CE8,254,35
699D65,2,1
699D65,11,37
699D65,255,287
699E9E,255,77
699EA4,254,12
69A16C,255,82
69A17C,255,84
69A2B8,255,112
69A3C0,254,31
69A47A,255,211
69A4AC,255,90
69A4CC,255,97
69A578,255,76
69A59A,255,251
69A6ED,255,130
69A78B,255,218
69A798,11,18
69A798,255,203
69A7E0,255,106
69A8B5,255,125
69A916,255,184
69A95E,255,220
69A987,255,272
69A9AA,254,23
69AAD0,255,86
69ABDD,11,9
69ABDD,255,362
69ABDE,255,84
69ACE8,255,107
69AD4D,11,5
69AD4D,255,447
69AD8E,11,6
69AD8E,255,136
69AF71,254,28
69B0FC,255,106
69B1A5,254,33
69B267,255,209
69B4BF,254,28
69B6D5,254,28
69B76E,254,20
69B776,11,5
69B776,255,259
69B98F,254,25
69B9F4,254,23
69B9FA,11,17
69B9FA,255,109
69BAA4,255,140
69BBB8,255,86
69BD64,255,90
69BDF0,254,37
69BE6A,255,127
69BEB9,255,163
69BFE8,254,25
69C0BA,255,127
69C1A9,11,14
69C1A9,255,92
69C28B,255,80
69C2EA,254,22
69C3B5,11,3
69C3B5,255,82
69C465,11,24
69C465,255,279
69C48D,11,10
69C48D,255,105
69C49B,255,159
69C537,255,283
69C5C7,255,144
69C675,255,70
69C6B6,255,103
69C76F,255,131
69C79A,255,130
69C7ED,255,198
69C868,254,15
69C8EA,255,99
69C96D,255,64
69CA94,255,326
69CAA2,255,350
69CB4F,255,261
69CCF2,254,26
69CDA0,255,124
69CDB5,11,3
69CDB5,255,316
69CEAC,255,74
69CECA,11,8
69CECA,255,133
69CF9F,254,36
69D07C,11,10
69D07C,255,186
69D080,254,24
69D0F6,254,14
69D1BF,255,156
69D28A,255,81
69D2A0,255,151
69D2C2,255,113
69D2C5,254,25
69D3F8,254,14
69D47C,255,193
69D4B4,11,4
69D4B4,255,235
69D61D,255,232
69D669,255,116
69D6B9,255,368
69D6D6,254,17
69D777,254,29
69D9D4,254,31
69DAB8,11,14
69DAB8,254,2
69DAB8,255,187
69DBEE,254,20
69DCBA,255,117
69DF8E,254,23
69E087,255,93
69E096,255,105
69E0FD,11,23
69E0FD,255,204
69E17F,255,85
69E2B1,255,80
69E3CB,255,141
69E3FA,255,516
69E48F,255,328
69E698,254,28
69E714,11,3
69E714,255,335
69E86A,11,6
69E86A,255,323
69E8F3,254,34
69EA75,255,138
69EA7D,255,137
69EA99,254,26
69EACA,255,63
69EB73,255,153
69EE78,255,161
69F07F,255,126
69F0F5,254,24
69F1C7,255,294
69F1DC,255,113
69F267,11,20
69F267,255,130
69F269,255,132
69F273,255,123
69F366,255,114
69F373,11,2
69F373,255,104
69F471,255,113
69F490,255,187
69F5C3,11,21
69F5C3,255,298
69F5D6,11,9
69F5D6,255,87
69F6D4,255,425
69F6E4,255,271
69F772,255,117
69F873,255,122
69FA8A,255,88
69FAF7,11,10
69FAF7,255,312
69FB74,255,284
69FBCD,255,94
69FC7A,11,1
69FC7A,255,137
69FC91,254,26
69FDCB,11,5
69FDCB,255,237
69FEAA,254,31
6A033F,255,401
6A09F5,255,93
6A0AE4,254,24
6A0B77,255,109
6A0BE8,255,315
6A0D71,255,110
6A0E3A,255,379
6A0FF1,11,3
6A0FF1,255,308
6A106F,254,21
6A179E,254,23
6A1C8B,255,142
6A1D70,255,355
6A1E0E,255,229
6A20B5,255,461
6A226D,11,2
6A226D,255,599
6A2EBA,255,81
6A31A9,254,33
6A327B,11,21
6A327B,255,227
6A33F1,11,30
6A33F1,255,226
6A3499,11,7
6A3499,255,434
6A37A7,254,31
6A3986,11,2
6A3986,255,210
6A3A42,255,237
6A3ECA,255,153
6A3FCF,254,20
6A3FD2,11,13
6A3FD2,255,461
6A41F7,11,9
6A41F7,254,2
6A41F7,255,143
6A43D4,255,229
6A458D,254,30
6A4B47,255,575
6A4D7C,255,95
6A4E88,255,178
6A4EA2,11,5
6A4EA2,255,289
6A4FAE,11,12
6A4FAE,255,384
6A54B5,255,57
6A54BB,254,16
6A55A7,254,28
6A5933,11,6
6A5933,255,167
6A5C39,11,22
6A5C39,255,322
6A5CB5,255,472
6A5D72,254,25
6A5DE0,11,21
6A5DE0,255,97
6A5F67,255,86
6A5FEB,255,241
6A63DA,11,5
6A63DA,255,141
6A6494,255,130
6A64C2,11,15
6A64C2,255,68
6A65B6,11,12
6A65B6,255,351
6A65B8,255,72
6A6719,11,90
6A6719,254,164676
6A671A,255,313
6A676F,255,157
6A679B,255,105
6A67C5,254,35
6A67F6,255,140
6A6884,255,44
6A6AC1,254,34
6A6AC2,254,30
6A6B7E,255,103
6A6CA9,255,150
6A6CC2,255,58
6A6CFE,255,98
6A6DA0,255,75
6A6DA1,255,187
6A6DEA,11,14
6A6DEA,255,97
6A6F77,255,190
6A70A3,255,133
6A70DE,254,29
6A718D,254,23
6A74DF,11,17
6A74DF,255,130
6A74F2,11,17
6A74F2,255,131
6A765B,255,385
6A79A4,11,10
6A79A4,255,236
6A7A7A,255,159
6A7ABA,11,10
6A7ABA,255,270
6A7AD7,11,8
6A7AD7,255,145
6A7BC3,255,165
6A7BFD,11,10
6A7BFD,255,94
6A7DB8,254,19
6A7E9A,255,237
6A7EA3,254,26
6A7EA6,11,14
6A7EA6,254,3
6A7EA6,255,91
6A7F76,254,18
6A80BB,255,536
6A81EC,254,38
6A837E,255,205
6A838F,255,99
6A83AA,255,99
6A84B3,254,14
6A84B3,255,425
6A8551,11,8
6A8551,255,369
6A8568,11,29
6A8568,255,451
6A8569,255,108
6A8585,255,147
6A85C7,255,161
6A879C,255,366
6A87BF,255,49
6A88A4,255,144
6A88BC,255,128
6A8A08,11,10
6A8A08,255,475
6A8BBA,254,19
6A8C82,255,143
6A8C9D,11,18
6A8C9D,255,120
6A8D4B,11,2
6A8D4B,255,358
6A8D74,254,29
6A8DA9,255,85
6A8DD6,11,31
6A8DD6,255,234
6A8DD7,255,321
6A8DEC,255,135
6A8FEE,11,1
6A8FEE,255,90
6A9180,255,101
6A92A4,11,14
6A92A4,255,90
6A92AD,11,7
6A92AD,255,211
6A92EC,255,280
6A947E,255,120
6A9579,11,10
6A9579,255,137
6A9796,254,24
6A986E,11,18
6A986E,255,99
6A99F3,11,2
6A99F3,255,126
6A9AA6,255,99
6A9BBE,11,13
6A9BBE,255,292
6A9BC7,11,8
6A9BC7,255,203
6A9BD1,255,141
6A9F98,11,1
6A9F98,255,110
6AA0A5,254,23
6AA0BA,255,108
6AA0C4,254,19
6AA0F0,254,39
6AA1CF,255,243
6AA295,11,21
6AA295,255,141
6AA3CB,11,6
6AA3CB,255,104
6AA3EA,11,10
6AA3EA,255,115
6AA3F1,255,143
6AA477,255,83
6AA505,11,6
6AA505,255,404
6AA67F,255,114
6AA68A,255,144
6AA693,11,1
6AA693,255,140
6AA6ED,255,130
6AA772,255,118
6AA7A0,255,101
6AA8E5,11,28
6AA8E5,254,300791
6AA8E5,255,2
6AA983,255,116
6AA9CD,11,9
6AA9CD,255,111
6AAA92,11,22
6AAA92,255,146
6AAA9B,11,8
6AAA9B,255,69
6AAC35,11,8
6AAC35,255,330
6AAC80,255,125
6AADB1,255,335
6AADC7,255,92
6AAE37,255,394
6AAEAD,255,166
6AB1BA,11,6
6AB1BA,255,148
6AB1ED,255,152
6AB326,255,285
6AB368,254,2
6AB368,255,90
6AB36A,255,152
6AB36D,254,19
6AB3CF,255,120
6AB5B1,11,12
6AB5B1,255,58
6AB5E6,255,124
6AB770,255,115
6AB790,255,49
6AB7BA,254,23
6AB7F3,254,24
6AB886,11,44
6AB886,255,424
6AB98C,254,22
6AB9D2,254,35
6AB9EF,254,12
6ABA91,254,35
6ABADB,11,33
6ABADB,254,20942
6ABB83,254,22
6ABB9A,255,151
6ABCE8,255,117
6ABD64,254,23
6ABE6A,11,7
6ABE6A,255,102
6ABFA5,11,13
6ABFA5,255,93
6ABFFA,11,16
6ABFFA,255,111
6AC07C,11,12
6AC07C,255,127
6AC0A9,255,99
6AC0D7,255,248
6AC0FA,255,130
6AC16D,254,19
6AC1E4,254,43
6AC2F6,11,14
6AC2F6,255,129
6AC6B0,11,6
6AC6B0,255,316
6AC76C,11,6
6AC76C,255,353
6AC881,255,119
6ACABA,11,18
6ACABA,255,188
6ACAEE,254,20
6ACB77,11,10
6ACB77,255,124
6ACBF2,11,13
6ACBF2,255,180
6ACC77,255,145
6ACCC3,255,155
6ACCD3,255,110
6ACD64,255,139
6ACE08,11,7
6ACE08,255,164
6ACE65,255,161
6ACE9B,255,357
6ACEFE,255,198
6ACF20,255,467
6ACF76,254,26
6ACF95,255,85
6ACFD0,11,15
6ACFD0,255,171
6ACFD1,11,15
6ACFD1,255,270
6AD0E6,255,337
6AD2B8,255,93
6AD3DD,11,8
6AD3DD,255,103
6AD480,255,160
6AD48B,255,274
6AD4E8,255,100
6AD665,11,23
6AD665,255,320
6AD6A1,255,221
6AD6AF,11,29
6AD6AF,255,154
6AD8B4,255,105
6ADA66,255,106
6ADA82,255,130
6ADA84,11,13
6ADA84,255,124
6ADBFC,11,10
6ADBFC,255,203
6ADD65,255,172
6ADDAC,254,23
6ADDCC,255,99
6ADE81,255,146
6ADEA2,255,120
6ADEA5,11,17
6ADEA5,255,99
6ADED8,11,14
6ADED8,255,180
6AE0C9,255,119
6AE1A0,254,23
6AE2E9,255,218
6AE390,255,78
6AE3A6,254,37
6AE3BD,254,28
6AE465,254,12
6AE4CF,255,294
6AE4E0,255,117
6AE619,11,16
6AE619,255,431
6AE733,255,352
6AE773,254,31
6AE7F0,11,13
6AE7F0,255,104
6AE89E,11,10
6AE89E,255,260
6AE8C6,254,39
6AE968,255,330
6AEA65,254,28
6AEA78,11,8
6AEA78,255,128
6AEAC1,255,613
6AEAF9,254,30
6AEBE8,255,206
6AEC77,255,212
6AEED6,254,20
6AF02A,11,30
6AF02A,255,381
6AF187,254,19
6AF2CD,255,132
6AF3AC,11,7
6AF3AC,255,242
6AF3D5,255,91
6AF45F,255,457
6AF47F,255,101
6AF4B0,255,243
6AF586,254,8
6AF592,255,132
6AF6D7,254,21
6AF6FF,11,4
6AF6FF,255,340
6AF796,254,15
6AF7AE,255,113
6AF7DC,255,166
6AF8AB,254,22
6AF8D8,11,11
6AF8D8,255,229
6AF999,11,13
6AF999,255,142
6AFACC,255,137
6AFB72,255,139
6AFB82,254,30
6AFCF3,255,103
6AFE75,255,125
6AFEF3,11,4
6AFEF3,255,237
6B0092,255,267
6B01E8,255,73
6B03F6,255,130
6B079A,255,348
6B0BB8,11,14
6B0BB8,255,124
6B0ED6,255,129
6B11D0,255,97
6B1369,255,133
6B145E,255,312
6B17E5,255,76
6B1965,11,13
6B1965,255,477
6B1B8E,254,27
6B1F9D,255,100
6B23D8,255,153
6B2AEF,255,155
6B2EB0,255,192
6B2EB1,255,395
6B307A,11,4
6B307A,255,402
6B30EE,255,104
6B3169,255,302
6B36EE,255,91
6B3ADD,255,127
6B3CE9,254,23
6B3CF0,255,105
6B3D34,255,292
6B3D35,255,291
6B3FBD,255,315
6B4271,255,124
6B42D9,11,2
6B42D9,255,283
6B42E4,11,5
6B42E4,255,140
6B467C,11,5
6B467C,255,439
6B46A1,255,98
6B46F5,255,101
6B46FC,255,221
6B46FD,255,282
6B49E0,11,12
6B49E0,255,149
6B5056,255,410
6B546D,255,211
6B54E6,255,235
6B5664,255,122
6B57A6,11,13
6B57A6,255,96
6B58F2,11,7
6B58F2,255,227
6B58F3,255,375
6B5D9F,254,23
6B5DC2,255,307
6B60DE,1,1
6B60DE,11,11
6B60DE,255,125
6B617E,11,22
6B617E,255,196
6B61DF,0,1
6B61DF,11,36
6B61DF,254,231
6B63AD,255,329
6B64B3,255,157
6B6665,254,32
6B666C,11,10
6B666C,255,92
6B678F,255,114
6B67A3,255,117
6B67A9,255,414
6B67AD,255,78
6B67F2,11,21
6B67F2,255,226
6B68C5,255,88
6B69D8,11,5
6B69D8,255,243
6B6A76,254,30
6B6BCE,254,32
6B6BDE,255,85
6B6BFE,254,4
6B6CFB,255,84
6B6ED6,254,26
6B7178,11,1
6B7178,255,106
6B718A,255,103
6B71EA,11,6
6B71EA,255,230
6B71F9,11,11
6B71F9,255,205
6B72D1,255,196
6B72F3,254,30
6B7399,255,301
6B74B1,11,10
6B74B1,255,89
6B7597,11,3
6B7597,255,278
6B7876,255,80
6B78A2,255,126
6B7999,254,21
6B7B9B,255,107
6B7BA8,255,98
6B7BD0,254,24
6B7BE0,255,126
6B7CCC,254,26
6B7F2D,11,9
6B7F2D,255,255
6B7FD7,11,23
6B7FD7,255,405
6B7FEC,255,147
6B809D,255,196
6B81A5,11,34
6B81A5,255,626
6B821B,11,20
6B821B,255,288
6B828B,255,70
6B82CD,254,18
6B836F,255,172
6B83E1,255,410
6B848C,255,253
6B84E2,255,161
6B85C1,11,10
6B85C1,255,511
6B86D0,255,165
6B86FE,255,144
6B87BF,255,261
6B899A,255,112
6B89F1,255,82
6B8BE4,254,23
6B8C0F,255,270
6B8CB0,11,7
6B8CB0,255,284
6B8CC3,254,14
6B8D2F,255,432
6B8D90,255,156
6B8DA9,255,137
6B8DAF,255,334
6B8EF9,255,171
6B8F8F,255,136
6B90DD,255,147
6B91A1,254,21
6B9267,255,326
6B928F,255,133
6B92DA,255,326
6B92EA,254,20
6B9399,11,4
6B9399,255,151
6B93FB,255,210
6B948C,255,121
6B95AA,254,32
6B95E6,255,79
6B967D,11,5
6B967D,255,99
6B96FA,255,168
6B9875,254,11
6B98B9,254,17
6B98D2,254,25
6B98D6,255,324
6B98F5,255,116
6B990E,255,275
6B9B7D,255,135
6B9B94,255,380
6B9BB7,11,28
6B9BB7,255,244
6B9CA0,255,119
6B9CC3,254,22
6B9CE2,255,157
6B9DC0,255,139
6B9EB0,11,27
6B9EB0,255,206
6B9FA8,255,129
6B9FBB,254,34
6B9FCB,255,158
6BA0A1,254,22
6BA0D2,255,180
6BA16E,255,118
6BA18F,255,268
6BA19B,255,332
6BA26C,255,140
6BA491,11,12
6BA491,255,140
6BA496,255,121
6BA4CB,255,117
6BA550,255,311
6BA6A1,255,91
6BA6D1,255,86
6BA6E6,254,30
6BA9F6,255,124
6BAA89,255,258
6BAB0E,255,664
6BAB77,11,9
6BAB77,255,219
6BAB78,255,317
6BAB84,255,86
6BABFE,255,140
6BAD02,11,11
6BAD02,255,282
6BAE70,255,144
6BAF85,254,19
6BAFAE,255,100
6BAFD5,254,28
6BB169,11,13
6BB169,255,339
6BB268,254,34
6BB5C9,254,15
6BB5DB,254,22
6BB662,255,235
6BB795,255,398
6BB8EE,255,176
6BB9AE,255,465
6BB9C4,255,352
6BBBA3,11,22
6BBBA3,255,127
6BBCC0,255,215
6BBD72,11,7
6BBD72,255,179
6BBEB5,255,79
6BBEEB,255,97
6BC164,11,10
6BC164,255,106
6BC47C,255,446
6BC483,255,61
6BC570,255,192
6BC5C7,254,28
6BC743,11,7
6BC743,255,220
6BC7F9,254,20
6BC8F5,254,22
6BC9E2,255,114
6BCAB8,11,3
6BCAB8,255,339
6BCB52,255,277
6BCB67,11,12
6BCB67,255,161
6BCCE7,11,12
6BCCE7,255,126
6BCD7B,255,108
6BCE78,11,4
6BCE78,255,113
6BCEB9,255,128
6BCFAC,11,11
6BCFAC,255,311
6BCFCF,255,296
6BD193,254,31
6BD194,255,114
6BD2D0,254,29
6BD3A6,11,14
6BD3A6,255,245
6BD3BD,255,126
6BD590,254,11
6BD5A3,11,1
6BD5A3,255,274
6BD5E0,254,23
6BD67D,255,135
6BD6A0,255,118
6BD6C6,255,246
6BD6CC,254,19
6BD78A,254,15
6BD8CB,254,36
6BD9AD,254,17
6BDAD7,255,82
6BDC91,255,292
6BDCD7,255,263
6BDE7C,254,14
6BDE86,11,11
6BDE86,255,98
6BDECE,255,190
6BDF70,255,107
6BDF94,255,128
6BDFB8,11,16
6BDFB8,255,68
6BE13B,255,604
6BE16B,255,111
6BE1E8,255,147
6BE28C,254,29
6BE3B5,255,178
6BE3BF,255,264
6BE4C6,255,224
6BE6A6,11,14
6BE6A6,255,469
6BE7CE,11,19
6BE7CE,255,257
6BE86D,254,20
6BE88E,11,10
6BE88E,255,99
6BE8B8,255,92
6BE9CC,11,2
6BE9CC,255,91
6BE9D9,254,18
6BE9EB,254,29
6BEA6E,255,87
6BEA75,255,200
6BEAD7,254,19
6BEBFD,11,12
6BEBFD,255,104
6BEC69,254,20
6BEDC5,255,109
6BEEB8,255,68
6BF080,255,149
6BF09B,255,141
6BF0C8,255,104
6BF1B3,255,116
6BF1CC,255,112
6BF1D8,255,99
6BF29D,255,178
6BF2C7,11,15
6BF2C7,255,231
6BF2CC,11,8
6BF2CC,255,242
6BF397,11,10
6BF397,255,100
6BF3B0,11,21
6BF3B0,255,124
6BF3C3,255,146
6BF470,255,124
6BF4D4,254,32
6BF676,254,23
6BF688,255,62
6BF6C8,254,15
6BF6D3,255,113
6BF6F2,254,41
6BF7CD,11,20
6BF7CD,255,210
6BF859,255,267
6BF8DB,255,129
6BFADE,255,315
6BFBB3,254,27
6BFC80,255,112
6BFC94,255,373
6BFEA4,11,8
6BFEA4,255,340
6C13BA,254,27
6C1415,255,321
6C1512,255,325
6C15DC,255,76
6C1780,255,378
6C18B5,11,2
6C18B5,255,246
6C1B3E,255,265
6C1D59,255,357
6C238A,255,34
6C2D55,11,30
6C2D55,255,426
6C321A,11,7
6C321A,255,197
6C321B,255,403
6C3976,11,7
6C3976,255,294
6C3AC5,255,342
6C3B03,11,13
6C3B03,255,278
6C3B8D,254,28
6C3BC2,255,160
6C3FB1,255,122
6C43D2,11,8
6C43D2,255,333
6C45E8,11,12
6C45E8,255,308
6C4968,11,18
6C4968,255,251
6C4AEF,255,476
6C4C91,255,244
6C4C92,255,366
6C4FC8,255,171
6C50D4,11,18
6C50D4,255,263
6C51B6,255,141
6C52C8,255,124
6C5421,11,11
6C5421,255,213
6C556E,11,19
6C556E,255,648
6C55B9,11,3
6C55B9,255,295
6C586F,255,203
6C5BF1,255,97
6C5D96,255,405
6C5F6C,255,149
6C6230,255,319
6C64C4,11,14
6C64C4,255,132
6C64F0,255,161
6C666A,254,29
6C66ED,255,90
6C6782,254,18
6C67C0,255,191
6C6847,11,21
6C6847,255,118
6C68C3,255,109
6C69C8,255,102
6C69DB,254,27
6C6AA4,255,95
6C6AF3,11,12
6C6AF3,255,265
6C6B73,254,29
6C6BFD,255,122
6C6CCC,255,89
6C6D72,11,14
6C6D72,255,98
6C6DB0,254,22
6C6DC3,255,610
6C6DD3,255,251
6C6E6C,255,173
6C70C3,255,262
6C7273,255,131
6C72D1,255,136
6C7384,255,68
6C748B,255,102
6C74BD,254,31
6C74CE,11,5
6C74CE,255,287
6C74E4,254,17
6C74FA,254,30
6C757D,255,287
6C75EF,255,194
6C75FE,254,26
6C7765,11,22
6C7765,255,210
6C78CD,255,138
6C7A99,11,3
6C7A99,255,143
6C7AA4,254,29
6C7BAF,11,1
6C7BAF,255,105
6C7C9B,255,100
6C7CAC,255,212
6C7CD2,255,107
6C7D99,254,18
6C7E74,254,25
6C7EB0,254,19
6C7EB5,255,238
6C7EB6,1,1
6C7EB6,11,12
6C7EB6,255,265
6C81C9,255,82
6C8385,255,78
6C83BB,11,14
6C83BB,255,231
6C83E0,254,22
6C8469,255,130
6C86F9,254,21
6C89A0,254,19
6C89BE,254,28
6C89C6,255,314
6C89D3,255,85
6C8AC2,254,2
6C8AC2,255,204
6C8BEE,254,21
6C8CA1,255,143
6C8DCA,254,14
6C8EC5,254,26
6C8F80,11,12
6C8F80,255,181
6C8FEB,255,73
6C907D,255,228
6C90E9,255,108
6C91BF,11,10
6C91BF,255,152
6C9268,255,85
6C92AB,11,2
6C92AB,255,479
6C936B,255,186
6C9476,11,4
6C9476,255,102
6C956C,255,92
6C957A,255,392
6C95BA,11,5
6C95BA,255,167
6C95FD,255,82
6C9673,11,11
6C9673,255,75
6C968F,255,284
6C96BF,255,119
6C97E2,11,6
6C97E2,255,184
6C97E3,255,251
6C9AC8,255,63
6C9AEA,255,195
6C9B6D,255,121
6C9B8C,11,13
6C9B8C,255,96
6C9C72,11,6
6C9C72,255,255
6C9CD5,11,13
6C9CD5,255,273
6C9CE4,255,87
6C9D68,255,465
6C9D88,11,9
6C9D88,255,160
6C9DD5,255,108
6C9EA2,255,230
6C9FE8,255,176
6CA098,255,166
6CA2A9,255,178
6CA2AF,254,14
6CA3E1,255,148
6CA483,11,4
6CA483,255,132
6CA6CF,254,21
6CA7A5,11,27
6CA7A5,255,174
6CA87E,11,16
6CA87E,255,129
6CA8BD,254,21
6CAA02,11,1
6CAA02,255,268
6CAB7D,254,15
6CAC67,255,118
6CAC84,255,128
6CACE2,255,195
6CADDC,255,202
6CADF8,11,18
6CADF8,255,123
6CAE8A,255,77
6CAEEB,11,3
6CAEEB,255,380
6CB0D0,255,109
6CB1A8,255,317
6CB396,255,96
6CB5BF,11,4
6CB5BF,255,119
6CB67D,11,11
6CB67D,255,99
6CB6F5,255,135
6CB978,255,117
6CB9E9,255,233
6CB9F0,255,236
6CBA8F,254,22
6CBAE4,11,8
6CBAE4,255,200
6CBB58,255,289
6CBC54,11,13
6CBC54,255,138
6CBC7C,255,49
6CBCB6,254,32
6CBCF1,11,1
6CBCF1,255,128
6CBD16,255,299
6CBDBB,255,138
6CBEA5,0,1
6CBEA5,11,1
6CBEA5,254,5
6CBEA5,255,1
6CBEA6,11,44
6CBEA6,254,25426
6CBEA7,255,277
6CC06D,255,110
6CC0B2,11,8
6CC0B2,255,82
6CC2AD,11,7
6CC2AD,255,259
6CC334,11,8
6CC334,255,362
6CC3B2,255,335
6CC4BE,255,67
6CC4E3,255,90
6CC594,255,442
6CC5D7,255,125
6CC5FE,255,82
6CC6B0,255,100
6CC6BD,254,15
6CC6C0,255,393
6CC789,0,1
6CC789,11,22
6CC789,255,107
6CC7A2,255,73
6CC8CE,255,155
6CC9C4,255,110
6CC9D2,254,23
6CCB68,255,88
6CCB71,255,310
6CCBA4,255,143
6CCD68,255,176
6CCDB5,254,29
6CCDD2,255,333
6CCDDA,254,26
6CCDDC,254,24
6CCE69,255,102
6CCE8F,11,15
6CCE8F,255,93
6CCED6,255,103
6CD024,11,3
6CD024,255,951
6CD0BE,11,11
6CD0BE,255,183
6CD0BF,254,35
6CD166,1,1
6CD166,11,4
6CD166,255,267
6CD1EE,11,19
6CD1EE,255,312
6CD1F2,11,2
6CD1F2,255,370
6CD268,255,193
6CD2CD,255,103
6CD3B4,254,23
6CD3F5,254,18
6CD4EF,254,20
6CD59F,255,81
6CD608,11,27
6CD608,255,256
6CD669,255,334
6CD6AE,11,21
6CD6AE,255,152
6CD6D7,254,30
6CD754,255,336
6CD86D,255,264
6CD97F,254,26
6CD98C,254,20
6CDAA8,255,134
6CDAB7,254,12
6CDABF,255,228
6CDBEA,255,96
6CDE9D,255,101
6CDEC4,254,28
6CE0EB,11,4
6CE0EB,255,131
6CE127,255,239
6CE17B,255,159
6CE1C4,254,25
6CE28C,255,73
6CE2E7,255,125
6CE44C,255,251
6CE492,255,132
6CE668,254,16
6CE668,255,180
6CE669,11,10
6CE669,255,307
6CE66C,11,21
6CE66C,255,272
6CE69F,11,16
6CE69F,255,105
6CE6A0,255,131
6CE6A6,11,7
6CE6A6,255,103
6CE7B6,255,113
6CE7DC,254,28
6CE7FD,255,107
6CE814,11,25
6CE814,255,299
6CE868,255,113
6CE8EA,255,178
6CE984,255,90
6CE996,255,125
6CE9AC,255,56
6CE9C2,254,19
6CEA64,11,15
6CEA64,255,219
6CEB7A,255,139
6CECB8,11,4
6CECB8,255,226
6CECD2,254,26
6CED96,254,24
6CEDA2,255,87
6CF0FC,11,30
6CF0FC,255,374
6CF0FD,255,84
6CF172,254,20
6CF180,11,8
6CF180,255,254
6CF1AD,254,20
6CF1E6,255,70
6CF3B4,255,197
6CF574,255,156
6CF5D9,255,442
6CF792,255,177
6CF7E0,255,115
6CF7FE,255,174
6CF9D3,255,92
6CFB64,254,22
6CFB7D,254,20
6CFBA0,255,107
6CFC8F,11,5
6CFC8F,255,105
6CFDBD,255,79
6D024E,11,3
6D024E,255,307
6D02BA,11,29
6D02BA,255,312
6D039B,11,19
6D039B,255,221
6D071A,255,226
6D0779,11,2
6D0779,255,335
6D07EB,11,12
6D07EB,255,408
6D088F,255,126
6D090C,11,21
6D090C,255,112
6D0C1F,255,604
6D0CF5,11,3
6D0CF5,255,550
6D0ED8,255,298
6D1044,255,356
6D11C5,11,11
6D11C5,255,287
6D14B2,255,182
6D15C4,11,6
6D15C4,255,151
6D1BB6,255,290
6D1F44,255,349
6D20BE,11,34
6D20BE,255,300
6D2477,254,17
6D275D,255,307
6D2AA9,11,1
6D2AA9,255,383
6D30AE,11,53
6D30AE,255,335
6D34C6,11,20
6D34C6,255,324
6D35AD,254,23
6D36E3,255,258
6D375F,255,361
6D39AD,255,276
6D39FE,255,215
6D42EF,255,97
6D4682,255,311
6D498C,255,100
6D5092,11,15
6D5092,255,231
6D5093,11,29
6D5093,255,517
6D61A9,255,109
6D63DF,11,17
6D63DF,255,398
6D642C,255,246
6D649B,254,33
6D64AC,254,18
6D64D3,254,22
6D65F9,11,37
6D65F9,255,269
6D6613,11,3
6D6613,255,332
6D6676,255,255
6D66EC,254,14
6D6866,255,104
6D6971,255,150
6D69C3,11,14
6D69C3,255,489
6D6B64,255,165
6D6B7B,255,227
6D6C8C,255,129
6D6CD3,254,25
6D6D6C,255,276
6D6DBF,11,6
6D6DBF,255,252
6D6DC0,11,18
6D6DC0,255,298
6D6E79,255,110
6D6ED9,255,84
6D6F76,255,276
6D6F93,11,33
6D6F93,255,387
6D6F95,255,122
6D7082,255,93
6D717C,11,5
6D717C,255,291
6D72D0,255,106
6D73B5,255,131
6D73BD,255,55
6D73EF,11,10
6D73EF,255,139
6D7489,255,92
6D74EE,255,111
6D756C,255,307
6D75C5,255,407
6D75DD,11,2
6D75DD,255,193
6D766B,11,4
6D766B,255,98
6D76F7,255,188
6D7781,255,128
6D77A6,255,121
6D786D,254,22
6D7994,254,14
6D7A71,11,4
6D7A71,255,75
6D7BD5,255,107
6D7BE3,254,24
6D7C7B,254,23
6D7CB0,255,147
6D7CC3,255,120
6D7D7D,255,118
6D7D7E,255,318
6D7DFE,255,117
6D7FA4,255,99
6D819B,255,366
6D81A7,255,105
6D81F9,255,210
6D8271,254,14
6D8288,255,142
6D82CC,254,27
6D82DF,254,31
6D82EF,255,101
6D84AE,255,156
6D84DC,255,85
6D86F3,255,404
6D878D,11,20
6D878D,255,347
6D87C4,255,102
6D87CF,11,8
6D87CF,255,344
6D8864,254,6
6D8886,11,2
6D8886,255,309
6D88E8,254,22
6D89FC,254,27
6D8AB1,254,27
6D8B65,255,97
6D8B66,255,86
6D8C7D,255,217
6D8CC7,255,288
6D8EFC,255,318
6D8FCC,255,386
6D8FD3,255,105
6D9092,11,75
6D9092,254,295253
6D90C0,254,26
6D90CD,254,16
6D90E0,255,103
6D92F7,11,21
6D92F7,255,89
6D9473,254,21
6D94C4,11,25
6D94C4,255,141
6D9597,255,477
6D9598,255,632
6D95CB,255,105
6D9668,255,100
6D973D,11,44
6D973D,255,673
6D97BE,255,160
6D98A1,255,104
6D9A89,254,22
6D9B91,255,108
6D9BB7,255,176
6D9BDD,254,32
6D9C69,255,121
6D9C78,11,3
6D9C78,255,128
6D9CBC,255,110
6D9DCE,254,17
6D9E3F,11,11
6D9E3F,255,168
6D9F52,11,16
6D9F52,255,362
6D9F86,254,24
6D9FC3,254,25
6D9FD0,254,33
6DA0F9,254,21
6DA1B3,254,4
6DA282,255,487
6DA290,255,105
6DA36B,255,129
6DA39A,11,1
6DA39A,255,148
6DA3FA,254,18
6DA429,255,245
6DA4A5,11,2
6DA4A5,255,166
6DA4FE,11,17
6DA4FE,255,264
6DA5E5,255,90
6DA5F3,255,149
6DA771,11,5
6DA771,255,518
6DA833,255,316
6DA96E,255,95
6DA98E,255,101
6DA9E1,255,78
6DAE80,255,347
6DAE86,255,139
6DAF78,255,134
6DB086,11,16
6DB086,255,74
6DB0B1,254,25
6DB29E,11,12
6DB29E,255,212
6DB2A6,11,15
6DB2A6,255,77
6DB368,255,128
6DB5F9,255,265
6DB775,255,66
6DB8B8,255,478
6DBA18,11,16
6DBA18,255,328
6DBAD3,254,15
6DBBEA,255,96
6DBC03,255,456
6DBC0B,255,225
6DBC80,11,42
6DBC80,255,405
6DBCF1,255,235
6DBDAB,254,16
6DBE87,11,16
6DBE87,255,101
6DBFD9,11,3
6DBFD9,255,131
6DC1F5,255,132
6DC2B6,255,89
6DC4A5,254,31
6DC8CB,255,265
6DC8DB,255,100
6DC96C,255,135
6DC9EB,255,116
6DCA95,254,24
6DCB9D,255,103
6DCBEA,254,26
6DCD9D,254,25
6DD07B,255,145
6DD4F5,255,112
6DD5FC,255,82
6DD773,11,25
6DD773,255,216
6DD7A7,255,77
6DD7FA,11,15
6DD7FA,255,99
6DD884,11,9
6DD884,255,100
6DD974,255,53
6DDA98,255,119
6DDAE2,11,7
6DDAE2,255,80
6DDBAA,254,27
6DDBC1,255,134
6DDC8A,255,289
6DDCC0,255,85
6DDD57,255,519
6DDD6A,11,12
6DDD6A,255,89
6DDD89,254,30
6DDE9F,255,147
6DE185,11,14
6DE185,255,172
6DE1FE,255,110
6DE2A2,255,80
6DE2B1,255,144
6DE2C0,255,527
6DE2F2,254,10
6DE3A0,11,3
6DE3A0,255,166
6DE4B6,255,115
6DE56E,255,103
6DE5C9,255,108
6DE603,11,22
6DE603,255,382
6DE797,254,2
6DE797,255,226
6DE7BB,254,31
6DE836,11,26
6DE836,255,287
6DE9B0,254,18
6DE9FB,255,102
6DEA81,11,9
6DEA81,255,107
6DEA91,11,15
6DEA91,255,147
6DEA9B,11,27
6DEA9B,255,230
6DEC6A,255,91
6DEC7F,255,82
6DEEC0,254,26
6DEEC8,255,117
6DEF8E,255,123
6DEFBC,11,11
6DEFBC,255,135
6DF17E,255,336
6DF1AB,11,8
6DF1AB,255,144
6DF3D1,255,203
6DF5E9,254,19
6DF67F,254,13
6DF8FC,254,23
6DF97B,255,60
6DF9F5,255,111
6DFA86,11,5
6DFA86,255,385
6DFA8E,11,12
6DFA8E,255,72
6DFE67,254,32
6DFE81,255,162
6DFE91,254,25
6E009D,2,1
6E009D,11,14
6E009D,255,329
6E01D6,255,85
6E06B3,255,109
6E0707,255,285
6E0850,11,25
6E0850,255,428
6E0C9D,255,313
6E0CB8,11,5
6E0CB8,255,114
6E0FEC,11,23
6E0FEC,255,373
6E1072,255,115
6E118C,11,31
6E118C,255,442
6E118D,255,577
6E1296,254,14
6E14B6,255,113
6E15BA,11,12
6E15BA,255,165
6E17C5,11,9
6E17C5,255,393
6E2861,255,470
6E2A7D,255,129
6E2EE4,255,77
6E2F0D,255,287
6E3177,255,103
6E3211,255,319
6E3BC2,255,123
6E3BF0,255,213
6E3F9D,11,6
6E3F9D,255,247
6E4022,11,1
6E4022,255,308
6E4B70,255,111
6E5295,255,104
6E52D5,255,274
6E54C7,11,7
6E54C7,255,484
6E54E7,255,156
6E557C,255,82
6E55D4,255,262
6E565A,11,14
6E565A,255,171
6E5841,255,323
6E5876,254,26
6E58A2,254,14
6E5E83,255,520
6E5EFB,255,91
6E62E5,254,20
6E65AA,11,12
6E65AA,255,252
6E66C0,255,223
6E676A,255,122
6E6839,11,9
6E6839,255,313
6E6867,255,502
6E68B0,254,18
6E68C0,254,26
6E6A66,255,151
6E6B8C,254,2
6E6B8C,255,230
6E6B9B,254,32
6E6CB3,254,27
6E6EF9,255,116
6E6FF8,255,116
6E7059,255,233
6E70A7,255,111
6E719D,255,326
6E71B1,255,78
6E7362,255,438
6E73B0,255,121
6E757F,254,22
6E797E,254,24
6E79F7,254,33
6E7A93,11,7
6E7A93,255,88
6E7AF3,255,108
6E7B8F,254,40
6E7C5B,11,3
6E7C5B,255,491
6E7CD7,255,145
6E7FAF,254,25
6E7FE8,255,183
6E80D9,254,21
6E8182,11,16
6E8182,255,164
6E81B1,255,299
6E8281,2,1
6E8281,11,15
6E8281,255,180
6E82DE,254,21
6E837A,255,120
6E837C,11,1
6E837C,255,126
6E83DC,254,11
6E83DF,11,3
6E83DF,255,187
6E844C,255,536
6E85DB,0,1
6E85DB,11,1
6E85DB,255,565
6E8798,255,142
6E8971,255,133
6E898D,254,21
6E8A64,255,69
6E8A70,254,18
6E8C81,11,8
6E8C81,255,243
6E8CDB,254,19
6E8CFC,255,143
6E91B3,255,73
6E92AA,11,1
6E92AA,255,97
6E92B9,255,163
6E95E8,255,144
6E965C,255,368
6E966D,11,11
6E966D,255,99
6E96A7,11,16
6E96A7,255,318
6E96CD,255,203
6E984F,11,26
6E984F,255,555
6E98D0,0,4
6E98D0,11,20
6E98D0,254,6805
6E99A9,11,2
6E99A9,255,67
6E9C71,255,112
6E9C8A,255,102
6E9DAE,255,94
6EA0AD,255,118
6EA178,255,121
6EA1B8,254,31
6EA24A,255,240
6EA36D,254,18
6EA42E,255,613
6EA5D5,11,5
6EA5D5,255,118
6EA65B,11,14
6EA65B,255,251
6EA7C0,254,31
6EA7DA,11,9
6EA7DA,255,73
6EA9D0,254,30
6EAA80,255,74
6EAA99,255,115
6EAAD0,254,26
6EAD92,254,22
6EB0A0,254,25
6EB160,11,10
6EB160,255,205
6EB2AC,254,31
6EB2DF,254,34
6EB3B1,255,67
6EB3DE,255,181
6EB3F9,255,300
6EB48F,254,29
6EB679,11,17
6EB679,255,117
6EB683,11,6
6EB683,255,263
6EB6BF,254,17
6EBA8A,11,1
6EBA8A,255,107
6EBAAB,255,197
6EBAD3,255,269
6EBBB3,11,3
6EBBB3,255,287
6EBCD7,255,141
6EBD9D,255,225
6EBDCB,254,11
6EBDE0,255,148
6EBE65,255,116
6EBEB3,255,133
6EBEF4,255,121
6EC038,11,20
6EC038,255,509
6EC0A0,255,100
6EC0A1,255,75
6EC0AA,255,127
6EC17E,255,134
6EC17F,255,115
6EC1B1,255,59
6EC2AB,254,29
6EC52D,255,258
6EC565,255,99
6EC56F,11,14
6EC56F,255,102
6EC580,255,116
6EC5B9,255,278
6EC672,254,20
6EC72D,255,301
6EC7C3,255,86
6EC9C2,11,18
6EC9C2,255,263
6EC9C7,255,153
6EC9F0,254,33
6ECA0A,11,26
6ECA0A,255,458
6ECAAA,254,19
6ECB83,11,1
6ECB83,255,137
6ECC74,255,158
6ECC8F,255,103
6ECCB6,254,30
6ECD98,255,166
6ECE79,255,103
6ECEC7,254,27
6ECFFB,254,27
6ED099,255,87
6ED196,254,39
6ED27C,255,116
6ED377,255,79
6ED474,254,12
6ED67B,11,18
6ED67B,255,96
6ED68C,255,100
6ED69D,255,95
6ED787,11,15
6ED787,255,130
6ED8E4,255,152
6ED9CB,255,168
6ED9E8,254,19
6EDAE7,255,65
6EDBDD,255,113
6EDCB1,255,346
6EDCD1,255,102
6EDE78,254,33
6EDFC2,254,17
6EE19F,254,19
6EE2AE,255,117
6EE38B,255,78
6EE4C9,255,177
6EE571,255,128
6EE668,0,1
6EE668,11,3
6EE668,255,98
6EE67B,254,23
6EE688,255,89
6EE6D9,254,26
6EE768,11,1
6EE768,255,183
6EE7B1,254,28
6EE7DF,11,11
6EE7DF,255,125
6EE94E,255,397
6EEAD4,255,127
6EEBDC,254,23
6EEE73,254,19
6EEE73,255,267
6EEE75,11,13
6EEE75,255,493
6EEF96,255,308
6EF05B,11,3
6EF05B,255,192
6EF05C,11,24
6EF05C,255,325
6EF0F7,254,33
6EF265,255,86
6EF2B6,255,71
6EF393,11,10
6EF393,255,109
6EF4EA,11,10
6EF4EA,255,188
6EF5A1,255,151
6EF67D,255,71
6EF873,255,110
6EF8B7,255,101
6EF9CA,255,296
6EF9DB,254,38
6EFA90,255,286
6EFB92,255,157
6EFBEC,11,1
6EFBEC,255,150
6EFC84,254,24
6EFCC1,254,15
6EFD51,11,1
6EFD51,255,300
6EFDC9,254,31
6EFDCF,255,384
6F017F,255,98
6F08C4,255,87
6F0B3F,255,420
6F0B99,255,216
6F0CBC,11,7
6F0CBC,255,331
6F10A8,11,14
6F10A8,255,82
6F134A,255,269
6F13BB,11,23
6F13BB,255,260
6F13BC,255,346
6F164A,255,614
6F18BA,255,254
6F1AF6,255,108
6F1BDB,254,35
6F2684,255,93
6F2B2F,255,732
6F2BB3,254,33
6F2D94,254,20
6F2DD8,255,129
6F2FED,11,5
6F2FED,255,61
6F3082,11,3
6F3082,255,233
6F3395,255,259
6F353A,255,273
6F3576,254,23
6F35A4,254,26
6F406D,255,95
6F40A5,11,6
6F40A5,255,200
6F48E2,255,140
6F4C1B,0,1
6F4C1B,11,13
6F4C1B,255,178
6F4C5E,11,19
6F4C5E,255,240
6F4C5F,11,9
6F4C5F,255,412
6F4F70,255,155
6F5162,255,271
6F52F4,255,105
6F557A,255,95
6F5793,11,3
6F5793,255,217
6F5FF7,255,311
6F60C8,255,135
6F6271,255,95
6F6447,255,238
6F65DF,255,288
6F67A0,254,26
6F67B7,255,114
6F67BA,254,17
6F68B5,11,3
6F68B5,255,106
6F6A97,254,35
6F6AFE,255,201
6F6B71,254,24
6F6BC2,255,122
6F6BFD,255,94
6F6C82,255,105
6F6C99,255,104
6F6CA6,255,169
6F6CC1,255,161
6F6CE4,254,25
6F6CFB,255,131
6F6EE4,11,17
6F6EE4,255,102
6F6F7F,255,155
6F7026,255,575
6F706E,255,369
6F7096,254,28
6F7262,255,350
6F7278,255,158
6F72BD,255,131
6F72F5,11,16
6F72F5,255,107
6F7375,255,106
6F74AB,255,189
6F74CA,11,19
6F74CA,255,341
6F7567,255,116
6F76A0,255,94
6F7998,255,160
6F7BB9,254,25
6F7D6E,254,13
6F7D95,255,179
6F7FD5,255,157
6F7FD6,255,334
6F8031,255,270
6F8088,254,28
6F80F5,254,16
6F81B6,255,118
6F81FC,255,133
6F83C5,11,18
6F83C5,255,282
6F84A3,11,17
6F84A3,255,120
6F86CC,11,11
6F86CC,255,272
6F87A2,254,27
6F88B9,11,13
6F88B9,255,64
6F8A75,254,36
6F8AB5,255,109
6F8BB9,11,4
6F8BB9,255,264
6F8BC3,254,35
6F8D64,254,27
6F8D69,255,147
6F8DFD,254,1
6F8DFD,255,83
6F8E99,11,13
6F8E99,255,112
6F8F8C,11,15
6F8F8C,255,206
6F8FC3,254,23
6F8FDF,254,23
6F8FEE,255,134
6F9064,254,29
6F9066,11,7
6F9066,255,117
6F90B3,255,83
6F90CE,255,84
6F92A4,11,12
6F92A4,255,183
6F9389,255,144
6F93C5,11,4
6F93C5,255,147
6F9400,11,10
6F9400,255,245
6F9472,11,20
6F9472,255,115
6F948B,11,23
6F948B,255,142
6F9499,254,21
6F95B3,11,12
6F95B3,255,289
6F9669,255,145
6F96A7,255,132
6F976E,11,2
6F976E,255,145
6F9836,11,19
6F9836,255,466
6F9837,11,7
6F9837,255,439
6F9871,255,116
6F9A4F,255,329
6F9B89,11,17
6F9B89,255,134
6F9BCF,254,17
6F9CB0,255,266
6F9D75,255,113
6F9D92,11,7
6F9D92,255,372
6F9EC9,254,19
6F9F7E,255,122
6F9FDF,255,92
6FA1D0,11,11
6FA1D0,255,248
6FA25A,255,349
6FA270,11,7
6FA270,255,172
6FA520,255,296
6FA59D,255,166
6FA673,11,21
6FA673,255,123
6FA6D8,254,28
6FA6E6,255,123
6FA9A5,254,16
6FA9B1,255,126
6FA9C0,0,1
6FA9C0,11,14
6FA9C0,255,207
6FAA27,11,20
6FAA27,255,176
6FABAA,255,116
6FABE5,255,255
6FACD6,11,7
6FACD6,255,280
6FADCC,254,23
6FAED4,11,4
6FAED4,255,391
6FAFAD,255,134
6FAFC0,254,20
6FB089,255,54
6FB08C,254,30
6FB099,255,92
6FB19E,11,22
6FB19E,255,114
6FB1B3,11,4
6FB1B3,255,194
6FB1C3,255,1889
6FB2DB,254,13
6FB390,255,65
6FB3CC,11,15
6FB3CC,255,317
6FB3D0,255,84
6FB4ED,11,9
6FB4ED,255,76
6FB574,255,215
6FB66F,255,151
6FB690,255,89
6FB700,11,1
6FB700,255,356
6FB994,255,66
6FBB04,11,45
6FBB04,255,381
6FBB9D,11,11
6FBB9D,255,43
6FBC7A,11,9
6FBC7A,255,95
6FBCB2,255,292
6FBEBD,255,169
6FBEF4,254,29
6FBFFA,255,78
6FC0AD,254,21
6FC0F6,11,1
6FC0F6,255,117
6FC211,255,152
6FC4F8,11,10
6FC4F8,255,187
6FC5DF,254,23
6FC679,11,18
6FC679,255,75
6FC8A7,255,117
6FC950,255,350
6FC95B,255,360
6FC9DD,255,280
6FC9E2,11,10
6FC9E2,255,64
6FCA9B,11,9
6FCA9B,255,97
6FCBBD,254,20
6FCC49,11,20
6FCC49,255,254
6FCCD8,11,27
6FCCD8,255,383
6FCCE2,255,100
6FCD67,255,162
6FCEBB,255,81
6FCF9C,255,102
6FD189,254,33
6FD1A0,255,92
6FD277,255,115
6FD2DA,255,129
6FD39E,255,100
6FD3E9,254,28
6FD4BF,254,14
6FD643,11,14
6FD643,255,173
6FD68A,11,4
6FD68A,255,332
6FD7B1,255,127
6FD869,255,20
6FD9D0,255,147
6FD9F5,11,6
6FD9F5,255,256
6FDAA0,254,27
6FDAB2,254,29
6FDB87,255,73
6FDDE4,254,35
6FDEA6,255,714
6FDEBC,11,30
6FDEBC,255,161
6FDED6,255,295
6FDED7,255,222
6FDFA6,11,4
6FDFA6,255,123
6FDFFD,255,116
6FE0F3,254,30
6FE174,255,118
6FE27C,255,290
6FE2AF,255,166
6FE384,254,21
6FE3A9,255,144
6FE497,11,3
6FE497,255,210
6FE4CA,254,33
6FE5B3,255,106
6FE5C5,254,30
6FE6D3,254,26
6FE89F,255,137
6FE8AD,255,148
6FE96A,255,105
6FE9C1,255,108
6FE9C5,255,159
6FEA79,255,93
6FEAC4,255,169
6FEBD9,255,123
6FECF7,11,8
6FECF7,255,143
6FEDD9,11,24
6FEDD9,255,261
6FEE70,254,28
6FEEFA,255,148
6FEFA3,254,14
6FEFAD,255,359
6FEFB3,255,169
6FEFB7,255,128
6FF09E,255,151
6FF17D,255,135
6FF1AD,254,26
6FF3E7,255,217
6FF484,255,100
6FF76F,11,4
6FF76F,255,379
6FF7C0,254,36
6FF8CD,255,138
6FF9C1,255,84
6FFA94,255,137
6FFAD5,1,1
6FFAD5,11,21
6FFAD5,255,73
6FFAE3,255,120
6FFCED,254,25
6FFDBA,254,35
6FFE92,255,151
6FFEBC,255,115
6FFFA7,255,299
700298,254,22
700466,11,2
700466,255,135
7008B4,255,79
701216,255,212
701B8A,11,36
701B8A,255,308
701DB2,255,321
701E97,11,14
701E97,255,383
701EAA,255,85
7021DB,11,9
7021DB,255,92
702299,255,404
70269D,11,15
70269D,255,136
70269E,255,239
702866,255,136
702B38,255,294
702B39,11,8
702B39,255,247
702C3C,11,2
702C3C,255,321
7030F1,254,30
70315A,255,422
703182,11,15
703182,255,355
703370,255,519
7037EC,255,225
703978,255,358
703D47,11,14
703D47,255,267
703DA0,11,10
703DA0,255,308
70426D,255,197
70436E,255,115
704387,254,36
704588,11,11
704588,255,154
7045DB,255,208
7049E6,255,434
704DA1,255,100
704FC3,11,6
704FC3,255,119
704FF6,255,233
704FF7,11,41
704FF7,255,310
7050E3,11,13
7050E3,255,282
705277,255,95
705705,255,253
70576A,255,112
705BC4,255,200
705DCA,255,185
705EB1,254,24
705F27,255,403
705F4A,255,121
705F4B,255,249
706083,255,120
706206,255,237
706444,255,530
706589,11,24
706589,255,198
706688,11,7
706688,255,113
7066B7,255,102
706720,255,176
7067C0,255,84
70687D,254,28
7068BD,11,17
7068BD,255,100
706CE4,255,122
706DE9,255,173
706E75,11,9
706E75,255,140
706E82,254,24
706F9C,255,243
706FE7,255,132
7070CE,254,176215
7071B7,255,158
707293,255,139
707546,255,242
707572,0,7
707572,1,1
707572,11,1099
707572,254,2
707572,255,82068
7075B1,11,10
7075B1,255,240
707671,255,99
70786A,11,9
70786A,255,294
7078F1,255,258
707987,254,16
7079A5,254,20
7079A5,255,181
707ACF,255,117
707AE5,255,76
707BB2,255,116
707CA5,255,88
707CAC,255,144
707CB2,255,308
707D22,11,7
707D22,255,489
707DFD,255,119
707E6A,255,296
707E76,254,24
707E8D,255,400
707EBF,255,121
707EC6,255,256
70807C,255,132
708080,255,117
7080ED,255,128
708219,11,7
708219,255,337
708578,11,29
708578,255,218
7086F6,255,542
708786,11,5
708786,255,213
7088BE,255,134
7089C4,255,125
708A8C,11,4
708A8C,255,185
708AA5,11,15
708AA5,255,202
708AC3,11,7
708AC3,255,185
708B7C,255,93
708DF3,255,63
708E74,255,116
708EAC,255,117
708FAC,11,25
708FAC,255,144
708FCD,254,24
7090E7,255,111
709192,255,77
7091EB,11,8
7091EB,255,85
7091ED,255,81
70926A,255,109
709286,255,133
7092B7,254,27
7092B8,255,115
709382,254,38
709394,255,70
7093A5,255,196
7094B0,255,188
709564,255,101
709758,11,20
709758,255,149
7097B2,11,20
7097B2,255,213
709869,255,106
709873,254,18
709878,255,184
7098EF,254,16
7099EE,255,319
709A6C,11,7
709A6C,255,92
709BF3,255,167
709BFE,255,137
709CD3,255,136
709E60,11,15
709E60,255,288
709E65,255,94
709F1B,11,18
709F1B,255,158
70A091,255,152
70A0B5,254,28
70A0B8,255,110
70A0D2,255,104
70A169,254,12
70A17A,11,13
70A17A,255,157
70A3F1,11,5
70A3F1,255,92
70A487,11,9
70A487,255,113
70A5A0,254,17
70A5B3,254,39
70A799,255,110
70A7D4,255,232
70A86D,255,77
70A87B,254,18
70A8AB,254,21
70A985,255,278
70AB09,255,287
70AB71,254,29
70ABE6,255,166
70AC66,11,13
70AC66,255,93
70AC93,254,29
70ADE0,254,25
70B19B,254,31
70B1FA,255,94
70B3AA,11,21
70B3AA,255,227
70B3D0,255,124
70B473,254,23
70B5FB,254,21
70B687,11,5
70B687,255,93
70B9E2,255,123
70BA65,255,99
70BA82,255,136
70BA8F,255,98
70BAC8,255,149
70BB8D,255,148
70BBBA,255,102
70BC96,11,17
70BC96,255,79
70BCA2,255,188
70BDFC,254,36
70BFDE,255,150
70C1F5,254,35
70C2D3,254,26
70C3A2,11,11
70C3A2,255,266
70C4C5,254,2
70C4C5,255,361
70C4F3,11,22
70C4F3,255,94
70C562,255,135
70C646,255,249
70C6B4,255,111
70C6B8,254,40
70CA7A,255,158
70CC81,11,18
70CC81,255,402
70CCC5,11,20
70CCC5,255,89
70CD8E,255,137
70CEDF,255,230
70CEE0,11,10
70CEE0,255,264
70CF74,254,35
70D0CF,255,124
70D16A,11,15
70D16A,255,107
70D16F,255,95
70D1F7,255,121
70D4BF,254,22
70D4BF,255,118
70D7AA,255,127
70D885,11,3
70D885,255,216
70D8D3,11,2
70D8D3,255,106
70D8FA,255,118
70DA92,254,20
70DAE6,11,34
70DAE6,255,239
70DAF3,11,5
70DAF3,255,389
70DBFC,254,28
70DC65,11,8
70DC65,255,89
70DD93,255,142
70DD9A,11,37
70DD9A,255,223
70DDDC,255,93
70DF64,255,130
70DF65,255,24
70DFBB,255,100
70DFCE,255,199
70E0BF,255,81
70E12C,11,8
70E12C,255,345
70E28D,255,256
70E293,11,1
70E293,255,209
70E2A5,255,113
70E2AD,254,23
70E309,11,16
70E309,255,238
70E576,255,132
70E59C,11,5
70E59C,255,325
70E5B8,255,201
70E5CF,255,111
70E5F9,255,172
70E68F,254,17
70E6F0,254,32
70E8A5,255,72
70E8AB,254,21
70E964,255,199
70E983,254,29
70ECAC,11,9
70ECAC,255,99
70ECB9,11,11
70ECB9,255,237
70ECE5,254,28
70EF65,11,13
70EF65,255,79
70EFF1,255,518
70F0E8,255,128
70F1C2,254,30
70F2BD,11,6
70F2BD,255,472
70F46A,11,17
70F46A,255,130
70F485,255,358
70F491,254,23
70F5C2,255,285
70F68F,254,22
70F7DA,254,21
70F8B7,254,29
70F91B,11,2
70F91B,255,254
70F9FD,254,12
70FA80,255,92
70FA9E,11,14
70FA9E,255,123
70FB8B,255,178
70FBA2,255,341
70FCD3,254,24
70FCDD,255,261
70FD78,255,90
70FEE4,255,236
710486,11,3
710486,255,430
7105AB,11,28
7105AB,255,217
71073C,11,17
71073C,255,347
71097D,11,8
71097D,255,129
710988,11,34
710988,255,238
710B14,255,219
710B15,11,20
710B15,255,344
710DED,11,8
710DED,255,237
7110D0,11,8
7110D0,255,355
711377,11,7
711377,255,429
7113A7,11,46
7113A7,255,545
7118DA,255,116
711EA9,254,23
712093,11,17
712093,255,118
712296,254,35
71247A,255,122
712785,255,215
7127B2,255,175
71324A,255,295
71324B,11,18
71324B,255,190
7136E0,255,120
713A55,11,12
713A55,255,292
713DE9,255,162
713E33,11,18
713E33,255,241
713E9B,11,7
713E9B,255,213
71417E,254,14
714466,11,6
714466,255,103
7149E1,11,6
7149E1,255,167
714AFC,254,14
714C6E,255,116
714D93,255,88
714EDA,11,11
714EDA,255,272
714FA7,11,6
714FA7,255,160
7150C0,255,373
7150D9,255,134
7153AE,255,169
7154F3,255,118
7156BC,255,99
7156C4,255,124
715882,255,191
7159C4,255,101
715A58,11,7
715A58,255,173
715AEC,255,560
7161F9,1,1
7161F9,11,20
7161F9,255,203
7162F6,11,13
7162F6,255,196
716465,11,11
716465,255,131
71646F,255,127
7164AC,11,8
7164AC,255,76
7164C1,255,113
7164CE,11,25
7164CE,255,222
7164F7,255,81
716574,255,186
7165D2,255,196
7166DA,11,35
7166DA,255,352
71677D,255,109
71679A,255,145
7167AB,11,9
7167AB,255,363
716A12,11,3
716A12,255,448
716B7F,255,70
716B8B,254,34
716BB9,254,42
716BBA,254,23
716BF4,255,117
716C93,11,16
716C93,255,352
716DFE,254,12
716F96,11,10
716F96,255,163
717128,11,11
717128,255,365
717185,255,111
7171A5,255,108
7171AF,255,119
7171DA,255,84
717278,255,100
71727C,255,179
7172B7,254,25
71736B,255,165
71739A,255,137
7173E5,255,130
717480,11,6
717480,255,135
71765A,11,17
71765A,255,290
7176A6,11,14
7176A6,255,159
7176CB,254,7
7177AB,11,7
7177AB,255,117
7177C6,254,27
7177F5,255,382
7177FA,255,103
71789A,255,292
71789C,255,109
71789E,254,1
71789E,255,169
71797F,255,141
7179AF,254,20
7179BF,255,156
7179D2,11,53
7179D2,255,475
717AA7,255,105
717B2A,255,318
717B76,11,13
717B76,255,260
717E68,255,110
71817F,255,288
7182E2,255,109
7182F4,255,429
7184DC,11,2
7184DC,255,338
718782,255,120
7188F9,255,132
71894B,11,21
71894B,255,365
7189DD,255,264
718A73,254,31
718BAE,254,20
718BFE,11,2
718BFE,255,153
718CE3,255,100
718E86,254,30
718E9B,11,7
718E9B,255,144
718EB9,255,149
718F7F,255,65
718FB5,255,250
718FB6,11,15
718FB6,255,282
719224,11,54
719224,255,629
71926D,255,246
7192D6,255,161
7193A1,11,5
7193A1,255,152
7193C0,255,170
7193ED,255,210
719485,255,98
719873,254,10
71989E,254,9
7198A3,2,1
7198A3,11,8
7198A3,255,108
7198DF,255,97
71999A,254,27
719C78,254,27
719D45,11,15
719D45,255,338
719DA8,255,81
719DFB,255,102
719FEF,254,30
71A1FA,254,22
71A3F2,11,2
71A3F2,255,354
71A66C,255,212
71A6E1,255,350
71A779,11,2
71A779,255,156
71A77A,255,449
71A7D6,255,279
71A89E,255,396
71A92A,11,20
71A92A,255,410
71A9EA,254,26
71AAD3,254,18
71ABE4,255,127
71AD85,254,30
71AE75,255,129
71AEE0,255,137
71AF8F,255,176
71B0B9,255,135
71B28B,255,313
71B391,255,100
71B3AE,255,81
71B485,255,50
71B4B9,254,31
71B4DD,254,19
71B575,254,32
71B57C,255,144
71B585,255,111
71B5B7,0,1
71B5B7,11,22
71B5B7,255,146
71B864,255,101
71B978,254,31
71B9B4,254,29
71BBEF,11,5
71BBEF,255,207
71BCB3,254,24
71BD71,254,12
71BD7C,254,26
71BD98,11,19
71BD98,255,231
71BDB8,255,336
71BDCB,254,27
71BF7E,255,157
71BFC0,254,31
71C050,255,504
71C051,11,49
71C051,255,587
71C0B6,255,114
71C0D4,255,89
71C0FE,254,28
71C16F,11,11
71C16F,255,130
71C18D,11,5
71C18D,255,165
71C19D,255,75
71C3E4,254,21
71C4EF,255,87
71C5D7,255,89
71C5DA,254,32
71C5F5,254,18
71C679,254,23
71C7A0,2,1
71C7A0,11,13
71C7A0,255,54
71C8F1,255,116
71C998,255,111
71CB83,254,2
71CB83,255,162
71CEDE,255,238
71CFAD,254,14
71D0DC,254,21
71D199,255,378
71D379,255,358
71D3AB,11,4
71D3AB,255,416
71D3D3,255,138
71D66F,254,14
71D66F,255,135
71D7E7,11,14
71D7E7,255,89
71D880,255,179
71D886,255,112
71D8FC,11,27
71D8FC,255,190
71D98A,254,18
71DBA7,254,27
71DBB1,255,109
71DC75,11,11
71DC75,255,67
71DCA7,255,352
71DDCF,254,31
71DDD3,254,18
71DF04,255,262
71DF6E,255,99
71E0B0,255,160
71E1A1,255,267
71E29E,254,23
71E2BC,255,93
71E2D7,11,5
71E2D7,255,67
71E2EE,255,91
71E373,254,14
71E4D7,255,156
71E589,255,114
71E7A2,254,35
71E7C3,255,323
71E7D9,254,34
71E8A2,254,21
71E8CF,2,1
71E8CF,11,9
71E8CF,255,113
71EA8D,254,42
71EAEB,255,81
71EB7A,255,188
71EBC9,11,1
71EBC9,255,306
71EBCD,254,27
71ECDA,254,24
71ED93,11,11
71ED93,255,143
71EDBE,254,29
71EDDD,255,55
71EE65,254,24
71EEC8,11,22
71EEC8,255,228
71EFBF,255,149
71EFD5,254,26
71F079,255,118
71F0E5,255,106
71F1D7,255,144
71F2A3,11,6
71F2A3,255,135
71F2B4,255,85
71F3B7,255,121
71F3BB,254,20
71F4BD,255,121
71F66B,254,28
71F76B,254,31
71F792,255,123
71F7AC,255,131
71F8AA,11,1
71F8AA,255,77
71F8BF,255,81
71F990,254,25
71FACE,254,20
71FAFB,255,103
71FBEF,11,8
71FBEF,255,71
71FE54,255,314
71FECC,255,73
71FEE8,255,127
7203D6,255,89
7209F2,255,114
720ADF,11,26
720ADF,255,380
721083,11,9
721083,255,306
721251,255,233
721309,11,1
721309,255,279
72159B,255,133
7217A7,255,121
721924,11,7
721924,255,448
721BAE,255,75
7223E0,11,42
7223E0,255,655
722444,255,298
7226F7,11,5
7226F7,255,340
72279F,11,18
72279F,255,96
7227C5,255,117
72294F,11,33
72294F,255,247
722DDC,255,500
7233E8,255,374
723685,11,7
723685,255,109
72369A,255,133
723939,255,378
723956,255,66
723DC2,255,269
723E64,254,11
724040,255,367
7245F1,11,20
7245F1,255,260
724EE5,255,281
724FC4,255,171
725303,11,5
725303,255,424
7254D0,255,102
725C3B,255,382
725C95,255,536
725D21,255,158
725F98,11,14
725F98,255,272
72629C,11,5
72629C,255,108
72648F,254,20
72649E,255,112
7264DC,255,289
7266AC,255,167
72676A,255,207
726774,255,85
7267A9,255,269
7269B9,11,4
7269B9,255,135
726AA1,254,15
726C6C,254,25
726CC7,255,97
726DF2,255,143
726E6F,255,101
726E97,255,99
726EC6,255,67
726F6D,11,5
726F6D,255,630
72708B,255,151
7270AC,254,31
7270C6,255,129
7270DC,255,124
727176,11,17
727176,255,106
7271FB,255,132
7272BC,11,1
7272BC,255,125
7273AB,254,27
7274E1,254,33
7275C8,11,3
7275C8,255,99
72768C,255,149
72768F,255,122
727778,255,242
727798,1,1
727798,11,18
727798,255,177
7277C7,11,21
7277C7,255,79
7277F6,255,312
727854,255,524
7278E2,255,163
727972,255,115
7279F7,254,30
727CC0,254,26
727EB4,255,104
727ED5,254,14
727FA8,255,74
727FDE,254,7
727FDE,255,152
727FDF,255,386
7283C5,254,17
728474,254,26
728479,255,105
728566,254,21
72858E,255,109
728596,254,21
728597,11,4
728597,255,74
728602,255,226
728AE9,255,110
728B7B,255,75
728EB3,255,477
728EB7,254,28
728EE1,254,17
7291A4,255,390
72927F,255,104
729382,255,275
729383,255,412
7293FE,255,110
7294BC,255,172
7297A6,11,11
7297A6,255,92
7297AE,11,28
7297AE,255,368
72987B,11,2
72987B,255,123
729886,255,122
7298E5,254,19
72996F,254,32
729A6F,11,38
729A6F,255,356
729A83,11,2
729A83,255,250
729A8A,255,280
729A90,255,88
729AB3,255,203
729ABD,255,86
729B7D,254,21
729C86,254,29
729DBC,255,317
729EEF,11,3
729EEF,255,111
72A032,255,478
72A087,255,139
72A1C5,254,21
72A29D,255,612
72A3AE,254,11
72A408,11,22
72A408,255,208
72A6A2,254,29
72A6D5,255,107
72A6DB,255,272
72A6E8,11,8
72A6E8,255,135
72A7CE,255,342
72A7E8,255,103
72A7E9,255,104
72A998,255,85
72A9CE,255,453
72AA0D,11,23
72AA0D,255,494
72AA93,255,96
72AB87,11,7
72AB87,255,82
72AB8A,255,483
72ABBB,255,103
72ABE9,255,82
72ACF5,255,82
72AD0F,255,379
72AD9E,254,27
72AFF4,255,124
72B06C,255,75
72B08C,255,147
72B0D6,11,19
72B0D6,255,153
72B29D,255,109
72B3A4,255,87
72B3C0,255,110
72B477,254,21
72B4AD,255,118
72B4D2,255,174
72B5F7,254,31
72B6B6,254,27
72B6CF,11,6
72B6CF,255,130
72BBB0,255,76
72BBB5,254,30
72BC68,254,18
72BDAA,254,23
72BEF3,254,9
72BF8A,255,122
72C0B2,254,20
72C17B,254,41
72C2F0,11,20
72C2F0,255,152
72C36E,11,14
72C36E,255,244
72C3CF,255,123
72C4D4,254,24
72C56D,255,102
72C687,255,86
72C68A,255,307
72C6A3,254,37
72C6AF,255,349
72C6B4,11,16
72C6B4,255,246
72C6F4,254,17
72C7FC,255,389
72C899,255,149
72C941,255,458
72CAC9,255,267
72CAD8,255,122
72CBC9,11,22
72CBC9,255,83
72CDD3,11,8
72CDD3,255,197
72CDD7,254,23
72CDE0,255,64
72CE73,255,102
72CE8C,255,130
72CEB0,254,25
72CF6F,255,135
72D09C,254,27
72D0B9,11,15
72D0B9,255,274
72D1D2,255,156
72D2CB,255,236
72D2E3,255,116
72D303,11,16
72D303,254,101
72D303,255,1
72D304,11,47
72D304,254,22024
72D306,255,355
72D5EB,255,166
72D672,255,432
72D6DF,254,22
72D6E1,254,24
72D787,255,320
72D8C2,255,119
72D952,11,2
72D952,255,289
72D98D,255,106
72DADE,255,391
72DB38,11,16
72DB38,255,464
72DDBB,255,289
72DE93,255,75
72DED9,255,101
72DFE3,254,27
72E0D8,255,212
72E1D6,254,27
72E2B8,255,134
72E2E7,11,20
72E2E7,255,141
72E2F9,11,1
72E2F9,255,207
72E46F,255,314
72E509,255,244
72E590,255,195
72E5AD,254,22
72E5BF,255,141
72E5EA,255,167
72E6E2,255,62
72E7A8,255,387
72E7B3,255,86
72E7C4,254,26
72E884,11,23
72E884,255,164
72E8C4,11,17
72E8C4,255,253
72E9C6,254,22
72EAF7,254,26
72EC6B,255,100
72ECB4,255,112
72EDB7,255,213
72EEA4,254,32
72EEC3,254,23
72EFD4,11,14
72EFD4,255,321
72F0B1,255,55
72F2D2,254,25
72F3F1,254,25
72F486,255,116
72F584,11,1
72F584,255,253
72F665,11,1
72F665,255,51
72F6E8,255,67
72F764,11,13
72F764,255,121
72F8D3,255,116
72F9A9,11,16
72F9A9,255,171
72FA6E,254,24
72FABB,255,119
72FC72,254,21
72FC75,254,33
72FDF2,255,90
72FED6,255,66
72FEED,254,18
72FFFE,11,24
72FFFE,255,305
730280,254,26
7303BA,11,3
7303BA,255,111
7303D5,255,124
7307A6,255,158
73088E,255,187
730C9F,11,8
730C9F,255,221
730E5D,255,345
730EA8,255,296
730F6D,11,8
730F6D,255,283
7311D5,11,29
7311D5,255,322
7312B3,255,139
73157B,255,248
731BA8,255,109
731CE0,11,13
731CE0,255,453
731CEA,255,198
731EB4,255,235
73210A,11,10
73210A,255,108
73242D,255,371
732584,254,20
7326C1,11,1
7326C1,255,236
732AED,255,153
732B44,255,539
732CE0,255,125
732E00,11,6
732E00,255,255
733171,254,23
7334D4,11,11
7334D4,255,150
7334D5,255,350
7338B8,255,124
733911,255,279
733CCF,254,17
733FCF,255,103
7341D3,254,24
734378,11,17
734378,255,421
7345A3,11,1
7345A3,255,399
734E47,255,79
734E9F,255,165
7357DD,255,265
7359E7,255,106
735AA0,11,2
735AA0,255,509
735CC8,255,299
736047,11,32
736047,255,496
736225,11,2
736225,255,248
736387,11,8
736387,255,589
736397,0,1
736397,11,5
736397,255,326
736429,11,1
736429,255,424
7364A2,255,156
7364BD,255,135
7364BF,255,120
736557,11,19
736557,255,181
736558,255,356
736566,255,106
73659D,254,26
7366AF,254,13
7367F5,254,19
7369C2,11,17
7369C2,255,279
7369EA,11,11
7369EA,255,195
736A68,255,134
736A7C,255,153
736BE0,255,75
736BEA,11,22
736BEA,255,249
736BF4,255,99
736CF8,254,21
736DAD,255,78
736E7E,255,277
736E83,254,32
736E87,255,122
736E92,255,132
736EA1,255,63
736EEE,11,10
736EEE,254,4
736EEE,255,99
736EFD,255,110
736F6D,255,155
736F81,254,25
736F96,254,17
737080,11,11
737080,255,449
7370D8,254,28
737275,255,116
7372C5,254,44
7372DB,254,30
73756F,255,117
7375B8,255,63
7375EB,255,128
7376F2,254,2
737B97,255,121
737BDA,254,25
737C91,255,288
737CDA,254,23
737DF1,255,93
737E84,255,212
738090,255,433
73818D,255,107
7381E7,255,82
73837A,255,133
7384CB,255,169
7384DC,255,248
7384F3,11,9
7384F3,255,216
7385BA,255,242
738689,254,2
738689,255,151
7386E9,11,30
7386E9,255,187
738791,254,26
738869,255,107
7388F1,11,7
7388F1,255,105
7389C8,255,117
738C8C,255,91
738CC4,255,133
738CFC,254,31
738DED,255,74
7390AB,11,6
7390AB,255,98
7390E3,255,113
7390E6,254,27
739180,255,119
7391F8,255,147
7392BC,254,28
739576,255,154
7395BB,11,20
7395BB,255,232
739695,254,17
73988D,255,119
73996C,255,139
73996E,255,167
739A7A,254,14
739AD1,254,39
739B67,255,135
739BAD,255,65
739C65,255,110
739CBC,254,35
739D20,255,145
739E9A,255,226
739EA1,255,91
739F6B,11,5
739F6B,254,2147
739F75,255,286
739FB9,255,71
73A0A2,1,1
73A0A2,11,44
73A0A2,255,516
73A0C5,11,1
73A0C5,255,192
73A0EB,255,155
73A0F0,255,76
73A1A1,254,30
73A1B1,254,33
73A1B2,11,5
73A1B2,255,101
73A1ED,255,168
73A256,11,15
73A256,255,286
73A2E5,255,79
73A2EA,254,28
73A348,255,350
73A367,254,27
73A38B,254,35
73A3A2,255,85
73A3A8,11,18
73A3A8,255,96
73A3BF,254,39
73A575,255,102
73A5C4,255,95
73A77F,255,79
73A7C9,11,5
73A7C9,255,352
73A8D9,255,108
73A8E7,255,224
73A97E,255,58
73A9B8,254,22
73AFFB,255,122
73B196,11,19
73B196,255,108
73B1EB,255,179
73B28E,255,211
73B47E,11,18
73B47E,255,246
73B4CC,255,772
73B4DC,255,101
73B5BD,255,65
73B68B,255,124
73B6C3,11,7
73B6C3,255,94
73B8AC,255,406
73B8F9,255,87
73B9D2,255,132
73B9D6,255,62
73BC93,254,24
73BD7D,255,122
73BE71,255,225
73BEAB,255,71
73BEB1,11,14
73BEB1,255,263
73BED2,11,11
73BED2,255,98
73BF8C,0,1
73BF8C,11,10
73BF8C,255,293
73C089,11,8
73C089,255,41
73C0A1,255,139
73C0FE,255,178
73C28D,255,311
73C3A2,255,231
73C3D1,11,4
73C3D1,255,123
73C3D3,255,508
73C3E8,255,67
73C5F2,11,10
73C5F2,255,139
73C7BE,255,115
73C8E4,255,129
73C99F,255,122
73CBC6,254,22
73CDE2,254,28
73CDED,254,33
73CF6C,254,28
73D08C,255,99
73D0F1,255,102
73D26A,11,9
73D26A,255,92
73D32E,255,206
73D3A5,255,138
73D49E,11,21
73D49E,255,83
73D67D,254,20
73D6FA,255,104
73D7A2,255,162
73D870,11,2
73D870,255,248
73D9FE,255,103
73DABE,255,131
73DB6A,11,5
73DB6A,255,121
73DD89,254,21
73DE87,255,129
73DEB4,255,113
73DEFC,255,94
73E0A4,255,383
73E1AE,255,152
73E2D3,11,9
73E2D3,255,58
73E382,255,139
73E399,255,134
73E3B9,254,33
73E3F3,1,1
73E3F3,11,18
73E3F3,255,54
73E4A6,254,23
73E4C9,254,36
73E580,254,26
73E5D3,11,11
73E5D3,255,212
73E7AC,255,160
73E890,254,30
73E8E5,255,127
73E9A7,11,25
73E9A7,255,254
73E9E4,255,248
73EA82,254,1
73EA82,255,105
73EA83,255,274
73EACA,11,3
73EACA,255,85
73EBCB,254,19
73EBEF,254,23
73ECBD,255,136
73ED66,255,85
73ED7F,255,341
73EF69,11,1
73EF69,255,132
73EFDF,255,131
73F073,255,139
73F097,255,66
73F1C8,254,18
73F1C8,255,153
73F1F0,255,101
73F3E3,255,84
73F4EE,255,249
73F62D,255,258
73F67C,255,400
73F694,255,173
73F7E8,11,13
73F7E8,255,116
73F9ED,255,209
73FCBB,255,190
73FD59,255,474
73FE98,11,9
73FE98,255,168
73FECA,254,4
73FECA,255,255
73FF4F,255,310
7400D7,11,18
7400D7,255,322
740188,2,1
740188,11,24
740188,254,3
740188,255,166
740189,255,315
740546,255,522
740EDD,11,1
740EDD,255,139
74139F,254,35
74157A,255,84
7416E6,255,157
741ABA,254,23
741DA4,11,16
741DA4,255,395
741F5D,11,10
741F5D,255,468
7423B1,255,118
7426C4,255,146
7429F6,254,24
743151,0,6
743151,1,12
743151,11,7104
743151,254,2
743151,255,408611
743678,255,82
743967,255,262
743FD2,11,2
743FD2,255,1622
7440B8,254,25
7444AB,255,357
744903,255,406
744938,11,36
744938,255,473
744DEF,11,12
744DEF,255,175
744E27,255,328
744E67,254,38
744F3C,255,278
744F87,254,28
745684,255,272
7457BB,11,16
7457BB,255,138
745B2C,11,22
745B2C,255,244
745B9A,254,32
7467E3,254,29
7468C1,255,92
7468FF,0,1
7468FF,11,7
7468FF,255,386
7469C6,11,24
7469C6,255,274
7469E0,255,99
746A99,11,2
746A99,255,182
746AA6,254,18
746B65,11,6
746B65,255,71
746BA2,255,115
746BD4,255,169
746C9F,255,106
746DB0,255,126
746DBB,255,93
746E75,254,27
746F70,255,342
74701B,255,512
74716A,254,23
74718A,254,27
7474E4,255,107
7475DC,255,119
74776D,254,29
7478D2,11,19
7478D2,255,69
74797A,255,172
7479B2,11,1
7479B2,255,210
7479DF,255,108
7479E2,255,63
747A69,254,18
747AEB,255,90
747BB4,254,33
747C12,11,10
747C12,255,296
747C5D,255,98
747C9C,255,106
747DBC,254,32
747E90,11,9
747E90,255,165
747F7F,254,23
747F81,255,129
747FCD,255,121
7480BC,11,15
7480BC,255,104
74819D,254,25
7481CD,255,162
748282,254,34
7482A9,255,140
748399,11,25
748399,255,159
74866C,11,3
74866C,255,280
748775,11,3
748775,255,87
748779,255,67
74879F,254,25
7489E1,255,118
748ABE,255,133
748AD8,11,4
748AD8,255,109
748AF9,255,128
748B9B,254,35
748C40,255,422
748DDC,255,74
748DEE,254,25
748EC0,255,297
7490BC,254,1
7490BC,255,187
74935E,2,1
74935E,11,21
74935E,255,225
7494BD,255,201
7494EF,254,33
7494FC,255,167
7495A6,254,28
7495C9,11,4
7495C9,255,224
7498B5,255,120
7498EA,0,1
7498EA,11,5
7498EA,255,148
749987,255,275
749A6C,255,117
749AAB,255,399
749BE2,11,2
749BE2,255,109
749CDF,11,10
749CDF,255,88
749D7C,11,4
749D7C,255,142
749DD2,11,1
749DD2,255,109
749E9E,254,24
749EC5,11,9
749EC5,255,648
74A087,255,111
74A096,255,111
74A0C4,254,20
74A0EE,255,110
74A1E9,11,4
74A1E9,255,145
74A2FC,255,59
74A3DB,255,124
74A478,255,124
74A4B1,11,11
74A4B1,255,229
74A5EA,255,226
74A6DB,254,19
74A6EF,11,15
74A6EF,255,91
74A881,255,285
74AB89,255,176
74ACB9,11,22
74ACB9,255,262
74AD88,2,1
74AD88,11,28
74AD88,255,212
74ADCB,11,11
74ADCB,255,151
74AEB5,255,156
74AFEF,255,367
74B0C0,254,18
74B193,255,80
74B27A,255,104
74B2F6,254,31
74B3C4,255,190
74B3EC,255,95
74B488,254,31
74B4C1,254,21
74B4E1,11,11
74B4E1,255,245
74B58C,254,32
74B685,254,28
74B6D1,255,87
74B6F9,255,620
74B7C1,254,35
74B893,255,103
74B897,255,340
74BAE2,255,118
74BD84,11,3
74BD84,255,108
74BDC4,254,20
74BECE,255,130
74BFCE,255,116
74BFD5,11,29
74BFD5,255,277
74C26E,255,71
74C2CA,255,173
74C2DF,254,15
74C385,255,70
74C3C0,11,13
74C3C0,255,93
74C3C1,11,33
74C3C1,255,250
74C3D5,254,24
74C4AC,255,91
74C4DA,254,29
74C4F1,11,1
74C4F1,255,121
74C5DA,254,20
74C685,11,15
74C685,255,118
74C6D4,254,22
74C989,255,388
74C9DF,255,228
74C9EA,255,250
74CACC,254,1
74CACC,255,129
74CAD1,254,5
74CAD4,255,124
74CAF2,255,106
74CB80,255,461
74CC77,254,29
74CCB7,11,25
74CCB7,255,744
74CF86,11,19
74CF86,255,353
74D053,255,287
74D0E2,255,188
74D0FD,255,112
74D2E7,255,115
74D2F4,11,3
74D2F4,255,52
74D397,255,159
74D3D7,254,17
74D6A4,255,112
74D776,255,106
74D78D,255,137
74D898,11,9
74D898,255,103
74D8DB,11,1
74D8DB,255,753
74D8FE,254,34
74D97A,254,28
74D994,255,192
74D9EF,254,33
74DB8F,255,106
74DCD1,255,480
74DD93,255,143
74DDD9,255,118
74DE7B,254,10
74DF12,11,9
74DF12,255,385
74E0B4,255,101
74E165,11,1
74E165,255,377
74E1A3,254,32
74E3B8,254,15
74E4A7,255,305
74E4AA,255,177
74E4DE,254,16
74E593,255,168
74E66E,11,17
74E66E,255,126
74E6A9,255,130
74EAAE,11,17
74EAAE,255,133
74EB86,255,348
74EC61,11,10
74EC61,255,331
74ECD8,255,139
74EDEF,255,233
74EEAE,255,69
74EF89,11,3
74EF89,255,142
74EF8B,254,18
74EFF2,11,18
74EFF2,255,35
74F0C7,255,566
74F2CC,255,130
74F470,255,146
74F4C0,255,128
74F56F,254,27
74F57E,255,141
74F58A,255,126
74F5EA,255,145
74F9BD,11,3
74F9BD,255,177
74FA94,255,140
74FBBA,254,20
74FEC1,255,170
74FEC5,255,67
7501F7,255,98
7505BF,11,6
7505BF,255,147
750877,255,202
7508B7,11,17
7508B7,255,184
7508CB,255,240
750C07,255,806
750DD0,11,29
750DD0,255,298
750F1E,255,561
751015,11,37
751015,255,308
751016,11,13
751016,255,332
75124E,11,14
75124E,255,333
75144E,11,74
75144E,255,674
751E97,11,23
751E97,255,233
7520E4,11,7
7520E4,255,258
75216B,11,7
75216B,255,243
752329,11,5
752329,255,164
75232A,11,10
75232A,255,288
752383,255,454
7525B3,255,104
75289E,255,381
7529EA,11,11
7529EA,255,178
752A97,255,132
752EEE,11,11
752EEE,255,108
753100,255,272
7534F6,255,170
753549,11,14
753549,255,296
7536BF,255,149
753A95,255,126
753C6E,11,4
753C6E,255,316
753CC4,11,4
753CC4,255,130
753F88,11,3
753F88,255,327
7540D2,11,13
7540D2,255,224
754119,255,307
75436D,254,22
75437F,11,12
75437F,255,651
754544,255,252
75476B,255,282
7547FB,255,127
754AD2,255,227
754F7F,254,12
755579,255,286
7555BA,255,113
7555D0,255,286
755783,255,225
7559E4,255,81
755C3C,255,535
75648C,255,340
756592,255,84
7566A9,255,52
7566D4,11,40
7566D4,255,532
756778,254,22
7567E1,11,16
7567E1,255,98
7569BC,254,34
756AAE,255,131
756BDE,255,99
756BF2,11,17
756BF2,255,120
756D9E,255,286
756DB7,11,16
756DB7,254,29
756DB7,255,91
756ED3,255,161
756F92,255,368
756FC5,255,176
7570AE,11,16
7570AE,255,98
75718F,11,5
75718F,255,111
7571E0,1,1
7571E0,11,9
7571E0,255,163
7572CA,255,179
7575B1,254,19
757678,11,1
757678,255,81
7576AC,11,5
7576AC,255,401
7576EC,254,23
757797,11,19
757797,255,205
7577C9,255,120
7577DA,11,16
7577DA,255,284
757965,255,301
757A86,255,116
757ACF,255,152
757C6E,11,11
757C6E,255,105
757CB6,254,14
757DE0,255,98
757EAA,1,1
757EAA,11,4
757EAA,255,70
757EF8,255,96
757F66,254,13
757FFE,255,152
75819E,255,153
7581AF,254,41
7581BE,254,25
7582A8,254,26
7585DB,255,170
7586AF,11,7
7586AF,255,326
7586E2,255,68
7586E8,255,112
7587C9,255,457
75889F,255,70
7589E8,255,122
7589EE,255,126
758A29,255,426
758AC2,255,244
758BAA,254,21
758BB9,255,100
758BCB,254,26
758CE3,11,2
758CE3,255,117
758CFA,254,22
758D88,255,72
758DB4,255,113
758EBC,254,29
758F8F,11,13
758F8F,255,189
758FC6,255,91
7590D7,254,30
759378,254,31
7593B0,255,98
7593B3,254,21
759481,254,18
75966B,255,78
7598C5,255,134
759908,11,8
759908,255,541
759981,255,208
759A6E,11,12
759A6E,255,80
759C6F,255,120
759CAA,254,16
759CAA,255,51
759DA0,255,71
75A06A,255,179
75A07F,255,126
75A1AF,255,188
75A1CE,254,35
75A1D6,255,134
75A231,255,323
75A266,255,117
75A27C,255,241
75A2A6,11,3
75A2A6,255,96
75A36B,11,16
75A36B,255,119
75A3BC,11,9
75A3BC,255,189
75A472,255,97
75A4B8,255,120
75A581,254,1
75A581,255,85
75A59D,255,134
75A5EF,255,390
75A61F,11,5
75A61F,255,374
75A66D,255,94
75A6B4,255,94
75A788,255,292
75A7AE,255,92
75A7FD,254,34
75A8AF,255,101
75A989,255,118
75AA07,255,253
75AAB0,254,31
75AB6F,255,82
75AB9E,254,27
75ABC5,255,103
75AC5E,11,1
75AC5E,255,498
75ADAC,254,33
75AE43,11,29
75AE43,255,263
75AF94,255,119
75B0D4,255,134
75B0D5,255,84
75B0E2,255,111
75B178,255,86
75B1E5,255,122
75B22C,255,232
75B466,255,88
75B4B0,255,272
75B656,255,240
75B6B8,254,24
75B8D8,254,14
75BBFC,254,8
75BC6A,254,25
75BCCE,255,91
75BDAF,254,27
75BDEB,254,29
75BE85,254,32
75BED5,254,18
75BFAD,255,102
75C03B,11,2
75C03B,255,466
75C3A8,255,85
75C47D,254,40
75C566,255,81
75C5D7,254,11
75C6DC,255,334
75C7CD,254,12
75C7DA,255,153
75C890,11,7
75C890,255,90
75CAB0,255,151
75CBD5,255,100
75CC79,11,11
75CC79,255,149
75CCE7,11,19
75CCE7,255,106
75CEA4,255,276
75CEE6,11,13
75CEE6,255,91
75D0A5,254,22
75D1CD,255,129
75D4B2,255,106
75D4E6,11,11
75D4E6,255,551
75D519,11,12
75D519,255,257
75D5F7,11,1
75D5F7,255,144
75D68A,255,139
75D7C2,254,24
75D7EA,11,9
75D7EA,255,84
75D8DA,255,414
75DB91,255,115
75DBDC,254,20
75DC78,254,29
75DCF2,0,1
75DCF2,11,5
75DCF2,255,92
75DD80,255,130
75DEE5,255,78
75DEEB,2,1
75DEEB,11,17
75DEEB,255,64
75DF65,11,2
75DF65,255,197
75DFA9,11,17
75DFA9,255,218
75DFC3,11,56
75DFC3,255,581
75E184,11,15
75E184,255,246
75E1E3,255,124
75E1FB,254,21
75E2AA,254,13
75E2C7,254,25
75E39F,255,155
75E5F4,255,129
75E6C4,255,101
75E8BD,254,27
75E98F,254,32
75EB86,254,25
75EDE9,254,23
75EE77,255,175
75EE7A,11,14
75EE7A,255,190
75EF35,11,5
75EF35,255,404
75EFBD,255,454
75EFEA,255,134
75F00D,255,267
75F181,11,18
75F181,255,297
75F1F4,255,174
75F3C0,255,95
75F4A6,255,115
75F4FB,255,117
75F5CD,255,217
75F665,255,191
75F691,11,10
75F691,255,262
75F6A5,254,18
75F71A,255,256
75F9B5,255,95
75FA86,254,30
75FAC4,255,110
75FBA2,255,89
75FCD1,11,5
75FCD1,255,88
75FDA8,255,61
7605C2,255,150
7608D3,255,229
760A85,255,97
760C6E,254,34
760CD3,11,7
760CD3,255,381
76127E,255,109
7617A7,255,124
76188A,11,31
76188A,255,241
761D84,254,32
762144,255,476
762196,255,124
7621D8,254,17
76222D,255,320
7626BA,254,34
7627E3,254,24
762E75,255,296
762E79,255,85
7631F4,255,651
7635B9,11,12
7635B9,255,187
763A1E,255,504
763B33,255,165
763B34,255,385
76405A,255,234
764857,255,259
764BE4,255,244
764F16,11,1
764F16,255,387
7652A8,255,183
76559E,11,14
76559E,255,298
7655E2,255,261
7656C4,255,140
7659E4,11,5
7659E4,255,71
765CB1,255,431
765D80,255,258
766130,255,304
7663EB,255,58
766587,255,134
7665AB,11,5
7665AB,255,100
7666B9,0,1
7666B9,11,25
7666B9,255,815
7666BA,11,24
7666BA,255,463
76676C,255,186
76688C,254,17
7668F4,255,110
76699D,255,100
7669D7,254,22
766A98,255,185
766B78,254,29
766BFE,254,27
766C74,254,16
766CB1,255,683
766D73,254,36
766EAD,254,17
766F6D,11,8
766F6D,255,157
7672A9,255,233
7673C2,254,28
76740E,255,533
76749B,255,123
767577,254,22
7676A4,254,24
7676D7,11,3
7676D7,255,75
7678B1,255,234
767965,254,18
767976,255,111
7679B6,255,326
767AE7,254,15
767B6F,11,37
767B6F,255,244
767BB0,0,1
767BB0,11,5
767BB0,255,228
767C67,11,20
767C67,255,360
767C7D,11,11
767C7D,255,482
767C82,255,138
767E96,254,12
768164,254,19
7681E6,255,116
768396,255,173
7683E5,255,180
768460,254,871
768473,255,165
7684E4,255,62
7684EF,255,90
7685CC,255,241
7685DE,255,175
7685DF,255,133
768668,11,6
768668,255,82
7686C2,255,107
7686F4,255,162
768785,254,22
768794,255,277
7687B8,255,55
7687FE,255,143
76888B,255,362
7688D5,255,452
7688DF,11,13
7688DF,255,171
7688E2,254,39
768AB1,255,78
768DE8,255,172
768E72,11,15
768E72,255,57
7691E3,255,53
769280,11,23
769280,255,135
7692E2,254,24
76957E,255,58
7695C0,255,117
769778,254,27
76979A,255,273
76986E,11,16
76986E,255,242
769891,255,171
7698A0,255,115
769BD9,255,195
769E69,254,36
769FD9,254,26
76A066,255,130
76A094,255,126
76A0BE,255,358
76A2A9,254,34
76A3E9,254,23
76A467,255,84
76A5A3,255,147
76A5D3,255,166
76A5EB,254,19
76A692,255,297
76A6FB,11,15
76A6FB,255,109
76A894,255,148
76A92B,11,9
76A92B,255,305
76ABD9,254,13
76ABE4,255,139
76ACB1,255,149
76ADC8,255,190
76ADC9,255,356
76AEE1,254,29
76AEE9,255,233
76AF91,255,129
76AFC8,254,34
76B067,11,12
76B067,255,144
76B0D4,11,3
76B0D4,255,300
76B16B,255,119
76B224,11,27
76B224,255,351
76B2A1,11,2
76B2A1,255,245
76B2BE,255,121
76B2CB,254,35
76B391,255,167
76B3B4,254,21
76B4DF,255,194
76B68B,254,18
76B767,254,22
76B770,255,95
76B77C,255,121
76B7B4,255,183
76B7D7,255,81
76B7FB,255,396
76BA98,255,98
76BE86,255,118
76BFE5,255,143
76C0F3,255,158
76C1AD,254,29
76C398,255,101
76C3CF,254,20
76C599,11,2
76C599,255,163
76C5DD,255,147
76C66F,255,111
76C796,255,321
76C7A6,255,516
76C7BD,255,142
76C7D7,255,98
76C985,255,49
76C9C8,255,129
76CD4E,11,9
76CD4E,255,172
76CDC4,254,32
76CDEC,255,410
76CFB8,255,81
76D0AA,255,139
76D0B9,255,123
76D1C2,254,16
76D2E0,255,58
76D47B,11,7
76D47B,255,281
76D5BE,254,26
76D5C4,254,18
76D5D6,2,1
76D5D6,11,30
76D5D6,255,183
76D7E0,255,114
76D7FA,255,123
76D8F8,11,8
76D8F8,255,79
76DA86,255,297
76DB25,255,649
76DB7D,11,15
76DB7D,255,210
76DB9E,255,213
76DC6F,11,6
76DC6F,255,175
76DC94,255,106
76DCAA,255,121
76DD9A,255,70
76DFAE,11,2
76DFAE,255,196
76E0EC,255,88
76E1CA,11,16
76E1CA,255,161
76E2CF,254,3
76E2D0,254,23
76E47B,255,459
76E569,255,117
76E58E,254,36
76E5C6,254,16
76E6E9,255,133
76E6F3,255,109
76E78C,254,30
76E7B5,11,11
76E7B5,255,155
76E972,255,78
76E97A,11,12
76E97A,255,444
76E98B,254,14
76EAF0,255,81
76EB78,255,237
76EC93,255,109
76ED33,11,14
76ED33,255,297
76ED9B,254,31
76EE80,254,26
76EEC5,254,35
76F0A4,255,138
76F188,0,1
76F188,11,4
76F188,255,186
76F190,255,90
76F199,254,23
76F1A9,255,56
76F1B2,254,33
76F276,254,22
76F4EA,255,53
76F591,11,11
76F591,255,280
76F5EA,254,4
76F5EA,255,237
76F68A,255,102
76F6AF,255,346
76F6C5,255,122
76F7F2,11,7
76F7F2,255,171
76F8BB,254,26
76F964,11,14
76F964,255,108
76F97C,11,12
76F97C,255,214
76F980,255,274
76F998,255,15
76FBA8,255,100
76FCC5,255,117
76FCF9,254,31
76FDCA,254,23
76FDED,255,91
77001C,255,472
7705D4,255,267
7705F7,255,143
7707CA,11,6
7707CA,255,364
7708FA,255,120
770965,255,260
77099B,254,16
770A78,11,19
770A78,255,201
770AF5,255,218
770E75,255,258
770FE0,255,125
7712FA,0,1
7712FA,11,5
7712FA,255,348
77130C,11,24
77130C,255,179
7713E1,254,22
7719FA,11,7
7719FA,255,133
771B12,11,5
771B12,255,354
7729A5,11,13
7729A5,255,308
772B93,255,156
772BDF,255,404
772E86,255,203
772FB0,11,30
772FB0,255,317
7737A3,254,22
773A24,11,27
773A24,255,308
773A25,11,39
773A25,255,701
773BD4,255,397
773C55,11,32
773C55,255,840
773CE0,255,179
773DF9,255,365
773EC4,254,30
7744B4,11,31
7744B4,255,323
7744F9,11,17
7744F9,255,118
774B74,11,17
774B74,255,337
775069,254,38
7751B3,255,309
775318,255,237
775399,255,217
7757A7,255,249
775894,11,4
775894,255,423
7758EA,255,297
775BA0,255,188
775BD8,255,130
775D4C,255,339
775F9D,255,287
776181,11,10
776181,255,153
7761FE,255,96
776579,255,316
776799,255,141
77679A,255,191
7767B7,11,22
7767B7,255,277
77698B,255,356
776A79,11,7
776A79,255,68
776B71,255,144
776BEB,255,271
776BED,0,1
776BED,11,11
776BED,255,982
776C5E,11,12
776C5E,255,405
776CF8,255,181
776D95,255,100
776DDB,11,8
776DDB,255,143
776ECD,255,58
776F6E,254,17
776F72,255,241
776F7E,254,26
776FEE,255,143
7770D7,255,132
777114,255,268
7771F8,11,8
7771F8,255,153
7772F6,11,23
7772F6,255,135
77749B,254,20
7775B9,11,8
7775B9,255,461
7775D1,254,36
7775F4,255,220
777695,254,33
77769E,254,25
77776F,254,26
77778E,254,26
7777FE,254,15
777990,255,126
7779D4,255,160
777AB8,254,22
777BE2,11,19
777BE2,255,163
777BEA,254,27
777C30,11,17
777C30,255,246
777CA2,254,31
777E64,255,178
777EB8,11,42
777EB8,255,375
777ED8,254,24
7781E8,11,3
7781E8,255,118
778274,255,133
778287,255,131
778366,255,132
7783C7,255,134
7785A3,11,28
7785A3,255,405
7785C3,254,19
7786EA,11,17
7786EA,255,153
7787DB,255,158
778862,255,638
7788A7,255,87
7788EC,11,4
7788EC,255,139
778AA8,254,28
778BE1,254,22
778C2D,255,595
778D6C,254,22
778F9B,255,153
779167,255,113
7791CF,255,93
779368,254,24
7795F9,255,465
77976F,11,29
77976F,255,257
77977F,254,23
779796,11,6
779796,255,58
7797C3,11,12
7797C3,255,232
7798C7,255,123
779924,255,305
7799E2,11,12
7799E2,255,224
779BA6,255,121
779BD3,11,6
779BD3,255,463
779C93,255,116
779DC8,255,77
779F94,255,69
779FD8,254,14
779FEF,255,116
77A011,255,287
77A06B,254,23
77A0D8,254,19
77A1CA,255,260
77A269,255,139
77A2C9,11,10
77A2C9,255,125
77A498,254,30
77A5C7,255,149
77A5FB,11,16
77A5FB,255,171
77A6DB,254,22
77A7FB,254,24
77A898,11,33
77A898,255,175
77AAB9,255,122
77AAD4,255,428
77AAE2,254,29
77AB9D,254,20
77AFF6,11,10
77AFF6,255,217
77B07A,255,139
77B1D4,255,141
77B289,255,116
77B3A4,11,5
77B3A4,255,226
77B3D5,254,33
77B580,254,23
77B587,255,64
77B59C,11,17
77B59C,255,211
77B5B8,254,23
77B5D5,254,19
77B5FB,11,4
77B5FB,255,44
77B65D,11,23
77B65D,255,612
77B7BA,11,3
77B7BA,255,181
77B8E8,254,25
77B968,255,171
77B9F1,255,103
77BAA2,255,303
77BB69,255,313
77BBD4,254,33
77BCA1,255,137
77BCB6,255,111
77BCD1,254,7
77BCFB,255,107
77BD7F,255,126
77BDB9,255,134
77BE6A,254,19
77BF97,255,86
77BFCE,11,11
77BFCE,255,222
77C1B1,255,100
77C310,255,290
77C344,255,344
77C3BD,255,458
77C480,254,34
77C4F7,255,117
77C517,255,522
77C53C,255,215
77C5BA,11,31
77C5BA,255,291
77C5C0,255,161
77C7CA,255,136
77C9C3,254,33
77CA88,11,1
77CA88,255,52
77CAB1,255,305
77CAD7,255,417
77CAF8,11,2
77CAF8,255,191
77CBA5,255,356
77CCBE,255,100
77CCCE,255,217
77CEE7,255,118
77CF2E,255,431
77CF71,11,2
77CF71,255,133
77D0D6,11,4
77D0D6,255,96
77D17D,11,6
77D17D,255,52
77D198,255,103
77D28B,255,105
77D36F,255,164
77D3D1,254,2
77D3D1,255,123
77D3FA,255,81
77D405,255,504
77D6D1,254,28
77D6D9,255,122
77D9E6,11,7
77D9E6,255,139
77DA7D,255,144
77DB80,255,126
77DC66,255,109
77DCB8,11,19
77DCB8,255,292
77DFD8,255,100
77DFDD,255,137
77E071,255,75
77E073,255,146
77E0AA,255,92
77E2FC,255,225
77E32E,255,291
77E3EA,11,17
77E3EA,255,307
77E477,254,32
77E47C,255,130
77E4C2,255,84
77E695,254,22
77E6AE,11,19
77E6AE,255,176
77E766,255,114
77E767,255,188
77E785,254,20
77E7BB,255,96
77E8F6,254,24
77EAAE,255,142
77EAC1,255,126
77EAC2,254,19
77EAE9,255,110
77EBC5,255,99
77EBD4,255,132
77EC82,255,399
77EF87,255,92
77EFBD,255,156
77EFEB,254,23
77F0FA,254,27
77F187,255,56
77F19A,255,125
77F1A0,254,24
77F2CD,254,34
77F2E0,255,142
77F373,11,5
77F373,255,1387
77F3C2,2,1
77F3C2,11,21
77F3C2,255,166
77F4D6,254,24
77F69C,255,283
77F6B8,11,14
77F6B8,255,183
77F6D7,255,127
77F768,254,22
77F88A,255,175
77F8C2,254,37
77FAB6,254,22
77FB0E,11,10
77FB0E,255,218
77FC56,255,263
77FC7C,11,20
77FC7C,255,291
77FC9C,255,103
77FCD9,255,108
77FE84,254,23
77FEAF,255,85
77FEC2,255,97
780D21,255,220
780D22,255,448
780FDA,11,7
780FDA,255,283
781026,255,345
78111F,255,433
7811AA,255,252
781477,255,174
781994,11,34
781994,255,357
782384,255,144
7823DA,255,240
7827A5,255,115
782A80,254,22
782AC1,255,259
782BF1,255,216
782CFE,255,124
782EE1,255,146
782F7D,255,151
783245,11,36
783245,255,242
7836B8,255,120
7839B4,11,19
7839B4,255,170
783D25,0,1
783D25,11,8
783D25,255,167
783EEB,255,107
783F6B,255,87
78494A,255,271
7849A5,255,297
784EC2,255,153
784F4F,11,12
784F4F,255,323
7851F0,255,216
78552C,11,30
78552C,255,303
78558E,255,342
7855CD,255,243
785814,255,301
78599C,255,23
785B95,255,139
785C22,255,168
785CED,11,12
785CED,255,223
785DD0,255,88
785DF9,11,12
785DF9,255,305
785EC2,11,9
785EC2,255,232
786466,11,5
786466,255,228
786477,11,9
786477,255,447
786499,255,202
78649E,254,27
7864CF,11,23
7864CF,255,282
786706,255,415
78684C,255,317
7868A2,254,36
7868A4,255,172
7868A7,255,158
7868DA,255,106
78699E,255,132
7869CF,255,110
786AA2,255,88
786BD2,255,149
786CB4,254,35
786CD3,255,132
786CE1,254,22
786D99,255,88
786E89,11,1
786E89,255,79
786F95,255,123
7870A3,255,403
787168,255,115
787172,255,124
78718A,255,181
787289,255,157
7873D1,255,109
7873E2,255,267
7873ED,255,89
78746C,255,90
78758D,254,24
787686,254,30
7877B7,254,21
7877DB,254,31
787889,254,7
7878BC,255,139
7878F7,255,169
78797B,255,302
7879D7,255,128
7879E7,11,15
7879E7,255,131
787CA5,255,1087
787CC9,255,184
787CCE,255,106
787CE1,254,27
787E73,0,1
787E73,11,3
787E73,255,250
787E74,255,309
787EAC,254,26
787ED2,255,112
787FC4,11,19
787FC4,255,139
788068,255,127
7880EF,11,5
7880EF,255,112
788172,255,187
788386,255,120
7883A3,254,8
7883AD,11,9
7883AD,255,50
7884FE,11,7
7884FE,255,76
7885D8,255,327
7888C0,255,78
788970,255,147
7889F0,11,6
7889F0,255,116
788ADE,255,90
788B46,255,116
788BC5,255,94
788D76,254,20
788DD5,254,30
788E72,11,9
788E72,255,101
788E9F,255,136
788EA6,11,17
788EA6,255,289
788EAC,254,25
788F8B,254,31
788FAC,255,103
788FCD,254,26
78908A,255,73
7890AF,254,26
7890F3,254,28
7895DA,11,9
7895DA,255,213
78969B,255,588
7897A9,254,17
7897AF,255,164
7898A1,11,18
7898A1,255,190
7898C4,255,270
789972,255,181
7899F8,255,405
789AE5,255,354
789DEC,255,69
789EA6,254,26
789EF1,254,27
789F94,254,27
78A0CC,255,156
78A0D7,255,75
78A1F2,11,10
78A1F2,255,279
78A224,11,4
78A224,255,253
78A2A0,254,20
78A2B4,11,16
78A2B4,255,251
78A2CE,255,80
78A386,11,21
78A386,255,341
78A453,11,6
78A453,255,182
78A472,11,13
78A472,255,444
78A4F6,255,209
78A5AE,11,3
78A5AE,255,92
78A5D3,255,107
78A977,255,86
78A9D6,255,222
78A9F9,255,147
78AA80,255,116
78AACB,255,149
78AAE2,11,5
78AAE2,255,98
78AC86,254,18
78ADEB,255,88
78AFE3,11,16
78AFE3,255,207
78AFEB,11,22
78AFEB,255,153
78AFEC,254,28
78B198,255,201
78B375,11,6
78B375,255,90
78B37E,11,13
78B37E,255,86
78B3E1,255,104
78B477,255,114
78B4E2,255,161
78B4EE,255,120
78B67F,254,21
78B68F,11,1
78B68F,255,114
78B782,255,230
78B791,254,19
78B7A6,255,90
78B7E8,11,4
78B7E8,255,78
78B7FE,255,143
78B86D,255,90
78B8EF,254,25
78B919,11,11
78B919,255,404
78B97D,255,78
78B995,255,169
78B9E8,255,227
78BAD0,255,83
78BAD4,255,151
78BC91,255,132
78BDC9,11,10
78BDC9,255,131
78BDE1,255,106
78BEBA,255,169
78BEDA,0,4
78BEDA,11,64
78BEDA,254,31715
78BEDA,255,1
78BEE2,254,29
78BF64,254,27
78BF7D,255,161
78BFA8,255,62
78C06C,255,131
78C0B4,255,264
78C1CB,254,31
78C1F9,255,111
78C29B,255,45
78C29E,254,21
78C2CE,255,146
78C307,11,8
78C307,255,412
78C3F4,11,23
78C3F4,255,156
78C3F5,255,179
78C469,254,26
78C48C,254,28
78C4C5,254,26
78C5BE,255,124
78C680,254,25
78C681,255,134
78C6DB,254,26
78C6E9,255,197
78C864,254,20
78C965,255,121
78C989,255,73
78CABE,255,152
78CACC,11,10
78CACC,255,78
78CBFA,255,149
78CD91,255,143
78CDBF,255,198
78CF70,255,340
78CFA0,255,178
78D02F,255,353
78D285,11,26
78D285,255,147
78D2D4,11,18
78D2D4,255,211
78D480,255,134
78D4EE,255,105
78D4F8,254,29
78D5C9,254,14
78D67E,255,603
78D86F,11,12
78D86F,254,1
78D86F,255,98
78D8A1,11,17
78D8A1,255,76
78D8BD,11,10
78D8BD,255,62
78D8CE,255,183
78DABE,254,22
78DB9E,255,92
78DBBB,254,31
78DBCE,255,126
78DE99,11,1
78DE99,255,464
78E0E8,255,161
78E0ED,255,186
78E0EE,255,285
78E166,254,27
78E1D4,254,23
78E1EA,255,260
78E5B9,255,145
78E5F8,255,262
78E76F,11,12
78E76F,255,93
78E8BE,11,9
78E8BE,255,103
78E978,255,189
78E9FE,255,99
78EBB0,255,157
78ED74,254,22
78EDD0,255,104
78EE6A,11,8
78EE6A,255,120
78EE82,11,15
78EE82,255,79
78EEF5,255,80
78F070,255,114
78F09D,255,103
78F0F0,255,90
78F16F,254,15
78F182,11,6
78F182,255,112
78F1BC,255,269
78F270,255,125
78F2C4,254,18
78F2E4,255,86
78F335,11,31
78F335,255,193
78F392,255,121
78F399,254,20
78F3D8,255,122
78F3FC,11,3
78F3FC,255,199
78F4A8,254,25
78F4CC,255,126
78F56E,255,212
78F6B5,255,237
78F787,255,318
78F7AF,255,188
78F9A4,254,34
78FDFC,255,110
78FE6F,254,29
78FEF6,254,43
7901B5,255,69
7906BE,255,256
7909AE,255,138
790B5B,255,69
790C6F,11,13
790C6F,255,193
790DAC,255,259
790F51,11,20
790F51,255,272
790FD6,255,374
791131,255,375
791150,11,33
791150,255,277
7912C0,11,5
7912C0,255,392
79132C,255,383
791368,255,132
79189C,255,127
791AAF,255,128
791AB4,11,41
791AB4,255,341
791D9C,254,18
791F9F,11,10
791F9F,255,199
79229F,255,189
7922F4,11,25
7922F4,255,652
792460,255,171
79256C,254,30
792B14,255,316
792DB7,255,289
793599,2,1
793599,11,21
793599,255,160
7935BE,11,9
7935BE,255,181
793BE8,255,51
793C68,254,30
793F7F,11,15
793F7F,255,101
7943CB,255,131
7945F6,11,1
7945F6,255,66
794797,255,372
794CD3,11,9
794CD3,255,149
794CEB,255,67
7950EC,255,412
795350,11,11
795350,255,480
79538D,11,18
79538D,255,137
7953C9,11,10
7953C9,255,396
795472,2,1
795472,11,28
795472,255,785
795479,11,8
795479,255,80
795A28,11,11
795A28,255,376
795B6B,11,4
795B6B,255,270
796295,254,21
796348,255,332
79636F,255,332
796464,255,348
7964C0,254,28
796788,255,119
79679D,11,22
79679D,255,460
7969E6,255,135
796BB8,254,26
796BC0,255,86
796CAF,255,258
796CE1,254,34
796D8E,255,123
79701F,11,17
79701F,255,219
7970A6,254,21
7976B9,255,377
7978C1,255,140
7978E1,255,152
7979F6,255,90
797AAA,255,110
797AD5,255,112
797BF9,254,34
797C93,255,122
797D9C,255,96
797DA0,254,24
797F67,255,60
797F69,254,29
7980C0,254,26
7980D6,11,7
7980D6,255,109
798286,255,122
79837B,254,27
7983DD,255,324
79846E,11,16
79846E,255,93
7984BA,11,14
7984BA,255,312
798582,254,20
7987A1,11,10
7987A1,255,87
798864,11,4
798864,255,230
798DB8,255,495
798DCA,255,327
798DE0,255,57
798E98,254,31
798FE2,255,115
798FF2,255,94
7990A7,254,25
7990B2,11,3
7990B2,255,75
7990D6,255,301
7991D5,255,96
7991EC,255,125
7991F8,255,105
79936C,255,260
7993BB,254,21
799492,254,23
799497,255,80
7994AF,255,214
7996B7,11,6
7996B7,255,202
7996FD,254,20
7997C6,255,272
79987F,254,21
7998E3,255,154
7999F9,255,145
799AA8,255,137
799BAC,254,24
799C97,255,112
799CEE,11,26
799CEE,255,246
799EFC,255,392
799F85,255,98
799FF6,11,9
799FF6,255,70
79A036,255,658
79A0A5,255,134
79A11F,255,471
79A197,11,7
79A197,255,153
79A395,0,1
79A395,11,4
79A395,255,176
79A3E7,254,20
79A4EC,254,7
79A565,254,23
79A5C0,255,173
79A5D5,254,37
79A6EC,255,186
79A839,255,414
79A891,255,213
79A8ED,254,21
79A96C,255,157
79A9B0,255,368
79A9C1,254,29
79AAC9,255,312
79AAFC,255,83
79ABFD,255,415
79ACFA,255,259
79AEEC,255,236
79AEED,11,28
79AEED,254,21
79AEED,255,130
79AF86,254,31
79AF92,255,55
79AF98,254,33
79B25C,255,414
79B2C0,255,222
79B2E7,255,509
79B365,254,18
79B38B,254,24
79B3BD,255,182
79B4CC,11,6
79B4CC,255,258
79B4F9,255,297
79B6A4,255,127
79B6DC,254,26
79B75D,255,271
79B7E2,254,36
79B7F4,255,107
79B96D,255,89
79B96F,255,107
79BBDE,255,68
79BC7D,255,124
79BCFA,255,232
79BDF1,255,162
79BF7C,11,11
79BF7C,255,115
79C0E6,254,20
79C166,254,20
79C168,11,21
79C168,255,185
79C169,11,1
79C169,255,243
79C1CE,255,96
79C1F8,254,26
79C2AE,255,108
79C581,255,124
79C5EC,254,26
79C69C,255,119
79C6E8,255,116
79C6F5,255,144
79C6F8,255,299
79C794,254,23
79C7A5,255,300
79C7CF,254,31
79C8C3,255,128
79C9AF,255,102
79CAE5,254,25
79CB97,11,5
79CB97,255,108
79CC9F,254,9
79CCB5,11,7
79CCB5,255,223
79CCF5,255,108
79CD99,255,107
79CE9C,255,112
79CF89,2,1
79CF89,11,33
79CF89,255,209
79D185,11,17
79D185,255,265
79D2E6,255,235
79D3B8,254,23
79D4F0,255,498
79D5BB,254,28
79D79F,255,185
79D9D0,255,152
79DA95,255,261
79DB61,255,452
79DCDA,254,26
79DCF7,255,198
79DE9A,255,58
79DF64,255,78
79E091,255,75
79E16B,254,24
79E1F7,2,1
79E1F7,11,24
79E1F7,255,99
79E3EE,254,17
79E4D9,255,81
79E66F,11,18
79E66F,255,112
79E78D,255,99
79E86C,255,117
79E87D,11,30
79E87D,255,255
79E9ED,255,123
79EACA,254,43
79EB75,255,96
79EB8C,255,278
79EBD6,255,160
79F094,11,12
79F094,255,360
79F1B0,11,14
79F1B0,255,115
79F26E,11,6
79F26E,255,60
79F273,254,23
79F286,255,70
79F2E4,255,122
79F2FA,11,39
79F2FA,255,426
79F3BA,255,78
79F679,255,129
79F688,255,141
79F6A5,255,61
79F783,11,17
79F783,255,133
79F7A5,255,528
79F7AB,254,27
79F8BC,11,1
79F8BC,255,129
79FA65,11,8
79FA65,255,104
79FAA7,254,22
79FB6D,255,198
79FBB6,255,90
7A002B,11,2
7A002B,255,305
7A02E3,11,3
7A02E3,255,324
7A059F,255,268
7A0973,254,16
7A0D9E,255,79
7A13FA,255,346
7A144D,255,261
7A17F0,255,218
7A1A22,11,16
7A1A22,255,537
7A1B66,255,67
7A2350,255,354
7A24F3,255,135
7A28DD,255,296
7A2A98,11,37
7A2A98,255,343
7A2E4F,255,353
7A31D0,11,1
7A31D0,255,115
7A3383,11,4
7A3383,255,101
7A33D0,255,99
7A33D2,11,10
7A33D2,255,445
7A3572,255,124
7A35C8,255,209
7A35D1,255,151
7A3AA5,11,19
7A3AA5,255,821
7A3B54,255,336
7A3D39,255,414
7A3EA7,11,7
7A3EA7,255,281
7A419A,255,121
7A4273,254,21
7A42B2,255,81
7A42D2,255,133
7A4641,11,5
7A4641,255,165
7A4642,255,378
7A48F1,254,34
7A4A4C,255,329
7A4FE2,255,153
7A50B7,11,6
7A50B7,255,306
7A5197,254,23
7A52DF,11,26
7A52DF,255,377
7A58A6,11,13
7A58A6,255,141
7A5D9C,255,104
7A5FFB,254,17
7A6371,255,218
7A638B,255,158
7A639C,11,26
7A639C,255,267
7A6575,11,20
7A6575,255,194
7A66B8,11,13
7A66B8,255,106
7A67BB,255,125
7A686B,11,17
7A686B,255,97
7A6A45,255,370
7A6A9B,255,91
7A6C42,11,23
7A6C42,255,168
7A6DCC,11,9
7A6DCC,255,97
7A6E87,11,7
7A6E87,255,181
7A6E9F,255,132
7A71E1,254,27
7A71E7,255,276
7A72DC,255,168
7A72E0,11,2
7A72E0,255,97
7A73EA,11,8
7A73EA,255,128
7A74FD,255,149
7A75C2,254,25
7A7685,255,98
7A7966,255,138
7A7BAC,255,99
7A7C6E,11,6
7A7C6E,255,146
7A7CA4,11,11
7A7CA4,255,128
7A7DB7,11,4
7A7DB7,255,98
7A7DC9,254,28
7A7E82,255,116
7A7EA5,255,236
7A7F71,255,128
7A7F9E,11,1
7A7F9E,255,223
7A7FE0,254,22
7A80B5,255,143
7A80F3,254,24
7A817E,255,113
7A8189,255,187
7A8391,254,11
7A839A,11,4
7A839A,255,195
7A83FC,254,2
7A83FC,255,167
7A84AF,11,72
7A84AF,254,957822
7A84AF,255,2
7A85ED,255,108
7A86AE,255,116
7A8776,254,22
7A87B6,255,208
7A89A5,255,114
7A8A75,11,8
7A8A75,255,101
7A8C5B,11,12
7A8C5B,255,323
7A8CA3,11,19
7A8CA3,255,113
7A8D5E,11,15
7A8D5E,255,370
7A8D93,254,37
7A8EA9,254,13
7A8EF6,255,89
7A8F75,255,121
7A8F91,255,98
7A8FCF,254,17
7A90EA,255,40
7A9284,254,26
7A928F,254,30
7A947B,255,402
7A94B1,255,105
7A95C5,11,7
7A95C5,255,335
7A9686,255,175
7A9880,255,141
7A99B9,254,34
7A99D7,255,311
7A9B6F,255,350
7A9C7F,254,31
7A9CA3,255,300
7A9CE8,11,26
7A9CE8,255,189
7A9D20,11,9
7A9D20,255,277
7A9DA5,11,13
7A9DA5,255,193
7A9E98,255,85
7AA016,255,234
7AA08C,255,189
7AA0D0,11,11
7AA0D0,255,159
7AA0EC,255,104
7AA266,11,13
7AA266,255,286
7AA3D2,254,27
7AA3E3,11,1
7AA3E3,255,106
7AA46F,254,14
7AA4D4,255,111
7AA6AD,254,10
7AA6CD,255,166
7AA6FE,11,22
7AA6FE,255,71
7AA73F,11,6
7AA73F,255,403
7AA78A,11,16
7AA78A,255,324
7AA797,11,7
7AA797,255,444
7AA79E,11,8
7AA79E,255,93
7AA7DA,255,456
7AA876,254,36
7AA966,255,244
7AA98F,255,191
7AA9B3,255,136
7AA9D0,11,33
7AA9D0,255,305
7AAAD3,254,27
7AAB9A,254,34
7AABF8,255,127
7AADEB,254,26
7AB07C,11,16
7AB07C,255,83
7AB092,255,124
7AB178,255,138
7AB194,11,9
7AB194,255,118
7AB19A,255,77
7AB1A2,254,31
7AB210,255,465
7AB398,11,7
7AB398,255,173
7AB3E9,255,316
7AB4E6,254,23
7AB4F7,254,32
7AB58B,254,25
7AB595,255,228
7AB5BE,0,8
7AB5BE,11,101
7AB5BE,254,31873
7AB5D8,254,35
7AB5F2,255,105
7AB5F5,255,281
7AB6DE,11,19
7AB6DE,255,215
7AB764,255,67
7AB787,255,131
7AB7F1,11,13
7AB7F1,255,291
7AB808,255,236
7AB869,11,9
7AB869,255,132
7ABA8D,254,17
7ABA93,254,27
7ABA9C,255,92
7ABCE5,254,26
7AC074,11,3
7AC074,255,125
7AC2B5,11,3
7AC2B5,255,199
7AC35E,11,6
7AC35E,255,103
7AC3DA,254,27
7AC4DF,11,8
7AC4DF,255,43
7AC4E1,255,80
7AC5BA,255,134
7AC5F2,255,263
7AC68C,255,129
7AC753,255,224
7AC7A4,255,132
7AC8D8,255,71
7AC9D1,255,123
7AC9E8,254,36
7AC9EE,254,32
7ACA8D,255,217
7ACAE3,254,19
7ACAF3,254,25
7ACBD4,255,246
7ACC18,255,368
7ACC9D,255,486
7ACD95,255,144
7ACDA2,11,23
7ACDA2,255,225
7ACDB7,254,31
7ACDF4,255,453
7ACDFA,255,229
7ACE6B,255,723
7ACE7C,255,319
7ACEA0,255,103
7ACEBE,255,96
7ACEC2,255,101
7AD1A2,11,13
7AD1A2,255,82
7AD249,255,211
7AD2CE,255,142
7AD3F3,255,88
7AD487,255,329
7AD4B4,11,9
7AD4B4,255,289
7AD666,255,121
7AD76C,255,117
7AD8B2,254,20
7AD977,255,163
7AD9F2,11,11
7AD9F2,255,153
7ADABD,254,19
7ADAE6,255,112
7ADB76,11,2
7ADB76,255,112
7ADBB8,254,28
7ADBD5,254,28
7ADC67,254,28
7ADCCB,11,6
7ADCCB,255,376
7ADCF3,11,9
7ADCF3,255,258
7ADD89,255,105
7ADEA8,254,38
7ADF6F,255,124
7ADFD9,255,108
7ADFED,255,373
7AE0C3,2,1
7AE0C3,11,30
7AE0C3,255,260
7AE0C4,255,195
7AE0D7,255,389
7AE0F8,254,35
7AE182,254,27
7AE1C8,11,30
7AE1C8,255,208
7AE1E4,255,144
7AE2A2,255,109
7AE2AF,255,127
7AE3E6,11,1
7AE3E6,255,158
7AE4A1,254,20
7AE4AA,255,125
7AE777,11,5
7AE777,255,307
7AE9D4,255,119
7AEAE8,11,29
7AEAE8,255,108
7AEDB0,255,239
7AEE67,255,99
7AEF9C,11,10
7AEF9C,255,131
7AEFD7,255,251
7AF06F,11,18
7AF06F,255,291
7AF07D,255,136
7AF190,255,519
7AF2F9,255,126
7AF477,254,30
7AF4A2,255,164
7AF4D1,255,45
7AF4F5,255,73
7AF875,11,1
7AF875,255,149
7AF880,254,28
7AF966,254,23
7AFAC0,255,276
7AFB6F,254,31
7AFBEF,11,13
7AFBEF,255,123
7AFC5A,255,239
7AFC81,255,165
7AFD98,11,3
7AFD98,255,186
7AFE93,255,310
7AFEEE,255,73
7B09EB,11,9
7B09EB,255,205
7B0A92,11,50
7B0A92,255,252
7B0B1D,255,618
7B0C3C,11,13
7B0C3C,255,363
7B0E66,255,115
7B0FB7,254,38
7B104F,11,8
7B104F,255,390
7B127E,255,487
7B1569,254,19
7B166E,255,161
7B1699,255,315
7B1D75,11,3
7B1D75,255,467
7B23CB,255,219
7B26E5,255,295
7B277E,11,8
7B277E,255,86
7B299F,255,110
7B307E,11,6
7B307E,255,423
7B3258,255,342
7B34AF,255,105
7B38B2,11,23
7B38B2,255,182
7B3BB6,254,17
7B3D9D,11,13
7B3D9D,255,90
7B3E55,11,10
7B3E55,255,330
7B3E56,255,348
7B4483,255,125
7B4561,11,10
7B4561,255,405
7B47B1,255,566
7B48F2,255,105
7B4EA0,11,17
7B4EA0,255,232
7B51B9,255,146
7B5277,11,5
7B5277,255,119
7B5697,11,5
7B5697,255,82
7B5829,11,3
7B5829,255,209
7B5A7E,11,14
7B5A7E,255,239
7B5CC4,255,76
7B5CED,255,167
7B5D76,255,376
7B5E4E,255,242
7B5E4F,255,228
7B5E88,11,2
7B5E88,255,263
7B60D6,255,332
7B616D,255,95
7B64EC,255,334
7B66C5,255,128
7B68AE,255,425
7B699C,255,76
7B69F6,255,46
7B6A4D,11,9
7B6A4D,255,414
7B6DB2,255,270
7B6F85,255,206
7B70A2,11,9
7B70A2,255,251
7B70FE,255,337
7B722D,255,166
7B72CD,255,112
7B72E7,254,22
7B7564,255,93
7B76E4,254,22
7B77B7,11,1
7B77B7,255,143
7B77CF,254,25
7B7837,11,11
7B7837,255,352
7B78BD,254,21
7B797E,255,99
7B79C1,255,111
7B79CB,254,28
7B7AAE,254,26
7B7AB0,254,40
7B7AF4,11,4
7B7AF4,255,205
7B7AF5,255,220
7B7BA5,255,103
7B7C96,254,22
7B7CD2,11,6
7B7CD2,255,107
7B7ECB,255,113
7B7EDB,255,85
7B7EEE,255,335
7B7F77,11,7
7B7F77,255,66
7B8070,255,275
7B80A8,255,80
7B80CC,255,127
7B8121,255,323
7B8269,255,211
7B8295,254,21
7B82A4,254,36
7B82D6,255,114
7B8495,255,119
7B85C7,255,338
7B85DC,255,142
7B8694,255,135
7B869E,255,126
7B8743,11,2
7B8743,255,304
7B89A3,255,107
7B89E2,254,15
7B89E2,255,202
7B8A87,255,271
7B8ABA,255,251
7B8B6E,11,5
7B8B6E,255,276
7B8BCB,11,11
7B8BCB,255,159
7B8C89,255,80
7B8CF7,255,93
7B8D8B,255,106
7B8DE5,255,65
7B8EB3,255,100
7B9064,255,130
7B90AA,255,233
7B9187,254,22
7B9788,255,133
7B97E8,255,87
7B9890,255,975
7B99C1,11,5
7B99C1,255,269
7B99E8,255,222
7B9AA5,255,228
7B9AC5,255,112
7B9BB9,255,127
7B9C5B,255,301
7B9CD9,255,133
7B9CE5,255,121
7B9DA2,254,34
7B9DBB,255,332
7B9DE7,1,1
7B9DE7,11,20
7B9DE7,255,87
7B9E7E,254,11
7B9FD7,255,116
7BA284,11,6
7BA284,255,111
7BA2B1,11,18
7BA2B1,255,73
7BA366,255,83
7BA3B4,255,107
7BA3F3,255,112
7BA474,254,30
7BA47A,255,171
7BA699,254,37
7BA6BD,254,28
7BA6C8,255,236
7BA7F1,255,98
7BA891,11,17
7BA891,255,188
7BA9C6,255,201
7BA9FE,255,47
7BAC7C,11,24
7BAC7C,255,170
7BAD69,254,20
7BAE6F,254,33
7BAFD1,255,110
7BB06E,254,18
7BB1BB,255,380
7BB1EC,254,22
7BB2B0,255,114
7BB37F,254,13
7BB46D,255,61
7BB592,254,15
7BB66A,255,193
7BB686,254,27
7BB8D4,254,18
7BB96E,255,174
7BBAF9,255,109
7BBB89,255,92
7BBC78,254,22
7BBCB0,255,162
7BBCD4,11,7
7BBCD4,255,274
7BBCF3,255,92
7BBD71,11,43
7BBD71,255,371
7BBDCF,255,225
7BBE89,11,4
7BBE89,255,152
7BBE99,254,23
7BBECA,255,265
7BBECB,11,21
7BBECB,255,195
7BBEE2,255,89
7BBF90,255,137
7BBFE3,11,12
7BBFE3,255,304
7BBFF6,11,8
7BBFF6,255,113
7BC095,254,27
7BC168,11,3
7BC168,255,162
7BC19B,255,92
7BC2E7,254,21
7BC3F7,255,69
7BC4AB,254,39
7BC4DF,255,200
7BC56C,254,14
7BC6DC,255,202
7BC6EE,11,6
7BC6EE,255,79
7BC76B,11,1
7BC76B,255,237
7BC790,255,86
7BC87E,255,74
7BC896,255,311
7BC8EB,254,17
7BCAEA,11,6
7BCAEA,255,79
7BCBED,255,120
7BCEBB,11,3
7BCEBB,255,296
7BCFAC,254,26
7BCFE4,254,30
7BD1A3,11,9
7BD1A3,255,329
7BD298,11,20
7BD298,255,250
7BD2BA,11,10
7BD2BA,255,227
7BD2C7,254,43
7BD384,11,1
7BD384,255,92
7BD3A5,11,10
7BD3A5,255,94
7BD3B6,255,251
7BD3BB,255,102
7BD5F9,255,67
7BD6B4,255,232
7BD6F1,255,132
7BD8CB,254,25
7BDA69,255,221
7BDAB1,255,118
7BDBFA,255,156
7BDCCC,255,199
7BDCCF,11,15
7BDCCF,255,279
7BDD71,255,135
7BDDD7,255,116
7BE0AE,254,25
7BE0D3,255,178
7BE1D8,254,26
7BE1FE,255,89
7BE2C6,254,24
7BE472,254,19
7BE474,254,29
7BE4E5,254,22
7BE56D,11,16
7BE56D,255,227
7BE5F4,11,21
7BE5F4,255,263
7BE5FD,255,71
7BE5FE,255,401
7BE607,255,244
7BE856,11,10
7BE856,255,275
7BE988,255,219
7BE9A2,255,133
7BE9B0,254,26
7BEAC3,254,29
7BEAEE,11,26
7BEAEE,255,377
7BEBED,255,175
7BEBF7,255,77
7BEBFD,11,4
7BEBFD,255,195
7BEC63,11,4
7BEC63,255,214
7BEDD0,254,31
7BEDF0,11,8
7BEDF0,255,143
7BEFB8,255,151
7BF066,254,33
7BF077,254,23
7BF1BD,254,31
7BF2B0,11,16
7BF2B0,255,363
7BF2B4,254,22
7BF385,255,253
7BF4CA,11,7
7BF4CA,255,136
7BF5FE,255,129
7BF67C,11,30
7BF67C,255,390
7BF78F,254,32
7BF794,255,116
7BF7F0,11,5
7BF7F0,255,132
7BF864,255,146
7BF982,254,19
7BF9C5,11,16
7BF9C5,255,130
7BFBC5,254,22
7BFBD1,255,94
7BFBDC,255,149
7BFC6B,11,12
7BFC6B,255,155
7BFECC,254,14
7C040A,11,21
7C040A,255,292
7C097C,255,894
7C09C6,11,21
7C09C6,255,572
7C09E9,11,10
7C09E9,255,91
7C0AF6,11,5
7C0AF6,255,239
7C0CC9,11,19
7C0CC9,255,305
7C0E52,255,244
7C1010,255,228
7C10F3,255,124
7C11CC,254,16
7C1305,11,11
7C1305,255,561
7C14E5,11,3
7C14E5,255,147
7C1674,254,32
7C18C7,11,26
7C18C7,255,403
7C19BC,255,174
7C1AFE,255,122
7C1D80,11,3
7C1D80,255,229
7C1F9A,11,2
7C1F9A,255,491
7C210F,255,236
7C2541,11,12
7C2541,255,468
7C25CA,255,228
7C25CB,255,306
7C2CA9,255,71
7C2CBF,255,323
7C2E42,11,5
7C2E42,254,9
7C2E42,255,125
7C2E43,11,7
7C2E43,255,326
7C30D5,255,232
7C317B,255,154
7C32F8,255,228
7C3447,255,369
7C35BB,11,14
7C35BB,255,75
7C3892,255,127
7C3A8B,255,154
7C3C8C,254,39
7C3ECC,254,21
7C3F94,11,39
7C3F94,255,433
7C4098,254,25
7C47FA,11,9
7C47FA,255,385
7C47FB,11,26
7C47FB,255,115
7C48D7,255,138
7C4C8F,255,204
7C4FE6,255,103
7C52A8,255,133
7C537F,255,191
7C57C7,11,9
7C57C7,255,240
7C5A74,255,122
7C5AC2,254,25
7C5CAD,11,5
7C5CAD,255,93
7C5DB9,11,4
7C5DB9,255,195
7C5EAF,255,128
7C6416,254,3
7C6416,255,179
7C6417,11,18
7C6417,255,162
7C66A3,11,10
7C66A3,254,36
7C66A3,255,242
7C66A6,255,77
7C699E,255,190
7C6A8A,11,11
7C6A8A,255,84
7C6BC8,255,179
7C6BDC,11,12
7C6BDC,255,210
7C6CE9,11,6
7C6CE9,255,163
7C6E87,11,7
7C6E87,255,257
7C6E9B,255,116
7C70E2,255,134
7C7139,11,24
7C7139,255,283
7C72E2,255,149
7C7679,255,178
7C76D0,255,159
7C7756,11,24
7C7756,255,159
7C77F5,255,110
7C7D8C,11,3
7C7D8C,255,264
7C7E6B,11,7
7C7E6B,255,86
7C80C2,255,393
7C80C4,11,4
7C80C4,255,88
7C828B,11,20
7C828B,255,50
7C82B0,255,121
7C8380,11,19
7C8380,255,63
7C83DD,255,122
7C859E,255,145
7C85A1,255,153
7C85C8,255,231
7C85D6,254,36
7C86D8,255,64
7C86DE,255,125
7C877D,255,107
7C87AD,255,80
7C8886,255,107
7C88FE,255,96
7C899A,255,431
7C89B0,255,151
7C89D8,255,151
7C8AE7,11,34
7C8AE7,255,546
7C8B09,11,16
7C8B09,255,350
7C8BD5,255,106
7C8BDB,254,20
7C8C6C,255,147
7C8C88,254,32
7C8CB7,255,87
7C8D80,255,130
7C8E00,11,16
7C8E00,255,371
7C8E44,11,2
7C8E44,255,162
7C8E7A,254,32
7C8EEB,254,26
7C8FFC,255,176
7C9025,255,287
7C92FC,254,20
7C93BC,255,79
7C94F5,11,1
7C94F5,255,217
7C95D0,255,112
7C95E2,11,1
7C95E2,255,412
7C96F9,254,36
7C98E0,255,137
7C98F7,255,49
7C9A6F,254,27
7C9A7D,254,19
7C9AE7,254,26
7C9B98,255,118
7C9BA7,254,20
7C9BB3,255,127
7C9BEC,11,36
7C9BEC,255,233
7C9C95,255,140
7C9CBE,11,17
7C9CBE,255,255
7C9ED4,255,156
7C9EE2,255,129
7C9F6D,254,19
7C9F8E,255,100
7CA0A7,255,100
7CA0B1,254,14
7CA157,11,1
7CA157,255,368
7CA26D,11,2
7CA26D,255,118
7CA467,255,123
7CA469,255,245
7CA4E5,255,68
7CA6B1,11,11
7CA6B1,255,337
7CA788,254,28
7CA851,11,8
7CA851,255,271
7CA9B4,255,90
7CAA83,11,10
7CAA83,255,214
7CABD4,255,470
7CACB1,254,36
7CACBA,255,141
7CACF7,255,402
7CAED9,255,92
7CAF72,11,34
7CAF72,255,289
7CAFBA,255,296
7CAFE2,254,28
7CB13E,11,17
7CB13E,255,335
7CB16B,255,96
7CB1B0,11,27
7CB1B0,255,260
7CB1B1,11,14
7CB1B1,255,248
7CB1DC,11,11
7CB1DC,255,193
7CB20A,255,591
7CB26A,255,104
7CB47C,254,25
7CB584,11,1
7CB584,255,288
7CB5EA,255,133
7CB6F9,255,301
7CB83D,255,306
7CB8C5,255,84
7CBB67,255,203
7CBCDE,11,15
7CBCDE,255,278
7CBD73,255,80
7CBD75,255,369
7CBD9A,11,17
7CBD9A,255,157
7CBDC1,255,88
7CBF9A,11,25
7CBF9A,255,406
7CBFA6,255,330
7CC079,255,98
7CC090,255,123
7CC0D3,255,154
7CC370,254,28
7CC3C3,254,35
7CC4DF,255,117
7CC5E8,254,20
7CC694,254,23
7CC7A4,254,25
7CC7A7,254,12
7CC7C8,255,174
7CC9EF,255,146
7CC9F9,11,112
7CC9F9,254,1205792
7CCA9F,254,29
7CCAA0,254,23
7CCAA9,254,24
7CCBE3,254,30
7CCBF5,11,14
7CCBF5,255,95
7CCC98,255,515
7CCD42,255,249
7CCE68,255,114
7CCEC5,254,21
7CCF76,255,116
7CD0AF,255,193
7CD18D,254,23
7CD1AB,254,29
7CD1D7,254,17
7CD1D7,255,216
7CD1F1,255,485
7CD5A1,255,121
7CD766,255,128
7CD793,255,145
7CD7A9,254,21
7CD7D6,255,106
7CD7E9,255,117
7CD857,255,477
7CD8B8,11,5
7CD8B8,255,82
7CD9D9,254,30
7CD9EB,255,127
7CDAAD,255,133
7CDAB5,255,131
7CDAD7,254,22
7CDAF2,255,85
7CDBD2,254,20
7CDD62,11,5
7CDD62,255,163
7CDD7E,11,8
7CDD7E,255,120
7CDD90,254,32
7CDD97,255,216
7CDE6F,255,253
7CDF71,11,3
7CDF71,255,213
7CE0B6,255,322
7CE0C2,255,122
7CE153,11,7
7CE153,255,223
7CE184,255,128
7CE1BA,11,4
7CE1BA,255,65
7CE1BC,11,18
7CE1BC,255,132
7CE38D,11,7
7CE38D,255,104
7CE3A2,11,20
7CE3A2,255,105
7CE3B3,255,111
7CE3B6,255,120
7CE3E9,255,196
7CE3F0,11,4
7CE3F0,255,79
7CE4AB,254,33
7CE4B6,254,39
7CE672,11,5
7CE672,255,148
7CE6A3,255,145
7CE6F5,255,301
7CE6F6,255,316
7CE720,255,216
7CE7AB,11,8
7CE7AB,255,382
7CE87D,254,22
7CE8A2,255,128
7CE9DA,255,100
7CEA66,254,22
7CEA83,254,21
7CEABE,254,25
7CEBEA,254,19
7CED98,255,143
7CEDC2,255,111
7CEDF8,255,72
7CEFA6,254,31
7CEFB6,255,200
7CEFE8,255,210
7CF0D7,254,22
7CF11C,255,281
7CF172,11,21
7CF172,254,16
7CF172,255,85
7CF176,255,94
7CF46D,254,24
7CF57F,254,1
7CF76B,254,19
7CF7B0,255,336
7CF8B9,255,102
7CF9E9,254,25
7CFAE0,254,18
7CFB72,254,16
7CFC74,255,107
7CFCAC,254,25
7CFCBA,11,4
7CFCBA,255,133
7CFDBD,254,25
7D04DC,255,224
7D0A17,11,15
7D0A17,255,349
7D0BB1,255,105
7D0BC9,11,7
7D0BC9,255,184
7D1014,11,22
7D1014,255,251
7D117F,255,252
7D1492,255,377
7D14C0,255,151
7D1680,11,26
7D1680,255,482
7D1855,11,7
7D1855,255,498
7D1B90,11,16
7D1B90,255,266
7D1ECE,255,215
7D21E9,255,121
7D22FA,11,10
7D22FA,255,118
7D2BB4,254,18
7D2EBE,255,342
7D2F38,255,252
7D2FEA,254,23
7D329D,254,25
7D33B4,255,126
7D3428,11,6
7D3428,255,306
7D362A,0,1
7D362A,11,15
7D362A,255,417
7D3B66,11,17
7D3B66,255,251
7D3BC0,255,74
7D3C64,255,165
7D3F8D,255,72
7D43ED,11,20
7D43ED,255,226
7D4787,255,205
7D48AD,254,7
7D4EE8,11,4
7D4EE8,255,295
7D50A3,255,123
7D50A7,11,2
7D50A7,255,117
7D54AA,255,105
7D54AC,255,168
7D54AF,11,7
7D54AF,255,319
7D54B2,254,17
7D5F91,254,24
7D633F,2,1
7D633F,11,28
7D633F,255,188
7D6398,255,120
7D6579,254,34
7D65EE,255,78
7D66CA,11,19
7D66CA,255,268
7D67DA,11,7
7D67DA,255,350
7D6895,255,107
7D697A,255,88
7D6980,255,277
7D69AA,255,131
7D69AC,254,24
7D69D5,254,19
7D6A8C,255,397
7D6BC3,254,25
7D6DE3,254,34
7D70EE,255,92
7D7117,255,437
7D71B9,255,194
7D71CF,254,27
7D71DC,254,21
7D7201,255,412
7D748D,254,18
7D7679,255,188
7D76E8,255,168
7D7876,254,21
7D7944,11,6
7D7944,255,278
7D7A8A,255,293
7D7A99,255,187
7D7CEF,255,104
7D7CF8,11,8
7D7CF8,255,277
7D7DCE,255,222
7D7E7E,254,25
7D7EF4,254,18
7D7F91,255,106
7D807D,255,141
7D818E,255,114
7D8298,255,134
7D838C,255,194
7D83AF,11,2
7D83AF,255,247
7D83F1,255,118
7D849B,254,36
7D86D3,11,13
7D86D3,255,116
7D86F7,255,444
7D87AC,254,31
7D87C8,255,122
7D87CE,254,26
7D889C,255,197
7D88B4,11,29
7D88B4,255,545
7D89D2,255,113
7D89E7,255,153
7D8A84,254,33
7D8B79,11,7
7D8B79,255,212
7D8BAB,11,5
7D8BAB,254,2
7D8BAB,255,150
7D8BD1,255,57
7D8BDC,255,91
7D8C19,11,9
7D8C19,255,208
7D8C7E,255,134
7D8CA4,255,188
7D8DE7,255,105
7D8EBB,255,119
7D8FB6,255,202
7D8FFD,11,13
7D8FFD,255,85
7D91D9,255,152
7D92AB,254,30
7D92F7,11,4
7D92F7,255,255
7D93FD,11,22
7D93FD,255,130
7D9468,255,112
7D9486,255,101
7D95CB,11,7
7D95CB,255,219
7D95CC,11,17
7D95CC,255,299
7D98A7,255,148
7D99AD,11,69
7D99AD,255,385
7D9ACF,255,102
7D9B0E,255,222
7D9BD1,254,18
7D9CB6,255,132
7D9D73,254,20
7D9DD4,255,127
7D9E17,255,246
7D9EBB,255,147
7D9FE4,254,31
7D9FF1,255,108
7DA294,254,14
7DA2E3,255,434
7DA3F2,11,20
7DA3F2,255,287
7DA572,255,124
7DA5DE,254,30
7DA76B,255,71
7DA7A8,255,178
7DA7D7,255,456
7DA879,11,3
7DA879,255,172
7DA888,255,185
7DA957,255,415
7DA9EA,255,105
7DAAE1,254,31
7DAB82,254,19
7DAB98,255,81
7DABCE,255,109
7DAC7C,255,96
7DACEF,11,12
7DACEF,255,134
7DADDD,11,5
7DADDD,255,105
7DB07B,255,132
7DB1EA,255,125
7DB2EE,255,122
7DB49C,254,24
7DB4AF,255,137
7DB4E9,255,120
7DB4F9,254,18
7DB5D4,255,79
7DB694,255,235
7DBAE9,255,63
7DBB95,255,89
7DBBB6,254,31
7DBBCF,254,11
7DBDF6,254,21
7DBE7E,254,26
7DC06C,255,355
7DC09A,255,141
7DC0E4,254,37
7DC171,255,173
7DC17C,255,108
7DC181,254,26
7DC184,255,139
7DC1D7,255,961
7DC2F4,11,10
7DC2F4,255,87
7DC4D6,254,25
7DC680,11,32
7DC680,255,524
7DC768,254,16
7DC7C4,255,171
7DCAF4,254,24
7DCBED,255,131
7DCCB6,254,19
7DCCBB,254,20
7DCDD1,254,20
7DCDD1,255,109
7DD19D,255,167
7DD1DB,255,200
7DD2CA,254,32
7DD2FC,254,25
7DD389,255,105
7DD4D4,255,136
7DD597,255,190
7DD5CB,11,6
7DD5CB,255,127
7DD7A5,255,72
7DD7FD,254,23
7DDB72,11,15
7DDB72,255,235
7DDBC7,255,249
7DDC73,255,183
7DDC8E,255,128
7DDC96,11,9
7DDC96,255,76
7DDDE7,254,26
7DDDFB,255,128
7DDEE0,255,179
7DDF87,254,23
7DDFCD,254,22
7DDFFE,255,144
7DE08C,255,145
7DE0CB,255,213
7DE1B3,255,128
7DE1B5,255,93
7DE284,255,156
7DE29F,255,86
7DE2DC,254,27
7DE36A,255,193
7DE3CD,254,36
7DE776,11,1
7DE776,255,96
7DE7A0,254,26
7DE8BE,255,297
7DE8D0,255,266
7DE9ED,255,125
7DEC6E,255,141
7DEC7D,255,119
7DECBD,255,165
7DECDA,255,175
7DEE91,11,8
7DEE91,255,80
7DEEC3,254,26
7DEECA,255,267
7DEF19,11,5
7DEF19,255,315
7DF18A,254,22
7DF19B,255,119
7DF1A2,255,116
7DF1A9,255,277
7DF2D2,11,3
7DF2D2,255,113
7DF485,254,21
7DF4A7,254,23
7DF4AC,255,115
7DF4B4,255,252
7DF569,11,18
7DF569,255,86
7DF670,255,205
7DF6DA,254,40
7DF786,11,23
7DF786,255,268
7DF79F,255,140
7DF8AE,255,127
7DFC80,255,72
7DFCD9,254,33
7DFCEC,254,34
7DFDE3,11,14
7DFDE3,255,260
7DFE9F,255,56
7E02DB,11,43
7E02DB,255,395
7E03BE,255,123
7E044C,11,25
7E044C,255,310
7E07E4,255,135
7E0AEB,255,164
7E0EE4,254,25
7E0F99,254,30
7E13A1,254,16
7E1570,255,1140
7E15CF,255,130
7E161B,255,173
7E16C7,255,56
7E1873,11,11
7E1873,255,272
7E18E3,255,136
7E1C3D,11,10
7E1C3D,255,344
7E20AB,255,121
7E23D6,255,90
7E2529,255,412
7E277E,11,13
7E277E,255,355
7E27B5,11,17
7E27B5,255,146
7E2F87,255,126
7E2FA2,11,2
7E2FA2,255,230
7E339E,255,112
7E3519,0,1
7E3519,11,14
7E3519,255,361
7E36C0,254,25
7E3ADF,255,157
7E3D09,11,17
7E3D09,255,548
7E3F0D,11,9
7E3F0D,255,159
7E3F92,255,265
7E4296,255,141
7E4A99,255,132
7E4C86,254,33
7E4F13,255,663
7E50F4,11,19
7E50F4,255,252
7E5AEE,11,26
7E5AEE,255,140
7E5FB0,254,31
7E5FB2,255,189
7E60B0,11,7
7E60B0,255,119
7E6158,255,116
7E62BD,11,6
7E62BD,255,197
7E6484,255,77
7E64F8,254,27
7E6544,11,8
7E6544,255,215
7E6545,255,236
7E6594,255,549
7E66DD,255,74
7E66F6,255,140
7E67B1,11,9
7E67B1,255,94
7E687C,11,27
7E687C,255,265
7E68FF,11,9
7E68FF,255,273
7E69A6,254,19
7E69B9,254,20
7E6A20,11,2
7E6A20,255,227
7E6B7A,11,15
7E6B7A,255,174
7E6BA6,11,14
7E6BA6,255,84
7E6BDD,255,137
7E6DBF,11,19
7E6DBF,255,113
7E6DEF,254,21
7E6EA0,255,123
7E6F8E,254,18
7E709E,254,32
7E71A4,254,36
7E71E7,11,14
7E71E7,255,79
7E7201,255,260
7E7299,255,124
7E73B3,11,2
7E73B3,255,80
7E7471,255,116
7E748C,11,16
7E748C,255,176
7E74C5,254,16
7E74FE,254,16
7E7582,255,117
7E76CA,255,152
7E7717,255,295
7E7874,255,89
7E79C5,255,106
7E79D4,255,200
7E79F0,11,35
7E79F0,255,246
7E79F2,11,63
7E79F2,15,5
7E79F2,254,1433683
7E79F2,255,9
7E79F3,11,36
7E79F3,255,266
7E7ACC,255,141
7E7BDC,254,27
7E7BFC,254,27
7E7C89,255,315
7E7D79,11,18
7E7D79,255,94
7E7D7E,11,16
7E7D7E,255,142
7E7ECB,254,27
7E82EC,255,153
7E83C1,255,107
7E83C3,255,229
7E85A7,255,210
7E85D4,254,24
7E8673,254,22
7E86B3,11,22
7E86B3,255,250
7E876A,254,28
7E8774,255,138
7E8799,254,36
7E8896,255,152
7E88A8,255,144
7E88C8,255,76
7E8988,254,25
7E89B2,255,97
7E89E3,254,28
7E8A7E,255,158
7E8A97,254,32
7E8AD5,254,18
7E8AE3,11,3
7E8AE3,255,152
7E8C75,255,137
7E8D1B,11,7
7E8D1B,255,200
7E8D1C,11,27
7E8D1C,255,348
7E8D87,11,8
7E8D87,255,257
7E8EA2,255,168
7E90B7,255,94
7E919B,255,128
7E91BA,255,130
7E93AE,11,15
7E93AE,255,98
7E94C9,255,358
7E95AA,255,99
7E9689,11,1
7E9689,255,124
7E971B,255,262
7E971C,255,327
7E97DF,254,19
7E98AB,254,21
7E98B1,254,29
7E98C7,254,23
7E9AA7,254,26
7E9ABA,254,26
7E9B69,11,3
7E9B69,255,463
7E9B86,254,31
7E9BDE,254,35
7E9CF9,255,93
7E9E71,255,122
7E9ED7,11,8
7E9ED7,255,118
7E9F84,255,122
7EA01C,255,207
7EA0BE,11,92
7EA0BE,254,742045
7EA2A7,254,33
7EA2C8,11,7
7EA2C8,255,127
7EA376,255,228
7EA3C3,254,18
7EA47B,255,125
7EA5E4,255,247
7EA6DB,254,27
7EA769,255,120
7EA78D,255,113
7EA8E4,11,2
7EA8E4,255,135
7EA968,255,202
7EA96E,255,86
7EA96F,255,113
7EA9AC,255,135
7EA9B3,255,83
7EAA78,255,233
7EAAA5,255,143
7EAAE8,11,4
7EAAE8,255,394
7EACEC,254,22
7EADF2,255,132
7EAED5,255,255
7EAFB6,255,92
7EAFD6,255,93
7EB178,255,66
7EB190,255,125
7EB3D7,11,6
7EB3D7,255,143
7EB4AF,255,277
7EB5A5,254,27
7EB5F3,254,37
7EB6A6,11,10
7EB6A6,255,239
7EB7A6,255,270
7EB7AD,254,27
7EB8A0,255,136
7EB8AC,255,130
7EB972,11,10
7EB972,255,143
7EB9F0,255,111
7EB9F6,254,2
7EB9F6,255,139
7EBAB9,255,298
7EBB67,255,148
7EBB76,255,105
7EBB7E,254,20
7EBB86,255,107
7EBC32,11,8
7EBC32,255,323
7EBCC4,255,155
7EBED0,254,29
7EBFB5,255,95
7EC16E,255,241
7EC1D0,11,8
7EC1D0,255,129
7EC33D,11,7
7EC33D,255,235
7EC3C0,11,9
7EC3C0,255,79
7EC4A5,11,2
7EC4A5,255,270
7EC5C1,11,4
7EC5C1,255,68
7EC6F5,11,6
7EC6F5,255,55
7EC797,255,87
7EC7C4,255,207
7EC87D,254,32
7EC88D,254,23
7EC8EA,255,130
7EC974,11,2
7EC974,255,502
7ECA91,254,33
7ECB79,254,20
7ECBDC,255,96
7ECD93,1,1
7ECD93,11,15
7ECD93,255,141
7ECDC1,254,21
7ECDC1,255,68
7ECEA5,254,20
7ECF1F,11,14
7ECF1F,255,310
7ECFB8,254,16
7ECFED,254,20
7ECFFA,255,68
7ED0D1,255,166
7ED0EB,255,340
7ED1FB,11,3
7ED1FB,255,128
7ED2BB,11,21
7ED2BB,255,256
7ED2ED,11,12
7ED2ED,255,75
7ED3B0,255,90
7ED3EE,255,324
7ED4EB,254,17
7ED4FA,11,4
7ED4FA,255,75
7ED5A2,255,220
7ED5DF,11,5
7ED5DF,255,283
7ED699,255,95
7ED6FE,255,209
7ED814,11,12
7ED814,255,213
7ED8AB,254,29
7ED8EF,254,38
7ED9B1,11,11
7ED9B1,255,71
7EDA9B,254,23
7EDABB,255,217
7EDAF1,255,89
7EDB99,255,173
7EDB9C,11,18
7EDB9C,255,143
7EDC83,254,17
7EDCB1,255,106
7EDD8E,255,109
7EDDAA,11,12
7EDDAA,255,74
7EDDC0,255,100
7EDDC7,255,283
7EDDEC,255,57
7EE166,255,231
7EE192,254,22
7EE2C4,255,95
7EE7C2,11,17
7EE7C2,255,261
7EE7DC,254,30
7EE7DD,255,157
7EE879,0,1
7EE879,255,160
7EE87A,255,233
7EE88B,11,7
7EE88B,255,192
7EE8F8,255,96
7EE973,255,108
7EE979,255,166
7EEA3A,255,605
7EEA3B,11,36
7EEA3B,255,407
7EEA92,255,200
7EEC6F,255,134
7EECB8,254,26
7EECD7,255,130
7EECE0,254,19
7EEDDF,255,167
7EEDE5,254,18
7EEDF8,255,59
7EEE8C,254,22
7EEEC9,11,12
7EEEC9,255,123
7EEF80,255,113
7EF08A,255,333
7EF0B6,254,21
7EF0CD,11,12
7EF0CD,255,299
7EF196,254,44
7EF1E2,255,291
7EF29D,255,80
7EF2CD,255,79
7EF474,255,68
7EF4F7,255,360
7EF5A5,254,26
7EF5A8,255,404
7EF687,255,99
7EF6A9,255,147
7EF78F,255,154
7EF7F7,255,122
7EF8F9,254,29
7EF982,255,105
7EF99C,255,231
7EFAA3,11,12
7EFAA3,255,187
7EFCA5,255,125
7EFD65,11,37
7EFD65,255,309
7EFDFA,11,6
7EFDFA,255,217
7EFE6B,254,20
7EFE96,11,10
7EFE96,255,86
7F03DB,255,302
7F03DC,255,172
7F040F,255,570
7F0476,255,328
7F05BB,254,14
7F0755,11,25
7F0755,255,308
7F078F,254,22
7F07DC,11,17
7F07DC,255,267
7F09F6,254,4
7F0A46,255,345
7F0ECF,255,165
7F0FEC,254,3
7F0FEC,255,184
7F143E,255,558
7F156E,255,285
7F208C,11,19
7F208C,255,473
7F2371,254,29
7F26A5,255,116
7F28A7,255,77
7F2B53,11,17
7F2B53,255,373
7F3238,255,196
7F37A5,254,19
7F3AB6,255,131
7F3D47,11,21
7F3D47,255,320
7F3D7F,255,124
7F3FA3,11,18
7F3FA3,255,179
7F3FA4,255,319
7F4325,1,1
7F4325,11,22
7F4325,255,348
7F43DE,255,65
7F46C6,254,40
7F4FBB,254,1
7F4FBB,255,148
7F4FBC,255,275
7F5166,255,119
7F5362,255,293
7F54DE,254,18
7F56B0,255,177
7F58FA,11,2
7F58FA,255,300
7F58FE,11,19
7F58FE,255,177
7F5E7E,11,22
7F5E7E,255,329
7F5EC8,254,23
7F61E7,11,21
7F61E7,255,103
7F63C2,11,16
7F63C2,255,261
7F64AB,254,21
7F667C,255,238
7F66A5,11,14
7F66A5,255,388
7F66CB,255,259
7F66CE,255,129
7F6788,254,33
7F68B5,254,27
7F6A72,11,11
7F6A72,255,354
7F6ABE,11,24
7F6ABE,255,116
7F6ABF,11,17
7F6ABF,255,73
7F6B9C,255,105
7F6BA4,255,122
7F6C95,255,148
7F6EA3,11,10
7F6EA3,255,125
7F6F6F,2,1
7F6F6F,11,31
7F6F6F,255,105
7F70C0,255,127
7F70D9,254,35
7F70EE,11,10
7F70EE,255,192
7F748A,255,103
7F7564,255,97
7F76AE,11,19
7F76AE,255,217
7F76AF,11,35
7F76AF,255,269
7F776E,11,11
7F776E,255,350
7F786D,254,24
7F789F,11,11
7F789F,255,417
7F78F9,255,290
7F7998,255,120
7F79BD,255,610
7F7BAC,255,126
7F7CA5,254,29
7F7CDF,254,32
7F7DE6,255,53
7F7E2F,255,372
7F7F9C,255,139
7F7FE5,254,26
7F80AB,255,125
7F82B9,255,121
7F8348,255,360
7F8349,255,941
7F8376,254,27
7F838D,255,142
7F8394,11,13
7F8394,255,211
7F83EB,254,13
7F8467,255,199
7F847F,254,29
7F8482,255,133
7F858B,254,24
7F869D,254,28
7F898F,255,106
7F8993,11,3
7F8993,255,190
7F89C1,254,24
7F89EE,255,126
7F8A86,255,86
7F8AA5,255,161
7F8AAF,254,22
7F8C8F,11,10
7F8C8F,255,184
7F8CBD,255,116
7F8E72,255,93
7F8E93,255,223
7F8EB4,254,27
7F9096,11,20
7F9096,255,273
7F90E3,11,6
7F90E3,255,96
7F91FD,254,24
7F936C,254,27
7F939F,255,123
7F94DC,255,651
7F94F5,11,8
7F94F5,255,108
7F9578,255,86
7F96DD,255,95
7F96FD,255,139
7F9881,255,121
7F9890,11,8
7F9890,255,119
7F99E7,255,95
7F9AEE,254,18
7F9B70,11,4
7F9B70,255,61
7F9C49,255,239
7F9C6F,255,302
7F9DD4,11,5
7F9DD4,255,118
7F9E67,255,80
7F9E86,11,24
7F9E86,255,275
7FA0C7,255,322
7FA15F,11,16
7FA15F,255,219
7FA1FA,254,25
7FA2B6,255,422
7FA316,11,8
7FA316,255,352
7FA372,254,13
7FA3A2,255,80
7FA3AF,255,121
7FA4CD,255,80
7FA54E,255,348
7FA698,255,92
7FA87B,255,272
7FA88E,255,286
7FAA93,255,122
7FAAFE,255,81
7FAB10,11,29
7FAB10,255,525
7FAC8A,255,84
7FAD92,255,180
7FADE9,11,25
7FADE9,255,244
7FAE94,255,379
7FAFA1,254,27
7FAFE4,2,1
7FAFE4,11,42
7FAFE4,254,2
7FAFE4,255,159
7FB078,255,174
7FB0A0,11,4
7FB0A0,255,174
7FB0B1,255,105
7FB0FD,254,27
7FB199,255,108
7FB1C5,255,226
7FB269,254,23
7FB27F,255,179
7FB2A2,255,124
7FB2E9,254,18
7FB36D,255,132
7FB3A1,255,215
7FB690,254,26
7FB6AC,255,119
7FB6DE,255,92
7FB6FC,255,106
7FB88A,11,10
7FB88A,255,211
7FB892,255,135
7FB996,254,26
7FB9C3,255,105
7FB9D4,255,175
7FBBAB,255,100
7FBBC4,11,9
7FBBC4,255,86
7FBE7A,255,63
7FBE9E,11,35
7FBE9E,255,421
7FBFB5,255,126
7FBFBF,255,236
7FC272,254,19
7FC279,11,27
7FC279,255,127
7FC327,11,26
7FC327,255,503
7FC3CD,255,108
7FC3E6,254,31
7FC4B5,255,118
7FC676,254,27
7FC7A0,255,177
7FC874,255,107
7FC8FE,255,102
7FC9F0,11,13
7FC9F0,255,96
7FCB2A,255,293
7FCB75,255,142
7FCC7F,254,27
7FCCA5,255,100
7FCD5E,255,173
7FCDB8,255,177
7FCECD,11,3
7FCECD,255,54
7FCEFC,254,43
7FD01F,11,40
7FD01F,255,414
7FD180,255,100
7FD1A0,255,107
7FD266,11,21
7FD266,255,136
7FD2C5,254,37
7FD3F8,254,10
7FD475,255,113
7FD4A6,255,60
7FD7AA,254,19
7FD7F3,255,100
7FD973,255,523
7FD9EB,254,20
7FDAD1,255,160
7FDAF5,11,7
7FDAF5,255,149
7FDB8A,255,234
7FDB97,255,110
7FDC94,255,187
7FDCDA,254,26
7FDD67,254,25
7FDD70,255,97
7FDDC4,255,144
7FDE64,255,110
7FDE6F,254,21
7FDE72,254,27
7FDE94,255,92
7FDEF4,255,164
7FDFA9,254,24
7FDFF2,254,23
7FE083,255,254
7FE166,254,17
7FE483,255,110
7FE49D,255,111
7FE4D5,254,15
7FE767,255,144
7FE970,255,151
7FE9BC,255,139
7FE9F5,254,18
7FEAE8,255,119
7FEC99,255,100
7FECEB,11,5
7FECEB,255,267
7FED66,11,14
7FED66,255,114
7FED7C,11,12
7FED7C,255,101
7FEEC7,11,10
7FEEC7,255,442
7FF06C,255,129
7FF073,11,5
7FF073,255,223
7FF0DB,254,33
7FF186,11,7
7FF186,255,144
7FF4F7,255,115
7FF563,11,14
7FF563,255,272
7FF564,11,33
7FF564,255,350
7FF6D1,254,32
7FF6F4,11,26
7FF6F4,255,242
7FF866,255,421
7FF8D7,255,161
7FF9DC,254,9
7FFB84,255,129
7FFC64,255,123
7FFCCC,255,144
7FFCD1,255,134
7FFD42,255,60
7FFEA3,11,1
7FFEA3,255,203
800397,255,140
8003F5,11,3
8003F5,255,235
8004E0,255,271
800BF6,255,577
800E91,255,302
800F70,11,4
800F70,255,212
800F78,255,297
8010E5,11,21
8010E5,255,219
8012FD,255,106
8019E0,255,154
801BE6,11,7
801BE6,255,189
801F39,11,22
801F39,254,287
801F3A,11,22
801F3A,255,330
8020B3,255,473
802B96,254,27
802CA3,255,110
802D39,255,326
802D95,255,99
8031B0,11,27
8031B0,255,338
8033D4,255,196
803618,11,47
803618,255,350
8037E8,255,250
803E56,255,284
803ED7,255,121
80419C,254,19
80428B,255,279
80436C,11,25
80436C,255,843
80468B,255,189
804691,255,133
80470D,255,163
8048D9,255,136
8049CA,11,10
8049CA,255,168
804A90,255,81
804DC9,255,214
804EC3,255,331
804EF8,255,77
8050B7,11,35
8050B7,255,294
805290,255,91
8052B0,255,124
805532,1,1
805532,11,10
805532,255,241
805555,11,21
805555,255,259
8056B0,11,15
8056B0,255,231
8059E1,255,185
805C87,254,12
805EE4,255,90
805FCE,255,296
8063D3,255,153
8064B9,254,21
8064D6,255,89
8067E5,11,9
8067E5,255,118
806A2A,11,7
806A2A,255,583
806AA8,254,32
806AB9,255,78
806B82,255,557
806E7F,255,91
806E85,255,72
806F8D,255,122
806FE6,254,18
80708D,255,71
8070AA,11,3
8070AA,255,207
80738E,11,9
80738E,255,96
80739C,255,92
8073D7,255,131
80748A,254,20
8074EF,11,4
8074EF,255,147
80750B,11,7
80750B,255,267
807596,255,98
8077AF,254,28
807884,255,87
80789D,255,212
8078FD,255,107
8079BE,255,122
807A40,255,258
807AC1,255,200
807BAA,255,123
807BBE,11,9
807BBE,255,72
807BD8,11,14
807BD8,255,203
807C6F,11,16
807C6F,255,204
807CD2,254,16
807EB5,254,35
807F87,254,20
80806C,11,1
80806C,255,269
8081B0,255,139
8081E4,255,124
808287,255,112
808376,254,37
8083E0,11,2
8083E0,255,135
80847D,255,142
808686,11,7
808686,255,99
8086B0,254,24
8086D9,254,16
80878F,254,24
8087AE,255,194
80889E,11,20
80889E,255,297
8089F4,11,1
8089F4,255,91
808A70,255,121
808BAA,255,101
808BC8,254,17
808D8F,255,112
808DD4,255,158
808E7C,255,148
808FD5,255,163
809098,255,115
8090A7,11,10
8090A7,255,324
8090B1,11,2
8090B1,255,111
8090FB,255,97
8091F4,255,126
8091FC,255,395
80938D,255,109
8093B9,255,129
8093E9,255,135
8094F6,254,26
809567,254,30
8095AD,254,22
809749,255,261
8097B9,255,142
8097FB,11,18
8097FB,255,276
80998E,255,132
8099AD,11,6
8099AD,255,268
8099E3,255,106
809A73,11,1
809A73,255,343
809A77,11,5
809A77,255,144
809A93,255,95
809AAF,255,334
809AE3,11,8
809AE3,255,95
809AFD,11,15
809AFD,255,187
809B43,11,12
809B43,255,282
809BC1,255,138
809C18,255,220
809CAE,255,145
809CED,255,103
809D78,255,123
809EA1,255,311
809FE6,255,103
809FF1,255,212
80A0B1,255,106
80A1C4,254,17
80A291,254,31
80A2A0,254,21
80A2A2,254,14
80A3C7,255,82
80A3EB,254,23
80A561,11,3
80A561,255,276
80A674,11,5
80A674,255,316
80A682,254,23
80A6C1,11,13
80A6C1,255,127
80A6CF,11,10
80A6CF,255,269
80A6D2,254,24
80A792,255,376
80A7FA,255,167
80A84D,11,15
80A84D,255,168
80A84E,11,7
80A84E,255,358
80A864,254,24
80A89C,254,27
80A8D0,254,33
80A935,255,233
80A9AD,255,108
80AA64,255,104
80AAF4,255,147
80AB63,255,321
80AD6A,254,25
80ADB0,255,100
80AEC4,255,134
80AF9E,255,128
80AFEB,254,22
80B195,255,62
80B1A9,255,93
80B2D5,11,2
80B2D5,255,94
80B396,255,181
80B3A8,11,5
80B3A8,255,220
80B3CE,255,127
80B467,255,111
80B588,11,1
80B588,255,132
80B5E7,255,84
80B6A4,255,92
80B6CA,255,250
80B6D8,254,15
80B87F,254,33
80B9F2,255,99
80BAAF,255,78
80BC86,255,152
80BD75,255,130
80BFBE,255,132
80C088,255,99
80C09D,255,79
80C0E9,11,76
80C0E9,254,100081
80C0E9,255,4
80C0EA,11,20
80C0EA,255,477
80C18B,255,349
80C367,255,103
80C391,255,123
80C3D6,11,113
80C3D6,254,373439
80C48A,255,90
80C4A1,255,155
80C88A,255,90
80CA16,255,255
80CA70,11,2
80CA70,255,328
80CB7A,254,27
80CC65,254,31
80CCD5,11,8
80CCD5,255,132
80CE0A,255,266
80D085,255,292
80D1A0,255,109
80D496,255,97
80D49D,255,125
80D5BC,255,131
80D68E,255,106
80D69E,255,242
80D7E7,254,15
80D868,254,24
80D873,254,14
80D87F,254,30
80D8F8,11,9
80D8F8,255,124
80D9A3,255,72
80DA7B,254,22
80DAB9,255,123
80DAEF,11,16
80DAEF,255,266
80DB6A,254,1
80DB6A,255,143
80DCC7,255,125
80DD7A,255,256
80DD7B,11,12
80DD7B,255,355
80DE89,11,1
80DE89,255,131
80DF78,255,123
80E089,11,33
80E089,255,385
80E08D,11,1
80E08D,255,341
80E1AB,254,28
80E269,254,3
80E269,255,257
80E26A,255,349
80E2D3,255,243
80E36D,255,97
80E4D2,254,30
80E4E6,11,7
80E4E6,255,144
80E591,254,18
80E5F5,11,18
80E5F5,255,126
80E786,254,27
80E98A,255,169
80EAA0,254,24
80EAC7,255,96
80EAFA,255,239
80EAFB,255,255
80EB23,255,421
80EBF6,255,230
80ECCC,11,15
80ECCC,255,254
80ECE3,254,38
80EDB3,255,84
80EF84,254,39
80EF8C,11,21
80EF8C,255,139
80F09B,255,136
80F0BF,255,94
80F29A,255,89
80F378,255,140
80F389,255,269
80F3A6,11,7
80F3A6,255,169
80F3BD,11,2
80F3BD,255,151
80F4A4,255,110
80F4E1,11,12
80F4E1,255,83
80F4E3,254,30
80F5C4,11,2
80F5C4,255,106
80F672,255,104
80F6AB,255,69
80F6FB,255,118
80F7B6,254,19
80F8AE,11,14
80F8AE,255,85
80F96A,255,98
80F98C,255,214
80FA81,254,21
80FB70,255,135
80FCA5,255,96
80FEAE,255,206
80FED7,11,14
80FED7,255,175
8104BD,11,10
8104BD,255,221
810579,11,9
810579,255,260
810675,255,111
810840,255,324
8108B4,11,13
8108B4,255,266
8108B5,255,298
810CD8,255,689
810E78,255,136
810F9B,255,419
811080,11,16
811080,255,423
8110D4,255,157
8111B7,255,390
8111B8,255,406
8113B8,11,4
8113B8,255,193
811545,255,185
811ABC,255,124
811ACF,255,124
8120AA,11,2
8120AA,255,119
812814,11,23
812814,255,524
81292C,11,21
81292C,255,416
8129BF,11,1
8129BF,255,97
812AF7,255,98
8131B6,255,81
8133E9,255,554
8136F3,255,122
813C7C,255,82
813D92,254,23
813FD6,255,225
8147FB,11,17
8147FB,255,108
814BEC,11,2
814BEC,255,216
814DE1,255,315
814F3F,11,6
814F3F,255,268
815016,255,285
815185,11,10
815185,255,219
81566E,255,146
8157BA,255,341
81597D,254,29
81599E,254,37
815FC2,255,89
8162A8,11,12
8162A8,255,347
8164BC,254,36
8164F2,254,15
81656E,254,17
8165DB,255,98
81666E,255,487
8167A6,254,16
81681B,255,481
81684E,255,317
8169EF,255,139
816A73,254,22
816A7F,255,120
816BCF,254,22
816BF7,11,4
816BF7,255,93
816CAC,254,22
816CB3,255,106
816CC0,254,19
816E67,255,238
816E7A,254,16
816E9A,255,159
816EC4,254,28
816EDC,255,101
817062,255,319
8171D0,255,110
817290,0,1
817290,11,13
817290,255,408
81736C,11,7
81736C,255,76
81739D,255,183
817479,254,18
8174D4,11,3
8174D4,255,287
8174EE,255,122
817787,11,3
817787,255,155
81778C,254,16
817798,254,32
817899,254,1
8178A9,254,20
8178B6,254,19
8178CC,255,309
8178DD,255,161
8178E4,254,17
817A9F,11,23
817A9F,255,75
817ACC,255,120
817BC9,255,253
817BF4,255,154
817C84,11,13
817C84,255,363
817CE0,255,259
817EBA,255,51
8180BE,255,122
8182C2,11,13
8182C2,255,157
818374,255,228
8183A8,255,569
8185A0,254,22
8185B5,255,182
8185E7,255,80
81867B,11,29
81867B,255,361
8186B4,255,138
818791,255,129
8187C2,255,166
8187D3,255,100
8189AF,255,114
818B7A,254,22
818B8E,11,1
818B8E,255,85
818C82,11,8
818C82,255,123
818CA0,255,154
818CC9,11,1
818CC9,255,221
818D7D,11,28
818D7D,255,217
818DA1,255,107
818ECD,254,24
818FE2,255,261
819088,255,148
8191D1,254,32
8191E5,255,92
8191E6,254,15
8193AB,254,33
8195C4,255,86
819674,254,22
8196B3,255,156
8196C7,11,18
8196C7,255,703
8197F4,255,192
81986D,254,17
8198CB,255,80
8198FC,255,113
819982,254,29
819AE5,255,69
819BB5,11,12
819BB5,255,126
819BD1,255,99
819C72,254,25
819C9A,254,22
819CE3,255,151
819DC7,255,183
819E97,11,15
819E97,255,157
819EAE,255,107
819EB6,255,117
819ECA,255,180
819EDC,0,3
819EDC,11,23
819EDC,254,17583
819EE2,254,29
819FB8,255,135
81A0EB,254,23
81A19C,255,56
81A1B8,254,7
81A2AA,255,252
81A2F8,255,105
81A3CE,11,16
81A3CE,255,138
81A3E1,255,197
81A4D6,11,12
81A4D6,255,111
81A4DB,255,157
81A4F7,255,156
81A6B9,255,148
81A772,255,131
81A7A9,254,35
81A7CB,254,23
81A7CB,255,109
81A98B,255,70
81A9E2,254,33
81AA7D,11,1
81AA7D,255,287
81AC6D,255,110
81ACDC,254,28
81ACDF,255,221
81AD95,255,227
81ADD1,11,19
81ADD1,255,230
81AEF6,255,136
81AFCC,255,208
81B0F5,254,23
81B29E,254,20
81B2A4,255,363
81B3D9,254,20
81B477,11,13
81B477,255,146
81B4F0,255,103
81B5B2,255,175
81B5F6,254,23
81B6A0,255,157
81B6BE,11,20
81B6BE,255,105
81B770,11,21
81B770,255,406
81B963,11,20
81B963,255,302
81B994,255,173
81B99F,11,6
81B99F,255,482
81BAA6,255,275
81BAB3,255,81
81BAB6,11,5
81BAB6,255,332
81BD8F,255,312
81BEB6,255,118
81BEBC,11,3
81BEBC,255,478
81BF75,255,182
81BFC5,255,81
81BFE6,255,100
81BFEE,255,219
81C0A1,254,34
81C0E2,255,214
81C1BC,254,1
81C1BC,255,85
81C1D6,255,107
81C1E0,11,3
81C1E0,255,237
81C1E8,255,313
81C1EF,255,118
81C599,255,294
81C62E,255,346
81C76B,255,71
81C81F,11,18
81C81F,255,266
81C967,254,21
81C9AF,254,19
81C9F1,255,99
81CB6E,254,24
81CB9E,255,143
81CE91,255,151
81CF6A,255,131
81CF87,255,109
81D06A,255,136
81D165,255,129
81D188,255,140
81D1DC,255,69
81D1E2,255,160
81D2E1,254,33
81D4ED,11,8
81D4ED,255,156
81D67C,255,220
81D6C1,255,64
81D7CF,255,89
81D895,254,29
81DBAE,254,14
81DCCA,11,3
81DCCA,255,290
81DD69,255,348
81DD7F,254,26
81DDC0,254,20
81DDE5,11,16
81DDE5,255,137
81DEA8,255,82
81DEE4,255,267
81E0EE,11,3
81E0EE,255,320
81E48E,254,33
81E4E0,255,416
81E5E2,11,13
81E5E2,255,168
81E5EE,255,174
81E5F7,255,127
81E5FC,255,77
81E69A,255,91
81E6B4,255,93
81E6F6,254,16
81E724,255,394
81E893,255,78
81E9C3,255,434
81EA6D,255,136
81EAD0,254,15
81ED65,255,69
81EFBF,11,8
81EFBF,255,161
81F064,255,99
81F0A8,255,322
81F0C9,11,13
81F0C9,255,172
81F1A4,255,212
81F466,255,97
81F47C,11,8
81F47C,255,134
81F49E,255,331
81F622,11,12
81F622,255,487
81F6DB,255,88
81F7D2,255,172
81F7EA,255,84
81F8BD,255,107
81F98E,254,25
81F9D3,255,117
81FA88,255,286
81FABB,255,237
81FACE,11,21
81FACE,255,174
81FAD8,255,120
81FBB3,255,127
81FC82,254,30
81FDF2,255,101
8202BF,255,120
820324,255,544
8203C6,255,232
82045E,11,17
82045E,255,444
820493,11,11
820493,255,203
820880,255,123
820EC7,255,364
820EEE,254,31
821898,255,100
8218FB,255,281
821A79,255,330
821EC1,255,154
822097,11,24
822097,255,564
822108,255,123
822158,2,1
822158,11,30
822158,255,477
822786,11,5
822786,255,151
822B6C,11,18
822B6C,255,272
822B6D,11,3
822B6D,255,313
823AC5,255,401
823ACC,11,19
823ACC,255,93
823DD0,11,24
823DD0,255,364
823DF4,254,26
8240E2,11,1
8240E2,255,237
82420A,255,149
824305,11,11
824305,255,374
824551,11,9
824551,255,343
824746,11,21
824746,255,870
824D6A,254,21
824FB8,11,11
824FB8,255,262
82544E,255,409
82582D,255,519
8263EB,255,121
8264EB,11,8
8264EB,255,94
826752,2,1
826752,11,17
826752,255,163
826753,255,305
8267AA,255,338
826870,11,11
826870,255,73
826876,254,27
8268FC,254,27
82696D,255,114
826AC5,254,22
826AE1,11,24
826AE1,255,339
826B67,254,24
826C7D,255,310
826CA2,255,126
826D68,255,110
826ED2,254,32
826EFA,255,82
826F72,254,17
827087,254,33
8271B4,255,97
8271ED,255,93
8271F9,11,14
8271F9,255,148
8272E7,255,385
827472,255,111
82748E,255,135
827595,254,13
827595,255,182
82766A,255,227
8277AC,255,248
827952,11,2
827952,255,327
827953,255,225
8279B8,11,16
8279B8,255,241
827BC2,254,16
827BCE,255,150
827C71,254,27
827DF8,255,852
827E99,254,25
827E9A,255,98
827EB5,0,1
827EB5,11,3
827EB5,255,122
827EBD,255,171
827EEA,255,104
827F80,254,23
827FD8,254,16
828074,255,244
82808B,255,255
828191,254,25
8281C4,255,208
8281C5,255,151
8281D9,11,2
8281D9,255,193
8281DA,11,7
8281DA,255,189
828312,11,5
828312,255,241
82833F,11,8
82833F,255,433
828387,255,111
8284D1,254,24
8284D6,255,106
82859F,255,107
8288B1,254,23
8289AC,255,126
828A87,255,548
828B9D,255,233
828CB8,11,9
828CB8,255,220
828CD4,255,238
828EFE,11,24
828EFE,255,341
828F76,254,19
828F9F,255,367
828FE6,11,2
828FE6,255,131
828FFA,255,303
829199,255,115
829273,255,88
82929C,255,69
8292AF,255,101
829308,255,246
82938B,255,78
8294B1,254,29
8294D0,254,19
8294E0,255,106
82978F,11,13
82978F,255,111
829891,255,116
8298CC,255,66
829953,255,477
829AFC,11,5
829AFC,255,265
829F7D,255,97
829F85,254,22
829FC3,255,92
82A0A8,254,21
82A12F,255,281
82A16E,255,136
82A1DF,11,1
82A1DF,255,194
82A376,11,5
82A376,255,224
82A57C,254,21
82A7CF,255,106
82A7EF,255,82
82A873,254,23
82A8E9,255,466
82A9A8,255,89
82A9C5,255,169
82A9EF,255,137
82ABA3,254,27
82AC9F,255,87
82AD75,11,19
82AD75,255,103
82AD88,11,34
82AD88,255,388
82ADD8,255,254
82B0B1,254,12
82B1EF,11,6
82B1EF,254,2
82B1EF,255,145
82B294,255,82
82B2E9,254,21
82B2FB,255,123
82B377,11,12
82B377,255,151
82B3AF,255,397
82B4FD,255,123
82B527,255,282
82B5E6,254,31
82B70F,11,15
82B70F,255,277
82B764,255,110
82B76B,254,15
82B7C6,255,96
82B7F3,255,89
82B8D9,255,167
82BC08,255,487
82BC64,255,190
82BCF8,254,39
82BD70,254,34
82BD94,11,6
82BD94,255,201
82BF8D,254,29
82C4B1,254,28
82C57C,11,3
82C57C,255,119
82C581,254,32
82C694,11,7
82C694,255,89
82C6D3,255,106
82C7F8,255,173
82C89F,11,7
82C89F,255,165
82C922,255,242
82C980,255,137
82C987,254,22
82C98D,255,129
82C9D7,254,20
82CA98,255,233
82CAB6,11,25
82CAB6,255,210
82CAE8,254,24
82CCB9,255,137
82CCD9,254,17
82CDB6,11,7
82CDB6,255,110
82CDFA,255,454
82CE8A,11,17
82CE8A,255,106
82CFD5,255,203
82D091,255,387
82D0C9,254,23
82D1A4,11,16
82D1A4,255,432
82D2CB,255,307
82D395,11,13
82D395,255,313
82D4C3,255,477
82D5AF,255,92
82D5B4,11,16
82D5B4,255,99
82D5B8,11,8
82D5B8,255,359
82D7B4,255,191
82D7B5,254,20
82D7B5,255,234
82D7BA,255,141
82D7C8,255,124
82D8ED,255,120
82D989,255,119
82DA5F,255,353
82DA60,255,373
82DCB3,255,84
82DCF9,11,8
82DCF9,255,112
82DE71,11,19
82DE71,255,275
82DE88,255,88
82DEAA,255,129
82DED6,254,30
82DF9C,255,114
82E0D7,255,464
82E1B0,11,15
82E1B0,255,171
82E1C8,255,257
82E283,11,2
82E283,255,142
82E344,255,303
82E38F,255,108
82E39C,11,11
82E39C,255,283
82E490,255,104
82E4F5,254,28
82E7DE,11,6
82E7DE,255,123
82E879,11,28
82E879,255,92
82E8A5,254,30
82E9F0,255,97
82EB64,255,140
82ECCD,255,127
82ECE8,255,101
82ECF3,11,6
82ECF3,255,179
82ED78,255,98
82EECD,255,488
82EEFB,255,134
82EFDD,11,9
82EFDD,255,81
82F0A5,255,125
82F0C1,11,12
82F0C1,255,191
82F18C,254,18
82F375,11,26
82F375,255,95
82F3EA,255,122
82F49C,255,83
82F4EC,11,1
82F4EC,255,118
82F585,255,157
82F5C4,255,179
82F669,255,598
82F68F,255,638
82F7C4,255,100
82FAF1,255,179
82FB98,254,17
82FBA0,254,30
82FCF0,254,27
82FCF5,255,286
82FD13,11,4
82FD13,255,279
8301F0,11,6
8301F0,255,98
8304FC,255,386
830765,255,151
8309ED,255,288
8309EE,255,254
830C77,255,286
830D96,255,121
831064,255,299
831ECC,11,6
831ECC,255,139
831ECD,255,347
831FCA,11,22
831FCA,255,152
8320A2,255,115
832197,255,438
8322FD,255,376
83248F,255,108
8325DB,11,12
8325DB,255,143
8325DC,11,19
8325DC,255,347
8326CB,255,89
8326DA,11,35
8326DA,254,24714
8326DB,11,4
8326DB,255,389
8326DF,255,291
83286D,255,256
832FFB,11,17
832FFB,255,343
8330AD,255,120
833252,255,556
83341C,11,35
83341C,255,361
833666,255,227
8339A7,255,59
833A23,255,425
833CD8,255,113
833CFC,11,9
833CFC,255,201
833F95,11,9
833F95,255,226
8340EF,255,72
8343BE,254,16
8348BE,255,335
83491D,255,336
834AB5,11,10
834AB5,255,145
835004,11,8
835004,255,376
8350D2,11,12
8350D2,255,338
835181,255,138
835B9D,254,10
835B9D,255,24
835B9E,255,243
835CE0,255,242
835CE1,255,274
835CE7,255,109
83652C,0,1
83652C,11,24
83652C,255,476
836602,255,327
8366D9,11,1
8366D9,255,135
8367AB,11,24
8367AB,255,344
83686F,11,16
83686F,255,111
8368E7,11,12
8368E7,255,125
836AF1,254,23
836B87,255,139
836CB4,254,22
836DAC,255,89
836DB9,255,255
836E1E,11,28
836E1E,255,499
836EDD,11,16
836EDD,255,187
83706D,255,123
837188,255,77
8371B3,254,17
8371DF,255,96
8372E3,254,22
8373AA,255,104
8373CB,255,149
8374E2,254,16
8376BC,255,119
837889,11,20
837889,255,794
837B65,11,1
837B65,255,132
837C7D,254,25
837CEC,255,77
837DB5,254,32
837EF7,11,10
837EF7,255,147
837FA3,255,91
837FC4,255,124
837FDB,255,235
8380D5,255,59
8380D6,255,84
838188,255,109
838198,255,354
8383AF,254,19
8383E3,255,122
8384B4,254,18
838516,255,274
838570,255,139
8386B9,254,23
8386BE,255,125
838794,11,10
838794,255,102
8388A5,255,146
8388A8,254,13
8388A9,254,18
8388C2,255,148
8388E9,11,17
8388E9,255,141
8389A8,254,31
838A1C,11,15
838A1C,255,374
838AF0,255,203
838CAC,255,326
838EA7,255,153
838ECE,255,119
838EEA,254,30
838EF2,255,404
838F75,254,25
83905F,11,24
83905F,255,439
8390C5,11,25
8390C5,255,297
8391B8,11,4
8391B8,255,328
8391F6,254,29
8392D1,255,139
83936B,11,9
83936B,255,72
839379,11,4
839379,255,435
8393CA,254,25
8394A1,11,2
8394A1,255,202
8395C2,255,114
839668,255,148
83984D,11,1
83984D,255,363
839868,255,70
839A7B,255,112
839B91,255,130
839BAD,255,103
839D76,255,102
839D8E,255,180
839E8B,255,153
839ED8,255,148
83A08A,254,30
83A192,255,99
83A1D1,11,2
83A1D1,255,229
83A1D2,255,413
83A1D9,255,107
83A21B,255,216
83A499,11,18
83A499,255,143
83A5CC,254,20
83A5E4,255,247
83A758,11,12
83A758,255,124
83A759,255,217
83A8B0,255,124
83A8D4,255,97
83A9C3,11,9
83A9C3,255,106
83A9CB,11,19
83A9CB,255,76
83AA96,11,9
83AA96,255,134
83AAD9,255,371
83ABDE,255,92
83AC7C,11,9
83AC7C,255,85
83ADA8,254,31
83AFAB,254,24
83AFEA,11,13
83AFEA,255,68
83B0C3,254,17
83B1B9,255,134
83B2A7,255,216
83B468,255,120
83B4AE,254,26
83B4B6,11,17
83B4B6,255,129
83B4EA,11,4
83B4EA,255,249
83B4FE,255,316
83B581,11,4
83B581,255,107
83B5E2,11,14
83B5E2,255,175
83B6E3,11,9
83B6E3,255,109
83B7D5,255,115
83B8A4,2,1
83B8A4,11,13
83B8A4,255,249
83B8C0,254,24
83B9B9,255,653
83B9EE,255,60
83BA88,254,26
83BD73,11,20
83BD73,255,157
83BD82,254,27
83C094,254,16
83C11D,255,196
83C266,255,88
83C278,254,28
83C3BC,254,24
83C5B8,254,1
83C5B8,255,149
83C8FB,11,2
83C8FB,255,265
83C950,255,217
83C987,254,25
83CA2B,255,583
83CA54,255,290
83CAA1,254,36
83CAED,255,131
83CCA2,11,10
83CCA2,255,715
83CCEC,254,14
83CCF5,254,26
83CDB7,254,27
83CDF6,254,18
83CE88,255,119
83CEE3,255,231
83D167,255,203
83D1E0,255,86
83D265,254,28
83D365,11,5
83D365,255,137
83D3EC,255,136
83D46B,255,92
83D5CC,255,111
83D665,255,138
83D670,11,18
83D670,255,136
83D767,255,390
83D776,255,215
83D7A8,255,240
83D981,11,16
83D981,255,77
83D9BD,255,115
83D9E7,255,87
83DB84,255,158
83DC42,255,244
83DD5D,11,14
83DD5D,255,148
83DD66,255,213
83DDBC,254,33
83DE67,255,276
83DFC9,255,97
83E08B,255,117
83E16D,255,117
83E1DF,255,123
83E1FD,11,17
83E1FD,255,136
83E36D,11,4
83E36D,255,353
83E46E,255,73
83E5BC,254,24
83E5D2,254,19
83E5F8,254,24
83E699,11,4
83E699,255,197
83E796,255,134
83E9E0,254,32
83EA6F,255,149
83EAE9,255,134
83EAEA,254,22
83EB88,11,3
83EB88,255,121
83EBAF,255,103
83ECA2,255,102
83EEF0,11,7
83EEF0,255,564
83EF69,255,102
83EF72,255,242
83EF9B,11,8
83EF9B,255,119
83EFA0,11,16
83EFA0,255,123
83EFAB,11,18
83EFAB,254,22
83EFAB,255,213
83F1E0,255,54
83F1F7,254,8
83F2A0,254,14
83F2BA,255,130
83F2FD,254,37
83F31E,255,405
83F37C,11,25
83F37C,255,250
83F4D1,11,4
83F4D1,254,3
83F4D1,255,82
83F4DD,255,236
83F588,254,20
83F5A9,255,81
83F5D4,255,85
83F770,254,25
83F876,255,137
83F9A9,11,23
83F9A9,255,191
83FB79,255,129
83FB7B,254,16
83FBD9,11,3
83FBD9,255,72
83FC90,11,2
83FC90,255,95
83FDE5,254,19
83FE88,255,148
840025,255,368
8403A1,11,13
8403A1,255,127
8408E9,255,240
840ADB,254,22
840BD1,11,7
840BD1,255,349
840C1E,255,474
840D1F,255,16
841281,255,99
8413FA,255,325
8415B8,255,433
8416FC,255,101
841AED,254,24
841B29,11,12
841B29,255,311
841B5C,11,16
841B5C,255,1377
841C3A,255,443
841E81,254,20
841ED9,254,24
841EE5,255,151
8423C2,255,77
8426E9,255,89
8428D3,254,18
842BD6,255,99
8431A1,255,171
8433AA,255,155
843481,255,240
8434C8,254,22
8434FB,255,272
8435C4,254,3
8435C4,255,149
84365D,11,12
84365D,255,269
84374B,11,15
84374B,255,346
8438B2,255,141
843989,254,9
843995,11,3
843995,255,85
8439CC,255,306
843BA4,11,13
843BA4,255,402
843DE7,254,29
843EB9,11,5
843EB9,254,3
843EB9,255,160
844295,255,386
8448A2,11,22
8448A2,255,225
8448B4,255,622
844A4A,11,18
844A4A,255,370
844A65,255,147
844C12,11,14
844C12,255,313
844D79,255,176
844DA5,255,104
844FDF,255,150
8454CD,255,112
8457E2,255,182
845A59,255,257
84618C,11,10
84618C,255,546
8461A0,255,203
846476,254,25
8464F7,254,21
8466B8,255,175
84677D,255,136
8467A1,255,134
8467A2,11,4
8467A2,255,166
8468A9,255,78
8468F4,254,22
8469A6,255,54
8469F0,11,3
8469F0,255,139
846BC2,254,29
846D97,255,109
847278,254,21
8472E3,11,16
8472E3,255,73
847565,255,106
8476DA,254,24
8478C7,255,129
8478D8,255,113
847A9D,255,155
847AE5,255,91
847BBF,255,112
847DD7,255,137
847EDE,11,1
847EDE,255,130
847EF8,254,28
847EF8,255,394
847F8E,255,307
847FDC,255,147
8480CC,254,14
8480E3,11,16
8480E3,255,95
8480F4,255,96
8481E2,11,6
8481E2,255,102
8481E8,11,16
8481E8,255,147
8482B0,11,1
8482B0,255,165
8483AB,254,25
8483B9,254,20
848478,11,12
848478,255,60
848491,255,106
8485C6,255,119
8486AE,11,8
8486AE,255,105
8487F7,255,141
848897,254,23
848969,255,157
8489E5,254,32
8489E8,254,17
8489EC,11,10
8489EC,255,125
848BA6,11,18
848BA6,255,243
848BC1,255,105
848BE6,11,23
848BE6,255,442
848C92,254,21
848DCE,254,30
848E8B,255,460
848E98,255,144
848FA0,254,20
848FAF,255,132
84906D,11,2
84906D,255,247
84916D,254,26
8491A5,11,10
8491A5,255,74
8491B2,254,25
8491DF,254,19
849243,11,30
849243,255,297
84949F,11,23
84949F,255,112
8494DA,255,91
8494EA,11,3
8494EA,255,232
849573,254,22
849661,11,18
849661,255,336
8496D6,255,140
8497D3,254,17
849890,255,187
8498D3,255,82
849A92,255,88
849ABB,11,4
849ABB,255,130
849BB2,254,22
849C84,255,98
849CE2,11,12
849CE2,255,79
849DE7,255,113
849E65,255,305
849F82,11,5
849F82,255,106
84A0EF,11,11
84A0EF,255,100
84A1E9,255,114
84A296,254,21
84A390,254,19
84A39B,11,4
84A39B,255,81
84A484,11,12
84A484,255,235
84A4B0,255,132
84A5B4,255,92
84A5DE,255,133
84A672,255,109
84A7A2,254,25
84A9BE,255,131
84A9CC,254,22
84AA05,11,9
84AA05,255,350
84AAD7,254,19
84AAE2,255,91
84AB7A,11,14
84AB7A,255,83
84AB7F,11,18
84AB7F,255,148
84ABEB,254,34
84AE6B,254,23
84AFF9,255,173
84B1C8,255,102
84B27E,255,88
84B350,255,460
84B394,11,30
84B394,255,212
84B6B1,11,9
84B6B1,255,212
84B7A7,254,20
84B81B,11,5
84B81B,255,150
84B8E0,255,202
84B967,255,122
84BAFD,254,33
84BB70,11,11
84BB70,255,130
84BB7C,255,252
84BD64,255,149
84BDC1,255,165
84BDDB,255,65
84BDF8,255,212
84BEDF,255,123
84BFA6,11,14
84BFA6,255,126
84C071,254,17
84C1EB,255,158
84C276,11,27
84C276,255,138
84C36F,254,4
84C36F,255,242
84C3F6,254,23
84C4D2,255,180
84C4F9,254,20
84C785,254,29
84C78B,255,371
84C7A8,255,264
84C8C7,255,154
84CA5F,255,184
84CBA3,11,2
84CBA3,255,306
84CBF3,254,20
84CCD6,254,22
84CCDF,254,22
84CD82,255,251
84CDFE,254,31
84CE77,11,17
84CE77,255,359
84CE7D,11,23
84CE7D,255,364
84CF7A,255,100
84D0BC,255,160
84D166,255,149
84D222,255,309
84D30A,254,1
84D30A,255,172
84D30B,255,367
84D398,254,29
84D3AB,255,135
84D3AE,11,46
84D3AE,255,324
84D3FB,11,4
84D3FB,255,86
84D48F,255,507
84D4AF,254,38
84D564,11,6
84D564,255,346
84D567,255,176
84D681,11,3
84D681,254,13
84D681,255,102
84D695,255,89
84D7AD,11,21
84D7AD,255,126
84D7D8,254,14
84D8AA,255,121
84DBF1,254,14
84DEA0,254,19
84DF8C,254,21
84DFD7,255,144
84E0B7,254,34
84E0CF,255,67
84E187,11,29
84E187,255,276
84E1A4,254,16
84E1C9,11,18
84E1C9,255,133
84E2D5,11,14
84E2D5,255,387
84E368,254,19
84E38D,255,120
84E3F6,255,103
84E3F8,11,13
84E3F8,255,245
84E580,11,11
84E580,255,92
84E680,254,19
84E793,255,186
84E8EE,254,24
84E9AD,255,157
84E9FB,11,8
84E9FB,255,82
84EB05,255,229
84EC73,255,49
84ED9C,255,386
84EDF0,254,19
84EE7F,11,5
84EE7F,255,132
84EF3F,11,12
84EF3F,255,339
84F07F,255,120
84F195,11,27
84F195,255,193
84F2AC,255,105
84F2C8,254,38
84F2E9,11,8
84F2E9,255,240
84F396,254,26
84F56A,254,27
84F5A8,254,35
84F799,255,76
84F7E0,254,33
84F8C9,255,95
84F9CD,255,73
84FA6C,255,77
84FAFA,254,22
84FBAF,254,34
84FC65,255,129
84FC97,255,119
84FCD5,255,132
84FCE6,11,1
84FCE6,255,78
84FDAC,11,9
84FDAC,255,99
84FEBF,11,27
84FEBF,255,248
85018C,254,16
8501F1,255,345
8503AF,11,7
8503AF,255,171
8504F2,11,17
8504F2,255,113
8508BE,255,411
85094F,255,306
850BA9,254,36
850DD9,255,314
850DFD,255,91
85106F,255,188
8515ED,255,223
851650,255,225
852100,255,336
8521B9,255,283
85238F,255,288
8529F0,254,25
852BDB,11,7
852BDB,255,93
852D69,255,264
852D83,255,119
852DAE,11,4
852DAE,255,128
852EA6,254,32
85318C,255,78
85329E,255,121
85371F,11,32
85371F,255,401
853D30,255,183
853D52,11,30
853D52,255,475
853DAF,255,892
8543B3,255,207
854578,255,241
85468C,11,4
85468C,255,226
8546C4,11,20
8546C4,255,105
8546E2,11,24
8546E2,255,243
8547E1,11,1
8547E1,255,78
854BEE,254,23
854DDF,11,4
854DDF,255,307
854EBC,255,182
854FC0,255,80
8552C3,255,131
85546D,255,123
855567,255,103
85566C,255,247
8556E0,11,18
8556E0,255,323
855761,11,22
855761,255,394
8557F3,255,408
855902,11,7
855902,255,306
855B8C,255,156
8564EB,11,18
8564EB,255,276
85665C,255,446
8566C3,255,131
856750,255,175
8568E8,11,9
8568E8,255,350
856977,255,187
8569A7,255,171
8569C6,254,19
8569CE,254,41
856BBE,254,10
856C77,255,74
856CA1,255,87
856CC3,11,23
856CC3,255,101
856CF5,255,127
856E67,254,31
8570AA,254,23
8570D4,11,21
8570D4,255,100
85717F,254,23
857193,255,166
8572A7,255,155
8572B1,255,83
8572B6,11,1
8572B6,255,166
8572C4,255,140
8572DF,255,129
85736B,11,2
85736B,255,206
8574E6,255,138
85750F,255,351
8577A2,255,117
8577F4,254,37
8577FB,255,54
8578B8,11,5
8578B8,255,170
8578F2,255,379
857999,255,74
8579D2,255,92
8579E1,11,12
8579E1,255,98
8579F7,11,7
8579F7,255,123
857AAD,11,4
857AAD,255,166
857BD6,255,162
857BF6,255,141
857DE2,255,114
857EB5,255,115
857ECE,254,31
857F8A,254,20
857F8D,254,26
85802D,255,229
858095,11,3
858095,255,149
8580DE,11,17
8580DE,255,95
858421,11,6
858421,255,392
8584D2,255,232
858565,254,26
8586CE,11,18
8586CE,255,138
85894C,255,258
85896E,255,113
858AA9,255,92
858B59,255,265
858BED,255,173
858D78,255,157
858D94,11,3
858D94,255,115
858EA7,254,28
858ED7,254,33
858FB2,255,377
858FB3,254,12
858FB3,255,216
858FB4,255,176
8590D7,254,17
859164,255,175
85921D,11,7
85921D,255,179
85921E,11,17
85921E,255,315
8592B6,254,26
8592F9,255,111
859591,255,102
8596A6,255,91
8597A2,254,33
8597B8,254,20
8597D4,255,134
859983,255,97
8599BB,11,8
8599BB,255,156
859A94,255,126
859A97,255,110
859B9B,254,28
859BA5,11,9
859BA5,255,91
859BAB,254,33
859C68,255,251
859C73,11,15
859C73,255,66
859C7C,254,34
859CA9,255,125
859DD0,255,133
859FBD,255,211
859FE6,255,161
85A074,254,19
85A074,255,93
85A1F0,255,127
85A2F0,254,25
85A3D8,255,277
85A3ED,255,308
85A46F,255,130
85A5C5,254,27
85A649,11,31
85A649,255,367
85A7A1,255,118
85A7B3,11,1
85A7B3,255,176
85A96B,254,21
85A9D2,255,93
85A9EC,255,203
85AA43,255,317
85AB95,255,102
85ABA5,255,98
85ABB6,254,26
85ACAF,255,314
85ACB4,11,3
85ACB4,255,89
85ACBA,11,6
85ACBA,255,101
85AD6F,254,15
85AD7B,254,26
85ADF5,11,15
85ADF5,255,350
85AEC4,255,130
85AF60,11,20
85AF60,255,233
85AF6D,255,148
85B07A,254,21
85B0C6,255,108
85B2EF,254,21
85B4AE,255,108
85B4AF,255,71
85B4E7,254,20
85B5EB,254,41
85B78B,255,131
85B7E4,254,20
85B882,254,25
85B8B3,255,421
85B9D0,255,407
85BAA8,255,50
85BAD7,254,4
85BC84,11,31
85BC84,255,406
85BCD6,254,27
85BCD6,255,155
85BD6E,255,149
85BDCA,11,48
85BDCA,254,138262
85BDED,255,516
85BE4C,11,1
85BE4C,255,214
85BEA7,255,125
85BEC4,1,1
85BEC4,11,22
85BEC4,255,304
85BEC8,254,32
85BFAC,254,16
85C3B1,254,32
85C3C2,255,168
85C3EB,255,124
85C4E6,254,27
85C510,11,1
85C510,255,314
85C775,254,24
85C7BD,11,11
85C7BD,255,148
85C7CD,254,38
85C864,255,223
85C9A1,255,145
85C9D3,254,24
85CA75,254,14
85CAC3,254,20
85CC8B,254,24
85CC8D,255,146
85CDA1,255,102
85CDF5,254,25
85CEEF,255,74
85D094,0,4
85D094,11,20
85D094,254,4809
85D095,11,16
85D095,255,410
85D191,255,104
85D1A1,255,346
85D26D,11,6
85D26D,255,110
85D291,255,213
85D2B3,255,340
85D373,254,18
85D3AA,255,113
85D3B4,255,103
85D4A4,254,24
85D4BA,254,19
85D59D,11,8
85D59D,255,130
85D647,11,18
85D647,255,177
85D68E,255,125
85D7AF,255,252
85D991,254,21
85D9E7,254,21
85DBAC,255,125
85DBAF,255,165
85DBC5,255,241
85DCF6,254,18
85DD78,254,26
85DD83,254,28
85DD9B,11,2
85DD9B,255,103
85DDF8,11,4
85DDF8,255,152
85DE68,255,146
85DE6C,255,130
85DFC8,254,28
85E157,255,352
85E163,11,23
85E163,255,204
85E1FE,255,355
85E2F1,255,138
85E381,255,118
85E38A,255,168
85E39D,254,23
85E3EF,255,126
85E4A7,254,35
85E5A2,254,22
85E666,255,418
85E679,255,165
85E8C3,255,110
85EA68,255,107
85EA69,255,141
85EA8A,11,1
85EA8A,255,99
85EAF7,255,101
85EB7B,255,116
85EB92,255,29
85EBF7,11,10
85EBF7,255,295
85EC79,254,1
85EC79,255,177
85ECAF,255,113
85EDB1,11,7
85EDB1,255,79
85EE68,11,17
85EE68,255,96
85EF85,255,94
85EFBE,254,25
85EFEA,255,120
85F084,255,89
85F0C7,255,136
85F19F,255,294
85F388,11,7
85F388,255,134
85F3F7,11,1
85F3F7,255,119
85F3FB,254,31
85F468,255,128
85F499,255,120
85F4FB,11,9
85F4FB,255,129
85F581,255,114
85F5B5,254,19
85F5ED,254,34
85F88E,254,27
85F8E3,254,31
85F912,255,345
85F9CB,255,295
85F9D3,254,31
85FA4A,11,9
85FA4A,255,285
85FB8E,255,120
85FD9D,254,26
85FE99,255,123
85FEA2,255,243
85FEE1,255,281
85FEE6,255,109
8602E8,11,1
8602E8,255,97
8603C1,254,33
8604EB,255,86
860C02,11,4
860C02,255,237
8611F9,11,3
8611F9,255,299
861287,11,13
861287,255,135
861398,11,2
861398,255,373
8613B4,11,19
8613B4,255,240
8613F5,1,1
8613F5,11,5
8613F5,255,99
861678,255,87
861A64,255,174
861A85,255,111
861D70,11,36
861D70,255,295
861DD2,11,29
861DD2,255,623
861F71,255,94
8624A2,255,196
862CB5,255,331
862D6A,255,69
8630C9,11,38
8630C9,255,771
86317D,11,17
86317D,255,123
863494,255,118
8635FC,11,9
8635FC,254,6
8635FC,255,149
8635FD,255,270
863880,254,29
863A46,255,435
86418C,255,258
8644A1,255,279
864527,11,15
864527,255,159
8648E7,255,115
864A34,0,2
864A34,11,28
864A34,255,92
864CB6,255,120
864D42,0,2
864D42,11,17
864D42,255,238
864DF8,255,119
8655F8,254,20
865A75,11,23
865A75,255,235
865A97,11,22
865A97,255,502
865C70,254,32
865E8B,255,364
865F47,255,253
8660EB,11,21
8660EB,255,291
8663A3,255,163
8664A9,254,24
8665E6,11,2
8665E6,255,192
8666B7,11,3
8666B7,255,87
86676A,255,225
866772,254,20
866796,255,143
8667C8,11,4
8667C8,255,325
8667CA,255,271
866A86,255,80
866A8B,255,283
866AEF,255,168
866C7E,255,63
866DE3,11,9
866DE3,255,113
866EBA,255,138
866FA2,254,19
866FC4,255,116
866FD0,255,308
867069,255,105
8671B8,254,24
8671D5,255,101
8672DB,11,13
8672DB,255,255
8673E5,255,93
867478,254,5
867478,255,135
867486,255,98
867566,254,16
867570,254,28
867586,255,135
867674,254,35
86776A,255,184
8677AA,255,101
8677AC,254,18
867867,254,26
8678C6,254,21
8679FD,255,270
867A67,255,898
867A99,255,114
867AB4,254,39
867ADE,255,148
867BC2,255,248
867BD9,254,19
867C6B,11,8
867C6B,255,103
867C75,11,5
867C75,255,92
867E7D,255,136
867F97,255,170
868071,255,152
8681DD,255,59
8684E5,254,20
8685C2,255,424
8686C4,255,110
868892,11,13
868892,255,316
8689A5,11,12
8689A5,255,114
868AEC,255,120
868C97,11,4
868C97,255,231
868DE0,254,21
868ED8,255,122
868EDB,255,123
868F84,11,1
868F84,255,263
868FBC,255,93
868FC1,255,83
8690BD,11,22
8690BD,255,89
8690CB,11,20
8690CB,255,159
8690F2,255,121
8690F5,255,109
86936E,255,156
869473,11,3
869473,255,208
8694B1,255,109
8694EA,255,141
86956C,254,26
8695B0,255,178
8695C2,254,15
86967E,255,86
8698F9,255,118
869946,255,313
869A6E,255,380
869A8D,255,294
869AD7,255,246
869ADD,255,104
869B46,11,16
869B46,255,364
869B7A,254,23
869BED,11,33
869BED,255,375
869C71,254,20
86A0CA,255,121
86A0EE,11,169
86A0EE,254,241436
86A0EE,255,10
86A19D,254,15
86A27C,255,324
86A319,255,386
86A577,255,128
86A6B6,255,159
86A6F0,11,10
86A6F0,255,103
86A788,255,119
86A78C,254,21
86A7F8,254,23
86A7F9,255,133
86A8F7,254,20
86A8F9,255,106
86A981,254,28
86A9C9,255,123
86AB5F,255,478
86AB6A,255,157
86AB6C,255,92
86AC7E,255,173
86AC87,254,29
86ACA7,254,29
86ACE1,255,436
86ACEE,254,20
86AD9D,254,33
86AEFB,255,499
86AFD2,11,20
86AFD2,255,303
86AFF1,11,21
86AFF1,255,207
86B18A,11,4
86B18A,255,139
86B1EA,255,102
86B292,254,20
86B6CD,255,126
86B9B3,255,80
86B9BE,255,79
86B9E9,255,116
86BB38,11,3
86BB38,255,167
86BB72,255,176
86BB88,255,95
86BB8E,254,23
86BBB3,11,13
86BBB3,255,392
86BBFB,255,96
86BCAA,255,84
86BCED,11,18
86BCED,255,452
86BD1D,11,4
86BD1D,255,322
86BEA9,255,125
86BF9E,11,20
86BF9E,255,393
86C2BB,11,3
86C2BB,255,437
86C37F,11,15
86C37F,255,91
86C385,11,14
86C385,255,135
86C4BB,255,206
86C56F,255,152
86C5CE,254,24
86C6BD,255,125
86CB38,11,1
86CB38,255,96
86CBD2,255,90
86CC6C,254,19
86CCCA,11,5
86CCCA,255,214
86CDAF,11,10
86CDAF,255,113
86CE8A,254,34
86CE8B,255,273
86CE8C,255,337
86CF6B,11,22
86CF6B,255,382
86CF8E,11,6
86CF8E,255,98
86CF96,254,20
86CF99,255,288
86D0BE,255,128
86D0E5,255,133
86D199,255,496
86D230,255,424
86D26D,255,116
86D370,255,156
86D3C0,254,27
86D7CD,254,22
86D9AF,11,12
86D9AF,255,135
86D9FA,255,183
86DAFD,255,196
86DB69,255,347
86DCF3,254,34
86DDE6,255,393
86DF9C,255,118
86DFDC,11,10
86DFDC,255,175
86E0A1,11,7
86E0A1,255,254
86E297,255,393
86E2C7,255,91
86E3B9,255,226
86E3E1,255,82
86E4E7,255,112
86E56F,11,4
86E56F,255,313
86E666,254,25
86E67D,255,123
86E7E8,255,116
86E8C3,255,132
86E979,254,20
86E9B7,254,25
86EAA2,255,118
86EADB,255,114
86EAF8,255,111
86EB01,255,406
86EBDE,255,252
86EBEB,254,24
86EC78,255,149
86ECB4,255,293
86ED44,11,13
86ED44,255,153
86ED45,255,276
86ED9E,255,138
86EF75,255,218
86EFBD,254,34
86F0FB,254,27
86F33F,255,184
86F396,254,27
86F3A1,11,1
86F3A1,255,120
86F3A5,255,285
86F3A8,254,22
86F3B7,255,272
86F487,254,14
86F5EE,255,77
86F6A1,254,18
86F6AE,255,396
86F89D,11,8
86F89D,255,121
86F990,254,28
86FB66,255,116
86FB6D,255,183
86FBE0,255,54
86FC96,255,99
86FD70,255,117
86FDB8,11,5
86FDB8,255,124
86FDC9,255,141
86FEA0,255,114
870570,255,167
8705DB,11,14
8705DB,255,197
8707CF,255,355
8709C7,11,29
8709C7,255,251
870A9A,254,18
870E11,11,4
870E11,255,231
871070,255,452
8713BE,11,11
8713BE,255,100
871975,254,24
8719CD,0,1
8719CD,11,5
8719CD,255,295
871E9D,11,2
871E9D,255,226
871EB4,255,186
871FEC,255,159
8722AC,255,224
87270D,255,407
872A89,255,151
872ADA,11,4
872ADA,254,861
872DE9,11,23
872DE9,255,165
872FB9,11,13
872FB9,255,445
87316D,255,128
8732D9,254,23
873345,11,13
873345,255,356
8733F6,255,201
87357B,11,4
87357B,255,279
87387D,255,116
8738BC,255,80
873A3C,255,823
873BDB,11,19
873BDB,255,209
873D93,11,18
873D93,255,331
873EBA,255,242
873EBB,11,13
873EBB,255,388
87407F,11,8
87407F,255,195
8740D4,11,21
8740D4,255,491
87480E,255,224
8749B5,11,43
8749B5,255,459
874D2B,11,11
874D2B,255,197
875668,255,295
8759A5,254,16
875B68,11,14
875B68,255,113
875B84,255,388
875D22,11,18
875D22,254,2
875D22,255,204
875D23,11,21
875D23,255,342
875E6C,255,126
875FFA,255,146
876079,255,140
8760E4,11,8
8760E4,255,220
8764A7,255,74
8764EC,255,287
87661D,11,23
87661D,255,258
876692,255,109
8766D4,255,300
8766E2,255,250
876861,1,1
876861,11,26
876861,255,353
8768D3,255,254
87692A,11,30
87692A,255,546
8769CF,11,25
8769CF,255,314
8769D0,255,93
876B8D,11,7
876B8D,255,407
876BB4,255,279
876BE8,255,103
876D64,255,130
876DBE,255,99
876EE4,254,26
876FB7,254,31
876FE7,255,67
876FF8,254,34
87744A,255,393
8775DD,255,151
8776B7,254,16
87777B,255,127
877782,254,23
8778CC,254,21
87795F,255,372
8779A2,254,10
877A66,255,189
877AC8,254,20
877ADB,254,20
877BD7,255,101
877CB0,11,10
877CB0,255,219
877CB1,11,35
877CB1,255,223
877CCF,255,154
877CDD,255,113
877DCD,254,11
877DD4,255,79
877E22,11,3
877E22,255,220
877EDE,11,5
877EDE,255,709
877FF6,255,236
87806C,254,26
8780B6,11,24
8780B6,255,281
8780B7,255,85
878164,255,114
87816D,255,102
8781B7,255,167
8781E6,254,21
8783B7,255,297
8783EA,255,278
8786FD,254,20
8787D3,255,283
8788B6,11,13
8788B6,255,183
8788CE,255,121
87896F,255,95
878981,255,101
878988,255,248
87899D,255,116
8789BC,254,19
8789E2,255,168
878C94,254,23
878DCF,254,31
878FED,254,25
878FFE,254,23
879085,254,29
8790BA,254,22
8790DD,255,103
879281,255,125
87936F,255,139
879374,255,223
8793B9,11,8
8793B9,255,144
8793D8,11,7
8793D8,255,239
8795AE,255,106
8795EF,255,258
87966F,255,122
879682,254,33
879764,11,9
879764,255,218
879778,254,16
879830,255,617
879866,254,25
879868,255,76
8798D1,255,157
8798E2,254,22
8799A0,11,21
8799A0,255,208
8799DA,255,104
879B2C,255,208
879B72,254,18
879C69,254,25
879C73,11,2
879C73,255,142
879CCB,255,114
879D76,255,137
879D86,11,1
879D86,255,78
879F9F,254,44
879FCB,255,483
87A285,254,16
87A2D4,255,239
87A328,255,277
87A377,255,91
87A3A9,255,320
87A3B4,254,24
87A3C9,11,16
87A3C9,255,239
87A4F2,255,122
87A531,11,23
87A531,255,315
87A5D6,254,24
87A66C,11,3
87A66C,255,136
87A7A9,255,145
87A7E6,254,27
87A7EA,255,93
87A89D,255,104
87A98B,254,26
87A9B0,254,23
87A9B5,255,158
87AAE4,255,106
87ABF7,255,217
87ACA8,255,116
87ACE9,255,118
87AF95,255,212
87AFC2,254,26
87AFDF,255,162
87B0B3,255,106
87B58E,255,177
87B5AE,255,58
87B5CA,254,21
87B5D1,11,25
87B5D1,255,86
87B7D6,255,109
87B88A,254,23
87B9A6,255,130
87BA73,255,258
87BAAF,255,109
87BBA3,11,26
87BBA3,255,572
87BBB3,255,284
87BBC0,254,23
87BBC8,254,11
87BBD1,11,40
87BBD1,255,644
87BCE2,254,23
87BD80,254,1
87BDEF,255,124
87BED7,254,35
87BFBC,255,374
87BFCB,11,13
87BFCB,255,136
87C17D,255,236
87C185,11,8
87C185,255,64
87C3B5,254,17
87C4CD,11,12
87C4CD,255,182
87C5C2,255,92
87C635,11,6
87C635,255,283
87C6E8,255,82
87C769,255,98
87C77C,254,30
87C8AA,254,30
87C8B3,255,139
87C967,11,36
87C967,255,762
87CACC,255,119
87CB7F,255,121
87CD87,255,99
87CDBF,255,120
87CDE9,254,2
87CE77,11,5
87CE77,255,232
87CEAA,254,26
87CF6B,254,16
87D194,255,172
87D1BE,255,77
87D36B,255,82
87D3C6,255,66
87D4C2,255,108
87D574,255,75
87D57A,255,146
87D5C0,255,137
87D5E9,254,25
87D6A6,255,110
87D6E9,11,12
87D6E9,255,70
87D97F,254,39
87DBC3,11,11
87DBC3,255,103
87DCFB,11,15
87DCFB,255,178
87DD81,255,97
87DDC9,254,15
87DEC2,255,83
87DF71,11,13
87DF71,255,141
87DFFB,255,120
87E0A7,11,4
87E0A7,255,222
87E0C8,11,5
87E0C8,255,103
87E1AB,255,119
87E3B7,255,267
87E3BE,255,160
87E419,11,27
87E419,255,562
87E4B7,254,25
87E577,255,97
87E5AA,255,285
87E6E5,11,8
87E6E5,255,238
87E6E9,254,1
87E6F1,254,33
87E7D5,254,19
87E982,255,71
87E9BE,254,15
87E9D9,254,8
87EC92,255,165
87ED62,255,531
87EDA1,255,120
87EDB3,255,235
87EDF5,254,26
87EEB3,11,3
87EEB3,255,146
87EEBA,255,229
87EEC7,255,151
87F199,255,208
87F1A3,255,123
87F393,255,120
87F3AA,255,319
87F498,254,41
87F4DC,254,1
87F4DC,255,183
87F4EC,254,19
87F584,255,160
87F5B6,11,21
87F5B6,255,326
87F5E4,11,7
87F5E4,255,134
87F7DD,255,94
87F8DB,11,13
87F8DB,255,48
87F9E1,255,161
87F9F5,11,43
87F9F5,254,323470
87FAD9,255,207
87FC6F,254,26
87FCB8,255,113
87FDDD,255,347
87FF3F,11,21
87FF3F,255,158
87FF40,255,438
880043,11,2
880043,255,244
88012B,255,226
88027A,255,265
88029D,255,405
880AD5,255,156
880BBE,11,1
880BBE,255,314
881038,255,408
881922,255,261
881AC4,255,126
882472,254,26
8824C3,11,9
8824C3,255,397
8825AC,11,7
8825AC,255,157
8825AD,255,299
88276F,254,26
882A6B,255,138
882C73,255,121
88307F,255,130
88329F,11,10
88329F,255,121
8836AF,255,160
883715,255,246
8838A1,254,22
8838A5,255,110
8838A9,255,157
883979,255,146
883A87,255,80
883C5B,255,301
883E7E,11,4
883E7E,255,269
8842EF,255,113
884B07,11,9
884B07,255,356
884F39,11,1
884F39,255,328
884FB0,255,348
88528E,255,117
8853CA,255,363
8855E7,11,17
8855E7,255,219
885B7F,254,24
885BF8,255,85
88609C,255,115
886394,255,99
8863F4,255,95
886588,254,22
88659E,255,97
8865A5,254,20
8865ED,11,17
8865ED,255,111
8866C9,11,9
8866C9,255,293
8867C7,255,102
8867FD,11,12
8867FD,255,114
8868D5,255,127
886A08,11,6
886A08,255,209
886BE8,254,16
886BF7,254,3
886BF7,255,130
886CB7,255,124
886CEB,11,11
886CEB,255,81
886FE3,11,9
886FE3,255,124
887065,11,2
887065,255,123
88707D,254,23
88716F,254,29
8871CE,255,230
8872A5,11,3
8872A5,255,117
887367,11,6
887367,255,143
8873A2,255,84
88747F,255,136
8874C6,255,56
887664,254,23
887671,255,192
88767C,255,102
887689,255,158
8876B1,255,105
8876C9,11,5
8876C9,255,164
8877AB,255,249
8877DF,254,34
8878ED,255,451
887968,255,84
887974,255,366
887983,254,15
88798C,255,314
887CD6,11,6
887CD6,255,224
887DEF,255,82
887EBF,254,24
887EF5,254,27
887F1C,11,20
887F1C,255,283
888097,255,353
8880F2,254,31
8883EA,255,78
888689,255,257
888694,255,67
8887E8,11,4
8887E8,255,213
888895,255,77
8889DF,254,1
8889DF,255,104
888AA2,255,112
888C93,11,18
888C93,255,190
888C99,11,3
888C99,255,139
888CC3,255,86
888CFA,255,122
888D68,255,92
888E95,254,17
888EC4,255,239
888FE7,255,105
889064,255,228
889067,254,1
889067,255,98
8890E1,11,17
8890E1,255,160
889165,254,32
8891A4,11,14
8891A4,255,294
8891BB,11,19
8891BB,255,441
8893AC,254,10
88948C,255,126
8895B5,255,127
8897B4,11,4
8897B4,255,61
889E19,255,479
889FF8,254,32
88A1DB,254,23
88A1F9,11,21
88A1F9,255,118
88A2A7,255,127
88A2C4,254,28
88A2CA,255,535
88A2E9,11,27
88A2E9,255,176
88A2F2,255,93
88A371,255,278
88A40C,255,296
88A467,255,117
88A48E,254,22
88A4C9,254,17
88A4D2,254,18
88A87A,255,96
88A8CA,254,4
88A98D,11,17
88A98D,255,420
88A9D7,254,33
88AAAB,254,9
88AAE3,11,8
88AAE3,255,393
88AAFB,255,211
88AB64,255,133
88AC96,255,89
88ACED,11,6
88ACED,255,148
88AD3C,255,447
88ADE5,255,148
88AE8E,255,124
88AF68,254,31
88B0A1,254,28
88B0E4,11,5
88B0E4,255,151
88B1A4,254,2
88B1A4,255,171
88B1C6,255,175
88B399,254,22
88B494,254,26
88B6A3,11,3
88B6A3,255,173
88B6C6,255,127
88B7B2,255,129
88B8C1,255,129
88B980,255,120
88B9F1,11,4
88B9F1,255,80
88BA9E,11,4
88BA9E,255,87
88BDAF,255,92
88BDC0,255,70
88BF73,255,87
88BFD6,255,159
88C080,255,97
88C096,255,116
88C1D9,255,180
88C2DD,11,4
88C2DD,255,178
88C496,254,21
88C57E,254,27
88C6BA,254,33
88C6EA,11,17
88C6EA,255,180
88C86E,11,1
88C86E,254,1
88C86E,255,103
88C87D,255,169
88C9E3,255,90
88CAC3,254,21
88CAEE,11,3
88CAEE,255,125
88CBF3,254,16
88CCBF,255,130
88CCEF,254,26
88CEA6,254,24
88CEDD,254,34
88CEF6,254,40
88D0E0,255,173
88D0F7,255,260
88D1B6,11,5
88D1B6,255,190
88D3CC,255,120
88D69F,255,46
88D6C6,255,116
88D6DF,255,137
88D76B,11,10
88D76B,255,122
88D775,11,26
88D775,255,211
88D7AA,255,104
88D98C,11,8
88D98C,255,311
88DA7B,255,105
88DCE9,255,182
88DD6D,11,9
88DD6D,255,125
88DDFD,255,138
88DEB0,11,1
88DEB0,255,114
88DFBC,11,5
88DFBC,255,102
88DFF7,255,125
88E084,254,23
88E087,254,22
88E1C8,11,5
88E1C8,255,101
88E326,255,351
88E3AC,254,31
88E3F8,255,173
88E428,11,15
88E428,255,142
88E69C,255,124
88E7F9,255,96
88E9C5,255,100
88EA6B,11,5
88EA6B,255,142
88EA81,255,118
88EBBB,255,99
88EBC2,11,4
88EBC2,255,132
88EBEA,254,31
88EC95,11,16
88EC95,255,151
88ECDC,255,284
88ED78,255,81
88EEDF,254,20
88F07B,255,108
88F097,11,27
88F097,255,251
88F1A5,255,103
88F1E5,11,2
88F1E5,255,204
88F2BF,255,143
88F2E6,255,230
88F3A7,254,41
88F3C5,254,25
88F4C4,254,25
88F5A4,254,37
88F5AB,255,108
88F66A,11,9
88F66A,255,204
88F671,11,17
88F671,255,143
88F6F6,255,122
88F8DA,255,198
88F996,255,136
88F9BF,255,189
88FCD4,255,106
88FCE3,11,12
88FCE3,255,96
88FDDF,11,8
88FDDF,255,122
88FEDD,255,90
890008,11,18
890008,255,309
8901BB,255,703
8906CE,255,233
890963,11,15
890963,255,393
890AA0,255,282
8913D2,254,2
8913D2,255,60
8913D4,254,4
891508,255,486
89166C,11,15
89166C,255,313
891698,255,119
891974,255,322
891A4C,11,26
891A4C,255,436
891ADC,255,216
891B7C,254,31
8921E7,11,6
8921E7,255,216
8921E8,255,366
892280,254,34
8922DF,11,21
8922DF,255,133
892322,255,282
892AEE,11,36
892AEE,255,360
892B9D,11,4
892B9D,255,350
892DDB,255,94
892E88,255,86
893134,255,406
893777,255,103
89388C,11,27
89388C,255,568
893B5F,11,1
893B5F,255,316
893D0A,255,370
8946D6,255,125
8946D8,255,46
894A28,11,3
894A28,255,379
894AB8,254,24
894AD7,255,118
894AE7,255,156
895389,255,111
895394,255,121
8956AC,11,26
8956AC,255,836
8956AD,255,511
89577F,255,94
895F9A,255,147
896069,254,25
8961C3,11,23
8961C3,255,256
8962D8,11,21
8962D8,255,399
896541,255,493
896542,255,417
896573,11,10
896573,255,429
896576,255,244
896586,255,75
8965A6,0,2
8965A6,11,14
8965A6,255,198
896664,11,5
896664,255,288
896680,11,6
896680,255,109
8967EA,254,20
896965,254,22
8969D8,255,300
896B78,254,24
896C6A,255,85
896DA3,11,16
896DA3,255,246
896DE4,11,9
896DE4,255,184
896E7C,255,111
896FF3,255,140
897079,254,34
897088,11,6
897088,255,80
8972B8,11,24
8972B8,255,382
8972D7,255,244
89756C,255,90
8976A6,254,20
8976AA,254,26
8976E4,11,12
8976E4,255,312
8976EF,11,8
8976EF,255,168
897795,255,471
8977FC,255,121
897894,11,31
897894,255,126
897975,11,3
897975,255,109
8979B8,11,17
8979B8,255,157
897B7C,254,21
897B93,255,473
897BD7,255,242
897CC7,255,152
897D69,255,266
897D90,11,9
897D90,255,534
897DCE,255,242
897DE5,11,2
897DE5,255,175
897E8F,11,23
897E8F,255,121
897FC3,255,89
898165,254,27
8981EB,255,97
898268,255,102
8982A5,11,6
8982A5,255,90
8982D8,254,32
89837B,255,405
8986A6,255,125
8987E4,11,2
8987E4,255,247
898912,255,189
89896F,255,124
898A9C,255,164
898ADF,255,134
898AEE,11,11
898AEE,255,89
898B97,254,22
898BB1,254,24
898CC5,255,261
898E8C,11,25
898E8C,255,260
898EF5,255,85
898EFE,254,36
898F7C,11,4
898F7C,255,95
898FD0,255,99
8990FA,11,2
8990FA,255,80
89916E,254,25
8991E1,255,237
899351,255,219
899466,255,271
899467,11,17
899467,255,74
899480,255,107
899487,255,139
8994AF,254,31
899596,254,28
8995A3,255,125
8995B2,254,27
8995C0,254,19
8996F1,255,89
8997DE,255,203
8998C0,255,104
8998E3,255,190
8998EE,254,22
8999AF,11,16
8999AF,255,84
8999C3,255,184
899A6E,254,28
899AC4,255,179
899AF5,255,234
899B66,255,192
899BF3,255,83
899CEF,255,110
899D8F,255,145
899FC1,11,9
899FC1,255,164
899FD3,254,20
89A186,11,7
89A186,255,55
89A192,255,223
89A2C9,255,137
89A2FC,255,134
89A3AD,255,470
89A47B,255,120
89A4A0,255,167
89A4E4,255,120
89A4F2,255,122
89A881,255,133
89A8DD,254,20
89AA9D,255,105
89AAAE,11,26
89AAAE,255,568
89ABDF,255,127
89AC44,255,243
89ADC5,11,3
89ADC5,255,170
89AEFC,255,287
89AF9F,254,30
89AFAB,254,18
89B0DC,255,56
89B178,255,73
89B197,254,24
89B1AF,255,121
89B5CF,11,22
89B5CF,255,244
89B66C,254,22
89B6C7,255,232
89B7EB,255,102
89B8E1,255,129
89BB73,255,229
89BBC2,11,5
89BBC2,255,113
89BBCF,255,144
89BCF3,254,21
89BE88,255,116
89BECD,255,89
89BEF5,255,204
89BF8F,254,30
89BFF7,254,20
89C0EF,254,22
89C271,255,107
89C294,11,4
89C294,255,228
89C3DA,255,118
89C482,11,5
89C482,255,145
89C4D6,11,5
89C4D6,255,335
89C69F,11,9
89C69F,255,51
89C86E,254,25
89C9BB,254,29
89C9FB,255,99
89CC96,255,96
89CCA6,255,129
89CCEA,11,3
89CCEA,255,325
89CDF3,254,29
89CEC2,11,1
89CEC2,255,113
89CF74,255,104
89CF83,255,101
89CFD8,255,137
89D0CA,11,6
89D0CA,255,115
89D17B,255,119
89D1B9,255,110
89D2DE,255,100
89D4C4,254,26
89D4CF,254,24
89D57D,255,115
89D5C1,11,20
89D5C1,255,59
89D6AF,254,26
89D790,254,36
89D7E4,254,19
89D882,11,12
89D882,255,552
89DA98,255,273
89DAE1,255,110
89DB68,254,31
89DCF0,11,21
89DCF0,255,369
89DDA1,254,26
89DDA2,255,110
89E0A1,255,107
89E0CF,255,121
89E1AD,255,280
89E1CD,255,144
89E1CE,255,192
89E1F8,255,125
89E365,255,101
89E411,255,101
89E590,254,26
89E5CD,255,118
89E6B9,254,18
89E7A5,254,21
89E7BF,254,20
89E872,1,1
89E872,11,14
89E872,255,242
89E8B3,255,119
89E96F,255,345
89E98A,255,352
89E9BB,255,272
89E9C2,11,17
89E9C2,255,147
89EAE0,255,166
89EAEA,255,221
89EBE2,255,210
89EBF4,255,153
89ECBC,255,114
89ECEC,255,149
89ED9F,11,23
89ED9F,255,54
89EDA2,255,201
89EE68,11,11
89EE68,255,213
89EF82,255,127
89F1A8,255,132
89F1FE,255,147
89F2B2,11,30
89F2B2,255,231
89F3E2,255,134
89F47B,255,134
89F4CF,255,93
89F566,254,22
89F667,254,37
89F7C7,255,101
89F7D9,255,146
89F7FE,11,7
89F7FE,255,71
89F88B,11,12
89F88B,255,111
89F897,255,90
89F8A8,254,30
89F9A6,255,123
89FBC2,255,127
89FCFE,11,9
89FCFE,255,117
89FD6D,255,197
89FD7A,255,88
89FDC2,254,21
89FE93,11,5
89FE93,255,96
89FEC3,255,131
8A000D,11,2
8A000D,255,134
8A01EE,255,289
8A0286,255,221
8A04F9,255,324
8A05DB,255,98
8A065D,255,570
8A0752,11,5
8A0752,255,275
8A07E4,255,186
8A0888,254,30
8A08DF,255,176
8A0E7C,255,145
8A12AA,255,96
8A12CE,255,444
8A1507,255,375
8A18BB,255,322
8A1994,255,87
8A1F5E,255,412
8A219F,11,10
8A219F,255,73
8A23B5,255,255
8A23CF,11,12
8A23CF,255,99
8A34D1,255,442
8A3CA9,255,125
8A3FA2,255,316
8A41F3,254,37
8A448F,255,135
8A4AF5,11,4
8A4AF5,255,127
8A4F5B,11,4
8A4F5B,255,475
8A4F69,255,133
8A516F,255,72
8A5693,11,2
8A5693,255,608
8A5757,255,289
8A5967,11,3
8A5967,255,100
8A5A91,254,32
8A5AF9,255,154
8A5EAA,11,25
8A5EAA,255,280
8A6149,255,257
8A65F5,255,71
8A667A,11,10
8A667A,255,148
8A67EE,254,15
8A6AF5,11,2
8A6AF5,255,371
8A6B62,11,31
8A6B62,255,243
8A6B7A,255,166
8A6BD0,11,3
8A6BD0,255,160
8A6CEC,254,17
8A6D71,254,31
8A6DCD,255,100
8A6EC8,255,382
8A707B,255,242
8A723A,255,605
8A72F9,11,24
8A72F9,255,142
8A74D7,11,38
8A74D7,255,468
8A752E,255,190
8A756E,255,310
8A77AF,11,14
8A77AF,255,67
8A79F7,255,317
8A7A87,255,132
8A7AA6,255,79
8A7BCB,255,93
8A7BFE,255,210
8A7CBD,255,274
8A7CF8,254,17
8A7DB2,255,319
8A7EA5,254,18
8A7EFD,255,149
8A8072,254,27
8A8083,254,22
8A80BA,255,160
8A80CA,254,24
8A81A5,255,103
8A81B5,255,88
8A81D7,11,7
8A81D7,255,64
8A8265,11,5
8A8265,255,437
8A827C,254,22
8A82E5,254,22
8A849B,255,260
8A8569,254,35
8A8583,255,109
8A85E6,255,178
8A87B0,255,239
8A87DF,254,18
8A887F,255,98
8A8A71,255,203
8A8AB5,255,272
8A8BF2,254,26
8A8C84,11,27
8A8C84,254,26
8A8C84,255,206
8A8DEE,255,157
8A8ED4,11,5
8A8ED4,255,70
8A8F9E,255,89
8A8FF1,254,24
8A9124,11,12
8A9124,255,310
8A929F,11,17
8A929F,255,476
8A93A1,255,369
8A9681,255,89
8A96FA,11,23
8A96FA,255,255
8A97D8,254,22
8A99A6,11,3
8A99A6,255,105
8A99EB,255,133
8A9A78,255,106
8A9ABB,254,25
8A9BF3,255,105
8A9DB1,255,222
8A9FA2,254,18
8AA0DE,255,157
8AA16A,11,28
8AA16A,255,269
8AA1BA,255,106
8AA4C3,254,36
8AAB83,255,247
8AABE6,255,224
8AAE9B,255,168
8AAEDA,255,205
8AAEEC,255,72
8AAF7F,254,23
8AAFC4,255,407
8AB098,11,22
8AB098,255,150
8AB0B0,255,117
8AB0B2,255,232
8AB1B6,254,24
8AB289,255,77
8AB290,255,142
8AB3D4,255,139
8AB4DF,255,158
8AB4EA,254,28
8AB5B0,11,20
8AB5B0,255,331
8AB6C6,254,19
8AB8B4,255,99
8AB8F5,11,44
8AB8F5,255,401
8AB91E,255,197
8ABA0C,11,5
8ABA0C,255,172
8ABA0D,255,339
8ABAB9,255,78
8ABAE1,254,37
8ABAF3,255,135
8ABBC8,254,24
8ABBE3,254,19
8ABC6F,255,91
8ABC83,254,20
8ABC9A,255,113
8ABCBF,254,26
8ABCD3,254,27
8ABCF4,254,23
8ABEC7,255,159
8ABFB8,11,7
8ABFB8,255,187
8ABFEB,254,37
8AC069,255,85
8AC0AF,255,262
8AC2CD,255,145
8AC2EA,11,15
8AC2EA,255,120
8AC492,11,1
8AC492,255,148
8AC4BE,11,24
8AC4BE,255,163
8AC58D,11,16
8AC58D,255,256
8AC5D8,11,4
8AC5D8,255,226
8AC696,11,11
8AC696,255,107
8AC6EA,255,83
8ACC7D,254,26
8ACCAB,255,203
8ACCCC,254,23
8ACED2,254,32
8ACEEB,255,83
8ACF8B,11,3
8ACF8B,255,142
8ACFA3,254,31
8ACFB8,254,32
8AD23C,11,3
8AD23C,255,389
8AD35C,11,1
8AD35C,255,199
8AD3F3,255,98
8AD463,255,329
8AD4FA,255,157
8AD587,254,35
8AD681,254,21
8AD68B,255,246
8AD6DD,255,100
8AD791,11,17
8AD791,255,186
8AD798,255,108
8AD7F7,255,86
8AD899,254,11
8AD8A2,255,71
8AD974,254,38
8AD9C2,255,331
8ADA75,255,112
8ADBAE,254,18
8ADC55,11,14
8ADC55,255,354
8ADC8E,11,19
8ADC8E,255,99
8ADCBC,254,22
8ADDAE,255,71
8ADE9B,11,14
8ADE9B,255,277
8ADEB1,254,33
8ADEDE,254,27
8ADF8C,255,153
8ADFAE,11,10
8ADFAE,255,58
8ADFD0,255,137
8AE089,11,11
8AE089,255,77
8AE0FD,255,273
8AE16C,255,265
8AE273,254,28
8AE48A,254,28
8AE5C3,255,250
8AE5E5,254,16
8AE66A,255,91
8AE6C5,254,29
8AE8AC,255,142
8AE8C6,255,89
8AEA7E,254,22
8AECE6,255,285
8AEDC6,11,8
8AEDC6,255,315
8AEDFE,255,133
8AEE7E,254,35
8AEF66,11,16
8AEF66,255,162
8AEFA0,11,13
8AEFA0,255,68
8AEFD6,11,7
8AEFD6,255,190
8AF0F0,255,130
8AF122,255,103
8AF17F,254,24
8AF266,11,22
8AF266,255,73
8AF297,255,464
8AF2BD,255,100
8AF2CB,11,7
8AF2CB,255,129
8AF2CD,255,133
8AF2E1,255,120
8AF6BF,255,121
8AF765,255,210
8AF7EE,255,102
8AF7FD,254,17
8AF97D,255,95
8AFC76,254,18
8AFC93,254,22
8AFDCC,255,154
8AFE60,255,534
8AFEB7,255,327
8AFEEE,255,100
8B0058,11,16
8B0058,255,257
8B028D,255,63
8B02C7,255,204
8B0775,2,1
8B0775,11,13
8B0775,255,241
8B0844,11,8
8B0844,255,533
8B0845,255,294
8B0D69,254,24
8B0EF6,254,25
8B1496,255,209
8B1DE8,11,4
8B1DE8,255,149
8B2411,11,13
8B2411,255,490
8B2872,11,28
8B2872,255,351
8B28F4,255,297
8B2AB2,255,340
8B2AF4,2,1
8B2AF4,11,17
8B2AF4,255,83
8B2CA4,11,16
8B2CA4,255,276
8B3167,255,341
8B35A9,255,174
8B36DC,254,23
8B39FC,11,6
8B39FC,255,106
8B3A73,254,39
8B3C74,255,132
8B4679,255,388
8B4B43,11,20
8B4B43,255,306
8B4DDB,254,30
8B50CF,255,121
8B54A0,254,26
8B575D,11,17
8B575D,255,374
8B58C2,255,95
8B59F8,254,16
8B5FB8,11,9
8B5FB8,255,95
8B60B0,255,175
8B62B8,255,159
8B6483,255,114
8B6845,255,376
8B6879,255,103
8B697A,255,113
8B69EF,255,138
8B6AC8,254,17
8B6B6D,254,14
8B6E7E,11,8
8B6E7E,255,99
8B6EE0,254,36
8B71A2,254,30
8B71DC,11,1
8B71DC,255,123
8B739F,11,4
8B739F,255,109
8B73B3,11,4
8B73B3,255,132
8B749B,254,25
8B7691,255,155
8B76B0,11,12
8B76B0,255,255
8B76CB,255,106
8B76D6,255,223
8B778A,255,202
8B7965,254,27
8B79AF,255,109
8B79BA,255,232
8B7A7E,254,26
8B7BE1,255,114
8B7C93,11,29
8B7C93,255,353
8B7DCF,254,27
8B7E71,254,21
8B7FBA,255,110
8B81D7,255,187
8B826B,255,74
8B84A9,255,119
8B8570,255,95
8B87B8,255,136
8B87D6,255,115
8B87ED,255,99
8B89F3,11,16
8B89F3,255,86
8B8BA8,255,82
8B8BFB,255,98
8B8D77,255,104
8B8DAB,255,17
8B8EC5,254,27
8B8EE0,11,3
8B8EE0,255,229
8B909C,255,91
8B90A9,254,28
8B90D1,255,155
8B917F,254,30
8B91B8,254,10
8B91F5,254,22
8B9288,255,115
8B93FC,255,164
8B94D4,11,12
8B94D4,255,96
8B94F2,255,92
8B9592,255,83
8B96C6,11,6
8B96C6,255,437
8B96DF,254,18
8B9783,255,105
8B98DE,255,210
8B98F4,254,21
8B99A0,255,92
8B99A6,11,15
8B99A6,255,216
8B9B85,255,212
8B9BA8,255,81
8B9BDF,11,2
8B9BDF,255,205
8B9E92,255,176
8B9EE7,255,83
8B9F2F,255,221
8B9F30,255,332
8B9F8D,11,13
8B9F8D,255,51
8B9FA9,255,130
8BA0C4,254,26
8BA0D1,254,27
8BA1BC,255,104
8BA1D1,254,31
8BA1D5,254,18
8BA322,11,3
8BA322,255,287
8BA35A,11,17
8BA35A,255,339
8BA66D,255,128
8BA6B8,255,86
8BA6F0,255,125
8BA77F,254,32
8BA7AD,255,82
8BA7C4,255,227
8BA86F,254,20
8BA8DB,255,82
8BAA6C,254,19
8BABF4,11,9
8BABF4,255,118
8BADB6,254,38
8BAF90,255,99
8BB067,255,176
8BB092,254,19
8BB09E,254,34
8BB2D4,254,24
8BB2E6,254,16
8BB3B2,11,15
8BB3B2,255,87
8BB482,255,73
8BB564,11,3
8BB564,255,119
8BB5BF,255,157
8BB664,255,165
8BB689,255,288
8BB6A8,11,10
8BB6A8,255,212
8BB7AF,255,80
8BB8C0,255,108
8BB8C2,254,31
8BBC6B,254,15
8BBCBD,255,108
8BBCC0,11,4
8BBCC0,255,151
8BBCE0,255,59
8BBE7A,255,65
8BBEA5,11,26
8BBEA5,255,184
8BBEF1,255,129
8BBF71,255,113
8BBF9D,255,149
8BBFB1,255,73
8BC39D,255,184
8BC46B,254,19
8BC4C6,255,98
8BC4C8,254,18
8BC5D3,255,194
8BC5D7,255,134
8BC665,255,138
8BC6C4,254,28
8BC6C7,255,70
8BC6E9,255,112
8BC77D,255,165
8BC8D0,255,484
8BC8E3,255,96
8BC91C,255,331
8BCAB3,254,35
8BCAE3,11,2
8BCAE3,255,111
8BCCA4,0,2
8BCCA4,11,22
8BCCA4,255,235
8BCCC5,255,287
8BCDCD,11,7
8BCDCD,255,288
8BCDDE,255,128
8BCE6E,255,126
8BCEE1,255,180
8BCF22,255,201
8BD056,11,17
8BD056,255,155
8BD057,11,1
8BD057,255,181
8BD1AA,255,293
8BD1D4,255,81
8BD2F9,255,162
8BD387,255,417
8BD39C,255,110
8BD4F1,11,7
8BD4F1,255,231
8BD5A0,255,113
8BD77E,255,461
8BD890,255,116
8BDA75,11,4
8BDA75,255,391
8BDAAD,255,67
8BDBF4,11,19
8BDBF4,255,261
8BDCEC,254,26
8BDDCE,11,23
8BDDCE,255,484
8BDE69,11,23
8BDE69,255,124
8BDE70,11,5
8BDE70,255,186
8BDE90,255,123
8BDEBE,11,18
8BDEBE,255,359
8BDFD8,255,118
8BE09D,11,10
8BE09D,255,178
8BE1A8,254,16
8BE1AE,254,29
8BE24E,255,308
8BE2FC,11,10
8BE2FC,255,103
8BE475,11,12
8BE475,255,161
8BE576,255,85
8BE57C,255,245
8BE5AD,255,361
8BE5D1,11,75
8BE5D1,254,76344
8BE5D1,255,3
8BE5EA,255,83
8BE694,255,163
8BE69E,11,23
8BE69E,255,111
8BE765,254,31
8BE770,255,127
8BE781,255,261
8BE9A7,254,21
8BE9B4,254,8
8BE9FB,255,335
8BEA6B,11,7
8BEA6B,255,131
8BEA9A,255,104
8BEAAA,255,166
8BEB23,255,301
8BEC77,255,132
8BEDB5,254,6
8BEDB5,255,75
8BEDD7,11,7
8BEDD7,255,159
8BEDEC,255,85
8BEE86,255,81
8BF096,255,191
8BF1B8,254,17
8BF1CB,254,22
8BF4D1,11,11
8BF4D1,255,260
8BF6D7,11,11
8BF6D7,255,436
8BF7E5,11,12
8BF7E5,255,337
8BFBD0,11,10
8BFBD0,255,123
8BFCA0,254,1
8BFCA0,255,232
8BFDC1,255,498
8BFE41,11,16
8BFE41,255,437
8BFEE1,0,1
8BFEE1,11,14
8BFEE1,255,97
8C00FC,2,1
8C00FC,11,58
8C00FC,255,320
8C061A,11,43
8C061A,255,306
8C061B,11,6
8C061B,255,442
8C0841,11,13
8C0841,255,317
8C0EC6,254,22
8C13CE,11,5
8C13CE,255,135
8C1F6B,255,260
8C2807,255,344
8C2BE6,255,344
8C2EF7,255,494
8C2EF8,11,24
8C2EF8,255,512
8C3085,255,347
8C3253,11,30
8C3253,255,676
8C36D3,255,280
8C3A51,255,697
8C3BB2,11,3
8C3BB2,255,142
8C3E65,11,5
8C3E65,255,254
8C42A8,255,336
8C42E7,254,19
8C42FD,254,21
8C46A2,255,350
8C4836,255,302
8C4944,255,336
8C4BC9,254,31
8C54AB,254,17
8C57E4,255,102
8C5956,255,270
8C5B64,11,4
8C5B64,255,308
8C5F7C,255,315
8C61B3,254,25
8C658B,255,189
8C668A,254,29
8C66D2,255,343
8C6889,254,20
8C6891,254,21
8C689D,255,106
8C696A,255,82
8C6A6A,254,38
8C6A8D,254,33
8C6BA8,255,68
8C6BB9,0,1
8C6BB9,11,1
8C6BB9,255,89
8C6C82,255,209
8C6F25,255,264
8C71CC,255,133
8C71E3,255,192
8C7289,255,104
8C728C,255,73
8C72AE,11,22
8C72AE,255,144
8C72FD,255,96
8C7364,254,14
8C757A,255,63
8C75EE,255,265
8C7644,255,372
8C76B7,255,1004
8C7816,11,6
8C7816,255,396
8C7880,255,84
8C7885,255,115
8C7B6C,254,33
8C7BDD,254,19
8C7C86,11,17
8C7C86,255,88
8C7DF4,254,22
8C7FB5,11,9
8C7FB5,255,126
8C8080,254,21
8C818F,255,86
8C81B8,11,15
8C81B8,255,247
8C846F,255,82
8C84C9,255,162
8C85BC,255,135
8C86B6,255,99
8C86D7,255,55
8C86F1,255,87
8C86F6,255,93
8C879A,254,28
8C87A2,255,186
8C889F,11,8
8C889F,255,98
8C8986,11,12
8C8986,255,155
8C8A3F,11,8
8C8A3F,255,572
8C8A58,255,388
8C8AE3,255,98
8C8B7D,254,26
8C8CB6,255,187
8C8D70,254,16
8C8D73,11,3
8C8D73,255,115
8C8EEC,255,110
8C8F98,254,18
8C8FF4,254,20
8C9066,254,22
8C90CB,255,101
8C918B,255,100
8C91F8,255,130
8C92A2,254,30
8C93A8,254,20
8C93B5,255,310
8C948C,11,17
8C948C,255,171
8C94AD,255,100
8C9593,11,1
8C9593,255,157
8C9671,255,79
8C968F,11,16
8C968F,255,79
8C96F0,255,116
8C96F9,255,104
8C974D,255,377
8C979A,11,10
8C979A,255,507
8C9875,0,4
8C9875,1,2
8C9875,2,12
8C9875,11,5443
8C9875,254,43
8C9875,255,684058
8C98BD,255,83
8C9980,11,15
8C9980,255,37
8C99FC,255,272
8C9AB6,255,97
8C9B7C,11,9
8C9B7C,255,280
8C9CA3,254,16
8C9DA7,254,28
8C9ED6,255,121
8C9ED7,255,130
8C9FA8,255,119
8C9FAC,254,1
8C9FAC,255,343
8CA069,255,171
8CA1DA,255,289
8CA20C,0,1
8CA20C,11,17
8CA20C,255,244
8CA282,255,88
8CA2CA,254,20
8CA4CD,11,11
8CA4CD,255,213
8CA4D1,254,21
8CA56B,255,98
8CA56C,11,2
8CA56C,254,1
8CA56C,255,64
8CA6E9,11,12
8CA6E9,255,220
8CA6F1,254,20
8CA8BE,11,15
8CA8BE,255,152
8CA973,11,8
8CA973,255,121
8CA99B,254,35
8CAA9C,255,95
8CAB92,254,32
8CACF2,254,19
8CAD7F,255,130
8CADD2,254,24
8CAE83,254,33
8CAF80,11,30
8CAF80,255,517
8CAFE4,254,18
8CB18D,11,7
8CB18D,255,68
8CB28C,255,117
8CB2B0,255,124
8CB2F3,254,21
8CB3AA,255,114
8CB4F2,255,95
8CB5D2,11,12
8CB5D2,255,102
8CB6E5,255,148
8CB781,254,22
8CB7EF,254,29
8CB894,254,26
8CB9E6,254,27
8CBACB,11,3
8CBACB,255,187
8CBB28,11,9
8CBB28,255,277
8CBD68,11,19
8CBD68,255,195
8CBD6C,254,30
8CBD90,254,25
8CBE71,254,24
8CBE73,255,191
8CBEC1,255,104
8CBECB,255,119
8CBECE,255,123
8CBF72,254,17
8CBF89,255,179
8CC092,254,27
8CC0C8,255,161
8CC1C8,255,216
8CC391,11,7
8CC391,255,136
8CC3F0,254,23
8CC43F,11,12
8CC43F,255,378
8CC48C,254,36
8CC4CB,255,117
8CC59D,254,1
8CC59D,255,55
8CC5B6,255,243
8CC6DE,255,127
8CC7A1,255,111
8CC892,254,22
8CC8DF,255,230
8CC99F,255,515
8CC9FB,254,23
8CCA6E,255,81
8CCA93,255,300
8CCBFD,11,21
8CCBFD,255,94
8CCDA8,11,7
8CCDA8,255,142
8CCF94,11,25
8CCF94,255,205
8CD094,255,159
8CD18F,255,102
8CD194,255,130
8CD1DF,11,16
8CD1DF,255,78
8CD32F,255,192
8CD477,255,88
8CD4C9,255,105
8CD592,255,154
8CD691,255,205
8CD69C,255,70
8CD6AA,255,98
8CD6DA,255,173
8CD7BE,254,31
8CD7F9,254,16
8CD866,255,102
8CD9FC,254,32
8CDA71,255,117
8CDADD,254,4
8CDB99,255,87
8CDBC0,11,7
8CDBC0,255,108
8CDC6F,255,139
8CDDD6,254,22
8CDE88,255,76
8CDEC7,11,14
8CDEC7,255,195
8CDFB1,255,112
8CDFBF,254,31
8CE09C,254,24
8CE0EA,254,19
8CE176,11,14
8CE176,255,290
8CE1BC,254,22
8CE21A,255,649
8CE2A5,254,31
8CE36D,254,15
8CE3F2,254,29
8CE4D9,11,2
8CE4D9,255,254
8CE5DE,255,119
8CE695,255,110
8CE69D,11,10
8CE69D,255,119
8CE6DD,255,188
8CE7D8,254,21
8CE981,255,145
8CE9EE,11,10
8CE9EE,255,122
8CEB82,255,181
8CEBC4,255,155
8CEBFD,254,39
8CECEC,11,11
8CECEC,255,210
8CED65,255,127
8CEDBC,254,14
8CEE98,254,15
8CEECE,255,115
8CEF19,255,341
8CEFEE,255,123
8CF2A9,11,25
8CF2A9,255,170
8CF3E6,255,68
8CF479,255,70
8CF4BC,11,19
8CF4BC,255,115
8CF6B2,255,323
8CF781,254,21
8CF786,254,28
8CF88D,255,99
8CF992,254,24
8CF9C7,255,124
8CFBA9,254,25
8CFDB8,254,21
8CFE0A,255,428
8CFE79,254,22
8D0122,255,559
8D0951,11,3
8D0951,255,368
8D09CB,255,338
8D0A95,255,275
8D117B,255,113
8D14DC,255,373
8D177A,255,108
8D1B59,255,261
8D20E1,255,99
8D23D9,255,202
8D250A,11,10
8D250A,255,579
8D268C,255,136
8D271F,255,378
8D2823,255,1006
8D2F0C,255,306
8D31E0,255,268
8D33C2,255,107
8D3551,11,17
8D3551,255,282
8D3552,255,236
8D35E0,255,102
8D387C,255,353
8D3EBA,255,283
8D4291,255,326
8D4764,11,7
8D4764,255,57
8D4875,254,28
8D4A7C,255,317
8D4AAB,11,11
8D4AAB,255,347
8D4B0C,11,19
8D4B0C,255,330
8D5663,255,265
8D5888,255,379
8D5904,255,464
8D59B1,255,301
8D5B8A,255,100
8D6283,255,109
8D63A3,11,13
8D63A3,255,326
8D6495,254,30
8D66EB,255,92
8D66F2,254,33
8D677C,254,24
8D6793,255,132
8D6874,255,196
8D68ED,255,140
8D6A83,11,16
8D6A83,255,68
8D6AE2,255,102
8D6B11,11,3
8D6B11,255,350
8D6B70,254,21
8D6B94,255,268
8D6C99,255,99
8D6F4F,255,369
8D6F8B,255,153
8D6FAC,255,102
8D6FF9,11,6
8D6FF9,255,77
8D709A,255,104
8D71E1,11,35
8D71E1,255,261
8D71F5,254,21
8D71FE,255,181
8D72AC,255,243
8D74EA,255,93
8D756A,11,1
8D756A,255,208
8D75A0,255,309
8D76F2,255,118
8D7782,255,113
8D7796,255,50
8D77B1,11,19
8D77B1,255,782
8D77B8,0,1
8D77B8,11,7
8D77B8,255,524
8D77DE,254,29
8D7867,254,18
8D78A0,254,24
8D7987,254,23
8D7B1C,11,34
8D7B1C,255,301
8D7BAC,11,5
8D7BAC,255,110
8D7CA9,255,284
8D7CB4,254,15
8D7CE2,255,333
8D7DCD,11,20
8D7DCD,255,322
8D7DDE,255,107
8D7E9F,254,18
8D7EBF,254,26
8D7EF3,255,108
8D7FC8,254,27
8D8070,255,285
8D8071,11,11
8D8071,255,291
8D8134,255,464
8D81F1,255,117
8D8234,11,25
8D8234,255,256
8D8242,11,12
8D8242,255,834
8D82E2,254,14
8D82E5,11,1
8D82E5,255,147
8D83A0,0,1
8D83A0,11,2
8D83A0,255,193
8D849A,2,1
8D849A,11,11
8D849A,255,110
8D84F8,255,111
8D8573,254,23
8D8575,255,89
8D85B7,254,27
8D88CF,254,38
8D8966,255,331
8D8967,255,263
8D89B8,255,127
8D89DA,254,35
8D8A0D,11,2
8D8A0D,255,496
8D8A9E,254,27
8D8BA5,254,32
8D8C87,255,86
8D8D88,255,197
8D8ED2,255,313
8D8FBF,11,8
8D8FBF,255,80
8D9066,2,2
8D9066,11,31
8D9066,254,2
8D9066,255,183
8D90AA,11,6
8D90AA,255,174
8D90BC,254,29
8D91F4,255,83
8D91F8,255,126
8D9314,255,236
8D93E4,255,92
8D94BE,11,14
8D94BE,255,134
8D95C5,11,11
8D95C5,255,435
8D96CF,255,406
8D98F5,255,69
8D99C4,255,67
8D9AD2,254,19
8D9C6A,254,24
8D9D90,255,113
8D9EC1,255,86
8D9EC9,11,19
8D9EC9,255,172
8D9FC8,254,26
8DA0C2,255,167
8DA29E,254,36
8DA39C,254,2
8DA3CF,254,19
8DA46C,255,109
8DA48B,255,128
8DA490,255,121
8DA4B3,254,21
8DA67D,254,28
8DA6D3,11,13
8DA6D3,254,1
8DA6D3,255,107
8DA6F4,255,80
8DA6FE,11,9
8DA6FE,255,149
8DA79E,254,36
8DA7EF,11,35
8DA7EF,254,221
8DA9B7,255,142
8DA9EC,254,25
8DAA75,11,11
8DAA75,255,112
8DAABC,254,29
8DAB1F,255,284
8DABE6,255,154
8DACC9,255,140
8DAD9C,255,128
8DADD3,255,173
8DADF6,255,104
8DAED8,255,76
8DAF84,255,123
8DAFDD,11,24
8DAFDD,255,181
8DB0AB,254,26
8DB172,255,208
8DB19D,254,20
8DB272,255,234
8DB280,255,122
8DB2DE,11,5
8DB2DE,255,40
8DB341,255,575
8DB388,255,259
8DB3AA,255,99
8DB4E7,255,126
8DB576,255,167
8DB59C,255,114
8DB6A8,255,246
8DBB73,255,425
8DBBAD,255,122
8DBDF9,254,8
8DC130,11,19
8DC130,255,440
8DC18A,11,21
8DC18A,255,396
8DC1EA,255,100
8DC3C6,255,111
8DC3D6,255,148
8DC3F8,11,15
8DC3F8,255,176
8DC4CE,254,15
8DC5DE,255,98
8DC6A2,11,20
8DC6A2,255,399
8DC788,255,210
8DC8F2,255,313
8DC9E2,255,100
8DCB75,255,118
8DCC76,11,19
8DCC76,255,314
8DCCA1,255,81
8DCCD0,255,117
8DCE89,255,102
8DCEAF,11,21
8DCEAF,255,131
8DCF99,11,8
8DCF99,255,423
8DCFC1,255,113
8DCFFA,255,236
8DD16F,255,202
8DD366,254,26
8DD380,255,101
8DD3F5,11,22
8DD3F5,255,501
8DD40B,11,35
8DD40B,255,491
8DD437,11,13
8DD437,255,612
8DD47B,255,151
8DD482,254,35
8DD7A7,11,25
8DD7A7,255,186
8DD7BA,254,20
8DD7CB,11,14
8DD7CB,255,152
8DD8AA,255,110
8DD9D2,255,70
8DDA19,11,17
8DDA19,255,297
8DDA22,11,10
8DDA22,255,447
8DDA66,255,100
8DDA6E,254,20
8DDB65,255,150
8DDB90,255,121
8DDC46,11,2
8DDC46,255,169
8DDCAD,255,191
8DDE90,11,20
8DDE90,255,426
8DDEA7,255,250
8DDEAE,255,181
8DDECA,255,130
8DDFC9,255,76
8DE10E,255,255
8DE1DB,255,135
8DE280,255,162
8DE3C2,255,90
8DE57D,254,46
8DE5B5,255,242
8DE5FC,255,117
8DE71A,255,609
8DE7FA,255,113
8DE867,255,128
8DE894,255,168
8DE971,254,2
8DE980,255,127
8DEAA6,254,18
8DEC8E,11,20
8DEC8E,255,236
8DED1E,255,607
8DEEF1,255,125
8DEFA6,254,23
8DF0C8,11,10
8DF0C8,255,272
8DF28C,255,104
8DF2F1,254,32
8DF38D,255,286
8DF4E3,254,34
8DF5B2,255,69
8DF6B3,254,22
8DF6CD,255,132
8DF9AB,255,108
8DFAC6,255,125
8DFBAE,11,13
8DFBAE,255,212
8DFC87,255,70
8DFCBB,254,25
8DFD7C,255,342
8DFEC9,255,153
8DFED0,11,16
8DFED0,255,102
8E019A,11,9
8E019A,255,94
8E0410,255,211
8E0847,255,251
8E08C0,255,96
8E0B3E,0,1
8E0B3E,11,14
8E0B3E,255,162
8E0DDC,0,2
8E0DDC,11,11
8E0DDC,255,398
8E1386,11,6
8E1386,255,314
8E138C,11,1
8E138C,255,270
8E17BF,255,129
8E1883,11,4
8E1883,255,149
8E1A9D,11,1
8E1A9D,255,230
8E1CAB,255,99
8E1E8D,255,292
8E1F1F,255,441
8E21E8,255,379
8E2471,255,99
8E24F7,255,136
8E260E,11,36
8E260E,255,437
8E2750,11,1
8E2750,255,277
8E33A5,255,279
8E33F0,255,425
8E3999,255,144
8E39B0,254,18
8E3BE8,255,702
8E3C64,11,10
8E3C64,255,165
8E3C65,11,36
8E3C65,255,229
8E3CCA,255,282
8E4078,255,124
8E4208,255,345
8E44AB,11,8
8E44AB,255,191
8E4856,0,1
8E4856,11,5
8E4856,255,163
8E52C9,255,476
8E52E7,255,218
8E56FD,254,20
8E577D,255,213
8E5FE0,11,4
8E5FE0,255,346
8E61CA,255,126
8E647D,11,26
8E647D,255,272
8E6573,254,30
8E65C0,11,17
8E65C0,255,178
8E6782,255,84
8E68B1,255,108
8E68B9,255,78
8E68F7,254,25
8E68F8,255,79
8E696E,11,13
8E696E,255,125
8E69E9,254,26
8E6A1F,11,9
8E6A1F,255,243
8E6A67,255,100
8E6BAB,255,92
8E6C4D,255,269
8E6EA6,11,18
8E6EA6,255,200
8E6EF0,254,18
8E6F9C,11,2
8E6F9C,255,131
8E6FBD,254,23
8E703F,11,17
8E703F,255,151
8E71C2,255,290
8E72AD,255,571
8E72D1,255,127
8E7317,11,11
8E7317,255,549
8E7318,255,398
8E739A,255,148
8E73E1,255,159
8E7490,11,1
8E7490,255,85
8E74A5,254,27
8E74BF,254,16
8E76D2,255,137
8E777D,255,159
8E778E,254,21
8E77BF,254,18
8E7873,11,1
8E7873,255,107
8E7874,254,25
8E78A1,11,3
8E78A1,255,171
8E78BA,254,27
8E78C1,255,138
8E7BFA,11,9
8E7BFA,255,272
8E7CC2,255,147
8E7CDC,255,125
8E7CF1,255,230
8E7D78,254,31
8E7DC0,255,549
8E7DC1,255,728
8E7EA0,255,94
8E7EBA,255,161
8E7F68,255,136
8E80A7,255,361
8E80CF,255,117
8E8170,11,9
8E8170,255,152
8E8196,255,139
8E8391,255,221
8E83E7,255,266
8E85FD,255,120
8E869E,255,242
8E86B5,254,17
8E8814,255,477
8E8890,11,1
8E8890,255,120
8E8999,255,119
8E8A70,254,27
8E8AA0,254,28
8E8B72,255,111
8E8CB9,255,418
8E8D8F,254,19
8E8EE2,255,96
8E8F94,255,138
8E8FBA,254,28
8E8FC2,11,12
8E8FC2,255,91
8E8FD4,254,22
8E9099,255,329
8E90C4,11,2
8E90C4,255,169
8E90C5,11,7
8E90C5,255,326
8E90FA,11,4
8E90FA,255,235
8E9169,254,27
8E9269,255,188
8E928D,255,129
8E92F2,255,88
8E93A3,255,118
8E93E2,255,100
8E946F,254,29
8E959F,11,11
8E959F,255,156
8E95D9,255,210
8E96E4,254,19
8E97A2,255,138
8E97AA,255,155
8E97BC,255,99
8E9B9A,255,149
8E9BAF,254,28
8E9BD3,254,22
8E9CA2,11,13
8E9CA2,255,264
8E9D9D,255,135
8E9F7F,254,26
8E9FCE,254,21
8EA1A6,255,295
8EA271,254,5
8EA271,255,306
8EA272,255,436
8EA2B3,255,185
8EA3AA,255,95
8EA430,11,6
8EA430,255,170
8EA464,255,144
8EA58E,11,20
8EA58E,255,277
8EA5F3,255,126
8EA666,255,90
8EA66A,11,2
8EA66A,255,92
8EA6DF,255,78
8EA706,255,483
8EA760,255,207
8EA79F,254,21
8EA7BA,254,17
8EA87F,255,473
8EA889,255,155
8EA93C,255,299
8EA971,254,25
8EA9D5,255,165
8EABA0,254,21
8EAC1C,255,195
8EAC61,11,11
8EAC61,255,222
8EAC9F,254,11
8EAD90,255,148
8EADE3,254,8
8EADEB,255,202
8EAF57,255,401
8EB093,254,30
8EB0E1,11,28
8EB0E1,255,302
8EB195,255,238
8EB271,11,1
8EB271,255,89
8EB2D2,255,138
8EB2EA,254,21
8EB3BF,255,117
8EB46F,255,252
8EB4F0,255,135
8EB674,254,10
8EB80C,11,14
8EB80C,255,402
8EB871,11,4
8EB871,255,131
8EB8E8,255,85
8EB9FC,255,84
8EBAA0,11,5
8EBAA0,255,110
8EBB88,255,138
8EBBA8,255,201
8EBBB4,255,104
8EBBD6,255,133
8EBCA5,255,308
8EBD77,255,122
8EBD8E,0,1
8EBD8E,11,3
8EBD8E,255,289
8EBDB4,254,20
8EBE6D,254,17
8EBE91,254,15
8EBFEA,254,24
8EC164,255,573
8EC165,11,16
8EC165,255,197
8EC33A,11,24
8EC33A,255,383
8EC4E1,254,17
8EC4E6,255,136
8EC4EB,254,30
8EC511,11,2
8EC511,255,278
8EC5C8,255,108
8EC7B6,255,107
8EC7BA,254,27
8EC877,255,134
8EC8AB,255,153
8EC9B4,255,98
8ECAD8,255,65
8ECB87,2,1
8ECB87,11,14
8ECB87,255,124
8ECB8D,255,115
8ECDD6,11,26
8ECDD6,255,374
8ECE92,255,115
8ECED3,255,83
8ECEFA,255,264
8ECF85,254,17
8ECF93,11,17
8ECF93,255,77
8ED069,254,34
8ED077,254,34
8ED0B6,254,21
8ED288,11,2
8ED288,255,131
8ED2EA,255,64
8ED373,11,21
8ED373,255,127
8ED38A,255,82
8ED3E3,255,100
8ED47C,255,102
8ED483,255,155
8ED4B1,255,61
8ED4DB,255,109
8ED69C,11,17
8ED69C,255,146
8ED6BD,255,316
8ED6F3,254,23
8ED8B9,255,81
8ED8FB,255,281
8ED8FC,11,17
8ED8FC,255,297
8ED98A,255,146
8ED9B8,11,25
8ED9B8,255,359
8ED9F7,255,81
8EDA65,255,97
8EDAC5,255,156
8EDAFB,11,7
8EDAFB,255,89
8EDBA2,255,124
8EDC6C,255,122
8EDE6E,255,148
8EDE7F,255,250
8EDE9A,254,33
8EDEA6,255,96
8EDEE2,255,116
8EDEE9,255,133
8EE0A2,11,4
8EE0A2,255,113
8EE18F,255,139
8EE1B6,255,395
8EE4A6,255,138
8EE4ED,255,109
8EE4FD,11,27
8EE4FD,255,240
8EE6CA,254,25
8EE6E7,254,21
8EE7E8,254,23
8EE9D2,11,5
8EE9D2,255,218
8EEAE2,11,5
8EEAE2,255,107
8EEEB7,11,6
8EEEB7,255,103
8EEEDB,11,13
8EEEDB,255,57
8EEEDD,11,26
8EEEDD,255,254
8EEF76,254,29
8EEF78,254,20
8EEF9A,11,11
8EEF9A,255,315
8EEFCD,255,137
8EEFCE,255,77
8EF09C,11,14
8EF09C,255,119
8EF2A7,254,3
8EF2A7,255,89
8EF3F9,254,29
8EF467,255,54
8EF4C5,255,579
8EF5A7,254,20
8EF68F,254,21
8EF6B1,11,4
8EF6B1,255,198
8EF888,255,120
8EF8CD,255,81
8EF9BC,255,127
8EF9C4,254,19
8EFCAE,255,93
8EFD92,255,239
8EFDF3,255,112
8EFEDC,255,101
8F0565,255,91
8F08D7,255,196
8F097D,11,2
8F097D,255,151
8F0A82,255,381
8F0CE2,11,33
8F0CE2,255,394
8F0CE5,255,128
8F0FA6,11,14
8F0FA6,255,157
8F1296,11,16
8F1296,255,355
8F1551,11,11
8F1551,255,293
8F157A,11,21
8F157A,255,99
8F1659,11,20
8F1659,255,398
8F19A5,255,101
8F1E0F,255,50
8F2141,255,258
8F229F,255,133
8F2532,11,19
8F2532,255,145
8F253D,255,269
8F2591,255,366
8F29BB,11,3
8F29BB,255,258
8F2AB3,11,2
8F2AB3,255,79
8F2BCF,11,35
8F2BCF,255,601
8F3187,11,18
8F3187,255,372
8F3586,255,107
8F38FA,255,118
8F3A89,255,133
8F3B45,255,266
8F3B6F,11,15
8F3B6F,255,117
8F3C27,11,19
8F3C27,255,262
8F3DCF,11,5
8F3DCF,255,132
8F41D3,11,17
8F41D3,255,300
8F43C1,255,312
8F4C95,255,78
8F4D37,11,26
8F4D37,255,312
8F4DE7,255,370
8F4FC9,255,102
8F5306,255,154
8F56C7,11,12
8F56C7,255,261
8F5A3E,255,470
8F5DDC,255,135
8F61A7,255,227
8F6234,255,198
8F62AA,11,14
8F62AA,255,119
8F62AB,255,275
8F65C4,11,11
8F65C4,255,231
8F67EB,11,14
8F67EB,255,130
8F67EC,255,282
8F6974,254,17
8F69C9,255,114
8F6ADF,11,13
8F6ADF,255,156
8F6AE3,254,18
8F6AF7,255,106
8F6D8B,255,343
8F6F7A,11,9
8F6F7A,255,154
8F6F9D,255,125
8F6FB3,255,312
8F7072,254,25
8F7195,11,1
8F7195,255,135
8F71D6,255,164
8F7275,255,80
8F7369,255,156
8F73B1,11,12
8F73B1,255,45
8F73D5,11,14
8F73D5,255,103
8F74A1,255,222
8F74E4,255,133
8F75AD,254,32
8F76A9,11,30
8F76A9,255,165
8F776B,255,97
8F77B7,255,314
8F77D7,11,16
8F77D7,255,109
8F7886,2,1
8F7886,11,52
8F7886,255,566
8F78C5,255,110
8F7A52,11,15
8F7A52,255,285
8F7AA4,254,21
8F7C85,255,130
8F7CEC,255,94
8F7D94,255,119
8F7E96,254,12
8F7EC4,255,646
8F80A2,254,36
8F80E6,255,88
8F826A,11,2
8F826A,255,244
8F82AA,255,135
8F82D3,255,114
8F83A0,255,97
8F85DF,255,267
8F85E6,255,112
8F868F,255,81
8F87C7,255,292
8F8871,11,7
8F8871,255,272
8F898E,255,95
8F8A0F,255,253
8F8BA3,11,4
8F8BA3,255,66
8F8BD1,255,179
8F8CBC,0,1
8F8CBC,11,29
8F8CBC,255,204
8F8CBD,11,5
8F8CBD,255,421
8F8CDD,254,14
8F8D77,255,133
8F8E67,254,18
8F8F69,11,14
8F8F69,255,194
8F8F95,11,4
8F8F95,255,229
8F90C8,255,184
8F92FA,254,26
8F939F,255,149
8F9479,255,134
8F94C0,255,154
8F9572,255,118
8F9674,255,123
8F9792,255,99
8F987D,255,172
8F9892,254,29
8F9A18,255,292
8F9A81,0,1
8F9A81,11,6
8F9A81,255,89
8F9AA5,255,121
8F9B92,254,23
8F9C6C,255,77
8F9CC2,11,4
8F9CC2,255,70
8F9EA2,11,43
8F9EA2,255,520
8F9EDD,11,14
8F9EDD,255,129
8F9EE4,254,23
8F9FC0,255,83
8F9FDC,255,149
8F9FF6,254,29
8FA09F,255,100
8FA1A2,254,30
8FA269,255,168
8FA2BF,254,26
8FA3C2,255,156
8FA46C,255,90
8FA4E6,255,184
8FA4F2,255,447
8FA671,254,25
8FA671,255,106
8FA6EF,255,173
8FA7D6,255,135
8FA96D,11,19
8FA96D,255,286
8FACDE,255,131
8FACF1,11,83
8FACF1,254,287447
8FADC4,254,26
8FADDA,255,153
8FAFFB,255,117
8FB17E,255,78
8FB48B,255,260
8FB4E6,255,120
8FB545,255,422
8FB58B,255,117
8FB6DF,11,5
8FB6DF,255,94
8FB6EB,11,3
8FB6EB,255,132
8FB6FB,255,340
8FB775,254,1
8FB775,255,150
8FB776,255,272
8FB78B,255,134
8FB7C6,255,103
8FB82B,255,320
8FBB9E,254,26
8FBCDF,254,29
8FBE81,255,85
8FBE98,255,238
8FBF91,254,25
8FBFC5,255,80
8FC0E5,255,130
8FC1C9,254,32
8FC1CF,11,11
8FC1CF,255,117
8FC279,254,25
8FC29A,11,1
8FC29A,255,223
8FC2DC,254,18
8FC2FC,11,10
8FC2FC,255,91
8FC3A3,255,211
8FC3FD,255,78
8FC498,255,446
8FC582,255,97
8FC6CB,254,33
8FC76E,11,7
8FC76E,255,127
8FC779,255,117
8FC787,255,139
8FC7BA,255,71
8FC7EF,254,27
8FC9A5,255,132
8FCA67,11,30
8FCA67,255,199
8FCAF5,254,33
8FCC92,255,106
8FCC98,254,23
8FCD4D,11,6
8FCD4D,255,142
8FCDCE,255,263
8FD17B,255,140
8FD26E,255,82
8FD39C,255,152
8FD4C8,11,2
8FD4C8,255,216
8FD4FA,255,154
8FD8FD,11,4
8FD8FD,255,101
8FD9C9,255,123
8FDABB,11,19
8FDABB,255,336
8FDB6A,255,109
8FDC05,254,3
8FDC05,255,201
8FDC06,255,288
8FDCAB,255,120
8FDDA1,254,19
8FDDC0,254,28
8FDDF3,254,19
8FDE71,255,139
8FDE7B,255,370
8FDED2,254,12
8FDEF9,255,148
8FDEFC,255,117
8FDFFC,255,117
8FE07D,254,23
8FE16A,254,22
8FE286,254,24
8FE287,255,185
8FE28B,255,118
8FE2C0,255,284
8FE2D7,254,15
8FE2FD,255,180
8FE3AF,255,209
8FE567,255,305
8FE57B,11,2
8FE57B,255,101
8FE697,255,150
8FE699,11,11
8FE699,255,92
8FE76B,255,156
8FE7A4,11,9
8FE7A4,255,190
8FE7A6,11,7
8FE7A6,255,118
8FE7AC,255,111
8FE7BF,254,22
8FE8A7,11,29
8FE8A7,255,284
8FE9D5,254,12
8FEA82,255,110
8FEA90,254,23
8FEBD2,255,104
8FEBE9,255,220
8FEDAF,254,27
8FEE94,254,24
8FEEB0,255,66
8FEECD,254,27
8FEF69,254,3
8FEF78,11,12
8FEF78,255,153
8FEFA9,254,29
8FEFAE,255,105
8FF09A,254,24
8FF1F3,255,126
8FF383,254,25
8FF3FD,255,88
8FF499,254,23
8FF4E6,254,20
8FF5C5,255,175
8FF68F,11,36
8FF68F,255,229
8FF6C4,11,25
8FF6C4,255,287
8FF77C,11,6
8FF77C,254,1
8FF77C,255,111
8FF7D4,254,29
8FF7F7,255,106
8FF88F,255,141
8FF8E2,11,13
8FF8E2,255,82
8FF970,255,97
8FF978,11,18
8FF978,255,264
8FF9A8,255,141
8FF9B2,255,188
8FFB9D,255,124
8FFC82,255,240
8FFCCD,11,13
8FFCCD,255,199
8FFD65,11,28
8FFD65,255,145
8FFDF5,11,1
8FFDF5,255,121
9001A2,255,80
900614,255,371
900765,11,4
900765,255,159
900BF2,255,126
900CB1,11,11
900CB1,255,410
900DBA,255,876
901331,11,14
901331,255,252
90178E,254,20
901C1A,255,335
901C1B,255,231
901DB4,255,187
901FB5,11,13
901FB5,255,111
902269,11,12
902269,255,184
9024A8,255,148
9024AD,11,26
9024AD,255,382
9024CA,255,101
902546,11,26
902546,255,361
902596,255,353
9025AD,255,128
90266B,11,13
90266B,255,194
902BA1,255,116
902CCB,11,2
902CCB,255,103
9032A5,255,469
9032D5,255,79
9035D6,255,356
903644,255,464
9036C1,255,194
903BAC,255,51
903C78,255,241
903C79,255,293
903DEA,255,365
9042B2,255,278
9043ED,255,96
904582,11,8
904582,255,296
9048D1,255,83
904AC5,255,284
904BE9,254,28
904CDB,11,15
904CDB,255,282
904CF9,255,241
904E8E,255,93
904EBB,11,1
904EBB,255,127
9050B7,11,7
9050B7,255,294
9052B7,11,21
9052B7,255,353
905337,11,19
905337,255,261
9053CC,11,28
9053CC,255,315
905DE7,255,152
905EA4,255,85
905FC2,254,17
906378,255,396
9063AA,2,1
9063AA,11,12
9063AA,255,146
9063AB,255,316
9065D8,255,156
9065E6,255,105
90667B,255,332
9067A8,255,113
9067AC,255,110
9068AA,255,115
9068B2,255,112
90698E,255,673
9069C6,255,130
906A85,254,32
906B68,11,3
906B68,255,81
906BEA,255,93
906CF2,254,24
906D6D,11,5
906D6D,255,381
906D76,254,23
906E17,11,34
906E17,255,461
906E79,255,146
906EE6,11,7
906EE6,255,142
906F74,11,16
906F74,255,126
906F8A,254,21
906FE8,255,79
9070B1,11,6
9070B1,255,327
9071FC,11,23
9071FC,255,183
9073B7,11,3
9073B7,255,141
9074EF,11,15
9074EF,255,229
907585,255,162
9075A5,254,18
9075E4,254,32
90778A,255,154
9077F6,255,274
907853,255,238
9078F2,255,121
9079B9,255,48
907A90,11,13
907A90,255,172
907A9A,255,119
907AF5,255,390
907CD3,255,60
907CDA,254,24
907D98,255,158
907DCF,255,299
907DDA,255,81
907DF8,255,99
907E40,255,245
907E6F,254,18
907E7A,11,6
907E7A,255,118
907FAD,255,67
9080EC,254,32
9082CA,254,23
90838F,11,1
90838F,255,169
9083E1,254,23
9084BB,255,164
908691,255,168
908786,255,170
9087E0,255,102
9088BB,255,209
9089ED,255,268
908A9B,254,18
908B95,255,102
908D7E,254,33
908E97,254,22
908F9E,255,153
908FD7,254,20
9090B3,254,20
9090C3,255,112
9090DF,254,24
9090EE,254,35
9092B4,255,311
9092CA,254,25
90947F,11,5
90947F,255,106
9094C7,255,103
9094DA,255,119
909588,255,70
9095C6,255,147
90966B,255,155
90969D,254,23
9097C6,254,25
9097D9,11,4
9097D9,255,118
909965,11,8
909965,255,159
909995,255,220
909AD7,255,105
909AF7,255,110
909AFA,11,4
909AFA,255,112
909BCC,255,145
909E75,254,31
909E91,11,11
909E91,255,198
909E96,255,117
909EAB,255,324
90A0B4,255,86
90A0CC,255,95
90A1C3,11,5
90A1C3,255,334
90A2FD,255,413
90A3AE,254,15
90A58C,255,267
90A664,254,28
90A6C3,255,203
90A7AB,255,335
90A7C7,254,25
90A7D7,255,96
90A88A,255,121
90A9E6,254,27
90AA79,255,135
90AAAB,11,9
90AAAB,255,73
90AAC8,255,362
90ACAC,255,115
90ADAE,255,565
90ADFC,254,19
90AE79,255,110
90B029,11,7
90B029,255,346
90B287,11,13
90B287,255,244
90B2C1,255,102
90B39C,254,23
90B4CC,2,1
90B4CC,11,32
90B4CC,255,226
90B5A0,255,416
90B5BC,255,429
90B699,255,152
90B834,11,26
90B834,255,322
90B852,11,4
90B852,255,292
90B8A9,254,6
90B9B2,254,18
90BB81,0,1
90BB81,11,28
90BB81,255,58
90BC71,254,20
90BC95,255,132
90C083,255,133
90C095,255,113
90C2A9,254,22
90C2B8,255,65
90C2C7,254,21
90C315,11,15
90C315,255,256
90C3CE,255,252
90C4C5,255,173
90C5F4,11,11
90C5F4,255,188
90C5F6,254,29
90C6CF,11,14
90C6CF,255,80
90C6EF,254,25
90C896,255,103
90C8FD,11,7
90C8FD,255,124
90C988,255,118
90CBB3,255,112
90CC70,255,153
90CDFA,254,32
90CE66,255,197
90CE7D,255,189
90CFCE,11,27
90CFCE,255,249
90CFFC,255,83
90D0B6,254,26
90D0C1,11,13
90D0C1,255,212
90D0DC,255,83
90D0EB,255,153
90D181,255,110
90D1CC,255,131
90D1FB,254,22
90D2A0,255,62
90D2BD,255,199
90D3C8,255,1469
90D3ED,255,169
90D3EF,255,115
90D513,11,8
90D513,255,585
90D590,2,1
90D590,11,51
90D590,255,486
90D5C9,254,38
90D6AB,255,108
90D6CB,255,142
90D6DB,255,131
90D6DD,255,126
90D7AC,11,2
90D7AC,255,278
90D8C3,255,152
90D8EC,255,290
90D989,255,171
90DA6F,255,419
90DAF5,255,100
90DF13,255,205
90E082,254,24
90E0AD,255,78
90E0B3,255,591
90E176,255,140
90E28D,254,30
90E2BC,255,97
90E4B5,11,3
90E4B5,255,345
90E5C3,255,114
90E5C9,254,31
90E5D4,254,30
90E779,255,251
90E792,254,21
90E883,255,398
90E8A7,255,89
90E8D3,254,20
90E8FA,255,187
90E992,255,69
90E993,254,33
90EA08,11,4
90EA08,255,402
90EAB9,255,252
90EAF6,11,6
90EAF6,255,138
90EBED,255,72
90ECD3,254,17
90EDAA,254,23
90EEEF,254,22
90EF72,11,20
90EF72,255,140
90EFC7,254,14
90F075,11,2
90F075,255,92
90F1D0,11,2
90F1D0,255,210
90F4C7,255,256
90F5E0,255,119
90F7D3,255,94
90F7E4,255,70
90F8AD,255,143
90F9B1,255,193
90FA80,255,228
90FABF,255,193
90FACD,255,154
90FB92,255,117
90FBF2,255,70
90FC94,11,6
90FC94,255,68
90FCDC,254,23
90FCFE,255,124
90FD7E,254,20
90FDC3,255,132
90FDE0,254,19
90FE8B,255,235
90FEBF,254,25
9104E6,255,227
910665,255,144
9106C2,11,20
9106C2,255,327
910B7B,255,329
910D57,11,26
910D57,255,456
910EEA,254,12
910EEA,255,259
910EEB,255,255
910FAA,11,15
910FAA,255,199
9114AD,255,161
9114DE,11,15
9114DE,255,237
911BE3,255,368
911E4A,255,251
911EA5,255,103
911ECF,255,92
912588,255,96
912784,255,109
912786,11,2
912786,255,99
912793,11,2
912793,255,206
91300F,11,26
91300F,255,572
91346C,255,215
9135C5,254,26
9136E6,255,216
913AD7,255,86
913DFA,11,8
913DFA,255,85
9140E0,255,266
9141D7,0,1
9141D7,11,17
9141D7,255,622
914380,255,84
9145F9,255,143
914B6E,255,172
914D72,11,11
914D72,255,88
914F2F,255,317
914F3B,255,516
914FA0,255,90
915504,0,1
915504,11,5
915504,255,257
91596B,11,47
91596B,255,668
915CAA,255,243
915E84,255,137
915FE1,11,30
915FE1,255,154
916074,255,133
916310,11,18
916310,255,393
916351,255,258
916352,11,24
916352,255,692
91658A,255,147
916680,255,117
916981,255,80
916ADA,254,23
916BAE,255,113
916BFA,11,23
916BFA,255,153
916C68,11,8
916C68,255,217
916C7D,11,1
916C7D,255,179
916D89,255,111
916EA8,254,34
916ECD,255,177
916EE0,255,122
916F20,11,2
916F20,255,246
916F89,11,12
916F89,255,294
916F8C,255,163
916FE5,11,16
916FE5,255,108
917099,254,28
9171D0,255,209
917288,255,151
9172D4,255,233
9172DE,255,122
9172E1,255,357
9172F1,255,125
9172F4,11,1
9172F4,255,197
917368,254,34
9173D7,11,15
9173D7,255,490
9173E9,11,20
9173E9,255,91
917496,11,11
917496,255,153
9174CA,255,119
9174F6,255,116
91769D,11,14
91769D,255,366
9176EE,255,137
9178AB,255,101
9178C0,11,5
9178C0,255,132
917AAD,254,33
917AE8,255,316
917C68,254,35
917C86,254,26
917C88,255,99
917CD7,255,151
917CE4,255,173
917D6F,255,131
917DBE,254,22
917F6D,11,16
917F6D,255,94
917FB0,255,100
917FB2,11,19
917FB2,255,232
917FBC,11,27
917FBC,255,303
917FD9,11,12
917FD9,255,63
9180AF,255,114
9180CD,255,58
9181B2,255,369
9181D0,255,126
918272,11,12
918272,255,629
91837B,254,16
9183A9,255,109
9183B6,11,30
9183B6,255,119
9183E2,255,115
9186A8,255,123
9186F4,255,94
91878A,254,22
918799,254,25
918970,254,27
918A7E,255,96
918BE0,254,28
918CB5,255,108
918E0F,255,412
918EE8,254,36
9190B7,255,65
919100,11,7
919100,255,349
9191DE,255,118
919377,255,189
9193D5,254,24
9194C4,11,8
9194C4,255,459
919593,255,134
919672,11,7
919672,255,157
91968D,254,24
9196D7,11,13
9196D7,255,95
9196ED,0,1
9196ED,11,20
9196ED,255,179
9197DD,255,312
919889,254,22
9198E2,254,33
919AAF,254,27
919B7B,254,5
919B7B,255,250
919BE7,255,70
919CC6,255,103
919CF8,254,27
919D77,255,117
919E87,255,743
919F7B,254,30
91A0CF,255,291
91A173,254,27
91A1B4,255,105
91A3A4,255,114
91A4EE,255,269
91A5BC,255,119
91A798,11,3
91A798,255,115
91A7A4,255,324
91A979,255,148
91A9F2,254,10
91AA79,254,23
91AE67,255,65
91B2B2,254,21
91B310,11,1
91B310,255,532
91B379,255,247
91B4A7,255,86
91B4B2,11,11
91B4B2,254,1
91B4B2,255,167
91B5B1,255,79
91B666,255,192
91B667,255,229
91B6AC,11,15
91B6AC,255,278
91B6F8,254,25
91B772,11,3
91B772,255,72
91B78E,11,3
91B78E,255,119
91B79B,254,28
91B7DD,255,317
91B8A4,255,134
91BAC9,255,215
91BBDB,255,103
91BC60,11,5
91BC60,255,367
91BC97,255,155
91BCAF,255,135
91BE5E,1,1
91BE5E,11,19
91BE5E,255,577
91BE92,254,20
91C073,254,32
91C166,254,20
91C1A6,11,13
91C1A6,255,117
91C1FD,254,27
91C496,255,141
91C4A4,255,173
91C5DB,255,139
91C69C,11,5
91C69C,255,89
91C6C6,255,145
91C767,255,307
91C8EC,255,120
91C8ED,255,250
91C992,11,18
91C992,255,104
91C99B,255,514
91C9FE,11,4
91C9FE,255,99
91CA85,255,270
91CB77,255,103
91CB8F,254,22
91CBB6,254,19
91CC86,255,150
91CCBC,11,15
91CCBC,255,92
91CCEA,254,36
91CD14,255,217
91CDA7,254,23
91D0AA,255,128
91D1A4,254,25
91D1BD,11,9
91D1BD,255,140
91D1E2,254,22
91D284,11,2
91D284,255,140
91D368,11,10
91D368,255,132
91D3E8,255,68
91D4F6,255,146
91D573,255,394
91D584,255,113
91D5B3,11,11
91D5B3,255,426
91D5B9,255,130
91D766,254,22
91D783,255,109
91D799,255,115
91D7EA,254,21
91D7EC,11,7
91D7EC,255,170
91D890,255,94
91D89B,11,22
91D89B,255,195
91D8A8,255,151
91D9BE,255,83
91D9E8,255,147
91DA7E,254,13
91DAA0,255,94
91DAC0,254,18
91DBD0,255,158
91DC87,254,28
91DCD6,255,458
91DD9C,254,19
91DDE9,11,17
91DDE9,255,233
91DEE9,254,22
91DFCD,254,19
91E0AC,254,30
91E0B2,11,4
91E0B2,255,271
91E1BC,11,1
91E1BC,255,212
91E2BF,255,320
91E38A,255,117
91E3EA,255,129
91E46F,254,19
91E4C5,255,383
91E4E2,254,13
91E4EC,255,140
91E4F7,255,85
91E56B,255,96
91E58A,255,148
91E6B3,255,106
91E785,255,107
91E79D,254,25
91E854,255,276
91E8B4,255,219
91EBBF,255,399
91ECA1,255,161
91EEC5,255,172
91EEE9,11,10
91EEE9,255,117
91EF68,254,23
91EFCF,11,6
91EFCF,255,174
91F05D,255,262
91F0EF,11,2
91F0EF,255,171
91F0F1,255,198
91F2A5,254,26
91F3E2,254,32
91F3F9,11,6
91F3F9,255,110
91F5AC,255,105
91F680,255,117
91F9C4,11,9
91F9C4,255,123
91FADB,255,97
91FBAD,255,144
91FD97,11,21
91FD97,255,204
91FED0,254,8
920284,255,569
9206A2,11,10
9206A2,255,115
921AA1,255,328
92238B,255,69
9223EC,255,155
922543,11,15
922543,255,247
9227C6,255,259
922AF5,254,22
922BCE,11,16
922BCE,255,282
922CB0,255,194
922D44,255,946
922D49,255,419
922FAB,11,14
922FAB,255,364
9231A6,255,125
9235DE,255,296
923CCD,254,19
924101,255,423
9241CC,255,301
9241E2,11,5
9241E2,254,11
9241E2,255,211
9241E3,11,15
9241E3,255,230
9242A5,255,72
9242CC,254,27
9243CC,255,213
924503,255,308
9245BC,11,20
9245BC,255,235
9245BD,255,330
924787,255,80
9249B0,11,3
9249B0,255,182
924A9D,15,3
924A9D,255,100
924A9E,11,31
924A9E,255,268
9256C8,255,143
9258AC,11,32
9258AC,255,298
9259E0,254,19
925A92,255,128
925EDC,11,9
925EDC,255,243
925F5D,255,358
926196,11,11
926196,255,325
9261DA,255,325
9263F0,11,18
9263F0,255,350
9264C3,255,134
9264DC,255,114
926599,11,4
926599,255,133
926687,254,15
9266CE,11,4
9266CE,255,108
9266E4,254,16
92679C,255,123
9267DB,255,176
9267EF,255,96
926888,254,26
9268A8,11,13
9268A8,255,216
9268DC,255,206
926984,11,22
926984,255,107
9269CF,255,79
926BA3,254,27
926C66,255,91
926EE1,255,248
926FC2,255,124
927178,255,133
9271C9,254,24
92741E,11,27
92741E,255,374
92748B,11,1
92748B,255,111
9274F9,255,155
9276AF,255,85
9276B7,255,124
9276BA,255,592
9276C2,255,162
9276CF,11,38
9276CF,255,420
927877,255,240
927919,11,18
927919,255,257
927989,255,339
9279D9,254,20
9279FE,254,20
927F56,255,309
92807C,254,22
928172,11,19
928172,255,140
928269,255,126
9282AD,11,12
9282AD,255,74
928365,254,21
9283A0,254,25
92847B,255,142
9284E5,11,17
9284E5,255,129
9284EB,255,96
9285AD,255,127
9285AE,255,132
9285DA,254,31
9286F4,254,22
9286FD,11,15
9286FD,255,86
928899,255,270
9289FE,11,35
9289FE,255,554
928A83,254,23
928BD7,11,31
928BD7,255,108
928CD9,255,240
928E6E,254,25
928FB4,255,123
9290B3,255,163
9291A7,11,8
9291A7,255,91
9291DF,255,148
9291E3,255,273
9291F2,255,159
929289,255,122
92928E,254,25
92929E,255,179
9293D1,255,132
9294B9,255,124
92957B,255,92
9295CA,255,152
92968B,254,30
929874,11,15
929874,255,366
9299C0,254,18
929A06,11,24
929A06,255,562
929AA3,11,7
929AA3,255,183
929AFA,254,22
929C6C,11,1
929C6C,255,165
929DAE,255,87
929DBB,254,29
929EBD,254,21
929EF4,254,22
929F71,255,123
929F75,255,94
92A0BC,254,36
92A26D,255,46
92A296,255,77
92A2E4,255,406
92A3B4,254,38
92A4B2,255,146
92A56D,255,185
92A570,11,5
92A570,255,204
92A5B8,11,1
92A5B8,255,199
92A5E3,255,120
92A5F8,254,28
92A673,255,132
92A6C5,255,106
92A6C6,254,17
92A82B,255,441
92A8BB,255,226
92A9CB,255,79
92AA7E,254,19
92AA91,255,89
92AAD3,255,97
92AB74,255,138
92ACE9,255,581
92AF01,255,298
92AFC0,255,193
92B02D,255,766
92B03D,255,186
92B0C7,255,93
92B271,254,30
92B276,255,82
92B4E3,254,23
92B676,255,96
92B795,11,2
92B795,255,77
92B7F2,255,100
92B7FC,255,153
92B9DA,254,25
92BAC8,255,127
92BAFE,255,129
92BB8B,11,10
92BB8B,255,176
92BC6F,254,19
92BC93,11,12
92BC93,255,141
92BCCB,255,147
92BCE5,11,2
92BCE5,255,255
92BDC5,255,68
92BDD9,254,32
92BFC6,254,32
92C0CF,11,22
92C0CF,255,636
92C0DF,255,317
92C17D,11,1
92C17D,255,104
92C28C,255,103
92C3D0,255,121
92C4F0,11,70
92C4F0,254,702038
92C6B6,255,556
92C6CF,255,84
92C9D5,255,107
92CA6F,255,141
92CB6A,255,369
92CBA6,11,6
92CBA6,255,204
92CF1B,11,5
92CF1B,255,293
92CF69,255,208
92CFE3,11,4
92CFE3,255,118
92D014,255,346
92D0F3,11,13
92D0F3,255,93
92D0F5,255,51
92D17D,255,147
92D2AE,255,87
92D2B1,255,107
92D3ED,255,110
92D46F,255,133
92D4BB,255,89
92D587,255,110
92D788,255,102
92D886,255,91
92D8E0,255,227
92DAF4,255,364
92DAFA,11,11
92DAFA,255,130
92DB0F,11,39
92DB0F,255,379
92DCEA,11,204
92DCEA,254,725080
92DCEA,255,9
92DD51,255,293
92DED1,255,107
92DFFB,11,20
92DFFB,255,84
92E19A,255,205
92E1B3,254,29
92E2D7,11,11
92E2D7,255,76
92E3C9,255,152
92E3D3,255,74
92E481,11,13
92E481,255,394
92E4AF,255,160
92E4C5,255,85
92E5F5,11,19
92E5F5,255,260
92E6A9,255,509
92E937,11,21
92E937,255,354
92E999,11,18
92E999,255,337
92EAC5,254,23
92EADF,11,1
92EADF,255,113
92EAEA,255,110
92EB6E,11,2
92EB6E,255,246
92ECD0,11,9
92ECD0,255,74
92ED8E,255,136
92EDC7,255,82
92EE6C,11,7
92EE6C,255,109
92EEAB,255,176
92EEF5,255,1108
92EF0D,11,30
92EF0D,255,433
92EFC1,254,27
92F091,255,111
92F149,255,238
92F178,255,63
92F1B8,11,23
92F1B8,255,267
92F2A7,255,119
92F2FB,254,28
92F36F,255,185
92F3DF,255,372
92F51A,2,1
92F51A,11,43
92F51A,255,361
92F6B3,11,14
92F6B3,255,156
92F852,255,401
92F99E,255,105
92F9ED,254,23
92FAA8,255,170
92FAB4,255,214
92FB6F,255,101
92FB71,11,4
92FB71,255,426
92FB81,254,24
92FB83,11,5
92FB83,255,419
92FBB2,254,23
92FC78,11,10
92FC78,255,101
92FCA6,255,155
92FDF0,255,121
930285,255,123
9302A2,255,222
9304DC,255,438
930D69,255,275
930D7E,11,1
930D7E,255,104
930D80,255,128
930E64,11,21
930E64,255,313
931592,254,18
931716,255,350
9318BC,255,115
931B76,0,1
931B76,11,4
931B76,255,95
931D81,255,74
931D82,255,309
931DF7,255,367
931EFD,255,148
93216E,255,405
9324BB,255,131
9328A1,254,18
9329A5,255,175
93309F,255,67
9332E7,11,5
9332E7,255,101
9335FC,11,7
9335FC,255,243
9337B3,11,8
9337B3,255,758
9337B4,11,22
9337B4,255,262
933AAB,255,160
933AF0,255,114
933CE8,11,9
933CE8,255,100
9340CA,11,12
9340CA,255,292
93420F,255,439
934484,254,18
9346DA,255,609
9346E5,255,82
934B69,255,393
934CFE,11,22
934CFE,255,264
935366,11,13
935366,255,365
9353FD,11,8
9353FD,255,92
935478,255,130
935C62,255,653
935DA2,11,5
935DA2,255,159
935F8D,255,100
935FEF,255,171
9361F5,255,290
9366E1,11,8
9366E1,255,145
9366E3,255,111
9367BE,255,108
9367D4,255,123
9368F5,11,9
9368F5,255,147
936997,254,24
936B52,255,233
936B6C,255,121
936B93,254,25
936F89,255,278
936FE3,255,170
936FFB,255,207
9370E4,254,25
9370F5,255,254
9372A2,11,14
9372A2,255,162
9372FD,255,102
9373D6,11,2
9373D6,255,176
9374BB,255,163
9374F5,254,26
937576,254,15
9375B3,11,27
9375B3,255,118
9376D1,255,113
9377CF,255,119
9377DF,254,21
937857,11,24
937857,255,434
9379C1,255,107
937A95,254,29
937AD9,255,150
937AE1,255,232
937B89,255,125
937BDC,255,293
937BF5,254,24
937C65,254,24
937CAA,254,18
937DC8,11,13
937DC8,255,123
937E89,255,77
937F9B,255,59
937FA0,254,13
937FD9,255,130
9381E8,255,85
938380,254,22
93848F,254,27
9386A9,11,10
9386A9,255,115
9386D6,11,32
9386D6,255,339
9386E3,254,22
938798,255,126
9387CF,255,188
938883,255,143
938B66,254,31
938BB3,255,123
938C5C,255,205
938DF4,255,111
938EA9,255,193
938EB9,255,95
938EC4,11,10
938EC4,255,119
938EFC,255,303
938F2B,255,471
938FBB,255,156
938FEB,255,75
939169,255,119
939279,255,67
939364,255,279
9393F5,255,161
9394F4,255,249
9395F0,255,161
939681,255,103
9397A2,255,194
9398CD,254,33
939964,255,303
939A74,255,161
939AA3,255,127
939ABC,11,10
939ABC,255,290
939ABE,11,4
939ABE,255,88
939AC1,255,117
939AD7,255,267
939B68,255,144
939B81,254,21
939CE6,255,96
939DF4,255,86
939DF7,255,154
939DFC,11,23
939DFC,255,221
939E67,255,121
939E70,255,110
939F9B,11,7
939F9B,254,2
939F9B,255,224
939F9C,255,255
93A081,254,34
93A091,254,27
93A0FD,255,145
93A19F,255,281
93A1B1,255,308
93A1F1,11,16
93A1F1,255,194
93A3A8,255,61
93A3C5,11,12
93A3C5,255,527
93A3CE,254,23
93A4E9,254,25
93A66F,254,39
93A681,11,11
93A681,255,87
93A6BD,255,365
93A6E8,254,24
93A7DC,11,24
93A7DC,255,186
93A8ED,255,91
93A9E8,254,18
93AA7B,255,282
93AA87,255,91
93AAD7,255,289
93AB18,255,240
93AB95,254,17
93AC68,255,92
93ACBF,255,113
93ACE9,254,23
93AF00,255,352
93AFEC,11,3
93AFEC,255,77
93B096,255,162
93B178,11,7
93B178,255,69
93B284,255,369
93B2BA,255,123
93B2E9,255,116
93B3AB,255,96
93B3D3,255,140
93B46C,11,11
93B46C,255,494
93B48A,255,131
93B591,254,29
93B5B0,255,106
93B5FE,254,28
93B6CE,255,77
93B7A4,255,124
93B7D2,255,168
93B862,254,4
93B862,255,247
93B863,255,310
93B8F3,255,86
93B9DE,255,332
93BA6D,255,101
93BA93,255,131
93BCA1,255,121
93BCC7,11,8
93BCC7,255,314
93BD74,255,210
93BD79,255,98
93BED1,255,95
93C0BB,254,30
93C1D6,255,128
93C2E7,254,24
93C48B,255,109
93C57C,254,23
93C7F4,254,26
93C9E0,11,10
93C9E0,255,234
93CAE6,255,240
93CC7F,11,13
93CC7F,255,123
93CCC8,11,2
93CCC8,255,165
93CDD7,255,107
93CDF1,255,156
93CEB7,254,22
93CF85,255,124
93CF98,255,127
93CF9D,254,23
93CFC4,255,145
93D0D0,11,5
93D0D0,255,62
93D17C,254,28
93D193,255,154
93D198,11,2
93D198,255,204
93D35A,11,18
93D35A,255,299
93D382,254,19
93D440,11,38
93D440,255,402
93D4AE,11,10
93D4AE,255,101
93D5C3,255,139
93D6A3,254,30
93D6C6,255,1124
93D6CB,255,264
93D70A,11,8
93D70A,255,267
93D7B5,255,67
93D83C,11,8
93D83C,255,251
93D8AF,254,28
93D96B,254,24
93D991,255,561
93DA94,11,11
93DA94,255,182
93DABD,255,80
93DADF,254,12
93DAE4,255,161
93DDFC,11,6
93DDFC,255,122
93DFE7,11,3
93DFE7,255,106
93E0BA,254,29
93E0D5,255,136
93E182,255,142
93E1AC,255,67
93E3D0,255,119
93E4AA,255,174
93E56A,255,96
93E5A7,11,11
93E5A7,255,195
93E5FC,255,137
93E67E,255,147
93E6C8,255,114
93E9AC,255,311
93EAC5,254,38
93EAE5,255,145
93EBAE,11,16
93EBAE,255,254
93EBB2,255,112
93EBE2,255,123
93ECAB,255,124
93ED96,255,129
93EE9C,255,138
93EEFE,254,27
93EFE8,255,101
93F183,11,6
93F183,255,419
93F1E6,11,9
93F1E6,255,264
93F2DE,255,139
93F49D,254,25
93F55F,11,18
93F55F,255,316
93F586,255,177
93F58B,255,124
93F6C0,11,6
93F6C0,255,225
93F798,255,94
93FA9A,255,112
93FBD0,11,9
93FBD0,255,181
93FC73,255,232
93FCA8,255,239
93FDD8,254,31
93FDEC,255,98
93FEB1,255,247
93FEC8,254,22
94029A,254,30
94035F,11,20
94035F,255,391
94036B,254,23
9404F5,255,219
940FFC,255,118
941169,255,141
94122B,255,446
9419AC,255,381
942299,11,12
942299,255,200
94229A,255,356
9426BC,254,24
94273B,11,45
94273B,255,223
9428D3,11,11
9428D3,255,522
9431A8,254,22
94338E,255,164
943633,255,320
9436E1,254,35
9439EF,255,400
9439FA,255,87
943A59,255,296
943A84,254,24
943B72,255,208
943BA2,255,326
943BD0,255,309
943E20,11,11
943E20,255,384
943EC9,254,22
944493,11,13
944493,255,149
9445FC,255,489
9448DF,255,388
944A67,255,170
945065,255,184
9453A8,11,6
9453A8,255,176
9458A3,255,185
945D73,255,229
945EA6,255,274
945F9A,255,391
946597,11,26
946597,255,154
9465C8,254,21
94669C,11,8
94669C,255,125
9466A6,255,270
9466E9,255,109
94680A,11,17
94680A,255,203
94680B,255,211
946880,254,33
9468E6,11,20
9468E6,255,67
946A80,254,31
946A84,255,276
946AB2,11,5
946AB2,255,221
946B92,255,113
946C9D,254,34
946D8D,254,23
946D99,254,30
946FBE,11,5
946FBE,255,90
94702A,254,7
94702A,255,261
947085,11,5
947085,255,132
9471C8,255,146
947319,255,507
94737E,255,274
9473C5,11,17
9473C5,255,187
9473DE,255,508
9475B9,255,157
9475D3,254,13
9476DA,254,29
9477BC,255,208
9479D7,255,106
9479F0,11,3
9479F0,255,89
9479F3,255,65
947AFA,11,7
947AFA,255,131
947B94,254,27
947CCC,255,115
947D8F,0,1
947D8F,11,4
947D8F,255,118
947DF7,255,125
947DFD,11,1
947DFD,255,535
947E6A,254,24
947F7A,255,68
947FC1,255,76
948289,255,133
9485B3,255,128
9485E3,255,113
9485FA,254,18
948673,255,42
9488D8,254,29
948970,255,104
948989,11,16
948989,255,158
9489C0,254,24
948AA5,255,176
948BD0,255,143
948D84,255,87
948E7D,255,129
948E7E,255,115
948EB7,11,40
948EB7,255,482
948EBB,255,105
948ECF,11,6
948ECF,255,244
948EF9,11,7
948EF9,255,375
949117,11,17
949117,255,249
949197,11,9
949197,255,110
949202,255,195
949294,254,23
949297,11,39
949297,255,200
94936F,254,27
9494B6,255,94
9495E6,255,98
9495E8,254,27
9497FE,254,26
9498D2,255,113
9499BA,255,273
949B92,254,32
949CA0,255,125
949D9B,254,23
949DB7,255,108
949DBB,254,35
949DC0,255,84
949E9E,255,89
949EB0,255,112
949EFA,255,251
949F6C,255,90
949F81,255,128
94A07A,254,22
94A3E6,254,28
94A5C4,255,114
94A6C3,255,97
94A87B,254,28
94AC7E,255,113
94ADD9,255,167
94AE9B,255,208
94B08F,11,23
94B08F,255,99
94B0B4,255,87
94B0C7,11,9
94B0C7,255,130
94B492,255,128
94B980,255,167
94B99A,254,24
94B9BE,254,28
94B9FE,255,150
94BBB8,254,36
94BC6F,255,104
94BD2C,255,265
94BDFC,255,453
94C0AE,255,98
94C1C5,254,23
94C1C6,255,111
94C1DD,11,15
94C1DD,255,237
94C210,255,441
94C2B0,11,9
94C2B0,255,201
94C2E3,255,122
94C2FE,11,7
94C2FE,255,305
94C3B8,254,28
94C3C9,255,139
94C592,254,40
94C5B3,255,217
94C6E0,255,79
94C76D,255,87
94C785,254,22
94C88C,11,15
94C88C,255,109
94C8BB,255,96
94C9A5,254,24
94CB7E,11,18
94CB7E,255,70
94CBFD,11,2
94CBFD,255,178
94CC5B,11,1
94CC5B,255,359
94CCB2,255,87
94CF78,255,115
94CFB1,255,271
94CFE7,254,29
94D0EC,11,17
94D0EC,255,271
94D0ED,255,108
94D278,254,27
94D580,255,620
94D630,255,224
94D764,255,111
94D76F,255,189
94D7B2,255,127
94D901,255,275
94DB68,255,219
94DCCF,255,131
94DDB6,254,28
94DE67,11,21
94DE67,255,218
94DE6D,254,33
94DE9B,255,162
94E18C,255,364
94E1A8,1,1
94E1A8,11,32
94E1A8,255,167
94E3EE,255,115
94E4AD,255,126
94E5D1,255,98
94E672,11,5
94E672,255,55
94E6F6,11,5
94E6F6,255,441
94E762,11,6
94E762,255,289
94E7E5,11,19
94E7E5,254,29
94E7E5,255,238
94E9CF,255,124
94E9E4,254,27
94EAB2,255,88
94EACA,255,132
94EB58,11,11
94EB58,255,259
94EB64,254,27
94ECEE,11,8
94ECEE,255,152
94ECF0,11,5
94ECF0,255,176
94ECF8,255,205
94ED88,11,6
94ED88,255,552
94EDD1,254,1
94EDD1,255,192
94EDF0,11,24
94EDF0,255,395
94EFBF,255,114
94EFEE,11,13
94EFEE,255,121
94F0BD,254,4
94F0BD,255,312
94F0BE,11,10
94F0BE,255,256
94F261,11,11
94F261,255,389
94F2D5,254,29
94F2EB,255,83
94F2F8,11,10
94F2F8,255,82
94F47C,255,63
94F4B4,255,107
94F4EA,254,27
94F4EB,11,5
94F4EB,255,272
94F762,11,14
94F762,255,140
94F7DA,254,16
94F7F7,254,29
94F864,254,17
94F8A9,255,256
94F9F3,255,121
94FB99,255,104
94FB9C,255,93
94FBEC,255,130
94FBFE,11,16
94FBFE,255,88
94FC6D,255,202
94FCCF,255,540
94FEC5,255,307
94FEDA,255,159
950136,11,25
950136,255,311
95017E,11,4
95017E,255,156
95031D,255,331
95033F,255,276
9505AD,255,126
950765,255,177
9507B7,11,3
9507B7,255,380
9509CC,255,102
950AE4,11,5
950AE4,254,7
950AE4,255,177
950C9D,255,112
950EF5,255,166
950FF5,255,341
95143E,255,391
9517AB,254,3
951838,255,456
951AB9,255,124
951B67,11,13
951B67,255,216
951C48,255,373
951DE0,255,120
952235,11,11
952235,255,376
9525C5,255,155
952F4D,0,1
952F4D,11,30
952F4D,255,132
9535B1,11,7
9535B1,255,319
9536B8,255,381
953AEE,255,301
953CDE,11,4
953CDE,254,22
953CDE,255,99
953CDF,255,221
953DF9,255,116
9540C8,255,448
95431A,255,253
954682,255,336
9546DE,11,2
9546DE,255,81
954787,11,1
954787,255,270
954789,255,440
954809,11,8
954809,255,591
9548C0,11,17
9548C0,255,404
954A85,11,7
954A85,255,74
954C96,255,313
954DA5,255,464
954DAB,11,11
954DAB,255,436
955250,11,7
955250,255,287
9554E6,11,12
9554E6,255,152
9557F9,255,226
955979,255,419
9559E1,255,144
955B9F,255,480
9560EB,255,106
95617F,255,111
9562C0,255,111
95630A,255,383
95648D,255,87
9564FE,254,29
956541,11,11
956541,255,150
95666D,255,220
956671,255,110
956890,254,19
9568E6,255,273
95696A,254,18
9569BC,255,96
9569E5,11,26
9569E5,255,342
956AEC,255,155
956B8D,255,129
956C03,11,24
956C03,255,163
956D02,11,28
956D02,255,227
956D87,11,11
956D87,255,126
956DB9,254,12
956DB9,255,150
956FC5,255,115
95709A,255,186
95714D,11,11
95714D,255,376
9571F7,255,525
95726D,255,438
957291,255,104
957370,255,139
9573C7,255,91
957782,254,13
9577BC,255,267
9579EB,255,102
957B0C,11,4
957B0C,255,219
957B8D,11,10
957B8D,255,229
957C80,255,128
957F85,11,13
957F85,255,203
957FAE,255,300
957FD2,254,26
95808E,11,15
95808E,255,132
9582BF,255,102
9582D4,255,105
95830F,255,291
958387,11,13
958387,255,67
9583A5,255,105
9583CA,255,80
9583E0,255,87
9586C5,254,26
9586F4,11,23
9586F4,255,380
958757,11,15
958757,255,500
9588D3,254,19
9588E0,255,121
9589B5,255,248
958A7C,255,147
958AF9,255,107
958B7F,254,14
958B8A,255,262
958D79,254,17
958DBF,255,81
958DEF,11,10
958DEF,255,72
958ED2,255,100
958EFC,255,143
9590B2,255,76
959132,11,13
959132,255,377
959133,255,285
95918B,255,232
9591E9,255,92
9591FC,255,119
95928C,254,28
9592D3,255,292
95949B,255,101
9595C5,255,111
9596AC,11,23
9596AC,255,114
9596B3,11,7
9596B3,255,239
9597EA,255,100
9599F6,11,6
9599F6,255,243
959A7A,254,35
959B81,255,271
959EB6,255,110
95A0EB,255,93
95A0F3,254,17
95A598,254,19
95A5BA,254,28
95A67E,255,158
95A680,254,26
95A774,255,96
95A8B6,255,146
95A9F9,11,9
95A9F9,255,122
95AA24,11,19
95AA24,255,188
95AA88,255,99
95AAAA,255,367
95AB12,11,7
95AB12,255,212
95ADD4,254,29
95AE69,255,113
95B116,255,401
95B19A,255,122
95B3A7,255,155
95B5FC,255,92
95B6E0,254,27
95B7AF,255,281
95B7B8,255,119
95B99C,255,205
95BC6F,255,153
95BFCB,255,104
95BFD9,11,9
95BFD9,255,199
95C067,255,56
95C091,11,10
95C091,255,119
95C174,11,2
95C174,255,102
95C18D,254,16
95C1B2,255,303
95C3D2,254,29
95C472,255,375
95C571,11,2
95C571,255,124
95C6BD,255,164
95C79B,254,20
95C7AA,255,128
95C7E8,255,98
95C87C,255,274
95C997,11,7
95C997,255,234
95C9EB,255,118
95C9FB,255,68
95CA7E,254,20
95CAC4,255,277
95CBD5,11,11
95CBD5,255,93
95CC6A,254,30
95CCAE,255,124
95CE1B,11,18
95CE1B,255,335
95D0DF,255,118
95D0F2,254,23
95D1D7,254,21
95D209,11,13
95D209,255,221
95D269,11,14
95D269,255,79
95D2BE,255,74
95D300,11,6
95D300,255,365
95D4CB,255,119
95D577,11,6
95D577,255,328
95D5B6,255,77
95D97C,254,24
95D992,255,66
95D9ED,255,107
95D9F2,254,22
95D9F9,255,89
95DCD4,254,15
95DDEB,255,229
95DF07,11,13
95DF07,255,420
95E16D,255,106
95E195,255,128
95E31C,255,192
95E38E,255,130
95E3B9,11,11
95E3B9,255,273
95E4B3,254,25
95E527,255,446
95E5BA,11,3
95E5BA,255,154
95E682,254,27
95E773,255,156
95E7A1,254,28
95E7F3,255,68
95E7FD,11,10
95E7FD,255,316
95E893,255,141
95E96E,254,36
95E973,254,25
95EA8A,255,129
95EA9A,255,61
95EBAB,255,74
95ECA8,11,1
95ECA8,255,163
95ECAA,255,151
95ED89,255,98
95EEA1,255,121
95EF77,255,195
95F068,254,27
95F0A9,255,380
95F265,11,1
95F265,255,109
95F2F7,254,25
95F3F8,255,159
95F472,254,28
95F48A,255,98
95F4A7,255,127
95F784,254,31
95F7DD,11,10
95F7DD,255,397
95F7EE,11,3
95F7EE,255,129
95F8D5,254,42
95FA90,11,13
95FA90,255,341
95FAA8,255,140
95FC6A,255,167
95FCFE,255,194
95FD80,11,8
95FD80,255,171
95FDF9,11,6
95FDF9,255,143
95FE56,11,6
95FE56,255,236
95FEAF,11,4
95FEAF,255,106
960178,11,10
960178,255,379
960445,11,7
960445,255,727
9604EE,255,139
96060F,11,25
96060F,255,274
9606E1,0,1
9606E1,11,21
9606E1,255,130
9606E5,255,104
9610B9,255,327
961569,255,279
96180E,11,27
96180E,255,76
961B9D,255,254
96201A,11,40
96201A,255,435
9620AA,254,29
9621EA,11,10
9621EA,255,521
962579,255,286
96276D,255,134
9629A8,11,6
9629A8,255,82
962F40,255,214
962F97,255,367
96308E,254,25
9631E9,255,114
9633B4,0,1
9633B4,11,6
9633B4,255,299
9634FB,255,374
96364F,255,381
963650,11,24
963650,255,654
9639CE,255,421
963BE1,255,139
963BFD,254,18
963CC6,254,30
963CDA,255,168
964074,255,416
9643A5,255,93
9644E9,255,371
964585,255,143
96478A,11,12
96478A,255,261
964790,255,258
9648E9,255,454
964BFE,255,273
964C65,11,1
964C65,255,270
964DEC,255,150
964E74,255,249
96551F,11,10
96551F,255,194
965782,255,75
965C0E,11,16
965C0E,255,201
965C0F,255,435
965C84,254,31
965E31,255,223
965F82,255,392
965F93,255,111
9660B3,11,23
9660B3,255,477
9662D9,11,5
9662D9,255,171
9662FD,255,296
96647E,254,23
96659A,254,31
966690,255,76
9667AB,255,116
9667C1,11,18
9667C1,255,207
9667E4,254,24
9668AB,254,22
966994,11,15
966994,255,158
9669AC,254,24
966C66,11,17
966C66,255,164
966C90,254,25
966D8E,254,25
966EBD,255,145
96714C,255,393
96715C,11,20
96715C,255,307
96728C,255,116
9672BB,255,107
96736E,255,346
967412,11,6
967412,255,133
96746D,255,191
9674A2,255,130
9674CF,254,26
9674F8,255,84
967572,255,194
967579,11,7
967579,255,116
967670,254,30
967678,254,18
9676AC,255,98
9677C0,11,6
9677C0,255,344
9677F5,255,125
9679A1,255,114
967AF7,255,126
967B9B,254,14
967C92,254,18
967CD7,255,160
967DE0,255,146
967E72,255,123
967EFD,255,335
967F9D,255,100
967FED,11,4
967FED,255,92
967FEE,254,29
9681A9,255,27
9682DA,255,41
9682F1,255,102
96838F,255,67
96849B,255,109
9686E9,11,3
9686E9,255,182
968780,255,122
968968,254,24
968A91,11,19
968A91,255,107
968B82,11,32
968B82,255,205
968BA8,255,75
968BC8,254,33
968C78,255,110
968DEC,11,8
968DEC,255,407
968E27,255,331
968E67,255,121
968E7B,11,16
968E7B,255,99
968EA5,11,4
968EA5,255,320
968EB4,255,63
968FF7,11,7
968FF7,255,117
968FFC,2,1
968FFC,11,21
968FFC,255,153
969298,255,124
9692A5,11,13
9692A5,255,204
9692F1,11,16
9692F1,255,375
969392,255,75
969487,254,19
96949B,255,163
9694F8,11,13
9694F8,255,65
9695A7,255,124
9695AE,255,119
9695E1,255,356
9695EA,254,20
96967B,255,126
9696B3,255,110
9696F9,255,140
9696FA,255,371
9697C2,11,6
9697C2,255,95
9699C5,254,21
969AA3,11,23
969AA3,255,132
969B65,255,149
969B70,254,18
969BBD,11,8
969BBD,255,168
969CC1,254,19
969CE5,11,1
969CE5,255,122
969EA4,11,12
969EA4,255,105
969EB9,11,5
969EB9,255,166
969EF1,255,493
969FFA,254,24
969FFA,255,103
96A006,11,10
96A006,255,274
96A0FB,254,17
96A1C5,255,87
96A1E1,254,27
96A1E2,255,97
96A1E3,255,127
96A26E,11,2
96A26E,255,104
96A2AA,254,30
96A2C0,255,122
96A2DE,255,50
96A3FC,254,31
96A4BA,11,21
96A4BA,254,1
96A4BA,255,188
96A58D,11,15
96A58D,255,144
96A5FC,255,123
96A6BF,255,92
96A71F,11,14
96A71F,255,534
96A995,11,4
96A995,255,257
96A999,255,169
96A9F4,254,19
96AA7F,11,7
96AA7F,255,120
96AAB5,255,218
96AAD0,254,26
96ABC0,11,5
96ABC0,255,170
96AC74,255,123
96ACF5,11,3
96ACF5,255,239
96ADA9,11,20
96ADA9,255,225
96ADB0,11,19
96ADB0,255,251
96AFEA,255,275
96B06E,255,157
96B0B9,255,151
96B28D,255,99
96B2AD,255,232
96B34A,11,12
96B34A,255,560
96B365,255,88
96B3A1,254,27
96B3EB,255,115
96B3F4,11,212
96B3F4,254,2123598
96B553,255,405
96B596,255,146
96B5BA,255,157
96B5E9,255,119
96B7A7,255,82
96B8A7,254,26
96B9B6,11,31
96B9B6,255,261
96B9C5,255,86
96BBD1,255,80
96BDB3,254,25
96BDB9,255,288
96BEB6,11,17
96BEB6,255,322
96BEF3,255,127
96BF67,11,7
96BF67,255,337
96C1D0,254,31
96C284,255,147
96C286,254,24
96C2D2,255,99
96C4C3,254,38
96C576,11,8
96C576,255,43
96C584,254,31
96C5FC,255,218
96C6EC,11,248
96C6EC,254,1305015
96C6EC,255,1
96C750,11,18
96C750,255,442
96C76E,254,20
96C7CB,255,137
96C988,255,447
96C9ED,255,105
96CAFF,255,206
96CB90,255,109
96CBB9,11,17
96CBB9,255,381
96CC65,255,72
96CCB2,255,75
96CD42,255,301
96D06A,254,31
96D06A,255,201
96D103,255,393
96D166,255,133
96D2B2,11,20
96D2B2,255,220
96D2DF,254,28
96D4D9,254,7
96D4D9,255,175
96D4DA,255,280
96D567,254,23
96DA96,11,3
96DA96,255,93
96DAB2,11,20
96DAB2,255,101
96DB6B,254,26
96DC8B,254,30
96DCCE,11,1
96DCCE,255,242
96DDEA,11,2
96DDEA,255,98
96DEEF,11,9
96DEEF,255,252
96E0E4,255,161
96E177,11,19
96E177,255,232
96E179,255,108
96E1AF,254,21
96E1E0,255,115
96E3A1,11,12
96E3A1,255,179
96E4FE,254,12
96E584,254,20
96E586,11,19
96E586,255,82
96E5CD,255,217
96E6CC,255,52
96E6E9,11,18
96E6E9,255,154
96E772,255,74
96E7F6,11,17
96E7F6,255,734
96E8A1,11,20
96E8A1,255,504
96E8A8,255,136
96E9F2,255,676
96EAB5,255,125
96EAF0,255,340
96EED4,254,17
96EEE1,255,342
96EFCA,255,126
96F0E6,255,292
96F1DC,255,130
96F37F,255,143
96F49D,254,2
96F55C,255,217
96F5CF,254,26
96F5EE,254,24
96F68D,254,27
96F6CE,255,329
96F799,255,182
96F7D7,255,130
96F8DC,255,98
96F977,255,84
96FA76,255,213
96FB83,255,199
96FDB4,11,19
96FDB4,255,258
96FEAD,254,19
97049C,255,79
9706D9,11,20
9706D9,255,369
970A8C,255,237
970C70,255,94
970F22,11,17
970F22,255,306
9710D9,11,1
9710D9,255,281
9711AD,255,422
9713BE,255,261
9713D9,255,103
9714B6,254,32
971892,11,2
971892,255,230
971893,255,299
971CBA,255,75
971D6A,255,106
971E78,255,115
97239B,11,16
97239B,255,140
97248D,11,11
97248D,255,260
97264A,11,5
97264A,255,238
9729DE,11,20
9729DE,255,452
972A25,11,21
972A25,255,209
972CD9,255,217
97362D,255,356
97384E,11,14
97384E,255,508
973931,255,130
973BCE,11,3
973BCE,255,189
973DDE,255,107
97444B,255,213
9744AE,11,21
9744AE,255,125
9747C8,2,1
9747C8,11,47
9747C8,255,301
974AEE,255,169
974AFA,11,21
974AFA,255,373
974EA2,11,37
974EA2,255,371
9750FE,255,79
97529B,255,348
975498,255,1031
975586,255,107
9759F5,255,154
975B93,255,249
975E75,11,6
975E75,255,310
975FEE,254,31
9763C8,255,139
976488,255,222
976497,255,103
9764B6,255,111
97658A,254,21
9765E6,254,35
9765EE,255,86
976689,11,2
976689,255,94
97668C,254,21
976696,11,11
976696,255,228
976866,255,107
9768F2,255,123
9769DC,255,131
976A86,254,16
976C6C,254,22
976D74,255,115
976EF3,254,21
976F72,254,29
976F76,255,154
976FD4,255,82
9770E5,255,75
977186,255,93
9771E1,254,29
9772D1,255,215
97731A,255,188
9774A2,254,14
9775E7,254,20
977624,255,234
97765C,255,419
977892,255,106
9778C5,255,125
9779A6,255,104
9779EE,255,107
977AF2,255,147
977C67,255,102
977CE8,255,110
977CF8,255,85
977D92,11,13
977D92,255,156
977EB0,254,26
977EE7,11,11
977EE7,255,106
977FA3,255,155
97807A,255,137
978179,255,104
9782A7,11,12
9782A7,255,281
9783C4,254,24
9784F8,255,129
9785F8,254,19
978696,255,85
9786D1,255,95
9786D8,11,8
9786D8,255,82
978775,255,199
9787B1,11,11
9787B1,255,334
9787CD,255,167
9787F4,255,279
978867,255,100
9788A1,255,121
978AC4,255,429
978D6D,255,161
978D6F,255,63
978E86,255,115
978EB2,255,132
978EFB,255,102
978EFD,255,134
978F6B,255,95
978FEE,255,74
979087,11,3
979087,255,218
9790B4,255,141
9790B8,11,7
9790B8,255,76
9791B1,11,16
9791B1,255,125
9791EA,255,133
979277,11,2
979277,255,126
979296,11,5
979296,255,85
9793A5,255,328
9793A6,255,115
9794EB,11,8
9794EB,255,187
97956B,254,26
97957A,254,36
97959E,254,15
979678,255,129
9796FC,255,261
9797A1,255,173
9797CB,255,126
9797D3,11,2
9797D3,255,352
97985C,255,206
979896,11,5
979896,255,521
979AFB,255,109
979BDC,255,159
979C81,255,95
979CA3,254,20
979CD0,254,32
979E1B,11,30
979E1B,255,237
979E86,254,21
979EA3,255,173
979F97,255,128
979FC3,255,239
979FCF,254,13
979FD7,0,1
979FD7,11,1
979FD7,255,152
979FF2,255,46
97A08F,255,133
97A0B8,255,275
97A0BD,255,89
97A0C5,11,4
97A0C5,255,71
97A17B,11,29
97A17B,255,638
97A2E1,254,37
97A4B2,11,2
97A4B2,255,221
97A4B7,255,112
97A4BF,255,194
97A57C,254,25
97A592,254,27
97A5CA,255,89
97A6FA,11,1
97A6FA,255,255
97A782,254,23
97A885,255,207
97A8CA,255,174
97ABBE,255,101
97ACCB,11,8
97ACCB,255,252
97AF6A,254,28
97AF8C,255,183
97B0A2,11,2
97B0A2,255,120
97B0C6,255,59
97B2EC,11,6
97B2EC,255,94
97B37A,255,111
97B49F,255,78
97B4F9,11,15
97B4F9,255,209
97B57A,254,31
97B764,255,345
97B7AC,255,94
97BA74,255,137
97BBE1,255,582
97BBE9,255,143
97BC4F,11,13
97BC4F,255,302
97BCE4,11,1
97BCE4,255,193
97BCF6,255,95
97BDAB,255,657
97BDF1,255,106
97BF02,255,373
97BFED,255,162
97C0EF,255,139
97C188,255,133
97C1C4,255,114
97C408,11,2
97C408,255,508
97C491,255,126
97C5B0,11,8
97C5B0,255,111
97C689,255,104
97C68E,255,305
97C73C,11,21
97C73C,255,496
97C97F,254,25
97C991,255,180
97C994,11,23
97C994,255,122
97C99D,255,73
97C9DE,11,23
97C9DE,255,164
97CCFB,255,148
97D080,11,13
97D080,255,103
97D0B6,255,66
97D13D,11,14
97D13D,255,384
97D17F,255,100
97D2DC,255,141
97D2F1,255,116
97D492,255,98
97D565,255,108
97D6A3,254,12
97D777,11,7
97D777,255,142
97D979,255,106
97D9FD,255,79
97DA3D,255,144
97DAF2,255,467
97DAFB,255,141
97DB87,254,33
97DB8E,254,7
97DB8E,255,58
97DC27,11,38
97DC27,255,186
97DC28,11,11
97DC28,255,271
97DD22,255,265
97DE8F,255,159
97DE90,254,27
97DEB8,11,4
97DEB8,255,150
97DFD3,11,7
97DFD3,255,76
97DFFB,255,95
97E1B5,11,3
97E1B5,255,157
97E1ED,11,22
97E1ED,255,98
97E266,255,189
97E2BA,11,6
97E2BA,255,141
97E2BB,254,28
97E38F,255,126
97E3BB,255,148
97E3E9,255,102
97E580,254,17
97E5E5,255,170
97E667,255,92
97E7C5,11,1
97E7C5,255,730
97E7C6,11,5
97E7C6,255,772
97E8F1,255,134
97E983,255,445
97EA98,11,22
97EA98,255,335
97EBA3,11,24
97EBA3,255,121
97EBCE,255,112
97ECB6,254,26
97ECCE,254,24
97EDB7,255,98
97EE03,255,199
97EF65,255,113
97F0FA,255,88
97F197,254,24
97F19D,255,115
97F3F6,254,21
97F552,255,213
97F78C,11,3
97F78C,255,316
97F7B4,255,125
97F8ED,255,162
97FA75,254,22
97FBC3,254,36
97FCF2,254,25
97FCF4,255,201
97FD8D,11,13
97FD8D,255,414
97FEB3,255,142
97FF5C,255,327
9804A8,255,130
980A7D,254,22
980AEB,254,4
980AEB,255,218
980BEE,255,127
980C90,11,29
980C90,255,315
980CF1,255,108
980DA7,255,200
981483,255,175
981784,254,7
981784,255,327
981785,255,299
98182E,255,441
981E9C,255,107
981F65,11,10
981F65,255,104
982A5D,2,1
982A5D,11,11
982A5D,255,342
982BBE,255,149
982EEF,254,16
983173,11,19
983173,255,189
983174,11,22
983174,255,338
983376,255,588
98369D,255,179
983785,255,69
983861,11,9
983861,255,325
983CD3,255,85
983ED7,254,25
9841F4,11,19
9841F4,255,360
9843E9,11,14
9843E9,255,113
984589,11,2
984589,255,220
984632,255,463
98469F,255,108
984992,11,32
984992,255,349
984D1A,11,20
984D1A,255,371
984DCE,255,746
984EB3,255,115
984EE5,255,123
984F92,254,26
9850DF,255,132
985481,255,123
9859DA,255,463
985AA3,11,13
985AA3,255,90
986165,255,117
9862A3,255,84
986313,255,321
9866B4,11,7
9866B4,255,74
9866C3,11,14
9866C3,255,150
9868E5,255,88
9868F4,255,144
986999,254,35
986B74,255,111
986B76,255,102
986BA2,254,21
986D64,255,460
986D65,255,61
986DEC,255,104
986E6A,255,414
986EC7,255,90
986FF2,254,25
987095,0,1
987095,11,3
987095,254,1384
9870B5,255,89
9870C6,255,76
9870E3,254,25
9871FA,2,1
9871FA,11,56
9871FA,255,459
98726B,11,1
98726B,255,104
98726C,255,83
98737E,11,20
98737E,255,258
98753B,255,376
9875CA,254,23
9875D0,254,19
987680,11,8
987680,255,92
9876D4,255,258
9877B4,254,25
9877CE,254,21
9877F0,255,121
9878CA,255,158
98799B,255,141
987AC9,255,140
987BA9,255,73
987C39,11,28
987C39,255,280
987CF5,254,15
987DAE,255,282
987EFA,255,406
987F65,254,4
987F65,255,228
98827B,255,132
98835F,255,296
9884C6,254,18
98866C,254,25
9887B7,11,10
9887B7,255,135
9888A1,255,103
9888E1,255,265
9888E7,255,126
988B71,255,107
988B96,255,187
988BB5,254,33
988C5D,11,4
988C5D,255,401
988C6F,254,25
988D72,255,127
988D90,11,5
988D90,255,260
988DD7,255,149
988E68,255,107
9891B8,255,154
9891DC,254,20
9892A3,255,160
9892F5,254,20
989369,254,26
9893AF,254,28
9897F2,11,14
9897F2,255,164
9898F5,255,171
989987,11,15
989987,255,123
9899CF,255,60
989AC3,254,34
989B84,254,26
989BFC,255,48
989C82,255,157
989E67,11,17
989E67,255,105
989F82,254,14
98A017,11,13
98A017,255,237
98A072,254,21
98A179,255,121
98A3F0,255,112
98A497,255,242
98A58B,254,19
98A5ED,255,105
98A66E,255,117
98A674,255,99
98A8A5,11,5
98A8A5,255,563
98A8C8,255,83
98A9C1,254,34
98AAEE,255,104
98AB73,255,112
98AB82,254,19
98ABC4,254,23
98ABCA,254,21
98AC06,255,626
98ACE3,254,25
98ADB5,254,24
98AE07,255,631
98AE9C,254,31
98AED7,255,92
98AF69,11,7
98AF69,255,251
98B0AC,254,26
98B0D9,254,5
98B5B3,255,236
98B671,255,114
98B8EE,11,25
98B8EE,255,224
98B968,254,16
98BA48,255,126
98BA80,255,131
98BCA6,11,3
98BCA6,255,162
98BCE0,254,30
98BCE5,255,238
98BDCF,255,99
98BED7,255,133
98BEF1,11,1
98BEF1,255,129
98BFC4,254,18
98BFCD,11,7
98BFCD,255,231
98C08B,255,204
98C098,11,7
98C098,255,115
98C0FC,255,145
98C134,11,1
98C134,255,358
98C169,254,21
98C187,255,93
98C247,11,34
98C247,255,573
98C28F,255,75
98C2B3,255,290
98C2CE,254,27
98C3F0,11,11
98C3F0,255,277
98C3FD,255,175
98C4CF,254,19
98C4D3,255,149
98C4F1,11,22
98C4F1,255,329
98C572,255,115
98C577,11,5
98C577,255,198
98C57D,254,25
98C69F,255,118
98C772,255,93
98C7E9,255,118
98C96E,255,94
98C988,11,1
98C988,255,250
98CAA4,254,1
98CAA4,255,259
98CCDE,255,112
98CCEA,255,138
98CCF7,11,7
98CCF7,255,173
98CD38,11,19
98CD38,255,316
98CE6A,255,135
98CEE3,254,13
98CFD5,255,107
98D057,255,472
98D17E,11,2
98D17E,255,155
98D1C1,254,16
98D2B1,254,29
98D3BC,255,107
98D489,255,391
98D4BC,255,161
98D4BD,255,202
98D57B,255,83
98D5AE,254,29
98D6A2,255,153
98D769,11,5
98D769,255,294
98D96A,254,23
98DAC6,255,98
98DB25,255,433
98DC68,255,150
98DD66,255,171
98DDA6,11,26
98DDA6,255,284
98DDC6,255,137
98DE8A,255,59
98DF6D,255,107
98DFEF,255,129
98DFF0,255,113
98DFFA,255,322
98E082,255,124
98E09C,254,32
98E0DE,11,15
98E0DE,255,101
98E1D5,254,15
98E211,11,29
98E211,255,311
98E27F,255,119
98E2EF,254,5
98E2EF,255,239
98E5A2,11,4
98E5A2,255,199
98E5DF,255,116
98E6BF,254,21
98E975,255,273
98E9BB,255,128
98EC96,11,13
98EC96,255,152
98ED88,254,25
98EDF1,255,112
98EECE,254,21
98EEE5,255,135
98F089,254,32
98F1A6,255,88
98F20A,255,466
98F2DC,11,1
98F2DC,255,84
98F3DF,255,124
98F4B4,255,119
98F4EA,255,151
98F5A5,255,421
98F6CD,255,61
98F6ED,254,1
98F76B,254,21
98F881,255,453
98F8DC,255,102
98FA64,255,431
98FAA8,254,26
98FCB8,11,26
98FCB8,255,211
98FEC7,255,123
9903CD,255,225
990464,254,28
99074C,255,370
9909A9,255,322
990CC6,255,571
9910DB,255,50
9913FD,254,16
9913FD,255,162
9915AB,11,19
9915AB,255,82
9919B2,254,22
991A04,255,392
991BB9,2,1
991BB9,11,11
991BB9,255,281
991EDD,255,116
99227D,255,150
9924EE,11,7
9924EE,255,99
992555,255,238
9928C5,255,117
992DD0,254,18
992E4A,11,46
992E4A,255,262
993173,11,9
993173,255,136
9933AE,255,101
9937AF,255,112
9939EF,11,9
9939EF,255,671
993DDA,11,24
993DDA,255,151
993E6C,11,18
993E6C,255,86
993E90,255,105
993F98,11,14
993F98,255,120
993FF9,2,1
993FF9,11,11
993FF9,255,137
993FFA,255,387
9941D5,255,119
9942F2,255,105
994680,255,122
99470A,255,251
994794,255,114
9947A3,11,2
9947A3,255,172
9948E9,255,108
9949FC,255,318
994AF0,0,1
994AF0,11,3
994AF0,255,104
994D28,11,18
994D28,255,145
994D73,254,31
994DE9,255,210
994DEA,11,2
994DEA,255,197
995214,11,16
995214,255,232
995215,255,293
9965BA,254,28
9965DB,255,134
996665,254,19
996698,254,23
996704,11,6
996704,255,286
9967C9,255,59
9967DA,11,5
9967DA,255,114
9967DB,255,268
9967F1,255,77
9968B6,11,11
9968B6,255,165
9968C8,11,42
9968C8,255,291
996973,11,23
996973,255,88
9969A7,254,12
996ACD,254,27
996AF0,255,116
996B87,254,30
996BD4,254,24
996C82,254,38
996D7B,255,168
996DD5,254,25
996EDD,255,114
996F81,255,110
996FC3,255,96
997086,255,122
99709C,255,107
9970DF,254,23
9971F7,255,105
99737C,254,13
997387,255,190
997389,11,8
997389,255,148
9976FE,255,374
9977C1,11,44
9977C1,255,525
9977EB,255,103
997889,255,92
99798D,255,52
9979C5,255,127
997AA0,254,25
997AD7,254,13
997B41,11,12
997B41,254,5
997B41,255,220
997B42,11,23
997B42,255,163
997CEE,255,156
997DBB,11,8
997DBB,255,105
997DF0,255,98
997FC9,254,34
99806C,255,188
99808C,255,193
9982A1,255,378
9982CE,11,4
9982CE,255,496
9983C0,11,6
9983C0,255,175
9983EF,254,22
99858C,11,16
99858C,255,142
998596,255,114
99867D,254,25
9986B1,11,22
9986B1,255,246
9988EB,255,90
9988FE,255,89
998967,255,72
9989AA,255,80
998A94,11,4
998A94,255,107
998AE3,255,120
998B9B,255,122
998C71,255,91
998C7E,254,26
998D86,255,139
998FC3,11,19
998FC3,255,84
999065,255,92
999066,254,23
9990A2,255,164
9990DE,255,102
9992BF,255,108
9992ED,254,28
999474,255,120
999536,11,27
999536,255,377
9995C2,254,25
9996E0,11,1
9996E0,255,252
9996FC,11,46
9996FC,255,326
99976A,11,16
99976A,255,78
99976C,255,288
99979C,254,23
9998F7,255,413
99996C,254,27
99997E,254,29
9999ED,11,6
9999ED,255,165
999ACE,11,13
999ACE,255,111
999B64,254,17
999BA5,255,145
999D64,11,13
999D64,255,212
999DD5,255,59
999DEE,255,123
999EE5,255,97
999FA2,254,20
99A0D6,254,21
99A197,255,71
99A19E,11,5
99A19E,255,167
99A1FA,11,2
99A1FA,255,188
99A27B,255,89
99A2B9,255,183
99A39D,254,22
99A3BB,254,24
99A473,254,21
99A4A5,254,25
99A7CB,255,124
99A7D4,255,106
99A8E8,11,2
99A8E8,255,244
99A976,255,98
99A9C4,254,23
99AA6E,254,8
99ABCA,254,29
99AD70,11,7
99AD70,255,109
99AD86,254,29
99B0CF,255,62
99B123,255,585
99B1D9,11,186
99B1D9,254,759237
99B1EB,255,123
99B248,11,16
99B248,255,181
99B5DC,255,111
99B672,255,175
99B6E9,11,35
99B6E9,255,294
99B7AC,255,239
99B7AD,254,22
99B867,255,98
99B8A8,254,21
99B8B2,11,13
99B8B2,255,300
99B96E,255,99
99B96F,255,94
99B97C,254,21
99BADC,11,1
99BADC,254,2
99BADC,255,152
99BB7E,255,126
99BCE5,255,222
99BDAD,11,14
99BDAD,255,388
99BEED,254,23
99C07A,254,29
99C09A,255,803
99C171,254,17
99C2C0,255,128
99C3F1,255,198
99C6D8,11,1
99C6D8,255,166
99C6D9,11,13
99C6D9,255,398
99C776,254,34
99C779,255,255
99C7C9,254,19
99C80B,255,482
99C81D,255,445
99C87A,255,287
99CB64,255,67
99CC73,255,159
99CCB0,254,23
99CD94,255,78
99CDD4,254,23
99CDE5,11,22
99CDE5,255,448
99CDE8,255,132
99CEA6,255,51
99CF43,11,7
99CF43,255,279
99CF4E,11,38
99CF4E,255,362
99CF70,254,19
99D066,255,148
99D1C9,255,187
99D290,255,350
99D2D6,11,17
99D2D6,255,336
99D2EF,254,17
99D2FC,254,34
99D3D5,255,344
99D494,255,108
99D5B9,254,27
99D666,11,10
99D666,255,103
99D743,11,36
99D743,255,304
99D78A,255,111
99D7B0,254,17
99D9BD,255,77
99DB8A,255,115
99DBAD,11,6
99DBAD,255,66
99DCE7,254,29
99DDC1,11,2
99DDC1,255,267
99DDF0,255,130
99DEF8,11,2
99DEF8,254,1
99DEF8,255,77
99E0BC,254,37
99E189,255,423
99E1D4,255,162
99E332,11,1
99E332,255,321
99E3BE,254,29
99E3D9,255,117
99E3F1,255,122
99E3FA,254,22
99E498,254,25
99E4E0,254,33
99E5E7,11,5
99E5E7,255,412
99E623,11,5
99E623,255,297
99E683,255,129
99E7B8,255,83
99E7CF,255,93
99E871,255,95
99E8A6,11,13
99E8A6,255,116
99E8DA,255,176
99E8F0,11,5
99E8F0,255,67
99EA7C,255,112
99EBA4,255,230
99EBBB,11,5
99EBBB,255,92
99EC90,254,28
99ECB2,11,2
99ECB2,255,135
99ECCC,255,247
99ECDC,255,106
99ECDE,255,178
99EDDB,11,1
99EDDB,255,206
99EFD9,255,146
99F0D2,255,322
99F0DE,255,142
99F1DA,254,25
99F28E,254,29
99F388,254,33
99F4B6,254,21
99F587,255,111
99F58C,255,136
99F5DF,255,142
99F870,255,324
99F8C1,255,132
99F9D9,254,21
99FAD2,11,30
99FAD2,255,582
99FBB0,254,27
99FC7C,254,24
99FC9A,255,395
99FCB0,255,149
99FCD1,254,20
99FCD4,255,109
99FE6C,254,27
99FEAC,255,162
9A019C,255,241
9A050B,11,6
9A050B,255,176
9A050C,255,256
9A0998,254,23
9A1458,11,2
9A1458,255,324
9A21EB,255,149
9A26F8,11,8
9A26F8,255,271
9A27A2,255,208
9A2AD5,254,3
9A2D15,11,20
9A2D15,255,160
9A2D16,255,196
9A2D8D,11,13
9A2D8D,255,140
9A3092,255,131
9A38AE,254,25
9A3A8B,255,251
9A3E16,255,469
9A40E9,11,3
9A40E9,255,200
9A43BB,255,110
9A4453,11,43
9A4453,255,367
9A4ABD,255,392
9A4CEA,255,329
9A4D32,255,217
9A4DA0,11,13
9A4DA0,255,270
9A4E49,11,5
9A4E49,255,362
9A4EE7,255,110
9A529D,254,28
9A58CF,11,2
9A58CF,255,309
9A5CFF,11,3
9A5CFF,255,258
9A6070,254,25
9A6270,11,6
9A6270,255,237
9A6301,11,6
9A6301,255,608
9A6494,254,23
9A65A5,11,7
9A65A5,255,107
9A6672,255,68
9A668D,255,127
9A66ED,11,26
9A66ED,255,295
9A6890,255,110
9A69CC,254,31
9A6AB7,255,128
9A6ACA,11,8
9A6ACA,255,169
9A6ADA,254,28
9A6C76,0,1
9A6C76,11,28
9A6C76,255,176
9A6C7C,255,93
9A6EEB,11,1
9A6EEB,255,193
9A6F4C,11,1
9A6F4C,255,262
9A6F69,254,24
9A6F80,255,131
9A70A9,11,3
9A70A9,255,307
9A70EC,254,40
9A71F3,254,28
9A72B3,255,75
9A72D3,255,234
9A74F6,255,171
9A756A,11,26
9A756A,255,186
9A75B8,11,2
9A75B8,255,232
9A75BF,255,110
9A7664,254,35
9A76B0,11,13
9A76B0,255,411
9A77AB,254,37
9A7893,255,118
9A7894,255,133
9A79EB,11,15
9A79EB,255,91
9A7C73,255,88
9A7C92,255,196
9A7E98,255,227
9A7F9B,255,167
9A7FC2,255,119
9A7FEC,255,129
9A8276,255,222
9A82BF,255,124
9A82F1,254,28
9A83A7,255,99
9A83C0,255,88
9A84AD,11,5
9A84AD,255,150
9A84B0,11,18
9A84B0,255,152
9A84E8,11,16
9A84E8,255,119
9A85AA,255,137
9A8781,254,21
9A8781,255,101
9A89A0,255,165
9A8ABE,255,259
9A8AFB,11,12
9A8AFB,255,214
9A8ED4,11,10
9A8ED4,255,103
9A8F88,255,110
9A90BD,11,5
9A90BD,255,202
9A91D0,254,25
9A91E0,254,37
9A93A4,254,27
9A9493,254,22
9A961E,11,12
9A961E,255,344
9A961F,255,364
9A96B4,255,119
9A96BD,254,28
9A976B,255,102
9A979D,255,139
9A97CD,254,21
9A9829,11,22
9A9829,255,278
9A98FD,11,9
9A98FD,255,75
9A99C1,254,35
9A99EE,11,6
9A99EE,255,135
9A9B83,255,123
9A9B94,255,153
9A9BBE,11,2
9A9BBE,255,284
9A9BC2,11,2
9A9BC2,255,95
9A9BD4,254,26
9A9C67,255,225
9A9C82,255,82
9A9CA0,255,126
9A9D76,255,131
9A9E8F,11,3
9A9E8F,255,161
9A9E94,11,2
9A9E94,255,215
9AA0D2,254,29
9AA12C,255,313
9AA3CE,255,149
9AA4B0,11,7
9AA4B0,255,159
9AA4F1,11,27
9AA4F1,255,383
9AA577,254,21
9AA59C,11,13
9AA59C,255,212
9AA59D,255,344
9AA7DC,254,20
9AA931,255,402
9AA9B7,254,21
9AA9D4,255,109
9AAA64,11,2
9AAA64,255,170
9AAB5E,255,416
9AAB6F,255,512
9AAC7B,254,25
9AAEB7,255,251
9AAEE3,254,23
9AAFAC,254,25
9AB16A,254,23
9AB1BC,254,23
9AB2D8,254,30
9AB3B1,255,117
9AB47C,255,283
9AB4BB,11,38
9AB4BB,255,455
9AB58F,254,32
9AB7BD,255,163
9AB8A7,254,26
9AB97C,254,31
9AB9D4,255,317
9AB9F7,254,33
9ABAA7,254,23
9ABB13,255,342
9ABC8A,255,111
9ABCB7,255,311
9ABCD5,255,93
9AC297,255,120
9AC2DD,255,132
9AC499,255,316
9AC4D9,255,147
9AC69F,255,95
9AC76A,255,71
9AC772,255,133
9AC79F,255,154
9AC895,254,26
9AC8CB,255,232
9AC8F2,255,286
9ACA71,255,112
9ACAA4,255,80
9ACB7D,11,9
9ACB7D,255,279
9ACBA3,255,122
9ACBA6,255,162
9ACBAD,11,19
9ACBAD,255,65
9ACBC5,255,95
9ACCEB,254,27
9ACCF0,255,144
9ACE98,254,37
9ACF88,255,119
9AD090,255,76
9AD1BD,255,606
9AD1D0,255,42
9AD2FB,254,28
9AD4E3,254,22
9AD5A0,254,27
9AD5AC,255,128
9AD770,11,5
9AD770,255,75
9AD7F5,11,11
9AD7F5,255,158
9AD8AC,255,109
9AD8DA,255,100
9ADA74,11,3
9ADA74,255,243
9ADAAE,255,105
9ADB90,11,11
9ADB90,255,96
9ADBB4,255,86
9ADC5A,11,12
9ADC5A,255,318
9ADC67,255,124
9ADCD5,254,24
9ADD91,255,221
9ADDE0,254,21
9ADE69,254,12
9ADE7A,254,24
9ADF8C,255,168
9ADF92,255,307
9ADF95,254,25
9AE076,255,86
9AE099,11,2
9AE099,255,102
9AE0A0,255,602
9AE0DA,11,10
9AE0DA,255,174
9AE0E4,255,126
9AE0F6,255,131
9AE17C,255,112
9AE275,255,146
9AE2E5,255,271
9AE382,255,135
9AE38E,254,30
9AE3BD,255,123
9AE6CF,255,672
9AE6EA,255,123
9AE76C,255,196
9AEA74,255,121
9AEACB,255,141
9AEAEB,255,244
9AEB97,254,9
9AEBBD,255,77
9AED25,255,340
9AED80,255,84
9AEDC9,255,76
9AEDF7,254,20
9AEEE1,254,31
9AEEF0,255,122
9AEEF1,11,11
9AEEF1,255,99
9AEFB2,255,159
9AF063,11,35
9AF063,255,430
9AF182,254,10
9AF1E0,254,20
9AF1EE,255,119
9AF1FB,11,6
9AF1FB,255,84
9AF324,255,279
9AF37E,254,21
9AF3A6,11,1
9AF3A6,255,226
9AF3FA,11,12
9AF3FA,255,63
9AF478,255,48
9AF4F8,255,90
9AF564,254,21
9AF619,11,26
9AF619,255,559
9AF769,255,141
9AF7D3,255,115
9AF8F7,11,19
9AF8F7,255,614
9AF9B0,254,25
9AF9D6,255,119
9AFB3F,255,269
9AFB92,255,81
9AFC71,254,26
9AFC7D,11,24
9AFC7D,255,321
9AFCA3,254,29
9AFD97,11,13
9AFD97,255,218
9AFE72,254,28
9AFE93,255,137
9B03E8,11,2
9B03E8,255,163
9B04A0,255,259
9B04C2,11,6
9B04C2,255,88
9B0A6D,255,130
9B0A9A,255,305
9B0CDC,11,14
9B0CDC,255,100
9B0D66,255,348
9B0ECC,11,10
9B0ECC,255,404
9B0FAD,255,285
9B10DC,255,138
9B138D,254,26
9B14ED,255,130
9B14F1,255,148
9B157E,255,251
9B1CDF,255,179
9B1E76,11,5
9B1E76,255,141
9B1F72,11,9
9B1F72,255,287
9B1F9D,255,151
9B2321,255,331
9B27C3,255,393
9B30F2,11,9
9B30F2,255,278
9B34F6,254,30
9B36E7,255,101
9B38CC,255,261
9B3AC5,255,208
9B3D95,255,81
9B3DEB,11,10
9B3DEB,255,311
9B46C9,255,75
9B4C8A,254,25
9B4D11,255,327
9B4F06,255,210
9B518A,255,122
9B52FF,255,365
9B533D,255,509
9B547C,255,128
9B5809,255,247
9B5B8F,255,419
9B5D9B,255,265
9B627A,11,30
9B627A,255,266
9B63A5,11,17
9B63A5,255,57
9B6677,255,117
9B66D6,255,94
9B66DE,255,245
9B69DC,255,135
9B6ADE,255,231
9B6BC3,11,7
9B6BC3,255,224
9B6C97,255,144
9B6CA4,0,4
9B6CA4,11,24
9B6CA4,255,97
9B6CC3,11,9
9B6CC3,255,303
9B6D70,255,119
9B6DBC,11,30
9B6DBC,255,110
9B704C,11,6
9B704C,255,483
9B719B,255,80
9B726D,255,96
9B73D5,255,274
9B7494,254,24
9B768B,255,228
9B76FE,255,227
9B779E,2,1
9B779E,11,41
9B779E,255,111
9B77A9,255,363
9B78BB,11,4
9B78BB,255,86
9B7981,255,110
9B7B97,254,27
9B7C2F,11,5
9B7C2F,255,370
9B7C66,254,21
9B80BB,2,1
9B80BB,11,11
9B80BB,255,56
9B81B2,11,4
9B81B2,255,166
9B8297,11,14
9B8297,255,366
9B82D5,255,89
9B8306,11,8
9B8306,255,380
9B83D3,255,103
9B84A6,254,31
9B8592,255,135
9B86B6,254,25
9B86EE,254,1
9B86EE,255,283
9B86EF,255,461
9B8717,11,11
9B8717,255,315
9B878F,255,300
9B87BD,11,9
9B87BD,255,193
9B8875,255,121
9B8A9A,255,168
9B8AE5,255,148
9B8CF5,254,29
9B8E71,254,23
9B8E7D,255,185
9B8EFA,255,163
9B8FFA,11,1
9B8FFA,255,113
9B90C7,255,111
9B919F,11,35
9B919F,255,176
9B93F9,255,373
9B9488,254,19
9B94A2,11,2
9B94A2,255,98
9B94FB,255,203
9B97A8,255,140
9B980B,255,164
9B9877,11,15
9B9877,254,32
9B9877,255,124
9B98FB,255,141
9B9AC4,254,40
9B9ACE,255,374
9B9AFC,255,189
9B9B08,11,1
9B9B08,255,376
9B9B74,255,93
9B9DAF,255,60
9B9DB8,255,151
9B9EDE,255,178
9B9F97,11,16
9B9F97,255,225
9BA03D,255,296
9BA06A,255,133
9BA0DA,11,13
9BA0DA,255,378
9BA0E1,254,23
9BA1DA,255,160
9BA394,255,100
9BA398,11,3
9BA398,255,305
9BA498,255,58
9BA683,255,167
9BA6BD,11,6
9BA6BD,255,109
9BA6F3,255,156
9BA790,254,26
9BA8B4,254,32
9BA9A6,255,253
9BA9E0,255,211
9BAAE7,254,29
9BAB7C,11,6
9BAB7C,255,80
9BADE9,255,199
9BAE65,254,24
9BAEF4,254,24
9BAF7C,11,1
9BAF7C,255,147
9BAFC0,255,159
9BAFF3,255,195
9BB0C3,255,97
9BB17C,255,155
9BB1B9,255,113
9BB2BD,255,114
9BB367,254,21
9BB397,255,232
9BB3DB,11,22
9BB3DB,255,242
9BB3E4,254,21
9BB3ED,255,102
9BB494,254,27
9BB4C3,255,107
9BB6E4,254,18
9BB7F7,254,27
9BB88C,255,240
9BB8DF,255,209
9BB9A1,254,16
9BB9A1,255,327
9BB9D1,255,104
9BBA9A,254,25
9BBAA6,255,403
9BBAA7,254,24
9BBAC6,11,3
9BBAC6,255,186
9BBBA0,254,20
9BBCFC,255,354
9BBD7D,255,121
9BBDD3,255,118
9BBE9A,254,23
9BBEF8,11,9
9BBEF8,254,3
9BBEF8,255,136
9BBEF9,11,4
9BBEF9,255,359
9BC0A9,11,19
9BC0A9,255,102
9BC1A9,254,23
9BC2DB,255,132
9BC2F5,255,95
9BC3A0,255,70
9BC3C6,254,35
9BC483,255,120
9BC491,255,156
9BC49A,254,33
9BC4A2,255,94
9BC4C5,255,134
9BC4D4,11,5
9BC4D4,255,154
9BC5CD,255,360
9BC6A5,254,20
9BC75F,11,9
9BC75F,255,214
9BC7FE,255,119
9BC965,255,226
9BC96D,255,69
9BC9A6,255,120
9BC9F4,255,118
9BCA98,255,101
9BCACF,254,29
9BCB68,254,19
9BCB7D,254,30
9BCB7E,255,91
9BCC13,255,376
9BCCB2,11,4
9BCCB2,255,76
9BCF2D,11,22
9BCF2D,255,258
9BCF6C,11,15
9BCF6C,255,118
9BCF97,255,69
9BD087,254,27
9BD181,255,150
9BD183,255,144
9BD1B6,255,242
9BD298,254,28
9BD2F6,255,81
9BD365,254,13
9BD38F,0,1
9BD38F,11,13
9BD38F,255,129
9BD392,255,127
9BD58A,255,184
9BD5D1,255,105
9BD6AF,254,22
9BD8B7,255,64
9BD976,254,29
9BD979,255,112
9BD9A6,254,12
9BDACB,254,24
9BDB9C,254,26
9BDCE5,255,96
9BDD3B,255,165
9BDD6A,255,116
9BDDD7,254,27
9BDE2B,255,208
9BDE9A,255,128
9BDEE6,255,391
9BDF40,11,16
9BDF40,255,283
9BDFF2,254,35
9BE118,255,296
9BE120,255,333
9BE273,254,36
9BE293,255,130
9BE374,255,124
9BE39F,11,7
9BE39F,255,196
9BE3F0,255,130
9BE489,255,97
9BE58A,255,99
9BE5D4,11,2
9BE5D4,255,129
9BE5E5,255,144
9BE622,255,345
9BE67C,255,125
9BE7CF,255,114
9BE88D,254,23
9BE8AA,255,90
9BE8CB,254,26
9BE8EC,254,2
9BE8EC,255,201
9BE979,254,14
9BE99C,254,16
9BEA6F,255,122
9BEA90,11,10
9BEA90,255,144
9BEB68,254,22
9BEBB1,255,138
9BECFE,11,16
9BECFE,255,142
9BEDA4,255,179
9BEDC6,255,154
9BEECD,255,320
9BEF78,11,12
9BEF78,255,156
9BEFB6,255,112
9BF067,254,23
9BF089,255,169
9BF183,255,97
9BF1BB,11,4
9BF1BB,255,102
9BF26A,255,496
9BF3BD,255,81
9BF56A,255,138
9BF6C8,255,133
9BF7B1,11,4
9BF7B1,255,240
9BF7B9,255,102
9BF8EB,11,11
9BF8EB,255,181
9BF9C3,255,164
9BF9D4,11,12
9BF9D4,255,94
9BFABC,255,286
9BFBC1,255,131
9BFBCB,255,318
9BFC5E,255,269
9BFC97,255,220
9BFDF9,254,26
9BFE6A,254,19
9BFEE3,11,27
9BFEE3,255,85
9BFEEB,11,6
9BFEEB,255,169
9C01D0,255,288
9C09C5,255,90
9C0B8C,11,5
9C0B8C,255,200
9C0BDC,255,126
9C0E43,11,4
9C0E43,255,305
9C1625,255,381
9C1750,11,28
9C1750,255,394
9C1AA1,11,17
9C1AA1,254,5
9C1AA1,255,207
9C1AA2,255,145
9C1BD5,255,258
9C1CA5,11,19
9C1CA5,255,173
9C1FEF,255,145
9C20FA,255,78
9C2218,255,430
9C2258,255,357
9C24CD,255,328
9C24E0,254,29
9C269F,254,28
9C27D0,255,492
9C283D,255,474
9C2F8A,255,354
9C3590,255,409
9C3871,11,7
9C3871,255,193
9C3872,255,374
9C3D81,255,125
9C3F6F,11,2
9C3F6F,255,143
9C4162,255,461
9C4348,255,313
9C48BF,255,107
9C4CA0,255,245
9C4D47,255,525
9C4F78,255,155
9C4FF1,11,1
9C4FF1,255,108
9C5857,255,285
9C58D5,255,172
9C5A59,11,6
9C5A59,255,177
9C5A5A,255,198
9C6648,11,13
9C6648,255,312
9C66E8,254,18
9C6787,255,163
9C68DC,254,22
9C6982,254,31
9C698F,11,42
9C698F,255,315
9C70A4,255,168
9C7166,255,99
9C71A0,255,109
9C7292,11,25
9C7292,255,155
9C72D5,255,94
9C72E6,254,24
9C7594,255,182
9C75AF,254,32
9C75EA,255,84
9C78FC,11,30
9C78FC,255,230
9C79C0,11,8
9C79C0,255,233
9C79C1,255,97
9C79F5,254,35
9C7AE4,255,197
9C7B67,255,117
9C7BDD,254,18
9C7BF0,11,17
9C7BF0,255,596
9C7BFB,254,20
9C7CE0,255,182
9C7DBE,254,30
9C7EFB,11,5
9C7EFB,255,370
9C7EFE,255,128
9C8178,255,370
9C8284,1,1
9C8284,11,19
9C8284,255,125
9C82BD,254,18
9C84DC,11,13
9C84DC,255,217
9C84E7,254,18
9C8657,255,351
9C8676,255,113
9C868C,255,103
9C86CA,255,207
9C86F1,255,107
9C8789,255,119
9C87A2,255,227
9C887A,255,153
9C88A6,255,207
9C88C9,255,401
9C8CF6,255,154
9C907F,0,2
9C907F,11,41
9C907F,255,630
9C90CA,11,16
9C90CA,255,86
9C919D,254,17
9C93C3,255,136
9C9473,254,32
9C94B0,255,129
9C94CC,255,68
9C956E,11,13
9C956E,255,350
9C957C,255,66
9C9696,1,1
9C9696,11,23
9C9696,255,147
9C969F,11,14
9C969F,255,68
9C976A,254,29
9C97E5,255,197
9C98A0,255,204
9C99A8,255,362
9C9BC0,11,29
9C9BC0,255,418
9C9CA6,11,15
9C9CA6,255,128
9C9DBB,254,11
9C9DD8,254,27
9C9DFA,255,378
9C9EC5,255,214
9CA16A,11,22
9CA16A,255,229
9CA1CD,255,176
9CA36A,255,312
9CA374,255,78
9CA3DE,255,88
9CA440,255,272
9CA49D,255,106
9CA4B5,254,31
9CA4FB,254,20
9CA56B,11,5
9CA56B,255,121
9CA5D7,11,2
9CA5D7,255,133
9CA5E8,255,230
9CA8BE,254,28
9CA8CE,255,123
9CA8E5,11,4
9CA8E5,255,59
9CA8EE,255,215
9CAAE0,254,30
9CABB9,255,112
9CABDE,255,145
9CAC64,254,30
9CAC7B,255,114
9CADBA,255,96
9CADC3,255,133
9CADCE,255,202
9CAEB0,255,125
9CAEC5,255,742
9CB08A,254,26
9CB28C,254,26
9CB2C8,254,26
9CB450,255,625
9CB47C,255,120
9CB484,11,5
9CB484,255,83
9CB596,11,18
9CB596,255,137
9CB692,255,142
9CB6B7,254,28
9CB6EA,254,19
9CB7E6,254,15
9CB9E0,0,1
9CB9E0,11,3
9CB9E0,255,54
9CBB9C,11,2
9CBB9C,255,66
9CBBE2,254,22
9CBC16,255,265
9CBC7F,254,21
9CBE67,255,108
9CC06B,254,29
9CC0ED,255,87
9CC0F5,255,99
9CC1CD,254,16
9CC2DD,255,132
9CC372,255,131
9CC3D5,11,12
9CC3D5,255,269
9CC3E7,254,33
9CC4EB,254,14
9CC5BC,255,123
9CC5D7,254,17
9CC5F8,255,384
9CC681,254,24
9CC87F,255,145
9CC886,255,118
9CC8B5,254,23
9CC977,255,140
9CC997,255,123
9CC9B2,254,33
9CCED6,254,44
9CCFC4,254,12
9CD037,255,1288
9CD164,255,98
9CD1C6,254,21
9CD1F0,11,10
9CD1F0,255,216
9CD241,11,32
9CD241,255,367
9CD3AA,254,15
9CD3B4,255,128
9CD55E,11,7
9CD55E,255,340
9CD576,255,88
9CD5E6,254,19
9CD6B6,11,10
9CD6B6,255,355
9CD6DD,254,30
9CD7E4,255,101
9CD864,255,251
9CD895,11,4
9CD895,255,102
9CD8E6,254,18
9CDE9F,255,249
9CDEA7,255,110
9CDFD0,254,22
9CE0C3,255,89
9CE183,255,74
9CE26B,11,17
9CE26B,255,96
9CE273,11,25
9CE273,255,107
9CE4B1,254,22
9CE4B3,11,2
9CE4B3,255,294
9CE513,255,459
9CE68C,255,181
9CE6C9,11,5
9CE6C9,255,108
9CE771,254,24
9CE7A8,254,19
9CE873,255,137
9CE877,11,9
9CE877,255,254
9CE8C2,254,26
9CE8EE,255,136
9CEA79,255,327
9CEAF7,255,142
9CEDAF,255,158
9CEDC8,255,174
9CEDD3,254,22
9CEEBD,11,2
9CEEBD,255,152
9CEF7B,255,132
9CF1B7,255,133
9CF293,255,128
9CF2A3,255,129
9CF2EA,255,166
9CF385,255,71
9CF38C,11,2
9CF38C,255,193
9CF4E5,11,7
9CF4E5,255,255
9CF4F5,255,132
9CF5A1,254,1
9CF68C,255,168
9CF794,254,30
9CFAE8,254,10
9CFB86,255,214
9CFC65,255,90
9CFDD9,255,136
9CFE70,255,73
9CFECD,255,576
9D0207,11,7
9D0207,255,377
9D026F,255,99
9D0302,255,192
9D059B,11,3
9D059B,255,192
9D0714,11,19
9D0714,255,169
9D0B88,11,7
9D0B88,255,306
9D1278,255,520
9D136E,255,253
9D13CE,255,94
9D1595,11,13
9D1595,255,309
9D15AD,11,8
9D15AD,255,65
9D19B1,255,223
9D19F9,11,2
9D19F9,255,128
9D21CF,11,31
9D21CF,255,450
9D238D,254,24
9D24CC,254,22
9D24E3,11,3
9D24E3,255,388
9D29A6,11,36
9D29A6,255,219
9D2A9A,11,5
9D2A9A,255,458
9D2AD0,255,159
9D2AD6,11,24
9D2AD6,255,208
9D32AC,255,166
9D32DA,11,14
9D32DA,255,473
9D331E,11,5
9D331E,255,350
9D3470,11,21
9D3470,255,207
9D36F4,255,115
9D3CDA,11,27
9D3CDA,255,315
9D3EB1,255,175
9D426B,11,13
9D426B,255,163
9D43D2,11,1
9D43D2,255,101
9D4492,255,145
9D44B8,2,1
9D44B8,11,30
9D44B8,255,212
9D47D7,254,16
9D47E4,255,145
9D4AB2,255,330
9D4B36,11,7
9D4B36,255,401
9D4BEC,255,112
9D4FE3,11,9
9D4FE3,255,397
9D54F4,11,4
9D54F4,255,243
9D55EF,255,603
9D56AC,11,15
9D56AC,255,418
9D57D5,255,285
9D5AE6,255,210
9D5B89,255,605
9D5E8A,255,66
9D5EBC,255,230
9D61C4,255,107
9D61E9,255,230
9D65D9,255,147
9D666C,255,135
9D66CD,255,129
9D66DE,254,26
9D68BC,11,7
9D68BC,255,126
9D68F9,254,19
9D6982,255,136
9D6ABC,254,22
9D6B7B,255,239
9D6B7C,11,9
9D6B7C,255,236
9D6CC7,255,79
9D6D7B,254,17
9D6D9A,255,119
9D6FE7,254,18
9D70EF,255,215
9D717C,255,106
9D72A6,255,160
9D72AA,255,195
9D72D5,255,120
9D73FD,11,4
9D73FD,255,71
9D767B,254,22
9D7699,255,98
9D7770,255,326
9D778D,11,19
9D778D,254,4
9D778D,255,210
9D77EF,11,16
9D77EF,255,135
9D787D,254,32
9D7977,255,115
9D7A9F,11,8
9D7A9F,255,141
9D7AAF,254,27
9D7ADF,254,38
9D7B7F,255,80
9D7BE4,11,8
9D7BE4,255,12
9D7C73,255,154
9D7C87,255,114
9D7D6E,255,153
9D7D8B,255,143
9D7DE8,254,26
9D7E0B,255,250
9D7EFD,255,178
9D7F6D,11,14
9D7F6D,255,271
9D8018,254,904
9D807C,255,102
9D807E,254,35
9D827E,255,159
9D83B4,254,27
9D83E1,255,169
9D84C6,255,98
9D84E0,11,2
9D84E0,255,101
9D8579,254,26
9D8588,254,23
9D85C6,255,270
9D86BA,255,112
9D876A,254,25
9D8864,11,5
9D8864,255,84
9D88EA,11,6
9D88EA,255,57
9D8926,11,13
9D8926,255,235
9D89F2,254,26
9D8ADC,255,272
9D8B6A,255,98
9D8BB9,11,1
9D8BB9,255,214
9D8EF9,254,31
9D90ED,255,102
9D916C,254,3
9D91B3,255,74
9D9394,254,24
9D93C2,255,64
9D93DD,11,28
9D93DD,255,295
9D94FD,255,143
9D9686,255,254
9D96A1,255,35
9D978A,255,166
9D97B5,255,119
9D9894,254,24
9D98A9,254,34
9D9A7C,255,121
9D9A98,254,22
9D9A9C,255,134
9D9AA6,11,20
9D9AA6,255,134
9D9AF4,254,24
9D9B9B,255,97
9D9BA3,255,147
9D9BE5,255,125
9DA06C,254,5
9DA079,255,109
9DA2DA,255,100
9DA4B3,255,150
9DA4E4,11,15
9DA4E4,255,108
9DA7C7,254,29
9DA7DE,255,79
9DA7F2,254,18
9DA985,11,16
9DA985,255,347
9DA98D,254,33
9DA9DB,254,23
9DAA42,255,249
9DAAA4,255,78
9DAC0B,11,28
9DAC0B,255,327
9DACD6,11,10
9DACD6,255,75
9DADA4,11,13
9DADA4,255,119
9DADA5,11,4
9DADA5,255,132
9DAF8A,255,337
9DAF98,255,168
9DB0AB,11,5
9DB0AB,255,154
9DB16E,255,161
9DB1CC,255,82
9DB275,255,119
9DB2A6,255,370
9DB2B6,255,93
9DB2DC,254,29
9DB485,255,476
9DB587,254,21
9DB852,255,296
9DB98F,254,32
9DB9E7,255,158
9DBB74,255,63
9DBC72,255,136
9DBCC5,255,108
9DC06B,11,10
9DC06B,255,143
9DC2EA,11,11
9DC2EA,255,130
9DC3CB,255,196
9DC4A4,11,16
9DC4A4,255,189
9DC4AA,255,122
9DC4E4,255,125
9DC506,255,519
9DC582,255,210
9DC5ED,255,278
9DC682,255,130
9DC7B5,254,23
9DC7B9,11,5
9DC7B9,255,139
9DC8E1,255,125
9DC91E,255,355
9DC98B,255,93
9DC9C9,11,9
9DC9C9,255,107
9DC9D6,254,21
9DC9D9,255,401
9DCA9C,254,16
9DCB96,255,164
9DCBE8,255,152
9DCD8C,254,30
9DCEF4,11,22
9DCEF4,255,155
9DCFD2,254,18
9DCFE9,255,90
9DD17D,254,24
9DD1B0,255,238
9DD2B4,255,228
9DD2D8,11,1
9DD2D8,255,116
9DD36D,254,26
9DD376,254,17
9DD474,255,121
9DD49D,255,327
9DD5F9,11,1
9DD5F9,255,410
9DD62A,11,9
9DD62A,255,272
9DD67A,254,28
9DD6E6,255,144
9DD7A0,254,31
9DD7FE,255,112
9DD9A7,255,103
9DDA6B,255,128
9DDBAF,254,21
9DDBB1,254,16
9DDBE2,255,161
9DDCB8,255,94
9DDCDC,255,276
9DDD8F,255,131
9DDDFC,254,31
9DDED2,255,667
9DDFA1,254,26
9DE0D9,254,30
9DE114,11,8
9DE114,255,223
9DE115,255,216
9DE178,255,47
9DE391,255,133
9DE3D4,254,22
9DE3FC,255,131
9DEDE8,11,11
9DEDE8,255,191
9DEE8C,255,103
9DEFC3,255,101
9DF0AB,255,113
9DF29D,11,9
9DF29D,255,133
9DF2B7,255,132
9DF2D3,254,18
9DF3AB,254,22
9DF4B4,254,31
9DF58A,255,94
9DF670,11,13
9DF670,255,89
9DF69B,255,110
9DF6C4,254,29
9DF766,255,209
9DF779,254,25
9DF8D0,11,14
9DF8D0,255,115
9DF961,255,428
9DF999,254,23
9DFA6B,255,339
9DFAAE,11,19
9DFAAE,255,101
9DFAD3,255,168
9DFAD8,255,138
9DFB94,255,101
9DFEF2,255,87
9E07C4,11,5
9E07C4,255,305
9E0AFC,254,22
9E0CAF,255,311
9E0E81,255,383
9E10FE,255,312
9E1143,255,266
9E139E,255,170
9E15E8,254,16
9E17FC,2,1
9E17FC,11,18
9E17FC,255,241
9E1DE4,11,13
9E1DE4,255,65
9E1E38,255,352
9E1EBE,255,75
9E1FA8,255,87
9E24C9,255,447
9E24CF,254,32
9E280A,255,324
9E286F,255,674
9E2B8A,11,19
9E2B8A,255,353
9E2BA0,11,5
9E2BA0,255,135
9E3077,255,116
9E3121,11,1
9E3121,255,414
9E34A8,11,6
9E34A8,255,341
9E3593,255,176
9E36DD,0,1
9E36DD,255,400
9E376D,254,26
9E3ADE,255,142
9E3CBD,255,101
9E44DD,254,18
9E4884,11,5
9E4884,255,96
9E4B05,254,111
9E4C6A,11,12
9E4C6A,255,318
9E4C80,11,10
9E4C80,255,164
9E4D50,255,173
9E4D51,255,257
9E4DF4,11,5
9E4DF4,255,138
9E50BA,255,108
9E519E,255,480
9E52E3,254,24
9E568C,255,184
9E5995,11,1
9E5995,254,1
9E5995,255,204
9E59A1,255,169
9E59A6,11,19
9E59A6,255,260
9E59BA,255,278
9E5BC5,254,19
9E5DE5,255,274
9E5E7F,255,318
9E60F7,254,25
9E63DA,254,21
9E64E5,255,219
9E668F,255,116
9E66D1,255,126
9E677D,254,17
9E67ED,254,15
9E69EE,255,117
9E6D6E,254,22
9E6DA4,255,101
9E6DFC,0,1
9E6DFC,11,5
9E6DFC,255,420
9E6E01,11,13
9E6E01,255,182
9E6ECA,255,119
9E6F78,11,10
9E6F78,255,74
9E6F8E,11,3
9E6F8E,255,205
9E6FB6,254,22
9E6FF5,255,115
9E6FF6,255,306
9E757C,255,132
9E757D,11,6
9E757D,255,280
9E75E4,255,479
9E7675,255,270
9E7689,255,127
9E76D3,254,28
9E76DC,255,147
9E7783,255,86
9E778C,11,2
9E778C,255,468
9E7797,11,2
9E7797,255,82
9E77A8,254,20
9E77F3,255,117
9E7AA1,254,22
9E7AF8,11,2
9E7AF8,255,89
9E7C68,11,8
9E7C68,255,55
9E7D9C,255,169
9E7DB6,254,26
9E7EAD,0,2
9E7EAD,11,11
9E7EAD,255,81
9E7EB2,254,21
9E7EC0,254,19
9E7FBC,255,212
9E7FE5,254,29
9E8095,255,86
9E82D3,11,23
9E82D3,255,334
9E82E2,254,19
9E846F,255,101
9E85A4,255,127
9E86FE,255,111
9E87E6,255,148
9E87E7,255,221
9E87F5,254,22
9E88DC,255,95
9E89B4,254,23
9E8A8E,255,294
9E8B98,11,6
9E8B98,255,109
9E8BF7,255,265
9E8CF4,255,406
9E8E8C,11,8
9E8E8C,255,144
9E8F67,255,85
9E8F69,254,12
9E8F90,255,108
9E907E,255,462
9E90A0,11,18
9E90A0,255,84
9E919F,11,3
9E919F,255,143
9E927B,254,21
9E92A2,254,33
9E92CF,255,209
9E9386,255,209
9E93EE,254,16
9E93FA,11,11
9E93FA,255,498
9E95CE,255,327
9E9691,255,106
9E96E6,255,108
9E96F2,254,18
9E97F6,255,55
9E986E,254,18
9E9969,254,35
9E99CC,255,123
9E99E9,254,26
9E99F6,11,9
9E99F6,255,225
9E9ACE,11,15
9E9ACE,255,295
9E9AED,254,31
9E9C6A,255,184
9E9C8F,255,117
9E9CA4,11,12
9E9CA4,255,95
9E9E84,255,171
9E9E89,11,14
9E9E89,255,323
9E9EE7,255,167
9E9EE8,255,156
9E9F66,255,65
9EA067,255,299
9EA29F,255,164
9EA2C1,254,22
9EA396,255,150
9EA486,254,22
9EA5C7,11,17
9EA5C7,255,298
9EA672,11,3
9EA672,255,230
9EA68C,254,22
9EA78C,255,334
9EA7F0,255,274
9EA8EB,255,254
9EA94D,11,12
9EA94D,255,317
9EAA92,11,14
9EAA92,255,121
9EABFD,254,18
9EAC66,254,14
9EAC7A,255,164
9EAD96,255,101
9EADAF,254,20
9EAE6C,255,88
9EAEAE,254,29
9EB0FD,255,71
9EB389,255,79
9EB3A1,255,117
9EB4E8,254,31
9EB57E,11,9
9EB57E,255,211
9EB5E9,255,150
9EB5F8,255,78
9EB8D3,1,1
9EB8D3,11,29
9EB8D3,255,143
9EBA65,255,137
9EBAF0,255,82
9EBBC3,255,117
9EBBE0,11,9
9EBBE0,255,155
9EBBF1,255,112
9EBBF6,255,79
9EBC75,11,34
9EBC75,255,733
9EBCD9,11,32
9EBCD9,255,315
9EBE93,255,91
9EBFBD,255,94
9EC016,11,32
9EC016,255,343
9EC094,254,22
9EC0BD,255,118
9EC1D6,255,311
9EC1E0,254,30
9EC2EA,255,78
9EC2F0,11,8
9EC2F0,255,235
9EC3C1,254,15
9EC4A7,255,473
9EC55A,11,13
9EC55A,255,354
9EC5D4,255,68
9EC6BB,254,28
9EC8D1,11,2
9EC8D1,255,230
9EC9AB,254,31
9EC9FC,255,145
9ECA7D,11,19
9ECA7D,255,130
9ECAC9,255,95
9ECAE4,254,29
9ECC80,254,7
9ECC80,255,137
9ECCF5,11,8
9ECCF5,255,313
9ECE7D,254,25
9ECE7E,254,28
9ECE9A,255,119
9ECE9F,255,103
9ECF97,255,83
9ECFC0,255,96
9ED00A,255,593
9ED0DF,11,2
9ED0DF,255,160
9ED188,254,12
9ED1A9,254,35
9ED292,254,23
9ED2CE,255,79
9ED3E6,254,26
9ED49D,254,22
9ED4C8,255,133
9ED6CD,255,205
9ED6DD,254,20
9ED780,255,245
9ED9DF,0,1
9ED9DF,11,9
9ED9DF,255,151
9EDAF4,255,112
9EDB9E,255,98
9EDBCC,255,60
9EDCDB,254,24
9EDCF3,255,101
9EDD78,11,45
9EDD78,255,722
9EDDC0,254,29
9EDEF5,11,8
9EDEF5,255,247
9EE0A2,11,8
9EE0A2,255,144
9EE0B3,255,56
9EE0B9,254,18
9EE0B9,255,225
9EE1C0,254,18
9EE1CA,255,232
9EE1DA,255,129
9EE2A7,254,26
9EE3B3,254,23
9EE5BC,254,30
9EE744,11,9
9EE744,255,256
9EE8BC,254,23
9EE913,255,332
9EE9E8,255,112
9EEAA9,0,2
9EEAA9,11,23
9EEAA9,255,294
9EECC8,11,15
9EECC8,255,73
9EED86,11,7
9EED86,255,69
9EED8E,255,103
9EEDD1,255,101
9EEF7C,11,19
9EEF7C,255,362
9EF18F,255,60
9EF24D,11,13
9EF24D,255,259
9EF3D8,255,81
9EF464,254,14
9EF4B8,255,145
9EF592,255,193
9EF5A5,254,22
9EF6A7,255,220
9EF7B4,254,21
9EF8C8,254,20
9EF968,255,116
9EF97D,255,94
9EF983,255,140
9EFD7F,11,9
9EFD7F,255,89
9EFDB9,254,33
9EFEBF,255,176
9F008E,255,432
9F01C4,255,134
9F0478,11,3
9F0478,255,210
9F04B2,255,120
9F0505,11,3
9F0505,255,468
9F05F1,255,84
9F09D3,11,2
9F09D3,255,108
9F0CAA,255,328
9F0CD5,11,33
9F0CD5,255,270
9F0FF1,255,126
9F14DE,11,19
9F14DE,254,2
9F14DE,255,466
9F156D,11,2
9F156D,255,130
9F1BA0,254,28
9F1F1A,11,37
9F1F1A,255,360
9F239A,11,8
9F239A,255,137
9F2573,255,214
9F29E9,11,15
9F29E9,255,85
9F2A35,255,251
9F2A36,255,321
9F2BA9,11,46
9F2BA9,255,478
9F2FEA,254,30
9F30C9,255,94
9F3177,255,97
9F3244,255,395
9F32D7,11,7
9F32D7,255,154
9F3387,255,141
9F34F0,11,14
9F34F0,255,440
9F39D3,255,147
9F3A40,11,2
9F3A40,255,470
9F3CD3,255,118
9F3D67,255,168
9F4009,11,15
9F4009,255,191
9F42AF,11,1
9F42AF,255,166
9F42C0,255,297
9F438E,11,11
9F438E,255,120
9F449E,11,10
9F449E,255,359
9F477C,11,8
9F477C,255,125
9F4BD1,255,131
9F51BC,255,144
9F53F7,255,235
9F6082,255,76
9F61C0,254,29
9F63DF,255,239
9F63E7,255,195
9F65E0,255,109
9F67DB,255,307
9F6819,255,545
9F68E3,254,25
9F694A,11,41
9F694A,255,606
9F6B91,255,151
9F6BB2,255,122
9F6BD8,255,112
9F6BF7,255,192
9F6CF7,255,123
9F6DB5,255,152
9F6E90,255,118
9F6FED,255,187
9F70CD,254,27
9F7122,11,19
9F7122,255,478
9F7370,254,22
9F73A6,255,92
9F74C2,11,20
9F74C2,255,566
9F74C8,11,7
9F74C8,255,124
9F75BE,255,198
9F76C7,255,101
9F76D6,254,29
9F76EC,11,29
9F76EC,255,163
9F776F,11,8
9F776F,255,102
9F7795,254,22
9F7878,255,130
9F78E9,254,26
9F7AF6,254,26
9F7B6B,254,17
9F7BD7,254,20
9F7CA8,254,12
9F7DA7,254,26
9F7E85,254,31
9F8184,254,19
9F82B9,255,112
9F836C,255,156
9F8490,255,176
9F84E3,255,143
9F857E,255,161
9F8583,254,2
9F8693,11,15
9F8693,255,106
9F86CE,254,21
9F87A1,255,85
9F87CE,255,178
9F87E5,0,1
9F87E5,11,5
9F87E5,255,230
9F8894,255,75
9F88C6,255,100
9F88DC,254,30
9F8970,1,1
9F8970,11,11
9F8970,255,158
9F89BF,255,83
9F89ED,11,1
9F89ED,255,257
9F8BB0,254,22
9F8BD4,255,84
9F8C77,255,123
9F8C81,255,147
9F8CC7,255,146
9F8D44,11,4
9F8D44,255,270
9F8FFC,255,141
9F90AA,255,118
9F9186,255,153
9F928E,255,159
9F928F,255,55
9F92B2,255,361
9F939E,255,154
9F95B3,255,123
9F95B7,11,21
9F95B7,255,262
9F95BB,11,12
9F95BB,255,105
9F95D6,255,338
9F96C6,11,8
9F96C6,255,176
9F96E4,255,122
9F9793,254,14
9F9A9E,254,24
9F9AD1,255,150
9F9B8C,255,134
9F9BB2,254,13
9F9BE1,11,4
9F9BE1,255,304
9F9C7C,11,18
9F9C7C,255,99
9F9D9E,11,4
9F9D9E,255,120
9F9DBC,255,144
9F9DE1,255,158
9F9EDA,11,4
9F9EDA,255,385
9F9F7E,254,22
9FA096,11,22
9FA096,255,192
9FA0AC,255,60
9FA0D2,255,130
9FA1E2,255,121
9FA2A7,255,251
9FA329,255,626
9FA36A,254,24
9FA394,11,14
9FA394,255,44
9FA568,254,26
9FA5ED,255,101
9FA6A8,11,12
9FA6A8,255,729
9FA6D6,254,21
9FA6DB,254,36
9FA6F5,255,237
9FA765,255,522
9FA9F1,255,59
9FAA6A,255,78
9FAAA6,11,11
9FAAA6,255,110
9FAACA,255,107
9FAB93,11,5
9FAB93,255,303
9FABC6,11,9
9FABC6,255,138
9FACB2,11,5
9FACB2,255,131
9FAE68,255,108
9FAF9A,11,5
9FAF9A,255,122
9FAFEC,11,9
9FAFEC,255,282
9FAFF6,255,137
9FB265,254,34
9FB27C,255,77
9FB2BA,11,11
9FB2BA,255,426
9FB2C4,255,107
9FB3FA,255,141
9FB4DB,254,21
9FB5A1,11,40
9FB5A1,255,541
9FB5D8,255,77
9FB675,11,2
9FB675,255,185
9FB6C7,11,14
9FB6C7,255,98
9FB6E9,254,10
9FB75B,11,12
9FB75B,255,303
9FB7E6,255,113
9FB989,255,62
9FB99C,254,40
9FB9AC,254,20
9FB9B5,255,188
9FBB89,255,119
9FBBC2,255,179
9FBCDA,255,564
9FBCEB,11,2
9FBCEB,255,179
9FBDB2,11,5
9FBDB2,255,155
9FBF65,255,117
9FBFD7,11,2
9FBFD7,255,117
9FBFD8,11,10
9FBFD8,255,123
9FC1D8,254,23
9FC3A5,255,332
9FC5AD,11,9
9FC5AD,255,61
9FC5D9,254,19
9FC68C,255,141
9FC695,255,79
9FC6D8,11,4
9FC6D8,255,395
9FC8A5,254,26
9FC8F4,254,34
9FC9E8,254,21
9FCAC1,255,78
9FCAEA,11,24
9FCAEA,255,370
9FCBBA,11,15
9FCBBA,255,115
9FCC73,254,25
9FCCA0,254,23
9FCD26,11,13
9FCD26,255,408
9FCDC4,254,29
9FCE89,254,23
9FCFF0,254,1
9FCFF0,255,101
9FD0AD,255,188
9FD0D6,255,300
9FD173,11,13
9FD173,255,124
9FD18B,11,38
9FD18B,255,650
9FD1A4,255,106
9FD1CD,255,47
9FD46F,255,91
9FD4DF,255,145
9FD7AB,254,25
9FD880,255,78
9FD899,255,66
9FD8CD,255,299
9FDA80,11,13
9FDA80,255,264
9FDAB8,255,172
9FDC38,255,891
9FDC7F,255,188
9FDD65,255,106
9FDEA8,255,105
9FDFEA,254,9
9FE0B1,255,92
9FE3B4,255,83
9FE585,254,33
9FE59C,255,68
9FE66D,11,6
9FE66D,255,144
9FE6FE,11,21
9FE6FE,255,458
9FE756,11,4
9FE756,255,277
9FE7CF,255,126
9FE869,254,32
9FE87E,255,95
9FE8D1,11,10
9FE8D1,255,93
9FE9E9,255,248
9FEAED,255,126
9FEB86,255,90
9FEBBE,11,10
9FEBBE,255,129
9FECA3,254,14
9FECA5,255,123
9FEE79,255,135
9FEEF5,254,14
9FF033,255,278
9FF16F,255,75
9FF199,254,19
9FF2BA,255,167
9FF2D8,255,174
9FF2E1,11,17
9FF2E1,255,160
9FF2F3,255,75
9FF3D3,11,14
9FF3D3,255,181
9FF498,11,5
9FF498,255,96
9FF4AA,11,7
9FF4AA,255,79
9FF598,255,105
9FF5B9,255,78
9FF5BD,255,310
9FF5D9,254,25
9FF5F9,254,17
9FF6FE,11,9
9FF6FE,255,111
9FF797,11,8
9FF797,255,92
9FF97D,11,30
9FF97D,255,657
9FF996,254,24
9FF9BE,255,263
9FF9CA,255,125
9FFA77,11,2
9FFA77,255,99
9FFBCF,255,349
9FFBF5,255,88
9FFCEA,255,210
9FFD6C,255,109
9FFDD7,255,106
9FFE95,255,159
9FFEC0,254,28
9FFEED,254,18
9FFF14,254,3
9FFF14,255,244
9FFF15,255,362
A00001,11,27
A00001,255,317
A001E5,255,39
A002A2,255,102
A00753,255,296
A00796,11,13
A00796,255,113
A00806,11,9
A00806,255,406
A00AF5,11,7
A00AF5,255,229
A00BA4,255,299
A00C0C,255,306
A01165,254,27
A01281,11,2
A01281,255,204
A01282,11,20
A01282,255,272
A0128C,255,146
A01957,11,4
A01957,255,337
A019E1,255,144
A01AB5,11,45
A01AB5,255,398
A020B9,11,7
A020B9,255,167
A023BD,254,39
A024FC,255,106
A02576,254,23
A02576,255,404
A02C91,255,294
A02CCF,255,423
A02D6B,11,5
A02D6B,255,367
A030B7,255,332
A030CE,255,137
A0337E,11,17
A0337E,255,206
A034B4,255,100
A035D2,255,347
A03B28,11,1
A03B28,255,334
A03C69,11,21
A03C69,255,596
A03DF7,254,31
A041ED,255,281
A0438C,11,1
A0438C,255,171
A046AC,255,158
A048DD,11,16
A048DD,255,252
A0492D,11,18
A0492D,255,391
A04B67,255,161
A04B98,255,74
A04ECF,255,69
A04FC6,255,164
A050C6,255,178
A051CB,255,102
A05214,11,21
A05214,255,344
A05217,11,18
A05217,255,393
A0524B,255,503
A055FC,11,13
A055FC,255,225
A057D7,255,196
A05930,11,5
A05930,255,373
A05ADB,11,16
A05ADB,255,342
A05B27,255,430
A05E29,255,240
A05F9C,11,21
A05F9C,255,256
A0606C,255,267
A06590,255,94
A0677C,255,92
A06876,255,93
A069D6,255,427
A06A65,254,29
A06C7C,254,19
A06E64,255,125
A06E98,255,84
A06EC4,255,112
A06F69,11,20
A06F69,255,87
A070A3,255,106
A071BC,255,128
A07277,255,180
A07278,255,101
A073D6,255,42
A073ED,254,20
A07594,11,3
A07594,255,74
A075F1,255,318
A07673,254,30
A0769B,254,23
A076B2,254,30
A076CD,255,85
A077B5,11,12
A077B5,255,153
A078B7,255,227
A0796C,11,1
A0796C,255,249
A079C0,255,89
A079C7,254,35
A079D6,255,353
A079D8,255,141
A07AF8,255,157
A07B88,254,23
A07BD2,254,21
A07DAE,255,142
A07E88,255,157
A07EA6,255,80
A07EC9,11,6
A07EC9,255,232
A07F8A,255,109
A07FF3,255,104
A0806E,254,17
A0809F,255,56
A080A6,11,7
A080A6,255,91
A0818F,254,31
A082D9,255,108
A082E0,255,119
A08482,255,123
A084A3,255,128
A084E8,255,253
A08569,11,2
A08569,255,163
A085AE,255,119
A08887,11,15
A08887,255,101
A08890,11,13
A08890,255,103
A088B2,254,33
A088E0,255,117
A08991,254,17
A089C3,0,2
A089C3,11,8
A089C3,255,361
A08AE6,11,2
A08AE6,255,81
A08BB1,254,21
A08FDB,11,3
A08FDB,255,141
A0909C,254,20
A090C8,11,6
A090C8,255,83
A09444,255,627
A094DA,254,26
A094F3,255,172
A09565,11,12
A09565,255,124
A0956F,254,9
A095C0,255,199
A0967F,255,232
A097DC,254,30
A098BB,11,19
A098BB,255,185
A098BC,11,2
A098BC,255,331
A098DD,11,3
A098DD,255,221
A099A4,255,103
A09AC3,255,284
A09AF5,255,67
A09B87,254,36
A09B8C,255,148
A09BC8,254,17
A09BD2,255,145
A09C50,255,404
A09C7D,255,342
A09DB7,11,20
A09DB7,255,197
A09F90,255,109
A0A081,255,100
A0A1AE,255,319
A0A1B2,11,9
A0A1B2,255,149
A0A3E5,255,269
A0A4DE,255,294
A0A580,254,33
A0A7EF,254,17
A0A8DB,255,63
A0A9A7,255,108
A0ABDD,255,139
A0AC94,255,108
A0AD3B,11,5
A0AD3B,255,264
A0AD85,255,79
A0AEF4,255,99
A0AFA9,11,11
A0AFA9,255,92
A0AFC2,255,61
A0B091,255,290
A0B095,255,116
A0B0C9,255,130
A0B1D2,255,139
A0B1D6,255,210
A0B2EC,255,95
A0B2F2,255,124
A0B3D4,255,62
A0B3E3,255,113
A0B3FE,11,12
A0B3FE,255,459
A0B46E,11,4
A0B46E,255,141
A0B562,255,505
A0B5B7,255,227
A0B608,11,20
A0B608,255,463
A0B6A0,255,139
A0B6AB,255,141
A0B7B7,254,27
A0B7BF,11,23
A0B7BF,255,250
A0B88C,254,26
A0B8E1,255,179
A0B8E6,11,7
A0B8E6,255,95
A0B8EB,254,36
A0B8EB,255,350
A0B982,255,168
A0B9B7,11,18
A0B9B7,255,88
A0BAA8,255,240
A0BBCC,254,40
A0BDA1,11,6
A0BDA1,255,69
A0BDEA,255,178
A0BF8A,255,123
A0BFF8,255,350
A0C0AC,255,103
A0C0C9,11,1
A0C0C9,255,362
A0C0FC,11,11
A0C0FC,255,361
A0C26B,11,4
A0C26B,255,193
A0C3D7,255,93
A0C445,11,27
A0C445,255,444
A0C4DB,11,4
A0C4DB,255,111
A0C768,255,109
A0C9BA,255,87
A0CAB9,255,224
A0CB80,11,5
A0CB80,255,84
A0CE99,254,16
A0CFE2,255,258
A0D090,255,161
A0D09F,11,15
A0D09F,255,78
A0D0B1,254,17
A0D0F1,11,2
A0D0F1,255,179
A0D0F6,255,75
A0D1AF,255,122
A0D299,255,73
A0D3F0,255,121
A0D475,255,138
A0D4A9,255,114
A0D565,255,101
A0D5CB,11,3
A0D5CB,255,101
A0D5E7,255,156
A0D7AF,255,125
A0D7DF,254,20
A0D9B4,255,156
A0DBC5,255,99
A0DBCB,255,262
A0DCE3,255,83
A0DDB6,255,123
A0DDE3,11,11
A0DDE3,255,98
A0DE8F,11,16
A0DE8F,255,258
A0DECC,255,143
A0DF6C,255,119
A0DFE7,11,20
A0DFE7,255,272
A0E048,255,140
A0E086,255,137
A0E0CA,11,16
A0E0CA,255,114
A0E1E4,254,18
A0E287,11,1
A0E287,255,224
A0E2D9,254,39
A0E37C,254,14
A0E3B5,255,243
A0E56D,11,1
A0E56D,255,84
A0E57C,255,77
A0E6E7,255,131
A0E7A1,255,112
A0E7E7,254,23
A0E8A5,11,2
A0E8A5,255,301
A0E905,255,255
A0E97C,255,129
A0E98A,254,25
A0E9A4,255,116
A0E9C5,254,26
A0E9D2,11,1
A0E9D2,255,132
A0E9EB,254,15
A0EBAE,255,256
A0EC6F,254,29
A0ECE9,255,145
A0EEEA,255,110
A0EFBB,11,4
A0EFBB,255,180
A0F2BC,255,68
A0F2FB,254,31
A0F475,254,29
A0F57C,255,96
A0F5C2,255,205
A0F5C8,11,5
A0F5C8,255,85
A0F641,11,16
A0F641,255,348
A0F6C1,11,7
A0F6C1,255,171
A0F764,255,148
A0F8A9,254,16
A0F8AD,255,107
A0F99A,254,30
A0F9A6,254,24
A0FBCE,254,23
A0FE8A,255,101
A0FF74,11,22
A0FF74,255,316
A106D6,255,151
A10971,255,329
A109A7,255,312
A10AE0,255,119
A10B8D,11,6
A10B8D,255,132
A10EBE,255,172
A10FB4,255,126
A111AC,255,242
A111D6,255,160
A114CC,255,129
A1177B,255,223
A117C6,254,10
A119F4,255,318
A11A31,255,185
A11A7C,255,129
A11C0B,255,392
A11CB0,254,2
A11F1A,11,20
A11F1A,255,182
A11FDD,255,147
A120D6,11,30
A120D6,255,201
A125B1,254,24
A125CC,254,26
A126CB,255,109
A12BA3,2,1
A12BA3,11,21
A12BA3,255,291
A130A0,255,353
A130F0,255,209
A131EF,255,364
A13225,255,115
A132FC,255,147
A134C4,11,2
A134C4,255,202
A134CC,11,11
A134CC,255,114
A13587,11,28
A13587,255,209
A13657,255,565
A137B2,254,26
A13860,11,6
A13860,255,249
A138E4,11,12
A138E4,255,252
A13BF0,255,111
A13CA4,255,353
A13E99,255,170
A14128,255,290
A141DE,11,12
A141DE,255,135
A142BE,255,123
A14465,255,431
A146AD,11,19
A146AD,255,86
A146CE,255,297
A14888,255,150
A14997,255,308
A14B72,255,350
A14E07,255,299
A14EF1,254,15
A15565,1,1
A15565,11,19
A15565,255,332
A1572B,11,21
A1572B,255,288
A15C4E,255,570
A15F8B,11,6
A15F8B,255,328
A15FF4,0,1
A15FF4,11,4
A15FF4,255,236
A160B5,255,139
A16487,255,101
A164B2,11,11
A164B2,255,61
A165D8,254,26
A165E7,255,565
A1667E,255,124
A166DF,11,23
A166DF,255,186
A167F3,255,96
A1698F,11,5
A1698F,255,61
A169F7,254,28
A16B92,255,171
A16C43,255,295
A16CB8,255,293
A16CF8,254,35
A16D71,11,13
A16D71,255,313
A16DF9,11,2
A16DF9,255,127
A16FDB,11,9
A16FDB,255,366
A170F9,254,26
A171A1,254,13
A17370,255,253
A173FF,255,317
A174B2,255,85
A174DB,255,99
A1759E,255,295
A175A7,255,108
A175B3,255,126
A175D7,254,34
A176CC,255,130
A177CC,255,115
A178E1,255,93
A179C7,254,25
A17ABE,254,27
A17AC6,255,127
A17AD1,255,145
A17B9E,11,3
A17B9E,255,169
A17BC8,255,172
A17BDD,255,111
A17C92,255,97
A17CAB,11,3
A17CAB,255,180
A17D76,255,122
A17D77,11,3
A17D77,255,143
A17D7A,11,1
A17D7A,255,141
A17DA5,11,2
A17DA5,255,98
A17DBB,11,22
A17DBB,255,367
A17FCF,254,30
A17FEF,255,194
A180D5,255,255
A1836D,255,382
A1849E,255,237
A184C0,11,13
A184C0,255,267
A186D1,11,5
A186D1,255,104
A18765,255,450
A18771,255,187
A187B6,254,26
A187C1,255,70
A1880C,11,18
A1880C,255,252
A188BD,255,123
A189E6,255,83
A18A68,11,23
A18A68,255,799
A18AD1,255,170
A18AE9,255,181
A18B79,11,30
A18B79,255,312
A18BAE,255,89
A18BE0,255,81
A18CBF,255,234
A18CE2,11,9
A18CE2,255,111
A18DEE,255,123
A18ECE,11,20
A18ECE,255,166
A18ECF,11,29
A18ECF,255,273
A18F39,255,588
A18FB0,11,28
A18FB0,255,488
A18FBF,255,130
A18FD1,255,102
A19195,11,3
A19195,255,244
A191B8,255,139
A191BF,11,14
A191BF,255,240
A1920B,11,14
A1920B,255,232
A19464,255,278
A19518,11,37
A19518,255,294
A195ED,255,170
A1970A,255,237
A1970B,11,17
A1970B,255,286
A1979A,11,8
A1979A,255,124
A197CB,11,1
A197CB,255,263
A199BE,255,86
A19AAF,255,127
A19BA5,255,302
A19CCC,255,101
A19ED9,254,20
A1A172,254,22
A1A271,254,26
A1A302,255,279
A1A303,255,287
A1A494,255,305
A1A4AA,255,111
A1A4DF,11,6
A1A4DF,255,167
A1A777,11,21
A1A777,255,177
A1A77A,255,128
A1A7B3,11,3
A1A7B3,255,465
A1A8A1,11,10
A1A8A1,255,93
A1A9FA,11,10
A1A9FA,255,69
A1A9FC,255,103
A1AAC3,254,19
A1AADE,254,23
A1AAE0,255,108
A1ABB9,255,362
A1ABE7,255,141
A1ABEE,254,35
A1AC31,11,27
A1AC31,255,344
A1AC9C,255,93
A1ADA4,255,132
A1ADC9,255,327
A1AE45,255,229
A1AFB0,254,29
A1B087,254,26
A1B089,255,108
A1B315,11,4
A1B315,255,294
A1B3D7,254,30
A1B3F0,11,2
A1B3F0,255,154
A1B49A,255,80
A1B5CC,254,1
A1B764,254,20
A1B773,255,252
A1B784,11,11
A1B784,255,76
A1B79D,255,129
A1B836,11,8
A1B836,255,460
A1B87F,11,5
A1B87F,255,79
A1B8AA,254,21
A1B9A1,11,9
A1B9A1,255,215
A1BA76,255,129
A1BB88,254,29
A1BBA5,254,24
A1BBC0,255,62
A1BC8E,255,88
A1BE78,11,4
A1BE78,255,169
A1BECD,254,18
A1BF1C,11,15
A1BF1C,255,364
A1BFC9,255,182
A1C08A,255,413
A1C08F,255,146
A1C0BE,11,2
A1C0BE,255,104
A1C0D0,254,17
A1C1AE,255,136
A1C276,2,1
A1C276,11,21
A1C276,255,122
A1C27A,255,346
A1C592,254,40
A1C5A7,11,19
A1C5A7,255,130
A1C67E,255,103
A1C7E7,255,236
A1C7EB,255,140
A1C88C,11,9
A1C88C,255,152
A1C98B,255,99
A1C99C,254,32
A1C9EB,254,28
A1CB68,255,174
A1CBE8,11,20
A1CBE8,255,296
A1CCD6,254,23
A1CDD1,11,44
A1CDD1,255,367
A1CED8,255,99
A1CEE6,255,74
A1CF98,11,10
A1CF98,255,83
A1D2A8,255,288
A1D3AF,255,125
A1D45A,255,476
A1D4BF,255,117
A1D521,11,16
A1D521,255,473
A1D6C9,254,33
A1D76E,11,4
A1D76E,255,74
A1D9A5,255,151
A1D9D6,255,160
A1DAC9,254,24
A1DB89,254,28
A1DBF6,255,191
A1DDF7,255,83
A1DE6D,255,122
A1DECA,255,151
A1DF77,254,21
A1DF7B,255,123
A1DF8D,11,8
A1DF8D,255,503
A1DFCF,254,12
A1E18F,255,114
A1E1A4,254,23
A1E1F3,255,513
A1E203,11,31
A1E203,255,479
A1E2BA,254,30
A1E46F,255,106
A1E47A,255,557
A1E575,254,36
A1E59F,254,32
A1E5D3,254,21
A1E5E0,11,11
A1E5E0,255,142
A1E6CB,255,118
A1E7CA,11,11
A1E7CA,255,83
A1E86B,255,91
A1E8C5,255,292
A1E8CD,255,124
A1E9B7,254,20
A1EABB,255,84
A1EACB,254,16
A1EBF8,255,111
A1ECA7,254,24
A1EDB7,255,121
A1EEBB,11,8
A1EEBB,255,100
A1EEEA,255,73
A1EFF2,255,115
A1F0B5,255,138
A1F171,11,4
A1F171,255,89
A1F190,255,123
A1F1F0,254,14
A1F3A8,255,137
A1F45F,11,12
A1F45F,255,206
A1F4C2,254,25
A1F4FE,254,21
A1F666,255,146
A1F674,255,110
A1F7F8,255,161
A1F87D,11,6
A1F87D,255,119
A1F8C6,255,121
A1F9E4,255,104
A1FA7C,255,246
A1FBEA,11,20
A1FBEA,255,340
A1FBF8,254,31
A1FCD9,254,29
A20BCA,255,250
A20DBF,255,267
A20E6D,254,32
A2141B,255,441
A21469,255,143
A21A79,255,138
A21AAE,254,24
A21C22,255,309
A21DE4,255,75
A21E52,255,346
A21E61,255,251
A2204D,255,385
A22230,255,28
A223BA,255,232
A223BB,255,316
A225A3,254,22
A226F0,254,32
A22D25,11,5
A22D25,255,200
A22DEA,254,30
A22FFA,254,13
A230E8,255,122
A234C0,255,274
A236CB,255,289
A238FB,11,4
A238FB,255,496
A23BF7,255,114
A23C02,11,14
A23C02,254,28
A23C02,255,3
A23C03,11,23
A23C03,255,304
A23EDB,255,589
A23FF8,255,123
A240FB,1,1
A240FB,11,24
A240FB,255,96
A24209,255,302
A2437C,255,180
A248B4,254,32
A24C7B,11,13
A24C7B,255,433
A24DD8,255,436
A2584E,255,252
A25C63,11,8
A25C63,255,236
A25C77,11,13
A25C77,255,525
A25DA2,11,2
A25DA2,255,249
A25E51,255,263
A25E95,255,192
A2617B,255,297
A261A4,255,84
A262AD,255,306
A264D2,255,88
A266AA,254,29
A26705,255,285
A2698E,254,29
A269A9,255,110
A26A65,255,78
A26B66,254,21
A26BB5,255,150
A26BB6,255,118
A26BD9,254,32
A26C8C,254,23
A26CAD,255,96
A26DC0,254,31
A26E48,255,277
A26E7D,254,21
A27082,254,22
A270B6,254,24
A271AB,255,225
A271D4,11,4
A271D4,255,309
A2732F,255,238
A27386,11,13
A27386,255,39
A2738D,255,107
A274D3,254,28
A27598,255,413
A275DD,255,103
A27639,11,7
A27639,255,217
A277FE,255,138
A27A9D,11,39
A27A9D,255,483
A27C93,255,84
A27CEA,255,119
A27DF4,254,17
A27EA1,11,4
A27EA1,255,88
A27EFD,254,34
A27F92,255,211
A2808E,255,116
A280A3,255,148
A280E7,11,4
A280E7,255,123
A280ED,255,111
A28143,11,8
A28143,255,286
A281CC,255,90
A281E4,11,23
A281E4,255,372
A28266,11,9
A28266,255,206
A282CA,255,113
A2857F,0,1
A2857F,11,11
A2857F,255,137
A2859C,11,14
A2859C,255,109
A286EE,255,267
A287D0,11,12
A287D0,255,210
A288A2,11,3
A288A2,255,92
A288B8,255,109
A289B1,254,25
A289B7,254,24
A28CD8,255,99
A28CE8,255,154
A28DEB,11,20
A28DEB,255,89
A28E9E,255,76
A28FA0,11,14
A28FA0,255,160
A290AB,255,130
A2929E,254,2
A2929E,255,33
A29388,255,307
A293DC,255,101
A294F6,255,132
A294F7,11,22
A294F7,255,450
A29591,255,105
A2962C,11,30
A2962C,255,235
A29671,11,5
A29671,255,385
A297B4,255,84
A297CD,11,10
A297CD,255,129
A298B4,255,118
A2992E,255,285
A299DA,255,233
A299ED,255,91
A29A6D,254,25
A29BC7,255,144
A29BE8,254,24
A29C86,255,143
A29E83,255,96
A29EA8,11,26
A29EA8,255,198
A29FCE,255,121
A2A073,11,15
A2A073,255,86
A2A086,11,5
A2A086,255,76
A2A0E7,255,102
A2A0F4,254,26
A2A14C,255,250
A2A16F,255,107
A2A17C,11,11
A2A17C,255,146
A2A1AA,254,37
A2A1CD,11,2
A2A1CD,255,108
A2A1FC,255,150
A2A271,255,108
A2A283,255,390
A2A2A9,254,30
A2A2F7,255,120
A2A36A,255,232
A2A381,255,127
A2A3C2,254,20
A2A484,11,7
A2A484,255,126
A2A48D,255,110
A2A4AB,1,1
A2A4AB,11,9
A2A4AB,255,98
A2A4C4,255,169
A2A4EA,254,19
A2A57E,254,32
A2A599,11,7
A2A599,255,242
A2A5C0,11,2
A2A5C0,255,127
A2A6DF,255,88
A2A721,255,346
A2A7FB,255,85
A2A887,11,1
A2A887,255,105
A2A89E,254,38
A2A9D9,255,389
A2A9F8,255,318
A2AB7D,254,24
A2ABC6,11,5
A2ABC6,255,83
A2AC7F,254,31
A2AC85,254,16
A2AC92,11,15
A2AC92,255,96
A2AEEB,255,130
A2AF8D,255,302
A2AFBA,255,426
A2B053,11,1
A2B053,255,351
A2B173,255,86
A2B1D1,11,12
A2B1D1,255,151
A2B2AE,254,25
A2B5A4,255,122
A2B6D0,11,23
A2B6D0,255,293
A2B76A,255,130
A2B784,11,14
A2B784,255,277
A2B7CA,11,3
A2B7CA,255,213
A2B7F3,254,13
A2B975,255,89
A2B999,255,234
A2BB93,255,96
A2BB9E,255,144
A2BC55,255,418
A2BDD5,255,160
A2BDF5,255,111
A2BF97,255,73
A2C11A,255,106
A2C1B1,255,132
A2C27F,254,16
A2C3E8,254,12
A2C3F4,254,15
A2C590,254,24
A2C6AF,254,19
A2C980,254,17
A2CA87,254,31
A2CAAA,254,36
A2CABC,255,129
A2CBC0,255,140
A2CCCD,255,538
A2CD9A,254,26
A2CDD6,11,5
A2CDD6,255,225
A2CEF7,255,25
A2D1DA,254,1
A2D1DA,255,141
A2D2BC,254,20
A2D392,11,7
A2D392,255,409
A2D39D,255,126
A2D4C9,11,29
A2D4C9,255,396
A2D4F6,11,3
A2D4F6,255,65
A2D50F,11,3
A2D50F,255,354
A2D580,255,105
A2D5AC,255,113
A2D8D8,255,114
A2D9B1,255,248
A2DACB,254,27
A2DAF7,255,83
A2DCA7,255,114
A2DDF8,255,202
A2DEF9,11,3
A2DEF9,255,455
A2DFC6,254,26
A2E075,254,6
A2E075,255,155
A2E076,255,296
A2E0A6,11,5
A2E0A6,255,124
A2E0BF,255,98
A2E0E0,11,11
A2E0E0,255,268
A2E2E7,11,18
A2E2E7,255,132
A2E390,255,108
A2E4D3,254,30
A2E5C1,11,1
A2E5C1,255,131
A2E74E,255,283
A2E768,255,522
A2E7D2,255,95
A2E875,254,14
A2E87A,255,172
A2EADE,255,93
A2ECC5,255,157
A2EDA6,254,25
A2EDD4,254,19
A2EEBE,255,252
A2EF91,254,24
A2F0BD,11,3
A2F0BD,254,2
A2F0BD,255,233
A2F17F,255,154
A2F2B5,254,23
A2F3F6,11,28
A2F3F6,255,468
A2F481,254,25
A2F4D7,11,4
A2F4D7,255,74
A2F56E,255,96
A2F87D,254,25
A2F95E,11,21
A2F95E,255,336
A2F9B3,255,130
A2FC8A,254,26
A2FCF8,255,260
A2FCFD,255,139
A2FD7D,11,15
A2FD7D,255,272
A2FDBE,11,6
A2FDBE,255,133
A2FDCB,11,1
A2FDCB,255,91
A2FE6E,254,32
A2FE92,255,105
A2FEA5,254,36
A302A4,11,35
A302A4,255,501
A3059B,255,77
A306EC,255,628
A308B8,11,11
A308B8,255,408
A30B9A,11,13
A30B9A,255,78
A30F91,255,72
A30FAA,255,141
A31088,11,21
A31088,255,284
A311BF,11,4
A311BF,255,215
A311EC,254,25
A3129C,255,494
A31322,255,341
A313EB,255,160
A313FB,255,304
A318D4,255,668
A31C8E,11,14
A31C8E,255,121
A31C9C,255,251
A32293,11,17
A32293,255,370
A3238E,11,10
A3238E,255,188
A3261E,11,17
A3261E,255,224
A3261F,255,258
A327D6,254,27
A327FD,11,23
A327FD,255,286
A32834,255,568
A3288B,255,64
A328B2,255,187
A330E0,255,87
A332DB,254,32
A338A3,255,242
A33AFA,255,707
A33BCB,11,12
A33BCB,255,198
A33C88,255,297
A345CB,255,130
A348A5,255,114
A348F0,255,151
A349C8,255,496
A35048,11,2
A35048,255,445
A35188,255,149
A3538F,11,16
A3538F,255,348
A354DC,11,7
A354DC,255,276
A357AA,255,100
A35894,255,115
A359C1,11,2
A359C1,255,446
A36059,255,171
A361F5,255,262
A3649B,254,21
A364C8,255,31
A364EF,255,88
A365D9,255,163
A3667F,254,30
A367E6,254,24
A368B5,254,24
A369C3,254,24
A36A6E,254,30
A36AED,254,16
A36B65,254,20
A36CDC,255,129
A36CEC,255,98
A36DB5,255,872
A36DCF,255,136
A36E7A,11,6
A36E7A,254,1
A36E7A,255,78
A36EB0,255,88
A36EDC,254,36
A36F9F,11,12
A36F9F,255,104
A37071,255,88
A37085,255,99
A370D2,254,24
A37472,255,123
A3749A,255,205
A3749B,255,294
A374A5,255,105
A375BA,255,77
A3764D,255,292
A378CA,255,143
A37ACD,255,79
A37B7C,254,6
A37B83,255,234
A37CE2,255,99
A37DD7,11,9
A37DD7,255,366
A3808E,255,156
A380D9,11,2
A380D9,255,116
A380ED,11,2
A380ED,255,106
A381B4,11,7
A381B4,255,121
A3828B,255,157
A383A9,255,131
A3841B,255,343
A384D1,254,13
A384E7,255,84
A384FE,254,24
A386B3,255,106
A38787,11,13
A38787,255,231
A38875,11,8
A38875,255,90
A388A3,255,148
A388B1,255,166
A388BE,255,53
A389D5,255,212
A38AE3,11,6
A38AE3,255,204
A38AE8,255,148
A38B86,255,96
A38BE2,255,89
A38CCD,254,29
A38D66,255,121
A38DD3,255,185
A38E2E,255,364
A38E8C,254,29
A38EA8,255,98
A38EF1,254,24
A391B9,255,77
A391BB,255,87
A391D3,255,308
A39292,11,8
A39292,255,323
A392B0,255,90
A396CF,254,20
A397BB,255,139
A3980F,255,216
A398DD,254,35
A39BEB,255,70
A39CDE,255,585
A39CFE,255,133
A39DC4,254,26
A39DC5,11,15
A39DC5,255,134
A39E8C,255,146
A39F78,254,22
A39FB7,255,193
A39FB8,255,351
A39FEE,254,16
A3A07F,255,115
A3A096,11,4
A3A096,255,66
A3A1A4,255,110
A3A2FD,254,28
A3A38E,255,100
A3A56D,255,120
A3A598,254,29
A3A670,255,109
A3A6E1,255,118
A3A766,255,70
A3A799,254,23
A3A86D,11,1
A3A86D,255,106
A3A8EE,254,33
A3A981,11,1
A3A981,255,380
A3A9EB,11,12
A3A9EB,255,187
A3AA82,255,289
A3AAFC,254,24
A3AEB3,255,71
A3AF88,255,157
A3AF8A,255,118
A3B096,255,115
A3B18F,254,3
A3B18F,255,280
A3B28B,254,29
A3B2A3,254,21
A3B4A4,254,38
A3B69F,255,313
A3B6CA,255,117
A3B79E,254,23
A3B7BA,255,155
A3B8BF,11,10
A3B8BF,255,142
A3B8D9,255,82
A3B9F5,254,28
A3BA68,1,1
A3BA68,11,22
A3BA68,255,510
A3BB65,255,406
A3BB99,11,8
A3BB99,255,337
A3BBCE,11,6
A3BBCE,255,96
A3BBE3,254,34
A3BCF2,11,1
A3BCF2,255,458
A3BDAD,255,167
A3BEC0,11,2
A3BEC0,255,208
A3BEF3,254,24
A3BF00,255,418
A3BF65,11,4
A3BF65,255,107
A3BFBC,254,11
A3BFE8,255,76
A3C0BC,255,105
A3C0F0,255,197
A3C6D1,11,18
A3C6D1,255,188
A3C74F,255,286
A3C76D,255,87
A3C7BD,255,203
A3C885,255,220
A3C8BD,255,100
A3C8DA,255,90
A3C8DD,254,26
A3C9E6,255,142
A3CA90,11,5
A3CA90,255,55
A3CA9D,255,83
A3CAE7,255,211
A3CBA9,255,116
A3CBD8,255,118
A3CBE7,255,417
A3CCF9,255,104
A3CE91,255,77
A3CEC8,254,21
A3CF64,255,103
A3CFB7,255,244
A3CFB9,255,68
A3D066,254,18
A3D0BB,11,1
A3D0BB,255,159
A3D2C4,255,149
A3D2D1,11,16
A3D2D1,255,92
A3D2F5,11,8
A3D2F5,255,191
A3D3A9,255,82
A3D57A,255,134
A3D5C8,255,85
A3D5E6,255,146
A3D8AA,255,116
A3DAF5,255,194
A3DB71,254,24
A3DBAF,255,137
A3DD6E,254,18
A3DDEF,255,262
A3DED7,255,147
A3DED9,255,122
A3DEEF,11,3
A3DEEF,255,82
A3E06A,11,7
A3E06A,255,235
A3E2EA,254,6
A3E480,254,39
A3E4F6,254,37
A3E568,255,284
A3E577,255,133
A3E6DB,255,211
A3E7B4,11,10
A3E7B4,255,181
A3E7B7,11,10
A3E7B7,255,261
A3E8FA,255,103
A3E987,11,2
A3E987,255,264
A3E9E5,255,93
A3ECC6,255,94
A3EEF3,11,8
A3EEF3,255,110
A3EFF4,255,122
A3F087,255,119
A3F0B5,254,33
A3F0E2,11,9
A3F0E2,255,295
A3F1E9,254,27
A3F2A4,255,124
A3F2F9,254,19
A3F393,255,102
A3F3CC,254,16
A3F47A,255,151
A3F490,11,13
A3F490,255,118
A3F4C8,255,102
A3F4EE,255,69
A3F567,255,205
A3F66B,0,1
A3F66B,11,5
A3F66B,255,122
A3F69B,254,2
A3F69B,255,86
A3F7B0,255,73
A3F8E8,11,12
A3F8E8,255,196
A3FA9C,255,93
A3FAF2,255,375
A3FB40,255,177
A3FB41,255,213
A3FB8B,255,118
A3FC8E,254,24
A3FCA7,11,5
A3FCA7,255,78
A3FCA8,254,35
A3FCE2,255,157
A3FCF2,255,127
A3FDCF,11,18
A3FDCF,255,242
A3FE51,11,8
A3FE51,255,333
A4013C,11,11
A4013C,255,293
A4072F,255,248
A4078A,11,4
A4078A,255,206
A4078B,255,370
A40880,254,26
A40D46,11,4
A40D46,255,300
A41172,255,293
A411D0,255,416
A4130D,11,12
A4130D,255,412
A417FE,255,450
A41877,11,6
A41877,255,90
A41A90,255,120
A41ABF,255,264
A41FA0,11,35
A41FA0,255,224
A42276,255,375
A42931,11,7
A42931,255,142
A42932,11,4
A42932,255,223
A42DF9,254,18
A434C2,11,21
A434C2,255,420
A435E0,254,26
A437F3,254,22
A43A63,255,347
A43CC0,255,101
A43E9A,255,130
A43FD9,254,20
A442CF,11,11
A442CF,255,48
A444EB,254,21
A44599,255,281
A4459F,255,219
A446E7,255,133
A44722,255,357
A448ED,255,118
A44BD1,255,110
A45037,11,21
A45037,255,306
A45395,255,346
A455C4,11,6
A455C4,255,404
A457A8,255,319
A458DD,11,22
A458DD,255,193
A45CDB,255,503
A45DBF,255,61
A45E2C,255,322
A45FD5,255,90
A46295,11,3
A46295,255,286
A46489,255,143
A465CB,255,80
A46699,255,115
A466D4,255,132
A46783,254,23
A469C7,11,3
A469C7,255,170
A469D3,255,66
A46B78,255,103
A46BF4,255,148
A46E9B,11,6
A46E9B,255,294
A46EEA,255,170
A46F75,255,58
A46FB1,255,144
A46FDA,254,1
A46FDA,255,188
A46FDB,255,274
A46FDE,254,23
A470C7,255,293
A473F3,11,13
A473F3,255,57
A4749C,255,175
A474AF,255,112
A474B5,254,28
A475AB,254,28
A475C6,254,21
A4769D,11,11
A4769D,255,310
A476B9,11,27
A476B9,255,151
A477BC,254,38
A477FA,255,115
A478B5,255,117
A478C1,255,111
A478E4,254,22
A478F3,11,24
A478F3,255,104
A47968,11,38
A47968,255,352
A4796B,255,266
A4799B,254,16
A479C8,255,267
A479EB,254,22
A47ACB,255,137
A47C9B,255,120
A47DB5,11,2
A47DB5,255,176
A47DD0,255,103
A47EFB,254,28
A47F82,255,168
A47FE9,11,4
A47FE9,255,87
A4807F,11,11
A4807F,255,27
A48236,11,23
A48236,255,285
A482AB,11,7
A482AB,255,220
A482CD,255,522
A482E8,254,20
A48468,11,48
A48468,255,411
A48485,254,27
A4857A,254,20
A485FC,255,431
A48680,255,123
A486E7,254,22
A48939,11,15
A48939,255,516
A489FA,255,119
A48BAA,255,172
A48BAB,255,276
A48BC6,11,11
A48BC6,255,98
A48BCD,254,30
A48C57,11,20
A48C57,255,326
A48CB8,255,148
A48D45,11,15
A48D45,255,215
A48DD1,254,20
A48E92,254,19
A48EFE,255,113
A48FAF,255,79
A48FB6,255,143
A48FDB,11,19
A48FDB,255,131
A4901E,255,416
A490EE,11,8
A490EE,255,161
A491C8,255,108
A491FA,255,171
A49290,255,187
A493AC,11,11
A493AC,255,96
A493E8,255,75
A494A3,255,146
A496F4,254,20
A4988B,255,167
A498DA,255,137
A499A5,255,100
A49A6C,255,112
A49AFD,11,4
A49AFD,255,103
A49CEF,11,11
A49CEF,255,100
A49D9D,254,23
A49DE2,255,221
A49EA0,11,9
A49EA0,255,141
A49EF0,254,24
A49FB5,11,6
A49FB5,255,110
A4A0A7,11,20
A4A0A7,255,359
A4A1A9,255,133
A4A275,255,108
A4A283,255,153
A4A3E7,255,122
A4A4D2,255,88
A4A4F7,255,125
A4A5CE,11,13
A4A5CE,255,161
A4A67C,255,97
A4A69C,11,8
A4A69C,255,189
A4A6A4,255,122
A4A7ED,255,107
A4A86F,255,160
A4A8BC,254,21
A4A8F3,254,19
A4A8F5,255,75
A4AA97,255,210
A4AB68,254,23
A4ABD7,255,130
A4AFBD,255,89
A4B2EF,254,27
A4B39D,11,5
A4B39D,255,269
A4B3AC,11,7
A4B3AC,255,181
A4B3BA,254,6
A4B4A2,254,21
A4B56D,255,79
A4B585,255,120
A4B5E0,254,21
A4B6C9,255,324
A4B740,11,11
A4B740,255,246
A4B972,11,2
A4B972,255,238
A4B992,11,3
A4B992,255,90
A4BA90,255,281
A4BAA4,255,341
A4BC66,255,127
A4BCC5,255,256
A4BD65,255,324
A4BD86,255,144
A4BD8F,255,146
A4BDAF,11,16
A4BDAF,255,134
A4BDD9,11,6
A4BDD9,255,115
A4BE8F,255,102
A4BF52,11,14
A4BF52,255,411
A4C082,11,6
A4C082,255,108
A4C097,11,31
A4C097,255,193
A4C1F8,255,86
A4C28F,255,115
A4C2C9,11,14
A4C2C9,255,166
A4C3BC,255,129
A4C3BD,11,20
A4C3BD,255,192
A4C3C4,255,310
A4C464,255,68
A4C483,254,38
A4C4B7,11,10
A4C4B7,255,82
A4C5D1,11,4
A4C5D1,255,66
A4C6DF,255,124
A4C6ED,255,200
A4C7DF,254,25
A4C7E8,255,395
A4C7FD,254,25
A4C8D6,254,25
A4CA6E,255,137
A4CA87,254,25
A4CA87,255,355
A4CA88,11,4
A4CA88,255,245
A4CA89,255,252
A4CAC0,254,21
A4CACE,255,65
A4CB65,255,98
A4CB9B,254,24
A4CCDA,255,114
A4CD89,254,36
A4CDF6,11,58
A4CDF6,254,104729
A4CE6A,255,102
A4CEB4,254,30
A4CEEB,11,10
A4CEEB,255,328
A4CEF3,255,87
A4CEF9,254,23
A4CFB8,255,291
A4CFE9,255,304
A4D08E,255,134
A4D0D4,255,117
A4D117,255,255
A4D298,254,2
A4D5E8,255,111
A4D8DE,254,35
A4D998,255,360
A4DA85,254,28
A4DADB,255,93
A4DAE5,11,21
A4DAE5,255,215
A4DCCD,254,22
A4DE9D,255,153
A4DF47,255,688
A4E073,11,7
A4E073,255,93
A4E0DA,11,7
A4E0DA,255,170
A4E1FE,11,12
A4E1FE,255,231
A4E2D4,11,11
A4E2D4,255,76
A4E3CE,254,18
A4E4C4,254,18
A4E501,255,281
A4E5A9,254,27
A4E68C,255,104
A4E695,254,20
A4E7A4,254,26
A4E7EB,255,128
A4E864,255,256
A4E879,11,20
A4E879,255,133
A4E8CA,11,12
A4E8CA,255,116
A4E8CC,11,4
A4E8CC,255,74
A4E987,254,31
A4E9C2,255,191
A4E9D7,11,2
A4E9D7,255,97
A4EAD0,255,101
A4EBFD,254,23
A4EC65,255,83
A4EC91,255,97
A4ED6D,255,88
A4EE6A,11,1
A4EE6A,255,122
A4EE99,255,50
A4EF35,11,5
A4EF35,255,342
A4EFD0,255,127
A4F1CE,255,123
A4F1F0,255,199
A4F27A,254,24
A4F289,255,141
A4F2C5,255,104
A4F2DF,254,17
A4F371,255,119
A4F475,0,1
A4F475,11,5
A4F475,255,157
A4F486,255,89
A4F574,11,1
A4F574,255,235
A4F598,255,102
A4F69E,255,60
A4F6D0,255,158
A4F6E7,255,111
A4F6EE,254,20
A4F6F5,255,155
A4F705,11,30
A4F705,255,352
A4F707,11,25
A4F707,255,263
A4F893,11,15
A4F893,255,301
A4FAA5,255,106
A4FAF3,11,11
A4FAF3,255,108
A4FB64,255,53
A4FBDB,255,150
A4FC83,255,45
A4FC88,255,360
A4FCBC,255,71
A4FE66,11,16
A4FE66,255,123
A4FE95,255,126
A500F8,255,540
A50ADF,254,23
A5134E,11,22
A5134E,255,365
A51462,255,301
A51508,255,1186
A515C8,254,36
A51765,11,2
A51765,255,212
A517EA,254,26
A518EF,255,103
A5196D,255,243
A519A7,254,4
A519A7,255,194
A519A8,255,282
A51E8A,255,253
A520FB,255,239
A5234B,255,283
A523CE,255,133
A5296F,255,619
A52AA5,11,3
A52AA5,255,122
A52B46,255,294
A52B9F,255,214
A53076,11,24
A53076,255,374
A531C5,11,4
A531C5,255,186
A531C6,11,12
A531C6,255,336
A53971,11,6
A53971,255,358
A53C2E,255,196
A53DC2,11,11
A53DC2,255,213
A54772,255,120
A5493F,255,976
A549F3,11,32
A549F3,255,436
A54AA0,255,99
A54D87,11,12
A54D87,255,353
A54E88,11,2
A54E88,255,334
A550C4,255,520
A550C5,11,19
A550C5,255,773
A5523C,255,298
A55699,254,22
A557C1,255,88
A55ACB,11,1
A55ACB,255,135
A55CC4,255,376
A5647D,254,21
A564A9,254,30
A565AB,255,413
A565E2,255,180
A566EE,255,118
A56991,255,234
A569EA,255,96
A56B6A,255,102
A56B87,255,108
A56B8B,255,118
A56CC8,254,37
A56D85,254,29
A56DA7,11,17
A56DA7,255,218
A56DA8,255,734
A56FB0,254,33
A56FE8,255,114
A56FF3,255,96
A5707C,255,156
A572D0,255,112
A57343,255,396
A574A2,255,217
A574CD,254,22
A575FB,255,126
A5778C,255,155
A577BB,255,380
A577DB,254,28
A57881,254,24
A57BFB,255,129
A57CF7,255,70
A57D04,255,387
A580B5,255,137
A581E8,255,131
A58255,255,269
A58256,11,4
A58256,255,226
A583FD,254,6
A583FD,255,170
A584B3,255,120
A584CA,255,231
A5858A,255,191
A5859E,255,150
A587A4,255,79
A587AC,254,21
A58898,255,114
A5897D,11,10
A5897D,255,218
A589D0,254,29
A58AAA,11,4
A58AAA,255,162
A58AF3,255,118
A58B67,255,137
A58BB8,255,238
A58CAE,255,111
A58D97,255,310
A58DBD,255,83
A58E87,255,109
A58ED8,255,73
A59161,255,255
A59165,11,19
A59165,255,240
A59177,11,1
A59177,255,87
A59178,255,116
A593B1,11,9
A593B1,255,165
A594C3,11,18
A594C3,255,80
A59582,11,5
A59582,255,116
A597EB,255,191
A5996E,255,338
A59A88,255,135
A59AB1,254,30
A59AEE,255,156
A59BC8,255,105
A59C65,254,22
A59C76,254,26
A59D28,1,1
A59D28,11,15
A59D28,255,158
A59DEC,254,25
A59E88,255,114
A59EC6,255,117
A59F7A,254,19
A59FD1,254,27
A5A0A0,254,20
A5A27D,254,4
A5A589,254,29
A5A5AF,255,157
A5A6C5,254,19
A5A8B4,11,10
A5A8B4,255,199
A5A8D5,255,125
A5A9ED,255,516
A5AA1F,255,311
A5AAB2,255,111
A5ABDB,255,94
A5ABE0,254,14
A5AEEF,254,22
A5AFBE,11,6
A5AFBE,255,126
A5B5DA,1,1
A5B5DA,11,24
A5B5DA,255,97
A5B6EA,255,309
A5B8BF,255,116
A5B8C0,255,80
A5B8F2,255,99
A5B8F5,11,14
A5B8F5,255,26
A5BA86,254,24
A5BAA6,255,181
A5BB79,255,83
A5BB7C,254,19
A5BBA3,255,188
A5BDAD,255,56
A5BDE0,11,17
A5BDE0,255,257
A5BE13,255,240
A5BEA8,255,91
A5BEFB,255,123
A5C09B,255,83
A5C0CB,255,132
A5C1A8,254,22
A5C1EA,254,24
A5C271,254,21
A5C298,254,34
A5C2A1,254,37
A5C7B2,255,135
A5C7B5,255,96
A5C8E6,254,19
A5C9AF,255,64
A5C9C8,255,61
A5C9F2,255,108
A5CB83,11,15
A5CB83,255,50
A5CBAD,255,281
A5CBC7,11,20
A5CBC7,255,408
A5CBCB,255,80
A5CBF8,11,5
A5CBF8,255,111
A5CC7D,255,128
A5CD2B,11,13
A5CD2B,255,571
A5CF66,254,29
A5CF83,255,126
A5CFA5,255,111
A5D0BA,255,91
A5D1AA,255,150
A5D1D9,255,99
A5D2C3,11,7
A5D2C3,255,141
A5D39A,1,1
A5D39A,11,17
A5D39A,255,78
A5D3A5,11,4
A5D3A5,255,100
A5D48A,255,465
A5D4E1,255,254
A5D5BB,255,347
A5D6C9,254,14
A5D78B,255,127
A5D7A0,11,2
A5D7A0,255,124
A5D870,255,96
A5D898,255,74
A5D99F,255,615
A5DBFA,255,153
A5DC82,11,5
A5DC82,255,111
A5DCDE,11,4
A5DCDE,255,113
A5DCFE,255,233
A5DD71,255,98
A5DE94,255,119
A5E0D0,255,73
A5E29F,255,213
A5E2A5,254,14
A5E2C3,255,127
A5E3AD,255,106
A5E575,255,121
A5E786,255,79
A5E7B3,255,117
A5E88C,254,16
A5E9D8,11,8
A5E9D8,255,129
A5EABD,255,269
A5EAD0,255,83
A5ECA6,255,117
A5ECD8,254,30
A5ED66,254,31
A5EE96,254,29
A5EEA6,255,120
A5EF12,255,341
A5F06E,11,11
A5F06E,255,82
A5F0B7,255,250
A5F0DD,11,1
A5F0DD,255,99
A5F137,11,5
A5F137,255,262
A5F23B,11,21
A5F23B,255,325
A5F2CE,255,326
A5F3E4,254,15
A5F49E,255,103
A5F4A2,255,155
A5F4B2,255,97
A5F5C5,255,166
A5F5D1,11,5
A5F5D1,255,218
A5F7D6,255,170
A5F8B8,255,257
A5F8C2,11,2
A5F8C2,255,145
A5F9A4,255,115
A5FADC,255,62
A5FBDD,255,345
A5FBF9,255,77
A5FC94,11,33
A5FC94,255,302
A5FC95,255,149
A5FD2D,255,348
A5FD8A,255,79
A5FDE6,254,20
A5FEAC,254,32
A6002B,11,7
A6002B,255,287
A60486,11,1
A60486,255,322
A60536,11,29
A60536,255,181
A60537,255,318
A60778,255,132
A60852,11,10
A60852,255,288
A609F2,11,12
A609F2,255,156
A60B3B,11,15
A60B3B,255,408
A60DBE,254,21
A61779,11,5
A61779,255,296
A61B5A,255,112
A61BC4,255,104
A61DD0,255,146
A61DD1,255,118
A62B91,11,32
A62B91,255,240
A6308D,255,399
A635BB,255,121
A636EB,255,276
A63AAF,2,1
A63AAF,11,20
A63AAF,255,232
A63DA4,255,376
A63FF0,255,103
A6408F,11,16
A6408F,255,445
A64331,11,2
A64331,255,281
A647AC,254,29
A648C5,11,9
A648C5,255,123
A64AF9,255,176
A65495,11,3
A65495,255,164
A65C67,255,246
A665D1,255,131
A665DA,11,24
A665DA,255,258
A6696E,255,163
A669CA,255,88
A669CD,255,103
A669DE,255,103
A669E5,254,20
A669F2,255,107
A66A65,11,6
A66A65,255,255
A66ACD,254,22
A66BD5,254,10
A66C9D,255,143
A66D20,11,2
A66D20,255,195
A66D21,11,24
A66D21,255,301
A66D41,11,6
A66D41,255,303
A66D89,255,171
A66DDB,11,3
A66DDB,255,293
A66EC6,255,78
A671A7,254,22
A671EF,254,17
A672DF,255,102
A673E7,255,190
A67490,255,90
A674BA,254,18
A67588,11,16
A67588,255,57
A676A8,255,85
A676DD,11,15
A676DD,255,537
A6779A,255,277
A67AC2,255,140
A67CD7,255,234
A67CF7,255,104
A67E74,11,8
A67E74,255,227
A67FF3,255,144
A681A4,255,120
A6825B,11,6
A6825B,255,292
A682D9,255,504
A682DE,254,20
A6839E,255,92
A683DF,11,7
A683DF,255,157
A68587,254,19
A685C5,255,97
A689C7,255,92
A68AF2,254,34
A68B9A,254,28
A68BC7,255,125
A68BE2,254,39
A68D6D,255,123
A68DD5,255,108
A68E98,11,2
A68E98,255,93
A68EA7,255,137
A68F96,254,25
A68FB6,255,350
A68FD0,255,133
A68FF0,254,31
A690EE,11,1
A690EE,255,132
A691DB,11,4
A691DB,255,146
A692DE,254,14
A69375,254,19
A69385,254,40
A6939E,254,26
A69499,255,71
A694B3,254,28
A696EF,255,99
A69776,255,91
A697A1,254,22
A698E2,255,242
A69971,254,21
A699CC,11,15
A699CC,255,126
A699DE,255,117
A69BDC,11,2
A69BDC,255,146
A69C79,255,120
A69CC1,255,158
A69DD7,11,15
A69DD7,255,77
A69EB4,11,16
A69EB4,255,93
A69F29,11,8
A69F29,255,403
A69F50,11,12
A69F50,255,615
A69F6C,11,15
A69F6C,255,103
A69FB9,255,106
A6A165,11,3
A6A165,255,219
A6A170,254,21
A6A291,11,10
A6A291,255,344
A6A2D7,255,104
A6A2E1,11,7
A6A2E1,255,335
A6A33C,11,14
A6A33C,255,276
A6A398,255,264
A6A4FC,11,12
A6A4FC,255,82
A6A5E3,255,45
A6A5E8,255,130
A6A5F7,254,1323
A6A6DC,254,31
A6A7FB,255,135
A6A8EA,254,21
A6A9F3,255,132
A6A9F8,11,24
A6A9F8,255,57
A6ABC0,255,97
A6AC66,255,151
A6AC7C,11,20
A6AC7C,255,84
A6ACF8,254,27
A6AE9F,255,249
A6AEAB,255,136
A6AEE4,255,98
A6B1C3,255,116
A6B2DC,255,138
A6B2E2,255,223
A6B581,254,27
A6B58C,254,29
A6B7C4,254,22
A6B864,255,126
A6B885,255,469
A6B891,255,102
A6B968,254,27
A6BA74,11,14
A6BA74,255,113
A6BB91,255,85
A6BBA4,255,90
A6BBB5,255,390
A6BBFA,11,6
A6BBFA,255,117
A6BC19,11,32
A6BC19,255,351
A6BC94,255,101
A6BCC6,255,161
A6BD2B,11,7
A6BD2B,255,280
A6BD79,254,15
A6BD97,254,21
A6BDC2,255,199
A6BE75,254,27
A6BF78,255,212
A6BFCF,255,166
A6C099,255,82
A6C194,11,2
A6C194,255,182
A6C1A7,11,5
A6C1A7,255,82
A6C3E0,255,76
A6C4A0,11,9
A6C4A0,255,152
A6C5C4,11,7
A6C5C4,255,99
A6C7E0,254,25
A6C8FC,255,84
A6C9C1,255,200
A6C9D8,255,135
A6CA7D,255,75
A6CAC5,11,23
A6CAC5,255,125
A6CACD,11,21
A6CACD,255,185
A6CACE,255,99
A6CC70,11,2
A6CC70,254,1
A6CC70,255,376
A6CD71,254,15
A6CE68,255,156
A6CEA3,254,36
A6CFE0,254,22
A6D0C1,254,24
A6D3DF,254,30
A6D4E1,255,313
A6D5E0,255,129
A6D873,255,64
A6D972,255,126
A6D980,254,2
A6D9B5,254,14
A6D9C6,254,26
A6D9E1,254,28
A6DAB5,254,22
A6DABD,255,121
A6DAD7,255,336
A6DBAC,11,5
A6DBAC,255,78
A6DC94,255,57
A6DD12,255,257
A6DD6B,255,167
A6DE73,255,131
A6DEBF,255,292
A6DEEC,255,90
A6E07C,255,120
A6E0D1,255,57
A6E0DA,255,133
A6E0E7,255,111
A6E1DA,255,140
A6E283,255,142
A6E28C,255,127
A6E2EC,11,6
A6E2EC,255,184
A6E43E,255,479
A6E572,2,1
A6E572,11,30
A6E572,255,150
A6E573,11,10
A6E573,255,349
A6E6D8,255,127
A6E774,255,93
A6E7E5,254,25
A6E804,11,17
A6E804,255,301
A6E805,11,3
A6E805,255,589
A6E88E,254,20
A6E8CA,254,22
A6E986,254,20
A6EAC9,255,371
A6EACD,255,119
A6EC8B,255,159
A6EDC1,255,139
A6EE34,11,4
A6EE34,255,234
A6EF17,255,592
A6EF6A,254,36
A6EF7E,254,32
A6F075,255,242
A6F0B7,254,11
A6F19C,255,127
A6F1E6,255,131
A6F286,255,239
A6F2BE,254,28
A6F359,255,216
A6F3CF,255,49
A6F49A,255,133
A6F49F,11,7
A6F49F,255,531
A6F5DC,254,19
A6F671,255,123
A6F6A3,11,7
A6F6A3,255,181
A6F76D,255,141
A6F881,255,138
A6FC99,255,264
A6FC9A,11,9
A6FC9A,255,824
A6FD95,11,18
A6FD95,255,112
A6FE8A,254,36
A6FEAA,11,15
A6FEAA,255,268
A6FEAF,255,83
A6FEE1,11,6
A6FEE1,255,73
A70892,255,184
A70EF3,255,145
A71060,255,203
A71061,11,13
A71061,255,335
A71138,255,422
A71329,11,19
A71329,255,232
A71371,255,128
A71571,255,156
A71B71,11,6
A71B71,255,116
A71BCA,255,115
A71C8D,255,166
A71CA2,11,5
A71CA2,255,214
A71CA7,255,230
A71E74,11,7
A71E74,255,260
A71ECA,255,271
A722B3,11,2
A722B3,255,142
A723E3,11,6
A723E3,255,104
A724B4,11,3
A724B4,255,96
A72510,11,6
A72510,255,553
A7256F,255,220
A728BE,254,19
A729EA,254,22
A72BAB,255,298
A72C6E,255,95
A72D48,255,330
A72EA3,254,29
A73065,254,24
A73471,255,272
A73AA4,254,27
A73BA2,255,100
A73C69,255,272
A73CBC,255,274
A73E6F,255,355
A73EAA,255,100
A74805,11,25
A74805,255,263
A7481B,11,35
A7481B,255,353
A74888,11,24
A74888,255,445
A748F2,254,23
A748F2,255,336
A754AD,255,298
A75778,11,7
A75778,255,84
A757AE,254,30
A75A76,11,8
A75A76,255,408
A75C82,11,11
A75C82,254,26
A75C82,255,305
A75E2C,255,232
A75EEC,255,290
A76084,11,11
A76084,255,172
A76085,255,276
A760E2,0,1
A760E2,11,45
A760E2,255,514
A762F2,255,207
A76593,255,85
A765C6,255,91
A7661D,255,662
A76668,254,24
A767BB,255,108
A76ADC,255,88
A76AF2,255,88
A76BE5,11,2
A76BE5,255,120
A76C22,255,277
A76C96,255,67
A76CAC,254,29
A76F66,254,26
A76F7F,255,475
A76FBE,255,92
A770F8,254,27
A771DD,254,26
A771E4,255,78
A7726E,11,6
A7726E,255,287
A772FE,255,152
A7749B,254,45
A7769C,255,79
A777E3,254,39
A777EF,255,102
A777FB,255,79
A778C0,255,560
A778E0,11,7
A778E0,255,73
A778FA,255,68
A778FC,255,72
A77AC0,255,182
A77BA7,254,27
A77C66,254,26
A77E90,255,125
A77FB7,254,28
A780A8,255,156
A780F1,254,22
A7816A,255,118
A783B6,255,74
A78572,254,30
A78676,254,33
A7868B,11,12
A7868B,255,388
A786D1,254,18
A788FB,11,5
A788FB,255,185
A78A66,255,237
A78A67,255,345
A78A80,254,29
A78B40,255,298
A78B8D,11,14
A78B8D,255,53
A78C72,255,161
A78D7E,11,8
A78D7E,255,137
A78DAD,255,332
A78DB1,255,297
A78DD6,254,20
A78EE5,254,14
A78F65,11,13
A78F65,255,134
A7914C,11,8
A7914C,255,291
A791BF,255,109
A791CA,254,31
A79272,255,114
A793CD,11,19
A793CD,255,481
A79468,255,97
A794C7,254,33
A794D5,255,120
A79591,255,501
A796A5,255,145
A796B1,255,85
A796B9,255,75
A79769,255,103
A797BD,11,14
A797BD,255,517
A79BA8,255,151
A79BCA,11,6
A79BCA,255,226
A79C65,11,6
A79C65,255,314
A79CF3,255,425
A79DC7,255,67
A79F13,11,3
A79F13,255,275
A79F36,11,6
A79F36,255,443
A7A041,255,328
A7A08C,11,29
A7A08C,255,392
A7A090,254,24
A7A16F,255,98
A7A2A0,255,163
A7A531,255,278
A7A5BB,255,169
A7A69D,11,12
A7A69D,255,117
A7A7BD,254,34
A7A83E,11,21
A7A83E,255,304
A7A8B4,11,22
A7A8B4,255,538
A7A973,11,17
A7A973,255,125
A7ABAB,255,349
A7ABD3,254,25
A7AD75,11,9
A7AD75,255,299
A7ADE6,254,25
A7AE71,255,142
A7AE8F,255,114
A7AEDB,255,113
A7B0CA,255,190
A7B143,255,251
A7B1F9,254,20
A7B5FD,254,29
A7B69F,254,26
A7B79F,254,23
A7B7A4,255,80
A7B892,255,108
A7B893,254,23
A7B9F8,11,5
A7B9F8,255,119
A7BC91,255,149
A7BD6F,254,33
A7BD77,254,25
A7BF89,254,20
A7BF92,0,1
A7BF92,11,7
A7BF92,254,1
A7BF92,255,68
A7C06D,255,238
A7C0A8,255,162
A7C1BC,255,157
A7C3FA,255,122
A7C4DD,255,82
A7C695,255,94
A7C699,255,126
A7C6DA,254,29
A7C6ED,254,23
A7CA67,11,1
A7CA67,255,92
A7CA87,255,86
A7CBB5,254,23
A7CBBF,255,105
A7CBCE,11,10
A7CBCE,255,312
A7CC3B,1,1
A7CC3B,11,24
A7CC3B,255,353
A7CC72,255,118
A7CCBF,255,137
A7CDA3,255,116
A7CEC1,254,14
A7CFE3,255,83
A7D177,255,106
A7D2C0,255,174
A7D39D,11,1
A7D39D,255,164
A7D3B7,255,122
A7D4B0,255,586
A7D5E0,254,22
A7D777,255,353
A7D79E,255,72
A7D7E4,11,14
A7D7E4,255,87
A7D9B3,255,321
A7DA99,255,109
A7DB8E,255,224
A7DCAA,11,24
A7DCAA,255,285
A7DCEC,255,250
A7DF75,11,5
A7DF75,255,126
A7DF7E,254,30
A7DF97,254,33
A7E0CD,11,3
A7E0CD,255,92
A7E1E1,255,148
A7E3D4,255,270
A7E471,255,172
A7E4A8,255,359
A7E575,254,26
A7E595,255,183
A7E5DF,255,111
A7E675,255,238
A7E77E,255,57
A7E7F1,11,9
A7E7F1,255,138
A7E96C,254,23
A7E98C,255,444
A7EB85,11,9
A7EB85,255,357
A7EBA2,255,164
A7ECCD,255,245
A7EDB5,254,30
A7EF91,255,110
A7EF99,254,39
A7EFF4,255,340
A7F037,255,294
A7F0BA,255,126
A7F1EB,255,195
A7F3CD,254,38
A7F4C5,254,17
A7F5A9,254,22
A7F5B9,255,404
A7F5EA,255,126
A7F643,255,354
A7F6DB,254,29
A7F6F1,255,298
A7F7FA,255,75
A7FB64,255,101
A7FBCC,254,32
A7FCCE,11,9
A7FCCE,255,108
A80393,11,8
A80393,255,131
A80497,255,179
A8057C,255,494
A805EE,11,15
A805EE,255,462
A808FB,255,578
A80A9D,11,6
A80A9D,255,275
A80B64,11,4
A80B64,255,346
A80D8D,255,439
A80D91,255,132
A80D9E,255,117
A811D2,255,414
A811FA,2,1
A811FA,11,33
A811FA,254,1
A811FA,255,223
A811FB,255,291
A8143C,11,29
A8143C,255,277
A81E9D,255,338
A820B3,254,35
A821E4,255,129
A823CF,255,94
A82583,255,124
A825C0,255,254
A829B8,255,217
A82ADF,255,105
A82FE8,255,349
A83190,255,362
A835AA,255,177
A8368B,255,240
A837F1,255,257
A83BB2,11,20
A83BB2,255,232
A83C5C,11,15
A83C5C,255,300
A83FF4,11,10
A83FF4,255,617
A841D8,255,290
A8427F,255,59
A843B4,255,150
A849FE,255,235
A84AF3,11,16
A84AF3,255,272
A84BEE,255,259
A84DD4,255,117
A85153,11,36
A85153,255,498
A85929,255,280
A85983,255,122
A85ED2,255,46
A85FE8,255,254
A86103,255,673
A861F3,255,124
A8648A,255,72
A864A4,254,26
A864CB,11,10
A864CB,255,68
A8653C,255,175
A865A7,255,139
A865D8,11,10
A865D8,255,323
A868AB,255,69
A86ADF,255,132
A86AE1,255,100
A86B64,254,25
A86B78,254,28
A86B97,255,116
A86CD4,255,213
A86DEF,255,61
A86E8C,255,169
A86FE7,11,10
A86FE7,255,261
A8709F,11,1
A8709F,255,601
A871EC,254,18
A8768F,255,115
A876C8,254,20
A877B9,255,134
A877E4,255,175
A87826,11,15
A87826,255,215
A87827,11,6
A87827,255,257
A879E8,254,29
A87A8C,254,26
A87BE2,254,34
A87BF4,254,27
A87D97,255,159
A87EE9,254,25
A87FD2,255,95
A880B6,254,24
A880EC,255,208
A881BE,254,25
A881F7,11,1
A881F7,255,146
A88266,254,21
A882E8,11,15
A882E8,255,112
A883C3,11,18
A883C3,255,68
A883C9,255,276
A8852E,255,136
A88670,255,105
A888C9,254,21
A88A8E,255,317
A88AA9,255,83
A88AB0,255,90
A88AD1,11,16
A88AD1,255,291
A88B8D,255,78
A88CE7,254,25
A88ED1,255,125
A890BC,11,26
A890BC,255,133
A891BA,255,142
A892D4,11,3
A892D4,255,150
A893B1,255,120
A893DB,255,79
A894B7,255,88
A895C0,255,98
A8968E,255,106
A896D5,255,115
A896F9,11,32
A896F9,255,424
A89725,11,17
A89725,255,441
A89728,255,212
A89891,255,112
A8999C,11,7
A8999C,255,72
A899A4,255,92
A89A79,11,11
A89A79,255,298
A89A82,254,27
A89B87,255,290
A89CED,255,179
A89D7D,11,5
A89D7D,255,73
A89EB2,254,28
A89EB6,254,20
A89EC8,254,27
A89ECF,255,99
A89ED7,255,117
A89FE3,255,247
A8A4C4,255,101
A8A569,255,187
A8A5E4,255,115
A8A678,254,25
A8A69C,255,116
A8A778,255,335
A8A786,254,36
A8A7FB,255,255
A8A866,255,100
A8A8BD,254,17
A8A8C7,254,5
A8A8D9,11,10
A8A8D9,255,86
A8A8E1,255,67
A8AA92,255,117
A8AB40,11,22
A8AB40,255,350
A8ABDC,11,6
A8ABDC,255,415
A8ABDD,255,243
A8ACA0,254,35
A8AD89,255,170
A8ADE6,255,97
A8AF9E,255,120
A8AFB5,11,5
A8AFB5,255,142
A8AFD6,255,802
A8B2E7,11,12
A8B2E7,255,67
A8B2F3,255,88
A8B489,11,9
A8B489,255,142
A8B4CD,254,31
A8B59B,255,133
A8B5A7,255,179
A8B693,255,159
A8B7D7,255,225
A8B7E4,255,356
A8B7E8,255,410
A8B974,11,8
A8B974,255,86
A8B995,254,39
A8B9F9,2,1
A8B9F9,11,32
A8B9F9,255,177
A8BA9B,11,7
A8BA9B,255,195
A8BB92,254,37
A8BCF7,254,28
A8BE7E,255,136
A8BE89,254,19
A8BE99,255,97
A8BEC9,255,233
A8BF38,255,341
A8C15A,255,232
A8C1F4,255,415
A8C2A3,11,11
A8C2A3,255,150
A8C66B,254,31
A8C687,254,15
A8C6C5,254,20
A8C6E2,254,10
A8C78E,254,27
A8C79B,255,127
A8C7C2,255,283
A8C7ED,255,121
A8C836,255,273
A8C86B,11,1
A8C86B,255,116
A8C895,255,94
A8C9C3,255,123
A8CA7B,254,33
A8CAD4,255,116
A8CB89,255,59
A8CBC3,255,104
A8CC6A,255,110
A8CF9F,255,110
A8CFA4,255,272
A8D195,11,19
A8D195,255,248
A8D2D4,255,79
A8D5D6,255,104
A8D691,254,18
A8D6E4,255,100
A8D7B2,255,81
A8D7B5,255,110
A8D7F6,255,268
A8D899,11,5
A8D899,254,1
A8D899,255,368
A8D972,255,233
A8DA8A,255,186
A8DAA1,255,78
A8DCAF,255,77
A8DD87,11,3
A8DD87,255,153
A8DEF5,255,214
A8DF6D,255,145
A8DF97,255,130
A8DFD5,11,20
A8DFD5,255,209
A8E072,11,19
A8E072,255,118
A8E2A0,255,118
A8E2A3,254,27
A8E2EC,11,13
A8E2EC,255,77
A8E381,11,8
A8E381,255,148
A8E3B8,11,3
A8E3B8,255,151
A8E465,255,168
A8E7A0,254,22
A8E7D7,255,204
A8E812,11,14
A8E812,255,437
A8E98B,255,134
A8E98C,255,52
A8E992,255,141
A8EBDF,255,185
A8EC60,255,528
A8EC61,11,1
A8EC61,255,691
A8ECA9,255,67
A8EDBD,11,4
A8EDBD,255,322
A8F076,255,181
A8F1ED,255,125
A8F2A9,255,308
A8F2C2,254,27
A8F4BF,255,122
A8F5C8,255,158
A8F5CB,255,138
A8F5F2,254,27
A8F6F0,255,115
A8F78A,254,16
A8F87C,11,9
A8F87C,255,107
A8F8A8,255,139
A8F8D8,255,139
A8F8FD,255,83
A8F9DA,11,2
A8F9DA,255,103
A8FA8F,255,219
A8FB93,11,16
A8FB93,255,84
A8FE72,255,177
A8FE81,255,449
A8FEC2,254,28
A90068,11,3
A90068,255,294
A901C1,255,219
A905CA,11,20
A905CA,255,177
A906E3,255,81
A90B9E,255,295
A90CA3,255,140
A90CFB,255,245
A90EE3,255,192
A90EF1,254,28
A90FE1,11,4
A90FE1,255,91
A91500,255,515
A91670,254,32
A916B7,255,117
A91968,11,1
A91968,255,70
A91B40,255,470
A91F2F,255,406
A91FF5,11,14
A91FF5,255,318
A92175,255,105
A921B9,11,13
A921B9,255,406
A9269D,255,105
A9286E,255,361
A9299E,255,128
A92A65,255,369
A92DCB,11,21
A92DCB,255,363
A93054,0,1
A93054,11,34
A93054,255,150
A9313A,255,376
A9331C,255,422
A933C5,11,33
A933C5,255,194
A934DB,255,138
A935AC,255,105
A93A73,255,82
A93B46,255,243
A93BF8,255,79
A93E23,255,280
A93EFA,11,14
A93EFA,255,217
A93F1C,11,30
A93F1C,255,295
A940E3,254,32
A94174,254,27
A94298,255,303
A94494,11,7
A94494,255,106
A944B8,255,156
A947ED,255,127
A94BDD,11,54
A94BDD,255,551
A95038,11,10
A95038,255,228
A9504E,255,493
A95173,254,17
A95175,254,19
A95780,255,185
A95A27,255,347
A95BF2,255,113
A95EF8,0,1
A95EF8,11,2
A95EF8,254,888
A96312,11,1
A96312,255,224
A964C6,11,35
A964C6,255,275
A964D0,255,106
A964EF,255,106
A9667C,255,60
A966ED,254,29
A966F1,254,20
A96777,255,90
A96788,254,23
A9687E,254,27
A968A4,255,74
A96972,255,124
A96AA1,255,146
A96AD2,255,98
A96AFA,255,406
A96AFC,254,24
A96B89,255,199
A96B93,255,125
A96BE7,254,30
A96C7F,11,6
A96C7F,255,131
A96C8A,11,16
A96C8A,255,239
A96CEB,255,85
A96D72,254,23
A96DAF,11,19
A96DAF,255,109
A96DE9,11,13
A96DE9,255,426
A96FC2,254,28
A971BD,255,168
A973B6,255,214
A97476,254,21
A974B4,255,96
A975FB,11,9
A975FB,255,152
A975FD,254,25
A977B7,11,11
A977B7,255,86
A977C6,254,31
A9787E,11,3
A9787E,255,87
A978B7,11,6
A978B7,255,114
A978C0,255,107
A9798F,255,81
A97ACB,255,216
A97ACF,255,134
A97AE0,1,1
A97AE0,11,31
A97AE0,255,238
A97BD6,255,257
A97DE9,254,13
A97EF1,255,168
A97F6C,11,1
A97F6C,255,151
A980E2,255,91
A98393,255,64
A983B5,11,6
A983B5,255,102
A983FA,255,94
A98405,255,367
A9858C,254,28
A9867A,255,137
A986E7,255,307
A987E3,11,15
A987E3,255,317
A988C5,255,99
A989FA,255,93
A98ABA,255,126
A98CB4,255,115
A98CDD,255,246
A98E78,255,100
A98EE5,254,35
A98FA3,254,30
A98FF9,11,19
A98FF9,255,161
A990A9,254,22
A99191,255,182
A992BD,255,87
A992C7,255,101
A9938E,255,201
A993FA,255,107
A994EE,11,20
A994EE,255,329
A9962D,11,3
A9962D,255,294
A99694,11,18
A99694,255,248
A996DB,255,76
A997A1,11,2
A997A1,255,153
A997F3,11,22
A997F3,255,132
A998D0,255,222
A99981,255,157
A999D5,255,1074
A999E3,254,15
A999FB,255,121
A99AFE,11,10
A99AFE,255,148
A99B0C,255,309
A99BAB,255,124
A99BC3,254,5
A99BE6,255,275
A99D70,255,130
A99E74,255,123
A99EF0,254,35
A99F71,255,116
A9A0AD,254,25
A9A2CA,255,72
A9A395,11,15
A9A395,255,102
A9A469,255,102
A9A4E0,11,6
A9A4E0,255,85
A9A679,255,87
A9A6E0,255,128
A9A86A,11,18
A9A86A,255,296
A9A892,255,146
A9A894,254,36
A9A897,11,17
A9A897,255,66
A9ACDC,254,30
A9ACEC,255,146
A9ADD0,255,130
A9AE9D,254,24
A9AF71,255,147
A9AFB7,255,101
A9B1EB,255,149
A9B1F7,11,24
A9B1F7,255,221
A9B29B,255,77
A9B2F7,11,16
A9B2F7,255,278
A9B3B8,255,257
A9B3C6,254,11
A9B4EB,255,184
A9B564,11,9
A9B564,255,264
A9B5F3,255,83
A9B83E,11,19
A9B83E,255,237
A9B88E,255,77
A9B8E1,255,210
A9B967,255,145
A9B9CC,11,9
A9B9CC,255,100
A9B9D9,255,156
A9BC82,255,145
A9BCF9,254,28
A9BD41,11,20
A9BD41,255,314
A9BDBB,255,101
A9C2BE,255,126
A9C443,11,5
A9C443,255,307
A9C4F9,254,30
A9C8ED,255,139
A9CC8C,254,1
A9CCC2,255,84
A9CCD7,11,9
A9CCD7,255,95
A9CE20,11,5
A9CE20,255,555
A9CF78,254,19
A9CF78,255,89
A9D064,255,205
A9D0A8,255,141
A9D196,255,129
A9D2F9,11,7
A9D2F9,255,185
A9D3D1,255,100
A9D3D2,255,105
A9D4DB,11,2
A9D4DB,255,276
A9D5AB,254,21
A9D5ED,254,17
A9D62C,255,212
A9D682,255,151
A9D6F7,255,128
A9D741,11,18
A9D741,255,306
A9D742,255,268
A9D87A,255,93
A9D882,255,92
A9DADD,254,23
A9DCA3,255,100
A9E1A5,11,15
A9E1A5,255,320
A9E386,255,152
A9E3D9,255,168
A9E5DA,11,6
A9E5DA,255,103
A9E775,255,164
A9E782,255,130
A9E7BF,254,22
A9E7E6,255,249
A9E89C,11,16
A9E89C,255,132
A9EABA,255,88
A9EBEB,11,7
A9EBEB,255,241
A9ECEA,11,6
A9ECEA,255,94
A9ED6F,11,22
A9ED6F,255,415
A9ED7D,255,116
A9EF5E,255,258
A9EF72,254,13
A9EF7F,254,21
A9EF8A,255,267
A9EF9A,255,129
A9F1E4,254,32
A9F2AC,255,801
A9F339,255,246
A9F4B8,11,4
A9F4B8,255,93
A9F58C,255,185
A9F5C0,255,166
A9F66B,255,108
A9F7F5,254,23
A9F8F8,11,6
A9F8F8,255,418
A9F973,255,430
A9FA8A,11,3
A9FA8A,255,90
A9FACA,254,21
A9FBDF,255,225
A9FD9D,255,89
A9FE7E,254,23
A9FEB5,255,123
AA0191,255,203
AA09DA,255,145
AA0B11,11,4
AA0B11,255,258
AA0B76,11,3
AA0B76,255,236
AA0BE9,11,12
AA0BE9,255,129
AA0EE7,11,19
AA0EE7,255,265
AA0FC6,255,139
AA1005,255,289
AA158E,11,27
AA158E,255,474
AA1C91,255,147
AA2005,11,6
AA2005,255,192
AA2171,255,92
AA24A3,11,12
AA24A3,255,531
AA29D3,254,24
AA2A7A,255,124
AA2AD0,254,23
AA2B06,255,253
AA2DD2,255,266
AA318A,255,157
AA319F,255,286
AA32C4,255,111
AA378F,255,137
AA3B95,255,123
AA43DB,254,31
AA477B,255,88
AA4B98,255,254
AA4DCC,255,287
AA4FCE,255,191
AA510B,255,219
AA54C6,255,96
AA54D6,11,17
AA54D6,255,77
AA55F3,254,31
AA589A,254,19
AA60C9,255,259
AA6299,255,500
AA64E1,254,27
AA65D8,255,90
AA65EC,254,25
AA67BD,254,22
AA67C8,254,19
AA696A,255,150
AA69C0,255,340
AA6B86,254,33
AA6BCB,255,195
AA6CB7,11,6
AA6CB7,255,122
AA6DBB,255,111
AA6EC3,255,127
AA6EE5,255,240
AA6F67,255,80
AA6F83,255,109
AA6FC7,11,4
AA6FC7,255,135
AA7087,255,92
AA73BA,11,10
AA73BA,255,277
AA7472,254,25
AA7496,11,8
AA7496,255,107
AA75D6,255,143
AA766B,11,16
AA766B,254,1
AA766B,255,147
AA766C,11,14
AA766C,255,288
AA7671,255,120
AA76CA,254,29
AA773A,11,25
AA773A,255,314
AA786B,254,34
AA79AC,255,127
AA7A67,255,312
AA7A96,255,123
AA7AF7,254,11
AA7B8C,255,152
AA7BEE,255,127
AA7BF5,255,119
AA7CD6,254,18
AA7D8A,255,291
AA7EF5,255,208
AA81CE,255,76
AA826D,255,69
AA8277,255,103
AA8295,254,30
AA8303,11,12
AA8303,255,262
AA8573,254,27
AA85BF,255,305
AA8679,11,14
AA8679,255,263
AA87EE,255,352
AA88A8,255,75
AA89D7,254,36
AA8BA2,11,2
AA8BA2,255,93
AA8CC5,254,25
AA8CD2,255,76
AA8D73,11,19
AA8D73,255,227
AA8DF0,255,102
AA8E96,254,30
AA92DB,254,32
AA9391,254,20
AA93E8,255,214
AA93EB,11,14
AA93EB,255,202
AA94EC,255,69
AA959A,11,3
AA959A,255,225
AA9985,11,14
AA9985,255,126
AA99E2,254,25
AA9A81,255,99
AA9A99,11,4
AA9A99,255,129
AA9ACC,11,17
AA9ACC,255,111
AA9AE4,255,234
AA9B7E,255,119
AA9BDE,254,28
AA9C8C,254,25
AA9CBD,255,72
AA9D83,255,193
AA9DA2,255,118
AA9DA7,255,104
AA9DFA,255,136
AA9EF9,11,5
AA9EF9,255,285
AA9FD3,255,258
AA9FFE,11,8
AA9FFE,255,495
AAA092,11,18
AAA092,255,89
AAA12B,255,365
AAA1C6,11,21
AAA1C6,255,315
AAA1D0,11,7
AAA1D0,255,111
AAA2A3,11,13
AAA2A3,255,268
AAA2AE,11,14
AAA2AE,255,53
AAA2FD,11,8
AAA2FD,255,111
AAA3D9,254,1
AAA3D9,255,250
AAA566,254,18
AAA68F,255,230
AAA6B7,255,96
AAA767,255,158
AAA8A7,11,15
AAA8A7,255,320
AAA8DF,11,24
AAA8DF,255,195
AAA8E1,11,12
AAA8E1,255,142
AAA8F6,255,222
AAA9A2,255,135
AAA9AD,255,264
AAAAF8,254,29
AAACD2,255,84
AAADA8,255,185
AAAED9,255,102
AAAF85,255,94
AAAF99,255,125
AAB07F,255,123
AAB0D1,11,8
AAB0D1,255,112
AAB1C3,254,26
AAB2D9,254,22
AAB388,254,32
AAB3D5,255,118
AAB3DA,255,200
AAB3F4,255,116
AAB3F5,254,5
AAB48D,11,6
AAB48D,255,504
AAB497,255,263
AAB49D,255,107
AAB4E8,255,222
AAB65B,11,7
AAB65B,255,255
AAB692,255,101
AAB787,255,103
AAB7A5,255,113
AAB7D3,255,95
AAB7F1,11,6
AAB7F1,255,82
AAB8D0,255,113
AAB8F2,255,134
AABA6B,255,226
AABAD5,255,477
AABB82,255,272
AABBCF,255,63
AABD2C,11,9
AABD2C,255,373
AABE89,254,22
AABECF,255,173
AABFB1,254,24
AABFD1,11,18
AABFD1,255,156
AAC0E0,254,29
AAC1BB,255,143
AAC297,254,30
AAC3D0,255,240
AAC466,255,143
AAC5CB,254,13
AAC66D,255,107
AAC682,255,276
AAC79F,254,29
AAC7AF,11,11
AAC7AF,255,342
AAC7F6,254,25
AAC9E4,254,24
AACAAE,254,23
AACB8A,255,64
AACBD3,255,416
AACBE2,254,31
AACBFB,255,117
AACBFC,11,3
AACBFC,255,187
AACCAE,255,219
AACCAF,11,9
AACCAF,255,103
AACD98,255,106
AACDA3,254,5
AACDB8,254,35
AACE6B,255,336
AAD0D2,255,174
AAD2FE,255,284
AAD478,255,116
AAD66D,254,21
AAD8AA,11,6
AAD8AA,255,205
AAD8C7,255,113
AAD8D6,254,30
AADB92,255,113
AADBBB,255,268
AADBC1,255,108
AADCDE,11,2
AADCDE,254,4
AADCDE,255,204
AADD6E,255,127
AADDA8,254,28
AADEEE,254,26
AAE280,254,23
AAE2B5,255,126
AAE5D1,254,27
AAE6FC,254,1
AAE6FC,255,214
AAE7EA,255,131
AAE8FE,255,65
AAE96B,255,104
AAE997,254,30
AAEA21,11,4
AAEA21,255,291
AAEA22,255,281
AAEA85,255,88
AAECB7,255,134
AAED92,255,143
AAEDAB,255,91
AAEE1C,255,406
AAF080,11,8
AAF080,255,80
AAF092,255,103
AAF0F6,11,8
AAF0F6,255,151
AAF186,255,471
AAF1EE,255,96
AAF1F0,255,328
AAF202,11,38
AAF202,255,420
AAF294,255,156
AAF3CE,255,110
AAF592,255,89
AAF5A3,11,2
AAF5A3,255,91
AAF5AF,254,24
AAF5BF,254,16
AAF7ED,255,164
AAF84D,254,10
AAF84D,255,288
AAF84E,0,1
AAF84E,11,5
AAF84E,254,405
AAF84E,255,6
AAF84F,255,235
AAF8D6,255,109
AAFAF3,255,309
AAFCAA,255,120
AAFD7C,255,158
AAFD82,255,222
AAFDC9,11,10
AAFDC9,255,103
AAFE70,255,152
AAFEB4,255,136
AAFEE6,254,20
AB01C5,255,307
AB07BF,255,224
AB0A8D,255,143
AB0B12,11,10
AB0B12,255,260
AB1067,255,100
AB15BD,255,211
AB19B3,255,166
AB1AB2,255,492
AB21A9,255,442
AB2445,255,236
AB248B,254,31
AB277B,255,340
AB28E6,255,96
AB2ABA,11,3
AB2ABA,255,144
AB2C5D,255,350
AB2EE3,255,131
AB30D0,11,15
AB30D0,255,240
AB30FD,255,133
AB33BD,255,149
AB358E,255,99
AB36D4,254,26
AB3981,254,23
AB3A71,255,115
AB3CA6,11,21
AB3CA6,255,421
AB43A5,11,15
AB43A5,255,72
AB46BB,255,148
AB4844,11,9
AB4844,255,297
AB4AFB,255,393
AB4D9F,11,24
AB4D9F,255,139
AB4DA0,255,327
AB4DF6,255,104
AB5010,11,9
AB5010,255,321
AB51E0,255,127
AB5266,254,25
AB52EA,255,336
AB54AD,11,24
AB54AD,255,277
AB5718,11,16
AB5718,255,247
AB5733,255,275
AB591E,255,266
AB591F,11,3
AB591F,255,270
AB5A8C,254,37
AB5E8D,255,347
AB6421,11,3
AB6421,255,527
AB64E6,255,271
AB64FE,255,88
AB652B,11,8
AB652B,255,367
AB65BF,11,2
AB65BF,255,337
AB6687,255,117
AB67CF,255,71
AB698E,254,35
AB69DE,255,116
AB6AA6,11,50
AB6AA6,255,735
AB6ACE,255,125
AB6D2F,255,363
AB6D65,255,135
AB6D91,255,106
AB6DE1,254,35
AB6F84,255,145
AB70BC,255,84
AB710A,11,27
AB710A,255,514
AB7186,255,129
AB72EE,255,93
AB7313,255,280
AB743F,255,234
AB747A,254,23
AB74DE,255,293
AB74E1,254,30
AB74E1,255,90
AB7584,254,25
AB7599,255,100
AB75DE,255,118
AB76B9,255,122
AB7842,255,281
AB78BA,254,32
AB78C9,254,25
AB7A82,255,151
AB7ADA,255,236
AB7B82,11,12
AB7B82,255,253
AB7B9C,11,8
AB7B9C,255,198
AB7BED,255,196
AB7BF5,255,62
AB7EDA,255,143
AB7F46,255,241
AB8010,255,406
AB81A5,11,5
AB81A5,255,96
AB83C3,11,2
AB83C3,255,93
AB84F6,254,23
AB8564,255,137
AB858E,254,11
AB86C4,255,91
AB86DF,255,92
AB86E1,11,2
AB86E1,255,98
AB87E3,254,29
AB87E3,255,360
AB89FC,254,28
AB8A72,254,19
AB8A91,255,162
AB8CA2,255,292
AB8CAA,255,126
AB8DC2,11,8
AB8DC2,255,107
AB8E64,255,207
AB8E65,255,474
AB8E95,255,104
AB8EF5,11,6
AB8EF5,255,78
AB8FA1,255,291
AB9025,11,13
AB9025,255,300
AB9088,255,99
AB90A4,255,127
AB90C7,255,141
AB9172,11,7
AB9172,255,64
AB9276,254,23
AB9366,254,19
AB957E,255,66
AB95C6,255,101
AB9C65,254,24
AB9DA0,11,6
AB9DA0,255,154
AB9E1E,11,33
AB9E1E,255,343
ABA0AD,254,23
ABA0AF,254,22
ABA0BB,255,112
ABA0E3,255,143
ABA169,255,243
ABA187,255,127
ABA266,254,21
ABA386,255,172
ABA471,255,311
ABA5F2,255,137
ABA664,11,14
ABA664,255,172
ABA6E2,254,18
ABA797,255,644
ABA7E2,11,6
ABA7E2,255,161
ABA8D2,255,82
ABA8E3,255,144
ABAA77,255,88
ABAAD2,255,136
ABAD2E,11,11
ABAD2E,255,348
ABAD72,254,25
ABADDA,255,150
ABAE6B,255,148
ABAEEA,255,395
ABAF89,255,91
ABAF99,255,129
ABB08D,255,137
ABB2A9,254,21
ABB2C6,254,37
ABB2DA,254,26
ABB2E8,255,131
ABB373,255,198
ABB56F,255,80
ABB6C1,255,196
ABB6C6,254,15
ABB775,255,153
ABB7F5,255,134
ABB897,11,13
ABB897,255,137
ABB9BD,255,338
ABBAEF,254,28
ABBC78,255,341
ABBDA8,11,19
ABBDA8,255,161
ABBE7B,254,26
ABBEA5,255,192
ABBF75,255,120
ABBFBD,11,5
ABBFBD,255,428
ABBFD0,254,28
ABC0BD,255,103
ABC2AA,11,7
ABC2AA,255,121
ABC2AB,254,22
ABC2BD,254,19
ABC2EF,254,32
ABC2FE,255,118
ABC398,254,19
ABC425,255,495
ABC4AB,255,136
ABC5F3,254,20
ABC666,11,10
ABC666,255,100
ABC667,255,209
ABC8F6,11,11
ABC8F6,255,97
ABC9F6,254,31
ABCA80,11,28
ABCA80,255,628
ABCADA,255,219
ABCBD4,255,71
ABCEB9,255,111
ABCFC0,255,62
ABCFCC,11,11
ABCFCC,255,202
ABD0E2,254,27
ABD0EE,255,73
ABD181,255,61
ABD2B9,255,284
ABD2E6,255,121
ABD37D,254,33
ABD447,11,1
ABD447,255,173
ABD4DB,255,112
ABD5CF,255,95
ABD780,255,77
ABD893,255,328
ABD8BD,255,96
ABDA55,11,5
ABDA55,255,234
ABDB74,11,1
ABDB74,255,120
ABDB8B,254,30
ABDC97,255,115
ABDCC7,254,20
ABDCF3,11,10
ABDCF3,254,2
ABDCF3,255,164
ABDD91,254,34
ABDE64,255,143
ABDFE6,255,90
ABE032,255,479
ABE1D4,254,18
ABE2D5,254,18
ABE3C3,255,124
ABE42D,255,247
ABE4AD,255,110
ABE564,11,8
ABE564,255,70
ABE8AE,255,116
ABE91A,255,327
ABEAC4,255,105
ABEADB,255,126
ABEAF2,255,88
ABECC5,255,62
ABEFCC,255,121
ABF086,255,109
ABF0A8,255,240
ABF0CE,255,218
ABF172,255,108
ABF1D7,254,33
ABF2A7,254,30
ABF364,255,163
ABF3DB,255,97
ABF46A,254,22
ABF4D7,11,16
ABF4D7,255,131
ABF59F,254,32
ABF6AB,254,28
ABF6D8,255,341
ABF7AD,255,113
ABF908,11,19
ABF908,255,482
ABF9B6,255,181
ABF9CF,254,15
ABF9F4,255,204
ABFA79,11,6
ABFA79,255,102
ABFAEA,255,314
ABFB67,254,30
ABFB6D,255,77
ABFCE1,255,116
ABFDAD,255,148
ABFDC3,254,28
ABFDEA,255,166
AC0149,11,27
AC0149,255,231
AC0333,255,267
AC0CE5,254,18
AC12B3,254,17
AC1695,255,121
AC1FBB,255,92
AC2570,11,2
AC2570,255,119
AC26D9,255,410
AC2BCE,11,52
AC2BCE,255,688
AC2D48,255,409
AC3093,255,116
AC3370,255,231
AC3DB4,255,268
AC3E97,11,24
AC3E97,255,456
AC3ED9,255,123
AC3F96,255,112
AC40DD,255,81
AC45B8,11,6
AC45B8,255,436
AC49A5,11,17
AC49A5,255,110
AC4AEB,255,165
AC4C89,254,29
AC4F7C,11,28
AC4F7C,255,76
AC53D6,255,73
AC574C,255,228
AC574D,255,293
AC58EE,255,355
AC5A76,255,67
AC5AEE,11,18
AC5AEE,255,263
AC5F92,255,441
AC61E3,11,7
AC61E3,255,151
AC63BD,255,123
AC6407,11,13
AC6407,255,234
AC64D1,254,22
AC656C,255,120
AC6583,255,121
AC669B,255,184
AC66B5,11,6
AC66B5,255,264
AC67C7,254,15
AC6873,11,17
AC6873,255,440
AC6996,254,28
AC6AC9,254,20
AC6B87,254,30
AC6BE1,11,21
AC6BE1,255,132
AC6CAD,254,41
AC6CF7,255,223
AC6D2C,255,170
AC6D68,11,3
AC6D68,255,92
AC6E6B,255,261
AC6F17,255,382
AC7088,254,33
AC7094,255,104
AC714E,11,1
AC714E,255,580
AC717C,254,27
AC7194,254,23
AC71D6,11,18
AC71D6,255,235
AC72DC,255,214
AC7368,11,13
AC7368,255,91
AC73C7,254,26
AC758D,254,23
AC75FE,254,17
AC7689,254,20
AC78AE,255,109
AC7BCD,254,20
AC7C99,254,31
AC7E82,255,177
AC7E9C,255,138
AC7ECC,11,18
AC7ECC,255,106
AC7F95,254,32
AC8075,255,103
AC81E2,255,134
AC8576,255,177
AC8604,11,14
AC8604,255,203
AC86ED,255,112
AC8764,254,29
AC88D7,255,146
AC8A85,255,172
AC8CAA,255,230
AC8D8F,255,107
AC8DCA,255,128
AC8DCF,11,1
AC8DCF,255,254
AC8DE5,255,135
AC8EDF,255,163
AC90EE,11,22
AC90EE,255,326
AC916A,11,19
AC916A,255,216
AC9319,255,342
AC940A,255,406
AC956C,11,13
AC956C,255,342
AC9585,255,113
AC95F3,254,31
AC9788,255,540
AC979B,254,24
AC97A5,254,14
AC97CC,254,19
AC98F8,11,7
AC98F8,255,131
AC98FB,11,15
AC98FB,255,123
AC9CB1,255,96
AC9D7E,255,366
AC9FB4,254,21
ACA0AD,11,14
ACA0AD,255,227
ACA113,255,599
ACA1AC,255,101
ACA2AB,254,37
ACA384,255,108
ACA3C0,254,19
ACA3D1,254,23
ACA468,255,116
ACA480,255,215
ACA495,11,38
ACA495,255,1047
ACA4A5,255,88
ACA593,255,86
ACA68D,11,24
ACA68D,255,281
ACA6CC,1,1
ACA6CC,11,30
ACA6CC,254,30
ACA6CC,255,153
ACA6D2,11,6
ACA6D2,255,101
ACA76C,254,22
ACA77D,255,133
ACA783,254,26
ACA7B9,255,127
ACA95E,255,352
ACA96E,255,113
ACA9F0,11,14
ACA9F0,255,137
ACAAB0,11,8
ACAAB0,255,108
ACABD5,255,112
ACAC3D,255,409
ACAC94,254,22
ACACFB,2,1
ACACFB,11,24
ACACFB,255,45
ACAD67,254,17
ACAD97,254,26
ACAE6F,254,22
ACAFFE,254,21
ACB0AB,254,26
ACB19C,255,278
ACB1BB,255,129
ACB278,254,24
ACB29D,255,283
ACB3D7,255,147
ACB4F5,255,164
ACB572,254,32
ACB7A2,255,84
ACB7AD,254,24
ACB7BC,11,25
ACB7BC,255,189
ACB7BD,255,230
ACB7BE,255,119
ACB974,11,13
ACB974,255,100
ACB991,254,25
ACB9E6,11,13
ACB9E6,255,229
ACBACD,255,94
ACBBE3,254,25
ACBC9E,255,152
ACBCC1,0,2
ACBCC1,11,5
ACBCC1,254,250
ACBCC1,255,17
ACBCF4,255,144
ACBCF9,11,1
ACBCF9,255,109
ACBFCB,11,13
ACBFCB,255,121
ACC0F3,11,7
ACC0F3,255,245
ACC179,255,105
ACC1F0,255,217
ACC2B6,254,19
ACC2C4,255,132
ACC499,254,17
ACC4A6,254,18
ACC4D3,11,10
ACC4D3,255,741
ACC4D4,11,17
ACC4D4,255,843
ACC4E3,255,122
ACC5B1,254,32
ACC6BD,255,128
ACC6E9,254,21
ACCA55,255,237
ACCA9F,255,103
ACCAD2,11,2
ACCAD2,254,4
ACCAD2,255,119
ACCDF1,255,203
ACCE7B,11,1
ACCE7B,255,144
ACCEB3,254,16
ACCFA4,254,36
ACD47A,254,21
ACD578,255,160
ACD59B,11,4
ACD59B,254,2
ACD59B,255,111
ACD5F3,255,123
ACD77B,254,25
ACD7C3,254,32
ACD868,255,161
ACD86F,254,21
ACDA80,254,22
ACDB96,255,77
ACDC83,255,153
ACDE41,255,397
ACDF1D,255,193
ACDF6C,255,121
ACDFD6,255,68
ACE0DC,254,24
ACE0ED,255,194
ACE10B,255,218
ACE1D3,255,231
ACE58F,254,29
ACE644,11,15
ACE644,255,266
ACE6B3,255,130
ACE6CC,255,179
ACE6DA,11,7
ACE6DA,255,265
ACE6F7,255,260
ACE7AF,255,323
ACE7E5,11,2
ACE7E5,255,88
ACE875,11,2
ACE875,255,129
ACE876,11,11
ACE876,255,330
ACE897,11,1
ACE897,255,279
ACE8E6,255,173
ACEAE2,255,163
ACEBB5,11,21
ACEBB5,255,424
ACEBE8,255,175
ACECCA,255,110
ACEEDE,254,25
ACEFFE,255,359
ACF07B,255,137
ACF08C,255,105
ACF0B0,255,100
ACF0DC,255,77
ACF0EC,255,116
ACF188,255,97
ACF279,11,17
ACF279,255,262
ACF27A,11,5
ACF27A,255,245
ACF319,1,1
ACF319,11,45
ACF319,255,257
ACF31A,255,271
ACF4EF,255,122
ACF6AF,255,131
ACF796,255,154
ACF7AF,11,15
ACF7AF,255,146
ACF7E8,11,5
ACF7E8,255,107
ACF7F0,11,3
ACF7F0,255,105
ACF879,255,138
ACF9A6,254,37
ACF9CD,11,9
ACF9CD,255,186
ACFCC0,255,162
ACFCEB,254,30
ACFDFC,255,241
ACFECB,255,151
ACFED7,11,30
ACFED7,255,269
ACFEEB,11,6
ACFEEB,255,239
ACFF36,255,312
AD01C8,254,27
AD02EE,11,15
AD02EE,255,864
AD0987,11,30
AD0987,255,137
AD0CD2,11,19
AD0CD2,255,195
AD0CD3,11,4
AD0CD3,255,267
AD0EA9,255,99
AD0F7A,254,10
AD11C8,11,6
AD11C8,255,259
AD11D6,255,201
AD12EC,255,133
AD14EC,255,438
AD15F2,255,125
AD17D5,255,263
AD1E96,255,156
AD1EDD,11,19
AD1EDD,255,161
AD252A,11,30
AD252A,255,207
AD2715,11,11
AD2715,255,169
AD28E6,255,202
AD2AFE,255,264
AD2BEB,255,454
AD3267,255,219
AD36DA,255,199
AD36E0,255,134
AD3B47,11,14
AD3B47,255,265
AD3D29,11,8
AD3D29,255,463
AD3F53,255,190
AD3F8F,255,148
AD403E,11,11
AD403E,255,294
AD44B8,255,94
AD456D,255,235
AD4803,255,365
AD4968,11,3
AD4968,255,305
AD4A71,255,156
AD4F54,11,20
AD4F54,255,470
AD4FFB,254,5
AD504F,11,2
AD504F,255,363
AD5078,11,8
AD5078,255,87
AD6268,11,8
AD6268,255,347
AD62CA,255,264
AD6493,255,128
AD64FA,255,168
AD6574,11,1
AD6574,255,250
AD6672,11,17
AD6672,255,235
AD6674,255,485
AD676B,11,5
AD676B,255,164
AD6797,11,39
AD6797,255,387
AD67D6,11,5
AD67D6,255,189
AD6976,255,140
AD6980,255,133
AD6A80,11,13
AD6A80,255,76
AD6ABB,11,6
AD6ABB,255,264
AD6AD5,255,104
AD6BA2,254,29
AD6BBF,255,171
AD6BD4,255,125
AD6DCB,11,11
AD6DCB,255,176
AD6F6C,255,119
AD6F9C,255,118
AD6FCC,255,84
AD6FE0,255,412
AD706C,255,115
AD70DE,255,206
AD70E0,255,129
AD71EC,255,185
AD7296,255,223
AD7462,11,9
AD7462,255,387
AD7470,11,16
AD7470,255,162
AD7475,255,78
AD7575,254,2
AD7575,255,127
AD767B,254,24
AD767B,255,217
AD76AB,255,176
AD77C9,255,134
AD7883,11,16
AD7883,255,106
AD78B5,254,30
AD7AC1,255,110
AD7AC2,11,7
AD7AC2,255,182
AD7AD0,255,96
AD7AF6,255,83
AD7C91,254,18
AD7C98,254,32
AD7CA8,255,108
AD7CFA,255,107
AD7DA7,254,24
AD7DB6,255,205
AD7DCE,255,102
AD7DE7,254,23
AD7F52,11,12
AD7F52,255,260
AD7F6E,254,32
AD7F7A,255,222
AD7F86,255,273
AD817F,255,285
AD81B1,254,1
AD81B1,255,245
AD81B2,255,289
AD81D5,254,21
AD81E9,255,83
AD83A7,255,149
AD84B6,255,117
AD8569,255,125
AD85BD,255,105
AD8673,11,11
AD8673,255,186
AD868B,255,103
AD86F2,255,112
AD87AD,11,12
AD87AD,255,1163
AD89F0,255,76
AD8ADF,255,78
AD8BD7,255,99
AD8BE9,255,125
AD8C68,11,7
AD8C68,255,124
AD8CB6,11,4
AD8CB6,255,112
AD8CBC,255,103
AD8CF3,11,24
AD8CF3,255,195
AD8DA3,11,2
AD8DA3,255,414
AD8EA1,255,161
AD8FFE,255,168
AD92D1,254,25
AD92D1,255,105
AD92D6,254,33
AD92F8,11,17
AD92F8,255,268
AD93A3,255,358
AD93B6,254,29
AD94AE,11,10
AD94AE,255,71
AD95AD,255,92
AD96E3,254,27
AD9767,255,84
AD978F,254,20
AD97D6,254,18
AD9869,255,208
AD9884,255,142
AD999A,11,2
AD999A,255,122
AD9AEC,254,37
AD9BCE,255,124
AD9C68,255,117
AD9DEB,254,19
ADA080,254,32
ADA081,11,18
ADA081,255,138
ADA1A3,11,1
ADA1A3,255,231
ADA1DF,255,116
ADA29C,11,9
ADA29C,255,354
ADA378,255,108
ADA3C6,11,2
ADA3C6,255,143
ADA3E6,254,27
ADA3F5,11,42
ADA3F5,255,578
ADA593,254,9
ADA5C7,255,137
ADA6E1,255,97
ADA779,255,115
ADA78A,254,32
ADA7D0,254,15
ADA8EE,255,110
ADA8F2,255,114
ADAA65,255,309
ADAA84,255,140
ADAB9E,254,28
ADABAA,11,15
ADABAA,255,101
ADABD0,255,133
ADACCB,254,14
ADB17B,11,25
ADB17B,255,149
ADB1B4,255,55
ADB383,255,108
ADB43E,11,53
ADB43E,255,404
ADB43F,11,27
ADB43F,255,453
ADB4C5,11,38
ADB4C5,255,290
ADB4ED,254,17
ADB576,254,21
ADB58D,255,145
ADB5A9,254,23
ADB5B1,11,18
ADB5B1,255,118
ADB5F2,254,32
ADB61E,11,8
ADB61E,255,362
ADB6CA,11,8
ADB6CA,255,346
ADB6DC,255,127
ADB86C,255,165
ADB8B3,255,105
ADB96B,254,17
ADB9A9,255,181
ADBBC6,255,112
ADBBE2,255,94
ADBC85,254,29
ADBCC8,255,159
ADBD8A,254,32
ADBD8D,254,23
ADBE9E,255,98
ADBEB9,255,119
ADBFAC,254,26
ADC198,254,12
ADC276,254,19
ADC2BF,254,20
ADC2CC,254,3
ADC2CC,255,223
ADC3A1,11,4
ADC3A1,255,154
ADC5BA,254,26
ADC682,255,222
ADC79E,255,123
ADC8C1,255,129
ADC904,11,28
ADC904,255,647
ADC9B6,254,26
ADCA2F,11,31
ADCA2F,255,164
ADCA30,255,326
ADCA96,255,82
ADCBCE,255,227
ADCC8F,254,18
ADCCF0,255,322
ADCDAE,255,120
ADCE6E,255,106
ADCED5,255,186
ADCF9B,255,94
ADCFBA,254,27
ADCFF4,254,19
ADD0B9,255,82
ADD182,255,91
ADD1AD,254,31
ADD1EF,255,134
ADD1F0,255,238
ADD287,11,2
ADD287,255,303
ADD29F,254,14
ADD4C8,255,80
ADD50E,11,24
ADD50E,255,332
ADD570,255,190
ADD67B,11,24
ADD67B,255,629
ADD6D5,11,18
ADD6D5,254,25
ADD6D5,255,248
ADD779,255,66
ADD8E0,254,25
ADD8E3,255,88
ADD9AD,255,102
ADD9D3,11,8
ADD9D3,255,337
ADDA6E,255,153
ADDB76,2,1
ADDB76,11,16
ADDB76,255,54
ADDDA9,255,297
ADDDB9,11,7
ADDDB9,255,176
ADDE25,0,2
ADDE25,11,18
ADDE25,255,342
ADDE9B,255,108
ADDEB3,255,267
ADE066,254,32
ADE066,255,286
ADE0F8,254,31
ADE178,254,11
ADE264,11,8
ADE264,255,124
ADE2E4,255,98
ADE483,254,22
ADE493,255,314
ADE578,255,125
ADE5F9,255,150
ADE7A2,255,123
ADE8E6,255,142
ADE8ED,11,1
ADE8ED,255,123
ADE9F6,11,5
ADE9F6,255,195
ADEA8D,254,45
ADEAAD,255,78
ADEAB3,254,31
ADEACF,255,143
ADEAF9,255,118
ADEBEB,255,148
ADECFD,255,132
ADED69,11,24
ADED69,255,318
ADED84,255,236
ADED8D,254,31
ADED8D,255,163
ADEDB9,254,17
ADEE7A,254,26
ADF075,255,123
ADF195,11,16
ADF195,255,326
ADF1A5,11,12
ADF1A5,255,70
ADF1BD,254,35
ADF1F0,254,27
ADF376,255,170
ADF3BF,254,36
ADF3D1,255,120
ADF3F0,255,109
ADF493,255,130
ADF596,254,21
ADF5A2,255,226
ADF5FD,255,545
ADF670,255,205
ADF6A8,255,408
ADF978,11,23
ADF978,255,89
ADF9A8,11,6
ADF9A8,255,57
ADFA9F,254,19
ADFAA7,254,26
ADFBB1,11,23
ADFBB1,255,266
ADFBF2,254,19
ADFC82,255,51
ADFCCA,255,115
ADFD6D,255,190
ADFDA9,11,37
ADFDA9,255,335
AE0111,11,16
AE0111,255,345
AE0466,254,19
AE07DC,254,24
AE07EC,255,176
AE08F9,255,85
AE099D,255,109
AE14E6,255,83
AE15EA,255,285
AE15F9,255,163
AE1AEE,255,357
AE1AF7,11,11
AE1AF7,255,90
AE21C4,11,21
AE21C4,255,327
AE239F,254,25
AE2876,255,122
AE2A46,255,300
AE306D,255,94
AE3206,11,3
AE3206,255,487
AE3288,255,137
AE3336,255,434
AE33AE,254,30
AE347F,11,20
AE347F,255,343
AE3686,255,144
AE36AD,11,24
AE36AD,255,344
AE378C,255,294
AE3919,255,222
AE39F9,11,6
AE39F9,255,365
AE408B,11,8
AE408B,255,131
AE45D0,255,240
AE4AC3,11,8
AE4AC3,255,268
AE4B9C,11,17
AE4B9C,255,216
AE4B9D,255,273
AE4E53,11,19
AE4E53,255,270
AE4EDB,254,21
AE4F6C,255,132
AE54AB,255,144
AE559B,255,194
AE55A1,11,24
AE55A1,255,234
AE580A,11,18
AE580A,255,346
AE5C85,255,490
AE5CCF,255,381
AE5D98,11,9
AE5D98,255,260
AE6190,255,111
AE6485,254,23
AE6495,255,217
AE6496,255,231
AE64BA,254,30
AE657E,11,7
AE657E,255,152
AE65A5,255,86
AE65F8,255,108
AE67B6,255,909
AE67D8,255,100
AE68AC,255,272
AE68EF,255,127
AE699D,254,23
AE69BB,255,178
AE6A3C,11,4
AE6A3C,255,410
AE6BA3,11,15
AE6BA3,255,94
AE6BED,255,104
AE6C64,255,161
AE6C8B,254,18
AE6CBF,254,27
AE6CED,255,135
AE6D79,255,117
AE6DD5,11,2
AE6DD5,255,100
AE6DEC,255,536
AE6F6F,255,108
AE6FA6,11,10
AE6FA6,255,446
AE6FAC,255,122
AE7065,254,38
AE71A2,11,6
AE71A2,255,287
AE71C0,254,20
AE73C5,255,116
AE73FE,254,32
AE74AA,11,7
AE74AA,255,80
AE74B8,255,260
AE7507,255,178
AE75A1,254,31
AE75C7,255,153
AE76A8,255,93
AE76B9,254,32
AE77FE,254,3
AE77FE,255,206
AE786B,254,18
AE78E3,255,116
AE78FE,255,201
AE796F,11,18
AE796F,255,396
AE79F5,255,107
AE7A65,255,75
AE7ADD,11,5
AE7ADD,255,167
AE7B7E,254,40
AE7CB6,254,27
AE7DB6,11,9
AE7DB6,255,131
AE7DEB,255,88
AE7E8D,11,4
AE7E8D,255,124
AE7EB6,254,5
AE7F6A,254,17
AE7FB7,254,25
AE7FC5,255,119
AE7FDD,254,22
AE80D3,11,4
AE80D3,255,275
AE80FE,254,25
AE819A,254,2
AE819A,255,311
AE836C,11,43
AE836C,255,514
AE83B6,255,119
AE83C1,255,117
AE8420,255,253
AE85CE,11,7
AE85CE,255,99
AE86AF,11,5
AE86AF,255,238
AE86BF,255,138
AE87E3,255,180
AE8AAB,11,4
AE8AAB,255,156
AE8CD1,255,263
AE8DDC,254,25
AE8DDE,255,197
AE8DDF,254,25
AE8E6B,11,6
AE8E6B,255,92
AE8E8E,11,6
AE8E8E,255,178
AE8FB2,255,96
AE907F,255,80
AE90F4,255,252
AE91AA,11,16
AE91AA,255,408
AE91C6,255,123
AE93F3,255,120
AE958B,11,16
AE958B,255,139
AE95CE,255,125
AE97E0,11,13
AE97E0,255,152
AE98D5,255,107
AE993C,11,1
AE993C,255,378
AE9AA7,254,27
AE9B64,255,94
AE9BAB,255,98
AE9D6B,255,166
AE9D90,11,10
AE9D90,255,317
AE9DD5,255,367
AE9FE1,255,77
AEA269,254,26
AEA395,255,140
AEA3EC,255,329
AEA4C8,255,129
AEA56F,255,141
AEA5C8,255,115
AEA6B4,254,22
AEA6DF,255,61
AEA780,255,214
AEA786,255,162
AEA7F0,11,9
AEA7F0,255,172
AEA8B8,255,107
AEAB98,255,124
AEABEF,254,23
AEACB8,255,144
AEADA2,255,101
AEAEE1,255,68
AEAF23,255,191
AEAF88,255,370
AEAF98,254,19
AEAFC4,255,92
AEB0A5,255,134
AEB1F9,255,83
AEB2F8,255,185
AEB2FB,254,14
AEB367,11,20
AEB367,255,195
AEB38C,254,33
AEB3DA,11,12
AEB3DA,255,86
AEB3E0,255,100
AEB47F,11,20
AEB47F,255,163
AEB4C8,255,255
AEB575,11,17
AEB575,255,140
AEB6B6,255,162
AEB8B8,255,240
AEB90B,11,2
AEB90B,255,340
AEB98B,255,593
AEB99A,255,132
AEB9DC,11,5
AEB9DC,255,84
AEBA6D,255,119
AEBBC4,254,24
AEBD69,255,98
AEBDB5,254,23
AEBE68,11,4
AEBE68,255,90
AEBED1,254,15
AEBF62,11,8
AEBF62,255,380
AEBF90,11,12
AEBF90,255,40
AEC09A,11,8
AEC09A,255,106
AEC192,254,27
AEC2AE,255,102
AEC3CD,255,147
AEC47F,254,22
AEC4AE,254,32
AEC4D9,255,113
AEC68D,254,34
AEC8A4,255,124
AEC8F8,11,21
AEC8F8,255,99
AECA99,254,19
AECB80,11,9
AECB80,255,200
AECCF4,11,6
AECCF4,255,161
AECDE8,254,23
AED0EF,11,8
AED0EF,255,317
AED17F,11,10
AED17F,255,162
AED1A4,255,141
AED218,11,6
AED218,255,233
AED27E,255,97
AED2D5,254,21
AED5DB,255,92
AED5FE,11,10
AED5FE,255,361
AED8DC,11,18
AED8DC,255,200
AED8E4,255,65
AED8F6,254,19
AED923,255,209
AED96E,255,220
AEDA9B,255,80
AEDAAB,254,20
AEDB75,254,24
AEDBD7,254,22
AEDC8A,254,32
AEDDDC,255,117
AEDE0F,255,325
AEDECC,11,13
AEDECC,255,196
AEDF65,11,3
AEDF65,255,195
AEDF82,255,107
AEDF96,255,119
AEDFA6,254,35
AEE0A7,255,322
AEE0ED,255,72
AEE141,11,3
AEE141,255,180
AEE1BD,11,16
AEE1BD,255,126
AEE1D0,255,128
AEE2E5,255,71
AEE375,254,18
AEE387,255,87
AEE3BD,255,84
AEE3DA,255,125
AEE590,255,173
AEE774,255,76
AEE899,255,137
AEE9D8,255,93
AEE9F7,254,22
AEEA89,254,16
AEEBF4,255,173
AEECA8,11,27
AEECA8,255,288
AEECFE,255,112
AEEDE6,255,91
AEEE64,255,150
AEEEB9,255,172
AEEEBA,255,172
AEEEC3,254,35
AEEEEF,254,16
AEEFB1,255,146
AEF142,255,334
AEF16B,255,195
AEF21E,255,196
AEF28C,255,160
AEF3A6,255,125
AEF3AA,11,7
AEF3AA,255,108
AEF3BD,255,114
AEF3F1,11,29
AEF3F1,255,282
AEF4BD,255,248
AEF59A,11,9
AEF59A,255,163
AEF7F2,254,29
AEF8A0,255,122
AEF903,11,17
AEF903,255,205
AEF9E1,255,91
AEFA75,11,36
AEFA75,255,366
AEFA97,255,99
AEFAF6,254,21
AEFBF0,254,23
AEFD78,254,16
AEFDD1,11,20
AEFDD1,255,104
AEFED1,254,20
AF07BB,255,433
AF0994,255,75
AF0CCE,255,221
AF0ED4,11,7
AF0ED4,255,130
AF13D9,11,14
AF13D9,255,280
AF16F2,255,63
AF19AC,255,98
AF1F7C,255,85
AF206D,255,134
AF2A92,255,247
AF2FD3,255,121
AF38C2,255,105
AF3DF7,255,169
AF428C,255,229
AF45E5,255,80
AF47E2,11,14
AF47E2,255,84
AF4B1D,255,384
AF4C03,255,286
AF4D49,254,1
AF4D49,255,137
AF4D4A,255,189
AF4FEE,255,248
AF502D,11,15
AF502D,255,310
AF517E,255,280
AF521D,254,1
AF521D,255,187
AF521E,255,288
AF53BB,255,145
AF53DB,255,550
AF571E,255,329
AF5799,254,22
AF5D47,255,256
AF6150,255,416
AF6384,255,282
AF6466,254,24
AF6492,254,24
AF656F,255,130
AF679E,255,147
AF68A9,255,150
AF6AEB,11,39
AF6AEB,255,409
AF6C6A,254,22
AF6DE8,254,23
AF6ECD,255,128
AF6FD4,11,1
AF6FD4,255,168
AF6FFD,255,260
AF718B,255,98
AF71B1,11,9
AF71B1,255,115
AF71ED,11,3
AF71ED,255,428
AF72F8,11,14
AF72F8,255,286
AF7306,255,366
AF73B7,255,101
AF747E,11,28
AF747E,255,254
AF74E3,254,18
AF76CC,255,269
AF76CE,255,465
AF77E3,255,116
AF789C,255,362
AF7934,11,17
AF7934,255,337
AF7BA8,254,17
AF7BDD,254,28
AF7C0C,255,372
AF7CBF,11,18
AF7CBF,255,81
AF7F83,11,14
AF7F83,255,554
AF7F8B,255,138
AF7FEF,11,2
AF7FEF,255,115
AF8080,254,23
AF80AB,255,90
AF80E8,255,179
AF80ED,255,158
AF8183,11,4
AF8183,255,219
AF819E,254,18
AF81C3,255,108
AF81EE,254,25
AF839F,11,11
AF839F,255,334
AF84C0,254,27
AF8563,254,3
AF8563,255,169
AF8564,255,298
AF85D5,11,5
AF85D5,255,393
AF85ED,255,151
AF8681,254,17
AF8720,11,5
AF8720,255,374
AF8782,255,108
AF8872,11,3
AF8872,254,1
AF8872,255,250
AF887B,254,28
AF8887,255,151
AF88B6,255,369
AF89A5,255,123
AF89EA,255,203
AF89FB,255,129
AF8A71,255,94
AF8A8E,255,127
AF8CE8,255,80
AF8DD6,11,1
AF8DD6,255,84
AF8DE7,255,118
AF8E94,11,9
AF8E94,255,237
AF8E95,11,18
AF8E95,255,293
AF8FAB,255,109
AF90C0,255,116
AF9180,11,11
AF9180,255,173
AF9195,255,150
AF91E0,255,76
AF94AC,255,121
AF95CD,255,357
AF95DE,255,197
AF95F1,255,135
AF966C,255,117
AF9755,255,410
AF97C5,255,143
AF9899,255,111
AF99F5,255,115
AF9AC3,11,5
AF9AC3,255,121
AF9BA1,255,145
AF9BE9,255,84
AF9C95,254,33
AF9CD3,11,4
AF9CD3,255,78
AF9CE9,255,142
AF9D9E,255,91
AF9EB5,11,34
AF9EB5,255,357
AF9EDA,254,37
AF9F8B,255,84
AF9FA0,254,28
AF9FCA,254,29
AFA065,254,30
AFA191,255,158
AFA265,255,107
AFA2E8,255,140
AFA4A6,255,123
AFA4D0,255,62
AFA4E6,255,82
AFA536,255,225
AFA556,11,3
AFA556,255,318
AFA567,255,141
AFA66C,255,243
AFA68A,11,2
AFA68A,255,137
AFA77D,11,17
AFA77D,255,182
AFA7C9,11,3
AFA7C9,255,355
AFA8BC,255,162
AFA96C,255,148
AFAAA9,255,120
AFAB7E,255,101
AFACA8,255,124
AFACB9,11,20
AFACB9,255,75
AFACCC,11,1
AFACCC,255,144
AFAD69,2,1
AFAD69,11,22
AFAD69,255,161
AFAD83,254,11
AFAF93,11,16
AFAF93,255,148
AFB091,254,27
AFB0DF,255,108
AFB1D4,255,96
AFB2B8,254,24
AFB3B7,255,80
AFB3BB,254,32
AFB490,255,121
AFB585,255,98
AFB5C4,255,91
AFB65B,11,14
AFB65B,255,346
AFB66E,255,80
AFB69D,255,94
AFB6BB,11,3
AFB6BB,255,233
AFB88E,254,21
AFB9CC,255,92
AFBA77,255,112
AFBAD6,255,112
AFBB91,255,52
AFBCF7,11,15
AFBCF7,255,278
AFBD7E,254,6
AFBD90,255,185
AFBE7E,11,2
AFBE7E,255,143
AFBEBC,255,152
AFBFC5,254,31
AFBFD7,11,17
AFBFD7,255,115
AFC0D8,255,133
AFC141,255,429
AFC196,254,35
AFC1B0,255,158
AFC1CC,254,18
AFC27E,254,25
AFC27F,11,15
AFC27F,255,70
AFC52C,11,25
AFC52C,255,202
AFC573,255,109
AFC5FD,255,174
AFC759,255,306
AFC9E4,255,103
AFC9F2,255,120
AFCC6D,255,139
AFCD93,255,205
AFCDE4,254,17
AFCEC9,254,27
AFCF10,11,42
AFCF10,255,314
AFCFDB,11,25
AFCFDB,255,179
AFCFEE,254,21
AFD0F5,255,163
AFD183,255,163
AFD1AC,254,26
AFD1F6,255,95
AFD298,255,86
AFD396,255,86
AFD3A3,254,29
AFD47A,254,21
AFD4A2,255,141
AFD577,11,2
AFD577,255,256
AFD593,255,163
AFD67D,255,155
AFD6BC,255,121
AFD6E5,255,76
AFD7A9,11,4
AFD7A9,255,241
AFD8A7,254,33
AFDB94,254,6
AFDB94,255,168
AFDB95,255,109
AFDBBF,254,18
AFDD82,255,250
AFDEB0,255,107
AFDECD,254,19
AFDFDE,255,123
AFE067,255,135
AFE191,254,21
AFE1EB,255,388
AFE1F7,255,88
AFE284,254,21
AFE3BA,11,3
AFE3BA,255,104
AFE4D9,255,175
AFE4E8,11,11
AFE4E8,255,214
AFE5AA,255,245
AFE622,11,23
AFE622,255,371
AFE666,255,56
AFE693,254,27
AFE6C8,255,109
AFE7D4,255,122
AFE7EF,254,21
AFE7F0,11,21
AFE7F0,255,180
AFE882,11,15
AFE882,255,78
AFE894,255,63
AFE8DD,11,2
AFE8DD,255,121
AFE9E8,11,1
AFE9E8,255,147
AFEA86,254,29
AFEAE8,254,23
AFEAEC,255,259
AFEBEA,254,28
AFEC7C,11,15
AFEC7C,255,178
AFECEE,11,13
AFECEE,255,234
AFED7F,254,28
AFEDEA,254,25
AFEE94,11,21
AFEE94,255,180
AFEEFE,254,30
AFEF69,255,77
AFEFA2,255,184
AFF08B,255,249
AFF176,254,16
AFF1B4,254,21
AFF1C1,255,66
AFF36D,255,145
AFF3E2,255,126
AFF574,255,145
AFF69E,255,94
AFF6A7,254,26
AFF6AF,255,90
AFF6CD,11,2
AFF6CD,255,93
AFF6E8,11,8
AFF6E8,255,134
AFF774,11,2
AFF774,255,100
AFF7B9,255,294
AFF8F9,255,103
AFF978,255,156
AFF999,11,16
AFF999,255,278
AFF9A8,254,21
AFF9C5,254,15
AFFA64,255,120
AFFB86,254,35
AFFDA0,255,82
AFFEF4,254,19
B00186,255,262
B0026C,255,455
B005DC,254,24
B006E2,11,17
B006E2,255,99
B011D3,11,18
B011D3,255,125
B0146D,11,21
B0146D,255,238
B014CB,11,23
B014CB,255,110
B016C5,255,225
B01723,11,27
B01723,255,383
B01DC7,255,375
B01EA6,11,5
B01EA6,255,26
B01FFA,255,75
B020CF,255,88
B0256E,11,3
B0256E,255,109
B025F7,11,15
B025F7,255,232
B02F81,11,21
B02F81,255,247
B02F99,255,173
B032B7,11,19
B032B7,255,242
B034C0,255,185
B03948,11,4
B03948,255,293
B03A83,11,1
B03A83,255,319
B03DCC,255,122
B0408F,11,8
B0408F,255,330
B040FB,11,3
B040FB,255,305
B04387,254,24
B043DE,255,385
B04460,255,241
B048BB,255,295
B04A57,11,7
B04A57,255,220
B04AEC,255,114
B04EAD,255,167
B05368,0,1
B05368,11,36
B05368,255,201
B05369,255,365
B056E2,255,86
B057F4,11,1
B057F4,255,1094
B05823,255,495
B05824,255,508
B05CE7,255,349
B05EA3,254,23
B05FCB,11,22
B05FCB,255,156
B06184,255,196
B0629B,255,283
B065F3,255,78
B0696A,254,19
B06975,254,17
B06A67,255,195
B06BB2,254,25
B06CB5,254,31
B06CD6,255,1012
B06CF1,255,97
B06D66,11,10
B06D66,255,150
B06DC2,254,37
B06F6B,255,107
B0707F,255,108
B070C2,11,28
B070C2,255,244
B07193,254,17
B071F4,254,33
B0726A,255,83
B07382,11,21
B07382,255,78
B074DC,254,26
B075A7,255,323
B077A2,254,29
B07B91,255,130
B07BCE,255,153
B081F0,255,382
B0836F,255,58
B083AA,255,95
B086D5,254,29
B08786,255,119
B087D8,255,132
B088CE,254,16
B088D0,255,147
B088DD,11,13
B088DD,255,226
B089A2,255,172
B08A8A,255,108
B08B93,255,104
B08B99,254,18
B08BE2,255,476
B08BE4,254,20
B08CB1,11,1
B08CB1,255,153
B08D91,255,126
B08DAA,255,100
B08DFD,254,18
B08EB1,255,102
B08EB4,11,8
B08EB4,255,133
B08F79,254,41
B090F9,254,1
B090F9,255,104
B092C7,255,148
B09371,255,52
B09475,254,15
B0949B,255,106
B094B7,255,270
B09579,11,2
B09579,255,79
B09691,255,198
B097DD,11,2
B097DD,255,121
B097E1,255,215
B097EF,11,8
B097EF,255,99
B0986F,255,154
B099C9,254,27
B09ABC,254,24
B09BAB,255,106
B09BE2,255,148
B09BE4,255,87
B09CFD,254,7
B09D91,254,14
B09F8E,255,281
B09FCD,11,4
B09FCD,255,127
B0A04B,11,5
B0A04B,255,370
B0A07B,254,26
B0A0CC,254,24
B0A17D,255,208
B0A37A,254,26
B0A5A9,255,115
B0A678,11,10
B0A678,255,145
B0A68A,255,170
B0A699,254,20
B0A775,255,184
B0A88A,255,121
B0A89F,254,30
B0A8B8,255,78
B0A9D9,255,113
B0AB89,255,219
B0AC78,11,30
B0AC78,255,129
B0ACA8,255,162
B0ACDC,255,159
B0ADD1,254,17
B0AEBC,255,110
B0AEC8,254,27
B0AFB4,254,26
B0B06C,254,31
B0B07A,255,106
B0B0B6,254,22
B0B271,255,161
B0B2DD,11,8
B0B2DD,255,93
B0B2E2,255,139
B0B2F1,11,10
B0B2F1,255,125
B0B484,255,131
B0B4C3,254,21
B0B4C7,11,13
B0B4C7,255,250
B0B4EF,255,89
B0B5B9,255,138
B0B6D7,11,4
B0B6D7,255,448
B0B7A2,255,145
B0B7C9,255,98
B0B89E,11,5
B0B89E,255,130
B0B975,254,15
B0B991,254,32
B0B995,254,22
B0B9DC,254,19
B0BB66,255,147
B0BBCC,255,681
B0BC9B,255,110
B0BCB7,255,272
B0BCCB,255,135
B0BDD7,254,26
B0BE7C,255,67
B0BEFB,255,88
B0BF8B,255,255
B0C0DD,255,63
B0C0F6,255,134
B0C1C3,255,71
B0C287,254,25
B0C390,255,105
B0C3B7,255,154
B0C4CB,254,32
B0C4D4,255,90
B0C53E,255,182
B0C685,0,1
B0C685,255,180
B0C6E5,11,24
B0C6E5,254,104010
B0C771,254,21
B0C975,255,88
B0C9A1,255,166
B0CAA6,255,183
B0CB55,255,376
B0CC6A,254,30
B0CC71,255,51
B0CD8F,254,24
B0CE86,11,15
B0CE86,255,98
B0CEBF,255,202
B0CEFB,255,205
B0CFCA,11,27
B0CFCA,255,106
B0CFE6,255,130
B0D07F,255,57
B0D0A1,255,85
B0D1C6,255,75
B0D476,254,33
B0D487,255,105
B0D4D9,11,7
B0D4D9,255,101
B0D5B6,255,291
B0D6FC,255,79
B0D8D0,255,90
B0DBD0,255,163
B0DBD8,255,106
B0DBE5,11,14
B0DBE5,255,163
B0DBE7,11,9
B0DBE7,255,91
B0DC9C,254,23
B0DDCE,254,15
B0DDE2,255,165
B0DE26,11,7
B0DE26,255,568
B0DE8B,254,38
B0DEB1,11,8
B0DEB1,255,275
B0DECE,11,6
B0DECE,255,169
B0DF97,255,88
B0DFBD,11,5
B0DFBD,255,202
B0E0DD,255,70
B0E185,255,164
B0E1DD,255,126
B0E2CC,255,331
B0E2CE,254,29
B0E4E8,255,90
B0E5DC,254,19
B0E67D,255,120
B0E6A2,254,14
B0E86E,255,196
B0E897,255,251
B0EAB9,11,1
B0EAB9,255,94
B0EB99,255,121
B0ED68,255,260
B0ED80,11,10
B0ED80,255,268
B0EDBD,255,90
B0EDDA,255,58
B0F000,11,15
B0F000,255,265
B0F1BD,254,27
B0F282,254,36
B0F38D,255,106
B0F3E3,11,7
B0F3E3,255,163
B0F46E,254,19
B0F5F8,11,13
B0F5F8,255,114
B0F7A9,255,81
B0F7AB,255,463
B0F870,11,13
B0F870,255,159
B0F8F1,255,94
B0FBAE,255,162
B0FCF1,254,13
B0FDFC,255,95
B0FEC0,254,27
B10285,255,100
B102C1,255,195
B104E8,255,207
B1057B,11,2
B1057B,255,111
B105DB,11,2
B105DB,255,382
B1069E,11,45
B1069E,255,650
B10893,255,89
B1090C,255,224
B10F82,255,117
B10FD4,255,138
B110C8,255,309
B115C9,254,35
B1167A,255,146
B118AB,254,15
B11DBE,255,135
B12299,255,85
B1298D,11,20
B1298D,255,407
B129A1,255,126
B13168,255,123
B13203,255,279
B13CC5,255,172
B13EA3,255,113
B13FA9,255,190
B145C3,255,38
B14637,255,437
B148CE,254,3
B149D3,255,308
B14C76,255,584
B1504C,255,255
B15575,11,6
B15575,255,121
B15674,255,83
B1567B,255,131
B1593C,255,212
B15EDE,255,93
B15EED,254,29
B15F72,11,12
B15F72,255,175
B1622F,11,11
B1622F,255,325
B1626D,255,156
B163D5,11,26
B163D5,255,286
B16585,255,109
B1659D,255,90
B165E3,255,104
B166C7,255,90
B167A6,255,168
B167F2,255,116
B167FD,254,26
B16890,11,2
B16890,255,317
B169B6,255,100
B16A88,255,354
B16A95,254,21
B16BD0,255,119
B16C95,255,123
B16CED,254,29
B16E6A,255,185
B16FCC,254,25
B17006,11,20
B17006,255,310
B17074,11,10
B17074,255,280
B17140,255,654
B171E8,11,1
B171E8,255,77
B173F7,255,162
B175A6,11,24
B175A6,255,320
B175A7,11,21
B175A7,255,147
B177A0,254,34
B17883,11,7
B17883,255,106
B1798A,255,107
B179A6,254,28
B179DD,11,9
B179DD,255,87
B17BE8,255,105
B17CD5,0,1
B17CD5,11,2
B17CD5,255,182
B17CEB,255,90
B17D79,11,7
B17D79,255,44
B17DA2,255,114
B17DB0,254,21
B17DBF,255,290
B17DC0,255,90
B17F6C,255,310
B1801F,11,7
B1801F,255,275
B18196,11,7
B18196,255,114
B181B2,255,123
B18288,255,90
B1828E,11,4
B1828E,255,235
B1849F,0,1
B1849F,11,6
B1849F,255,205
B185D9,255,265
B1866B,255,113
B186D8,255,149
B186F0,255,90
B188B4,255,131
B189BC,11,2
B189BC,255,148
B18AA4,11,12
B18AA4,255,373
B18AE3,255,85
B18B8C,11,8
B18B8C,255,120
B18B9F,255,113
B18BC9,254,29
B18CA3,255,144
B18D6C,1,1
B18D6C,11,8
B18D6C,255,461
B18EC4,255,145
B18FB9,254,29
B19178,254,25
B1917F,11,8
B1917F,255,301
B19191,255,64
B19391,254,28
B19678,255,68
B1979C,254,1
B1979C,255,60
B197E7,255,142
B19819,255,439
B198B6,255,132
B1997A,255,115
B1998E,254,20
B199AB,11,9
B199AB,255,330
B19B9D,254,12
B19C96,255,143
B19CB8,11,26
B19CB8,255,268
B19EA6,11,15
B19EA6,255,175
B19EA7,11,17
B19EA7,255,241
B1A07A,11,2
B1A07A,255,82
B1A0D6,255,247
B1A0F0,255,198
B1A196,254,22
B1A290,255,102
B1A2D3,254,29
B1A3BA,255,117
B1A597,255,103
B1A5DF,254,33
B1A5F5,254,25
B1A5F9,255,222
B1A6B3,255,107
B1A7A6,11,2
B1A7A6,255,165
B1A896,255,123
B1A89E,254,12
B1A977,11,38
B1A977,255,526
B1AAD7,11,12
B1AAD7,255,149
B1AC71,254,27
B1ADAC,11,3
B1ADAC,255,172
B1ADEC,11,1
B1ADEC,255,151
B1ADEE,254,27
B1AE67,255,119
B1AFAF,255,170
B1B080,255,69
B1B1A1,255,125
B1B267,255,130
B1B26D,254,20
B1B2A9,11,21
B1B2A9,255,195
B1B2F3,11,8
B1B2F3,255,162
B1B377,1,1
B1B377,11,27
B1B377,255,195
B1B3AA,254,30
B1B3D9,254,15
B1B4A0,11,13
B1B4A0,255,222
B1B595,254,27
B1B6B2,255,125
B1B6D0,255,104
B1B86F,11,1
B1B86F,255,256
B1B8E4,254,24
B1BA75,255,170
B1BAAF,254,25
B1BB68,255,182
B1BCEE,11,5
B1BCEE,255,78
B1BDA3,255,222
B1BECD,255,185
B1BFAD,11,15
B1BFAD,255,437
B1C09E,255,122
B1C0C1,254,34
B1C191,255,127
B1C26E,11,17
B1C26E,255,94
B1C2F8,255,157
B1C398,255,120
B1C496,254,33
B1C4A7,255,92
B1C4C7,255,152
B1C556,11,32
B1C556,255,847
B1C572,11,47
B1C572,255,578
B1C599,255,172
B1C5A0,254,27
B1C605,255,319
B1C697,254,32
B1C7FA,255,90
B1C874,254,25
B1C9BA,254,33
B1CAAA,254,26
B1CAB1,11,4
B1CAB1,255,158
B1CBC6,11,2
B1CBC6,255,264
B1CC6A,254,20
B1CD83,254,25
B1CDCF,254,33
B1CE49,255,320
B1CEC0,11,11
B1CEC0,255,272
B1CF2A,255,264
B1CFD4,255,82
B1CFDA,255,113
B1D027,255,261
B1D065,255,79
B1D1EF,11,19
B1D1EF,255,380
B1D389,255,120
B1D3AD,254,32
B1D4B4,11,10
B1D4B4,255,234
B1D53D,255,534
B1D584,254,25
B1D5B7,11,4
B1D5B7,255,137
B1D666,255,271
B1D6E0,255,164
B1D7D0,11,1
B1D7D0,255,142
B1D88D,254,31
B1D8FD,255,97
B1D944,254,2
B1D944,255,300
B1D971,255,163
B1D991,254,18
B1DCA1,255,72
B1DCD0,11,9
B1DCD0,255,96
B1DDDD,255,237
B1DE65,254,34
B1DE8D,11,9
B1DE8D,255,284
B1DFA7,255,94
B1DFCC,255,104
B1E09B,255,119
B1E1B8,255,419
B1E281,11,11
B1E281,255,79
B1E3A4,254,21
B1E3AB,254,24
B1E4AE,254,27
B1E4F1,11,20
B1E4F1,255,59
B1E6A7,11,15
B1E6A7,255,80
B1E78F,255,147
B1E7ED,255,440
B1E892,255,246
B1E979,255,254
B1E9FA,254,28
B1ECA3,254,25
B1ECA6,254,25
B1EDED,255,331
B1EEB7,255,140
B1EEF0,254,27
B1F169,255,66
B1F1B2,255,178
B1F1E2,254,26
B1F376,255,237
B1F3A4,255,406
B1F3C1,255,102
B1F3E8,254,29
B1F4C2,255,143
B1F5BF,254,35
B1F885,255,110
B1F8A4,254,28
B1F8B6,254,28
B1FB91,255,252
B1FBE2,11,14
B1FBE2,255,233
B1FD68,11,15
B1FD68,255,178
B2000F,255,437
B20795,255,120
B208F2,255,315
B20E0E,11,1
B20E0E,255,362
B20E26,255,244
B20E27,11,23
B20E27,255,255
B20E79,255,110
B21191,11,2
B21191,255,165
B21473,255,201
B218BD,255,762
B21B90,255,104
B21C6C,255,292
B21CC4,255,194
B2207E,255,288
B221E3,255,137
B222A4,255,56
B2287F,255,123
B22985,255,105
B229CA,255,256
B22C82,255,169
B22DAE,11,1
B22DAE,255,172
B22FF3,255,172
B230CF,254,1
B230CF,255,255
B23295,11,13
B23295,255,260
B232FD,255,169
B23A64,255,97
B23DF0,11,8
B23DF0,255,186
B23DF6,11,6
B23DF6,255,173
B23F79,255,149
B24222,11,12
B24222,255,301
B24296,11,12
B24296,255,153
B242C9,254,25
B24477,255,271
B24478,255,339
B251B2,255,31
B253CC,255,794
B25681,255,156
B2588B,11,20
B2588B,255,373
B258D7,255,248
B258D9,255,284
B258E7,11,4
B258E7,255,97
B25A61,11,4
B25A61,255,308
B25EB9,255,141
B2607A,11,18
B2607A,255,218
B26338,11,5
B26338,255,248
B26339,11,12
B26339,255,214
B264C0,255,95
B26548,11,3
B26548,255,356
B269D9,11,14
B269D9,255,432
B26A69,254,28
B26B65,11,15
B26B65,255,90
B26B86,11,1
B26B86,255,64
B26BD0,11,16
B26BD0,255,946
B26CA9,11,6
B26CA9,255,189
B26CFB,255,322
B270BD,11,13
B270BD,255,110
B27197,254,23
B271DC,11,24
B271DC,255,178
B271E4,255,348
B2728E,255,81
B272F3,255,302
B272FB,255,110
B2738C,11,19
B2738C,255,147
B2747E,11,13
B2747E,255,111
B27483,254,40
B274B1,255,311
B275AC,254,27
B275B0,255,234
B275BC,11,7
B275BC,255,327
B276B8,254,41
B278F2,11,8
B278F2,255,108
B27A69,255,198
B27ABD,255,236
B27BE4,11,1
B27BE4,255,106
B27BFA,254,3
B27DD2,255,283
B27EFB,255,123
B27FD0,255,123
B2807C,11,7
B2807C,255,56
B2809F,255,105
B280A1,255,179
B280F1,254,17
B285DF,254,31
B285F8,255,105
B28676,255,213
B286B1,255,116
B286C9,255,301
B287A0,254,30
B288BC,255,156
B289BB,255,171
B289C8,255,285
B28A8E,255,121
B28CAA,11,11
B28CAA,255,120
B28DB2,254,16
B29082,11,7
B29082,255,85
B290B6,255,53
B29474,255,120
B29487,11,6
B29487,255,135
B29798,254,18
B298DB,255,112
B299B4,11,11
B299B4,255,55
B29C30,11,5
B29C30,255,441
B29C82,254,26
B29C9E,255,189
B29CFC,254,5
B29CFC,255,296
B29FB2,254,24
B29FB4,255,118
B29FC1,254,22
B2A06A,254,30
B2A0F2,255,92
B2A0F8,255,147
B2A2A2,255,225
B2A392,255,118
B2A3CF,255,161
B2A47F,255,101
B2A581,11,6
B2A581,255,96
B2A79E,11,11
B2A79E,255,139
B2A7EF,254,25
B2A878,254,32
B2A88E,254,22
B2A892,255,99
B2A8A9,255,403
B2A8B1,255,383
B2A9A2,11,19
B2A9A2,255,137
B2A9BB,11,10
B2A9BB,255,252
B2A9D2,255,193
B2AA79,11,7
B2AA79,255,124
B2AABD,255,123
B2AACD,11,2
B2AACD,255,496
B2ABB7,255,130
B2ABF6,255,101
B2ADF1,255,104
B2AEA2,255,108
B2AFCD,255,126
B2B0A4,11,16
B2B0A4,255,91
B2B0C1,2,1
B2B0C1,11,28
B2B0C1,255,84
B2B0D7,255,275
B2B1B8,255,96
B2B21A,11,14
B2B21A,255,322
B2B27A,255,202
B2B299,255,266
B2B3D0,254,32
B2B3F1,255,309
B2B48D,11,6
B2B48D,254,2
B2B48D,255,79
B2B5E0,255,83
B2B680,255,177
B2B6B7,2,1
B2B6B7,11,34
B2B6B7,255,420
B2B7DA,255,79
B2B893,255,84
B2B895,255,163
B2B8A3,11,10
B2B8A3,255,213
B2B8BA,255,94
B2B9CC,254,29
B2BAFC,11,22
B2BAFC,255,191
B2BB75,255,84
B2BCF9,255,122
B2BE76,255,155
B2BF7B,255,138
B2C07A,254,30
B2C22C,255,177
B2C3EE,11,2
B2C3EE,255,116
B2C4C9,255,85
B2C78E,254,19
B2C8ED,11,27
B2C8ED,255,163
B2C9E9,255,92
B2CA20,11,44
B2CA20,255,482
B2CAAB,255,77
B2CB92,11,26
B2CB92,255,430
B2CB93,254,27
B2CC73,255,110
B2CCA7,255,181
B2CE52,255,289
B2CF85,255,79
B2CFE8,255,114
B2CFF8,11,2
B2CFF8,255,258
B2D0BD,11,12
B2D0BD,255,132
B2D185,11,5
B2D185,255,92
B2D1F6,11,4
B2D1F6,255,97
B2D37E,0,1
B2D37E,11,9
B2D37E,255,235
B2D435,11,25
B2D435,255,416
B2D5C3,255,121
B2D6CE,255,118
B2D7D6,255,319
B2D7FD,255,248
B2D882,11,12
B2D882,255,164
B2D9E2,255,314
B2DADA,254,23
B2DB60,255,304
B2DCF7,255,119
B2DD8A,11,15
B2DD8A,255,88
B2DDC8,255,261
B2DDD6,255,141
B2E080,254,26
B2E1E2,255,74
B2E1E6,254,30
B2E3CE,255,92
B2E3FE,255,314
B2E4F1,255,193
B2E4F2,11,13
B2E4F2,255,184
B2E584,254,18
B2E5DA,11,11
B2E5DA,255,149
B2E609,11,21
B2E609,255,313
B2E795,255,409
B2E7B3,11,22
B2E7B3,255,108
B2E872,254,26
B2E889,11,10
B2E889,255,145
B2EAA2,11,5
B2EAA2,255,111
B2EAEC,11,11
B2EAEC,255,61
B2EAF7,255,138
B2EBB0,2,1
B2EBB0,11,54
B2EBB0,255,628
B2EBC3,255,320
B2EDC0,11,13
B2EDC0,255,76
B2EE69,255,208
B2EE6F,255,80
B2EF6B,255,143
B2F0A0,255,194
B2F0A8,254,21
B2F2C0,255,108
B2F3B7,255,93
B2F3CA,255,114
B2F4B3,11,12
B2F4B3,255,118
B2F4D4,255,200
B2F574,11,14
B2F574,255,148
B2F6AC,11,14
B2F6AC,255,255
B2F6B9,255,191
B2F6ED,255,306
B2F86E,11,4
B2F86E,255,245
B2F948,255,306
B2F969,254,16
B2F97B,254,15
B2FAFE,255,138
B2FCAD,254,24
B2FCBE,11,2
B2FCBE,255,59
B2FCFE,254,22
B2FE6B,255,106
B2FE7F,11,8
B2FE7F,255,134
B2FE8B,11,15
B2FE8B,255,157
B2FE99,254,15
B301C8,254,33
B30CCC,255,158
B30E49,255,418
B30F2D,255,238
B311EF,255,128
B31680,11,8
B31680,255,249
B3177D,11,10
B3177D,255,462
B317AC,255,144
B31A88,255,85
B31D51,255,275
B31E23,11,26
B31E23,255,227
B31F75,255,81
B32030,11,6
B32030,255,248
B320C7,255,179
B3214B,11,2
B3214B,255,252
B321BA,11,12
B321BA,255,209
B322E4,11,7
B322E4,255,337
B32304,255,412
B32693,254,38
B3275B,11,9
B3275B,255,242
B3299D,255,68
B32B4E,11,38
B32B4E,255,230
B32FC2,11,18
B32FC2,255,101
B331D3,255,189
B33673,11,13
B33673,255,601
B3386E,255,120
B339FC,254,30
B33CB2,255,230
B340D7,255,96
B340F0,11,17
B340F0,255,331
B34272,11,13
B34272,255,276
B3429F,11,7
B3429F,255,449
B344E8,254,20
B34875,255,145
B348B9,255,161
B34E74,255,169
B350C2,255,211
B35193,11,7
B35193,255,344
B3569D,254,17
B358D7,255,195
B359C4,255,235
B35A6A,254,18
B35AF1,255,141
B35BC3,254,24
B36181,255,437
B36297,254,22
B362A2,11,3
B362A2,255,85
B362D9,255,104
B363E9,11,7
B363E9,255,245
B36494,11,21
B36494,255,174
B367E0,255,131
B3689A,255,149
B369D7,255,130
B36A6F,255,185
B36AA0,255,261
B36B8D,255,130
B36BD1,255,152
B36D68,11,9
B36D68,255,137
B36F71,255,165
B36F8C,255,230
B36FB4,11,14
B36FB4,255,119
B3708B,255,188
B370F5,255,83
B37294,11,2
B37294,255,348
B372ED,11,15
B372ED,255,124
B373E9,255,121
B3748E,11,6
B3748E,255,143
B3758D,255,583
B376E8,11,21
B376E8,255,167
B37891,255,106
B3799A,254,12
B379A4,255,125
B37AB7,11,5
B37AB7,255,131
B37ADD,11,12
B37ADD,255,167
B37BAE,255,138
B37BC7,255,196
B37DF4,255,82
B37EB7,1,1
B37EB7,11,31
B37EB7,255,311
B38218,11,14
B38218,255,453
B382B4,254,21
B382D9,254,21
B38365,255,83
B383A5,254,17
B383AF,254,16
B383D3,254,32
B383E3,11,3
B383E3,255,95
B383F7,11,21
B383F7,255,341
B384A7,254,18
B385A1,255,98
B385F7,255,142
B3866D,255,298
B3867B,255,269
B386A8,255,346
B386EF,255,134
B38795,255,274
B3879F,255,117
B387B7,255,445
B387B9,255,115
B387C1,11,18
B387C1,255,124
B387ED,254,27
B38875,254,37
B38C9E,254,31
B38CA3,255,124
B38CA6,254,28
B38D73,254,23
B38DB1,255,125
B38DF5,255,84
B38EBB,255,256
B38EDC,11,17
B38EDC,255,74
B39069,255,106
B390C5,254,27
B393B1,255,126
B393BB,255,87
B394BA,255,78
B394F2,254,15
B394F4,255,132
B39674,255,125
B39677,254,13
B3969D,254,12
B397D4,255,94
B398EF,11,7
B398EF,255,172
B39986,11,7
B39986,255,158
B39A69,11,8
B39A69,255,104
B39BA0,11,26
B39BA0,255,211
B39E13,11,14
B39E13,255,113
B39FFB,254,25
B3A11E,254,3
B3A11E,255,244
B3A11F,11,7
B3A11F,255,203
B3A178,255,101
B3A1AD,255,136
B3A2A2,255,377
B3A2AA,11,8
B3A2AA,255,103
B3A2F0,254,22
B3A4C0,255,90
B3A58F,254,15
B3A596,255,131
B3A5A7,255,92
B3A5C0,255,162
B3A67C,11,16
B3A67C,254,2
B3A67C,255,204
B3A6EA,254,19
B3A764,254,26
B3A7B5,255,352
B3A809,255,433
B3A971,254,38
B3AA0D,11,32
B3AA0D,255,417
B3AB8B,255,149
B3ABCC,11,21
B3ABCC,255,146
B3AD72,254,14
B3ADCB,255,113
B3ADFE,11,23
B3ADFE,255,149
B3AE7F,255,143
B3AE9C,255,105
B3AF76,255,108
B3B215,255,419
B3B268,255,539
B3B26E,255,170
B3B37D,11,2
B3B37D,255,164
B3B3B1,255,157
B3B3DB,254,33
B3B493,255,53
B3B4A2,11,17
B3B4A2,255,178
B3B4DB,255,100
B3B516,255,368
B3B5AC,254,17
B3B799,11,3
B3B799,255,195
B3B79A,255,273
B3B8D1,11,1
B3B8D1,255,242
B3BA6D,255,109
B3BA82,255,128
B3BBD4,255,127
B3BCCB,11,3
B3BCCB,255,196
B3BE80,11,21
B3BE80,255,338
B3BE8C,255,103
B3BED6,11,8
B3BED6,255,80
B3C084,255,184
B3C0F0,255,180
B3C177,254,20
B3C2F2,255,130
B3C4CF,254,19
B3C5F0,254,24
B3C698,254,15
B3C6D4,255,173
B3C736,255,193
B3C7AB,254,7
B3C7AB,255,128
B3C7AC,255,312
B3C7AE,255,126
B3C7CB,11,18
B3C7CB,255,335
B3C948,255,499
B3C9B6,255,206
B3C9BB,11,2
B3C9BB,255,157
B3C9D8,254,30
B3C9EA,255,107
B3CC81,254,32
B3CC85,255,169
B3CCEE,255,105
B3CD80,254,22
B3CDA3,11,6
B3CDA3,255,103
B3CDF1,255,122
B3CFDE,11,1
B3CFDE,255,116
B3D0D3,255,132
B3D16F,255,186
B3D18E,254,21
B3D371,255,294
B3D3A1,255,99
B3D3C5,255,125
B3D3F3,11,11
B3D3F3,255,205
B3D5B3,255,114
B3D869,255,107
B3D8D0,11,18
B3D8D0,255,117
B3D96F,254,22
B3D9A0,254,20
B3D9BF,255,236
B3DA79,255,141
B3DBDC,254,23
B3DBE5,255,479
B3DCA2,255,138
B3DCB0,255,262
B3DEF8,254,22
B3DFA4,255,138
B3DFDD,11,32
B3DFDD,255,288
B3DFF1,255,74
B3E15B,11,23
B3E15B,255,370
B3E389,254,24
B3E491,255,109
B3E49F,254,25
B3E4B4,11,8
B3E4B4,255,229
B3E4DA,255,100
B3E599,255,124
B3E5EB,254,17
B3E7A8,255,88
B3E7CB,255,147
B3E7CF,255,252
B3E895,255,232
B3ECD2,255,147
B3ED84,255,500
B3ED93,11,4
B3ED93,255,102
B3EDB9,255,181
B3F0B5,254,24
B3F0BC,255,270
B3F0E4,11,16
B3F0E4,255,100
B3F1C2,11,1
B3F1C2,255,174
B3F1C3,255,134
B3F1CC,255,169
B3F269,255,99
B3F2B2,254,25
B3F2F6,255,92
B3F395,254,20
B3F3F5,11,1
B3F3F5,255,160
B3F56C,254,21
B3F588,255,107
B3F682,254,27
B3F6ED,255,124
B3F7A2,255,197
B3FBA9,255,104
B3FBFB,255,194
B3FCB3,255,107
B3FCCC,254,33
B3FD80,255,121
B3FDB9,11,7
B3FDB9,255,392
B40131,1,1
B40131,11,47
B40131,255,360
B40487,11,21
B40487,255,580
B404FE,255,85
B405F0,254,28
B408A2,255,66
B409D4,255,87
B40F4A,11,17
B40F4A,255,407
B40FA6,255,309
B411A3,255,131
B414E7,255,99
B416D7,255,282
B416DE,11,1
B416DE,255,102
B417BC,255,363
B41952,11,34
B41952,255,340
B4198F,254,38
B41AD9,255,89
B41BF1,255,226
B41CA2,254,23
B41E5C,255,288
B421FC,254,16
B42349,11,39
B42349,255,271
B4243F,11,27
B4243F,255,285
B42A79,11,26
B42A79,255,628
B42F81,11,11
B42F81,255,601
B42FDA,254,18
B433BC,255,117
B4358B,11,33
B4358B,255,317
B435AB,255,257
B435F4,255,123
B438CD,255,194
B43935,11,3
B43935,255,213
B4398F,11,19
B4398F,255,143
B43FD2,254,22
B43FFE,254,41
B4411C,255,396
B4419B,254,35
B441BE,255,243
B441CF,11,20
B441CF,255,175
B445F8,254,39
B447A6,254,23
B44CC0,255,208
B44F4A,255,282
B4504F,255,252
B45073,255,57
B4530F,255,202
B458BD,255,250
B45A7F,255,246
B45AAC,255,158
B45AE1,11,12
B45AE1,255,324
B46086,255,160
B461A8,255,121
B462A7,255,117
B46505,11,14
B46505,255,254
B46586,255,132
B465D1,255,130
B465F8,255,98
B466CC,254,19
B466E4,255,200
B467A0,255,206
B4687A,255,229
B4698F,254,10
B469E6,255,87
B46A8B,255,448
B46BA5,254,20
B46E7C,255,125
B46EB5,11,17
B46EB5,255,311
B46FB4,255,103
B46FCE,254,31
B47165,254,18
B47276,254,31
B4736B,255,106
B4746D,255,136
B4749B,254,26
B474B3,254,19
B4754D,11,7
B4754D,255,338
B47594,11,8
B47594,255,76
B47595,254,24
B475A8,255,93
B475D9,255,75
B4769F,254,26
B476D6,255,112
B477DD,11,9
B477DD,255,104
B477E2,255,112
B478A5,255,141
B478D3,255,71
B47A76,11,6
B47A76,255,108
B47A80,11,2
B47A80,255,54
B47AB3,255,72
B47AC7,255,118
B47AEE,255,265
B47B87,11,50
B47B87,255,384
B47C85,11,24
B47C85,255,146
B47DB0,255,149
B47F7F,255,201
B47F8E,255,426
B480BD,255,147
B4818B,255,99
B481D2,255,154
B481E0,255,116
B482B6,254,27
B482BD,255,189
B482E2,255,230
B4858C,11,15
B4858C,255,64
B485C4,255,145
B485F2,255,114
B4863C,255,253
B48696,255,160
B48989,11,2
B48989,255,128
B48999,254,23
B4899A,254,19
B489A4,254,21
B489F4,254,33
B48A5B,255,164
B48A7B,11,7
B48A7B,255,380
B48ADE,255,260
B48D56,1,1
B48D56,11,22
B48D56,255,385
B48DF0,11,14
B48DF0,255,98
B48EED,255,121
B4918C,11,10
B4918C,255,166
B49192,254,28
B491D8,11,2
B491D8,255,113
B491DC,255,121
B491DD,254,36
B4927E,254,21
B49281,255,101
B492E0,254,26
B4936C,255,297
B493D9,255,78
B496AA,254,25
B497DE,255,235
B4986F,254,35
B498A0,255,98
B498BD,11,8
B498BD,255,101
B49A7C,255,137
B49BD3,255,157
B49C94,255,200
B49F7A,255,106
B49FF3,254,30
B4A14A,255,470
B4A2A6,255,129
B4A396,11,19
B4A396,255,155
B4A3BC,255,142
B4A481,11,7
B4A481,255,205
B4A587,255,88
B4A5C8,254,27
B4A6BC,254,28
B4A77B,255,110
B4A7B7,255,86
B4A865,255,198
B4A9B1,11,3
B4A9B1,255,247
B4A9BD,11,38
B4A9BD,255,438
B4AAFE,254,22
B4AB68,255,92
B4AB9B,255,310
B4AEBD,255,81
B4AEDB,255,68
B4B095,255,224
B4B179,255,83
B4B1A0,255,153
B4B1F7,254,21
B4B27B,11,10
B4B27B,255,259
B4B3FC,255,543
B4B5E4,11,15
B4B5E4,255,157
B4B6BB,255,202
B4B779,255,100
B4B8E3,255,113
B4B980,254,19
B4BA80,11,17
B4BA80,255,447
B4BAB8,255,125
B4BB52,2,1
B4BB52,11,36
B4BB52,255,120
B4BCD3,254,25
B4BCDC,11,4
B4BCDC,255,22
B4BD71,255,88
B4BDA0,255,216
B4BDC6,254,29
B4BDC8,254,21
B4BEA7,11,44
B4BEA7,255,214
B4BF68,254,25
B4BFC9,255,117
B4C089,254,25
B4C0D5,255,97
B4C0F4,11,4
B4C0F4,255,87
B4C1D1,11,26
B4C1D1,254,2
B4C1D1,255,101
B4C3B8,255,101
B4C4E7,254,30
B4C596,11,6
B4C596,255,260
B4C59E,255,168
B4C5CB,255,124
B4C666,255,112
B4C7DB,255,168
B4C8A5,11,24
B4C8A5,255,122
B4C8BF,254,25
B4CA36,255,309
B4CA7C,255,103
B4CAB6,254,23
B4CAC3,255,159
B4CBB6,254,11
B4CBF1,254,31
B4CC73,255,276
B4CCB2,255,329
B4CCE5,255,148
B4CDF0,254,27
B4CE6A,254,23
B4CE84,254,24
B4CEB8,255,166
B4CFA3,11,4
B4CFA3,255,185
B4CFDE,11,8
B4CFDE,255,85
B4D0A3,11,22
B4D0A3,255,250
B4D0C1,11,20
B4D0C1,255,92
B4D0E7,255,135
B4D18A,255,114
B4D1BA,255,123
B4D1FC,255,61
B4D37A,255,106
B4D570,255,114
B4D5DC,254,23
B4D63B,255,62
B4D790,255,76
B4D7BE,255,118
B4D7D5,254,20
B4D9A8,255,107
B4DA70,255,261
B4DAC1,11,4
B4DAC1,255,133
B4DDB1,254,20
B4DDE5,254,16
B4DE75,255,232
B4DFC1,254,22
B4E16F,255,123
B4E1EC,255,112
B4E3EE,11,5
B4E3EE,255,151
B4E482,255,197
B4E573,255,81
B4E5E8,255,152
B4E799,254,19
B4EA95,11,16
B4EA95,255,328
B4EAFB,11,15
B4EAFB,255,102
B4EB82,11,4
B4EB82,255,347
B4EB87,255,108
B4EC18,255,229
B4ED77,11,1
B4ED77,255,126
B4EEA9,255,75
B4EFB7,255,108
B4F0A2,254,22
B4F12A,255,340
B4F1C9,255,155
B4F3B4,254,21
B4F5FE,255,126
B4F6CC,254,29
B4F76C,255,170
B4F7F6,254,16
B4F89A,255,422
B4F9AC,254,18
B4FA76,255,99
B4FB70,255,127
B4FBEB,11,6
B4FBEB,255,191
B4FCC5,254,31
B4FE91,255,103
B4FEDA,254,16
B50259,11,30
B50259,255,359
B5039F,255,320
B50484,11,3
B50484,255,437
B50BA1,255,129
B50F99,254,30
B50FA5,255,90
B510B6,255,121
B511F2,254,32
B513B5,11,45
B513B5,255,464
B516AD,255,151
B51AB2,11,12
B51AB2,255,258
B51AF4,254,20
B51DDA,11,15
B51DDA,255,256
B51E96,255,531
B51F15,11,18
B51F15,255,172
B52278,255,69
B5275F,255,327
B5278B,255,334
B52DF5,255,316
B52F64,255,337
B530C8,255,170
B53286,11,1
B53286,255,425
B5339E,255,127
B53469,11,16
B53469,255,278
B5366B,255,80
B537C1,255,251
B53871,255,109
B538C7,254,29
B5397D,11,23
B5397D,255,148
B5397E,11,6
B5397E,255,233
B539BF,11,17
B539BF,255,100
B539C0,255,262
B53DE7,255,358
B5410C,255,669
B543C7,255,265
B5467A,255,133
B5470C,254,7
B5470C,255,197
B5470D,255,321
B54795,255,234
B549F9,255,110
B54A16,11,20
B54A16,255,332
B54AC4,255,125
B54BC7,11,3
B54BC7,255,249
B54BE6,255,99
B54EA5,254,31
B550D1,255,83
B554DC,11,10
B554DC,255,233
B55DFB,255,439
B55FFE,255,110
B564B4,254,21
B564F9,254,18
B565B6,11,9
B565B6,255,128
B565CB,254,27
B566EC,255,93
B5688E,254,26
B569C9,254,24
B56BA5,255,395
B56BA8,255,218
B56BC5,254,27
B56DB5,255,152
B56E92,255,102
B56ECD,255,114
B56FC5,255,126
B570F2,2,1
B570F2,11,35
B570F2,255,239
B5719D,255,154
B571E2,255,233
B572C1,255,134
B573AB,254,26
B573E8,11,5
B573E8,255,263
B57476,11,16
B57476,255,121
B5747F,255,64
B574A6,255,439
B574C5,254,22
B57593,255,101
B575BB,255,176
B575D4,255,121
B575F9,254,27
B577DE,11,9
B577DE,255,89
B57B84,255,146
B57BEF,255,146
B57D46,255,309
B57D6E,255,266
B57D6F,255,339
B57DDF,255,154
B57DE2,254,16
B57E87,255,85
B57F8E,255,248
B580D9,255,135
B58188,255,96
B585F7,255,81
B586D8,255,109
B58880,255,147
B58882,254,28
B588B3,255,142
B588FE,11,18
B588FE,255,148
B589D6,11,1
B589D6,255,289
B58CE5,255,173
B58D99,255,185
B58E6A,254,24
B58E78,11,14
B58E78,255,85
B58E93,11,22
B58E93,255,269
B58EF0,254,25
B58F4C,0,1
B58F4C,11,14
B58F4C,254,2
B58F4C,255,295
B58F4D,1,1
B58F4D,11,36
B58F4D,255,296
B590BC,255,108
B5917F,255,131
B594A5,255,111
B596A0,254,22
B597CE,255,270
B59990,254,20
B599BA,255,96
B59A74,254,19
B59A9D,255,101
B59AF0,254,24
B59E8C,11,25
B59E8C,255,122
B59F81,11,16
B59F81,255,260
B5A0C9,254,28
B5A1B5,11,21
B5A1B5,255,127
B5A1E0,11,3
B5A1E0,255,248
B5A282,11,11
B5A282,255,263
B5A4A9,255,126
B5A592,255,127
B5A5B4,254,22
B5A5B7,11,9
B5A5B7,255,74
B5A66D,254,19
B5A6A2,11,2
B5A6A2,255,282
B5A6A3,254,21
B5A6BA,255,407
B5A768,11,11
B5A768,255,147
B5A7D0,255,108
B5A876,11,9
B5A876,255,124
B5A8B0,255,150
B5A8DE,255,77
B5AB18,255,301
B5AC6D,254,19
B5AC7A,11,6
B5AC7A,255,233
B5ADAA,255,220
B5AE86,254,33
B5AEB7,255,122
B5AF3F,255,357
B5AFBD,255,290
B5B0D7,255,84
B5B175,11,14
B5B175,255,233
B5B1B3,255,129
B5B1E3,254,15
B5B37B,11,1
B5B37B,255,526
B5B3A6,255,94
B5B3C5,11,19
B5B3C5,255,160
B5B4AE,254,23
B5B4D0,255,115
B5B646,255,414
B5B6A8,11,5
B5B6A8,255,416
B5B6E5,255,75
B5B775,11,2
B5B775,255,324
B5B8EE,11,20
B5B8EE,255,340
B5B99D,11,19
B5B99D,255,185
B5B9C6,255,104
B5B9CB,255,183
B5BA32,11,13
B5BA32,255,289
B5BAA4,254,24
B5BAF6,255,102
B5BBA6,254,24
B5BD14,255,952
B5BDF6,255,107
B5BE96,11,1
B5BE96,255,151
B5BEB1,255,98
B5BEB4,254,18
B5BECA,255,119
B5BFED,11,14
B5BFED,255,285
B5C0AC,0,1
B5C0AC,11,2
B5C0AC,255,306
B5C0E4,255,93
B5C1AE,255,780
B5C260,255,368
B5C28B,255,109
B5C2CE,11,12
B5C2CE,255,205
B5C391,11,10
B5C391,255,89
B5C3C1,255,164
B5C471,11,2
B5C471,255,121
B5C5AB,255,79
B5C8AB,254,32
B5C8D0,255,201
B5C8E3,255,118
B5C953,11,18
B5C953,255,249
B5C989,11,1
B5C989,255,223
B5CA76,11,25
B5CA76,255,245
B5CACA,11,12
B5CACA,255,66
B5CB81,11,8
B5CB81,255,77
B5CBEF,255,128
B5CCB5,254,37
B5CD9E,11,14
B5CD9E,255,43
B5CFAE,255,206
B5D067,254,30
B5D0A4,255,109
B5D0EC,11,5
B5D0EC,255,85
B5D177,254,28
B5D1BC,255,139
B5D1D0,255,105
B5D24B,255,577
B5D2D0,11,1
B5D2D0,255,598
B5D2E4,255,110
B5D4A0,255,233
B5D4A8,255,426
B5D7A3,255,184
B5D866,254,22
B5D888,254,28
B5D8B2,255,156
B5DAF1,255,103
B5DC69,255,70
B5DD9D,11,4
B5DD9D,255,191
B5DDE0,255,120
B5DE86,11,9
B5DE86,255,130
B5DE9F,255,140
B5DEFE,255,155
B5E0B4,255,50
B5E0CF,255,115
B5E168,255,139
B5E17F,254,19
B5E379,254,1
B5E379,255,122
B5E393,254,19
B5E4EE,255,132
B5E5A1,11,13
B5E5A1,255,408
B5E5D3,254,36
B5E5D9,254,17
B5E7B5,254,30
B5E86B,254,18
B5E8C0,254,28
B5E9DF,255,296
B5EA74,255,147
B5EAEA,254,33
B5EAF7,255,356
B5ED6B,255,141
B5EDEF,255,116
B5EF6F,255,112
B5F037,11,13
B5F037,255,533
B5F0CE,255,133
B5F1FB,255,89
B5F369,255,326
B5F4EA,11,29
B5F4EA,255,341
B5F560,11,4
B5F560,255,256
B5F673,255,147
B5F734,255,596
B5FB79,255,105
B5FB87,255,113
B5FBD1,255,237
B5FBF9,254,39
B5FCF3,255,96
B603DE,255,110
B60465,11,28
B60465,255,144
B605AA,11,20
B605AA,255,166
B605AB,255,330
B606D2,11,6
B606D2,255,291
B60B70,11,12
B60B70,255,224
B60C7F,255,146
B61212,255,726
B6137D,11,1
B6137D,255,106
B618D1,11,11
B618D1,255,135
B61B9E,255,107
B61C91,255,248
B61DDA,255,194
B61ECD,255,284
B61EF3,255,95
B62198,255,136
B623B3,255,160
B6247F,255,166
B6282B,255,302
B628FF,255,237
B62B23,11,45
B62B23,255,585
B62EE1,11,33
B62EE1,255,313
B63355,11,4
B63355,255,348
B63B4A,255,304
B63B9C,255,101
B63D2D,11,2
B63D2D,255,317
B64091,255,349
B6425A,11,27
B6425A,255,169
B64336,255,190
B64416,11,45
B64416,255,630
B64730,255,294
B64731,11,44
B64731,255,601
B648E7,255,222
B656BF,1,1
B656BF,11,21
B656BF,255,152
B65ADB,11,3
B65ADB,255,403
B65D66,255,498
B65D82,2,1
B65D82,11,12
B65D82,255,134
B65F73,255,141
B664E8,255,129
B66687,11,3
B66687,255,113
B66883,255,103
B668A8,255,99
B669A8,254,25
B669EA,255,254
B66CA3,255,94
B66CFE,254,14
B66D69,255,183
B66D86,254,21
B66DBC,255,222
B66DD4,255,226
B66E4F,255,543
B66E74,255,221
B66EC1,254,22
B66FD7,255,117
B66FF3,255,100
B671BF,255,136
B671CA,255,315
B671FC,255,141
B67298,255,76
B6735A,255,401
B67473,255,300
B67488,254,34
B674E9,255,130
B67585,255,454
B67686,255,123
B677F7,11,27
B677F7,255,138
B678DF,255,153
B67A9D,255,180
B67AA1,254,23
B67B8B,254,13
B67F6E,255,113
B67F88,11,13
B67F88,255,869
B67FA1,254,38
B680FB,255,75
B681A1,254,28
B68284,255,105
B682CD,255,160
B682F9,11,2
B682F9,255,257
B683A4,255,250
B683E9,255,116
B68487,254,17
B68574,254,2
B68574,255,144
B6867A,254,26
B686E9,255,146
B68A7F,254,20
B68AD9,11,10
B68AD9,255,151
B68B6B,255,86
B68BEA,11,8
B68BEA,255,327
B68C76,254,23
B68CC6,254,29
B68CEB,255,101
B68DC3,254,27
B68EB9,255,77
B68EBA,11,8
B68EBA,255,394
B69071,255,115
B690B3,255,206
B691D9,11,10
B691D9,255,96
B691E2,255,181
B69289,255,301
B692AF,11,23
B692AF,255,142
B694BB,11,10
B694BB,255,419
B695E9,254,22
B69665,11,1
B69665,255,104
B696FF,255,393
B697A2,255,112
B6986A,254,23
B69987,255,98
B699BB,255,132
B69B85,254,27
B69E51,11,28
B69E51,255,316
B69F06,11,3
B69F06,255,348
B69F66,255,325
B6A0F7,11,1
B6A0F7,255,159
B6A1CD,11,3
B6A1CD,255,286
B6A2A0,255,455
B6A3AA,255,303
B6A474,11,9
B6A474,255,87
B6A4B6,254,23
B6A789,255,97
B6A7C3,255,77
B6A99D,255,73
B6A9C8,255,109
B6AA32,11,13
B6AA32,255,286
B6AA94,254,25
B6AAA5,11,25
B6AAA5,255,278
B6AB75,11,13
B6AB75,255,165
B6ABAF,254,3
B6ABAF,255,344
B6AC94,254,22
B6ACC1,11,12
B6ACC1,255,426
B6ADB0,11,34
B6ADB0,255,401
B6ADDA,11,11
B6ADDA,255,89
B6ADFD,255,87
B6AEF2,254,34
B6AF88,255,359
B6AF8C,254,22
B6AFD8,254,10
B6AFF6,255,364
B6B26B,255,145
B6B38D,255,68
B6B47A,11,12
B6B47A,255,88
B6B560,255,325
B6B5BF,255,121
B6B5D8,254,36
B6B5E1,255,86
B6B5E4,11,19
B6B5E4,255,286
B6B6F3,255,164
B6B7BE,11,15
B6B7BE,255,308
B6B87B,255,103
B6B88C,255,102
B6B9CB,254,25
B6B9EF,11,26
B6B9EF,255,156
B6BAA6,11,3
B6BAA6,255,115
B6BAF3,254,23
B6BC85,255,224
B6BCD7,254,24
B6BD7D,255,151
B6BDF5,255,189
B6BF89,255,78
B6BFF8,254,17
B6C066,255,271
B6C19F,11,5
B6C19F,255,107
B6C1AE,255,188
B6C1D2,11,2
B6C1D2,255,165
B6C1EC,11,5
B6C1EC,255,448
B6C2B1,255,88
B6C2D4,255,87
B6C2FD,11,3
B6C2FD,255,109
B6C466,255,109
B6C498,254,21
B6C4C2,254,30
B6C50B,255,364
B6C68E,11,1
B6C68E,255,95
B6C6CD,254,23
B6C97B,254,25
B6C982,255,94
B6C9E8,255,321
B6C9E9,11,8
B6C9E9,255,89
B6CA45,11,22
B6CA45,255,432
B6CB94,255,271
B6CCFD,255,119
B6CDD1,255,104
B6CDD9,254,21
B6CEA6,254,23
B6D07A,255,106
B6D0B8,254,8
B6D0CA,255,94
B6D0EC,255,200
B6D2B5,255,333
B6D3F5,255,123
B6D497,11,14
B6D497,255,247
B6D498,11,26
B6D498,255,137
B6D564,255,179
B6D583,255,192
B6D678,254,27
B6D6A6,11,1
B6D6A6,255,137
B6D6C7,255,74
B6D6E9,11,17
B6D6E9,255,76
B6D6EA,255,282
B6D8FC,255,108
B6DA7C,254,26
B6DACA,255,116
B6DAE2,11,4
B6DAE2,255,103
B6DAE3,255,123
B6DBA9,255,150
B6DCD8,254,19
B6DCF6,11,2
B6DCF6,255,129
B6DDB1,254,34
B6DEA6,11,22
B6DEA6,255,157
B6DF58,255,581
B6DFE1,255,122
B6E06F,11,1
B6E06F,255,169
B6E082,255,131
B6E1A9,11,2
B6E1A9,255,404
B6E1AB,255,145
B6E2BB,254,9
B6E2FA,1,1
B6E2FA,11,15
B6E2FA,255,152
B6E3A3,254,26
B6E4AE,254,31
B6E59E,11,4
B6E59E,254,20
B6E59E,255,234
B6E5DB,255,241
B6E5F7,255,149
B6E6A6,255,189
B6E76E,255,257
B6E7F8,255,375
B6E832,11,9
B6E832,255,226
B6E999,255,241
B6E9AC,11,10
B6E9AC,255,124
B6E9FD,255,276
B6EA87,255,387
B6EA9F,255,248
B6EB83,255,122
B6EC73,11,18
B6EC73,255,101
B6ED8F,255,119
B6EDEB,255,101
B6EE8B,11,13
B6EE8B,255,38
B6EE9C,11,14
B6EE9C,255,94
B6EEC9,0,1
B6EEC9,11,17
B6EEC9,255,230
B6EF48,11,10
B6EF48,255,287
B6F230,11,11
B6F230,255,201
B6F2C8,255,79
B6F32A,255,249
B6F373,255,156
B6F394,11,10
B6F394,255,366
B6F5D1,255,469
B6F6BD,254,21
B6F794,255,144
B6F7C0,255,82
B6F8BA,11,12
B6F8BA,255,133
B6F8C8,255,119
B6F96B,11,5
B6F96B,254,3
B6F96B,255,181
B6F96C,11,14
B6F96C,255,268
B6FAEB,255,125
B6FBC9,254,42
B6FBE0,254,29
B6FC7F,11,8
B6FC7F,255,430
B6FD74,255,114
B6FD81,254,17
B6FEA2,255,76
B6FEEC,254,25
B6FFC2,11,21
B6FFC2,255,220
B700AA,255,273
B7049E,255,138
B7097B,255,135
B70A71,255,102
B70B67,11,15
B70B67,255,223
B70B81,11,2
B70B81,255,264
B70BA5,254,23
B70BD5,255,312
B70BF2,11,31
B70BF2,255,225
B70DBC,255,150
B70F1D,255,577
B7194D,255,332
B719AB,11,12
B719AB,255,268
B71B8D,11,10
B71B8D,255,279
B71CD6,255,192
B71D32,255,192
B71F97,255,362
B720DA,255,131
B72581,255,59
B72B0E,11,10
B72B0E,255,222
B72BC9,255,204
B72C71,11,2
B72C71,255,118
B72D91,255,101
B731CA,255,132
B73425,255,80
B73518,11,35
B73518,255,412
B73989,255,86
B73B8D,255,355
B73DCB,1,1
B73DCB,11,22
B73DCB,255,357
B73EC0,255,333
B74089,255,160
B74265,254,23
B743D1,254,21
B7451C,255,295
B745E7,11,18
B745E7,255,276
B74AD0,255,123
B75238,11,9
B75238,255,174
B7524B,255,303
B752CB,255,124
B7536F,254,26
B757A6,255,181
B759E9,255,132
B75D9F,255,72
B75E91,254,15
B761D9,255,97
B76376,2,1
B76376,11,16
B76376,255,190
B76377,11,18
B76377,255,306
B764AE,255,143
B764DB,254,22
B764E4,255,88
B76588,254,35
B765F0,254,27
B76687,255,108
B76690,255,129
B766D5,255,133
B767D7,255,112
B767DE,254,16
B76934,255,225
B7697A,254,30
B7697E,254,21
B769DA,254,25
B769E5,11,18
B769E5,255,528
B769E6,255,1041
B769F8,11,3
B769F8,255,95
B76AAE,255,90
B76AC1,254,34
B76BE4,255,166
B76BFB,254,25
B76DA9,11,34
B76DA9,255,275
B76E73,254,31
B76F7C,255,83
B76FFD,254,23
B7718F,254,28
B771F6,255,68
B77270,254,24
B772D2,255,179
B77675,254,31
B776D9,11,14
B776D9,255,189
B7788D,255,121
B778B0,11,4
B778B0,255,73
B77989,11,9
B77989,255,445
B77ADA,254,22
B77BF9,11,16
B77BF9,255,93
B77C4C,255,350
B77CBF,11,30
B77CBF,255,265
B77CC4,255,127
B77D49,11,24
B77D49,255,264
B77D5A,255,169
B77D5B,0,1
B77D5B,11,14
B77D5B,255,142
B77DA9,254,30
B77EC0,255,145
B780F7,255,149
B78223,11,22
B78223,255,345
B782A8,254,35
B7847D,11,2
B7847D,255,83
B7856A,255,83
B7857F,254,41
B78738,0,1
B78738,11,28
B78738,255,279
B788AC,255,73
B788EB,255,87
B78ABC,254,12
B78BAA,255,145
B78FC5,11,1
B78FC5,255,91
B78FCD,11,1
B78FCD,255,200
B790B4,254,22
B79167,255,289
B791E9,255,234
B79475,255,130
B795B4,255,162
B798A2,254,19
B79989,255,127
B799BF,254,29
B79A77,11,11
B79A77,255,223
B79A78,255,107
B79A9B,255,140
B79D97,254,23
B79DBF,255,181
B79DEC,255,130
B79E84,255,145
B7A0A9,255,100
B7A0AC,255,244
B7A0E2,254,26
B7A190,255,71
B7A19D,255,408
B7A26B,255,104
B7A2E0,254,31
B7A2FE,255,151
B7A3F7,255,428
B7A4C7,255,94
B7A5FB,255,118
B7A629,255,214
B7A6E2,11,2
B7A6E2,255,604
B7A6F1,255,99
B7A7CA,254,32
B7A8DB,255,162
B7A971,255,95
B7AB8C,254,33
B7AC6C,254,30
B7AD6E,254,26
B7AE9C,255,156
B7AFA4,254,23
B7B2A2,11,17
B7B2A2,255,295
B7B320,2,1
B7B320,11,19
B7B320,255,164
B7B389,255,74
B7B3D9,11,18
B7B3D9,255,74
B7B482,255,115
B7B57E,254,27
B7B6B9,254,20
B7B6DA,254,17
B7B7BB,11,7
B7B7BB,255,135
B7B7BC,255,294
B7B99A,255,104
B7BAA9,255,157
B7BAE5,255,84
B7BB76,255,185
B7BFAF,255,131
B7BFC2,255,47
B7BFCD,254,21
B7C16D,255,149
B7C18C,255,70
B7C286,254,2
B7C29C,254,20
B7C2EB,254,32
B7C3B8,255,129
B7C3E7,11,9
B7C3E7,255,87
B7C4A2,255,146
B7C4BD,254,29
B7C5EF,255,73
B7C830,255,392
B7C870,11,21
B7C870,255,213
B7C9AD,255,216
B7C9C2,255,101
B7CA5F,255,330
B7CACE,254,19
B7CB75,255,256
B7CB9B,11,5
B7CB9B,255,120
B7CBE3,254,26
B7CFA7,255,117
B7D074,255,107
B7D2D7,255,140
B7D3B4,255,95
B7D49B,254,23
B7D49D,255,153
B7D680,255,107
B7D695,11,6
B7D695,255,89
B7D6C9,255,127
B7D872,255,59
B7D966,11,19
B7D966,255,245
B7DAD7,254,16
B7DC7C,254,30
B7DC97,255,96
B7DD5F,255,293
B7DD64,255,92
B7DE6D,255,283
B7DEC1,255,127
B7DFB8,255,99
B7E099,255,110
B7E0B4,255,183
B7E0E3,255,88
B7E1C3,11,8
B7E1C3,255,244
B7E1C9,255,86
B7E21F,11,9
B7E21F,255,248
B7E3C9,255,211
B7E3F9,254,27
B7E6AF,255,102
B7E87A,255,94
B7E8FC,255,131
B7EC76,254,14
B7EDB3,254,26
B7EDDF,255,124
B7EDF4,255,40
B7EF6B,255,257
B7F091,254,22
B7F268,11,4
B7F268,255,192
B7F26B,254,32
B7F3FD,255,124
B7F48B,254,24
B7F565,254,18
B7F5B7,255,109
B7F5D2,255,361
B7F774,255,95
B7F7EB,255,157
B7F8DB,254,27
B7F8E9,254,21
B7F8FA,255,180
B7F9D9,11,8
B7F9D9,255,108
B7FA27,255,606
B7FA28,255,785
B7FBC6,254,22
B7FBE9,255,74
B7FC8E,254,19
B7FC90,255,211
B7FCF3,255,110
B7FD64,255,155
B7FE76,255,283
B7FED0,255,89
B7FEE4,11,3
B7FEE4,255,250
B80182,255,156
B807EC,0,1
B807EC,255,188
B80ADC,11,12
B80ADC,255,194
B80CE3,255,213
B80D79,255,79
B816FD,11,9
B816FD,255,227
B81778,11,2
B81778,255,442
B819F0,255,272
B81AD1,255,250
B81AD2,11,14
B81AD2,255,304
B81CFD,11,16
B81CFD,255,92
B81D2B,255,109
B8216D,11,12
B8216D,255,49
B821F4,255,472
B822C9,254,25
B8234A,11,21
B8234A,255,431
B824B6,11,16
B824B6,255,240
B827D3,255,113
B827E4,254,12
B828BA,255,323
B82A83,255,104
B82AD5,11,10
B82AD5,255,169
B82AD6,255,289
B82B9F,255,328
B82DE0,11,15
B82DE0,255,267
B82F93,255,463
B83069,255,274
B830D3,255,100
B83189,254,39
B8319C,11,26
B8319C,255,542
B831D1,254,25
B83281,11,12
B83281,255,380
B833A2,255,317
B83626,255,379
B83C87,254,24
B83D31,255,468
B83DE7,255,230
B84566,11,24
B84566,255,216
B847E6,255,320
B849E5,11,14
B849E5,255,102
B849F1,254,36
B84C99,11,17
B84C99,255,93
B84D2C,255,504
B8521A,11,21
B8521A,255,228
B856EA,11,19
B856EA,255,112
B85ADA,11,1
B85ADA,255,135
B85CD3,255,200
B8657D,255,79
B865C1,255,100
B865FB,255,274
B866B4,11,16
B866B4,255,277
B867BB,11,6
B867BB,255,163
B868E9,254,4
B868E9,255,5
B86903,255,395
B869AC,11,7
B869AC,255,492
B869C1,255,128
B869E7,254,31
B86A73,254,1
B86A73,255,233
B86A8C,11,6
B86A8C,255,191
B86B3D,255,338
B86B80,11,12
B86B80,255,87
B86BC1,254,30
B86BCE,255,125
B86DBD,0,1
B86DBD,11,1
B86DBD,255,92
B86DEE,255,86
B86FE0,255,56
B86FFB,255,104
B870F7,254,21
B87376,255,136
B87391,254,22
B873D2,254,20
B87678,255,117
B8767D,254,23
B878A8,11,3
B878A8,255,92
B87964,255,129
B87A7B,254,21
B87B6F,255,60
B87E72,255,74
B87EAE,11,5
B87EAE,255,122
B87ECC,255,92
B880B9,255,117
B8819E,255,128
B881C0,11,10
B881C0,255,363
B882D4,255,112
B8836E,255,106
B8838F,254,18
B883AC,11,25
B883AC,255,196
B883BD,255,96
B8859F,255,138
B8864B,11,37
B8864B,255,436
B8869E,255,65
B886A0,254,15
B889E9,255,143
B889F9,11,2
B889F9,255,129
B88AA4,255,99
B88AAE,255,85
B88B95,11,6
B88B95,255,221
B88BA0,11,36
B88BA0,255,366
B88BC4,255,126
B88BD7,255,146
B88DBA,255,168
B88DCF,255,386
B88EB1,11,10
B88EB1,255,167
B88EE5,254,32
B890CE,255,150
B890E2,255,72
B890F0,255,117
B891D3,255,87
B8923C,255,234
B892A5,11,9
B892A5,254,5
B892A5,255,102
B893D2,255,162
B893D3,11,21
B893D3,255,301
B893E6,255,106
B893FA,255,140
B894F3,255,122
B895AA,1,1
B895AA,11,46
B895AA,255,358
B8966C,255,109
B8976E,255,201
B897B4,255,95
B898E1,1,1
B898E1,11,25
B898E1,255,201
B898FD,11,4
B898FD,255,72
B8997A,255,160
B8997C,255,96
B899EE,255,135
B89AAC,255,109
B89AC1,11,1
B89AC1,255,121
B89AD0,255,189
B89BAA,254,2
B89BDF,254,19
B89BF7,11,14
B89BF7,254,30
B89BF7,255,283
B89C6A,255,100
B89CA9,255,200
B89E65,11,2
B89E65,255,174
B89EA4,254,19
B89EB6,255,165
B89F89,255,112
B89FD7,255,96
B8A368,255,76
B8A395,255,98
B8A49B,254,20
B8A595,11,3
B8A595,255,94
B8A667,255,787
B8A6F6,0,1
B8A6F6,11,1
B8A6F6,255,158
B8A777,254,35
B8A7A6,255,119
B8A7D8,254,25
B8A887,255,141
B8A8BB,255,133
B8A9A0,255,111
B8AAF2,254,21
B8ABA4,255,110
B8ABC3,255,83
B8ABF6,255,141
B8AD7C,11,1
B8AD7C,255,140
B8AD81,11,1
B8AD81,255,124
B8ADC5,11,11
B8ADC5,255,104
B8ADE4,255,124
B8AE8F,255,313
B8AEBA,254,23
B8AFFC,11,1
B8AFFC,255,343
B8B164,255,230
B8B1AB,255,409
B8B275,11,8
B8B275,255,289
B8B36B,254,21
B8B49D,11,12
B8B49D,255,141
B8B4E9,254,23
B8B6B1,11,39
B8B6B1,255,499
B8B713,255,547
B8B787,11,12
B8B787,255,118
B8B7DA,0,1
B8B7DA,11,23
B8B7DA,255,291
B8B8AF,255,84
B8B8BD,255,486
B8B8E0,254,24
B8B9C8,254,32
B8BE6F,1,1
B8BE6F,11,20
B8BE6F,255,313
B8BEA0,255,121
B8BF86,11,14
B8BF86,255,185
B8C592,255,160
B8C5D3,254,22
B8C66F,254,30
B8C6DF,11,8
B8C6DF,255,185
B8C777,255,96
B8C7A2,11,15
B8C7A2,255,114
B8C7B6,255,96
B8C865,255,166
B8C86E,255,131
B8C9DF,255,192
B8C9E8,11,1
B8C9E8,255,387
B8CB74,255,90
B8CC7D,11,2
B8CC7D,255,184
B8CCB5,255,136
B8CD82,11,12
B8CD82,255,123
B8D0B7,255,112
B8D26A,254,25
B8D26F,255,172
B8D2BF,11,15
B8D2BF,255,156
B8D3B5,254,21
B8D3E9,255,224
B8D4B8,254,27
B8D6CD,255,628
B8D7EC,11,7
B8D7EC,254,4
B8D7EC,255,240
B8D871,255,79
B8D8ED,11,29
B8D8ED,255,225
B8D93C,11,13
B8D93C,255,508
B8DA69,11,5
B8DA69,255,101
B8DAA1,255,109
B8DACF,254,18
B8DB7A,254,26
B8DBA2,255,139
B8DBCC,254,21
B8DEB8,11,9
B8DEB8,255,89
B8DEC2,255,97
B8DEF3,254,16
B8DFEA,255,133
B8E06E,254,24
B8E09C,254,25
B8E0C9,255,124
B8E0D1,255,146
B8E0D3,254,22
B8E1A9,255,125
B8E5BA,255,320
B8E6A7,11,16
B8E6A7,255,98
B8E89B,255,162
B8E97C,255,68
B8EAA9,11,10
B8EAA9,255,162
B8ED65,11,3
B8ED65,255,131
B8ED80,255,316
B8EDC5,11,17
B8EDC5,255,115
B8EDDC,11,4
B8EDDC,255,91
B8EECE,255,143
B8EF35,255,564
B8EF9B,254,25
B8F090,254,28
B8F0EB,255,251
B8F127,2,1
B8F127,11,17
B8F127,254,3
B8F127,255,260
B8F128,255,245
B8F1A7,255,71
B8F336,255,305
B8F3DF,255,65
B8F4BB,255,110
B8F5A7,255,65
B8F5FC,254,25
B8F6CC,254,10
B8F9B4,254,23
B8F9F9,255,139
B8FAF7,254,32
B8FBB9,254,21
B8FC00,255,232
B8FCCA,255,207
B8FD7E,254,27
B8FD99,254,20
B8FDC7,255,92
B8FDE1,254,32
B90577,11,10
B90577,255,165
B90780,255,118
B90B6D,11,27
B90B6D,255,322
B90B6E,0,3
B90B6E,11,16
B90B6E,254,410
B90B6E,255,6
B90B6F,255,310
B90DE0,255,75
B910AB,255,292
B9136B,255,450
B9147B,255,102
B91565,255,325
B9168D,255,104
B91C6F,255,85
B9248A,11,6
B9248A,255,298
B924F8,254,20
B926B7,255,280
B92CBA,254,23
B92D1F,255,394
B92E94,11,24
B92E94,255,181
B92F7C,254,19
B9319F,11,24
B9319F,255,340
B931A6,255,127
B9328A,255,221
B93407,255,311
B93456,255,245
B93457,11,21
B93457,255,207
B937ED,254,29
B9388D,254,24
B938C4,11,26
B938C4,255,222
B938C5,11,10
B938C5,255,287
B93DFD,255,379
B941A1,11,16
B941A1,255,250
B94298,255,171
B9436B,254,31
B9438E,255,110
B9446E,11,27
B9446E,255,168
B944E6,11,25
B944E6,255,352
B9458D,255,534
B94839,255,249
B948C7,255,281
B94EEC,255,305
B950E8,11,11
B950E8,255,267
B95160,255,367
B9518F,11,9
B9518F,255,112
B951CA,254,30
B954BA,2,1
B954BA,11,18
B954BA,255,38
B958C2,11,17
B958C2,255,330
B95974,11,9
B95974,255,185
B95C98,255,123
B95CB2,11,4
B95CB2,255,152
B960B0,255,294
B960ED,255,109
B96230,11,1
B96230,255,352
B964FB,11,5
B964FB,255,107
B96565,255,388
B9656E,255,81
B965B7,255,335
B965DF,11,9
B965DF,255,130
B966C0,254,22
B966D6,11,16
B966D6,255,95
B968C3,254,12
B96924,255,273
B969B1,255,87
B969D7,254,21
B96BDA,254,36
B96C6F,11,27
B96C6F,255,185
B96CD9,255,151
B96CDD,254,16
B96D87,255,74
B96DB9,254,12
B96E81,254,27
B96F9A,255,119
B971F9,255,123
B972B6,11,8
B972B6,255,379
B972C0,0,1
B972C0,11,2
B972C0,255,366
B973B6,254,29
B97488,255,119
B974FC,254,25
B975AF,11,19
B975AF,255,502
B976F8,11,34
B976F8,255,118
B978C9,255,95
B978E3,254,5
B978E8,254,23
B97987,255,139
B97AF1,255,99
B97BD1,255,100
B97BF1,255,97
B97D6A,255,86
B97D6C,255,104
B97DCC,11,6
B97DCC,255,45
B97ED5,11,5
B97ED5,255,103
B97F71,255,95
B97F8D,255,126
B97F9D,255,179
B981B4,255,109
B981C5,254,22
B981E1,1,1
B981E1,11,17
B981E1,255,76
B982A7,11,1
B982A7,255,121
B983A9,255,205
B983F5,255,45
B984A5,11,13
B984A5,255,76
B984D7,255,200
B986F7,255,86
B98788,254,22
B987B0,255,134
B987F5,255,119
B9898E,11,9
B9898E,255,206
B98998,255,132
B98999,11,2
B98999,255,148
B989A7,255,121
B989BB,11,7
B989BB,255,152
B989BC,255,357
B98B8E,254,24
B98B9E,254,12
B98BF6,255,143
B98C69,11,22
B98C69,255,111
B98C87,255,124
B98CAC,254,21
B98CC2,11,19
B98CC2,255,383
B98D7F,255,92
B98D97,254,28
B98E72,255,88
B98EC2,255,115
B98EF0,255,113
B98F78,255,140
B990AC,255,230
B993A1,11,6
B993A1,255,122
B994D7,254,11
B994EB,255,103
B9989C,255,176
B9999C,254,26
B999A7,254,25
B99A90,255,187
B99AB6,11,11
B99AB6,255,421
B99B67,255,130
B99B77,255,91
B99BB5,254,24
B99BD7,11,9
B99BD7,255,207
B99BEC,254,22
B99BFD,255,252
B99BFE,255,217
B99C8E,255,533
B99DEA,11,3
B99DEA,255,164
B99FA5,255,116
B9A0A0,11,22
B9A0A0,255,195
B9A0CF,255,86
B9A0F2,254,24
B9A292,255,49
B9A2DC,255,290
B9A38B,254,29
B9A46E,254,21
B9A5A6,255,118
B9A79D,11,6
B9A79D,255,324
B9A80B,255,390
B9A892,255,112
B9A8D7,254,19
B9AB66,255,89
B9AB93,11,12
B9AB93,255,81
B9ABDD,255,103
B9AC65,254,24
B9ACD8,11,16
B9ACD8,255,254
B9AE52,255,217
B9AE6E,255,672
B9B06D,255,95
B9B183,255,122
B9B1BF,255,111
B9B1EE,255,184
B9B36D,255,112
B9B4AD,255,113
B9B4AE,255,94
B9B4D2,255,213
B9B567,254,13
B9B6D0,254,24
B9B721,255,366
B9B9C4,254,4
B9BAC6,255,133
B9BACF,255,132
B9BB85,255,73
B9BB8B,255,121
B9BC80,255,175
B9BCA9,254,32
B9BCB9,254,20
B9BCEF,255,70
B9BD5D,11,13
B9BD5D,255,335
B9BD80,255,66
B9BFAF,255,47
B9BFE0,254,27
B9C082,11,24
B9C082,255,468
B9C175,254,38
B9C1CE,255,102
B9C1ED,255,119
B9C2E9,254,32
B9C37C,254,3
B9C39E,254,23
B9C4C3,255,167
B9C4CB,254,36
B9C50D,11,10
B9C50D,255,581
B9C5D6,254,18
B9C779,255,309
B9C9E4,255,80
B9C9ED,255,62
B9C9EE,255,90
B9C9F0,254,27
B9CA9E,255,718
B9CAD2,254,25
B9CBAD,255,126
B9CBC2,255,117
B9CCF8,254,2911
B9CD75,255,105
B9D062,255,246
B9D3B3,255,186
B9D3C0,11,18
B9D3C0,255,93
B9D4AF,11,2
B9D4AF,255,122
B9D5CB,254,31
B9D65C,255,307
B9D6DB,11,17
B9D6DB,255,179
B9D788,254,20
B9D7A6,255,212
B9D7E4,254,24
B9D883,255,120
B9D9AA,255,363
B9DCA8,254,24
B9E0C3,255,118
B9E185,255,86
B9E3E5,11,7
B9E3E5,255,414
B9E5BF,254,34
B9E694,11,16
B9E694,255,247
B9E7F6,255,77
B9E876,255,124
B9E970,11,8
B9E970,255,156
B9E987,254,26
B9E9DB,255,777
B9EAD7,255,260
B9ECC0,254,15
B9EE8F,11,19
B9EE8F,255,184
B9EEF6,255,115
B9EF61,255,350
B9EF6A,11,2
B9EF6A,255,137
B9F090,11,29
B9F090,255,286
B9F0BF,254,11
B9F275,254,22
B9F275,255,106
B9F2D1,11,25
B9F2D1,255,155
B9F2D4,255,136
B9F2EA,11,12
B9F2EA,255,251
B9F361,255,280
B9F37F,11,12
B9F37F,255,383
B9F3E4,254,21
B9F3E9,254,34
B9F444,255,203
B9F488,254,29
B9F66B,255,113
B9F681,255,123
B9F6E7,255,165
B9F789,255,268
B9F7CC,255,141
B9F865,254,32
B9F899,255,126
B9FA09,11,4
B9FA09,255,311
B9FABD,255,77
B9FD6D,255,77
B9FDCD,254,36
B9FEE0,255,136
B9FFC3,255,518
BA01EE,11,3
BA01EE,255,78
BA05AE,254,31
BA0675,11,20
BA0675,255,86
BA07F9,254,26
BA086A,255,155
BA0AC0,0,1
BA0AC0,255,408
BA0D3E,255,259
BA0DF8,11,9
BA0DF8,255,106
BA100D,255,290
BA12CB,254,37
BA140A,255,480
BA1CA1,255,270
BA1E26,11,15
BA1E26,255,361
BA1FBA,11,15
BA1FBA,255,472
BA2121,11,9
BA2121,255,219
BA2122,11,19
BA2122,255,252
BA22E1,11,9
BA22E1,255,271
BA25E2,255,240
BA26F7,255,355
BA28B6,11,17
BA28B6,255,114
BA2917,255,327
BA299E,255,222
BA2AD2,255,91
BA2BAB,11,13
BA2BAB,255,72
BA2D79,254,27
BA2DBD,255,86
BA2E19,11,23
BA2E19,255,345
BA2F3F,11,1
BA2F3F,255,359
BA2F87,255,108
BA2FDE,255,423
BA30AB,255,242
BA3126,11,6
BA3126,255,287
BA31E6,255,133
BA32BD,254,16
BA33C0,2,1
BA33C0,11,33
BA33C0,255,231
BA3458,255,308
BA38A8,255,234
BA3F36,11,16
BA3F36,255,344
BA45BD,255,115
BA4665,255,226
BA47CA,255,104
BA47F3,255,116
BA4BF0,254,19
BA4F5B,255,249
BA59D6,255,99
BA5A8D,11,9
BA5A8D,255,172
BA629E,254,27
BA6577,254,16
BA65AE,11,13
BA65AE,255,272
BA65FE,254,21
BA6784,255,298
BA67B1,255,152
BA67CD,254,32
BA67E2,255,116
BA69B8,255,247
BA6A8E,11,19
BA6A8E,255,83
BA6AC2,255,145
BA6BB9,255,158
BA6EA8,255,236
BA6FBC,11,25
BA6FBC,255,227
BA6FC0,255,119
BA7006,11,7
BA7006,255,386
BA73B0,11,3
BA73B0,255,93
BA746F,254,25
BA7494,255,104
BA74C1,255,148
BA74CB,255,223
BA74F0,254,32
BA75B1,255,122
BA76A8,11,9
BA76A8,255,146
BA76B7,255,60
BA77DA,255,114
BA78E8,255,104
BA7940,255,373
BA798C,255,216
BA798E,255,287
BA79D3,255,109
BA7ADF,255,152
BA7BC0,255,204
BA7BEB,11,1
BA7BEB,255,139
BA7C72,255,235
BA7CF1,255,125
BA7DF4,255,95
BA7E2D,11,15
BA7E2D,255,175
BA7E2E,255,383
BA7EDF,11,14
BA7EDF,255,153
BA7EF8,255,201
BA8070,11,3
BA8070,255,273
BA8085,255,850
BA8097,11,33
BA8097,255,119
BA8280,255,137
BA82C1,255,119
BA8364,255,76
BA83A4,255,222
BA83A5,255,271
BA83D0,254,14
BA846C,255,142
BA86C8,254,16
BA87CA,254,15
BA888F,255,316
BA8897,255,117
BA89D5,255,85
BA8B85,11,3
BA8B85,255,317
BA8B8B,255,129
BA8C86,255,67
BA8CDD,255,101
BA8D7D,254,24
BA8DEC,255,198
BA8E7D,11,11
BA8E7D,255,107
BA8EE1,254,20
BA9073,254,12
BA9081,255,130
BA90F8,254,18
BA9186,254,32
BA91F1,255,154
BA937B,254,33
BA93AE,11,6
BA93AE,255,111
BA946B,255,302
BA948F,255,127
BA94D0,254,21
BA9599,255,99
BA95D4,255,274
BA96E6,255,106
BA97F3,255,97
BA9867,255,91
BA9A12,11,5
BA9A12,255,205
BA9AB6,255,95
BA9EDD,255,97
BA9F66,255,194
BAA0C8,11,13
BAA0C8,255,237
BAA2BD,11,6
BAA2BD,255,301
BAA764,255,141
BAA968,255,455
BAA97C,11,19
BAA97C,255,241
BAA996,254,27
BAA9A5,255,150
BAAB0D,255,323
BAAD88,11,17
BAAD88,255,226
BAAD97,255,119
BAADB1,254,20
BAAE6B,255,180
BAAE6D,255,102
BAAED0,255,119
BAAF65,254,15
BAAF6E,254,23
BAAFAC,11,14
BAAFAC,255,141
BAAFD7,11,6
BAAFD7,255,96
BAB07D,11,1
BAB07D,255,248
BAB0AC,254,24
BAB0E2,255,145
BAB195,11,10
BAB195,255,52
BAB1E8,254,18
BAB293,254,34
BAB39D,254,30
BAB3A3,255,143
BAB471,255,96
BAB4D4,255,83
BAB4FC,254,20
BAB684,255,200
BAB6B8,254,24
BAB6C5,254,18
BAB7A4,254,24
BAB8A9,255,110
BAB8AC,255,144
BABAFD,254,21
BABB64,255,280
BABDC8,255,100
BABEE2,254,15
BABF7A,254,36
BAC0CF,255,87
BAC173,254,14
BAC1E4,254,20
BAC28A,255,86
BAC39F,254,37
BAC499,11,5
BAC499,255,225
BAC5DC,255,157
BAC6D0,255,115
BAC6EC,255,86
BAC7A9,255,511
BAC7AF,255,351
BAC874,11,6
BAC874,255,104
BAC987,11,2
BAC987,255,73
BACAED,11,8
BACAED,255,103
BACE9D,11,8
BACE9D,255,90
BACEB0,255,128
BACED5,255,117
BAD0DB,254,19
BAD183,255,347
BAD46E,255,130
BAD481,254,31
BAD483,255,141
BAD487,254,24
BAD5E3,254,22
BAD735,255,318
BAD814,255,619
BAD8A2,255,171
BAD8A9,255,99
BAD8DF,255,224
BADBC2,11,17
BADBC2,255,287
BADBD2,255,136
BAE085,255,170
BAE0C6,11,6
BAE0C6,255,216
BAE2A2,255,111
BAE2DD,255,111
BAE2F3,255,68
BAE3F0,255,133
BAE494,254,29
BAE4E1,255,85
BAE54C,11,11
BAE54C,255,400
BAE56A,255,123
BAE5E6,255,92
BAE69E,255,113
BAE6E3,254,9
BAE6E9,11,7
BAE6E9,255,170
BAE77E,255,134
BAE8BE,11,14
BAE8BE,255,160
BAE966,11,12
BAE966,255,204
BAED31,11,10
BAED31,255,203
BAED89,254,25
BAEDF0,254,14
BAEEE0,255,133
BAEF71,255,123
BAEFA3,255,181
BAF08A,255,52
BAF129,255,415
BAF1B7,255,316
BAF2AE,255,106
BAF2DE,255,130
BAF2F3,255,74
BAF2FE,255,168
BAF3C5,11,23
BAF3C5,255,109
BAF4A3,255,381
BAF4B2,254,24
BAF57F,254,26
BAF5D8,11,3
BAF5D8,255,105
BAF6AA,255,153
BAF8B2,255,482
BAF8D9,11,11
BAF8D9,255,64
BAF9C2,255,171
BAF9E0,255,113
BAFAD9,255,197
BAFB66,255,91
BAFB9E,255,345
BAFEA4,254,30
BAFEFB,254,25
BB02F8,255,366
BB02F9,255,991
BB0496,255,320
BB04FC,11,26
BB04FC,255,160
BB08C9,255,170
BB0D38,11,23
BB0D38,255,373
BB0F2A,11,33
BB0F2A,255,284
BB11A3,11,2
BB11A3,255,227
BB1396,255,302
BB193F,255,806
BB1999,255,289
BB1BB7,0,1
BB1BB7,11,28
BB1BB7,255,267
BB1F55,255,474
BB20F8,255,197
BB2543,11,3
BB2543,255,348
BB2620,255,509
BB267A,255,232
BB2692,11,32
BB2692,255,302
BB2795,255,388
BB2F04,255,334
BB36F4,255,98
BB3AB0,255,352
BB3BD2,254,27
BB3EBB,255,259
BB40B2,255,239
BB41A1,255,55
BB4270,254,14
BB4427,255,1029
BB448F,254,18
BB4ADC,11,14
BB4ADC,254,1
BB4ADC,255,146
BB4ADD,1,1
BB4ADD,11,40
BB4ADD,255,338
BB4B59,11,18
BB4B59,255,206
BB4B5A,255,268
BB4CE5,255,328
BB507A,255,115
BB52D9,11,4
BB52D9,255,131
BB5376,254,25
BB58E2,11,4
BB58E2,255,212
BB590D,11,11
BB590D,255,178
BB590E,255,336
BB59F2,254,27
BB5BC4,255,290
BB6194,254,25
BB6492,255,142
BB659B,255,191
BB65EB,255,94
BB664D,11,8
BB664D,255,246
BB6786,255,132
BB67C7,254,29
BB67CE,255,113
BB67DC,254,19
BB68CE,254,30
BB68E3,255,181
BB6971,11,1
BB6971,255,198
BB69A5,11,5
BB69A5,255,166
BB69CC,255,96
BB69F2,254,21
BB6AA3,255,247
BB6C76,11,1
BB6C76,255,199
BB6CB6,255,689
BB6CB7,11,8
BB6CB7,255,349
BB6DE8,255,167
BB6E79,11,4
BB6E79,255,217
BB6F77,255,108
BB6F8E,255,97
BB719E,255,139
BB71F0,255,168
BB72B9,254,15
BB7433,255,149
BB7486,255,107
BB7569,255,136
BB75C2,255,66
BB75C9,254,27
BB7678,255,118
BB7689,255,121
BB76E2,255,427
BB76EA,254,24
BB78B0,255,119
BB79C3,255,122
BB7AF4,255,207
BB7B68,11,1
BB7B68,255,90
BB7B6E,255,68
BB7BA6,255,214
BB7BE5,255,94
BB7D8F,11,4
BB7D8F,255,131
BB82FB,11,8
BB82FB,255,351
BB83D6,255,114
BB84A4,255,88
BB84CA,255,99
BB84E9,11,12
BB84E9,255,86
BB853E,11,3
BB853E,255,336
BB85D6,255,194
BB8773,254,24
BB8785,255,188
BB88A8,11,11
BB88A8,255,423
BB897B,11,13
BB897B,255,184
BB8987,11,9
BB8987,255,88
BB89FC,255,151
BB8A76,255,95
BB8B7A,254,27
BB8CA6,255,119
BB8CB6,255,643
BB8DAE,254,22
BB8DD4,254,28
BB8E66,255,215
BB8EB6,254,23
BB8FD9,254,19
BB90BE,11,14
BB90BE,255,266
BB90CD,255,125
BB9197,255,357
BB91F9,255,125
BB91FE,11,10
BB91FE,255,269
BB927E,255,140
BB938A,255,106
BB94A9,255,69
BB94F2,254,25
BB95B1,255,71
BB96C9,11,8
BB96C9,255,343
BB96E2,2,1
BB96E2,11,15
BB96E2,255,108
BB97BF,254,19
BB98C2,254,24
BB9AB3,255,360
BB9B7B,254,28
BB9BD2,254,24
BB9CDA,255,231
BB9D58,255,262
BB9DCB,255,245
BB9DCD,255,155
BB9E6C,11,13
BB9E6C,255,376
BB9FF3,11,5
BB9FF3,255,91
BBA0BA,255,273
BBA170,254,26
BBA195,11,19
BBA195,255,138
BBA1C1,255,77
BBA27E,254,27
BBA2B3,255,88
BBA2C5,254,17
BBA3F0,254,23
BBA46B,255,125
BBA4CB,255,112
BBA4E6,255,106
BBA5ED,11,22
BBA5ED,255,285
BBA6A2,255,213
BBA777,11,23
BBA777,255,100
BBA7E3,255,125
BBA9B9,254,41
BBACA6,255,115
BBAD9A,255,281
BBAD9E,255,98
BBADAE,254,37
BBAE42,11,6
BBAE42,255,401
BBAECD,255,127
BBAEF4,255,87
BBAEFE,11,13
BBAEFE,255,133
BBB053,11,11
BBB053,255,351
BBB26E,254,18
BBB277,11,5
BBB277,255,135
BBB384,11,18
BBB384,255,180
BBB3D5,0,1
BBB3D5,255,509
BBB67C,11,26
BBB67C,255,328
BBB67D,254,19
BBB880,255,233
BBB9AC,255,194
BBBA8F,255,202
BBBAC1,11,1
BBBAC1,255,125
BBBB7A,255,104
BBBB7F,255,225
BBBBB3,255,108
BBBBB6,255,66
BBBD65,255,118
BBBDA2,255,106
BBBDF0,255,79
BBBEB5,255,97
BBBF7A,11,7
BBBF7A,255,335
BBC0A0,255,148
BBC18F,254,22
BBC1DC,255,82
BBC1E0,254,36
BBC26F,255,96
BBC276,11,11
BBC276,255,384
BBC3E2,11,11
BBC3E2,255,82
BBC58B,11,6
BBC58B,255,210
BBC58C,254,27
BBC629,255,351
BBC7AC,254,33
BBC7B7,255,231
BBC7E2,255,89
BBC8C5,255,183
BBCB63,11,42
BBCB63,255,464
BBCB9B,11,26
BBCB9B,255,281
BBCBE8,254,20
BBCCD3,11,2
BBCCD3,255,102
BBCCED,11,8
BBCCED,255,39
BBCD4D,11,15
BBCD4D,255,175
BBCD75,11,7
BBCD75,255,224
BBCDE4,255,75
BBCE71,254,27
BBCEBF,255,130
BBCF0E,255,280
BBD043,11,13
BBD043,255,466
BBD1F5,255,108
BBD48C,255,149
BBD4B9,255,199
BBD4BE,254,23
BBD4C3,255,111
BBD5CF,255,120
BBD68E,255,217
BBD69B,254,32
BBD6F7,255,55
BBD7D6,255,119
BBD86F,255,83
BBD88E,255,83
BBD8C1,255,223
BBD8EC,255,89
BBDA66,255,151
BBDB72,254,24
BBDC76,11,19
BBDC76,255,129
BBDCA2,11,6
BBDCA2,255,120
BBDCAC,255,149
BBDCBD,255,136
BBDCFD,11,10
BBDCFD,255,144
BBDEDC,11,10
BBDEDC,255,109
BBDEE7,254,27
BBDF6C,255,94
BBDF96,254,32
BBDFEC,255,143
BBE0F6,255,66
BBE35D,11,49
BBE35D,255,678
BBE38F,255,78
BBE48E,255,275
BBE4B9,255,87
BBE5AD,254,29
BBE6A0,255,133
BBE8A2,254,37
BBE8F1,11,12
BBE8F1,255,59
BBE9ED,2,1
BBE9ED,11,44
BBE9ED,255,269
BBEA84,254,18
BBEAD2,255,95
BBEAD4,11,35
BBEAD4,255,439
BBEB66,255,117
BBEB7B,254,34
BBED83,254,28
BBEDDA,255,135
BBEDF7,11,5
BBEDF7,255,398
BBEE87,1,1
BBEE87,11,19
BBEE87,255,107
BBEEEF,255,198
BBEFE7,0,1
BBEFE7,11,13
BBEFE7,255,281
BBF00B,255,374
BBF196,255,129
BBF252,11,12
BBF252,255,297
BBF2A2,255,243
BBF2EC,254,19
BBF470,254,28
BBF4A4,254,21
BBF51F,255,358
BBF5D6,255,202
BBF8AA,255,198
BBF8D1,11,2
BBF8D1,255,90
BBF978,11,9
BBF978,255,84
BBF9A5,11,30
BBF9A5,255,144
BBF9D4,255,135
BBFAC9,255,100
BBFBA5,11,2
BBFBA5,255,182
BBFBA9,255,128
BBFC9E,255,97
BBFDA8,255,111
BBFE7D,255,152
BC0269,255,122
BC08E9,255,162
BC0D7A,255,388
BC1213,11,3
BC1213,255,327
BC13F2,11,19
BC13F2,255,189
BC1776,11,5
BC1776,255,315
BC17B0,11,7
BC17B0,255,122
BC1878,254,18
BC1931,11,9
BC1931,255,415
BC1EBB,255,519
BC2060,255,292
BC227B,255,129
BC229B,254,27
BC26BB,255,106
BC27F6,255,168
BC28B5,255,53
BC2A72,254,25
BC2B40,255,264
BC2FFC,255,109
BC3433,255,272
BC3434,11,10
BC3434,255,288
BC350B,255,343
BC3703,11,18
BC3703,255,171
BC3711,11,22
BC3711,255,415
BC37AE,11,5
BC37AE,255,173
BC38F6,11,16
BC38F6,255,43
BC408B,255,149
BC418D,255,166
BC457B,254,33
BC48E7,255,126
BC49DE,255,290
BC4AE3,254,23
BC4DD1,255,73
BC4FE7,1,1
BC4FE7,11,8
BC4FE7,255,263
BC4FE8,255,272
BC5210,11,42
BC5210,255,253
BC54A1,254,9
BC5A6E,255,180
BC5EBF,254,23
BC6134,255,289
BC61EC,255,313
BC628F,11,5
BC628F,255,86
BC6293,11,9
BC6293,255,239
BC648A,254,25
BC64B2,254,22
BC64F6,254,27
BC6570,11,10
BC6570,255,139
BC66BA,254,39
BC676D,255,211
BC67A9,255,92
BC67D1,255,162
BC67E4,11,7
BC67E4,255,405
BC688A,255,174
BC68F9,255,459
BC69F6,255,166
BC69FC,11,9
BC69FC,255,230
BC6A6A,255,88
BC6AB2,254,30
BC6ADE,11,22
BC6ADE,255,449
BC6BA1,11,3
BC6BA1,255,129
BC6BB5,255,141
BC6CD7,255,335
BC6D94,255,117
BC6E78,254,23
BC6EF5,254,23
BC6F79,255,91
BC6FEF,255,115
BC7115,255,461
BC71E3,11,2
BC71E3,255,91
BC7279,11,17
BC7279,255,376
BC7298,255,119
BC72D5,255,96
BC73CA,254,19
BC7400,255,368
BC74D3,254,24
BC75C6,255,262
BC76AA,255,185
BC7700,11,18
BC7700,255,246
BC77B5,254,21
BC78D5,254,27
BC79D5,254,29
BC7B6B,255,215
BC7B74,255,82
BC7BA4,11,30
BC7BA4,254,30
BC7BA4,255,127
BC7BB2,255,379
BC7CDB,11,17
BC7CDB,255,448
BC7D82,11,9
BC7D82,255,104
BC7E70,11,13
BC7E70,255,371
BC7EDF,255,79
BC8097,255,88
BC80C8,255,127
BC81CB,11,18
BC81CB,255,131
BC8286,254,24
BC828D,254,21
BC85CE,255,90
BC8688,255,350
BC8701,255,213
BC8764,11,14
BC8764,255,87
BC8766,255,88
BC87CC,255,614
BC88A4,255,128
BC8936,255,251
BC899E,255,93
BC8AC7,255,286
BC8AFD,254,32
BC8BA1,254,14
BC8BC4,255,97
BC8C80,11,13
BC8C80,255,151
BC8C8E,11,3
BC8C8E,255,95
BC90F8,255,138
BC91A0,255,78
BC91F7,254,33
BC92DC,255,125
BC95F9,255,68
BC96AC,11,9
BC96AC,255,122
BC96DD,11,11
BC96DD,255,171
BC96E5,11,23
BC96E5,255,480
BC9784,255,119
BC98DC,11,8
BC98DC,255,181
BC98DE,11,14
BC98DE,255,262
BC9979,255,205
BC9A95,255,235
BC9AC9,255,111
BC9AE2,255,234
BC9AF5,255,131
BC9C7D,254,23
BC9CA3,255,79
BC9DCC,11,13
BC9DCC,255,134
BC9E85,255,186
BC9ECD,11,11
BC9ECD,255,200
BC9ECE,255,193
BC9EF3,1,1
BC9EF3,11,46
BC9EF3,255,416
BC9F6B,255,57
BC9FB2,255,174
BC9FE0,11,11
BC9FE0,255,567
BCA184,255,191
BCA2B9,255,58
BCA390,254,36
BCA3BF,255,138
BCA3EB,11,27
BCA3EB,255,269
BCA4F8,254,4
BCA4F8,255,81
BCA5D0,11,11
BCA5D0,255,243
BCA5E1,255,92
BCA5E4,11,2
BCA5E4,255,382
BCA632,11,36
BCA632,255,378
BCA674,254,6
BCA68D,255,212
BCA68E,1,1
BCA68E,11,30
BCA68E,255,312
BCA6AA,255,204
BCA6C2,255,197
BCA7DB,255,94
BCA8CE,255,52
BCA8E5,255,116
BCAABB,11,21
BCAABB,255,120
BCAB9C,255,72
BCABE8,255,294
BCADAF,255,115
BCADEA,255,158
BCAEF3,255,111
BCAFFA,255,117
BCB087,255,95
BCB0A7,11,15
BCB0A7,255,157
BCB0EE,11,8
BCB0EE,255,420
BCB277,255,349
BCB2B3,255,90
BCB3DB,11,1
BCB3DB,255,86
BCB46C,255,119
BCB496,254,1
BCB496,255,226
BCB4A8,255,91
BCB5A2,255,153
BCB5C4,11,33
BCB5C4,255,527
BCB5D6,11,5
BCB5D6,255,297
BCB69F,255,110
BCB6BC,254,31
BCB6D1,254,24
BCB779,254,25
BCB79E,11,11
BCB79E,255,103
BCB88F,254,23
BCB8D3,255,86
BCBBA2,254,17
BCBCE1,255,150
BCBE6A,11,15
BCBE6A,255,106
BCBE8C,254,41
BCBECD,254,32
BCBF94,255,225
BCC0D3,254,43
BCC0F6,254,25
BCC188,2,1
BCC188,11,12
BCC188,255,52
BCC1E4,11,8
BCC1E4,255,92
BCC287,255,94
BCC3B5,255,132
BCC496,255,98
BCC4B4,255,152
BCC4BA,11,12
BCC4BA,255,155
BCC4F7,254,27
BCC599,254,25
BCC5D1,1,1
BCC5D1,11,17
BCC5D1,255,110
BCC6A4,254,19
BCC6A4,255,272
BCC7F7,254,20
BCC88F,254,10
BCCA8A,255,89
BCCAD5,255,157
BCCB78,255,73
BCCB94,254,27
BCCBD7,254,22
BCCCB3,255,269
BCCD07,254,1
BCCD07,255,226
BCCD08,255,176
BCCDAD,254,29
BCCEC5,255,117
BCCFFD,11,10
BCCFFD,255,121
BCD0EB,255,636
BCD1A1,254,32
BCD1B4,254,39
BCD258,255,216
BCD3C3,254,11
BCD3FD,254,25
BCD4DB,254,24
BCD5AE,255,166
BCD5F1,254,27
BCD664,255,88
BCD6AD,255,122
BCD6EB,255,155
BCD6ED,11,5
BCD6ED,255,184
BCD770,255,175
BCD7D5,254,24
BCD834,255,345
BCD885,255,80
BCD8F8,255,82
BCD9B0,254,19
BCD9FB,255,74
BCDA64,255,413
BCDC7D,255,227
BCDDC6,11,3
BCDDC6,255,74
BCDDF6,255,147
BCDE68,254,20
BCDE6E,255,82
BCDE9F,255,221
BCDFAE,11,8
BCDFAE,255,91
BCE0FE,255,172
BCE1DA,11,2
BCE1DA,255,104
BCE298,254,25
BCE3C8,255,215
BCE3DA,255,154
BCE3DC,254,29
BCE49E,254,28
BCE4B8,255,55
BCE590,254,16
BCE5AD,254,38
BCE6D1,11,5
BCE6D1,255,200
BCE7BD,254,19
BCEA68,11,10
BCEA68,255,120
BCEA93,11,9
BCEA93,255,382
BCEAB0,11,9
BCEAB0,255,247
BCEDE6,11,18
BCEDE6,255,310
BCEEB4,255,103
BCEF6D,255,221
BCEFF8,254,28
BCF0C7,254,13
BCF0D3,254,20
BCF107,255,313
BCF1AF,255,306
BCF1DD,255,133
BCF2FB,255,158
BCF36C,255,114
BCF3A3,255,152
BCF5AE,254,28
BCF5EC,254,23
BCF7A3,255,115
BCF7D4,255,99
BCF835,11,21
BCF835,255,246
BCF8A7,255,332
BCF95E,255,419
BCF9C2,254,21
BCF9E5,11,8
BCF9E5,255,91
BCFAEF,11,4
BCFAEF,255,136
BCFBB8,255,109
BCFD8E,11,7
BCFD8E,255,115
BCFEB5,255,107
BD00FC,255,1287
BD0221,255,345
BD029C,255,259
BD03B2,255,135
BD04AA,11,36
BD04AA,255,299
BD04CE,255,172
BD07CA,255,178
BD0882,254,19
BD0C90,11,13
BD0C90,255,288
BD0F8A,255,153
BD13B1,255,222
BD16A6,11,10
BD16A6,255,202
BD1B44,11,7
BD1B44,255,397
BD1BE7,11,5
BD1BE7,255,98
BD1EB7,255,158
BD22D1,254,23
BD2318,255,300
BD23DD,255,470
BD2765,255,178
BD2C52,255,671
BD2DCF,255,256
BD2F9F,254,27
BD2FE1,255,342
BD2FE9,255,266
BD32B6,255,220
BD338D,255,363
BD3580,255,121
BD360C,11,13
BD360C,255,240
BD36DF,255,94
BD3A82,255,205
BD3B0E,11,12
BD3B0E,255,217
BD3B68,255,81
BD3CF6,11,23
BD3CF6,255,193
BD3DD9,255,393
BD3DDA,255,193
BD3E1F,255,102
BD3F20,255,300
BD40CF,255,132
BD41A3,255,82
BD48BA,255,251
BD4F8F,255,263
BD5E8D,255,142
BD62EB,11,3
BD62EB,255,134
BD634B,11,16
BD634B,255,301
BD647F,11,18
BD647F,255,111
BD6504,11,14
BD6504,255,450
BD659F,254,33
BD65E4,254,22
BD6685,255,66
BD679A,254,36
BD67EF,255,518
BD68A0,254,30
BD68C4,11,42
BD68C4,255,471
BD6963,11,3
BD6963,255,381
BD69F7,255,42
BD6AF3,255,65
BD6B34,11,5
BD6B34,255,505
BD6BF7,255,246
BD6C93,11,4
BD6C93,255,121
BD6CB0,255,150
BD6F6F,255,49
BD7064,254,23
BD7080,254,32
BD70E1,255,68
BD71EB,254,19
BD72EA,11,14
BD72EA,255,162
BD72F6,254,16
BD7399,255,144
BD757E,255,103
BD766C,254,26
BD766E,11,14
BD766E,255,262
BD76A5,255,158
BD76C0,255,91
BD777C,255,118
BD7982,254,19
BD79D4,254,43
BD79F9,254,14
BD7A79,255,100
BD7AA7,255,341
BD7BFC,255,127
BD7C64,11,5
BD7C64,255,59
BD7D81,254,16
BD7DA0,255,234
BD7DAE,254,25
BD7DDF,254,29
BD7DE9,255,119
BD7DF3,255,258
BD7F77,2,1
BD7F77,11,14
BD7F77,255,122
BD7FA9,255,250
BD7FED,11,7
BD7FED,255,76
BD81C0,254,21
BD8271,11,8
BD8271,255,202
BD85E9,254,24
BD8785,255,117
BD8892,254,1
BD8892,255,195
BD88F5,255,217
BD8A68,255,108
BD8A6C,0,1
BD8A6C,11,13
BD8A6C,255,242
BD8BE5,254,17
BD8DDD,254,18
BD8DFE,11,8
BD8DFE,255,285
BD8E11,11,22
BD8E11,255,565
BD8E9C,11,3
BD8E9C,255,183
BD8EA7,254,13
BD8EDB,254,24
BD8F8B,11,11
BD8F8B,255,114
BD9068,254,29
BD90E7,255,97
BD92AC,255,232
BD9583,255,264
BD95B2,255,133
BD95DB,254,20
BD99DD,254,26
BD99E7,254,25
BD9A8D,255,81
BD9A9B,255,124
BD9AB8,255,165
BD9ACF,255,119
BD9BE4,255,107
BD9CC6,255,296
BD9DCD,11,5
BD9DCD,255,236
BD9DDB,254,27
BD9EF8,254,23
BDA07F,11,12
BDA07F,255,105
BDA219,11,45
BDA219,255,600
BDA2C8,11,11
BDA2C8,255,110
BDA576,255,79
BDA5DE,255,207
BDA690,11,9
BDA690,255,157
BDA6EF,254,27
BDA7BC,255,225
BDA89A,255,50
BDA8C3,254,24
BDAA07,11,5
BDAA07,255,317
BDAA87,254,26
BDAAFB,255,269
BDABE1,255,318
BDACF1,255,216
BDADC9,254,33
BDAE94,11,18
BDAE94,255,325
BDAFBA,255,107
BDB1CF,254,29
BDB324,11,15
BDB324,255,769
BDB3DE,255,125
BDB450,11,29
BDB450,254,4
BDB450,255,204
BDB451,11,24
BDB451,255,363
BDB47B,255,107
BDB4C1,255,91
BDB5F8,11,16
BDB5F8,255,77
BDB6A0,254,29
BDB6FC,255,158
BDB77E,11,9
BDB77E,255,129
BDB8FE,255,167
BDB997,255,175
BDB9C7,254,27
BDBB71,254,19
BDBBC4,255,166
BDBCD0,255,175
BDBD49,11,16
BDBD49,255,457
BDBED5,254,21
BDBF67,255,100
BDBF6F,255,97
BDBFAD,255,401
BDC18F,255,574
BDC285,1,1
BDC285,11,23
BDC285,255,108
BDC29C,255,110
BDC2B6,255,229
BDC3C2,255,98
BDC4CC,254,27
BDC4EA,254,28
BDC6B4,255,94
BDC71B,11,13
BDC71B,255,145
BDC9CC,255,81
BDCABC,255,101
BDCAE1,255,103
BDCCE1,254,31
BDCE96,255,147
BDCEDA,255,104
BDCEE3,255,54
BDCEFC,255,167
BDCF9F,254,25
BDD06E,11,15
BDD06E,255,380
BDD117,255,284
BDD197,0,1
BDD197,11,22
BDD197,255,273
BDD198,255,25
BDD1AB,254,21
BDD488,11,4
BDD488,255,88
BDD49E,255,418
BDD4A6,254,24
BDD4BB,255,160
BDD4C7,255,88
BDD5AB,255,126
BDD5AF,255,129
BDD5E9,254,15
BDD68A,11,1
BDD68A,255,140
BDD7A1,255,110
BDD7A9,255,285
BDD7F3,11,17
BDD7F3,255,514
BDD973,254,33
BDD987,11,11
BDD987,255,113
BDDA94,254,29
BDDAAC,255,364
BDDAD1,255,89
BDDC70,255,116
BDDCFB,254,22
BDDE74,254,25
BDDE91,11,20
BDDE91,255,103
BDDEA0,254,11
BDDEAA,255,87
BDDF70,11,5
BDDF70,255,253
BDDF85,255,106
BDDFDD,255,120
BDE022,255,460
BDE070,11,2
BDE070,255,233
BDE3DD,255,125
BDE497,254,24
BDE4B5,255,199
BDE4BA,255,84
BDE599,254,27
BDE5C9,254,31
BDE8BC,255,167
BDE8D0,11,17
BDE8D0,255,420
BDE8E2,255,155
BDEA6A,255,111
BDEAB2,11,5
BDEAB2,255,277
BDEAFE,255,301
BDEB02,2,1
BDEB02,11,19
BDEB02,255,302
BDEB6B,254,29
BDEB99,254,38
BDEBEF,255,411
BDEC0D,11,9
BDEC0D,255,314
BDECB0,255,143
BDED7A,254,28
BDED8C,255,66
BDEE64,255,134
BDEE9C,11,6
BDEE9C,255,411
BDEEC5,254,17
BDEF78,2,1
BDEF78,11,22
BDEF78,255,124
BDEFAC,11,15
BDEFAC,255,203
BDF0EE,254,30
BDF0FA,11,17
BDF0FA,255,506
BDF1DE,254,24
BDF1E4,254,25
BDF1FB,254,7
BDF1FB,255,189
BDF582,254,31
BDF597,254,25
BDF69C,11,4
BDF69C,255,101
BDF782,254,28
BDF7C2,255,283
BDF7FC,254,34
BDF871,254,21
BDF8D6,255,136
BDF928,255,275
BDF97B,11,10
BDF97B,255,124
BDF9D8,11,13
BDF9D8,254,1
BDF9D8,255,152
BDF9E5,11,9
BDF9E5,255,209
BDFB83,255,167
BDFC68,254,18
BDFC74,254,35
BDFCF3,255,126
BDFEB6,11,9
BDFEB6,255,196
BE04CF,255,138
BE04DA,255,394
BE065C,11,46
BE065C,255,474
BE0761,11,4
BE0761,255,283
BE0865,254,25
BE09CE,11,6
BE09CE,255,203
BE0A7E,255,105
BE0B70,11,38
BE0B70,255,314
BE0DD9,11,6
BE0DD9,255,122
BE0EC4,11,21
BE0EC4,255,272
BE0EEC,255,99
BE15BB,255,132
BE163D,255,344
BE1994,255,218
BE199F,254,22
BE1C24,255,390
BE1CCB,255,392
BE1F5E,11,32
BE1F5E,255,452
BE236D,255,132
BE2A61,11,28
BE2A61,255,295
BE2ADD,11,20
BE2ADD,255,252
BE2C71,11,1
BE2C71,255,215
BE32BA,255,128
BE33B6,255,389
BE36B1,254,1
BE36B1,255,15
BE37C0,11,1
BE37C0,255,110
BE3EAD,11,4
BE3EAD,255,291
BE41E6,254,16
BE4499,255,493
BE4DB5,255,117
BE4F1D,11,35
BE4F1D,255,336
BE5283,255,65
BE52E3,255,646
BE53B1,11,1
BE53B1,255,119
BE55FC,255,232
BE586B,11,4
BE586B,255,369
BE5968,255,106
BE59D3,11,13
BE59D3,255,74
BE6166,11,14
BE6166,255,234
BE61D4,255,273
BE65CB,255,128
BE669C,255,356
BE695A,11,8
BE695A,255,307
BE696E,255,141
BE6976,255,101
BE69E5,254,23
BE6A7C,255,84
BE6A8B,11,2
BE6A8B,255,191
BE6ABF,255,45
BE6C82,254,25
BE6CD9,11,12
BE6CD9,255,406
BE6CF6,255,79
BE6E96,11,18
BE6E96,255,82
BE6ED4,255,160
BE6EE3,11,1
BE6EE3,255,70
BE6F8B,254,36
BE6FB6,255,135
BE7087,255,262
BE7090,11,6
BE7090,255,405
BE7101,255,300
BE72F6,254,25
BE749B,255,106
BE7618,255,274
BE769D,255,328
BE779B,11,10
BE779B,254,25
BE779B,255,154
BE7A6A,254,23
BE7ADF,11,19
BE7ADF,255,81
BE7D4E,11,10
BE7D4E,255,195
BE7D4F,255,367
BE7D72,255,221
BE7FA9,255,75
BE816C,255,140
BE8180,11,13
BE8180,255,214
BE827B,254,25
BE828E,11,11
BE828E,255,83
BE82C4,254,20
BE860C,255,298
BE879A,255,266
BE87DC,255,88
BE888A,255,106
BE888E,254,36
BE89B3,255,86
BE8AB2,255,87
BE8B7C,255,270
BE8C88,255,128
BE8DA5,255,116
BE8DBF,255,260
BE8DEA,11,12
BE8DEA,255,259
BE8EB3,255,131
BE8EB6,255,131
BE8EC4,255,176
BE8F81,11,2
BE8F81,255,128
BE90BE,255,194
BE90C0,11,5
BE90C0,255,120
BE90EF,11,8
BE90EF,255,310
BE9191,255,87
BE919E,11,5
BE919E,255,71
BE91CF,254,25
BE92C7,11,4
BE92C7,255,140
BE93F8,255,135
BE9591,254,34
BE96ED,255,401
BE975D,11,2
BE975D,255,500
BE97FA,255,110
BE98DC,255,101
BE9A1E,255,278
BE9A72,255,159
BE9AAD,11,18
BE9AAD,255,87
BE9AB7,11,16
BE9AB7,255,290
BE9B6C,255,176
BE9BCA,11,3
BE9BCA,255,232
BE9CC9,254,41
BE9CE3,254,13
BE9D77,255,139
BE9DDC,11,6
BE9DDC,255,108
BE9EA2,255,227
BE9F69,255,93
BE9F80,255,28
BE9FCA,255,164
BEA169,255,49
BEA175,254,24
BEA183,11,5
BEA183,255,173
BEA1B1,255,119
BEA2EB,255,291
BEA3BE,255,90
BEA3F0,255,118
BEA4F0,254,24
BEA5B9,254,27
BEA6B1,11,25
BEA6B1,255,477
BEA78A,255,176
BEA7E5,254,2
BEA977,11,2
BEA977,255,202
BEA9B1,255,151
BEA9E5,255,79
BEAA9A,254,23
BEACB6,255,113
BEACBF,11,7
BEACBF,255,256
BEAE7B,11,6
BEAE7B,255,45
BEAED4,255,73
BEB17B,11,13
BEB17B,255,165
BEB286,11,10
BEB286,255,335
BEB354,11,7
BEB354,255,389
BEB388,255,108
BEB3B9,255,81
BEB4DB,254,20
BEB58F,254,30
BEB5C0,255,116
BEB88D,255,269
BEB88E,255,258
BEB8BB,255,108
BEB973,255,143
BEB98F,255,138
BEB9AE,255,127
BEBAEE,255,133
BEBB70,11,30
BEBB70,255,138
BEBC67,1,1
BEBC67,11,17
BEBC67,255,150
BEBD8C,255,111
BEBEB0,11,3
BEBEB0,255,133
BEC077,255,83
BEC0D2,254,33
BEC2B8,11,11
BEC2B8,255,115
BEC2D5,255,427
BEC309,11,27
BEC309,255,471
BEC464,254,27
BEC47D,255,320
BEC4AF,255,101
BEC4DE,255,131
BEC587,255,199
BEC5D2,254,26
BEC5E3,254,23
BEC5E4,255,149
BEC642,255,509
BEC68D,254,19
BEC693,255,69
BEC7BC,255,124
BEC8AB,255,226
BECA77,11,12
BECA77,255,108
BECAAF,255,117
BECAB4,254,15
BECC4D,2,1
BECC4D,11,19
BECC4D,255,831
BECDBE,255,109
BECDC8,254,26
BECDD8,254,24
BED195,255,100
BED1CA,11,24
BED1CA,255,126
BED2C1,255,74
BED2D6,255,164
BED2DE,254,30
BED2F9,255,96
BED365,255,127
BED37C,255,364
BED3F6,254,18
BED4E8,254,32
BED5B9,255,290
BED5E9,255,125
BED7B9,11,5
BED7B9,255,122
BED7C7,255,128
BED7CC,255,142
BED800,255,594
BED8A4,254,25
BED98C,255,182
BED9BD,255,150
BEDA8B,11,5
BEDA8B,255,161
BEDAA4,254,26
BEDCD9,11,24
BEDCD9,255,390
BEE0D5,255,187
BEE0F0,11,12
BEE0F0,255,198
BEE279,11,11
BEE279,255,287
BEE2E9,255,190
BEE491,255,252
BEE4D0,254,34
BEE4FB,11,9
BEE4FB,255,118
BEE598,11,4
BEE598,255,543
BEE5EE,255,365
BEE6AF,255,166
BEE7CF,254,27
BEE7E0,255,69
BEE86D,255,131
BEE8E8,255,102
BEEB31,255,333
BEECB3,255,97
BEEF9C,254,24
BEEFE9,254,1
BEEFE9,255,259
BEF045,11,16
BEF045,254,1
BEF045,255,187
BEF046,11,10
BEF046,255,292
BEF277,254,30
BEF2FD,11,18
BEF2FD,255,401
BEF3C5,255,222
BEF5DE,254,1
BEF5DE,255,291
BEF6BA,255,96
BEF885,255,116
BEF9B0,254,7
BEFCE1,11,10
BEFCE1,255,195
BEFCFE,11,13
BEFCFE,255,113
BEFD57,11,13
BEFD57,255,319
BEFD85,11,14
BEFD85,255,331
BEFDE4,255,202
BEFE78,255,96
BF04B2,11,10
BF04B2,255,327
BF06A9,255,85
BF116D,255,393
BF1180,255,89
BF146E,254,18
BF156E,254,21
BF18B4,0,1
BF18B4,11,7
BF18B4,255,123
BF19C3,254,34
BF19C4,255,148
BF1A6C,11,1
BF1A6C,255,141
BF1B10,255,257
BF1E74,254,34
BF200D,255,269
BF2252,11,22
BF2252,255,734
BF26FB,11,26
BF26FB,255,156
BF2803,255,122
BF286E,254,26
BF2B66,11,35
BF2B66,255,518
BF2CCA,255,38
BF2D43,11,13
BF2D43,255,330
BF2D6B,11,11
BF2D6B,255,286
BF307A,254,3
BF307A,255,145
BF307B,255,222
BF307C,255,275
BF330A,255,472
BF3390,254,24
BF3477,11,13
BF3477,255,128
BF3535,255,504
BF39AB,255,232
BF3A99,254,20
BF3DD6,11,9
BF3DD6,255,268
BF3DF2,254,15
BF4411,11,25
BF4411,255,271
BF4412,1,1
BF4412,11,14
BF4412,255,375
BF4D6D,254,34
BF4DD4,1,1
BF4DD4,11,18
BF4DD4,255,272
BF4F3B,255,666
BF4F9F,255,203
BF4FA0,11,12
BF4FA0,255,172
BF528B,255,126
BF53AB,255,140
BF55FD,254,36
BF56F5,255,89
BF5763,255,286
BF59EF,254,21
BF59F2,254,32
BF59FF,11,11
BF59FF,255,187
BF5A00,255,397
BF5E88,11,17
BF5E88,255,290
BF5F84,255,122
BF6287,255,127
BF63AA,254,33
BF647E,11,14
BF647E,255,305
BF647F,254,4
BF647F,255,141
BF64A9,254,20
BF64C8,255,232
BF64D1,11,39
BF64D1,255,273
BF64F9,255,129
BF65A6,255,120
BF65CD,255,128
BF65ED,255,117
BF6774,11,15
BF6774,255,386
BF67B1,254,27
BF67D4,254,22
BF67DC,254,18
BF685B,11,36
BF685B,255,491
BF68C0,255,119
BF6912,11,19
BF6912,255,258
BF6981,255,96
BF69F1,254,29
BF6AA4,11,10
BF6AA4,255,79
BF6B6F,11,8
BF6B6F,255,472
BF6BE9,254,20
BF6D64,255,217
BF6DCB,255,98
BF6E89,255,135
BF73B7,255,332
BF7581,11,2
BF7581,255,133
BF75E1,254,31
BF766C,255,107
BF7680,11,21
BF7680,255,293
BF769E,254,23
BF7783,254,27
BF77DF,255,97
BF77EF,11,6
BF77EF,255,99
BF79E5,255,132
BF7A57,11,14
BF7A57,255,288
BF7B5B,255,277
BF7D86,254,22
BF7D99,255,85
BF7EAD,255,77
BF80F3,255,89
BF8184,11,3
BF8184,255,131
BF81D9,255,346
BF846E,255,106
BF8696,254,12
BF86EB,255,156
BF87BD,11,16
BF87BD,255,139
BF89E1,11,32
BF89E1,255,159
BF8A6D,254,28
BF8A75,254,22
BF8A9B,255,109
BF8B66,255,124
BF8DCF,254,1
BF8DCF,255,166
BF8DD0,255,262
BF8DD1,255,171
BF916B,254,27
BF917D,255,294
BF92BC,255,162
BF93AB,255,174
BF93C4,11,7
BF93C4,255,127
BF963D,11,6
BF963D,255,369
BF96E0,11,22
BF96E0,255,114
BF97C1,254,43
BF9886,255,148
BF98DF,255,86
BF9981,11,4
BF9981,255,298
BF999D,255,104
BF99C5,11,25
BF99C5,255,149
BF9C1D,255,328
BF9CDE,255,111
BF9CF0,255,101
BF9DA5,255,123
BF9DCB,254,34
BF9E87,255,101
BF9F99,255,228
BF9FA0,254,35
BFA07E,254,25
BFA0A5,255,97
BFA0BA,255,89
BFA16F,255,174
BFA170,255,134
BFA1AA,255,197
BFA1F1,255,127
BFA29C,255,124
BFA2F7,255,127
BFA46E,11,28
BFA46E,255,233
BFA4AD,255,155
BFA5DB,255,53
BFA5E2,255,93
BFA6C6,254,23
BFA6D1,254,26
BFA6ED,11,12
BFA6ED,255,168
BFA737,11,3
BFA737,255,305
BFA7D0,255,132
BFA7ED,255,116
BFA9A9,255,124
BFA9F2,254,22
BFAA88,254,28
BFAC25,255,377
BFAC76,11,20
BFAC76,255,113
BFADA5,255,125
BFAF55,11,17
BFAF55,255,266
BFB0EC,255,135
BFB0FB,255,344
BFB0FE,254,18
BFB1A9,255,114
BFB275,254,20
BFB2A4,255,176
BFB2F5,11,23
BFB2F5,255,136
BFB3B9,255,97
BFB5BB,255,138
BFB66E,255,297
BFB6A1,254,23
BFB6D0,255,450
BFB776,255,125
BFB898,11,2
BFB898,255,190
BFBA97,254,21
BFBAA8,255,473
BFBAED,11,10
BFBAED,255,119
BFBCD7,255,92
BFBCEC,254,6
BFBCEC,255,79
BFBD73,255,89
BFBDC8,255,179
BFBEE7,254,21
BFBFA9,255,273
BFC0A7,255,159
BFC104,11,25
BFC104,255,472
BFC1E8,254,29
BFC3ED,254,25
BFC58F,255,105
BFC59E,255,108
BFC5C1,11,6
BFC5C1,255,138
BFC5C2,255,171
BFC66A,254,24
BFC682,255,267
BFC8BE,255,137
BFC983,255,104
BFCA83,255,130
BFCA96,255,248
BFCB85,11,17
BFCB85,255,181
BFCBF9,254,27
BFCC9F,255,190
BFCE80,254,12
BFCEEB,11,18
BFCEEB,255,192
BFCFA1,254,21
BFCFAB,254,24
BFD0E5,255,82
BFD191,11,8
BFD191,255,87
BFD1BD,254,23
BFD268,254,21
BFD292,11,17
BFD292,255,433
BFD369,11,5
BFD369,255,239
BFD3E6,11,14
BFD3E6,255,113
BFD3E7,254,23
BFD596,255,107
BFD668,11,16
BFD668,255,141
BFD942,11,8
BFD942,255,170
BFDAD8,254,21
BFDB7F,255,150
BFDBB4,255,86
BFDCB9,254,18
BFDDC6,255,118
BFDED2,255,152
BFE3BC,255,122
BFE3D8,254,24
BFE4F6,254,1
BFE4F6,255,123
BFE5B8,11,1
BFE5B8,255,84
BFE678,254,20
BFE696,255,73
BFE6EA,255,116
BFE6F4,255,286
BFE773,255,93
BFE8B3,255,114
BFE8B8,255,86
BFE9E9,11,26
BFE9E9,255,287
BFEA6A,255,243
BFEC67,255,144
BFEE90,11,7
BFEE90,255,136
BFEF87,255,93
BFF0FD,254,31
BFF2CA,255,191
BFF2CE,11,18
BFF2CE,255,278
BFF2FD,254,23
BFF34E,255,309
BFF49D,254,29
BFF4F0,255,136
BFF4F2,255,126
BFF4F6,255,94
BFF9E4,254,17
BFF9EE,254,25
BFFA49,11,12
BFFA49,255,272
BFFAA6,255,72
BFFABA,254,23
BFFB3F,255,404
BFFB7D,255,113
BFFC88,11,1
BFFC88,255,79
BFFCD3,255,72
BFFDD4,11,13
BFFDD4,255,83
BFFE90,11,1
BFFE90,255,101
BFFEB2,11,10
BFFEB2,255,309
C00140,11,4
C00140,255,291
C00879,254,29
C009B6,255,140
C00BB0,11,12
C00BB0,255,407
C00C95,255,373
C00DA1,255,115
C00E35,255,225
C01026,255,444
C016E7,11,34
C016E7,255,227
C017C1,255,491
C018F7,11,1
C018F7,255,252
C01AB5,254,30
C01ACF,255,275
C01D68,11,18
C01D68,255,184
C020D3,255,389
C02692,255,89
C0292D,11,16
C0292D,255,301
C02DA2,255,103
C02EC4,255,228
C02FFA,255,97
C033C0,255,206
C03A08,11,18
C03A08,255,291
C03DC8,254,18
C041A0,11,19
C041A0,255,180
C04364,255,70
C044FD,11,7
C044FD,255,509
C046C9,255,158
C046CD,254,22
C04896,11,3
C04896,255,280
C04AC6,255,316
C04B71,11,21
C04B71,255,231
C04B84,255,111
C04CE3,11,27
C04CE3,255,422
C04DE0,11,38
C04DE0,255,353
C04EAD,255,88
C04ECC,255,97
C051B5,255,76
C05404,11,3
C05404,255,362
C054DD,255,113
C055E2,255,361
C05A39,11,4
C05A39,255,166
C05A3A,11,7
C05A3A,255,372
C05BD0,255,290
C060A9,255,372
C06375,254,14
C06588,255,227
C0667B,254,25
C066E4,255,117
C068E6,255,100
C06AF4,255,88
C06AFB,255,107
C06BFA,11,17
C06BFA,255,157
C06D79,254,22
C06E5A,255,220
C06EBB,11,6
C06EBB,255,206
C06FDB,255,92
C071E5,255,121
C072E9,255,157
C07371,255,169
C0737C,255,115
C073CD,255,123
C0747C,254,27
C074D0,255,133
C075F3,11,8
C075F3,255,172
C0776A,254,16
C077AA,254,19
C077E7,255,95
C0788A,255,135
C07971,11,22
C07971,255,165
C07AD7,11,13
C07AD7,255,95
C07C79,255,111
C07C88,255,132
C07E8E,255,172
C07E99,254,32
C07EE9,255,406
C07EF8,255,101
C07FB7,255,79
C07FDE,255,70
C080C4,254,20
C081D9,255,101
C0827A,254,19
C08399,11,11
C08399,255,190
C083E1,254,15
C083FA,255,280
C0848C,254,20
C084C3,255,99
C0859F,254,20
C0888B,255,185
C0888E,255,176
C089C3,255,328
C08B5B,11,14
C08B5B,255,242
C08B6F,11,9
C08B6F,255,62
C08BA4,255,78
C08BBA,255,212
C08DE9,254,23
C08EB3,255,293
C08F76,255,63
C08FB7,254,26
C09083,254,27
C0917F,254,22
C093DA,255,191
C094A2,254,21
C095B4,11,5
C095B4,255,445
C095C2,254,26
C09764,255,264
C098E0,254,35
C0999F,255,85
C099C7,255,86
C09A6B,255,221
C09BEE,11,3
C09BEE,255,388
C09C39,255,184
C09C3A,255,206
C09C74,254,22
C09C8B,254,23
C09DC2,255,212
C09E94,255,130
C09E9E,255,62
C09F7B,254,27
C0A0EA,255,111
C0A181,254,19
C0A190,0,1
C0A190,11,15
C0A190,255,405
C0A2F4,255,133
C0A35F,11,4
C0A35F,255,369
C0A369,255,74
C0A399,255,252
C0A3A4,11,6
C0A3A4,255,108
C0A3E1,255,148
C0A3FE,255,106
C0A4D4,255,92
C0A56D,255,120
C0A6BE,255,348
C0A6C8,11,5
C0A6C8,255,171
C0A7C6,255,92
C0A851,255,600
C0A881,11,32
C0A881,255,787
C0A8C5,2,1
C0A8C5,11,11
C0A8C5,255,173
C0A903,255,328
C0AAD3,11,21
C0AAD3,255,153
C0AAFA,255,162
C0AC89,255,160
C0AEB7,254,23
C0AF9B,255,229
C0B010,11,1
C0B010,255,707
C0B0A5,255,143
C0B0B2,255,107
C0B3B2,255,369
C0B789,254,25
C0B7FB,255,49
C0B9D1,255,331
C0B9EA,255,289
C0BAC2,255,112
C0BB71,255,76
C0BBAB,11,1
C0BBAB,255,505
C0BBE8,255,118
C0BBEB,255,198
C0BC8C,254,8
C0BC8C,255,178
C0BDBC,255,66
C0BE6D,255,74
C0BED2,255,150
C0BEF0,255,110
C0BFC5,11,1
C0BFC5,255,106
C0C06F,255,146
C0C070,255,245
C0C0A0,255,137
C0C0E2,255,127
C0C1E4,255,232
C0C2F0,254,28
C0C46D,255,252
C0C489,254,27
C0C4BE,255,251
C0C567,255,142
C0C5D5,255,221
C0C664,254,19
C0C6A1,255,165
C0C796,255,335
C0C7F6,11,8
C0C7F6,255,107
C0C86A,255,68
C0C8CA,255,107
C0C8CB,255,154
C0C8DE,254,24
C0C996,255,102
C0CBE8,255,142
C0CC9C,254,24
C0CCB4,11,5
C0CCB4,255,96
C0CD90,255,419
C0D0F2,255,81
C0D167,255,70
C0D29E,254,16
C0D39D,254,32
C0D6C5,11,9
C0D6C5,255,93
C0D784,255,117
C0D79F,254,23
C0D7BE,255,306
C0D864,254,20
C0D9E1,254,15
C0DAAA,254,21
C0DC67,11,22
C0DC67,255,198
C0DC69,255,550
C0DC6A,255,311
C0DD01,255,156
C0DD6A,255,132
C0DEE9,254,29
C0DFB4,255,102
C0DFC3,255,104
C0DFDA,255,127
C0E299,255,119
C0E2B9,255,346
C0E37E,255,163
C0E3D4,255,90
C0E46B,254,21
C0E495,255,103
C0E57D,255,98
C0E8E7,255,83
C0E984,11,11
C0E984,255,244
C0EAF0,254,28
C0EB8C,254,23
C0ED8C,11,18
C0ED8C,255,461
C0EE81,11,11
C0EE81,255,105
C0EEA8,255,118
C0EF84,11,6
C0EF84,255,69
C0EFF8,255,93
C0F087,255,81
C0F0D1,255,73
C0F0EF,255,64
C0F19D,254,26
C0F19D,255,131
C0F29D,255,134
C0F371,255,58
C0F3E5,254,24
C0F480,254,21
C0F586,11,17
C0F586,255,102
C0F5B0,255,241
C0F5CB,255,142
C0F5EB,254,22
C0F6AF,254,16
C0F6C9,255,154
C0F878,254,25
C0F9EB,255,100
C0FBEE,11,23
C0FBEE,255,476
C103D1,255,510
C10667,11,9
C10667,255,125
C10AEE,255,105
C10D7A,254,30
C10DD1,255,167
C110CE,255,268
C111D2,255,120
C11712,11,34
C11712,255,197
C11826,11,6
C11826,255,313
C11B80,255,114
C11BD7,11,27
C11BD7,255,452
C11E76,255,507
C1218E,255,175
C121AD,11,11
C121AD,255,121
C12268,255,273
C13097,255,189
C130A3,255,103
C138D6,11,20
C138D6,255,109
C13CBD,255,423
C144E0,255,562
C14563,255,613
C145E1,255,232
C146B5,255,334
C147CF,255,164
C1487B,255,420
C14C03,11,19
C14C03,255,188
C14C82,11,1
C14C82,255,133
C14D6C,254,18
C14DCB,255,143
C14F79,11,19
C14F79,255,339
C156F2,255,265
C15A7E,255,182
C15CA5,255,96
C15F99,255,903
C15FF9,254,28
C1621A,11,3
C1621A,255,353
C164B3,255,137
C165BF,11,4
C165BF,255,92
C1667D,255,199
C166D8,255,128
C166FE,255,133
C16782,255,225
C167EC,11,3
C167EC,255,116
C16875,255,133
C168E2,255,317
C168E5,254,22
C169D7,255,134
C169E5,254,21
C169E5,255,381
C16A9A,11,13
C16A9A,255,457
C16A9B,11,22
C16A9B,255,602
C16B0E,255,202
C16B84,255,345
C16CC2,255,97
C16D9C,255,203
C16DD5,254,17
C16F75,255,61
C16F8B,255,84
C1707F,255,193
C171E9,255,114
C172E9,255,101
C172FC,255,919
C17359,11,19
C17359,255,448
C17375,255,130
C174C6,255,513
C1755E,11,11
C1755E,255,321
C175FA,255,71
C1766C,254,18
C17670,255,94
C17766,255,140
C177AC,255,116
C177C3,255,92
C17885,255,94
C17979,255,351
C17AD2,255,202
C17B9D,255,194
C17C71,11,6
C17C71,255,151
C17C97,254,24
C17DEB,255,283
C17EB6,11,4
C17EB6,255,210
C17F6E,11,7
C17F6E,255,205
C1818F,255,248
C181AD,255,262
C181D2,255,398
C18281,11,3
C18281,255,156
C1829F,255,225
C183FB,255,185
C183FC,11,1
C183FC,255,94
C18489,11,31
C18489,255,313
C185D2,11,6
C185D2,255,190
C18667,11,8
C18667,255,65
C1868D,255,105
C186E2,255,111
C18772,254,36
C187EB,254,30
C18976,255,15
C18D72,11,7
C18D72,255,150
C18DE0,255,84
C18E39,11,6
C18E39,255,248
C18EF3,255,95
C18F94,255,234
C18FB4,255,111
C18FD1,11,13
C18FD1,255,197
C18FDB,255,97
C1906A,255,120
C1908F,255,97
C191CC,255,153
C191F9,254,17
C192A6,255,129
C192A8,255,487
C194BF,11,10
C194BF,255,81
C194CB,255,145
C194F4,254,14
C19523,255,320
C1959B,254,23
C195B6,254,36
C195E5,11,21
C195E5,255,120
C196EB,254,30
C197B1,255,148
C197C9,254,22
C199A1,254,24
C199E5,11,37
C199E5,255,464
C19A8E,11,10
C19A8E,255,277
C19AC2,255,130
C19DA6,255,86
C19DBB,255,138
C19DEA,255,150
C19DF2,254,19
C19F71,255,136
C1A027,11,9
C1A027,255,584
C1A0BC,254,17
C1A26D,254,17
C1A275,255,154
C1A284,11,17
C1A284,255,110
C1A374,255,70
C1A592,11,29
C1A592,255,365
C1A5BC,255,142
C1A743,255,350
C1A777,255,189
C1A9C1,255,76
C1AAC7,255,74
C1ABC2,255,148
C1AC9C,11,36
C1AC9C,255,371
C1ACB1,255,125
C1B17B,255,94
C1B18C,255,150
C1B1BF,11,3
C1B1BF,255,106
C1B21D,255,151
C1B4A9,255,128
C1B5A3,254,24
C1B5D5,255,126
C1B5DF,255,155
C1B66B,254,19
C1B7B1,255,105
C1B7F5,254,30
C1B879,254,34
C1B887,255,162
C1B9C4,254,19
C1BA84,11,2
C1BA84,255,122
C1BA95,255,134
C1BAC0,11,5
C1BAC0,255,520
C1BBA3,255,109
C1BBE2,255,145
C1BBF5,255,225
C1BC7A,254,27
C1BC81,255,167
C1BC9C,254,24
C1BE9F,255,332
C1BF6B,255,259
C1BF87,255,213
C1BFEF,255,113
C1C064,255,127
C1C1AF,254,23
C1C29D,254,11
C1C5E7,254,21
C1C5F2,255,128
C1C6D6,255,75
C1C87A,11,11
C1C87A,255,279
C1C8FA,254,28
C1CAD9,254,23
C1CC51,11,5
C1CC51,255,164
C1CF9E,255,110
C1CFD0,11,4
C1CFD0,255,77
C1CFF4,255,258
C1D068,11,14
C1D068,255,445
C1D0C0,11,13
C1D0C0,254,1
C1D0C0,255,66
C1D0C9,254,31
C1D28D,255,140
C1D383,254,25
C1D4AE,254,24
C1D586,254,15
C1D5AB,11,1
C1D5AB,255,116
C1D68A,255,144
C1D701,255,166
C1D702,255,247
C1D768,255,135
C1DA2A,255,201
C1DA7C,254,28
C1DBEE,255,114
C1DC72,255,124
C1DC7A,11,33
C1DC7A,255,350
C1DD6F,255,169
C1DDE1,254,19
C1DE71,255,136
C1DE92,255,479
C1DEBE,255,77
C1DF9F,254,17
C1DF9F,255,154
C1DFA0,255,231
C1DFD1,255,108
C1DFF9,254,32
C1E07B,254,27
C1E0B0,255,546
C1E170,255,100
C1E2CF,255,116
C1E2D0,255,155
C1E448,255,348
C1E4AB,255,212
C1E59E,255,146
C1E5DA,254,30
C1E6A9,255,140
C1E6C7,255,103
C1E7EB,11,3
C1E7EB,255,489
C1E817,255,219
C1EABF,255,104
C1EAE7,255,111
C1EAF4,254,23
C1EC5E,255,331
C1ECA6,255,115
C1ECDE,254,30
C1ED8C,255,85
C1ED92,254,18
C1EED4,255,77
C1EF30,255,205
C1EF67,254,30
C1EF7A,254,26
C1F0A7,254,27
C1F1BB,255,85
C1F1D2,255,108
C1F1FA,255,128
C1F27C,255,108
C1F282,254,42
C1F47E,255,111
C1F569,0,1
C1F569,11,5
C1F569,255,123
C1F5B4,11,32
C1F5B4,255,268
C1F6AB,254,22
C1F78B,254,39
C1F7EF,11,5
C1F7EF,255,121
C1F944,255,205
C1F945,255,282
C1F9E0,11,1
C1F9E0,255,174
C1FA10,11,2
C1FA10,255,284
C1FCBE,255,159
C1FDD3,254,30
C1FE64,255,176
C1FEE8,255,121
C205EC,255,73
C20883,11,11
C20883,255,132
C20B94,255,141
C20C67,254,13
C20C67,255,94
C20CBC,255,133
C20F1D,255,286
C2137C,255,90
C21398,11,2
C21398,255,295
C2147D,11,18
C2147D,255,88
C2157A,255,372
C21847,255,257
C21B76,255,99
C21BC2,255,116
C21BC3,255,135
C21BCD,255,255
C21DD8,255,96
C21E04,11,38
C21E04,255,216
C21EA3,254,10
C22122,255,324
C221D6,255,497
C22347,11,33
C22347,255,245
C22371,255,173
C223F7,254,26
C224EB,255,102
C225F4,254,21
C227C2,11,14
C227C2,255,574
C22864,11,10
C22864,255,86
C228FB,255,336
C22A12,11,11
C22A12,255,290
C22BC7,254,38
C22C95,11,11
C22C95,255,355
C22E94,254,23
C23069,255,312
C2348C,255,280
C2366D,11,8
C2366D,255,484
C2374C,11,14
C2374C,255,418
C23888,255,123
C23BC6,255,232
C242D7,11,14
C242D7,255,225
C242DE,255,113
C244E9,255,110
C24503,11,12
C24503,254,1
C24503,255,208
C24504,11,1
C24504,255,317
C245B0,255,918
C247CF,11,10
C247CF,255,224
C24BC6,255,107
C24EE9,0,1
C24EE9,11,9
C24EE9,255,76
C256BB,255,103
C2588B,255,324
C25980,255,120
C25BCD,255,146
C25C93,255,129
C2616E,255,360
C26184,255,365
C261A4,11,5
C261A4,255,363
C263EC,255,265
C264BA,11,11
C264BA,255,284
C265BD,255,137
C265F2,11,15
C265F2,255,64
C26894,255,100
C26945,255,417
C26AF0,254,4
C26B03,11,11
C26B03,255,323
C26B78,254,31
C26BBA,255,138
C26BBC,255,229
C26DE5,254,29
C26E79,11,23
C26E79,255,275
C26E87,255,64
C26F92,11,5
C26F92,255,179
C26F94,255,63
C26FDB,255,231
C270E0,11,8
C270E0,255,129
C270E3,254,27
C27136,11,25
C27136,255,273
C2721A,255,391
C272AA,254,17
C272C2,11,10
C272C2,255,137
C2738F,254,30
C27487,11,27
C27487,255,173
C274F5,11,1
C274F5,255,117
C2750E,255,370
C275A3,255,85
C2769F,254,19
C27882,11,20
C27882,255,318
C27983,255,152
C27A66,254,28
C27AB5,254,15
C27AB5,255,124
C27AE0,255,241
C27AFD,11,11
C27AFD,255,204
C27B9C,254,21
C27BE5,255,124
C27CAC,255,125
C27EF2,0,1
C27EF2,11,3
C27EF2,255,137
C27F52,255,433
C27F6E,255,201
C27FBD,254,27
C2817D,254,15
C2819D,254,21
C281A6,254,27
C282EB,255,323
C28371,11,4
C28371,255,99
C284BB,254,27
C2856F,254,20
C287B3,255,123
C288AF,255,176
C2898F,255,82
C28BEE,254,17
C28C7C,255,97
C28C9D,11,16
C28C9D,255,227
C28E67,11,51
C28E67,255,249
C28E6A,255,111
C28EB7,255,185
C290DC,11,20
C290DC,255,113
C291C9,11,15
C291C9,255,150
C29280,255,121
C292E0,254,18
C292E8,254,30
C29392,255,164
C29550,11,17
C29550,255,259
C29572,11,14
C29572,255,65
C295CB,255,115
C2968D,255,77
C29872,254,27
C29894,11,5
C29894,255,106
C298F6,254,24
C29991,255,139
C2999F,255,97
C299D9,11,16
C299D9,255,186
C29A65,254,22
C29A76,254,19
C29AA5,11,8
C29AA5,255,344
C29AB5,255,159
C29ABC,11,22
C29ABC,255,310
C29AD7,255,555
C29BFD,255,114
C29D9C,255,102
C29DB5,255,118
C29E88,254,30
C29EE4,11,11
C29EE4,255,122
C29EEA,255,276
C29FFC,254,26
C2A088,255,93
C2A16B,254,30
C2A1BB,255,94
C2A1C2,11,18
C2A1C2,255,106
C2A3D6,254,25
C2A6DD,255,121
C2A8B1,2,1
C2A8B1,11,5
C2A8B1,255,375
C2A8DB,255,220
C2AAA5,255,168
C2AB55,255,385
C2AB56,255,501
C2AB6F,11,14
C2AB6F,255,104
C2AC28,255,34
C2ACC9,255,99
C2ADB2,255,244
C2ADD2,254,21
C2AEB0,255,180
C2AEEE,255,94
C2AF9A,11,1
C2AF9A,255,119
C2B0A8,254,21
C2B0ED,11,12
C2B0ED,255,133
C2B0EF,255,86
C2B265,255,330
C2B266,255,275
C2B2B5,254,26
C2B414,11,26
C2B414,255,191
C2B415,11,32
C2B415,255,294
C2B4F0,11,6
C2B4F0,255,71
C2B594,255,164
C2B633,11,10
C2B633,255,437
C2B8A2,254,29
C2B9BD,11,15
C2B9BD,255,188
C2BAED,254,21
C2BC04,11,8
C2BC04,255,259
C2BDF0,255,119
C2BDF2,254,22
C2BEC8,255,116
C2C1A1,255,128
C2C1BF,11,2
C2C1BF,255,138
C2C2D5,255,153
C2C349,11,6
C2C349,255,227
C2C42F,255,232
C2C4A4,255,103
C2C4CE,254,31
C2C4F8,254,32
C2C5B1,254,25
C2C5E6,254,27
C2C683,255,120
C2C6E8,255,134
C2C7DC,254,28
C2C7ED,255,90
C2CA59,11,5
C2CA59,255,434
C2CB82,255,106
C2CC79,255,320
C2CCB3,255,140
C2CE9E,255,105
C2CFE4,255,187
C2D17C,254,19
C2D1C4,255,87
C2D1F7,255,171
C2D2C4,254,18
C2D2C4,255,170
C2D3EF,255,72
C2D3F9,11,8
C2D3F9,255,125
C2D56E,11,19
C2D56E,255,627
C2D575,254,25
C2D5C0,11,8
C2D5C0,255,121
C2D686,255,113
C2D7A9,255,119
C2D8AE,254,19
C2D8C5,255,89
C2D9E8,255,166
C2DA6F,255,116
C2DA94,255,155
C2DBBC,11,8
C2DBBC,255,274
C2DD92,255,288
C2DED3,255,78
C2DFBA,254,32
C2E14B,255,188
C2E17B,11,4
C2E17B,255,239
C2E1E4,255,115
C2E29F,255,278
C2E2FB,11,16
C2E2FB,255,137
C2E30D,255,352
C2E3C5,255,298
C2E464,255,118
C2E49B,11,13
C2E49B,255,114
C2E6F8,255,100
C2E8BA,11,2
C2E8BA,255,133
C2E8D1,254,6
C2E8D1,255,170
C2E8D2,255,212
C2E8ED,254,25
C2E9B4,254,16
C2E9E9,255,152
C2EA24,255,251
C2EA64,254,26
C2EA76,255,105
C2EAC9,255,343
C2EADF,255,99
C2EB72,255,249
C2EBA6,255,122
C2EBF7,255,101
C2ECDA,255,105
C2ED88,255,89
C2EE21,11,1
C2EE21,255,340
C2EECA,255,116
C2EEF3,11,5
C2EEF3,255,136
C2EFF4,254,4
C2F088,254,21
C2F08C,255,99
C2F0EF,255,121
C2F3A7,255,221
C2F4CD,255,102
C2F573,255,153
C2F628,255,189
C2F6A8,255,230
C2F7BA,255,119
C2F883,255,92
C2F8A7,254,26
C2FAEF,254,29
C2FCB8,255,112
C2FCD2,255,88
C2FD7D,254,15
C2FDD6,254,16
C2FFB2,255,345
C2FFF6,255,184
C30110,11,36
C30110,255,241
C3078A,255,340
C307DF,254,39
C30976,11,13
C30976,255,67
C30BA8,11,16
C30BA8,255,181
C30E6D,11,16
C30E6D,255,124
C30FBD,11,24
C30FBD,255,484
C31585,255,161
C31CA3,255,416
C31DE7,254,29
C31EA1,255,210
C31FEA,255,126
C32285,255,86
C32890,11,12
C32890,255,397
C32F4E,255,357
C32F6C,255,476
C3329C,255,324
C33599,254,16
C33599,255,291
C337B3,11,24
C337B3,255,287
C33A9E,255,298
C33BFD,255,282
C33EFE,11,9
C33EFE,255,113
C33EFF,11,12
C33EFF,255,254
C34108,11,5
C34108,255,181
C34109,255,325
C34480,255,157
C344AE,255,249
C344CE,11,25
C344CE,255,541
C34595,11,18
C34595,255,105
C34643,255,312
C34906,11,18
C34906,255,473
C34AFE,255,107
C34BAE,255,300
C34CA9,255,102
C34ED4,254,24
C34F85,255,252
C35361,255,251
C353C0,255,125
C356BE,11,25
C356BE,255,308
C35B80,255,102
C35D6A,255,136
C35D73,255,156
C35F65,254,21
C360E8,255,393
C362B9,255,192
C364A4,255,212
C364A6,255,95
C364AC,254,25
C365CC,255,127
C36684,255,231
C366DC,255,232
C366DD,255,287
C366E4,255,179
C368B9,255,101
C368DA,255,158
C36998,255,88
C36A80,255,121
C36A90,255,298
C36B65,255,80
C36C6C,254,14
C36D80,254,31
C36DDE,11,9
C36DDE,255,99
C36DE9,11,6
C36DE9,255,106
C36DF2,255,88
C37086,255,111
C3719D,11,8
C3719D,255,294
C371EF,255,100
C3729B,255,123
C372E6,254,21
C373B8,11,16
C373B8,255,83
C373C3,254,27
C37491,255,114
C374D4,255,218
C375C6,11,1
C375C6,255,302
C375D9,11,2
C375D9,255,250
C376CF,255,117
C37742,255,318
C378CC,255,79
C37AA9,254,31
C37B65,11,19
C37B65,255,148
C37BA4,255,96
C37CB6,255,92
C37CFE,255,55
C37EB4,255,112
C37F8E,255,302
C37FE1,11,1
C37FE1,255,136
C380CF,254,2
C381CE,254,32
C381EA,11,21
C381EA,255,76
C382E7,254,25
C383A8,255,94
C383C2,254,28
C385DC,11,18
C385DC,255,258
C385EB,255,387
C38678,255,81
C386B7,255,263
C387A6,254,19
C387B4,255,96
C38B7F,255,127
C38BF1,255,252
C38C12,11,58
C38C12,255,347
C38CA2,11,14
C38CA2,255,266
C38EDE,254,21
C38F6C,254,32
C38FC3,11,9
C38FC3,255,436
C38FD0,255,163
C3908F,255,99
C39245,11,7
C39245,255,444
C393EC,254,33
C394BA,255,140
C394E9,255,226
C395C0,255,149
C397AC,255,195
C397C3,255,108
C39879,254,24
C398C3,255,219
C399CF,255,326
C39AAA,255,155
C39B9E,255,160
C39BD0,255,265
C39BEE,255,131
C39C69,255,109
C39C83,255,125
C39CB4,255,93
C39D6E,254,19
C39F29,11,4
C39F29,255,173
C39F76,255,126
C3A0B8,255,111
C3A0CC,254,20
C3A36F,255,94
C3A37C,255,87
C3A396,255,135
C3A3E8,255,240
C3A5F5,255,121
C3A679,254,11
C3A6C4,11,2
C3A6C4,255,161
C3A792,255,95
C3A884,255,140
C3A8BD,254,21
C3A9C2,11,2
C3A9C2,255,115
C3AA7B,254,32
C3AB77,255,135
C3AB8A,11,6
C3AB8A,255,111
C3AB8D,255,118
C3ADFB,255,170
C3AEEC,254,19
C3AF83,255,139
C3AFD5,254,18
C3AFFC,11,8
C3AFFC,255,117
C3B0BE,254,17
C3B0EF,255,327
C3B1DA,254,27
C3B1FB,11,12
C3B1FB,255,199
C3B209,255,313
C3B322,11,13
C3B322,255,161
C3B323,11,39
C3B323,255,243
C3B3B7,255,312
C3B4C8,255,251
C3B683,255,63
C3B6F8,255,97
C3B6F9,255,184
C3B770,11,13
C3B770,255,154
C3B7F6,254,33
C3B7F9,254,20
C3B885,254,26
C3B88C,254,25
C3B8F9,255,118
C3BA7C,255,139
C3BAF0,254,33
C3BB94,255,130
C3BBE7,11,20
C3BBE7,255,116
C3BD7A,255,142
C3BDBE,11,16
C3BDBE,255,93
C3BF6B,254,25
C3C085,255,111
C3C0C7,1,1
C3C0C7,11,22
C3C0C7,255,148
C3C36E,255,134
C3C37A,254,24
C3C386,254,33
C3C398,255,231
C3C4FD,255,195
C3C59F,255,142
C3C6AF,255,97
C3C6C1,255,113
C3C7EC,11,2
C3C7EC,255,138
C3CA67,255,164
C3CAC7,255,110
C3CAFC,11,21
C3CAFC,255,348
C3CBBD,255,116
C3CDAA,255,127
C3CE39,255,180
C3CF7A,254,32
C3D079,11,15
C3D079,255,379
C3D19D,255,281
C3D1D3,254,27
C3D272,255,123
C3D2BE,255,87
C3D3EA,255,94
C3D4A8,255,147
C3D4D9,255,107
C3D598,255,129
C3D5B6,255,137
C3D5F7,254,32
C3D61F,255,561
C3D6E0,255,389
C3D794,254,19
C3D856,255,344
C3D966,255,69
C3D967,254,32
C3DA99,255,160
C3DB99,255,202
C3DBCC,254,25
C3DC65,255,210
C3DCC6,254,26
C3DCE4,11,17
C3DCE4,255,208
C3DD6B,254,22
C3DE8A,255,164
C3DFD3,255,124
C3E178,255,180
C3E2DE,255,100
C3E2E4,254,20
C3E47B,255,299
C3E4C4,11,13
C3E4C4,255,84
C3E594,255,113
C3E59B,255,296
C3E66F,255,119
C3E6C5,11,23
C3E6C5,255,204
C3E6E2,255,74
C3E78A,254,27
C3E7A2,255,131
C3E8F9,255,80
C3EB7F,255,132
C3EC74,254,20
C3ECE2,254,23
C3ED6E,255,73
C3EDBF,11,9
C3EDBF,255,356
C3EE6A,254,21
C3EE93,255,109
C3EEE8,11,2
C3EEE8,255,105
C3EF85,11,1
C3EF85,255,241
C3EF8B,254,16
C3EFC2,255,129
C3F0C8,254,17
C3F0CA,11,13
C3F0CA,255,427
C3F19F,254,19
C3F1C0,11,15
C3F1C0,255,204
C3F284,255,138
C3F4BA,255,253
C3F5C7,255,73
C3F8A2,255,78
C3F8A7,255,274
C3F9A4,255,423
C3FAD8,255,114
C3FBDA,11,1
C3FBDA,255,158
C3FBF4,254,21
C3FCA4,255,139
C3FDD2,254,28
C3FE7F,255,127
C3FEA7,255,109
C3FED2,255,58
C402D0,255,107
C403E0,255,127
C40788,11,27
C40788,255,274
C407AB,255,116
C40EA9,255,152
C40FE6,11,8
C40FE6,255,291
C415EC,0,4
C415EC,11,13
C415EC,254,130
C415EC,255,3
C415EE,11,1
C415EE,255,303
C417F8,255,140
C41C51,11,32
C41C51,255,490
C41E2F,255,333
C41EAF,255,128
C41F85,255,121
C42398,255,128
C428D3,255,267
C42B87,255,191
C42DF1,255,324
C42E6B,255,352
C430D6,11,1
C430D6,255,301
C432E7,255,639
C434DB,255,118
C435B5,255,204
C43AB8,255,139
C44492,11,2
C44492,255,166
C444D7,11,16
C444D7,255,154
C444D8,0,1
C444D8,11,8
C444D8,255,334
C445E3,11,3
C445E3,255,98
C44679,11,20
C44679,255,534
C448C0,255,353
C44994,11,11
C44994,255,202
C44995,255,321
C44D4F,11,29
C44D4F,255,243
C44F36,255,385
C452B8,11,9
C452B8,255,283
C45D9A,255,90
C45DC6,255,368
C45E7A,255,243
C45F36,11,18
C45F36,255,337
C464C9,11,1
C464C9,255,312
C46590,255,104
C465D8,255,123
C468A4,11,24
C468A4,255,133
C469D5,255,66
C46A99,254,28
C46AC7,254,33
C46AE3,254,25
C46B68,255,151
C46BEE,255,101
C46D66,255,174
C46DE6,11,24
C46DE6,255,184
C46DFA,255,222
C46DFB,255,564
C46E6F,255,117
C46E77,254,1
C46E77,255,306
C46EAE,255,94
C46ED9,255,103
C46F89,255,150
C47069,255,91
C470C8,255,128
C470F0,11,10
C470F0,255,210
C47192,254,16
C471F4,255,91
C4727C,254,23
C473A0,255,93
C4750A,255,315
C476D5,254,22
C476DA,255,101
C477B0,11,8
C477B0,255,63
C477C1,254,15
C47868,255,124
C47895,255,162
C479B2,255,124
C479DB,255,290
C47A8B,255,142
C47AE9,11,20
C47AE9,255,97
C47B78,255,119
C47C66,255,72
C47D8B,255,95
C47EAF,11,22
C47EAF,255,254
C47EEB,254,35
C47FCC,255,243
C47FD3,255,232
C47FE4,255,71
C4816A,254,36
C4818C,255,408
C48237,255,471
C48269,255,187
C482A7,255,267
C48364,255,96
C4837B,255,271
C483C3,255,91
C483E0,255,120
C483F8,11,2
C483F8,255,142
C484B0,255,122
C48668,11,1
C48668,255,207
C4869F,11,16
C4869F,255,206
C486DC,255,94
C486E5,11,5
C486E5,255,117
C488D9,2,1
C488D9,11,10
C488D9,255,86
C488F2,11,4
C488F2,255,90
C4898A,255,90
C48993,255,142
C489AA,254,21
C489F1,255,98
C48D69,255,158
C48E16,11,16
C48E16,255,154
C48EA2,11,3
C48EA2,255,113
C48EC0,255,164
C48EE8,255,135
C48EEE,254,21
C48EF4,11,7
C48EF4,255,98
C48FC5,255,157
C48FE6,255,156
C490BF,11,30
C490BF,255,280
C490FC,254,26
C49193,255,345
C492B7,255,120
C492F2,11,10
C492F2,255,124
C4936C,11,26
C4936C,255,168
C49377,255,82
C49380,255,104
C49478,254,29
C49595,254,33
C495E5,255,313
C495F2,11,24
C495F2,255,218
C4977C,254,21
C497B8,254,29
C497E5,254,16
C4988D,11,6
C4988D,255,276
C49B7F,255,154
C49C89,255,273
C49D76,255,103
C49DE4,255,117
C49E7B,255,115
C49EBA,255,150
C49EEF,254,21
C4A0E3,255,137
C4A295,11,3
C4A295,255,333
C4A2C0,255,89
C4A3C2,255,425
C4A4B9,255,77
C4A4BE,254,26
C4A4DA,255,148
C4A57D,11,1
C4A57D,255,173
C4A6AB,254,2
C4A6AB,255,221
C4A6E8,11,7
C4A6E8,255,140
C4A7B4,254,28
C4A7CC,254,28
C4A878,255,117
C4A9DB,11,7
C4A9DB,255,64
C4AB84,255,204
C4ABE2,254,32
C4ACA3,254,26
C4ACEB,254,26
C4AD3D,255,251
C4AD98,255,132
C4ADD0,11,21
C4ADD0,255,389
C4AEBE,254,38
C4AEE3,255,123
C4AEEB,255,223
C4AF9B,11,12
C4AF9B,255,47
C4B0EE,254,29
C4B14C,255,123
C4B1A6,11,11
C4B1A6,255,105
C4B4C9,255,138
C4B4DE,255,69
C4B564,255,119
C4B7BA,255,145
C4B7C4,255,260
C4B7CA,255,125
C4B7E8,255,142
C4B7FE,11,20
C4B7FE,255,149
C4B8C6,11,6
C4B8C6,255,123
C4B9F1,255,130
C4B9FB,255,100
C4BABA,254,26
C4BB65,255,67
C4BBA1,255,81
C4BBC0,255,159
C4BBC5,255,144
C4BC9B,255,249
C4BCBE,11,13
C4BCBE,255,84
C4BDB4,254,29
C4BE93,255,215
C4BECD,255,115
C4BEEB,255,145
C4C06F,11,9
C4C06F,255,489
C4C0C7,254,22
C4C0DC,255,120
C4C0E0,254,28
C4C0FC,255,133
C4C176,11,26
C4C176,255,153
C4C1B4,255,190
C4C2A2,11,6
C4C2A2,255,94
C4C47F,254,28
C4C5AD,254,15
C4C5EE,11,18
C4C5EE,255,84
C4C6A7,254,29
C4C6CD,255,98
C4C82E,11,11
C4C82E,255,532
C4C8A1,255,77
C4C9BB,255,241
C4CAAE,255,137
C4CAD7,254,26
C4CC0F,11,11
C4CC0F,255,340
C4CCC2,254,37
C4CDD8,255,102
C4CE8F,254,32
C4CE9D,11,13
C4CE9D,255,122
C4CEB3,255,162
C4CF65,255,136
C4D0DA,254,30
C4D0DF,11,26
C4D0DF,255,271
C4D0F1,254,31
C4D1DA,11,7
C4D1DA,255,228
C4D378,11,36
C4D378,255,436
C4D379,255,417
C4D4DF,255,77
C4D6AE,254,31
C4D6AE,255,141
C4D896,254,22
C4D8CE,254,16
C4D9D8,255,104
C4DA7E,11,14
C4DA7E,255,268
C4DAC8,255,159
C4DBAA,11,30
C4DBAA,255,228
C4DBE2,254,40
C4DEAE,255,126
C4E0C5,11,8
C4E0C5,255,134
C4E26F,255,385
C4E305,11,11
C4E305,255,264
C4E406,11,33
C4E406,255,244
C4E48D,254,3
C4E48D,255,228
C4E4A3,11,2
C4E4A3,255,113
C4E66E,254,32
C4E99A,254,13
C4EC85,255,128
C4ED67,255,73
C4EDC5,255,144
C4EE69,254,18
C4EEFD,254,34
C4F075,255,278
C4F1BB,254,23
C4F2A9,254,26
C4F3DB,254,27
C4F5E1,255,186
C4F658,11,10
C4F658,255,316
C4F6FB,11,9
C4F6FB,255,71
C4F7A3,255,119
C4F99B,11,25
C4F99B,255,267
C4FD93,11,11
C4FD93,255,269
C4FE57,255,356
C4FEE7,11,8
C4FEE7,255,393
C4FEED,254,24
C4FF09,11,26
C4FF09,255,396
C50264,11,8
C50264,255,313
C50493,255,119
C505E6,254,19
C50756,255,429
C5089C,11,9
C5089C,255,157
C50D9D,255,455
C50DC5,255,108
C50E55,11,14
C50E55,255,240
C517F6,255,92
C51996,254,13
C51DA5,11,12
C51DA5,255,241
C51F6E,255,194
C52017,255,223
C5215F,255,118
C52160,255,289
C52E85,255,129
C5302D,255,334
C53B6C,11,12
C53B6C,255,80
C53B6E,11,12
C53B6E,255,189
C53F9F,255,262
C53FFE,255,126
C54547,255,435
C54696,255,206
C546FA,254,22
C5472D,11,1
C5472D,255,262
C54844,11,9
C54844,255,345
C54E82,255,89
C54E97,255,170
C55088,255,107
C5516C,11,7
C5516C,255,284
C551E7,255,73
C55203,11,6
C55203,255,218
C553D5,11,17
C553D5,255,956
C555F3,255,283
C55A9B,254,35
C55CAC,11,12
C55CAC,255,388
C56156,255,130
C56157,11,15
C56157,255,397
C564A2,255,274
C565EF,255,115
C5660C,255,193
C5660D,11,4
C5660D,255,291
C56678,254,33
C567A7,255,193
C567CC,255,139
C567F3,254,24
C56A90,11,20
C56A90,255,307
C56ADA,11,11
C56ADA,255,135
C56AF3,255,19
C56BDF,254,26
C56CAD,255,161
C56CBE,255,135
C56CC3,254,26
C56DC1,254,25
C56E7F,255,336
C56FB2,11,4
C56FB2,255,93
C5716D,255,110
C573A9,11,30
C573A9,255,106
C573D3,255,146
C574BF,254,16
C57572,255,210
C575C5,255,381
C57683,254,26
C578BA,255,69
C57941,11,5
C57941,255,256
C5798E,255,281
C57990,254,25
C579B9,255,284
C57A8D,254,25
C57B9E,255,91
C57BFC,254,23
C57DFD,255,63
C57E8D,255,127
C57F7B,255,474
C581F6,254,23
C582F2,255,270
C583C2,254,30
C58471,255,204
C58569,254,32
C586A8,255,345
C586B4,11,13
C586B4,255,185
C589A0,255,155
C589F1,255,296
C58A65,255,197
C58B72,255,147
C58B8F,254,29
C58BFA,255,65
C58FED,255,82
C592D7,254,23
C59384,255,119
C59385,11,1
C59385,255,120
C5938D,254,19
C594A6,255,189
C594FC,255,146
C596AA,255,138
C596AE,11,10
C596AE,255,114
C5979B,254,17
C5988F,255,91
C5989F,255,122
C599C1,255,110
C59A08,255,467
C59AC2,255,123
C59BCC,255,108
C59CF4,254,15
C59D1C,255,317
C59D7D,255,66
C59D86,255,92
C59E6C,255,157
C59F68,254,32
C59FA6,255,160
C5A1A6,255,206
C5A3E7,254,22
C5A471,254,32
C5A6CC,11,17
C5A6CC,255,180
C5A6F1,255,122
C5A7E8,255,116
C5A8E1,255,112
C5A9E4,255,94
C5AA9C,255,80
C5AB78,255,86
C5ACB5,254,21
C5AD8A,255,107
C5AEB3,255,107
C5AF72,255,34
C5B1B1,254,34
C5B2A3,11,19
C5B2A3,255,111
C5B336,11,16
C5B336,255,364
C5B4F0,255,128
C5B691,11,13
C5B691,255,205
C5B6C8,255,121
C5B7CD,254,25
C5B844,11,6
C5B844,255,184
C5B8CE,255,90
C5BC7A,254,16
C5BC7F,11,9
C5BC7F,255,209
C5BC82,255,150
C5BCBD,255,73
C5BCD3,255,141
C5BEDA,254,35
C5BFB7,254,21
C5BFBD,255,168
C5C0DE,255,131
C5C0EE,255,148
C5C178,255,159
C5C42E,11,22
C5C42E,255,384
C5C470,255,449
C5C4C0,11,1
C5C4C0,255,427
C5C5F1,255,226
C5C668,255,151
C5C672,254,25
C5C680,255,350
C5C6C9,255,83
C5C6CA,255,56
C5C6F4,255,139
C5C780,255,86
C5C79D,255,69
C5C7A0,11,14
C5C7A0,255,140
C5C7F2,255,199
C5CAE3,254,24
C5CB9C,11,3
C5CB9C,255,145
C5CC69,255,114
C5CC94,254,29
C5CDDC,254,22
C5CECB,254,32
C5CF6D,255,161
C5CFCB,11,2
C5CFCB,255,225
C5D2B2,255,101
C5D2B7,254,20
C5D349,11,3
C5D349,255,352
C5D491,254,19
C5D59B,11,5
C5D59B,255,194
C5D5A7,11,15
C5D5A7,255,104
C5D5AE,255,131
C5D5C9,255,188
C5D5D5,254,31
C5D5EF,254,24
C5D6E6,11,4
C5D6E6,255,91
C5D7E4,11,3
C5D7E4,255,274
C5DA85,254,7
C5DAE8,11,5
C5DAE8,255,200
C5DB72,254,20
C5DCCF,255,85
C5DCED,11,16
C5DCED,255,254
C5DEA8,254,29
C5DEF1,255,88
C5E090,255,112
C5E170,11,1
C5E170,255,240
C5E2B8,255,103
C5E2C6,255,325
C5E2E9,11,7
C5E2E9,255,104
C5E3D1,255,170
C5E474,255,99
C5E476,11,5
C5E476,254,6
C5E476,255,122
C5E5F1,254,22
C5E78B,11,9
C5E78B,255,82
C5E7DB,254,18
C5E971,254,16
C5E9ED,255,201
C5EAC8,254,18
C5EB83,254,24
C5ECBF,254,22
C5ECFB,255,154
C5ED6F,255,167
C5ED70,11,17
C5ED70,255,101
C5EDD9,254,35
C5EEEE,254,24
C5F10C,11,21
C5F10C,255,337
C5F185,255,186
C5F2B8,255,107
C5F39B,255,57
C5F39F,11,5
C5F39F,255,249
C5F3CB,255,71
C5F3F2,11,13
C5F3F2,255,176
C5F58D,11,10
C5F58D,255,202
C5F5E1,255,75
C5F69E,11,29
C5F69E,255,442
C5F7D1,11,6
C5F7D1,255,137
C5F866,255,183
C5F884,254,28
C5F890,11,7
C5F890,255,140
C5F8D3,254,17
C5F965,11,15
C5F965,255,102
C5FA88,254,17
C5FB7E,255,110
C5FB85,255,224
C5FEA3,254,1
C5FEA3,255,256
C5FEDE,254,27
C604DD,255,113
C60504,255,363
C607F8,11,15
C607F8,255,147
C609F6,255,128
C60E8D,255,130
C60F9E,254,18
C610CC,255,190
C61223,11,30
C61223,255,283
C612EC,11,9
C612EC,255,103
C61692,255,254
C616F2,254,33
C617D8,255,273
C6187D,11,23
C6187D,255,625
C6187E,255,440
C61CFB,255,108
C61EBA,255,155
C6203A,11,26
C6203A,255,509
C626AE,255,155
C6286B,255,169
C628F6,255,260
C62D70,255,350
C62DA6,11,6
C62DA6,255,312
C633FC,11,2
C633FC,255,105
C6386B,11,7
C6386B,255,116
C63980,255,376
C63A97,255,109
C63FA8,11,15
C63FA8,255,314
C63FB0,11,3
C63FB0,255,248
C63FD3,11,1
C63FD3,255,172
C640C7,11,4
C640C7,255,229
C6436A,255,403
C643B8,254,26
C64475,254,25
C645FC,254,16
C6461E,255,248
C648E8,11,29
C648E8,255,305
C64AB4,11,3
C64AB4,255,115
C65266,255,140
C6562E,11,6
C6562E,255,698
C6578A,11,28
C6578A,255,245
C659EC,11,1
C659EC,255,240
C65A05,11,14
C65A05,255,400
C65A7B,11,6
C65A7B,255,279
C65DFC,11,16
C65DFC,255,287
C660F2,255,119
C6617B,254,36
C662DB,11,11
C662DB,255,138
C664D3,11,5
C664D3,255,126
C666D5,254,17
C66AA5,255,240
C66ACF,254,24
C66AEF,255,74
C66B8A,255,276
C66C82,255,345
C66CDC,11,16
C66CDC,255,145
C66CF4,254,21
C66D0B,255,376
C66DC0,255,173
C66DE7,255,105
C66E75,254,30
C66EEE,255,112
C66FB2,255,264
C66FD8,255,90
C67082,255,124
C6708F,255,155
C67264,255,122
C672A5,255,102
C673B5,254,27
C673CF,255,376
C674CE,255,131
C67582,255,111
C675B5,255,173
C677D8,255,109
C677DD,255,138
C679D3,255,110
C67A66,255,142
C67BF5,255,153
C67D37,255,391
C67DA5,255,109
C67DAE,11,31
C67DAE,255,210
C67DCC,11,21
C67DCC,255,265
C67DE0,11,8
C67DE0,255,117
C67F67,11,37
C67F67,255,275
C67FBA,255,74
C683CA,255,92
C68564,255,103
C6868D,255,240
C6879C,254,20
C687D8,11,24
C687D8,255,228
C687D9,11,1
C687D9,255,309
C688F3,255,141
C689DA,254,16
C68A6F,11,1
C68A6F,255,109
C68C8F,255,115
C68DD4,255,343
C68E9C,255,129
C68EE8,255,217
C68F6B,0,3
C68F6B,11,28
C68F6B,255,189
C68F6C,255,304
C690BA,255,136
C6924F,255,183
C69374,255,175
C693BF,255,125
C694D9,255,82
C695D2,254,21
C69692,254,24
C696EF,11,127
C696EF,254,43354
C696EF,255,2
C696F0,255,364
C6978B,254,18
C6986D,255,125
C698BC,254,23
C698D9,255,118
C69A8D,254,20
C69B71,255,137
C69BF6,255,129
C69C0C,11,27
C69C0C,255,284
C69D88,255,101
C69E83,255,129
C69E9A,255,132
C69E9C,11,11
C69E9C,255,131
C69EAD,254,36
C69FE7,255,102
C6A095,254,24
C6A164,255,322
C6A16E,254,20
C6A1BB,255,78
C6A254,255,395
C6A3CF,254,30
C6A4DD,255,92
C6A5CC,255,91
C6A77D,11,3
C6A77D,255,83
C6A798,11,11
C6A798,255,268
C6A9C1,255,80
C6A9E2,255,113
C6A9F3,255,69
C6AABB,255,93
C6AABC,254,19
C6AB67,255,150
C6ABD6,255,85
C6ACA0,255,115
C6ADD1,255,117
C6AE00,255,467
C6B07B,11,11
C6B07B,255,140
C6B08C,254,22
C6B0B3,255,129
C6B1C1,255,116
C6B1FD,254,26
C6B279,11,11
C6B279,255,135
C6B388,255,501
C6B3FB,255,155
C6B480,254,32
C6B495,11,5
C6B495,255,14
C6B4A1,255,215
C6B4BF,11,4
C6B4BF,255,430
C6B4FD,11,6
C6B4FD,255,180
C6B579,255,107
C6B589,11,7
C6B589,255,143
C6B666,255,110
C6B689,255,167
C6B6B3,254,33
C6B6DE,255,93
C6B87B,255,374
C6B9DC,255,113
C6BB95,254,20
C6BD25,255,287
C6BDD2,11,22
C6BDD2,255,115
C6BF7B,254,17
C6BFF5,255,97
C6C0E2,255,90
C6C2DE,255,129
C6C3B9,255,390
C6C3DD,11,30
C6C3DD,255,215
C6C4D8,11,11
C6C4D8,255,112
C6C5F2,11,8
C6C5F2,255,250
C6C6E5,255,238
C6C6F8,11,6
C6C6F8,255,117
C6C7EC,254,16
C6C987,255,189
C6CA65,255,87
C6CAFC,255,84
C6CB9D,11,1
C6CB9D,255,335
C6CBB7,255,94
C6CCC8,255,307
C6CD7D,11,8
C6CD7D,255,127
C6CDBC,255,116
C6CDC4,255,124
C6CDD9,255,117
C6CDE8,255,65
C6CE6A,255,176
C6CEF7,11,20
C6CEF7,255,168
C6D03F,11,8
C6D03F,255,525
C6D29C,255,115
C6D2C2,11,4
C6D2C2,255,143
C6D2F3,255,83
C6D33E,11,12
C6D33E,255,385
C6D351,11,26
C6D351,255,250
C6D56A,255,161
C6D782,255,143
C6D869,255,136
C6DA9F,254,25
C6DC71,254,20
C6DCE4,255,96
C6DCED,255,359
C6DD7C,255,159
C6DD94,255,114
C6DDB4,255,100
C6DDB8,254,18
C6DDBF,254,25
C6DE1C,11,22
C6DE1C,255,452
C6DE1D,255,942
C6DF68,255,133
C6DFCA,254,28
C6E341,255,541
C6E3DD,255,144
C6E5A5,11,18
C6E5A5,255,77
C6E792,0,1
C6E792,11,32
C6E792,255,106
C6E7A4,255,257
C6E882,255,128
C6E897,255,96
C6E8AB,255,218
C6E969,254,35
C6E9A1,255,264
C6EB87,255,192
C6EBD2,255,149
C6ECB6,11,5
C6ECB6,255,85
C6EDB1,255,68
C6EE7C,254,24
C6EEF5,255,128
C6EF6F,255,94
C6EFDC,254,31
C6F06B,255,166
C6F094,255,115
C6F0EB,11,8
C6F0EB,254,2
C6F0EB,255,175
C6F191,254,20
C6F1AE,255,157
C6F4DA,254,25
C6F77F,254,30
C6F787,11,19
C6F787,255,136
C6F7AC,255,209
C6F7F0,254,20
C6F8E1,255,120
C6F995,255,102
C6F9DA,255,124
C6F9E4,254,33
C6FA7B,254,19
C6FAB0,254,19
C6FB78,255,269
C6FCF5,255,60
C6FDA0,11,29
C6FDA0,255,242
C6FDD8,254,36
C6FDF2,255,316
C6FEED,255,95
C7013B,255,214
C704CC,254,21
C70744,255,362
C707C3,255,414
C710AC,255,166
C7112F,255,236
C71393,255,136
C71589,11,18
C71589,255,131
C7159B,254,30
C717F1,11,39
C717F1,255,424
C71899,11,3
C71899,255,91
C718C8,255,139
C71AE0,254,22
C71B88,255,92
C71F99,255,178
C723A3,255,165
C727B5,255,91
C72BD1,255,224
C72F6B,11,4
C72F6B,255,110
C73364,255,117
C73A62,254,8
C73A62,255,177
C73A63,255,225
C73EFA,255,181
C745B5,255,85
C74698,255,80
C746D2,11,9
C746D2,255,306
C74700,255,222
C74876,11,43
C74876,255,442
C74AEB,254,1
C74AEB,255,203
C74E8D,255,135
C74EB7,11,8
C74EB7,255,89
C75070,255,109
C751BF,255,182
C75254,2,1
C75254,11,38
C75254,255,214
C75255,11,10
C75255,255,209
C7560D,11,4
C7560D,255,206
C7560E,11,2
C7560E,255,242
C759B0,255,130
C75DB0,11,14
C75DB0,255,63
C75E9A,11,15
C75E9A,255,304
C75FE4,255,290
C764A4,254,23
C764B8,255,86
C764FC,255,126
C76676,11,1
C76676,255,100
C766B4,11,8
C766B4,255,95
C766E2,255,160
C767CC,11,11
C767CC,255,238
C7687A,255,310
C76A6C,255,111
C76B7F,255,135
C76B8A,255,163
C76BF7,11,17
C76BF7,255,69
C76C8B,255,268
C76CE9,255,88
C76D6F,255,97
C76D8E,254,15
C76DC1,254,20
C76DC1,255,291
C76E98,255,69
C7718F,254,24
C77275,254,27
C7728A,255,105
C77366,254,34
C773C2,254,20
C7746E,254,24
C774F0,255,159
C775AE,255,164
C775E1,254,27
C775E7,254,16
C7767A,255,165
C77892,255,129
C77911,255,243
C77A80,11,15
C77A80,255,116
C77BE8,254,37
C77C07,11,11
C77C07,255,346
C77C74,255,269
C77CD7,255,67
C77CE2,254,32
C77CFC,254,16
C77EC7,254,22
C77EE8,255,156
C77F84,255,147
C77FE8,254,25
C780D4,254,18
C780F7,255,73
C78123,11,3
C78123,255,354
C782C1,255,180
C782DE,255,433
C78491,255,147
C78589,254,21
C78897,255,170
C78A99,255,118
C78AD4,255,105
C78AE7,255,85
C78B9C,255,125
C78B9E,11,7
C78B9E,255,111
C78BF8,255,103
C78C6C,254,22
C78C78,2,1
C78C78,11,25
C78C78,255,62
C78D9A,254,33
C78DE6,254,22
C78DF3,255,102
C78E80,255,201
C78E83,254,19
C78ED9,255,122
C78F84,254,15
C78F8E,11,1
C78F8E,255,148
C78FDD,255,248
C7906D,11,12
C7906D,255,66
C79071,255,134
C790C6,254,29
C79265,254,36
C79298,255,185
C79584,254,16
C795BD,11,3
C795BD,255,283
C7976B,255,133
C797CE,255,115
C79A52,255,365
C79A8F,11,22
C79A8F,255,173
C7A097,255,100
C7A0D3,255,117
C7A0E4,254,25
C7A284,255,150
C7A366,254,27
C7A3BA,11,13
C7A3BA,255,114
C7A3C3,255,75
C7A474,254,33
C7A4C8,254,4
C7A4C8,255,350
C7A5F2,255,90
C7A60F,255,332
C7A685,11,6
C7A685,255,112
C7A70E,11,10
C7A70E,255,306
C7A8C1,255,135
C7A984,11,7
C7A984,255,103
C7A9C2,255,364
C7A9F3,254,22
C7AA3B,255,849
C7AA77,11,9
C7AA77,255,249
C7AA87,254,25
C7AAEF,11,11
C7AAEF,255,142
C7AC3C,11,7
C7AC3C,255,321
C7AC71,255,112
C7ACB5,255,89
C7ACE4,255,100
C7ADC1,254,16
C7ADDA,254,24
C7AE71,255,249
C7AEBC,255,151
C7AEEF,255,197
C7AF71,255,113
C7B089,254,26
C7B1DA,255,194
C7B497,255,108
C7B4EC,255,108
C7B55F,11,45
C7B55F,255,410
C7B5B7,11,8
C7B5B7,255,156
C7B66B,254,26
C7B7DE,255,117
C7B81F,255,219
C7B8E5,255,98
C7B979,255,107
C7BA67,11,2
C7BA67,255,85
C7BAB7,254,22
C7BACC,255,97
C7BB66,11,12
C7BB66,255,171
C7BB84,255,102
C7BBFB,11,41
C7BBFB,255,367
C7BC7F,255,101
C7BCCE,254,19
C7BCF5,254,36
C7BDA9,255,158
C7BDE6,255,262
C7BDEC,255,182
C7BE7F,11,12
C7BE7F,255,116
C7BEF7,254,2
C7BEF8,254,20
C7BF0B,11,4
C7BF0B,255,188
C7BF50,255,305
C7BF9F,255,80
C7BFBA,255,136
C7BFF3,255,120
C7C169,255,70
C7C2EC,11,12
C7C2EC,255,316
C7C2F6,255,164
C7C3C4,255,138
C7C5D7,11,12
C7C5D7,255,99
C7C678,255,603
C7C7A5,255,91
C7C8DD,11,4
C7C8DD,255,250
C7C8F0,255,128
C7C9BB,254,17
C7CAC5,254,28
C7CEB3,254,22
C7CFA0,254,32
C7CFA0,255,280
C7CFB8,255,144
C7D29F,255,90
C7D366,255,132
C7D36E,11,7
C7D36E,255,185
C7D382,254,31
C7D49C,255,88
C7D49F,11,1
C7D49F,255,124
C7D6BE,254,25
C7D765,11,8
C7D765,255,227
C7D78D,255,98
C7D897,255,81
C7DBA0,255,140
C7DCEE,11,9
C7DCEE,255,132
C7DF70,255,260
C7DFCF,11,1
C7DFCF,255,167
C7E0FE,255,210
C7E18B,255,180
C7E1E5,254,23
C7E2F1,255,72
C7E3CA,255,84
C7E3FA,255,390
C7E57F,255,95
C7E5B3,254,23
C7E665,255,218
C7E6AB,255,137
C7E6FD,254,18
C7E767,255,110
C7E866,255,118
C7E9EE,254,34
C7EA6A,255,119
C7ED87,255,160
C7EEEB,255,135
C7EFA0,11,12
C7EFA0,255,509
C7F1A5,254,21
C7F1BC,254,21
C7F290,255,114
C7F3B3,11,9
C7F3B3,255,124
C7F3BD,254,19
C7F4E9,255,74
C7F530,11,7
C7F530,255,282
C7F56E,11,7
C7F56E,255,377
C7F5DE,255,346
C7F6EB,255,97
C7F6F5,255,173
C7F718,255,455
C7F7EF,255,132
C7F89D,255,79
C7FF6C,255,337
C8017F,255,68
C808C3,255,710
C808FF,11,1
C808FF,255,274
C80B09,11,20
C80B09,255,257
C80DCD,255,361
C81197,255,118
C812A4,11,9
C812A4,255,157
C816CD,11,5
C816CD,255,331
C81975,255,231
C819E1,255,106
C81AEC,11,16
C81AEC,255,76
C81FF0,255,139
C82196,11,2
C82196,255,322
C8219A,255,106
C82378,255,151
C828A4,255,111
C82C9D,255,90
C82D64,255,245
C82DF9,255,101
C8327D,254,27
C83334,255,403
C838E9,11,1
C838E9,255,233
C83EC1,255,238
C83F04,255,374
C840F7,11,11
C840F7,255,294
C841E4,11,3
C841E4,255,359
C84A6D,254,37
C84A87,11,19
C84A87,255,241
C84AE5,11,13
C84AE5,255,93
C84AFB,255,87
C84BB6,254,28
C84E0D,11,27
C84E0D,255,366
C84F10,255,349
C8506D,254,26
C85088,255,102
C850A8,254,14
C85168,255,392
C85390,255,120
C853CA,254,23
C85468,11,15
C85468,255,182
C85469,255,232
C8546C,11,11
C8546C,255,115
C859AD,11,11
C859AD,255,87
C85B67,255,453
C85CE4,254,18
C85DC1,254,13
C86178,254,28
C861BE,11,6
C861BE,255,241
C8658D,254,21
C865CE,255,104
C865DF,254,15
C865E3,255,307
C866E1,254,26
C86798,11,13
C86798,255,111
C867F8,255,139
C8694E,255,381
C869B9,255,128
C86AD2,255,147
C86AF6,255,140
C86B85,254,22
C86BC2,255,115
C86BC7,255,130
C86BD6,254,29
C86BF6,255,88
C86C3D,254,160
C86C3E,255,269
C86C6A,255,80
C86CB7,11,6
C86CB7,255,182
C86CC2,255,120
C86DCE,254,19
C86E98,255,78
C86FB5,11,5
C86FB5,255,309
C8717B,11,8
C8717B,255,141
C872D8,255,315
C873A0,11,2
C873A0,255,102
C873A1,255,334
C873CB,254,30
C873E9,254,2
C8748F,254,33
C87497,255,92
C87782,11,16
C87782,255,211
C87883,11,1
C87883,255,234
C878A0,255,147
C879B4,254,24
C87A9D,11,20
C87A9D,255,575
C87AEE,255,95
C87DC0,255,75
C87E64,254,24
C87E6E,11,8
C87E6E,255,136
C87EF7,255,94
C87F69,255,104
C87FC0,255,73
C8809B,255,113
C88174,255,424
C88175,255,427
C881DB,255,87
C882F5,11,17
C882F5,255,155
C884AB,254,20
C88574,11,22
C88574,255,226
C88575,11,29
C88575,255,199
C88895,255,110
C888CF,254,25
C88978,11,4
C88978,255,206
C889A4,254,23
C889AB,255,141
C88AE6,255,113
C88B17,11,5
C88B17,254,2
C88B17,255,207
C88B18,255,376
C88BD4,255,205
C88C73,255,518
C88CCC,255,153
C88D9C,11,12
C88D9C,255,121
C88DA8,255,96
C88DCC,255,140
C88DDE,254,31
C88EDE,11,9
C88EDE,255,69
C88FFD,255,219
C89097,254,29
C892C7,255,243
C893CB,254,35
C8948B,254,24
C8956D,254,23
C89588,255,115
C89670,254,26
C8970E,255,169
C897B6,255,174
C897E1,254,28
C897E4,255,114
C899D3,11,17
C899D3,255,249
C899EA,254,24
C89AF2,254,24
C89BDE,11,24
C89BDE,255,268
C89DBE,255,228
C89DC2,255,104
C8A072,254,33
C8A09D,11,21
C8A09D,255,326
C8A3AD,255,115
C8A4B9,254,26
C8A589,255,91
C8A5FA,11,32
C8A5FA,255,358
C8A6B7,255,309
C8A6D6,255,127
C8A6E9,254,23
C8A783,254,25
C8A7CD,11,3
C8A7CD,255,298
C8A889,255,99
C8AACF,254,24
C8AB8C,255,91
C8AC6E,11,1
C8AC6E,255,89
C8ACAA,255,93
C8ACF0,11,3
C8ACF0,255,136
C8AE71,11,1
C8AE71,255,163
C8AEAF,255,420
C8AF7E,255,78
C8AFA3,255,139
C8B068,254,29
C8B28C,254,26
C8B372,254,21
C8B6A5,11,12
C8B6A5,255,351
C8B7C2,255,101
C8B7DD,11,38
C8B7DD,255,690
C8B8EF,11,23
C8B8EF,255,166
C8B981,255,206
C8B9A1,255,268
C8BA75,255,120
C8BA7E,255,96
C8BB6D,254,27
C8BB9D,11,15
C8BB9D,255,173
C8BBDA,11,12
C8BBDA,255,296
C8BD1F,11,1
C8BD1F,255,300
C8BD70,255,106
C8BF8C,255,120
C8C0DF,11,20
C8C0DF,255,283
C8C0E7,255,237
C8C1BA,255,64
C8C39D,255,160
C8C6D1,11,16
C8C6D1,255,146
C8C6FB,11,25
C8C6FB,255,183
C8C6FC,11,36
C8C6FC,255,192
C8C7D2,255,291
C8C89B,255,105
C8C969,254,27
C8C96F,11,14
C8C96F,255,61
C8CDE9,255,66
C8CDEA,2,1
C8CDEA,11,28
C8CDEA,255,143
C8D0A0,255,78
C8D0EA,254,28
C8D105,11,10
C8D105,255,333
C8D3CD,254,17
C8D3CD,255,297
C8D56E,255,100
C8D5C6,255,202
C8D6CA,11,10
C8D6CA,254,1
C8D6CA,255,159
C8D6D9,255,223
C8D7B6,255,75
C8DA73,254,27
C8DA8A,254,26
C8DB5C,11,25
C8DB5C,255,615
C8DB74,254,24
C8DB89,254,33
C8DBDF,254,24
C8DCEB,0,1
C8DCEB,11,7
C8DCEB,255,461
C8DD9F,255,63
C8DFAD,11,20
C8DFAD,255,267
C8DFCF,255,283
C8E2ED,254,14
C8E2EE,255,139
C8E4DC,255,132
C8E4F8,255,84
C8E68B,255,201
C8E964,255,169
C8E9BC,255,123
C8E9D4,255,158
C8E9F0,255,98
C8EA80,255,130
C8EAA5,255,145
C8EAC7,255,114
C8EB9F,255,168
C8ECAC,254,12
C8ECC1,255,136
C8ED9C,11,5
C8ED9C,255,168
C8EE85,254,10
C8EEDF,11,23
C8EEDF,255,162
C8EF75,255,128
C8EF8B,254,19
C8EFAE,11,3
C8EFAE,255,124
C8EFBE,11,17
C8EFBE,255,348
C8F06A,254,23
C8F1A5,11,27
C8F1A5,255,163
C8F1D8,255,156
C8F28A,11,8
C8F28A,255,418
C8F2A6,254,32
C8F4A6,11,1
C8F4A6,255,407
C8F4E8,254,23
C8F4EA,255,97
C8F5F8,255,133
C8F6F5,254,33
C8F782,11,16
C8F782,255,58
C8F7CD,255,111
C8F8F9,255,374
C8FA76,254,16
C8FCBB,255,919
C8FDD2,11,11
C8FDD2,255,150
C8FE7E,255,221
C8FEA0,255,104
C8FEF8,255,100
C902E0,255,284
C903D0,255,216
C903E2,255,420
C906E2,11,5
C906E2,255,272
C9097A,254,41
C913AE,254,19
C91469,11,1
C91469,255,134
C91B78,255,245
C91D97,11,25
C91D97,255,470
C91DAA,255,129
C91DC4,255,317
C922F0,255,146
C925F5,255,172
C9270E,254,1
C9270E,255,208
C9270F,255,218
C92983,11,7
C92983,255,66
C929AD,11,3
C929AD,255,211
C92A15,255,272
C92AE7,255,90
C92C84,255,119
C92C9D,254,22
C92CAA,255,131
C92D74,255,117
C93A71,254,23
C93ABA,254,32
C93BD0,255,67
C93F51,11,7
C93F51,255,203
C940A4,255,286
C9424B,255,258
C947D5,255,237
C949D4,255,92
C94FA3,255,606
C94FA4,11,69
C94FA4,255,689
C953D7,11,10
C953D7,255,372
C956D6,254,4
C956D6,255,273
C956D7,255,300
C95DAE,11,9
C95DAE,255,65
C96258,255,460
C9656F,255,90
C96570,11,3
C96570,255,99
C966D1,255,117
C966F6,255,74
C9672C,255,282
C9688C,255,123
C968CC,254,22
C96921,255,218
C96A9A,255,124
C96B91,255,143
C96DB5,255,353
C96FD0,254,17
C970A6,11,18
C970A6,255,118
C9738B,11,7
C9738B,255,252
C9752E,255,270
C97670,11,31
C97670,255,181
C976A0,255,293
C978AC,254,35
C978F0,255,85
C97A65,254,18
C97A71,255,142
C97B97,255,505
C97BEE,255,74
C97C82,255,151
C97D68,255,83
C97DBD,255,160
C97E7E,255,113
C97E80,255,199
C97EA1,255,137
C97ED8,254,25
C97F90,255,59
C97FCC,11,2
C97FCC,255,200
C98288,11,3
C98288,255,342
C983C4,11,26
C983C4,255,177
C98462,11,26
C98462,255,215
C98699,11,3
C98699,255,207
C986B7,254,24
C986E8,11,26
C986E8,255,198
C986FB,255,147
C9887F,254,32
C9888D,255,172
C988EE,11,18
C988EE,255,503
C989CD,255,74
C989E3,11,17
C989E3,255,206
C98A76,254,1
C98A76,255,123
C98AEE,255,94
C98B00,11,33
C98B00,255,600
C98B73,255,88
C98BD5,255,134
C98DC9,254,18
C98E8E,11,14
C98E8E,255,436
C98EA0,255,101
C98EC5,254,23
C98EC9,254,41
C98EE2,254,20
C98F81,254,22
C991A4,254,21
C991CE,255,167
C992B5,255,118
C992C4,255,147
C9937A,254,26
C9937D,255,76
C993FB,11,1
C993FB,255,163
C9948F,11,3
C9948F,255,99
C995BA,255,207
C995BB,255,202
C995EF,255,133
C997EB,11,10
C997EB,255,179
C998CA,0,1
C998CA,11,15
C998CA,255,215
C999C3,255,153
C99AD2,254,14
C99AF5,11,16
C99AF5,255,244
C99AFA,254,25
C99B69,255,95
C99B71,11,4
C99B71,255,106
C99B7B,255,282
C99BDB,254,32
C99C81,255,258
C99C86,254,16
C99D43,11,6
C99D43,254,5
C99D43,255,129
C99D44,11,32
C99D44,255,244
C99D75,255,118
C99F70,254,21
C99F77,255,120
C9A159,255,239
C9A1A0,11,13
C9A1A0,255,112
C9A1A7,255,173
C9A1CB,255,152
C9A1F3,255,139
C9A3A0,254,35
C9A612,255,228
C9A771,255,393
C9A817,255,147
C9A8C0,255,115
C9A8CD,255,140
C9AA3B,11,14
C9AA3B,255,344
C9AAB2,255,209
C9AB85,255,93
C9AB95,254,27
C9AC9F,254,19
C9AD76,11,14
C9AD76,255,127
C9AE77,255,195
C9AE8F,255,90
C9AF7F,255,164
C9B0A2,11,9
C9B0A2,255,270
C9B0A7,255,98
C9B26F,254,26
C9B4A4,255,132
C9B59B,255,91
C9B5E4,255,68
C9B5EC,11,14
C9B5EC,255,116
C9B5F5,254,28
C9B5F6,254,21
C9B7B7,254,31
C9B7F8,11,9
C9B7F8,255,171
C9B968,255,240
C9B975,11,17
C9B975,255,148
C9B9F9,11,9
C9B9F9,255,190
C9BAD6,255,117
C9BB98,255,161
C9BC7A,255,109
C9BC7F,255,142
C9BE67,11,10
C9BE67,255,108
C9BE7C,255,437
C9BEA7,11,9
C9BEA7,255,320
C9BEE8,255,278
C9BFC3,255,95
C9C0D0,254,34
C9C0EB,255,66
C9C1EA,255,144
C9C1EC,255,47
C9C367,255,169
C9C3E9,254,31
C9C464,11,42
C9C464,255,475
C9C4D4,254,41
C9C4FA,11,19
C9C4FA,255,125
C9C6B1,11,2
C9C6B1,255,215
C9C6F4,255,101
C9C6F7,11,2
C9C6F7,255,118
C9C777,254,29
C9C7E7,254,24
C9C865,255,79
C9C87C,11,11
C9C87C,255,208
C9CAC1,254,23
C9CBD8,11,4
C9CBD8,255,168
C9CCF3,255,102
C9CD94,255,97
C9CEB9,11,15
C9CEB9,255,73
C9CFD8,254,22
C9D09B,255,157
C9D09D,254,26
C9D2D4,255,121
C9D36A,254,1
C9D36D,11,2
C9D36D,255,115
C9D568,255,102
C9D581,255,142
C9D5CB,254,33
C9D683,254,25
C9D774,255,249
C9D7A9,254,17
C9D7B3,254,26
C9D7B7,255,233
C9DBF2,255,93
C9DDC1,254,22
C9DE77,11,4
C9DE77,255,362
C9DE80,254,22
C9DEE0,11,25
C9DEE0,255,132
C9DF23,11,5
C9DF23,255,355
C9DF6C,255,127
C9DF70,254,7
C9DF78,255,149
C9DFC9,255,102
C9DFDB,254,20
C9E197,255,269
C9E25C,255,491
C9E2C1,254,20
C9E3D1,255,88
C9E565,11,20
C9E565,255,107
C9E584,255,299
C9E5B6,255,73
C9E680,254,29
C9E692,255,227
C9E767,254,24
C9E7C0,254,27
C9E8A7,11,3
C9E8A7,255,217
C9E973,11,3
C9E973,255,288
C9EB6F,255,261
C9EB9B,254,27
C9EBCF,11,8
C9EBCF,255,120
C9EBD7,255,121
C9EC6F,255,161
C9EDE5,11,6
C9EDE5,255,181
C9EFDB,255,232
C9F095,11,12
C9F095,255,110
C9F0CA,11,2
C9F0CA,255,179
C9F2AA,11,9
C9F2AA,255,474
C9F48E,255,158
C9F4C6,255,131
C9F6A5,255,100
C9F70E,255,583
C9F7E1,11,9
C9F7E1,255,122
C9F7F9,254,32
C9F8DE,255,138
C9F96A,255,106
C9F971,255,86
C9F9BB,255,127
C9F9C2,255,126
C9FA66,254,20
C9FAA7,255,107
C9FAD3,255,126
C9FAF9,254,21
C9FD69,254,24
C9FDE6,255,224
C9FEE7,11,15
C9FEE7,255,115
C9FEF0,11,11
C9FEF0,255,176
C9FEFC,2,1
C9FEFC,11,24
C9FEFC,255,110
CA0099,255,300
CA0101,11,17
CA0101,255,134
CA01D0,255,532
CA02A2,11,20
CA02A2,255,107
CA02BD,255,237
CA04E5,11,23
CA04E5,255,350
CA0673,255,252
CA0C33,11,21
CA0C33,255,575
CA10EA,255,126
CA14F5,255,334
CA155E,11,21
CA155E,255,435
CA16A3,11,30
CA16A3,255,787
CA19E8,11,3
CA19E8,255,123
CA1CC9,255,84
CA1FD9,11,8
CA1FD9,255,431
CA2166,11,12
CA2166,255,297
CA251E,11,14
CA251E,255,322
CA254D,255,209
CA254E,11,1
CA254E,255,277
CA2749,255,394
CA28C6,255,220
CA2BB5,255,336
CA2CB0,255,81
CA2CE5,11,17
CA2CE5,255,116
CA3175,255,316
CA3986,255,116
CA3BDD,255,106
CA3EBB,255,165
CA3F7A,11,12
CA3F7A,255,221
CA3F7B,255,440
CA458A,255,146
CA469F,11,10
CA469F,255,195
CA4861,255,288
CA487D,255,175
CA4B05,255,274
CA4C0D,11,8
CA4C0D,255,337
CA4FD0,254,23
CA5371,254,28
CA55DC,255,87
CA55F1,255,179
CA57DD,255,168
CA5848,11,14
CA5848,255,271
CA5C97,11,2
CA5C97,255,337
CA649D,254,30
CA667D,0,1
CA667D,255,124
CA66C7,255,50
CA6887,11,3
CA6887,255,234
CA6C79,255,274
CA6D86,255,131
CA716D,255,241
CA7179,254,22
CA7195,255,173
CA71AD,11,15
CA71AD,255,157
CA7297,255,336
CA73E9,255,155
CA7588,254,26
CA75B0,254,17
CA75BC,255,92
CA78C4,255,258
CA798A,255,123
CA7AFC,254,24
CA7B27,11,32
CA7B27,255,301
CA7B9B,11,19
CA7B9B,255,276
CA7BB5,255,259
CA7C89,255,95
CA7CB0,255,322
CA7DCE,255,200
CA7DE0,11,13
CA7DE0,255,328
CA7E7B,255,201
CA7E8B,255,185
CA7E99,11,15
CA7E99,254,2
CA7E99,255,166
CA7EE4,11,11
CA7EE4,255,230
CA7FB8,255,227
CA7FD6,11,20
CA7FD6,255,116
CA8065,254,23
CA8095,255,200
CA837D,254,24
CA83E2,255,189
CA848B,11,16
CA848B,255,185
CA85B8,255,180
CA85DB,255,125
CA86E2,255,117
CA86FE,11,15
CA86FE,255,114
CA8743,255,268
CA888A,11,10
CA888A,255,263
CA88F4,255,168
CA8A7D,11,14
CA8A7D,255,95
CA8A96,254,28
CA8ABF,255,308
CA8B79,255,121
CA8E7D,255,59
CA8E98,255,87
CA8EB7,254,37
CA8F8D,255,125
CA90C7,255,223
CA90DB,11,18
CA90DB,255,635
CA9169,255,230
CA937C,255,135
CA9388,255,120
CA95F3,255,184
CA9697,254,27
CA96D6,11,3
CA96D6,255,89
CA96D8,254,19
CA96FB,255,207
CA9780,255,113
CA988C,255,171
CA998D,255,116
CA9CEB,255,87
CA9D65,254,21
CA9EF0,11,3
CA9EF0,255,80
CA9FD1,254,20
CA9FD6,11,6
CA9FD6,255,131
CAA0B9,255,911
CAA385,11,14
CAA385,255,102
CAA470,255,149
CAA4CC,254,29
CAA5DB,255,133
CAA87A,255,86
CAA8FD,254,19
CAA9D9,255,87
CAAA7E,255,69
CAAB85,11,5
CAAB85,255,61
CAAB99,255,106
CAAF7E,254,24
CAB07C,254,29
CAB164,255,96
CAB1D9,255,120
CAB1FE,255,180
CAB3D9,11,2
CAB3D9,255,237
CAB4B7,11,16
CAB4B7,255,62
CAB5F8,255,109
CAB782,254,19
CAB7AE,255,81
CAB8B6,254,24
CAB8F5,254,3
CAB9D5,255,109
CABAC3,255,128
CABADE,255,211
CABAF6,255,126
CABB7A,11,6
CABB7A,255,89
CABBB6,255,231
CABBB7,254,21
CABCCB,254,21
CABCD0,254,18
CABDA8,255,124
CABDBB,255,93
CABDBD,255,116
CABE84,255,135
CABFC4,11,1
CABFC4,255,159
CABFD4,254,25
CABFDE,255,69
CAC08D,255,236
CAC0AE,255,110
CAC0F8,255,76
CAC1DC,254,24
CAC1E6,254,23
CAC36A,255,295
CAC3A3,255,129
CAC3DB,255,78
CAC80A,11,33
CAC80A,255,284
CAC883,255,132
CAC88F,255,129
CAC896,255,213
CAC98B,254,23
CAC9B9,254,18
CACA95,255,393
CACAA2,254,26
CACB91,11,5
CACB91,255,143
CACDC6,11,9
CACDC6,255,428
CACDF1,11,19
CACDF1,255,171
CACE03,11,13
CACE03,255,263
CACF6C,254,29
CACF83,254,20
CACFBD,254,35
CACFD9,255,147
CAD08E,11,5
CAD08E,255,99
CAD1F3,255,79
CAD226,255,318
CAD26C,255,84
CAD296,254,23
CAD392,254,27
CAD3A6,255,147
CAD3C3,11,11
CAD3C3,255,133
CAD4F8,255,121
CAD5A4,255,112
CAD5BD,254,33
CAD5F1,255,138
CAD697,255,180
CAD7CF,255,111
CAD872,255,106
CAD884,254,35
CAD8BA,254,24
CAD9A6,255,247
CAD9C6,255,87
CADAC9,255,123
CADC99,11,2
CADC99,255,284
CADCA2,254,17
CADCE8,255,74
CADE69,254,29
CADE87,255,133
CAE0C6,254,18
CAE16C,254,25
CAE2C6,254,33
CAE2DD,254,42
CAE2E9,11,12
CAE2E9,255,122
CAE3B0,254,21
CAE469,254,22
CAE479,255,110
CAE4BB,11,5
CAE4BB,255,143
CAE4D3,255,145
CAE668,255,89
CAE68A,254,35
CAEA9C,255,90
CAEB95,255,161
CAEB9B,255,106
CAECBB,11,9
CAECBB,255,103
CAED64,254,23
CAEDE2,255,187
CAEDEB,255,135
CAEFF4,255,140
CAF06B,255,123
CAF0C1,254,21
CAF0EE,255,123
CAF17F,11,3
CAF17F,255,150
CAF193,255,132
CAF26E,254,26
CAF2E7,255,83
CAF392,255,109
CAF481,255,208
CAF482,11,10
CAF482,255,275
CAF4A3,11,14
CAF4A3,255,125
CAF4D0,254,18
CAF58D,255,113
CAF6B9,255,125
CAF718,2,1
CAF718,11,29
CAF718,255,143
CAF78E,254,23
CAF7B5,254,16
CAF86C,254,32
CAF8F5,255,108
CAF917,11,2
CAF917,255,275
CAF98C,255,141
CAF9B6,254,41
CAFAC7,255,109
CAFEC5,11,2
CAFEC5,255,136
CB0176,11,7
CB0176,255,199
CB02A9,11,10
CB02A9,255,187
CB043B,11,9
CB043B,255,278
CB059C,11,22
CB059C,255,109
CB05FE,255,211
CB068C,254,30
CB0733,255,387
CB0B81,255,97
CB0BEF,255,109
CB0CAE,255,101
CB0ECA,255,368
CB176A,2,1
CB176A,11,26
CB176A,255,168
CB1B06,11,7
CB1B06,255,312
CB1EC9,255,197
CB1FE6,11,9
CB1FE6,254,2
CB1FE6,255,76
CB2299,255,79
CB23ED,255,79
CB2464,11,10
CB2464,255,133
CB2465,11,15
CB2465,255,166
CB27F9,255,141
CB29A7,255,397
CB29E3,255,145
CB2B48,255,452
CB37DF,11,5
CB37DF,255,74
CB39E2,255,60
CB3AB2,255,146
CB3B5E,255,122
CB3D31,255,263
CB3D45,11,61
CB3D45,255,594
CB3DA0,254,33
CB3E49,0,1
CB3E49,11,13
CB3E49,255,413
CB3E6C,255,185
CB3F87,255,329
CB401F,11,32
CB401F,255,459
CB4141,11,20
CB4141,255,475
CB41CF,11,19
CB41CF,255,351
CB4482,255,143
CB44D4,254,22
CB44D9,254,23
CB51DF,255,175
CB546A,255,274
CB5758,11,30
CB5758,255,234
CB577F,0,1
CB577F,11,2
CB577F,254,290
CB5889,255,113
CB5A82,11,2
CB5A82,255,132
CB5B83,11,14
CB5B83,255,120
CB60F3,11,5
CB60F3,255,204
CB61C5,255,200
CB621D,11,15
CB621D,255,417
CB6465,254,32
CB64DA,254,32
CB6581,255,145
CB6672,255,263
CB667C,254,28
CB66A3,255,112
CB677F,255,147
CB687D,255,120
CB69F0,254,17
CB69FD,255,128
CB6AA0,255,271
CB6AC6,254,29
CB6ACA,254,32
CB6B6B,255,110
CB6B97,255,99
CB6DC6,254,26
CB6EDF,254,14
CB6F67,255,112
CB70A4,255,166
CB70CF,254,34
CB70F9,254,31
CB7370,255,148
CB73A4,11,2
CB73A4,255,380
CB74AB,255,106
CB7574,255,248
CB75A9,11,12
CB75A9,255,241
CB75DA,254,26
CB75E2,255,106
CB76EA,255,93
CB76EE,255,167
CB777D,11,20
CB777D,255,144
CB78B7,254,12
CB78C3,255,133
CB78F5,255,145
CB79A1,255,81
CB79E4,254,19
CB79E6,255,128
CB7A8D,255,121
CB7AAC,255,148
CB7BE3,11,24
CB7BE3,255,361
CB7C7C,254,31
CB7C8F,255,101
CB7CBC,11,7
CB7CBC,255,278
CB7CC3,255,100
CB7CF8,254,23
CB7D98,255,231
CB7F7A,255,109
CB80C4,11,1
CB80C4,255,412
CB80EE,11,3
CB80EE,255,140
CB80FD,11,40
CB80FD,255,313
CB82B1,255,169
CB839A,255,256
CB839E,11,4
CB839E,255,140
CB83C7,11,5
CB83C7,255,150
CB84B2,11,10
CB84B2,255,86
CB84CD,11,8
CB84CD,255,230
CB8573,11,1
CB8573,255,127
CB858A,254,26
CB85EF,254,22
CB85F6,11,11
CB85F6,255,84
CB86F7,255,96
CB887A,255,165
CB88B6,2,1
CB88B6,11,33
CB88B6,255,241
CB88EB,11,9
CB88EB,255,182
CB88FB,11,16
CB88FB,255,57
CB89B5,255,83
CB8C86,255,238
CB8DEC,255,147
CB8E75,255,77
CB8F6A,11,6
CB8F6A,255,115
CB8FBC,255,122
CB8FD8,255,190
CB9047,255,240
CB907E,11,9
CB907E,255,183
CB9086,254,25
CB90BD,255,121
CB91AF,255,84
CB9483,254,32
CB9532,11,9
CB9532,255,250
CB9795,254,21
CB97B0,254,1
CB97C9,254,29
CB9872,254,19
CB98DA,255,105
CB9A84,255,113
CB9AAA,11,10
CB9AAA,255,167
CB9B99,255,82
CB9C69,255,87
CBA1F2,255,83
CBA39B,255,119
CBA3CC,255,91
CBA487,255,88
CBA7F0,254,26
CBA98F,254,17
CBA9BE,255,75
CBAB90,255,264
CBACDF,11,2
CBACDF,255,212
CBACF7,254,17
CBAFAB,255,254
CBAFCC,255,270
CBB091,255,131
CBB0C1,255,104
CBB26F,11,11
CBB26F,255,496
CBB2CB,255,83
CBB2F0,254,1
CBB366,255,127
CBB3CE,255,99
CBB48C,255,91
CBB572,255,138
CBB5C5,2,1
CBB5C5,11,46
CBB5C5,255,528
CBB5CB,255,157
CBB6CF,254,12
CBB7E4,255,193
CBB88B,11,2
CBB88B,255,125
CBB8E4,11,16
CBB8E4,255,130
CBB986,255,117
CBBA1B,255,583
CBBAA9,255,126
CBBB80,254,41
CBBD9C,255,135
CBBEC4,11,10
CBBEC4,255,256
CBBF7C,255,284
CBC0D3,254,20
CBC0F6,255,310
CBC272,254,26
CBC2FA,254,16
CBC492,254,27
CBC5FA,255,215
CBC674,11,24
CBC674,255,271
CBC7A6,255,126
CBC93B,255,301
CBCAF7,255,75
CBCF8A,11,10
CBCF8A,255,156
CBCF9E,11,13
CBCF9E,255,140
CBCFFA,255,108
CBD16B,254,33
CBD1D2,255,384
CBD1F7,254,21
CBD2D7,11,6
CBD2D7,255,125
CBD36C,11,3
CBD36C,255,294
CBD4A8,254,27
CBD56C,255,356
CBD6C0,255,109
CBD858,255,326
CBD884,254,18
CBD8CE,11,5
CBD8CE,255,451
CBD968,254,20
CBD993,255,408
CBDA8D,255,113
CBDAF7,255,136
CBDB7B,255,422
CBDBEE,255,305
CBDCF6,11,8
CBDCF6,255,82
CBDDB4,255,122
CBDDD1,11,10
CBDDD1,255,95
CBE0A2,255,241
CBE0BD,254,23
CBE0E4,11,19
CBE0E4,255,256
CBE182,255,121
CBE1E0,254,31
CBE1E5,254,32
CBE463,255,360
CBE4A2,11,6
CBE4A2,255,88
CBE7C4,255,148
CBEA95,11,6
CBEA95,255,398
CBEBB9,255,87
CBEBD8,254,35
CBECCD,255,123
CBEDB8,255,123
CBF0F1,254,23
CBF1CC,11,11
CBF1CC,255,62
CBF1CF,1,1
CBF1CF,11,4
CBF1CF,255,170
CBF1E6,255,203
CBF2D4,254,26
CBF2D8,254,29
CBF36A,255,151
CBF3EC,255,97
CBF4AE,11,2
CBF4AE,255,296
CBF502,254,1
CBF502,255,359
CBF694,254,26
CBF8B4,254,31
CBFA6B,254,24
CBFAC5,255,136
CBFC7C,255,134
CBFC87,254,26
CBFCC6,255,82
CBFE8B,255,207
CBFED3,255,106
CC01A6,11,33
CC01A6,255,414
CC096C,255,247
CC0B56,255,603
CC0DF3,254,30
CC166C,255,121
CC1AF2,255,135
CC1BC0,11,17
CC1BC0,255,399
CC1D90,1,1
CC1D90,11,13
CC1D90,255,172
CC1EB3,11,2
CC1EB3,255,227
CC2182,255,123
CC237E,255,117
CC2381,254,31
CC23D8,255,223
CC2465,255,94
CC285E,11,38
CC285E,255,926
CC2886,255,150
CC2D52,255,601
CC2F94,11,11
CC2F94,255,281
CC35B5,255,147
CC37CC,11,19
CC37CC,255,99
CC381C,11,1
CC381C,255,333
CC396A,11,3
CC396A,254,22
CC396A,255,197
CC3B83,11,15
CC3B83,255,122
CC3BF6,11,13
CC3BF6,255,80
CC3C8E,11,11
CC3C8E,255,163
CC3EC3,255,82
CC40A5,255,66
CC40CE,255,111
CC40DA,255,125
CC4186,255,547
CC43B8,11,11
CC43B8,255,114
CC49F9,11,10
CC49F9,255,106
CC4D11,11,21
CC4D11,255,381
CC5295,255,21
CC5296,255,288
CC533A,254,7
CC533A,255,173
CC533B,255,266
CC59B0,255,144
CC5D85,254,6
CC5D85,255,81
CC5EEF,255,291
CC6565,254,19
CC6598,255,142
CC65DD,255,166
CC671D,255,259
CC67BB,254,31
CC67C7,254,16
CC6982,254,37
CC6985,11,21
CC6985,255,96
CC699A,255,67
CC6ABA,11,25
CC6ABA,255,229
CC6ABB,254,28
CC6AD3,255,266
CC6AE6,255,142
CC6AF5,255,87
CC6BCE,255,162
CC6D9C,254,20
CC6E65,255,105
CC6E66,254,32
CC6EBF,255,61
CC6FA5,254,29
CC70F3,255,192
CC7375,11,3
CC7375,255,225
CC73BA,255,211
CC73C3,254,20
CC73CA,255,215
CC73CB,255,320
CC76B4,11,21
CC76B4,255,160
CC7755,11,7
CC7755,255,441
CC7874,254,32
CC787B,11,2
CC787B,255,128
CC797C,11,15
CC797C,255,120
CC79E8,254,24
CC7A8A,254,41
CC7B7F,255,189
CC7C8D,255,138
CC7CB1,254,22
CC7CF7,255,130
CC7D9B,255,142
CC7F6E,255,98
CC7FF0,11,19
CC7FF0,255,93
CC81D7,255,144
CC82E3,255,61
CC8321,255,195
CC8A15,11,7
CC8A15,255,330
CC8A8B,255,121
CC8AD3,255,254
CC8BF0,255,145
CC8CDB,255,104
CC8DCF,254,26
CC8E99,255,134
CC906E,254,24
CC9088,254,19
CC90D9,254,30
CC917D,255,65
CC9184,254,27
CC91F9,255,93
CC9379,255,179
CC95F3,255,175
CC978F,254,18
CC9796,255,105
CC97B5,254,20
CC98FE,255,210
CC999F,255,264
CC9A8F,255,330
CC9AAB,255,236
CC9ACC,0,1
CC9ACC,11,11
CC9ACC,255,134
CC9DB8,255,424
CC9E6A,255,116
CC9EAF,254,26
CC9F70,11,9
CC9F70,255,332
CC9FBA,254,16
CCA0AB,255,159
CCA1D9,255,102
CCA266,254,17
CCA27E,11,1
CCA27E,255,129
CCA386,254,30
CCA38E,254,29
CCA404,11,7
CCA404,255,192
CCA580,255,217
CCA58B,255,125
CCA5BF,255,123
CCA5DF,11,10
CCA5DF,255,142
CCA5E9,254,25
CCA677,255,240
CCA799,255,153
CCA861,255,906
CCAA79,254,29
CCAA9B,255,105
CCAAB1,11,14
CCAAB1,255,139
CCABBA,255,141
CCABCA,11,18
CCABCA,255,144
CCACF0,254,24
CCAD68,254,35
CCAD8F,255,299
CCAD95,11,22
CCAD95,255,387
CCAF6C,255,151
CCAFF7,255,119
CCB172,255,240
CCB29B,254,23
CCB2A3,11,19
CCB2A3,255,395
CCB2DA,254,28
CCB2DD,254,7
CCB366,254,27
CCB3AE,254,39
CCB46F,254,23
CCB5AE,255,426
CCB67D,255,120
CCB698,255,129
CCB77C,255,77
CCB7A3,255,131
CCB8BA,255,211
CCB97D,254,35
CCBCAA,254,35
CCBDB2,255,323
CCBE6B,255,156
CCC0ED,255,138
CCC0EE,11,6
CCC0EE,255,76
CCC1B7,11,12
CCC1B7,255,77
CCC1C9,255,44
CCC1EF,255,108
CCC2DC,11,15
CCC2DC,255,174
CCC396,11,5
CCC396,255,107
CCC5CD,254,28
CCC6AB,11,5
CCC6AB,255,89
CCC6C5,254,10
CCC7C1,255,198
CCC8DD,11,3
CCC8DD,255,213
CCC948,11,8
CCC948,255,267
CCC97B,255,139
CCCAF1,255,131
CCCBAF,255,97
CCCBD5,254,25
CCCC86,11,20
CCCC86,254,2
CCCC86,255,230
CCCCBF,255,146
CCCCF2,254,26
CCCE64,255,140
CCCF7A,255,140
CCCFEF,254,27
CCCFF3,254,24
CCD091,255,85
CCD160,11,22
CCD160,255,130
CCD1EF,255,88
CCD2B6,255,76
CCD493,254,29
CCD57A,255,106
CCD582,255,100
CCD59C,11,11
CCD59C,255,95
CCD6C2,254,28
CCD6CF,255,109
CCD770,255,100
CCD776,255,122
CCD8BA,255,120
CCD9DC,254,29
CCDA96,11,8
CCDA96,255,94
CCDBA3,11,21
CCDBA3,255,294
CCDC6E,255,158
CCDC70,254,17
CCDEF6,11,1
CCDEF6,255,307
CCDF91,255,97
CCE200,255,172
CCE293,255,230
CCE3CD,254,21
CCE4E9,255,359
CCE4F7,255,145
CCE66D,254,26
CCE6B4,255,97
CCE6C5,254,39
CCE775,255,137
CCE7DB,254,34
CCE7FB,255,153
CCE885,11,30
CCE885,255,137
CCE974,11,16
CCE974,255,135
CCEB86,255,147
CCECCE,255,153
CCEDEE,254,24
CCEF7A,254,33
CCF06A,255,217
CCF1D4,255,108
CCF1F1,11,17
CCF1F1,255,215
CCF267,255,138
CCF3B5,254,17
CCF3DA,255,242
CCF4D6,11,7
CCF4D6,255,104
CCF5DF,255,93
CCF6E2,255,134
CCF8DA,255,139
CCF9CF,11,11
CCF9CF,255,102
CCFA97,11,6
CCFA97,255,101
CCFACD,255,273
CCFC8A,255,141
CCFCA9,11,7
CCFCA9,255,152
CCFCD9,254,24
CCFE9E,255,208
CCFF9E,255,190
CD03A9,255,94
CD04E8,255,245
CD050A,11,28
CD050A,255,239
CD050B,255,286
CD05FD,255,246
CD08B2,255,135
CD08BA,11,5
CD08BA,255,350
CD08BB,11,22
CD08BB,255,551
CD0A81,11,25
CD0A81,255,229
CD0AC6,255,110
CD0B1E,11,14
CD0B1E,255,360
CD0B8B,255,200
CD0DF9,255,267
CD11E8,11,18
CD11E8,255,117
CD12E4,11,3
CD12E4,255,221
CD12F0,254,1
CD12F0,255,201
CD12F1,255,252
CD16FC,254,18
CD17F5,255,87
CD18C8,11,2
CD18C8,255,276
CD1AD3,254,26
CD1B97,11,9
CD1B97,255,310
CD1BA3,255,439
CD1BA4,11,7
CD1BA4,255,745
CD1D4D,11,16
CD1D4D,255,532
CD1DF1,255,480
CD22D3,254,24
CD22E9,255,127
CD231E,255,288
CD294C,11,8
CD294C,255,274
CD29B2,255,147
CD29F6,11,16
CD29F6,255,129
CD2AE4,255,133
CD2BF0,255,137
CD2EC7,254,19
CD308E,255,391
CD34E0,255,176
CD37DD,255,310
CD3885,255,169
CD3BED,255,245
CD3CB2,255,117
CD3DBE,254,22
CD3F7D,255,147
CD4088,11,10
CD4088,255,390
CD46B5,11,18
CD46B5,255,122
CD46BB,255,167
CD46FC,255,134
CD4994,255,406
CD4F10,11,13
CD4F10,255,186
CD512A,255,412
CD53BE,255,150
CD5494,11,7
CD5494,255,252
CD554F,255,149
CD5663,255,315
CD57B5,11,7
CD57B5,255,238
CD57B6,11,21
CD57B6,255,265
CD5A7C,11,28
CD5A7C,255,152
CD5C13,255,139
CD5FDB,11,15
CD5FDB,255,191
CD646A,254,27
CD6484,255,185
CD64BA,11,24
CD64BA,255,370
CD64C2,255,71
CD64E9,255,250
CD6697,254,18
CD66A2,254,18
CD67E7,255,549
CD68B5,254,25
CD6991,255,75
CD69F3,11,5
CD69F3,255,204
CD6A55,11,18
CD6A55,255,293
CD6AE4,255,158
CD6CE5,254,22
CD6CED,255,113
CD6CF8,255,402
CD6D79,11,35
CD6D79,254,1
CD6D79,255,334
CD6EB8,254,26
CD6FB3,255,121
CD70C9,255,123
CD70F1,254,14
CD7165,255,152
CD72DB,255,288
CD7367,254,22
CD737F,11,19
CD737F,255,360
CD73A7,254,20
CD73B4,11,25
CD73B4,255,80
CD74F6,254,27
CD75C9,255,178
CD767F,255,90
CD7793,254,25
CD77C7,255,152
CD77C8,11,9
CD77C8,255,84
CD78D2,255,258
CD78DE,11,16
CD78DE,255,246
CD7AB0,11,15
CD7AB0,255,368
CD7DAD,11,17
CD7DAD,255,163
CD7EAB,255,164
CD7F16,11,5
CD7F16,255,258
CD7FF1,11,21
CD7FF1,255,176
CD80C5,11,18
CD80C5,255,84
CD80DB,255,313
CD81A1,255,106
CD82A0,255,119
CD82A3,255,113
CD836D,255,215
CD836E,11,13
CD836E,255,211
CD83ED,11,19
CD83ED,255,77
CD83F9,11,21
CD83F9,255,185
CD84C4,254,34
CD853B,11,6
CD853B,255,229
CD8552,255,320
CD8603,255,169
CD86D3,255,67
CD87DF,11,4
CD87DF,255,269
CD87FD,255,133
CD88C4,255,63
CD8B26,255,216
CD8BA1,255,76
CD8C90,11,22
CD8C90,255,259
CD8D68,255,157
CD8E7C,255,168
CD8E84,254,19
CD8F83,255,114
CD8FBD,255,161
CD8FEE,255,143
CD90F5,11,4
CD90F5,255,117
CD9104,11,4
CD9104,255,279
CD91AF,11,4
CD91AF,255,93
CD9485,254,20
CD94A5,254,32
CD94B8,11,15
CD94B8,255,435
CD94E0,255,119
CD956F,255,267
CD9570,11,27
CD9570,255,108
CD95D5,255,93
CD97A0,255,174
CD98C4,255,168
CD9993,255,138
CD99AE,255,320
CD9A9A,11,8
CD9A9A,255,306
CD9AAE,255,129
CD9C29,254,8
CD9C29,255,147
CD9C2A,255,257
CD9CED,255,92
CD9D7D,11,4
CD9D7D,255,638
CD9DA1,254,4
CD9DA1,255,58
CD9DBD,255,127
CD9F90,255,114
CD9FB4,255,73
CDA03C,11,13
CDA03C,255,510
CDA0B8,11,21
CDA0B8,255,116
CDA33D,255,472
CDA3F8,255,133
CDA4B5,255,275
CDA581,254,20
CDA5BB,254,19
CDA76D,255,91
CDA7A4,255,89
CDA7CA,254,15
CDA853,255,447
CDA9A0,11,20
CDA9A0,255,86
CDA9E2,255,92
CDAADA,255,118
CDAC72,11,18
CDAC72,255,384
CDAC8F,255,126
CDACCB,255,163
CDACDF,255,128
CDACE9,255,110
CDAD91,254,24
CDAEA7,255,84
CDB2E2,255,137
CDB390,255,102
CDB3ED,11,19
CDB3ED,255,269
CDB56F,255,89
CDB593,255,139
CDB76E,11,18
CDB76E,255,408
CDB7FC,255,261
CDB8EC,255,101
CDB904,254,22
CDB904,255,346
CDB99D,255,130
CDB9AB,255,109
CDBC6A,254,32
CDBC83,254,19
CDBDC9,255,179
CDBDE3,11,4
CDBDE3,255,119
CDBEF6,254,20
CDBF7D,255,1151
CDC16B,255,91
CDC1CD,11,8
CDC1CD,255,306
CDC3F7,255,174
CDC586,255,241
CDC694,255,230
CDC6EA,255,106
CDC7A7,11,9
CDC7A7,255,78
CDC886,11,13
CDC886,255,83
CDC8BD,11,18
CDC8BD,255,128
CDC979,255,101
CDCA66,254,16
CDCAD5,254,16
CDCB85,254,23
CDCB93,254,19
CDCC6F,254,18
CDCC6F,255,107
CDCC7B,255,173
CDCC8F,255,155
CDCD04,11,14
CDCD04,255,594
CDCDE7,255,159
CDCEB7,255,112
CDD085,255,214
CDD0BA,11,12
CDD0BA,255,844
CDD0D3,255,109
CDD189,255,122
CDD1AA,255,132
CDD1C9,11,32
CDD1C9,255,179
CDD273,255,102
CDD27B,254,24
CDD369,11,10
CDD369,255,133
CDD7F7,11,5
CDD7F7,255,105
CDD8BD,255,172
CDD98C,254,20
CDD99A,255,208
CDD9E3,255,91
CDDAB5,254,27
CDDBF0,254,28
CDDC35,11,18
CDDC35,255,240
CDDF85,254,29
CDDFFC,255,168
CDE0D6,255,81
CDE29F,255,129
CDE2DD,255,196
CDE482,255,356
CDE48A,254,22
CDE5C5,11,8
CDE5C5,255,107
CDE6AF,255,78
CDE74F,11,3
CDE74F,255,284
CDE78A,255,107
CDE8A1,255,118
CDE8C5,254,29
CDEB9C,255,286
CDEC6A,255,270
CDECAF,255,81
CDEEF7,255,108
CDEF96,255,293
CDF092,254,28
CDF097,255,278
CDF0A4,255,76
CDF121,11,4
CDF121,255,498
CDF1F4,11,2
CDF1F4,255,115
CDF485,254,29
CDF4A4,254,26
CDF6A3,11,1
CDF6A3,255,346
CDF6E4,11,14
CDF6E4,255,75
CDF78F,255,264
CDF98F,254,21
CDFED3,255,87
CE0091,255,223
CE00E3,11,1
CE00E3,255,472
CE02DD,11,6
CE02DD,255,323
CE07A1,254,35
CE07C6,255,125
CE0CA2,255,134
CE1476,255,105
CE2169,11,11
CE2169,255,626
CE2BC8,11,5
CE2BC8,255,323
CE2CF3,255,87
CE2E9F,254,24
CE2FAF,255,112
CE2FB6,255,107
CE30A5,11,15
CE30A5,255,461
CE314D,255,311
CE31EF,11,6
CE31EF,255,132
CE32CB,11,2
CE32CB,255,240
CE367A,254,27
CE3BB8,255,83
CE3BB9,255,369
CE3DB8,255,130
CE3EE9,255,125
CE43A6,11,14
CE43A6,255,345
CE45B9,254,18
CE4967,255,540
CE49B1,255,161
CE4AFF,255,276
CE4C0A,255,261
CE4DC4,255,106
CE5371,254,26
CE537B,254,34
CE556C,255,77
CE55C8,255,134
CE565A,255,194
CE5A77,255,126
CE5DA1,255,111
CE5F70,11,20
CE5F70,255,137
CE6052,11,43
CE6052,255,282
CE616B,254,14
CE64CA,254,27
CE6590,0,1
CE6590,11,13
CE6590,255,224
CE6591,255,256
CE6599,255,234
CE65AC,255,122
CE65B8,255,245
CE677B,255,195
CE6864,255,150
CE68B1,11,2
CE68B1,255,140
CE68CD,255,157
CE68D0,255,133
CE69CC,255,74
CE6AAA,255,111
CE6AC7,254,26
CE6BB4,254,21
CE6DAD,255,105
CE6E89,255,230
CE6FAE,254,22
CE6FF9,254,19
CE7097,254,16
CE727A,255,118
CE72BF,255,121
CE7382,11,19
CE7382,255,91
CE7399,255,113
CE7572,254,4
CE7572,255,249
CE7573,255,243
CE75B8,255,66
CE75BE,254,26
CE76BA,254,25
CE77B0,255,99
CE78C7,11,8
CE78C7,255,111
CE7991,255,146
CE7AA4,11,16
CE7AA4,255,108
CE7AEE,254,14
CE7B4A,11,8
CE7B4A,255,360
CE7BAF,254,25
CE7D43,255,339
CE7DFA,255,104
CE7EA9,254,29
CE7F85,11,6
CE7F85,255,118
CE7F95,254,16
CE7FB5,11,10
CE7FB5,255,73
CE81A9,254,26
CE81C5,255,118
CE8268,255,279
CE8292,255,78
CE8368,11,12
CE8368,255,215
CE836F,11,12
CE836F,255,208
CE85D9,254,31
CE85FE,254,25
CE8682,255,205
CE88EC,11,15
CE88EC,255,318
CE89AE,254,25
CE89D7,254,22
CE8B94,255,199
CE8C84,11,14
CE8C84,255,93
CE8CBB,255,310
CE8E72,254,20
CE8FD6,254,1
CE90C2,11,14
CE90C2,255,101
CE90DD,255,91
CE90F6,255,192
CE91B0,254,32
CE926D,255,233
CE9282,255,103
CE9284,255,193
CE936A,255,127
CE9382,0,1
CE9382,11,4
CE9382,255,168
CE949D,254,12
CE9576,255,51
CE96D3,1,1
CE96D3,11,14
CE96D3,255,191
CE97EB,255,205
CE98C0,255,231
CE98CF,254,29
CE98D7,11,17
CE98D7,255,76
CE9921,255,263
CE9994,255,122
CE99A4,255,484
CE9BAF,255,130
CE9BE2,11,5
CE9BE2,255,56
CE9CD5,255,129
CE9CE7,255,614
CE9D85,255,120
CE9EBB,11,20
CE9EBB,255,153
CE9FB6,255,136
CE9FBF,254,16
CE9FF6,255,223
CEA0A9,255,190
CEA0F1,254,28
CEA1DF,255,136
CEA1E7,255,107
CEA2B4,255,141
CEA3FB,11,10
CEA3FB,255,89
CEA4E8,255,156
CEA6C3,11,3
CEA6C3,255,396
CEA6F0,255,122
CEA8C6,255,95
CEAAC4,255,222
CEABBA,11,13
CEABBA,255,184
CEABDB,255,94
CEABF3,255,38
CEAC8A,255,145
CEACF5,255,133
CEAFD8,255,130
CEAFE3,11,15
CEAFE3,255,217
CEAFE5,255,147
CEAFE6,254,33
CEB169,11,9
CEB169,255,183
CEB1DC,254,26
CEB3B6,255,159
CEB3BD,255,80
CEB488,255,272
CEB4A1,255,111
CEB58F,254,10
CEB5A2,255,179
CEB5C0,11,8
CEB5C0,255,71
CEB6CE,11,15
CEB6CE,255,193
CEB6EB,255,122
CEB780,11,21
CEB780,255,261
CEB7EE,255,169
CEB96C,11,26
CEB96C,255,261
CEB9FA,255,291
CEBCB8,255,104
CEBE70,254,22
CEBE7E,255,149
CEBEB3,254,34
CEBFDC,11,17
CEBFDC,255,270
CEC06B,255,374
CEC06D,255,131
CEC078,255,105
CEC19E,11,4
CEC19E,255,660
CEC1A2,255,261
CEC289,11,40
CEC289,255,542
CEC38B,254,23
CEC3D5,11,2
CEC3D5,255,85
CEC4AF,254,9
CEC4CA,255,123
CEC4D4,255,131
CEC5AE,255,520
CEC5D8,255,378
CEC8B8,11,18
CEC8B8,255,461
CEC9AA,255,277
CEC9AD,255,96
CECAAA,255,184
CECD75,255,111
CECE45,255,260
CECE66,11,39
CECE66,255,424
CECE8D,11,17
CECE8D,255,107
CECEA0,255,106
CECFBD,11,14
CECFBD,255,342
CED0BE,255,134
CED137,255,395
CED2CE,254,23
CED2EB,11,13
CED2EB,255,108
CED3A3,255,103
CED3B9,254,26
CED466,255,143
CED479,255,139
CED4A7,254,32
CED4BF,254,24
CED7D3,255,189
CED874,254,32
CED8D1,254,31
CED9D9,255,92
CEDA6D,255,367
CEDA76,255,300
CEDA90,255,44
CEDAF4,0,1
CEDAF4,2,1
CEDAF4,11,20
CEDAF4,254,1
CEDAF4,255,216
CEDB7A,254,1
CEDB7A,255,123
CEDB8D,254,27
CEDD07,255,366
CEDD90,255,372
CEDDCB,11,5
CEDDCB,255,333
CEDDE7,254,18
CEDF8A,11,3
CEDF8A,255,143
CEDF9A,11,1
CEDF9A,255,421
CEE092,11,2
CEE092,254,4
CEE092,255,255
CEE0C1,255,133
CEE17B,254,22
CEE17B,255,130
CEE1C6,255,176
CEE26D,255,162
CEE276,11,4
CEE276,255,258
CEE380,11,10
CEE380,255,263
CEE4A1,254,25
CEE5C3,11,16
CEE5C3,255,89
CEE5CC,255,154
CEE5E7,11,16
CEE5E7,255,117
CEE5FE,11,6
CEE5FE,255,162
CEE5FF,255,320
CEE6A2,255,103
CEE6A9,254,23
CEE880,11,5
CEE880,255,230
CEEC91,255,571
CEEC96,255,226
CEED67,11,17
CEED67,255,242
CEEE85,11,25
CEEE85,255,102
CEEE9C,254,15
CEEFE6,254,27
CEF0DE,11,3
CEF0DE,255,70
CEF194,255,172
CEF2B4,254,24
CEF3FE,254,29
CEF467,254,33
CEF4C4,254,23
CEF4F8,255,127
CEF594,254,22
CEF5C0,255,145
CEF5C8,255,97
CEF6ED,254,33
CEF6F5,254,19
CEF76C,255,115
CEF7B6,255,103
CEF7F2,11,10
CEF7F2,255,149
CEF976,254,19
CEF98C,254,20
CEFAA7,254,31
CEFB84,11,14
CEFB84,255,273
CEFB92,255,58
CEFCD7,255,162
CEFDA8,11,10
CEFDA8,255,145
CEFDB7,11,4
CEFDB7,255,103
CEFDD6,254,32
CEFE74,255,281
CEFEB5,254,27
CF0251,255,134
CF07A7,255,320
CF1013,11,9
CF1013,255,309
CF1477,255,117
CF14F9,255,176
CF15A6,255,292
CF18A7,255,121
CF1CF4,11,5
CF1CF4,255,363
CF1E29,11,13
CF1E29,255,172
CF1E8C,11,10
CF1E8C,255,397
CF21A4,254,29
CF291E,255,202
CF3090,11,28
CF3090,255,183
CF3173,255,180
CF334B,11,19
CF334B,255,309
CF348B,255,136
CF348C,11,5
CF348C,255,223
CF360F,11,2
CF360F,255,266
CF36CE,255,421
CF388E,255,296
CF3A9F,255,98
CF3B9B,11,12
CF3B9B,255,90
CF4046,11,1
CF4046,255,529
CF41B1,254,30
CF437B,255,113
CF4453,11,2
CF4453,255,278
CF4DA3,254,26
CF506D,254,22
CF50CD,11,4
CF50CD,255,129
CF53EC,11,2
CF53EC,255,319
CF55B1,255,164
CF56BA,11,13
CF56BA,255,264
CF5D0C,11,1
CF5D0C,255,440
CF5D0D,11,8
CF5D0D,255,507
CF5E4A,11,11
CF5E4A,255,289
CF6666,11,11
CF6666,255,150
CF67B6,254,24
CF67EB,255,100
CF6892,11,15
CF6892,255,196
CF6899,254,25
CF68D4,255,103
CF6985,11,3
CF6985,255,96
CF69A5,255,107
CF69F1,11,8
CF69F1,255,120
CF6A68,254,24
CF6ADA,255,92
CF6B77,254,22
CF6D73,11,21
CF6D73,255,311
CF6ED4,254,35
CF6EF0,255,135
CF6FC2,255,101
CF70C0,11,2
CF70C0,255,111
CF70C7,11,12
CF70C7,255,164
CF70FE,254,27
CF727B,254,29
CF75F9,254,24
CF777C,11,19
CF777C,255,117
CF77EF,255,93
CF77F1,11,11
CF77F1,255,116
CF788A,254,25
CF788A,255,176
CF7965,11,10
CF7965,255,168
CF7AB0,11,15
CF7AB0,255,231
CF7ABF,254,26
CF7BE4,255,320
CF7C03,11,8
CF7C03,255,273
CF7C04,255,217
CF7CF1,254,27
CF7DF2,255,102
CF7E7C,255,159
CF7F85,11,27
CF7F85,255,159
CF7FC1,11,29
CF7FC1,255,289
CF806F,255,102
CF8074,255,208
CF80CF,255,107
CF80DD,254,8
CF80DD,255,233
CF81C6,254,30
CF82D4,255,124
CF82D5,254,2
CF84E1,255,162
CF85D1,255,173
CF87DC,11,1
CF87DC,255,259
CF88AC,11,15
CF88AC,255,215
CF88E0,11,1
CF88E0,255,86
CF8918,11,17
CF8918,255,154
CF8919,255,252
CF89F7,255,213
CF8B6B,255,87
CF8B98,255,131
CF8BC7,255,164
CF8C73,254,36
CF8C82,255,215
CF8CF9,255,89
CF8D45,11,11
CF8D45,255,221
CF8D78,11,14
CF8D78,255,162
CF8DF4,255,368
CF8F30,254,3
CF8F30,255,189
CF8F31,255,215
CF8FF3,254,5
CF8FF3,255,147
CF9273,254,17
CF92D8,255,448
CF939E,11,9
CF939E,255,64
CF94B8,11,14
CF94B8,255,58
CF94C6,254,22
CF95B9,255,283
CF95BA,255,240
CF9639,254,4
CF9639,255,229
CF963A,255,417
CF96CC,255,118
CF98CB,11,9
CF98CB,255,276
CF98E2,254,33
CF99F5,255,320
CF99F7,254,12
CF9A68,254,15
CF9A6E,255,271
CF9ABB,254,27
CF9B81,255,184
CF9E83,11,12
CF9E83,255,139
CF9EC2,11,13
CF9EC2,255,372
CF9EF4,254,23
CF9FBD,11,1
CF9FBD,255,148
CF9FF7,255,101
CFA0A5,255,146
CFA0DF,11,5
CFA0DF,255,128
CFA26C,255,402
CFA3DA,255,90
CFA473,254,26
CFA4B5,254,21
CFA7AA,254,20
CFA8D7,255,77
CFAA64,11,1
CFAA64,255,91
CFAA66,255,100
CFAB6E,255,136
CFABCF,255,75
CFABF1,11,6
CFABF1,255,96
CFABFA,11,4
CFABFA,255,192
CFACE7,255,138
CFAD7C,255,197
CFAD87,0,1
CFAD87,11,1
CFAD87,255,100
CFADCE,255,95
CFAED8,255,78
CFAF7D,254,29
CFB0BD,255,101
CFB1A7,11,21
CFB1A7,255,106
CFB1D1,255,162
CFB29C,254,28
CFB3DB,255,91
CFB549,11,5
CFB549,255,275
CFB5A7,255,65
CFB5CC,255,140
CFB683,255,123
CFB86A,255,172
CFB922,2,1
CFB922,11,26
CFB922,255,212
CFB98F,255,325
CFB9D1,254,32
CFBE6D,255,105
CFBE74,255,257
CFBEE3,255,208
CFC085,255,72
CFC1AD,254,34
CFC1C4,255,103
CFC1EE,254,29
CFC264,255,139
CFC28D,11,16
CFC28D,255,154
CFC2B2,254,19
CFC2BB,255,123
CFC3F8,255,204
CFC566,255,85
CFC6B2,255,104
CFC770,254,28
CFC8DB,255,95
CFC980,11,1
CFC980,255,186
CFC9BE,255,134
CFC9EC,11,2
CFC9EC,255,199
CFCAEA,11,20
CFCAEA,255,139
CFCB9D,11,15
CFCB9D,254,4
CFCB9D,255,146
CFCCBE,11,25
CFCCBE,255,237
CFCE64,254,27
CFCE6E,11,12
CFCE6E,255,276
CFCEB0,11,1
CFCEB0,255,190
CFCFBB,255,89
CFD0A2,254,1
CFD0A2,255,63
CFD0C3,255,76
CFD2E3,255,81
CFD2FA,254,32
CFD36C,255,258
CFD387,11,9
CFD387,255,264
CFD38A,254,23
CFD3E2,254,16
CFD5AC,255,62
CFD5F7,255,354
CFDB64,254,23
CFDBC8,255,144
CFDBCB,255,62
CFDC5C,11,13
CFDC5C,255,179
CFDC5D,255,184
CFDC68,255,286
CFDCD9,255,209
CFDE87,11,4
CFDE87,255,104
CFDEE6,255,124
CFDFFA,254,24
CFE0BA,11,11
CFE0BA,255,248
CFE1FD,254,18
CFE293,255,54
CFE2A7,255,121
CFE2AC,254,29
CFE3B5,255,140
CFE3D3,255,125
CFE4E0,255,115
CFE57E,255,160
CFE58D,11,23
CFE58D,255,122
CFE5F1,255,124
CFE6F8,255,146
CFE759,11,31
CFE759,255,288
CFE766,11,8
CFE766,255,197
CFE7ED,11,9
CFE7ED,255,124
CFE86E,254,27
CFEAA3,255,212
CFEAF6,255,131
CFEB88,254,25
CFECBB,255,89
CFECD4,255,155
CFEFDD,255,103
CFF2B7,255,143
CFF2F7,255,199
CFF486,255,75
CFF4F1,11,4
CFF4F1,255,69
CFF58F,254,23
CFF7A6,255,120
CFF8C2,255,123
CFF9A7,11,19
CFF9A7,255,92
CFFB97,11,5
CFFB97,255,273
CFFCE9,255,144
CFFCEA,255,314
CFFD6D,255,118
D004B2,254,26
D006A3,255,126
D007AF,11,13
D007AF,255,95
D0099C,254,3
D0099C,255,195
D0099D,255,291
D00DAB,11,20
D00DAB,255,240
D0109D,11,12
D0109D,255,179
D013D8,255,358
D017AA,11,1
D017AA,255,177
D01AA0,2,1
D01AA0,11,28
D01AA0,255,262
D01B93,255,119
D01C93,11,42
D01C93,255,335
D0262F,255,332
D02673,11,10
D02673,255,203
D027C1,11,12
D027C1,255,185
D028DF,11,26
D028DF,255,175
D02A81,255,134
D02F6D,255,126
D03087,255,254
D031C6,255,325
D032B1,11,7
D032B1,255,161
D03600,11,15
D03600,255,359
D03AB1,255,61
D03CD3,255,117
D03EA6,11,9
D03EA6,255,117
D040AC,11,7
D040AC,255,205
D0423A,255,236
D04292,11,13
D04292,255,151
D04374,11,26
D04374,255,395
D043C2,255,342
D045AF,11,12
D045AF,255,396
D04EC9,254,22
D051CA,255,114
D052F1,254,25
D0537A,11,19
D0537A,255,266
D057F3,255,127
D0597F,255,134
D05CBA,254,20
D05EAF,11,18
D05EAF,255,126
D0603C,255,249
D06365,255,65
D06499,255,111
D064BB,255,134
D064EA,255,113
D064F9,255,365
D06692,254,30
D066EE,11,13
D066EE,255,110
D06796,11,13
D06796,255,222
D0687E,254,34
D068D8,255,201
D0696B,255,106
D069ED,255,159
D06A94,254,25
D06AD5,11,6
D06AD5,255,168
D06B9C,11,11
D06B9C,255,193
D06CA1,11,26
D06CA1,255,350
D06D14,11,29
D06D14,255,329
D06D6D,254,17
D06D92,254,30
D06EA6,255,117
D0707D,255,108
D070D7,255,77
D07173,254,16
D07188,255,124
D072CB,11,30
D072CB,255,532
D073DD,255,197
D07472,11,15
D07472,255,88
D0747D,255,87
D075F0,255,138
D0767A,255,153
D076B3,255,230
D078CF,11,8
D078CF,255,259
D07A6D,255,316
D07AE6,254,24
D07B75,255,76
D07C75,255,207
D07CA2,255,182
D07E95,255,345
D07EEE,255,109
D0809A,255,136
D080BE,11,8
D080BE,255,307
D080C6,255,175
D080CE,255,203
D081F1,11,15
D081F1,255,156
D08264,255,324
D08397,254,17
D083F2,255,143
D086E3,254,25
D086E8,254,35
D086F3,255,84
D08864,254,24
D0889C,255,228
D088B6,255,136
D088C7,11,1
D088C7,255,91
D08BE6,255,197
D08CAC,11,6
D08CAC,255,491
D08CB5,255,73
D08CD7,255,58
D08CEF,2,1
D08CEF,11,17
D08CEF,255,105
D08DE2,255,160
D09180,254,28
D091CF,255,100
D093DD,11,5
D093DD,255,53
D09496,11,6
D09496,255,133
D094F0,11,7
D094F0,255,109
D096D5,254,17
D0987C,255,227
D09886,255,116
D098E8,255,65
D098FD,255,81
D0997F,255,104
D099BA,254,23
D099DD,255,115
D09B8D,255,98
D09BD9,255,207
D09BF2,254,24
D09E00,11,19
D09E00,255,375
D09EAE,255,86
D09EBE,255,59
D0A59C,254,31
D0A6C9,255,132
D0A7A9,255,135
D0A7B6,11,4
D0A7B6,255,215
D0A7C5,255,98
D0A8B4,255,330
D0A8DC,254,26
D0AB8B,255,115
D0ACD9,255,291
D0AFA9,255,123
D0AFD5,255,126
D0B1A1,255,57
D0B266,255,225
D0B2F1,254,27
D0B3B4,254,2
D0B3B4,255,1
D0B4E7,255,225
D0B564,255,92
D0B584,254,14
D0B5A4,254,27
D0B5C3,11,11
D0B5C3,255,226
D0B79B,255,139
D0B7D0,255,286
D0B7E7,254,18
D0B96E,255,189
D0BAAA,255,122
D0BBA7,255,120
D0BBE2,11,13
D0BBE2,255,197
D0BC8C,254,18
D0BCCC,255,55
D0BCD3,255,355
D0BDAC,255,190
D0C2B7,254,34
D0C2D9,254,28
D0C2DE,255,77
D0C3A6,255,237
D0C3BB,255,364
D0C3C5,254,45
D0C47E,254,24
D0C4D2,255,151
D0C4D5,255,132
D0C573,255,119
D0C79E,11,26
D0C79E,255,385
D0C7B2,11,22
D0C7B2,255,260
D0C8CF,11,25
D0C8CF,255,147
D0C982,254,22
D0C9AF,255,84
D0CED5,11,10
D0CED5,255,191
D0D08A,255,216
D0D0A6,255,86
D0D166,255,169
D0D181,255,125
D0D1E0,11,18
D0D1E0,255,121
D0D1F2,11,26
D0D1F2,255,190
D0D280,254,26
D0D2A7,254,26
D0D3B9,255,122
D0D466,255,153
D0D489,11,4
D0D489,255,129
D0D4B0,254,41
D0D4B1,255,99
D0D566,255,120
D0D6B4,254,24
D0D6D7,255,381
D0D78C,254,31
D0D8F7,255,107
D0DA75,255,107
D0DA88,255,110
D0DAC7,254,29
D0DDD4,254,35
D0DDFC,11,4
D0DDFC,255,286
D0DEA8,254,31
D0DEC9,255,279
D0DF4A,255,308
D0DF80,11,6
D0DF80,255,179
D0E0E1,254,28
D0E18E,254,25
D0E21D,11,20
D0E21D,255,301
D0E264,255,124
D0E2DD,254,33
D0E378,11,10
D0E378,255,102
D0E465,255,119
D0E477,255,123
D0E570,11,26
D0E570,255,234
D0E596,255,118
D0E683,254,10
D0E6F5,11,5
D0E6F5,255,394
D0E7A3,254,33
D0E895,254,32
D0E8B8,255,138
D0E8FA,255,93
D0E9F8,254,15
D0EA82,255,147
D0EB89,255,106
D0EC1D,255,200
D0ECBD,11,3
D0ECBD,255,401
D0ECBE,11,27
D0ECBE,255,662
D0ED90,255,155
D0EDA1,255,66
D0EE9E,255,171
D0EEDE,255,208
D0EF72,255,97
D0F063,255,383
D0F0F5,255,95
D0F17C,255,183
D0F1D7,255,98
D0F27A,11,11
D0F27A,255,126
D0F2D6,255,341
D0F391,255,101
D0F4A2,254,31
D0F4C5,254,14
D0F578,254,20
D0F687,11,14
D0F687,255,73
D0F7E0,254,32
D0F883,254,29
D0F9CD,255,72
D0FA98,255,112
D0FAD9,11,24
D0FAD9,255,221
D0FCB6,255,143
D0FCC2,255,89
D0FD00,255,355
D0FDF5,255,309
D0FEC3,254,14
D0FEC3,255,5
D0FEDF,255,124
D0FEF7,255,94
D1042F,11,3
D1042F,255,281
D1074E,11,18
D1074E,255,427
D1089B,255,108
D108CF,254,1
D108CF,255,245
D109D7,11,4
D109D7,255,274
D111FC,255,116
D1160D,255,298
D116DE,255,111
D11744,255,475
D11C31,11,17
D11C31,255,232
D11F2C,11,3
D11F2C,255,371
D12240,255,185
D1238F,255,145
D124D3,11,8
D124D3,255,137
D126D3,255,293
D12719,255,241
D12B32,254,5
D12B32,255,185
D12B33,255,200
D12E9E,11,5
D12E9E,255,142
D13225,255,354
D135A8,255,119
D13801,255,245
D1384A,255,279
D13A7D,255,140
D13C98,254,6
D13E45,11,37
D13E45,255,429
D14099,11,19
D14099,255,91
D146A6,255,283
D148B6,255,85
D148F1,254,2
D148F1,255,114
D14AB5,255,102
D14E86,255,111
D14EBE,11,3
D14EBE,255,232
D152EB,255,98
D153A7,11,11
D153A7,255,377
D15448,255,339
D154EA,11,2
D154EA,255,135
D158CE,255,162
D1598F,11,23
D1598F,255,730
D159A7,254,17
D159AE,255,123
D15CAE,255,234
D15E85,11,9
D15E85,255,149
D15E89,254,39
D15F89,255,78
D15FA3,254,26
D15FC6,254,24
D160D9,254,37
D16148,255,627
D16207,11,1
D16207,255,226
D162D2,11,39
D162D2,255,327
D16399,255,202
D164DC,254,25
D16588,254,23
D165D9,11,14
D165D9,255,57
D166E3,255,101
D166F1,255,124
D16792,255,156
D16794,254,19
D167BD,255,105
D16B7B,255,143
D16CA0,255,180
D16CB1,255,314
D16CC5,255,396
D16DD3,255,138
D16EB3,255,145
D16EFC,255,115
D16F63,11,19
D16F63,255,243
D17095,255,160
D1726C,11,11
D1726C,255,109
D172C8,254,26
D172D5,255,233
D172F5,255,108
D173A3,255,109
D173D9,255,170
D173DD,255,132
D173FE,255,152
D175B7,255,182
D1768A,11,21
D1768A,255,103
D17793,254,32
D17874,254,32
D17898,11,14
D17898,255,312
D178B5,255,165
D17A43,11,9
D17A43,255,291
D17A9B,254,20
D17BBC,255,113
D17CC5,255,42
D17DA6,11,15
D17DA6,255,359
D17DB4,255,65
D17F94,255,104
D17FEA,255,354
D1809C,255,85
D180A4,255,343
D18116,255,189
D1818A,255,109
D1826E,255,90
D1827E,11,4
D1827E,255,383
D182B0,255,56
D1837D,255,164
D183D3,11,23
D183D3,255,142
D183D4,255,163
D184E4,254,28
D18684,254,39
D18794,255,115
D187A0,255,122
D187BD,254,25
D187C8,255,108
D187F0,255,120
D188CE,2,1
D188CE,11,24
D188CE,255,393
D189B8,254,22
D18A80,255,109
D18AEF,254,30
D18BBA,255,115
D18D0C,11,32
D18D0C,255,432
D18DF1,11,18
D18DF1,255,337
D18FF6,254,20
D1907C,254,1
D1907C,255,82
D1908C,254,24
D190E1,255,140
D191F5,255,127
D1926C,11,4
D1926C,255,446
D19298,255,92
D1929D,255,245
D192AE,255,88
D1936E,254,33
D193E3,255,203
D193E4,255,314
D193EC,11,14
D193EC,255,171
D19512,11,12
D19512,255,285
D19597,11,3
D19597,255,174
D196F4,11,28
D196F4,255,355
D198CE,255,110
D198D5,254,5
D198DC,11,6
D198DC,255,244
D198E1,255,162
D1998F,254,29
D1999E,255,64
D199BC,255,290
D19AE3,254,23
D19CDC,254,35
D19E7C,255,771
D19EA3,11,5
D19EA3,255,78
D1A0CC,11,5
D1A0CC,255,303
D1A0F1,255,344
D1A1D4,254,29
D1A1E0,255,136
D1A277,255,118
D1A34B,11,12
D1A34B,255,533
D1A3B6,254,1
D1A3B6,255,286
D1A3C3,254,1
D1A4C0,255,197
D1A589,11,16
D1A589,255,181
D1A5BC,254,24
D1A6CA,11,14
D1A6CA,255,83
D1A77E,255,111
D1A8BA,255,186
D1A8CB,11,20
D1A8CB,255,121
D1A9EB,255,142
D1A9ED,255,211
D1AC09,255,324
D1AD7B,255,192
D1AEA8,11,40
D1AEA8,255,170
D1AF73,255,72
D1AFAC,255,285
D1AFBF,254,26
D1B073,255,93
D1B0D0,11,48
D1B0D0,254,43505
D1B0D0,255,7
D1B0D1,255,352
D1B1C6,254,21
D1B2BF,255,129
D1B34F,255,464
D1B3AB,254,26
D1B5DD,254,28
D1B795,254,27
D1B80F,255,194
D1B870,254,19
D1B9A2,255,388
D1BA8F,254,36
D1BB73,255,108
D1BB81,255,276
D1BBE6,255,152
D1BEF0,254,30
D1BFB6,255,134
D1C1B3,255,94
D1C1FC,255,72
D1C2C8,255,122
D1C2F1,11,27
D1C2F1,255,221
D1C2F6,255,343
D1C38A,11,8
D1C38A,255,247
D1C4A0,255,86
D1C4E5,255,387
D1C5B1,255,122
D1C70C,11,25
D1C70C,255,407
D1C795,255,194
D1C7A2,254,30
D1C7A4,255,45
D1C8AF,254,22
D1C94D,255,425
D1C95B,255,342
D1C995,254,14
D1CA84,255,113
D1CB8D,11,5
D1CB8D,255,105
D1CBB0,255,102
D1CBE6,254,26
D1CC6A,255,135
D1CC79,11,1
D1CC79,255,146
D1CD80,254,18
D1CEB6,11,27
D1CEB6,255,250
D1CEC2,11,27
D1CEC2,255,279
D1CF86,255,134
D1CF89,254,26
D1CFA1,255,103
D1CFB2,255,339
D1CFEF,254,30
D1D082,254,23
D1D1C5,255,314
D1D1FE,255,206
D1D266,255,139
D1D2F8,254,35
D1D3F2,11,6
D1D3F2,255,109
D1D7F5,255,141
D1D961,11,22
D1D961,255,241
D1D965,255,58
D1D98F,255,117
D1DB87,255,349
D1DC37,255,211
D1DC71,255,124
D1DCD4,11,7
D1DCD4,255,163
D1DCD5,1,1
D1DCD5,11,15
D1DCD5,255,269
D1DCF8,11,6
D1DCF8,255,104
D1DDFA,11,4
D1DDFA,255,232
D1DE8C,11,16
D1DE8C,255,349
D1DEC6,11,16
D1DEC6,255,192
D1DED4,11,25
D1DED4,255,362
D1E078,255,81
D1E0AB,255,108
D1E1D6,255,270
D1E2FA,255,127
D1E376,254,28
D1E391,254,14
D1E3D7,255,59
D1E43A,11,8
D1E43A,255,929
D1E5D9,255,275
D1E69A,255,188
D1E798,254,35
D1EAD7,254,30
D1EADC,11,18
D1EADC,255,559
D1EBEB,254,30
D1ECCC,255,123
D1ECE2,11,14
D1ECE2,255,92
D1ED75,255,158
D1EDF5,255,222
D1EEB3,11,36
D1EEB3,255,309
D1EF7D,11,17
D1EF7D,255,82
D1F080,255,120
D1F0C5,254,20
D1F2AC,255,131
D1F2DA,255,230
D1F302,255,347
D1F387,255,97
D1F449,11,19
D1F449,255,277
D1F475,255,69
D1F4CF,255,189
D1F4DA,255,64
D1F55D,255,307
D1F577,255,157
D1F63C,255,284
D1F996,11,7
D1F996,255,202
D1F9D2,255,77
D1FBE9,11,7
D1FBE9,255,103
D1FC5D,255,291
D1FC9C,255,254
D1FCC9,255,113
D1FCDF,255,86
D1FE7B,254,22
D1FEC7,11,3
D1FEC7,255,210
D20123,11,20
D20123,255,343
D20591,255,72
D207DE,255,381
D209F0,255,193
D20A7B,255,206
D20C59,11,25
D20C59,255,206
D20C5A,11,10
D20C5A,255,233
D20E24,255,255
D2167E,255,108
D21CBD,255,432
D21CEA,11,1
D21CEA,255,103
D21E69,254,20
D22091,11,5
D22091,255,170
D2281C,255,358
D22868,254,22
D228B5,11,18
D228B5,255,139
D22AE5,255,136
D22EE3,255,102
D23006,11,10
D23006,255,129
D23007,11,11
D23007,255,266
D23289,11,6
D23289,255,628
D232DA,11,6
D232DA,255,101
D2348C,255,155
D23CA1,255,338
D23CA6,255,230
D23EBB,255,81
D23ECA,255,94
D240A5,255,152
D243DF,255,126
D245E0,11,3
D245E0,255,426
D24AF8,255,96
D24EF8,255,279
D25668,255,129
D258C9,11,15
D258C9,255,115
D26073,11,16
D26073,255,352
D263D8,11,6
D263D8,255,292
D267D2,255,152
D26EC0,255,111
D26EC6,11,1
D26EC6,255,534
D26FF8,255,281
D2707A,254,18
D2724E,255,264
D2727C,11,13
D2727C,255,185
D278AB,254,26
D27967,255,59
D27971,255,122
D279D8,255,378
D27BB0,255,114
D27C53,11,15
D27C53,255,139
D27DC3,11,4
D27DC3,255,68
D2823A,11,3
D2823A,255,339
D2825F,255,370
D282A0,11,9
D282A0,255,77
D282E9,255,315
D28381,11,4
D28381,255,93
D2846F,255,127
D284D8,11,1
D284D8,255,100
D28595,254,36
D285D9,11,15
D285D9,255,137
D285FE,255,89
D28698,255,201
D286A9,254,21
D2874B,11,18
D2874B,255,313
D287E2,254,22
D2886B,255,191
D288A8,254,25
D288E1,255,133
D288EE,255,168
D28931,11,8
D28931,255,414
D2899A,255,161
D289F5,254,19
D28CA5,255,75
D28CAE,255,127
D28CCE,254,25
D28D36,11,19
D28D36,255,307
D28DED,11,16
D28DED,255,263
D28DFD,255,128
D28E8D,254,27
D28EC1,255,104
D28FDF,11,22
D28FDF,255,198
D2908B,255,78
D29099,255,111
D290AC,254,30
D290CC,255,173
D290D0,254,15
D2919E,254,22
D2927E,255,140
D292A9,255,118
D292B3,254,29
D29396,254,27
D293A7,254,26
D294ED,11,13
D294ED,255,290
D294EE,11,3
D294EE,255,413
D2957F,254,21
D295F0,11,25
D295F0,255,242
D2964C,255,105
D2964D,255,407
D2967F,255,75
D29790,255,86
D297B2,11,7
D297B2,255,151
D297C4,255,126
D297C9,255,156
D297F7,255,75
D298AA,255,96
D29DA4,255,97
D29DFB,11,19
D29DFB,255,194
D2A024,255,239
D2A0EF,255,106
D2A18B,254,17
D2A256,255,292
D2A29E,11,16
D2A29E,255,109
D2A381,11,5
D2A381,255,86
D2A3F5,255,112
D2A447,255,212
D2A4C0,254,18
D2A5FE,11,7
D2A5FE,255,114
D2A6C3,255,328
D2A7B9,254,24
D2A87D,254,22
D2A8BA,11,38
D2A8BA,255,294
D2A993,255,138
D2A9A1,254,13
D2A9C2,254,32
D2A9CE,255,304
D2AAB2,11,19
D2AAB2,254,4
D2AAB2,255,90
D2ABA3,255,92
D2AF73,254,16
D2B0CE,255,97
D2B0F8,254,30
D2B187,255,133
D2B2A4,255,155
D2B2BF,254,17
D2B2E0,11,12
D2B2E0,255,96
D2B468,255,109
D2B477,255,187
D2B4D2,11,1
D2B4D2,255,175
D2B6B7,11,1
D2B6B7,255,128
D2B7E0,255,234
D2B7FA,254,31
D2B9FB,254,26
D2BAA7,1,1
D2BAA7,11,19
D2BAA7,255,209
D2BAD5,254,18
D2BB5B,255,763
D2BB85,255,96
D2BBC6,11,7
D2BBC6,255,223
D2BBF4,254,20
D2BD64,255,401
D2BD94,255,121
D2BE91,254,19
D2BFCA,11,4
D2BFCA,255,110
D2BFD5,11,34
D2BFD5,255,383
D2C177,254,23
D2C2DF,255,57
D2C3A8,255,95
D2C3B8,255,128
D2C3FB,254,24
D2C4A5,255,106
D2C4FF,254,8
D2C4FF,255,174
D2C500,11,11
D2C500,255,334
D2C9AA,255,289
D2CA7B,11,7
D2CA7B,255,188
D2CBB2,255,201
D2CC7A,255,124
D2CCAF,254,14
D2CCB5,255,231
D2CCC8,255,100
D2CD89,254,25
D2CDFE,254,17
D2CE08,11,12
D2CE08,255,727
D2CEA8,11,7
D2CEA8,255,112
D2CED9,11,2
D2CED9,254,2
D2CED9,255,117
D2D120,255,405
D2D29C,255,89
D2D2E4,254,24
D2D318,11,12
D2D318,255,288
D2D373,254,15
D2D3D2,11,3
D2D3D2,255,74
D2D575,255,322
D2D5B6,255,91
D2D6F9,11,24
D2D6F9,255,119
D2D8B5,255,110
D2D96D,255,105
D2D9BD,255,367
D2D9C1,254,25
D2D9CC,254,25
D2D9EA,255,114
D2DA87,11,22
D2DA87,255,91
D2DAC5,255,80
D2DBB4,255,96
D2DBD2,254,2
D2DBD2,255,24
D2DD93,255,120
D2DE70,255,81
D2DE92,254,23
D2DEBE,255,163
D2DF85,11,12
D2DF85,255,124
D2DFF8,11,4
D2DFF8,255,338
D2E0BE,254,23
D2E107,11,11
D2E107,255,313
D2E169,255,189
D2E1B4,255,231
D2E394,255,123
D2E3AA,254,33
D2E4A5,254,26
D2E4C1,255,83
D2E691,255,111
D2E6C2,255,95
D2E6CC,255,295
D2E780,255,109
D2E7FA,255,351
D2E8B8,11,3
D2E8B8,255,325
D2E8C3,255,180
D2E9A7,254,25
D2EA82,255,115
D2EB69,255,287
D2ECC9,255,131
D2ED74,255,514
D2ED8F,255,94
D2EDA8,255,362
D2EDB2,255,106
D2EFF7,255,85
D2F0AC,254,30
D2F113,11,2
D2F113,255,210
D2F1AC,11,9
D2F1AC,255,107
D2F1BC,255,167
D2F1BD,255,267
D2F1FA,11,2
D2F1FA,255,144
D2F2A9,255,117
D2F465,254,16
D2F4D5,255,53
D2F5FB,255,103
D2F774,255,308
D2F789,255,188
D2F90D,255,132
D2FABA,11,1
D2FABA,255,103
D2FAD1,255,133
D2FB92,255,143
D2FBBA,11,4
D2FBBA,255,278
D2FBDC,254,2
D2FD64,254,22
D2FDEA,255,99
D2FECF,255,108
D2FED3,255,342
D2FEDD,255,126
D30052,255,589
D30053,11,17
D30053,255,549
D30268,11,15
D30268,255,353
D302DC,254,21
D304A5,254,29
D304FA,255,319
D305AC,255,140
D30895,254,19
D30983,255,327
D30A77,255,145
D30F89,11,3
D30F89,255,495
D30FBB,255,296
D310F3,255,104
D311FF,11,17
D311FF,255,445
D3147A,0,1
D3147A,11,11
D3147A,255,184
D31718,11,38
D31718,255,286
D31C82,11,18
D31C82,255,214
D31CAD,255,90
D320A8,254,17
D3218B,255,331
D325DE,254,24
D32C9A,11,17
D32C9A,255,270
D32E3E,11,6
D32E3E,255,362
D32E48,0,1
D32E48,11,9
D32E48,255,602
D33084,255,95
D3345E,11,15
D3345E,255,371
D33814,11,21
D33814,255,312
D33882,255,274
D33F40,11,42
D33F40,255,342
D33F7B,254,22
D340A0,254,10
D340C6,255,319
D340C7,0,1
D340C7,11,5
D340C7,254,174
D3478F,255,143
D347B3,255,492
D3496C,255,355
D34B3F,11,9
D34B3F,255,275
D34BA7,254,34
D34C8E,254,16
D352A6,11,5
D352A6,255,203
D35598,255,134
D356A7,254,28
D357B8,255,106
D35930,11,17
D35930,255,312
D35CA0,11,24
D35CA0,255,477
D360E9,255,94
D361FC,255,205
D36383,255,225
D3638D,255,261
D36564,255,157
D365CD,255,183
D365DA,255,254
D3678D,255,120
D3678E,255,104
D369D4,255,116
D36AF5,255,63
D36B78,255,161
D36BCD,255,98
D36C87,254,18
D36CAF,11,21
D36CAF,255,97
D36CDF,11,6
D36CDF,255,328
D36D97,255,77
D36DF1,254,21
D36FDB,255,196
D370DB,255,290
D371D8,255,302
D37275,254,29
D37373,11,7
D37373,255,216
D373A6,255,109
D374B4,254,23
D37699,255,106
D376A4,255,89
D376BF,254,28
D37864,254,16
D3788B,254,24
D378D3,255,119
D378F5,255,121
D37924,255,391
D37A90,255,432
D37A9F,11,9
D37A9F,255,135
D37BDB,255,335
D37C98,11,3
D37C98,255,307
D37DC0,11,6
D37DC0,255,118
D37DC7,255,304
D37EFE,11,8
D37EFE,255,142
D380AF,255,108
D381BC,255,101
D38269,255,119
D382D5,255,110
D382DE,254,35
D3839F,255,127
D38550,255,228
D38555,255,669
D385B8,254,27
D385EF,254,21
D386C3,11,7
D386C3,255,227
D38866,255,100
D3888E,11,3
D3888E,255,196
D38A6D,254,18
D38BFE,255,88
D38CD0,254,28
D38CFA,255,126
D38D9D,254,21
D38E41,255,449
D38F48,255,352
D38FDE,255,136
D39037,11,18
D39037,255,399
D39079,255,117
D3907E,255,88
D391C0,254,20
D392CE,0,1
D392CE,11,16
D392CE,255,448
D392F0,255,131
D392F6,255,184
D393D1,255,115
D39489,255,210
D394D5,11,6
D394D5,255,64
D39589,0,1
D39589,11,3
D39589,255,240
D395CB,255,212
D396A3,11,5
D396A3,255,127
D397A0,254,25
D397B5,255,114
D39875,255,157
D39A6C,255,159
D39ACD,254,10
D39BE3,255,97
D39C93,11,15
D39C93,255,72
D39D87,255,180
D39DD1,255,146
D39E9F,255,68
D39FDA,255,105
D3A238,0,1
D3A238,11,10
D3A238,255,718
D3A37F,254,28
D3A3A2,255,107
D3A56A,255,354
D3A582,11,3
D3A582,255,137
D3A5B8,255,159
D3A5CC,11,2
D3A5CC,255,263
D3A7AC,255,89
D3A8EC,11,28
D3A8EC,255,234
D3A8ED,11,20
D3A8ED,255,280
D3AAF3,254,26
D3AB71,255,90
D3AC7C,255,340
D3ACF9,255,239
D3B0E7,255,202
D3B174,11,15
D3B174,255,53
D3B1E5,254,21
D3B2CB,11,36
D3B2CB,255,285
D3B36A,254,25
D3B494,255,122
D3B4AC,255,76
D3B4FA,255,401
D3B5AC,11,22
D3B5AC,255,104
D3B7A9,254,24
D3B7B8,254,24
D3B8E1,255,97
D3B9BA,254,18
D3BA76,255,110
D3BAE0,255,86
D3BBBB,255,68
D3BC72,255,118
D3BC99,255,521
D3BCEB,255,133
D3BCF2,255,106
D3BE60,255,341
D3BE88,11,35
D3BE88,255,458
D3BF79,254,29
D3C070,255,137
D3C0B1,11,6
D3C0B1,255,145
D3C13E,255,273
D3C188,255,206
D3C2A2,255,125
D3C2FC,11,26
D3C2FC,255,182
D3C492,11,11
D3C492,255,332
D3C5AD,255,115
D3C5D6,255,90
D3C7C0,11,8
D3C7C0,255,121
D3C870,254,24
D3C8B1,11,41
D3C8B1,255,415
D3C8D1,11,24
D3C8D1,255,199
D3C9D3,255,106
D3CACC,11,1
D3CACC,255,89
D3CADF,254,14
D3CEF6,255,173
D3D0C6,11,18
D3D0C6,255,381
D3D271,255,136
D3D28E,11,1
D3D28E,255,354
D3D2C2,255,165
D3D4B2,254,29
D3D4D4,255,108
D3D54C,255,230
D3D678,255,106
D3D6EF,255,240
D3D777,11,10
D3D777,255,117
D3D7C2,254,26
D3D7F9,255,361
D3D868,255,103
D3D97C,255,96
D3DACD,255,124
D3DB77,255,242
D3DCEE,255,112
D3DD87,255,582
D3DF89,11,7
D3DF89,255,149
D3DFD2,255,108
D3E086,255,384
D3E1B4,255,83
D3E1DE,254,18
D3E390,11,7
D3E390,255,269
D3E398,255,138
D3E3C5,255,154
D3E3EF,255,54
D3E46D,255,111
D3E47A,255,84
D3E592,255,139
D3E6E1,254,34
D3E6E9,255,93
D3E7F8,11,9
D3E7F8,255,79
D3E88F,254,14
D3E9F6,255,311
D3EA86,11,12
D3EA86,255,60
D3EB5B,11,3
D3EB5B,255,253
D3EC04,255,364
D3ECE2,254,21
D3EE99,255,141
D3EFAA,254,26
D3EFDD,255,81
D3EFF9,255,580
D3F198,11,3
D3F198,255,118
D3F1A9,255,113
D3F1E2,255,177
D3F2A1,255,97
D3F396,255,139
D3F464,255,155
D3F5CD,255,271
D3F668,11,14
D3F668,255,63
D3F66B,254,18
D3F8E7,255,109
D3F99D,254,28
D3FB73,255,194
D3FBC0,254,21
D3FC88,254,21
D3FC94,255,166
D3FDB6,255,82
D3FDDB,254,23
D3FDE3,254,25
D3FE88,255,237
D4024C,255,434
D4036C,255,83
D405CD,11,6
D405CD,255,103
D40790,11,13
D40790,255,618
D4081D,11,10
D4081D,255,363
D40B79,255,101
D40BB2,11,37
D40BB2,255,230
D40D7B,255,323
D40ECD,11,2
D40ECD,255,316
D411C0,11,17
D411C0,255,112
D413F8,255,145
D41676,255,134
D4167B,255,275
D41780,254,20
D41876,255,230
D418D6,255,74
D41A7D,254,20
D41BE9,255,78
D41F13,11,33
D41F13,255,254
D4211F,255,732
D4278E,11,4
D4278E,255,259
D427F6,11,8
D427F6,255,554
D42867,254,24
D429B0,255,138
D42CDA,2,1
D42CDA,11,25
D42CDA,255,74
D42CF6,254,30
D42D11,11,9
D42D11,255,445
D42DBA,255,219
D432F6,255,121
D4351F,255,273
D43564,255,197
D43591,11,24
D43591,255,423
D4383B,11,21
D4383B,255,372
D43AC3,255,102
D43EE6,255,123
D4431F,255,238
D444BB,255,341
D447CF,255,78
D448EA,255,131
D44E26,11,11
D44E26,254,5
D44E26,255,211
D44E27,255,231
D44EA4,255,253
D44FC6,11,19
D44FC6,255,452
D4512B,11,3
D4512B,255,349
D4517E,254,1
D4517E,255,249
D451D8,255,218
D45360,255,237
D453CB,254,34
D45A5D,11,27
D45A5D,255,468
D45F9D,255,116
D464B5,254,27
D465D2,255,150
D466D6,255,153
D466E4,255,141
D46942,255,275
D4696F,255,107
D46A83,255,200
D46AED,11,21
D46AED,255,103
D46B9F,255,172
D46BDA,254,36
D46BE5,255,124
D46CBC,255,143
D46E7C,11,7
D46E7C,255,521
D46E9A,254,21
D46EB2,255,136
D46EED,255,184
D46FC9,254,18
D4707C,11,18
D4707C,255,79
D472CC,255,138
D47384,11,6
D47384,255,273
D473AB,255,214
D4749D,255,97
D474D9,254,20
D47599,11,12
D47599,255,365
D475CA,255,135
D47667,255,283
D47687,255,229
D477E1,254,20
D477EF,254,27
D47877,255,115
D4792D,11,6
D4792D,255,406
D47A94,11,2
D47A94,255,56
D47CD7,255,79
D47CE1,11,8
D47CE1,255,92
D47D85,254,23
D47D8E,254,22
D47DC5,254,21
D47DF8,255,71
D47FD3,255,92
D480E2,11,18
D480E2,255,212
D48182,255,100
D48196,255,102
D48276,254,27
D483E6,254,23
D4849C,11,7
D4849C,255,262
D484CE,254,34
D484FC,254,26
D486C0,255,115
D48784,255,90
D487EC,11,10
D487EC,255,82
D488EA,254,21
D48970,255,108
D489F4,255,570
D48AAE,255,114
D48BEC,254,25
D48BEC,255,114
D48D9B,254,15
D48DCC,254,23
D48EE5,255,118
D4903D,255,301
D49115,255,260
D49158,11,22
D49158,255,509
D4926D,11,4
D4926D,255,153
D494A9,11,9
D494A9,255,64
D49573,254,20
D495C4,255,110
D49784,255,101
D497DB,11,8
D497DB,255,90
D499BE,11,3
D499BE,255,242
D499EC,2,1
D499EC,11,8
D499EC,255,347
D49B8C,255,204
D49CB6,255,49
D49DFA,11,5
D49DFA,255,262
D49F92,254,22
D4A189,255,104
D4A1AD,255,157
D4A1B6,11,23
D4A1B6,255,352
D4A2BE,254,20
D4A37E,255,206
D4A3AD,11,36
D4A3AD,255,222
D4A3B5,255,101
D4A582,254,29
D4A5C8,11,16
D4A5C8,255,89
D4A7BC,254,14
D4A83F,255,504
D4A97E,254,33
D4AAF0,254,33
D4ACB1,254,21
D4ACDA,255,132
D4ADA0,255,129
D4AE85,255,72
D4AE9E,255,98
D4AECB,11,2
D4AECB,255,311
D4AF95,255,122
D4AFF5,11,4
D4AFF5,255,109
D4B184,255,284
D4B1A6,255,70
D4B1D6,255,79
D4B2D7,255,123
D4B2DB,255,76
D4B496,255,110
D4B5CC,254,36
D4B6AA,254,21
D4B6CF,11,11
D4B6CF,255,101
D4B7AD,11,15
D4B7AD,255,133
D4BA9C,255,88
D4BABC,11,1
D4BABC,255,182
D4BD87,255,80
D4BE73,255,290
D4BE85,255,233
D4BEB3,255,376
D4BFF5,254,25
D4C09F,255,381
D4C0CD,254,29
D4C175,11,6
D4C175,254,21
D4C175,255,184
D4C1CC,255,229
D4C293,255,134
D4C527,255,428
D4C5CB,11,7
D4C5CB,255,95
D4C5DD,255,268
D4C7CB,255,216
D4C7CF,11,5
D4C7CF,255,112
D4C864,254,34
D4C99B,254,31
D4C9D7,254,26
D4CC96,11,3
D4CC96,255,305
D4CCC4,255,152
D4CCDC,255,140
D4CE6F,11,4
D4CE6F,255,76
D4CE83,255,99
D4CF9F,255,152
D4D0D7,255,309
D4D16C,255,98
D4D1B3,11,2
D4D1B3,255,209
D4D1F4,255,249
D4D39D,255,160
D4D3C2,255,293
D4D3D0,11,9
D4D3D0,255,241
D4D4A3,11,7
D4D4A3,255,239
D4D5A0,11,1
D4D5A0,255,103
D4D5B8,255,137
D4D8DE,254,39
D4D99D,255,363
D4D9E7,254,31
D4DA52,255,373
D4DB74,254,32
D4DC5D,11,37
D4DC5D,255,378
D4DD75,254,31
D4DE8E,254,17
D4DED9,254,17
D4E090,255,119
D4E26C,255,116
D4E2D9,255,285
D4E2ED,255,71
D4E3D8,255,148
D4E4DA,255,79
D4E574,255,268
D4E5B4,11,8
D4E5B4,255,119
D4E687,254,24
D4E69D,11,1
D4E69D,255,122
D4E6B5,255,123
D4E791,255,79
D4E7C2,255,76
D4E8DC,11,15
D4E8DC,255,143
D4EA87,11,7
D4EA87,255,268
D4EA8B,255,255
D4EA98,254,28
D4EA9E,255,89
D4EAD7,255,120
D4EBA0,11,16
D4EBA0,255,281
D4EC8D,255,80
D4ECB6,255,159
D4EDAA,255,85
D4EFC6,254,17
D4EFDE,11,5
D4EFDE,255,282
D4EFEA,11,7
D4EFEA,255,127
D4F2A6,255,120
D4F2D4,11,2
D4F2D4,255,174
D4F2EF,11,18
D4F2EF,255,157
D4F599,255,27
D4F6A8,255,114
D4F6C4,255,110
D4F6F6,255,148
D4F7BE,255,115
D4F7D7,11,10
D4F7D7,255,89
D4F822,255,306
D4F86C,254,26
D4F9D3,255,143
D4FB90,11,2
D4FB90,255,154
D4FC84,255,119
D4FCC9,254,19
D4FDB5,254,24
D4FDF8,254,30
D4FF15,11,29
D4FF15,255,206
D4FF16,255,303
D503A0,255,110
D50573,255,360
D50898,255,258
D508D8,255,113
D50967,11,20
D50967,255,117
D50968,255,350
D51197,11,14
D51197,255,453
D512BA,254,22
D514BD,255,194
D51538,11,3
D51538,255,352
D51F8E,11,18
D51F8E,255,257
D525B4,255,202
D527B0,255,87
D528F1,255,74
D52AF7,254,33
D52BB7,255,190
D52D9F,11,31
D52D9F,255,453
D531A8,255,124
D531CD,255,137
D535A0,255,89
D53CF6,255,226
D53D9A,255,132
D53DA5,255,257
D540CB,255,129
D540E9,255,122
D543C8,255,116
D54C07,11,19
D54C07,255,182
D554FC,255,151
D555A1,255,322
D557E3,255,381
D55A64,255,236
D55BC9,11,8
D55BC9,255,356
D5617F,11,2
D5617F,254,3
D5617F,255,111
D56180,255,346
D562D4,254,25
D562E4,255,126
D564CB,255,91
D564DD,254,33
D565A1,254,23
D5668B,255,73
D56789,255,420
D56793,11,12
D56793,255,117
D56799,255,221
D56868,255,135
D569C4,255,92
D56A7C,11,19
D56A7C,255,53
D56A84,255,89
D56AC8,255,95
D56CA6,254,34
D56CAA,254,32
D56ECD,11,3
D56ECD,255,82
D56F7A,254,28
D5707B,255,134
D570A0,254,13
D570BF,11,16
D570BF,255,93
D571DD,11,13
D571DD,255,130
D571DE,11,1
D571DE,255,235
D572DF,254,24
D57464,255,97
D575E7,254,22
D5768A,255,112
D579E2,255,180
D57A05,11,14
D57A05,255,256
D57A11,11,7
D57A11,255,276
D57B79,255,142
D57CE2,11,22
D57CE2,255,149
D57DC5,255,487
D57DCC,255,86
D57EE0,11,19
D57EE0,255,146
D57F91,255,180
D58081,254,27
D583A4,254,23
D58574,255,150
D58597,11,8
D58597,255,86
D587C1,254,27
D587C6,254,27
D58874,255,255
D588C1,254,28
D588C6,255,131
D58AAD,255,147
D58AD1,254,11
D58AE1,255,147
D58BA9,255,83
D58D72,255,233
D58D75,11,7
D58D75,255,253
D58F86,255,119
D59167,255,116
D591A9,255,77
D591AB,255,162
D5922D,255,497
D59264,255,96
D5926A,255,46
D592EB,11,2
D592EB,255,162
D59310,255,328
D593EF,255,127
D5947D,255,185
D5949E,254,24
D594F6,11,22
D594F6,255,62
D59583,255,137
D5958A,255,39
D595D4,255,123
D595FB,255,125
D596C0,254,15
D59773,255,208
D59778,255,233
D597DD,11,11
D597DD,255,73
D598E3,254,21
D5998F,11,35
D5998F,255,291
D59A01,255,271
D59C9C,11,12
D59C9C,255,134
D59CE7,254,36
D59D83,255,124
D59EEC,11,4
D59EEC,255,262
D59EF8,11,15
D59EF8,255,143
D59EFD,11,13
D59EFD,255,68
D59F7C,255,105
D59FD2,254,1
D59FD2,255,111
D59FF2,254,31
D5A19D,254,26
D5A1DF,255,91
D5A2EB,255,93
D5A37F,254,34
D5A46D,255,326
D5A56A,254,24
D5A57C,254,24
D5A5B7,11,5
D5A5B7,255,89
D5A81F,255,245
D5A966,255,93
D5A9C3,255,96
D5A9F8,11,10
D5A9F8,255,144
D5AA66,11,5
D5AA66,255,56
D5ABDE,255,112
D5ABF8,11,7
D5ABF8,255,274
D5ADBB,254,25
D5ADD2,255,161
D5AE79,255,61
D5AEA8,255,255
D5AEFB,255,102
D5AF8E,254,25
D5B093,255,151
D5B0B0,255,280
D5B167,11,14
D5B167,255,100
D5B2B6,254,17
D5B2C0,11,3
D5B2C0,255,140
D5B2ED,254,25
D5B2F6,255,111
D5B398,11,17
D5B398,255,174
D5B579,11,13
D5B579,255,293
D5B672,255,111
D5B8B8,255,75
D5B8FB,255,352
D5BA68,11,8
D5BA68,255,319
D5BBA3,254,20
D5BBFE,255,123
D5BCD6,255,156
D5BE9B,255,137
D5BFA9,11,4
D5BFA9,255,249
D5BFF1,11,44
D5BFF1,255,980
D5C1C8,255,263
D5C245,255,189
D5C246,255,182
D5C2BC,254,16
D5C345,255,416
D5C3B2,254,10
D5C456,255,74
D5C6A7,255,228
D5C6D1,255,118
D5C86A,254,38
D5C8A4,255,115
D5C8B3,254,25
D5C97C,255,273
D5C9C2,255,88
D5CCAD,255,84
D5CCF0,11,17
D5CCF0,255,524
D5CE66,255,105
D5CE70,255,126
D5CFC8,255,115
D5D1DF,255,129
D5D2A1,255,94
D5D2E8,255,118
D5D37C,255,141
D5D48B,254,27
D5D58A,254,23
D5D668,11,14
D5D668,255,154
D5D766,255,129
D5D774,255,70
D5D888,255,137
D5D982,255,107
D5D986,255,292
D5D991,254,29
D5DBA8,254,42
D5DC81,254,19
D5DC9E,11,5
D5DC9E,255,63
D5DCDB,11,8
D5DCDB,255,248
D5DCEE,255,71
D5DCF2,11,17
D5DCF2,255,82
D5DDB1,255,199
D5E1A7,255,74
D5E1AA,255,128
D5E2BF,255,356
D5E396,255,146
D5E3C3,254,2
D5E582,255,156
D5E677,255,71
D5E719,255,284
D5E773,254,30
D5E775,255,339
D5E7F0,255,72
D5E834,255,504
D5E89E,255,123
D5E8C8,254,17
D5E993,255,95
D5E9D3,254,24
D5EB66,254,29
D5EBF0,254,15
D5EC92,11,18
D5EC92,255,116
D5ECF4,11,21
D5ECF4,255,222
D5ED94,254,29
D5ED94,255,171
D5EE11,11,28
D5EE11,255,295
D5EE6D,254,24
D5EEA6,255,434
D5F3C0,255,109
D5F3F0,255,112
D5F485,255,216
D5F49C,255,205
D5F4D2,255,144
D5F4DB,255,128
D5F4E8,255,152
D5F55D,11,3
D5F55D,255,358
D5F5A5,11,5
D5F5A5,255,400
D5F66D,254,28
D5F765,11,6
D5F765,255,291
D5F779,11,6
D5F779,255,278
D5F79D,254,18
D5F9DC,1,1
D5F9DC,11,26
D5F9DC,255,240
D5FBB9,11,11
D5FBB9,255,86
D5FD84,255,145
D6026D,255,143
D60364,255,366
D6068C,255,121
D60AAD,11,1
D60AAD,255,191
D60D35,255,356
D60F77,255,193
D6138E,255,272
D61473,255,97
D6157C,11,2
D6157C,255,425
D61656,255,308
D61A4E,255,336
D61B80,11,6
D61B80,255,132
D61CC5,255,364
D62115,11,7
D62115,255,545
D62116,11,27
D62116,255,1086
D62C08,11,31
D62C08,255,268
D62D94,255,149
D62FB2,255,125
D63C48,11,1
D63C48,255,212
D644D6,254,1
D644D6,255,133
D64595,11,39
D64595,255,386
D64692,255,76
D64D9C,11,13
D64D9C,255,108
D64DFE,11,1
D64DFE,255,503
D64E71,255,133
D64E98,255,133
D64F8A,255,250
D65064,255,115
D650CF,255,284
D6519C,11,18
D6519C,255,137
D6545A,11,14
D6545A,255,331
D655D0,255,84
D6588D,255,330
D65BD7,255,190
D65D82,255,323
D66090,255,135
D6628B,254,25
D662BD,255,106
D662CD,255,421
D664B0,255,167
D664F1,255,129
D665D2,11,5
D665D2,255,104
D6668B,254,33
D666A0,255,175
D666DB,255,126
D6671B,255,330
D667B6,11,2
D667B6,255,156
D667CB,255,122
D667DD,255,168
D667F4,255,82
D6688F,255,110
D66898,255,244
D669C8,254,29
D669E4,255,187
D669F2,254,30
D66A81,11,2
D66A81,255,232
D66AB9,255,199
D66B86,255,125
D66BEC,255,323
D66C6F,255,432
D66CE8,254,26
D66FAF,254,30
D66FEE,255,99
D671F9,254,21
D67366,254,16
D673B6,255,139
D67471,255,574
D674C9,254,41
D675AE,255,130
D675E2,255,112
D67687,255,83
D67689,254,25
D67780,255,113
D67789,254,19
D67874,255,140
D678AD,255,212
D679EF,255,124
D67AA8,254,23
D67B8C,255,107
D67B8D,11,1
D67B8D,255,149
D67C71,255,102
D67CA3,254,19
D67DDF,255,72
D67E68,254,22
D67F69,255,69
D67FA6,255,135
D682C7,11,13
D682C7,255,103
D682F0,255,63
D6832E,11,6
D6832E,255,280
D68469,255,120
D6857E,254,38
D685FD,254,20
D6876F,255,242
D687B1,254,15
D688D8,255,155
D68964,255,131
D6899D,255,126
D689C6,11,4
D689C6,255,152
D68A97,254,21
D68BD7,11,22
D68BD7,255,219
D68BE1,255,113
D68C8A,255,127
D68E06,255,312
D68F96,255,221
D68FD5,255,130
D6908A,254,19
D6909D,255,122
D6912F,255,370
D69266,255,125
D6948F,254,28
D695AD,254,14
D69628,255,512
D6966A,254,28
D69683,255,234
D696EB,255,154
D69744,11,12
D69744,255,316
D698DB,11,9
D698DB,255,104
D698E7,255,198
D699F3,255,139
D699F7,255,116
D69A79,11,9
D69A79,255,218
D69C88,11,16
D69C88,255,147
D69D80,255,166
D69E6E,255,122
D69EC5,254,28
D6A0C2,254,19
D6A184,254,22
D6A1E6,254,21
D6A3F4,255,119
D6A3F9,254,31
D6A4A2,255,102
D6A57B,255,154
D6A5B0,255,313
D6A5E3,255,127
D6A6B2,255,164
D6A6B6,11,13
D6A6B6,255,201
D6A6CF,255,391
D6A6E2,255,93
D6A7B3,11,6
D6A7B3,255,70
D6ABAD,254,25
D6ABCA,254,22
D6ACB2,254,22
D6ADA8,11,34
D6ADA8,255,282
D6AE6F,255,89
D6AEDF,11,8
D6AEDF,255,91
D6AF98,254,29
D6AFB6,255,119
D6B138,11,1
D6B138,255,396
D6B2B3,255,129
D6B38D,254,25
D6B3E3,255,135
D6B6A4,255,499
D6B873,254,29
D6B8C1,255,183
D6B965,255,132
D6B98D,254,28
D6B9AC,2,1
D6B9AC,11,12
D6B9AC,255,244
D6B9AD,11,8
D6B9AD,255,315
D6BA86,11,12
D6BA86,255,113
D6BDED,254,26
D6BF7D,255,118
D6BF92,11,12
D6BF92,255,106
D6C02D,255,162
D6C0A2,254,27
D6C294,11,24
D6C294,255,172
D6C2D4,255,122
D6C37A,255,558
D6C3AD,255,120
D6C3DC,11,6
D6C3DC,255,495
D6C488,254,21
D6C5CA,255,126
D6C67B,255,127
D6C7B9,254,20
D6C875,11,6
D6C875,255,117
D6C890,255,132
D6C8F9,254,24
D6C99A,11,13
D6C99A,255,376
D6CA7F,255,106
D6CA96,255,97
D6CB03,11,15
D6CB03,255,205
D6CB04,11,6
D6CB04,255,161
D6CB88,255,152
D6CBC4,255,66
D6CBC9,255,146
D6CBF9,255,85
D6CCA3,255,77
D6CDEC,254,5
D6CECA,255,125
D6CF74,255,167
D6CF7F,255,99
D6CFDB,255,92
D6D068,255,121
D6D069,255,222
D6D1A1,255,377
D6D1DF,254,32
D6D4FA,11,14
D6D4FA,255,265
D6D7A4,254,21
D6D88D,255,279
D6D9D4,255,109
D6DAC7,255,84
D6DACA,255,272
D6DB81,11,5
D6DB81,255,245
D6DBB4,254,25
D6DC91,255,169
D6DCB2,255,169
D6DCC7,254,3
D6DDC5,255,79
D6DE86,254,14
D6DE86,255,110
D6DE90,254,19
D6DEAA,255,286
D6DEDA,254,24
D6DEDB,254,25
D6DFA5,255,136
D6E051,255,574
D6E0E9,11,7
D6E0E9,255,138
D6E176,11,5
D6E176,255,330
D6E19F,254,20
D6E1B0,254,6
D6E1FD,255,87
D6E2E3,255,204
D6E365,11,6
D6E365,255,143
D6E383,254,24
D6E49C,11,12
D6E49C,255,256
D6E5F5,255,92
D6E6BF,255,170
D6E6CA,11,14
D6E6CA,255,100
D6E6EB,255,122
D6E76A,255,98
D6E778,255,110
D6E7EF,255,136
D6EA9B,11,6
D6EA9B,255,148
D6EAB1,255,120
D6EBE6,254,22
D6EC3F,255,195
D6EEA9,255,105
D6F06F,254,19
D6F0E5,254,31
D6F24E,11,1
D6F24E,255,123
D6F24F,255,287
D6F38A,254,20
D6F467,254,25
D6F473,254,32
D6F4BA,255,205
D6F4D6,255,113
D6F5B3,11,5
D6F5B3,255,166
D6F73D,255,312
D6F773,255,156
D6F7A1,254,30
D6F7E4,255,111
D6F80E,1,1
D6F80E,11,24
D6F80E,255,418
D6F8B0,11,1
D6F8B0,255,241
D6F8D8,255,107
D6F967,255,282
D6F9EA,255,125
D6FAA6,255,99
D6FB95,255,111
D6FBCA,11,1
D6FBCA,255,143
D6FBDD,254,2
D6FD7E,255,114
D6FD7F,11,10
D6FD7F,255,98
D6FE65,254,12
D6FE73,11,16
D6FE73,255,131
D700E6,11,18
D700E6,255,200
D700E7,11,15
D700E7,255,184
D701D3,11,15
D701D3,255,411
D701EF,11,9
D701EF,255,403
D7035D,255,320
D7060D,11,25
D7060D,255,417
D708E1,255,75
D70971,255,258
D70AB4,255,168
D70CA8,255,134
D70E1F,11,23
D70E1F,255,309
D7107D,255,119
D711E5,255,235
D71221,255,332
D715F9,255,464
D7168E,255,117
D718A6,11,3
D718A6,255,106
D71C3E,11,5
D71C3E,255,308
D71DCB,255,252
D71DE1,255,336
D71EE1,255,119
D72007,255,251
D721F1,11,11
D721F1,255,97
D7310C,11,32
D7310C,255,564
D73163,255,200
D7359C,11,9
D7359C,255,135
D73953,255,384
D73A90,255,227
D73EF8,11,6
D73EF8,255,240
D73EF9,255,258
D74482,11,31
D74482,255,310
D744EA,255,178
D746D3,255,132
D7486D,255,137
D748D4,255,98
D74B24,255,284
D750BA,255,282
D7519D,255,105
D75487,255,108
D7551F,255,292
D755F2,11,7
D755F2,255,245
D75988,255,67
D76043,255,185
D76050,255,386
D762EC,254,27
D76375,255,119
D764E1,255,111
D765BA,254,22
D765C3,255,716
D765CC,11,10
D765CC,255,90
D768B5,255,242
D768F5,255,126
D76977,255,99
D76984,11,21
D76984,255,129
D7698D,255,119
D76B53,255,323
D76C7C,255,143
D76CA7,11,7
D76CA7,255,141
D76CA8,255,128
D76CD0,254,20
D76DA9,255,72
D76E7D,255,182
D76EC7,255,120
D77076,254,22
D770CD,255,255
D7719B,11,15
D7719B,255,290
D771E0,11,14
D771E0,255,123
D771F3,254,31
D77250,255,322
D77286,255,225
D772AA,11,10
D772AA,255,188
D774D3,11,16
D774D3,255,200
D77530,255,502
D7757D,254,29
D775E1,255,84
D775F0,255,127
D77692,255,169
D776D4,255,224
D77748,255,248
D77A7E,254,21
D77AA8,11,11
D77AA8,255,84
D77BB6,254,32
D77BDA,254,34
D77BFB,254,27
D77C6F,11,5
D77C6F,255,73
D77C9F,255,247
D77CE6,255,111
D77D77,255,115
D77DAE,254,25
D77EF2,11,12
D77EF2,255,117
D77FA7,11,18
D77FA7,255,323
D77FD3,11,13
D77FD3,255,438
D77FE1,255,75
D780AF,255,135
D7812D,11,31
D7812D,255,413
D78181,255,93
D781EC,255,135
D782A3,254,26
D78385,255,248
D7849A,11,13
D7849A,255,374
D785A3,255,100
D787B2,11,10
D787B2,255,200
D7897F,255,106
D78CCF,255,131
D78DFA,255,83
D78E6B,254,28
D791B7,255,302
D79252,255,411
D792B6,11,4
D792B6,255,100
D793DF,254,19
D7947F,11,15
D7947F,255,62
D795A2,254,24
D79664,255,132
D796AE,11,5
D796AE,255,358
D796CE,11,2
D796CE,255,1136
D7971A,11,13
D7971A,255,307
D797FB,11,21
D797FB,255,112
D7996D,11,1
D7996D,255,110
D79983,11,22
D79983,255,357
D799A5,255,165
D799A6,255,147
D799E9,11,24
D799E9,255,306
D79A99,255,70
D7A0DB,255,74
D7A0EE,255,291
D7A174,254,23
D7A199,255,103
D7A28A,255,124
D7A2BC,255,235
D7A368,254,15
D7A3A2,255,75
D7A3A7,255,111
D7A5AF,11,11
D7A5AF,255,344
D7A5E9,254,31
D7A67E,254,18
D7A786,255,208
D7A7F5,255,390
D7A9A4,254,30
D7AA73,254,28
D7AD75,255,216
D7ADFB,255,70
D7AEBA,11,5
D7AEBA,255,248
D7AEBE,254,20
D7AF64,254,22
D7B2E1,254,24
D7B2EA,254,7
D7B3A7,255,177
D7B3F5,254,45
D7B689,255,92
D7B6AD,255,186
D7B7C9,11,21
D7B7C9,255,66
D7B8C5,255,92
D7B9B2,254,26
D7BB9F,255,93
D7BC4F,255,242
D7BCB2,255,89
D7BCF9,254,35
D7BD82,254,26
D7BDCA,255,94
D7BFB9,255,109
D7BFBB,254,21
D7C0DA,255,89
D7C150,255,417
D7C17D,255,244
D7C27F,11,11
D7C27F,255,171
D7C2B0,255,117
D7C3A2,254,23
D7C4D0,254,21
D7C4D4,254,24
D7C591,254,29
D7C641,255,361
D7C6D4,255,85
D7C770,254,23
D7C984,255,298
D7CAE8,11,12
D7CAE8,255,111
D7CC64,254,24
D7CC97,0,1
D7CC97,11,5
D7CC97,255,110
D7CCBB,255,94
D7CD7A,254,29
D7CF69,254,19
D7CF82,11,23
D7CF82,255,338
D7D04C,255,631
D7D069,255,456
D7D1D4,255,78
D7D369,254,24
D7D3E0,11,6
D7D3E0,255,38
D7D43D,255,445
D7D4FA,255,60
D7D5C3,255,154
D7D7AD,255,2
D7D7B3,255,144
D7D7B4,255,181
D7D8E4,11,26
D7D8E4,255,202
D7D980,254,27
D7D9BF,254,31
D7DA8B,255,89
D7DBD1,255,228
D7DC6A,254,31
D7DC86,254,12
D7DD6C,255,82
D7DDF2,255,166
D7DEB3,255,179
D7E024,255,155
D7E080,255,361
D7E11E,255,174
D7E173,254,17
D7E3C2,255,92
D7E3D0,11,14
D7E3D0,255,175
D7E4CF,254,40
D7E4DC,11,10
D7E4DC,255,349
D7E5BE,255,115
D7E691,255,280
D7E78E,255,140
D7E873,11,21
D7E873,255,159
D7E8FB,11,4
D7E8FB,255,108
D7E979,254,20
D7EA7C,254,29
D7EA7F,255,317
D7EAB5,255,122
D7EABE,11,18
D7EABE,255,152
D7EB75,255,83
D7EC90,255,94
D7ECE2,254,20
D7ED9C,255,91
D7F048,255,410
D7F1A7,255,111
D7F1AD,255,126
D7F1E8,254,25
D7F2B0,11,9
D7F2B0,255,125
D7F47D,255,137
D7F4AE,255,169
D7F4F0,255,134
D7F57E,255,147
D7F7A3,254,13
D7F7B1,11,23
D7F7B1,255,211
D7FAAD,255,99
D7FAC6,254,27
D7FB88,11,9
D7FB88,255,168
D7FCA8,254,34
D7FD6D,255,147
D7FD88,254,24
D7FDBD,11,3
D7FDBD,255,128
D7FEB4,11,3
D7FEB4,255,108
D801F0,255,337
D802C3,11,21
D802C3,255,190
D80319,255,403
D8031A,255,573
D80441,11,3
D80441,255,379
D804FC,255,100
D8057D,255,96
D80686,255,90
D80CF1,255,155
D8109C,255,176
D81183,255,196
D811AA,2,1
D811AA,11,8
D811AA,15,7
D811AA,255,455
D8127A,254,16
D812F8,11,13
D812F8,255,304
D81582,255,83
D81A31,11,3
D81A31,255,417
D81DA6,11,5
D81DA6,255,227
D81DA7,11,12
D81DA7,255,268
D81DBF,11,16
D81DBF,255,105
D8218B,254,22
D82A92,255,100
D82AD5,254,39
D82BA5,255,147
D82C9D,11,12
D82C9D,255,158
D82D9F,11,2
D82D9F,255,142
D83097,11,24
D83097,255,92
D837FC,255,144
D838ED,255,188
D83964,11,15
D83964,255,248
D83A00,254,1
D83A00,255,182
D83A01,11,11
D83A01,255,379
D83C69,11,26
D83C69,255,534
D83CAA,255,67
D83D31,11,2
D83D31,255,154
D8429C,255,203
D842CE,255,174
D84393,11,3
D84393,255,122
D846D7,11,2
D846D7,255,268
D846D8,255,499
D847AE,11,1
D847AE,255,367
D848C6,255,141
D84933,11,13
D84933,255,361
D84CA7,255,260
D84E1C,255,195
D85081,254,32
D8568F,255,137
D8569A,255,313
D856C6,11,1
D856C6,255,105
D85A69,11,2
D85A69,255,116
D85AA7,11,18
D85AA7,255,213
D85BC0,11,6
D85BC0,255,125
D85C4F,11,7
D85C4F,255,593
D864DF,255,137
D864F1,11,8
D864F1,255,194
D86591,255,97
D865C1,11,3
D865C1,255,299
D865F3,254,30
D8662E,255,368
D8677F,254,24
D8679C,11,18
D8679C,255,363
D867A0,255,156
D86980,255,128
D869C1,11,14
D869C1,255,212
D86BB0,254,27
D86CBD,255,133
D86D98,255,95
D86DC6,254,3
D86EDD,254,21
D873A0,255,122
D87404,11,4
D87404,254,2
D87404,255,189
D87405,255,323
D874BD,254,23
D874EB,254,30
D87571,255,195
D875C6,254,29
D875E8,255,125
D877BD,11,15
D877BD,255,176
D877D0,254,17
D879D7,11,17
D879D7,255,117
D87A86,255,129
D87AF1,255,122
D87CCD,255,117
D87CE1,255,152
D87D6E,255,152
D87DA5,11,2
D87DA5,255,106
D87DB1,255,105
D87F85,11,5
D87F85,255,355
D87F90,255,97
D87F97,255,159
D87FC8,11,33
D87FC8,255,416
D880A2,11,5
D880A2,255,107
D88164,254,24
D88174,255,91
D881AC,255,360
D881B5,255,67
D882BF,255,224
D882C0,255,427
D882CF,255,90
D884D0,255,81
D88574,255,114
D885AC,11,3
D885AC,255,98
D886DA,254,27
D88790,255,85
D887D9,254,35
D887FA,11,7
D887FA,255,133
D888CA,255,66
D88B97,255,126
D88CD5,255,266
D88DA7,254,19
D88E7B,254,16
D88F79,11,1
D88F79,255,121
D88FF6,255,197
D890C9,11,10
D890C9,255,159
D892A3,255,158
D8945A,255,284
D89477,255,120
D894EB,255,100
D895BD,254,17
D89872,255,100
D89899,255,114
D89919,11,3
D89919,255,272
D899AF,255,394
D899D0,255,143
D89A12,11,18
D89A12,255,341
D89AAA,255,140
D89CDB,11,4
D89CDB,255,115
D89CF8,2,1
D89CF8,11,32
D89CF8,255,154
D89DD1,11,7
D89DD1,255,89
D89DDB,254,24
D89F94,255,102
D89FFC,254,24
D8A079,255,97
D8A3ED,254,28
D8A3EF,11,12
D8A3EF,255,74
D8A596,255,539
D8A5C8,255,142
D8A5DB,255,345
D8A5F9,254,29
D8A631,11,8
D8A631,255,261
D8A6E1,255,117
D8A6E6,11,17
D8A6E6,255,254
D8A7B6,11,5
D8A7B6,255,252
D8A7E8,255,196
D8A926,11,5
D8A926,255,275
D8A9B4,255,132
D8A9E4,255,129
D8AB70,255,116
D8ABCD,254,19
D8AC45,255,252
D8ADF0,254,23
D8ADF9,255,95
D8AEAA,11,14
D8AEAA,254,8
D8AEAA,255,248
D8AF6E,255,124
D8AFC2,255,173
D8B073,255,156
D8B0D5,255,126
D8B179,254,20
D8B1C8,255,232
D8B2C8,255,298
D8B368,255,93
D8B3B2,255,57
D8B3B7,254,26
D8B4D5,255,236
D8B581,255,144
D8B5F2,11,10
D8B5F2,255,64
D8B622,255,302
D8B679,255,126
D8B6AA,255,114
D8B7DB,255,74
D8B7F2,255,139
D8B901,11,5
D8B901,255,338
D8B9B8,11,24
D8B9B8,255,290
D8BADF,255,317
D8BBAC,11,15
D8BBAC,255,67
D8BCBC,255,125
D8BCDC,255,281
D8BDAB,255,82
D8BFBA,11,8
D8BFBA,255,70
D8C081,255,395
D8C0F1,254,27
D8C14C,11,19
D8C14C,255,396
D8C183,11,11
D8C183,255,110
D8C1E5,254,24
D8C365,254,28
D8C39F,11,16
D8C39F,255,148
D8C3A8,254,31
D8C4B2,11,12
D8C4B2,255,83
D8C4C8,11,17
D8C4C8,255,329
D8C4E9,255,242
D8C4EA,255,323
D8C5A3,255,146
D8C68C,254,27
D8C69C,11,7
D8C69C,255,214
D8C7E0,255,190
D8C8F1,255,118
D8C99D,11,6
D8C99D,255,79
D8C9E6,255,203
D8CAAA,254,25
D8CAE7,255,138
D8CAFE,254,26
D8CB64,254,28
D8CBC0,255,90
D8CCCC,254,19
D8CD76,255,99
D8CDEA,254,29
D8CF78,255,112
D8D00A,11,16
D8D00A,255,425
D8D101,255,314
D8D1A8,255,220
D8D3B3,255,157
D8D487,255,153
D8D6B2,255,129
D8D8DD,254,22
D8D8E5,255,142
D8D8EA,254,27
D8D90F,255,457
D8D9BC,254,24
D8DB64,255,140
D8DB75,254,27
D8DB90,255,57
D8DBA3,255,104
D8DBE1,11,2
D8DBE1,255,59
D8DD6F,255,59
D8DDC9,255,213
D8DDF9,254,29
D8DE98,254,23
D8DF75,254,25
D8E11B,255,154
D8E168,1,1
D8E168,11,4
D8E168,255,100
D8E25A,11,1
D8E25A,255,420
D8E3BA,11,13
D8E3BA,255,77
D8E3D8,254,33
D8E3DD,254,28
D8E3DD,255,169
D8E47C,255,138
D8E5BA,254,11
D8E79C,255,130
D8E7C2,254,22
D8E7EE,254,18
D8E8A1,255,91
D8E8F5,255,118
D8E964,255,69
D8EAE7,11,4
D8EAE7,255,176
D8EB0D,255,293
D8EBDF,11,16
D8EBDF,255,150
D8EBE8,11,31
D8EBE8,255,710
D8EC67,11,9
D8EC67,255,184
D8EC8E,255,213
D8EC9E,11,12
D8EC9E,255,101
D8ECBE,255,95
D8ECD4,255,152
D8F08D,255,227
D8F08E,255,263
D8F0B9,254,31
D8F18A,11,2
D8F18A,255,295
D8F1CF,11,11
D8F1CF,255,223
D8F26E,11,11
D8F26E,255,45
D8F2DA,254,19
D8F39E,11,6
D8F39E,255,499
D8F3E6,255,394
D8F3F3,255,161
D8F584,255,321
D8F76D,255,119
D8FACF,254,24
D8FAF2,255,153
D8FBCB,255,138
D8FD6F,11,18
D8FD6F,255,247
D8FDE6,255,85
D8FDFE,255,167
D8FEA5,254,32
D90280,11,6
D90280,255,319
D9029E,254,20
D903CB,11,13
D903CB,255,484
D90825,11,18
D90825,255,382
D90BC5,255,113
D90EFE,255,233
D90FA7,11,18
D90FA7,255,301
D90FA9,255,288
D910EE,11,16
D910EE,255,308
D91183,255,298
D914B8,255,245
D914D3,254,29
D918DD,11,16
D918DD,255,143
D91977,254,23
D91A3A,255,341
D92128,255,330
D9226B,11,24
D9226B,255,257
D929B4,255,82
D92AD2,11,2
D92AD2,255,246
D92B88,255,106
D92C92,255,221
D930A9,255,285
D93391,255,146
D937E5,255,54
D938C8,255,118
D93CCC,255,100
D93EA2,255,105
D93EDC,255,311
D9439D,255,137
D94A39,255,151
D950F3,255,142
D952F2,255,120
D95495,255,175
D954E8,254,26
D955A0,254,38
D95656,11,3
D95656,255,212
D95665,254,17
D958F4,255,314
D9596F,255,62
D95B87,11,6
D95B87,255,288
D95F61,11,33
D95F61,255,431
D965DD,255,91
D966B2,255,200
D967C8,255,119
D968C6,254,33
D968DA,254,23
D96964,11,6
D96964,255,94
D9697B,255,141
D96C71,255,161
D96CE0,254,30
D96D7B,255,62
D96D9F,255,143
D96E92,254,19
D96FD3,255,116
D96FFA,254,31
D971EC,11,9
D971EC,255,140
D97278,255,54
D97285,255,135
D972E1,11,40
D972E1,255,331
D972E2,11,18
D972E2,255,102
D973E0,254,23
D9758F,255,110
D975D0,254,33
D976EC,255,118
D977C9,255,144
D977CD,255,101
D978A4,255,141
D978C2,11,12
D978C2,255,535
D97977,11,11
D97977,255,302
D979E5,255,86
D97A79,11,20
D97A79,255,97
D97AFC,254,33
D97B67,11,10
D97B67,255,321
D97DB4,255,154
D97E89,254,18
D97E9C,255,165
D97FAD,255,115
D97FC0,11,8
D97FC0,255,348
D980C8,254,20
D980F4,11,13
D980F4,255,109
D981DF,254,23
D981F5,255,102
D982C7,255,75
D982F1,255,277
D983EA,254,30
D9847F,254,1
D9847F,255,84
D984D2,255,261
D984EF,255,86
D985DB,255,128
D98698,255,261
D987A3,255,85
D98876,254,1
D98876,255,116
D98888,11,16
D98888,255,151
D98984,255,173
D989EE,255,276
D98A6F,255,209
D98B3E,255,281
D98B93,254,27
D98BEF,255,224
D98D67,254,25
D98EFB,254,37
D98F66,254,36
D98F66,255,195
D9926D,255,125
D9939A,255,118
D993BF,254,29
D9949A,254,32
D998F9,254,4
D998FC,254,20
D99AE7,254,16
D99BC3,254,30
D99BD9,254,5
D99BD9,255,279
D99BF1,255,99
D99CBB,255,244
D99D85,255,138
D99DA6,255,141
D99F8D,255,264
D9A0E6,255,131
D9A1ED,255,254
D9A269,11,15
D9A269,255,312
D9A2B5,255,74
D9A371,255,136
D9A3A9,255,132
D9A3F4,255,142
D9A634,11,2
D9A634,255,536
D9A674,254,20
D9A6C8,254,22
D9A7B6,255,77
D9A887,254,26
D9AA97,255,140
D9AAF4,11,13
D9AAF4,255,56
D9ABE0,255,88
D9AD9D,11,34
D9AD9D,255,380
D9AEF8,11,12
D9AEF8,255,236
D9AEFA,255,136
D9AF14,11,39
D9AF14,255,355
D9AFFD,254,27
D9B06E,255,210
D9B0C7,11,12
D9B0C7,255,183
D9B1E4,255,115
D9B288,255,462
D9B3DD,255,122
D9B4F0,11,21
D9B4F0,255,253
D9B4F5,255,210
D9B541,255,314
D9B639,255,281
D9B6E1,11,3
D9B6E1,255,162
D9B7DE,11,26
D9B7DE,255,337
D9B888,255,87
D9B892,255,64
D9B8DC,254,15
D9BAEC,255,112
D9BB31,11,5
D9BB31,255,254
D9BBCE,11,9
D9BBCE,255,97
D9BDB2,11,5
D9BDB2,255,290
D9BDF9,255,164
D9BF6D,11,12
D9BF6D,255,73
D9BFBC,255,78
D9C0EF,11,25
D9C0EF,255,370
D9C0F4,255,172
D9C114,255,302
D9C2E5,255,81
D9C338,11,20
D9C338,255,243
D9C438,11,7
D9C438,255,285
D9C4DF,255,130
D9C58A,255,130
D9C5D0,255,118
D9C666,255,158
D9C9D4,255,122
D9CB86,254,24
D9CB92,11,8
D9CB92,255,127
D9CDF3,255,125
D9CE7B,254,31
D9CFA9,255,134
D9CFE6,255,115
D9D1F7,255,161
D9D3B0,255,230
D9D488,11,5
D9D488,255,204
D9D7FC,254,25
D9D829,255,309
D9D991,11,15
D9D991,255,490
D9D993,11,29
D9D993,255,309
D9DA7B,255,111
D9DAA2,255,85
D9DBFE,11,23
D9DBFE,255,151
D9DC7C,11,8
D9DC7C,255,306
D9DCB0,255,130
D9DCD1,255,139
D9DDC9,254,34
D9DFB4,254,22
D9DFBB,11,12
D9DFBB,255,421
D9DFC0,255,118
D9E0A6,255,135
D9E278,11,13
D9E278,255,64
D9E2D0,11,32
D9E2D0,255,207
D9E38A,255,380
D9E4E4,255,126
D9E5D1,255,108
D9E5EF,255,69
D9E6D9,255,131
D9E792,11,10
D9E792,255,144
D9E7A3,255,128
D9E893,255,136
D9E8F9,254,31
D9E938,255,382
D9E9C4,255,83
D9EBE1,11,5
D9EBE1,255,80
D9EBF2,255,117
D9EC70,255,109
D9EDB7,255,655
D9EDC3,0,1
D9EDC3,255,643
D9EE81,255,132
D9EEAF,255,166
D9EFA9,254,25
D9F089,11,9
D9F089,255,222
D9F1A2,11,16
D9F1A2,255,231
D9F37A,254,25
D9F4A0,254,17
D9F4E9,255,232
D9F5A5,255,289
D9F5A6,255,246
D9F683,11,13
D9F683,255,123
D9F6D5,255,138
D9F6FA,254,29
D9F708,255,496
D9F87C,255,440
D9F8CE,255,122
D9F969,255,342
D9F973,255,108
D9FA70,254,19
D9FAEE,255,250
D9FB0C,255,234
D9FC73,255,68
D9FCF3,254,24
D9FDD9,11,1
D9FDD9,255,213
D9FEA6,254,28
D9FED7,254,23
DA0067,255,339
DA07E6,11,11
DA07E6,255,215
DA0810,255,194
DA0811,11,19
DA0811,255,256
DA08A3,255,277
DA0AA7,11,11
DA0AA7,255,120
DA1503,11,22
DA1503,255,197
DA16C7,255,93
DA177F,254,40
DA17AB,254,11
DA1964,254,1
DA1964,255,250
DA1965,11,7
DA1965,255,253
DA197C,255,266
DA1986,11,3
DA1986,255,433
DA1D9C,255,303
DA1EF5,255,514
DA2273,255,368
DA2389,11,6
DA2389,255,203
DA23D4,254,19
DA24C6,255,81
DA2694,11,13
DA2694,255,95
DA2B44,11,21
DA2B44,255,333
DA2C04,11,2
DA2C04,255,351
DA2CE7,11,5
DA2CE7,255,269
DA2D94,11,8
DA2D94,255,292
DA2EA3,11,17
DA2EA3,255,639
DA30A6,254,29
DA32A4,11,15
DA32A4,255,151
DA3520,11,33
DA3520,255,336
DA3891,11,20
DA3891,255,165
DA3B4B,11,41
DA3B4B,255,324
DA3DB4,255,284
DA4045,11,5
DA4045,255,317
DA40D8,255,159
DA466E,11,14
DA466E,255,185
DA46DC,255,148
DA50D1,11,31
DA50D1,255,338
DA5A48,255,398
DA5AA5,255,298
DA5B76,255,130
DA5C8F,11,2
DA5C8F,255,231
DA6371,255,335
DA6491,255,132
DA64B4,11,5
DA64B4,255,116
DA6574,254,25
DA657C,255,90
DA667A,255,136
DA66B0,255,36
DA66C5,254,36
DA66C7,255,84
DA67DF,254,19
DA67F3,255,116
DA683F,0,1
DA683F,11,5
DA683F,255,153
DA68E6,11,1
DA68E6,255,98
DA68F2,11,9
DA68F2,255,113
DA698E,255,118
DA6AB7,255,89
DA6B66,255,74
DA6BBF,255,160
DA6BD5,255,127
DA6BE8,11,9
DA6BE8,255,80
DA6CC3,11,5
DA6CC3,255,87
DA6D9F,255,156
DA6DAB,254,20
DA6EF6,11,5
DA6EF6,255,152
DA6F72,11,3
DA6F72,255,87
DA70A3,255,154
DA70A4,255,148
DA70C3,11,5
DA70C3,255,356
DA7137,11,22
DA7137,255,232
DA71B8,255,286
DA71DD,255,80
DA72B6,255,159
DA72D2,254,23
DA72E3,255,113
DA74AB,254,22
DA74BB,1,1
DA74BB,11,14
DA74BB,255,59
DA757A,254,16
DA7594,11,18
DA7594,255,203
DA75B5,255,87
DA75B6,255,129
DA7685,255,137
DA76CD,255,142
DA76E4,254,17
DA7887,255,120
DA7A98,254,30
DA7AA7,254,26
DA7BEB,254,22
DA7CE8,254,25
DA7DB6,255,191
DA7DC2,255,92
DA7DFE,11,14
DA7DFE,255,140
DA7F9C,255,146
DA7FF2,255,68
DA8068,255,49
DA81A5,255,100
DA81D7,255,348
DA827D,255,95
DA828B,254,29
DA83D6,255,516
DA84C1,254,25
DA85AA,254,23
DA85B2,254,33
DA85DA,255,278
DA85F7,254,31
DA86C0,254,21
DA877E,255,105
DA88FB,254,24
DA88FD,254,34
DA8A16,255,204
DA8B7C,255,208
DA8BEB,255,400
DA8C96,255,98
DA8C9C,255,85
DA8CC7,255,86
DA8E69,11,13
DA8E69,255,291
DA8E6A,255,499
DA8E9A,254,19
DA8F8E,255,251
DA8F9F,11,15
DA8F9F,255,424
DA8FB2,254,32
DA903C,11,37
DA903C,255,475
DA9068,254,32
DA90A9,254,24
DA90B3,255,121
DA90C4,11,13
DA90C4,255,96
DA90C8,255,145
DA917F,255,98
DA91CD,255,67
DA9278,255,567
DA92DB,254,25
DA9313,11,7
DA9313,255,562
DA9402,11,31
DA9402,255,173
DA9468,255,110
DA9494,254,17
DA94E6,255,156
DA94F0,255,200
DA94F6,255,235
DA95FC,11,20
DA95FC,255,378
DA9784,255,101
DA978D,255,110
DA97D5,11,17
DA97D5,255,155
DA9892,255,74
DA98BA,254,28
DA996B,255,245
DA99DF,254,36
DA9AC1,255,70
DA9AC9,255,128
DA9AF7,255,109
DA9B9D,255,84
DA9CA6,254,20
DA9D32,255,584
DA9E5D,255,415
DA9EE9,255,110
DAA055,11,33
DAA055,255,155
DAA071,11,2
DAA071,255,266
DAA1DE,255,140
DAA2B3,11,8
DAA2B3,255,448
DAA2F8,255,402
DAA36A,255,222
DAA516,11,13
DAA516,255,476
DAA5E6,255,92
DAA6AA,11,6
DAA6AA,255,332
DAA7C7,11,20
DAA7C7,255,113
DAA7D0,255,268
DAA8BA,11,5
DAA8BA,255,27
DAAAC6,255,86
DAAB69,255,128
DAAC7E,255,288
DAACE5,255,229
DAADB3,11,5
DAADB3,255,135
DAAFD8,254,35
DAAFEA,255,93
DAB076,255,122
DAB18E,255,142
DAB1F9,255,63
DAB27C,254,13
DAB2AE,255,73
DAB2CB,254,22
DAB2E6,254,36
DAB378,255,262
DAB3FC,11,17
DAB3FC,255,121
DAB49B,255,196
DAB4E6,255,77
DAB5E7,11,17
DAB5E7,255,144
DAB69C,255,286
DAB7A7,255,117
DAB9E5,255,125
DAB9EE,254,19
DABA86,255,69
DABB30,11,16
DABB30,255,194
DABB7A,255,312
DABBA5,255,120
DABBD6,11,22
DABBD6,255,91
DABC69,255,117
DABD9D,255,204
DABE98,255,97
DABECF,255,133
DABF97,11,5
DABF97,255,119
DABFD8,255,330
DAC0D9,255,237
DAC0EB,254,34
DAC18E,254,28
DAC296,255,163
DAC2F8,255,322
DAC3DA,254,26
DAC46F,255,261
DAC5B7,255,93
DAC668,11,6
DAC668,255,109
DAC8B7,254,19
DAC8CA,255,83
DAC9B9,255,359
DAC9E5,11,2
DAC9E5,255,140
DACC1A,255,411
DACC98,255,74
DACEB1,254,21
DACF83,11,9
DACF83,255,267
DACFDA,255,121
DAD16E,11,48
DAD16E,255,650
DAD29C,255,145
DAD2CE,254,32
DAD2CF,255,236
DAD333,255,388
DAD3CF,255,124
DAD4CF,254,22
DAD58C,255,110
DAD729,255,199
DAD7B1,254,36
DAD87A,11,6
DAD87A,255,165
DADA22,255,279
DADACF,11,3
DADACF,255,266
DADCF9,255,92
DADDDC,11,10
DADDDC,255,128
DADDF9,255,125
DADE8B,255,106
DAE0FB,255,245
DAE17F,254,29
DAE190,255,168
DAE195,254,26
DAE2B9,255,89
DAE4C6,254,20
DAE665,255,122
DAE6D7,254,26
DAE77B,255,125
DAE7D5,255,79
DAE7E5,254,20
DAE9B4,255,169
DAE9F2,255,128
DAEADD,255,138
DAEBF0,255,79
DAEC68,255,161
DAED79,255,63
DAEDCE,254,23
DAEEBD,255,130
DAEEF9,254,24
DAEFA3,11,17
DAEFA3,255,64
DAEFA8,255,235
DAEFAD,255,109
DAF1D6,11,11
DAF1D6,254,19
DAF1D6,255,119
DAF2A6,255,91
DAF2C7,255,92
DAF34A,255,302
DAF390,255,371
DAF493,11,11
DAF493,255,147
DAF4C4,255,150
DAF583,254,24
DAF695,254,18
DAF6DB,255,202
DAF792,255,321
DAF984,254,26
DAF9BF,11,25
DAF9BF,255,96
DAFC6C,255,84
DAFC86,255,618
DAFDAC,11,64
DAFDAC,255,585
DAFDD2,255,288
DAFE74,254,13
DAFE79,255,98
DAFEFD,255,171
DB02BC,255,338
DB037F,255,302
DB0581,11,19
DB0581,255,229
DB06FD,254,27
DB077B,255,154
DB07BD,254,26
DB0B65,255,167
DB0B6A,255,262
DB0BB8,255,281
DB0DF6,255,94
DB0F92,254,27
DB12BD,11,4
DB12BD,255,291
DB13A2,11,2
DB13A2,254,7
DB13A2,255,222
DB1593,255,105
DB15C5,11,40
DB15C5,255,361
DB15DF,255,936
DB1795,255,312
DB18C9,254,25
DB1BD2,254,21
DB1F0C,11,11
DB1F0C,255,331
DB1F96,255,113
DB2088,255,180
DB29C1,255,126
DB2D93,11,10
DB2D93,255,234
DB30C0,11,11
DB30C0,255,335
DB30F9,255,149
DB35BD,254,4
DB35BD,255,189
DB35BE,11,11
DB35BE,255,252
DB35CC,254,17
DB35F7,11,15
DB35F7,255,110
DB36F1,254,16
DB377B,11,8
DB377B,255,316
DB3A88,254,22
DB3AE0,255,89
DB3CF1,255,196
DB3D91,255,244
DB4160,11,28
DB4160,255,475
DB41C6,11,10
DB41C6,255,85
DB489B,254,30
DB4B7C,11,6
DB4B7C,255,140
DB4BCD,255,128
DB50D8,255,300
DB5462,11,4
DB5462,255,251
DB5492,255,128
DB5666,11,17
DB5666,255,110
DB57F7,11,14
DB57F7,255,36
DB5940,11,15
DB5940,255,332
DB5CAF,11,18
DB5CAF,255,260
DB5EB8,255,240
DB60C2,255,153
DB63E2,255,315
DB6415,255,242
DB64E9,255,121
DB67A1,254,19
DB68BE,255,310
DB68BF,255,245
DB6987,255,163
DB69EB,255,142
DB6BD7,254,27
DB6C67,255,130
DB6D6A,254,23
DB6DE4,255,74
DB6DF0,255,233
DB6E64,11,4
DB6E64,255,125
DB6E7D,255,128
DB6F4E,255,434
DB6FF0,11,7
DB6FF0,255,188
DB70D2,255,68
DB71B2,255,180
DB7281,254,21
DB72AC,11,25
DB72AC,255,380
DB737A,255,138
DB73A9,254,24
DB7466,255,120
DB74C6,11,7
DB74C6,255,663
DB75FA,255,103
DB7672,255,157
DB769E,255,236
DB776F,11,15
DB776F,255,113
DB77B3,255,100
DB77E9,254,26
DB78E0,11,7
DB78E0,255,240
DB7999,254,26
DB79DD,255,239
DB7ACA,255,371
DB7BCE,11,13
DB7BCE,255,131
DB7BE7,255,104
DB7C97,11,15
DB7C97,255,122
DB7CAB,255,90
DB7CEF,254,22
DB7E93,254,19
DB80B6,255,143
DB819D,11,3
DB819D,255,135
DB82CE,255,133
DB836B,255,168
DB83A2,255,125
DB84C8,11,15
DB84C8,255,98
DB86FD,255,135
DB8764,254,31
DB8789,255,172
DB87C7,255,62
DB8870,11,5
DB8870,255,178
DB88F5,255,188
DB8A94,255,102
DB8AC0,255,109
DB8BC1,255,111
DB8BC8,254,23
DB8BC9,255,86
DB8BD5,11,8
DB8BD5,255,100
DB8D96,255,282
DB8EE8,254,27
DB8FB5,255,97
DB8FBE,254,21
DB92EF,254,29
DB92FB,254,26
DB9387,255,356
DB94A9,255,226
DB9571,255,129
DB9574,255,187
DB95C2,255,91
DB96DF,11,14
DB96DF,255,98
DB96E6,11,10
DB96E6,255,288
DB986D,255,321
DB98A6,254,34
DB98D3,255,145
DB9ABC,255,120
DB9AE1,255,94
DB9B98,254,26
DB9BDE,255,71
DB9CEC,11,16
DB9CEC,255,231
DB9D82,255,84
DB9E98,255,329
DB9EAF,11,6
DB9EAF,255,165
DB9EBA,255,128
DB9FF1,255,113
DBA268,254,22
DBA28A,255,122
DBA2F0,255,111
DBA49F,11,9
DBA49F,255,59
DBA59E,254,33
DBA722,255,299
DBA76F,255,98
DBA78D,11,7
DBA78D,255,94
DBA867,255,45
DBA9A4,255,92
DBAAA9,255,228
DBAADF,255,148
DBABA0,255,124
DBABA7,255,103
DBABB2,255,151
DBABDE,255,309
DBACB0,255,130
DBACF7,255,95
DBAD64,11,19
DBAD64,255,324
DBAD6C,255,104
DBAD8A,255,93
DBAD9C,11,1
DBAD9C,255,115
DBADAB,255,76
DBAFB4,11,13
DBAFB4,255,88
DBB070,254,32
DBB098,0,1
DBB098,11,41
DBB098,255,385
DBB224,11,8
DBB224,255,247
DBB3AF,255,86
DBB47E,255,139
DBB569,254,17
DBB57A,255,68
DBB6DE,254,18
DBB770,255,71
DBB7F1,11,3
DBB7F1,255,208
DBB86A,255,188
DBB99C,255,325
DBB9CF,11,21
DBB9CF,255,297
DBBABD,0,1
DBBABD,11,9
DBBABD,255,228
DBBBF9,11,14
DBBBF9,255,120
DBBC6B,255,72
DBBDA4,255,209
DBBEAB,255,223
DBBEE3,11,12
DBBEE3,255,207
DBBFFE,255,82
DBC0A5,255,140
DBC387,255,101
DBC574,255,257
DBC5F7,255,119
DBC620,255,246
DBC66B,255,106
DBC771,255,69
DBC8D4,255,200
DBC8FC,255,175
DBC9CE,255,85
DBCAC8,11,24
DBCAC8,255,421
DBCBB5,254,20
DBCCA4,11,9
DBCCA4,254,1
DBCCA4,255,179
DBCE6E,254,22
DBCEDE,11,21
DBCEDE,255,80
DBCF18,11,10
DBCF18,255,233
DBCFA8,254,21
DBCFC9,255,130
DBD07A,254,14
DBD1B1,255,196
DBD1D0,11,17
DBD1D0,255,98
DBD1D8,11,17
DBD1D8,255,97
DBD2A7,255,193
DBD2E8,255,147
DBD2EE,255,105
DBD4A5,11,10
DBD4A5,255,182
DBD4B2,11,7
DBD4B2,255,128
DBD4C4,11,5
DBD4C4,255,55
DBD5EC,254,27
DBD7EC,255,95
DBD7FB,254,26
DBD873,11,23
DBD873,255,266
DBD88C,254,19
DBD97E,254,28
DBD992,254,22
DBD998,254,23
DBD9C6,255,105
DBDA6D,255,245
DBDAFD,255,61
DBDCE2,255,98
DBE08D,255,162
DBE0EB,254,20
DBE66A,11,3
DBE66A,254,6
DBE66A,255,121
DBE8B8,255,139
DBE98D,254,24
DBE9BC,255,156
DBEAAA,254,20
DBEC70,11,41
DBEC70,255,415
DBECC8,255,91
DBECCE,255,357
DBED94,255,131
DBEDEF,11,11
DBEDEF,255,151
DBEE79,255,258
DBEEBC,255,59
DBEEF4,254,20
DBEF55,11,27
DBEF55,255,332
DBF08C,255,121
DBF3B1,11,30
DBF3B1,255,226
DBF3B2,11,15
DBF3B2,255,253
DBF3E6,255,209
DBF46D,254,34
DBF48D,255,166
DBF56B,255,124
DBF5CC,254,33
DBF5CE,255,149
DBF76F,255,116
DBF965,255,442
DBFA95,255,119
DBFC96,255,139
DBFCC5,254,18
DBFCD5,11,17
DBFCD5,255,267
DBFD74,255,127
DBFDA0,254,18
DBFDB2,255,147
DBFDB8,255,163
DBFDD2,255,107
DBFEC2,254,22
DBFFED,255,758
DC0131,255,181
DC0694,255,80
DC0711,11,7
DC0711,255,357
DC0AFE,254,31
DC1081,255,135
DC159A,254,20
DC17BE,255,229
DC197C,255,384
DC19D8,255,295
DC1BA0,11,28
DC1BA0,255,278
DC1BC9,255,126
DC1CE1,255,156
DC1D84,255,207
DC207E,254,11
DC20E5,254,34
DC23D4,11,17
DC23D4,255,175
DC2670,255,209
DC2A51,255,310
DC2E8F,255,317
DC39B2,11,8
DC39B2,255,180
DC3A97,255,263
DC3ACA,255,71
DC3FD6,255,144
DC4071,254,34
DC41B8,255,101
DC42B5,254,16
DC434E,255,317
DC440E,11,15
DC440E,255,170
DC44B9,255,122
DC45D0,255,71
DC45FA,255,129
DC464E,11,32
DC464E,255,209
DC464F,255,365
DC4713,255,317
DC4990,255,138
DC4A98,255,125
DC4AC3,11,10
DC4AC3,255,314
DC4E45,11,7
DC4E45,255,178
DC4FB2,255,512
DC54B1,0,1
DC54B1,11,44
DC54B1,255,693
DC5872,255,109
DC5FA4,255,109
DC6481,11,9
DC6481,255,115
DC64AB,255,123
DC64FD,11,18
DC64FD,255,115
DC6597,255,81
DC66C6,11,19
DC66C6,255,130
DC66CF,255,193
DC6975,255,144
DC69A0,11,19
DC69A0,255,108
DC69C7,254,19
DC69CB,255,365
DC69E6,254,38
DC6AA0,255,135
DC6AA6,254,26
DC6AC3,255,154
DC6AC8,254,10
DC6BE5,255,123
DC6D7A,254,24
DC6DBF,255,160
DC6DEB,255,103
DC7078,254,24
DC7079,254,19
DC70AD,254,20
DC71B4,255,122
DC71C7,255,94
DC7268,11,5
DC7268,255,133
DC72EF,255,97
DC7369,254,5
DC74ED,11,7
DC74ED,255,433
DC7564,255,112
DC75A8,255,117
DC75D9,255,134
DC7665,254,36
DC7670,11,24
DC7670,255,83
DC76DA,11,1
DC76DA,255,102
DC7707,11,12
DC7707,255,203
DC79C0,255,130
DC79E0,255,124
DC7ACD,255,352
DC7ACE,255,222
DC7ACF,255,257
DC7AF4,255,115
DC7B65,254,27
DC7BC6,11,12
DC7BC6,255,125
DC7CB1,254,20
DC7D11,255,601
DC7E65,255,149
DC801E,11,13
DC801E,255,449
DC80B1,254,25
DC8171,11,12
DC8171,255,157
DC8277,11,12
DC8277,255,309
DC82A1,255,123
DC83B1,255,190
DC88CD,254,19
DC899F,254,34
DC89A3,254,29
DC89B8,254,42
DC8A5D,11,7
DC8A5D,255,175
DC8C7B,255,270
DC8CAD,255,102
DC8E79,255,115
DC8E8F,255,94
DC8EB4,11,8
DC8EB4,255,235
DC8EF0,255,127
DC8F9E,255,201
DC8FC8,11,6
DC8FC8,255,288
DC9268,255,2
DC93FC,255,100
DC94DD,254,24
DC951B,0,1
DC951B,11,12
DC951B,255,474
DC959E,255,144
DC97AB,255,195
DC99E4,11,9
DC99E4,255,317
DC9A8A,255,107
DC9AD3,254,29
DC9ADD,254,18
DC9BAC,11,14
DC9BAC,255,120
DC9CFD,11,5
DC9CFD,255,150
DC9D91,255,119
DC9D9E,255,159
DC9E6C,255,181
DC9ED5,254,26
DC9FBF,255,115
DCA083,0,1
DCA083,11,8
DCA083,255,273
DCA1AB,254,20
DCA26C,255,107
DCA282,254,39
DCA2B7,255,109
DCA3D1,255,60
DCA6A8,255,172
DCA6CF,255,446
DCA75C,11,1
DCA75C,255,376
DCA76B,255,140
DCA7EF,254,26
DCA9ED,255,92
DCAAAA,255,358
DCAB79,11,15
DCAB79,255,73
DCAB7B,255,105
DCAB93,254,23
DCAB97,2,1
DCAB97,11,44
DCAB97,255,358
DCAC73,255,78
DCADA6,255,67
DCAE72,254,23
DCAE9F,11,16
DCAE9F,255,120
DCB17B,254,23
DCB298,255,96
DCB2BE,255,273
DCB38B,11,3
DCB38B,254,7
DCB38B,255,238
DCB469,255,96
DCB4F5,254,30
DCB565,11,21
DCB565,255,97
DCB5CC,11,2
DCB5CC,255,77
DCB6A7,254,28
DCB6E2,255,118
DCB97E,255,75
DCBA86,254,28
DCBBAD,255,262
DCBBE1,254,31
DCBBE2,255,125
DCBDAD,255,86
DCBE95,254,28
DCBEFA,11,31
DCBEFA,255,229
DCBF80,255,129
DCBF8C,255,236
DCBF8D,11,4
DCBF8D,255,399
DCBFA2,11,11
DCBFA2,255,175
DCC0CF,255,123
DCC1A6,255,210
DCC21C,11,12
DCC21C,255,475
DCC2CB,254,24
DCC3F3,255,83
DCC3FB,255,147
DCC7B2,254,27
DCC889,255,146
DCC88B,255,170
DCC892,11,12
DCC892,255,72
DCC8DE,11,4
DCC8DE,255,195
DCC955,255,285
DCCA94,11,7
DCCA94,255,99
DCCAD5,11,13
DCCAD5,255,345
DCCB9C,255,134
DCCBEA,255,342
DCCDF3,255,119
DCD097,11,16
DCD097,255,162
DCD1A0,255,106
DCD1BD,255,135
DCD273,255,124
DCD281,255,136
DCD3CA,255,235
DCD5B8,11,13
DCD5B8,255,200
DCD7C0,11,3
DCD7C0,255,99
DCD7E9,254,33
DCD7F3,255,140
DCD8F6,255,145
DCDA73,255,250
DCDAAF,254,33
DCDDAD,255,82
DCDDEB,255,216
DCDF7E,254,2
DCE01A,255,384
DCE084,255,118
DCE398,2,1
DCE398,11,10
DCE398,255,195
DCE3DD,11,11
DCE3DD,255,122
DCE4A8,255,146
DCE5F6,255,129
DCE779,254,28
DCE783,254,22
DCE7B7,255,246
DCE7CD,254,20
DCE7FA,11,4
DCE7FA,255,218
DCE891,11,8
DCE891,255,88
DCE8A8,255,103
DCE8FD,254,2
DCE8FD,255,147
DCE9BD,11,8
DCE9BD,255,121
DCE9F1,254,35
DCEA9B,255,97
DCEAD8,254,28
DCEAF0,254,24
DCEBAE,11,15
DCEBAE,255,101
DCEBC8,255,287
DCECF8,255,171
DCED66,255,225
DCED83,255,130
DCED88,11,11
DCED88,255,235
DCEE64,11,16
DCEE64,255,105
DCEED8,255,71
DCEFAA,255,112
DCF067,255,305
DCF09C,255,176
DCF177,255,194
DCF1DD,255,112
DCF26E,254,21
DCF368,11,1
DCF368,255,128
DCF370,255,126
DCF4B4,254,28
DCF5DE,254,27
DCF677,11,18
DCF677,255,174
DCF6A2,255,127
DCF702,11,9
DCF702,255,213
DCF8AE,255,100
DCF99F,254,27
DCFCC5,255,142
DCFDBD,255,345
DD0306,11,8
DD0306,255,294
DD0784,11,12
DD0784,255,88
DD079C,11,9
DD079C,255,279
DD07AD,255,237
DD0CAE,255,134
DD0D81,11,15
DD0D81,255,364
DD0FA4,255,140
DD14B8,11,22
DD14B8,255,477
DD152C,11,10
DD152C,255,281
DD18AE,11,33
DD18AE,255,354
DD1ABE,11,17
DD1ABE,255,242
DD1B3E,255,260
DD1B3F,255,315
DD1BA7,255,102
DD1E71,255,306
DD1E84,11,1
DD1E84,255,234
DD1EF3,254,20
DD2031,11,5
DD2031,255,344
DD20DB,11,10
DD20DB,255,123
DD23B6,255,94
DD2782,254,30
DD29EB,255,100
DD29EF,255,348
DD2E7D,254,35
DD2EBC,11,20
DD2EBC,255,124
DD30CF,255,117
DD33E0,255,140
DD40E5,254,20
DD419F,255,182
DD43CE,11,10
DD43CE,255,95
DD4510,11,9
DD4510,255,385
DD4DA7,255,61
DD4ECE,11,3
DD4ECE,255,82
DD4F61,255,466
DD5220,11,12
DD5220,255,217
DD53A7,11,26
DD53A7,255,368
DD5592,255,128
DD55D0,255,156
DD58B0,255,514
DD59B5,255,108
DD5D09,11,26
DD5D09,255,342
DD6475,255,91
DD64B3,255,204
DD6568,11,10
DD6568,255,88
DD65AB,255,131
DD65AE,255,78
DD6694,255,130
DD669D,11,4
DD669D,255,185
DD66EE,11,11
DD66EE,255,51
DD67EC,255,460
DD68B6,255,340
DD69BB,254,1
DD69BB,255,214
DD6AD5,254,18
DD6AEE,11,10
DD6AEE,255,130
DD6B9C,255,96
DD6BC9,11,14
DD6BC9,255,179
DD6CFD,254,38
DD6EB5,254,26
DD7064,255,108
DD7170,255,171
DD71BE,255,183
DD71D7,255,91
DD7374,254,14
DD73B1,255,125
DD73BE,255,143
DD7488,254,27
DD74B8,254,23
DD776B,255,137
DD787B,255,372
DD7892,11,6
DD7892,255,115
DD7A93,255,194
DD7B73,254,27
DD7BD5,255,113
DD7C86,255,81
DD7C8B,254,22
DD7DC1,11,24
DD7DC1,255,442
DD7FC7,255,92
DD80F7,255,134
DD814E,1,1
DD814E,11,26
DD814E,255,319
DD8178,255,281
DD82F0,254,31
DD8369,255,98
DD83E3,254,20
DD8444,255,370
DD84C7,255,135
DD8588,255,325
DD85B6,11,10
DD85B6,255,137
DD85DA,11,14
DD85DA,255,138
DD8667,254,16
DD866E,254,33
DD8771,255,169
DD879E,255,102
DD8874,255,97
DD89DE,254,18
DD8AFC,11,22
DD8AFC,255,295
DD8B89,11,11
DD8B89,255,157
DD8DE2,255,247
DD8FD3,255,247
DD8FF2,255,163
DD90CD,255,382
DD9192,255,230
DD91D0,11,9
DD91D0,255,172
DD93C0,255,116
DD946D,255,388
DD970F,11,3
DD970F,255,340
DD9892,255,212
DD98DC,255,197
DD9992,254,20
DD99F1,255,77
DD9B7B,255,73
DD9BD4,11,5
DD9BD4,255,70
DD9CB1,255,109
DD9CB4,11,9
DD9CB4,254,19
DD9CB4,255,163
DD9CB5,11,1
DD9CB5,255,162
DD9E8B,254,31
DD9F35,255,216
DD9F36,255,283
DD9F7D,11,4
DD9F7D,255,76
DDA0CA,255,131
DDA27D,254,25
DDA2CF,254,24
DDA2D1,255,272
DDA3AF,11,7
DDA3AF,255,221
DDA731,255,538
DDA754,11,3
DDA754,255,403
DDA92B,11,19
DDA92B,255,267
DDAABD,254,25
DDABA5,11,10
DDABA5,255,305
DDABB6,255,88
DDABE3,255,248
DDAC7C,255,243
DDAC9D,255,107
DDADE6,11,21
DDADE6,255,104
DDAF85,11,23
DDAF85,255,673
DDB05E,11,7
DDB05E,255,236
DDB0A2,255,330
DDB29D,255,109
DDB2AA,255,170
DDB316,255,433
DDB372,254,3
DDB3B1,255,93
DDB3C6,255,212
DDB5AB,255,123
DDB5CF,255,391
DDB771,255,204
DDB781,254,27
DDB781,255,158
DDB7E7,255,250
DDB89D,255,133
DDB8D5,255,133
DDB8F6,255,91
DDBB65,254,23
DDBB76,255,89
DDBC68,255,235
DDBE96,11,12
DDBE96,255,102
DDBEC9,11,3
DDBEC9,255,149
DDBFA0,255,129
DDBFCB,11,6
DDBFCB,255,111
DDC0E6,11,10
DDC0E6,255,84
DDC209,255,440
DDC2C6,255,148
DDC47E,255,146
DDC484,254,30
DDC4E2,255,98
DDC592,254,12
DDC675,11,10
DDC675,255,63
DDC76A,11,14
DDC76A,255,154
DDC795,254,1
DDC795,255,193
DDC87D,255,103
DDC8C3,255,100
DDC8F8,255,88
DDCAB3,254,23
DDCC07,255,207
DDCCAC,11,7
DDCCAC,255,90
DDCD66,255,256
DDCD95,11,14
DDCD95,255,92
DDCDAD,11,15
DDCDAD,255,114
DDCDE9,255,342
DDCE62,11,39
DDCE62,255,442
DDCE8E,255,139
DDD066,11,10
DDD066,255,479
DDD069,255,201
DDD08F,254,35
DDD0D9,254,27
DDD2A8,254,18
DDD368,255,121
DDD371,11,3
DDD371,255,95
DDD4CA,11,12
DDD4CA,255,100
DDD586,11,6
DDD586,255,138
DDD599,255,250
DDD6F3,255,247
DDD6FC,255,111
DDD79A,254,29
DDD9DC,255,144
DDD9F3,255,89
DDDAE9,255,110
DDDDB6,255,147
DDDDC2,255,103
DDDF76,11,3
DDDF76,255,180
DDE079,254,18
DDE0E3,255,130
DDE1E6,255,82
DDE3EE,11,13
DDE3EE,255,57
DDE5E0,254,32
DDE68C,254,23
DDE896,254,24
DDE970,255,120
DDE9A6,255,77
DDEA7F,255,140
DDEAA2,254,26
DDEAEA,255,73
DDEBCF,254,3
DDEBCF,255,318
DDEC7A,254,13
DDECF6,255,136
DDEE92,254,20
DDEFD9,254,23
DDEFE3,255,111
DDF3F0,255,121
DDF497,255,290
DDF4B7,11,26
DDF4B7,255,75
DDF4D7,254,12
DDF4E3,11,1
DDF4E3,255,128
DDF4F9,255,146
DDF594,255,193
DDF59A,254,21
DDF6B9,255,207
DDF796,255,161
DDF89F,11,12
DDF89F,255,151
DDF8A7,255,133
DDF8BF,254,37
DDF950,255,303
DDF9CD,255,499
DDFBBF,255,55
DDFC9A,255,116
DDFCC8,255,75
DDFCF0,254,27
DDFDC9,255,129
DDFEBE,255,315
DE0579,255,142
DE05A3,254,13
DE0613,255,344
DE068B,255,458
DE0721,255,473
DE0C45,11,3
DE0C45,255,203
DE0C81,255,97
DE107A,255,213
DE10DE,11,11
DE10DE,255,497
DE156A,255,282
DE1570,11,2
DE1570,255,136
DE1FCF,255,122
DE22BC,11,18
DE22BC,255,131
DE25FD,11,4
DE25FD,255,256
DE2C65,255,87
DE357B,11,8
DE357B,255,138
DE36E7,11,15
DE36E7,255,505
DE3899,1,1
DE3899,11,18
DE3899,255,398
DE3991,255,189
DE3AC1,11,14
DE3AC1,255,189
DE3AC2,11,1
DE3AC2,255,388
DE3BE5,255,139
DE3C9B,11,2
DE3C9B,255,371
DE3EA3,255,345
DE41C3,254,29
DE4659,255,178
DE4663,255,706
DE46C7,255,227
DE4DEA,255,130
DE51AE,255,142
DE5515,255,536
DE5575,255,96
DE5862,255,355
DE5901,255,186
DE5A85,255,433
DE5AB0,254,21
DE5EBE,255,115
DE5EE2,254,8
DE5FE0,255,69
DE6063,255,471
DE648E,255,111
DE65A9,255,108
DE65E5,11,2
DE65E5,255,213
DE6667,255,90
DE66DB,255,207
DE66F3,255,650
DE679F,254,30
DE67D8,255,175
DE6888,254,26
DE6974,255,174
DE6980,255,127
DE6B55,11,22
DE6B55,255,518
DE6C59,11,7
DE6C59,255,297
DE6C9A,255,365
DE6D77,254,30
DE6E65,255,123
DE6E87,254,18
DE6EA7,254,26
DE6F2E,255,282
DE6F9D,254,18
DE6FC6,254,21
DE6FE7,254,26
DE7086,255,206
DE7089,255,149
DE708C,254,18
DE70BD,255,116
DE7297,254,24
DE736B,254,34
DE7375,255,89
DE73AF,255,109
DE74E7,255,120
DE76B9,11,3
DE76B9,255,381
DE76BB,254,23
DE78A6,255,128
DE79B7,255,129
DE7AC4,255,215
DE7BB7,255,113
DE7BFA,11,12
DE7BFA,255,324
DE7C68,254,29
DE7DC1,255,138
DE7ED7,11,21
DE7ED7,255,326
DE7FB4,11,11
DE7FB4,255,116
DE81FE,255,124
DE82BA,255,114
DE8491,255,71
DE84C3,255,103
DE84F8,255,106
DE85B5,255,130
DE85DC,255,411
DE85F0,255,59
DE879C,255,280
DE87CD,255,81
DE8894,255,218
DE8897,254,22
DE88F4,254,19
DE899C,254,25
DE89ED,255,191
DE8AB1,254,20
DE8AB1,255,254
DE8ABA,254,30
DE8B8E,255,106
DE8C7D,255,171
DE8DC7,255,104
DE8DD2,254,31
DE8DF6,255,433
DE8DFD,255,100
DE8FC4,11,8
DE8FC4,255,224
DE9483,255,138
DE94E2,255,139
DE96A7,254,15
DE96D4,11,18
DE96D4,255,74
DE96DF,254,23
DE97C7,255,93
DE97CD,254,26
DE99A4,255,283
DE99A8,254,21
DE99C2,255,207
DE9A65,255,543
DE9BDB,255,136
DE9C77,11,3
DE9C77,255,92
DE9CD8,254,31
DE9D7E,254,31
DE9D80,255,152
DE9FAE,254,26
DE9FC4,254,26
DEA066,255,78
DEA06C,254,26
DEA173,11,4
DEA173,255,116
DEA25F,255,278
DEA2D2,255,96
DEA471,11,1
DEA471,255,124
DEA48C,255,124
DEA5BD,255,107
DEA672,254,24
DEA7DF,254,28
DEA8D4,254,43
DEA9DD,254,18
DEABE0,255,175
DEABEE,254,33
DEAC85,255,92
DEACE1,254,32
DEAEAE,254,19
DEAF82,255,124
DEB0A8,255,108
DEB0DD,254,10
DEB0F7,255,132
DEB26B,255,264
DEB2CA,11,11
DEB2CA,255,117
DEB477,254,41
DEB58E,255,88
DEB602,255,285
DEB689,255,129
DEB7DA,254,32
DEB8BE,255,113
DEB8D9,254,26
DEB976,254,13
DEB9C8,255,103
DEB9DD,254,29
DEBC6B,255,163
DEBD92,255,45
DEBE85,255,109
DEBE9E,255,80
DEBFB9,255,149
DEBFD9,254,13
DEC06B,254,36
DEC096,254,30
DEC18C,255,448
DEC2C5,254,30
DEC36D,255,136
DEC3AB,255,119
DEC486,255,213
DEC65F,11,17
DEC65F,255,179
DEC6BB,255,141
DEC6D8,255,190
DEC986,11,5
DEC986,255,202
DEC995,254,23
DEC9C6,11,21
DEC9C6,255,225
DECA87,255,87
DECB6B,255,108
DECB91,11,3
DECB91,255,185
DECE19,255,206
DECE83,255,67
DECEC1,254,26
DECFDD,254,30
DED071,255,122
DED165,255,94
DED18B,255,144
DED1E6,255,167
DED2F5,255,231
DED3F1,254,24
DED5E6,11,20
DED5E6,255,246
DED79B,255,294
DED7E4,255,123
DED880,255,73
DED93D,255,312
DED9B5,254,42
DEDAD7,254,25
DEDBA2,255,191
DEDBCB,255,286
DEDC66,2,1
DEDC66,11,26
DEDC66,255,111
DEDC69,255,110
DEDCE8,11,6
DEDCE8,255,133
DEDCF1,255,94
DEDE71,255,140
DEDEA3,11,16
DEDEA3,255,139
DEDEA4,11,14
DEDEA4,255,209
DEE093,255,111
DEE269,255,471
DEE2C6,255,58
DEE2D9,11,7
DEE2D9,255,157
DEE2DD,255,102
DEE2EA,255,87
DEE317,11,8
DEE317,255,270
DEE326,255,716
DEE3EA,254,22
DEE48A,255,66
DEE490,255,127
DEE495,255,227
DEE4A1,255,118
DEE675,254,25
DEE7D7,254,26
DEE7DF,255,124
DEEAF6,254,21
DEEDBC,255,80
DEEFA2,254,34
DEEFD4,11,1
DEEFD4,255,200
DEF0A1,11,5
DEF0A1,255,72
DEF0DA,254,14
DEF1AF,254,22
DEF28B,255,116
DEF2A5,254,24
DEF2EE,255,152
DEF38F,254,17
DEF4B6,254,14
DEF4D3,11,10
DEF4D3,255,141
DEF4FD,255,117
DEF5F9,254,25
DEF6FA,255,207
DEF783,11,25
DEF783,255,304
DEF785,254,21
DEF987,255,180
DEFAA4,255,85
DEFAC7,255,353
DEFAEB,11,1
DEFAEB,255,150
DEFBAC,255,95
DEFBB3,255,185
DEFCB0,254,20
DEFCE3,11,7
DEFCE3,255,193
DEFCE4,255,147
DEFCFA,254,22
DEFD86,254,32
DEFDBA,255,145
DEFEB4,254,5
DF02E3,254,19
DF08D6,255,390
DF09E8,11,5
DF09E8,255,84
DF0BB8,255,101
DF0DF3,255,278
DF0E03,255,264
DF0FA5,255,494
DF1274,255,211
DF1384,255,133
DF19E8,255,154
DF1B9F,255,130
DF1C80,255,115
DF1DC7,11,5
DF1DC7,255,324
DF200D,11,25
DF200D,255,207
DF219C,255,166
DF226C,11,16
DF226C,255,118
DF23E3,255,127
DF2A68,11,2
DF2A68,254,3
DF2A68,255,230
DF2A69,11,20
DF2A69,255,212
DF2B0A,11,14
DF2B0A,255,250
DF2B0B,11,5
DF2B0B,255,445
DF2D8E,254,31
DF339C,11,3
DF339C,255,69
DF3B85,255,85
DF3DD4,255,134
DF3F98,254,16
DF42AA,254,20
DF439A,255,113
DF463B,11,18
DF463B,255,274
DF490A,255,429
DF4A3B,255,310
DF4A6A,255,117
DF4D6F,11,9
DF4D6F,255,235
DF50A8,255,195
DF5498,255,157
DF577B,255,146
DF5904,11,10
DF5904,254,5
DF5904,255,249
DF5905,255,284
DF5C57,255,320
DF5D89,255,138
DF5DAB,11,15
DF5DAB,255,276
DF5DF8,255,174
DF61F8,255,123
DF64B4,254,13
DF66C5,11,11
DF66C5,255,321
DF689C,11,1
DF689C,255,169
DF68FD,11,1
DF68FD,255,151
DF6A94,254,35
DF6AD4,254,14
DF6AD8,11,4
DF6AD8,255,145
DF6ADE,254,39
DF6C44,11,9
DF6C44,255,1104
DF6CF7,254,24
DF6E25,255,376
DF6EBA,255,128
DF6FDF,254,22
DF6FE9,255,98
DF70AA,254,21
DF7120,255,282
DF717F,11,1
DF717F,255,82
DF7199,11,1
DF7199,255,101
DF72C9,11,2
DF72C9,255,103
DF72F0,255,68
DF7366,255,157
DF7384,255,191
DF7590,255,86
DF75B8,254,32
DF7732,11,28
DF7732,255,305
DF777A,255,382
DF7858,0,1
DF7858,11,5
DF7858,255,479
DF786E,254,29
DF7AFB,254,24
DF7B9E,255,122
DF7C96,255,375
DF7DAA,254,21
DF7FF6,255,106
DF7FF7,255,155
DF81DC,254,21
DF81EA,255,118
DF8278,255,60
DF8281,254,20
DF82BE,11,40
DF82BE,255,186
DF82CA,255,151
DF82DD,255,160
DF83B5,11,17
DF83B5,255,315
DF85E3,254,30
DF862D,11,2
DF862D,255,288
DF87F0,255,109
DF886F,255,271
DF887C,255,146
DF88F8,254,28
DF898C,255,93
DF8A30,255,268
DF8ACF,255,124
DF8BEF,254,19
DF8BEF,255,143
DF8CDD,11,12
DF8CDD,255,84
DF8DDD,255,102
DF8E92,255,200
DF8E94,254,20
DF8EDB,255,258
DF8EE3,255,206
DF8F92,11,8
DF8F92,255,146
DF917E,11,18
DF917E,254,1
DF917E,255,213
DF92AA,254,15
DF93A3,254,20
DF95C3,254,21
DF9687,11,12
DF9687,255,503
DF9AA5,254,4
DF9AA5,255,10
DF9C6F,255,88
DF9CEF,254,12
DF9E2C,255,281
DF9E7A,11,12
DF9E7A,255,118
DF9ED8,255,165
DF9EEB,255,56
DF9FA1,255,96
DFA080,11,16
DFA080,255,205
DFA0E5,255,118
DFA1A2,11,1
DFA1A2,255,76
DFA1CC,255,150
DFA1CF,255,85
DFA1EC,255,154
DFA270,255,149
DFA4C3,11,24
DFA4C3,255,194
DFA57E,254,31
DFA76C,255,116
DFA7BE,254,21
DFA7CF,255,113
DFA7EA,255,366
DFA7F6,255,133
DFA8AC,11,13
DFA8AC,255,70
DFA97C,255,131
DFA9A0,255,109
DFA9AE,11,8
DFA9AE,255,143
DFA9BE,254,45
DFA9C2,254,26
DFA9F9,255,169
DFAAA9,255,92
DFAC22,11,12
DFAC22,255,446
DFAC8F,255,105
DFACDE,255,112
DFAE80,11,19
DFAE80,255,143
DFAF04,255,386
DFB1B9,11,10
DFB1B9,255,119
DFB2B8,255,113
DFB2EA,255,141
DFB384,11,22
DFB384,255,411
DFB39F,254,22
DFB5FB,255,144
DFB66A,11,7
DFB66A,255,200
DFB7D0,255,131
DFB86E,255,134
DFB870,255,220
DFB872,255,112
DFB9B3,255,70
DFBE79,254,720
DFBE90,255,407
DFBEBE,255,221
DFBFCE,255,123
DFC16B,254,25
DFC191,254,25
DFC1C5,255,1030
DFC1E8,254,20
DFC1ED,255,469
DFC4C5,11,13
DFC4C5,255,79
DFC4DD,11,18
DFC4DD,255,468
DFC4F3,255,129
DFC591,255,157
DFC6A8,255,169
DFC716,11,11
DFC716,255,318
DFC86E,11,14
DFC86E,255,215
DFC875,254,20
DFC89D,254,26
DFCA65,255,80
DFCD91,255,153
DFCDC8,11,2
DFCDC8,255,479
DFCDD0,255,103
DFCF79,254,27
DFCFDF,11,18
DFCFDF,255,156
DFD0DD,11,17
DFD0DD,255,147
DFD1EF,255,124
DFD28E,254,32
DFD2EB,255,93
DFD45A,11,7
DFD45A,255,317
DFD5A0,254,10
DFD5A4,254,22
DFD7C4,255,98
DFD7CE,255,84
DFD89D,11,14
DFD89D,255,142
DFD8DC,254,22
DFD9DD,255,259
DFDA66,11,3
DFDA66,255,233
DFDBBE,255,147
DFDBC1,255,243
DFDBE9,11,24
DFDBE9,255,176
DFDC96,11,5
DFDC96,255,100
DFDCBF,11,14
DFDCBF,255,103
DFDE7B,255,87
DFDEF3,255,156
DFE064,254,15
DFE0B1,255,151
DFE2BE,255,135
DFE57B,255,135
DFE596,254,23
DFE60D,255,290
DFE676,255,121
DFE6D3,255,139
DFE7AB,255,455
DFE899,254,18
DFE8BA,11,4
DFE8BA,255,232
DFE8FE,254,29
DFE95D,255,338
DFE987,254,35
DFEA88,255,136
DFEA89,254,24
DFEB73,254,19
DFEC65,254,20
DFEC8A,255,274
DFECF4,255,310
DFEDF4,254,21
DFEE98,254,20
DFEF93,11,24
DFEF93,255,351
DFEFAB,255,510
DFEFCF,254,17
DFF041,255,260
DFF13D,255,359
DFF279,254,24
DFF28C,254,19
DFF36C,255,114
DFF47D,255,267
DFF4B7,255,140
DFF4F9,254,16
DFF6E2,255,267
DFF8B1,11,10
DFF8B1,255,100
DFF906,255,312
DFF9BC,255,235
DFF9EC,255,61
DFF9F1,11,9
DFF9F1,255,121
DFFAF3,255,166
DFFB9B,255,60
DFFCC2,254,21
DFFD79,255,122
DFFDAE,255,124
DFFDCE,255,109
DFFEB5,255,74
E00C8F,255,445
E00EBA,255,286
E00FB9,11,1
E00FB9,255,136
E00FCF,254,28
E0104D,11,4
E0104D,255,295
E0127B,255,319
E01376,255,325
E0166B,1,1
E0166B,11,9
E0166B,255,78
E017F1,255,164
E01AF3,11,1
E01AF3,255,226
E022E5,11,13
E022E5,255,264
E023CC,11,48
E023CC,255,640
E029E1,255,102
E02CB7,255,373
E02DEA,11,32
E02DEA,255,194
E033C8,11,6
E033C8,255,641
E033C9,255,752
E035CB,254,30
E03659,255,449
E03779,11,17
E03779,255,234
E03896,11,12
E03896,255,497
E038B3,255,133
E040B6,255,222
E0481C,255,156
E0481D,11,2
E0481D,255,288
E0489C,11,7
E0489C,255,95
E04C86,254,25
E050F5,255,351
E050F6,11,9
E050F6,255,373
E05180,11,6
E05180,255,247
E05181,255,307
E0534A,255,300
E0534B,255,178
E05483,255,86
E05636,255,432
E057DE,254,24
E05973,255,255
E05A79,255,260
E05D29,255,160
E06086,254,19
E0629D,11,13
E0629D,255,644
E06413,255,302
E064AC,254,46
E065C9,254,25
E066B6,255,83
E066D9,254,33
E067C4,254,27
E067D2,11,13
E067D2,255,847
E067D3,255,558
E067F4,255,499
E068DC,255,86
E06998,11,8
E06998,255,221
E06ABD,254,24
E06B7F,254,22
E06B83,254,15
E06BA4,254,34
E06BB8,254,23
E06BC1,255,85
E06BCE,254,25
E06BD9,255,96
E06C65,255,271
E06EBC,11,21
E06EBC,255,121
E06F74,255,133
E0703F,255,170
E07040,255,310
E070FB,255,228
E0717C,254,29
E07298,11,3
E07298,255,100
E072EA,254,28
E072F2,255,110
E073C2,254,21
E075B3,254,29
E0788E,11,7
E0788E,255,133
E078F4,255,144
E079D0,254,21
E07B92,255,108
E07B93,255,107
E07BD6,255,117
E07BF8,255,147
E07C79,255,324
E07C8E,254,16
E0808D,255,98
E081B2,255,67
E082B9,255,316
E083A4,255,245
E083E6,255,124
E0846A,255,117
E08584,255,535
E08687,11,10
E08687,255,235
E086F2,255,126
E088B6,255,118
E088D1,254,45
E08A6E,255,205
E08A8B,255,147
E08AC1,254,30
E08ACB,254,29
E08EFD,11,3
E08EFD,255,125
E08F88,255,59
E0908D,255,211
E0908E,255,138
E0919C,255,228
E091A7,254,32
E091CD,255,99
E091D2,11,9
E091D2,255,92
E0928C,255,109
E092C1,255,273
E0938C,255,172
E09523,11,11
E09523,255,246
E0958B,255,82
E095DC,255,251
E095E9,255,179
E095FC,255,102
E097BB,11,14
E097BB,255,227
E098DB,254,36
E099DE,254,28
E09B7B,255,95
E09B7F,254,19
E09BC8,254,29
E09DA0,255,78
E09DCB,255,112
E09EC3,255,58
E09F8C,254,16
E09FBC,255,84
E0A079,11,8
E0A079,255,86
E0A086,255,125
E0A090,255,80
E0A0B0,254,22
E0A0F1,254,25
E0A181,11,14
E0A181,255,104
E0A1A6,255,138
E0A1DD,254,26
E0A278,255,127
E0A2DB,255,106
E0A2F6,255,109
E0A3EF,255,147
E0A47C,254,26
E0A576,255,396
E0A768,11,8
E0A768,255,65
E0A8EB,254,27
E0A93E,11,12
E0A93E,255,244
E0A9D5,11,5
E0A9D5,255,205
E0ABBF,254,25
E0ACF7,254,30
E0ADD4,255,97
E0B04E,255,224
E0B077,11,44
E0B077,255,658
E0B0D3,254,24
E0B18D,255,384
E0B1DA,255,136
E0B1FB,255,83
E0B280,11,6
E0B280,255,98
E0B2E1,255,108
E0B3DD,254,26
E0B3EE,255,122
E0B4B3,11,6
E0B4B3,255,170
E0B4F1,255,142
E0B570,11,18
E0B570,255,272
E0B584,255,123
E0B58F,255,129
E0B760,11,25
E0B760,255,240
E0B791,254,31
E0B7B3,255,126
E0B979,255,83
E0B993,255,168
E0B99D,11,11
E0B99D,255,125
E0BA06,255,276
E0BA54,11,28
E0BA54,255,177
E0BD64,255,115
E0BDB4,255,36
E0BDC2,254,20
E0BEA9,11,6
E0BEA9,255,108
E0BECD,255,147
E0BEF7,11,4
E0BEF7,255,380
E0BF8D,255,160
E0BF91,255,114
E0C2CD,254,26
E0C2FA,254,36
E0C47D,255,83
E0C5C4,254,20
E0C676,254,6
E0C676,255,317
E0C6B8,11,5
E0C6B8,255,199
E0C7F2,255,116
E0C994,255,94
E0C996,255,253
E0CABF,254,25
E0CAE2,254,16
E0CC73,255,116
E0CDC0,11,4
E0CDC0,255,188
E0CDE5,254,10
E0CE79,255,402
E0CFA6,255,82
E0CFF0,11,8
E0CFF0,255,88
E0D1AA,254,30
E0D36A,11,13
E0D36A,255,141
E0D3B0,255,110
E0D3BB,255,96
E0D469,11,7
E0D469,255,272
E0D4BF,11,27
E0D4BF,255,680
E0D56B,254,22
E0D58C,255,410
E0D79D,255,114
E0D87B,255,85
E0D97D,11,13
E0D97D,255,159
E0DA18,11,12
E0DA18,255,543
E0DA8B,11,9
E0DA8B,255,330
E0DAAB,255,105
E0DC8D,11,3
E0DC8D,255,732
E0DDC8,255,259
E0DDE7,255,105
E0DF74,11,48
E0DF74,255,528
E0DFA1,11,2
E0DFA1,255,175
E0E0BB,255,79
E0E0CA,11,11
E0E0CA,255,83
E0E16A,255,114
E0E187,254,30
E0E1AA,11,8
E0E1AA,255,428
E0E1FE,254,30
E0E2F6,255,183
E0E3FE,11,5
E0E3FE,255,335
E0E4B9,11,5
E0E4B9,255,274
E0E5B3,255,123
E0E5CC,255,124
E0E5D8,11,8
E0E5D8,255,87
E0E5DD,255,329
E0E67A,254,29
E0E7B4,255,469
E0E7EC,11,1
E0E7EC,255,327
E0E8BF,254,27
E0E8E1,255,125
E0EA7E,255,290
E0EBFE,254,37
E0EE65,255,303
E0EE66,11,32
E0EE66,255,234
E0EFBF,255,184
E0EFC9,254,29
E0EFD5,11,13
E0EFD5,255,77
E0F19E,11,7
E0F19E,255,366
E0F296,255,241
E0F2A2,11,9
E0F2A2,255,75
E0F2AD,254,23
E0F2BE,254,28
E0F2FC,11,15
E0F2FC,255,201
E0F391,255,116
E0F3C6,255,532
E0F3F3,255,91
E0F426,255,212
E0F478,254,23
E0F4B9,255,79
E0F4BD,254,30
E0F7CD,255,82
E0F869,11,14
E0F869,255,127
E0F89E,11,6
E0F89E,255,137
E0FA8F,255,274
E0FDC2,254,31
E0FDE9,255,159
E0FE89,255,124
E0FEBC,11,14
E0FEBC,255,77
E101C5,255,396
E10201,255,631
E1027E,11,17
E1027E,255,325
E102A2,255,320
E102A3,255,92
E10405,255,171
E105EE,255,112
E106A9,255,95
E106D8,11,10
E106D8,255,75
E10FE3,254,30
E111E7,254,24
E11416,11,12
E11416,255,225
E11486,255,148
E114D6,254,28
E11B7C,255,302
E11CA9,255,158
E1207B,255,125
E12129,255,414
E12595,255,284
E127FA,255,134
E13194,11,12
E13194,255,135
E131EA,254,28
E13EB3,255,120
E13EF8,255,254
E14096,254,26
E14375,11,11
E14375,255,124
E14990,255,69
E1569F,254,26
E15BD2,255,92
E15C26,11,19
E15C26,255,370
E15D83,11,4
E15D83,255,62
E160DA,255,128
E1623B,11,17
E1623B,255,289
E16354,255,169
E1636A,255,131
E16534,255,549
E16582,11,3
E16582,255,136
E1664E,11,26
E1664E,255,415
E16690,254,30
E166F9,255,137
E16792,255,202
E16793,255,144
E16796,255,129
E167D3,255,91
E16885,255,125
E168D5,255,83
E169F0,254,32
E16A05,11,3
E16A05,255,296
E16A89,255,163
E16B32,11,12
E16B32,255,177
E16BE7,254,25
E16EB4,11,7
E16EB4,255,134
E16F06,255,210
E16F14,11,6
E16F14,255,169
E16F15,11,10
E16F15,255,286
E170DE,255,150
E1718A,255,110
E1718E,255,75
E1723F,11,39
E1723F,255,1126
E17266,254,17
E17275,255,133
E17280,254,32
E173E0,254,29
E17411,11,15
E17411,255,392
E176B8,11,11
E176B8,255,100
E177F0,255,223
E17988,255,186
E17997,254,18
E17A8F,255,264
E17B50,255,167
E17BC8,255,127
E17BD7,255,159
E17C72,254,30
E17D32,11,10
E17D32,255,493
E17E8A,255,97
E17E8F,254,12
E17EE8,254,21
E17EFA,255,65
E180BF,11,7
E180BF,255,149
E18172,255,99
E181A5,254,20
E1849D,254,15
E18612,255,387
E186F2,255,103
E187E2,255,92
E18A89,255,78
E18AB0,11,6
E18AB0,255,132
E18BEB,254,26
E18CC9,254,23
E18E7C,254,11
E18ECD,11,1
E18ECD,255,105
E18F4F,11,12
E18F4F,255,294
E18FA2,255,94
E191E8,254,27
E19277,11,17
E19277,255,76
E192B1,255,118
E1949D,254,21
E19528,255,425
E195A2,255,136
E1976C,11,12
E1976C,255,249
E19877,255,89
E198E6,255,128
E19997,255,76
E19ADF,11,7
E19ADF,255,275
E19BAE,255,61
E19BF7,255,145
E1A1AB,11,4
E1A1AB,255,149
E1A575,255,145
E1A5A5,254,37
E1A6D5,254,26
E1A6DF,255,141
E1A7A4,11,35
E1A7A4,255,155
E1A89C,255,145
E1A99B,255,111
E1A9D4,255,89
E1AA4D,255,284
E1AAC5,11,6
E1AAC5,255,312
E1AAD8,255,117
E1AAFA,255,275
E1AB6D,255,120
E1AC70,255,469
E1ACA1,11,5
E1ACA1,255,211
E1ACB7,254,22
E1ACBF,255,109
E1ACF8,255,107
E1AE83,255,85
E1AEAC,11,18
E1AEAC,255,86
E1AEB4,255,104
E1AEB8,254,9
E1AFA2,255,114
E1AFC2,254,26
E1B1AB,254,15
E1B284,254,26
E1B3B5,255,80
E1B46E,255,113
E1B597,11,26
E1B597,255,379
E1B5B8,255,122
E1B5D2,254,23
E1B67A,255,203
E1B765,255,217
E1B77C,11,9
E1B77C,255,306
E1B7C0,255,91
E1B86B,11,11
E1B86B,255,142
E1B8A0,255,231
E1B943,255,390
E1B9DE,255,120
E1B9FB,255,99
E1BA95,255,86
E1BB6A,255,91
E1BD2A,255,504
E1BD41,255,258
E1BD42,255,323
E1BD7A,255,146
E1BF87,255,138
E1BF90,255,124
E1BFAF,255,251
E1BFD6,254,26
E1C2AC,255,239
E1C2B0,11,18
E1C2B0,255,174
E1C2BD,11,13
E1C2BD,255,105
E1C36A,254,22
E1C3AC,254,28
E1C3BB,11,8
E1C3BB,255,170
E1C3F3,255,447
E1C57E,255,104
E1C5A5,254,29
E1C5A8,11,2
E1C5A8,255,149
E1C696,255,152
E1C889,254,25
E1C889,255,155
E1C8F9,255,145
E1CB12,11,41
E1CB12,255,503
E1CDB4,254,19
E1CDD6,254,24
E1CF0A,255,399
E1CFD2,254,19
E1D0D8,255,72
E1D0E9,11,17
E1D0E9,255,92
E1D0F6,254,39
E1D36A,255,87
E1D382,255,145
E1D475,254,32
E1D4AE,254,3
E1D4AE,255,203
E1D4AF,255,212
E1D5DA,11,1
E1D5DA,255,159
E1D666,254,29
E1D6EC,255,154
E1D7F0,254,22
E1D9B4,255,142
E1D9ED,11,3
E1D9ED,255,99
E1DC7D,255,403
E1DCB0,255,82
E1DCD8,254,27
E1DD70,255,169
E1DDD1,255,118
E1DDE0,255,288
E1DEAC,11,17
E1DEAC,255,137
E1E0DF,255,160
E1E167,254,18
E1E3F8,11,6
E1E3F8,255,198
E1E4D1,11,26
E1E4D1,255,258
E1E4F0,254,28
E1E512,11,17
E1E512,255,109
E1E513,11,5
E1E513,255,313
E1E617,255,510
E1E6B7,255,72
E1E6F4,11,9
E1E6F4,255,260
E1E881,255,161
E1E96E,255,175
E1EB6A,255,112
E1EB6D,11,23
E1EB6D,255,213
E1EC89,255,297
E1EF83,255,282
E1F00B,255,201
E1F0BE,254,25
E1F167,255,343
E1F1B3,255,115
E1F1DB,11,11
E1F1DB,255,134
E1F275,255,120
E1F2CB,255,133
E1F328,255,424
E1F382,255,134
E1F393,11,9
E1F393,255,80
E1F3AE,254,38
E1F4F0,255,456
E1F570,255,114
E1F6D3,255,135
E1F6E7,255,69
E1F767,255,343
E1F867,11,2
E1F867,255,68
E1FA29,11,11
E1FA29,255,175
E1FA81,255,248
E1FD7F,254,22
E1FDD3,255,141
E1FED4,255,136
E1FEDF,11,23
E1FEDF,255,206
E1FF5F,255,264
E1FF60,255,268
E200BD,11,7
E200BD,255,303
E20115,11,9
E20115,255,290
E204E8,255,160
E20EFB,255,345
E20FCB,255,101
E21191,254,40
E211EF,255,95
E213A4,11,13
E213A4,255,185
E214B5,255,103
E2168A,254,20
E21BB3,11,38
E21BB3,255,177
E21DC2,255,215
E21E79,255,391
E21F74,11,30
E21F74,255,207
E220B9,11,4
E220B9,255,612
E2226A,255,302
E223DD,255,275
E229FA,11,17
E229FA,255,333
E22B68,11,7
E22B68,255,147
E22B69,11,22
E22B69,255,198
E231B5,11,1
E231B5,255,123
E233F0,11,9
E233F0,255,469
E237F8,255,443
E239AA,11,13
E239AA,255,354
E239D1,255,118
E23C9D,255,326
E23CA7,255,353
E23DCE,11,10
E23DCE,255,181
E23ED0,255,96
E23F9D,255,73
E246E7,11,5
E246E7,255,113
E24AA9,255,308
E24AE0,255,100
E24BCE,255,214
E24F94,255,175
E24FD8,11,6
E24FD8,255,105
E25271,254,22
E2551E,11,13
E2551E,255,491
E25632,255,338
E258A5,11,11
E258A5,255,325
E25C91,11,14
E25C91,255,356
E25CD1,255,476
E25F33,255,563
E25F73,255,90
E2600C,11,15
E2600C,255,235
E2600D,255,308
E2657E,11,12
E2657E,255,128
E266E1,254,25
E2678B,255,75
E267B9,11,15
E267B9,255,92
E267C9,11,16
E267C9,255,353
E2696D,11,24
E2696D,255,154
E26982,255,88
E26983,255,96
E269A2,11,26
E269A2,255,231
E26BA5,254,28
E26CCC,11,10
E26CCC,255,113
E26D23,11,10
E26D23,255,196
E26E86,254,20
E26F7F,11,19
E26F7F,255,183
E27078,255,308
E270E1,254,23
E271F2,254,30
E27369,255,196
E2739E,255,123
E275C8,255,372
E27670,11,8
E27670,255,479
E276B5,255,448
E27787,255,119
E277ED,254,12
E278B7,11,8
E278B7,255,281
E278C4,254,23
E279AC,255,133
E27A96,11,4
E27A96,255,299
E27AC9,255,275
E27D9A,254,41
E27DD4,11,22
E27DD4,255,319
E27EB1,11,10
E27EB1,255,220
E28089,11,2
E28089,255,78
E2814C,11,16
E2814C,255,281
E2836A,11,6
E2836A,255,141
E283B6,255,500
E2849A,255,195
E2849B,255,794
E28505,11,16
E28505,255,152
E28506,255,170
E285A1,254,28
E28689,255,135
E28772,254,25
E28783,255,132
E28817,11,14
E28817,255,365
E2890D,11,5
E2890D,255,301
E28B5A,255,287
E28B87,254,26
E28C53,255,262
E28DF4,11,1
E28DF4,255,122
E28DFD,255,113
E28EF9,254,22
E28FDA,255,269
E28FE0,11,10
E28FE0,255,239
E28FF8,255,293
E290B0,11,5
E290B0,255,117
E290BB,254,20
E291D2,255,494
E291E1,255,130
E292FD,254,20
E293E8,255,84
E294E7,255,180
E294ED,254,36
E2956E,254,24
E29572,255,143
E295D0,11,8
E295D0,255,135
E29624,255,200
E2967D,255,107
E297AB,254,12
E297AF,255,242
E297FC,255,97
E298AC,255,106
E29AC4,254,24
E29B8A,11,9
E29B8A,255,117
E29C82,255,288
E29CA8,254,30
E29CD9,255,101
E29E7C,254,29
E29E9B,255,148
E29EA1,254,21
E29F74,255,114
E29FC7,254,27
E29FE9,11,13
E29FE9,255,77
E2A1B5,255,120
E2A1E0,255,98
E2A269,254,23
E2A4EA,255,142
E2A5F3,11,6
E2A5F3,255,126
E2A6AB,255,105
E2A6DC,254,30
E2A8E9,255,95
E2A8F0,11,25
E2A8F0,255,211
E2A9D1,254,46
E2AA70,11,21
E2AA70,255,91
E2AADB,255,239
E2AAFC,255,130
E2ABDE,255,115
E2ACFB,255,95
E2ADCC,254,21
E2ADD4,254,25
E2AE79,254,27
E2AF80,255,245
E2AFE0,254,38
E2B477,255,229
E2B478,255,200
E2B70D,255,165
E2B9F6,11,1
E2B9F6,255,64
E2BA8C,255,126
E2BC69,255,124
E2BC97,255,186
E2BCA7,254,31
E2BD64,255,296
E2BDD1,11,1
E2BDD1,255,121
E2BEA2,11,13
E2BEA2,255,110
E2BF74,254,31
E2C1DB,254,24
E2C21E,255,277
E2C28C,254,26
E2C3C3,255,125
E2C567,255,197
E2C696,255,85
E2C697,11,7
E2C697,255,187
E2C89C,255,86
E2C8C3,11,16
E2C8C3,255,116
E2C8C5,254,22
E2CAAF,11,5
E2CAAF,255,564
E2CBDC,255,184
E2CC67,11,12
E2CC67,255,99
E2CC9C,255,251
E2CCCD,254,20
E2D078,254,25
E2D07B,11,7
E2D07B,255,138
E2D2A2,254,41
E2D2DC,255,117
E2D3BF,255,126
E2D568,254,20
E2D67E,254,23
E2D6C7,11,4
E2D6C7,255,114
E2D6FA,255,255
E2D797,254,24
E2D827,255,722
E2D8A4,11,11
E2D8A4,255,70
E2D8C7,255,82
E2D8E7,255,78
E2DA6A,255,106
E2DA75,11,7
E2DA75,255,217
E2DB69,11,6
E2DB69,255,169
E2DB96,254,23
E2DBE8,255,80
E2DC77,254,13
E2DD87,254,30
E2DDC8,254,24
E2DEA6,255,213
E2DEBC,255,98
E2DF59,255,337
E2DF6F,11,4
E2DF6F,255,104
E2DFAE,255,150
E2E181,255,316
E2E2A0,254,25
E2E387,11,12
E2E387,255,312
E2E3BA,255,106
E2E4C3,255,120
E2E5AD,254,30
E2E614,255,283
E2E691,255,286
E2E7E3,254,22
E2E9DD,11,18
E2E9DD,255,75
E2E9ED,254,28
E2EA8D,255,107
E2EAFD,255,166
E2EB7F,254,6
E2EBD0,255,101
E2EC7A,11,14
E2EC7A,255,90
E2ECF3,255,120
E2ED4D,11,7
E2ED4D,255,283
E2ED71,255,277
E2ED81,11,2
E2ED81,255,77
E2EE74,254,26
E2EEAA,255,116
E2EEAD,11,20
E2EEAD,255,226
E2EEBA,11,6
E2EEBA,255,46
E2EEF3,11,14
E2EEF3,255,99
E2F095,254,21
E2F113,255,225
E2F179,255,120
E2F274,255,218
E2F38F,11,12
E2F38F,255,173
E2F3B6,254,34
E2F490,254,16
E2F4B9,11,10
E2F4B9,254,4
E2F4B9,255,195
E2F4EC,11,22
E2F4EC,255,265
E2F4F3,11,11
E2F4F3,255,125
E2F580,254,28
E2F593,254,22
E2F5E1,255,76
E2F70F,11,17
E2F70F,255,372
E2F7D6,255,80
E2F885,11,2
E2F885,254,1
E2F885,255,220
E2F886,11,6
E2F886,255,238
E2F8E1,255,132
E2F9B7,11,19
E2F9B7,255,110
E2FB6C,255,81
E2FB80,11,8
E2FB80,255,499
E2FCD8,255,123
E2FD7E,254,30
E2FE74,255,197
E305C5,255,164
E307C3,11,17
E307C3,255,188
E30842,255,371
E30A8A,255,114
E30D97,255,212
E30E5A,11,3
E30E5A,255,398
E30EFD,11,19
E30EFD,255,254
E30F1E,255,251
E31CB5,254,16
E31D95,11,14
E31D95,255,298
E31EF4,11,4
E31EF4,255,255
E323CF,11,5
E323CF,255,320
E329B3,255,106
E32A88,255,130
E32D7C,255,108
E32DC9,11,21
E32DC9,255,245
E32FD6,11,3
E32FD6,255,208
E3300D,255,191
E330DF,11,3
E330DF,255,310
E3369A,255,228
E3369B,255,276
E337E8,255,357
E33EFB,255,112
E343CB,255,304
E347C6,255,164
E34C0A,255,357
E34DF6,11,4
E34DF6,255,155
E34EF0,255,124
E34FB3,254,26
E350CC,255,319
E35DDF,254,28
E35FFA,255,118
E360CE,255,166
E360D9,255,365
E362F0,11,8
E362F0,255,96
E36372,1,1
E36372,11,27
E36372,255,183
E36489,255,177
E364AC,255,155
E364D7,255,297
E365AC,254,22
E36676,255,111
E36689,254,24
E366DC,255,76
E367CF,11,18
E367CF,255,73
E367F0,255,157
E36886,254,26
E369A9,11,6
E369A9,255,188
E36A78,11,30
E36A78,255,335
E36A88,11,23
E36A88,255,181
E36AD8,254,36
E36AEE,11,7
E36AEE,255,75
E36B85,255,230
E36BA8,255,122
E36BBF,255,143
E36C39,11,14
E36C39,255,256
E36CC6,254,34
E36E88,254,21
E36EE3,254,30
E370B5,254,26
E372B8,254,22
E37480,255,55
E374F2,255,161
E376B0,255,89
E3776C,255,245
E377B7,11,2
E377B7,255,276
E37833,11,5
E37833,255,268
E3787D,255,93
E37ACE,255,122
E37B64,254,21
E37C7A,254,31
E37E97,11,8
E37E97,255,182
E37E9C,255,116
E37EB0,255,198
E37FD7,254,23
E3807A,255,165
E380E1,11,4
E380E1,255,154
E382B8,255,133
E382C2,254,28
E382C4,255,150
E3839B,254,26
E386A1,255,89
E387BF,11,10
E387BF,255,383
E387CF,255,244
E38971,254,29
E38993,255,250
E38AB6,254,23
E38BEA,254,26
E38BF2,254,32
E38C76,254,27
E38CD2,254,37
E38CE5,255,277
E38D83,255,138
E38DD1,255,122
E38EBC,11,11
E38EBC,255,149
E38F8F,11,1
E38F8F,255,182
E38FCD,255,114
E390E8,254,27
E390EF,255,156
E391B1,255,398
E391BE,255,278
E391D9,11,1
E391D9,255,74
E39274,11,14
E39274,255,127
E39368,254,23
E39388,255,111
E39399,11,3
E39399,255,423
E393CC,2,1
E393CC,11,16
E393CC,255,245
E395EC,255,83
E39691,254,34
E396D6,255,136
E3976C,254,24
E3976F,254,19
E39775,255,134
E397EF,11,6
E397EF,255,252
E39827,255,307
E39882,254,33
E39920,255,430
E39A2E,0,1
E39A2E,11,13
E39A2E,255,277
E39AAA,255,166
E39ACA,255,501
E39CB8,255,81
E39CDD,255,117
E39DDF,255,130
E39E8D,255,62
E39EF4,255,260
E39F75,254,18
E39F78,11,13
E39F78,255,36
E39F89,11,9
E39F89,255,224
E3A365,255,183
E3A3FA,255,324
E3A573,254,41
E3A6AB,254,22
E3A8A1,255,111
E3A8D6,255,192
E3A8DA,254,25
E3A8DD,254,30
E3A9EE,255,117
E3AAA7,254,21
E3AAC7,255,158
E3ABEF,254,22
E3AE7A,255,90
E3AEF8,254,11
E3AF73,255,123
E3B089,254,21
E3B0A7,254,24
E3B238,1,1
E3B238,11,6
E3B238,255,358
E3B297,11,12
E3B297,255,96
E3B2CD,255,118
E3B4A8,254,22
E3B76E,255,233
E3B775,255,147
E3B79C,255,79
E3B7BA,255,91
E3B7BB,255,344
E3B7F5,255,81
E3B99F,254,38
E3B9BB,255,188
E3BAE4,255,107
E3BB8B,255,94
E3BC6F,11,9
E3BC6F,255,151
E3BCBA,254,27
E3BEFC,255,267
E3BF87,255,97
E3C0AC,1,1
E3C0AC,11,8
E3C0AC,255,244
E3C0E9,255,226
E3C1AA,255,116
E3C1C3,255,100
E3C383,255,110
E3C47D,255,65
E3C4B8,11,23
E3C4B8,255,162
E3C4DB,255,103
E3C57D,255,119
E3C58D,11,15
E3C58D,255,124
E3C764,255,118
E3C796,255,239
E3C7EB,255,353
E3C837,255,175
E3C86A,254,36
E3C87C,255,164
E3C884,11,8
E3C884,255,149
E3C887,11,14
E3C887,255,70
E3C8AF,254,22
E3C96B,254,30
E3C981,255,167
E3C9BE,11,1
E3C9BE,255,119
E3CAA0,255,90
E3CAD4,255,107
E3CB6A,254,28
E3CB7E,255,77
E3CBD7,11,6
E3CBD7,255,223
E3CC09,255,326
E3CCBE,11,10
E3CCBE,255,93
E3CEBC,255,246
E3CEBE,255,123
E3D0A1,255,125
E3D185,11,14
E3D185,255,110
E3D1A3,255,203
E3D302,255,362
E3D36E,254,29
E3D884,11,2
E3D884,255,102
E3D8A3,255,109
E3D8BB,254,33
E3D8BC,255,139
E3D9FA,255,127
E3DA6A,11,5
E3DA6A,255,103
E3DAF6,11,4
E3DAF6,255,336
E3DB66,255,130
E3DBCB,255,127
E3DE3B,255,225
E3DECE,254,26
E3DEDC,11,24
E3DEDC,255,207
E3DF7A,11,4
E3DF7A,255,152
E3DFD3,11,3
E3DFD3,255,117
E3E0E2,255,113
E3E0FC,255,89
E3E18B,255,101
E3E27A,255,228
E3E281,255,49
E3E287,254,35
E3E2A5,11,13
E3E2A5,255,67
E3E2B0,11,13
E3E2B0,255,285
E3E3D8,254,1
E3E3D8,255,122
E3E3F2,255,120
E3E48A,254,24
E3E4C8,254,22
E3E5CE,255,86
E3E69E,254,30
E3E9FB,255,112
E3EA9E,254,21
E3EAF2,254,32
E3EC6B,254,30
E3EDC1,255,108
E3EE77,254,24
E3EEF2,254,25
E3F0AF,254,31
E3F169,254,40
E3F2A3,11,17
E3F2A3,254,6
E3F2A3,255,146
E3F36E,11,6
E3F36E,255,382
E3F389,11,2
E3F389,255,170
E3F422,11,14
E3F422,255,401
E3F4B9,255,322
E3F569,254,27
E3F5A5,255,108
E3F6C9,255,111
E3F77C,255,128
E3F7B2,255,47
E3F878,255,151
E3F882,11,4
E3F882,255,264
E3F8FD,11,8
E3F8FD,255,164
E3F9D3,255,131
E3F9EA,254,21
E3F9F5,255,464
E3F9FB,255,101
E3FAFC,255,166
E3FAFD,255,271
E3FCA4,255,243
E3FCF3,255,106
E3FDA4,254,26
E3FED4,11,15
E3FED4,255,223
E3FEDA,11,7
E3FEDA,255,238
E40267,255,261
E40593,255,99
E40BE6,255,159
E40EBB,255,363
E40ED3,255,90
E40FF4,11,6
E40FF4,255,231
E41876,255,148
E418FF,255,244
E41A0F,255,305
E41BB2,255,438
E41D51,255,175
E41D80,254,19
E42281,11,3
E42281,255,192
E422FD,254,5
E425D4,255,319
E42698,254,36
E4277A,255,250
E430C7,11,2
E430C7,255,173
E4317E,11,5
E4317E,255,455
E432A7,254,32
E436B1,255,159
E436FF,11,11
E436FF,255,408
E43A16,11,33
E43A16,255,627
E43AEF,11,29
E43AEF,255,763
E44043,255,301
E440E5,11,8
E440E5,255,227
E44295,255,132
E4443D,255,630
E449C8,255,431
E44C97,2,2
E44C97,11,51
E44C97,255,230
E44C98,255,266
E44FDC,255,407
E45319,255,346
E456DB,254,20
E457DC,255,107
E45F6A,254,22
E463A2,11,14
E463A2,255,229
E4649D,254,11
E46578,255,99
E46596,255,74
E465C3,254,26
E467A2,255,138
E4689F,254,28
E469A3,255,107
E469F8,255,123
E46B69,254,29
E46B8A,254,28
E46BB9,254,30
E46CCD,255,158
E46FF2,254,32
E47064,254,17
E4707F,255,241
E47083,255,102
E471D7,254,38
E471EB,254,40
E474B9,11,14
E474B9,255,99
E47566,11,6
E47566,255,189
E47688,255,201
E476D5,255,101
E47721,255,168
E47722,255,206
E477D8,255,88
E478E5,254,30
E47ADA,11,21
E47ADA,255,208
E47BAA,254,29
E47E96,255,136
E47EAF,11,8
E47EAF,255,167
E47FB1,255,168
E47FEE,255,102
E480C9,255,116
E482EC,254,19
E482FB,255,108
E48475,255,110
E485B6,255,110
E485CB,255,127
E485F0,255,100
E487FE,255,82
E488FA,255,104
E48927,255,420
E48ACD,255,103
E48AFD,254,31
E490C5,254,26
E49179,254,28
E49191,254,11
E492AE,11,12
E492AE,255,81
E492B7,11,2
E492B7,255,132
E4936D,255,81
E493C0,254,19
E493F2,11,1
E493F2,255,356
E49572,254,23
E495A5,11,7
E495A5,255,353
E495F5,254,28
E496B8,11,2
E496B8,255,217
E497C5,11,10
E497C5,255,159
E49867,255,79
E498ED,255,131
E499F9,255,83
E49A23,255,360
E49A84,254,28
E49A84,255,175
E49A8D,11,9
E49A8D,255,198
E49AA5,255,132
E49B93,255,313
E49CBC,255,129
E49CBF,255,331
E49DCE,255,349
E49F7E,255,75
E4A18C,255,102
E4A1A1,254,17
E4A1A4,255,65
E4A399,254,30
E4A3B8,254,24
E4A4A9,255,103
E4A59E,11,13
E4A59E,255,458
E4A868,255,149
E4A89B,255,238
E4A8A7,255,126
E4A8DF,254,29
E4AB8C,254,3
E4AB8C,255,209
E4AB8D,255,168
E4ABFD,11,15
E4ABFD,255,122
E4ADD7,255,246
E4ADE4,255,170
E4AE77,255,117
E4AE8B,254,36
E4AFD4,254,27
E4AFDC,255,103
E4B094,254,31
E4B096,11,1
E4B096,255,399
E4B09B,255,106
E4B268,255,91
E4B2F3,255,95
E4B56C,255,124
E4B574,255,84
E4B576,254,30
E4B578,255,156
E4B5F1,255,123
E4B6EB,255,272
E4B6F2,11,9
E4B6F2,255,89
E4B762,11,9
E4B762,255,398
E4B7B9,11,31
E4B7B9,255,270
E4B7DF,11,38
E4B7DF,255,169
E4B7E6,255,106
E4B87A,255,92
E4B8CD,255,103
E4B9AB,254,30
E4BA70,11,1
E4BA70,255,163
E4BAA0,255,141
E4BAF7,254,24
E4BC89,254,25
E4BCE0,254,32
E4BCE2,255,248
E4BDEA,254,29
E4BE64,255,128
E4BF84,254,30
E4BFC1,255,128
E4C1B6,255,95
E4C1CF,255,166
E4C2BF,255,135
E4C2C5,255,406
E4C46A,255,269
E4C5C1,255,112
E4C66E,254,17
E4C7D1,254,13
E4C7D3,255,122
E4C883,255,123
E4C8E2,11,16
E4C8E2,255,103
E4C8FC,254,26
E4C9FC,254,16
E4CB9F,254,26
E4CBFE,254,20
E4CC70,255,124
E4CC71,255,154
E4CCB0,255,119
E4CD8C,254,23
E4CE80,255,191
E4CE86,254,33
E4CFD6,11,1
E4CFD6,255,148
E4CFFB,255,142
E4D075,11,12
E4D075,255,122
E4D086,254,33
E4D0EC,255,110
E4D1A8,255,214
E4D2EA,11,12
E4D2EA,255,95
E4D2F1,255,113
E4D3DF,255,96
E4D485,254,28
E4D4FF,11,18
E4D4FF,254,1
E4D4FF,255,208
E4D500,255,297
E4D5DC,255,92
E4D9F6,11,15
E4D9F6,255,69
E4DA7B,255,200
E4DABC,254,26
E4DB64,255,64
E4DB73,11,11
E4DB73,255,250
E4DBAF,11,5
E4DBAF,255,184
E4DBF0,254,26
E4DC76,11,1
E4DC76,255,88
E4DCB7,254,19
E4DD74,11,18
E4DD74,255,113
E4DDDC,11,6
E4DDDC,255,207
E4DE81,11,2
E4DE81,255,136
E4DE82,11,1
E4DE82,255,325
E4DFF0,11,25
E4DFF0,255,740
E4E0C3,255,123
E4E0C5,11,4
E4E0C5,255,115
E4E189,255,168
E4E1E9,254,2
E4E1E9,255,248
E4E22C,255,528
E4E2C2,255,49
E4E3BB,254,20
E4E3C8,254,21
E4E569,255,109
E4E66F,255,198
E4E796,255,331
E4E8BF,254,28
E4EAAB,255,98
E4EAEF,255,123
E4EB96,255,133
E4EBEF,254,12
E4EC8C,255,150
E4EDBE,255,114
E4EDE5,255,182
E4EE7E,255,288
E4EE8D,254,25
E4EEB7,254,1
E4EEB7,255,136
E4EEB8,11,15
E4EEB8,255,335
E4EEF4,255,111
E4EF82,255,115
E4EF9C,254,20
E4EFAC,255,124
E4EFF8,2,1
E4EFF8,11,29
E4EFF8,255,189
E4EFFD,254,25
E4F1DF,255,153
E4F1EE,255,141
E4F297,11,9
E4F297,255,106
E4F2A8,0,1
E4F2A8,255,74
E4F2BE,255,120
E4F2D4,255,112
E4F3DC,254,21
E4F3DE,255,100
E4F3F6,255,89
E4F420,11,13
E4F420,255,329
E4F49A,254,20
E4F4D6,11,8
E4F4D6,255,134
E4F582,255,139
E4F5B2,11,11
E4F5B2,255,105
E4F5C7,254,15
E4F783,255,95
E4F9EF,255,116
E4FBBB,254,21
E4FEAD,255,119
E501EC,254,28
E50380,254,26
E506B6,255,408
E5118A,254,16
E51379,254,31
E51496,255,184
E514C2,11,13
E514C2,255,307
E514C3,255,284
E51AD5,255,218
E51AF2,11,11
E51AF2,254,1
E51AF2,255,147
E51E9C,255,346
E51F39,255,280
E5289B,255,121
E52DD3,255,107
E52F69,255,634
E530FB,255,273
E533FE,255,165
E537A5,254,33
E5389E,11,4
E5389E,255,163
E538F2,254,21
E53DE3,255,424
E54603,255,361
E5460B,255,588
E548CB,255,265
E54B1C,11,6
E54B1C,255,490
E54CFE,255,103
E552E0,255,74
E55385,255,23
E553A2,255,79
E55795,11,35
E55795,255,271
E5579B,254,26
E559D4,255,96
E55DD6,11,6
E55DD6,255,191
E55E6A,255,180
E560D8,11,5
E560D8,255,47
E56400,255,357
E5642E,11,13
E5642E,255,238
E56466,255,62
E5657B,255,119
E565BA,255,100
E566BE,255,127
E5679A,11,2
E5679A,255,68
E567A8,11,4
E567A8,255,96
E567B2,254,36
E56887,11,19
E56887,255,109
E568D3,255,302
E568D4,255,121
E568DC,11,4
E568DC,255,74
E56B8B,11,25
E56B8B,255,261
E56C67,11,16
E56C67,255,64
E56CA5,254,33
E56D49,255,499
E56EAA,11,10
E56EAA,255,345
E56F85,254,20
E570D5,254,21
E570D8,255,542
E5716B,255,66
E571BA,255,224
E5724C,11,18
E5724C,255,194
E57270,255,320
E572EB,254,33
E573F8,255,72
E574C2,255,302
E575A4,11,17
E575A4,255,251
E575D1,254,27
E575D2,11,1
E575D2,255,129
E5779F,255,143
E577BF,11,15
E577BF,255,289
E578A8,255,126
E578B4,255,127
E578DF,255,230
E578E3,254,8
E57BAC,255,85
E57BB8,254,36
E57BC9,254,28
E57C8C,255,91
E57C9B,11,1
E57C9B,255,143
E57CC0,11,12
E57CC0,255,153
E57D80,255,95
E57D81,255,116
E57DCD,254,18
E57EB2,255,157
E57F45,255,269
E580CB,254,26
E580ED,255,168
E58165,255,342
E5818E,254,25
E581A2,255,157
E58286,11,31
E58286,255,563
E583D3,11,3
E583D3,255,314
E58484,254,27
E5849A,254,30
E584E8,254,24
E5857C,11,5
E5857C,255,125
E58582,255,206
E586F6,11,20
E586F6,255,178
E58796,11,6
E58796,255,210
E5879E,11,21
E5879E,255,238
E588ED,255,146
E58904,11,7
E58904,255,515
E58972,254,31
E5897E,254,22
E589CD,254,28
E58CDB,255,216
E58E34,11,23
E58E34,255,441
E58ED0,255,136
E58EFE,254,38
E58FCE,255,97
E590C2,11,10
E590C2,255,129
E591C6,255,69
E592F7,255,173
E593D2,11,3
E593D2,255,123
E594F8,254,23
E595B6,254,19
E597AC,254,27
E59882,254,28
E59894,255,91
E598B0,254,23
E5996D,254,24
E59991,255,104
E59AAF,255,190
E59B82,255,92
E59C9B,255,122
E59CC8,255,74
E59D39,11,15
E59D39,255,342
E59DCB,254,18
E59EAD,255,138
E59EC4,11,19
E59EC4,255,439
E59F3B,11,30
E59F3B,255,262
E59F7C,255,92
E5A001,255,395
E5A0AC,254,15
E5A277,255,111
E5A2DA,255,161
E5A3A5,255,178
E5A3BF,11,14
E5A3BF,255,116
E5A4DA,255,160
E5A4F0,254,16
E5A5BB,255,130
E5A5ED,254,18
E5A6DF,254,17
E5A82F,255,295
E5AA04,255,203
E5AAF2,255,894
E5AB7C,254,30
E5ABD8,254,37
E5ACCA,255,89
E5ACD0,255,260
E5AD69,255,94
E5AD8F,255,133
E5AEAC,254,23
E5AEB0,255,81
E5AEC4,254,21
E5AEDF,11,10
E5AEDF,255,395
E5AF9F,11,15
E5AF9F,255,105
E5AFD9,11,17
E5AFD9,255,81
E5AFE1,254,12
E5B18A,254,12
E5B18A,255,139
E5B19C,254,29
E5B1AC,254,22
E5B1B0,11,2
E5B1B0,255,203
E5B26D,255,149
E5B2A2,11,9
E5B2A2,255,289
E5B3E5,11,15
E5B3E5,255,375
E5B48D,255,235
E5B4F5,11,6
E5B4F5,255,102
E5B669,255,280
E5B6F4,255,89
E5B779,11,1
E5B779,255,119
E5B87D,254,22
E5B886,11,17
E5B886,255,101
E5B8D0,255,64
E5B9C7,255,110
E5BAAE,255,259
E5BAFD,255,194
E5BD93,254,12
E5BE69,254,30
E5BEBE,255,341
E5BED1,255,131
E5BFA9,254,18
E5BFAB,255,89
E5C092,254,22
E5C1B4,254,23
E5C1B5,254,25
E5C1BA,255,316
E5C1ED,255,263
E5C380,11,14
E5C380,255,107
E5C3AA,255,62
E5C3D9,255,291
E5C5CF,254,26
E5C69C,254,1
E5C69C,255,330
E5C6F3,255,69
E5C783,254,20
E5C9A3,11,16
E5C9A3,255,146
E5CAF4,255,115
E5CBC7,255,119
E5CBE7,255,95
E5CC05,255,159
E5CC06,255,300
E5CC99,255,263
E5CD66,254,23
E5CD9D,255,89
E5CDC9,254,34
E5CDE4,254,21
E5CE93,254,22
E5CEC2,255,85
E5CEFD,11,3
E5CEFD,255,84
E5CFC0,255,360
E5D09E,255,128
E5D186,255,118
E5D227,11,8
E5D227,255,467
E5D279,254,25
E5D36E,254,21
E5D3B2,254,23
E5D496,11,22
E5D496,255,151
E5D4D1,255,230
E5D5CB,11,12
E5D5CB,255,349
E5D939,255,262
E5D97F,255,116
E5D9B1,255,132
E5D9BA,254,27
E5D9C5,11,1
E5D9C5,255,661
E5DA68,255,140
E5DADE,255,284
E5DAF4,255,107
E5DC6F,11,5
E5DC6F,255,133
E5DDC6,254,32
E5DE6E,2,1
E5DE6E,11,30
E5DE6E,255,272
E5DFBC,1,1
E5DFBC,11,19
E5DFBC,255,112
E5DFC7,255,212
E5DFCD,255,141
E5DFD4,255,156
E5DFFB,255,176
E5E0B6,255,201
E5E0DE,255,72
E5E1B0,255,115
E5E280,255,331
E5E28B,255,139
E5E2C4,254,15
E5E478,254,31
E5E4B5,254,31
E5E4DB,11,1
E5E4DB,255,239
E5E572,255,233
E5E591,255,109
E5E5CD,254,21
E5E7D5,254,12
E5E868,255,39
E5E8F2,254,15
E5EA69,11,9
E5EA69,255,349
E5EA6D,254,19
E5EA9E,254,24
E5EAE7,254,17
E5EBF5,255,257
E5ECF5,11,16
E5ECF5,255,148
E5ED78,11,19
E5ED78,255,92
E5ED9B,11,9
E5ED9B,254,1
E5ED9B,255,161
E5ED9C,255,300
E5EDEB,11,9
E5EDEB,255,67
E5EDFD,11,5
E5EDFD,255,106
E5EE71,254,21
E5F0B4,254,30
E5F391,11,13
E5F391,255,327
E5F3DD,254,27
E5F55F,255,522
E5F583,254,26
E5F595,254,15
E5F5A7,255,134
E5F67D,254,31
E5F795,255,142
E5F7DC,11,7
E5F7DC,255,103
E5F9F8,255,112
E5FA87,255,106
E5FA8C,255,289
E5FAD8,255,121
E5FB72,11,14
E5FB72,255,107
E5FBCC,255,101
E5FCB4,255,125
E5FCDD,255,168
E5FD94,11,24
E5FD94,255,122
E5FDCF,255,141
E603C4,11,10
E603C4,255,116
E603C5,255,412
E604B1,255,323
E608D5,255,314
E60AA4,11,7
E60AA4,255,346
E60B72,255,135
E60DC4,255,250
E612D5,11,21
E612D5,254,8
E612D5,255,239
E612D6,11,3
E612D6,255,210
E6140A,255,460
E614F7,11,29
E614F7,255,284
E61AA9,1,1
E61AA9,11,17
E61AA9,255,296
E61AFF,11,8
E61AFF,255,191
E61B00,11,6
E61B00,255,372
E61D0D,0,1
E61D0D,11,11
E61D0D,255,1235
E62006,11,15
E62006,255,570
E62277,255,217
E62364,255,265
E6262E,254,2
E6262E,255,156
E62754,11,36
E62754,255,339
E62CEE,255,79
E630A5,11,16
E630A5,255,503
E630C9,11,17
E630C9,255,201
E63412,255,276
E639D2,255,151
E63BBE,255,194
E63CAB,255,128
E63D0D,255,319
E63D0E,255,367
E63EFF,1,1
E63EFF,11,24
E63EFF,255,336
E64126,255,357
E6416C,11,12
E6416C,255,134
E641E6,11,2
E641E6,255,343
E643C3,255,121
E643F8,255,117
E649A6,254,20
E64EDF,255,504
E64FBE,255,282
E65786,11,38
E65786,255,124
E65949,255,337
E65F0B,255,291
E66171,255,149
E6643B,11,18
E6643B,255,160
E664D2,254,25
E664D9,11,11
E664D9,255,107
E664E2,255,217
E6658F,254,28
E665E6,255,114
E665E9,255,286
E666E5,255,309
E66880,254,30
E66885,255,292
E66AAA,255,242
E66ABD,255,126
E66B64,254,19
E66C75,255,970
E66CEF,11,2
E66CEF,255,82
E66DD8,255,473
E66DEC,255,77
E66FBC,255,98
E670CD,0,1
E670CD,11,3
E670CD,255,91
E67178,255,115
E6719A,254,19
E671F1,255,73
E673BA,255,144
E675BE,254,23
E675C0,11,7
E675C0,255,112
E676BA,255,105
E677CA,11,5
E677CA,255,143
E67894,255,152
E678D5,11,3
E678D5,255,278
E67BAE,254,30
E67BB2,254,27
E67BB5,255,125
E67C7D,254,18
E67D88,11,1
E67D88,255,222
E67E8A,254,21
E67FA7,255,107
E67FE9,11,18
E67FE9,255,267
E680A1,255,303
E680ED,254,21
E681C5,254,18
E681CB,255,132
E681CE,255,162
E681DE,254,34
E682C3,11,16
E682C3,255,365
E682EB,255,193
E68387,254,32
E683BA,11,7
E683BA,255,154
E683C9,254,29
E684EF,254,24
E68699,255,135
E6879F,254,17
E6887E,255,140
E68887,11,4
E68887,255,239
E68A90,254,21
E68BA5,254,19
E68CE9,11,1
E68CE9,255,104
E68DBF,255,151
E68E95,11,1
E68E95,255,146
E68F9C,254,26
E690A2,255,345
E690E0,254,15
E691CF,255,150
E691E7,254,24
E692EA,11,11
E692EA,255,102
E695BA,255,130
E695E2,255,292
E6977D,255,88
E697EE,11,5
E697EE,255,335
E698B4,255,100
E698B9,255,401
E69B91,11,1
E69B91,255,109
E69B95,255,157
E69CC4,254,21
E69D75,11,14
E69D75,255,198
E69DD8,254,28
E69E8F,255,97
E69EB0,254,28
E69EF0,255,157
E69EF9,255,148
E69F80,255,155
E69F8E,255,388
E69F9F,254,4
E69F9F,255,88
E69FB7,254,23
E6A0DC,255,123
E6A2C7,255,130
E6A2F7,11,10
E6A2F7,255,453
E6A4A1,11,9
E6A4A1,255,111
E6A4DE,11,4
E6A4DE,255,203
E6A4F2,255,128
E6A594,255,160
E6A5C2,254,21
E6A687,255,167
E6A6B8,255,64
E6A6DD,255,67
E6A7C5,254,18
E6A86B,254,15
E6A875,11,21
E6A875,255,283
E6A8CB,11,5
E6A8CB,255,260
E6A9BA,11,3
E6A9BA,255,142
E6A9CC,255,120
E6AA86,255,327
E6AB73,254,18
E6AB85,255,71
E6AB95,255,109
E6ACFE,254,17
E6ADEC,255,112
E6AE79,255,234
E6AE8D,11,26
E6AE8D,255,251
E6AFF4,255,138
E6B07A,255,133
E6B09B,255,131
E6B165,254,27
E6B186,255,262
E6B1D5,255,87
E6B1F6,255,132
E6B2CF,255,79
E6B2DC,255,119
E6B3C2,11,13
E6B3C2,255,209
E6B3FB,11,9
E6B3FB,255,77
E6B4A9,11,5
E6B4A9,255,375
E6B4E3,255,152
E6B56F,254,22
E6B589,255,122
E6B5BB,254,32
E6B678,255,132
E6B6DD,11,8
E6B6DD,255,256
E6B6FB,255,344
E6B727,11,1
E6B727,255,204
E6B8DB,11,6
E6B8DB,255,242
E6B985,255,265
E6BBD5,254,28
E6BCB5,255,56
E6BCBB,255,169
E6BECF,255,84
E6BEFE,255,90
E6C0F2,255,148
E6C194,255,178
E6C1DE,11,21
E6C1DE,255,101
E6C2D6,255,148
E6C387,255,85
E6C3B9,255,116
E6C447,11,13
E6C447,255,200
E6C476,11,14
E6C476,255,105
E6C487,254,25
E6C576,255,136
E6C580,255,148
E6C6EA,255,135
E6C880,254,31
E6C892,254,25
E6C9C7,255,130
E6CA81,255,206
E6CA83,255,185
E6CAAF,255,307
E6CAB0,255,154
E6CBD2,255,88
E6CCB0,255,119
E6CCCA,254,26
E6CD7A,11,20
E6CD7A,255,227
E6CD7B,255,451
E6CFBE,11,10
E6CFBE,255,603
E6CFE2,254,31
E6D065,255,463
E6D0E1,254,18
E6D12A,1,1
E6D12A,11,17
E6D12A,255,370
E6D180,254,25
E6D1D8,11,17
E6D1D8,255,74
E6D1E2,254,21
E6D277,255,255
E6D2D4,255,94
E6D2FB,11,21
E6D2FB,255,450
E6D4E2,255,69
E6D6B2,255,114
E6D6E8,11,15
E6D6E8,255,119
E6D740,11,23
E6D740,255,300
E6D773,11,4
E6D773,255,105
E6D885,254,23
E6D887,255,151
E6D8B5,11,5
E6D8B5,255,126
E6D8B6,255,168
E6D8BF,11,5
E6D8BF,255,104
E6D975,255,115
E6DB56,255,121
E6DBC5,255,255
E6DBE3,255,304
E6DC88,255,93
E6DC8D,254,29
E6DEA2,255,111
E6DEA5,254,33
E6DEE5,11,14
E6DEE5,255,315
E6DF91,255,93
E6DFEF,255,130
E6E3A5,255,129
E6E4AF,11,17
E6E4AF,255,117
E6E6D9,11,3
E6E6D9,255,333
E6E778,11,9
E6E778,255,213
E6E9BF,254,30
E6E9F0,255,121
E6EA6D,255,97
E6EB7F,254,22
E6EBF4,254,42
E6ECE1,255,364
E6ECF8,254,21
E6ED2B,255,279
E6EEC9,255,136
E6EF8C,254,33
E6F065,254,36
E6F309,11,15
E6F309,255,331
E6F3CC,255,78
E6F3CF,255,92
E6F4EE,255,81
E6F5A5,254,26
E6F5A9,255,277
E6F6A3,255,267
E6F88C,255,216
E6F8B3,255,105
E6F8C2,255,154
E6F94C,11,2
E6F94C,255,196
E6F94D,255,326
E6F9A9,254,15
E6F9F8,11,21
E6F9F8,255,103
E6FAAE,255,94
E6FAB5,11,62
E6FAB5,255,543
E6FBFD,255,174
E6FCE1,254,15
E6FD6A,254,36
E7050A,11,25
E7050A,255,405
E705BD,254,28
E70722,255,379
E70A04,255,207
E70AC0,255,118
E70FBB,255,127
E7104F,11,2
E7104F,255,260
E713D7,11,4
E713D7,255,269
E71450,255,478
E715CD,255,134
E715E9,255,293
E716E9,255,142
E719F3,255,310
E71AC6,255,71
E71CC2,255,84
E71F81,255,132
E72072,0,1
E72072,11,5
E72072,255,499
E7246B,255,247
E7299C,255,291
E72A7B,254,36
E72C0F,11,13
E72C0F,255,399
E72D94,11,10
E72D94,255,229
E72DFD,11,23
E72DFD,255,512
E72E6F,254,32
E72E88,255,362
E72F88,254,26
E730E2,11,50
E730E2,255,640
E731CF,255,65
E73697,255,129
E73C81,254,2
E73C81,255,249
E73DCB,11,4
E73DCB,255,293
E742D9,255,262
E743F3,255,152
E74635,11,3
E74635,255,188
E7467E,255,401
E74772,255,298
E747BF,11,8
E747BF,255,388
E7483E,255,341
E74BB1,255,82
E75058,11,6
E75058,255,490
E75097,255,151
E753D6,254,31
E753E2,255,104
E75405,11,28
E75405,255,238
E75689,255,435
E75709,255,160
E75ABD,11,14
E75ABD,255,304
E75CC0,255,219
E75DEF,11,2
E75DEF,255,271
E75EA4,255,87
E7646F,255,95
E764D2,255,77
E76566,254,19
E765D1,255,110
E765E8,255,86
E767F5,254,3
E768CB,255,147
E768ED,11,18
E768ED,255,166
E76987,11,4
E76987,255,106
E76995,255,96
E769A5,255,133
E76A70,255,105
E76ACA,254,32
E76B3B,255,403
E76CB0,11,17
E76CB0,255,382
E76F6D,255,76
E76FC0,254,18
E7716D,255,123
E7719D,255,73
E7728A,255,152
E77377,11,16
E77377,255,113
E773AB,254,22
E773BA,254,24
E773CD,255,99
E77477,11,10
E77477,255,326
E7747E,255,136
E774A8,254,28
E774CD,254,26
E774EB,255,195
E7757F,255,130
E776A5,255,111
E777FC,1,1
E777FC,11,21
E777FC,255,168
E778C6,255,304
E778D0,255,150
E77CC0,255,95
E77D64,255,91
E77DA2,254,30
E77DCE,255,226
E77EC0,254,28
E77EC6,255,239
E77F83,255,110
E77F96,11,6
E77F96,255,156
E77FBB,255,114
E780E9,254,22
E7816E,255,102
E781B8,11,13
E781B8,255,142
E781F3,254,29
E7827A,254,20
E782F3,254,17
E783AD,255,107
E783E3,254,27
E78498,255,245
E785BD,255,164
E786A1,254,14
E787CD,255,272
E787CF,255,357
E78922,255,410
E789C3,11,8
E789C3,255,114
E78A9F,255,247
E78AF2,255,117
E78AFC,254,14
E78B7D,11,25
E78B7D,255,215
E78BA9,254,18
E78CBB,255,63
E78CE9,255,99
E78E64,255,93
E78E80,11,13
E78E80,255,415
E79086,254,33
E790AD,255,100
E79282,255,206
E79358,255,335
E79381,11,4
E79381,255,137
E79595,255,65
E7959E,255,259
E795FC,11,21
E795FC,255,84
E796A9,255,123
E796BD,254,19
E79718,255,326
E79771,254,24
E797B2,255,89
E797E4,255,70
E798B8,254,26
E799D1,254,34
E79A18,255,519
E79A56,255,324
E79A81,255,123
E79AB6,11,4
E79AB6,255,85
E79B72,255,120
E79BC0,255,158
E79C7A,255,115
E79D88,255,119
E79EFD,255,366
E79FA7,254,3
E79FA7,255,175
E79FC6,11,13
E79FC6,255,58
E7A087,255,133
E7A29B,255,86
E7A37C,255,320
E7A386,254,17
E7A6A2,255,148
E7A6C7,254,29
E7A7E0,255,253
E7A7FE,255,210
E7A88A,254,38
E7A8EA,254,19
E7A970,255,291
E7A9AB,11,1
E7A9AB,255,488
E7A9D8,11,11
E7A9D8,255,230
E7AB29,255,783
E7AB53,11,12
E7AB53,255,315
E7ACEA,11,16
E7ACEA,255,182
E7ACEE,255,84
E7ADD7,254,30
E7ADE4,255,111
E7AE91,255,134
E7AEE2,255,425
E7AF8C,11,10
E7AF8C,255,404
E7B0C6,254,17
E7B1B5,11,19
E7B1B5,255,232
E7B1B7,255,128
E7B299,255,153
E7B480,255,126
E7B4D6,255,138
E7B5CE,254,14
E7B5F0,255,144
E7B672,11,13
E7B672,255,423
E7B778,254,30
E7B783,255,135
E7B7AF,255,165
E7B7D3,255,122
E7B97E,255,229
E7BB8F,254,9
E7BB8F,255,17
E7BB97,11,26
E7BB97,255,442
E7BE60,255,153
E7BFBC,255,195
E7BFC1,254,31
E7C064,255,131
E7C1D3,255,107
E7C2B2,255,331
E7C464,11,4
E7C464,255,188
E7C680,255,783
E7C6AC,11,13
E7C6AC,255,82
E7C6AD,255,279
E7C7FC,11,5
E7C7FC,255,122
E7C9C0,255,127
E7C9C9,11,40
E7C9C9,255,450
E7C9F7,11,18
E7C9F7,255,494
E7CA67,255,112
E7CA6D,254,21
E7CB76,255,103
E7CBBC,254,23
E7CBFE,255,176
E7CE13,11,9
E7CE13,255,279
E7CE6D,255,139
E7CEEE,255,149
E7CFDF,11,5
E7CFDF,255,106
E7D09A,254,27
E7D0E7,254,23
E7D1E0,255,105
E7D26F,255,112
E7D29B,11,5
E7D29B,255,123
E7D3A8,255,167
E7D3AC,254,25
E7D3EE,255,206
E7D440,11,12
E7D440,255,484
E7D47D,11,8
E7D47D,255,126
E7D58E,255,125
E7D5BA,255,150
E7D65E,255,184
E7D678,255,206
E7D7BD,11,48
E7D7BD,255,395
E7D7F3,255,69
E7D7F6,255,66
E7D871,255,88
E7D88B,255,144
E7D8C2,254,18
E7D8CE,11,12
E7D8CE,255,179
E7D9DB,254,33
E7DAA4,254,20
E7DAC1,11,8
E7DAC1,255,322
E7DAE7,255,153
E7DB7D,255,85
E7DD00,255,273
E7DD86,254,24
E7DD95,255,129
E7DDD7,255,300
E7DF70,255,96
E7DFA3,254,32
E7DFAB,254,18
E7E071,11,30
E7E071,255,255
E7E2C2,255,198
E7E2C8,11,12
E7E2C8,255,149
E7E355,255,645
E7E39C,255,108
E7E3AB,255,225
E7E3BE,254,27
E7E3E0,11,21
E7E3E0,255,118
E7E40F,11,19
E7E40F,255,206
E7E49D,254,30
E7E4AF,255,142
E7E4BD,11,3
E7E4BD,255,115
E7E778,254,35
E7E7E8,11,6
E7E7E8,255,242
E7E982,255,490
E7E9B6,254,24
E7EABE,254,31
E7EB79,254,27
E7EBA2,11,23
E7EBA2,255,152
E7ED7D,255,133
E7EDBD,255,144
E7EDE6,255,376
E7EE8C,255,329
E7F069,255,150
E7F092,255,82
E7F0E1,255,150
E7F182,254,23
E7F1A8,255,148
E7F1DF,11,4
E7F1DF,255,240
E7F27B,255,140
E7F4B2,254,17
E7F4CB,255,263
E7F4F5,255,160
E7F6AC,255,80
E7F766,255,192
E7F7B3,255,95
E7F9C8,254,36
E7FA64,255,92
E7FAA2,254,26
E7FB65,254,20
E7FB6C,255,90
E7FC69,255,200
E7FC90,254,19
E7FCA3,255,95
E7FDA5,255,438
E7FDF6,255,85
E7FE7E,254,27
E7FE83,254,19
E7FEA7,255,98
E7FEAC,255,257
E7FEB7,255,60
E7FEB8,11,6
E7FEB8,255,59
E802E9,11,16
E802E9,255,502
E804ED,255,122
E80597,255,172
E80E69,11,17
E80E69,255,93
E80ED5,11,4
E80ED5,255,229
E810EB,11,20
E810EB,255,326
E811C3,254,25
E817CE,255,125
E81B08,11,10
E81B08,255,477
E81B0F,11,31
E81B0F,255,355
E81BB9,255,469
E81C20,11,15
E81C20,255,329
E821F7,255,306
E82215,11,2
E82215,255,342
E82538,255,247
E82539,255,319
E827FD,11,14
E827FD,255,106
E82D9E,255,302
E83260,255,286
E832A7,254,19
E8347E,255,98
E839B2,255,366
E83F6E,255,103
E840B3,255,162
E84745,11,15
E84745,255,261
E849D1,255,116
E849E2,254,24
E849F0,255,125
E84BBA,255,254
E84CE8,11,13
E84CE8,255,62
E84D0D,255,131
E84DAE,255,308
E84DC4,11,22
E84DC4,255,183
E85236,255,306
E8537E,255,106
E856A7,11,1
E856A7,255,65
E85A81,255,278
E85C7B,255,140
E85E50,11,2
E85E50,255,154
E85F1B,255,430
E861C4,11,43
E861C4,255,301
E86271,255,230
E86493,255,131
E864C7,255,163
E864F2,255,141
E86537,255,203
E8657E,255,83
E865B3,254,14
E86688,255,131
E86690,255,172
E866B8,255,240
E8676F,255,66
E86794,255,77
E868CF,255,141
E868E5,254,19
E868F9,255,323
E8697F,254,23
E869A5,255,127
E869C4,255,118
E86BD0,11,16
E86BD0,255,159
E86D3F,255,429
E86F77,255,75
E870CA,255,133
E870EF,11,14
E870EF,255,288
E871EC,255,120
E8726A,254,24
E872D7,255,147
E8736C,255,122
E873A3,254,3
E873FA,255,155
E875F8,11,16
E875F8,255,244
E875F9,255,345
E876C4,11,1
E876C4,255,427
E876E1,254,20
E877AF,254,14
E877E7,255,109
E878A7,255,176
E878B8,255,131
E879AE,255,114
E87ACF,255,83
E87BD0,255,114
E87D71,255,81
E87DCC,255,77
E881BA,255,117
E881D1,255,130
E883B3,254,13
E884CE,11,13
E884CE,255,100
E884E9,255,219
E884ED,255,112
E88573,254,20
E885A3,11,27
E885A3,255,339
E885AA,254,3
E885AA,255,236
E88676,255,185
E8867B,255,77
E8876E,255,158
E887D4,255,138
E88886,255,119
E889C0,254,30
E889CD,254,22
E88AB0,254,21
E88AC6,255,90
E88BBF,11,2
E88BBF,255,147
E88CBE,254,31
E88CDD,11,12
E88CDD,255,196
E88FA8,254,28
E88FD3,255,106
E88FD6,254,11
E88FF4,11,25
E88FF4,255,471
E89078,254,18
E890AC,2,1
E890AC,11,22
E890AC,254,1
E890AC,255,159
E890E3,255,92
E891D9,254,18
E891DD,11,3
E891DD,255,149
E892AD,254,27
E892DB,11,6
E892DB,255,76
E89398,255,74
E893EE,255,72
E894A4,255,90
E8968E,255,117
E8969C,254,30
E896F3,255,299
E897BE,255,606
E898D4,255,70
E899E7,11,14
E899E7,255,115
E89A76,11,4
E89A76,255,177
E89AC4,11,23
E89AC4,255,200
E89ADD,255,196
E89AF1,255,223
E89DA7,255,164
E89DD1,255,241
E89FA4,254,25
E89FD4,254,29
E89FD5,255,226
E89FEB,11,17
E89FEB,255,118
E8A16C,255,102
E8A16D,11,19
E8A16D,255,122
E8A38A,255,366
E8A39F,254,5
E8A3C7,255,235
E8A4C5,255,221
E8A4CA,254,24
E8A5A7,255,84
E8A6E6,254,22
E8A784,254,22
E8A7C6,11,23
E8A7C6,255,216
E8A88B,255,140
E8A991,255,99
E8A9D2,11,3
E8A9D2,255,248
E8A9E6,255,68
E8AA8E,11,16
E8AA8E,255,129
E8AADB,255,172
E8AB4E,11,11
E8AB4E,255,334
E8ABFB,255,63
E8ACA4,255,82
E8ACB9,255,151
E8AD89,11,1
E8AD89,255,116
E8AE80,255,119
E8AE88,254,26
E8AECD,255,97
E8AF67,255,75
E8AF73,254,27
E8AFCD,11,6
E8AFCD,255,90
E8B0F6,255,317
E8B171,11,25
E8B171,255,159
E8B299,255,82
E8B313,255,292
E8B3D7,254,23
E8B5B3,255,135
E8B5EC,255,366
E8B6D9,255,251
E8B73D,255,378
E8B77C,254,29
E8B782,11,11
E8B782,255,272
E8B7C7,255,340
E8B7D3,254,20
E8B7D4,254,27
E8B96F,255,149
E8BBB6,11,12
E8BBB6,255,131
E8BBBF,255,99
E8BBFE,255,162
E8BCCF,255,115
E8BEE3,255,143
E8C17B,255,147
E8C1F3,254,30
E8C289,11,19
E8C289,255,100
E8C2DA,254,27
E8C39D,255,276
E8C598,255,394
E8C5E6,255,336
E8C6A4,11,6
E8C6A4,255,202
E8C7D3,255,111
E8C97E,255,214
E8C997,254,19
E8C997,255,100
E8CA88,255,112
E8CD8F,255,159
E8CDB9,254,16
E8CEB9,254,3
E8CEB9,255,288
E8CF79,254,31
E8CFAA,11,8
E8CFAA,255,221
E8D0A9,254,20
E8D363,255,322
E8D388,255,126
E8D79C,254,26
E8D7B6,11,7
E8D7B6,255,465
E8D7FC,255,119
E8D947,1,1
E8D947,11,41
E8D947,255,538
E8D99A,11,6
E8D99A,255,95
E8D9E0,254,29
E8DA6E,255,266
E8DBAC,255,103
E8DDAA,2,1
E8DDAA,11,13
E8DDAA,255,77
E8DDE3,255,116
E8DEF6,255,89
E8DF93,255,118
E8E472,255,468
E8E5CA,255,1559
E8E693,255,90
E8E699,254,24
E8E6CD,11,4
E8E6CD,255,130
E8E6E9,254,33
E8E76A,255,133
E8E781,254,22
E8E794,254,1
E8E794,255,133
E8E7EA,255,123
E8E89A,254,36
E8E8B4,255,100
E8E8E0,254,22
E8E988,255,182
E8EA6E,11,1
E8EA6E,255,153
E8EA8E,255,77
E8EA9C,255,350
E8EC77,254,31
E8ECEE,255,142
E8ECEF,255,127
E8EDB3,255,145
E8EDE5,255,113
E8EE88,11,10
E8EE88,255,243
E8EFF7,254,30
E8F071,255,100
E8F0A1,255,177
E8F28B,254,29
E8F2C1,255,152
E8F2D1,255,91
E8F2E6,255,137
E8F365,255,84
E8F394,255,124
E8F49D,255,66
E8F4EE,255,114
E8F5DE,254,29
E8F5EA,255,279
E8F672,255,124
E8F6A5,254,26
E8F6B6,254,22
E8F6EA,254,26
E8F781,255,171
E8F84E,255,126
E8F888,255,73
E8F966,255,116
E8FB92,11,8
E8FB92,255,60
E8FC6F,254,22
E8FDC1,255,95
E91814,255,280
E91DFD,11,27
E91DFD,255,379
E920E1,11,14
E920E1,255,46
E925E0,255,132
E926EB,11,23
E926EB,255,359
E92CEA,11,5
E92CEA,255,276
E930D0,255,405
E934F3,255,119
E93577,255,214
E93656,255,723
E93C3C,11,19
E93C3C,255,292
E93C6B,255,69
E93DA5,11,1
E93DA5,255,382
E94072,254,21
E9409E,255,79
E9427B,255,115
E949B5,11,8
E949B5,255,356
E94AFA,255,269
E94D12,11,8
E94D12,255,435
E94D23,255,361
E94FFB,11,21
E94FFB,255,90
E951A7,254,17
E953B5,255,75
E95AC4,255,124
E95C76,11,6
E95C76,254,6
E95C76,255,140
E95C77,255,313
E96589,255,130
E965A0,255,164
E965CE,255,158
E9669C,255,132
E966DD,254,24
E966FC,255,147
E966FD,254,27
E9686A,255,94
E969D9,254,35
E969F0,254,18
E96ACE,255,122
E96B78,255,237
E96B8C,255,151
E96CA5,254,25
E96CCC,11,3
E96CCC,255,239
E96CCD,255,303
E96CFD,255,100
E96FE7,254,32
E970C4,254,2
E970C4,255,162
E970C5,255,162
E97153,255,219
E97262,255,306
E9728E,255,132
E9736C,255,97
E973BA,11,16
E973BA,255,117
E97573,255,185
E97603,255,253
E97666,255,183
E977C2,254,1
E977D7,11,1
E977D7,255,154
E9789F,254,31
E978AE,254,28
E9798A,254,21
E9798D,11,14
E9798D,255,173
E97A3D,255,222
E97BBD,11,5
E97BBD,255,79
E97BC5,254,22
E97BE9,11,15
E97BE9,255,231
E97CD3,254,20
E97FA0,255,125
E98081,255,102
E9809C,255,149
E98173,254,23
E981BD,255,107
E981DD,255,859
E982DE,255,205
E983F0,11,2
E983F0,255,275
E98454,11,3
E98454,255,356
E98582,255,163
E98978,254,33
E98990,11,7
E98990,255,115
E98BB4,255,77
E98BEF,255,88
E98C84,254,20
E98D90,255,103
E98DB2,254,25
E98ECE,255,83
E98FEF,255,81
E99019,11,18
E99019,255,236
E991D3,255,87
E992CC,255,152
E992E4,254,20
E9946A,255,269
E994BB,255,79
E996C2,255,151
E996CB,11,6
E996CB,255,76
E99768,255,78
E9976B,254,19
E997EC,254,25
E998F4,255,115
E99999,255,176
E99AB1,255,130
E99DC2,255,95
E99DEA,255,145
E99DF5,255,122
E99DFB,255,119
E99DFF,255,369
E99F9B,254,31
E9A0C6,11,3
E9A0C6,255,496
E9A0E4,255,108
E9A0E9,255,176
E9A1CC,255,80
E9A2AB,255,138
E9A464,255,242
E9A672,11,21
E9A672,255,257
E9A6B8,255,161
E9A6ED,255,153
E9A9C2,255,107
E9ADCB,254,45
E9ADE8,11,18
E9ADE8,255,144
E9AE94,254,28
E9AE9D,255,129
E9AF82,254,28
E9AF9C,254,28
E9B0BA,11,18
E9B0BA,255,182
E9B156,255,266
E9B173,11,14
E9B173,255,436
E9B17E,255,234
E9B275,11,36
E9B275,255,320
E9B2F8,254,20
E9B5B9,255,159
E9B695,255,100
E9B6AE,255,146
E9B6C4,11,12
E9B6C4,255,223
E9B76F,255,114
E9B77B,11,23
E9B77B,255,701
E9B8AF,254,29
E9B98A,11,14
E9B98A,255,220
E9B98D,11,2
E9B98D,255,197
E9B990,11,10
E9B990,255,193
E9B9AC,254,23
E9B9D1,255,325
E9BAA6,255,333
E9BBE3,255,89
E9BC3C,255,189
E9BC8E,254,15
E9BCAA,254,27
E9BCC4,255,163
E9BCE2,11,9
E9BCE2,255,121
E9BCE5,11,12
E9BCE5,255,255
E9BD6E,254,26
E9BEB8,255,306
E9C0C4,254,27
E9C0DE,255,111
E9C172,254,37
E9C195,255,147
E9C28F,255,99
E9C39D,255,161
E9C3BD,255,102
E9C5D4,255,305
E9C6A3,254,17
E9C6B4,254,41
E9C797,11,7
E9C797,255,55
E9C7AF,255,130
E9C896,254,28
E9C8B0,11,17
E9C8B0,255,90
E9C8CC,254,34
E9C8D0,254,23
E9C9F0,254,25
E9CA8C,255,148
E9CAC1,11,11
E9CAC1,255,162
E9CB75,255,115
E9CD92,254,11
E9CDD7,254,21
E9CEB8,11,19
E9CEB8,255,346
E9CEBC,255,148
E9CED2,11,15
E9CED2,255,122
E9CF8A,255,101
E9CFCB,255,217
E9CFCC,255,274
E9D08E,255,67
E9D0B6,255,114
E9D178,255,90
E9D29B,254,25
E9D375,255,76
E9D382,255,124
E9D480,255,108
E9D4B1,254,28
E9D780,255,82
E9D8CC,255,331
E9D8FA,255,430
E9D8FB,255,471
E9D99E,255,102
E9DA76,254,19
E9DC58,11,1
E9DC58,255,214
E9DC6A,254,26
E9DC9E,255,163
E9DCF9,11,7
E9DCF9,255,248
E9DDD1,255,81
E9DED0,255,723
E9DF6F,11,4
E9DF6F,255,87
E9E19B,254,10
E9E1B9,255,392
E9E1F6,255,67
E9E1FD,255,103
E9E287,254,18
E9E28D,11,1
E9E28D,255,102
E9E2A2,254,14
E9E2C5,254,23
E9E2F7,11,12
E9E2F7,255,129
E9E389,11,4
E9E389,255,215
E9E3A2,255,107
E9E4F5,255,128
E9E5C9,255,196
E9E671,255,100
E9E779,254,23
E9E7B0,255,92
E9E7C2,254,23
E9E86E,255,415
E9E879,255,136
E9ECB4,255,113
E9ECD3,255,113
E9ECDC,255,114
E9EDDF,11,7
E9EDDF,255,303
E9EFD5,255,123
E9F071,254,30
E9F0B0,11,10
E9F0B0,255,317
E9F0B3,255,107
E9F0D1,255,228
E9F0D4,0,1
E9F0D4,11,2
E9F0D4,255,154
E9F183,11,21
E9F183,255,242
E9F1A9,255,180
E9F289,255,310
E9F2DE,255,107
E9F37F,255,178
E9F3BD,254,28
E9F3C2,254,28
E9F493,255,131
E9F5B2,255,131
E9F8E8,255,302
E9FCE9,254,18
E9FE31,255,390
EA0BCF,255,114
EA0CE6,11,2
EA0CE6,255,81
EA0FE4,255,221
EA19A3,11,7
EA19A3,255,232
EA1C83,11,29
EA1C83,255,332
EA23C9,11,12
EA23C9,255,104
EA298A,11,2
EA298A,255,183
EA29C6,11,21
EA29C6,255,414
EA2A10,255,138
EA2C6F,254,6
EA2C6F,255,310
EA2C70,255,282
EA2D74,11,10
EA2D74,255,206
EA30FC,255,107
EA3350,255,429
EA34AF,255,231
EA34B0,255,376
EA3B05,11,38
EA3B05,255,222
EA3DF1,255,141
EA3EED,0,1
EA3EED,255,231
EA41E0,11,18
EA41E0,255,182
EA42C7,11,10
EA42C7,255,119
EA4446,11,38
EA4446,255,354
EA4876,255,137
EA499A,255,166
EA51E6,255,166
EA5213,11,7
EA5213,255,242
EA528B,255,80
EA5560,255,467
EA5783,11,8
EA5783,255,88
EA57D4,255,250
EA5D9B,255,375
EA5E61,255,240
EA6195,255,87
EA6569,254,19
EA6695,255,119
EA6872,11,10
EA6872,255,290
EA6899,11,9
EA6899,255,188
EA68CD,11,28
EA68CD,255,158
EA697F,254,19
EA69AB,11,3
EA69AB,255,106
EA69EB,255,343
EA6A4A,0,1
EA6A4A,11,19
EA6A4A,255,128
EA6AD3,255,442
EA6AE9,255,237
EA6C70,254,25
EA6D6A,255,133
EA6E66,255,108
EA6EAC,0,1
EA6EAC,11,4
EA6EAC,255,136
EA6F9D,11,15
EA6F9D,255,121
EA7237,11,15
EA7237,255,172
EA72B2,254,15
EA74B6,255,109
EA7692,255,88
EA77E7,254,23
EA77F8,255,85
EA77FB,254,20
EA7972,254,37
EA79C7,255,128
EA79D5,255,111
EA7A76,255,123
EA7A96,255,173
EA7C6C,255,156
EA7CA0,255,264
EA7D79,254,21
EA7D92,254,32
EA7FB8,254,24
EA7FDE,255,81
EA7FF6,255,95
EA80ED,255,169
EA8181,11,29
EA8181,255,233
EA81D9,11,1
EA81D9,255,186
EA81FA,254,1
EA81FA,255,102
EA82D1,11,22
EA82D1,255,275
EA83E0,11,1
EA83E0,255,194
EA846F,255,128
EA8582,11,28
EA8582,255,271
EA85A5,255,344
EA85FD,255,109
EA88A5,255,205
EA899F,255,116
EA8A94,11,7
EA8A94,255,129
EA8AF1,255,102
EA8CEA,255,85
EA8DCE,254,28
EA8DD1,255,310
EA8DE2,255,61
EA8E36,11,33
EA8E36,255,373
EA8EBF,11,4
EA8EBF,255,66
EA8FB6,255,116
EA8FB7,255,139
EA90BD,255,121
EA9198,254,21
EA91B6,255,156
EA91B7,255,84
EA91D3,254,27
EA91D9,255,185
EA91DA,11,7
EA91DA,255,201
EA91EC,11,5
EA91EC,255,272
EA92C8,11,24
EA92C8,255,198
EA9356,11,6
EA9356,255,215
EA9357,255,385
EA93E2,255,171
EA94A8,255,137
EA95D8,254,24
EA969D,11,27
EA969D,255,206
EA9772,255,1111
EA97E8,254,13
EA97F7,255,146
EA97FE,255,191
EA9874,255,253
EA988A,255,78
EA9965,255,105
EA9971,255,128
EA99FC,255,193
EA99FD,11,5
EA99FD,255,191
EA9A75,255,131
EA9A8B,255,147
EA9AB9,0,1
EA9AB9,11,6
EA9AB9,255,146
EA9AC9,255,105
EA9B75,11,2
EA9B75,255,153
EA9E57,11,11
EA9E57,255,504
EA9EA1,255,162
EA9ECE,254,32
EA9EEE,254,2
EA9EEE,255,117
EA9F2E,255,377
EA9FBF,255,136
EA9FE8,254,34
EA9FF4,255,224
EAA072,255,180
EAA0B8,254,15
EAA0DF,255,123
EAA0EB,11,10
EAA0EB,255,217
EAA176,255,313
EAA177,255,273
EAA4B1,255,35
EAA756,11,4
EAA756,255,435
EAA7A3,254,21
EAA869,254,25
EAA8CC,255,109
EAA8E2,255,87
EAA995,11,14
EAA995,255,121
EAABB1,11,51
EAABB1,255,668
EAAC4F,11,23
EAAC4F,255,177
EAAC9B,255,163
EAACA7,255,124
EAADA0,254,24
EAADD4,255,86
EAAE55,255,361
EAAE89,255,190
EAAEDE,255,121
EAB075,255,81
EAB2A2,11,13
EAB2A2,255,71
EAB4C1,255,245
EAB4D3,11,14
EAB4D3,255,88
EAB693,254,19
EAB6DF,255,201
EAB7E8,11,9
EAB7E8,255,87
EAB892,11,7
EAB892,255,345
EAB897,255,121
EABA7D,254,23
EABA95,11,14
EABA95,255,210
EABA96,254,14
EABAC3,254,26
EABCBF,254,26
EABCF6,255,118
EABDC5,254,38
EABE75,11,2
EABE75,255,199
EABECE,11,24
EABECE,255,102
EAC167,254,33
EAC285,254,23
EAC37D,255,113
EAC380,255,125
EAC38D,254,27
EAC4E8,11,6
EAC4E8,255,104
EAC58F,11,7
EAC58F,255,191
EAC59B,11,26
EAC59B,255,534
EAC5B2,255,56
EAC7B0,255,98
EAC96D,254,32
EACAB9,255,244
EACB6F,255,149
EACC90,254,23
EACCE2,254,30
EACE30,11,9
EACE30,255,273
EACE6F,255,200
EACEFB,11,3
EACEFB,255,214
EAD1A6,255,85
EAD2EC,254,23
EAD3E5,254,19
EAD3E6,255,115
EAD3F5,255,95
EAD4EA,255,157
EAD58B,254,27
EAD5F9,255,171
EAD63C,255,356
EAD6F6,254,17
EAD837,11,3
EAD837,255,95
EAD8DF,11,16
EAD8DF,254,1
EAD8DF,255,207
EAD8F2,255,96
EAD991,255,86
EAD9A5,255,92
EADA71,254,23
EADAA7,11,22
EADAA7,255,350
EADCE9,255,416
EADD6B,255,448
EADEC2,255,153
EADEC6,255,126
EAE1C1,254,23
EAE395,255,179
EAE3B9,11,12
EAE3B9,255,138
EAE590,254,24
EAE676,11,3
EAE676,255,140
EAE6CF,11,2
EAE6CF,255,155
EAE7C6,11,5
EAE7C6,255,460
EAE8E3,255,194
EAE9AA,255,184
EAE9D2,255,452
EAEA8D,254,19
EAEC71,11,19
EAEC71,255,136
EAEE8D,255,257
EAEE9A,255,127
EAEEB8,255,111
EAEEC7,254,14
EAEFDC,255,157
EAF166,255,124
EAF2A9,255,89
EAF2E7,254,29
EAF4B5,255,165
EAF567,255,124
EAF577,255,275
EAF5BA,255,99
EAF5EB,254,23
EAF6AC,254,18
EAF7CC,11,4
EAF7CC,255,231
EAF7F3,11,6
EAF7F3,255,96
EAF873,254,29
EAF879,255,109
EAF98F,254,1
EAFCFD,255,118
EAFDA4,255,138
EAFDD4,254,24
EAFE3D,255,119
EAFE85,255,142
EAFEE6,254,21
EB02CC,255,287
EB04B6,11,4
EB04B6,255,314
EB05DD,255,317
EB0994,255,109
EB10D3,1,1
EB10D3,11,8
EB10D3,255,121
EB10D6,11,6
EB10D6,255,449
EB10D7,0,1
EB10D7,11,7
EB10D7,255,775
EB11E5,255,139
EB1290,254,12
EB1BCA,11,19
EB1BCA,255,200
EB1C2C,255,556
EB1C5C,11,22
EB1C5C,255,655
EB1C70,255,88
EB1D95,255,410
EB1DE6,11,23
EB1DE6,255,205
EB1F07,255,294
EB2462,255,414
EB296E,255,447
EB2981,11,9
EB2981,255,235
EB2D36,255,216
EB2D37,11,5
EB2D37,255,247
EB2F68,11,4
EB2F68,255,199
EB2FAB,255,153
EB30BE,254,18
EB33D3,255,93
EB3783,255,140
EB37CA,11,3
EB37CA,255,201
EB39D7,255,256
EB4079,255,293
EB4094,254,22
EB44DA,255,89
EB4719,11,9
EB4719,255,277
EB471A,255,281
EB4921,255,134
EB4AA4,11,16
EB4AA4,255,229
EB4C6A,255,141
EB4D9E,255,111
EB4DB3,255,240
EB4DC8,255,151
EB4F71,255,350
EB5409,255,341
EB54A8,11,27
EB54A8,255,902
EB5585,255,278
EB5CD0,255,80
EB5DDF,11,3
EB5DDF,255,95
EB5EC6,255,101
EB6393,255,66
EB657E,255,229
EB6580,255,299
EB65A7,11,16
EB65A7,255,80
EB65C1,255,92
EB65CF,254,20
EB66CD,255,113
EB67C5,255,267
EB697F,254,22
EB6B65,254,32
EB6BB2,11,50
EB6BB2,255,367
EB6CB2,254,28
EB6D9B,11,12
EB6D9B,255,76
EB6E31,11,10
EB6E31,255,342
EB6F2B,255,268
EB6F64,254,23
EB6F7A,255,154
EB70A7,255,83
EB70DD,11,24
EB70DD,255,122
EB737C,255,66
EB7496,254,21
EB749E,255,136
EB74E1,255,187
EB76D8,254,22
EB795D,255,207
EB795E,255,200
EB796B,255,90
EB7982,255,124
EB79DB,254,26
EB7A70,254,25
EB7ABD,255,93
EB7C7E,255,149
EB7CD4,254,27
EB7DB2,11,1
EB7DB2,255,99
EB7E72,254,30
EB7F6F,255,227
EB7FAF,11,11
EB7FAF,255,115
EB828C,255,115
EB8570,254,14
EB8570,255,122
EB859B,255,244
EB85E0,255,183
EB86AF,254,22
EB86F8,254,32
EB889B,254,19
EB88AE,255,304
EB89C4,11,6
EB89C4,255,202
EB89DC,11,19
EB89DC,255,200
EB8AF2,11,9
EB8AF2,255,177
EB8BF0,255,145
EB8C1B,11,8
EB8C1B,255,328
EB8CDD,254,34
EB8D78,254,25
EB8DBB,11,7
EB8DBB,255,290
EB8DDD,11,37
EB8DDD,255,446
EB8F73,11,31
EB8F73,255,207
EB8F74,255,362
EB8FE3,255,119
EB90AB,255,330
EB9173,255,298
EB91D3,255,111
EB923D,11,6
EB923D,255,152
EB923E,255,333
EB9274,255,132
EB93AC,255,291
EB94F5,11,4
EB94F5,255,132
EB9575,255,273
EB95D1,255,134
EB97CF,254,23
EB9832,255,210
EB987C,255,302
EB98F6,255,89
EB999A,255,107
EB9AB0,255,123
EB9B6D,254,24
EB9BCE,255,102
EB9D9B,255,367
EB9EE5,11,16
EB9EE5,255,231
EB9F56,255,237
EB9FBE,254,21
EBA071,255,134
EBA0C9,255,209
EBA197,254,21
EBA1BC,255,110
EBA4B2,11,2
EBA4B2,255,457
EBA4BC,11,12
EBA4BC,255,104
EBA4E2,11,12
EBA4E2,255,222
EBA4E8,255,74
EBA5BD,11,21
EBA5BD,255,617
EBA7E2,254,22
EBA882,254,22
EBA886,254,18
EBA89D,255,156
EBAAB9,255,167
EBAB86,255,113
EBAB9F,254,8
EBAC88,11,6
EBAC88,255,318
EBACA7,255,96
EBACDB,254,25
EBAE68,11,4
EBAE68,255,105
EBAE7E,11,28
EBAE7E,255,161
EBAEE8,255,284
EBAF7E,254,17
EBAF83,254,26
EBAF88,2,1
EBAF88,11,26
EBAF88,255,74
EBAF9F,11,7
EBAF9F,255,193
EBB0F4,255,105
EBB16D,255,194
EBB2F6,255,162
EBB380,254,12
EBB4F6,255,93
EBB4FE,255,261
EBB6AA,255,70
EBB8B0,255,113
EBB8B8,11,12
EBB8B8,255,113
EBB96E,254,23
EBBA9D,11,6
EBBA9D,255,87
EBBD6F,255,258
EBBDCE,255,129
EBBE27,255,261
EBBEDA,255,70
EBBEEC,11,1
EBBEEC,255,150
EBC088,254,26
EBC092,255,274
EBC166,255,122
EBC176,255,267
EBC3C8,11,21
EBC3C8,255,138
EBC4AC,11,8
EBC4AC,255,99
EBC4BE,255,85
EBC4C3,254,21
EBC4CD,255,90
EBC4E6,255,186
EBC594,254,28
EBC5B4,255,91
EBC6EE,254,22
EBC882,254,19
EBC9B0,254,24
EBCCD6,254,25
EBCDEC,11,1
EBCDEC,255,107
EBCFB9,255,103
EBD08A,254,22
EBD17B,254,32
EBD19F,11,10
EBD19F,255,107
EBD29C,254,19
EBD2E0,255,87
EBD376,255,93
EBD7ED,255,102
EBD864,255,136
EBD9CB,255,186
EBDB2E,255,155
EBDB99,11,12
EBDB99,255,675
EBDC66,254,30
EBDCE5,255,85
EBDDA1,255,200
EBDEEE,255,215
EBDF65,255,94
EBDF83,255,203
EBDFD7,254,25
EBE07E,11,17
EBE07E,255,120
EBE0A6,255,107
EBE199,255,129
EBE2A7,255,128
EBE39E,255,120
EBE3D5,11,15
EBE3D5,255,356
EBE4E2,255,179
EBE5A6,11,20
EBE5A6,255,80
EBE6D0,255,383
EBE794,11,3
EBE794,255,326
EBE8AD,255,118
EBE8EC,254,22
EBE9DD,255,172
EBEA03,11,18
EBEA03,255,321
EBEA88,11,17
EBEA88,255,205
EBEAF4,255,284
EBEB7D,11,9
EBEB7D,255,116
EBEBB2,11,14
EBEBB2,255,86
EBECD8,255,109
EBECFA,254,26
EBEDAE,255,130
EBEE73,11,7
EBEE73,255,111
EBEE7F,255,99
EBEEC6,11,7
EBEEC6,255,90
EBEFE7,11,26
EBEFE7,255,205
EBF174,255,99
EBF2F5,255,66
EBF2F8,255,78
EBF4E6,255,220
EBF5EC,11,7
EBF5EC,255,132
EBF7B6,255,191
EBF987,11,8
EBF987,255,75
EBFB79,255,119
EBFBF9,255,271
EBFC87,255,77
EBFC8A,255,152
EBFCFC,255,90
EBFD6A,255,144
EBFD7A,11,6
EBFD7A,255,159
EBFD81,11,14
EBFD81,255,273
EBFDBE,11,6
EBFDBE,255,93
EBFEE9,255,120
EBFF9A,255,374
EC009B,255,788
EC026A,255,114
EC049B,255,135
EC0AE1,254,23
EC0C3A,11,5
EC0C3A,255,245
EC0DFD,11,21
EC0DFD,255,92
EC0E6D,255,128
EC0E7B,255,224
EC0E7F,11,8
EC0E7F,255,268
EC0FD8,11,4
EC0FD8,255,460
EC11CE,255,279
EC130F,255,332
EC189F,255,115
EC19A0,255,277
EC1BAD,255,111
EC1D79,254,30
EC1EBD,255,81
EC1F30,11,3
EC1F30,255,308
EC250D,11,14
EC250D,255,25
EC274A,11,18
EC274A,255,407
EC278A,11,13
EC278A,255,132
EC27A4,255,119
EC2882,254,17
EC2CC6,255,78
EC2D39,11,31
EC2D39,255,383
EC2D64,255,135
EC2FF2,255,254
EC31A7,254,31
EC31FC,11,32
EC31FC,255,228
EC37C9,255,122
EC386B,255,132
EC3931,11,12
EC3931,255,390
EC3A7F,255,127
EC3BA3,255,255
EC3C89,11,23
EC3C89,255,541
EC4368,255,102
EC4627,255,229
EC4628,11,7
EC4628,255,330
EC4733,11,5
EC4733,255,487
EC4B85,11,7
EC4B85,255,119
EC4BC8,11,16
EC4BC8,255,325
EC4DC2,11,2
EC4DC2,255,121
EC4DFD,11,10
EC4DFD,255,91
EC4EDC,255,102
EC54AB,255,211
EC56F3,255,377
EC5899,255,249
EC58CE,254,1
EC58CE,255,91
EC5BA5,255,116
EC5F47,255,331
EC60B5,255,201
EC60BB,11,1
EC60BB,255,127
EC6246,11,12
EC6246,255,439
EC646F,255,271
EC6472,255,263
EC64CF,255,376
EC65B1,255,71
EC667C,255,102
EC66D9,255,151
EC66FB,11,3
EC66FB,255,173
EC673C,255,489
EC67B9,11,7
EC67B9,255,91
EC687D,254,32
EC6982,255,277
EC6984,11,40
EC6984,255,202
EC69DC,255,125
EC6A94,254,24
EC6A9F,255,90
EC6AF9,11,14
EC6AF9,255,194
EC6B9A,255,92
EC6BB1,255,441
EC6BE7,11,12
EC6BE7,255,63
EC6DEA,255,118
EC6FB4,11,13
EC6FB4,255,170
EC6FD9,11,5
EC6FD9,255,65
EC706E,255,90
EC71A6,254,20
EC7296,255,106
EC72A3,255,705
EC7367,255,31
EC736F,11,1
EC736F,255,168
EC73C2,255,132
EC73FE,255,171
EC7472,254,31
EC74FE,0,1
EC74FE,11,10
EC74FE,255,125
EC76EE,255,66
EC77EA,255,112
EC78A1,11,17
EC78A1,255,187
EC78CE,254,27
EC78F4,254,22
EC78F9,254,29
EC7996,11,24
EC7996,255,429
EC79ED,11,10
EC79ED,255,271
EC7AF7,255,81
EC7B94,255,154
EC7BC9,255,87
EC7BDF,254,25
EC7DAC,255,305
EC7EED,11,7
EC7EED,255,432
EC81FD,255,125
EC82C5,0,1
EC82C5,11,3
EC82C5,255,172
EC8383,255,137
EC83AE,254,40
EC859B,255,132
EC87BA,255,120
EC87F4,11,10
EC87F4,255,255
EC88A9,11,17
EC88A9,255,139
EC8919,11,41
EC8919,255,492
EC89EC,255,137
EC8B8C,254,23
EC8BD8,254,24
EC8C96,255,77
EC8D8C,11,6
EC8D8C,254,1
EC8D8C,255,261
EC8D8D,255,262
EC8DAC,254,23
EC8EC0,254,29
EC8F64,255,141
EC8F6F,11,5
EC8F6F,255,63
EC8F9C,255,75
EC9085,255,146
EC9181,255,99
EC9465,255,127
EC95DF,254,9
EC95DF,255,212
EC9675,255,115
EC96DA,254,31
EC98CB,11,9
EC98CB,255,155
EC998C,11,8
EC998C,255,218
EC99A6,254,23
EC99AB,11,10
EC99AB,255,118
EC9A84,11,5
EC9A84,255,135
EC9A93,255,95
EC9BEA,255,260
EC9D70,11,10
EC9D70,255,163
EC9E7F,254,22
EC9EE9,255,86
ECA30B,11,11
ECA30B,255,210
ECA3C7,11,6
ECA3C7,255,302
ECA493,11,8
ECA493,255,126
ECA4DC,254,24
ECA681,254,22
ECA6DA,255,329
ECA885,255,99
ECA8B0,255,146
ECA9A5,254,24
ECA9D3,255,101
ECAA65,11,12
ECAA65,255,154
ECAAA5,255,72
ECAAF2,255,94
ECAB75,254,13
ECABD2,255,129
ECACEE,11,2
ECACEE,255,136
ECAD79,255,116
ECAEA7,255,137
ECAED1,255,110
ECAFA6,255,340
ECB0CF,254,22
ECB0FD,255,147
ECB2C8,254,21
ECB37D,255,305
ECB573,255,91
ECB5A3,11,7
ECB5A3,255,32
ECB681,11,10
ECB681,255,115
ECB6A4,255,78
ECB6D6,255,129
ECB76F,255,253
ECB7E0,254,29
ECB8A0,255,116
ECB8B6,254,27
ECB8D2,11,12
ECB8D2,255,99
ECBB6E,11,9
ECBB6E,255,145
ECBB72,255,86
ECBB7A,255,93
ECBBF9,255,285
ECBC7B,254,24
ECBDB0,11,9
ECBDB0,255,145
ECBF7E,254,20
ECC076,255,78
ECC0B6,11,1
ECC0B6,255,293
ECC216,255,312
ECC2FC,11,7
ECC2FC,255,119
ECC38E,255,199
ECC3C0,254,27
ECC4AD,255,188
ECC4B4,254,27
ECC5BD,11,33
ECC5BD,255,217
ECC797,255,126
ECC7B5,255,125
ECCA96,254,24
ECCABD,11,16
ECCABD,255,326
ECCBB1,255,262
ECCC8C,255,132
ECCCAB,255,110
ECCCDA,255,208
ECCCE0,254,24
ECCDC5,11,18
ECCDC5,255,169
ECCDE8,255,64
ECCEC8,255,80
ECCF74,255,119
ECCF83,255,171
ECD0F9,255,167
ECD13A,11,14
ECD13A,255,323
ECD2A4,255,108
ECD352,255,312
ECD4D0,255,261
ECD4F8,255,135
ECD502,255,369
ECD5D0,255,358
ECD693,254,22
ECD76C,255,64
ECD7B1,255,139
ECD7BB,255,167
ECD888,255,156
ECD9D8,255,102
ECDA7D,255,151
ECDABD,255,55
ECDBE9,254,28
ECDC99,255,104
ECDEA6,255,254
ECDEF5,255,168
ECDF7C,11,14
ECDF7C,255,147
ECE18E,255,70
ECE1E6,11,7
ECE1E6,255,189
ECE29C,254,16
ECE2A6,254,17
ECE2C0,255,117
ECE2E3,254,16
ECE6C9,255,145
ECE8EB,255,112
ECE8EE,255,89
ECEA7A,11,10
ECEA7A,255,91
ECEA8D,255,223
ECEAF5,255,159
ECEC86,11,8
ECEC86,255,109
ECECEA,11,9
ECECEA,255,109
ECED8F,255,119
ECF0A2,255,98
ECF0B9,255,99
ECF171,255,74
ECF2B4,254,28
ECF4C5,255,106
ECF5A7,11,12
ECF5A7,255,117
ECF68C,254,30
ECF6A9,255,191
ECF764,254,36
ECF8F7,255,58
ECF987,254,24
ECF989,255,177
ECF99D,11,16
ECF99D,255,100
ECFA85,255,168
ECFB68,255,118
ECFBB1,255,63
ECFDBA,255,197
ECFDFA,254,29
ECFE66,255,142
ED0A5A,11,32
ED0A5A,255,353
ED0BAE,254,4
ED0BAE,255,40
ED0BE7,11,14
ED0BE7,255,112
ED0C74,255,85
ED10AD,255,243
ED10BE,11,7
ED10BE,255,348
ED10F6,255,96
ED113D,11,8
ED113D,255,224
ED1172,254,25
ED17AD,255,170
ED17EC,255,107
ED1B8F,255,193
ED1DC3,11,3
ED1DC3,255,126
ED2181,255,77
ED21DF,254,23
ED26C9,11,16
ED26C9,255,124
ED312F,11,9
ED312F,254,6
ED312F,255,228
ED3130,255,211
ED3155,255,250
ED34C4,11,14
ED34C4,255,124
ED37B5,255,328
ED3A54,255,205
ED3C67,254,6
ED3DBF,2,2
ED3DBF,11,29
ED3DBF,255,119
ED3E63,255,149
ED3FAD,255,104
ED41BA,11,1
ED41BA,255,128
ED42C1,254,24
ED43D4,254,27
ED480F,255,387
ED4B47,11,10
ED4B47,255,418
ED4F75,11,19
ED4F75,255,267
ED4FF5,255,118
ED50C4,254,11
ED5967,0,1
ED5967,11,19
ED5967,255,63
ED5968,11,22
ED5968,255,384
ED596C,255,116
ED5DB2,11,4
ED5DB2,255,141
ED5EA9,11,12
ED5EA9,255,92
ED612F,255,164
ED65B4,11,10
ED65B4,255,392
ED68B0,255,373
ED68F8,255,103
ED6985,2,1
ED6985,11,19
ED6985,255,90
ED69A3,11,18
ED69A3,255,437
ED69FB,254,33
ED6CC2,11,8
ED6CC2,255,219
ED6D92,254,24
ED6DE4,11,10
ED6DE4,255,545
ED6FD7,254,30
ED71AA,254,21
ED7381,255,133
ED73A3,255,146
ED73B1,255,87
ED7469,254,36
ED7470,11,12
ED7470,255,148
ED7698,254,41
ED76A4,254,26
ED76E3,255,274
ED779E,255,128
ED77B8,11,6
ED77B8,255,116
ED78DB,255,252
ED799D,11,7
ED799D,255,79
ED7A0D,11,10
ED7A0D,255,361
ED7ACB,11,4
ED7ACB,255,154
ED7AEF,11,10
ED7AEF,255,95
ED7B79,254,29
ED7C8E,11,14
ED7C8E,255,107
ED7CB5,255,100
ED7CCC,11,7
ED7CCC,255,98
ED7CD5,255,104
ED7D75,254,27
ED7DF5,255,94
ED7F7D,254,27
ED7FA8,255,146
ED7FD5,255,428
ED7FF3,255,104
ED8058,255,301
ED80D9,255,76
ED80F9,254,28
ED818B,11,21
ED818B,255,459
ED81AC,254,27
ED81B9,11,10
ED81B9,255,304
ED83AF,255,79
ED84B4,254,31
ED856C,255,114
ED859E,254,34
ED85A9,254,22
ED86AF,254,23
ED8772,255,245
ED887F,11,16
ED887F,255,285
ED89AB,255,139
ED89B7,255,133
ED89C3,255,89
ED8AA1,11,9
ED8AA1,255,113
ED8AFC,255,153
ED8BBB,11,7
ED8BBB,255,166
ED8BC1,255,137
ED8BE6,255,200
ED8D3F,255,184
ED8D40,255,344
ED8DB6,255,102
ED8EE6,255,152
ED8F88,255,209
ED90AA,255,97
ED90C8,11,7
ED90C8,255,97
ED91C0,11,7
ED91C0,255,110
ED91EF,255,151
ED9290,255,140
ED9291,255,104
ED92AE,255,104
ED92DD,11,9
ED92DD,255,183
ED937B,255,138
ED949D,255,138
ED94D9,11,8
ED94D9,255,114
ED94E3,11,2
ED94E3,255,257
ED94E6,255,191
ED9581,255,201
ED9693,255,316
ED96E8,255,306
ED996F,255,57
ED99C1,255,441
ED9A48,255,410
ED9A68,11,2
ED9A68,255,186
ED9D36,254,1
ED9D36,255,244
ED9D37,255,389
ED9ECA,255,386
ED9ED6,255,94
ED9EF5,11,5
ED9EF5,255,83
EDA088,11,24
EDA088,255,175
EDA2B1,11,9
EDA2B1,255,330
EDA2CA,255,251
EDA2E2,255,129
EDA3C5,255,105
EDA4D5,254,31
EDA4E1,255,80
EDA4FD,254,24
EDA5EC,254,27
EDA642,255,261
EDA6D8,11,24
EDA6D8,255,243
EDA6D9,11,11
EDA6D9,255,390
EDA6E6,255,78
EDA7F3,11,19
EDA7F3,255,222
EDA7F4,255,145
EDA868,255,113
EDA8F1,254,23
EDA96F,254,20
EDA9ED,254,24
EDAA87,255,104
EDAAA1,254,21
EDAB6C,254,22
EDABBA,255,139
EDAC94,255,162
EDACDC,255,511
EDAD9D,255,132
EDADCA,254,23
EDAF6E,254,27
EDAFBF,254,12
EDB07B,255,104
EDB0C3,254,21
EDB185,255,32
EDB29E,255,106
EDB371,254,25
EDB48C,254,29
EDB4B7,254,25
EDB4FD,255,326
EDB566,255,285
EDB56F,11,12
EDB56F,255,81
EDB572,11,13
EDB572,255,113
EDB579,255,77
EDB5B9,255,96
EDB5D2,254,28
EDB5D4,255,96
EDB67F,255,144
EDB682,255,276
EDB69A,255,143
EDB7E1,255,61
EDB86F,255,72
EDB98B,255,893
EDBA60,0,1
EDBA60,11,29
EDBA60,255,414
EDBA73,255,125
EDBB81,11,6
EDBB81,255,127
EDBB86,255,207
EDBB8A,254,21
EDBC6C,255,245
EDBC9E,255,50
EDBDA0,254,29
EDBEBF,254,17
EDBFCA,11,27
EDBFCA,255,301
EDC097,255,127
EDC112,11,22
EDC112,255,211
EDC1FC,255,98
EDC27A,255,234
EDC3C0,255,280
EDC3C5,255,185
EDC56B,255,160
EDC78D,254,27
EDC7DD,254,19
EDC7E1,255,175
EDC7E4,254,41
EDC88E,255,94
EDC8C1,255,148
EDCABD,255,31
EDCAC9,254,20
EDCAE4,254,26
EDCCAB,255,94
EDCCB8,255,143
EDCCE2,255,124
EDCDA6,255,130
EDCEA9,254,24
EDCF84,254,29
EDCFB5,254,27
EDCFF3,254,24
EDD0F6,255,102
EDD2EC,255,172
EDD37F,255,106
EDD3AA,255,136
EDD4DF,255,134
EDD5F5,255,56
EDD676,255,115
EDD76E,255,277
EDD77A,255,70
EDD7BD,255,101
EDD9CB,254,23
EDDABA,11,6
EDDABA,254,1
EDDABA,255,226
EDDB70,254,23
EDDCF9,255,125
EDDDF0,255,116
EDDEB8,255,87
EDDF64,11,3
EDDF64,255,115
EDE1B6,255,105
EDE1F2,255,219
EDE2BA,255,118
EDE2D9,254,29
EDE372,11,24
EDE372,255,354
EDE3A1,255,100
EDE5F9,11,4
EDE5F9,255,302
EDE739,255,240
EDEA7C,254,13
EDEAD3,254,28
EDEB89,255,78
EDEBA9,11,27
EDEBA9,255,273
EDECE8,11,5
EDECE8,255,450
EDECEA,255,127
EDEDD1,255,82
EDEE68,255,90
EDEEAF,255,144
EDEF77,255,320
EDF09B,254,23
EDF0AA,254,27
EDF0FE,255,88
EDF1BA,255,352
EDF1DE,254,28
EDF1E6,11,3
EDF1E6,255,231
EDF36F,255,333
EDF3A9,255,94
EDF47C,254,21
EDF48C,11,25
EDF48C,255,114
EDF6C0,255,103
EDF79C,255,83
EDF98F,254,30
EDF9AC,254,26
EDF9D7,255,55
EDFAAB,254,33
EDFCCC,11,14
EDFCCC,255,144
EDFCE8,255,97
EDFCF4,255,101
EDFE80,255,260
EE0187,11,23
EE0187,255,230
EE0677,255,139
EE0989,11,6
EE0989,255,100
EE09C2,11,1
EE09C2,255,267
EE0D98,254,31
EE0ECC,11,8
EE0ECC,255,136
EE10B8,255,74
EE14C8,254,28
EE1520,255,365
EE1572,11,2
EE1572,255,121
EE15B2,11,19
EE15B2,255,283
EE1ABB,255,109
EE1E69,11,2
EE1E69,255,133
EE21BE,255,347
EE225F,11,13
EE225F,255,324
EE2AB3,255,216
EE2D68,254,32
EE3169,254,23
EE348F,255,173
EE3610,11,10
EE3610,255,395
EE3D11,255,230
EE46ED,255,314
EE49A8,254,11
EE5011,11,19
EE5011,255,301
EE528C,255,62
EE54E2,255,227
EE59BE,11,15
EE59BE,255,549
EE5BCB,11,15
EE5BCB,255,363
EE5E7F,255,265
EE5FDC,11,24
EE5FDC,255,583
EE62B9,255,654
EE64A1,255,121
EE67BF,255,69
EE67D4,254,16
EE67F6,254,31
EE6888,254,30
EE6969,255,113
EE6984,255,122
EE69A5,11,5
EE69A5,255,248
EE69DB,255,107
EE69F7,255,131
EE6B96,255,118
EE6C7B,255,111
EE6CEF,255,100
EE6EFE,255,144
EE6FA1,254,21
EE6FD5,11,5
EE6FD5,255,121
EE717A,255,231
EE725B,255,570
EE737C,11,25
EE737C,255,163
EE7475,254,11
EE7566,255,94
EE7578,255,80
EE7596,255,173
EE75B0,255,69
EE75EA,254,27
EE7679,255,283
EE76AC,255,94
EE7785,255,112
EE78C1,254,24
EE79E4,11,2
EE79E4,255,201
EE79FA,254,37
EE7A00,11,13
EE7A00,255,540
EE7AA6,255,134
EE7C70,255,86
EE7C77,254,25
EE7CEB,11,5
EE7CEB,255,259
EE7DA3,255,125
EE7DA8,254,21
EE7E88,254,23
EE7EB3,11,9
EE7EB3,255,377
EE7ECD,255,81
EE80B4,255,442
EE8173,255,138
EE81B9,254,30
EE83DB,255,80
EE86D5,254,8
EE8764,255,116
EE87A4,254,28
EE88CF,254,34
EE8986,11,8
EE8986,255,209
EE8AE7,255,230
EE8BC2,255,68
EE8BDF,11,6
EE8BDF,255,80
EE8C0C,255,335
EE8E65,255,234
EE8E66,255,381
EE8E6F,255,106
EE8EBA,254,29
EE8ECA,254,27
EE9068,255,78
EE9230,11,11
EE9230,255,481
EE92F8,0,1
EE92F8,11,5
EE92F8,255,49
EE9399,255,101
EE94E4,255,175
EE94F4,254,25
EE9565,255,450
EE95CA,255,163
EE95EC,254,25
EE9688,255,113
EE969D,255,208
EE98A6,255,101
EE99B3,255,117
EE9A8E,255,123
EE9B86,255,250
EE9C81,254,35
EE9CC3,255,263
EE9CDC,255,107
EE9ECE,254,13
EE9F97,255,172
EE9F9A,254,26
EEA01A,255,112
EEA1BF,255,206
EEA1CE,255,111
EEA1E6,11,2
EEA1E6,255,178
EEA245,255,289
EEA368,254,30
EEA3E3,255,104
EEA491,255,470
EEA4BB,254,18
EEA4C6,254,18
EEA4C9,11,18
EEA4C9,255,197
EEA575,255,94
EEA577,254,36
EEA5EB,255,90
EEA6E9,255,113
EEA6F4,255,289
EEA977,0,1
EEA977,11,23
EEA977,255,413
EEA99C,255,116
EEA9BE,254,26
EEA9DD,255,425
EEAA87,255,311
EEAAA3,254,26
EEAAB2,255,116
EEAC9F,255,56
EEACF9,11,3
EEACF9,255,105
EEAD70,255,130
EEAEB1,255,79
EEAF67,255,490
EEAF8F,11,14
EEAF8F,255,119
EEAFA7,255,347
EEB089,255,118
EEB0E1,254,36
EEB1B0,255,447
EEB3CE,255,125
EEB3F5,255,140
EEB5B5,254,25
EEB5F3,11,4
EEB5F3,255,139
EEB7A5,255,178
EEB89F,254,16
EEB8AE,254,17
EEB8D9,254,24
EEB9BB,11,4
EEB9BB,255,174
EEB9D2,255,175
EEBAF4,255,121
EEBB7A,255,197
EEBBE3,255,129
EEBD74,254,22
EEBD98,255,124
EEBD9B,254,26
EEBEA6,254,30
EEBEA9,254,19
EEC2C0,255,82
EEC476,254,10
EEC57C,254,24
EEC5F9,11,19
EEC5F9,255,110
EEC68B,254,22
EEC6F9,254,22
EEC85C,11,2
EEC85C,255,191
EEC88D,255,271
EEC8D7,11,10
EEC8D7,255,100
EEC974,255,236
EECACF,255,335
EECAF4,255,267
EECC64,254,19
EECC96,254,28
EECD8F,255,116
EECDED,11,7
EECDED,255,59
EECEEF,11,3
EECEEF,255,107
EECF75,255,107
EECFAE,255,146
EECFE8,255,137
EED1D7,255,111
EED23C,255,462
EED2A4,255,148
EED2DF,254,18
EED2F6,255,126
EED63C,11,3
EED63C,255,264
EED695,255,145
EED871,254,16
EED88E,254,29
EED8FD,254,26
EED9AE,255,103
EED9EE,254,37
EEDBC8,255,172
EEDBEE,255,116
EEDC8D,255,132
EEDD91,255,85
EEDDAC,11,17
EEDDAC,255,171
EEDE94,255,123
EEDEB2,254,19
EEDED9,255,556
EEDEDA,11,18
EEDEDA,255,797
EEDEF3,11,10
EEDEF3,255,176
EEDFF1,254,27
EEE19E,254,19
EEE350,255,223
EEE3C5,255,106
EEE3CE,255,121
EEE3D3,11,1
EEE3D3,255,252
EEE470,255,110
EEE475,11,9
EEE475,255,337
EEE4BE,11,9
EEE4BE,255,142
EEE573,11,3
EEE573,255,255
EEE595,255,119
EEE88C,255,380
EEEACE,255,120
EEEBCE,255,103
EEEC37,255,423
EEEC97,254,25
EEECA9,254,38
EEED85,254,42
EEEDF7,255,106
EEEDFB,254,33
EEEEF5,255,90
EEEFE4,11,14
EEEFE4,255,128
EEF01B,11,40
EEF01B,255,407
EEF287,254,25
EEF2C1,254,18
EEF47A,255,120
EEF529,255,414
EEF57A,255,200
EEF679,254,25
EEF7C3,255,105
EEF8E8,255,67
EEF98F,254,1
EEF9F6,255,158
EEFC75,254,31
EEFCE5,255,161
EEFDBC,255,163
EEFE9A,255,89
EF027C,255,366
EF04F9,11,16
EF04F9,255,114
EF0B70,255,267
EF11FB,255,329
EF1328,255,724
EF1730,11,8
EF1730,255,321
EF17D7,255,169
EF18F2,11,16
EF18F2,255,306
EF1929,255,355
EF1D9A,255,406
EF1F5B,255,307
EF236B,255,94
EF23BD,255,216
EF2460,11,15
EF2460,255,400
EF2586,255,131
EF266A,255,320
EF271D,11,33
EF271D,255,376
EF2C62,11,28
EF2C62,255,431
EF2CE9,254,16
EF32BA,255,118
EF32EE,255,101
EF3CF7,255,296
EF3E7A,11,25
EF3E7A,255,532
EF3F32,255,377
EF40AC,254,31
EF41A1,255,801
EF43CF,11,23
EF43CF,255,415
EF4467,254,27
EF4477,255,147
EF4495,255,95
EF46D0,11,19
EF46D0,255,122
EF49A3,11,7
EF49A3,255,213
EF49F9,255,146
EF4A80,255,318
EF502D,255,393
EF5076,255,327
EF50F1,255,165
EF59E3,11,4
EF59E3,255,134
EF5ADB,11,2
EF5ADB,255,134
EF5B69,11,7
EF5B69,255,621
EF6086,11,7
EF6086,255,222
EF6186,255,199
EF627A,11,15
EF627A,255,98
EF65A6,255,107
EF669D,254,11
EF66C4,255,260
EF66C6,254,29
EF66E4,254,26
EF6770,254,22
EF68A3,255,129
EF6ABC,11,5
EF6ABC,255,168
EF6ABD,255,381
EF6B18,255,332
EF6B6F,255,114
EF6B82,11,9
EF6B82,255,104
EF7076,11,28
EF7076,255,610
EF729F,254,26
EF72C8,255,86
EF7380,254,20
EF73A1,254,5
EF73B8,255,112
EF74B9,255,166
EF7574,254,38
EF758D,11,2
EF758D,255,150
EF75B7,255,84
EF7870,255,341
EF79A9,254,25
EF7A67,255,101
EF7AB5,255,190
EF7ACC,254,33
EF7B75,11,3
EF7B75,255,357
EF7C8F,255,146
EF7CA5,255,58
EF7D99,255,107
EF7E8E,255,102
EF7EBE,11,13
EF7EBE,255,103
EF7FCB,11,29
EF7FCB,255,362
EF7FF7,11,10
EF7FF7,255,126
EF8070,255,83
EF8096,254,18
EF80A2,11,17
EF80A2,255,161
EF80A3,255,223
EF80EA,255,291
EF81A9,255,170
EF81E7,255,48
EF82BC,255,21
EF8482,254,22
EF84C5,11,5
EF84C5,255,105
EF87A2,255,211
EF88A9,254,25
EF89F9,255,140
EF8A83,255,165
EF8A8C,255,84
EF8AB0,255,178
EF8BDC,254,19
EF8DAB,255,118
EF8DF1,0,1
EF8DF1,11,1
EF8DF1,255,106
EF8DF7,255,186
EF8E5F,11,18
EF8E5F,255,126
EF8E60,11,5
EF8E60,255,284
EF8E8C,255,84
EF8E93,254,21
EF8F6D,11,6
EF8F6D,255,634
EF9195,254,21
EF9394,254,21
EF93A3,254,33
EF9473,255,203
EF94EA,254,33
EF9592,255,115
EF9597,255,105
EF977A,2,1
EF977A,11,43
EF977A,255,265
EF9A64,254,26
EF9ACF,254,25
EF9BED,255,186
EF9BF9,255,125
EF9C82,255,107
EF9CD6,254,24
EF9D84,255,115
EF9DDE,255,88
EF9DEB,11,2
EF9DEB,255,235
EFA0A3,255,118
EFA0AF,254,9
EFA0AF,255,51
EFA179,254,20
EFA194,255,99
EFA275,255,93
EFA2A5,255,245
EFA2E1,254,19
EFA4DE,255,257
EFA58F,11,7
EFA58F,255,199
EFA5DA,254,31
EFA6B7,0,1
EFA6B7,255,100
EFA77A,254,15
EFA86C,255,162
EFA8C2,255,65
EFA8F5,255,288
EFA99F,11,5
EFA99F,255,203
EFAA1D,11,16
EFAA1D,255,528
EFAA1E,11,18
EFAA1E,255,880
EFAA6D,255,124
EFAA6F,255,226
EFAA8C,255,98
EFAA96,255,122
EFAAB1,254,19
EFAB78,11,1
EFAB78,255,73
EFAB96,254,14
EFABC0,255,62
EFAC64,254,28
EFAC83,254,21
EFACFE,255,132
EFAD65,255,166
EFAD81,11,6
EFAD81,255,243
EFAE7C,254,30
EFAEDA,11,14
EFAEDA,255,89
EFAEF0,254,22
EFB01D,255,348
EFB0A9,254,20
EFB0CE,255,388
EFB1AA,254,17
EFB1C9,255,122
EFB1D9,255,196
EFB1DA,255,278
EFB298,254,27
EFB2AF,254,34
EFB3C0,11,10
EFB3C0,255,338
EFB3E7,255,70
EFB4D2,255,119
EFB566,255,96
EFB6BB,255,147
EFB7E7,254,32
EFB989,11,13
EFB989,255,74
EFBA0F,255,592
EFBAAC,255,140
EFBAFD,254,22
EFBAFE,11,6
EFBAFE,255,107
EFBBF8,255,155
EFBCE2,255,176
EFBDE6,254,3
EFBDE6,255,76
EFBEBA,254,35
EFBFD7,254,26
EFC0CD,255,62
EFC181,254,20
EFC182,255,107
EFC20D,11,3
EFC20D,255,220
EFC286,11,8
EFC286,255,45
EFC2E8,255,104
EFC3BA,255,104
EFC47B,255,94
EFC4D0,255,99
EFC4F5,255,226
EFC7C1,11,11
EFC7C1,255,140
EFC8FD,255,122
EFC9AE,254,20
EFCA7B,255,291
EFCAC2,255,144
EFCBE6,254,1
EFCBEB,254,27
EFCC93,254,35
EFCCAE,255,150
EFCD73,11,9
EFCD73,255,501
EFCDA6,255,130
EFCEBA,255,94
EFCF9C,254,20
EFCFD2,255,127
EFD0D8,255,144
EFD0DE,255,95
EFD0FA,254,28
EFD1EC,255,126
EFD2AD,11,6
EFD2AD,255,186
EFD2C9,255,190
EFD372,255,115
EFD39E,11,4
EFD39E,255,106
EFD5BA,11,16
EFD5BA,255,145
EFD5BD,255,115
EFD5C7,255,84
EFD5CA,255,128
EFD5D9,254,19
EFD6BE,11,17
EFD6BE,255,105
EFD79B,255,114
EFD979,254,18
EFD988,255,123
EFD98B,255,127
EFD9A3,255,77
EFD9C2,254,24
EFDAA6,255,330
EFDB38,255,582
EFDB39,11,8
EFDB39,255,426
EFDBDD,255,420
EFDBEA,255,151
EFDCB5,255,98
EFDD81,11,16
EFDD81,255,84
EFDDEA,255,195
EFDECB,254,34
EFDEEE,255,293
EFDF81,255,127
EFE08B,255,160
EFE0B4,254,16
EFE29F,11,11
EFE29F,255,396
EFE2AB,11,5
EFE2AB,255,81
EFE3F9,255,113
EFE4C6,255,102
EFE644,255,437
EFE67A,255,142
EFE6F1,11,12
EFE6F1,255,173
EFE8F6,255,142
EFE9A6,255,114
EFE9C1,254,7
EFE9D0,255,88
EFEBB1,255,114
EFEBB9,11,3
EFEBB9,255,121
EFED89,254,22
EFEE78,254,26
EFEF6C,255,95
EFEF95,254,14
EFF0B5,254,17
EFF1A1,254,18
EFF207,255,191
EFF286,255,137
EFF2DF,255,124
EFF366,255,107
EFF3DC,254,29
EFF47A,255,277
EFF564,11,24
EFF564,255,508
EFF56C,255,127
EFF5B9,255,108
EFF670,255,337
EFF676,11,11
EFF676,255,100
EFF677,255,282
EFF67A,11,16
EFF67A,255,57
EFF7B5,254,21
EFF86D,11,2
EFF86D,255,104
EFF8BB,255,83
EFF8C4,255,246
EFF92D,11,22
EFF92D,255,308
EFF9A7,254,23
EFFABA,11,8
EFFABA,255,364
EFFBFE,255,253
EFFC7F,255,96
EFFDEA,254,16
EFFEC0,255,175
F009E1,11,7
F009E1,255,241
F00D13,255,215
F01340,255,352
F01400,11,12
F01400,255,223
F01570,11,15
F01570,255,327
F0158C,255,301
F016D3,11,25
F016D3,255,404
F019AF,254,28
F019F6,254,22
F01B47,255,269
F021DF,254,25
F0298E,255,171
F0298F,255,224
F02CA3,11,22
F02CA3,255,228
F02CAF,255,123
F02E73,255,188
F02FAC,255,100
F031A3,254,32
F035E6,254,30
F036CD,255,174
F03A8E,255,139
F03B8E,255,120
F03CF2,255,357
F04124,255,394
F0439F,255,403
F0466D,255,93
F04C41,11,14
F04C41,255,230
F04C53,11,9
F04C53,255,300
F04CE9,254,17
F04D88,255,287
F04DDA,255,393
F04E97,11,18
F04E97,255,78
F050F1,11,26
F050F1,255,363
F051E4,255,275
F05321,11,28
F05321,255,249
F053B2,255,107
F05430,255,400
F0546E,255,324
F05505,255,154
F05506,255,233
F055D9,255,90
F05766,255,287
F05C89,255,282
F05CC5,255,104
F05FB9,255,104
F0622B,11,2
F0622B,255,521
F063E0,11,19
F063E0,255,443
F064AC,11,18
F064AC,255,123
F064E1,11,6
F064E1,255,277
F0669D,254,29
F06881,255,117
F068B2,255,83
F068E6,254,38
F068EF,255,96
F06AE7,255,157
F06AEF,255,131
F06B76,255,413
F06BF3,255,152
F06C7D,254,23
F06C9C,255,306
F06D51,255,554
F06EA8,255,79
F06F87,254,24
F06FDF,254,17
F070A5,254,22
F070BC,255,106
F071D9,255,83
F072A0,255,117
F072BB,255,77
F07358,255,324
F073A9,255,141
F0769E,255,99
F07775,255,96
F0788E,11,6
F0788E,255,88
F0788F,255,82
F078E4,255,76
F07B78,254,29
F07B98,255,55
F07C06,11,2
F07C06,255,404
F07C1A,11,17
F07C1A,255,282
F07C68,255,145
F08097,255,115
F08174,255,49
F081EA,254,20
F08375,255,231
F083CD,255,117
F08581,255,124
F085A5,254,36
F086A6,255,104
F0886E,255,94
F08892,11,6
F08892,254,26
F08892,255,428
F08964,255,140
F089F6,254,28
F08AE8,255,126
F08CA7,254,34
F08D07,11,9
F08D07,255,538
F08D7A,255,186
F08D95,254,24
F08EAE,255,252
F090F9,255,122
F090FB,255,201
F092E7,255,153
F0939C,11,1
F0939C,255,117
F09472,254,20
F094D7,255,228
F094F4,255,180
F095CB,255,155
F09751,11,12
F09751,255,116
F09752,255,374
F09753,255,268
F0987D,254,31
F099A5,254,16
F09AB6,255,156
F09B91,255,71
F09BF5,255,70
F09D99,254,13
F09DAE,255,213
F0A067,255,104
F0A165,11,1
F0A165,255,71
F0A2C0,255,100
F0A393,255,148
F0A3A9,11,24
F0A3A9,255,362
F0A481,11,8
F0A481,255,223
F0A4E9,255,142
F0A57A,255,130
F0A5CD,255,60
F0A8AF,11,15
F0A8AF,255,526
F0AA88,255,134
F0AAF2,254,17
F0AB75,254,22
F0ABB4,11,11
F0ABB4,255,70
F0ABB6,11,10
F0ABB6,255,140
F0ABE7,255,98
F0ABEE,255,253
F0ABFC,254,10
F0AD1D,11,24
F0AD1D,255,259
F0ADDC,255,227
F0AF25,11,3
F0AF25,255,269
F0AF92,255,135
F0B094,255,118
F0B3A7,254,44
F0B428,11,21
F0B428,255,345
F0B4BC,254,20
F0B5B1,254,33
F0B5B3,255,119
F0B775,255,117
F0B872,255,81
F0B881,255,394
F0B8B9,11,10
F0B8B9,255,62
F0BA71,255,169
F0BC13,11,47
F0BC13,255,351
F0BC93,11,10
F0BC93,255,84
F0BFEF,255,89
F0C0D9,255,110
F0C190,255,241
F0C1EF,254,20
F0C2BB,254,22
F0C3DB,255,113
F0C3F1,255,155
F0C5A4,255,92
F0C5B3,255,85
F0C666,254,21
F0C6EF,255,95
F0C789,255,136
F0C79C,11,3
F0C79C,255,272
F0C88E,254,22
F0C8AB,11,10
F0C8AB,255,278
F0C8EB,255,96
F0C9AE,255,77
F0CB87,11,8
F0CB87,255,96
F0CBB5,255,105
F0CC4D,11,21
F0CC4D,255,324
F0CC7E,254,22
F0CD6E,254,19
F0CDAD,254,31
F0CE91,11,8
F0CE91,255,290
F0CEA5,255,86
F0CEF8,255,112
F0CF25,11,8
F0CF25,254,8
F0CF25,255,230
F0CF26,11,12
F0CF26,255,255
F0CF56,11,16
F0CF56,255,243
F0CFAE,255,323
F0D2BA,11,12
F0D2BA,255,167
F0D39D,255,139
F0D47B,254,22
F0D4A7,11,5
F0D4A7,255,129
F0D4C0,11,4
F0D4C0,255,261
F0D86C,254,1
F0D86C,255,129
F0D889,254,26
F0D8E0,254,25
F0D8F9,255,130
F0D973,254,22
F0DA60,11,18
F0DA60,255,336
F0DA74,255,87
F0DBB3,255,197
F0DBBE,255,83
F0DBC0,255,190
F0DC6E,255,145
F0DD9F,254,32
F0DDAE,11,8
F0DDAE,255,285
F0DDE2,254,32
F0DDF3,255,225
F0DE96,11,9
F0DE96,255,197
F0DEEA,254,34
F0DF85,255,320
F0DFBB,255,100
F0E186,254,36
F0E2BD,255,39
F0E2EC,11,1
F0E2EC,255,115
F0E459,255,279
F0E5AB,11,5
F0E5AB,255,140
F0E5EF,255,110
F0E664,254,19
F0E6B5,255,81
F0E78C,11,11
F0E78C,255,171
F0E86E,255,111
F0E965,255,91
F0E99A,255,101
F0E9BB,11,10
F0E9BB,255,130
F0EA79,255,131
F0EADD,255,125
F0EB88,255,71
F0ECA9,254,33
F0ECB9,2,1
F0ECB9,11,20
F0ECB9,255,114
F0EDD0,254,23
F0EE18,255,267
F0EE8E,255,225
F0EFDE,255,116
F0F202,11,1
F0F202,255,258
F0F369,254,1
F0F3C3,255,75
F0F5BA,255,81
F0F62A,11,3
F0F62A,255,242
F0F667,255,121
F0F67C,255,82
F0F698,255,142
F0F6F8,255,124
F0F78C,255,203
F0F7FC,255,102
F0F8C9,255,137
F0F971,11,3
F0F971,255,200
F0F990,254,19
F0F9CA,255,129
F0FAEE,255,139
F0FC97,255,110
F0FCBB,255,104
F0FD6B,255,271
F0FD89,254,17
F0FDD0,254,16
F0FE8A,254,31
F1018B,255,227
F10373,255,380
F10735,255,580
F10C7D,11,22
F10C7D,255,293
F1128B,11,12
F1128B,255,274
F11409,11,12
F11409,255,517
F11462,255,302
F11643,11,13
F11643,255,384
F11969,11,1
F11969,255,314
F1196B,11,16
F1196B,255,120
F119CB,11,32
F119CB,255,349
F11CE8,255,130
F11E70,11,20
F11E70,255,103
F11E8A,254,22
F12089,11,7
F12089,255,197
F122E5,255,147
F12835,255,323
F12DD1,11,37
F12DD1,255,396
F13286,255,336
F13C3D,11,16
F13C3D,255,108
F13C82,11,6
F13C82,254,11024
F13C83,255,325
F1407E,255,292
F14134,255,270
F14244,11,18
F14244,255,266
F142BE,11,9
F142BE,255,219
F145E7,255,92
F1477F,255,311
F148E7,254,29
F14AB7,254,8
F14B98,255,87
F14BE4,255,82
F15069,255,146
F150D7,255,75
F15320,11,43
F15320,255,518
F1556A,254,21
F16106,11,45
F16106,255,633
F161C1,255,135
F161C4,254,33
F1649E,11,5
F1649E,255,182
F164C0,11,25
F164C0,255,307
F164C4,255,570
F164E9,11,1
F164E9,255,212
F166ED,255,130
F167AE,255,117
F169BF,255,83
F16AD8,255,138
F16B9B,254,30
F16BBE,11,6
F16BBE,255,107
F16C8D,255,130
F16D9B,254,30
F16E9A,255,135
F170C2,11,11
F170C2,255,101
F17133,11,10
F17133,255,323
F171B1,255,196
F17276,255,97
F173C8,255,103
F173DB,254,19
F17473,255,114
F175E7,255,75
F17633,255,248
F176AF,255,173
F176FD,255,160
F177D4,255,69
F178AF,255,135
F17A85,254,6
F17AD7,255,129
F17AFA,255,222
F17BB7,255,94
F17BE4,255,124
F17BE8,11,16
F17BE8,255,85
F17C81,255,108
F17D9B,255,141
F17E53,0,1
F17E53,255,302
F17E6F,11,18
F17E6F,255,97
F17E99,255,86
F17EA0,254,19
F17FD0,254,26
F180E0,254,32
F1827E,254,20
F18375,255,93
F183B0,255,112
F18413,255,373
F185D1,255,117
F18620,255,372
F18795,255,212
F1879C,255,273
F187DF,255,254
F18879,255,107
F18899,255,144
F188C9,254,37
F18B9D,255,657
F18BDD,254,3
F18C82,255,89
F18C8F,11,9
F18C8F,255,155
F18CD4,255,128
F18EA3,11,14
F18EA3,255,162
F18F2C,11,22
F18F2C,255,216
F18F2D,255,252
F18F2E,11,8
F18F2E,255,372
F18F84,254,27
F18F98,254,12
F19069,255,115
F19074,255,134
F190A2,255,317
F1917C,254,21
F191A0,255,60
F1947F,254,39
F19579,11,5
F19579,255,116
F195CA,254,30
F195DD,254,17
F195EA,255,205
F1978E,11,25
F1978E,255,268
F1982D,11,32
F1982D,255,678
F19868,255,162
F19869,255,230
F198A5,254,28
F198C5,11,2
F198C5,255,85
F19BAC,254,1
F19BF7,255,202
F19C59,255,428
F19ECA,255,237
F19EFC,254,24
F19EFE,255,216
F19FF1,255,97
F1A086,254,34
F1A1D9,255,107
F1A3E0,255,118
F1A483,254,28
F1A4C2,254,10
F1A584,255,141
F1A596,11,13
F1A596,255,388
F1A5FE,255,113
F1A667,254,32
F1AA9D,254,30
F1AA9E,254,36
F1AAD1,254,17
F1ACE2,11,6
F1ACE2,255,219
F1AD7D,11,7
F1AD7D,255,645
F1ADE7,255,147
F1AEEE,255,81
F1AFC7,255,161
F1B0A0,254,25
F1B13A,11,19
F1B13A,255,99
F1B1D9,11,26
F1B1D9,255,204
F1B1DA,255,416
F1B2A7,11,16
F1B2A7,255,355
F1B2AC,11,4
F1B2AC,255,277
F1B3B5,254,35
F1B3BD,255,100
F1B3C1,255,106
F1B3CD,254,28
F1B5B4,11,35
F1B5B4,255,210
F1B5E0,11,9
F1B5E0,255,122
F1B796,255,71
F1B7E6,255,143
F1B874,254,21
F1B895,255,139
F1B9B1,254,14
F1BA1B,255,324
F1BAAC,254,31
F1BAE3,255,106
F1BBC9,254,22
F1BBE9,255,352
F1BC90,255,144
F1BCAD,254,19
F1BD90,255,108
F1BE67,255,69
F1BF91,11,11
F1BF91,255,139
F1C0EA,254,24
F1C1A9,254,33
F1C1B2,254,16
F1C1DA,255,362
F1C265,255,101
F1C2A5,255,214
F1C2B0,255,301
F1C376,254,23
F1C388,254,16
F1C3D8,255,157
F1C3ED,255,116
F1C49E,11,8
F1C49E,255,78
F1C4A8,254,29
F1C7A9,255,91
F1C86D,255,135
F1C8F6,255,106
F1C9AA,255,137
F1C9B5,255,194
F1CC86,255,78
F1CCC9,255,95
F1CD81,255,105
F1CD8E,254,24
F1CDB3,254,25
F1CEE0,255,273
F1CEE2,255,114
F1CEF3,255,95
F1CFC8,254,20
F1D098,11,11
F1D098,255,369
F1D0F7,254,22
F1D1A1,255,188
F1D2AE,255,164
F1D472,255,174
F1D4D4,11,5
F1D4D4,255,138
F1D5CD,255,98
F1D604,255,403
F1D629,255,313
F1D6CC,255,141
F1D7AB,255,122
F1D7EB,254,37
F1D881,11,3
F1D881,255,280
F1D8BC,255,120
F1D981,254,21
F1DA70,255,133
F1DAAA,255,222
F1DAF3,255,142
F1DC6A,255,84
F1DDC6,254,33
F1DE86,254,35
F1DEB6,255,90
F1DF7D,255,229
F1DFB3,255,119
F1E1AB,11,2
F1E1AB,255,83
F1E1B1,255,109
F1E1D4,255,70
F1E26B,255,158
F1E29E,254,24
F1E2C6,254,30
F1E496,255,104
F1E5C5,11,6
F1E5C5,255,190
F1E5CF,11,4
F1E5CF,255,133
F1E665,11,8
F1E665,255,57
F1E6CB,254,34
F1E6DF,254,29
F1E7A9,11,4
F1E7A9,255,316
F1E87D,255,183
F1E8F0,255,72
F1E8FC,254,21
F1EABE,11,6
F1EABE,255,248
F1ECEC,255,131
F1ED25,11,24
F1ED25,255,223
F1EDE8,2,1
F1EDE8,11,8
F1EDE8,255,175
F1EEE5,255,118
F1EEEA,254,26
F1EEEC,254,34
F1EF95,254,19
F1EFB0,254,16
F1F0AE,255,119
F1F1B2,11,16
F1F1B2,255,84
F1F36F,255,284
F1F380,254,13
F1F38A,255,81
F1F3CC,255,129
F1F482,255,136
F1F4DC,11,3
F1F4DC,255,215
F1F4DD,255,236
F1F4ED,255,109
F1F6C6,255,103
F1F7DD,254,23
F1FAEB,254,28
F1FB93,255,125
F1FC39,255,293
F1FCC8,254,25
F1FCD9,255,171
F1FDDD,255,137
F1FE6F,255,98
F1FECB,255,117
F1FFE5,0,1
F1FFE5,11,17
F1FFE5,255,348
F202BB,11,7
F202BB,255,227
F203AA,255,218
F20524,255,466
F20879,255,176
F213B4,11,6
F213B4,255,99
F214D3,255,110
F2158B,11,8
F2158B,255,154
F218B8,255,205
F21F47,11,2
F21F47,255,278
F22168,2,1
F22168,11,5
F22168,255,80
F22367,254,32
F224C7,255,462
F224D1,11,6
F224D1,255,226
F228E6,255,105
F22A82,254,22
F22B3E,255,60
F22B3F,11,11
F22B3F,255,358
F22DDA,11,13
F22DDA,255,231
F22EE1,255,473
F2323C,11,7
F2323C,255,238
F2324F,255,257
F23285,11,9
F23285,255,280
F233EB,255,85
F23494,11,10
F23494,255,110
F234C9,11,24
F234C9,255,207
F235B2,254,31
F235FA,255,168
F23873,255,122
F23ABE,254,17
F23CD0,254,20
F242A6,255,314
F24EC8,254,27
F256BE,11,2
F256BE,255,137
F259C2,255,336
F25BAE,255,143
F25C83,11,18
F25C83,255,75
F25D20,255,515
F2616E,255,344
F261C2,11,10
F261C2,255,496
F26394,255,243
F2646D,255,169
F264E7,255,153
F269CE,255,154
F26DD9,255,120
F26DDE,255,128
F26F11,11,22
F26F11,255,323
F26F6D,255,295
F27069,255,234
F27082,255,267
F27096,255,102
F270EA,11,5
F270EA,255,102
F27232,11,6
F27232,255,294
F2727E,255,91
F273B2,255,98
F274AD,254,28
F274CD,255,1141
F274ED,254,14
F276EB,11,4
F276EB,255,428
F276EC,255,655
F276ED,255,153
F2776D,255,128
F277BA,254,23
F277EC,255,118
F278B4,254,24
F279DE,255,79
F279E1,11,17
F279E1,255,338
F279EA,255,92
F27ACD,255,251
F27AD6,255,199
F27B6C,255,127
F27B87,11,8
F27B87,255,117
F27BB3,11,4
F27BB3,255,151
F27CBA,255,176
F27D6F,254,15
F27EB0,255,122
F27EF1,11,12
F27EF1,255,265
F27F8D,11,12
F27F8D,255,165
F28070,255,125
F28098,255,285
F280A2,254,33
F28410,255,257
F28411,255,284
F28469,255,65
F285A3,11,10
F285A3,255,134
F285C5,0,2
F285C5,11,8
F285C5,255,122
F285FB,255,417
F286AF,255,124
F287AE,11,14
F287AE,255,237
F287E8,255,155
F2887E,255,74
F2898D,11,8
F2898D,255,108
F289AD,255,114
F28AF4,255,85
F28B81,11,7
F28B81,255,318
F28C66,255,161
F28C7D,254,20
F28DCF,11,11
F28DCF,255,175
F28DE7,254,24
F28DF5,255,349
F28E6D,255,82
F28F7A,255,467
F29175,255,106
F2918D,255,160
F291B2,255,66
F29220,255,255
F292AF,254,23
F29370,254,15
F296F3,11,3
F296F3,255,237
F297F0,11,1
F297F0,255,109
F298F8,255,81
F298FE,255,114
F2999D,255,128
F29AF6,254,20
F29DBE,255,70
F29F35,11,5
F29F35,255,287
F29FBA,255,102
F2A07A,11,22
F2A07A,255,257
F2A08F,255,161
F2A1B8,254,19
F2A2B2,254,30
F2A2B8,254,12
F2A379,255,157
F2A4CE,254,23
F2A4F5,254,31
F2A5C3,254,37
F2A5E4,254,4
F2A5E4,255,62
F2A6AD,254,26
F2A988,254,28
F2A994,255,264
F2AAE5,255,115
F2AB98,255,107
F2ABC6,255,60
F2ACBF,255,115
F2ACDD,11,10
F2ACDD,255,133
F2ADA0,255,138
F2AEC8,255,111
F2AEEB,255,103
F2AF9F,255,108
F2B0A7,255,114
F2B1DD,255,107
F2B277,254,26
F2B2C2,11,11
F2B2C2,255,137
F2B2F7,255,82
F2B3D6,255,141
F2B4AA,11,5
F2B4AA,255,159
F2B4B4,255,157
F2B74B,255,180
F2B774,255,102
F2B78B,11,8
F2B78B,255,141
F2B7C6,255,70
F2B86B,255,73
F2B8BB,254,26
F2B992,255,103
F2BA66,255,167
F2BA69,255,310
F2BA83,255,115
F2BAE8,254,15
F2BBA4,11,12
F2BBA4,255,193
F2BEEF,255,64
F2BF33,11,1
F2BF33,255,265
F2BF5B,255,431
F2BF84,254,32
F2C064,11,9
F2C064,255,197
F2C084,255,101
F2C167,254,18
F2C1C0,254,28
F2C487,11,12
F2C487,255,254
F2C683,255,217
F2C6D1,255,90
F2C79B,255,140
F2C9F8,255,145
F2CA75,11,14
F2CA75,255,329
F2CAC6,255,131
F2CBA3,254,18
F2CC69,255,146
F2CCE9,255,134
F2CDD3,255,104
F2D098,254,30
F2D098,255,116
F2D0AF,11,16
F2D0AF,255,138
F2D0FB,254,25
F2D1CC,255,137
F2D260,255,304
F2D274,0,1
F2D274,255,106
F2D278,254,28
F2D2DF,255,106
F2D330,255,249
F2D4F5,255,96
F2D575,254,24
F2D5A6,255,328
F2D5CD,254,31
F2D70E,11,30
F2D70E,255,789
F2D78D,255,92
F2D7D8,254,19
F2D8AD,255,117
F2D8F3,11,10
F2D8F3,255,251
F2D974,255,123
F2D9DD,255,147
F2D9E8,255,151
F2DADB,254,23
F2DBBB,255,237
F2DBC5,11,3
F2DBC5,255,212
F2DCBD,255,166
F2DDC3,254,33
F2DDC6,255,68
F2DE6F,255,479
F2DF84,255,143
F2DFD7,255,408
F2DFD8,255,379
F2E085,255,247
F2E378,255,124
F2E4DB,11,15
F2E4DB,255,182
F2E5A8,255,147
F2E67F,255,98
F2E7DC,11,5
F2E7DC,255,76
F2E8D0,255,97
F2E934,255,288
F2E965,255,81
F2EA34,11,17
F2EA34,255,541
F2EEBA,255,122
F2EED8,254,32
F2EF86,255,214
F2EFA1,255,143
F2F0B3,11,20
F2F0B3,255,63
F2F28D,11,7
F2F28D,255,588
F2F3BE,254,41
F2F3CA,254,15
F2F5CF,255,97
F2F5DB,254,26
F2F5F6,255,129
F2F78D,11,10
F2F78D,255,128
F2F7CF,0,1
F2F7CF,11,23
F2F7CF,255,179
F2F8DD,255,97
F2F98D,254,16
F2F9B3,255,129
F2F9BE,254,28
F2FAE0,255,127
F2FB39,11,25
F2FB39,255,436
F2FBB0,11,40
F2FBB0,255,588
F2FC86,11,2
F2FC86,255,138
F2FDF9,255,294
F2FE94,255,47
F2FEEF,255,108
F30221,11,7
F30221,255,294
F302A0,255,57
F302FB,254,20
F30488,255,69
F30724,255,418
F30957,255,345
F30ACC,255,149
F31264,11,2
F31264,255,145
F31487,255,237
F31585,255,82
F315A3,255,419
F31C90,255,220
F31CAA,11,8
F31CAA,255,434
F31D84,255,139
F31EB5,11,16
F31EB5,255,222
F327E3,255,182
F329AB,11,12
F329AB,255,221
F32D1A,2,1
F32D1A,11,41
F32D1A,255,427
F33086,255,257
F33098,255,146
F330AA,255,329
F33652,11,8
F33652,255,261
F33678,255,86
F33A82,11,6
F33A82,255,99
F33B94,255,245
F33F02,11,26
F33F02,255,381
F34190,255,333
F34724,11,4
F34724,255,205
F348D5,255,275
F356FC,255,110
F3596B,255,677
F35C9D,255,93
F35CFE,255,273
F35E9F,11,21
F35E9F,255,94
F35FF0,254,26
F3618D,255,185
F363B9,11,5
F363B9,255,261
F3656B,255,123
F365AA,255,122
F365AD,11,12
F365AD,255,345
F365D9,11,9
F365D9,255,415
F3660D,255,208
F36676,255,153
F366B5,255,113
F36A8C,255,217
F36BF3,254,26
F36BF7,255,158
F36CB6,255,325
F36CE3,11,6
F36CE3,255,126
F36D81,255,304
F36EEA,255,208
F36F8C,254,34
F36FFC,254,27
F37075,254,19
F3709A,255,70
F3709E,255,172
F37187,255,140
F371A3,11,22
F371A3,255,168
F371C6,254,21
F373DE,11,16
F373DE,255,443
F37496,254,16
F375AD,255,480
F3766F,11,3
F3766F,255,128
F376C2,255,114
F37873,254,27
F378C2,11,16
F378C2,255,264
F37996,11,17
F37996,255,93
F379DD,254,27
F37AFE,11,1
F37AFE,255,193
F37B4F,255,248
F37BCF,11,16
F37BCF,255,205
F37BD3,255,127
F37BDB,254,20
F37CAA,254,28
F37D78,254,2
F37D78,255,190
F37DB9,254,23
F37E4D,0,1
F37E4D,11,12
F37E4D,255,125
F37F78,0,1
F37F78,11,19
F37F78,255,237
F37F7E,255,131
F38071,11,26
F38071,255,183
F38183,255,157
F38185,254,22
F38188,255,130
F3828F,11,3
F3828F,255,131
F383C9,254,10
F384AC,255,109
F38570,254,31
F385AB,11,11
F385AB,255,75
F385E4,255,167
F386BD,254,23
F388FA,255,486
F3890A,255,324
F38989,254,25
F389E5,1,1
F389E5,11,33
F389E5,255,355
F38A8D,255,83
F38A99,11,15
F38A99,255,237
F38AC0,254,25
F38B28,2,1
F38B28,11,40
F38B28,255,266
F38B76,254,31
F38BA7,255,114
F38C6B,255,123
F38CAA,11,11
F38CAA,255,101
F38D8D,11,1
F38D8D,255,107
F38ED5,254,30
F38EDA,255,66
F38F95,11,8
F38F95,255,267
F3906D,254,21
F391C0,254,26
F392A7,254,24
F392A8,11,23
F392A8,255,90
F392AE,255,132
F393B3,11,3
F393B3,255,148
F39478,11,16
F39478,255,87
F39565,254,27
F39681,255,171
F396A1,11,3
F396A1,255,305
F396C2,11,14
F396C2,255,310
F397BD,255,71
F3997F,254,29
F399B5,255,111
F39A83,255,91
F39BF2,255,179
F39CD0,255,205
F39CD1,255,272
F39CF2,255,318
F39E7A,2,1
F39E7A,11,26
F39E7A,255,199
F39ED0,255,89
F39EE5,11,14
F39EE5,255,138
F39F13,255,312
F39F8E,11,20
F39F8E,255,106
F39FCD,11,1
F39FCD,255,167
F3A078,254,26
F3A0CC,255,295
F3A181,254,28
F3A299,255,77
F3A2B2,255,138
F3A46E,11,21
F3A46E,255,221
F3A497,11,18
F3A497,255,178
F3A59F,11,2
F3A59F,255,116
F3A5CA,11,7
F3A5CA,255,153
F3A8D9,255,157
F3A976,254,24
F3A9B8,254,27
F3AB6E,255,102
F3AB77,11,1
F3AB77,255,113
F3AC6D,255,111
F3AD82,254,25
F3ADBC,254,19
F3ADF7,255,108
F3ADFD,254,38
F3AE65,255,98
F3AFAC,255,70
F3B0D8,255,103
F3B0EC,254,26
F3B2B1,255,110
F3B2B3,255,118
F3B3CC,254,13
F3B4B2,255,1213
F3B5FA,254,15
F3B67A,11,7
F3B67A,255,116
F3B8AC,255,81
F3B8BE,11,21
F3B8BE,255,184
F3B8C8,255,154
F3B99E,254,28
F3B9ED,11,2
F3B9ED,255,100
F3BA6F,255,191
F3BA7B,254,31
F3BA82,254,26
F3BAA5,254,26
F3BAC1,255,131
F3BAE5,255,95
F3BB82,255,91
F3BC25,255,255
F3BEC2,255,134
F3BED8,255,390
F3BF1E,11,20
F3BF1E,255,163
F3BF39,255,173
F3BF6B,255,131
F3BF9B,254,28
F3BFEF,255,126
F3C0CE,255,391
F3C1CD,11,6
F3C1CD,255,85
F3C27C,254,26
F3C295,255,101
F3C2A2,11,32
F3C2A2,255,354
F3C482,255,298
F3C556,255,178
F3C596,255,99
F3C669,11,5
F3C669,255,169
F3C66B,255,85
F3C8B4,255,225
F3CDC5,254,30
F3CDFB,255,190
F3CEF3,254,16
F3CF4E,11,11
F3CF4E,255,351
F3CFD0,254,27
F3D075,254,27
F3D321,1,1
F3D321,11,26
F3D321,255,308
F3D476,11,15
F3D476,255,171
F3D7BD,254,37
F3D7E8,255,136
F3D7EB,254,22
F3D8B0,255,120
F3D8FC,254,21
F3D952,255,277
F3D9C5,255,96
F3DA6D,255,91
F3DA90,11,7
F3DA90,255,480
F3DDA1,254,32
F3DED1,11,10
F3DED1,255,135
F3DF74,255,365
F3E07A,255,142
F3E084,255,78
F3E091,255,228
F3E1B1,254,17
F3E294,11,3
F3E294,255,120
F3E3B0,255,121
F3E433,11,23
F3E433,255,188
F3E434,255,153
F3E537,255,280
F3E5A3,11,14
F3E5A3,255,404
F3E5DB,254,14
F3E8B0,255,157
F3E8C1,254,33
F3E9E5,254,31
F3EA78,255,109
F3EA89,255,154
F3EA98,255,389
F3EB7F,255,127
F3EB97,255,65
F3EC8A,254,29
F3ECF6,255,110
F3ED64,255,106
F3ED8C,11,4
F3ED8C,255,123
F3EE1F,11,20
F3EE1F,255,412
F3EE8E,255,426
F3EEA6,11,18
F3EEA6,255,332
F3EEF3,254,2
F3EF70,255,76
F3EFB2,255,170
F3F082,255,177
F3F085,11,3
F3F085,255,157
F3F09A,11,14
F3F09A,255,325
F3F0D1,255,116
F3F3ED,254,26
F3F5A4,255,68
F3F76D,255,852
F3F7A2,254,28
F3F7AF,254,23
F3F8A1,255,121
F3F8EA,255,110
F3F9DC,254,22
F3F9DD,11,1
F3F9DD,255,299
F3F9E7,255,164
F3FA96,254,12
F3FBB0,254,26
F3FBEA,255,145
F3FC75,255,66
F3FC8B,255,81
F3FE86,255,119
F4031E,11,21
F4031E,255,275
F403F7,255,78
F40706,255,240
F40905,11,27
F40905,255,395
F409F7,255,112
F40B2C,255,291
F40D88,11,6
F40D88,255,475
F40DCA,255,331
F40DCD,255,273
F411B5,255,92
F41414,255,399
F41965,255,115
F41A83,255,149
F41AD3,11,12
F41AD3,255,100
F425F7,255,84
F4289E,254,21
F43065,255,499
F4318B,255,278
F433DC,11,5
F433DC,255,302
F439C6,255,138
F441F5,11,1
F441F5,255,117
F4451A,255,378
F4466F,255,88
F44756,255,209
F44890,255,172
F4489E,255,110
F44AA8,11,1
F44AA8,255,144
F44E73,255,383
F44E77,11,1
F44E77,255,219
F45076,255,337
F450D8,254,12
F45190,255,122
F4539A,255,406
F45A67,255,320
F45AEF,11,14
F45AEF,255,460
F45B79,255,112
F45FF0,255,535
F46018,11,30
F46018,255,333
F46030,255,290
F46687,255,383
F467B2,11,11
F467B2,255,72
F4690F,255,331
F469B5,254,22
F46AE0,255,114
F46CEB,254,29
F46DBA,255,66
F46E7C,255,59
F46EAA,255,132
F46EE2,255,83
F46FDC,254,30
F470AA,255,122
F470ED,255,104
F471E0,254,12
F472F2,254,25
F4736E,255,226
F47467,255,81
F47585,255,73
F4758F,255,190
F475E7,254,22
F47795,11,6
F47795,255,100
F477DB,255,128
F477E1,255,88
F47AEF,254,28
F47B14,11,20
F47B14,255,400
F47B80,255,124
F47BCD,11,15
F47BCD,255,152
F47BD7,255,144
F4819C,11,16
F4819C,255,215
F481FB,255,118
F484DA,11,12
F484DA,255,190
F486E3,11,2
F486E3,255,112
F488A8,254,22
F48976,254,26
F48AEC,254,36
F48CBD,11,10
F48CBD,255,93
F48CE9,11,13
F48CE9,255,108
F48D86,255,161
F48DCE,0,1
F48DCE,11,4
F48DCE,255,203
F48DD4,255,111
F48DDC,255,102
F48E6F,11,2
F48E6F,255,123
F48EC5,255,245
F48F5F,11,14
F48F5F,255,254
F48FC0,254,32
F490F3,254,4
F490F3,255,206
F491A2,254,30
F49221,255,342
F49580,11,14
F49580,255,208
F49598,11,9
F49598,255,147
F495D3,255,159
F496B9,255,189
F497CD,11,11
F497CD,255,80
F497CE,255,59
F497D0,11,13
F497D0,255,224
F497F2,254,35
F49B8A,255,123
F49BBC,255,163
F49BCF,255,161
F49D8A,255,96
F49DFB,254,27
F49E7C,255,296
F49EB2,11,30
F49EB2,255,116
F49EC5,255,121
F49EEC,255,130
F49F6D,255,90
F49FB3,254,22
F4A082,255,124
F4A1A0,11,23
F4A1A0,255,263
F4A1FD,255,137
F4A274,254,22
F4A277,11,21
F4A277,255,220
F4A2B8,11,14
F4A2B8,255,74
F4A2CC,255,215
F4A38F,11,14
F4A38F,255,119
F4A3AE,255,368
F4A564,11,14
F4A564,255,157
F4A58A,255,72
F4A6BD,255,109
F4A6C9,255,185
F4A795,254,29
F4A88D,255,118
F4A9A7,0,1
F4A9A7,11,5
F4A9A7,255,394
F4A9C7,255,90
F4AAD2,255,97
F4AB8D,11,6
F4AB8D,255,90
F4ABA7,11,5
F4ABA7,255,362
F4AC95,11,19
F4AC95,255,202
F4ADB9,254,21
F4AE74,254,25
F4AE8F,11,11
F4AE8F,255,398
F4AEB3,11,17
F4AEB3,255,67
F4AFB5,11,4
F4AFB5,255,216
F4B1AB,11,29
F4B1AB,255,364
F4B48A,254,28
F4B4D0,0,1
F4B4D0,11,4
F4B4D0,255,152
F4B51E,11,14
F4B51E,255,309
F4B5BF,255,145
F4B5D4,11,19
F4B5D4,255,187
F4B6A8,255,212
F4B8A0,254,14
F4B8BE,255,127
F4BAB5,255,214
F4BCEE,255,164
F4BE4D,255,231
F4BE6B,254,35
F4BE7A,255,86
F4BEA1,255,164
F4BF92,255,130
F4C166,255,128
F4C2A9,255,89
F4C2EA,255,213
F4C303,11,2
F4C303,255,449
F4C6A9,255,185
F4C8D2,255,90
F4C92C,255,250
F4C9A5,255,140
F4CADC,254,15
F4CAFB,255,104
F4CC6E,254,31
F4CCC6,254,31
F4CCC6,255,210
F4CEBE,255,117
F4CF8A,255,141
F4D0EF,254,26
F4D1A4,255,328
F4D271,255,143
F4D6E4,11,26
F4D6E4,255,175
F4D7E0,255,270
F4D8CE,255,120
F4DBCD,11,12
F4DBCD,255,213
F4DBDC,255,120
F4DBF2,11,1
F4DBF2,255,93
F4DCA9,255,182
F4DDAC,11,8
F4DDAC,255,143
F4DE6F,254,23
F4DEC7,0,1
F4DEC7,11,5
F4DEC7,255,201
F4E0EF,254,23
F4E1D2,255,130
F4E1E6,254,21
F4E2A3,255,89
F4E2AD,255,401
F4E369,11,2
F4E369,255,124
F4E3BF,254,26
F4E3CD,255,113
F4E4EC,254,20
F4E5CE,255,135
F4E6FD,11,16
F4E6FD,255,94
F4E7E5,254,15
F4E8A7,255,616
F4E8B7,11,2
F4E8B7,255,231
F4EA9D,255,118
F4EB9E,255,97
F4EBCD,255,67
F4ED4D,255,458
F4ED76,11,10
F4ED76,255,113
F4EF81,254,29
F4EFA7,255,134
F4F022,11,8
F4F022,255,244
F4F0BD,11,2
F4F0BD,255,212
F4F0EC,255,376
F4F1B5,255,118
F4F26A,254,35
F4F2DF,254,26
F4F38E,11,22
F4F38E,255,73
F4F46E,254,34
F4F47D,254,20
F4F4EE,254,24
F4F4F2,2,1
F4F4F2,11,24
F4F4F2,255,86
F4F570,254,22
F4F5B3,255,167
F4F5F9,255,92
F4F6AF,254,20
F4F9B9,255,193
F4F9C0,255,116
F4FA8B,11,18
F4FA8B,255,148
F4FAD3,254,42
F4FCE6,254,23
F4FD95,11,9
F4FD95,255,162
F50268,254,29
F502DC,255,307
F50476,255,129
F504C3,255,118
F50703,11,13
F50703,255,174
F50722,0,1
F50722,11,11
F50722,255,474
F507C2,255,141
F50899,255,95
F50E13,11,10
F50E13,255,181
F50E9A,11,28
F50E9A,255,415
F50F8B,11,4
F50F8B,255,153
F510E4,255,89
F511EF,11,5
F511EF,255,188
F51385,11,11
F51385,255,190
F51397,255,130
F5147F,255,233
F51806,11,14
F51806,255,401
F51BCA,255,177
F51DBC,11,9
F51DBC,255,117
F522A8,254,21
F5238D,11,13
F5238D,255,182
F52966,255,453
F52FDB,255,110
F53177,254,22
F53596,255,191
F53684,254,9
F53684,255,138
F53685,255,251
F5398B,255,316
F53BCC,255,111
F540D7,254,24
F54287,255,139
F547B9,255,267
F547E1,254,29
F547F2,1,1
F547F2,11,17
F547F2,255,452
F5504C,11,13
F5504C,255,256
F55302,11,13
F55302,255,319
F554AA,255,256
F555DC,11,4
F555DC,255,176
F556B4,255,109
F55975,255,371
F55A52,255,286
F55FEE,255,135
F562D2,254,22
F565B2,254,14
F565E5,255,110
F56715,255,275
F56880,255,110
F5696E,255,79
F5697B,255,165
F5698D,11,7
F5698D,255,134
F5699E,11,10
F5699E,255,158
F569EA,255,164
F56AF4,11,2
F56AF4,255,135
F56B84,255,190
F56DB1,11,9
F56DB1,255,120
F56DC6,255,126
F56E84,254,22
F56FE6,255,175
F57088,255,94
F570E8,11,19
F570E8,255,188
F5717A,255,132
F57273,254,16
F57328,11,5
F57328,255,362
F57371,255,294
F5739F,255,375
F573A3,254,29
F576E0,254,23
F5778F,255,149
F5779F,254,22
F578DB,254,31
F57994,254,17
F57A9F,255,131
F57ACA,254,19
F57BDE,254,20
F57CB0,255,486
F57D66,255,115
F57ED6,255,168
F58084,255,357
F58177,254,41
F581DF,11,11
F581DF,255,260
F582AF,254,27
F582C2,255,150
F5836D,254,25
F58379,255,31
F58388,254,8
F58398,11,4
F58398,255,141
F583E1,11,17
F583E1,255,94
F584BA,255,113
F584CC,11,20
F584CC,255,200
F584F0,11,16
F584F0,255,86
F584FD,255,147
F585D1,11,5
F585D1,255,208
F585FA,254,23
F58789,255,94
F58880,255,130
F5888B,11,2
F5888B,255,98
F58968,255,158
F5896D,0,2
F5896D,11,45
F5896D,255,460
F589A8,255,91
F589AF,255,119
F58A75,254,11
F58A86,255,107
F58A98,11,2
F58A98,255,175
F58AA6,254,36
F58AF6,255,125
F58BB1,255,256
F58C7B,11,27
F58C7B,255,314
F58CA6,255,117
F58CC6,255,105
F58DC1,255,230
F58DC2,255,102
F58DEB,254,28
F58DEB,255,389
F58E68,0,1
F58E68,11,27
F58E68,255,203
F58EB1,255,54
F58ED3,11,12
F58ED3,255,146
F58F9E,254,15
F58FB3,11,13
F58FB3,255,253
F58FDB,255,127
F58FFC,255,80
F59094,255,413
F590C8,254,27
F59185,11,8
F59185,255,229
F591AE,11,16
F591AE,255,432
F59283,255,133
F592E3,255,91
F59495,255,98
F594AA,255,154
F594FC,255,185
F5966B,255,123
F5967E,254,29
F59745,11,45
F59745,255,406
F597BE,254,30
F59866,255,108
F59A03,255,272
F59AB8,11,18
F59AB8,255,171
F59AC5,254,29
F59AEE,255,382
F59C64,255,88
F59C73,255,102
F59DAD,254,26
F59DBE,255,398
F59EB7,255,137
F59EC6,255,155
F59ED5,255,143
F59FA4,254,25
F59FEB,254,31
F5A074,11,11
F5A074,255,316
F5A0D5,255,193
F5A1C3,254,23
F5A39D,255,151
F5A40E,255,689
F5A476,255,310
F5A4AF,11,10
F5A4AF,255,194
F5A58F,11,28
F5A58F,255,435
F5A678,255,64
F5A6D7,255,63
F5A6EA,11,21
F5A6EA,255,85
F5A86A,11,15
F5A86A,255,122
F5A8C3,255,146
F5A9B3,255,568
F5AA75,255,116
F5AAD1,255,84
F5AB5A,11,3
F5AB5A,255,474
F5ABE2,254,36
F5AC91,11,5
F5AC91,255,208
F5AC94,11,11
F5AC94,255,220
F5ACF2,255,114
F5AFC0,0,1
F5AFC0,11,6
F5AFC0,255,135
F5B0B5,255,136
F5B283,255,130
F5B374,11,8
F5B374,255,195
F5B4C8,11,27
F5B4C8,255,465
F5B4E3,254,25
F5B4E4,255,87
F5B56A,255,87
F5B59C,255,113
F5B68F,254,26
F5B6AC,11,15
F5B6AC,255,131
F5B6C4,255,128
F5B6D4,255,102
F5B780,255,262
F5B79B,255,84
F5B7A9,254,27
F5B8A6,254,22
F5BDCB,255,149
F5BF86,254,25
F5BF8C,254,25
F5BFDB,254,26
F5C17D,11,16
F5C17D,255,132
F5C218,11,13
F5C218,255,292
F5C3DB,255,122
F5C41A,255,261
F5C4C9,11,3
F5C4C9,255,124
F5C528,255,368
F5C62C,255,396
F5C6D9,254,19
F5C6DA,11,31
F5C6DA,255,249
F5C6DF,255,112
F5C6E5,255,117
F5C88E,255,134
F5C9BE,255,106
F5CA8B,255,123
F5CAE1,255,116
F5CBD2,255,90
F5CBE5,254,28
F5CC82,255,283
F5CCEF,2,1
F5CCEF,11,13
F5CCEF,255,243
F5CE94,255,314
F5CFB5,255,359
F5CFD8,254,21
F5D088,254,22
F5D1A0,255,121
F5D364,254,26
F5D392,255,135
F5D455,11,9
F5D455,255,365
F5D46A,254,27
F5D5EB,254,25
F5D66A,255,103
F5D67D,255,130
F5D7C9,11,5
F5D7C9,255,147
F5D7EC,254,41
F5D7F4,255,122
F5D9AA,11,2
F5D9AA,255,122
F5DA6D,255,87
F5DED0,255,162
F5DF1A,255,496
F5DF1B,11,13
F5DF1B,255,1176
F5DFAF,255,102
F5E073,254,24
F5E171,255,197
F5E19D,255,149
F5E1E9,255,276
F5E1F6,254,35
F5E295,255,77
F5E298,255,145
F5E487,255,150
F5E4FB,11,17
F5E4FB,255,143
F5E6A2,255,351
F5E7F5,255,118
F5E85D,11,5
F5E85D,255,244
F5E965,11,5
F5E965,255,116
F5E99D,255,134
F5EAB1,11,7
F5EAB1,255,278
F5EABB,11,26
F5EABB,255,118
F5EBAD,254,26
F5EBC9,254,40
F5EBEA,255,114
F5EC00,11,2
F5EC00,255,312
F5EC90,255,79
F5ECCF,254,31
F5EDA0,255,223
F5EDDE,254,19
F5EE97,11,11
F5EE97,255,128
F5F092,255,101
F5F197,254,38
F5F39D,255,93
F5F3DF,255,160
F5F3E2,255,175
F5F485,255,195
F5F516,255,289
F5F58D,255,650
F5F594,11,1
F5F594,255,335
F5F5FC,255,86
F5F875,255,120
F5F895,254,31
F5F957,11,27
F5F957,255,280
F5F972,255,356
F5F974,255,170
F5FA88,255,167
F5FA99,255,188
F5FB7C,255,394
F5FB9E,255,125
F5FBF6,11,9
F5FBF6,255,380
F5FD79,255,81
F5FDAD,255,100
F5FDB1,255,102
F5FDE0,255,124
F5FE8F,254,42
F5FF22,11,2
F5FF22,255,253
F5FF27,255,403
F60113,255,532
F607C3,255,303
F61261,11,11
F61261,255,322
F6131C,11,15
F6131C,255,291
F613DC,254,17
F61932,11,23
F61932,255,424
F61A82,254,33
F61A9F,11,3
F61A9F,255,363
F61CB1,255,316
F61D03,255,436
F61D66,254,27
F61E42,11,34
F61E42,255,381
F620C5,254,34
F62142,255,493
F62217,255,311
F62670,254,15
F6282F,255,440
F6317E,255,320
F633E0,11,16
F633E0,255,105
F637D6,11,24
F637D6,255,112
F637D7,255,377
F637DD,254,20
F63AC5,255,98
F63EEF,11,10
F63EEF,255,264
F63EF0,11,17
F63EF0,255,288
F64350,255,293
F6436A,11,17
F6436A,255,142
F649E0,254,24
F64A04,255,365
F64AD5,11,9
F64AD5,255,214
F64DA0,11,4
F64DA0,255,321
F652FC,254,23
F65830,255,192
F65893,255,280
F65C9C,254,24
F65CAA,254,30
F65FCD,11,10
F65FCD,255,59
F660E1,11,5
F660E1,255,154
F66470,11,6
F66470,255,135
F66475,255,151
F66490,255,214
F66492,11,4
F66492,255,114
F66570,255,413
F665CE,11,26
F665CE,255,287
F665DE,11,6
F665DE,255,99
F66673,11,27
F66673,255,228
F666F9,11,1
F666F9,255,101
F66979,255,171
F66984,255,107
F66A77,255,239
F66A94,254,26
F66A96,255,193
F66ABB,254,27
F66AC2,255,128
F66AD0,254,19
F66DB6,255,104
F66ED5,255,76
F66EED,11,19
F66EED,255,158
F66FAF,254,31
F66FF1,255,312
F670D4,11,2
F670D4,255,296
F671A3,11,6
F671A3,255,84
F673DB,255,130
F673E4,255,76
F673FE,11,10
F673FE,255,230
F674D1,255,131
F674F1,255,271
F6766C,254,15
F676B1,254,22
F67765,254,25
F679E3,254,22
F67AB3,255,128
F67AF3,255,110
F67B72,11,12
F67B72,255,151
F67B9C,254,26
F67D74,11,1
F67D74,255,107
F67D81,254,24
F67D87,11,6
F67D87,255,73
F67D8E,11,13
F67D8E,255,132
F67DA0,255,112
F67DD9,11,3
F67DD9,255,116
F67EF8,254,11
F67F93,255,81
F68079,255,104
F681B5,11,27
F681B5,254,21
F681B5,255,224
F681C9,255,107
F68214,255,116
F68215,11,17
F68215,255,236
F682B9,11,18
F682B9,255,134
F682C2,254,25
F682FA,255,123
F683C7,255,131
F6849B,255,136
F684B9,255,158
F686DB,11,9
F686DB,255,123
F68778,254,27
F68873,255,108
F68891,11,7
F68891,255,92
F68893,11,22
F68893,255,210
F68976,255,114
F68A3D,11,2
F68A3D,255,316
F68A93,254,27
F68BF1,255,140
F68CB1,255,80
F68D8A,255,165
F68EED,254,21
F68FEE,255,134
F6901A,255,283
F69265,255,98
F692D4,11,4
F692D4,255,186
F692F5,11,10
F692F5,255,115
F69375,255,124
F6937D,11,4
F6937D,255,155
F693AA,254,26
F693DA,255,149
F6949D,254,17
F694B4,11,9
F694B4,255,99
F694EC,254,2
F694EC,255,99
F69574,11,5
F69574,255,155
F696F7,255,101
F697F4,255,163
F69838,11,12
F69838,255,178
F69839,255,267
F699F2,255,124
F699F3,255,100
F69CBB,255,156
F69D6F,255,278
F69EAA,254,4
F69EAA,255,38
F69EC6,255,120
F69FBC,254,31
F69FC5,254,19
F6A0F0,255,108
F6A3F6,254,16
F6A493,0,1
F6A493,11,6
F6A493,255,267
F6A57F,11,9
F6A57F,255,137
F6A5EC,11,29
F6A5EC,255,1149
F6A681,255,121
F6A880,254,27
F6A8B9,255,210
F6A8BA,11,21
F6A8BA,255,191
F6A954,255,184
F6AB85,254,28
F6ABB9,254,18
F6ABEE,255,94
F6ABFE,254,17
F6AEA0,254,21
F6AF9B,254,24
F6AFE3,255,149
F6B099,255,101
F6B170,255,88
F6B1A9,254,21
F6B2B3,255,85
F6B2F9,11,17
F6B2F9,255,159
F6B3DA,0,1
F6B3DA,11,5
F6B3DA,255,364
F6B56D,255,88
F6B5AE,255,106
F6B5EF,255,102
F6B66C,254,29
F6B74D,11,7
F6B74D,255,258
F6B765,255,134
F6B879,255,145
F6B8B0,254,20
F6B8D9,255,107
F6B9F2,255,79
F6BAB7,255,171
F6BAF5,255,91
F6BB98,255,33
F6BC64,11,12
F6BC64,255,171
F6BC68,255,102
F6BD96,255,175
F6BDC5,255,115
F6BDCF,254,28
F6BDFC,11,19
F6BDFC,255,275
F6BE85,11,15
F6BE85,255,146
F6BE90,254,28
F6BF6D,0,1
F6BF6D,11,9
F6BF6D,255,184
F6BF8D,255,129
F6BFB7,254,32
F6C28D,255,94
F6C668,255,123
F6C683,255,113
F6C6AC,254,23
F6C6F5,255,124
F6C9A9,255,142
F6C9FB,254,25
F6CADA,254,41
F6CAF9,254,16
F6CB82,11,6
F6CB82,255,372
F6CB9D,11,27
F6CB9D,255,208
F6CEA7,254,23
F6CF45,255,461
F6CF79,255,162
F6D026,11,48
F6D026,255,294
F6D17E,254,26
F6D272,255,94
F6D28F,254,24
F6D28F,255,144
F6D2A4,11,1
F6D2A4,255,198
F6D2F4,0,1
F6D2F4,11,12
F6D2F4,255,103
F6D3D1,255,125
F6D406,255,150
F6D5DE,255,223
F6D682,255,123
F6D8AE,254,33
F6D8BD,255,128
F6D8DB,254,16
F6D9C2,255,393
F6D9C6,11,3
F6D9C6,255,208
F6DA77,255,87
F6DB67,255,165
F6DBA8,255,407
F6DBD2,11,4
F6DBD2,255,216
F6DC80,254,25
F6DD81,255,106
F6DDF2,254,21
F6E065,255,91
F6E076,255,203
F6E0C7,11,3
F6E0C7,255,342
F6E0D2,255,70
F6E4C7,11,22
F6E4C7,255,358
F6E66D,11,8
F6E66D,255,401
F6E66E,11,12
F6E66E,255,322
F6E692,255,137
F6E778,254,30
F6E7B2,11,8
F6E7B2,255,118
F6E9AF,255,88
F6E9EE,255,460
F6E9F7,254,25
F6EAA0,255,124
F6EB9B,255,116
F6EBAC,255,115
F6EBCC,255,222
F6ECD0,255,123
F6ECF9,255,243
F6EDE2,255,163
F6EEA4,255,146
F6EFA3,11,10
F6EFA3,255,109
F6F0DE,255,236
F6F172,255,44
F6F368,255,78
F6F372,255,149
F6F474,255,166
F6F5C0,255,140
F6F5C1,254,15
F6F79D,11,15
F6F79D,255,352
F6F7BA,255,319
F6F8C6,255,114
F6F91B,11,12
F6F91B,255,437
F6FAC7,254,36
F6FB75,11,6
F6FB75,255,110
F6FE6E,11,17
F6FE6E,255,238
F6FEBF,255,156
F6FECE,255,398
F7006E,11,29
F7006E,255,502
F701A9,255,261
F705A5,11,3
F705A5,255,174
F70A6A,255,174
F70AFC,255,281
F70EB6,255,134
F710B7,255,107
F71897,11,32
F71897,255,190
F71C7F,11,5
F71C7F,255,70
F7248B,255,176
F726AE,255,155
F729C1,2,1
F729C1,11,19
F729C1,255,77
F72AE6,255,103
F72B87,255,180
F72B97,11,6
F72B97,255,278
F734C1,255,184
F736E8,255,109
F738E3,255,104
F74082,255,116
F743C1,1,1
F743C1,11,32
F743C1,255,374
F743D6,255,160
F743FE,255,220
F74586,255,159
F7476F,254,18
F74E73,11,4
F74E73,255,119
F751ED,255,145
F751EE,255,225
F752B1,11,7
F752B1,255,77
F75C01,255,197
F75CA1,254,23
F75CD8,11,3
F75CD8,255,72
F75D74,11,16
F75D74,255,66
F75F6F,11,20
F75F6F,255,360
F75F8B,11,13
F75F8B,255,111
F763AF,255,117
F764D4,254,15
F764E4,11,20
F764E4,255,285
F7668E,254,25
F766E6,11,5
F766E6,255,233
F766E7,255,101
F766E8,11,10
F766E8,255,135
F769DC,255,98
F76A6E,255,138
F76B1E,255,164
F76B1F,255,320
F76B67,255,105
F76B7B,255,168
F76B8B,255,137
F76BAD,11,2
F76BAD,255,214
F76C58,255,345
F76CF8,254,21
F76E9F,255,126
F77084,11,5
F77084,255,254
F770B2,11,14
F770B2,255,78
F770EF,254,25
F770F3,255,353
F7716D,254,20
F77198,254,13
F7719D,255,97
F77271,11,5
F77271,255,160
F77367,254,22
F7738E,11,19
F7738E,255,128
F77492,255,110
F774AA,255,137
F775BF,255,224
F77651,11,11
F77651,255,650
F776D4,254,15
F7799C,255,95
F77AB2,255,142
F77C76,255,203
F77CA1,255,82
F77CA5,11,1
F77CA5,255,120
F77CC6,255,155
F77D47,11,18
F77D47,255,272
F77D7E,254,22
F780C2,255,278
F780D4,254,28
F78285,254,12
F783A3,255,127
F783B5,11,13
F783B5,255,66
F786DB,255,373
F7877A,255,162
F787FA,254,14
F7881B,255,267
F78889,254,25
F789D3,255,186
F78AEB,254,18
F78AFB,255,219
F78BA4,254,23
F78BD6,254,27
F78D70,254,23
F78D74,255,128
F78DE2,254,28
F78FBC,254,29
F793C5,11,12
F793C5,255,141
F794D6,255,461
F79566,255,145
F79572,254,35
F795EE,254,28
F7968F,254,2
F7968F,255,296
F796E4,255,129
F79798,254,23
F79894,255,114
F798C3,254,29
F798CB,255,88
F79934,255,371
F7996F,254,26
F79988,255,134
F799F2,11,3
F799F2,255,155
F799F6,254,21
F79A7D,11,15
F79A7D,255,306
F79B7A,255,125
F79BC0,255,295
F79D71,254,28
F79D7D,255,204
F79F6F,11,3
F79F6F,255,84
F7A280,11,10
F7A280,255,225
F7A2D0,255,355
F7A493,255,98
F7A4DE,255,117
F7A5CF,254,16
F7A66C,254,1
F7A69C,254,29
F7A7DB,255,155
F7A861,255,323
F7A8C4,11,6
F7A8C4,255,157
F7A9A9,255,122
F7AAA6,254,21
F7AABF,255,103
F7AACA,254,25
F7AACC,254,30
F7AB76,254,19
F7ABF9,254,31
F7ACFB,255,102
F7ADA1,255,104
F7ADF0,11,15
F7ADF0,255,313
F7AE88,255,164
F7AEFA,11,9
F7AEFA,255,74
F7AFF6,255,150
F7B0A2,11,16
F7B0A2,255,125
F7B1AC,255,112
F7B1F4,11,18
F7B1F4,255,211
F7B36C,11,9
F7B36C,255,210
F7B37D,255,132
F7B3BD,255,180
F7B478,2,1
F7B478,11,14
F7B478,255,75
F7B4F2,11,4
F7B4F2,255,202
F7B5C7,254,14
F7B66E,254,28
F7B688,255,241
F7B783,254,26
F7B89C,11,9
F7B89C,255,500
F7B92E,11,6
F7B92E,255,183
F7BA5B,255,382
F7BBAF,11,3
F7BBAF,255,118
F7BCB9,255,134
F7BD22,255,602
F7BDEA,254,30
F7BE99,255,93
F7BFAC,255,101
F7C18C,11,2
F7C18C,255,141
F7C190,254,23
F7C1CD,255,129
F7C1E4,255,116
F7C271,255,125
F7C2D2,255,260
F7C2F6,11,6
F7C2F6,255,91
F7C32B,11,32
F7C32B,255,550
F7C3CF,255,77
F7C3D7,255,106
F7C49C,254,38
F7C4DC,255,215
F7C57A,255,226
F7C5BC,254,18
F7C6C8,254,20
F7C79A,255,154
F7C7F5,11,1
F7C7F5,255,118
F7C8BB,11,6
F7C8BB,255,221
F7C96D,254,21
F7CA04,255,324
F7CAD5,11,1
F7CAD5,255,146
F7CCDE,11,1
F7CCDE,255,90
F7CD66,254,30
F7CD8F,254,18
F7CD9F,254,33
F7CDFC,254,32
F7CFA6,11,7
F7CFA6,255,96
F7D0D2,255,366
F7D0ED,11,18
F7D0ED,255,104
F7D0FA,255,103
F7D175,11,10
F7D175,255,200
F7D4D9,255,146
F7D4DE,255,154
F7D4FA,255,109
F7D7A4,254,32
F7D7A8,255,96
F7D89B,254,33
F7D8EF,11,6
F7D8EF,255,66
F7D98D,254,18
F7D9FC,255,188
F7DC9C,255,170
F7DDD0,255,214
F7E065,255,96
F7E099,255,267
F7E0CA,254,22
F7E182,255,245
F7E1BD,11,1
F7E1BD,255,221
F7E268,254,20
F7E3F0,255,95
F7E4B2,254,21
F7E4BF,255,255
F7E4E9,11,12
F7E4E9,255,161
F7E591,254,27
F7E5F4,11,35
F7E5F4,255,241
F7E793,11,1
F7E793,255,199
F7E7FB,255,111
F7E955,255,628
F7EBCD,255,131
F7EC42,255,297
F7ECB2,254,5
F7ECB2,255,192
F7ECB3,255,299
F7EE6C,254,25
F7EED1,254,23
F7EEE5,255,106
F7EF90,254,34
F7EF94,254,32
F7EFF4,11,7
F7EFF4,255,114
F7F099,11,6
F7F099,255,163
F7F0CA,255,131
F7F13C,11,4
F7F13C,255,264
F7F1AB,11,2
F7F1AB,255,228
F7F276,11,17
F7F276,255,305
F7F3B2,255,205
F7F5C7,255,131
F7F69F,255,91
F7F6BA,254,28
F7F79C,254,27
F7FABF,255,125
F7FAD4,11,9
F7FAD4,255,153
F7FB7A,255,113
F7FCC3,255,162
F7FCE1,255,76
F7FD10,255,264
F7FD78,254,22
F7FDE5,255,440
F7FDF6,255,88
F8018C,255,86
F802FD,255,138
F804C4,255,242
F80D6A,255,473
F80DBB,255,114
F812CD,1,1
F812CD,11,24
F812CD,255,572
F81485,255,285
F81786,255,240
F81BA6,255,132
F81C9B,255,428
F81DEA,254,28
F822C0,255,340
F82873,255,382
F82D0C,11,9
F82D0C,255,277
F8348F,255,241
F835DE,11,18
F835DE,255,158
F83943,255,244
F839AE,11,23
F839AE,255,372
F83BFA,255,266
F83CF0,254,19
F84408,255,383
F84459,255,313
F8448E,11,12
F8448E,255,96
F846F1,254,33
F849B0,11,9
F849B0,255,94
F84B95,255,108
F84EAA,11,14
F84EAA,255,88
F852A7,254,21
F852C3,11,8
F852C3,255,68
F854B1,255,395
F8556D,11,6
F8556D,255,128
F86178,255,148
F864BC,255,161
F86572,254,21
F865DA,255,135
F866F6,255,274
F86776,255,108
F86792,255,159
F867F7,11,19
F867F7,255,204
F86970,255,252
F8699F,255,138
F869BA,255,263
F86AA0,255,169
F86B6A,255,265
F86B7A,254,38
F86C96,255,96
F86CA8,254,31
F86DF5,11,12
F86DF5,255,156
F86E92,255,77
F86FCF,255,117
F87137,255,265
F87198,255,390
F871B0,254,21
F871F3,11,3
F871F3,255,61
F87280,255,127
F872DD,255,403
F87381,255,180
F87457,255,368
F875BC,255,181
F87608,11,11
F87608,255,488
F876CB,254,28
F8779A,254,16
F877D2,254,20
F877FB,11,13
F877FB,255,236
F878BA,255,142
F879FE,255,147
F87AB9,11,14
F87AB9,255,234
F87B90,255,256
F87C6D,255,144
F87CD4,255,276
F87CED,11,13
F87CED,255,125
F87E7F,254,24
F87E9D,255,305
F87EA9,255,208
F87EC2,254,15
F87FD9,11,11
F87FD9,255,99
F87FDD,254,25
F88066,255,136
F88089,254,22
F880FB,255,125
F88199,11,11
F88199,255,189
F881D6,255,72
F882D8,254,22
F883B7,255,72
F883CF,254,33
F8848C,255,171
F884D5,255,102
F885A5,11,11
F885A5,255,101
F885B4,255,133
F88684,255,369
F88771,255,103
F88786,255,433
F887A9,254,14
F887B8,254,26
F887C8,255,302
F889CA,255,90
F889DC,255,82
F88A6F,11,8
F88A6F,255,144
F88B9D,11,22
F88B9D,255,366
F88BB1,255,175
F88D89,255,130
F88D95,254,22
F88E8D,254,28
F88EC1,11,5
F88EC1,255,190
F8923B,11,22
F8923B,255,470
F89279,254,23
F89317,11,2
F89317,255,253
F893AE,254,27
F893CA,255,86
F89408,11,13
F89408,255,328
F89445,11,2
F89445,255,504
F89481,255,69
F894D8,254,26
F89587,254,20
F895A3,11,1
F895A3,255,142
F896F1,254,33
F89884,255,85
F8996B,255,144
F89ACE,254,18
F89C91,254,21
F89D67,255,111
F89D9E,254,20
F89E9A,255,83
F89F78,255,119
F8A0F9,254,33
F8A38E,11,10
F8A38E,255,307
F8A3E5,11,16
F8A3E5,255,67
F8A3EB,11,5
F8A3EB,255,81
F8A47A,255,149
F8A568,11,12
F8A568,255,139
F8A5E8,255,96
F8A67F,255,111
F8A9B4,254,36
F8AA79,255,245
F8ACF5,254,19
F8ADC6,11,8
F8ADC6,255,96
F8ADCF,254,32
F8AEE6,255,64
F8AF80,11,20
F8AF80,255,304
F8AF81,11,4
F8AF81,255,210
F8B087,254,22
F8B245,255,253
F8B36E,255,115
F8B3FE,255,71
F8B47E,254,18
F8B509,255,353
F8B5A4,255,90
F8B78C,254,18
F8B7F0,255,137
F8B88D,11,7
F8B88D,255,172
F8B88E,255,209
F8BB6B,11,10
F8BB6B,255,424
F8BC94,254,25
F8BCCA,255,210
F8BFB2,11,10
F8BFB2,255,924
F8BFCF,254,31
F8C0F9,254,29
F8C1C1,255,132
F8C288,255,82
F8C44A,255,322
F8C485,254,15
F8C49A,254,16
F8C586,255,451
F8C5BE,255,145
F8C5CD,254,25
F8C69D,255,53
F8C6E7,11,7
F8C6E7,255,199
F8C6F5,255,152
F8C7FD,254,24
F8C9A0,11,14
F8C9A0,255,63
F8CB64,254,19
F8CC04,11,15
F8CC04,255,279
F8CD8E,254,25
F8D0F9,255,406
F8D179,254,27
F8D1AB,255,71
F8D295,255,167
F8D2AC,254,30
F8D4DD,255,118
F8D4F9,254,20
F8D58E,255,128
F8D5EE,11,15
F8D5EE,255,251
F8D6E9,11,27
F8D6E9,255,329
F8D8E1,254,11
F8D9B8,254,26
F8D9CF,254,22
F8D9E6,11,10
F8D9E6,255,122
F8DBF1,255,81
F8DDA0,254,3
F8DDA0,255,71
F8DFB5,255,176
F8E08B,255,143
F8E0D1,11,13
F8E0D1,255,361
F8E18F,255,115
F8E290,255,183
F8E297,255,122
F8E321,11,14
F8E321,255,416
F8E3C8,255,104
F8E4E2,254,23
F8E588,11,20
F8E588,255,113
F8E5DE,254,19
F8E7A9,255,205
F8E9AB,254,18
F8E9B6,11,7
F8E9B6,255,175
F8E9E4,254,18
F8ED80,255,271
F8EDAB,254,32
F8EDB2,11,3
F8EDB2,255,115
F8EDE7,254,26
F8EE6A,254,22
F8EF89,255,175
F8EFB4,11,6
F8EFB4,255,297
F8F06D,255,91
F8F278,255,131
F8F27E,255,155
F8F2BF,255,211
F8F376,255,261
F8F46D,255,776
F8F57E,254,14
F8F6F2,255,256
F8F784,11,9
F8F784,255,288
F8F7CA,255,127
F8F87E,255,112
F8F8A9,254,1
F8F8A9,255,412
F8F992,11,7
F8F992,255,126
F8FA64,254,22
F8FB0D,255,511
F8FB44,255,205
F8FDA0,11,36
F8FDA0,255,434
F8FDC4,11,1
F8FDC4,255,133
F8FE28,11,14
F8FE28,255,115
F8FE9D,255,141
F8FEB2,255,194
F902F6,11,8
F902F6,255,272
F90393,255,305
F90486,255,131
F90696,11,31
F90696,255,289
F9076F,11,9
F9076F,255,200
F90A33,11,19
F90A33,255,352
F90A34,255,225
F90B55,11,21
F90B55,255,426
F910CA,255,433
F91470,254,20
F91A3A,11,9
F91A3A,255,424
F91BBD,254,20
F920A8,0,1
F920A8,255,66
F92374,11,5
F92374,255,129
F9238E,255,128
F923BF,255,295
F9272D,255,236
F92F45,11,7
F92F45,255,311
F93047,255,331
F936E2,11,10
F936E2,255,81
F93CE3,254,25
F93E69,255,229
F93FC1,11,9
F93FC1,255,111
F9446E,255,175
F9451A,255,440
F94553,11,7
F94553,255,238
F949F3,11,18
F949F3,255,96
F95397,254,27
F953F5,11,14
F953F5,255,421
F955B3,255,164
F956B0,255,218
F956B1,255,217
F95C10,1,1
F95C10,11,22
F95C10,255,372
F95CC6,255,119
F95D02,255,361
F95EA0,255,123
F960A4,255,351
F962F3,255,121
F96468,254,28
F964B0,254,24
F96585,254,5
F965E2,255,114
F96613,11,8
F96613,255,393
F96666,255,92
F9667D,255,235
F967E4,11,3
F967E4,255,156
F96AA3,255,87
F96AD6,255,80
F96BAC,255,145
F96BB9,255,150
F96C9B,255,236
F96CC4,255,149
F96EBD,255,118
F97094,11,2
F97094,255,147
F970B8,255,81
F9716E,255,153
F971AD,254,27
F971BD,255,99
F97566,255,100
F9756F,255,125
F975B0,255,130
F975DF,255,337
F975FF,11,22
F975FF,255,133
F97600,255,314
F976C0,255,142
F9789E,11,23
F9789E,255,223
F97A7D,255,131
F97AA8,255,153
F97AC8,254,18
F97AD2,255,355
F97AF8,11,7
F97AF8,255,86
F97C9B,255,111
F97D10,255,466
F97D8A,255,73
F97E90,254,24
F97FCC,11,6
F97FCC,255,190
F97FEB,255,126
F98072,254,21
F980FB,254,21
F98183,255,119
F981EC,254,28
F982E2,11,12
F982E2,255,77
F98368,254,24
F9839F,255,198
F983A3,254,20
F983BE,255,70
F984B1,254,27
F985C8,255,66
F987DB,255,165
F988CD,255,159
F988EA,255,116
F98AC0,254,26
F98CA9,255,87
F98CEC,255,123
F98CFA,255,218
F98DBE,11,5
F98DBE,255,119
F98FA8,255,104
F98FEA,255,87
F990A1,255,227
F990AF,255,100
F9914C,11,4
F9914C,255,264
F991FD,11,6
F991FD,255,120
F993DC,254,31
F993EF,255,98
F99473,255,124
F99587,255,106
F995E8,255,93
F99672,255,138
F996C3,255,81
F9979D,11,10
F9979D,255,141
F997EA,255,152
F997ED,255,151
F9985A,11,19
F9985A,255,408
F999CF,11,11
F999CF,255,145
F99A6F,11,12
F99A6F,255,117
F99AA3,254,28
F99AB2,11,2
F99AB2,255,108
F99AD2,0,1
F99AD2,11,10
F99AD2,255,111
F99B75,255,205
F99B97,11,20
F99B97,255,460
F99C90,255,197
F99D6C,255,130
F99D89,254,23
F99EC2,11,13
F99EC2,255,93
F99FE1,255,219
F99FEF,255,187
F9A0B9,254,31
F9A2CF,254,17
F9A49F,11,3
F9A49F,255,256
F9A53F,11,3
F9A53F,255,340
F9A68F,254,25
F9A770,254,26
F9A8D9,11,17
F9A8D9,255,291
F9A987,254,32
F9AA90,255,127
F9AACF,255,198
F9AAFE,1,1
F9AAFE,11,6
F9AAFE,255,142
F9AB85,255,117
F9ABA1,11,20
F9ABA1,255,119
F9ABA5,255,215
F9ABFC,255,90
F9AC41,255,353
F9AC7E,11,13
F9AC7E,255,244
F9ACD6,255,153
F9AD6A,255,164
F9ADF1,254,18
F9AFF3,254,24
F9B146,11,4
F9B146,255,297
F9B2A3,11,18
F9B2A3,255,108
F9B3A5,254,7
F9B3A5,255,131
F9B4DC,11,21
F9B4DC,255,387
F9B63B,255,327
F9B68A,255,270
F9B6E6,255,107
F9B6F0,11,9
F9B6F0,255,72
F9B8B1,255,124
F9B8F5,11,4
F9B8F5,255,128
F9B9D7,255,112
F9BA37,255,414
F9BA6D,254,35
F9BAAF,255,103
F9BB80,255,211
F9BB8A,254,30
F9BBB1,11,11
F9BBB1,255,378
F9BBD0,254,26
F9BC8A,11,10
F9BC8A,255,63
F9BCF3,255,128
F9BD6C,255,78
F9BDDE,255,156
F9BEC3,255,96
F9BEEA,254,31
F9BF99,255,121
F9BFFA,255,136
F9C1A7,11,23
F9C1A7,255,132
F9C366,11,26
F9C366,255,203
F9C373,11,22
F9C373,255,122
F9C395,254,26
F9C4DF,255,138
F9C5B9,255,169
F9C5BF,255,64
F9C71E,255,364
F9C8DF,255,79
F9C9C7,255,108
F9CAC9,254,34
F9CC8F,11,1
F9CC8F,255,91
F9CCD4,254,25
F9CCEB,255,104
F9CD95,11,9
F9CD95,255,97
F9CDC4,255,77
F9CDEF,255,130
F9CE86,255,104
F9CE94,11,3
F9CE94,255,187
F9CF96,11,35
F9CF96,255,258
F9CFAB,11,3
F9CFAB,255,451
F9D0B2,255,403
F9D285,255,163
F9D2CE,255,104
F9D36F,11,14
F9D36F,255,90
F9D38F,254,29
F9D484,255,140
F9D494,255,71
F9D4B6,255,237
F9D545,255,270
F9D546,255,376
F9D5FF,255,191
F9D66D,255,164
F9D6C2,254,25
F9D786,254,25
F9D79F,11,6
F9D79F,255,168
F9D987,254,22
F9DA9C,255,75
F9DBBB,255,107
F9DBED,255,143
F9DC93,254,35
F9DCC8,255,57
F9DDB3,11,1
F9DDB3,255,86
F9DE67,255,114
F9DE69,255,88
F9DFFC,255,54
F9E170,254,14
F9E195,11,8
F9E195,255,154
F9E2B2,254,20
F9E38D,255,132
F9E4D7,255,98
F9E581,255,91
F9E685,254,22
F9E7DD,11,6
F9E7DD,255,61
F9E7EE,255,401
F9E813,11,10
F9E813,255,293
F9E879,255,102
F9E8B8,254,22
F9E985,255,113
F9E991,11,21
F9E991,255,229
F9E99C,255,170
F9EA90,255,391
F9EAFD,255,105
F9EEF1,255,167
F9EEF2,2,1
F9EEF2,11,35
F9EEF2,254,3
F9EEF2,255,278
F9EFC3,255,103
F9F092,255,137
F9F0BE,255,78
F9F180,255,101
F9F1B4,254,24
F9F1E4,255,206
F9F420,255,554
F9F4B1,255,93
F9F5C8,254,35
F9F666,11,4
F9F666,255,194
F9F799,255,106
F9F7C1,255,76
F9F7DB,255,414
F9F9C1,11,2
F9F9C1,255,345
F9F9ED,254,37
F9FB91,254,32
F9FBB7,254,37
FA0593,255,118
FA08DF,254,24
FA0D42,11,1
FA0D42,255,532
FA1182,255,268
FA124F,255,347
FA12CF,255,546
FA1481,255,417
FA169C,254,26
FA1898,255,116
FA19E3,255,108
FA1B7E,255,286
FA1CF1,254,39253
FA1CF1,255,1
FA1CF2,11,6
FA1CF2,255,257
FA1F0D,11,38
FA1F0D,255,411
FA1F91,11,1
FA1F91,255,107
FA1FA9,255,106
FA2382,255,689
FA23A2,254,26
FA259A,11,26
FA259A,255,272
FA25E7,255,245
FA2C8B,11,22
FA2C8B,255,199
FA2C8C,11,15
FA2C8C,255,208
FA2CF8,255,129
FA2F96,255,538
FA3447,11,3
FA3447,255,163
FA34B6,11,6
FA34B6,255,274
FA3778,255,142
FA3A0E,255,646
FA3A69,11,9
FA3A69,255,280
FA3D76,255,589
FA40F1,255,92
FA42E6,255,123
FA446B,255,107
FA46B2,254,22
FA46B2,255,183
FA4AA7,255,272
FA4AF0,11,25
FA4AF0,255,277
FA4B5C,255,302
FA4E16,255,389
FA56F0,255,147
FA5DD0,255,233
FA61FE,255,132
FA62A1,255,109
FA64B9,11,15
FA64B9,255,149
FA6699,255,110
FA66AD,254,26
FA66CE,1,1
FA66CE,11,21
FA66CE,255,246
FA67AD,255,116
FA68D7,255,104
FA6A77,11,11
FA6A77,255,229
FA6AA7,11,7
FA6AA7,255,149
FA6AB7,255,156
FA6B7F,11,12
FA6B7F,255,252
FA6C9B,255,121
FA6FBC,255,372
FA6FEB,255,114
FA70FA,255,230
FA719C,255,136
FA71FC,255,85
FA72F7,255,158
FA7329,255,162
FA732A,11,23
FA732A,255,207
FA75A7,254,23
FA75E0,255,265
FA774B,255,181
FA774C,11,24
FA774C,255,377
FA78A4,255,102
FA79B3,255,142
FA79D1,255,157
FA7A85,11,6
FA7A85,255,75
FA7AC2,255,168
FA7AD1,255,94
FA7CBD,11,25
FA7CBD,255,204
FA7DB2,11,4
FA7DB2,255,93
FA7FA2,11,35
FA7FA2,255,440
FA7FE8,11,16
FA7FE8,255,152
FA80EE,11,9
FA80EE,255,97
FA8135,255,296
FA81D9,255,285
FA81DA,255,226
FA82E2,255,139
FA82F1,254,34
FA82FD,255,124
FA8373,255,110
FA839A,254,41
FA83B9,255,177
FA83F4,254,39
FA84BE,255,100
FA8691,254,23
FA8776,255,252
FA8783,255,278
FA87EC,255,158
FA8874,255,137
FA8995,254,26
FA89B1,254,39
FA89BC,255,96
FA89EC,255,209
FA8A8F,254,10
FA8CC1,11,3
FA8CC1,255,129
FA8D9F,11,19
FA8D9F,255,77
FA8DA3,254,27
FA8E6A,255,121
FA8EF1,254,25
FA8EFF,11,6
FA8EFF,255,617
FA912C,11,19
FA912C,255,270
FA93A8,254,28
FA948E,11,10
FA948E,255,81
FA96BC,254,32
FA96C0,11,20
FA96C0,255,248
FA979C,255,293
FA98E6,254,24
FA99B5,255,116
FA9BD4,255,122
FA9BE2,255,154
FA9BEB,254,33
FA9E0D,11,12
FA9E0D,255,275
FA9E1C,11,11
FA9E1C,255,361
FAA1F8,255,91
FAA272,255,98
FAA281,254,28
FAA294,11,2
FAA294,255,108
FAA331,11,13
FAA331,255,284
FAA382,254,6
FAA471,255,95
FAA477,254,28
FAA47C,11,2
FAA47C,255,919
FAA4B6,255,98
FAA5F2,254,9
FAA664,255,130
FAA6C1,255,285
FAA8D7,11,10
FAA8D7,255,503
FAA9EB,11,12
FAA9EB,255,118
FAAB48,255,197
FAAB7E,11,14
FAAB7E,255,108
FAADC8,254,31
FAADE6,255,208
FAAE6F,255,154
FAAEE7,255,134
FAAEE9,255,278
FAAFCA,255,94
FAAFED,255,106
FAB083,254,38
FAB176,254,23
FAB3B3,255,127
FAB3DF,255,303
FAB3F3,0,2
FAB3F3,11,10
FAB3F3,255,168
FAB485,254,30
FAB4C2,254,28
FAB5C7,255,81
FAB6B4,254,23
FAB774,11,4
FAB774,255,100
FAB79B,255,180
FAB7C7,255,82
FAB86F,255,69
FAB888,255,135
FABA6C,255,102
FABA96,254,30
FABACB,255,89
FABAD0,255,119
FABBDD,254,20
FABC6A,255,314
FABC82,255,351
FABDCB,255,97
FABE83,255,235
FABE90,254,33
FABF73,254,28
FABF73,255,109
FAC0F5,254,36
FAC1B0,255,323
FAC288,255,105
FAC2AE,255,232
FAC36D,254,25
FAC3CA,11,10
FAC3CA,255,112
FAC3FB,255,117
FAC475,11,7
FAC475,255,983
FAC4E5,255,464
FAC4EC,11,15
FAC4EC,255,128
FAC579,254,25
FAC6C6,255,151
FAC8A0,255,247
FAC9B9,254,23
FAC9BB,255,440
FACB53,255,495
FACB64,255,53
FACBF9,255,169
FACCA1,254,21
FACD89,11,5
FACD89,255,109
FACD8A,255,353
FAD0C4,255,86
FAD16D,255,143
FAD2D3,255,276
FAD4D7,11,7
FAD4D7,255,174
FAD4ED,11,9
FAD4ED,255,90
FAD7DB,255,117
FAD9AE,254,23
FADA7C,254,22
FADA9A,254,23
FADBC4,255,203
FADE9F,255,158
FADEE1,11,20
FADEE1,255,335
FADEE2,255,244
FADF93,255,226
FADFD0,255,142
FAE089,11,7
FAE089,255,401
FAE1B0,255,336
FAE1DC,2,1
FAE1DC,11,6
FAE1DC,255,121
FAE2D6,255,126
FAE45F,255,244
FAE4C5,255,125
FAE5F9,11,6
FAE5F9,255,206
FAE73B,11,7
FAE73B,255,114
FAE765,254,41
FAE8D4,254,29
FAE9D1,255,239
FAEB91,254,22
FAEBB5,255,119
FAEC82,254,27
FAECD8,255,94
FAEDDF,255,225
FAEE96,255,103
FAF1B5,255,118
FAF251,255,399
FAF277,254,25
FAF27C,254,15
FAF2CE,11,6
FAF2CE,255,69
FAF3F7,255,276
FAF465,255,130
FAF487,254,25
FAF4D6,255,156
FAF68B,254,29
FAF705,11,10
FAF705,255,332
FAF706,11,23
FAF706,255,862
FAF79B,255,115
FAF7B6,0,2
FAF7B6,11,3
FAF7B6,254,14
FAF7B7,11,13
FAF7B7,254,3722
FAF7B8,255,264
FAF7D8,11,13
FAF7D8,255,106
FAF7F8,11,4
FAF7F8,255,92
FAFA6A,255,413
FAFBC2,11,4
FAFBC2,255,184
FAFD72,11,9
FAFD72,255,394
FAFD82,254,21
FAFD9F,255,102
FAFDF3,255,89
FB0684,254,23
FB0A56,255,293
FB0DE7,255,223
FB11AD,255,313
FB148C,254,25
FB159E,255,131
FB159F,255,467
FB16A8,255,88
FB18CE,254,26
FB1AF4,255,80
FB1C4C,255,293
FB1EB7,11,19
FB1EB7,255,381
FB20DE,11,19
FB20DE,255,240
FB259B,11,12
FB259B,255,91
FB25C0,11,29
FB25C0,255,265
FB285C,11,4
FB285C,255,274
FB2B33,0,1
FB2B33,11,13
FB2B33,255,610
FB2EC3,254,16
FB32AB,255,182
FB332F,255,418
FB35E0,11,2
FB35E0,255,81
FB391A,2,1
FB391A,11,17
FB391A,255,183
FB391B,255,235
FB439E,255,138
FB497B,11,16
FB497B,255,258
FB497C,11,15
FB497C,255,177
FB4ED6,11,12
FB4ED6,255,483
FB5013,11,6
FB5013,255,302
FB5014,11,27
FB5014,255,338
FB5151,255,148
FB57B7,11,36
FB57B7,255,373
FB6148,11,3
FB6148,255,534
FB6243,11,18
FB6243,255,344
FB64EB,255,137
FB658B,255,123
FB6766,255,221
FB6770,11,20
FB6770,255,343
FB6874,254,33
FB69FE,11,8
FB69FE,255,108
FB6BF5,255,103
FB6D72,254,30
FB6DC3,255,110
FB6EEA,255,199
FB6FEF,11,23
FB6FEF,255,253
FB70BD,11,6
FB70BD,255,116
FB72C9,255,107
FB73BB,255,229
FB7488,255,108
FB748F,255,85
FB7675,254,22
FB769D,255,150
FB77D6,11,10
FB77D6,255,116
FB78BF,11,5
FB78BF,255,153
FB7B6E,254,33
FB7B8B,255,134
FB7BA1,11,22
FB7BA1,255,90
FB7D78,11,5
FB7D78,255,208
FB7E73,254,26
FB7F7D,255,157
FB7F8C,255,128
FB8076,254,24
FB8196,255,246
FB81DF,11,39
FB81DF,255,412
FB828F,254,27
FB83FE,255,141
FB8627,11,30
FB8627,255,495
FB8669,255,160
FB8674,255,90
FB896A,11,10
FB896A,255,186
FB89C4,255,218
FB8CB6,255,86
FB8CD4,254,15
FB8D7C,11,15
FB8D7C,255,107
FB8D7D,11,3
FB8D7D,255,89
FB8DB7,255,94
FB90CE,11,7
FB90CE,255,130
FB916C,255,144
FB91C5,255,78
FB9290,255,83
FB9296,11,6
FB9296,255,103
FB929A,11,4
FB929A,255,517
FB92B5,255,151
FB93C8,11,3
FB93C8,255,162
FB9490,255,200
FB94FC,11,21
FB94FC,255,213
FB95B9,11,22
FB95B9,255,484
FB95CA,255,94
FB95F1,11,10
FB95F1,255,158
FB966C,254,32
FB9680,11,10
FB9680,255,130
FB9685,255,168
FB969C,254,37
FB97BE,255,136
FB9994,11,23
FB9994,255,119
FB9AE6,255,97
FB9BB6,255,270
FB9C87,254,22
FB9C9D,255,677
FB9CD6,255,176
FB9DAE,255,78
FB9DBD,11,12
FB9DBD,255,529
FB9E83,11,6
FB9E83,255,84
FB9F68,254,23
FBA13A,255,359
FBA4C0,254,20
FBA56E,255,217
FBA5CC,254,23
FBA7E0,255,294
FBA7E8,255,123
FBA873,255,103
FBA8A2,255,388
FBA970,255,114
FBA973,255,163
FBA9F3,11,8
FBA9F3,255,67
FBAA85,255,110
FBAD91,254,25
FBADC2,254,25
FBADFD,254,21
FBAEE0,255,141
FBAF65,255,107
FBB077,255,202
FBB098,255,128
FBB0EE,11,4
FBB0EE,255,300
FBB0EF,255,620
FBB151,255,489
FBB2AD,255,115
FBB2FB,254,23
FBB397,255,153
FBB3C5,11,13
FBB3C5,255,129
FBB4AD,254,13
FBB4BF,11,7
FBB4BF,255,131
FBB4EF,255,300
FBB575,254,11
FBB5C4,254,23
FBB647,11,6
FBB647,255,313
FBB67B,255,176
FBB69E,255,245
FBB7EA,254,15
FBB9FB,255,136
FBBA64,254,32
FBBC69,254,24
FBBC86,255,186
FBBC8E,254,34
FBBCDD,255,137
FBBDB3,2,1
FBBDB3,11,6
FBBDB3,255,186
FBBDB4,255,349
FBBE62,11,10
FBBE62,255,404
FBBE8D,255,77
FBBECF,11,22
FBBECF,255,125
FBC187,254,31
FBC1E9,254,30
FBC37D,255,252
FBC3A1,254,25
FBC459,11,42
FBC459,255,282
FBC4D2,11,3
FBC4D2,255,140
FBC59B,255,73
FBC5DD,255,100
FBC69F,11,23
FBC69F,255,179
FBC73F,255,519
FBC780,11,13
FBC780,255,62
FBC8EA,11,2
FBC8EA,255,150
FBC96B,11,12
FBC96B,255,106
FBCA89,11,7
FBCA89,255,81
FBCAB1,11,13
FBCAB1,255,127
FBCBDD,11,31
FBCBDD,255,640
FBCECA,255,135
FBD164,255,290
FBD2AE,254,26
FBD2B8,254,21
FBD2ED,255,150
FBD3BC,255,127
FBD3E3,11,23
FBD3E3,255,241
FBD3E9,255,241
FBD482,255,100
FBD490,11,18
FBD490,255,152
FBD4B0,254,23
FBD678,255,136
FBD687,255,100
FBD871,255,91
FBD874,255,359
FBD8C6,255,108
FBD9D9,255,88
FBDA67,254,22
FBDAE9,255,214
FBDB8E,254,28
FBDBC4,254,26
FBDE99,255,121
FBE0A1,255,115
FBE0EA,255,89
FBE21C,11,1
FBE21C,255,436
FBE29B,255,272
FBE36C,255,266
FBE40B,255,284
FBE7FB,254,15
FBE8B8,255,157
FBE8DD,255,141
FBE8F3,254,32
FBEA91,255,191
FBECC0,11,12
FBECC0,255,296
FBEDE3,255,79
FBEED0,11,18
FBEED0,255,218
FBEEF5,254,33
FBEEFC,11,8
FBEEFC,255,87
FBEF81,254,25
FBF09D,255,104
FBF0CD,11,13
FBF0CD,255,73
FBF124,254,1
FBF124,255,134
FBF125,255,171
FBF18A,255,126
FBF194,254,22
FBF199,254,21
FBF270,11,10
FBF270,255,274
FBF2E4,255,85
FBF370,255,88
FBF46F,11,2
FBF46F,254,1
FBF46F,255,120
FBF470,11,21
FBF470,255,269
FBF47C,255,190
FBF47E,254,39
FBF56D,255,194
FBF6FC,255,80
FBF766,255,145
FBF7AA,254,30
FBFABF,255,101
FBFACB,11,6
FBFACB,255,266
FBFBAF,254,18
FBFC7A,254,11
FBFCB3,255,99
FBFF7C,255,280
FC0978,254,28
FC1066,11,11
FC1066,255,181
FC1085,11,18
FC1085,255,546
FC10A7,11,3
FC10A7,255,396
FC10BB,255,309
FC10CD,11,25
FC10CD,255,376
FC1BFE,11,7
FC1BFE,255,200
FC1DDC,255,778
FC207F,255,86
FC23E2,255,412
FC26CF,255,497
FC299F,255,124
FC2CCF,255,406
FC2EAF,255,45
FC34C7,255,283
FC35F0,11,3
FC35F0,255,317
FC3AA4,11,22
FC3AA4,255,94
FC3C4F,255,331
FC3CD0,254,16
FC42C0,255,105
FC4676,11,12
FC4676,255,175
FC4844,11,11
FC4844,255,365
FC4847,11,24
FC4847,255,475
FC488A,11,15
FC488A,255,232
FC4D41,11,9
FC4D41,255,169
FC5B92,255,177
FC5DC4,255,137
FC5E1B,255,281
FC6275,255,456
FC64BE,255,258
FC65C8,254,18
FC6796,11,7
FC6796,254,21
FC6796,255,123
FC67D4,255,129
FC686B,255,151
FC6977,11,30
FC6977,255,249
FC699F,11,7
FC699F,255,154
FC6A80,255,140
FC6BB1,11,14
FC6BB1,255,85
FC6BE9,255,130
FC6BFC,11,21
FC6BFC,255,575
FC6D95,11,33
FC6D95,255,212
FC6DCD,11,7
FC6DCD,255,106
FC6E3C,11,4
FC6E3C,255,190
FC6E8D,255,134
FC6F97,255,97
FC70D0,255,272
FC70E1,254,34
FC71CB,11,10
FC71CB,255,105
FC72D8,255,122
FC72EE,11,11
FC72EE,255,220
FC73A6,254,18
FC7577,254,30
FC75A0,254,22
FC75E4,255,197
FC766B,11,30
FC766B,255,369
FC76CE,11,17
FC76CE,255,102
FC76E8,255,231
FC76FB,254,23
FC776B,11,3
FC776B,255,271
FC7873,11,1
FC7873,255,354
FC787A,255,104
FC7995,1,1
FC7995,11,5
FC7995,255,59
FC79E9,255,107
FC7AB4,11,2
FC7AB4,255,141
FC7AD7,11,13
FC7AD7,255,108
FC7BBE,255,74
FC7CE1,255,98
FC7DF1,254,17
FC7E7E,11,1
FC7E7E,255,95
FC7EC8,255,266
FC7EF0,254,20
FC7FAB,254,25
FC811E,255,161
FC8178,11,24
FC8178,255,120
FC81D7,11,16
FC81D7,255,108
FC81DD,254,31
FC82B2,11,11
FC82B2,255,335
FC8472,255,140
FC84C5,254,21
FC84E5,11,3
FC84E5,255,91
FC8553,255,230
FC8AC3,11,4
FC8AC3,255,383
FC8AF0,254,37
FC8B7B,255,101
FC8D9D,254,39
FC8E7D,11,21
FC8E7D,255,271
FC8E81,254,38
FC8F7A,11,19
FC8F7A,255,88
FC8FA0,254,27
FC8FD4,255,118
FC928B,255,134
FC928C,255,95
FC94BC,255,257
FC94DC,255,146
FC9565,255,69
FC959C,254,33
FC978A,254,24
FC97D0,255,148
FC9898,11,23
FC9898,255,226
FC98A9,255,91
FC98E9,11,8
FC98E9,255,168
FC9940,255,601
FC9977,255,156
FC9981,255,133
FC9991,254,21
FC9A89,254,29
FC9AB5,255,176
FC9B3E,255,188
FC9D6B,11,6
FC9D6B,255,244
FC9DCA,255,93
FC9E64,255,456
FCA0B0,254,28
FCA113,255,403
FCA16B,255,95
FCA18E,254,29
FCA1B9,254,14
FCA2EB,254,19
FCA4A0,254,32
FCA5C1,255,137
FCA681,255,142
FCA7E8,255,137
FCA822,255,340
FCA8A6,11,1
FCA8A6,255,400
FCA9B9,255,231
FCA9CE,255,350
FCAC78,254,27
FCADB8,11,16
FCADB8,255,100
FCAEEA,255,113
FCAF6F,11,1
FCAF6F,255,162
FCB3EA,254,25
FCB3EE,255,74
FCB3F9,254,31
FCB77C,255,120
FCB7E3,255,100
FCB8AA,11,6
FCB8AA,255,162
FCB8C7,255,195
FCB8F2,255,358
FCB97F,255,101
FCBA89,11,25
FCBA89,255,214
FCBA8F,255,124
FCBB8E,11,15
FCBB8E,255,147
FCBE64,11,2
FCBE64,255,208
FCBEB7,254,24
FCBFFB,11,1
FCBFFB,255,134
FCC0DC,254,29
FCC0EA,254,20
FCC226,11,5
FCC226,255,414
FCC2CA,255,125
FCC553,255,198
FCC866,11,21
FCC866,255,231
FCC88A,254,26
FCC994,255,463
FCC99B,254,29
FCC9A7,11,10
FCC9A7,255,203
FCCA00,255,138
FCCAF5,11,13
FCCAF5,255,294
FCCAFD,254,21
FCCBE1,254,9
FCCCAB,254,19
FCCD74,11,8
FCCD74,255,52
FCCD7A,254,29
FCD051,255,372
FCD0F1,11,5
FCD0F1,255,58
FCD0F6,11,5
FCD0F6,255,206
FCD19A,255,98
FCD29E,254,25
FCD2BB,255,150
FCD2C0,255,113
FCD2CE,254,17
FCD481,254,21
FCD59F,11,19
FCD59F,255,72
FCD5E4,254,24
FCD649,11,32
FCD649,255,374
FCD6E8,11,12
FCD6E8,255,104
FCD8B7,255,368
FCD8EF,255,133
FCD978,254,24
FCD9A1,11,13
FCD9A1,255,267
FCD9D9,254,20
FCDAED,255,150
FCDB7C,255,161
FCDB81,254,29
FCDB92,255,137
FCDBD6,255,78
FCDC80,255,314
FCDDAA,255,136
FCDE91,255,81
FCDF6D,255,91
FCDFFC,11,2
FCDFFC,255,190
FCE0B8,255,172
FCE0BF,254,4
FCE182,255,129
FCE1A0,255,146
FCE233,11,11
FCE233,255,341
FCE259,255,252
FCE274,11,6
FCE274,255,220
FCE383,255,101
FCE3CB,255,111
FCE6B9,11,10
FCE6B9,255,122
FCE7D4,255,135
FCE871,255,69
FCE8F9,255,82
FCE9A4,255,252
FCE9CB,255,119
FCEA7B,255,132
FCEAD0,255,74
FCEAEE,255,90
FCEBC2,255,105
FCECD5,255,120
FCEFD6,255,243
FCEFE1,254,27
FCEFE9,254,16
FCF07C,11,5
FCF07C,255,281
FCF0D3,11,15
FCF0D3,255,59
FCF18B,254,31
FCF19F,255,108
FCF1B3,255,131
FCF1EC,255,120
FCF2AB,255,89
FCF2F1,11,2
FCF2F1,255,217
FCF3EB,255,120
FCF789,1,1
FCF789,11,15
FCF789,255,61
FCF7E1,255,126
FCF9E4,254,23
FCF9E7,254,21
FCFAFE,254,20
FCFB80,11,29
FCFB80,255,292
FCFBA1,254,22
FCFCAD,11,31
FCFCAD,255,196
FCFDA4,255,132
FCFEE3,255,186
FD0312,255,321
FD0480,11,11
FD0480,255,183
FD0CF5,255,82
FD10C5,255,192
FD1155,11,13
FD1155,255,251
FD12C0,255,495
FD1683,11,32
FD1683,255,414
FD17AB,255,190
FD24AE,11,31
FD24AE,255,370
FD24DB,254,38
FD25A4,254,23
FD25F3,254,24
FD28CC,255,130
FD29C3,255,137
FD2B69,255,194
FD2CCA,254,25
FD2DC9,255,431
FD378F,255,107
FD3B1D,11,21
FD3B1D,255,256
FD3C73,255,168
FD3FDF,11,12
FD3FDF,255,81
FD424C,255,298
FD466E,255,572
FD4BCD,11,10
FD4BCD,255,174
FD4C4C,11,31
FD4C4C,255,330
FD4CC4,11,13
FD4CC4,255,92
FD4FE0,255,180
FD57ED,255,144
FD6154,11,25
FD6154,255,344
FD64D9,254,21
FD64F1,255,108
FD65BF,254,23
FD669F,255,98
FD66C8,255,97
FD69DE,254,20
FD6A9F,254,37
FD6ABD,255,139
FD6AE6,11,7
FD6AE6,255,183
FD6AE7,255,276
FD6AF6,255,208
FD6B80,254,24
FD6B86,255,129
FD6BBD,255,324
FD6CD4,254,40
FD6D6D,11,4
FD6D6D,255,94
FD6DFD,254,28
FD6F8C,254,3
FD6F8C,255,332
FD70C7,254,38
FD70F2,255,103
FD71BC,255,115
FD71C2,254,24
FD71D0,254,27
FD71D7,255,445
FD71F6,255,103
FD737C,254,25
FD7473,255,137
FD7480,255,155
FD74A5,254,26
FD751C,11,4
FD751C,255,786
FD75B4,11,20
FD75B4,255,188
FD75CC,11,17
FD75CC,255,67
FD75EE,255,89
FD779B,255,179
FD77D3,255,77
FD7825,11,34
FD7825,255,270
FD7868,255,226
FD7891,254,29
FD7892,255,132
FD79AB,255,193
FD79BE,255,149
FD7A72,255,231
FD7A7E,11,5
FD7A7E,255,153
FD7ACE,255,115
FD7ACF,255,107
FD7AEB,254,17
FD7B8F,11,12
FD7B8F,255,389
FD7BCC,254,26
FD7CBC,255,117
FD7CBD,255,93
FD7D87,255,118
FD7DAA,255,386
FD7DF6,254,22
FD7E83,255,106
FD812E,255,323
FD8282,11,7
FD8282,255,219
FD8293,11,19
FD8293,255,171
FD82A2,255,541
FD84F3,255,108
FD850A,255,271
FD8595,254,25
FD85DB,255,90
FD8798,11,23
FD8798,255,148
FD891F,11,7
FD891F,255,344
FD89DF,255,121
FD8A81,255,93
FD8A8F,254,29
FD8AB9,254,20
FD8ABB,254,26
FD8AF5,255,344
FD8B89,255,272
FD8BB5,11,3
FD8BB5,255,320
FD8BD0,11,4
FD8BD0,255,103
FD8C5B,11,17
FD8C5B,255,517
FD8C71,255,99
FD8DB4,11,4
FD8DB4,255,87
FD8E69,11,7
FD8E69,255,112
FD8E7F,255,97
FD8FC8,254,24
FD9049,255,174
FD90E9,255,120
FD90F7,255,89
FD91D0,255,154
FD91DE,255,115
FD92C6,254,26
FD92D8,255,413
FD92E7,11,19
FD92E7,255,99
FD92EF,11,3
FD92EF,255,242
FD93EF,255,233
FD95C9,254,21
FD95ED,254,17
FD97EB,254,23
FD9821,11,8
FD9821,255,365
FD98C0,11,11
FD98C0,255,340
FD98D5,255,176
FD9971,255,264
FD99C5,255,156
FD99E7,254,25
FD9AA9,255,73
FD9AE6,255,131
FD9BBE,11,2
FD9BBE,255,51
FD9BF6,255,114
FD9C98,11,10
FD9C98,255,96
FD9CC4,255,130
FD9D14,255,334
FD9E82,254,31
FD9E90,254,21
FDA0A7,255,149
FDA1B4,254,17
FDA2B2,255,109
FDA2C1,255,192
FDA3CE,254,25
FDA564,254,23
FDA59B,254,16
FDA5ED,255,45
FDA5EE,11,5
FDA5EE,255,179
FDA669,11,9
FDA669,255,384
FDA66C,255,88
FDA693,11,20
FDA693,255,113
FDA7F0,255,227
FDA8E3,255,122
FDA8E4,254,38
FDA906,11,17
FDA906,255,336
FDABA8,255,68
FDAC93,255,79
FDACD1,255,88
FDADA0,255,96
FDAE0B,11,4
FDAE0B,255,284
FDAE0C,11,26
FDAE0C,255,297
FDAE7B,255,232
FDAF9D,255,148
FDB0D5,255,108
FDB297,254,26
FDB3B3,254,35
FDB3E7,11,13
FDB3E7,255,79
FDB47D,11,5
FDB47D,255,121
FDB4A7,255,119
FDB781,255,99
FDB867,254,19
FDB884,254,23
FDB960,255,264
FDB98F,255,383
FDB990,11,4
FDB990,255,157
FDB9CE,254,22
FDBA1A,11,10
FDBA1A,255,284
FDBA98,254,27
FDBAE6,255,88
FDBAF6,255,134
FDBB83,254,23
FDBBB9,255,262
FDBC21,11,3
FDBC21,255,533
FDBD83,255,146
FDBDB2,255,143
FDBDF7,254,5
FDBDF7,255,130
FDBF37,11,21
FDBF37,255,501
FDBF69,255,122
FDBF8F,255,129
FDC174,11,20
FDC174,255,346
FDC1EA,254,23
FDC2B3,11,21
FDC2B3,255,301
FDC2E5,11,13
FDC2E5,255,91
FDC376,254,18
FDC38A,255,81
FDC583,255,182
FDC5B9,11,7
FDC5B9,255,168
FDC690,255,255
FDC6A9,255,130
FDC7C7,255,224
FDC892,255,113
FDCB91,254,30
FDCBFE,255,116
FDCCD6,255,161
FDCD51,255,328
FDCDE9,255,165
FDCE13,255,434
FDCFDA,255,139
FDCFF3,255,340
FDD08B,255,276
FDD0BF,255,236
FDD0E0,255,145
FDD0E9,254,26
FDD0F3,254,33
FDD342,254,5
FDD342,255,220
FDD343,255,315
FDD492,255,107
FDD4C5,254,34
FDD4FC,255,180
FDD597,255,373
FDD6E1,11,22
FDD6E1,255,324
FDD7B0,11,10
FDD7B0,255,105
FDD8B8,255,101
FDD8C0,255,117
FDD8DC,255,91
FDD979,255,78
FDDCC1,255,127
FDDD67,254,22
FDDD7C,254,24
FDDDA0,255,80
FDDDA1,255,162
FDDDB8,11,7
FDDDB8,255,110
FDDF4F,11,29
FDDF4F,255,332
FDDF6E,254,31
FDDFC7,254,30
FDDFF6,255,106
FDE0A2,254,23
FDE0E4,254,3
FDE0E4,255,176
FDE1BD,11,15
FDE1BD,255,73
FDE2EF,255,111
FDE3DF,254,23
FDE57A,255,180
FDE57E,255,121
FDE584,254,23
FDE677,254,14
FDE7CE,255,116
FDE9B0,255,148
FDEA7C,254,13
FDEBA9,254,11
FDEBAA,254,24
FDECE3,255,75
FDED90,11,8
FDED90,255,141
FDEFC2,255,183
FDEFFA,255,113
FDF081,254,28
FDF0CE,255,117
FDF3B1,11,12
FDF3B1,255,52
FDF3BD,255,128
FDF468,255,172
FDF4D0,11,27
FDF4D0,255,88
FDF5AF,255,144
FDF5B4,11,7
FDF5B4,255,206
FDF5CA,255,100
FDF5D9,255,642
FDF5DF,255,159
FDF5EB,255,93
FDF679,255,129
FDF6AC,11,7
FDF6AC,255,299
FDF6C0,255,129
FDF7A1,254,8
FDF7B5,11,17
FDF7B5,255,113
FDF7F1,255,119
FDF8D2,254,23
FDF9E4,255,138
FDF9F4,255,98
FDFAC1,254,27
FDFACF,255,86
FDFB59,255,336
FDFB9D,255,112
FDFBC6,255,117
FDFC66,255,104
FDFC7E,254,18
FDFDD2,254,23
FDFEC9,255,239
FE0156,255,360
FE0450,11,20
FE0450,255,129
FE0BF4,11,11
FE0BF4,255,271
FE0D6E,11,6
FE0D6E,255,128
FE10BE,255,139
FE170B,11,20
FE170B,255,232
FE1AE1,255,89
FE1E21,255,185
FE1FC7,255,137
FE2164,255,93
FE249E,255,147
FE2717,11,60
FE2717,255,577
FE2AAA,11,1
FE2AAA,255,137
FE2E12,11,22
FE2E12,255,370
FE2F92,255,93
FE30E0,255,83
FE312D,255,372
FE3186,11,25
FE3186,255,403
FE3256,255,753
FE32F4,255,126
FE37CC,255,89
FE37FC,255,112
FE3A8F,255,474
FE3B6B,255,89
FE3FF8,255,304
FE401A,11,14
FE401A,255,209
FE409E,254,31
FE4328,255,289
FE4786,254,14
FE49BB,11,11
FE49BB,255,124
FE4B22,255,392
FE4EF9,11,1
FE4EF9,255,493
FE52EB,254,32
FE53D7,255,128
FE54F0,11,6
FE54F0,254,5
FE54F0,255,224
FE5679,11,38
FE5679,255,488
FE56DD,255,504
FE56F9,11,4
FE56F9,255,467
FE57D0,255,122
FE5CB2,255,265
FE5E73,11,24
FE5E73,255,181
FE5EA6,255,78
FE5F12,255,230
FE618C,255,392
FE62A1,255,121
FE62CA,254,23
FE648A,255,101
FE64C5,255,108
FE65A6,254,22
FE688C,255,78
FE68AB,255,248
FE69A4,255,87
FE69E9,11,8
FE69E9,255,102
FE6CD5,255,115
FE6DC2,255,85
FE6EC8,11,3
FE6EC8,255,157
FE6FFB,255,153
FE7064,254,29
FE70B0,254,25
FE7126,255,211
FE71B5,255,106
FE7276,255,124
FE7282,11,2
FE7282,255,67
FE73F7,254,34
FE75DB,255,101
FE769A,254,9
FE76FA,254,22
FE778F,254,30
FE77C2,254,25
FE79EB,255,277
FE7AA7,254,21
FE7ADF,254,21
FE7B33,11,5
FE7B33,255,248
FE7B6C,255,525
FE7BA7,255,378
FE7C7A,255,113
FE7F83,11,28
FE7F83,255,151
FE7FEC,11,3
FE7FEC,255,270
FE80D7,255,125
FE81F6,255,70
FE8299,255,119
FE82C7,255,92
FE8396,254,20
FE84AE,255,106
FE85E7,255,148
FE86BA,255,91
FE86C0,255,135
FE86E3,255,70
FE86EB,11,13
FE86EB,255,96
FE8737,255,436
FE8891,254,30
FE88FB,255,554
FE8996,255,111
FE89B2,254,19
FE89BE,255,493
FE8A7B,255,178
FE8AB1,254,25
FE8B54,255,681
FE8C94,255,155
FE8CFF,11,24
FE8CFF,255,254
FE8EAB,255,126
FE8EF2,255,218
FE8F1B,11,11
FE8F1B,255,395
FE8F88,254,21
FE8F8A,11,11
FE8F8A,255,136
FE8F94,11,21
FE8F94,255,328
FE8FF3,254,32
FE90D7,255,258
FE91B7,255,97
FE91DC,11,31
FE91DC,255,507
FE92DF,254,22
FE94A5,254,22
FE95D1,255,124
FE969F,11,16
FE969F,255,459
FE96FA,255,325
FE9767,255,148
FE9874,11,18
FE9874,255,214
FE98E6,254,22
FE9AA2,255,368
FE9B6B,254,16
FE9BD0,255,143
FE9D70,255,235
FE9D78,11,17
FE9D78,255,114
FE9D7C,255,185
FE9DAB,255,203
FE9EB5,255,154
FE9F78,255,56
FEA0CF,11,13
FEA0CF,255,137
FEA1A7,255,176
FEA294,254,21
FEA3C3,255,115
FEA47A,255,85
FEA4D4,255,133
FEA66B,254,21
FEA889,254,32
FEA88E,11,11
FEA88E,255,134
FEAAAC,255,106
FEAAF2,254,27
FEAB6D,255,86
FEACA0,255,194
FEACE5,255,305
FEB1AC,255,610
FEB408,11,7
FEB408,255,166
FEB575,255,150
FEB686,255,96
FEB7AC,11,21
FEB7AC,255,481
FEB7BD,255,142
FEB846,11,41
FEB846,255,211
FEB9A9,255,103
FEBA85,255,97
FEBAE3,254,27
FEBB83,254,25
FEBBBC,254,1
FEBBBC,255,41
FEBD8B,255,54
FEBE8E,254,20
FEBEA3,254,26
FEC0A2,255,185
FEC198,254,17
FEC1F8,255,148
FEC2D0,255,325
FEC368,255,131
FEC36E,0,1
FEC36E,11,3
FEC36E,255,420
FEC48C,254,24
FEC6B3,255,342
FEC6FB,11,3
FEC6FB,255,241
FEC9C6,255,100
FECAA5,254,30
FECCFC,255,103
FECD77,255,114
FECD9A,255,125
FECDC1,255,100
FECE68,254,2
FECF82,255,186
FED0A3,255,140
FED194,11,14
FED194,255,203
FED27F,255,150
FED2CB,254,26
FED4E0,255,95
FED5F4,255,240
FED69E,255,140
FED6B9,255,413
FED6EF,254,28
FED7BB,255,100
FED87C,11,3
FED87C,255,104
FED884,11,4
FED884,255,110
FED89F,255,85
FED8DF,255,110
FED9A8,254,27
FEDA9D,255,101
FEDAA2,255,206
FEDBD1,11,1
FEDBD1,255,56
FEDC7D,255,171
FEDCD9,255,102
FEDDDE,254,32
FEDE75,255,255
FEDE92,254,33
FEDFA7,254,28
FEE185,255,85
FEE293,254,26
FEE3CF,254,17
FEE3EE,255,403
FEE4B9,255,129
FEE777,255,192
FEE782,254,17
FEE7F1,11,31
FEE7F1,255,156
FEE9A8,254,21
FEEA85,255,110
FEEA95,255,139
FEEBB0,255,131
FEED6C,11,3
FEED6C,255,285
FEEE93,11,4
FEEE93,255,175
FEEE98,255,133
FEEF9C,255,112
FEEFBE,254,24
FEF05E,11,17
FEF05E,255,297
FEF167,255,125
FEF176,11,1
FEF176,255,113
FEF3EC,11,7
FEF3EC,255,157
FEF3F9,255,93
FEF5F3,11,11
FEF5F3,255,147
FEF665,255,125
FEF6F5,255,243
FEF76A,255,152
FEF773,255,143
FEF78F,255,70
FEF90B,255,370
FEFA4B,255,358
FEFAA2,254,28
FEFAD4,254,21
FEFAD5,255,214
FEFAF4,254,19
FEFBEB,255,233
FEFC76,255,126
FEFCD0,255,284
FEFD6F,254,19
FEFD7E,255,118
FEFDA5,255,103
FEFE81,11,6
FEFE81,255,138
FF0569,11,16
FF0569,255,115
FF08F2,255,571
FF14F8,255,323
FF151C,255,218
FF16C4,11,9
FF16C4,255,202
FF19BD,255,128
FF2318,255,242
FF237F,255,276
FF2499,11,8
FF2499,255,390
FF257D,11,32
FF257D,255,149
FF2958,11,15
FF2958,255,337
FF2C32,11,4
FF2C32,255,227
FF2CC8,255,327
FF2E8A,255,280
FF369C,255,430
FF37AB,11,5
FF37AB,255,413
FF3BAD,255,225
FF3CFF,255,373
FF3EBE,11,13
FF3EBE,255,426
FF3ED9,255,346
FF4096,255,379
FF41F5,255,474
FF448C,11,23
FF448C,255,353
FF4A71,1,1
FF4A71,11,17
FF4A71,255,410
FF4B59,11,7
FF4B59,255,250
FF5860,255,277
FF5881,255,275
FF6217,255,685
FF6931,255,159
FF6932,255,300
FF757F,11,17
FF757F,255,507
FF788C,11,5
FF788C,255,138
FF78E2,255,605
FF840B,11,22
FF840B,255,436
FF89EF,255,983
FF8A7B,11,5
FF8A7B,255,377
FF90E6,255,340
FF9932,255,322
FF9933,255,394
FF9AF0,254,5
FF9AF0,255,126
FF9AF1,255,336
FF9C48,11,14
FF9C48,255,372
FF9CD4,11,7
FF9CD4,255,353
FF9FCD,255,353
FFA64A,255,591
FFB048,11,4
FFB048,255,214
FFB555,1,1
FFB555,11,60
FFB555,255,549
FFB58D,11,22
FFB58D,255,235
FFC1F7,11,5
FFC1F7,255,354
FFC620,255,239
FFC6A3,255,341
FFC6FC,11,6
FFC6FC,255,185
FFC6FD,255,359
FFC910,11,9
FFC910,255,356
FFCDC5,255,262
FFD3F6,255,344
FFD595,255,622
FFD596,255,418
FFE2BC,255,293
FFE321,11,3
FFE321,255,381
FFECF0,255,305
FFF478,11,17
FFF478,255,250
FFFBA5,255,283
FFFBF7,11,40
FFFBF7,255,390
FFFBFB,255,441
FFFCD2,255,395
FFFCD3,255,271
