state_record_id,state_id,state_key,resource_kind,resource_key,amount,raw_value
STATE_RARHELIYA@map_data/state_regions/00_middle_senaxh.txt:1,1,STATE_RARHELIYA,arable,bg_livestock_ranches,,bg_livestock_ranches
STATE_RARHELIYA@map_data/state_regions/00_middle_senaxh.txt:1,1,STATE_RARHELIYA,arable,bg_wheat_farms,,bg_wheat_farms
STATE_RARHELIYA@map_data/state_regions/00_middle_senaxh.txt:1,1,STATE_RARHELIYA,arable,bg_tea_plantations,,bg_tea_plantations
STATE_RARHELIYA@map_data/state_regions/00_middle_senaxh.txt:1,1,STATE_RARHELIYA,arable,bg_dye_plantations,,bg_dye_plantations
STATE_RARHELIYA@map_data/state_regions/00_middle_senaxh.txt:1,1,STATE_RARHELIYA,arable,bg_sugar_plantations,,bg_sugar_plantations
STATE_RARHELIYA@map_data/state_regions/00_middle_senaxh.txt:1,1,STATE_RARHELIYA,capped,bg_coal_mining,124,124
STATE_RARHELIYA@map_data/state_regions/00_middle_senaxh.txt:1,1,STATE_RARHELIYA,capped,bg_iron_mining,321,321
STATE_RARHELIYA@map_data/state_regions/00_middle_senaxh.txt:1,1,STATE_RARHELIYA,capped,bg_gold_mining,34,34
STATE_RARHELIYA@map_data/state_regions/00_middle_senaxh.txt:1,1,STATE_RARHELIYA,capped,bg_logging,157,157
STATE_RYUVLROCZEAH@map_data/state_regions/00_middle_senaxh.txt:20,2,STATE_RYUVLROCZEAH,arable,bg_livestock_ranches,,bg_livestock_ranches
STATE_RYUVLROCZEAH@map_data/state_regions/00_middle_senaxh.txt:20,2,STATE_RYUVLROCZEAH,arable,bg_wheat_farms,,bg_wheat_farms
STATE_RYUVLROCZEAH@map_data/state_regions/00_middle_senaxh.txt:20,2,STATE_RYUVLROCZEAH,arable,bg_tea_plantations,,bg_tea_plantations
STATE_RYUVLROCZEAH@map_data/state_regions/00_middle_senaxh.txt:20,2,STATE_RYUVLROCZEAH,arable,bg_dye_plantations,,bg_dye_plantations
STATE_RYUVLROCZEAH@map_data/state_regions/00_middle_senaxh.txt:20,2,STATE_RYUVLROCZEAH,arable,bg_sugar_plantations,,bg_sugar_plantations
STATE_RYUVLROCZEAH@map_data/state_regions/00_middle_senaxh.txt:20,2,STATE_RYUVLROCZEAH,capped,bg_coal_mining,121,121
STATE_RYUVLROCZEAH@map_data/state_regions/00_middle_senaxh.txt:20,2,STATE_RYUVLROCZEAH,capped,bg_iron_mining,67,67
STATE_RYUVLROCZEAH@map_data/state_regions/00_middle_senaxh.txt:20,2,STATE_RYUVLROCZEAH,capped,bg_logging,204,204
STATE_AKTYVANA@map_data/state_regions/00_middle_senaxh.txt:39,3,STATE_AKTYVANA,arable,bg_livestock_ranches,,bg_livestock_ranches
STATE_AKTYVANA@map_data/state_regions/00_middle_senaxh.txt:39,3,STATE_AKTYVANA,arable,bg_wheat_farms,,bg_wheat_farms
STATE_AKTYVANA@map_data/state_regions/00_middle_senaxh.txt:39,3,STATE_AKTYVANA,capped,bg_logging,204,204
STATE_AKTYVANA@map_data/state_regions/00_middle_senaxh.txt:39,3,STATE_AKTYVANA,capped,bg_coal_mining,238,238
STATE_AKTYVANA@map_data/state_regions/00_middle_senaxh.txt:39,3,STATE_AKTYVANA,capped,bg_iron_mining,114,114
STATE_HAILREIYUEM@map_data/state_regions/00_middle_senaxh.txt:58,4,STATE_HAILREIYUEM,arable,bg_livestock_ranches,,bg_livestock_ranches
STATE_HAILREIYUEM@map_data/state_regions/00_middle_senaxh.txt:58,4,STATE_HAILREIYUEM,arable,bg_wheat_farms,,bg_wheat_farms
STATE_HAILREIYUEM@map_data/state_regions/00_middle_senaxh.txt:58,4,STATE_HAILREIYUEM,capped,bg_logging,204,204
STATE_HAILREIYUEM@map_data/state_regions/00_middle_senaxh.txt:58,4,STATE_HAILREIYUEM,capped,bg_iron_mining,345,345
STATE_HAILREIYUEM@map_data/state_regions/00_middle_senaxh.txt:58,4,STATE_HAILREIYUEM,capped,bg_coal_mining,94,94
STATE_KAELRINIAH@map_data/state_regions/00_middle_senaxh.txt:77,5,STATE_KAELRINIAH,arable,bg_cotton_plantations,,bg_cotton_plantations
STATE_KAELRINIAH@map_data/state_regions/00_middle_senaxh.txt:77,5,STATE_KAELRINIAH,arable,bg_coffee_plantations,,bg_coffee_plantations
STATE_KAELRINIAH@map_data/state_regions/00_middle_senaxh.txt:77,5,STATE_KAELRINIAH,arable,bg_tea_plantations,,bg_tea_plantations
STATE_KAELRINIAH@map_data/state_regions/00_middle_senaxh.txt:77,5,STATE_KAELRINIAH,arable,bg_livestock_ranches,,bg_livestock_ranches
STATE_KAELRINIAH@map_data/state_regions/00_middle_senaxh.txt:77,5,STATE_KAELRINIAH,arable,bg_wheat_farms,,bg_wheat_farms
STATE_KAELRINIAH@map_data/state_regions/00_middle_senaxh.txt:77,5,STATE_KAELRINIAH,capped,bg_logging,204,204
STATE_KAELRINIAH@map_data/state_regions/00_middle_senaxh.txt:77,5,STATE_KAELRINIAH,capped,bg_oil_extraction,205,205
STATE_EKKELRINVERKH@map_data/state_regions/00_middle_senaxh.txt:95,6,STATE_EKKELRINVERKH,arable,bg_livestock_ranches,,bg_livestock_ranches
STATE_EKKELRINVERKH@map_data/state_regions/00_middle_senaxh.txt:95,6,STATE_EKKELRINVERKH,arable,bg_wheat_farms,,bg_wheat_farms
STATE_EKKELRINVERKH@map_data/state_regions/00_middle_senaxh.txt:95,6,STATE_EKKELRINVERKH,arable,bg_dye_plantations,,bg_dye_plantations
STATE_EKKELRINVERKH@map_data/state_regions/00_middle_senaxh.txt:95,6,STATE_EKKELRINVERKH,capped,bg_logging,204,204
STATE_EKKELRINVERKH@map_data/state_regions/00_middle_senaxh.txt:95,6,STATE_EKKELRINVERKH,capped,bg_coal_mining,785,785
STATE_EKKELRINVERKH@map_data/state_regions/00_middle_senaxh.txt:95,6,STATE_EKKELRINVERKH,capped,bg_iron_mining,454,454
STATE_EKKELRINVERKH@map_data/state_regions/00_middle_senaxh.txt:95,6,STATE_EKKELRINVERKH,capped,bg_lead_mining,245,245
STATE_EKKELRINVERKH@map_data/state_regions/00_middle_senaxh.txt:95,6,STATE_EKKELRINVERKH,capped,bg_sulfur_mining,337,337
STATE_EKKELRINVERKH@map_data/state_regions/00_middle_senaxh.txt:95,6,STATE_EKKELRINVERKH,capped,bg_gold_mining,131,131
STATE_EKKELRINVERKH@map_data/state_regions/00_middle_senaxh.txt:95,6,STATE_EKKELRINVERKH,capped,bg_oil_extraction,114,114
STATE_EKKENXHIYUEM@map_data/state_regions/00_middle_senaxh.txt:118,7,STATE_EKKENXHIYUEM,arable,bg_wheat_farms,,bg_wheat_farms
STATE_EKKENXHIYUEM@map_data/state_regions/00_middle_senaxh.txt:118,7,STATE_EKKENXHIYUEM,arable,bg_livestock_ranches,,bg_livestock_ranches
STATE_EKKENXHIYUEM@map_data/state_regions/00_middle_senaxh.txt:118,7,STATE_EKKENXHIYUEM,arable,bg_tea_plantations,,bg_tea_plantations
STATE_EKKENXHIYUEM@map_data/state_regions/00_middle_senaxh.txt:118,7,STATE_EKKENXHIYUEM,arable,bg_silk_plantations,,bg_silk_plantations
STATE_EKKENXHIYUEM@map_data/state_regions/00_middle_senaxh.txt:118,7,STATE_EKKENXHIYUEM,arable,bg_opium_plantations,,bg_opium_plantations
STATE_EKKENXHIYUEM@map_data/state_regions/00_middle_senaxh.txt:118,7,STATE_EKKENXHIYUEM,capped,bg_logging,135,135
STATE_EKKENXHIYUEM@map_data/state_regions/00_middle_senaxh.txt:118,7,STATE_EKKENXHIYUEM,capped,bg_coal_mining,212,212
STATE_EKKENXHIYUEM@map_data/state_regions/00_middle_senaxh.txt:118,7,STATE_EKKENXHIYUEM,capped,bg_iron_mining,132,132
STATE_EKKENXHIYUEM@map_data/state_regions/00_middle_senaxh.txt:118,7,STATE_EKKENXHIYUEM,capped,bg_lead_mining,95,95
STATE_INXHIYUEM@map_data/state_regions/00_middle_senaxh.txt:138,8,STATE_INXHIYUEM,arable,bg_wheat_farms,,bg_wheat_farms
STATE_INXHIYUEM@map_data/state_regions/00_middle_senaxh.txt:138,8,STATE_INXHIYUEM,arable,bg_sugar_plantations,,bg_sugar_plantations
STATE_INXHIYUEM@map_data/state_regions/00_middle_senaxh.txt:138,8,STATE_INXHIYUEM,arable,bg_banana_plantations,,bg_banana_plantations
STATE_INXHIYUEM@map_data/state_regions/00_middle_senaxh.txt:138,8,STATE_INXHIYUEM,capped,bg_logging,124,124
STATE_RELRAVHRINTH@map_data/state_regions/00_middle_senaxh.txt:155,9,STATE_RELRAVHRINTH,capped,bg_logging,84,84
STATE_ARIVH@map_data/state_regions/00_middle_senaxh.txt:172,10,STATE_ARIVH,arable,bg_wheat_farms,,bg_wheat_farms
STATE_ARIVH@map_data/state_regions/00_middle_senaxh.txt:172,10,STATE_ARIVH,arable,bg_wheat_farms,,bg_wheat_farms
STATE_ARIVH@map_data/state_regions/00_middle_senaxh.txt:172,10,STATE_ARIVH,arable,bg_coffee_plantations,,bg_coffee_plantations
STATE_ARIVH@map_data/state_regions/00_middle_senaxh.txt:172,10,STATE_ARIVH,capped,bg_logging,54,54
STATE_INXHELRIYUEM_ATHVANH@map_data/state_regions/00_middle_senaxh.txt:189,11,STATE_INXHELRIYUEM_ATHVANH,arable,bg_rye_farms,,bg_rye_farms
STATE_INXHELRIYUEM_ATHVANH@map_data/state_regions/00_middle_senaxh.txt:189,11,STATE_INXHELRIYUEM_ATHVANH,arable,bg_silk_plantations,,bg_silk_plantations
STATE_INXHELRIYUEM_ATHVANH@map_data/state_regions/00_middle_senaxh.txt:189,11,STATE_INXHELRIYUEM_ATHVANH,arable,bg_opium_plantations,,bg_opium_plantations
STATE_INXHELRIYUEM_ATHVANH@map_data/state_regions/00_middle_senaxh.txt:189,11,STATE_INXHELRIYUEM_ATHVANH,capped,bg_coal_mining,142,142
STATE_INXHELRIYUEM_ATHVANH@map_data/state_regions/00_middle_senaxh.txt:189,11,STATE_INXHELRIYUEM_ATHVANH,capped,bg_iron_mining,114,114
STATE_INXHELRIYUEM_ATHVANH@map_data/state_regions/00_middle_senaxh.txt:189,11,STATE_INXHELRIYUEM_ATHVANH,capped,bg_sulfur_mining,54,54
STATE_RUVELRINION@map_data/state_regions/00_middle_senaxh.txt:208,12,STATE_RUVELRINION,arable,bg_wheat_farms,,bg_wheat_farms
STATE_RUVELRINION@map_data/state_regions/00_middle_senaxh.txt:208,12,STATE_RUVELRINION,arable,bg_livestock_ranches,,bg_livestock_ranches
STATE_RUVELRINION@map_data/state_regions/00_middle_senaxh.txt:208,12,STATE_RUVELRINION,arable,bg_coffee_plantations,,bg_coffee_plantations
STATE_RUVELRINION@map_data/state_regions/00_middle_senaxh.txt:208,12,STATE_RUVELRINION,arable,bg_dye_plantations,,bg_dye_plantations
STATE_RUVELRINION@map_data/state_regions/00_middle_senaxh.txt:208,12,STATE_RUVELRINION,arable,bg_tea_plantations,,bg_tea_plantations
STATE_RUVELRINION@map_data/state_regions/00_middle_senaxh.txt:208,12,STATE_RUVELRINION,arable,bg_opium_plantations,,bg_opium_plantations
STATE_RUVELRINION@map_data/state_regions/00_middle_senaxh.txt:208,12,STATE_RUVELRINION,capped,bg_logging,84,84
STATE_RUVELRINION@map_data/state_regions/00_middle_senaxh.txt:208,12,STATE_RUVELRINION,capped,bg_gold_mining,135,135
STATE_RUVELRINION@map_data/state_regions/00_middle_senaxh.txt:208,12,STATE_RUVELRINION,capped,bg_iron_mining,84,84
STATE_RUVELRINION@map_data/state_regions/00_middle_senaxh.txt:208,12,STATE_RUVELRINION,capped,bg_coal_mining,148,148
STATE_YUSELRENEYUEM@map_data/state_regions/00_middle_senaxh.txt:228,13,STATE_YUSELRENEYUEM,arable,bg_wheat_farms,,bg_wheat_farms
STATE_YUSELRENEYUEM@map_data/state_regions/00_middle_senaxh.txt:228,13,STATE_YUSELRENEYUEM,arable,bg_livestock_ranches,,bg_livestock_ranches
STATE_YUSELRENEYUEM@map_data/state_regions/00_middle_senaxh.txt:228,13,STATE_YUSELRENEYUEM,arable,bg_coffee_plantations,,bg_coffee_plantations
STATE_YUSELRENEYUEM@map_data/state_regions/00_middle_senaxh.txt:228,13,STATE_YUSELRENEYUEM,arable,bg_cotton_plantations,,bg_cotton_plantations
STATE_YUSELRENEYUEM@map_data/state_regions/00_middle_senaxh.txt:228,13,STATE_YUSELRENEYUEM,arable,bg_dye_plantations,,bg_dye_plantations
STATE_YUSELRENEYUEM@map_data/state_regions/00_middle_senaxh.txt:228,13,STATE_YUSELRENEYUEM,arable,bg_opium_plantations,,bg_opium_plantations
STATE_YUSELRENEYUEM@map_data/state_regions/00_middle_senaxh.txt:228,13,STATE_YUSELRENEYUEM,arable,bg_sugar_plantations,,bg_sugar_plantations
STATE_YUSELRENEYUEM@map_data/state_regions/00_middle_senaxh.txt:228,13,STATE_YUSELRENEYUEM,capped,bg_logging,135,135
STATE_RISVOAH@map_data/state_regions/00_middle_senaxh.txt:245,14,STATE_RISVOAH,arable,bg_wheat_farms,,bg_wheat_farms
STATE_RISVOAH@map_data/state_regions/00_middle_senaxh.txt:245,14,STATE_RISVOAH,arable,bg_livestock_ranches,,bg_livestock_ranches
STATE_RISVOAH@map_data/state_regions/00_middle_senaxh.txt:245,14,STATE_RISVOAH,capped,bg_logging,112,112
STATE_AXHTELRANTH@map_data/state_regions/00_middle_senaxh.txt:262,15,STATE_AXHTELRANTH,arable,bg_wheat_farms,,bg_wheat_farms
STATE_AXHTELRANTH@map_data/state_regions/00_middle_senaxh.txt:262,15,STATE_AXHTELRANTH,arable,bg_livestock_ranches,,bg_livestock_ranches
STATE_AXHTELRANTH@map_data/state_regions/00_middle_senaxh.txt:262,15,STATE_AXHTELRANTH,arable,bg_cotton_plantations,,bg_cotton_plantations
STATE_AXHTELRANTH@map_data/state_regions/00_middle_senaxh.txt:262,15,STATE_AXHTELRANTH,arable,bg_silk_plantations,,bg_silk_plantations
STATE_AXHTELRANTH@map_data/state_regions/00_middle_senaxh.txt:262,15,STATE_AXHTELRANTH,arable,bg_sugar_plantations,,bg_sugar_plantations
STATE_AXHTELRANTH@map_data/state_regions/00_middle_senaxh.txt:262,15,STATE_AXHTELRANTH,arable,bg_dye_plantations,,bg_dye_plantations
STATE_AXHTELRANTH@map_data/state_regions/00_middle_senaxh.txt:262,15,STATE_AXHTELRANTH,arable,bg_tea_plantations,,bg_tea_plantations
STATE_AXHTELRANTH@map_data/state_regions/00_middle_senaxh.txt:262,15,STATE_AXHTELRANTH,arable,bg_opium_plantations,,bg_opium_plantations
STATE_AXHTELRANTH@map_data/state_regions/00_middle_senaxh.txt:262,15,STATE_AXHTELRANTH,arable,bg_tobacco_plantations,,bg_tobacco_plantations
STATE_AXHTELRANTH@map_data/state_regions/00_middle_senaxh.txt:262,15,STATE_AXHTELRANTH,capped,bg_coal_mining,41,41
STATE_AHALRANENTH@map_data/state_regions/00_middle_senaxh.txt:279,16,STATE_AHALRANENTH,arable,bg_wheat_farms,,bg_wheat_farms
STATE_AHALRANENTH@map_data/state_regions/00_middle_senaxh.txt:279,16,STATE_AHALRANENTH,arable,bg_livestock_ranches,,bg_livestock_ranches
STATE_AHALRANENTH@map_data/state_regions/00_middle_senaxh.txt:279,16,STATE_AHALRANENTH,arable,bg_opium_plantations,,bg_opium_plantations
STATE_AHALRANENTH@map_data/state_regions/00_middle_senaxh.txt:279,16,STATE_AHALRANENTH,arable,bg_dye_plantations,,bg_dye_plantations
STATE_AHALRANENTH@map_data/state_regions/00_middle_senaxh.txt:279,16,STATE_AHALRANENTH,capped,bg_rubber,75,75
STATE_AHALRANENTH@map_data/state_regions/00_middle_senaxh.txt:279,16,STATE_AHALRANENTH,capped,bg_logging,111,111
STATE_KARFALRANTH@map_data/state_regions/00_middle_senaxh.txt:297,17,STATE_KARFALRANTH,arable,bg_wheat_farms,,bg_wheat_farms
STATE_KARFALRANTH@map_data/state_regions/00_middle_senaxh.txt:297,17,STATE_KARFALRANTH,arable,bg_livestock_ranches,,bg_livestock_ranches
STATE_KARFALRANTH@map_data/state_regions/00_middle_senaxh.txt:297,17,STATE_KARFALRANTH,capped,bg_lead_mining,67,67
STATE_KARFALRANTH@map_data/state_regions/00_middle_senaxh.txt:297,17,STATE_KARFALRANTH,capped,bg_gold_mining,7,7
STATE_KARFALRANTH@map_data/state_regions/00_middle_senaxh.txt:297,17,STATE_KARFALRANTH,capped,bg_rubber,45,45
STATE_TOTARANTH@map_data/state_regions/00_middle_senaxh.txt:316,18,STATE_TOTARANTH,arable,bg_wheat_farms,,bg_wheat_farms
STATE_TOTARANTH@map_data/state_regions/00_middle_senaxh.txt:316,18,STATE_TOTARANTH,arable,bg_livestock_ranches,,bg_livestock_ranches
STATE_TOTARANTH@map_data/state_regions/00_middle_senaxh.txt:316,18,STATE_TOTARANTH,capped,bg_logging,74,74
STATE_RAXHVELRANYA@map_data/state_regions/00_middle_senaxh.txt:333,19,STATE_RAXHVELRANYA,arable,bg_wheat_farms,,bg_wheat_farms
STATE_RAXHVELRANYA@map_data/state_regions/00_middle_senaxh.txt:333,19,STATE_RAXHVELRANYA,arable,bg_livestock_ranches,,bg_livestock_ranches
STATE_RAXHVELRANYA@map_data/state_regions/00_middle_senaxh.txt:333,19,STATE_RAXHVELRANYA,capped,bg_logging,35,35
STATE_ISVELRIYA@map_data/state_regions/00_middle_senaxh.txt:350,20,STATE_ISVELRIYA,arable,bg_wheat_farms,,bg_wheat_farms
STATE_ISVELRIYA@map_data/state_regions/00_middle_senaxh.txt:350,20,STATE_ISVELRIYA,arable,bg_livestock_ranches,,bg_livestock_ranches
STATE_ISVELRIYA@map_data/state_regions/00_middle_senaxh.txt:350,20,STATE_ISVELRIYA,capped,bg_iron_mining,75,75
STATE_ISVELRIYA@map_data/state_regions/00_middle_senaxh.txt:350,20,STATE_ISVELRIYA,capped,bg_sulfur_mining,34,34
STATE_ISVELRIYA@map_data/state_regions/00_middle_senaxh.txt:350,20,STATE_ISVELRIYA,capped,bg_oil_extraction,13,13
STATE_RIARHTO@map_data/state_regions/00_middle_senaxh.txt:369,21,STATE_RIARHTO,arable,bg_wheat_farms,,bg_wheat_farms
STATE_RIARHTO@map_data/state_regions/00_middle_senaxh.txt:369,21,STATE_RIARHTO,arable,bg_livestock_ranches,,bg_livestock_ranches
STATE_RIARHTO@map_data/state_regions/00_middle_senaxh.txt:369,21,STATE_RIARHTO,capped,bg_coal_mining,84,84
STATE_RIARHTO@map_data/state_regions/00_middle_senaxh.txt:369,21,STATE_RIARHTO,capped,bg_oil_extraction,324,324
STATE_KAFHVELRIYA@map_data/state_regions/00_middle_senaxh.txt:387,22,STATE_KAFHVELRIYA,arable,bg_wheat_farms,,bg_wheat_farms
STATE_KAFHVELRIYA@map_data/state_regions/00_middle_senaxh.txt:387,22,STATE_KAFHVELRIYA,arable,bg_livestock_ranches,,bg_livestock_ranches
STATE_KAFHVELRIYA@map_data/state_regions/00_middle_senaxh.txt:387,22,STATE_KAFHVELRIYA,capped,bg_logging,104,104
STATE_KAFHVELRIYA@map_data/state_regions/00_middle_senaxh.txt:387,22,STATE_KAFHVELRIYA,capped,bg_oil_extraction,38,38
STATE_IOHNITH@map_data/state_regions/00_middle_senaxh.txt:404,23,STATE_IOHNITH,arable,bg_wheat_farms,,bg_wheat_farms
STATE_IOHNITH@map_data/state_regions/00_middle_senaxh.txt:404,23,STATE_IOHNITH,arable,bg_livestock_ranches,,bg_livestock_ranches
STATE_IOHNITH@map_data/state_regions/00_middle_senaxh.txt:404,23,STATE_IOHNITH,capped,bg_logging,87,87
STATE_IOHNITH@map_data/state_regions/00_middle_senaxh.txt:404,23,STATE_IOHNITH,capped,bg_coal_mining,241,241
STATE_IOHNITH@map_data/state_regions/00_middle_senaxh.txt:404,23,STATE_IOHNITH,capped,bg_iron_mining,175,175
STATE_IOHNITH@map_data/state_regions/00_middle_senaxh.txt:404,23,STATE_IOHNITH,capped,bg_gold_mining,24,24
STATE_PIYERHTO@map_data/state_regions/00_middle_senaxh.txt:424,24,STATE_PIYERHTO,arable,bg_wheat_farms,,bg_wheat_farms
STATE_PIYERHTO@map_data/state_regions/00_middle_senaxh.txt:424,24,STATE_PIYERHTO,arable,bg_livestock_ranches,,bg_livestock_ranches
STATE_PIYERHTO@map_data/state_regions/00_middle_senaxh.txt:424,24,STATE_PIYERHTO,capped,bg_logging,124,124
STATE_NIXHTSELRANTH@map_data/state_regions/00_middle_senaxh.txt:441,25,STATE_NIXHTSELRANTH,arable,bg_wheat_farms,,bg_wheat_farms
STATE_NIXHTSELRANTH@map_data/state_regions/00_middle_senaxh.txt:441,25,STATE_NIXHTSELRANTH,arable,bg_livestock_ranches,,bg_livestock_ranches
STATE_NIXHTSELRANTH@map_data/state_regions/00_middle_senaxh.txt:441,25,STATE_NIXHTSELRANTH,capped,bg_logging,214,214
STATE_AVHTSELANTH@map_data/state_regions/00_middle_senaxh.txt:457,26,STATE_AVHTSELANTH,arable,bg_wheat_farms,,bg_wheat_farms
STATE_AVHTSELANTH@map_data/state_regions/00_middle_senaxh.txt:457,26,STATE_AVHTSELANTH,capped,bg_logging,65,65
STATE_AVHTSELANTH@map_data/state_regions/00_middle_senaxh.txt:457,26,STATE_AVHTSELANTH,capped,bg_sulfur_mining,34,34
STATE_AVHTSELANTH@map_data/state_regions/00_middle_senaxh.txt:457,26,STATE_AVHTSELANTH,capped,bg_iron_mining,75,75
STATE_RUTOTORIYUEM@map_data/state_regions/00_middle_senaxh.txt:475,27,STATE_RUTOTORIYUEM,arable,bg_wheat_farms,,bg_wheat_farms
STATE_RUTOTORIYUEM@map_data/state_regions/00_middle_senaxh.txt:475,27,STATE_RUTOTORIYUEM,arable,bg_livestock_ranches,,bg_livestock_ranches
STATE_RUTOTORIYUEM@map_data/state_regions/00_middle_senaxh.txt:475,27,STATE_RUTOTORIYUEM,arable,bg_sugar_plantations,,bg_sugar_plantations
STATE_RUTOTORIYUEM@map_data/state_regions/00_middle_senaxh.txt:475,27,STATE_RUTOTORIYUEM,arable,bg_dye_plantations,,bg_dye_plantations
STATE_RUTOTORIYUEM@map_data/state_regions/00_middle_senaxh.txt:475,27,STATE_RUTOTORIYUEM,arable,bg_tobacco_plantations,,bg_tobacco_plantations
STATE_RUTOTORIYUEM@map_data/state_regions/00_middle_senaxh.txt:475,27,STATE_RUTOTORIYUEM,arable,bg_opium_plantations,,bg_opium_plantations
STATE_RUTOTORIYUEM@map_data/state_regions/00_middle_senaxh.txt:475,27,STATE_RUTOTORIYUEM,arable,bg_cotton_plantations,,bg_cotton_plantations
STATE_RUTOTORIYUEM@map_data/state_regions/00_middle_senaxh.txt:475,27,STATE_RUTOTORIYUEM,capped,bg_logging,38,38
STATE_KUPALHACZAL@map_data/state_regions/00_middle_senaxh.txt:491,28,STATE_KUPALHACZAL,arable,bg_rye_farms,,bg_rye_farms
STATE_KUPALHACZAL@map_data/state_regions/00_middle_senaxh.txt:491,28,STATE_KUPALHACZAL,arable,bg_livestock_ranches,,bg_livestock_ranches
STATE_KUPALHACZAL@map_data/state_regions/00_middle_senaxh.txt:491,28,STATE_KUPALHACZAL,capped,bg_logging,104,104
STATE_KUPALHACZAL@map_data/state_regions/00_middle_senaxh.txt:491,28,STATE_KUPALHACZAL,capped,bg_gold_mining,7,7
STATE_SHUTHFAL@map_data/state_regions/00_middle_senaxh.txt:508,29,STATE_SHUTHFAL,arable,bg_rye_farms,,bg_rye_farms
STATE_SHUTHFAL@map_data/state_regions/00_middle_senaxh.txt:508,29,STATE_SHUTHFAL,arable,bg_livestock_ranches,,bg_livestock_ranches
STATE_SHUTHFAL@map_data/state_regions/00_middle_senaxh.txt:508,29,STATE_SHUTHFAL,capped,bg_lead_mining,17,17
STATE_SHUTHFAL@map_data/state_regions/00_middle_senaxh.txt:508,29,STATE_SHUTHFAL,capped,bg_logging,38,38
STATE_SHUTHFAL@map_data/state_regions/00_middle_senaxh.txt:508,29,STATE_SHUTHFAL,capped,bg_coal_mining,57,57
STATE_KAMPFCZAL@map_data/state_regions/00_middle_senaxh.txt:526,30,STATE_KAMPFCZAL,arable,bg_rye_farms,,bg_rye_farms
STATE_KAMPFCZAL@map_data/state_regions/00_middle_senaxh.txt:526,30,STATE_KAMPFCZAL,arable,bg_livestock_ranches,,bg_livestock_ranches
STATE_KAMPFCZAL@map_data/state_regions/00_middle_senaxh.txt:526,30,STATE_KAMPFCZAL,capped,bg_logging,77,77
STATE_KAMPFCZAL@map_data/state_regions/00_middle_senaxh.txt:526,30,STATE_KAMPFCZAL,capped,bg_iron_mining,84,84
STATE_KAMPFCZAL@map_data/state_regions/00_middle_senaxh.txt:526,30,STATE_KAMPFCZAL,capped,bg_coal_mining,105,105
STATE_KAMPFCZAL@map_data/state_regions/00_middle_senaxh.txt:526,30,STATE_KAMPFCZAL,capped,bg_oil_extraction,7,7
STATE_SEPLFARIYUEM@map_data/state_regions/00_middle_senaxh.txt:545,31,STATE_SEPLFARIYUEM,arable,bg_rye_farms,,bg_rye_farms
STATE_SEPLFARIYUEM@map_data/state_regions/00_middle_senaxh.txt:545,31,STATE_SEPLFARIYUEM,arable,bg_livestock_ranches,,bg_livestock_ranches
STATE_SEPLFARIYUEM@map_data/state_regions/00_middle_senaxh.txt:545,31,STATE_SEPLFARIYUEM,capped,bg_logging,34,34
STATE_IVELRELRANTH@map_data/state_regions/00_middle_senaxh.txt:561,32,STATE_IVELRELRANTH,arable,bg_rye_farms,,bg_rye_farms
STATE_IVELRELRANTH@map_data/state_regions/00_middle_senaxh.txt:561,32,STATE_IVELRELRANTH,arable,bg_livestock_ranches,,bg_livestock_ranches
STATE_IVELRELRANTH@map_data/state_regions/00_middle_senaxh.txt:561,32,STATE_IVELRELRANTH,capped,bg_logging,105,105
STATE_INNANXHIYUEM@map_data/state_regions/00_middle_senaxh.txt:577,33,STATE_INNANXHIYUEM,arable,bg_rye_farms,,bg_rye_farms
STATE_INNANXHIYUEM@map_data/state_regions/00_middle_senaxh.txt:577,33,STATE_INNANXHIYUEM,arable,bg_livestock_ranches,,bg_livestock_ranches
STATE_INNANXHIYUEM@map_data/state_regions/00_middle_senaxh.txt:577,33,STATE_INNANXHIYUEM,capped,bg_logging,46,46
STATE_OVELRAXHIYUEM@map_data/state_regions/00_middle_senaxh.txt:593,34,STATE_OVELRAXHIYUEM,arable,bg_rye_farms,,bg_rye_farms
STATE_OVELRAXHIYUEM@map_data/state_regions/00_middle_senaxh.txt:593,34,STATE_OVELRAXHIYUEM,arable,bg_livestock_ranches,,bg_livestock_ranches
STATE_OVELRAXHIYUEM@map_data/state_regions/00_middle_senaxh.txt:593,34,STATE_OVELRAXHIYUEM,capped,bg_logging,19,19
STATE_OVELRAXHIYUEM@map_data/state_regions/00_middle_senaxh.txt:593,34,STATE_OVELRAXHIYUEM,capped,bg_oil_extraction,4,4
STATE_ROTELRANTH@map_data/state_regions/00_middle_senaxh.txt:611,35,STATE_ROTELRANTH,arable,bg_wheat_farms,,bg_wheat_farms
STATE_ROTELRANTH@map_data/state_regions/00_middle_senaxh.txt:611,35,STATE_ROTELRANTH,arable,bg_silk_plantations,,bg_silk_plantations
STATE_ROTELRANTH@map_data/state_regions/00_middle_senaxh.txt:611,35,STATE_ROTELRANTH,arable,bg_dye_plantations,,bg_dye_plantations
STATE_ROTELRANTH@map_data/state_regions/00_middle_senaxh.txt:611,35,STATE_ROTELRANTH,capped,bg_logging,14,14
STATE_KARIXHUSH@map_data/state_regions/00_middle_senaxh.txt:628,36,STATE_KARIXHUSH,arable,bg_wheat_farms,,bg_wheat_farms
STATE_KARIXHUSH@map_data/state_regions/00_middle_senaxh.txt:628,36,STATE_KARIXHUSH,arable,bg_tea_plantations,,bg_tea_plantations
STATE_KARIXHUSH@map_data/state_regions/00_middle_senaxh.txt:628,36,STATE_KARIXHUSH,capped,bg_logging,35,35
STATE_AKALRIXHIYUEM@map_data/state_regions/00_middle_senaxh.txt:645,37,STATE_AKALRIXHIYUEM,arable,bg_rye_farms,,bg_rye_farms
STATE_AKALRIXHIYUEM@map_data/state_regions/00_middle_senaxh.txt:645,37,STATE_AKALRIXHIYUEM,arable,bg_livestock_ranches,,bg_livestock_ranches
STATE_AKALRIXHIYUEM@map_data/state_regions/00_middle_senaxh.txt:645,37,STATE_AKALRIXHIYUEM,arable,bg_coffee_plantations,,bg_coffee_plantations
STATE_AKALRIXHIYUEM@map_data/state_regions/00_middle_senaxh.txt:645,37,STATE_AKALRIXHIYUEM,capped,bg_logging,38,38
STATE_AKALRIXHIYUEM@map_data/state_regions/00_middle_senaxh.txt:645,37,STATE_AKALRIXHIYUEM,capped,bg_gold_mining,17,17
STATE_AKALRIXHIYUEM@map_data/state_regions/00_middle_senaxh.txt:645,37,STATE_AKALRIXHIYUEM,capped,bg_iron_mining,38,38
STATE_AKALRIXHIYUEM@map_data/state_regions/00_middle_senaxh.txt:645,37,STATE_AKALRIXHIYUEM,capped,bg_coal_mining,145,145
STATE_AKALRIXHIYUEM@map_data/state_regions/00_middle_senaxh.txt:645,37,STATE_AKALRIXHIYUEM,capped,bg_lead_mining,12,12
STATE_AKALRIXHIYUEM@map_data/state_regions/00_middle_senaxh.txt:645,37,STATE_AKALRIXHIYUEM,capped,bg_oil_extraction,34,34
STATE_AVAROXH@map_data/state_regions/00_middle_senaxh.txt:666,38,STATE_AVAROXH,arable,bg_wheat_farms,,bg_wheat_farms
STATE_AVAROXH@map_data/state_regions/00_middle_senaxh.txt:666,38,STATE_AVAROXH,arable,bg_livestock_ranches,,bg_livestock_ranches
STATE_AVAROXH@map_data/state_regions/00_middle_senaxh.txt:666,38,STATE_AVAROXH,arable,bg_tobacco_plantations,,bg_tobacco_plantations
STATE_AVAROXH@map_data/state_regions/00_middle_senaxh.txt:666,38,STATE_AVAROXH,capped,bg_logging,114,114
STATE_AVAROXH@map_data/state_regions/00_middle_senaxh.txt:666,38,STATE_AVAROXH,capped,bg_sulfur_mining,27,27
STATE_KERIVIXH@map_data/state_regions/00_middle_senaxh.txt:683,39,STATE_KERIVIXH,arable,bg_wheat_farms,,bg_wheat_farms
STATE_KERIVIXH@map_data/state_regions/00_middle_senaxh.txt:683,39,STATE_KERIVIXH,arable,bg_livestock_ranches,,bg_livestock_ranches
STATE_KERIVIXH@map_data/state_regions/00_middle_senaxh.txt:683,39,STATE_KERIVIXH,arable,bg_opium_plantations,,bg_opium_plantations
STATE_KERIVIXH@map_data/state_regions/00_middle_senaxh.txt:683,39,STATE_KERIVIXH,capped,bg_logging,87,87
STATE_KERIVIXH@map_data/state_regions/00_middle_senaxh.txt:683,39,STATE_KERIVIXH,capped,bg_lead_mining,13,13
STATE_VILRUNIAH@map_data/state_regions/00_middle_senaxh.txt:700,40,STATE_VILRUNIAH,arable,bg_wheat_farms,,bg_wheat_farms
STATE_VILRUNIAH@map_data/state_regions/00_middle_senaxh.txt:700,40,STATE_VILRUNIAH,arable,bg_livestock_ranches,,bg_livestock_ranches
STATE_VILRUNIAH@map_data/state_regions/00_middle_senaxh.txt:700,40,STATE_VILRUNIAH,arable,bg_dye_plantations,,bg_dye_plantations
STATE_VILRUNIAH@map_data/state_regions/00_middle_senaxh.txt:700,40,STATE_VILRUNIAH,capped,bg_logging,35,35
STATE_VILRUNIAH@map_data/state_regions/00_middle_senaxh.txt:700,40,STATE_VILRUNIAH,capped,bg_coal_mining,38,38
STATE_VILRUNIAH@map_data/state_regions/00_middle_senaxh.txt:700,40,STATE_VILRUNIAH,capped,bg_iron_mining,24,24
STATE_RERUHNIAH@map_data/state_regions/00_middle_senaxh.txt:718,41,STATE_RERUHNIAH,arable,bg_wheat_farms,,bg_wheat_farms
STATE_RERUHNIAH@map_data/state_regions/00_middle_senaxh.txt:718,41,STATE_RERUHNIAH,arable,bg_livestock_ranches,,bg_livestock_ranches
STATE_RERUHNIAH@map_data/state_regions/00_middle_senaxh.txt:718,41,STATE_RERUHNIAH,capped,bg_logging,14,14
STATE_RERUHNIAH@map_data/state_regions/00_middle_senaxh.txt:718,41,STATE_RERUHNIAH,capped,bg_lead_mining,13,13
STATE_RERUHNIAH@map_data/state_regions/00_middle_senaxh.txt:718,41,STATE_RERUHNIAH,capped,bg_gold_mining,7,7
STATE_RUNACZAL@map_data/state_regions/00_middle_senaxh.txt:736,42,STATE_RUNACZAL,arable,bg_wheat_farms,,bg_wheat_farms
STATE_RUNACZAL@map_data/state_regions/00_middle_senaxh.txt:736,42,STATE_RUNACZAL,arable,bg_livestock_ranches,,bg_livestock_ranches
STATE_RUNACZAL@map_data/state_regions/00_middle_senaxh.txt:736,42,STATE_RUNACZAL,capped,bg_logging,28,28
STATE_RUNACZAL@map_data/state_regions/00_middle_senaxh.txt:736,42,STATE_RUNACZAL,capped,bg_oil_extraction,34,34
STATE_SATALRONIAH@map_data/state_regions/00_middle_senaxh.txt:753,43,STATE_SATALRONIAH,arable,bg_wheat_farms,,bg_wheat_farms
STATE_SATALRONIAH@map_data/state_regions/00_middle_senaxh.txt:753,43,STATE_SATALRONIAH,arable,bg_livestock_ranches,,bg_livestock_ranches
STATE_SATALRONIAH@map_data/state_regions/00_middle_senaxh.txt:753,43,STATE_SATALRONIAH,capped,bg_logging,39,39
STATE_SATALRONIAH@map_data/state_regions/00_middle_senaxh.txt:753,43,STATE_SATALRONIAH,capped,bg_coal_mining,14,14
STATE_SATALRONIAH@map_data/state_regions/00_middle_senaxh.txt:753,43,STATE_SATALRONIAH,capped,bg_iron_mining,28,28
STATE_RUTALRONIAH@map_data/state_regions/00_middle_senaxh.txt:771,44,STATE_RUTALRONIAH,arable,bg_livestock_ranches,,bg_livestock_ranches
STATE_RUTALRONIAH@map_data/state_regions/00_middle_senaxh.txt:771,44,STATE_RUTALRONIAH,capped,bg_logging,554,554
STATE_RUTALRONIAH@map_data/state_regions/00_middle_senaxh.txt:771,44,STATE_RUTALRONIAH,capped,bg_coal_mining,14,14
STATE_RUTALRONIAH@map_data/state_regions/00_middle_senaxh.txt:771,44,STATE_RUTALRONIAH,capped,bg_oil_extraction,38,38
STATE_KAPHAZIAH@map_data/state_regions/00_middle_senaxh.txt:790,45,STATE_KAPHAZIAH,arable,bg_wheat_farms,,bg_wheat_farms
STATE_KAPHAZIAH@map_data/state_regions/00_middle_senaxh.txt:790,45,STATE_KAPHAZIAH,arable,bg_livestock_ranches,,bg_livestock_ranches
STATE_KAPHAZIAH@map_data/state_regions/00_middle_senaxh.txt:790,45,STATE_KAPHAZIAH,arable,bg_coffee_plantations,,bg_coffee_plantations
STATE_KAPHAZIAH@map_data/state_regions/00_middle_senaxh.txt:790,45,STATE_KAPHAZIAH,capped,bg_logging,340,340
STATE_KAPHAZIAH@map_data/state_regions/00_middle_senaxh.txt:790,45,STATE_KAPHAZIAH,capped,bg_oil_extraction,14,14
STATE_KEILRAYA@map_data/state_regions/00_middle_senaxh.txt:808,46,STATE_KEILRAYA,arable,bg_wheat_farms,,bg_wheat_farms
STATE_KEILRAYA@map_data/state_regions/00_middle_senaxh.txt:808,46,STATE_KEILRAYA,arable,bg_livestock_ranches,,bg_livestock_ranches
STATE_KEILRAYA@map_data/state_regions/00_middle_senaxh.txt:808,46,STATE_KEILRAYA,arable,bg_dye_plantations,,bg_dye_plantations
STATE_KEILRAYA@map_data/state_regions/00_middle_senaxh.txt:808,46,STATE_KEILRAYA,capped,bg_logging,24,24
STATE_SCHUVELRUNAHN@map_data/state_regions/00_middle_senaxh.txt:824,47,STATE_SCHUVELRUNAHN,arable,bg_wheat_farms,,bg_wheat_farms
STATE_SCHUVELRUNAHN@map_data/state_regions/00_middle_senaxh.txt:824,47,STATE_SCHUVELRUNAHN,arable,bg_livestock_ranches,,bg_livestock_ranches
STATE_SCHUVELRUNAHN@map_data/state_regions/00_middle_senaxh.txt:824,47,STATE_SCHUVELRUNAHN,arable,bg_tea_plantations,,bg_tea_plantations
STATE_SCHUVELRUNAHN@map_data/state_regions/00_middle_senaxh.txt:824,47,STATE_SCHUVELRUNAHN,capped,bg_logging,29,29
STATE_SAVALRANAH@map_data/state_regions/00_middle_senaxh.txt:840,48,STATE_SAVALRANAH,arable,bg_wheat_farms,,bg_wheat_farms
STATE_SAVALRANAH@map_data/state_regions/00_middle_senaxh.txt:840,48,STATE_SAVALRANAH,arable,bg_livestock_ranches,,bg_livestock_ranches
STATE_SAVALRANAH@map_data/state_regions/00_middle_senaxh.txt:840,48,STATE_SAVALRANAH,arable,bg_coffee_plantations,,bg_coffee_plantations
STATE_SAVALRANAH@map_data/state_regions/00_middle_senaxh.txt:840,48,STATE_SAVALRANAH,capped,bg_logging,28,28
STATE_SAVALRANAH@map_data/state_regions/00_middle_senaxh.txt:840,48,STATE_SAVALRANAH,capped,bg_oil_extraction,14,14
STATE_SAVALRANAH@map_data/state_regions/00_middle_senaxh.txt:840,48,STATE_SAVALRANAH,capped,bg_sulfur_mining,19,19
STATE_YUVALRIOTH@map_data/state_regions/00_middle_senaxh.txt:858,49,STATE_YUVALRIOTH,arable,bg_rye_farms,,bg_rye_farms
STATE_YUVALRIOTH@map_data/state_regions/00_middle_senaxh.txt:858,49,STATE_YUVALRIOTH,arable,bg_livestock_ranches,,bg_livestock_ranches
STATE_YUVALRIOTH@map_data/state_regions/00_middle_senaxh.txt:858,49,STATE_YUVALRIOTH,arable,bg_tobacco_plantations,,bg_tobacco_plantations
STATE_YUVALRIOTH@map_data/state_regions/00_middle_senaxh.txt:858,49,STATE_YUVALRIOTH,arable,bg_coffee_plantations,,bg_coffee_plantations
STATE_YUVALRIOTH@map_data/state_regions/00_middle_senaxh.txt:858,49,STATE_YUVALRIOTH,capped,bg_logging,39,39
STATE_YUVALRIOTH@map_data/state_regions/00_middle_senaxh.txt:858,49,STATE_YUVALRIOTH,capped,bg_iron_mining,29,29
STATE_YUVALRIOTH@map_data/state_regions/00_middle_senaxh.txt:858,49,STATE_YUVALRIOTH,capped,bg_coal_mining,34,34
STATE_YUVALRIOTH@map_data/state_regions/00_middle_senaxh.txt:858,49,STATE_YUVALRIOTH,capped,bg_gold_mining,7,7
STATE_ROFOPELRIYA@map_data/state_regions/00_middle_senaxh.txt:877,50,STATE_ROFOPELRIYA,arable,bg_rye_farms,,bg_rye_farms
STATE_ROFOPELRIYA@map_data/state_regions/00_middle_senaxh.txt:877,50,STATE_ROFOPELRIYA,arable,bg_livestock_ranches,,bg_livestock_ranches
STATE_ROFOPELRIYA@map_data/state_regions/00_middle_senaxh.txt:877,50,STATE_ROFOPELRIYA,capped,bg_logging,37,37
STATE_SCHUTELRANTH@map_data/state_regions/00_middle_senaxh.txt:893,51,STATE_SCHUTELRANTH,arable,bg_rye_farms,,bg_rye_farms
STATE_SCHUTELRANTH@map_data/state_regions/00_middle_senaxh.txt:893,51,STATE_SCHUTELRANTH,arable,bg_livestock_ranches,,bg_livestock_ranches
STATE_SCHUTELRANTH@map_data/state_regions/00_middle_senaxh.txt:893,51,STATE_SCHUTELRANTH,capped,bg_logging,28,28
STATE_SCHUTELRANTH@map_data/state_regions/00_middle_senaxh.txt:893,51,STATE_SCHUTELRANTH,capped,bg_coal_mining,54,54
STATE_KUKELRITS@map_data/state_regions/00_middle_senaxh.txt:910,52,STATE_KUKELRITS,arable,bg_wheat_farms,,bg_wheat_farms
STATE_KUKELRITS@map_data/state_regions/00_middle_senaxh.txt:910,52,STATE_KUKELRITS,capped,bg_logging,25,25
STATE_KUKELRITS@map_data/state_regions/00_middle_senaxh.txt:910,52,STATE_KUKELRITS,capped,bg_iron_mining,34,34
STATE_RIVHRANENTH@map_data/state_regions/00_middle_senaxh.txt:927,53,STATE_RIVHRANENTH,arable,bg_wheat_farms,,bg_wheat_farms
STATE_RIVHRANENTH@map_data/state_regions/00_middle_senaxh.txt:927,53,STATE_RIVHRANENTH,capped,bg_logging,35,35
STATE_RIVHRANENTH@map_data/state_regions/00_middle_senaxh.txt:927,53,STATE_RIVHRANENTH,capped,bg_iron_mining,14,14
STATE_RIVHRANENTH@map_data/state_regions/00_middle_senaxh.txt:927,53,STATE_RIVHRANENTH,capped,bg_rubber,17,17
STATE_XHEIMVHRANTH@map_data/state_regions/00_middle_senaxh.txt:945,54,STATE_XHEIMVHRANTH,arable,bg_wheat_farms,,bg_wheat_farms
STATE_XHEIMVHRANTH@map_data/state_regions/00_middle_senaxh.txt:945,54,STATE_XHEIMVHRANTH,arable,bg_livestock_ranches,,bg_livestock_ranches
STATE_XHEIMVHRANTH@map_data/state_regions/00_middle_senaxh.txt:945,54,STATE_XHEIMVHRANTH,arable,bg_tobacco_plantations,,bg_tobacco_plantations
STATE_XHEIMVHRANTH@map_data/state_regions/00_middle_senaxh.txt:945,54,STATE_XHEIMVHRANTH,arable,bg_opium_plantations,,bg_opium_plantations
STATE_XHEIMVHRANTH@map_data/state_regions/00_middle_senaxh.txt:945,54,STATE_XHEIMVHRANTH,arable,bg_banana_plantations,,bg_banana_plantations
STATE_XHEIMVHRANTH@map_data/state_regions/00_middle_senaxh.txt:945,54,STATE_XHEIMVHRANTH,arable,bg_sugar_plantations,,bg_sugar_plantations
STATE_XHEIMVHRANTH@map_data/state_regions/00_middle_senaxh.txt:945,54,STATE_XHEIMVHRANTH,arable,bg_coffee_plantations,,bg_coffee_plantations
STATE_XHEIMVHRANTH@map_data/state_regions/00_middle_senaxh.txt:945,54,STATE_XHEIMVHRANTH,capped,bg_logging,74,74
STATE_XHEIMVHRANTH@map_data/state_regions/00_middle_senaxh.txt:945,54,STATE_XHEIMVHRANTH,capped,bg_rubber,104,104
STATE_XHEIMVHRANTH@map_data/state_regions/00_middle_senaxh.txt:945,54,STATE_XHEIMVHRANTH,capped,bg_lead_mining,14,14
STATE_XHEIMVHRANTH@map_data/state_regions/00_middle_senaxh.txt:945,54,STATE_XHEIMVHRANTH,capped,bg_sulfur_mining,32,32
STATE_EKKELRIYUEM@map_data/state_regions/00_middle_senaxh.txt:964,55,STATE_EKKELRIYUEM,arable,bg_wheat_farms,,bg_wheat_farms
STATE_EKKELRIYUEM@map_data/state_regions/00_middle_senaxh.txt:964,55,STATE_EKKELRIYUEM,arable,bg_livestock_ranches,,bg_livestock_ranches
STATE_EKKELRIYUEM@map_data/state_regions/00_middle_senaxh.txt:964,55,STATE_EKKELRIYUEM,arable,bg_coffee_plantations,,bg_coffee_plantations
STATE_EKKELRIYUEM@map_data/state_regions/00_middle_senaxh.txt:964,55,STATE_EKKELRIYUEM,arable,bg_opium_plantations,,bg_opium_plantations
STATE_EKKELRIYUEM@map_data/state_regions/00_middle_senaxh.txt:964,55,STATE_EKKELRIYUEM,arable,bg_dye_plantations,,bg_dye_plantations
STATE_EKKELRIYUEM@map_data/state_regions/00_middle_senaxh.txt:964,55,STATE_EKKELRIYUEM,arable,bg_sugar_plantations,,bg_sugar_plantations
STATE_EKKELRIYUEM@map_data/state_regions/00_middle_senaxh.txt:964,55,STATE_EKKELRIYUEM,arable,bg_banana_plantations,,bg_banana_plantations
STATE_EKKELRIYUEM@map_data/state_regions/00_middle_senaxh.txt:964,55,STATE_EKKELRIYUEM,capped,bg_logging,34,34
STATE_EKKELRIYUEM@map_data/state_regions/00_middle_senaxh.txt:964,55,STATE_EKKELRIYUEM,capped,bg_iron_mining,144,144
STATE_EKKELRIYUEM@map_data/state_regions/00_middle_senaxh.txt:964,55,STATE_EKKELRIYUEM,capped,bg_gold_mining,26,26
STATE_EKKELRIYUEM@map_data/state_regions/00_middle_senaxh.txt:964,55,STATE_EKKELRIYUEM,capped,bg_lead_mining,74,74
STATE_EKKELRIYUEM@map_data/state_regions/00_middle_senaxh.txt:964,55,STATE_EKKELRIYUEM,capped,bg_sulfur_mining,85,85
STATE_EKKELRIYUEM@map_data/state_regions/00_middle_senaxh.txt:964,55,STATE_EKKELRIYUEM,capped,bg_coal_mining,312,312
STATE_RAVANENTH@map_data/state_regions/00_middle_senaxh.txt:986,56,STATE_RAVANENTH,arable,bg_wheat_farms,,bg_wheat_farms
STATE_RAVANENTH@map_data/state_regions/00_middle_senaxh.txt:986,56,STATE_RAVANENTH,arable,bg_livestock_ranches,,bg_livestock_ranches
STATE_RAVANENTH@map_data/state_regions/00_middle_senaxh.txt:986,56,STATE_RAVANENTH,arable,bg_silk_plantations,,bg_silk_plantations
STATE_RAVANENTH@map_data/state_regions/00_middle_senaxh.txt:986,56,STATE_RAVANENTH,capped,bg_logging,27,27
STATE_RAVANENTH@map_data/state_regions/00_middle_senaxh.txt:986,56,STATE_RAVANENTH,capped,bg_iron_mining,14,14
STATE_RAVANENTH@map_data/state_regions/00_middle_senaxh.txt:986,56,STATE_RAVANENTH,capped,bg_coal_mining,13,13
STATE_IKELRITS@map_data/state_regions/00_middle_senaxh.txt:1004,57,STATE_IKELRITS,arable,bg_wheat_farms,,bg_wheat_farms
STATE_IKELRITS@map_data/state_regions/00_middle_senaxh.txt:1004,57,STATE_IKELRITS,arable,bg_livestock_ranches,,bg_livestock_ranches
STATE_IKELRITS@map_data/state_regions/00_middle_senaxh.txt:1004,57,STATE_IKELRITS,arable,bg_dye_plantations,,bg_dye_plantations
STATE_IKELRITS@map_data/state_regions/00_middle_senaxh.txt:1004,57,STATE_IKELRITS,capped,bg_logging,35,35
STATE_IKELRITS@map_data/state_regions/00_middle_senaxh.txt:1004,57,STATE_IKELRITS,capped,bg_sulfur_mining,7,7
STATE_AIXHTETS@map_data/state_regions/00_middle_senaxh.txt:1021,58,STATE_AIXHTETS,arable,bg_rice_farms,,bg_rice_farms
STATE_AIXHTETS@map_data/state_regions/00_middle_senaxh.txt:1021,58,STATE_AIXHTETS,arable,bg_tea_plantations,,bg_tea_plantations
STATE_AIXHTETS@map_data/state_regions/00_middle_senaxh.txt:1021,58,STATE_AIXHTETS,capped,bg_sulfur_mining,13,13
STATE_KAXHTETS@map_data/state_regions/00_middle_senaxh.txt:1037,59,STATE_KAXHTETS,arable,bg_rice_farms,,bg_rice_farms
STATE_KAXHTETS@map_data/state_regions/00_middle_senaxh.txt:1037,59,STATE_KAXHTETS,arable,bg_sugar_plantations,,bg_sugar_plantations
STATE_KAXHTETS@map_data/state_regions/00_middle_senaxh.txt:1037,59,STATE_KAXHTETS,capped,bg_rubber,27,27
STATE_OSTER@map_data/state_regions/00_middle_senaxh.txt:1053,60,STATE_OSTER,arable,bg_rice_farms,,bg_rice_farms
STATE_OSTER@map_data/state_regions/00_middle_senaxh.txt:1053,60,STATE_OSTER,arable,bg_banana_plantations,,bg_banana_plantations
STATE_OSTER@map_data/state_regions/00_middle_senaxh.txt:1053,60,STATE_OSTER,capped,bg_coal_mining,34,34
STATE_OSTER@map_data/state_regions/00_middle_senaxh.txt:1053,60,STATE_OSTER,capped,bg_lead_mining,21,21
STATE_OSTER@map_data/state_regions/00_middle_senaxh.txt:1053,60,STATE_OSTER,capped,bg_iron_mining,38,38
STATE_OSTER@map_data/state_regions/00_middle_senaxh.txt:1053,60,STATE_OSTER,capped,bg_oil_extraction,29,29
STATE_RIENHAIM@map_data/state_regions/00_middle_senaxh.txt:1072,61,STATE_RIENHAIM,arable,bg_rice_farms,,bg_rice_farms
STATE_RIENHAIM@map_data/state_regions/00_middle_senaxh.txt:1072,61,STATE_RIENHAIM,arable,bg_livestock_ranches,,bg_livestock_ranches
STATE_RIENHAIM@map_data/state_regions/00_middle_senaxh.txt:1072,61,STATE_RIENHAIM,arable,bg_tea_plantations,,bg_tea_plantations
STATE_RIENHAIM@map_data/state_regions/00_middle_senaxh.txt:1072,61,STATE_RIENHAIM,capped,bg_logging,54,54
STATE_RIENHAIM@map_data/state_regions/00_middle_senaxh.txt:1072,61,STATE_RIENHAIM,capped,bg_lead_mining,14,14
STATE_RIENHAIM@map_data/state_regions/00_middle_senaxh.txt:1072,61,STATE_RIENHAIM,capped,bg_oil_extraction,3,3
STATE_AHELRONIAH@map_data/state_regions/00_middle_senaxh.txt:1090,62,STATE_AHELRONIAH,arable,bg_wheat_farms,,bg_wheat_farms
STATE_AHELRONIAH@map_data/state_regions/00_middle_senaxh.txt:1090,62,STATE_AHELRONIAH,arable,bg_livestock_ranches,,bg_livestock_ranches
STATE_AHELRONIAH@map_data/state_regions/00_middle_senaxh.txt:1090,62,STATE_AHELRONIAH,arable,bg_coffee_plantations,,bg_coffee_plantations
STATE_AHELRONIAH@map_data/state_regions/00_middle_senaxh.txt:1090,62,STATE_AHELRONIAH,capped,bg_logging,84,84
STATE_AHELRONIAH@map_data/state_regions/00_middle_senaxh.txt:1090,62,STATE_AHELRONIAH,capped,bg_fishing,104,104
STATE_AHELRONIAH@map_data/state_regions/00_middle_senaxh.txt:1090,62,STATE_AHELRONIAH,capped,bg_whaling,34,34
STATE_KAVHRITH@map_data/state_regions/00_middle_senaxh.txt:1109,63,STATE_KAVHRITH,arable,bg_rice_farms,,bg_rice_farms
STATE_KAVHRITH@map_data/state_regions/00_middle_senaxh.txt:1109,63,STATE_KAVHRITH,arable,bg_tea_plantations,,bg_tea_plantations
STATE_KAVHRITH@map_data/state_regions/00_middle_senaxh.txt:1109,63,STATE_KAVHRITH,arable,bg_opium_plantations,,bg_opium_plantations
STATE_KAVHRITH@map_data/state_regions/00_middle_senaxh.txt:1109,63,STATE_KAVHRITH,capped,bg_logging,7,7
STATE_KAVHRITH@map_data/state_regions/00_middle_senaxh.txt:1109,63,STATE_KAVHRITH,capped,bg_rubber,34,34
STATE_RIHIZERTH@map_data/state_regions/00_middle_senaxh.txt:1126,64,STATE_RIHIZERTH,arable,bg_rice_farms,,bg_rice_farms
STATE_RIHIZERTH@map_data/state_regions/00_middle_senaxh.txt:1126,64,STATE_RIHIZERTH,arable,bg_livestock_ranches,,bg_livestock_ranches
STATE_RIHIZERTH@map_data/state_regions/00_middle_senaxh.txt:1126,64,STATE_RIHIZERTH,arable,bg_banana_plantations,,bg_banana_plantations
STATE_RIHIZERTH@map_data/state_regions/00_middle_senaxh.txt:1126,64,STATE_RIHIZERTH,arable,bg_sugar_plantations,,bg_sugar_plantations
STATE_RIHIZERTH@map_data/state_regions/00_middle_senaxh.txt:1126,64,STATE_RIHIZERTH,arable,bg_tea_plantations,,bg_tea_plantations
STATE_RIHIZERTH@map_data/state_regions/00_middle_senaxh.txt:1126,64,STATE_RIHIZERTH,arable,bg_opium_plantations,,bg_opium_plantations
STATE_RIHIZERTH@map_data/state_regions/00_middle_senaxh.txt:1126,64,STATE_RIHIZERTH,capped,bg_logging,34,34
STATE_RIHIZERTH@map_data/state_regions/00_middle_senaxh.txt:1126,64,STATE_RIHIZERTH,capped,bg_rubber,27,27
STATE_RIHIZERTH@map_data/state_regions/00_middle_senaxh.txt:1126,64,STATE_RIHIZERTH,capped,bg_fishing,54,54
STATE_RIHIZERTH@map_data/state_regions/00_middle_senaxh.txt:1126,64,STATE_RIHIZERTH,capped,bg_whaling,29,29
STATE_HIKANTITS@map_data/state_regions/00_middle_senaxh.txt:1146,65,STATE_HIKANTITS,arable,bg_wheat_farms,,bg_wheat_farms
STATE_HIKANTITS@map_data/state_regions/00_middle_senaxh.txt:1146,65,STATE_HIKANTITS,arable,bg_opium_plantations,,bg_opium_plantations
STATE_HIKANTITS@map_data/state_regions/00_middle_senaxh.txt:1146,65,STATE_HIKANTITS,arable,bg_cotton_plantations,,bg_cotton_plantations
STATE_HIKANTITS@map_data/state_regions/00_middle_senaxh.txt:1146,65,STATE_HIKANTITS,arable,bg_tobacco_plantations,,bg_tobacco_plantations
STATE_HIKANTITS@map_data/state_regions/00_middle_senaxh.txt:1146,65,STATE_HIKANTITS,capped,bg_rubber,9,9
STATE_HIKANTITS@map_data/state_regions/00_middle_senaxh.txt:1146,65,STATE_HIKANTITS,capped,bg_fishing,13,13
STATE_HIKANTITS@map_data/state_regions/00_middle_senaxh.txt:1146,65,STATE_HIKANTITS,capped,bg_whaling,2,2
STATE_SOIVETS@map_data/state_regions/00_middle_senaxh.txt:1165,66,STATE_SOIVETS,arable,bg_wheat_farms,,bg_wheat_farms
STATE_SOIVETS@map_data/state_regions/00_middle_senaxh.txt:1165,66,STATE_SOIVETS,arable,bg_livestock_ranches,,bg_livestock_ranches
STATE_SOIVETS@map_data/state_regions/00_middle_senaxh.txt:1165,66,STATE_SOIVETS,arable,bg_dye_plantations,,bg_dye_plantations
STATE_SOIVETS@map_data/state_regions/00_middle_senaxh.txt:1165,66,STATE_SOIVETS,capped,bg_rubber,17,17
STATE_AYUTH@map_data/state_regions/00_middle_senaxh.txt:1182,67,STATE_AYUTH,arable,bg_rye_farms,,bg_rye_farms
STATE_AYUTH@map_data/state_regions/00_middle_senaxh.txt:1182,67,STATE_AYUTH,arable,bg_dye_plantations,,bg_dye_plantations
STATE_AYUTH@map_data/state_regions/00_middle_senaxh.txt:1182,67,STATE_AYUTH,capped,bg_logging,274,274
STATE_AYUTH@map_data/state_regions/00_middle_senaxh.txt:1182,67,STATE_AYUTH,capped,bg_oil_extraction,34,34
STATE_REFANTH@map_data/state_regions/00_middle_senaxh.txt:1200,68,STATE_REFANTH,arable,bg_wheat_farms,,bg_wheat_farms
STATE_REFANTH@map_data/state_regions/00_middle_senaxh.txt:1200,68,STATE_REFANTH,arable,bg_livestock_ranches,,bg_livestock_ranches
STATE_REFANTH@map_data/state_regions/00_middle_senaxh.txt:1200,68,STATE_REFANTH,arable,bg_tobacco_plantations,,bg_tobacco_plantations
STATE_REFANTH@map_data/state_regions/00_middle_senaxh.txt:1200,68,STATE_REFANTH,arable,bg_opium_plantations,,bg_opium_plantations
STATE_REFANTH@map_data/state_regions/00_middle_senaxh.txt:1200,68,STATE_REFANTH,arable,bg_sugar_plantations,,bg_sugar_plantations
STATE_REFANTH@map_data/state_regions/00_middle_senaxh.txt:1200,68,STATE_REFANTH,arable,bg_banana_plantations,,bg_banana_plantations
STATE_REFANTH@map_data/state_regions/00_middle_senaxh.txt:1200,68,STATE_REFANTH,arable,bg_dye_plantations,,bg_dye_plantations
STATE_REFANTH@map_data/state_regions/00_middle_senaxh.txt:1200,68,STATE_REFANTH,capped,bg_logging,104,104
STATE_REFANTH@map_data/state_regions/00_middle_senaxh.txt:1200,68,STATE_REFANTH,capped,bg_coal_mining,38,38
STATE_REFANTH@map_data/state_regions/00_middle_senaxh.txt:1200,68,STATE_REFANTH,capped,bg_gold_mining,45,45
STATE_REFANTH@map_data/state_regions/00_middle_senaxh.txt:1200,68,STATE_REFANTH,capped,bg_oil_extraction,37,37
STATE_REFANTH@map_data/state_regions/00_middle_senaxh.txt:1200,68,STATE_REFANTH,capped,bg_rubber,14,14
STATE_AFANXHINIAH@map_data/state_regions/00_middle_senaxh.txt:1220,69,STATE_AFANXHINIAH,arable,bg_wheat_farms,,bg_wheat_farms
STATE_AFANXHINIAH@map_data/state_regions/00_middle_senaxh.txt:1220,69,STATE_AFANXHINIAH,arable,bg_livestock_ranches,,bg_livestock_ranches
STATE_AFANXHINIAH@map_data/state_regions/00_middle_senaxh.txt:1220,69,STATE_AFANXHINIAH,arable,bg_sugar_plantations,,bg_sugar_plantations
STATE_AFANXHINIAH@map_data/state_regions/00_middle_senaxh.txt:1220,69,STATE_AFANXHINIAH,capped,bg_logging,45,45
STATE_AFANXHINIAH@map_data/state_regions/00_middle_senaxh.txt:1220,69,STATE_AFANXHINIAH,capped,bg_sulfur_mining,34,34
STATE_AFANXHINIAH@map_data/state_regions/00_middle_senaxh.txt:1220,69,STATE_AFANXHINIAH,capped,bg_coal_mining,114,114
STATE_AFANXHINIAH@map_data/state_regions/00_middle_senaxh.txt:1220,69,STATE_AFANXHINIAH,capped,bg_iron_mining,135,135
STATE_AFANXHINIAH@map_data/state_regions/00_middle_senaxh.txt:1220,69,STATE_AFANXHINIAH,capped,bg_gold_mining,11,11
STATE_AFANXHINIAH@map_data/state_regions/00_middle_senaxh.txt:1220,69,STATE_AFANXHINIAH,capped,bg_oil_extraction,37,37
STATE_AINENXHIYUEM@map_data/state_regions/00_middle_senaxh.txt:1242,70,STATE_AINENXHIYUEM,arable,bg_wheat_farms,,bg_wheat_farms
STATE_AINENXHIYUEM@map_data/state_regions/00_middle_senaxh.txt:1242,70,STATE_AINENXHIYUEM,arable,bg_livestock_ranches,,bg_livestock_ranches
STATE_AINENXHIYUEM@map_data/state_regions/00_middle_senaxh.txt:1242,70,STATE_AINENXHIYUEM,arable,bg_coffee_plantations,,bg_coffee_plantations
STATE_AINENXHIYUEM@map_data/state_regions/00_middle_senaxh.txt:1242,70,STATE_AINENXHIYUEM,capped,bg_rubber,34,34
STATE_AINENXHIYUEM@map_data/state_regions/00_middle_senaxh.txt:1242,70,STATE_AINENXHIYUEM,capped,bg_sulfur_mining,14,14
STATE_AINENXHIYUEM@map_data/state_regions/00_middle_senaxh.txt:1242,70,STATE_AINENXHIYUEM,capped,bg_oil_extraction,5,5
STATE_ILRIRIYUEM@map_data/state_regions/00_middle_senaxh.txt:1260,71,STATE_ILRIRIYUEM,arable,bg_wheat_farms,,bg_wheat_farms
STATE_ILRIRIYUEM@map_data/state_regions/00_middle_senaxh.txt:1260,71,STATE_ILRIRIYUEM,arable,bg_livestock_ranches,,bg_livestock_ranches
STATE_ILRIRIYUEM@map_data/state_regions/00_middle_senaxh.txt:1260,71,STATE_ILRIRIYUEM,arable,bg_cotton_plantations,,bg_cotton_plantations
STATE_ILRIRIYUEM@map_data/state_regions/00_middle_senaxh.txt:1260,71,STATE_ILRIRIYUEM,capped,bg_coal_mining,97,97
STATE_ILRIRIYUEM@map_data/state_regions/00_middle_senaxh.txt:1260,71,STATE_ILRIRIYUEM,capped,bg_sulfur_mining,14,14
STATE_ILRIRIYUEM@map_data/state_regions/00_middle_senaxh.txt:1260,71,STATE_ILRIRIYUEM,capped,bg_gold_mining,3,3
STATE_YUELRIXHIYUEM@map_data/state_regions/00_middle_senaxh.txt:1279,72,STATE_YUELRIXHIYUEM,arable,bg_wheat_farms,,bg_wheat_farms
STATE_YUELRIXHIYUEM@map_data/state_regions/00_middle_senaxh.txt:1279,72,STATE_YUELRIXHIYUEM,arable,bg_livestock_ranches,,bg_livestock_ranches
STATE_YUELRIXHIYUEM@map_data/state_regions/00_middle_senaxh.txt:1279,72,STATE_YUELRIXHIYUEM,capped,bg_logging,134,134
STATE_HEIMVEXH@map_data/state_regions/00_middle_senaxh.txt:1296,73,STATE_HEIMVEXH,arable,bg_rice_farms,,bg_rice_farms
STATE_HEIMVEXH@map_data/state_regions/00_middle_senaxh.txt:1296,73,STATE_HEIMVEXH,arable,bg_livestock_ranches,,bg_livestock_ranches
STATE_HEIMVEXH@map_data/state_regions/00_middle_senaxh.txt:1296,73,STATE_HEIMVEXH,capped,bg_coal_mining,84,84
STATE_HEIMVEXH@map_data/state_regions/00_middle_senaxh.txt:1296,73,STATE_HEIMVEXH,capped,bg_sulfur_mining,14,14
STATE_HAEXH@map_data/state_regions/00_middle_senaxh.txt:1313,74,STATE_HAEXH,arable,bg_wheat_farms,,bg_wheat_farms
STATE_HAEXH@map_data/state_regions/00_middle_senaxh.txt:1313,74,STATE_HAEXH,arable,bg_coffee_plantations,,bg_coffee_plantations
STATE_HAEXH@map_data/state_regions/00_middle_senaxh.txt:1313,74,STATE_HAEXH,capped,bg_logging,17,17
STATE_HAEXH@map_data/state_regions/00_middle_senaxh.txt:1313,74,STATE_HAEXH,capped,bg_gold_mining,3,3
STATE_RUTHKANA@map_data/state_regions/00_middle_senaxh.txt:1331,75,STATE_RUTHKANA,arable,bg_wheat_farms,,bg_wheat_farms
STATE_RUTHKANA@map_data/state_regions/00_middle_senaxh.txt:1331,75,STATE_RUTHKANA,arable,bg_livestock_ranches,,bg_livestock_ranches
STATE_RUTHKANA@map_data/state_regions/00_middle_senaxh.txt:1331,75,STATE_RUTHKANA,arable,bg_banana_plantations,,bg_banana_plantations
STATE_RUTHKANA@map_data/state_regions/00_middle_senaxh.txt:1331,75,STATE_RUTHKANA,arable,bg_sugar_plantations,,bg_sugar_plantations
STATE_RUTHKANA@map_data/state_regions/00_middle_senaxh.txt:1331,75,STATE_RUTHKANA,arable,bg_tea_plantations,,bg_tea_plantations
STATE_RUTHKANA@map_data/state_regions/00_middle_senaxh.txt:1331,75,STATE_RUTHKANA,arable,bg_dye_plantations,,bg_dye_plantations
STATE_RUTHKANA@map_data/state_regions/00_middle_senaxh.txt:1331,75,STATE_RUTHKANA,arable,bg_silk_plantations,,bg_silk_plantations
STATE_RUTHKANA@map_data/state_regions/00_middle_senaxh.txt:1331,75,STATE_RUTHKANA,capped,bg_logging,3,3
STATE_RUTHKANA@map_data/state_regions/00_middle_senaxh.txt:1331,75,STATE_RUTHKANA,capped,bg_sulfur_mining,13,13
STATE_RUTHKANA@map_data/state_regions/00_middle_senaxh.txt:1331,75,STATE_RUTHKANA,capped,bg_rubber,17,17
STATE_AKAXHINA@map_data/state_regions/00_middle_senaxh.txt:1350,76,STATE_AKAXHINA,arable,bg_wheat_farms,,bg_wheat_farms
STATE_AKAXHINA@map_data/state_regions/00_middle_senaxh.txt:1350,76,STATE_AKAXHINA,capped,bg_fishing,74,74
STATE_AKAXHINA@map_data/state_regions/00_middle_senaxh.txt:1350,76,STATE_AKAXHINA,capped,bg_whaling,105,105
STATE_RYUXHTELRONTH@map_data/state_regions/00_middle_senaxh.txt:1368,77,STATE_RYUXHTELRONTH,arable,bg_rice_farms,,bg_rice_farms
STATE_RYUXHTELRONTH@map_data/state_regions/00_middle_senaxh.txt:1368,77,STATE_RYUXHTELRONTH,arable,bg_livestock_ranches,,bg_livestock_ranches
STATE_RYUXHTELRONTH@map_data/state_regions/00_middle_senaxh.txt:1368,77,STATE_RYUXHTELRONTH,arable,bg_coffee_plantations,,bg_coffee_plantations
STATE_RYUXHTELRONTH@map_data/state_regions/00_middle_senaxh.txt:1368,77,STATE_RYUXHTELRONTH,capped,bg_logging,54,54
STATE_RYUXHTELRONTH@map_data/state_regions/00_middle_senaxh.txt:1368,77,STATE_RYUXHTELRONTH,capped,bg_fishing,104,104
STATE_RYUXHTELRONTH@map_data/state_regions/00_middle_senaxh.txt:1368,77,STATE_RYUXHTELRONTH,capped,bg_whaling,35,35
STATE_RYUXHTELRONTH@map_data/state_regions/00_middle_senaxh.txt:1368,77,STATE_RYUXHTELRONTH,capped,bg_sulfur_mining,14,14
STATE_HAPLRATS@map_data/state_regions/00_middle_senaxh.txt:1388,78,STATE_HAPLRATS,arable,bg_rice_farms,,bg_rice_farms
STATE_HAPLRATS@map_data/state_regions/00_middle_senaxh.txt:1388,78,STATE_HAPLRATS,arable,bg_tobacco_plantations,,bg_tobacco_plantations
STATE_HAPLRATS@map_data/state_regions/00_middle_senaxh.txt:1388,78,STATE_HAPLRATS,arable,bg_banana_plantations,,bg_banana_plantations
STATE_HAPLRATS@map_data/state_regions/00_middle_senaxh.txt:1388,78,STATE_HAPLRATS,arable,bg_dye_plantations,,bg_dye_plantations
STATE_HAPLRATS@map_data/state_regions/00_middle_senaxh.txt:1388,78,STATE_HAPLRATS,arable,bg_sugar_plantations,,bg_sugar_plantations
STATE_HAPLRATS@map_data/state_regions/00_middle_senaxh.txt:1388,78,STATE_HAPLRATS,capped,bg_rubber,87,87
STATE_HAPLRATS@map_data/state_regions/00_middle_senaxh.txt:1388,78,STATE_HAPLRATS,capped,bg_whaling,14,14
STATE_HAPLRATS@map_data/state_regions/00_middle_senaxh.txt:1388,78,STATE_HAPLRATS,capped,bg_fishing,9,9
STATE_RAIVATS@map_data/state_regions/00_middle_senaxh.txt:1407,79,STATE_RAIVATS,arable,bg_rice_farms,,bg_rice_farms
STATE_RAIVATS@map_data/state_regions/00_middle_senaxh.txt:1407,79,STATE_RAIVATS,arable,bg_tobacco_plantations,,bg_tobacco_plantations
STATE_RAIVATS@map_data/state_regions/00_middle_senaxh.txt:1407,79,STATE_RAIVATS,arable,bg_banana_plantations,,bg_banana_plantations
STATE_RAIVATS@map_data/state_regions/00_middle_senaxh.txt:1407,79,STATE_RAIVATS,arable,bg_sugar_plantations,,bg_sugar_plantations
STATE_RAIVATS@map_data/state_regions/00_middle_senaxh.txt:1407,79,STATE_RAIVATS,capped,bg_logging,14,14
STATE_RAIVATS@map_data/state_regions/00_middle_senaxh.txt:1407,79,STATE_RAIVATS,capped,bg_rubber,47,47
STATE_RAIVATS@map_data/state_regions/00_middle_senaxh.txt:1407,79,STATE_RAIVATS,capped,bg_oil_extraction,3,3
STATE_RIVOXH@map_data/state_regions/00_middle_senaxh.txt:1426,81,STATE_RIVOXH,arable,bg_wheat_farms,,bg_wheat_farms
STATE_RIVOXH@map_data/state_regions/00_middle_senaxh.txt:1426,81,STATE_RIVOXH,arable,bg_livestock_ranches,,bg_livestock_ranches
STATE_RIVOXH@map_data/state_regions/00_middle_senaxh.txt:1426,81,STATE_RIVOXH,capped,bg_logging,34,34
STATE_RIVOXH@map_data/state_regions/00_middle_senaxh.txt:1426,81,STATE_RIVOXH,capped,bg_coal_mining,79,79
STATE_KIYEFELROTS@map_data/state_regions/00_middle_senaxh.txt:1444,82,STATE_KIYEFELROTS,arable,bg_wheat_farms,,bg_wheat_farms
STATE_KIYEFELROTS@map_data/state_regions/00_middle_senaxh.txt:1444,82,STATE_KIYEFELROTS,arable,bg_livestock_ranches,,bg_livestock_ranches
STATE_KIYEFELROTS@map_data/state_regions/00_middle_senaxh.txt:1444,82,STATE_KIYEFELROTS,capped,bg_logging,131,131
STATE_KIYEFELROTS@map_data/state_regions/00_middle_senaxh.txt:1444,82,STATE_KIYEFELROTS,capped,bg_coal_mining,221,221
STATE_KIYEFELROTS@map_data/state_regions/00_middle_senaxh.txt:1444,82,STATE_KIYEFELROTS,capped,bg_iron_mining,179,179
STATE_KIYEFELROTS@map_data/state_regions/00_middle_senaxh.txt:1444,82,STATE_KIYEFELROTS,capped,bg_gold_mining,14,14
STATE_KIYEFELROTS@map_data/state_regions/00_middle_senaxh.txt:1444,82,STATE_KIYEFELROTS,capped,bg_rubber,35,35
STATE_KIYEFELROTS@map_data/state_regions/00_middle_senaxh.txt:1444,82,STATE_KIYEFELROTS,capped,bg_oil_extraction,71,71
STATE_IKELROTS@map_data/state_regions/00_middle_senaxh.txt:1466,83,STATE_IKELROTS,arable,bg_wheat_farms,,bg_wheat_farms
STATE_IKELROTS@map_data/state_regions/00_middle_senaxh.txt:1466,83,STATE_IKELROTS,arable,bg_coffee_plantations,,bg_coffee_plantations
STATE_IKELROTS@map_data/state_regions/00_middle_senaxh.txt:1466,83,STATE_IKELROTS,arable,bg_tobacco_plantations,,bg_tobacco_plantations
STATE_IKELROTS@map_data/state_regions/00_middle_senaxh.txt:1466,83,STATE_IKELROTS,arable,bg_silk_plantations,,bg_silk_plantations
STATE_IKELROTS@map_data/state_regions/00_middle_senaxh.txt:1466,83,STATE_IKELROTS,capped,bg_logging,454,454
STATE_ANNERXH@map_data/state_regions/00_middle_senaxh.txt:1483,84,STATE_ANNERXH,arable,bg_rice_farms,,bg_rice_farms
STATE_ANNERXH@map_data/state_regions/00_middle_senaxh.txt:1483,84,STATE_ANNERXH,arable,bg_coffee_plantations,,bg_coffee_plantations
STATE_ANNERXH@map_data/state_regions/00_middle_senaxh.txt:1483,84,STATE_ANNERXH,arable,bg_sugar_plantations,,bg_sugar_plantations
STATE_ANNERXH@map_data/state_regions/00_middle_senaxh.txt:1483,84,STATE_ANNERXH,arable,bg_tea_plantations,,bg_tea_plantations
STATE_ANNERXH@map_data/state_regions/00_middle_senaxh.txt:1483,84,STATE_ANNERXH,arable,bg_dye_plantations,,bg_dye_plantations
STATE_ANNERXH@map_data/state_regions/00_middle_senaxh.txt:1483,84,STATE_ANNERXH,arable,bg_opium_plantations,,bg_opium_plantations
STATE_ANNERXH@map_data/state_regions/00_middle_senaxh.txt:1483,84,STATE_ANNERXH,capped,bg_logging,274,274
STATE_ANNERXH@map_data/state_regions/00_middle_senaxh.txt:1483,84,STATE_ANNERXH,capped,bg_rubber,14,14
STATE_KARFELRANIAH@map_data/state_regions/00_middle_senaxh.txt:1500,85,STATE_KARFELRANIAH,arable,bg_wheat_farms,,bg_wheat_farms
STATE_KARFELRANIAH@map_data/state_regions/00_middle_senaxh.txt:1500,85,STATE_KARFELRANIAH,arable,bg_coffee_plantations,,bg_coffee_plantations
STATE_KARFELRANIAH@map_data/state_regions/00_middle_senaxh.txt:1500,85,STATE_KARFELRANIAH,arable,bg_tea_plantations,,bg_tea_plantations
STATE_KARFELRANIAH@map_data/state_regions/00_middle_senaxh.txt:1500,85,STATE_KARFELRANIAH,arable,bg_sugar_plantations,,bg_sugar_plantations
STATE_KARFELRANIAH@map_data/state_regions/00_middle_senaxh.txt:1500,85,STATE_KARFELRANIAH,capped,bg_logging,34,34
STATE_KARFELRANIAH@map_data/state_regions/00_middle_senaxh.txt:1500,85,STATE_KARFELRANIAH,capped,bg_lead_mining,12,12
STATE_KARFELRANIAH@map_data/state_regions/00_middle_senaxh.txt:1500,85,STATE_KARFELRANIAH,capped,bg_rubber,104,104
STATE_KARFELRANIAH@map_data/state_regions/00_middle_senaxh.txt:1500,85,STATE_KARFELRANIAH,capped,bg_fishing,34,34
STATE_KARFELRANIAH@map_data/state_regions/00_middle_senaxh.txt:1500,85,STATE_KARFELRANIAH,capped,bg_whaling,20,20
STATE_RIXHRANTH@map_data/state_regions/00_middle_senaxh.txt:1521,86,STATE_RIXHRANTH,arable,bg_rice_farms,,bg_rice_farms
STATE_RIXHRANTH@map_data/state_regions/00_middle_senaxh.txt:1521,86,STATE_RIXHRANTH,arable,bg_cotton_plantations,,bg_cotton_plantations
STATE_RIXHRANTH@map_data/state_regions/00_middle_senaxh.txt:1521,86,STATE_RIXHRANTH,arable,bg_opium_plantations,,bg_opium_plantations
STATE_RIXHRANTH@map_data/state_regions/00_middle_senaxh.txt:1521,86,STATE_RIXHRANTH,capped,bg_logging,97,97
STATE_RIXHRANTH@map_data/state_regions/00_middle_senaxh.txt:1521,86,STATE_RIXHRANTH,capped,bg_oil_extraction,34,34
STATE_RIXHRANTH@map_data/state_regions/00_middle_senaxh.txt:1521,86,STATE_RIXHRANTH,capped,bg_whaling,94,94
STATE_RIXHRANTH@map_data/state_regions/00_middle_senaxh.txt:1521,86,STATE_RIXHRANTH,capped,bg_fishing,104,104
STATE_KRAMXHUTH@map_data/state_regions/00_middle_senaxh.txt:1541,87,STATE_KRAMXHUTH,arable,bg_wheat_farms,,bg_wheat_farms
STATE_KRAMXHUTH@map_data/state_regions/00_middle_senaxh.txt:1541,87,STATE_KRAMXHUTH,arable,bg_livestock_ranches,,bg_livestock_ranches
STATE_KRAMXHUTH@map_data/state_regions/00_middle_senaxh.txt:1541,87,STATE_KRAMXHUTH,arable,bg_opium_plantations,,bg_opium_plantations
STATE_KRAMXHUTH@map_data/state_regions/00_middle_senaxh.txt:1541,87,STATE_KRAMXHUTH,arable,bg_silk_plantations,,bg_silk_plantations
STATE_KRAMXHUTH@map_data/state_regions/00_middle_senaxh.txt:1541,87,STATE_KRAMXHUTH,arable,bg_cotton_plantations,,bg_cotton_plantations
STATE_KRAMXHUTH@map_data/state_regions/00_middle_senaxh.txt:1541,87,STATE_KRAMXHUTH,capped,bg_logging,34,34
STATE_KRAMXHUTH@map_data/state_regions/00_middle_senaxh.txt:1541,87,STATE_KRAMXHUTH,capped,bg_rubber,45,45
STATE_AKANXHINEYUEM@map_data/state_regions/00_middle_senaxh.txt:1558,88,STATE_AKANXHINEYUEM,arable,bg_wheat_farms,,bg_wheat_farms
STATE_AKANXHINEYUEM@map_data/state_regions/00_middle_senaxh.txt:1558,88,STATE_AKANXHINEYUEM,arable,bg_silk_plantations,,bg_silk_plantations
STATE_AKANXHINEYUEM@map_data/state_regions/00_middle_senaxh.txt:1558,88,STATE_AKANXHINEYUEM,arable,bg_banana_plantations,,bg_banana_plantations
STATE_AKANXHINEYUEM@map_data/state_regions/00_middle_senaxh.txt:1558,88,STATE_AKANXHINEYUEM,arable,bg_cotton_plantations,,bg_cotton_plantations
STATE_AKANXHINEYUEM@map_data/state_regions/00_middle_senaxh.txt:1558,88,STATE_AKANXHINEYUEM,capped,bg_logging,44,44
STATE_AKANXHINEYUEM@map_data/state_regions/00_middle_senaxh.txt:1558,88,STATE_AKANXHINEYUEM,capped,bg_iron_mining,17,17
STATE_RIOHYUXH@map_data/state_regions/00_middle_senaxh.txt:1576,89,STATE_RIOHYUXH,arable,bg_wheat_farms,,bg_wheat_farms
STATE_RIOHYUXH@map_data/state_regions/00_middle_senaxh.txt:1576,89,STATE_RIOHYUXH,arable,bg_livestock_ranches,,bg_livestock_ranches
STATE_RIOHYUXH@map_data/state_regions/00_middle_senaxh.txt:1576,89,STATE_RIOHYUXH,capped,bg_logging,38,38
STATE_RIOHYUXH@map_data/state_regions/00_middle_senaxh.txt:1576,89,STATE_RIOHYUXH,capped,bg_coal_mining,47,47
STATE_RIOHYUXH@map_data/state_regions/00_middle_senaxh.txt:1576,89,STATE_RIOHYUXH,capped,bg_lead_mining,12,12
STATE_RIOHYUXH@map_data/state_regions/00_middle_senaxh.txt:1576,89,STATE_RIOHYUXH,capped,bg_gold_mining,4,4
STATE_RIODERANTE@map_data/state_regions/00_middle_senaxh.txt:1595,90,STATE_RIODERANTE,arable,bg_wheat_farms,,bg_wheat_farms
STATE_RIODERANTE@map_data/state_regions/00_middle_senaxh.txt:1595,90,STATE_RIODERANTE,arable,bg_coffee_plantations,,bg_coffee_plantations
STATE_RIODERANTE@map_data/state_regions/00_middle_senaxh.txt:1595,90,STATE_RIODERANTE,capped,bg_logging,34,34
STATE_RIODERANTE@map_data/state_regions/00_middle_senaxh.txt:1595,90,STATE_RIODERANTE,capped,bg_coal_mining,54,54
STATE_RIODERANTE@map_data/state_regions/00_middle_senaxh.txt:1595,90,STATE_RIODERANTE,capped,bg_rubber,27,27
STATE_RANTATS@map_data/state_regions/00_middle_senaxh.txt:1613,91,STATE_RANTATS,arable,bg_rice_farms,,bg_rice_farms
STATE_RANTATS@map_data/state_regions/00_middle_senaxh.txt:1613,91,STATE_RANTATS,arable,bg_dye_plantations,,bg_dye_plantations
STATE_RANTATS@map_data/state_regions/00_middle_senaxh.txt:1613,91,STATE_RANTATS,capped,bg_logging,27,27
STATE_RANTATS@map_data/state_regions/00_middle_senaxh.txt:1613,91,STATE_RANTATS,capped,bg_lead_mining,14,14
STATE_RANTATS@map_data/state_regions/00_middle_senaxh.txt:1613,91,STATE_RANTATS,capped,bg_gold_mining,3,3
STATE_RIASUXH@map_data/state_regions/00_middle_senaxh.txt:1632,92,STATE_RIASUXH,arable,bg_rice_farms,,bg_rice_farms
STATE_RIASUXH@map_data/state_regions/00_middle_senaxh.txt:1632,92,STATE_RIASUXH,arable,bg_tea_plantations,,bg_tea_plantations
STATE_RIASUXH@map_data/state_regions/00_middle_senaxh.txt:1632,92,STATE_RIASUXH,capped,bg_sulfur_mining,14,14
STATE_RIASUXH@map_data/state_regions/00_middle_senaxh.txt:1632,92,STATE_RIASUXH,capped,bg_iron_mining,5,5
STATE_AXTOLTS@map_data/state_regions/00_middle_senaxh.txt:1649,93,STATE_AXTOLTS,arable,bg_rice_farms,,bg_rice_farms
STATE_AXTOLTS@map_data/state_regions/00_middle_senaxh.txt:1649,93,STATE_AXTOLTS,arable,bg_sugar_plantations,,bg_sugar_plantations
STATE_AXTOLTS@map_data/state_regions/00_middle_senaxh.txt:1649,93,STATE_AXTOLTS,capped,bg_rubber,27,27
STATE_AXTOLTS@map_data/state_regions/00_middle_senaxh.txt:1649,93,STATE_AXTOLTS,capped,bg_oil_extraction,14,14
STATE_RAXHINITH@map_data/state_regions/00_middle_senaxh.txt:1667,94,STATE_RAXHINITH,arable,bg_rice_farms,,bg_rice_farms
STATE_RAXHINITH@map_data/state_regions/00_middle_senaxh.txt:1667,94,STATE_RAXHINITH,arable,bg_dye_plantations,,bg_dye_plantations
STATE_RAXHINITH@map_data/state_regions/00_middle_senaxh.txt:1667,94,STATE_RAXHINITH,arable,bg_banana_plantations,,bg_banana_plantations
STATE_RAXHINITH@map_data/state_regions/00_middle_senaxh.txt:1667,94,STATE_RAXHINITH,capped,bg_sulfur_mining,27,27
STATE_RAXHINITH@map_data/state_regions/00_middle_senaxh.txt:1667,94,STATE_RAXHINITH,capped,bg_iron_mining,14,14
STATE_HAVANERA@map_data/state_regions/00_middle_senaxh.txt:1685,95,STATE_HAVANERA,arable,bg_rice_farms,,bg_rice_farms
STATE_HAVANERA@map_data/state_regions/00_middle_senaxh.txt:1685,95,STATE_HAVANERA,arable,bg_livestock_ranches,,bg_livestock_ranches
STATE_HAVANERA@map_data/state_regions/00_middle_senaxh.txt:1685,95,STATE_HAVANERA,arable,bg_opium_plantations,,bg_opium_plantations
STATE_HAVANERA@map_data/state_regions/00_middle_senaxh.txt:1685,95,STATE_HAVANERA,capped,bg_logging,38,38
STATE_HAVANERA@map_data/state_regions/00_middle_senaxh.txt:1685,95,STATE_HAVANERA,capped,bg_coal_mining,71,71
STATE_HAVANERA@map_data/state_regions/00_middle_senaxh.txt:1685,95,STATE_HAVANERA,capped,bg_rubber,24,24
STATE_RUSTANCZAH@map_data/state_regions/00_middle_senaxh.txt:1704,96,STATE_RUSTANCZAH,arable,bg_rice_farms,,bg_rice_farms
STATE_RUSTANCZAH@map_data/state_regions/00_middle_senaxh.txt:1704,96,STATE_RUSTANCZAH,arable,bg_tobacco_plantations,,bg_tobacco_plantations
STATE_RUSTANCZAH@map_data/state_regions/00_middle_senaxh.txt:1704,96,STATE_RUSTANCZAH,capped,bg_sulfur_mining,28,28
STATE_RUSTANCZAH@map_data/state_regions/00_middle_senaxh.txt:1704,96,STATE_RUSTANCZAH,capped,bg_gold_mining,4,4
STATE_AKAVANAH@map_data/state_regions/00_middle_senaxh.txt:1722,97,STATE_AKAVANAH,arable,bg_wheat_farms,,bg_wheat_farms
STATE_AKAVANAH@map_data/state_regions/00_middle_senaxh.txt:1722,97,STATE_AKAVANAH,arable,bg_livestock_ranches,,bg_livestock_ranches
STATE_AKAVANAH@map_data/state_regions/00_middle_senaxh.txt:1722,97,STATE_AKAVANAH,arable,bg_coffee_plantations,,bg_coffee_plantations
STATE_AKAVANAH@map_data/state_regions/00_middle_senaxh.txt:1722,97,STATE_AKAVANAH,arable,bg_dye_plantations,,bg_dye_plantations
STATE_AKAVANAH@map_data/state_regions/00_middle_senaxh.txt:1722,97,STATE_AKAVANAH,capped,bg_logging,104,104
STATE_AKAVANAH@map_data/state_regions/00_middle_senaxh.txt:1722,97,STATE_AKAVANAH,capped,bg_rubber,27,27
STATE_AKAVANAH@map_data/state_regions/00_middle_senaxh.txt:1722,97,STATE_AKAVANAH,capped,bg_gold_mining,4,4
STATE_AKAVANAH@map_data/state_regions/00_middle_senaxh.txt:1722,97,STATE_AKAVANAH,capped,bg_coal_mining,17,17
STATE_AKAVANAH@map_data/state_regions/00_middle_senaxh.txt:1722,97,STATE_AKAVANAH,capped,bg_oil_extraction,34,34
STATE_AISPATS@map_data/state_regions/00_middle_senaxh.txt:1743,98,STATE_AISPATS,arable,bg_rice_farms,,bg_rice_farms
STATE_AISPATS@map_data/state_regions/00_middle_senaxh.txt:1743,98,STATE_AISPATS,arable,bg_silk_plantations,,bg_silk_plantations
STATE_AISPATS@map_data/state_regions/00_middle_senaxh.txt:1743,98,STATE_AISPATS,arable,bg_tobacco_plantations,,bg_tobacco_plantations
STATE_AISPATS@map_data/state_regions/00_middle_senaxh.txt:1743,98,STATE_AISPATS,capped,bg_logging,38,38
STATE_AISPATS@map_data/state_regions/00_middle_senaxh.txt:1743,98,STATE_AISPATS,capped,bg_rubber,27,27
STATE_KAIVAH@map_data/state_regions/00_middle_senaxh.txt:1760,99,STATE_KAIVAH,arable,bg_rice_farms,,bg_rice_farms
STATE_KAIVAH@map_data/state_regions/00_middle_senaxh.txt:1760,99,STATE_KAIVAH,capped,bg_coal_mining,21,21
STATE_ROXH_AQUITENTS@map_data/state_regions/00_middle_senaxh.txt:1777,100,STATE_ROXH_AQUITENTS,arable,bg_rice_farms,,bg_rice_farms
STATE_ROXH_AQUITENTS@map_data/state_regions/00_middle_senaxh.txt:1777,100,STATE_ROXH_AQUITENTS,arable,bg_livestock_ranches,,bg_livestock_ranches
STATE_ROXH_AQUITENTS@map_data/state_regions/00_middle_senaxh.txt:1777,100,STATE_ROXH_AQUITENTS,arable,bg_banana_plantations,,bg_banana_plantations
STATE_ROXH_AQUITENTS@map_data/state_regions/00_middle_senaxh.txt:1777,100,STATE_ROXH_AQUITENTS,arable,bg_sugar_plantations,,bg_sugar_plantations
STATE_ROXH_AQUITENTS@map_data/state_regions/00_middle_senaxh.txt:1777,100,STATE_ROXH_AQUITENTS,arable,bg_dye_plantations,,bg_dye_plantations
STATE_ROXH_AQUITENTS@map_data/state_regions/00_middle_senaxh.txt:1777,100,STATE_ROXH_AQUITENTS,arable,bg_tea_plantations,,bg_tea_plantations
STATE_ROXH_AQUITENTS@map_data/state_regions/00_middle_senaxh.txt:1777,100,STATE_ROXH_AQUITENTS,arable,bg_coffee_plantations,,bg_coffee_plantations
STATE_ROXH_AQUITENTS@map_data/state_regions/00_middle_senaxh.txt:1777,100,STATE_ROXH_AQUITENTS,capped,bg_coal_mining,27,27
STATE_ROXH_AQUITENTS@map_data/state_regions/00_middle_senaxh.txt:1777,100,STATE_ROXH_AQUITENTS,capped,bg_lead_mining,3,3
STATE_ROXH_AQUITENTS@map_data/state_regions/00_middle_senaxh.txt:1777,100,STATE_ROXH_AQUITENTS,capped,bg_oil_extraction,2,2
STATE_RIYUTS@map_data/state_regions/00_middle_senaxh.txt:1796,101,STATE_RIYUTS,arable,bg_rice_farms,,bg_rice_farms
STATE_RIYUTS@map_data/state_regions/00_middle_senaxh.txt:1796,101,STATE_RIYUTS,arable,bg_cotton_plantations,,bg_cotton_plantations
STATE_RIYUTS@map_data/state_regions/00_middle_senaxh.txt:1796,101,STATE_RIYUTS,arable,bg_tea_plantations,,bg_tea_plantations
STATE_RIYUTS@map_data/state_regions/00_middle_senaxh.txt:1796,101,STATE_RIYUTS,capped,bg_rubber,34,34
STATE_RIYUTS@map_data/state_regions/00_middle_senaxh.txt:1796,101,STATE_RIYUTS,capped,bg_oil_extraction,4,4
STATE_RIYUTS@map_data/state_regions/00_middle_senaxh.txt:1796,101,STATE_RIYUTS,capped,bg_whaling,8,8
STATE_RIYUTS@map_data/state_regions/00_middle_senaxh.txt:1796,101,STATE_RIYUTS,capped,bg_fishing,12,12
STATE_OTS@map_data/state_regions/00_middle_senaxh.txt:1816,102,STATE_OTS,arable,bg_wheat_farms,,bg_wheat_farms
STATE_OTS@map_data/state_regions/00_middle_senaxh.txt:1816,102,STATE_OTS,arable,bg_cotton_plantations,,bg_cotton_plantations
STATE_OTS@map_data/state_regions/00_middle_senaxh.txt:1816,102,STATE_OTS,capped,bg_iron_mining,34,34
STATE_OTS@map_data/state_regions/00_middle_senaxh.txt:1816,102,STATE_OTS,capped,bg_rubber,17,17
STATE_IOTS@map_data/state_regions/00_middle_senaxh.txt:1833,103,STATE_IOTS,arable,bg_wheat_farms,,bg_wheat_farms
STATE_IOTS@map_data/state_regions/00_middle_senaxh.txt:1833,103,STATE_IOTS,arable,bg_livestock_ranches,,bg_livestock_ranches
STATE_IOTS@map_data/state_regions/00_middle_senaxh.txt:1833,103,STATE_IOTS,capped,bg_logging,44,44
STATE_IOTS@map_data/state_regions/00_middle_senaxh.txt:1833,103,STATE_IOTS,capped,bg_gold_mining,7,7
STATE_KIPENTS@map_data/state_regions/00_middle_senaxh.txt:1851,104,STATE_KIPENTS,arable,bg_wheat_farms,,bg_wheat_farms
STATE_KIPENTS@map_data/state_regions/00_middle_senaxh.txt:1851,104,STATE_KIPENTS,arable,bg_livestock_ranches,,bg_livestock_ranches
STATE_KIPENTS@map_data/state_regions/00_middle_senaxh.txt:1851,104,STATE_KIPENTS,capped,bg_logging,24,24
STATE_KIPENTS@map_data/state_regions/00_middle_senaxh.txt:1851,104,STATE_KIPENTS,capped,bg_sulfur_mining,35,35
STATE_KIPENTS@map_data/state_regions/00_middle_senaxh.txt:1851,104,STATE_KIPENTS,capped,bg_lead_mining,17,17
STATE_KIPENTS@map_data/state_regions/00_middle_senaxh.txt:1851,104,STATE_KIPENTS,capped,bg_coal_mining,35,35
STATE_KAROTA@map_data/state_regions/00_middle_senaxh.txt:1871,105,STATE_KAROTA,arable,bg_wheat_farms,,bg_wheat_farms
STATE_KAROTA@map_data/state_regions/00_middle_senaxh.txt:1871,105,STATE_KAROTA,arable,bg_livestock_ranches,,bg_livestock_ranches
STATE_KAROTA@map_data/state_regions/00_middle_senaxh.txt:1871,105,STATE_KAROTA,arable,bg_dye_plantations,,bg_dye_plantations
STATE_KAROTA@map_data/state_regions/00_middle_senaxh.txt:1871,105,STATE_KAROTA,arable,bg_tea_plantations,,bg_tea_plantations
STATE_KAROTA@map_data/state_regions/00_middle_senaxh.txt:1871,105,STATE_KAROTA,arable,bg_tobacco_plantations,,bg_tobacco_plantations
STATE_KAROTA@map_data/state_regions/00_middle_senaxh.txt:1871,105,STATE_KAROTA,arable,bg_coffee_plantations,,bg_coffee_plantations
STATE_KAROTA@map_data/state_regions/00_middle_senaxh.txt:1871,105,STATE_KAROTA,capped,bg_logging,114,114
STATE_KAROTA@map_data/state_regions/00_middle_senaxh.txt:1871,105,STATE_KAROTA,capped,bg_gold_mining,34,34
STATE_KAROTA@map_data/state_regions/00_middle_senaxh.txt:1871,105,STATE_KAROTA,capped,bg_oil_extraction,55,55
STATE_KAROTA@map_data/state_regions/00_middle_senaxh.txt:1871,105,STATE_KAROTA,capped,bg_rubber,11,11
STATE_KIOTS@map_data/state_regions/00_middle_senaxh.txt:1891,106,STATE_KIOTS,arable,bg_wheat_farms,,bg_wheat_farms
STATE_KIOTS@map_data/state_regions/00_middle_senaxh.txt:1891,106,STATE_KIOTS,arable,bg_coffee_plantations,,bg_coffee_plantations
STATE_KIOTS@map_data/state_regions/00_middle_senaxh.txt:1891,106,STATE_KIOTS,capped,bg_rubber,14,14
STATE_KIOTS@map_data/state_regions/00_middle_senaxh.txt:1891,106,STATE_KIOTS,capped,bg_oil_extraction,38,38
STATE_SEVILRUXH@map_data/state_regions/00_middle_senaxh.txt:1909,107,STATE_SEVILRUXH,arable,bg_wheat_farms,,bg_wheat_farms
STATE_SEVILRUXH@map_data/state_regions/00_middle_senaxh.txt:1909,107,STATE_SEVILRUXH,arable,bg_dye_plantations,,bg_dye_plantations
STATE_SEVILRUXH@map_data/state_regions/00_middle_senaxh.txt:1909,107,STATE_SEVILRUXH,arable,bg_opium_plantations,,bg_opium_plantations
STATE_SEVILRUXH@map_data/state_regions/00_middle_senaxh.txt:1909,107,STATE_SEVILRUXH,capped,bg_iron_mining,14,14
STATE_SEVILRUXH@map_data/state_regions/00_middle_senaxh.txt:1909,107,STATE_SEVILRUXH,capped,bg_lead_mining,31,31
STATE_SEVILRUXH@map_data/state_regions/00_middle_senaxh.txt:1909,107,STATE_SEVILRUXH,capped,bg_gold_mining,7,7
STATE_SEVILRUXH@map_data/state_regions/00_middle_senaxh.txt:1909,107,STATE_SEVILRUXH,capped,bg_oil_extraction,14,14
STATE_NIUXH@map_data/state_regions/00_middle_senaxh.txt:1929,108,STATE_NIUXH,arable,bg_wheat_farms,,bg_wheat_farms
STATE_NIUXH@map_data/state_regions/00_middle_senaxh.txt:1929,108,STATE_NIUXH,arable,bg_livestock_ranches,,bg_livestock_ranches
STATE_NIUXH@map_data/state_regions/00_middle_senaxh.txt:1929,108,STATE_NIUXH,arable,bg_silk_plantations,,bg_silk_plantations
STATE_NIUXH@map_data/state_regions/00_middle_senaxh.txt:1929,108,STATE_NIUXH,capped,bg_logging,34,34
STATE_KAOTS@map_data/state_regions/00_middle_senaxh.txt:1946,109,STATE_KAOTS,arable,bg_wheat_farms,,bg_wheat_farms
STATE_KAOTS@map_data/state_regions/00_middle_senaxh.txt:1946,109,STATE_KAOTS,arable,bg_coffee_plantations,,bg_coffee_plantations
STATE_KAOTS@map_data/state_regions/00_middle_senaxh.txt:1946,109,STATE_KAOTS,arable,bg_tea_plantations,,bg_tea_plantations
STATE_KAOTS@map_data/state_regions/00_middle_senaxh.txt:1946,109,STATE_KAOTS,arable,bg_sugar_plantations,,bg_sugar_plantations
STATE_KAOTS@map_data/state_regions/00_middle_senaxh.txt:1946,109,STATE_KAOTS,arable,bg_banana_plantations,,bg_banana_plantations
STATE_KAOTS@map_data/state_regions/00_middle_senaxh.txt:1946,109,STATE_KAOTS,capped,bg_logging,14,14
STATE_YEIL@map_data/state_regions/00_middle_senaxh.txt:1963,110,STATE_YEIL,arable,bg_wheat_farms,,bg_wheat_farms
STATE_YEIL@map_data/state_regions/00_middle_senaxh.txt:1963,110,STATE_YEIL,arable,bg_silk_plantations,,bg_silk_plantations
STATE_YEIL@map_data/state_regions/00_middle_senaxh.txt:1963,110,STATE_YEIL,arable,bg_tea_plantations,,bg_tea_plantations
STATE_YEIL@map_data/state_regions/00_middle_senaxh.txt:1963,110,STATE_YEIL,arable,bg_dye_plantations,,bg_dye_plantations
STATE_YEIL@map_data/state_regions/00_middle_senaxh.txt:1963,110,STATE_YEIL,arable,bg_sugar_plantations,,bg_sugar_plantations
STATE_YEIL@map_data/state_regions/00_middle_senaxh.txt:1963,110,STATE_YEIL,capped,bg_logging,41,41
STATE_YEIL@map_data/state_regions/00_middle_senaxh.txt:1963,110,STATE_YEIL,capped,bg_rubber,4,4
STATE_YEIL@map_data/state_regions/00_middle_senaxh.txt:1963,110,STATE_YEIL,capped,bg_sulfur_mining,3,3
STATE_KRANHEXH@map_data/state_regions/00_middle_senaxh.txt:1982,111,STATE_KRANHEXH,arable,bg_rice_farms,,bg_rice_farms
STATE_KRANHEXH@map_data/state_regions/00_middle_senaxh.txt:1982,111,STATE_KRANHEXH,capped,bg_iron_mining,44,44
STATE_SAILRETS@map_data/state_regions/00_middle_senaxh.txt:1998,112,STATE_SAILRETS,arable,bg_rice_farms,,bg_rice_farms
STATE_SAILRETS@map_data/state_regions/00_middle_senaxh.txt:1998,112,STATE_SAILRETS,capped,bg_sulfur_mining,14,14
STATE_XHEVHRANTH@map_data/state_regions/00_middle_senaxh.txt:2014,113,STATE_XHEVHRANTH,arable,bg_livestock_ranches,,bg_livestock_ranches
STATE_XHEVHRANTH@map_data/state_regions/00_middle_senaxh.txt:2014,113,STATE_XHEVHRANTH,arable,bg_tobacco_plantations,,bg_tobacco_plantations
STATE_XHEVHRANTH@map_data/state_regions/00_middle_senaxh.txt:2014,113,STATE_XHEVHRANTH,arable,bg_coffee_plantations,,bg_coffee_plantations
STATE_XHEVHRANTH@map_data/state_regions/00_middle_senaxh.txt:2014,113,STATE_XHEVHRANTH,capped,bg_logging,111,111
STATE_XHEVHRANTH@map_data/state_regions/00_middle_senaxh.txt:2014,113,STATE_XHEVHRANTH,capped,bg_sulfur_mining,34,34
STATE_XHEVHRANTH@map_data/state_regions/00_middle_senaxh.txt:2014,113,STATE_XHEVHRANTH,capped,bg_coal_mining,45,45
STATE_XHEVHRANTH@map_data/state_regions/00_middle_senaxh.txt:2014,113,STATE_XHEVHRANTH,capped,bg_iron_mining,35,35
STATE_RANKAXH@map_data/state_regions/00_middle_senaxh.txt:2034,114,STATE_RANKAXH,arable,bg_wheat_farms,,bg_wheat_farms
STATE_RANKAXH@map_data/state_regions/00_middle_senaxh.txt:2034,114,STATE_RANKAXH,arable,bg_livestock_ranches,,bg_livestock_ranches
STATE_RANKAXH@map_data/state_regions/00_middle_senaxh.txt:2034,114,STATE_RANKAXH,arable,bg_opium_plantations,,bg_opium_plantations
STATE_RANKAXH@map_data/state_regions/00_middle_senaxh.txt:2034,114,STATE_RANKAXH,capped,bg_logging,74,74
STATE_RANKAXH@map_data/state_regions/00_middle_senaxh.txt:2034,114,STATE_RANKAXH,capped,bg_rubber,34,34
STATE_RANKAXH@map_data/state_regions/00_middle_senaxh.txt:2034,114,STATE_RANKAXH,capped,bg_gold_mining,3,3
STATE_SAOLRITS@map_data/state_regions/00_middle_senaxh.txt:2053,115,STATE_SAOLRITS,arable,bg_wheat_farms,,bg_wheat_farms
STATE_SAOLRITS@map_data/state_regions/00_middle_senaxh.txt:2053,115,STATE_SAOLRITS,arable,bg_coffee_plantations,,bg_coffee_plantations
STATE_SAOLRITS@map_data/state_regions/00_middle_senaxh.txt:2053,115,STATE_SAOLRITS,arable,bg_dye_plantations,,bg_dye_plantations
STATE_SAOLRITS@map_data/state_regions/00_middle_senaxh.txt:2053,115,STATE_SAOLRITS,arable,bg_tobacco_plantations,,bg_tobacco_plantations
STATE_SAOLRITS@map_data/state_regions/00_middle_senaxh.txt:2053,115,STATE_SAOLRITS,arable,bg_opium_plantations,,bg_opium_plantations
STATE_SAOLRITS@map_data/state_regions/00_middle_senaxh.txt:2053,115,STATE_SAOLRITS,capped,bg_logging,34,34
STATE_SPELRITS@map_data/state_regions/00_middle_senaxh.txt:2070,116,STATE_SPELRITS,arable,bg_wheat_farms,,bg_wheat_farms
STATE_SPELRITS@map_data/state_regions/00_middle_senaxh.txt:2070,116,STATE_SPELRITS,arable,bg_livestock_ranches,,bg_livestock_ranches
STATE_SPELRITS@map_data/state_regions/00_middle_senaxh.txt:2070,116,STATE_SPELRITS,arable,bg_cotton_plantations,,bg_cotton_plantations
STATE_SPELRITS@map_data/state_regions/00_middle_senaxh.txt:2070,116,STATE_SPELRITS,capped,bg_logging,111,111
STATE_SPELRITS@map_data/state_regions/00_middle_senaxh.txt:2070,116,STATE_SPELRITS,capped,bg_iron_mining,74,74
STATE_SPELRITS@map_data/state_regions/00_middle_senaxh.txt:2070,116,STATE_SPELRITS,capped,bg_coal_mining,34,34
STATE_RIVONETS@map_data/state_regions/00_middle_senaxh.txt:2088,117,STATE_RIVONETS,arable,bg_wheat_farms,,bg_wheat_farms
STATE_RIVONETS@map_data/state_regions/00_middle_senaxh.txt:2088,117,STATE_RIVONETS,arable,bg_livestock_ranches,,bg_livestock_ranches
STATE_RIVONETS@map_data/state_regions/00_middle_senaxh.txt:2088,117,STATE_RIVONETS,capped,bg_logging,33,33
STATE_RIVONETS@map_data/state_regions/00_middle_senaxh.txt:2088,117,STATE_RIVONETS,capped,bg_gold_mining,3,3
STATE_RIVONETS@map_data/state_regions/00_middle_senaxh.txt:2088,117,STATE_RIVONETS,capped,bg_oil_extraction,14,14
STATE_AIN_HEXH@map_data/state_regions/00_middle_senaxh.txt:2106,118,STATE_AIN_HEXH,arable,bg_wheat_farms,,bg_wheat_farms
STATE_AIN_HEXH@map_data/state_regions/00_middle_senaxh.txt:2106,118,STATE_AIN_HEXH,arable,bg_livestock_ranches,,bg_livestock_ranches
STATE_AIN_HEXH@map_data/state_regions/00_middle_senaxh.txt:2106,118,STATE_AIN_HEXH,capped,bg_logging,74,74
STATE_AIN_HEXH@map_data/state_regions/00_middle_senaxh.txt:2106,118,STATE_AIN_HEXH,capped,bg_rubber,35,35
STATE_KIEXH@map_data/state_regions/00_middle_senaxh.txt:2123,119,STATE_KIEXH,arable,bg_wheat_farms,,bg_wheat_farms
STATE_KIEXH@map_data/state_regions/00_middle_senaxh.txt:2123,119,STATE_KIEXH,arable,bg_livestock_ranches,,bg_livestock_ranches
STATE_KIEXH@map_data/state_regions/00_middle_senaxh.txt:2123,119,STATE_KIEXH,capped,bg_iron_mining,14,14
STATE_KIEXH@map_data/state_regions/00_middle_senaxh.txt:2123,119,STATE_KIEXH,capped,bg_lead_mining,35,35
STATE_YARESLRAVL@map_data/state_regions/00_middle_senaxh.txt:2140,120,STATE_YARESLRAVL,arable,bg_wheat_farms,,bg_wheat_farms
STATE_YARESLRAVL@map_data/state_regions/00_middle_senaxh.txt:2140,120,STATE_YARESLRAVL,arable,bg_cotton_plantations,,bg_cotton_plantations
STATE_YARESLRAVL@map_data/state_regions/00_middle_senaxh.txt:2140,120,STATE_YARESLRAVL,arable,bg_tea_plantations,,bg_tea_plantations
STATE_YARESLRAVL@map_data/state_regions/00_middle_senaxh.txt:2140,120,STATE_YARESLRAVL,arable,bg_dye_plantations,,bg_dye_plantations
STATE_YARESLRAVL@map_data/state_regions/00_middle_senaxh.txt:2140,120,STATE_YARESLRAVL,capped,bg_logging,34,34
STATE_MIXH@map_data/state_regions/00_middle_senaxh.txt:2156,121,STATE_MIXH,arable,bg_wheat_farms,,bg_wheat_farms
STATE_MIXH@map_data/state_regions/00_middle_senaxh.txt:2156,121,STATE_MIXH,capped,bg_logging,13,13
STATE_MIXH@map_data/state_regions/00_middle_senaxh.txt:2156,121,STATE_MIXH,capped,bg_sulfur_mining,8,8
STATE_MIXH@map_data/state_regions/00_middle_senaxh.txt:2156,121,STATE_MIXH,capped,bg_gold_mining,1,1
STATE_AUXTHREH@map_data/state_regions/00_middle_senaxh.txt:2175,122,STATE_AUXTHREH,arable,bg_wheat_farms,,bg_wheat_farms
STATE_AUXTHREH@map_data/state_regions/00_middle_senaxh.txt:2175,122,STATE_AUXTHREH,arable,bg_livestock_ranches,,bg_livestock_ranches
STATE_AUXTHREH@map_data/state_regions/00_middle_senaxh.txt:2175,122,STATE_AUXTHREH,capped,bg_logging,54,54
STATE_SEINVL@map_data/state_regions/00_middle_senaxh.txt:2192,123,STATE_SEINVL,arable,bg_wheat_farms,,bg_wheat_farms
STATE_SEINVL@map_data/state_regions/00_middle_senaxh.txt:2192,123,STATE_SEINVL,arable,bg_coffee_plantations,,bg_coffee_plantations
STATE_SEINVL@map_data/state_regions/00_middle_senaxh.txt:2192,123,STATE_SEINVL,arable,bg_cotton_plantations,,bg_cotton_plantations
STATE_SEINVL@map_data/state_regions/00_middle_senaxh.txt:2192,123,STATE_SEINVL,arable,bg_opium_plantations,,bg_opium_plantations
STATE_SEINVL@map_data/state_regions/00_middle_senaxh.txt:2192,123,STATE_SEINVL,capped,bg_logging,34,34
STATE_RIXH@map_data/state_regions/00_middle_senaxh.txt:2208,124,STATE_RIXH,arable,bg_rye_farms,,bg_rye_farms
STATE_RIXH@map_data/state_regions/00_middle_senaxh.txt:2208,124,STATE_RIXH,arable,bg_livestock_ranches,,bg_livestock_ranches
STATE_RIXH@map_data/state_regions/00_middle_senaxh.txt:2208,124,STATE_RIXH,arable,bg_coffee_plantations,,bg_coffee_plantations
STATE_RIXH@map_data/state_regions/00_middle_senaxh.txt:2208,124,STATE_RIXH,arable,bg_cotton_plantations,,bg_cotton_plantations
STATE_RIXH@map_data/state_regions/00_middle_senaxh.txt:2208,124,STATE_RIXH,capped,bg_coal_mining,454,454
STATE_RIXH@map_data/state_regions/00_middle_senaxh.txt:2208,124,STATE_RIXH,capped,bg_iron_mining,245,245
STATE_RIXH@map_data/state_regions/00_middle_senaxh.txt:2208,124,STATE_RIXH,capped,bg_lead_mining,457,457
STATE_RIXH@map_data/state_regions/00_middle_senaxh.txt:2208,124,STATE_RIXH,capped,bg_sulfur_mining,421,421
STATE_RIXH@map_data/state_regions/00_middle_senaxh.txt:2208,124,STATE_RIXH,capped,bg_logging,194,194
STATE_HAIOXH@map_data/state_regions/00_middle_senaxh.txt:2229,125,STATE_HAIOXH,arable,bg_rice_farms,,bg_rice_farms
STATE_HAIOXH@map_data/state_regions/00_middle_senaxh.txt:2229,125,STATE_HAIOXH,arable,bg_silk_plantations,,bg_silk_plantations
STATE_HAIOXH@map_data/state_regions/00_middle_senaxh.txt:2229,125,STATE_HAIOXH,arable,bg_tobacco_plantations,,bg_tobacco_plantations
STATE_HAIOXH@map_data/state_regions/00_middle_senaxh.txt:2229,125,STATE_HAIOXH,capped,bg_logging,55,55
STATE_HAIOXH@map_data/state_regions/00_middle_senaxh.txt:2229,125,STATE_HAIOXH,capped,bg_coal_mining,34,34
STATE_HAIOXH@map_data/state_regions/00_middle_senaxh.txt:2229,125,STATE_HAIOXH,capped,bg_lead_mining,14,14
STATE_HEYELRITS@map_data/state_regions/00_middle_senaxh.txt:2248,126,STATE_HEYELRITS,arable,bg_wheat_farms,,bg_wheat_farms
STATE_HEYELRITS@map_data/state_regions/00_middle_senaxh.txt:2248,126,STATE_HEYELRITS,arable,bg_livestock_ranches,,bg_livestock_ranches
STATE_HEYELRITS@map_data/state_regions/00_middle_senaxh.txt:2248,126,STATE_HEYELRITS,capped,bg_oil_extraction,41,41
STATE_SIYELRITS@map_data/state_regions/00_middle_senaxh.txt:2264,127,STATE_SIYELRITS,arable,bg_rice_farms,,bg_rice_farms
STATE_SIYELRITS@map_data/state_regions/00_middle_senaxh.txt:2264,127,STATE_SIYELRITS,arable,bg_coffee_plantations,,bg_coffee_plantations
STATE_SIYELRITS@map_data/state_regions/00_middle_senaxh.txt:2264,127,STATE_SIYELRITS,arable,bg_dye_plantations,,bg_dye_plantations
STATE_SIYELRITS@map_data/state_regions/00_middle_senaxh.txt:2264,127,STATE_SIYELRITS,capped,bg_iron_mining,34,34
STATE_SIYELRITS@map_data/state_regions/00_middle_senaxh.txt:2264,127,STATE_SIYELRITS,capped,bg_coal_mining,17,17
STATE_AVHAJYAEL@map_data/state_regions/00_middle_senaxh.txt:2281,128,STATE_AVHAJYAEL,arable,bg_rice_farms,,bg_rice_farms
STATE_AVHAJYAEL@map_data/state_regions/00_middle_senaxh.txt:2281,128,STATE_AVHAJYAEL,arable,bg_coffee_plantations,,bg_coffee_plantations
STATE_AVHAJYAEL@map_data/state_regions/00_middle_senaxh.txt:2281,128,STATE_AVHAJYAEL,arable,bg_cotton_plantations,,bg_cotton_plantations
STATE_AVHAJYAEL@map_data/state_regions/00_middle_senaxh.txt:2281,128,STATE_AVHAJYAEL,arable,bg_tobacco_plantations,,bg_tobacco_plantations
STATE_AVHAJYAEL@map_data/state_regions/00_middle_senaxh.txt:2281,128,STATE_AVHAJYAEL,arable,bg_tea_plantations,,bg_tea_plantations
STATE_AVHAJYAEL@map_data/state_regions/00_middle_senaxh.txt:2281,128,STATE_AVHAJYAEL,arable,bg_opium_plantations,,bg_opium_plantations
STATE_AVHAJYAEL@map_data/state_regions/00_middle_senaxh.txt:2281,128,STATE_AVHAJYAEL,capped,bg_logging,107,107
STATE_AVHAJYAEL@map_data/state_regions/00_middle_senaxh.txt:2281,128,STATE_AVHAJYAEL,capped,bg_sulfur_mining,34,34
STATE_AVHAJYAEL@map_data/state_regions/00_middle_senaxh.txt:2281,128,STATE_AVHAJYAEL,capped,bg_gold_mining,7,7
STATE_ELRIVL@map_data/state_regions/00_middle_senaxh.txt:2299,129,STATE_ELRIVL,arable,bg_wheat_farms,,bg_wheat_farms
STATE_ELRIVL@map_data/state_regions/00_middle_senaxh.txt:2299,129,STATE_ELRIVL,capped,bg_logging,14,14
STATE_HEINPAXH@map_data/state_regions/00_middle_senaxh.txt:2315,130,STATE_HEINPAXH,arable,bg_rice_farms,,bg_rice_farms
STATE_HEINPAXH@map_data/state_regions/00_middle_senaxh.txt:2315,130,STATE_HEINPAXH,arable,bg_livestock_ranches,,bg_livestock_ranches
STATE_HEINPAXH@map_data/state_regions/00_middle_senaxh.txt:2315,130,STATE_HEINPAXH,arable,bg_sugar_plantations,,bg_sugar_plantations
STATE_HEINPAXH@map_data/state_regions/00_middle_senaxh.txt:2315,130,STATE_HEINPAXH,arable,bg_tea_plantations,,bg_tea_plantations
STATE_HEINPAXH@map_data/state_regions/00_middle_senaxh.txt:2315,130,STATE_HEINPAXH,capped,bg_logging,47,47
STATE_HEINPAXH@map_data/state_regions/00_middle_senaxh.txt:2315,130,STATE_HEINPAXH,capped,bg_iron_mining,55,55
STATE_HEINPAXH@map_data/state_regions/00_middle_senaxh.txt:2315,130,STATE_HEINPAXH,capped,bg_gold_mining,14,14
STATE_RAFAELRANTH@map_data/state_regions/00_middle_senaxh.txt:2333,131,STATE_RAFAELRANTH,arable,bg_wheat_farms,,bg_wheat_farms
STATE_RAFAELRANTH@map_data/state_regions/00_middle_senaxh.txt:2333,131,STATE_RAFAELRANTH,arable,bg_coffee_plantations,,bg_coffee_plantations
STATE_RAFAELRANTH@map_data/state_regions/00_middle_senaxh.txt:2333,131,STATE_RAFAELRANTH,capped,bg_logging,34,34
STATE_RIOXHUTATH@map_data/state_regions/00_middle_senaxh.txt:2350,132,STATE_RIOXHUTATH,arable,bg_wheat_farms,,bg_wheat_farms
STATE_RIOXHUTATH@map_data/state_regions/00_middle_senaxh.txt:2350,132,STATE_RIOXHUTATH,arable,bg_livestock_ranches,,bg_livestock_ranches
STATE_RIOXHUTATH@map_data/state_regions/00_middle_senaxh.txt:2350,132,STATE_RIOXHUTATH,arable,bg_coffee_plantations,,bg_coffee_plantations
STATE_RIOXHUTATH@map_data/state_regions/00_middle_senaxh.txt:2350,132,STATE_RIOXHUTATH,arable,bg_cotton_plantations,,bg_cotton_plantations
STATE_RIOXHUTATH@map_data/state_regions/00_middle_senaxh.txt:2350,132,STATE_RIOXHUTATH,arable,bg_tea_plantations,,bg_tea_plantations
STATE_RIOXHUTATH@map_data/state_regions/00_middle_senaxh.txt:2350,132,STATE_RIOXHUTATH,arable,bg_tobacco_plantations,,bg_tobacco_plantations
STATE_RIOXHUTATH@map_data/state_regions/00_middle_senaxh.txt:2350,132,STATE_RIOXHUTATH,capped,bg_logging,134,134
STATE_RIOXHUTATH@map_data/state_regions/00_middle_senaxh.txt:2350,132,STATE_RIOXHUTATH,capped,bg_coal_mining,141,141
STATE_RIOXHUTATH@map_data/state_regions/00_middle_senaxh.txt:2350,132,STATE_RIOXHUTATH,capped,bg_iron_mining,87,87
STATE_RANPATCZAN@map_data/state_regions/00_middle_senaxh.txt:2368,133,STATE_RANPATCZAN,arable,bg_wheat_farms,,bg_wheat_farms
STATE_RANPATCZAN@map_data/state_regions/00_middle_senaxh.txt:2368,133,STATE_RANPATCZAN,arable,bg_livestock_ranches,,bg_livestock_ranches
STATE_RANPATCZAN@map_data/state_regions/00_middle_senaxh.txt:2368,133,STATE_RANPATCZAN,capped,bg_logging,132,132
STATE_IKILRONTH@map_data/state_regions/00_middle_senaxh.txt:2384,134,STATE_IKILRONTH,arable,bg_wheat_farms,,bg_wheat_farms
STATE_IKILRONTH@map_data/state_regions/00_middle_senaxh.txt:2384,134,STATE_IKILRONTH,arable,bg_livestock_ranches,,bg_livestock_ranches
STATE_IKILRONTH@map_data/state_regions/00_middle_senaxh.txt:2384,134,STATE_IKILRONTH,capped,bg_logging,35,35
STATE_IKILRONTH@map_data/state_regions/00_middle_senaxh.txt:2384,134,STATE_IKILRONTH,capped,bg_iron_mining,4,4
STATE_IKILRONTH@map_data/state_regions/00_middle_senaxh.txt:2384,134,STATE_IKILRONTH,capped,bg_lead_mining,13,13
STATE_GEKELRITH@map_data/state_regions/00_middle_senaxh.txt:2403,135,STATE_GEKELRITH,arable,bg_wheat_farms,,bg_wheat_farms
STATE_GEKELRITH@map_data/state_regions/00_middle_senaxh.txt:2403,135,STATE_GEKELRITH,arable,bg_livestock_ranches,,bg_livestock_ranches
STATE_GEKELRITH@map_data/state_regions/00_middle_senaxh.txt:2403,135,STATE_GEKELRITH,arable,bg_silk_plantations,,bg_silk_plantations
STATE_GEKELRITH@map_data/state_regions/00_middle_senaxh.txt:2403,135,STATE_GEKELRITH,arable,bg_tobacco_plantations,,bg_tobacco_plantations
STATE_GEKELRITH@map_data/state_regions/00_middle_senaxh.txt:2403,135,STATE_GEKELRITH,arable,bg_coffee_plantations,,bg_coffee_plantations
STATE_GEKELRITH@map_data/state_regions/00_middle_senaxh.txt:2403,135,STATE_GEKELRITH,capped,bg_logging,24,24
STATE_GEKELRITH@map_data/state_regions/00_middle_senaxh.txt:2403,135,STATE_GEKELRITH,capped,bg_oil_extraction,4,4
STATE_OSTATH@map_data/state_regions/00_middle_senaxh.txt:2421,136,STATE_OSTATH,arable,bg_wheat_farms,,bg_wheat_farms
STATE_OSTATH@map_data/state_regions/00_middle_senaxh.txt:2421,136,STATE_OSTATH,arable,bg_livestock_ranches,,bg_livestock_ranches
STATE_OSTATH@map_data/state_regions/00_middle_senaxh.txt:2421,136,STATE_OSTATH,capped,bg_logging,27,27
STATE_RITOELRANTH@map_data/state_regions/00_middle_senaxh.txt:2438,137,STATE_RITOELRANTH,arable,bg_wheat_farms,,bg_wheat_farms
STATE_RITOELRANTH@map_data/state_regions/00_middle_senaxh.txt:2438,137,STATE_RITOELRANTH,arable,bg_livestock_ranches,,bg_livestock_ranches
STATE_RITOELRANTH@map_data/state_regions/00_middle_senaxh.txt:2438,137,STATE_RITOELRANTH,arable,bg_tea_plantations,,bg_tea_plantations
STATE_RITOELRANTH@map_data/state_regions/00_middle_senaxh.txt:2438,137,STATE_RITOELRANTH,capped,bg_logging,44,44
STATE_RITOELRANTH@map_data/state_regions/00_middle_senaxh.txt:2438,137,STATE_RITOELRANTH,capped,bg_coal_mining,135,135
STATE_RITOELRANTH@map_data/state_regions/00_middle_senaxh.txt:2438,137,STATE_RITOELRANTH,capped,bg_iron_mining,122,122
STATE_RITOELRANTH@map_data/state_regions/00_middle_senaxh.txt:2438,137,STATE_RITOELRANTH,capped,bg_sulfur_mining,74,74
STATE_RITOELRANTH@map_data/state_regions/00_middle_senaxh.txt:2438,137,STATE_RITOELRANTH,capped,bg_oil_extraction,115,115
STATE_RITOELRANTH@map_data/state_regions/00_middle_senaxh.txt:2438,137,STATE_RITOELRANTH,capped,bg_rubber,65,65
STATE_IKIVANTS@map_data/state_regions/00_middle_senaxh.txt:2460,138,STATE_IKIVANTS,arable,bg_wheat_farms,,bg_wheat_farms
STATE_IKIVANTS@map_data/state_regions/00_middle_senaxh.txt:2460,138,STATE_IKIVANTS,arable,bg_livestock_ranches,,bg_livestock_ranches
STATE_IKIVANTS@map_data/state_regions/00_middle_senaxh.txt:2460,138,STATE_IKIVANTS,arable,bg_sugar_plantations,,bg_sugar_plantations
STATE_IKIVANTS@map_data/state_regions/00_middle_senaxh.txt:2460,138,STATE_IKIVANTS,capped,bg_logging,27,27
STATE_IKIVANTS@map_data/state_regions/00_middle_senaxh.txt:2460,138,STATE_IKIVANTS,capped,bg_coal_mining,34,34
STATE_XHIVELRHTO@map_data/state_regions/00_middle_senaxh.txt:2478,139,STATE_XHIVELRHTO,arable,bg_wheat_farms,,bg_wheat_farms
STATE_XHIVELRHTO@map_data/state_regions/00_middle_senaxh.txt:2478,139,STATE_XHIVELRHTO,arable,bg_livestock_ranches,,bg_livestock_ranches
STATE_XHIVELRHTO@map_data/state_regions/00_middle_senaxh.txt:2478,139,STATE_XHIVELRHTO,arable,bg_silk_plantations,,bg_silk_plantations
STATE_XHIVELRHTO@map_data/state_regions/00_middle_senaxh.txt:2478,139,STATE_XHIVELRHTO,capped,bg_logging,34,34
STATE_XHIVELRHTO@map_data/state_regions/00_middle_senaxh.txt:2478,139,STATE_XHIVELRHTO,capped,bg_rubber,18,18
STATE_RUTELRINVERKH@map_data/state_regions/00_middle_senaxh.txt:2496,140,STATE_RUTELRINVERKH,arable,bg_livestock_ranches,,bg_livestock_ranches
STATE_RUTELRINVERKH@map_data/state_regions/00_middle_senaxh.txt:2496,140,STATE_RUTELRINVERKH,capped,bg_logging,14,14
STATE_RUTELRINVERKH@map_data/state_regions/00_middle_senaxh.txt:2496,140,STATE_RUTELRINVERKH,capped,bg_coal_mining,241,241
STATE_RUTELRINVERKH@map_data/state_regions/00_middle_senaxh.txt:2496,140,STATE_RUTELRINVERKH,capped,bg_iron_mining,114,114
STATE_RUTELRINVERKH@map_data/state_regions/00_middle_senaxh.txt:2496,140,STATE_RUTELRINVERKH,capped,bg_lead_mining,32,32
STATE_RUTELRINVERKH@map_data/state_regions/00_middle_senaxh.txt:2496,140,STATE_RUTELRINVERKH,capped,bg_sulfur_mining,41,41
STATE_RUTELRINVERKH@map_data/state_regions/00_middle_senaxh.txt:2496,140,STATE_RUTELRINVERKH,capped,bg_gold_mining,7,7
STATE_RUTELRINVERKH@map_data/state_regions/00_middle_senaxh.txt:2496,140,STATE_RUTELRINVERKH,capped,bg_oil_extraction,34,34
STATE_RYUVAXHTELRANTH@map_data/state_regions/00_middle_senaxh.txt:2519,141,STATE_RYUVAXHTELRANTH,arable,bg_wheat_farms,,bg_wheat_farms
STATE_RYUVAXHTELRANTH@map_data/state_regions/00_middle_senaxh.txt:2519,141,STATE_RYUVAXHTELRANTH,arable,bg_coffee_plantations,,bg_coffee_plantations
STATE_RYUVAXHTELRANTH@map_data/state_regions/00_middle_senaxh.txt:2519,141,STATE_RYUVAXHTELRANTH,arable,bg_dye_plantations,,bg_dye_plantations
STATE_RYUVAXHTELRANTH@map_data/state_regions/00_middle_senaxh.txt:2519,141,STATE_RYUVAXHTELRANTH,capped,bg_logging,111,111
STATE_RYUVAXHTELRANTH@map_data/state_regions/00_middle_senaxh.txt:2519,141,STATE_RYUVAXHTELRANTH,capped,bg_rubber,15,15
STATE_RYUVAXHTELRANTH@map_data/state_regions/00_middle_senaxh.txt:2519,141,STATE_RYUVAXHTELRANTH,capped,bg_oil_extraction,34,34
STATE_KAVARANTH@map_data/state_regions/00_middle_senaxh.txt:2538,142,STATE_KAVARANTH,arable,bg_wheat_farms,,bg_wheat_farms
STATE_KAVARANTH@map_data/state_regions/00_middle_senaxh.txt:2538,142,STATE_KAVARANTH,arable,bg_livestock_ranches,,bg_livestock_ranches
STATE_KAVARANTH@map_data/state_regions/00_middle_senaxh.txt:2538,142,STATE_KAVARANTH,capped,bg_logging,34,34
STATE_RIVELRANTH@map_data/state_regions/00_middle_senaxh.txt:2554,143,STATE_RIVELRANTH,arable,bg_wheat_farms,,bg_wheat_farms
STATE_RIVELRANTH@map_data/state_regions/00_middle_senaxh.txt:2554,143,STATE_RIVELRANTH,arable,bg_livestock_ranches,,bg_livestock_ranches
STATE_RIVELRANTH@map_data/state_regions/00_middle_senaxh.txt:2554,143,STATE_RIVELRANTH,capped,bg_logging,49,49
STATE_OSTRANTH@map_data/state_regions/00_middle_senaxh.txt:2570,144,STATE_OSTRANTH,arable,bg_wheat_farms,,bg_wheat_farms
STATE_OSTRANTH@map_data/state_regions/00_middle_senaxh.txt:2570,144,STATE_OSTRANTH,arable,bg_livestock_ranches,,bg_livestock_ranches
STATE_OSTRANTH@map_data/state_regions/00_middle_senaxh.txt:2570,144,STATE_OSTRANTH,capped,bg_logging,38,38
STATE_NORTHRANTH@map_data/state_regions/00_middle_senaxh.txt:2586,145,STATE_NORTHRANTH,arable,bg_wheat_farms,,bg_wheat_farms
STATE_NORTHRANTH@map_data/state_regions/00_middle_senaxh.txt:2586,145,STATE_NORTHRANTH,arable,bg_livestock_ranches,,bg_livestock_ranches
STATE_NORTHRANTH@map_data/state_regions/00_middle_senaxh.txt:2586,145,STATE_NORTHRANTH,arable,bg_opium_plantations,,bg_opium_plantations
STATE_NORTHRANTH@map_data/state_regions/00_middle_senaxh.txt:2586,145,STATE_NORTHRANTH,capped,bg_logging,49,49
STATE_NORTHRANTH@map_data/state_regions/00_middle_senaxh.txt:2586,145,STATE_NORTHRANTH,capped,bg_iron_mining,34,34
STATE_NORTHRANTH@map_data/state_regions/00_middle_senaxh.txt:2586,145,STATE_NORTHRANTH,capped,bg_lead_mining,17,17
STATE_XHUKELRITH@map_data/state_regions/00_middle_senaxh.txt:2604,146,STATE_XHUKELRITH,arable,bg_wheat_farms,,bg_wheat_farms
STATE_XHUKELRITH@map_data/state_regions/00_middle_senaxh.txt:2604,146,STATE_XHUKELRITH,arable,bg_livestock_ranches,,bg_livestock_ranches
STATE_XHUKELRITH@map_data/state_regions/00_middle_senaxh.txt:2604,146,STATE_XHUKELRITH,arable,bg_tea_plantations,,bg_tea_plantations
STATE_XHUKELRITH@map_data/state_regions/00_middle_senaxh.txt:2604,146,STATE_XHUKELRITH,capped,bg_logging,58,58
STATE_XHUKELRITH@map_data/state_regions/00_middle_senaxh.txt:2604,146,STATE_XHUKELRITH,capped,bg_gold_mining,7,7
STATE_ANXHTELRANTH@map_data/state_regions/00_middle_senaxh.txt:2621,147,STATE_ANXHTELRANTH,arable,bg_wheat_farms,,bg_wheat_farms
STATE_ANXHTELRANTH@map_data/state_regions/00_middle_senaxh.txt:2621,147,STATE_ANXHTELRANTH,arable,bg_livestock_ranches,,bg_livestock_ranches
STATE_ANXHTELRANTH@map_data/state_regions/00_middle_senaxh.txt:2621,147,STATE_ANXHTELRANTH,arable,bg_tobacco_plantations,,bg_tobacco_plantations
STATE_ANXHTELRANTH@map_data/state_regions/00_middle_senaxh.txt:2621,147,STATE_ANXHTELRANTH,capped,bg_logging,45,45
STATE_ANXHTELRANTH@map_data/state_regions/00_middle_senaxh.txt:2621,147,STATE_ANXHTELRANTH,capped,bg_oil_extraction,13,13
STATE_RUTORINVERKH@map_data/state_regions/00_middle_senaxh.txt:2638,148,STATE_RUTORINVERKH,arable,bg_wheat_farms,,bg_wheat_farms
STATE_RUTORINVERKH@map_data/state_regions/00_middle_senaxh.txt:2638,148,STATE_RUTORINVERKH,arable,bg_livestock_ranches,,bg_livestock_ranches
STATE_RUTORINVERKH@map_data/state_regions/00_middle_senaxh.txt:2638,148,STATE_RUTORINVERKH,arable,bg_sugar_plantations,,bg_sugar_plantations
STATE_RUTORINVERKH@map_data/state_regions/00_middle_senaxh.txt:2638,148,STATE_RUTORINVERKH,capped,bg_logging,44,44
STATE_RUTORINVERKH@map_data/state_regions/00_middle_senaxh.txt:2638,148,STATE_RUTORINVERKH,capped,bg_sulfur_mining,13,13
STATE_RUTORINVERKH@map_data/state_regions/00_middle_senaxh.txt:2638,148,STATE_RUTORINVERKH,capped,bg_gold_mining,17,17
STATE_RUTORINVERKH@map_data/state_regions/00_middle_senaxh.txt:2638,148,STATE_RUTORINVERKH,capped,bg_oil_extraction,3,3
STATE_KANVERKH@map_data/state_regions/00_middle_senaxh.txt:2657,149,STATE_KANVERKH,arable,bg_wheat_farms,,bg_wheat_farms
STATE_KANVERKH@map_data/state_regions/00_middle_senaxh.txt:2657,149,STATE_KANVERKH,arable,bg_livestock_ranches,,bg_livestock_ranches
STATE_KANVERKH@map_data/state_regions/00_middle_senaxh.txt:2657,149,STATE_KANVERKH,arable,bg_silk_plantations,,bg_silk_plantations
STATE_KANVERKH@map_data/state_regions/00_middle_senaxh.txt:2657,149,STATE_KANVERKH,capped,bg_logging,38,38
STATE_KANVERKH@map_data/state_regions/00_middle_senaxh.txt:2657,149,STATE_KANVERKH,capped,bg_oil_extraction,2,2
STATE_SCHUTHKHVERKH@map_data/state_regions/00_middle_senaxh.txt:2674,150,STATE_SCHUTHKHVERKH,arable,bg_wheat_farms,,bg_wheat_farms
STATE_SCHUTHKHVERKH@map_data/state_regions/00_middle_senaxh.txt:2674,150,STATE_SCHUTHKHVERKH,arable,bg_livestock_ranches,,bg_livestock_ranches
STATE_SCHUTHKHVERKH@map_data/state_regions/00_middle_senaxh.txt:2674,150,STATE_SCHUTHKHVERKH,capped,bg_logging,12,12
STATE_SCHUTHKHVERKH@map_data/state_regions/00_middle_senaxh.txt:2674,150,STATE_SCHUTHKHVERKH,capped,bg_iron_mining,105,105
STATE_SCHUTHKHVERKH@map_data/state_regions/00_middle_senaxh.txt:2674,150,STATE_SCHUTHKHVERKH,capped,bg_coal_mining,325,325
STATE_SCHUTHKHVERKH@map_data/state_regions/00_middle_senaxh.txt:2674,150,STATE_SCHUTHKHVERKH,capped,bg_lead_mining,12,12
STATE_SCHUTHKHVERKH@map_data/state_regions/00_middle_senaxh.txt:2674,150,STATE_SCHUTHKHVERKH,capped,bg_sulfur_mining,34,34
STATE_SCHUTHKHVERKH@map_data/state_regions/00_middle_senaxh.txt:2674,150,STATE_SCHUTHKHVERKH,capped,bg_oil_extraction,27,27
STATE_RINOVL@map_data/state_regions/00_middle_senaxh.txt:2695,151,STATE_RINOVL,arable,bg_wheat_farms,,bg_wheat_farms
STATE_RINOVL@map_data/state_regions/00_middle_senaxh.txt:2695,151,STATE_RINOVL,arable,bg_livestock_ranches,,bg_livestock_ranches
STATE_RINOVL@map_data/state_regions/00_middle_senaxh.txt:2695,151,STATE_RINOVL,arable,bg_sugar_plantations,,bg_sugar_plantations
STATE_RINOVL@map_data/state_regions/00_middle_senaxh.txt:2695,151,STATE_RINOVL,capped,bg_logging,49,49
STATE_RINOVL@map_data/state_regions/00_middle_senaxh.txt:2695,151,STATE_RINOVL,capped,bg_gold_mining,3,3
STATE_RIOSLRAVL@map_data/state_regions/00_middle_senaxh.txt:2712,152,STATE_RIOSLRAVL,arable,bg_wheat_farms,,bg_wheat_farms
STATE_RIOSLRAVL@map_data/state_regions/00_middle_senaxh.txt:2712,152,STATE_RIOSLRAVL,arable,bg_livestock_ranches,,bg_livestock_ranches
STATE_RIOSLRAVL@map_data/state_regions/00_middle_senaxh.txt:2712,152,STATE_RIOSLRAVL,arable,bg_tea_plantations,,bg_tea_plantations
STATE_RIOSLRAVL@map_data/state_regions/00_middle_senaxh.txt:2712,152,STATE_RIOSLRAVL,capped,bg_logging,14,14
STATE_RIOSLRAVL@map_data/state_regions/00_middle_senaxh.txt:2712,152,STATE_RIOSLRAVL,capped,bg_iron_mining,17,17
STATE_YUAHELRINTH@map_data/state_regions/00_middle_senaxh.txt:2729,153,STATE_YUAHELRINTH,arable,bg_wheat_farms,,bg_wheat_farms
STATE_YUAHELRINTH@map_data/state_regions/00_middle_senaxh.txt:2729,153,STATE_YUAHELRINTH,arable,bg_livestock_ranches,,bg_livestock_ranches
STATE_YUAHELRINTH@map_data/state_regions/00_middle_senaxh.txt:2729,153,STATE_YUAHELRINTH,arable,bg_dye_plantations,,bg_dye_plantations
STATE_YUAHELRINTH@map_data/state_regions/00_middle_senaxh.txt:2729,153,STATE_YUAHELRINTH,arable,bg_opium_plantations,,bg_opium_plantations
STATE_YUAHELRINTH@map_data/state_regions/00_middle_senaxh.txt:2729,153,STATE_YUAHELRINTH,capped,bg_logging,38,38
STATE_YUAHELRINTH@map_data/state_regions/00_middle_senaxh.txt:2729,153,STATE_YUAHELRINTH,capped,bg_coal_mining,39,39
STATE_NIXHVOAH@map_data/state_regions/00_middle_senaxh.txt:2746,154,STATE_NIXHVOAH,arable,bg_wheat_farms,,bg_wheat_farms
STATE_NIXHVOAH@map_data/state_regions/00_middle_senaxh.txt:2746,154,STATE_NIXHVOAH,arable,bg_livestock_ranches,,bg_livestock_ranches
STATE_NIXHVOAH@map_data/state_regions/00_middle_senaxh.txt:2746,154,STATE_NIXHVOAH,arable,bg_cotton_plantations,,bg_cotton_plantations
STATE_NIXHVOAH@map_data/state_regions/00_middle_senaxh.txt:2746,154,STATE_NIXHVOAH,capped,bg_logging,27,27
STATE_NIXHVOAH@map_data/state_regions/00_middle_senaxh.txt:2746,154,STATE_NIXHVOAH,capped,bg_lead_mining,13,13
STATE_KAVABOAH@map_data/state_regions/00_middle_senaxh.txt:2763,155,STATE_KAVABOAH,arable,bg_wheat_farms,,bg_wheat_farms
STATE_KAVABOAH@map_data/state_regions/00_middle_senaxh.txt:2763,155,STATE_KAVABOAH,arable,bg_livestock_ranches,,bg_livestock_ranches
STATE_KAVABOAH@map_data/state_regions/00_middle_senaxh.txt:2763,155,STATE_KAVABOAH,capped,bg_logging,47,47
STATE_KAVABOAH@map_data/state_regions/00_middle_senaxh.txt:2763,155,STATE_KAVABOAH,capped,bg_gold_mining,6,6
STATE_INSTELRANTH@map_data/state_regions/00_middle_senaxh.txt:2780,156,STATE_INSTELRANTH,arable,bg_wheat_farms,,bg_wheat_farms
STATE_INSTELRANTH@map_data/state_regions/00_middle_senaxh.txt:2780,156,STATE_INSTELRANTH,arable,bg_livestock_ranches,,bg_livestock_ranches
STATE_INSTELRANTH@map_data/state_regions/00_middle_senaxh.txt:2780,156,STATE_INSTELRANTH,arable,bg_cotton_plantations,,bg_cotton_plantations
STATE_INSTELRANTH@map_data/state_regions/00_middle_senaxh.txt:2780,156,STATE_INSTELRANTH,arable,bg_sugar_plantations,,bg_sugar_plantations
STATE_INSTELRANTH@map_data/state_regions/00_middle_senaxh.txt:2780,156,STATE_INSTELRANTH,arable,bg_dye_plantations,,bg_dye_plantations
STATE_INSTELRANTH@map_data/state_regions/00_middle_senaxh.txt:2780,156,STATE_INSTELRANTH,arable,bg_tea_plantations,,bg_tea_plantations
STATE_INSTELRANTH@map_data/state_regions/00_middle_senaxh.txt:2780,156,STATE_INSTELRANTH,capped,bg_logging,14,14
STATE_INSTELRANTH@map_data/state_regions/00_middle_senaxh.txt:2780,156,STATE_INSTELRANTH,capped,bg_rubber,39,39
STATE_AVAXHTANINVERKH@map_data/state_regions/00_middle_senaxh.txt:2797,157,STATE_AVAXHTANINVERKH,arable,bg_wheat_farms,,bg_wheat_farms
STATE_AVAXHTANINVERKH@map_data/state_regions/00_middle_senaxh.txt:2797,157,STATE_AVAXHTANINVERKH,arable,bg_livestock_ranches,,bg_livestock_ranches
STATE_AVAXHTANINVERKH@map_data/state_regions/00_middle_senaxh.txt:2797,157,STATE_AVAXHTANINVERKH,capped,bg_logging,134,134
STATE_AVAXHTANINVERKH@map_data/state_regions/00_middle_senaxh.txt:2797,157,STATE_AVAXHTANINVERKH,capped,bg_oil_extraction,211,211
STATE_AVAXHTANINVERKH@map_data/state_regions/00_middle_senaxh.txt:2797,157,STATE_AVAXHTANINVERKH,capped,bg_coal_mining,135,135
STATE_AVAXHTANINVERKH@map_data/state_regions/00_middle_senaxh.txt:2797,157,STATE_AVAXHTANINVERKH,capped,bg_lead_mining,148,148
STATE_RANELRANTH@map_data/state_regions/00_middle_senaxh.txt:2817,158,STATE_RANELRANTH,arable,bg_wheat_farms,,bg_wheat_farms
STATE_RANELRANTH@map_data/state_regions/00_middle_senaxh.txt:2817,158,STATE_RANELRANTH,arable,bg_livestock_ranches,,bg_livestock_ranches
STATE_RANELRANTH@map_data/state_regions/00_middle_senaxh.txt:2817,158,STATE_RANELRANTH,capped,bg_logging,87,87
STATE_REKANUXH@map_data/state_regions/02_east_south_senaxh.txt:1,300,STATE_REKANUXH,arable,bg_wheat_farms,,bg_wheat_farms
STATE_REKANUXH@map_data/state_regions/02_east_south_senaxh.txt:1,300,STATE_REKANUXH,arable,bg_livestock_ranches,,bg_livestock_ranches
STATE_REKANUXH@map_data/state_regions/02_east_south_senaxh.txt:1,300,STATE_REKANUXH,arable,bg_coffee_plantations,,bg_coffee_plantations
STATE_REKANUXH@map_data/state_regions/02_east_south_senaxh.txt:1,300,STATE_REKANUXH,capped,bg_logging,34,34
STATE_REKANUXH@map_data/state_regions/02_east_south_senaxh.txt:1,300,STATE_REKANUXH,capped,bg_rubber,27,27
STATE_OLXH@map_data/state_regions/02_east_south_senaxh.txt:19,301,STATE_OLXH,arable,bg_wheat_farms,,bg_wheat_farms
STATE_OLXH@map_data/state_regions/02_east_south_senaxh.txt:19,301,STATE_OLXH,arable,bg_livestock_ranches,,bg_livestock_ranches
STATE_OLXH@map_data/state_regions/02_east_south_senaxh.txt:19,301,STATE_OLXH,arable,bg_dye_plantations,,bg_dye_plantations
STATE_OLXH@map_data/state_regions/02_east_south_senaxh.txt:19,301,STATE_OLXH,capped,bg_logging,54,54
STATE_OLXH@map_data/state_regions/02_east_south_senaxh.txt:19,301,STATE_OLXH,capped,bg_rubber,14,14
STATE_RAVENXH@map_data/state_regions/02_east_south_senaxh.txt:37,302,STATE_RAVENXH,arable,bg_wheat_farms,,bg_wheat_farms
STATE_RAVENXH@map_data/state_regions/02_east_south_senaxh.txt:37,302,STATE_RAVENXH,arable,bg_livestock_ranches,,bg_livestock_ranches
STATE_RAVENXH@map_data/state_regions/02_east_south_senaxh.txt:37,302,STATE_RAVENXH,arable,bg_tobacco_plantations,,bg_tobacco_plantations
STATE_RAVENXH@map_data/state_regions/02_east_south_senaxh.txt:37,302,STATE_RAVENXH,capped,bg_logging,44,44
STATE_RAVENXH@map_data/state_regions/02_east_south_senaxh.txt:37,302,STATE_RAVENXH,capped,bg_rubber,34,34
STATE_IOTOXH@map_data/state_regions/03_south_senaxh.txt:211,444,STATE_IOTOXH,arable,bg_wheat_farms,,bg_wheat_farms
STATE_IOTOXH@map_data/state_regions/03_south_senaxh.txt:211,444,STATE_IOTOXH,arable,bg_livestock_ranches,,bg_livestock_ranches
STATE_IOTOXH@map_data/state_regions/03_south_senaxh.txt:211,444,STATE_IOTOXH,arable,bg_coffee_plantations,,bg_coffee_plantations
STATE_IOTOXH@map_data/state_regions/03_south_senaxh.txt:211,444,STATE_IOTOXH,arable,bg_tobacco_plantations,,bg_tobacco_plantations
STATE_IOTOXH@map_data/state_regions/03_south_senaxh.txt:211,444,STATE_IOTOXH,capped,bg_logging,87,87
STATE_IOTOXH@map_data/state_regions/03_south_senaxh.txt:211,444,STATE_IOTOXH,capped,bg_gold_mining,16,16
STATE_IOTOXH@map_data/state_regions/03_south_senaxh.txt:211,444,STATE_IOTOXH,capped,bg_iron_mining,87,87
STATE_IOTOXH@map_data/state_regions/03_south_senaxh.txt:211,444,STATE_IOTOXH,capped,bg_coal_mining,111,111
STATE_NIHELRONIAH@map_data/state_regions/05_north_west_senaxh.txt:1,600,STATE_NIHELRONIAH,arable,bg_wheat_farms,,bg_wheat_farms
STATE_NIHELRONIAH@map_data/state_regions/05_north_west_senaxh.txt:1,600,STATE_NIHELRONIAH,arable,bg_dye_plantations,,bg_dye_plantations
STATE_NIHELRONIAH@map_data/state_regions/05_north_west_senaxh.txt:1,600,STATE_NIHELRONIAH,arable,bg_tea_plantations,,bg_tea_plantations
STATE_NIHELRONIAH@map_data/state_regions/05_north_west_senaxh.txt:1,600,STATE_NIHELRONIAH,arable,bg_silk_plantations,,bg_silk_plantations
STATE_NIHELRONIAH@map_data/state_regions/05_north_west_senaxh.txt:1,600,STATE_NIHELRONIAH,capped,bg_logging,8,8
STATE_NIHELRONIAH@map_data/state_regions/05_north_west_senaxh.txt:1,600,STATE_NIHELRONIAH,capped,bg_coal_mining,34,34
STATE_NIHELRONIAH@map_data/state_regions/05_north_west_senaxh.txt:1,600,STATE_NIHELRONIAH,capped,bg_iron_mining,48,48
STATE_NIHELRONIAH@map_data/state_regions/05_north_west_senaxh.txt:1,600,STATE_NIHELRONIAH,capped,bg_lead_mining,17,17
STATE_NIHELRONIAH@map_data/state_regions/05_north_west_senaxh.txt:1,600,STATE_NIHELRONIAH,capped,bg_gold_mining,3,3
STATE_NIHELRONIAH@map_data/state_regions/05_north_west_senaxh.txt:1,600,STATE_NIHELRONIAH,capped,bg_oil_extraction,7,7
STATE_ONTALRONIAH@map_data/state_regions/05_north_west_senaxh.txt:115,617,STATE_ONTALRONIAH,arable,bg_rye_farms,,bg_rye_farms
STATE_ONTALRONIAH@map_data/state_regions/05_north_west_senaxh.txt:115,617,STATE_ONTALRONIAH,arable,bg_livestock_ranches,,bg_livestock_ranches
STATE_ONTALRONIAH@map_data/state_regions/05_north_west_senaxh.txt:115,617,STATE_ONTALRONIAH,arable,bg_dye_plantations,,bg_dye_plantations
STATE_ONTALRONIAH@map_data/state_regions/05_north_west_senaxh.txt:115,617,STATE_ONTALRONIAH,capped,bg_logging,745,745
STATE_ONTALRONIAH@map_data/state_regions/05_north_west_senaxh.txt:115,617,STATE_ONTALRONIAH,capped,bg_sulfur_mining,137,137
STATE_ONTALRONIAH@map_data/state_regions/05_north_west_senaxh.txt:115,617,STATE_ONTALRONIAH,capped,bg_lead_mining,48,48
STATE_AMARHNIAH@map_data/state_regions/05_north_west_senaxh.txt:134,618,STATE_AMARHNIAH,arable,bg_rye_farms,,bg_rye_farms
STATE_AMARHNIAH@map_data/state_regions/05_north_west_senaxh.txt:134,618,STATE_AMARHNIAH,arable,bg_livestock_ranches,,bg_livestock_ranches
STATE_AMARHNIAH@map_data/state_regions/05_north_west_senaxh.txt:134,618,STATE_AMARHNIAH,arable,bg_opium_plantations,,bg_opium_plantations
STATE_AMARHNIAH@map_data/state_regions/05_north_west_senaxh.txt:134,618,STATE_AMARHNIAH,capped,bg_logging,308,308
STATE_AMARHNIAH@map_data/state_regions/05_north_west_senaxh.txt:134,618,STATE_AMARHNIAH,capped,bg_iron_mining,347,347
STATE_AMARHNIAH@map_data/state_regions/05_north_west_senaxh.txt:134,618,STATE_AMARHNIAH,capped,bg_coal_mining,845,845
STATE_ONTORINTANCZ@map_data/state_regions/05_north_west_senaxh.txt:153,619,STATE_ONTORINTANCZ,arable,bg_rye_farms,,bg_rye_farms
STATE_ONTORINTANCZ@map_data/state_regions/05_north_west_senaxh.txt:153,619,STATE_ONTORINTANCZ,arable,bg_livestock_ranches,,bg_livestock_ranches
STATE_ONTORINTANCZ@map_data/state_regions/05_north_west_senaxh.txt:153,619,STATE_ONTORINTANCZ,arable,bg_coffee_plantations,,bg_coffee_plantations
STATE_ONTORINTANCZ@map_data/state_regions/05_north_west_senaxh.txt:153,619,STATE_ONTORINTANCZ,capped,bg_logging,304,304
STATE_ONTORINTANCZ@map_data/state_regions/05_north_west_senaxh.txt:153,619,STATE_ONTORINTANCZ,capped,bg_oil_extraction,111,111
STATE_ONTORINTANCZ@map_data/state_regions/05_north_west_senaxh.txt:153,619,STATE_ONTORINTANCZ,capped,bg_rubber,177,177
STATE_SHINSEOUL@map_data/state_regions/07_raionion_korea.txt:1,800,STATE_SHINSEOUL,arable,bg_rice_farms,,bg_rice_farms
STATE_SHINSEOUL@map_data/state_regions/07_raionion_korea.txt:1,800,STATE_SHINSEOUL,arable,bg_livestock_ranches,,bg_livestock_ranches
STATE_SHINSEOUL@map_data/state_regions/07_raionion_korea.txt:1,800,STATE_SHINSEOUL,arable,bg_coffee_plantations,,bg_coffee_plantations
STATE_SHINSEOUL@map_data/state_regions/07_raionion_korea.txt:1,800,STATE_SHINSEOUL,arable,bg_tobacco_plantations,,bg_tobacco_plantations
STATE_SHINSEOUL@map_data/state_regions/07_raionion_korea.txt:1,800,STATE_SHINSEOUL,arable,bg_silk_plantations,,bg_silk_plantations
STATE_SHINSEOUL@map_data/state_regions/07_raionion_korea.txt:1,800,STATE_SHINSEOUL,arable,bg_dye_plantations,,bg_dye_plantations
STATE_SHINSEOUL@map_data/state_regions/07_raionion_korea.txt:1,800,STATE_SHINSEOUL,arable,bg_cotton_plantations,,bg_cotton_plantations
STATE_SHINSEOUL@map_data/state_regions/07_raionion_korea.txt:1,800,STATE_SHINSEOUL,capped,bg_logging,385,385
STATE_SHINSEOUL@map_data/state_regions/07_raionion_korea.txt:1,800,STATE_SHINSEOUL,capped,bg_fishing,224,224
STATE_SHINSEOUL@map_data/state_regions/07_raionion_korea.txt:1,800,STATE_SHINSEOUL,capped,bg_coal_mining,175,175
STATE_SHINSEOUL@map_data/state_regions/07_raionion_korea.txt:1,800,STATE_SHINSEOUL,capped,bg_iron_mining,211,211
STATE_SHINSEOUL@map_data/state_regions/07_raionion_korea.txt:1,800,STATE_SHINSEOUL,capped,bg_whaling,75,75
STATE_SHINSEOUL@map_data/state_regions/07_raionion_korea.txt:1,800,STATE_SHINSEOUL,capped,bg_oil_extraction,13,13
STATE_SHINSEOUL@map_data/state_regions/07_raionion_korea.txt:1,800,STATE_SHINSEOUL,capped,bg_gold_mining,7,7
STATE_CHEONGJIN@map_data/state_regions/07_raionion_korea.txt:24,801,STATE_CHEONGJIN,arable,bg_rice_farms,,bg_rice_farms
STATE_CHEONGJIN@map_data/state_regions/07_raionion_korea.txt:24,801,STATE_CHEONGJIN,arable,bg_livestock_ranches,,bg_livestock_ranches
STATE_CHEONGJIN@map_data/state_regions/07_raionion_korea.txt:24,801,STATE_CHEONGJIN,arable,bg_tobacco_plantations,,bg_tobacco_plantations
STATE_CHEONGJIN@map_data/state_regions/07_raionion_korea.txt:24,801,STATE_CHEONGJIN,arable,bg_silk_plantations,,bg_silk_plantations
STATE_CHEONGJIN@map_data/state_regions/07_raionion_korea.txt:24,801,STATE_CHEONGJIN,arable,bg_cotton_plantations,,bg_cotton_plantations
STATE_CHEONGJIN@map_data/state_regions/07_raionion_korea.txt:24,801,STATE_CHEONGJIN,capped,bg_logging,37,37
STATE_CHEONGJIN@map_data/state_regions/07_raionion_korea.txt:24,801,STATE_CHEONGJIN,capped,bg_coal_mining,54,54
STATE_CHEONGJIN@map_data/state_regions/07_raionion_korea.txt:24,801,STATE_CHEONGJIN,capped,bg_fishing,36,36
STATE_CHEONGJIN@map_data/state_regions/07_raionion_korea.txt:24,801,STATE_CHEONGJIN,capped,bg_whaling,14,14
STATE_GAIHN@map_data/state_regions/07_raionion_korea.txt:44,802,STATE_GAIHN,arable,bg_rice_farms,,bg_rice_farms
STATE_GAIHN@map_data/state_regions/07_raionion_korea.txt:44,802,STATE_GAIHN,arable,bg_livestock_ranches,,bg_livestock_ranches
STATE_GAIHN@map_data/state_regions/07_raionion_korea.txt:44,802,STATE_GAIHN,capped,bg_logging,38,38
STATE_GAIHN@map_data/state_regions/07_raionion_korea.txt:44,802,STATE_GAIHN,capped,bg_coal_mining,27,27
STATE_GAIHN@map_data/state_regions/07_raionion_korea.txt:44,802,STATE_GAIHN,capped,bg_fishing,13,13
STATE_GAIHN@map_data/state_regions/07_raionion_korea.txt:44,802,STATE_GAIHN,capped,bg_whaling,7,7
STATE_BUWON@map_data/state_regions/07_raionion_korea.txt:64,803,STATE_BUWON,arable,bg_rice_farms,,bg_rice_farms
STATE_BUWON@map_data/state_regions/07_raionion_korea.txt:64,803,STATE_BUWON,arable,bg_livestock_ranches,,bg_livestock_ranches
STATE_BUWON@map_data/state_regions/07_raionion_korea.txt:64,803,STATE_BUWON,arable,bg_tea_plantations,,bg_tea_plantations
STATE_BUWON@map_data/state_regions/07_raionion_korea.txt:64,803,STATE_BUWON,arable,bg_tobacco_plantations,,bg_tobacco_plantations
STATE_BUWON@map_data/state_regions/07_raionion_korea.txt:64,803,STATE_BUWON,arable,bg_silk_plantations,,bg_silk_plantations
STATE_BUWON@map_data/state_regions/07_raionion_korea.txt:64,803,STATE_BUWON,arable,bg_cotton_plantations,,bg_cotton_plantations
STATE_BUWON@map_data/state_regions/07_raionion_korea.txt:64,803,STATE_BUWON,capped,bg_logging,17,17
STATE_BUWON@map_data/state_regions/07_raionion_korea.txt:64,803,STATE_BUWON,capped,bg_fishing,24,24
STATE_BUWON@map_data/state_regions/07_raionion_korea.txt:64,803,STATE_BUWON,capped,bg_whaling,17,17
STATE_NAMREUNG@map_data/state_regions/07_raionion_korea.txt:83,804,STATE_NAMREUNG,arable,bg_rice_farms,,bg_rice_farms
STATE_NAMREUNG@map_data/state_regions/07_raionion_korea.txt:83,804,STATE_NAMREUNG,arable,bg_livestock_ranches,,bg_livestock_ranches
STATE_NAMREUNG@map_data/state_regions/07_raionion_korea.txt:83,804,STATE_NAMREUNG,capped,bg_logging,17,17
STATE_NAMREUNG@map_data/state_regions/07_raionion_korea.txt:83,804,STATE_NAMREUNG,capped,bg_coal_mining,28,28
STATE_NAMREUNG@map_data/state_regions/07_raionion_korea.txt:83,804,STATE_NAMREUNG,capped,bg_iron_mining,54,54
STATE_NAMREUNG@map_data/state_regions/07_raionion_korea.txt:83,804,STATE_NAMREUNG,capped,bg_lead_mining,27,27
STATE_SUREUNG@map_data/state_regions/07_raionion_korea.txt:103,805,STATE_SUREUNG,arable,bg_rice_farms,,bg_rice_farms
STATE_SUREUNG@map_data/state_regions/07_raionion_korea.txt:103,805,STATE_SUREUNG,arable,bg_livestock_ranches,,bg_livestock_ranches
STATE_SUREUNG@map_data/state_regions/07_raionion_korea.txt:103,805,STATE_SUREUNG,capped,bg_logging,54,54
STATE_SUREUNG@map_data/state_regions/07_raionion_korea.txt:103,805,STATE_SUREUNG,capped,bg_coal_mining,38,38
STATE_SUREUNG@map_data/state_regions/07_raionion_korea.txt:103,805,STATE_SUREUNG,capped,bg_iron_mining,44,44
STATE_SUREUNG@map_data/state_regions/07_raionion_korea.txt:103,805,STATE_SUREUNG,capped,bg_sulfur_mining,29,29
STATE_HWANGAHN@map_data/state_regions/07_raionion_korea.txt:123,806,STATE_HWANGAHN,arable,bg_rice_farms,,bg_rice_farms
STATE_HWANGAHN@map_data/state_regions/07_raionion_korea.txt:123,806,STATE_HWANGAHN,arable,bg_livestock_ranches,,bg_livestock_ranches
STATE_HWANGAHN@map_data/state_regions/07_raionion_korea.txt:123,806,STATE_HWANGAHN,capped,bg_iron_mining,114,114
STATE_HWANGAHN@map_data/state_regions/07_raionion_korea.txt:123,806,STATE_HWANGAHN,capped,bg_lead_mining,28,28
STATE_HWANGAHN@map_data/state_regions/07_raionion_korea.txt:123,806,STATE_HWANGAHN,capped,bg_fishing,17,17
STATE_HWANGAHN@map_data/state_regions/07_raionion_korea.txt:123,806,STATE_HWANGAHN,capped,bg_whaling,4,4
STATE_HWANGAHN@map_data/state_regions/07_raionion_korea.txt:123,806,STATE_HWANGAHN,capped,bg_logging,38,38
STATE_PYEONGJEON@map_data/state_regions/07_raionion_korea.txt:144,807,STATE_PYEONGJEON,arable,bg_rice_farms,,bg_rice_farms
STATE_PYEONGJEON@map_data/state_regions/07_raionion_korea.txt:144,807,STATE_PYEONGJEON,arable,bg_livestock_ranches,,bg_livestock_ranches
STATE_PYEONGJEON@map_data/state_regions/07_raionion_korea.txt:144,807,STATE_PYEONGJEON,capped,bg_coal_mining,34,34
STATE_PYEONGJEON@map_data/state_regions/07_raionion_korea.txt:144,807,STATE_PYEONGJEON,capped,bg_sulfur_mining,17,17
STATE_PYEONGJEON@map_data/state_regions/07_raionion_korea.txt:144,807,STATE_PYEONGJEON,capped,bg_oil_extraction,9,9
STATE_PYEONGJEON@map_data/state_regions/07_raionion_korea.txt:144,807,STATE_PYEONGJEON,capped,bg_fishing,19,19
STATE_PYEONGJEON@map_data/state_regions/07_raionion_korea.txt:144,807,STATE_PYEONGJEON,capped,bg_logging,33,33
STATE_HAMSEON@map_data/state_regions/07_raionion_korea.txt:165,808,STATE_HAMSEON,arable,bg_rice_farms,,bg_rice_farms
STATE_HAMSEON@map_data/state_regions/07_raionion_korea.txt:165,808,STATE_HAMSEON,arable,bg_livestock_ranches,,bg_livestock_ranches
STATE_HAMSEON@map_data/state_regions/07_raionion_korea.txt:165,808,STATE_HAMSEON,capped,bg_logging,77,77
STATE_HAMSEON@map_data/state_regions/07_raionion_korea.txt:165,808,STATE_HAMSEON,capped,bg_gold_mining,6,6
STATE_HAMSEON@map_data/state_regions/07_raionion_korea.txt:165,808,STATE_HAMSEON,capped,bg_coal_mining,79,79
STATE_HAMSEON@map_data/state_regions/07_raionion_korea.txt:165,808,STATE_HAMSEON,capped,bg_iron_mining,104,104
STATE_ULREUNG@map_data/state_regions/07_raionion_korea.txt:185,809,STATE_ULREUNG,arable,bg_rice_farms,,bg_rice_farms
STATE_ULREUNG@map_data/state_regions/07_raionion_korea.txt:185,809,STATE_ULREUNG,arable,bg_livestock_ranches,,bg_livestock_ranches
STATE_ULREUNG@map_data/state_regions/07_raionion_korea.txt:185,809,STATE_ULREUNG,capped,bg_logging,13,13
STATE_ULREUNG@map_data/state_regions/07_raionion_korea.txt:185,809,STATE_ULREUNG,capped,bg_whaling,27,27
STATE_ULREUNG@map_data/state_regions/07_raionion_korea.txt:185,809,STATE_ULREUNG,capped,bg_fishing,55,55
STATE_NAMDANMAN@map_data/state_regions/07_raionion_korea.txt:204,810,STATE_NAMDANMAN,arable,bg_rice_farms,,bg_rice_farms
STATE_NAMDANMAN@map_data/state_regions/07_raionion_korea.txt:204,810,STATE_NAMDANMAN,arable,bg_livestock_ranches,,bg_livestock_ranches
STATE_NAMDANMAN@map_data/state_regions/07_raionion_korea.txt:204,810,STATE_NAMDANMAN,arable,bg_sugar_plantations,,bg_sugar_plantations
STATE_NAMDANMAN@map_data/state_regions/07_raionion_korea.txt:204,810,STATE_NAMDANMAN,capped,bg_logging,57,57
STATE_NAMDANMAN@map_data/state_regions/07_raionion_korea.txt:204,810,STATE_NAMDANMAN,capped,bg_fishing,34,34
STATE_NAMDANMAN@map_data/state_regions/07_raionion_korea.txt:204,810,STATE_NAMDANMAN,capped,bg_whaling,7,7
STATE_BUKDANMAN@map_data/state_regions/07_raionion_korea.txt:223,811,STATE_BUKDANMAN,arable,bg_rice_farms,,bg_rice_farms
STATE_BUKDANMAN@map_data/state_regions/07_raionion_korea.txt:223,811,STATE_BUKDANMAN,arable,bg_livestock_ranches,,bg_livestock_ranches
STATE_BUKDANMAN@map_data/state_regions/07_raionion_korea.txt:223,811,STATE_BUKDANMAN,arable,bg_banana_plantations,,bg_banana_plantations
STATE_BUKDANMAN@map_data/state_regions/07_raionion_korea.txt:223,811,STATE_BUKDANMAN,capped,bg_logging,45,45
STATE_BUKDANMAN@map_data/state_regions/07_raionion_korea.txt:223,811,STATE_BUKDANMAN,capped,bg_whaling,8,8
STATE_BUKDANMAN@map_data/state_regions/07_raionion_korea.txt:223,811,STATE_BUKDANMAN,capped,bg_fishing,33,33
STATE_JEJU@map_data/state_regions/07_raionion_korea.txt:242,812,STATE_JEJU,arable,bg_rice_farms,,bg_rice_farms
STATE_JEJU@map_data/state_regions/07_raionion_korea.txt:242,812,STATE_JEJU,arable,bg_livestock_ranches,,bg_livestock_ranches
STATE_JEJU@map_data/state_regions/07_raionion_korea.txt:242,812,STATE_JEJU,arable,bg_sugar_plantations,,bg_sugar_plantations
STATE_JEJU@map_data/state_regions/07_raionion_korea.txt:242,812,STATE_JEJU,arable,bg_banana_plantations,,bg_banana_plantations
STATE_JEJU@map_data/state_regions/07_raionion_korea.txt:242,812,STATE_JEJU,capped,bg_logging,3,3
STATE_JEJU@map_data/state_regions/07_raionion_korea.txt:242,812,STATE_JEJU,capped,bg_rubber,127,127
STATE_JEJU@map_data/state_regions/07_raionion_korea.txt:242,812,STATE_JEJU,capped,bg_fishing,44,44
STATE_JEJU@map_data/state_regions/07_raionion_korea.txt:242,812,STATE_JEJU,capped,bg_whaling,27,27
STATE_GRIENDH@map_data/state_regions/12_siyraeion.txt:2,1300,STATE_GRIENDH,arable,bg_rice_farms,,bg_rice_farms
STATE_GRIENDH@map_data/state_regions/12_siyraeion.txt:2,1300,STATE_GRIENDH,arable,bg_tea_plantations,,bg_tea_plantations
STATE_GRIENDH@map_data/state_regions/12_siyraeion.txt:2,1300,STATE_GRIENDH,arable,bg_banana_plantations,,bg_banana_plantations
STATE_GRIENDH@map_data/state_regions/12_siyraeion.txt:2,1300,STATE_GRIENDH,capped,bg_logging,87,87
STATE_GRIENDH@map_data/state_regions/12_siyraeion.txt:2,1300,STATE_GRIENDH,capped,bg_coal_mining,34,34
STATE_GRIENDH@map_data/state_regions/12_siyraeion.txt:2,1300,STATE_GRIENDH,capped,bg_iron_mining,17,17
STATE_GRIENDH@map_data/state_regions/12_siyraeion.txt:2,1300,STATE_GRIENDH,capped,bg_whaling,34,34
STATE_GRIENDH@map_data/state_regions/12_siyraeion.txt:2,1300,STATE_GRIENDH,capped,bg_fishing,64,64
STATE_RYUTS@map_data/state_regions/12_siyraeion.txt:23,1301,STATE_RYUTS,arable,bg_rice_farms,,bg_rice_farms
STATE_RYUTS@map_data/state_regions/12_siyraeion.txt:23,1301,STATE_RYUTS,arable,bg_sugar_plantations,,bg_sugar_plantations
STATE_RYUTS@map_data/state_regions/12_siyraeion.txt:23,1301,STATE_RYUTS,capped,bg_logging,14,14
STATE_RYUTS@map_data/state_regions/12_siyraeion.txt:23,1301,STATE_RYUTS,capped,bg_lead_mining,14,14
STATE_RYUTS@map_data/state_regions/12_siyraeion.txt:23,1301,STATE_RYUTS,capped,bg_sulfur_mining,9,9
STATE_RYUTS@map_data/state_regions/12_siyraeion.txt:23,1301,STATE_RYUTS,capped,bg_rubber,34,34
STATE_RYUTS@map_data/state_regions/12_siyraeion.txt:23,1301,STATE_RYUTS,capped,bg_whaling,44,44
STATE_RYUTS@map_data/state_regions/12_siyraeion.txt:23,1301,STATE_RYUTS,capped,bg_fishing,75,75
STATE_DE_VLRANKA@map_data/state_regions/14_xheian.txt:1,1550,STATE_DE_VLRANKA,arable,bg_rice_farms,,bg_rice_farms
STATE_DE_VLRANKA@map_data/state_regions/14_xheian.txt:1,1550,STATE_DE_VLRANKA,capped,bg_logging,10,10
STATE_KASHU_AFRAM@map_data/state_regions/14_xheian.txt:18,1551,STATE_KASHU_AFRAM,arable,bg_rice_farms,,bg_rice_farms
STATE_KASHU_AFRAM@map_data/state_regions/14_xheian.txt:18,1551,STATE_KASHU_AFRAM,capped,bg_logging,10,10
STATE_SOVDE_AVRAH@map_data/state_regions/14_xheian.txt:35,1552,STATE_SOVDE_AVRAH,arable,bg_rice_farms,,bg_rice_farms
STATE_SOVDE_AVRAH@map_data/state_regions/14_xheian.txt:35,1552,STATE_SOVDE_AVRAH,capped,bg_logging,10,10
STATE_KENTAPOXH_REVHRAH@map_data/state_regions/14_xheian.txt:52,1553,STATE_KENTAPOXH_REVHRAH,arable,bg_rice_farms,,bg_rice_farms
STATE_KENTAPOXH_REVHRAH@map_data/state_regions/14_xheian.txt:52,1553,STATE_KENTAPOXH_REVHRAH,capped,bg_logging,10,10
STATE_YUSTAPOXH_RIOHVTAH@map_data/state_regions/14_xheian.txt:69,1554,STATE_YUSTAPOXH_RIOHVTAH,arable,bg_rice_farms,,bg_rice_farms
STATE_YUSTAPOXH_RIOHVTAH@map_data/state_regions/14_xheian.txt:69,1554,STATE_YUSTAPOXH_RIOHVTAH,capped,bg_logging,10,10
STATE_NARDENSTIAH@map_data/state_regions/14_xheian.txt:86,1555,STATE_NARDENSTIAH,arable,bg_rice_farms,,bg_rice_farms
STATE_NARDENSTIAH@map_data/state_regions/14_xheian.txt:86,1555,STATE_NARDENSTIAH,capped,bg_logging,10,10
STATE_VEEHSNIAH@map_data/state_regions/14_xheian.txt:103,1556,STATE_VEEHSNIAH,arable,bg_rice_farms,,bg_rice_farms
STATE_VEEHSNIAH@map_data/state_regions/14_xheian.txt:103,1556,STATE_VEEHSNIAH,capped,bg_logging,10,10
STATE_KHROSTIAH@map_data/state_regions/14_xheian.txt:120,1557,STATE_KHROSTIAH,arable,bg_rice_farms,,bg_rice_farms
STATE_KHROSTIAH@map_data/state_regions/14_xheian.txt:120,1557,STATE_KHROSTIAH,capped,bg_logging,10,10
STATE_DEILRATINYA@map_data/state_regions/14_xheian.txt:137,1558,STATE_DEILRATINYA,arable,bg_rice_farms,,bg_rice_farms
STATE_DEILRATINYA@map_data/state_regions/14_xheian.txt:137,1558,STATE_DEILRATINYA,capped,bg_logging,10,10
STATE_PORTUDESA@map_data/state_regions/14_xheian.txt:154,1559,STATE_PORTUDESA,arable,bg_rice_farms,,bg_rice_farms
STATE_PORTUDESA@map_data/state_regions/14_xheian.txt:154,1559,STATE_PORTUDESA,capped,bg_logging,10,10
STATE_NAINSTUTH@map_data/state_regions/14_xheian.txt:171,1560,STATE_NAINSTUTH,arable,bg_rice_farms,,bg_rice_farms
STATE_NAINSTUTH@map_data/state_regions/14_xheian.txt:171,1560,STATE_NAINSTUTH,capped,bg_logging,10,10
STATE_INTAVHRANYA@map_data/state_regions/14_xheian.txt:188,1561,STATE_INTAVHRANYA,arable,bg_rice_farms,,bg_rice_farms
STATE_INTAVHRANYA@map_data/state_regions/14_xheian.txt:188,1561,STATE_INTAVHRANYA,capped,bg_logging,10,10
STATE_AIXH_TEIVRANYA@map_data/state_regions/14_xheian.txt:205,1562,STATE_AIXH_TEIVRANYA,arable,bg_rice_farms,,bg_rice_farms
STATE_AIXH_TEIVRANYA@map_data/state_regions/14_xheian.txt:205,1562,STATE_AIXH_TEIVRANYA,capped,bg_logging,10,10
STATE_PORTE_DE_XHEIAN@map_data/state_regions/14_xheian.txt:222,1563,STATE_PORTE_DE_XHEIAN,arable,bg_rice_farms,,bg_rice_farms
STATE_PORTE_DE_XHEIAN@map_data/state_regions/14_xheian.txt:222,1563,STATE_PORTE_DE_XHEIAN,capped,bg_logging,10,10
STATE_RITOSKANYA@map_data/state_regions/14_xheian.txt:239,1564,STATE_RITOSKANYA,arable,bg_rice_farms,,bg_rice_farms
STATE_RITOSKANYA@map_data/state_regions/14_xheian.txt:239,1564,STATE_RITOSKANYA,capped,bg_logging,10,10
STATE_EINSPAKTH@map_data/state_regions/14_xheian.txt:256,1565,STATE_EINSPAKTH,arable,bg_rice_farms,,bg_rice_farms
STATE_EINSPAKTH@map_data/state_regions/14_xheian.txt:256,1565,STATE_EINSPAKTH,capped,bg_logging,10,10
STATE_KAIVELZIEN@map_data/state_regions/14_xheian.txt:273,1566,STATE_KAIVELZIEN,arable,bg_rice_farms,,bg_rice_farms
STATE_KAIVELZIEN@map_data/state_regions/14_xheian.txt:273,1566,STATE_KAIVELZIEN,capped,bg_logging,10,10
STATE_SHUROZIEN@map_data/state_regions/14_xheian.txt:290,1567,STATE_SHUROZIEN,arable,bg_rice_farms,,bg_rice_farms
STATE_SHUROZIEN@map_data/state_regions/14_xheian.txt:290,1567,STATE_SHUROZIEN,capped,bg_logging,10,10
STATE_KEIGENSPANTH@map_data/state_regions/14_xheian.txt:307,1568,STATE_KEIGENSPANTH,arable,bg_rice_farms,,bg_rice_farms
STATE_KEIGENSPANTH@map_data/state_regions/14_xheian.txt:307,1568,STATE_KEIGENSPANTH,capped,bg_logging,10,10
STATE_RUTOXHISKA@map_data/state_regions/14_xheian.txt:324,1569,STATE_RUTOXHISKA,arable,bg_rice_farms,,bg_rice_farms
STATE_RUTOXHISKA@map_data/state_regions/14_xheian.txt:324,1569,STATE_RUTOXHISKA,capped,bg_logging,10,10
STATE_KAIVXISTANYA@map_data/state_regions/14_xheian.txt:341,1570,STATE_KAIVXISTANYA,arable,bg_rice_farms,,bg_rice_farms
STATE_KAIVXISTANYA@map_data/state_regions/14_xheian.txt:341,1570,STATE_KAIVXISTANYA,capped,bg_logging,10,10
STATE_PARTEM_DE_ESTANYA@map_data/state_regions/14_xheian.txt:358,1571,STATE_PARTEM_DE_ESTANYA,arable,bg_rice_farms,,bg_rice_farms
STATE_PARTEM_DE_ESTANYA@map_data/state_regions/14_xheian.txt:358,1571,STATE_PARTEM_DE_ESTANYA,capped,bg_logging,10,10
STATE_INTOPELZIEN@map_data/state_regions/14_xheian.txt:375,1572,STATE_INTOPELZIEN,arable,bg_rice_farms,,bg_rice_farms
STATE_INTOPELZIEN@map_data/state_regions/14_xheian.txt:375,1572,STATE_INTOPELZIEN,capped,bg_logging,10,10
STATE_ZEIPELZETH@map_data/state_regions/14_xheian.txt:392,1573,STATE_ZEIPELZETH,arable,bg_rice_farms,,bg_rice_farms
STATE_ZEIPELZETH@map_data/state_regions/14_xheian.txt:392,1573,STATE_ZEIPELZETH,capped,bg_logging,10,10
STATE_KASA_DE_ARVAHN@map_data/state_regions/14_xheian.txt:409,1574,STATE_KASA_DE_ARVAHN,arable,bg_rice_farms,,bg_rice_farms
STATE_KASA_DE_ARVAHN@map_data/state_regions/14_xheian.txt:409,1574,STATE_KASA_DE_ARVAHN,capped,bg_logging,10,10
STATE_SAIKALRATAH@map_data/state_regions/14_xheian.txt:426,1575,STATE_SAIKALRATAH,arable,bg_rice_farms,,bg_rice_farms
STATE_SAIKALRATAH@map_data/state_regions/14_xheian.txt:426,1575,STATE_SAIKALRATAH,capped,bg_logging,10,10
STATE_HOVHRATAH@map_data/state_regions/14_xheian.txt:443,1576,STATE_HOVHRATAH,arable,bg_rice_farms,,bg_rice_farms
STATE_HOVHRATAH@map_data/state_regions/14_xheian.txt:443,1576,STATE_HOVHRATAH,capped,bg_logging,10,10
STATE_NORDAN_XHEIAN@map_data/state_regions/14_xheian.txt:460,1577,STATE_NORDAN_XHEIAN,arable,bg_rice_farms,,bg_rice_farms
STATE_NORDAN_XHEIAN@map_data/state_regions/14_xheian.txt:460,1577,STATE_NORDAN_XHEIAN,capped,bg_logging,10,10
STATE_KAIVRANTANSTAH@map_data/state_regions/14_xheian.txt:477,1578,STATE_KAIVRANTANSTAH,arable,bg_rice_farms,,bg_rice_farms
STATE_KAIVRANTANSTAH@map_data/state_regions/14_xheian.txt:477,1578,STATE_KAIVRANTANSTAH,capped,bg_logging,10,10
STATE_OVRASKANYA@map_data/state_regions/14_xheian.txt:494,1579,STATE_OVRASKANYA,arable,bg_rice_farms,,bg_rice_farms
STATE_OVRASKANYA@map_data/state_regions/14_xheian.txt:494,1579,STATE_OVRASKANYA,capped,bg_logging,10,10
STATE_INDETENRUTH@map_data/state_regions/14_xheian.txt:511,1580,STATE_INDETENRUTH,arable,bg_rice_farms,,bg_rice_farms
STATE_INDETENRUTH@map_data/state_regions/14_xheian.txt:511,1580,STATE_INDETENRUTH,capped,bg_logging,10,10
STATE_KASTALRATEN@map_data/state_regions/14_xheian.txt:528,1581,STATE_KASTALRATEN,arable,bg_rice_farms,,bg_rice_farms
STATE_KASTALRATEN@map_data/state_regions/14_xheian.txt:528,1581,STATE_KASTALRATEN,capped,bg_logging,10,10
STATE_RAIVARDEHN@map_data/state_regions/14_xheian.txt:545,1582,STATE_RAIVARDEHN,arable,bg_rice_farms,,bg_rice_farms
STATE_RAIVARDEHN@map_data/state_regions/14_xheian.txt:545,1582,STATE_RAIVARDEHN,capped,bg_logging,10,10
STATE_AIOHDOLRAXH@map_data/state_regions/14_xheian.txt:562,1583,STATE_AIOHDOLRAXH,arable,bg_rice_farms,,bg_rice_farms
STATE_AIOHDOLRAXH@map_data/state_regions/14_xheian.txt:562,1583,STATE_AIOHDOLRAXH,capped,bg_logging,10,10
STATE_KISEL_DE_RAAHVHDAH@map_data/state_regions/14_xheian.txt:579,1584,STATE_KISEL_DE_RAAHVHDAH,arable,bg_rice_farms,,bg_rice_farms
STATE_KISEL_DE_RAAHVHDAH@map_data/state_regions/14_xheian.txt:579,1584,STATE_KISEL_DE_RAAHVHDAH,capped,bg_logging,10,10
STATE_NORDENSIUXH@map_data/state_regions/14_xheian.txt:596,1585,STATE_NORDENSIUXH,arable,bg_rice_farms,,bg_rice_farms
STATE_NORDENSIUXH@map_data/state_regions/14_xheian.txt:596,1585,STATE_NORDENSIUXH,capped,bg_logging,10,10
STATE_PARTENSEMAN@map_data/state_regions/14_xheian.txt:613,1586,STATE_PARTENSEMAN,arable,bg_rice_farms,,bg_rice_farms
STATE_PARTENSEMAN@map_data/state_regions/14_xheian.txt:613,1586,STATE_PARTENSEMAN,capped,bg_logging,10,10
STATE_KIPUSTANCZAH@map_data/state_regions/14_xheian.txt:630,1587,STATE_KIPUSTANCZAH,arable,bg_rice_farms,,bg_rice_farms
STATE_KIPUSTANCZAH@map_data/state_regions/14_xheian.txt:630,1587,STATE_KIPUSTANCZAH,capped,bg_logging,10,10
STATE_HYUSTELRANTH@map_data/state_regions/14_xheian.txt:647,1588,STATE_HYUSTELRANTH,arable,bg_rice_farms,,bg_rice_farms
STATE_HYUSTELRANTH@map_data/state_regions/14_xheian.txt:647,1588,STATE_HYUSTELRANTH,capped,bg_logging,10,10
STATE_DARDAHNSIUXH@map_data/state_regions/14_xheian.txt:664,1589,STATE_DARDAHNSIUXH,arable,bg_rice_farms,,bg_rice_farms
STATE_DARDAHNSIUXH@map_data/state_regions/14_xheian.txt:664,1589,STATE_DARDAHNSIUXH,capped,bg_logging,10,10
STATE_KISTANVARTANAH@map_data/state_regions/14_xheian.txt:681,1590,STATE_KISTANVARTANAH,arable,bg_rice_farms,,bg_rice_farms
STATE_KISTANVARTANAH@map_data/state_regions/14_xheian.txt:681,1590,STATE_KISTANVARTANAH,capped,bg_logging,10,10
STATE_IUSTALRANYA@map_data/state_regions/14_xheian.txt:698,1591,STATE_IUSTALRANYA,arable,bg_rice_farms,,bg_rice_farms
STATE_IUSTALRANYA@map_data/state_regions/14_xheian.txt:698,1591,STATE_IUSTALRANYA,capped,bg_logging,10,10
STATE_AIODORANYA@map_data/state_regions/14_xheian.txt:715,1592,STATE_AIODORANYA,arable,bg_rice_farms,,bg_rice_farms
STATE_AIODORANYA@map_data/state_regions/14_xheian.txt:715,1592,STATE_AIODORANYA,capped,bg_logging,10,10
STATE_KEPATALRANYA@map_data/state_regions/14_xheian.txt:732,1593,STATE_KEPATALRANYA,arable,bg_rice_farms,,bg_rice_farms
STATE_KEPATALRANYA@map_data/state_regions/14_xheian.txt:732,1593,STATE_KEPATALRANYA,capped,bg_logging,10,10
STATE_ROVTEIVHRANYA@map_data/state_regions/14_xheian.txt:749,1594,STATE_ROVTEIVHRANYA,arable,bg_rice_farms,,bg_rice_farms
STATE_ROVTEIVHRANYA@map_data/state_regions/14_xheian.txt:749,1594,STATE_ROVTEIVHRANYA,capped,bg_logging,10,10
STATE_DAIRIOVHTAH@map_data/state_regions/14_xheian.txt:766,1595,STATE_DAIRIOVHTAH,arable,bg_rice_farms,,bg_rice_farms
STATE_DAIRIOVHTAH@map_data/state_regions/14_xheian.txt:766,1595,STATE_DAIRIOVHTAH,capped,bg_logging,10,10
STATE_OIPUTANCZAH@map_data/state_regions/14_xheian.txt:783,1596,STATE_OIPUTANCZAH,arable,bg_rice_farms,,bg_rice_farms
STATE_OIPUTANCZAH@map_data/state_regions/14_xheian.txt:783,1596,STATE_OIPUTANCZAH,capped,bg_logging,10,10
STATE_KAIN_DE_RASNAH@map_data/state_regions/14_xheian.txt:800,1597,STATE_KAIN_DE_RASNAH,arable,bg_rice_farms,,bg_rice_farms
STATE_KAIN_DE_RASNAH@map_data/state_regions/14_xheian.txt:800,1597,STATE_KAIN_DE_RASNAH,capped,bg_logging,10,10
STATE_NOVOAISTANCZAH@map_data/state_regions/14_xheian.txt:817,1598,STATE_NOVOAISTANCZAH,arable,bg_rice_farms,,bg_rice_farms
STATE_NOVOAISTANCZAH@map_data/state_regions/14_xheian.txt:817,1598,STATE_NOVOAISTANCZAH,capped,bg_logging,10,10
STATE_RUSVELRATARH@map_data/state_regions/14_xheian.txt:834,1599,STATE_RUSVELRATARH,arable,bg_rice_farms,,bg_rice_farms
STATE_RUSVELRATARH@map_data/state_regions/14_xheian.txt:834,1599,STATE_RUSVELRATARH,capped,bg_logging,10,10
STATE_EIVHRALTARH@map_data/state_regions/14_xheian.txt:851,1600,STATE_EIVHRALTARH,arable,bg_rice_farms,,bg_rice_farms
STATE_EIVHRALTARH@map_data/state_regions/14_xheian.txt:851,1600,STATE_EIVHRALTARH,capped,bg_logging,10,10
STATE_INTOSISKANTH@map_data/state_regions/14_xheian.txt:868,1601,STATE_INTOSISKANTH,arable,bg_rice_farms,,bg_rice_farms
STATE_INTOSISKANTH@map_data/state_regions/14_xheian.txt:868,1601,STATE_INTOSISKANTH,capped,bg_logging,10,10
STATE_USTANVARTANAH@map_data/state_regions/14_xheian.txt:885,1602,STATE_USTANVARTANAH,arable,bg_rice_farms,,bg_rice_farms
STATE_USTANVARTANAH@map_data/state_regions/14_xheian.txt:885,1602,STATE_USTANVARTANAH,capped,bg_logging,10,10
STATE_ONTORUMEXH@map_data/state_regions/14_xheian.txt:902,1603,STATE_ONTORUMEXH,arable,bg_rice_farms,,bg_rice_farms
STATE_ONTORUMEXH@map_data/state_regions/14_xheian.txt:902,1603,STATE_ONTORUMEXH,capped,bg_logging,10,10
STATE_PORTU_DE_HASARH@map_data/state_regions/14_xheian.txt:919,1604,STATE_PORTU_DE_HASARH,arable,bg_rice_farms,,bg_rice_farms
STATE_PORTU_DE_HASARH@map_data/state_regions/14_xheian.txt:919,1604,STATE_PORTU_DE_HASARH,capped,bg_logging,10,10
STATE_DYURHDALRANTH@map_data/state_regions/14_xheian.txt:936,1605,STATE_DYURHDALRANTH,arable,bg_rice_farms,,bg_rice_farms
STATE_DYURHDALRANTH@map_data/state_regions/14_xheian.txt:936,1605,STATE_DYURHDALRANTH,capped,bg_logging,10,10
STATE_TASCZRIUH@map_data/state_regions/14_xheian.txt:953,1606,STATE_TASCZRIUH,arable,bg_rice_farms,,bg_rice_farms
STATE_TASCZRIUH@map_data/state_regions/14_xheian.txt:953,1606,STATE_TASCZRIUH,capped,bg_logging,10,10
STATE_GARSHINCZISTAH@map_data/state_regions/14_xheian.txt:970,1607,STATE_GARSHINCZISTAH,arable,bg_rice_farms,,bg_rice_farms
STATE_GARSHINCZISTAH@map_data/state_regions/14_xheian.txt:970,1607,STATE_GARSHINCZISTAH,capped,bg_logging,10,10
STATE_KENTAIMVILRAH@map_data/state_regions/14_xheian.txt:987,1608,STATE_KENTAIMVILRAH,arable,bg_rice_farms,,bg_rice_farms
STATE_KENTAIMVILRAH@map_data/state_regions/14_xheian.txt:987,1608,STATE_KENTAIMVILRAH,capped,bg_logging,10,10
STATE_KAPVELRANZAH@map_data/state_regions/14_xheian.txt:1004,1609,STATE_KAPVELRANZAH,arable,bg_rice_farms,,bg_rice_farms
STATE_KAPVELRANZAH@map_data/state_regions/14_xheian.txt:1004,1609,STATE_KAPVELRANZAH,capped,bg_logging,10,10
STATE_INDORSHIA@map_data/state_regions/15_yurhkviah.txt:1,1610,STATE_INDORSHIA,arable,bg_rice_farms,,bg_rice_farms
STATE_INDORSHIA@map_data/state_regions/15_yurhkviah.txt:1,1610,STATE_INDORSHIA,capped,bg_logging,10,10
STATE_KURSTAL@map_data/state_regions/15_yurhkviah.txt:18,1611,STATE_KURSTAL,arable,bg_rice_farms,,bg_rice_farms
STATE_KURSTAL@map_data/state_regions/15_yurhkviah.txt:18,1611,STATE_KURSTAL,capped,bg_logging,10,10
STATE_SEILRUVILRANIAH@map_data/state_regions/15_yurhkviah.txt:35,1612,STATE_SEILRUVILRANIAH,arable,bg_rice_farms,,bg_rice_farms
STATE_SEILRUVILRANIAH@map_data/state_regions/15_yurhkviah.txt:35,1612,STATE_SEILRUVILRANIAH,capped,bg_logging,10,10
STATE_RUVXSEVLRAHN@map_data/state_regions/15_yurhkviah.txt:52,1613,STATE_RUVXSEVLRAHN,arable,bg_rice_farms,,bg_rice_farms
STATE_RUVXSEVLRAHN@map_data/state_regions/15_yurhkviah.txt:52,1613,STATE_RUVXSEVLRAHN,capped,bg_logging,10,10
STATE_KEAHSEVLRAHN@map_data/state_regions/15_yurhkviah.txt:69,1614,STATE_KEAHSEVLRAHN,arable,bg_rice_farms,,bg_rice_farms
STATE_KEAHSEVLRAHN@map_data/state_regions/15_yurhkviah.txt:69,1614,STATE_KEAHSEVLRAHN,capped,bg_logging,10,10
STATE_RAISVANTIYUEM@map_data/state_regions/15_yurhkviah.txt:86,1615,STATE_RAISVANTIYUEM,arable,bg_rice_farms,,bg_rice_farms
STATE_RAISVANTIYUEM@map_data/state_regions/15_yurhkviah.txt:86,1615,STATE_RAISVANTIYUEM,capped,bg_logging,10,10
STATE_KOVRATANTIYUEM@map_data/state_regions/15_yurhkviah.txt:103,1616,STATE_KOVRATANTIYUEM,arable,bg_rice_farms,,bg_rice_farms
STATE_KOVRATANTIYUEM@map_data/state_regions/15_yurhkviah.txt:103,1616,STATE_KOVRATANTIYUEM,capped,bg_logging,10,10
STATE_AISPANTATIYUEM@map_data/state_regions/15_yurhkviah.txt:120,1617,STATE_AISPANTATIYUEM,arable,bg_rice_farms,,bg_rice_farms
STATE_AISPANTATIYUEM@map_data/state_regions/15_yurhkviah.txt:120,1617,STATE_AISPANTATIYUEM,capped,bg_logging,10,10
STATE_INDERTENZIOLRADH@map_data/state_regions/15_yurhkviah.txt:137,1618,STATE_INDERTENZIOLRADH,arable,bg_rice_farms,,bg_rice_farms
STATE_INDERTENZIOLRADH@map_data/state_regions/15_yurhkviah.txt:137,1618,STATE_INDERTENZIOLRADH,capped,bg_logging,10,10
STATE_VESTALRINGRAD@map_data/state_regions/15_yurhkviah.txt:154,1619,STATE_VESTALRINGRAD,arable,bg_rice_farms,,bg_rice_farms
STATE_VESTALRINGRAD@map_data/state_regions/15_yurhkviah.txt:154,1619,STATE_VESTALRINGRAD,capped,bg_logging,10,10
STATE_OISTANTIYUEM@map_data/state_regions/15_yurhkviah.txt:171,1620,STATE_OISTANTIYUEM,arable,bg_rice_farms,,bg_rice_farms
STATE_OISTANTIYUEM@map_data/state_regions/15_yurhkviah.txt:171,1620,STATE_OISTANTIYUEM,capped,bg_logging,10,10
STATE_VENSTANTIYUEM@map_data/state_regions/15_yurhkviah.txt:188,1621,STATE_VENSTANTIYUEM,arable,bg_rice_farms,,bg_rice_farms
STATE_VENSTANTIYUEM@map_data/state_regions/15_yurhkviah.txt:188,1621,STATE_VENSTANTIYUEM,capped,bg_logging,10,10
STATE_KASHUTHAIM@map_data/state_regions/15_yurhkviah.txt:205,1622,STATE_KASHUTHAIM,arable,bg_rice_farms,,bg_rice_farms
STATE_KASHUTHAIM@map_data/state_regions/15_yurhkviah.txt:205,1622,STATE_KASHUTHAIM,capped,bg_logging,10,10
STATE_SAVARNANCZATH@map_data/state_regions/15_yurhkviah.txt:222,1623,STATE_SAVARNANCZATH,arable,bg_rice_farms,,bg_rice_farms
STATE_SAVARNANCZATH@map_data/state_regions/15_yurhkviah.txt:222,1623,STATE_SAVARNANCZATH,capped,bg_logging,10,10
STATE_NIYULRUHNTANTANIAH@map_data/state_regions/15_yurhkviah.txt:239,1624,STATE_NIYULRUHNTANTANIAH,arable,bg_rice_farms,,bg_rice_farms
STATE_NIYULRUHNTANTANIAH@map_data/state_regions/15_yurhkviah.txt:239,1624,STATE_NIYULRUHNTANTANIAH,capped,bg_logging,10,10
STATE_MYUSELRATANTIYUEM@map_data/state_regions/15_yurhkviah.txt:256,1625,STATE_MYUSELRATANTIYUEM,arable,bg_rice_farms,,bg_rice_farms
STATE_MYUSELRATANTIYUEM@map_data/state_regions/15_yurhkviah.txt:256,1625,STATE_MYUSELRATANTIYUEM,capped,bg_logging,10,10
STATE_KAENHAIMTS@map_data/state_regions/15_yurhkviah.txt:273,1626,STATE_KAENHAIMTS,arable,bg_rice_farms,,bg_rice_farms
STATE_KAENHAIMTS@map_data/state_regions/15_yurhkviah.txt:273,1626,STATE_KAENHAIMTS,capped,bg_logging,10,10
STATE_RUTOSTALRANYA@map_data/state_regions/15_yurhkviah.txt:290,1627,STATE_RUTOSTALRANYA,arable,bg_rice_farms,,bg_rice_farms
STATE_RUTOSTALRANYA@map_data/state_regions/15_yurhkviah.txt:290,1627,STATE_RUTOSTALRANYA,capped,bg_logging,10,10
STATE_KONSTALRANIYUEM@map_data/state_regions/15_yurhkviah.txt:307,1628,STATE_KONSTALRANIYUEM,arable,bg_rice_farms,,bg_rice_farms
STATE_KONSTALRANIYUEM@map_data/state_regions/15_yurhkviah.txt:307,1628,STATE_KONSTALRANIYUEM,capped,bg_logging,10,10
STATE_KAINHANSLRANTH@map_data/state_regions/15_yurhkviah.txt:324,1629,STATE_KAINHANSLRANTH,arable,bg_rice_farms,,bg_rice_farms
STATE_KAINHANSLRANTH@map_data/state_regions/15_yurhkviah.txt:324,1629,STATE_KAINHANSLRANTH,capped,bg_logging,10,10
STATE_HEILRUNANXHIA@map_data/state_regions/15_yurhkviah.txt:341,1630,STATE_HEILRUNANXHIA,arable,bg_rice_farms,,bg_rice_farms
STATE_HEILRUNANXHIA@map_data/state_regions/15_yurhkviah.txt:341,1630,STATE_HEILRUNANXHIA,capped,bg_logging,10,10
STATE_DERLRAHMXHIUS@map_data/state_regions/15_yurhkviah.txt:358,1631,STATE_DERLRAHMXHIUS,arable,bg_rice_farms,,bg_rice_farms
STATE_DERLRAHMXHIUS@map_data/state_regions/15_yurhkviah.txt:358,1631,STATE_DERLRAHMXHIUS,capped,bg_logging,10,10
STATE_PEDHRELTIYUEM@map_data/state_regions/15_yurhkviah.txt:375,1632,STATE_PEDHRELTIYUEM,arable,bg_rice_farms,,bg_rice_farms
STATE_PEDHRELTIYUEM@map_data/state_regions/15_yurhkviah.txt:375,1632,STATE_PEDHRELTIYUEM,capped,bg_logging,10,10
STATE_YALRARUTH@map_data/state_regions/15_yurhkviah.txt:392,1633,STATE_YALRARUTH,arable,bg_rice_farms,,bg_rice_farms
STATE_YALRARUTH@map_data/state_regions/15_yurhkviah.txt:392,1633,STATE_YALRARUTH,capped,bg_logging,10,10
STATE_MAINSTSELRAH@map_data/state_regions/15_yurhkviah.txt:409,1634,STATE_MAINSTSELRAH,arable,bg_rice_farms,,bg_rice_farms
STATE_MAINSTSELRAH@map_data/state_regions/15_yurhkviah.txt:409,1634,STATE_MAINSTSELRAH,capped,bg_logging,10,10
STATE_KIVORSTANCZAH@map_data/state_regions/15_yurhkviah.txt:426,1636,STATE_KIVORSTANCZAH,arable,bg_rice_farms,,bg_rice_farms
STATE_KIVORSTANCZAH@map_data/state_regions/15_yurhkviah.txt:426,1636,STATE_KIVORSTANCZAH,capped,bg_logging,10,10
STATE_AVHHALRANIAH@map_data/state_regions/15_yurhkviah.txt:443,1637,STATE_AVHHALRANIAH,arable,bg_rice_farms,,bg_rice_farms
STATE_AVHHALRANIAH@map_data/state_regions/15_yurhkviah.txt:443,1637,STATE_AVHHALRANIAH,capped,bg_logging,10,10
STATE_KINKALRUSANTACZAH@map_data/state_regions/15_yurhkviah.txt:460,1638,STATE_KINKALRUSANTACZAH,arable,bg_rice_farms,,bg_rice_farms
STATE_KINKALRUSANTACZAH@map_data/state_regions/15_yurhkviah.txt:460,1638,STATE_KINKALRUSANTACZAH,capped,bg_logging,10,10
STATE_TYUITENXHIYUEM@map_data/state_regions/15_yurhkviah.txt:477,1639,STATE_TYUITENXHIYUEM,arable,bg_rice_farms,,bg_rice_farms
STATE_TYUITENXHIYUEM@map_data/state_regions/15_yurhkviah.txt:477,1639,STATE_TYUITENXHIYUEM,capped,bg_logging,10,10
STATE_VEILRASTANIAH@map_data/state_regions/15_yurhkviah.txt:494,1640,STATE_VEILRASTANIAH,arable,bg_rice_farms,,bg_rice_farms
STATE_VEILRASTANIAH@map_data/state_regions/15_yurhkviah.txt:494,1640,STATE_VEILRASTANIAH,capped,bg_logging,10,10
STATE_OSTHINDORSHIA@map_data/state_regions/15_yurhkviah.txt:511,1641,STATE_OSTHINDORSHIA,arable,bg_rice_farms,,bg_rice_farms
STATE_OSTHINDORSHIA@map_data/state_regions/15_yurhkviah.txt:511,1641,STATE_OSTHINDORSHIA,capped,bg_logging,10,10
STATE_MARGADANTH@map_data/state_regions/15_yurhkviah.txt:528,1643,STATE_MARGADANTH,arable,bg_rice_farms,,bg_rice_farms
STATE_MARGADANTH@map_data/state_regions/15_yurhkviah.txt:528,1643,STATE_MARGADANTH,capped,bg_logging,10,10
STATE_ORHVORHDAHN@map_data/state_regions/15_yurhkviah.txt:545,1644,STATE_ORHVORHDAHN,arable,bg_rice_farms,,bg_rice_farms
STATE_ORHVORHDAHN@map_data/state_regions/15_yurhkviah.txt:545,1644,STATE_ORHVORHDAHN,capped,bg_logging,10,10
STATE_KOLROVHDAH@map_data/state_regions/15_yurhkviah.txt:562,1645,STATE_KOLROVHDAH,arable,bg_rice_farms,,bg_rice_farms
STATE_KOLROVHDAH@map_data/state_regions/15_yurhkviah.txt:562,1645,STATE_KOLROVHDAH,capped,bg_logging,10,10
STATE_RUVELRIELRANTH@map_data/state_regions/15_yurhkviah.txt:579,1646,STATE_RUVELRIELRANTH,arable,bg_rice_farms,,bg_rice_farms
STATE_RUVELRIELRANTH@map_data/state_regions/15_yurhkviah.txt:579,1646,STATE_RUVELRIELRANTH,capped,bg_logging,10,10
STATE_VESPUTALCZAH@map_data/state_regions/15_yurhkviah.txt:596,1648,STATE_VESPUTALCZAH,arable,bg_rice_farms,,bg_rice_farms
STATE_VESPUTALCZAH@map_data/state_regions/15_yurhkviah.txt:596,1648,STATE_VESPUTALCZAH,capped,bg_logging,10,10
STATE_OPOSTALCZAH@map_data/state_regions/15_yurhkviah.txt:613,1649,STATE_OPOSTALCZAH,arable,bg_rice_farms,,bg_rice_farms
STATE_OPOSTALCZAH@map_data/state_regions/15_yurhkviah.txt:613,1649,STATE_OPOSTALCZAH,capped,bg_logging,10,10
STATE_KARDANCZAH@map_data/state_regions/15_yurhkviah.txt:630,1650,STATE_KARDANCZAH,arable,bg_rice_farms,,bg_rice_farms
STATE_KARDANCZAH@map_data/state_regions/15_yurhkviah.txt:630,1650,STATE_KARDANCZAH,capped,bg_logging,10,10
STATE_KOLRANTRANIAH@map_data/state_regions/15_yurhkviah.txt:647,1651,STATE_KOLRANTRANIAH,arable,bg_rice_farms,,bg_rice_farms
STATE_KOLRANTRANIAH@map_data/state_regions/15_yurhkviah.txt:647,1651,STATE_KOLRANTRANIAH,capped,bg_logging,10,10
STATE_PELRATEMTH@map_data/state_regions/15_yurhkviah.txt:664,1652,STATE_PELRATEMTH,arable,bg_rice_farms,,bg_rice_farms
STATE_PELRATEMTH@map_data/state_regions/15_yurhkviah.txt:664,1652,STATE_PELRATEMTH,capped,bg_logging,10,10
STATE_KINTAEHVLRANTH@map_data/state_regions/15_yurhkviah.txt:681,1653,STATE_KINTAEHVLRANTH,arable,bg_rice_farms,,bg_rice_farms
STATE_KINTAEHVLRANTH@map_data/state_regions/15_yurhkviah.txt:681,1653,STATE_KINTAEHVLRANTH,capped,bg_logging,10,10
STATE_KUPHSTALRACZAH@map_data/state_regions/15_yurhkviah.txt:698,1654,STATE_KUPHSTALRACZAH,arable,bg_rice_farms,,bg_rice_farms
STATE_KUPHSTALRACZAH@map_data/state_regions/15_yurhkviah.txt:698,1654,STATE_KUPHSTALRACZAH,capped,bg_logging,10,10
STATE_EPLRATALTZ@map_data/state_regions/15_yurhkviah.txt:715,1655,STATE_EPLRATALTZ,arable,bg_rice_farms,,bg_rice_farms
STATE_EPLRATALTZ@map_data/state_regions/15_yurhkviah.txt:715,1655,STATE_EPLRATALTZ,capped,bg_logging,10,10
STATE_GLRUDERN@map_data/state_regions/15_yurhkviah.txt:732,1656,STATE_GLRUDERN,arable,bg_rice_farms,,bg_rice_farms
STATE_GLRUDERN@map_data/state_regions/15_yurhkviah.txt:732,1656,STATE_GLRUDERN,capped,bg_logging,10,10
STATE_SIODOLRANTAXHIA@map_data/state_regions/15_yurhkviah.txt:749,1657,STATE_SIODOLRANTAXHIA,arable,bg_rice_farms,,bg_rice_farms
STATE_SIODOLRANTAXHIA@map_data/state_regions/15_yurhkviah.txt:749,1657,STATE_SIODOLRANTAXHIA,capped,bg_logging,10,10
STATE_REVANUSTALRIYA@map_data/state_regions/15_yurhkviah.txt:766,1658,STATE_REVANUSTALRIYA,arable,bg_rice_farms,,bg_rice_farms
STATE_REVANUSTALRIYA@map_data/state_regions/15_yurhkviah.txt:766,1658,STATE_REVANUSTALRIYA,capped,bg_logging,10,10
STATE_INDANSIONS@map_data/state_regions/15_yurhkviah.txt:783,1659,STATE_INDANSIONS,arable,bg_rice_farms,,bg_rice_farms
STATE_INDANSIONS@map_data/state_regions/15_yurhkviah.txt:783,1659,STATE_INDANSIONS,capped,bg_logging,10,10
STATE_GALRIERDANXHIA@map_data/state_regions/15_yurhkviah.txt:800,1660,STATE_GALRIERDANXHIA,arable,bg_rice_farms,,bg_rice_farms
STATE_GALRIERDANXHIA@map_data/state_regions/15_yurhkviah.txt:800,1660,STATE_GALRIERDANXHIA,capped,bg_logging,10,10
STATE_RADHKASHA@map_data/state_regions/15_yurhkviah.txt:817,1661,STATE_RADHKASHA,arable,bg_rice_farms,,bg_rice_farms
STATE_RADHKASHA@map_data/state_regions/15_yurhkviah.txt:817,1661,STATE_RADHKASHA,capped,bg_logging,10,10
STATE_ROVONORXHIYA@map_data/state_regions/15_yurhkviah.txt:834,1662,STATE_ROVONORXHIYA,arable,bg_rice_farms,,bg_rice_farms
STATE_ROVONORXHIYA@map_data/state_regions/15_yurhkviah.txt:834,1662,STATE_ROVONORXHIYA,capped,bg_logging,10,10
STATE_ELRADHRUHN@map_data/state_regions/15_yurhkviah.txt:851,1663,STATE_ELRADHRUHN,arable,bg_rice_farms,,bg_rice_farms
STATE_ELRADHRUHN@map_data/state_regions/15_yurhkviah.txt:851,1663,STATE_ELRADHRUHN,capped,bg_logging,10,10
STATE_KENSTARCZAH@map_data/state_regions/15_yurhkviah.txt:868,1664,STATE_KENSTARCZAH,arable,bg_rice_farms,,bg_rice_farms
STATE_KENSTARCZAH@map_data/state_regions/15_yurhkviah.txt:868,1664,STATE_KENSTARCZAH,capped,bg_logging,10,10
STATE_RIXHULRIENTH@map_data/state_regions/15_yurhkviah.txt:885,1665,STATE_RIXHULRIENTH,arable,bg_rice_farms,,bg_rice_farms
STATE_RIXHULRIENTH@map_data/state_regions/15_yurhkviah.txt:885,1665,STATE_RIXHULRIENTH,capped,bg_logging,10,10
STATE_SAIRODANSHA@map_data/state_regions/15_yurhkviah.txt:902,1666,STATE_SAIRODANSHA,arable,bg_rice_farms,,bg_rice_farms
STATE_SAIRODANSHA@map_data/state_regions/15_yurhkviah.txt:902,1666,STATE_SAIRODANSHA,capped,bg_logging,10,10
STATE_ENDERHDAVROSHA@map_data/state_regions/15_yurhkviah.txt:919,1667,STATE_ENDERHDAVROSHA,arable,bg_rice_farms,,bg_rice_farms
STATE_ENDERHDAVROSHA@map_data/state_regions/15_yurhkviah.txt:919,1667,STATE_ENDERHDAVROSHA,capped,bg_logging,10,10
STATE_RIUDANCZAH@map_data/state_regions/15_yurhkviah.txt:936,1668,STATE_RIUDANCZAH,arable,bg_rice_farms,,bg_rice_farms
STATE_RIUDANCZAH@map_data/state_regions/15_yurhkviah.txt:936,1668,STATE_RIUDANCZAH,capped,bg_logging,10,10
STATE_KAIVENDIRATH@map_data/state_regions/15_yurhkviah.txt:953,1669,STATE_KAIVENDIRATH,arable,bg_rice_farms,,bg_rice_farms
STATE_KAIVENDIRATH@map_data/state_regions/15_yurhkviah.txt:953,1669,STATE_KAIVENDIRATH,capped,bg_logging,10,10
STATE_DARVAESELRAM@map_data/state_regions/16_yuretrika.txt:1,1700,STATE_DARVAESELRAM,arable,bg_rice_farms,,bg_rice_farms
STATE_DARVAESELRAM@map_data/state_regions/16_yuretrika.txt:1,1700,STATE_DARVAESELRAM,capped,bg_logging,10,10
STATE_NIRVAHNDESLRANTH@map_data/state_regions/16_yuretrika.txt:18,1701,STATE_NIRVAHNDESLRANTH,arable,bg_rice_farms,,bg_rice_farms
STATE_NIRVAHNDESLRANTH@map_data/state_regions/16_yuretrika.txt:18,1701,STATE_NIRVAHNDESLRANTH,capped,bg_logging,10,10
STATE_KANTAIVEHNSELRAM@map_data/state_regions/16_yuretrika.txt:35,1702,STATE_KANTAIVEHNSELRAM,arable,bg_rice_farms,,bg_rice_farms
STATE_KANTAIVEHNSELRAM@map_data/state_regions/16_yuretrika.txt:35,1702,STATE_KANTAIVEHNSELRAM,capped,bg_logging,10,10
STATE_RIODORHPALRANKA@map_data/state_regions/16_yuretrika.txt:52,1703,STATE_RIODORHPALRANKA,arable,bg_rice_farms,,bg_rice_farms
STATE_RIODORHPALRANKA@map_data/state_regions/16_yuretrika.txt:52,1703,STATE_RIODORHPALRANKA,capped,bg_logging,10,10
STATE_RUSHEVELRANTH@map_data/state_regions/16_yuretrika.txt:69,1704,STATE_RUSHEVELRANTH,arable,bg_rice_farms,,bg_rice_farms
STATE_RUSHEVELRANTH@map_data/state_regions/16_yuretrika.txt:69,1704,STATE_RUSHEVELRANTH,capped,bg_logging,10,10
STATE_KINCZEIVELRAKAHN@map_data/state_regions/16_yuretrika.txt:86,1705,STATE_KINCZEIVELRAKAHN,arable,bg_rice_farms,,bg_rice_farms
STATE_KINCZEIVELRAKAHN@map_data/state_regions/16_yuretrika.txt:86,1705,STATE_KINCZEIVELRAKAHN,capped,bg_logging,10,10
STATE_KINTAVALRERADAH@map_data/state_regions/16_yuretrika.txt:103,1706,STATE_KINTAVALRERADAH,arable,bg_rice_farms,,bg_rice_farms
STATE_KINTAVALRERADAH@map_data/state_regions/16_yuretrika.txt:103,1706,STATE_KINTAVALRERADAH,capped,bg_logging,10,10
STATE_KUSRAIVELRAHM@map_data/state_regions/16_yuretrika.txt:120,1707,STATE_KUSRAIVELRAHM,arable,bg_rice_farms,,bg_rice_farms
STATE_KUSRAIVELRAHM@map_data/state_regions/16_yuretrika.txt:120,1707,STATE_KUSRAIVELRAHM,capped,bg_logging,10,10
STATE_RAHAVELRADAHN@map_data/state_regions/16_yuretrika.txt:137,1708,STATE_RAHAVELRADAHN,arable,bg_rice_farms,,bg_rice_farms
STATE_RAHAVELRADAHN@map_data/state_regions/16_yuretrika.txt:137,1708,STATE_RAHAVELRADAHN,capped,bg_logging,10,10
STATE_AKAELRUDAHN@map_data/state_regions/16_yuretrika.txt:154,1709,STATE_AKAELRUDAHN,arable,bg_rice_farms,,bg_rice_farms
STATE_AKAELRUDAHN@map_data/state_regions/16_yuretrika.txt:154,1709,STATE_AKAELRUDAHN,capped,bg_logging,10,10
STATE_NILRUDANTS@map_data/state_regions/16_yuretrika.txt:171,1710,STATE_NILRUDANTS,arable,bg_rice_farms,,bg_rice_farms
STATE_NILRUDANTS@map_data/state_regions/16_yuretrika.txt:171,1710,STATE_NILRUDANTS,capped,bg_logging,10,10
STATE_SILRYUDEANTS@map_data/state_regions/16_yuretrika.txt:188,1711,STATE_SILRYUDEANTS,arable,bg_rice_farms,,bg_rice_farms
STATE_SILRYUDEANTS@map_data/state_regions/16_yuretrika.txt:188,1711,STATE_SILRYUDEANTS,capped,bg_logging,10,10
STATE_ROSTONDELRANYA@map_data/state_regions/16_yuretrika.txt:205,1712,STATE_ROSTONDELRANYA,arable,bg_rice_farms,,bg_rice_farms
STATE_ROSTONDELRANYA@map_data/state_regions/16_yuretrika.txt:205,1712,STATE_ROSTONDELRANYA,capped,bg_logging,10,10
STATE_HAPRIERDAH@map_data/state_regions/16_yuretrika.txt:222,1713,STATE_HAPRIERDAH,arable,bg_rice_farms,,bg_rice_farms
STATE_HAPRIERDAH@map_data/state_regions/16_yuretrika.txt:222,1713,STATE_HAPRIERDAH,capped,bg_logging,10,10
STATE_PAIENSNIAH@map_data/state_regions/16_yuretrika.txt:239,1714,STATE_PAIENSNIAH,arable,bg_rice_farms,,bg_rice_farms
STATE_PAIENSNIAH@map_data/state_regions/16_yuretrika.txt:239,1714,STATE_PAIENSNIAH,capped,bg_logging,10,10
STATE_DIYULRIVELRANTH@map_data/state_regions/16_yuretrika.txt:256,1715,STATE_DIYULRIVELRANTH,arable,bg_rice_farms,,bg_rice_farms
STATE_DIYULRIVELRANTH@map_data/state_regions/16_yuretrika.txt:256,1715,STATE_DIYULRIVELRANTH,capped,bg_logging,10,10
STATE_ATZELRANTO@map_data/state_regions/16_yuretrika.txt:273,1716,STATE_ATZELRANTO,arable,bg_rice_farms,,bg_rice_farms
STATE_ATZELRANTO@map_data/state_regions/16_yuretrika.txt:273,1716,STATE_ATZELRANTO,capped,bg_logging,10,10
STATE_KAIVANTANGRAD@map_data/state_regions/16_yuretrika.txt:290,1717,STATE_KAIVANTANGRAD,arable,bg_rice_farms,,bg_rice_farms
STATE_KAIVANTANGRAD@map_data/state_regions/16_yuretrika.txt:290,1717,STATE_KAIVANTANGRAD,capped,bg_logging,10,10
STATE_RIESELRANTO@map_data/state_regions/16_yuretrika.txt:307,1718,STATE_RIESELRANTO,arable,bg_rice_farms,,bg_rice_farms
STATE_RIESELRANTO@map_data/state_regions/16_yuretrika.txt:307,1718,STATE_RIESELRANTO,capped,bg_logging,10,10
STATE_RUNALRENANTZATH@map_data/state_regions/16_yuretrika.txt:324,1719,STATE_RUNALRENANTZATH,arable,bg_rice_farms,,bg_rice_farms
STATE_RUNALRENANTZATH@map_data/state_regions/16_yuretrika.txt:324,1719,STATE_RUNALRENANTZATH,capped,bg_logging,10,10
STATE_TAIRELZENPARTAH@map_data/state_regions/16_yuretrika.txt:341,1720,STATE_TAIRELZENPARTAH,arable,bg_rice_farms,,bg_rice_farms
STATE_TAIRELZENPARTAH@map_data/state_regions/16_yuretrika.txt:341,1720,STATE_TAIRELZENPARTAH,capped,bg_logging,10,10
STATE_ASITANTARU@map_data/state_regions/16_yuretrika.txt:358,1721,STATE_ASITANTARU,arable,bg_rice_farms,,bg_rice_farms
STATE_ASITANTARU@map_data/state_regions/16_yuretrika.txt:358,1721,STATE_ASITANTARU,capped,bg_logging,10,10
STATE_RUTAXHENTASA@map_data/state_regions/16_yuretrika.txt:375,1722,STATE_RUTAXHENTASA,arable,bg_rice_farms,,bg_rice_farms
STATE_RUTAXHENTASA@map_data/state_regions/16_yuretrika.txt:375,1722,STATE_RUTAXHENTASA,capped,bg_logging,10,10
STATE_KAIHAIVAHN@map_data/state_regions/16_yuretrika.txt:392,1723,STATE_KAIHAIVAHN,arable,bg_rice_farms,,bg_rice_farms
STATE_KAIHAIVAHN@map_data/state_regions/16_yuretrika.txt:392,1723,STATE_KAIHAIVAHN,capped,bg_logging,10,10
STATE_KALRAIDANTAH@map_data/state_regions/16_yuretrika.txt:409,1724,STATE_KALRAIDANTAH,arable,bg_rice_farms,,bg_rice_farms
STATE_KALRAIDANTAH@map_data/state_regions/16_yuretrika.txt:409,1724,STATE_KALRAIDANTAH,capped,bg_logging,10,10
STATE_AIVOLRUTAH@map_data/state_regions/16_yuretrika.txt:426,1725,STATE_AIVOLRUTAH,arable,bg_rice_farms,,bg_rice_farms
STATE_AIVOLRUTAH@map_data/state_regions/16_yuretrika.txt:426,1725,STATE_AIVOLRUTAH,capped,bg_logging,10,10
STATE_RIKIVANSNACZAH@map_data/state_regions/16_yuretrika.txt:443,1726,STATE_RIKIVANSNACZAH,arable,bg_rice_farms,,bg_rice_farms
STATE_RIKIVANSNACZAH@map_data/state_regions/16_yuretrika.txt:443,1726,STATE_RIKIVANSNACZAH,capped,bg_logging,10,10
STATE_KUSPELRAHAN@map_data/state_regions/16_yuretrika.txt:460,1727,STATE_KUSPELRAHAN,arable,bg_rice_farms,,bg_rice_farms
STATE_KUSPELRAHAN@map_data/state_regions/16_yuretrika.txt:460,1727,STATE_KUSPELRAHAN,capped,bg_logging,10,10
STATE_HAIHELRAHUTAH@map_data/state_regions/16_yuretrika.txt:477,1728,STATE_HAIHELRAHUTAH,arable,bg_rice_farms,,bg_rice_farms
STATE_HAIHELRAHUTAH@map_data/state_regions/16_yuretrika.txt:477,1728,STATE_HAIHELRAHUTAH,capped,bg_logging,10,10
STATE_NIVELRANTACZ@map_data/state_regions/16_yuretrika.txt:494,1729,STATE_NIVELRANTACZ,arable,bg_rice_farms,,bg_rice_farms
STATE_NIVELRANTACZ@map_data/state_regions/16_yuretrika.txt:494,1729,STATE_NIVELRANTACZ,capped,bg_logging,10,10
STATE_NEIDALRANTZ@map_data/state_regions/16_yuretrika.txt:511,1730,STATE_NEIDALRANTZ,arable,bg_rice_farms,,bg_rice_farms
STATE_NEIDALRANTZ@map_data/state_regions/16_yuretrika.txt:511,1730,STATE_NEIDALRANTZ,capped,bg_logging,10,10
STATE_KIEPH@map_data/state_regions/16_yuretrika.txt:528,1731,STATE_KIEPH,arable,bg_rice_farms,,bg_rice_farms
STATE_KIEPH@map_data/state_regions/16_yuretrika.txt:528,1731,STATE_KIEPH,capped,bg_logging,10,10
STATE_RASKAPARTAN@map_data/state_regions/16_yuretrika.txt:545,1732,STATE_RASKAPARTAN,arable,bg_rice_farms,,bg_rice_farms
STATE_RASKAPARTAN@map_data/state_regions/16_yuretrika.txt:545,1732,STATE_RASKAPARTAN,capped,bg_logging,10,10
STATE_HIDALRARANTS@map_data/state_regions/16_yuretrika.txt:562,1733,STATE_HIDALRARANTS,arable,bg_rice_farms,,bg_rice_farms
STATE_HIDALRARANTS@map_data/state_regions/16_yuretrika.txt:562,1733,STATE_HIDALRARANTS,capped,bg_logging,10,10
STATE_SAIVELRANTRAIAH@map_data/state_regions/16_yuretrika.txt:579,1734,STATE_SAIVELRANTRAIAH,arable,bg_rice_farms,,bg_rice_farms
STATE_SAIVELRANTRAIAH@map_data/state_regions/16_yuretrika.txt:579,1734,STATE_SAIVELRANTRAIAH,capped,bg_logging,10,10
STATE_NAIYULRANTS@map_data/state_regions/16_yuretrika.txt:596,1735,STATE_NAIYULRANTS,arable,bg_rice_farms,,bg_rice_farms
STATE_NAIYULRANTS@map_data/state_regions/16_yuretrika.txt:596,1735,STATE_NAIYULRANTS,capped,bg_logging,10,10
STATE_NAIVANTOTS@map_data/state_regions/16_yuretrika.txt:613,1736,STATE_NAIVANTOTS,arable,bg_rice_farms,,bg_rice_farms
STATE_NAIVANTOTS@map_data/state_regions/16_yuretrika.txt:613,1736,STATE_NAIVANTOTS,capped,bg_logging,10,10
STATE_NAIDELREPH@map_data/state_regions/16_yuretrika.txt:630,1737,STATE_NAIDELREPH,arable,bg_rice_farms,,bg_rice_farms
STATE_NAIDELREPH@map_data/state_regions/16_yuretrika.txt:630,1737,STATE_NAIDELREPH,capped,bg_logging,10,10
STATE_VEEMENTH@map_data/state_regions/16_yuretrika.txt:647,1738,STATE_VEEMENTH,arable,bg_rice_farms,,bg_rice_farms
STATE_VEEMENTH@map_data/state_regions/16_yuretrika.txt:647,1738,STATE_VEEMENTH,capped,bg_logging,10,10
STATE_INSZHULRETENVERKH@map_data/state_regions/16_yuretrika.txt:664,1739,STATE_INSZHULRETENVERKH,arable,bg_rice_farms,,bg_rice_farms
STATE_INSZHULRETENVERKH@map_data/state_regions/16_yuretrika.txt:664,1739,STATE_INSZHULRETENVERKH,capped,bg_logging,10,10
STATE_KOLROXHEL@map_data/state_regions/16_yuretrika.txt:681,1740,STATE_KOLROXHEL,arable,bg_rice_farms,,bg_rice_farms
STATE_KOLROXHEL@map_data/state_regions/16_yuretrika.txt:681,1740,STATE_KOLROXHEL,capped,bg_logging,10,10
STATE_KIELRASHUVDAH@map_data/state_regions/16_yuretrika.txt:698,1741,STATE_KIELRASHUVDAH,arable,bg_rice_farms,,bg_rice_farms
STATE_KIELRASHUVDAH@map_data/state_regions/16_yuretrika.txt:698,1741,STATE_KIELRASHUVDAH,capped,bg_logging,10,10
STATE_XHEIMANSTANCZAH@map_data/state_regions/16_yuretrika.txt:715,1742,STATE_XHEIMANSTANCZAH,arable,bg_rice_farms,,bg_rice_farms
STATE_XHEIMANSTANCZAH@map_data/state_regions/16_yuretrika.txt:715,1742,STATE_XHEIMANSTANCZAH,capped,bg_logging,10,10
STATE_INTORMANTH@map_data/state_regions/16_yuretrika.txt:732,1743,STATE_INTORMANTH,arable,bg_rice_farms,,bg_rice_farms
STATE_INTORMANTH@map_data/state_regions/16_yuretrika.txt:732,1743,STATE_INTORMANTH,capped,bg_logging,10,10
STATE_KAPHKAZIYA@map_data/state_regions/16_yuretrika.txt:749,1744,STATE_KAPHKAZIYA,arable,bg_rice_farms,,bg_rice_farms
STATE_KAPHKAZIYA@map_data/state_regions/16_yuretrika.txt:749,1744,STATE_KAPHKAZIYA,capped,bg_logging,10,10
STATE_NARAVENVHDAH@map_data/state_regions/16_yuretrika.txt:766,1745,STATE_NARAVENVHDAH,arable,bg_rice_farms,,bg_rice_farms
STATE_NARAVENVHDAH@map_data/state_regions/16_yuretrika.txt:766,1745,STATE_NARAVENVHDAH,capped,bg_logging,10,10
STATE_SETOSILRANTH@map_data/state_regions/16_yuretrika.txt:783,1746,STATE_SETOSILRANTH,arable,bg_rice_farms,,bg_rice_farms
STATE_SETOSILRANTH@map_data/state_regions/16_yuretrika.txt:783,1746,STATE_SETOSILRANTH,capped,bg_logging,10,10
STATE_KAIVENTATH@map_data/state_regions/16_yuretrika.txt:800,1747,STATE_KAIVENTATH,arable,bg_rice_farms,,bg_rice_farms
STATE_KAIVENTATH@map_data/state_regions/16_yuretrika.txt:800,1747,STATE_KAIVENTATH,capped,bg_logging,10,10
STATE_KORPINTS@map_data/state_regions/16_yuretrika.txt:817,1748,STATE_KORPINTS,arable,bg_rice_farms,,bg_rice_farms
STATE_KORPINTS@map_data/state_regions/16_yuretrika.txt:817,1748,STATE_KORPINTS,capped,bg_logging,10,10
STATE_IORANTOTS@map_data/state_regions/16_yuretrika.txt:834,1749,STATE_IORANTOTS,arable,bg_rice_farms,,bg_rice_farms
STATE_IORANTOTS@map_data/state_regions/16_yuretrika.txt:834,1749,STATE_IORANTOTS,capped,bg_logging,10,10
STATE_RIOTOLRANTH@map_data/state_regions/16_yuretrika.txt:851,1750,STATE_RIOTOLRANTH,arable,bg_rice_farms,,bg_rice_farms
STATE_RIOTOLRANTH@map_data/state_regions/16_yuretrika.txt:851,1750,STATE_RIOTOLRANTH,capped,bg_logging,10,10
STATE_NAIMANSKAYA@map_data/state_regions/16_yuretrika.txt:868,1751,STATE_NAIMANSKAYA,arable,bg_rice_farms,,bg_rice_farms
STATE_NAIMANSKAYA@map_data/state_regions/16_yuretrika.txt:868,1751,STATE_NAIMANSKAYA,capped,bg_logging,10,10
STATE_NAIROVANIAH@map_data/state_regions/16_yuretrika.txt:885,1752,STATE_NAIROVANIAH,arable,bg_rice_farms,,bg_rice_farms
STATE_NAIROVANIAH@map_data/state_regions/16_yuretrika.txt:885,1752,STATE_NAIROVANIAH,capped,bg_logging,10,10
STATE_SARVANTALRANTH@map_data/state_regions/16_yuretrika.txt:902,1753,STATE_SARVANTALRANTH,arable,bg_rice_farms,,bg_rice_farms
STATE_SARVANTALRANTH@map_data/state_regions/16_yuretrika.txt:902,1753,STATE_SARVANTALRANTH,capped,bg_logging,10,10
STATE_DONTORIVELRIKAYA@map_data/state_regions/16_yuretrika.txt:919,1754,STATE_DONTORIVELRIKAYA,arable,bg_rice_farms,,bg_rice_farms
STATE_DONTORIVELRIKAYA@map_data/state_regions/16_yuretrika.txt:919,1754,STATE_DONTORIVELRIKAYA,capped,bg_logging,10,10
STATE_KOVHRADELRANYA@map_data/state_regions/16_yuretrika.txt:936,1755,STATE_KOVHRADELRANYA,arable,bg_rice_farms,,bg_rice_farms
STATE_KOVHRADELRANYA@map_data/state_regions/16_yuretrika.txt:936,1755,STATE_KOVHRADELRANYA,capped,bg_logging,10,10
STATE_RAIDONYA@map_data/state_regions/16_yuretrika.txt:953,1756,STATE_RAIDONYA,arable,bg_rice_farms,,bg_rice_farms
STATE_RAIDONYA@map_data/state_regions/16_yuretrika.txt:953,1756,STATE_RAIDONYA,capped,bg_logging,10,10
STATE_RUSTANVELRIKAYA@map_data/state_regions/16_yuretrika.txt:970,1757,STATE_RUSTANVELRIKAYA,arable,bg_rice_farms,,bg_rice_farms
STATE_RUSTANVELRIKAYA@map_data/state_regions/16_yuretrika.txt:970,1757,STATE_RUSTANVELRIKAYA,capped,bg_logging,10,10
STATE_KUPSKANTH@map_data/state_regions/16_yuretrika.txt:987,1758,STATE_KUPSKANTH,arable,bg_rice_farms,,bg_rice_farms
STATE_KUPSKANTH@map_data/state_regions/16_yuretrika.txt:987,1758,STATE_KUPSKANTH,capped,bg_logging,10,10
STATE_UKREINRANTH@map_data/state_regions/16_yuretrika.txt:1004,1759,STATE_UKREINRANTH,arable,bg_rice_farms,,bg_rice_farms
STATE_UKREINRANTH@map_data/state_regions/16_yuretrika.txt:1004,1759,STATE_UKREINRANTH,capped,bg_logging,10,10
STATE_DONIAARVHUTH@map_data/state_regions/16_yuretrika.txt:1021,1760,STATE_DONIAARVHUTH,arable,bg_rice_farms,,bg_rice_farms
STATE_DONIAARVHUTH@map_data/state_regions/16_yuretrika.txt:1021,1760,STATE_DONIAARVHUTH,capped,bg_logging,10,10
STATE_NORVANTHNIAH@map_data/state_regions/16_yuretrika.txt:1038,1761,STATE_NORVANTHNIAH,arable,bg_rice_farms,,bg_rice_farms
STATE_NORVANTHNIAH@map_data/state_regions/16_yuretrika.txt:1038,1761,STATE_NORVANTHNIAH,capped,bg_logging,10,10
STATE_DELRIARVHUTH@map_data/state_regions/16_yuretrika.txt:1055,1762,STATE_DELRIARVHUTH,arable,bg_rice_farms,,bg_rice_farms
STATE_DELRIARVHUTH@map_data/state_regions/16_yuretrika.txt:1055,1762,STATE_DELRIARVHUTH,capped,bg_logging,10,10
STATE_INTORIVASKAYA@map_data/state_regions/16_yuretrika.txt:1072,1763,STATE_INTORIVASKAYA,arable,bg_rice_farms,,bg_rice_farms
STATE_INTORIVASKAYA@map_data/state_regions/16_yuretrika.txt:1072,1763,STATE_INTORIVASKAYA,capped,bg_logging,10,10
STATE_UNDRANDATH@map_data/state_regions/16_yuretrika.txt:1089,1764,STATE_UNDRANDATH,arable,bg_rice_farms,,bg_rice_farms
STATE_UNDRANDATH@map_data/state_regions/16_yuretrika.txt:1089,1764,STATE_UNDRANDATH,capped,bg_logging,10,10
STATE_RINTACZAHVERKH@map_data/state_regions/16_yuretrika.txt:1106,1765,STATE_RINTACZAHVERKH,arable,bg_rice_farms,,bg_rice_farms
STATE_RINTACZAHVERKH@map_data/state_regions/16_yuretrika.txt:1106,1765,STATE_RINTACZAHVERKH,capped,bg_logging,10,10
STATE_KIUYESTAH@map_data/state_regions/16_yuretrika.txt:1123,1766,STATE_KIUYESTAH,arable,bg_rice_farms,,bg_rice_farms
STATE_KIUYESTAH@map_data/state_regions/16_yuretrika.txt:1123,1766,STATE_KIUYESTAH,capped,bg_logging,10,10
STATE_RUERVANDORH@map_data/state_regions/16_yuretrika.txt:1140,1767,STATE_RUERVANDORH,arable,bg_rice_farms,,bg_rice_farms
STATE_RUERVANDORH@map_data/state_regions/16_yuretrika.txt:1140,1767,STATE_RUERVANDORH,capped,bg_logging,10,10
STATE_KINTAINZIVELRAH@map_data/state_regions/16_yuretrika.txt:1157,1768,STATE_KINTAINZIVELRAH,arable,bg_rice_farms,,bg_rice_farms
STATE_KINTAINZIVELRAH@map_data/state_regions/16_yuretrika.txt:1157,1768,STATE_KINTAINZIVELRAH,capped,bg_logging,10,10
STATE_MORTALRAZIAH@map_data/state_regions/16_yuretrika.txt:1174,1769,STATE_MORTALRAZIAH,arable,bg_rice_farms,,bg_rice_farms
STATE_MORTALRAZIAH@map_data/state_regions/16_yuretrika.txt:1174,1769,STATE_MORTALRAZIAH,capped,bg_logging,10,10
STATE_RUVASTANYA@map_data/state_regions/16_yuretrika.txt:1191,1770,STATE_RUVASTANYA,arable,bg_rice_farms,,bg_rice_farms
STATE_RUVASTANYA@map_data/state_regions/16_yuretrika.txt:1191,1770,STATE_RUVASTANYA,capped,bg_logging,10,10
STATE_CZEHHNYA@map_data/state_regions/16_yuretrika.txt:1208,1771,STATE_CZEHHNYA,arable,bg_rice_farms,,bg_rice_farms
STATE_CZEHHNYA@map_data/state_regions/16_yuretrika.txt:1208,1771,STATE_CZEHHNYA,capped,bg_logging,10,10
STATE_KUTOXHIVLRANKA@map_data/state_regions/16_yuretrika.txt:1225,1772,STATE_KUTOXHIVLRANKA,arable,bg_rice_farms,,bg_rice_farms
STATE_KUTOXHIVLRANKA@map_data/state_regions/16_yuretrika.txt:1225,1772,STATE_KUTOXHIVLRANKA,capped,bg_logging,10,10
STATE_YEREVANIAH@map_data/state_regions/16_yuretrika.txt:1242,1773,STATE_YEREVANIAH,arable,bg_rice_farms,,bg_rice_farms
STATE_YEREVANIAH@map_data/state_regions/16_yuretrika.txt:1242,1773,STATE_YEREVANIAH,capped,bg_logging,10,10
STATE_HARVANSK@map_data/state_regions/16_yuretrika.txt:1259,1774,STATE_HARVANSK,arable,bg_rice_farms,,bg_rice_farms
STATE_HARVANSK@map_data/state_regions/16_yuretrika.txt:1259,1774,STATE_HARVANSK,capped,bg_logging,10,10
STATE_INPUVLRANTH@map_data/state_regions/16_yuretrika.txt:1276,1775,STATE_INPUVLRANTH,arable,bg_rice_farms,,bg_rice_farms
STATE_INPUVLRANTH@map_data/state_regions/16_yuretrika.txt:1276,1775,STATE_INPUVLRANTH,capped,bg_logging,10,10
STATE_RIKUSDANSKA@map_data/state_regions/16_yuretrika.txt:1293,1776,STATE_RIKUSDANSKA,arable,bg_rice_farms,,bg_rice_farms
STATE_RIKUSDANSKA@map_data/state_regions/16_yuretrika.txt:1293,1776,STATE_RIKUSDANSKA,capped,bg_logging,10,10
STATE_RUTAXHENTANYA@map_data/state_regions/16_yuretrika.txt:1310,1777,STATE_RUTAXHENTANYA,arable,bg_rice_farms,,bg_rice_farms
STATE_RUTAXHENTANYA@map_data/state_regions/16_yuretrika.txt:1310,1777,STATE_RUTAXHENTANYA,capped,bg_logging,10,10
STATE_YERVESOUDEN@map_data/state_regions/16_yuretrika.txt:1327,1778,STATE_YERVESOUDEN,arable,bg_rice_farms,,bg_rice_farms
STATE_YERVESOUDEN@map_data/state_regions/16_yuretrika.txt:1327,1778,STATE_YERVESOUDEN,capped,bg_logging,10,10
STATE_KATOXIE@map_data/state_regions/16_yuretrika.txt:1344,1779,STATE_KATOXIE,arable,bg_rice_farms,,bg_rice_farms
STATE_KATOXIE@map_data/state_regions/16_yuretrika.txt:1344,1779,STATE_KATOXIE,capped,bg_logging,10,10
STATE_KATOVARCZE@map_data/state_regions/16_yuretrika.txt:1361,1780,STATE_KATOVARCZE,arable,bg_rice_farms,,bg_rice_farms
STATE_KATOVARCZE@map_data/state_regions/16_yuretrika.txt:1361,1780,STATE_KATOVARCZE,capped,bg_logging,10,10
STATE_ROVANSK@map_data/state_regions/16_yuretrika.txt:1378,1781,STATE_ROVANSK,arable,bg_rice_farms,,bg_rice_farms
STATE_ROVANSK@map_data/state_regions/16_yuretrika.txt:1378,1781,STATE_ROVANSK,capped,bg_logging,10,10
STATE_RAIVRANTH@map_data/state_regions/16_yuretrika.txt:1395,1782,STATE_RAIVRANTH,arable,bg_rice_farms,,bg_rice_farms
STATE_RAIVRANTH@map_data/state_regions/16_yuretrika.txt:1395,1782,STATE_RAIVRANTH,capped,bg_logging,10,10
STATE_RAVENTELRINVERKH@map_data/state_regions/16_yuretrika.txt:1412,1783,STATE_RAVENTELRINVERKH,arable,bg_rice_farms,,bg_rice_farms
STATE_RAVENTELRINVERKH@map_data/state_regions/16_yuretrika.txt:1412,1783,STATE_RAVENTELRINVERKH,capped,bg_logging,10,10
STATE_PORTE_DE_SIUSLRAH@map_data/state_regions/16_yuretrika.txt:1429,1784,STATE_PORTE_DE_SIUSLRAH,arable,bg_rice_farms,,bg_rice_farms
STATE_PORTE_DE_SIUSLRAH@map_data/state_regions/16_yuretrika.txt:1429,1784,STATE_PORTE_DE_SIUSLRAH,capped,bg_logging,10,10
STATE_NARDANTANTH@map_data/state_regions/16_yuretrika.txt:1446,1785,STATE_NARDANTANTH,arable,bg_rice_farms,,bg_rice_farms
STATE_NARDANTANTH@map_data/state_regions/16_yuretrika.txt:1446,1785,STATE_NARDANTANTH,capped,bg_logging,10,10
STATE_YARKANTENIAH@map_data/state_regions/17_khhavith.txt:1,1800,STATE_YARKANTENIAH,arable,bg_rice_farms,,bg_rice_farms
STATE_YARKANTENIAH@map_data/state_regions/17_khhavith.txt:1,1800,STATE_YARKANTENIAH,capped,bg_logging,10,10
STATE_KURSPANCZELRIAH@map_data/state_regions/17_khhavith.txt:18,1801,STATE_KURSPANCZELRIAH,arable,bg_rice_farms,,bg_rice_farms
STATE_KURSPANCZELRIAH@map_data/state_regions/17_khhavith.txt:18,1801,STATE_KURSPANCZELRIAH,capped,bg_logging,10,10
STATE_PELRIASTENEAH@map_data/state_regions/17_khhavith.txt:35,1802,STATE_PELRIASTENEAH,arable,bg_rice_farms,,bg_rice_farms
STATE_PELRIASTENEAH@map_data/state_regions/17_khhavith.txt:35,1802,STATE_PELRIASTENEAH,capped,bg_logging,10,10
STATE_ERTSIRN@map_data/state_regions/17_khhavith.txt:52,1803,STATE_ERTSIRN,arable,bg_rice_farms,,bg_rice_farms
STATE_ERTSIRN@map_data/state_regions/17_khhavith.txt:52,1803,STATE_ERTSIRN,capped,bg_logging,10,10
STATE_KAFALRETSIRN@map_data/state_regions/17_khhavith.txt:69,1804,STATE_KAFALRETSIRN,arable,bg_rice_farms,,bg_rice_farms
STATE_KAFALRETSIRN@map_data/state_regions/17_khhavith.txt:69,1804,STATE_KAFALRETSIRN,capped,bg_logging,10,10
STATE_RAVARHTSIRN@map_data/state_regions/17_khhavith.txt:86,1805,STATE_RAVARHTSIRN,arable,bg_rice_farms,,bg_rice_farms
STATE_RAVARHTSIRN@map_data/state_regions/17_khhavith.txt:86,1805,STATE_RAVARHTSIRN,capped,bg_logging,10,10
STATE_KURENSVATENEAH@map_data/state_regions/17_khhavith.txt:103,1806,STATE_KURENSVATENEAH,arable,bg_rice_farms,,bg_rice_farms
STATE_KURENSVATENEAH@map_data/state_regions/17_khhavith.txt:103,1806,STATE_KURENSVATENEAH,capped,bg_logging,10,10
STATE_KAHHKUTA@map_data/state_regions/17_khhavith.txt:120,1807,STATE_KAHHKUTA,arable,bg_rice_farms,,bg_rice_farms
STATE_KAHHKUTA@map_data/state_regions/17_khhavith.txt:120,1807,STATE_KAHHKUTA,capped,bg_logging,10,10
STATE_NERVADANTH@map_data/state_regions/17_khhavith.txt:137,1808,STATE_NERVADANTH,arable,bg_rice_farms,,bg_rice_farms
STATE_NERVADANTH@map_data/state_regions/17_khhavith.txt:137,1808,STATE_NERVADANTH,capped,bg_logging,10,10
STATE_SETOENVELRANKA@map_data/state_regions/17_khhavith.txt:154,1809,STATE_SETOENVELRANKA,arable,bg_rice_farms,,bg_rice_farms
STATE_SETOENVELRANKA@map_data/state_regions/17_khhavith.txt:154,1809,STATE_SETOENVELRANKA,capped,bg_logging,10,10
STATE_AIVLRANKA@map_data/state_regions/17_khhavith.txt:171,1810,STATE_AIVLRANKA,arable,bg_rice_farms,,bg_rice_farms
STATE_AIVLRANKA@map_data/state_regions/17_khhavith.txt:171,1810,STATE_AIVLRANKA,capped,bg_logging,10,10
STATE_SEIDERAKENTH@map_data/state_regions/17_khhavith.txt:188,1811,STATE_SEIDERAKENTH,arable,bg_rice_farms,,bg_rice_farms
STATE_SEIDERAKENTH@map_data/state_regions/17_khhavith.txt:188,1811,STATE_SEIDERAKENTH,capped,bg_logging,10,10
STATE_OSTVELRORANTH@map_data/state_regions/17_khhavith.txt:205,1812,STATE_OSTVELRORANTH,arable,bg_rice_farms,,bg_rice_farms
STATE_OSTVELRORANTH@map_data/state_regions/17_khhavith.txt:205,1812,STATE_OSTVELRORANTH,capped,bg_logging,10,10
STATE_SAIDENZERHKELRANTH@map_data/state_regions/17_khhavith.txt:222,1813,STATE_SAIDENZERHKELRANTH,arable,bg_rice_farms,,bg_rice_farms
STATE_SAIDENZERHKELRANTH@map_data/state_regions/17_khhavith.txt:222,1813,STATE_SAIDENZERHKELRANTH,capped,bg_logging,10,10
STATE_ASKENTANIAH@map_data/state_regions/17_khhavith.txt:239,1814,STATE_ASKENTANIAH,arable,bg_rice_farms,,bg_rice_farms
STATE_ASKENTANIAH@map_data/state_regions/17_khhavith.txt:239,1814,STATE_ASKENTANIAH,capped,bg_logging,10,10
STATE_DELRASKAVAH@map_data/state_regions/17_khhavith.txt:256,1815,STATE_DELRASKAVAH,arable,bg_rice_farms,,bg_rice_farms
STATE_DELRASKAVAH@map_data/state_regions/17_khhavith.txt:256,1815,STATE_DELRASKAVAH,capped,bg_logging,10,10
STATE_KUSDAKENTA@map_data/state_regions/17_khhavith.txt:273,1816,STATE_KUSDAKENTA,arable,bg_rice_farms,,bg_rice_farms
STATE_KUSDAKENTA@map_data/state_regions/17_khhavith.txt:273,1816,STATE_KUSDAKENTA,capped,bg_logging,10,10
STATE_DOVHROZELRANTH@map_data/state_regions/17_khhavith.txt:290,1817,STATE_DOVHROZELRANTH,arable,bg_rice_farms,,bg_rice_farms
STATE_DOVHROZELRANTH@map_data/state_regions/17_khhavith.txt:290,1817,STATE_DOVHROZELRANTH,capped,bg_logging,10,10
STATE_NOVAKARUZIAH@map_data/state_regions/17_khhavith.txt:307,1818,STATE_NOVAKARUZIAH,arable,bg_rice_farms,,bg_rice_farms
STATE_NOVAKARUZIAH@map_data/state_regions/17_khhavith.txt:307,1818,STATE_NOVAKARUZIAH,capped,bg_logging,10,10
STATE_ZAIKARTANTH@map_data/state_regions/17_khhavith.txt:324,1819,STATE_ZAIKARTANTH,arable,bg_rice_farms,,bg_rice_farms
STATE_ZAIKARTANTH@map_data/state_regions/17_khhavith.txt:324,1819,STATE_ZAIKARTANTH,capped,bg_logging,10,10
STATE_SHURODENDELRANTH@map_data/state_regions/17_khhavith.txt:341,1820,STATE_SHURODENDELRANTH,arable,bg_rice_farms,,bg_rice_farms
STATE_SHURODENDELRANTH@map_data/state_regions/17_khhavith.txt:341,1820,STATE_SHURODENDELRANTH,capped,bg_logging,10,10
STATE_RIODORONARUTA@map_data/state_regions/17_khhavith.txt:358,1821,STATE_RIODORONARUTA,arable,bg_rice_farms,,bg_rice_farms
STATE_RIODORONARUTA@map_data/state_regions/17_khhavith.txt:358,1821,STATE_RIODORONARUTA,capped,bg_logging,10,10
STATE_RESTAVELRANKA@map_data/state_regions/17_khhavith.txt:375,1822,STATE_RESTAVELRANKA,arable,bg_rice_farms,,bg_rice_farms
STATE_RESTAVELRANKA@map_data/state_regions/17_khhavith.txt:375,1822,STATE_RESTAVELRANKA,capped,bg_logging,10,10
STATE_NAIDELKERVANTA@map_data/state_regions/17_khhavith.txt:392,1823,STATE_NAIDELKERVANTA,arable,bg_rice_farms,,bg_rice_farms
STATE_NAIDELKERVANTA@map_data/state_regions/17_khhavith.txt:392,1823,STATE_NAIDELKERVANTA,capped,bg_logging,10,10
STATE_OSTRUEVELRANTH@map_data/state_regions/17_khhavith.txt:409,1824,STATE_OSTRUEVELRANTH,arable,bg_rice_farms,,bg_rice_farms
STATE_OSTRUEVELRANTH@map_data/state_regions/17_khhavith.txt:409,1824,STATE_OSTRUEVELRANTH,capped,bg_logging,10,10
STATE_ZYURHDELPALRANKA@map_data/state_regions/17_khhavith.txt:426,1825,STATE_ZYURHDELPALRANKA,arable,bg_rice_farms,,bg_rice_farms
STATE_ZYURHDELPALRANKA@map_data/state_regions/17_khhavith.txt:426,1825,STATE_ZYURHDELPALRANKA,capped,bg_logging,10,10
STATE_KELAHRZIUS@map_data/state_regions/17_khhavith.txt:443,1826,STATE_KELAHRZIUS,arable,bg_rice_farms,,bg_rice_farms
STATE_KELAHRZIUS@map_data/state_regions/17_khhavith.txt:443,1826,STATE_KELAHRZIUS,capped,bg_logging,10,10
STATE_RUAKASRAVAH@map_data/state_regions/17_khhavith.txt:460,1827,STATE_RUAKASRAVAH,arable,bg_rice_farms,,bg_rice_farms
STATE_RUAKASRAVAH@map_data/state_regions/17_khhavith.txt:460,1827,STATE_RUAKASRAVAH,capped,bg_logging,10,10
STATE_KILRAGEZINAH@map_data/state_regions/17_khhavith.txt:477,1828,STATE_KILRAGEZINAH,arable,bg_rice_farms,,bg_rice_farms
STATE_KILRAGEZINAH@map_data/state_regions/17_khhavith.txt:477,1828,STATE_KILRAGEZINAH,capped,bg_logging,10,10
STATE_RAPASTANIAH@map_data/state_regions/17_khhavith.txt:494,1829,STATE_RAPASTANIAH,arable,bg_rice_farms,,bg_rice_farms
STATE_RAPASTANIAH@map_data/state_regions/17_khhavith.txt:494,1829,STATE_RAPASTANIAH,capped,bg_logging,10,10
STATE_RAIVENTANIAH@map_data/state_regions/17_khhavith.txt:511,1831,STATE_RAIVENTANIAH,arable,bg_rice_farms,,bg_rice_farms
STATE_RAIVENTANIAH@map_data/state_regions/17_khhavith.txt:511,1831,STATE_RAIVENTANIAH,capped,bg_logging,10,10
STATE_ROUDENKHRAXHIUS@map_data/state_regions/17_khhavith.txt:528,1832,STATE_ROUDENKHRAXHIUS,arable,bg_rice_farms,,bg_rice_farms
STATE_ROUDENKHRAXHIUS@map_data/state_regions/17_khhavith.txt:528,1832,STATE_ROUDENKHRAXHIUS,capped,bg_logging,10,10
STATE_RIUDANESA@map_data/state_regions/17_khhavith.txt:545,1833,STATE_RIUDANESA,arable,bg_rice_farms,,bg_rice_farms
STATE_RIUDANESA@map_data/state_regions/17_khhavith.txt:545,1833,STATE_RIUDANESA,capped,bg_logging,10,10
STATE_OPELRADENSIUS@map_data/state_regions/17_khhavith.txt:562,1834,STATE_OPELRADENSIUS,arable,bg_rice_farms,,bg_rice_farms
STATE_OPELRADENSIUS@map_data/state_regions/17_khhavith.txt:562,1834,STATE_OPELRADENSIUS,capped,bg_logging,10,10
STATE_KAENVLRADAH@map_data/state_regions/17_khhavith.txt:579,1835,STATE_KAENVLRADAH,arable,bg_rice_farms,,bg_rice_farms
STATE_KAENVLRADAH@map_data/state_regions/17_khhavith.txt:579,1835,STATE_KAENVLRADAH,capped,bg_logging,10,10
STATE_NARDENSIUS@map_data/state_regions/17_khhavith.txt:596,1836,STATE_NARDENSIUS,arable,bg_rice_farms,,bg_rice_farms
STATE_NARDENSIUS@map_data/state_regions/17_khhavith.txt:596,1836,STATE_NARDENSIUS,capped,bg_logging,10,10
STATE_PALRAKHTAH@map_data/state_regions/17_khhavith.txt:613,1837,STATE_PALRAKHTAH,arable,bg_rice_farms,,bg_rice_farms
STATE_PALRAKHTAH@map_data/state_regions/17_khhavith.txt:613,1837,STATE_PALRAKHTAH,capped,bg_logging,10,10
STATE_ZAIDELRURANTH@map_data/state_regions/17_khhavith.txt:630,1838,STATE_ZAIDELRURANTH,arable,bg_rice_farms,,bg_rice_farms
STATE_ZAIDELRURANTH@map_data/state_regions/17_khhavith.txt:630,1838,STATE_ZAIDELRURANTH,capped,bg_logging,10,10
STATE_CZAIVLRANTH@map_data/state_regions/17_khhavith.txt:647,1839,STATE_CZAIVLRANTH,arable,bg_rice_farms,,bg_rice_farms
STATE_CZAIVLRANTH@map_data/state_regions/17_khhavith.txt:647,1839,STATE_CZAIVLRANTH,capped,bg_logging,10,10
STATE_VERSTANTH@map_data/state_regions/17_khhavith.txt:664,1840,STATE_VERSTANTH,arable,bg_rice_farms,,bg_rice_farms
STATE_VERSTANTH@map_data/state_regions/17_khhavith.txt:664,1840,STATE_VERSTANTH,capped,bg_logging,10,10
STATE_AIVANRUTAH@map_data/state_regions/17_khhavith.txt:681,1841,STATE_AIVANRUTAH,arable,bg_rice_farms,,bg_rice_farms
STATE_AIVANRUTAH@map_data/state_regions/17_khhavith.txt:681,1841,STATE_AIVANRUTAH,capped,bg_logging,10,10
STATE_OIDOLRANTH@map_data/state_regions/17_khhavith.txt:698,1842,STATE_OIDOLRANTH,arable,bg_rice_farms,,bg_rice_farms
STATE_OIDOLRANTH@map_data/state_regions/17_khhavith.txt:698,1842,STATE_OIDOLRANTH,capped,bg_logging,10,10
STATE_ELRIMELRATAH@map_data/state_regions/17_khhavith.txt:715,1843,STATE_ELRIMELRATAH,arable,bg_rice_farms,,bg_rice_farms
STATE_ELRIMELRATAH@map_data/state_regions/17_khhavith.txt:715,1843,STATE_ELRIMELRATAH,capped,bg_logging,10,10
STATE_TIESLRATAH@map_data/state_regions/17_khhavith.txt:732,1844,STATE_TIESLRATAH,arable,bg_rice_farms,,bg_rice_farms
STATE_TIESLRATAH@map_data/state_regions/17_khhavith.txt:732,1844,STATE_TIESLRATAH,capped,bg_logging,10,10
STATE_SIRVELRUTAH@map_data/state_regions/17_khhavith.txt:749,1845,STATE_SIRVELRUTAH,arable,bg_rice_farms,,bg_rice_farms
STATE_SIRVELRUTAH@map_data/state_regions/17_khhavith.txt:749,1845,STATE_SIRVELRUTAH,capped,bg_logging,10,10
STATE_TESTARUTAH@map_data/state_regions/17_khhavith.txt:766,1846,STATE_TESTARUTAH,arable,bg_rice_farms,,bg_rice_farms
STATE_TESTARUTAH@map_data/state_regions/17_khhavith.txt:766,1846,STATE_TESTARUTAH,capped,bg_logging,10,10
STATE_KOVORUTAH@map_data/state_regions/17_khhavith.txt:783,1847,STATE_KOVORUTAH,arable,bg_rice_farms,,bg_rice_farms
STATE_KOVORUTAH@map_data/state_regions/17_khhavith.txt:783,1847,STATE_KOVORUTAH,capped,bg_logging,10,10
STATE_KASPOTLCZAH@map_data/state_regions/18_kyairen.txt:1,1850,STATE_KASPOTLCZAH,arable,bg_rice_farms,,bg_rice_farms
STATE_KASPOTLCZAH@map_data/state_regions/18_kyairen.txt:1,1850,STATE_KASPOTLCZAH,capped,bg_logging,10,10
STATE_ELRIARYURHDAH@map_data/state_regions/18_kyairen.txt:18,1851,STATE_ELRIARYURHDAH,arable,bg_rice_farms,,bg_rice_farms
STATE_ELRIARYURHDAH@map_data/state_regions/18_kyairen.txt:18,1851,STATE_ELRIARYURHDAH,capped,bg_logging,10,10
STATE_RULRASTANCZAH@map_data/state_regions/18_kyairen.txt:35,1852,STATE_RULRASTANCZAH,arable,bg_rice_farms,,bg_rice_farms
STATE_RULRASTANCZAH@map_data/state_regions/18_kyairen.txt:35,1852,STATE_RULRASTANCZAH,capped,bg_logging,10,10
STATE_KOSPORANTH@map_data/state_regions/18_kyairen.txt:52,1853,STATE_KOSPORANTH,arable,bg_rice_farms,,bg_rice_farms
STATE_KOSPORANTH@map_data/state_regions/18_kyairen.txt:52,1853,STATE_KOSPORANTH,capped,bg_logging,10,10
STATE_IOLRANINTH@map_data/state_regions/18_kyairen.txt:69,1854,STATE_IOLRANINTH,arable,bg_rice_farms,,bg_rice_farms
STATE_IOLRANINTH@map_data/state_regions/18_kyairen.txt:69,1854,STATE_IOLRANINTH,capped,bg_logging,10,10
STATE_PORTE_DE_AKRAXHION@map_data/state_regions/18_kyairen.txt:86,1855,STATE_PORTE_DE_AKRAXHION,arable,bg_rice_farms,,bg_rice_farms
STATE_PORTE_DE_AKRAXHION@map_data/state_regions/18_kyairen.txt:86,1855,STATE_PORTE_DE_AKRAXHION,capped,bg_logging,10,10
STATE_NILRUAVHDAH@map_data/state_regions/18_kyairen.txt:103,1856,STATE_NILRUAVHDAH,arable,bg_rice_farms,,bg_rice_farms
STATE_NILRUAVHDAH@map_data/state_regions/18_kyairen.txt:103,1856,STATE_NILRUAVHDAH,capped,bg_logging,10,10
STATE_KAIVELRODANTZ@map_data/state_regions/18_kyairen.txt:120,1857,STATE_KAIVELRODANTZ,arable,bg_rice_farms,,bg_rice_farms
STATE_KAIVELRODANTZ@map_data/state_regions/18_kyairen.txt:120,1857,STATE_KAIVELRODANTZ,capped,bg_logging,10,10
STATE_KINPHRANANXHINA@map_data/state_regions/18_kyairen.txt:137,1858,STATE_KINPHRANANXHINA,arable,bg_rice_farms,,bg_rice_farms
STATE_KINPHRANANXHINA@map_data/state_regions/18_kyairen.txt:137,1858,STATE_KINPHRANANXHINA,capped,bg_logging,10,10
STATE_NIDETENKALROXHINAN@map_data/state_regions/18_kyairen.txt:154,1859,STATE_NIDETENKALROXHINAN,arable,bg_rice_farms,,bg_rice_farms
STATE_NIDETENKALROXHINAN@map_data/state_regions/18_kyairen.txt:154,1859,STATE_NIDETENKALROXHINAN,capped,bg_logging,10,10
STATE_RUVELELHALRANTH@map_data/state_regions/18_kyairen.txt:171,1860,STATE_RUVELELHALRANTH,arable,bg_rice_farms,,bg_rice_farms
STATE_RUVELELHALRANTH@map_data/state_regions/18_kyairen.txt:171,1860,STATE_RUVELELHALRANTH,capped,bg_logging,10,10
STATE_KANTOVILREXHI@map_data/state_regions/18_kyairen.txt:188,1861,STATE_KANTOVILREXHI,arable,bg_rice_farms,,bg_rice_farms
STATE_KANTOVILREXHI@map_data/state_regions/18_kyairen.txt:188,1861,STATE_KANTOVILREXHI,capped,bg_logging,10,10
STATE_OILRASTANTH@map_data/state_regions/18_kyairen.txt:205,1862,STATE_OILRASTANTH,arable,bg_rice_farms,,bg_rice_farms
STATE_OILRASTANTH@map_data/state_regions/18_kyairen.txt:205,1862,STATE_OILRASTANTH,capped,bg_logging,10,10
STATE_RIBUNANASHI@map_data/state_regions/18_kyairen.txt:222,1863,STATE_RIBUNANASHI,arable,bg_rice_farms,,bg_rice_farms
STATE_RIBUNANASHI@map_data/state_regions/18_kyairen.txt:222,1863,STATE_RIBUNANASHI,capped,bg_logging,10,10
STATE_KURVANSK@map_data/state_regions/18_kyairen.txt:239,1864,STATE_KURVANSK,arable,bg_rice_farms,,bg_rice_farms
STATE_KURVANSK@map_data/state_regions/18_kyairen.txt:239,1864,STATE_KURVANSK,capped,bg_logging,10,10
STATE_AUPHSK@map_data/state_regions/18_kyairen.txt:256,1865,STATE_AUPHSK,arable,bg_rice_farms,,bg_rice_farms
STATE_AUPHSK@map_data/state_regions/18_kyairen.txt:256,1865,STATE_AUPHSK,capped,bg_logging,10,10
STATE_INTOTARSHIN@map_data/state_regions/18_kyairen.txt:273,1866,STATE_INTOTARSHIN,arable,bg_rice_farms,,bg_rice_farms
STATE_INTOTARSHIN@map_data/state_regions/18_kyairen.txt:273,1866,STATE_INTOTARSHIN,capped,bg_logging,10,10
STATE_SETOSILRIANUM@map_data/state_regions/18_kyairen.txt:290,1867,STATE_SETOSILRIANUM,arable,bg_rice_farms,,bg_rice_farms
STATE_SETOSILRIANUM@map_data/state_regions/18_kyairen.txt:290,1867,STATE_SETOSILRIANUM,capped,bg_logging,10,10
STATE_YULRARINIYUEM@map_data/state_regions/18_kyairen.txt:307,1868,STATE_YULRARINIYUEM,arable,bg_rice_farms,,bg_rice_farms
STATE_YULRARINIYUEM@map_data/state_regions/18_kyairen.txt:307,1868,STATE_YULRARINIYUEM,capped,bg_logging,10,10
STATE_YUSTANTIYUEM@map_data/state_regions/18_kyairen.txt:324,1869,STATE_YUSTANTIYUEM,arable,bg_rice_farms,,bg_rice_farms
STATE_YUSTANTIYUEM@map_data/state_regions/18_kyairen.txt:324,1869,STATE_YUSTANTIYUEM,capped,bg_logging,10,10
STATE_NIXIVELRANTH@map_data/state_regions/18_kyairen.txt:341,1870,STATE_NIXIVELRANTH,arable,bg_rice_farms,,bg_rice_farms
STATE_NIXIVELRANTH@map_data/state_regions/18_kyairen.txt:341,1870,STATE_NIXIVELRANTH,capped,bg_logging,10,10
STATE_RUPAPOLRANCZAH@map_data/state_regions/18_kyairen.txt:358,1871,STATE_RUPAPOLRANCZAH,arable,bg_rice_farms,,bg_rice_farms
STATE_RUPAPOLRANCZAH@map_data/state_regions/18_kyairen.txt:358,1871,STATE_RUPAPOLRANCZAH,capped,bg_logging,10,10
STATE_OSTPOLRANTH@map_data/state_regions/18_kyairen.txt:375,1872,STATE_OSTPOLRANTH,arable,bg_rice_farms,,bg_rice_farms
STATE_OSTPOLRANTH@map_data/state_regions/18_kyairen.txt:375,1872,STATE_OSTPOLRANTH,capped,bg_logging,10,10
STATE_NELREIKANTZ@map_data/state_regions/18_kyairen.txt:392,1873,STATE_NELREIKANTZ,arable,bg_rice_farms,,bg_rice_farms
STATE_NELREIKANTZ@map_data/state_regions/18_kyairen.txt:392,1873,STATE_NELREIKANTZ,capped,bg_logging,10,10
STATE_OSTSHUREIKANTH@map_data/state_regions/18_kyairen.txt:409,1874,STATE_OSTSHUREIKANTH,arable,bg_rice_farms,,bg_rice_farms
STATE_OSTSHUREIKANTH@map_data/state_regions/18_kyairen.txt:409,1874,STATE_OSTSHUREIKANTH,capped,bg_logging,10,10
STATE_NAIDELRANTZ@map_data/state_regions/18_kyairen.txt:426,1875,STATE_NAIDELRANTZ,arable,bg_rice_farms,,bg_rice_farms
STATE_NAIDELRANTZ@map_data/state_regions/18_kyairen.txt:426,1875,STATE_NAIDELRANTZ,capped,bg_logging,10,10
STATE_AISPOLROTL@map_data/state_regions/19_shyuroen.txt:1,1900,STATE_AISPOLROTL,arable,bg_rice_farms,,bg_rice_farms
STATE_AISPOLROTL@map_data/state_regions/19_shyuroen.txt:1,1900,STATE_AISPOLROTL,capped,bg_logging,10,10
STATE_YELREIVANTH@map_data/state_regions/19_shyuroen.txt:18,1901,STATE_YELREIVANTH,arable,bg_rice_farms,,bg_rice_farms
STATE_YELREIVANTH@map_data/state_regions/19_shyuroen.txt:18,1901,STATE_YELREIVANTH,capped,bg_logging,10,10
STATE_XHEILRUVANSK@map_data/state_regions/19_shyuroen.txt:35,1902,STATE_XHEILRUVANSK,arable,bg_rice_farms,,bg_rice_farms
STATE_XHEILRUVANSK@map_data/state_regions/19_shyuroen.txt:35,1902,STATE_XHEILRUVANSK,capped,bg_logging,10,10
STATE_HAILRUXHIYUEM@map_data/state_regions/19_shyuroen.txt:52,1903,STATE_HAILRUXHIYUEM,arable,bg_rice_farms,,bg_rice_farms
STATE_HAILRUXHIYUEM@map_data/state_regions/19_shyuroen.txt:52,1903,STATE_HAILRUXHIYUEM,capped,bg_logging,10,10
STATE_CZEHKARVAHN@map_data/state_regions/19_shyuroen.txt:69,1904,STATE_CZEHKARVAHN,arable,bg_rice_farms,,bg_rice_farms
STATE_CZEHKARVAHN@map_data/state_regions/19_shyuroen.txt:69,1904,STATE_CZEHKARVAHN,capped,bg_logging,10,10
STATE_ANDAILRUNIAH@map_data/state_regions/19_shyuroen.txt:86,1905,STATE_ANDAILRUNIAH,arable,bg_rice_farms,,bg_rice_farms
STATE_ANDAILRUNIAH@map_data/state_regions/19_shyuroen.txt:86,1905,STATE_ANDAILRUNIAH,capped,bg_logging,10,10
STATE_ZERVANIAH@map_data/state_regions/19_shyuroen.txt:103,1906,STATE_ZERVANIAH,arable,bg_rice_farms,,bg_rice_farms
STATE_ZERVANIAH@map_data/state_regions/19_shyuroen.txt:103,1906,STATE_ZERVANIAH,capped,bg_logging,10,10
STATE_OPOSHUROENCZAH@map_data/state_regions/19_shyuroen.txt:120,1907,STATE_OPOSHUROENCZAH,arable,bg_rice_farms,,bg_rice_farms
STATE_OPOSHUROENCZAH@map_data/state_regions/19_shyuroen.txt:120,1907,STATE_OPOSHUROENCZAH,capped,bg_logging,10,10
STATE_SOVIENDATANTH@map_data/state_regions/19_shyuroen.txt:137,1908,STATE_SOVIENDATANTH,arable,bg_rice_farms,,bg_rice_farms
STATE_SOVIENDATANTH@map_data/state_regions/19_shyuroen.txt:137,1908,STATE_SOVIENDATANTH,capped,bg_logging,10,10
STATE_ZERCZELRAVIAH@map_data/state_regions/19_shyuroen.txt:154,1909,STATE_ZERCZELRAVIAH,arable,bg_rice_farms,,bg_rice_farms
STATE_ZERCZELRAVIAH@map_data/state_regions/19_shyuroen.txt:154,1909,STATE_ZERCZELRAVIAH,capped,bg_logging,10,10
STATE_NYUOLRIVANTZ@map_data/state_regions/19_shyuroen.txt:171,1910,STATE_NYUOLRIVANTZ,arable,bg_rice_farms,,bg_rice_farms
STATE_NYUOLRIVANTZ@map_data/state_regions/19_shyuroen.txt:171,1910,STATE_NYUOLRIVANTZ,capped,bg_logging,10,10
STATE_PELRIATZ@map_data/state_regions/19_shyuroen.txt:188,1911,STATE_PELRIATZ,arable,bg_rice_farms,,bg_rice_farms
STATE_PELRIATZ@map_data/state_regions/19_shyuroen.txt:188,1911,STATE_PELRIATZ,capped,bg_logging,10,10
STATE_NORTENXHIYUEM@map_data/state_regions/19_shyuroen.txt:205,1912,STATE_NORTENXHIYUEM,arable,bg_rice_farms,,bg_rice_farms
STATE_NORTENXHIYUEM@map_data/state_regions/19_shyuroen.txt:205,1912,STATE_NORTENXHIYUEM,capped,bg_logging,10,10
STATE_VESTSHUROKANCZAH@map_data/state_regions/19_shyuroen.txt:222,1913,STATE_VESTSHUROKANCZAH,arable,bg_rice_farms,,bg_rice_farms
STATE_VESTSHUROKANCZAH@map_data/state_regions/19_shyuroen.txt:222,1913,STATE_VESTSHUROKANCZAH,capped,bg_logging,10,10
STATE_DEXHRANTHKA@map_data/state_regions/19_shyuroen.txt:239,1914,STATE_DEXHRANTHKA,arable,bg_rice_farms,,bg_rice_farms
STATE_DEXHRANTHKA@map_data/state_regions/19_shyuroen.txt:239,1914,STATE_DEXHRANTHKA,capped,bg_logging,10,10
STATE_SAIROLRUHNTA@map_data/state_regions/19_shyuroen.txt:256,1915,STATE_SAIROLRUHNTA,arable,bg_rice_farms,,bg_rice_farms
STATE_SAIROLRUHNTA@map_data/state_regions/19_shyuroen.txt:256,1915,STATE_SAIROLRUHNTA,capped,bg_logging,10,10
STATE_ENDELRASHUREIKANTH@map_data/state_regions/19_shyuroen.txt:273,1916,STATE_ENDELRASHUREIKANTH,arable,bg_rice_farms,,bg_rice_farms
STATE_ENDELRASHUREIKANTH@map_data/state_regions/19_shyuroen.txt:273,1916,STATE_ENDELRASHUREIKANTH,capped,bg_logging,10,10
STATE_MAILRUTANTH@map_data/state_regions/19_shyuroen.txt:290,1917,STATE_MAILRUTANTH,arable,bg_rice_farms,,bg_rice_farms
STATE_MAILRUTANTH@map_data/state_regions/19_shyuroen.txt:290,1917,STATE_MAILRUTANTH,capped,bg_logging,10,10
STATE_GERMALRINTH@map_data/state_regions/19_shyuroen.txt:307,1918,STATE_GERMALRINTH,arable,bg_rice_farms,,bg_rice_farms
STATE_GERMALRINTH@map_data/state_regions/19_shyuroen.txt:307,1918,STATE_GERMALRINTH,capped,bg_logging,10,10
STATE_RUXHELRANIAH@map_data/state_regions/19_shyuroen.txt:324,1919,STATE_RUXHELRANIAH,arable,bg_rice_farms,,bg_rice_farms
STATE_RUXHELRANIAH@map_data/state_regions/19_shyuroen.txt:324,1919,STATE_RUXHELRANIAH,capped,bg_logging,10,10
STATE_NIRELRIANCZAL@map_data/state_regions/19_shyuroen.txt:341,1920,STATE_NIRELRIANCZAL,arable,bg_rice_farms,,bg_rice_farms
STATE_NIRELRIANCZAL@map_data/state_regions/19_shyuroen.txt:341,1920,STATE_NIRELRIANCZAL,capped,bg_logging,10,10
STATE_ELRESTINVERKH@map_data/state_regions/19_shyuroen.txt:358,1921,STATE_ELRESTINVERKH,arable,bg_rice_farms,,bg_rice_farms
STATE_ELRESTINVERKH@map_data/state_regions/19_shyuroen.txt:358,1921,STATE_ELRESTINVERKH,capped,bg_logging,10,10
STATE_KARVIHASHI@map_data/state_regions/19_shyuroen.txt:375,1922,STATE_KARVIHASHI,arable,bg_rice_farms,,bg_rice_farms
STATE_KARVIHASHI@map_data/state_regions/19_shyuroen.txt:375,1922,STATE_KARVIHASHI,capped,bg_logging,10,10
STATE_DOSTOYENDAVISHI@map_data/state_regions/19_shyuroen.txt:392,1923,STATE_DOSTOYENDAVISHI,arable,bg_rice_farms,,bg_rice_farms
STATE_DOSTOYENDAVISHI@map_data/state_regions/19_shyuroen.txt:392,1923,STATE_DOSTOYENDAVISHI,capped,bg_logging,10,10
STATE_HAIENDELRAKANTH@map_data/state_regions/19_shyuroen.txt:409,1924,STATE_HAIENDELRAKANTH,arable,bg_rice_farms,,bg_rice_farms
STATE_HAIENDELRAKANTH@map_data/state_regions/19_shyuroen.txt:409,1924,STATE_HAIENDELRAKANTH,capped,bg_logging,10,10
STATE_NURVANDEARKA@map_data/state_regions/19_shyuroen.txt:426,1925,STATE_NURVANDEARKA,arable,bg_rice_farms,,bg_rice_farms
STATE_NURVANDEARKA@map_data/state_regions/19_shyuroen.txt:426,1925,STATE_NURVANDEARKA,capped,bg_logging,10,10
STATE_SAIDELRANIOTS@map_data/state_regions/19_shyuroen.txt:443,1926,STATE_SAIDELRANIOTS,arable,bg_rice_farms,,bg_rice_farms
STATE_SAIDELRANIOTS@map_data/state_regions/19_shyuroen.txt:443,1926,STATE_SAIDELRANIOTS,capped,bg_logging,10,10
STATE_PAIFALRANTA@map_data/state_regions/19_shyuroen.txt:460,1927,STATE_PAIFALRANTA,arable,bg_rice_farms,,bg_rice_farms
STATE_PAIFALRANTA@map_data/state_regions/19_shyuroen.txt:460,1927,STATE_PAIFALRANTA,capped,bg_logging,10,10
STATE_RAHADENSUS@map_data/state_regions/19_shyuroen.txt:477,1928,STATE_RAHADENSUS,arable,bg_rice_farms,,bg_rice_farms
STATE_RAHADENSUS@map_data/state_regions/19_shyuroen.txt:477,1928,STATE_RAHADENSUS,capped,bg_logging,10,10
STATE_ILKASUS@map_data/state_regions/19_shyuroen.txt:494,1929,STATE_ILKASUS,arable,bg_rice_farms,,bg_rice_farms
STATE_ILKASUS@map_data/state_regions/19_shyuroen.txt:494,1929,STATE_ILKASUS,capped,bg_logging,10,10
STATE_KUPHSHALTZ@map_data/state_regions/19_shyuroen.txt:511,1930,STATE_KUPHSHALTZ,arable,bg_rice_farms,,bg_rice_farms
STATE_KUPHSHALTZ@map_data/state_regions/19_shyuroen.txt:511,1930,STATE_KUPHSHALTZ,capped,bg_logging,10,10
STATE_RAIDALRANTZ@map_data/state_regions/19_shyuroen.txt:528,1931,STATE_RAIDALRANTZ,arable,bg_rice_farms,,bg_rice_farms
STATE_RAIDALRANTZ@map_data/state_regions/19_shyuroen.txt:528,1931,STATE_RAIDALRANTZ,capped,bg_logging,10,10
STATE_KIPOSTORENTH@map_data/state_regions/19_shyuroen.txt:545,1932,STATE_KIPOSTORENTH,arable,bg_rice_farms,,bg_rice_farms
STATE_KIPOSTORENTH@map_data/state_regions/19_shyuroen.txt:545,1932,STATE_KIPOSTORENTH,capped,bg_logging,10,10
STATE_NAIDETENHARTZ@map_data/state_regions/19_shyuroen.txt:562,1933,STATE_NAIDETENHARTZ,arable,bg_rice_farms,,bg_rice_farms
STATE_NAIDETENHARTZ@map_data/state_regions/19_shyuroen.txt:562,1933,STATE_NAIDETENHARTZ,capped,bg_logging,10,10
STATE_ENSTADORH@map_data/state_regions/19_shyuroen.txt:579,1934,STATE_ENSTADORH,arable,bg_rice_farms,,bg_rice_farms
STATE_ENSTADORH@map_data/state_regions/19_shyuroen.txt:579,1934,STATE_ENSTADORH,capped,bg_logging,10,10
STATE_KOPRHANS@map_data/state_regions/19_shyuroen.txt:596,1935,STATE_KOPRHANS,arable,bg_rice_farms,,bg_rice_farms
STATE_KOPRHANS@map_data/state_regions/19_shyuroen.txt:596,1935,STATE_KOPRHANS,capped,bg_logging,10,10
STATE_ROPHSKU@map_data/state_regions/19_shyuroen.txt:613,1936,STATE_ROPHSKU,arable,bg_rice_farms,,bg_rice_farms
STATE_ROPHSKU@map_data/state_regions/19_shyuroen.txt:613,1936,STATE_ROPHSKU,capped,bg_logging,10,10
STATE_KONSPALRATIYUEM@map_data/state_regions/19_shyuroen.txt:630,1937,STATE_KONSPALRATIYUEM,arable,bg_rice_farms,,bg_rice_farms
STATE_KONSPALRATIYUEM@map_data/state_regions/19_shyuroen.txt:630,1937,STATE_KONSPALRATIYUEM,capped,bg_logging,10,10
STATE_AILRUUENTH@map_data/state_regions/19_shyuroen.txt:647,1938,STATE_AILRUUENTH,arable,bg_rice_farms,,bg_rice_farms
STATE_AILRUUENTH@map_data/state_regions/19_shyuroen.txt:647,1938,STATE_AILRUUENTH,capped,bg_logging,10,10
STATE_AUSHELRAPENTH@map_data/state_regions/19_shyuroen.txt:664,1939,STATE_AUSHELRAPENTH,arable,bg_rice_farms,,bg_rice_farms
STATE_AUSHELRAPENTH@map_data/state_regions/19_shyuroen.txt:664,1939,STATE_AUSHELRAPENTH,capped,bg_logging,10,10
STATE_SHUSTANTIYUEM@map_data/state_regions/19_shyuroen.txt:681,1940,STATE_SHUSTANTIYUEM,arable,bg_rice_farms,,bg_rice_farms
STATE_SHUSTANTIYUEM@map_data/state_regions/19_shyuroen.txt:681,1940,STATE_SHUSTANTIYUEM,capped,bg_logging,10,10
STATE_KANTAVELRANTH@map_data/state_regions/19_shyuroen.txt:698,1941,STATE_KANTAVELRANTH,arable,bg_rice_farms,,bg_rice_farms
STATE_KANTAVELRANTH@map_data/state_regions/19_shyuroen.txt:698,1941,STATE_KANTAVELRANTH,capped,bg_logging,10,10
STATE_ZAFIANHELRAFANTH@map_data/state_regions/19_shyuroen.txt:715,1942,STATE_ZAFIANHELRAFANTH,arable,bg_rice_farms,,bg_rice_farms
STATE_ZAFIANHELRAFANTH@map_data/state_regions/19_shyuroen.txt:715,1942,STATE_ZAFIANHELRAFANTH,capped,bg_logging,10,10
STATE_OSTHELRAFANTH@map_data/state_regions/19_shyuroen.txt:732,1943,STATE_OSTHELRAFANTH,arable,bg_rice_farms,,bg_rice_farms
STATE_OSTHELRAFANTH@map_data/state_regions/19_shyuroen.txt:732,1943,STATE_OSTHELRAFANTH,capped,bg_logging,10,10
STATE_STAINANTUTH@map_data/state_regions/19_shyuroen.txt:749,1944,STATE_STAINANTUTH,arable,bg_rice_farms,,bg_rice_farms
STATE_STAINANTUTH@map_data/state_regions/19_shyuroen.txt:749,1944,STATE_STAINANTUTH,capped,bg_logging,10,10
STATE_ROPHTOENCZAH@map_data/state_regions/19_shyuroen.txt:766,1945,STATE_ROPHTOENCZAH,arable,bg_rice_farms,,bg_rice_farms
STATE_ROPHTOENCZAH@map_data/state_regions/19_shyuroen.txt:766,1945,STATE_ROPHTOENCZAH,capped,bg_logging,10,10
STATE_INSTOEMTANTH@map_data/state_regions/19_shyuroen.txt:783,1946,STATE_INSTOEMTANTH,arable,bg_rice_farms,,bg_rice_farms
STATE_INSTOEMTANTH@map_data/state_regions/19_shyuroen.txt:783,1946,STATE_INSTOEMTANTH,capped,bg_logging,10,10
STATE_OVELRANANTH@map_data/state_regions/19_shyuroen.txt:800,1947,STATE_OVELRANANTH,arable,bg_rice_farms,,bg_rice_farms
STATE_OVELRANANTH@map_data/state_regions/19_shyuroen.txt:800,1947,STATE_OVELRANANTH,capped,bg_logging,10,10
STATE_KIVELRAHASHI@map_data/state_regions/19_shyuroen.txt:817,1948,STATE_KIVELRAHASHI,arable,bg_rice_farms,,bg_rice_farms
STATE_KIVELRAHASHI@map_data/state_regions/19_shyuroen.txt:817,1948,STATE_KIVELRAHASHI,capped,bg_logging,10,10
STATE_SEARILDENANTH@map_data/state_regions/19_shyuroen.txt:834,1949,STATE_SEARILDENANTH,arable,bg_rice_farms,,bg_rice_farms
STATE_SEARILDENANTH@map_data/state_regions/19_shyuroen.txt:834,1949,STATE_SEARILDENANTH,capped,bg_logging,10,10
STATE_KELRUVAINHASHI@map_data/state_regions/19_shyuroen.txt:851,1950,STATE_KELRUVAINHASHI,arable,bg_rice_farms,,bg_rice_farms
STATE_KELRUVAINHASHI@map_data/state_regions/19_shyuroen.txt:851,1950,STATE_KELRUVAINHASHI,capped,bg_logging,10,10
STATE_NAISTALRAHM@map_data/state_regions/19_shyuroen.txt:868,1951,STATE_NAISTALRAHM,arable,bg_rice_farms,,bg_rice_farms
STATE_NAISTALRAHM@map_data/state_regions/19_shyuroen.txt:868,1951,STATE_NAISTALRAHM,capped,bg_logging,10,10
STATE_SORSTAMTH@map_data/state_regions/19_shyuroen.txt:885,1952,STATE_SORSTAMTH,arable,bg_rice_farms,,bg_rice_farms
STATE_SORSTAMTH@map_data/state_regions/19_shyuroen.txt:885,1952,STATE_SORSTAMTH,capped,bg_logging,10,10
STATE_ONDORELRIXHIYUEM@map_data/state_regions/19_shyuroen.txt:902,1953,STATE_ONDORELRIXHIYUEM,arable,bg_rice_farms,,bg_rice_farms
STATE_ONDORELRIXHIYUEM@map_data/state_regions/19_shyuroen.txt:902,1953,STATE_ONDORELRIXHIYUEM,capped,bg_logging,10,10
STATE_KAVOTAHASHI@map_data/state_regions/19_shyuroen.txt:919,1954,STATE_KAVOTAHASHI,arable,bg_rice_farms,,bg_rice_farms
STATE_KAVOTAHASHI@map_data/state_regions/19_shyuroen.txt:919,1954,STATE_KAVOTAHASHI,capped,bg_logging,10,10
STATE_AINDARHXHIYUEM@map_data/state_regions/19_shyuroen.txt:936,1955,STATE_AINDARHXHIYUEM,arable,bg_rice_farms,,bg_rice_farms
STATE_AINDARHXHIYUEM@map_data/state_regions/19_shyuroen.txt:936,1955,STATE_AINDARHXHIYUEM,capped,bg_logging,10,10
STATE_OLRORADONAHASHI@map_data/state_regions/19_shyuroen.txt:953,1956,STATE_OLRORADONAHASHI,arable,bg_rice_farms,,bg_rice_farms
STATE_OLRORADONAHASHI@map_data/state_regions/19_shyuroen.txt:953,1956,STATE_OLRORADONAHASHI,capped,bg_logging,10,10
STATE_PORTE_DE_ARKAXHIUS@map_data/state_regions/19_shyuroen.txt:970,1957,STATE_PORTE_DE_ARKAXHIUS,arable,bg_rice_farms,,bg_rice_farms
STATE_PORTE_DE_ARKAXHIUS@map_data/state_regions/19_shyuroen.txt:970,1957,STATE_PORTE_DE_ARKAXHIUS,capped,bg_logging,10,10
STATE_EASATAH@map_data/state_regions/20_karyuenderh.txt:1,2000,STATE_EASATAH,arable,bg_rice_farms,,bg_rice_farms
STATE_EASATAH@map_data/state_regions/20_karyuenderh.txt:1,2000,STATE_EASATAH,capped,bg_logging,10,10
STATE_MHULRATAH@map_data/state_regions/20_karyuenderh.txt:18,2001,STATE_MHULRATAH,arable,bg_rice_farms,,bg_rice_farms
STATE_MHULRATAH@map_data/state_regions/20_karyuenderh.txt:18,2001,STATE_MHULRATAH,capped,bg_logging,10,10
STATE_USAKOTAH@map_data/state_regions/20_karyuenderh.txt:35,2002,STATE_USAKOTAH,arable,bg_rice_farms,,bg_rice_farms
STATE_USAKOTAH@map_data/state_regions/20_karyuenderh.txt:35,2002,STATE_USAKOTAH,capped,bg_logging,10,10
STATE_KIVELRUTAH@map_data/state_regions/20_karyuenderh.txt:52,2003,STATE_KIVELRUTAH,arable,bg_rice_farms,,bg_rice_farms
STATE_KIVELRUTAH@map_data/state_regions/20_karyuenderh.txt:52,2003,STATE_KIVELRUTAH,capped,bg_logging,10,10
STATE_KIPHRULRU@map_data/state_regions/20_karyuenderh.txt:69,2004,STATE_KIPHRULRU,arable,bg_rice_farms,,bg_rice_farms
STATE_KIPHRULRU@map_data/state_regions/20_karyuenderh.txt:69,2004,STATE_KIPHRULRU,capped,bg_logging,10,10
STATE_IORELTAH@map_data/state_regions/20_karyuenderh.txt:86,2005,STATE_IORELTAH,arable,bg_rice_farms,,bg_rice_farms
STATE_IORELTAH@map_data/state_regions/20_karyuenderh.txt:86,2005,STATE_IORELTAH,capped,bg_logging,10,10
STATE_VAIODOL@map_data/state_regions/20_karyuenderh.txt:103,2006,STATE_VAIODOL,arable,bg_rice_farms,,bg_rice_farms
STATE_VAIODOL@map_data/state_regions/20_karyuenderh.txt:103,2006,STATE_VAIODOL,capped,bg_logging,10,10
STATE_NARVELTAH@map_data/state_regions/20_karyuenderh.txt:120,2007,STATE_NARVELTAH,arable,bg_rice_farms,,bg_rice_farms
STATE_NARVELTAH@map_data/state_regions/20_karyuenderh.txt:120,2007,STATE_NARVELTAH,capped,bg_logging,10,10
STATE_ZARTANRUTAH@map_data/state_regions/20_karyuenderh.txt:137,2008,STATE_ZARTANRUTAH,arable,bg_rice_farms,,bg_rice_farms
STATE_ZARTANRUTAH@map_data/state_regions/20_karyuenderh.txt:137,2008,STATE_ZARTANRUTAH,capped,bg_logging,10,10
STATE_ENVOIDARH@map_data/state_regions/20_karyuenderh.txt:154,2009,STATE_ENVOIDARH,arable,bg_rice_farms,,bg_rice_farms
STATE_ENVOIDARH@map_data/state_regions/20_karyuenderh.txt:154,2009,STATE_ENVOIDARH,capped,bg_logging,10,10
STATE_YURKEVAHA@map_data/state_regions/20_karyuenderh.txt:171,2010,STATE_YURKEVAHA,arable,bg_rice_farms,,bg_rice_farms
STATE_YURKEVAHA@map_data/state_regions/20_karyuenderh.txt:171,2010,STATE_YURKEVAHA,capped,bg_logging,10,10
STATE_RAIHANSKANTZ@map_data/state_regions/20_karyuenderh.txt:188,2011,STATE_RAIHANSKANTZ,arable,bg_rice_farms,,bg_rice_farms
STATE_RAIHANSKANTZ@map_data/state_regions/20_karyuenderh.txt:188,2011,STATE_RAIHANSKANTZ,capped,bg_logging,10,10
STATE_RITOPHCZELRANTH@map_data/state_regions/20_karyuenderh.txt:205,2012,STATE_RITOPHCZELRANTH,arable,bg_rice_farms,,bg_rice_farms
STATE_RITOPHCZELRANTH@map_data/state_regions/20_karyuenderh.txt:205,2012,STATE_RITOPHCZELRANTH,capped,bg_logging,10,10
STATE_RAIMAKANTAH@map_data/state_regions/20_karyuenderh.txt:222,2013,STATE_RAIMAKANTAH,arable,bg_rice_farms,,bg_rice_farms
STATE_RAIMAKANTAH@map_data/state_regions/20_karyuenderh.txt:222,2013,STATE_RAIMAKANTAH,capped,bg_logging,10,10
STATE_RINTODEMONTA@map_data/state_regions/20_karyuenderh.txt:239,2014,STATE_RINTODEMONTA,arable,bg_rice_farms,,bg_rice_farms
STATE_RINTODEMONTA@map_data/state_regions/20_karyuenderh.txt:239,2014,STATE_RINTODEMONTA,capped,bg_logging,10,10
STATE_OSTEMONTA@map_data/state_regions/20_karyuenderh.txt:256,2015,STATE_OSTEMONTA,arable,bg_rice_farms,,bg_rice_farms
STATE_OSTEMONTA@map_data/state_regions/20_karyuenderh.txt:256,2015,STATE_OSTEMONTA,capped,bg_logging,10,10
STATE_KINTARIVLRANUS@map_data/state_regions/20_karyuenderh.txt:273,2016,STATE_KINTARIVLRANUS,arable,bg_rice_farms,,bg_rice_farms
STATE_KINTARIVLRANUS@map_data/state_regions/20_karyuenderh.txt:273,2016,STATE_KINTARIVLRANUS,capped,bg_logging,10,10
STATE_NOVOELRUNYACZAH@map_data/state_regions/20_karyuenderh.txt:290,2017,STATE_NOVOELRUNYACZAH,arable,bg_rice_farms,,bg_rice_farms
STATE_NOVOELRUNYACZAH@map_data/state_regions/20_karyuenderh.txt:290,2017,STATE_NOVOELRUNYACZAH,capped,bg_logging,10,10
STATE_CASA_DE_REVLRANCZAH@map_data/state_regions/20_karyuenderh.txt:307,2018,STATE_CASA_DE_REVLRANCZAH,arable,bg_rice_farms,,bg_rice_farms
STATE_CASA_DE_REVLRANCZAH@map_data/state_regions/20_karyuenderh.txt:307,2018,STATE_CASA_DE_REVLRANCZAH,capped,bg_logging,10,10
STATE_RUSTELRAVANTH@map_data/state_regions/20_karyuenderh.txt:324,2019,STATE_RUSTELRAVANTH,arable,bg_rice_farms,,bg_rice_farms
STATE_RUSTELRAVANTH@map_data/state_regions/20_karyuenderh.txt:324,2019,STATE_RUSTELRAVANTH,capped,bg_logging,10,10
STATE_RUHASPENTATZ@map_data/state_regions/20_karyuenderh.txt:341,2020,STATE_RUHASPENTATZ,arable,bg_rice_farms,,bg_rice_farms
STATE_RUHASPENTATZ@map_data/state_regions/20_karyuenderh.txt:341,2020,STATE_RUHASPENTATZ,capped,bg_logging,10,10
STATE_OSTAN_KARYUENDELRHATANIAH@map_data/state_regions/20_karyuenderh.txt:358,2021,STATE_OSTAN_KARYUENDELRHATANIAH,arable,bg_rice_farms,,bg_rice_farms
STATE_OSTAN_KARYUENDELRHATANIAH@map_data/state_regions/20_karyuenderh.txt:358,2021,STATE_OSTAN_KARYUENDELRHATANIAH,capped,bg_logging,10,10
STATE_RUVNAMAYES@map_data/state_regions/20_karyuenderh.txt:375,2022,STATE_RUVNAMAYES,arable,bg_rice_farms,,bg_rice_farms
STATE_RUVNAMAYES@map_data/state_regions/20_karyuenderh.txt:375,2022,STATE_RUVNAMAYES,capped,bg_logging,10,10
STATE_VARZANEYETZ@map_data/state_regions/20_karyuenderh.txt:392,2023,STATE_VARZANEYETZ,arable,bg_rice_farms,,bg_rice_farms
STATE_VARZANEYETZ@map_data/state_regions/20_karyuenderh.txt:392,2023,STATE_VARZANEYETZ,capped,bg_logging,10,10
STATE_XHAIVELVAHAN@map_data/state_regions/20_karyuenderh.txt:409,2024,STATE_XHAIVELVAHAN,arable,bg_rice_farms,,bg_rice_farms
STATE_XHAIVELVAHAN@map_data/state_regions/20_karyuenderh.txt:409,2024,STATE_XHAIVELVAHAN,capped,bg_logging,10,10
STATE_ZORDENVIKH@map_data/state_regions/20_karyuenderh.txt:426,2025,STATE_ZORDENVIKH,arable,bg_rice_farms,,bg_rice_farms
STATE_ZORDENVIKH@map_data/state_regions/20_karyuenderh.txt:426,2025,STATE_ZORDENVIKH,capped,bg_logging,10,10
STATE_KUVLRAJYAEL@map_data/state_regions/20_karyuenderh.txt:443,2026,STATE_KUVLRAJYAEL,arable,bg_rice_farms,,bg_rice_farms
STATE_KUVLRAJYAEL@map_data/state_regions/20_karyuenderh.txt:443,2026,STATE_KUVLRAJYAEL,capped,bg_logging,10,10
STATE_INDORJYAEL@map_data/state_regions/20_karyuenderh.txt:460,2027,STATE_INDORJYAEL,arable,bg_rice_farms,,bg_rice_farms
STATE_INDORJYAEL@map_data/state_regions/20_karyuenderh.txt:460,2027,STATE_INDORJYAEL,capped,bg_logging,10,10
STATE_KABASIAEL@map_data/state_regions/20_karyuenderh.txt:477,2028,STATE_KABASIAEL,arable,bg_rice_farms,,bg_rice_farms
STATE_KABASIAEL@map_data/state_regions/20_karyuenderh.txt:477,2028,STATE_KABASIAEL,capped,bg_logging,10,10
STATE_HENDOSHI@map_data/state_regions/20_karyuenderh.txt:494,2029,STATE_HENDOSHI,arable,bg_rice_farms,,bg_rice_farms
STATE_HENDOSHI@map_data/state_regions/20_karyuenderh.txt:494,2029,STATE_HENDOSHI,capped,bg_logging,10,10
STATE_RAIHADONEL@map_data/state_regions/20_karyuenderh.txt:511,2030,STATE_RAIHADONEL,arable,bg_rice_farms,,bg_rice_farms
STATE_RAIHADONEL@map_data/state_regions/20_karyuenderh.txt:511,2030,STATE_RAIHADONEL,capped,bg_logging,10,10
STATE_SHULRANDONEL@map_data/state_regions/20_karyuenderh.txt:528,2031,STATE_SHULRANDONEL,arable,bg_rice_farms,,bg_rice_farms
STATE_SHULRANDONEL@map_data/state_regions/20_karyuenderh.txt:528,2031,STATE_SHULRANDONEL,capped,bg_logging,10,10
STATE_KIPHSTU@map_data/state_regions/20_karyuenderh.txt:545,2032,STATE_KIPHSTU,arable,bg_rice_farms,,bg_rice_farms
STATE_KIPHSTU@map_data/state_regions/20_karyuenderh.txt:545,2032,STATE_KIPHSTU,capped,bg_logging,10,10
STATE_RIVRAJYAEL@map_data/state_regions/20_karyuenderh.txt:562,2033,STATE_RIVRAJYAEL,arable,bg_rice_farms,,bg_rice_farms
STATE_RIVRAJYAEL@map_data/state_regions/20_karyuenderh.txt:562,2033,STATE_RIVRAJYAEL,capped,bg_logging,10,10
STATE_IVAROSAN@map_data/state_regions/20_karyuenderh.txt:579,2034,STATE_IVAROSAN,arable,bg_rice_farms,,bg_rice_farms
STATE_IVAROSAN@map_data/state_regions/20_karyuenderh.txt:579,2034,STATE_IVAROSAN,capped,bg_logging,10,10
STATE_KOSTANSJYAEL@map_data/state_regions/20_karyuenderh.txt:596,2035,STATE_KOSTANSJYAEL,arable,bg_rice_farms,,bg_rice_farms
STATE_KOSTANSJYAEL@map_data/state_regions/20_karyuenderh.txt:596,2035,STATE_KOSTANSJYAEL,capped,bg_logging,10,10
STATE_AHALRASIYA@map_data/state_regions/20_karyuenderh.txt:613,2036,STATE_AHALRASIYA,arable,bg_rice_farms,,bg_rice_farms
STATE_AHALRASIYA@map_data/state_regions/20_karyuenderh.txt:613,2036,STATE_AHALRASIYA,capped,bg_logging,10,10
STATE_NARDETENSIYA@map_data/state_regions/20_karyuenderh.txt:630,2037,STATE_NARDETENSIYA,arable,bg_rice_farms,,bg_rice_farms
STATE_NARDETENSIYA@map_data/state_regions/20_karyuenderh.txt:630,2037,STATE_NARDETENSIYA,capped,bg_logging,10,10
STATE_SAITONTASIYA@map_data/state_regions/20_karyuenderh.txt:647,2038,STATE_SAITONTASIYA,arable,bg_rice_farms,,bg_rice_farms
STATE_SAITONTASIYA@map_data/state_regions/20_karyuenderh.txt:647,2038,STATE_SAITONTASIYA,capped,bg_logging,10,10
STATE_HETENXHAGA@map_data/state_regions/20_karyuenderh.txt:664,2039,STATE_HETENXHAGA,arable,bg_rice_farms,,bg_rice_farms
STATE_HETENXHAGA@map_data/state_regions/20_karyuenderh.txt:664,2039,STATE_HETENXHAGA,capped,bg_logging,10,10
STATE_PORTE_LA_CASA_DE_OVIENDERLRANTH@map_data/state_regions/20_karyuenderh.txt:681,2040,STATE_PORTE_LA_CASA_DE_OVIENDERLRANTH,arable,bg_rice_farms,,bg_rice_farms
STATE_PORTE_LA_CASA_DE_OVIENDERLRANTH@map_data/state_regions/20_karyuenderh.txt:681,2040,STATE_PORTE_LA_CASA_DE_OVIENDERLRANTH,capped,bg_logging,10,10
STATE_NAILRUVAGA@map_data/state_regions/20_karyuenderh.txt:698,2041,STATE_NAILRUVAGA,arable,bg_rice_farms,,bg_rice_farms
STATE_NAILRUVAGA@map_data/state_regions/20_karyuenderh.txt:698,2041,STATE_NAILRUVAGA,capped,bg_logging,10,10
STATE_KASLRAVAGA@map_data/state_regions/20_karyuenderh.txt:715,2042,STATE_KASLRAVAGA,arable,bg_rice_farms,,bg_rice_farms
STATE_KASLRAVAGA@map_data/state_regions/20_karyuenderh.txt:715,2042,STATE_KASLRAVAGA,capped,bg_logging,10,10
STATE_CASA_DE_RUVANYA@map_data/state_regions/20_karyuenderh.txt:732,2043,STATE_CASA_DE_RUVANYA,arable,bg_rice_farms,,bg_rice_farms
STATE_CASA_DE_RUVANYA@map_data/state_regions/20_karyuenderh.txt:732,2043,STATE_CASA_DE_RUVANYA,capped,bg_logging,10,10
STATE_PORTU_DE_RIVLRANTH@map_data/state_regions/20_karyuenderh.txt:749,2044,STATE_PORTU_DE_RIVLRANTH,arable,bg_rice_farms,,bg_rice_farms
STATE_PORTU_DE_RIVLRANTH@map_data/state_regions/20_karyuenderh.txt:749,2044,STATE_PORTU_DE_RIVLRANTH,capped,bg_logging,10,10
STATE_SISTANIANTH@map_data/state_regions/20_karyuenderh.txt:766,2045,STATE_SISTANIANTH,arable,bg_rice_farms,,bg_rice_farms
STATE_SISTANIANTH@map_data/state_regions/20_karyuenderh.txt:766,2045,STATE_SISTANIANTH,capped,bg_logging,10,10
STATE_INTALRUKA@map_data/state_regions/20_karyuenderh.txt:783,2046,STATE_INTALRUKA,arable,bg_rice_farms,,bg_rice_farms
STATE_INTALRUKA@map_data/state_regions/20_karyuenderh.txt:783,2046,STATE_INTALRUKA,capped,bg_logging,10,10
STATE_KAMPALRAZIA@map_data/state_regions/20_karyuenderh.txt:800,2047,STATE_KAMPALRAZIA,arable,bg_rice_farms,,bg_rice_farms
STATE_KAMPALRAZIA@map_data/state_regions/20_karyuenderh.txt:800,2047,STATE_KAMPALRAZIA,capped,bg_logging,10,10
STATE_YURASIUS@map_data/state_regions/20_karyuenderh.txt:817,2048,STATE_YURASIUS,arable,bg_rice_farms,,bg_rice_farms
STATE_YURASIUS@map_data/state_regions/20_karyuenderh.txt:817,2048,STATE_YURASIUS,capped,bg_logging,10,10
STATE_ZEILRUDANIAH@map_data/state_regions/20_karyuenderh.txt:834,2049,STATE_ZEILRUDANIAH,arable,bg_rice_farms,,bg_rice_farms
STATE_ZEILRUDANIAH@map_data/state_regions/20_karyuenderh.txt:834,2049,STATE_ZEILRUDANIAH,capped,bg_logging,10,10
STATE_IKILRONTANTANIAH@map_data/state_regions/20_karyuenderh.txt:851,2050,STATE_IKILRONTANTANIAH,arable,bg_rice_farms,,bg_rice_farms
STATE_IKILRONTANTANIAH@map_data/state_regions/20_karyuenderh.txt:851,2050,STATE_IKILRONTANTANIAH,capped,bg_logging,10,10
STATE_NARVANXHESL@map_data/state_regions/20_karyuenderh.txt:868,2051,STATE_NARVANXHESL,arable,bg_rice_farms,,bg_rice_farms
STATE_NARVANXHESL@map_data/state_regions/20_karyuenderh.txt:868,2051,STATE_NARVANXHESL,capped,bg_logging,10,10
STATE_NUVELRON_KAIRONIAH@map_data/state_regions/20_karyuenderh.txt:885,2052,STATE_NUVELRON_KAIRONIAH,arable,bg_rice_farms,,bg_rice_farms
STATE_NUVELRON_KAIRONIAH@map_data/state_regions/20_karyuenderh.txt:885,2052,STATE_NUVELRON_KAIRONIAH,capped,bg_logging,10,10
STATE_KASIOLRANDE@map_data/state_regions/20_karyuenderh.txt:902,2053,STATE_KASIOLRANDE,arable,bg_rice_farms,,bg_rice_farms
STATE_KASIOLRANDE@map_data/state_regions/20_karyuenderh.txt:902,2053,STATE_KASIOLRANDE,capped,bg_logging,10,10
STATE_NORENYARGA@map_data/state_regions/20_karyuenderh.txt:919,2054,STATE_NORENYARGA,arable,bg_rice_farms,,bg_rice_farms
STATE_NORENYARGA@map_data/state_regions/20_karyuenderh.txt:919,2054,STATE_NORENYARGA,capped,bg_logging,10,10
STATE_RAVARHDANTHCZAH@map_data/state_regions/20_karyuenderh.txt:936,2055,STATE_RAVARHDANTHCZAH,arable,bg_rice_farms,,bg_rice_farms
STATE_RAVARHDANTHCZAH@map_data/state_regions/20_karyuenderh.txt:936,2055,STATE_RAVARHDANTHCZAH,capped,bg_logging,10,10
STATE_SOVDANVERKAN@map_data/state_regions/20_karyuenderh.txt:953,2056,STATE_SOVDANVERKAN,arable,bg_rice_farms,,bg_rice_farms
STATE_SOVDANVERKAN@map_data/state_regions/20_karyuenderh.txt:953,2056,STATE_SOVDANVERKAN,capped,bg_logging,10,10
STATE_NORDANTH_KARYUENDELRHATANIAH@map_data/state_regions/20_karyuenderh.txt:970,2057,STATE_NORDANTH_KARYUENDELRHATANIAH,arable,bg_rice_farms,,bg_rice_farms
STATE_NORDANTH_KARYUENDELRHATANIAH@map_data/state_regions/20_karyuenderh.txt:970,2057,STATE_NORDANTH_KARYUENDELRHATANIAH,capped,bg_logging,10,10
STATE_INSPELVBUEL@map_data/state_regions/20_karyuenderh.txt:987,2058,STATE_INSPELVBUEL,arable,bg_rice_farms,,bg_rice_farms
STATE_INSPELVBUEL@map_data/state_regions/20_karyuenderh.txt:987,2058,STATE_INSPELVBUEL,capped,bg_logging,10,10
STATE_KANTOPLRANAEL@map_data/state_regions/20_karyuenderh.txt:1004,2059,STATE_KANTOPLRANAEL,arable,bg_rice_farms,,bg_rice_farms
STATE_KANTOPLRANAEL@map_data/state_regions/20_karyuenderh.txt:1004,2059,STATE_KANTOPLRANAEL,capped,bg_logging,10,10
STATE_XHESILRUVATH@map_data/state_regions/20_karyuenderh.txt:1021,2060,STATE_XHESILRUVATH,arable,bg_rice_farms,,bg_rice_farms
STATE_XHESILRUVATH@map_data/state_regions/20_karyuenderh.txt:1021,2060,STATE_XHESILRUVATH,capped,bg_logging,10,10
STATE_SANTEKRISMONTE@map_data/state_regions/20_karyuenderh.txt:1038,2061,STATE_SANTEKRISMONTE,arable,bg_rice_farms,,bg_rice_farms
STATE_SANTEKRISMONTE@map_data/state_regions/20_karyuenderh.txt:1038,2061,STATE_SANTEKRISMONTE,capped,bg_logging,10,10
STATE_IRUVAHAN@map_data/state_regions/20_karyuenderh.txt:1055,2062,STATE_IRUVAHAN,arable,bg_rice_farms,,bg_rice_farms
STATE_IRUVAHAN@map_data/state_regions/20_karyuenderh.txt:1055,2062,STATE_IRUVAHAN,capped,bg_logging,10,10
STATE_DELRAIVAHAN@map_data/state_regions/20_karyuenderh.txt:1072,2063,STATE_DELRAIVAHAN,arable,bg_rice_farms,,bg_rice_farms
STATE_DELRAIVAHAN@map_data/state_regions/20_karyuenderh.txt:1072,2063,STATE_DELRAIVAHAN,capped,bg_logging,10,10
STATE_SAIVALRAHANTH@map_data/state_regions/20_karyuenderh.txt:1089,2064,STATE_SAIVALRAHANTH,arable,bg_rice_farms,,bg_rice_farms
STATE_SAIVALRAHANTH@map_data/state_regions/20_karyuenderh.txt:1089,2064,STATE_SAIVALRAHANTH,capped,bg_logging,10,10
STATE_ROSPOTOEMTH@map_data/state_regions/20_karyuenderh.txt:1106,2065,STATE_ROSPOTOEMTH,arable,bg_rice_farms,,bg_rice_farms
STATE_ROSPOTOEMTH@map_data/state_regions/20_karyuenderh.txt:1106,2065,STATE_ROSPOTOEMTH,capped,bg_logging,10,10
STATE_ENDEKARSA@map_data/state_regions/20_karyuenderh.txt:1123,2066,STATE_ENDEKARSA,arable,bg_rice_farms,,bg_rice_farms
STATE_ENDEKARSA@map_data/state_regions/20_karyuenderh.txt:1123,2066,STATE_ENDEKARSA,capped,bg_logging,10,10
STATE_INSTULRANTH@map_data/state_regions/20_karyuenderh.txt:1140,2067,STATE_INSTULRANTH,arable,bg_rice_farms,,bg_rice_farms
STATE_INSTULRANTH@map_data/state_regions/20_karyuenderh.txt:1140,2067,STATE_INSTULRANTH,capped,bg_logging,10,10
STATE_CASA_DE_ASARUTAH@map_data/state_regions/20_karyuenderh.txt:1157,2068,STATE_CASA_DE_ASARUTAH,arable,bg_rice_farms,,bg_rice_farms
STATE_CASA_DE_ASARUTAH@map_data/state_regions/20_karyuenderh.txt:1157,2068,STATE_CASA_DE_ASARUTAH,capped,bg_logging,10,10
STATE_KANSTALRANIAH@map_data/state_regions/20_karyuenderh.txt:1174,2069,STATE_KANSTALRANIAH,arable,bg_rice_farms,,bg_rice_farms
STATE_KANSTALRANIAH@map_data/state_regions/20_karyuenderh.txt:1174,2069,STATE_KANSTALRANIAH,capped,bg_logging,10,10
STATE_ONSOLVERKH@map_data/state_regions/20_karyuenderh.txt:1191,2070,STATE_ONSOLVERKH,arable,bg_rice_farms,,bg_rice_farms
STATE_ONSOLVERKH@map_data/state_regions/20_karyuenderh.txt:1191,2070,STATE_ONSOLVERKH,capped,bg_logging,10,10
STATE_KUPHSLRATANIAH@map_data/state_regions/20_karyuenderh.txt:1208,2071,STATE_KUPHSLRATANIAH,arable,bg_rice_farms,,bg_rice_farms
STATE_KUPHSLRATANIAH@map_data/state_regions/20_karyuenderh.txt:1208,2071,STATE_KUPHSLRATANIAH,capped,bg_logging,10,10
STATE_TRIFELRANTANIAH@map_data/state_regions/20_karyuenderh.txt:1225,2072,STATE_TRIFELRANTANIAH,arable,bg_rice_farms,,bg_rice_farms
STATE_TRIFELRANTANIAH@map_data/state_regions/20_karyuenderh.txt:1225,2072,STATE_TRIFELRANTANIAH,capped,bg_logging,10,10
STATE_ZAFIAN_KARYUENDELRHATANIAH@map_data/state_regions/20_karyuenderh.txt:1242,2073,STATE_ZAFIAN_KARYUENDELRHATANIAH,arable,bg_rice_farms,,bg_rice_farms
STATE_ZAFIAN_KARYUENDELRHATANIAH@map_data/state_regions/20_karyuenderh.txt:1242,2073,STATE_ZAFIAN_KARYUENDELRHATANIAH,capped,bg_logging,10,10
STATE_KANTALRUNTH@map_data/state_regions/20_karyuenderh.txt:1259,2074,STATE_KANTALRUNTH,arable,bg_rice_farms,,bg_rice_farms
STATE_KANTALRUNTH@map_data/state_regions/20_karyuenderh.txt:1259,2074,STATE_KANTALRUNTH,capped,bg_logging,10,10
STATE_SHUSTOVAHAN@map_data/state_regions/20_karyuenderh.txt:1276,2075,STATE_SHUSTOVAHAN,arable,bg_rice_farms,,bg_rice_farms
STATE_SHUSTOVAHAN@map_data/state_regions/20_karyuenderh.txt:1276,2075,STATE_SHUSTOVAHAN,capped,bg_logging,10,10
STATE_KINTARHZENRANTH@map_data/state_regions/20_karyuenderh.txt:1293,2076,STATE_KINTARHZENRANTH,arable,bg_rice_farms,,bg_rice_farms
STATE_KINTARHZENRANTH@map_data/state_regions/20_karyuenderh.txt:1293,2076,STATE_KINTARHZENRANTH,capped,bg_logging,10,10
STATE_DYUSELRANTH@map_data/state_regions/20_karyuenderh.txt:1310,2077,STATE_DYUSELRANTH,arable,bg_rice_farms,,bg_rice_farms
STATE_DYUSELRANTH@map_data/state_regions/20_karyuenderh.txt:1310,2077,STATE_DYUSELRANTH,capped,bg_logging,10,10
STATE_RODANRANTH@map_data/state_regions/20_karyuenderh.txt:1327,2078,STATE_RODANRANTH,arable,bg_rice_farms,,bg_rice_farms
STATE_RODANRANTH@map_data/state_regions/20_karyuenderh.txt:1327,2078,STATE_RODANRANTH,capped,bg_logging,10,10
STATE_KARTSALRAMANTH@map_data/state_regions/20_karyuenderh.txt:1344,2079,STATE_KARTSALRAMANTH,arable,bg_rice_farms,,bg_rice_farms
STATE_KARTSALRAMANTH@map_data/state_regions/20_karyuenderh.txt:1344,2079,STATE_KARTSALRAMANTH,capped,bg_logging,10,10
STATE_DEVHILRASNATA@map_data/state_regions/20_karyuenderh.txt:1361,2080,STATE_DEVHILRASNATA,arable,bg_rice_farms,,bg_rice_farms
STATE_DEVHILRASNATA@map_data/state_regions/20_karyuenderh.txt:1361,2080,STATE_DEVHILRASNATA,capped,bg_logging,10,10
STATE_PORTU_DE_SOVIENDELRANTH@map_data/state_regions/20_karyuenderh.txt:1378,2081,STATE_PORTU_DE_SOVIENDELRANTH,arable,bg_rice_farms,,bg_rice_farms
STATE_PORTU_DE_SOVIENDELRANTH@map_data/state_regions/20_karyuenderh.txt:1378,2081,STATE_PORTU_DE_SOVIENDELRANTH,capped,bg_logging,10,10
STATE_OPOSRAH@map_data/state_regions/20_karyuenderh.txt:1395,2082,STATE_OPOSRAH,arable,bg_rice_farms,,bg_rice_farms
STATE_OPOSRAH@map_data/state_regions/20_karyuenderh.txt:1395,2082,STATE_OPOSRAH,capped,bg_logging,10,10
STATE_RIUPENTARAH@map_data/state_regions/20_karyuenderh.txt:1412,2083,STATE_RIUPENTARAH,arable,bg_rice_farms,,bg_rice_farms
STATE_RIUPENTARAH@map_data/state_regions/20_karyuenderh.txt:1412,2083,STATE_RIUPENTARAH,capped,bg_logging,10,10
STATE_SISPENTARAH@map_data/state_regions/20_karyuenderh.txt:1429,2084,STATE_SISPENTARAH,arable,bg_rice_farms,,bg_rice_farms
STATE_SISPENTARAH@map_data/state_regions/20_karyuenderh.txt:1429,2084,STATE_SISPENTARAH,capped,bg_logging,10,10
STATE_OKOTARUTA@map_data/state_regions/20_karyuenderh.txt:1446,2085,STATE_OKOTARUTA,arable,bg_rice_farms,,bg_rice_farms
STATE_OKOTARUTA@map_data/state_regions/20_karyuenderh.txt:1446,2085,STATE_OKOTARUTA,capped,bg_logging,10,10
STATE_DINDURANHIMA@map_data/state_regions/20_karyuenderh.txt:1463,2086,STATE_DINDURANHIMA,arable,bg_rice_farms,,bg_rice_farms
STATE_DINDURANHIMA@map_data/state_regions/20_karyuenderh.txt:1463,2086,STATE_DINDURANHIMA,capped,bg_logging,10,10
STATE_RIEVALPEYU@map_data/state_regions/20_karyuenderh.txt:1480,2087,STATE_RIEVALPEYU,arable,bg_rice_farms,,bg_rice_farms
STATE_RIEVALPEYU@map_data/state_regions/20_karyuenderh.txt:1480,2087,STATE_RIEVALPEYU,capped,bg_logging,10,10
STATE_RINDAONPEYU@map_data/state_regions/20_karyuenderh.txt:1497,2088,STATE_RINDAONPEYU,arable,bg_rice_farms,,bg_rice_farms
STATE_RINDAONPEYU@map_data/state_regions/20_karyuenderh.txt:1497,2088,STATE_RINDAONPEYU,capped,bg_logging,10,10
STATE_KESPATAYU@map_data/state_regions/20_karyuenderh.txt:1514,2089,STATE_KESPATAYU,arable,bg_rice_farms,,bg_rice_farms
STATE_KESPATAYU@map_data/state_regions/20_karyuenderh.txt:1514,2089,STATE_KESPATAYU,capped,bg_logging,10,10
STATE_KUSPUTANTAYU@map_data/state_regions/20_karyuenderh.txt:1531,2090,STATE_KUSPUTANTAYU,arable,bg_rice_farms,,bg_rice_farms
STATE_KUSPUTANTAYU@map_data/state_regions/20_karyuenderh.txt:1531,2090,STATE_KUSPUTANTAYU,capped,bg_logging,10,10
STATE_NUEVANDATARH@map_data/state_regions/20_karyuenderh.txt:1548,2091,STATE_NUEVANDATARH,arable,bg_rice_farms,,bg_rice_farms
STATE_NUEVANDATARH@map_data/state_regions/20_karyuenderh.txt:1548,2091,STATE_NUEVANDATARH,capped,bg_logging,10,10
STATE_RISILRANTARH@map_data/state_regions/20_karyuenderh.txt:1565,2092,STATE_RISILRANTARH,arable,bg_rice_farms,,bg_rice_farms
STATE_RISILRANTARH@map_data/state_regions/20_karyuenderh.txt:1565,2092,STATE_RISILRANTARH,capped,bg_logging,10,10
STATE_RAIVALRANDATARH@map_data/state_regions/20_karyuenderh.txt:1582,2093,STATE_RAIVALRANDATARH,arable,bg_rice_farms,,bg_rice_farms
STATE_RAIVALRANDATARH@map_data/state_regions/20_karyuenderh.txt:1582,2093,STATE_RAIVALRANDATARH,capped,bg_logging,10,10
STATE_DOTAXHEMAN@map_data/state_regions/20_karyuenderh.txt:1599,2094,STATE_DOTAXHEMAN,arable,bg_rice_farms,,bg_rice_farms
STATE_DOTAXHEMAN@map_data/state_regions/20_karyuenderh.txt:1599,2094,STATE_DOTAXHEMAN,capped,bg_logging,10,10
STATE_KUPAXHEMAN@map_data/state_regions/20_karyuenderh.txt:1616,2095,STATE_KUPAXHEMAN,arable,bg_rice_farms,,bg_rice_farms
STATE_KUPAXHEMAN@map_data/state_regions/20_karyuenderh.txt:1616,2095,STATE_KUPAXHEMAN,capped,bg_logging,10,10
STATE_DOPLRANHIMA@map_data/state_regions/20_karyuenderh.txt:1633,2096,STATE_DOPLRANHIMA,arable,bg_rice_farms,,bg_rice_farms
STATE_DOPLRANHIMA@map_data/state_regions/20_karyuenderh.txt:1633,2096,STATE_DOPLRANHIMA,capped,bg_logging,10,10
STATE_KIPLRAHIMA@map_data/state_regions/20_karyuenderh.txt:1650,2097,STATE_KIPLRAHIMA,arable,bg_rice_farms,,bg_rice_farms
STATE_KIPLRAHIMA@map_data/state_regions/20_karyuenderh.txt:1650,2097,STATE_KIPLRAHIMA,capped,bg_logging,10,10
STATE_ENDARUTAH@map_data/state_regions/20_karyuenderh.txt:1667,2098,STATE_ENDARUTAH,arable,bg_rice_farms,,bg_rice_farms
STATE_ENDARUTAH@map_data/state_regions/20_karyuenderh.txt:1667,2098,STATE_ENDARUTAH,capped,bg_logging,10,10
STATE_HAPARUTA@map_data/state_regions/20_karyuenderh.txt:1684,2099,STATE_HAPARUTA,arable,bg_rice_farms,,bg_rice_farms
STATE_HAPARUTA@map_data/state_regions/20_karyuenderh.txt:1684,2099,STATE_HAPARUTA,capped,bg_logging,10,10
STATE_SERPALRUTAH@map_data/state_regions/20_karyuenderh.txt:1701,2100,STATE_SERPALRUTAH,arable,bg_rice_farms,,bg_rice_farms
STATE_SERPALRUTAH@map_data/state_regions/20_karyuenderh.txt:1701,2100,STATE_SERPALRUTAH,capped,bg_logging,10,10
STATE_KUPALRURUTAH@map_data/state_regions/20_karyuenderh.txt:1718,2101,STATE_KUPALRURUTAH,arable,bg_rice_farms,,bg_rice_farms
STATE_KUPALRURUTAH@map_data/state_regions/20_karyuenderh.txt:1718,2101,STATE_KUPALRURUTAH,capped,bg_logging,10,10
STATE_ZARFARUTAH@map_data/state_regions/20_karyuenderh.txt:1735,2102,STATE_ZARFARUTAH,arable,bg_rice_farms,,bg_rice_farms
STATE_ZARFARUTAH@map_data/state_regions/20_karyuenderh.txt:1735,2102,STATE_ZARFARUTAH,capped,bg_logging,10,10
STATE_RUNERANTH@map_data/state_regions/21_xhiryuenderh.txt:1,2110,STATE_RUNERANTH,arable,bg_rice_farms,,bg_rice_farms
STATE_RUNERANTH@map_data/state_regions/21_xhiryuenderh.txt:1,2110,STATE_RUNERANTH,capped,bg_logging,10,10
STATE_IONERANTH@map_data/state_regions/21_xhiryuenderh.txt:18,2111,STATE_IONERANTH,arable,bg_rice_farms,,bg_rice_farms
STATE_IONERANTH@map_data/state_regions/21_xhiryuenderh.txt:18,2111,STATE_IONERANTH,capped,bg_logging,10,10
STATE_AIVELRENNERANTH@map_data/state_regions/21_xhiryuenderh.txt:35,2112,STATE_AIVELRENNERANTH,arable,bg_rice_farms,,bg_rice_farms
STATE_AIVELRENNERANTH@map_data/state_regions/21_xhiryuenderh.txt:35,2112,STATE_AIVELRENNERANTH,capped,bg_logging,10,10
STATE_KUSPELNERANTH@map_data/state_regions/21_xhiryuenderh.txt:52,2113,STATE_KUSPELNERANTH,arable,bg_rice_farms,,bg_rice_farms
STATE_KUSPELNERANTH@map_data/state_regions/21_xhiryuenderh.txt:52,2113,STATE_KUSPELNERANTH,capped,bg_logging,10,10
STATE_RIODOMELRANTH@map_data/state_regions/21_xhiryuenderh.txt:69,2114,STATE_RIODOMELRANTH,arable,bg_rice_farms,,bg_rice_farms
STATE_RIODOMELRANTH@map_data/state_regions/21_xhiryuenderh.txt:69,2114,STATE_RIODOMELRANTH,capped,bg_logging,10,10
STATE_AIYUTS@map_data/state_regions/21_xhiryuenderh.txt:86,2115,STATE_AIYUTS,arable,bg_rice_farms,,bg_rice_farms
STATE_AIYUTS@map_data/state_regions/21_xhiryuenderh.txt:86,2115,STATE_AIYUTS,capped,bg_logging,10,10
STATE_ENTSELRANENTH@map_data/state_regions/21_xhiryuenderh.txt:103,2116,STATE_ENTSELRANENTH,arable,bg_rice_farms,,bg_rice_farms
STATE_ENTSELRANENTH@map_data/state_regions/21_xhiryuenderh.txt:103,2116,STATE_ENTSELRANENTH,capped,bg_logging,10,10
STATE_NOXHTAKOTERH@map_data/state_regions/21_xhiryuenderh.txt:120,2117,STATE_NOXHTAKOTERH,arable,bg_rice_farms,,bg_rice_farms
STATE_NOXHTAKOTERH@map_data/state_regions/21_xhiryuenderh.txt:120,2117,STATE_NOXHTAKOTERH,capped,bg_logging,10,10
STATE_KESAKUDA@map_data/state_regions/21_xhiryuenderh.txt:137,2118,STATE_KESAKUDA,arable,bg_rice_farms,,bg_rice_farms
STATE_KESAKUDA@map_data/state_regions/21_xhiryuenderh.txt:137,2118,STATE_KESAKUDA,capped,bg_logging,10,10
STATE_SAIZEHN@map_data/state_regions/21_xhiryuenderh.txt:154,2119,STATE_SAIZEHN,arable,bg_rice_farms,,bg_rice_farms
STATE_SAIZEHN@map_data/state_regions/21_xhiryuenderh.txt:154,2119,STATE_SAIZEHN,capped,bg_logging,10,10
STATE_IROVDAH@map_data/state_regions/21_xhiryuenderh.txt:171,2120,STATE_IROVDAH,arable,bg_rice_farms,,bg_rice_farms
STATE_IROVDAH@map_data/state_regions/21_xhiryuenderh.txt:171,2120,STATE_IROVDAH,capped,bg_logging,10,10
STATE_VADANTANTH@map_data/state_regions/21_xhiryuenderh.txt:188,2121,STATE_VADANTANTH,arable,bg_rice_farms,,bg_rice_farms
STATE_VADANTANTH@map_data/state_regions/21_xhiryuenderh.txt:188,2121,STATE_VADANTANTH,capped,bg_logging,10,10
STATE_RAVHTELMELRANTH@map_data/state_regions/21_xhiryuenderh.txt:205,2122,STATE_RAVHTELMELRANTH,arable,bg_rice_farms,,bg_rice_farms
STATE_RAVHTELMELRANTH@map_data/state_regions/21_xhiryuenderh.txt:205,2122,STATE_RAVHTELMELRANTH,capped,bg_logging,10,10
STATE_AXHTANIAH@map_data/state_regions/21_xhiryuenderh.txt:222,2123,STATE_AXHTANIAH,arable,bg_rice_farms,,bg_rice_farms
STATE_AXHTANIAH@map_data/state_regions/21_xhiryuenderh.txt:222,2123,STATE_AXHTANIAH,capped,bg_logging,10,10
STATE_ERADELRYUTS@map_data/state_regions/21_xhiryuenderh.txt:239,2124,STATE_ERADELRYUTS,arable,bg_rice_farms,,bg_rice_farms
STATE_ERADELRYUTS@map_data/state_regions/21_xhiryuenderh.txt:239,2124,STATE_ERADELRYUTS,capped,bg_logging,10,10
STATE_KONSTANTANIAH@map_data/state_regions/21_xhiryuenderh.txt:256,2125,STATE_KONSTANTANIAH,arable,bg_rice_farms,,bg_rice_farms
STATE_KONSTANTANIAH@map_data/state_regions/21_xhiryuenderh.txt:256,2125,STATE_KONSTANTANIAH,capped,bg_logging,10,10
STATE_IOPOXH@map_data/state_regions/21_xhiryuenderh.txt:273,2126,STATE_IOPOXH,arable,bg_rice_farms,,bg_rice_farms
STATE_IOPOXH@map_data/state_regions/21_xhiryuenderh.txt:273,2126,STATE_IOPOXH,capped,bg_logging,10,10
STATE_KENTACZELRANTH@map_data/state_regions/21_xhiryuenderh.txt:290,2127,STATE_KENTACZELRANTH,arable,bg_rice_farms,,bg_rice_farms
STATE_KENTACZELRANTH@map_data/state_regions/21_xhiryuenderh.txt:290,2127,STATE_KENTACZELRANTH,capped,bg_logging,10,10
STATE_SAUPENHRUNELRANTH@map_data/state_regions/21_xhiryuenderh.txt:307,2128,STATE_SAUPENHRUNELRANTH,arable,bg_rice_farms,,bg_rice_farms
STATE_SAUPENHRUNELRANTH@map_data/state_regions/21_xhiryuenderh.txt:307,2128,STATE_SAUPENHRUNELRANTH,capped,bg_logging,10,10
STATE_SIZIPELRATH@map_data/state_regions/21_xhiryuenderh.txt:324,2129,STATE_SIZIPELRATH,arable,bg_rice_farms,,bg_rice_farms
STATE_SIZIPELRATH@map_data/state_regions/21_xhiryuenderh.txt:324,2129,STATE_SIZIPELRATH,capped,bg_logging,10,10
STATE_ANSUARAH@map_data/state_regions/21_xhiryuenderh.txt:341,2130,STATE_ANSUARAH,arable,bg_rice_farms,,bg_rice_farms
STATE_ANSUARAH@map_data/state_regions/21_xhiryuenderh.txt:341,2130,STATE_ANSUARAH,capped,bg_logging,10,10
STATE_YUELRAKOTAH@map_data/state_regions/21_xhiryuenderh.txt:358,2131,STATE_YUELRAKOTAH,arable,bg_rice_farms,,bg_rice_farms
STATE_YUELRAKOTAH@map_data/state_regions/21_xhiryuenderh.txt:358,2131,STATE_YUELRAKOTAH,capped,bg_logging,10,10
STATE_INSELRHVENTARH@map_data/state_regions/21_xhiryuenderh.txt:375,2132,STATE_INSELRHVENTARH,arable,bg_rice_farms,,bg_rice_farms
STATE_INSELRHVENTARH@map_data/state_regions/21_xhiryuenderh.txt:375,2132,STATE_INSELRHVENTARH,capped,bg_logging,10,10
STATE_KARVANATARH@map_data/state_regions/21_xhiryuenderh.txt:392,2133,STATE_KARVANATARH,arable,bg_rice_farms,,bg_rice_farms
STATE_KARVANATARH@map_data/state_regions/21_xhiryuenderh.txt:392,2133,STATE_KARVANATARH,capped,bg_logging,10,10
STATE_SAIROLKOTAH@map_data/state_regions/21_xhiryuenderh.txt:409,2134,STATE_SAIROLKOTAH,arable,bg_rice_farms,,bg_rice_farms
STATE_SAIROLKOTAH@map_data/state_regions/21_xhiryuenderh.txt:409,2134,STATE_SAIROLKOTAH,capped,bg_logging,10,10
STATE_AISKONTZ@map_data/state_regions/21_xhiryuenderh.txt:426,2135,STATE_AISKONTZ,arable,bg_rice_farms,,bg_rice_farms
STATE_AISKONTZ@map_data/state_regions/21_xhiryuenderh.txt:426,2135,STATE_AISKONTZ,capped,bg_logging,10,10
STATE_ENDERARUXH@map_data/state_regions/21_xhiryuenderh.txt:443,2136,STATE_ENDERARUXH,arable,bg_rice_farms,,bg_rice_farms
STATE_ENDERARUXH@map_data/state_regions/21_xhiryuenderh.txt:443,2136,STATE_ENDERARUXH,capped,bg_logging,10,10
STATE_KENTARARUXH@map_data/state_regions/21_xhiryuenderh.txt:460,2137,STATE_KENTARARUXH,arable,bg_rice_farms,,bg_rice_farms
STATE_KENTARARUXH@map_data/state_regions/21_xhiryuenderh.txt:460,2137,STATE_KENTARARUXH,capped,bg_logging,10,10
STATE_IVANTRUXH@map_data/state_regions/21_xhiryuenderh.txt:477,2138,STATE_IVANTRUXH,arable,bg_rice_farms,,bg_rice_farms
STATE_IVANTRUXH@map_data/state_regions/21_xhiryuenderh.txt:477,2138,STATE_IVANTRUXH,capped,bg_logging,10,10
STATE_KILRAIZEN@map_data/state_regions/21_xhiryuenderh.txt:494,2139,STATE_KILRAIZEN,arable,bg_rice_farms,,bg_rice_farms
STATE_KILRAIZEN@map_data/state_regions/21_xhiryuenderh.txt:494,2139,STATE_KILRAIZEN,capped,bg_logging,10,10
STATE_RYUDORVDAH@map_data/state_regions/21_xhiryuenderh.txt:511,2140,STATE_RYUDORVDAH,arable,bg_rice_farms,,bg_rice_farms
STATE_RYUDORVDAH@map_data/state_regions/21_xhiryuenderh.txt:511,2140,STATE_RYUDORVDAH,capped,bg_logging,10,10
STATE_ISPAHANTH@map_data/state_regions/21_xhiryuenderh.txt:528,2141,STATE_ISPAHANTH,arable,bg_rice_farms,,bg_rice_farms
STATE_ISPAHANTH@map_data/state_regions/21_xhiryuenderh.txt:528,2141,STATE_ISPAHANTH,capped,bg_logging,10,10
STATE_INDATANTH@map_data/state_regions/21_xhiryuenderh.txt:545,2142,STATE_INDATANTH,arable,bg_rice_farms,,bg_rice_farms
STATE_INDATANTH@map_data/state_regions/21_xhiryuenderh.txt:545,2142,STATE_INDATANTH,capped,bg_logging,10,10
STATE_PORTU_DE_AXHION@map_data/state_regions/21_xhiryuenderh.txt:562,2143,STATE_PORTU_DE_AXHION,arable,bg_rice_farms,,bg_rice_farms
STATE_PORTU_DE_AXHION@map_data/state_regions/21_xhiryuenderh.txt:562,2143,STATE_PORTU_DE_AXHION,capped,bg_logging,10,10
STATE_KASPAHANTH@map_data/state_regions/21_xhiryuenderh.txt:579,2144,STATE_KASPAHANTH,arable,bg_rice_farms,,bg_rice_farms
STATE_KASPAHANTH@map_data/state_regions/21_xhiryuenderh.txt:579,2144,STATE_KASPAHANTH,capped,bg_logging,10,10
STATE_KOHAKUTAN@map_data/state_regions/21_xhiryuenderh.txt:596,2145,STATE_KOHAKUTAN,arable,bg_rice_farms,,bg_rice_farms
STATE_KOHAKUTAN@map_data/state_regions/21_xhiryuenderh.txt:596,2145,STATE_KOHAKUTAN,capped,bg_logging,10,10
STATE_ONTONXHINUN@map_data/state_regions/21_xhiryuenderh.txt:613,2146,STATE_ONTONXHINUN,arable,bg_rice_farms,,bg_rice_farms
STATE_ONTONXHINUN@map_data/state_regions/21_xhiryuenderh.txt:613,2146,STATE_ONTONXHINUN,capped,bg_logging,10,10
STATE_SILRAVTAH@map_data/state_regions/21_xhiryuenderh.txt:630,2147,STATE_SILRAVTAH,arable,bg_rice_farms,,bg_rice_farms
STATE_SILRAVTAH@map_data/state_regions/21_xhiryuenderh.txt:630,2147,STATE_SILRAVTAH,capped,bg_logging,10,10
STATE_RISHAKUTAN@map_data/state_regions/21_xhiryuenderh.txt:647,2148,STATE_RISHAKUTAN,arable,bg_rice_farms,,bg_rice_farms
STATE_RISHAKUTAN@map_data/state_regions/21_xhiryuenderh.txt:647,2148,STATE_RISHAKUTAN,capped,bg_logging,10,10
STATE_KOHALRAMTA@map_data/state_regions/21_xhiryuenderh.txt:664,2149,STATE_KOHALRAMTA,arable,bg_rice_farms,,bg_rice_farms
STATE_KOHALRAMTA@map_data/state_regions/21_xhiryuenderh.txt:664,2149,STATE_KOHALRAMTA,capped,bg_logging,10,10
STATE_RIKANAVAXI@map_data/state_regions/21_xhiryuenderh.txt:681,2150,STATE_RIKANAVAXI,arable,bg_rice_farms,,bg_rice_farms
STATE_RIKANAVAXI@map_data/state_regions/21_xhiryuenderh.txt:681,2150,STATE_RIKANAVAXI,capped,bg_logging,10,10
STATE_INKAVAXI@map_data/state_regions/21_xhiryuenderh.txt:698,2151,STATE_INKAVAXI,arable,bg_rice_farms,,bg_rice_farms
STATE_INKAVAXI@map_data/state_regions/21_xhiryuenderh.txt:698,2151,STATE_INKAVAXI,capped,bg_logging,10,10
STATE_KOSHORUVANTA@map_data/state_regions/21_xhiryuenderh.txt:715,2152,STATE_KOSHORUVANTA,arable,bg_rice_farms,,bg_rice_farms
STATE_KOSHORUVANTA@map_data/state_regions/21_xhiryuenderh.txt:715,2152,STATE_KOSHORUVANTA,capped,bg_logging,10,10
STATE_RAGALRITSA@map_data/state_regions/21_xhiryuenderh.txt:732,2153,STATE_RAGALRITSA,arable,bg_rice_farms,,bg_rice_farms
STATE_RAGALRITSA@map_data/state_regions/21_xhiryuenderh.txt:732,2153,STATE_RAGALRITSA,capped,bg_logging,10,10
STATE_RAGALRIXHEMAN@map_data/state_regions/21_xhiryuenderh.txt:749,2154,STATE_RAGALRIXHEMAN,arable,bg_rice_farms,,bg_rice_farms
STATE_RAGALRIXHEMAN@map_data/state_regions/21_xhiryuenderh.txt:749,2154,STATE_RAGALRIXHEMAN,capped,bg_logging,10,10
STATE_INPARUVANTA@map_data/state_regions/21_xhiryuenderh.txt:766,2155,STATE_INPARUVANTA,arable,bg_rice_farms,,bg_rice_farms
STATE_INPARUVANTA@map_data/state_regions/21_xhiryuenderh.txt:766,2155,STATE_INPARUVANTA,capped,bg_logging,10,10
STATE_IRUZIENTA@map_data/state_regions/21_xhiryuenderh.txt:783,2156,STATE_IRUZIENTA,arable,bg_rice_farms,,bg_rice_farms
STATE_IRUZIENTA@map_data/state_regions/21_xhiryuenderh.txt:783,2156,STATE_IRUZIENTA,capped,bg_logging,10,10
STATE_KASLRUVANTH@map_data/state_regions/21_xhiryuenderh.txt:800,2157,STATE_KASLRUVANTH,arable,bg_rice_farms,,bg_rice_farms
STATE_KASLRUVANTH@map_data/state_regions/21_xhiryuenderh.txt:800,2157,STATE_KASLRUVANTH,capped,bg_logging,10,10
STATE_KASPARTEN@map_data/state_regions/21_xhiryuenderh.txt:817,2158,STATE_KASPARTEN,arable,bg_rice_farms,,bg_rice_farms
STATE_KASPARTEN@map_data/state_regions/21_xhiryuenderh.txt:817,2158,STATE_KASPARTEN,capped,bg_logging,10,10
STATE_RIOVAHN@map_data/state_regions/21_xhiryuenderh.txt:834,2159,STATE_RIOVAHN,arable,bg_rice_farms,,bg_rice_farms
STATE_RIOVAHN@map_data/state_regions/21_xhiryuenderh.txt:834,2159,STATE_RIOVAHN,capped,bg_logging,10,10
STATE_INTOZINILRA@map_data/state_regions/21_xhiryuenderh.txt:851,2160,STATE_INTOZINILRA,arable,bg_rice_farms,,bg_rice_farms
STATE_INTOZINILRA@map_data/state_regions/21_xhiryuenderh.txt:851,2160,STATE_INTOZINILRA,capped,bg_logging,10,10
STATE_RITOZINA@map_data/state_regions/21_xhiryuenderh.txt:868,2161,STATE_RITOZINA,arable,bg_rice_farms,,bg_rice_farms
STATE_RITOZINA@map_data/state_regions/21_xhiryuenderh.txt:868,2161,STATE_RITOZINA,capped,bg_logging,10,10
STATE_YARVANZINA@map_data/state_regions/21_xhiryuenderh.txt:885,2162,STATE_YARVANZINA,arable,bg_rice_farms,,bg_rice_farms
STATE_YARVANZINA@map_data/state_regions/21_xhiryuenderh.txt:885,2162,STATE_YARVANZINA,capped,bg_logging,10,10
STATE_NELRAVRUTA@map_data/state_regions/21_xhiryuenderh.txt:902,2163,STATE_NELRAVRUTA,arable,bg_rice_farms,,bg_rice_farms
STATE_NELRAVRUTA@map_data/state_regions/21_xhiryuenderh.txt:902,2163,STATE_NELRAVRUTA,capped,bg_logging,10,10
STATE_AILRIZINA@map_data/state_regions/21_xhiryuenderh.txt:919,2164,STATE_AILRIZINA,arable,bg_rice_farms,,bg_rice_farms
STATE_AILRIZINA@map_data/state_regions/21_xhiryuenderh.txt:919,2164,STATE_AILRIZINA,capped,bg_logging,10,10
STATE_KANVELRIZINA@map_data/state_regions/21_xhiryuenderh.txt:936,2165,STATE_KANVELRIZINA,arable,bg_rice_farms,,bg_rice_farms
STATE_KANVELRIZINA@map_data/state_regions/21_xhiryuenderh.txt:936,2165,STATE_KANVELRIZINA,capped,bg_logging,10,10
STATE_EASMONTE@map_data/state_regions/21_xhiryuenderh.txt:953,2166,STATE_EASMONTE,arable,bg_rice_farms,,bg_rice_farms
STATE_EASMONTE@map_data/state_regions/21_xhiryuenderh.txt:953,2166,STATE_EASMONTE,capped,bg_logging,10,10
STATE_OSDEMONTE@map_data/state_regions/21_xhiryuenderh.txt:970,2167,STATE_OSDEMONTE,arable,bg_rice_farms,,bg_rice_farms
STATE_OSDEMONTE@map_data/state_regions/21_xhiryuenderh.txt:970,2167,STATE_OSDEMONTE,capped,bg_logging,10,10
STATE_RAVDEMONTE@map_data/state_regions/21_xhiryuenderh.txt:987,2168,STATE_RAVDEMONTE,arable,bg_rice_farms,,bg_rice_farms
STATE_RAVDEMONTE@map_data/state_regions/21_xhiryuenderh.txt:987,2168,STATE_RAVDEMONTE,capped,bg_logging,10,10
STATE_KUSPOZI@map_data/state_regions/21_xhiryuenderh.txt:1004,2169,STATE_KUSPOZI,arable,bg_rice_farms,,bg_rice_farms
STATE_KUSPOZI@map_data/state_regions/21_xhiryuenderh.txt:1004,2169,STATE_KUSPOZI,capped,bg_logging,10,10
STATE_RAKALRAELRA@map_data/state_regions/21_xhiryuenderh.txt:1021,2170,STATE_RAKALRAELRA,arable,bg_rice_farms,,bg_rice_farms
STATE_RAKALRAELRA@map_data/state_regions/21_xhiryuenderh.txt:1021,2170,STATE_RAKALRAELRA,capped,bg_logging,10,10
STATE_NIDELYERAM@map_data/state_regions/21_xhiryuenderh.txt:1038,2171,STATE_NIDELYERAM,arable,bg_rice_farms,,bg_rice_farms
STATE_NIDELYERAM@map_data/state_regions/21_xhiryuenderh.txt:1038,2171,STATE_NIDELYERAM,capped,bg_logging,10,10
STATE_KASPURTA@map_data/state_regions/21_xhiryuenderh.txt:1055,2172,STATE_KASPURTA,arable,bg_rice_farms,,bg_rice_farms
STATE_KASPURTA@map_data/state_regions/21_xhiryuenderh.txt:1055,2172,STATE_KASPURTA,capped,bg_logging,10,10
STATE_ANDALRAINOTH@map_data/state_regions/21_xhiryuenderh.txt:1072,2173,STATE_ANDALRAINOTH,arable,bg_rice_farms,,bg_rice_farms
STATE_ANDALRAINOTH@map_data/state_regions/21_xhiryuenderh.txt:1072,2173,STATE_ANDALRAINOTH,capped,bg_logging,10,10
STATE_RAISILRUNANTH@map_data/state_regions/21_xhiryuenderh.txt:1089,2174,STATE_RAISILRUNANTH,arable,bg_rice_farms,,bg_rice_farms
STATE_RAISILRUNANTH@map_data/state_regions/21_xhiryuenderh.txt:1089,2174,STATE_RAISILRUNANTH,capped,bg_logging,10,10
STATE_KINKILRUZINA@map_data/state_regions/21_xhiryuenderh.txt:1106,2175,STATE_KINKILRUZINA,arable,bg_rice_farms,,bg_rice_farms
STATE_KINKILRUZINA@map_data/state_regions/21_xhiryuenderh.txt:1106,2175,STATE_KINKILRUZINA,capped,bg_logging,10,10
STATE_KINTAXHA@map_data/state_regions/21_xhiryuenderh.txt:1123,2176,STATE_KINTAXHA,arable,bg_rice_farms,,bg_rice_farms
STATE_KINTAXHA@map_data/state_regions/21_xhiryuenderh.txt:1123,2176,STATE_KINTAXHA,capped,bg_logging,10,10
STATE_UTSXHA@map_data/state_regions/21_xhiryuenderh.txt:1140,2177,STATE_UTSXHA,arable,bg_rice_farms,,bg_rice_farms
STATE_UTSXHA@map_data/state_regions/21_xhiryuenderh.txt:1140,2177,STATE_UTSXHA,capped,bg_logging,10,10
STATE_RATAXHA@map_data/state_regions/21_xhiryuenderh.txt:1157,2178,STATE_RATAXHA,arable,bg_rice_farms,,bg_rice_farms
STATE_RATAXHA@map_data/state_regions/21_xhiryuenderh.txt:1157,2178,STATE_RATAXHA,capped,bg_logging,10,10
STATE_POTARH_DANXHA@map_data/state_regions/21_xhiryuenderh.txt:1174,2179,STATE_POTARH_DANXHA,arable,bg_rice_farms,,bg_rice_farms
STATE_POTARH_DANXHA@map_data/state_regions/21_xhiryuenderh.txt:1174,2179,STATE_POTARH_DANXHA,capped,bg_logging,10,10
STATE_SAVALRAKETAN@map_data/state_regions/21_xhiryuenderh.txt:1191,2180,STATE_SAVALRAKETAN,arable,bg_rice_farms,,bg_rice_farms
STATE_SAVALRAKETAN@map_data/state_regions/21_xhiryuenderh.txt:1191,2180,STATE_SAVALRAKETAN,capped,bg_logging,10,10
STATE_RIVULRAKETAN@map_data/state_regions/21_xhiryuenderh.txt:1208,2181,STATE_RIVULRAKETAN,arable,bg_rice_farms,,bg_rice_farms
STATE_RIVULRAKETAN@map_data/state_regions/21_xhiryuenderh.txt:1208,2181,STATE_RIVULRAKETAN,capped,bg_logging,10,10
STATE_AIVANTOKO@map_data/state_regions/21_xhiryuenderh.txt:1225,2182,STATE_AIVANTOKO,arable,bg_rice_farms,,bg_rice_farms
STATE_AIVANTOKO@map_data/state_regions/21_xhiryuenderh.txt:1225,2182,STATE_AIVANTOKO,capped,bg_logging,10,10
STATE_RARVELRENNERANTH@map_data/state_regions/21_xhiryuenderh.txt:1242,2183,STATE_RARVELRENNERANTH,arable,bg_rice_farms,,bg_rice_farms
STATE_RARVELRENNERANTH@map_data/state_regions/21_xhiryuenderh.txt:1242,2183,STATE_RARVELRENNERANTH,capped,bg_logging,10,10
STATE_RUSTANTANIYUEM@map_data/state_regions/21_xhiryuenderh.txt:1259,2184,STATE_RUSTANTANIYUEM,arable,bg_rice_farms,,bg_rice_farms
STATE_RUSTANTANIYUEM@map_data/state_regions/21_xhiryuenderh.txt:1259,2184,STATE_RUSTANTANIYUEM,capped,bg_logging,10,10
STATE_ONSPELNERANTH@map_data/state_regions/21_xhiryuenderh.txt:1276,2185,STATE_ONSPELNERANTH,arable,bg_rice_farms,,bg_rice_farms
STATE_ONSPELNERANTH@map_data/state_regions/21_xhiryuenderh.txt:1276,2185,STATE_ONSPELNERANTH,capped,bg_logging,10,10
STATE_NIELMELRANTH@map_data/state_regions/21_xhiryuenderh.txt:1293,2186,STATE_NIELMELRANTH,arable,bg_rice_farms,,bg_rice_farms
STATE_NIELMELRANTH@map_data/state_regions/21_xhiryuenderh.txt:1293,2186,STATE_NIELMELRANTH,capped,bg_logging,10,10
STATE_IOTALOLRA@map_data/state_regions/21_xhiryuenderh.txt:1310,2187,STATE_IOTALOLRA,arable,bg_rice_farms,,bg_rice_farms
STATE_IOTALOLRA@map_data/state_regions/21_xhiryuenderh.txt:1310,2187,STATE_IOTALOLRA,capped,bg_logging,10,10
STATE_CZAIVRANTH@map_data/state_regions/21_xhiryuenderh.txt:1327,2188,STATE_CZAIVRANTH,arable,bg_rice_farms,,bg_rice_farms
STATE_CZAIVRANTH@map_data/state_regions/21_xhiryuenderh.txt:1327,2188,STATE_CZAIVRANTH,capped,bg_logging,10,10
STATE_ITOTORAN@map_data/state_regions/21_xhiryuenderh.txt:1344,2189,STATE_ITOTORAN,arable,bg_rice_farms,,bg_rice_farms
STATE_ITOTORAN@map_data/state_regions/21_xhiryuenderh.txt:1344,2189,STATE_ITOTORAN,capped,bg_logging,10,10
STATE_KUNTALOLRA@map_data/state_regions/21_xhiryuenderh.txt:1361,2190,STATE_KUNTALOLRA,arable,bg_rice_farms,,bg_rice_farms
STATE_KUNTALOLRA@map_data/state_regions/21_xhiryuenderh.txt:1361,2190,STATE_KUNTALOLRA,capped,bg_logging,10,10
STATE_HOVRAZA@map_data/state_regions/21_xhiryuenderh.txt:1378,2191,STATE_HOVRAZA,arable,bg_rice_farms,,bg_rice_farms
STATE_HOVRAZA@map_data/state_regions/21_xhiryuenderh.txt:1378,2191,STATE_HOVRAZA,capped,bg_logging,10,10
STATE_KINKALRUZA@map_data/state_regions/21_xhiryuenderh.txt:1395,2192,STATE_KINKALRUZA,arable,bg_rice_farms,,bg_rice_farms
STATE_KINKALRUZA@map_data/state_regions/21_xhiryuenderh.txt:1395,2192,STATE_KINKALRUZA,capped,bg_logging,10,10
STATE_KIPUSELRA@map_data/state_regions/21_xhiryuenderh.txt:1412,2193,STATE_KIPUSELRA,arable,bg_rice_farms,,bg_rice_farms
STATE_KIPUSELRA@map_data/state_regions/21_xhiryuenderh.txt:1412,2193,STATE_KIPUSELRA,capped,bg_logging,10,10
STATE_NOVELRADALRA@map_data/state_regions/21_xhiryuenderh.txt:1429,2194,STATE_NOVELRADALRA,arable,bg_rice_farms,,bg_rice_farms
STATE_NOVELRADALRA@map_data/state_regions/21_xhiryuenderh.txt:1429,2194,STATE_NOVELRADALRA,capped,bg_logging,10,10
STATE_ASALRIZIMAN@map_data/state_regions/21_xhiryuenderh.txt:1446,2195,STATE_ASALRIZIMAN,arable,bg_rice_farms,,bg_rice_farms
STATE_ASALRIZIMAN@map_data/state_regions/21_xhiryuenderh.txt:1446,2195,STATE_ASALRIZIMAN,capped,bg_logging,10,10
STATE_ROVONOKUS@map_data/state_regions/21_xhiryuenderh.txt:1463,2196,STATE_ROVONOKUS,arable,bg_rice_farms,,bg_rice_farms
STATE_ROVONOKUS@map_data/state_regions/21_xhiryuenderh.txt:1463,2196,STATE_ROVONOKUS,capped,bg_logging,10,10
STATE_AVANUKUS@map_data/state_regions/21_xhiryuenderh.txt:1480,2197,STATE_AVANUKUS,arable,bg_rice_farms,,bg_rice_farms
STATE_AVANUKUS@map_data/state_regions/21_xhiryuenderh.txt:1480,2197,STATE_AVANUKUS,capped,bg_logging,10,10
STATE_HISPENIOLRA@map_data/state_regions/21_xhiryuenderh.txt:1497,2198,STATE_HISPENIOLRA,arable,bg_rice_farms,,bg_rice_farms
STATE_HISPENIOLRA@map_data/state_regions/21_xhiryuenderh.txt:1497,2198,STATE_HISPENIOLRA,capped,bg_logging,10,10
STATE_RISVANAOLRA@map_data/state_regions/21_xhiryuenderh.txt:1514,2199,STATE_RISVANAOLRA,arable,bg_rice_farms,,bg_rice_farms
STATE_RISVANAOLRA@map_data/state_regions/21_xhiryuenderh.txt:1514,2199,STATE_RISVANAOLRA,capped,bg_logging,10,10
STATE_SHUROVELOLRA@map_data/state_regions/21_xhiryuenderh.txt:1531,2200,STATE_SHUROVELOLRA,arable,bg_rice_farms,,bg_rice_farms
STATE_SHUROVELOLRA@map_data/state_regions/21_xhiryuenderh.txt:1531,2200,STATE_SHUROVELOLRA,capped,bg_logging,10,10
STATE_NAIDELMELRANTH@map_data/state_regions/21_xhiryuenderh.txt:1548,2201,STATE_NAIDELMELRANTH,arable,bg_rice_farms,,bg_rice_farms
STATE_NAIDELMELRANTH@map_data/state_regions/21_xhiryuenderh.txt:1548,2201,STATE_NAIDELMELRANTH,capped,bg_logging,10,10
STATE_AINTOVOLRA@map_data/state_regions/21_xhiryuenderh.txt:1565,2202,STATE_AINTOVOLRA,arable,bg_rice_farms,,bg_rice_farms
STATE_AINTOVOLRA@map_data/state_regions/21_xhiryuenderh.txt:1565,2202,STATE_AINTOVOLRA,capped,bg_logging,10,10
STATE_KUKANTIZIAN@map_data/state_regions/21_xhiryuenderh.txt:1582,2203,STATE_KUKANTIZIAN,arable,bg_rice_farms,,bg_rice_farms
STATE_KUKANTIZIAN@map_data/state_regions/21_xhiryuenderh.txt:1582,2203,STATE_KUKANTIZIAN,capped,bg_logging,10,10
STATE_SETADEL_LA_PARZIYUEM@map_data/state_regions/21_xhiryuenderh.txt:1599,2204,STATE_SETADEL_LA_PARZIYUEM,arable,bg_rice_farms,,bg_rice_farms
STATE_SETADEL_LA_PARZIYUEM@map_data/state_regions/21_xhiryuenderh.txt:1599,2204,STATE_SETADEL_LA_PARZIYUEM,capped,bg_logging,10,10
STATE_INKAVLRETH@map_data/state_regions/21_xhiryuenderh.txt:1616,2205,STATE_INKAVLRETH,arable,bg_rice_farms,,bg_rice_farms
STATE_INKAVLRETH@map_data/state_regions/21_xhiryuenderh.txt:1616,2205,STATE_INKAVLRETH,capped,bg_logging,10,10
STATE_RISTENZIAN@map_data/state_regions/21_xhiryuenderh.txt:1633,2206,STATE_RISTENZIAN,arable,bg_rice_farms,,bg_rice_farms
STATE_RISTENZIAN@map_data/state_regions/21_xhiryuenderh.txt:1633,2206,STATE_RISTENZIAN,capped,bg_logging,10,10
STATE_SOVTANZIAN@map_data/state_regions/21_xhiryuenderh.txt:1650,2207,STATE_SOVTANZIAN,arable,bg_rice_farms,,bg_rice_farms
STATE_SOVTANZIAN@map_data/state_regions/21_xhiryuenderh.txt:1650,2207,STATE_SOVTANZIAN,capped,bg_logging,10,10
STATE_KANTALRUZIA@map_data/state_regions/21_xhiryuenderh.txt:1667,2208,STATE_KANTALRUZIA,arable,bg_rice_farms,,bg_rice_farms
STATE_KANTALRUZIA@map_data/state_regions/21_xhiryuenderh.txt:1667,2208,STATE_KANTALRUZIA,capped,bg_logging,10,10
STATE_ROVDOYENTA@map_data/state_regions/21_xhiryuenderh.txt:1684,2209,STATE_ROVDOYENTA,arable,bg_rice_farms,,bg_rice_farms
STATE_ROVDOYENTA@map_data/state_regions/21_xhiryuenderh.txt:1684,2209,STATE_ROVDOYENTA,capped,bg_logging,10,10
STATE_AINSKA@map_data/state_regions/21_xhiryuenderh.txt:1701,2210,STATE_AINSKA,arable,bg_rice_farms,,bg_rice_farms
STATE_AINSKA@map_data/state_regions/21_xhiryuenderh.txt:1701,2210,STATE_AINSKA,capped,bg_logging,10,10
STATE_PORTE_DE_KARAMVETH@map_data/state_regions/21_xhiryuenderh.txt:1718,2211,STATE_PORTE_DE_KARAMVETH,arable,bg_rice_farms,,bg_rice_farms
STATE_PORTE_DE_KARAMVETH@map_data/state_regions/21_xhiryuenderh.txt:1718,2211,STATE_PORTE_DE_KARAMVETH,capped,bg_logging,10,10
STATE_AINTOVOLRA@map_data/state_regions/21_xhiryuenderh.txt:1735,2212,STATE_AINTOVOLRA,arable,bg_rice_farms,,bg_rice_farms
STATE_AINTOVOLRA@map_data/state_regions/21_xhiryuenderh.txt:1735,2212,STATE_AINTOVOLRA,capped,bg_logging,10,10
STATE_NERDALRANHIMA@map_data/state_regions/21_xhiryuenderh.txt:1752,2213,STATE_NERDALRANHIMA,arable,bg_rice_farms,,bg_rice_farms
STATE_NERDALRANHIMA@map_data/state_regions/21_xhiryuenderh.txt:1752,2213,STATE_NERDALRANHIMA,capped,bg_logging,10,10
STATE_ULRUELRAN@map_data/state_regions/21_xhiryuenderh.txt:1769,2214,STATE_ULRUELRAN,arable,bg_rice_farms,,bg_rice_farms
STATE_ULRUELRAN@map_data/state_regions/21_xhiryuenderh.txt:1769,2214,STATE_ULRUELRAN,capped,bg_logging,10,10
STATE_ZIUVANYAL@map_data/state_regions/21_xhiryuenderh.txt:1786,2215,STATE_ZIUVANYAL,arable,bg_rice_farms,,bg_rice_farms
STATE_ZIUVANYAL@map_data/state_regions/21_xhiryuenderh.txt:1786,2215,STATE_ZIUVANYAL,capped,bg_logging,10,10
STATE_PORTANTNEL@map_data/state_regions/21_xhiryuenderh.txt:1803,2216,STATE_PORTANTNEL,arable,bg_rice_farms,,bg_rice_farms
STATE_PORTANTNEL@map_data/state_regions/21_xhiryuenderh.txt:1803,2216,STATE_PORTANTNEL,capped,bg_logging,10,10
STATE_PAPALRANALRU@map_data/state_regions/21_xhiryuenderh.txt:1820,2217,STATE_PAPALRANALRU,arable,bg_rice_farms,,bg_rice_farms
STATE_PAPALRANALRU@map_data/state_regions/21_xhiryuenderh.txt:1820,2217,STATE_PAPALRANALRU,capped,bg_logging,10,10
STATE_SHOSTALRUTA@map_data/state_regions/21_xhiryuenderh.txt:1837,2218,STATE_SHOSTALRUTA,arable,bg_rice_farms,,bg_rice_farms
STATE_SHOSTALRUTA@map_data/state_regions/21_xhiryuenderh.txt:1837,2218,STATE_SHOSTALRUTA,capped,bg_logging,10,10
STATE_KANSALZIO@map_data/state_regions/21_xhiryuenderh.txt:1854,2219,STATE_KANSALZIO,arable,bg_rice_farms,,bg_rice_farms
STATE_KANSALZIO@map_data/state_regions/21_xhiryuenderh.txt:1854,2219,STATE_KANSALZIO,capped,bg_logging,10,10
STATE_ROTONZIO@map_data/state_regions/21_xhiryuenderh.txt:1871,2220,STATE_ROTONZIO,arable,bg_rice_farms,,bg_rice_farms
STATE_ROTONZIO@map_data/state_regions/21_xhiryuenderh.txt:1871,2220,STATE_ROTONZIO,capped,bg_logging,10,10
STATE_RAZIZIO@map_data/state_regions/21_xhiryuenderh.txt:1888,2221,STATE_RAZIZIO,arable,bg_rice_farms,,bg_rice_farms
STATE_RAZIZIO@map_data/state_regions/21_xhiryuenderh.txt:1888,2221,STATE_RAZIZIO,capped,bg_logging,10,10
STATE_RIUKANZIO@map_data/state_regions/21_xhiryuenderh.txt:1905,2222,STATE_RIUKANZIO,arable,bg_rice_farms,,bg_rice_farms
STATE_RIUKANZIO@map_data/state_regions/21_xhiryuenderh.txt:1905,2222,STATE_RIUKANZIO,capped,bg_logging,10,10
STATE_ANPANZIO@map_data/state_regions/21_xhiryuenderh.txt:1922,2223,STATE_ANPANZIO,arable,bg_rice_farms,,bg_rice_farms
STATE_ANPANZIO@map_data/state_regions/21_xhiryuenderh.txt:1922,2223,STATE_ANPANZIO,capped,bg_logging,10,10
STATE_CASA_DE_ARZIO@map_data/state_regions/21_xhiryuenderh.txt:1939,2224,STATE_CASA_DE_ARZIO,arable,bg_rice_farms,,bg_rice_farms
STATE_CASA_DE_ARZIO@map_data/state_regions/21_xhiryuenderh.txt:1939,2224,STATE_CASA_DE_ARZIO,capped,bg_logging,10,10
STATE_PASALRIZIO@map_data/state_regions/21_xhiryuenderh.txt:1956,2225,STATE_PASALRIZIO,arable,bg_rice_farms,,bg_rice_farms
STATE_PASALRIZIO@map_data/state_regions/21_xhiryuenderh.txt:1956,2225,STATE_PASALRIZIO,capped,bg_logging,10,10
STATE_RIUKIU@map_data/state_regions/21_xhiryuenderh.txt:1973,2226,STATE_RIUKIU,arable,bg_rice_farms,,bg_rice_farms
STATE_RIUKIU@map_data/state_regions/21_xhiryuenderh.txt:1973,2226,STATE_RIUKIU,capped,bg_logging,10,10
STATE_SITSUDAHIMA@map_data/state_regions/21_xhiryuenderh.txt:1990,2227,STATE_SITSUDAHIMA,arable,bg_rice_farms,,bg_rice_farms
STATE_SITSUDAHIMA@map_data/state_regions/21_xhiryuenderh.txt:1990,2227,STATE_SITSUDAHIMA,capped,bg_logging,10,10
STATE_SOKANDAHIMA@map_data/state_regions/21_xhiryuenderh.txt:2007,2228,STATE_SOKANDAHIMA,arable,bg_rice_farms,,bg_rice_farms
STATE_SOKANDAHIMA@map_data/state_regions/21_xhiryuenderh.txt:2007,2228,STATE_SOKANDAHIMA,capped,bg_logging,10,10
STATE_PORTU_DE_ASAKANA@map_data/state_regions/21_xhiryuenderh.txt:2024,2229,STATE_PORTU_DE_ASAKANA,arable,bg_rice_farms,,bg_rice_farms
STATE_PORTU_DE_ASAKANA@map_data/state_regions/21_xhiryuenderh.txt:2024,2229,STATE_PORTU_DE_ASAKANA,capped,bg_logging,10,10
STATE_KASPAERH@map_data/state_regions/21_xhiryuenderh.txt:2041,2230,STATE_KASPAERH,arable,bg_rice_farms,,bg_rice_farms
STATE_KASPAERH@map_data/state_regions/21_xhiryuenderh.txt:2041,2230,STATE_KASPAERH,capped,bg_logging,10,10
STATE_NAIDENERH@map_data/state_regions/21_xhiryuenderh.txt:2058,2231,STATE_NAIDENERH,arable,bg_rice_farms,,bg_rice_farms
STATE_NAIDENERH@map_data/state_regions/21_xhiryuenderh.txt:2058,2231,STATE_NAIDENERH,capped,bg_logging,10,10
STATE_INTUERH@map_data/state_regions/21_xhiryuenderh.txt:2075,2232,STATE_INTUERH,arable,bg_rice_farms,,bg_rice_farms
STATE_INTUERH@map_data/state_regions/21_xhiryuenderh.txt:2075,2232,STATE_INTUERH,capped,bg_logging,10,10
STATE_KIVUHAERH@map_data/state_regions/21_xhiryuenderh.txt:2092,2233,STATE_KIVUHAERH,arable,bg_rice_farms,,bg_rice_farms
STATE_KIVUHAERH@map_data/state_regions/21_xhiryuenderh.txt:2092,2233,STATE_KIVUHAERH,capped,bg_logging,10,10
STATE_DASTUERH@map_data/state_regions/21_xhiryuenderh.txt:2109,2234,STATE_DASTUERH,arable,bg_rice_farms,,bg_rice_farms
STATE_DASTUERH@map_data/state_regions/21_xhiryuenderh.txt:2109,2234,STATE_DASTUERH,capped,bg_logging,10,10
STATE_SISTELERH@map_data/state_regions/21_xhiryuenderh.txt:2126,2235,STATE_SISTELERH,arable,bg_rice_farms,,bg_rice_farms
STATE_SISTELERH@map_data/state_regions/21_xhiryuenderh.txt:2126,2235,STATE_SISTELERH,capped,bg_logging,10,10
STATE_SEVLRUERH@map_data/state_regions/21_xhiryuenderh.txt:2143,2236,STATE_SEVLRUERH,arable,bg_rice_farms,,bg_rice_farms
STATE_SEVLRUERH@map_data/state_regions/21_xhiryuenderh.txt:2143,2236,STATE_SEVLRUERH,capped,bg_logging,10,10
STATE_KONTORAERH@map_data/state_regions/21_xhiryuenderh.txt:2160,2237,STATE_KONTORAERH,arable,bg_rice_farms,,bg_rice_farms
STATE_KONTORAERH@map_data/state_regions/21_xhiryuenderh.txt:2160,2237,STATE_KONTORAERH,capped,bg_logging,10,10
STATE_KURANIERH@map_data/state_regions/21_xhiryuenderh.txt:2177,2238,STATE_KURANIERH,arable,bg_rice_farms,,bg_rice_farms
STATE_KURANIERH@map_data/state_regions/21_xhiryuenderh.txt:2177,2238,STATE_KURANIERH,capped,bg_logging,10,10
STATE_KINKILRURHHIMA@map_data/state_regions/21_xhiryuenderh.txt:2194,2239,STATE_KINKILRURHHIMA,arable,bg_rice_farms,,bg_rice_farms
STATE_KINKILRURHHIMA@map_data/state_regions/21_xhiryuenderh.txt:2194,2239,STATE_KINKILRURHHIMA,capped,bg_logging,10,10
STATE_KATASRUTA@map_data/state_regions/21_xhiryuenderh.txt:2211,2240,STATE_KATASRUTA,arable,bg_rice_farms,,bg_rice_farms
STATE_KATASRUTA@map_data/state_regions/21_xhiryuenderh.txt:2211,2240,STATE_KATASRUTA,capped,bg_logging,10,10
STATE_SOVANCZIRUTA@map_data/state_regions/21_xhiryuenderh.txt:2228,2241,STATE_SOVANCZIRUTA,arable,bg_rice_farms,,bg_rice_farms
STATE_SOVANCZIRUTA@map_data/state_regions/21_xhiryuenderh.txt:2228,2241,STATE_SOVANCZIRUTA,capped,bg_logging,10,10
STATE_AHAJYARUTA@map_data/state_regions/21_xhiryuenderh.txt:2245,2242,STATE_AHAJYARUTA,arable,bg_rice_farms,,bg_rice_farms
STATE_AHAJYARUTA@map_data/state_regions/21_xhiryuenderh.txt:2245,2242,STATE_AHAJYARUTA,capped,bg_logging,10,10
STATE_KUSALRUTA@map_data/state_regions/21_xhiryuenderh.txt:2262,2243,STATE_KUSALRUTA,arable,bg_rice_farms,,bg_rice_farms
STATE_KUSALRUTA@map_data/state_regions/21_xhiryuenderh.txt:2262,2243,STATE_KUSALRUTA,capped,bg_logging,10,10
STATE_NODONRUTA@map_data/state_regions/21_xhiryuenderh.txt:2279,2244,STATE_NODONRUTA,arable,bg_rice_farms,,bg_rice_farms
STATE_NODONRUTA@map_data/state_regions/21_xhiryuenderh.txt:2279,2244,STATE_NODONRUTA,capped,bg_logging,10,10
STATE_IEVANRUTA@map_data/state_regions/21_xhiryuenderh.txt:2296,2245,STATE_IEVANRUTA,arable,bg_rice_farms,,bg_rice_farms
STATE_IEVANRUTA@map_data/state_regions/21_xhiryuenderh.txt:2296,2245,STATE_IEVANRUTA,capped,bg_logging,10,10
STATE_KIHALRUTA@map_data/state_regions/21_xhiryuenderh.txt:2313,2246,STATE_KIHALRUTA,arable,bg_rice_farms,,bg_rice_farms
STATE_KIHALRUTA@map_data/state_regions/21_xhiryuenderh.txt:2313,2246,STATE_KIHALRUTA,capped,bg_logging,10,10
STATE_KAVANTRUXH@map_data/state_regions/22_yuriteixhen.txt:1,2250,STATE_KAVANTRUXH,arable,bg_wheat_farms,,bg_wheat_farms
STATE_KAVANTRUXH@map_data/state_regions/22_yuriteixhen.txt:1,2250,STATE_KAVANTRUXH,capped,bg_logging,10,10
STATE_RODONAXHEMAN@map_data/state_regions/22_yuriteixhen.txt:18,2251,STATE_RODONAXHEMAN,arable,bg_wheat_farms,,bg_wheat_farms
STATE_RODONAXHEMAN@map_data/state_regions/22_yuriteixhen.txt:18,2251,STATE_RODONAXHEMAN,capped,bg_logging,10,10
STATE_KAVANDALRUNANTH@map_data/state_regions/22_yuriteixhen.txt:35,2252,STATE_KAVANDALRUNANTH,arable,bg_wheat_farms,,bg_wheat_farms
STATE_KAVANDALRUNANTH@map_data/state_regions/22_yuriteixhen.txt:35,2252,STATE_KAVANDALRUNANTH,capped,bg_logging,10,10
STATE_RUDANVERKH@map_data/state_regions/22_yuriteixhen.txt:52,2253,STATE_RUDANVERKH,arable,bg_wheat_farms,,bg_wheat_farms
STATE_RUDANVERKH@map_data/state_regions/22_yuriteixhen.txt:52,2253,STATE_RUDANVERKH,capped,bg_logging,10,10
STATE_USUDANCZAH@map_data/state_regions/22_yuriteixhen.txt:69,2254,STATE_USUDANCZAH,arable,bg_wheat_farms,,bg_wheat_farms
STATE_USUDANCZAH@map_data/state_regions/22_yuriteixhen.txt:69,2254,STATE_USUDANCZAH,capped,bg_logging,10,10
STATE_INTOSLRANYA@map_data/state_regions/22_yuriteixhen.txt:86,2255,STATE_INTOSLRANYA,arable,bg_wheat_farms,,bg_wheat_farms
STATE_INTOSLRANYA@map_data/state_regions/22_yuriteixhen.txt:86,2255,STATE_INTOSLRANYA,capped,bg_logging,10,10
STATE_ROVHOLRASTAH@map_data/state_regions/22_yuriteixhen.txt:103,2256,STATE_ROVHOLRASTAH,arable,bg_wheat_farms,,bg_wheat_farms
STATE_ROVHOLRASTAH@map_data/state_regions/22_yuriteixhen.txt:103,2256,STATE_ROVHOLRASTAH,capped,bg_logging,10,10
STATE_INTOCZANKALRATAH@map_data/state_regions/22_yuriteixhen.txt:120,2257,STATE_INTOCZANKALRATAH,arable,bg_wheat_farms,,bg_wheat_farms
STATE_INTOCZANKALRATAH@map_data/state_regions/22_yuriteixhen.txt:120,2257,STATE_INTOCZANKALRATAH,capped,bg_logging,10,10
STATE_MARGARDANTH@map_data/state_regions/22_yuriteixhen.txt:137,2258,STATE_MARGARDANTH,arable,bg_wheat_farms,,bg_wheat_farms
STATE_MARGARDANTH@map_data/state_regions/22_yuriteixhen.txt:137,2258,STATE_MARGARDANTH,capped,bg_logging,10,10
STATE_SAILRORHDANTH@map_data/state_regions/22_yuriteixhen.txt:154,2259,STATE_SAILRORHDANTH,arable,bg_wheat_farms,,bg_wheat_farms
STATE_SAILRORHDANTH@map_data/state_regions/22_yuriteixhen.txt:154,2259,STATE_SAILRORHDANTH,capped,bg_logging,10,10
STATE_KAIONTHVERKH@map_data/state_regions/22_yuriteixhen.txt:171,2260,STATE_KAIONTHVERKH,arable,bg_wheat_farms,,bg_wheat_farms
STATE_KAIONTHVERKH@map_data/state_regions/22_yuriteixhen.txt:171,2260,STATE_KAIONTHVERKH,capped,bg_logging,10,10
STATE_KRAKUPELRANTA@map_data/state_regions/22_yuriteixhen.txt:188,2261,STATE_KRAKUPELRANTA,arable,bg_wheat_farms,,bg_wheat_farms
STATE_KRAKUPELRANTA@map_data/state_regions/22_yuriteixhen.txt:188,2261,STATE_KRAKUPELRANTA,capped,bg_logging,10,10
STATE_RIONDAELRAYA@map_data/state_regions/22_yuriteixhen.txt:205,2262,STATE_RIONDAELRAYA,arable,bg_wheat_farms,,bg_wheat_farms
STATE_RIONDAELRAYA@map_data/state_regions/22_yuriteixhen.txt:205,2262,STATE_RIONDAELRAYA,capped,bg_logging,10,10
STATE_RIUXHINANTH@map_data/state_regions/22_yuriteixhen.txt:222,2263,STATE_RIUXHINANTH,arable,bg_wheat_farms,,bg_wheat_farms
STATE_RIUXHINANTH@map_data/state_regions/22_yuriteixhen.txt:222,2263,STATE_RIUXHINANTH,capped,bg_logging,10,10
STATE_RAVGANSK@map_data/state_regions/22_yuriteixhen.txt:239,2264,STATE_RAVGANSK,arable,bg_wheat_farms,,bg_wheat_farms
STATE_RAVGANSK@map_data/state_regions/22_yuriteixhen.txt:239,2264,STATE_RAVGANSK,capped,bg_logging,10,10
STATE_SOVELREYENA@map_data/state_regions/22_yuriteixhen.txt:256,2265,STATE_SOVELREYENA,arable,bg_wheat_farms,,bg_wheat_farms
STATE_SOVELREYENA@map_data/state_regions/22_yuriteixhen.txt:256,2265,STATE_SOVELREYENA,capped,bg_logging,10,10
STATE_NAIZELROTA@map_data/state_regions/22_yuriteixhen.txt:273,2266,STATE_NAIZELROTA,arable,bg_wheat_farms,,bg_wheat_farms
STATE_NAIZELROTA@map_data/state_regions/22_yuriteixhen.txt:273,2266,STATE_NAIZELROTA,capped,bg_logging,10,10
STATE_REVHRATANXHIA@map_data/state_regions/22_yuriteixhen.txt:290,2267,STATE_REVHRATANXHIA,arable,bg_wheat_farms,,bg_wheat_farms
STATE_REVHRATANXHIA@map_data/state_regions/22_yuriteixhen.txt:290,2267,STATE_REVHRATANXHIA,capped,bg_logging,10,10
STATE_ENDOPANTRA@map_data/state_regions/22_yuriteixhen.txt:307,2268,STATE_ENDOPANTRA,arable,bg_wheat_farms,,bg_wheat_farms
STATE_ENDOPANTRA@map_data/state_regions/22_yuriteixhen.txt:307,2268,STATE_ENDOPANTRA,capped,bg_logging,10,10
STATE_INKASILRITRA@map_data/state_regions/22_yuriteixhen.txt:324,2269,STATE_INKASILRITRA,arable,bg_wheat_farms,,bg_wheat_farms
STATE_INKASILRITRA@map_data/state_regions/22_yuriteixhen.txt:324,2269,STATE_INKASILRITRA,capped,bg_logging,10,10
STATE_PORTE_DE_RUDFANTRA@map_data/state_regions/22_yuriteixhen.txt:341,2270,STATE_PORTE_DE_RUDFANTRA,arable,bg_wheat_farms,,bg_wheat_farms
STATE_PORTE_DE_RUDFANTRA@map_data/state_regions/22_yuriteixhen.txt:341,2270,STATE_PORTE_DE_RUDFANTRA,capped,bg_logging,10,10
STATE_KAHALRAXHITANTZ@map_data/state_regions/22_yuriteixhen.txt:358,2271,STATE_KAHALRAXHITANTZ,arable,bg_wheat_farms,,bg_wheat_farms
STATE_KAHALRAXHITANTZ@map_data/state_regions/22_yuriteixhen.txt:358,2271,STATE_KAHALRAXHITANTZ,capped,bg_logging,10,10
STATE_HARVANNENSK@map_data/state_regions/22_yuriteixhen.txt:375,2272,STATE_HARVANNENSK,arable,bg_wheat_farms,,bg_wheat_farms
STATE_HARVANNENSK@map_data/state_regions/22_yuriteixhen.txt:375,2272,STATE_HARVANNENSK,capped,bg_logging,10,10
STATE_SORSILRADAHN@map_data/state_regions/22_yuriteixhen.txt:392,2273,STATE_SORSILRADAHN,arable,bg_wheat_farms,,bg_wheat_farms
STATE_SORSILRADAHN@map_data/state_regions/22_yuriteixhen.txt:392,2273,STATE_SORSILRADAHN,capped,bg_logging,10,10
STATE_KUPSHASILRAYA@map_data/state_regions/22_yuriteixhen.txt:409,2274,STATE_KUPSHASILRAYA,arable,bg_wheat_farms,,bg_wheat_farms
STATE_KUPSHASILRAYA@map_data/state_regions/22_yuriteixhen.txt:409,2274,STATE_KUPSHASILRAYA,capped,bg_logging,10,10
STATE_HAIULRURUHN@map_data/state_regions/22_yuriteixhen.txt:426,2275,STATE_HAIULRURUHN,arable,bg_wheat_farms,,bg_wheat_farms
STATE_HAIULRURUHN@map_data/state_regions/22_yuriteixhen.txt:426,2275,STATE_HAIULRURUHN,capped,bg_logging,10,10
STATE_HAILROVENVERKH@map_data/state_regions/22_yuriteixhen.txt:443,2276,STATE_HAILROVENVERKH,arable,bg_wheat_farms,,bg_wheat_farms
STATE_HAILROVENVERKH@map_data/state_regions/22_yuriteixhen.txt:443,2276,STATE_HAILROVENVERKH,capped,bg_logging,10,10
STATE_NELRAONDAELRAYA@map_data/state_regions/22_yuriteixhen.txt:460,2277,STATE_NELRAONDAELRAYA,arable,bg_wheat_farms,,bg_wheat_farms
STATE_NELRAONDAELRAYA@map_data/state_regions/22_yuriteixhen.txt:460,2277,STATE_NELRAONDAELRAYA,capped,bg_logging,10,10
STATE_KONTOVALRANIA@map_data/state_regions/22_yuriteixhen.txt:477,2278,STATE_KONTOVALRANIA,arable,bg_wheat_farms,,bg_wheat_farms
STATE_KONTOVALRANIA@map_data/state_regions/22_yuriteixhen.txt:477,2278,STATE_KONTOVALRANIA,capped,bg_logging,10,10
STATE_SHUSLRANINSK@map_data/state_regions/22_yuriteixhen.txt:494,2279,STATE_SHUSLRANINSK,arable,bg_wheat_farms,,bg_wheat_farms
STATE_SHUSLRANINSK@map_data/state_regions/22_yuriteixhen.txt:494,2279,STATE_SHUSLRANINSK,capped,bg_logging,10,10
STATE_ANTOGRAD@map_data/state_regions/22_yuriteixhen.txt:511,2280,STATE_ANTOGRAD,arable,bg_wheat_farms,,bg_wheat_farms
STATE_ANTOGRAD@map_data/state_regions/22_yuriteixhen.txt:511,2280,STATE_ANTOGRAD,capped,bg_logging,10,10
STATE_URDAMAGAHN@map_data/state_regions/22_yuriteixhen.txt:528,2281,STATE_URDAMAGAHN,arable,bg_wheat_farms,,bg_wheat_farms
STATE_URDAMAGAHN@map_data/state_regions/22_yuriteixhen.txt:528,2281,STATE_URDAMAGAHN,capped,bg_logging,10,10
STATE_SORDAMAGAHN@map_data/state_regions/22_yuriteixhen.txt:545,2282,STATE_SORDAMAGAHN,arable,bg_wheat_farms,,bg_wheat_farms
STATE_SORDAMAGAHN@map_data/state_regions/22_yuriteixhen.txt:545,2282,STATE_SORDAMAGAHN,capped,bg_logging,10,10
STATE_KAVASTANSHA@map_data/state_regions/22_yuriteixhen.txt:562,2283,STATE_KAVASTANSHA,arable,bg_wheat_farms,,bg_wheat_farms
STATE_KAVASTANSHA@map_data/state_regions/22_yuriteixhen.txt:562,2283,STATE_KAVASTANSHA,capped,bg_logging,10,10
STATE_OLRODOSHINSK@map_data/state_regions/22_yuriteixhen.txt:579,2284,STATE_OLRODOSHINSK,arable,bg_wheat_farms,,bg_wheat_farms
STATE_OLRODOSHINSK@map_data/state_regions/22_yuriteixhen.txt:579,2284,STATE_OLRODOSHINSK,capped,bg_logging,10,10
STATE_AIROLRANSK@map_data/state_regions/22_yuriteixhen.txt:596,2285,STATE_AIROLRANSK,arable,bg_wheat_farms,,bg_wheat_farms
STATE_AIROLRANSK@map_data/state_regions/22_yuriteixhen.txt:596,2285,STATE_AIROLRANSK,capped,bg_logging,10,10
STATE_HYUYELRIVTA@map_data/state_regions/22_yuriteixhen.txt:613,2286,STATE_HYUYELRIVTA,arable,bg_wheat_farms,,bg_wheat_farms
STATE_HYUYELRIVTA@map_data/state_regions/22_yuriteixhen.txt:613,2286,STATE_HYUYELRIVTA,capped,bg_logging,10,10
STATE_INTANINSK@map_data/state_regions/22_yuriteixhen.txt:630,2287,STATE_INTANINSK,arable,bg_wheat_farms,,bg_wheat_farms
STATE_INTANINSK@map_data/state_regions/22_yuriteixhen.txt:630,2287,STATE_INTANINSK,capped,bg_logging,10,10
STATE_HANUZIA@map_data/state_regions/22_yuriteixhen.txt:647,2288,STATE_HANUZIA,arable,bg_wheat_farms,,bg_wheat_farms
STATE_HANUZIA@map_data/state_regions/22_yuriteixhen.txt:647,2288,STATE_HANUZIA,capped,bg_logging,10,10
STATE_SIPLRANANTH@map_data/state_regions/22_yuriteixhen.txt:664,2289,STATE_SIPLRANANTH,arable,bg_wheat_farms,,bg_wheat_farms
STATE_SIPLRANANTH@map_data/state_regions/22_yuriteixhen.txt:664,2289,STATE_SIPLRANANTH,capped,bg_logging,10,10
STATE_KANTOVELRASHI@map_data/state_regions/22_yuriteixhen.txt:681,2290,STATE_KANTOVELRASHI,arable,bg_wheat_farms,,bg_wheat_farms
STATE_KANTOVELRASHI@map_data/state_regions/22_yuriteixhen.txt:681,2290,STATE_KANTOVELRASHI,capped,bg_logging,10,10
STATE_KARVANTA@map_data/state_regions/22_yuriteixhen.txt:698,2291,STATE_KARVANTA,arable,bg_wheat_farms,,bg_wheat_farms
STATE_KARVANTA@map_data/state_regions/22_yuriteixhen.txt:698,2291,STATE_KARVANTA,capped,bg_logging,10,10
STATE_RAVDAXHEMAN@map_data/state_regions/22_yuriteixhen.txt:715,2292,STATE_RAVDAXHEMAN,arable,bg_wheat_farms,,bg_wheat_farms
STATE_RAVDAXHEMAN@map_data/state_regions/22_yuriteixhen.txt:715,2292,STATE_RAVDAXHEMAN,capped,bg_logging,10,10
STATE_SEIKALRATANINSK@map_data/state_regions/22_yuriteixhen.txt:732,2293,STATE_SEIKALRATANINSK,arable,bg_wheat_farms,,bg_wheat_farms
STATE_SEIKALRATANINSK@map_data/state_regions/22_yuriteixhen.txt:732,2293,STATE_SEIKALRATANINSK,capped,bg_logging,10,10
STATE_KIPSRDA@map_data/state_regions/22_yuriteixhen.txt:749,2294,STATE_KIPSRDA,arable,bg_wheat_farms,,bg_wheat_farms
STATE_KIPSRDA@map_data/state_regions/22_yuriteixhen.txt:749,2294,STATE_KIPSRDA,capped,bg_logging,10,10
STATE_NAIOLRODANTZ@map_data/state_regions/22_yuriteixhen.txt:766,2295,STATE_NAIOLRODANTZ,arable,bg_wheat_farms,,bg_wheat_farms
STATE_NAIOLRODANTZ@map_data/state_regions/22_yuriteixhen.txt:766,2295,STATE_NAIOLRODANTZ,capped,bg_logging,10,10
STATE_CASA_DE_DEKENEL_ELRUNIKA@map_data/state_regions/22_yuriteixhen.txt:783,2296,STATE_CASA_DE_DEKENEL_ELRUNIKA,arable,bg_wheat_farms,,bg_wheat_farms
STATE_CASA_DE_DEKENEL_ELRUNIKA@map_data/state_regions/22_yuriteixhen.txt:783,2296,STATE_CASA_DE_DEKENEL_ELRUNIKA,capped,bg_logging,10,10
STATE_SISKANTANIYUEM@map_data/state_regions/22_yuriteixhen.txt:800,2297,STATE_SISKANTANIYUEM,arable,bg_wheat_farms,,bg_wheat_farms
STATE_SISKANTANIYUEM@map_data/state_regions/22_yuriteixhen.txt:800,2297,STATE_SISKANTANIYUEM,capped,bg_logging,10,10
STATE_SAIRUVDANSK@map_data/state_regions/22_yuriteixhen.txt:817,2298,STATE_SAIRUVDANSK,arable,bg_wheat_farms,,bg_wheat_farms
STATE_SAIRUVDANSK@map_data/state_regions/22_yuriteixhen.txt:817,2298,STATE_SAIRUVDANSK,capped,bg_logging,10,10
STATE_NOVHCZEHHRANYA@map_data/state_regions/22_yuriteixhen.txt:834,2299,STATE_NOVHCZEHHRANYA,arable,bg_wheat_farms,,bg_wheat_farms
STATE_NOVHCZEHHRANYA@map_data/state_regions/22_yuriteixhen.txt:834,2299,STATE_NOVHCZEHHRANYA,capped,bg_logging,10,10
STATE_KANSTANTANIA@map_data/state_regions/22_yuriteixhen.txt:851,2300,STATE_KANSTANTANIA,arable,bg_wheat_farms,,bg_wheat_farms
STATE_KANSTANTANIA@map_data/state_regions/22_yuriteixhen.txt:851,2300,STATE_KANSTANTANIA,capped,bg_logging,10,10
STATE_RAIVNOYA@map_data/state_regions/22_yuriteixhen.txt:868,2301,STATE_RAIVNOYA,arable,bg_wheat_farms,,bg_wheat_farms
STATE_RAIVNOYA@map_data/state_regions/22_yuriteixhen.txt:868,2301,STATE_RAIVNOYA,capped,bg_logging,10,10
STATE_KANPARSK@map_data/state_regions/22_yuriteixhen.txt:885,2302,STATE_KANPARSK,arable,bg_wheat_farms,,bg_wheat_farms
STATE_KANPARSK@map_data/state_regions/22_yuriteixhen.txt:885,2302,STATE_KANPARSK,capped,bg_logging,10,10
STATE_KASRADENYA@map_data/state_regions/22_yuriteixhen.txt:902,2303,STATE_KASRADENYA,arable,bg_wheat_farms,,bg_wheat_farms
STATE_KASRADENYA@map_data/state_regions/22_yuriteixhen.txt:902,2303,STATE_KASRADENYA,capped,bg_logging,10,10
STATE_KARIELRANIA@map_data/state_regions/22_yuriteixhen.txt:919,2304,STATE_KARIELRANIA,arable,bg_wheat_farms,,bg_wheat_farms
STATE_KARIELRANIA@map_data/state_regions/22_yuriteixhen.txt:919,2304,STATE_KARIELRANIA,capped,bg_logging,10,10
STATE_NARELRANIA@map_data/state_regions/22_yuriteixhen.txt:936,2305,STATE_NARELRANIA,arable,bg_wheat_farms,,bg_wheat_farms
STATE_NARELRANIA@map_data/state_regions/22_yuriteixhen.txt:936,2305,STATE_NARELRANIA,capped,bg_logging,10,10
STATE_OVRELRANIAH@map_data/state_regions/22_yuriteixhen.txt:953,2306,STATE_OVRELRANIAH,arable,bg_wheat_farms,,bg_wheat_farms
STATE_OVRELRANIAH@map_data/state_regions/22_yuriteixhen.txt:953,2306,STATE_OVRELRANIAH,capped,bg_logging,10,10
STATE_IONDANSK@map_data/state_regions/22_yuriteixhen.txt:970,2307,STATE_IONDANSK,arable,bg_wheat_farms,,bg_wheat_farms
STATE_IONDANSK@map_data/state_regions/22_yuriteixhen.txt:970,2307,STATE_IONDANSK,capped,bg_logging,10,10
STATE_PAILRUPANTH@map_data/state_regions/22_yuriteixhen.txt:987,2308,STATE_PAILRUPANTH,arable,bg_wheat_farms,,bg_wheat_farms
STATE_PAILRUPANTH@map_data/state_regions/22_yuriteixhen.txt:987,2308,STATE_PAILRUPANTH,capped,bg_logging,10,10
STATE_RAVATANSK@map_data/state_regions/22_yuriteixhen.txt:1004,2309,STATE_RAVATANSK,arable,bg_wheat_farms,,bg_wheat_farms
STATE_RAVATANSK@map_data/state_regions/22_yuriteixhen.txt:1004,2309,STATE_RAVATANSK,capped,bg_logging,10,10
STATE_OSKRANTH@map_data/state_regions/22_yuriteixhen.txt:1021,2310,STATE_OSKRANTH,arable,bg_wheat_farms,,bg_wheat_farms
STATE_OSKRANTH@map_data/state_regions/22_yuriteixhen.txt:1021,2310,STATE_OSKRANTH,capped,bg_logging,10,10
STATE_KALRAMATANTH@map_data/state_regions/22_yuriteixhen.txt:1038,2311,STATE_KALRAMATANTH,arable,bg_wheat_farms,,bg_wheat_farms
STATE_KALRAMATANTH@map_data/state_regions/22_yuriteixhen.txt:1038,2311,STATE_KALRAMATANTH,capped,bg_logging,10,10
STATE_INDOSILROVDA@map_data/state_regions/22_yuriteixhen.txt:1055,2312,STATE_INDOSILROVDA,arable,bg_wheat_farms,,bg_wheat_farms
STATE_INDOSILROVDA@map_data/state_regions/22_yuriteixhen.txt:1055,2312,STATE_INDOSILROVDA,capped,bg_logging,10,10
STATE_NORTANTANIAH@map_data/state_regions/22_yuriteixhen.txt:1072,2313,STATE_NORTANTANIAH,arable,bg_wheat_farms,,bg_wheat_farms
STATE_NORTANTANIAH@map_data/state_regions/22_yuriteixhen.txt:1072,2313,STATE_NORTANTANIAH,capped,bg_logging,10,10
STATE_NAELRANOVA@map_data/state_regions/22_yuriteixhen.txt:1089,2314,STATE_NAELRANOVA,arable,bg_wheat_farms,,bg_wheat_farms
STATE_NAELRANOVA@map_data/state_regions/22_yuriteixhen.txt:1089,2314,STATE_NAELRANOVA,capped,bg_logging,10,10
STATE_IELRANOVA@map_data/state_regions/22_yuriteixhen.txt:1106,2315,STATE_IELRANOVA,arable,bg_wheat_farms,,bg_wheat_farms
STATE_IELRANOVA@map_data/state_regions/22_yuriteixhen.txt:1106,2315,STATE_IELRANOVA,capped,bg_logging,10,10
STATE_YUSLROSDA@map_data/state_regions/22_yuriteixhen.txt:1123,2316,STATE_YUSLROSDA,arable,bg_wheat_farms,,bg_wheat_farms
STATE_YUSLROSDA@map_data/state_regions/22_yuriteixhen.txt:1123,2316,STATE_YUSLROSDA,capped,bg_logging,10,10
STATE_ZHUSDANSK@map_data/state_regions/22_yuriteixhen.txt:1140,2317,STATE_ZHUSDANSK,arable,bg_wheat_farms,,bg_wheat_farms
STATE_ZHUSDANSK@map_data/state_regions/22_yuriteixhen.txt:1140,2317,STATE_ZHUSDANSK,capped,bg_logging,10,10
STATE_OSTANFRANK@map_data/state_regions/22_yuriteixhen.txt:1157,2318,STATE_OSTANFRANK,arable,bg_wheat_farms,,bg_wheat_farms
STATE_OSTANFRANK@map_data/state_regions/22_yuriteixhen.txt:1157,2318,STATE_OSTANFRANK,capped,bg_logging,10,10
STATE_KAMPHCZALRATAH@map_data/state_regions/22_yuriteixhen.txt:1174,2319,STATE_KAMPHCZALRATAH,arable,bg_wheat_farms,,bg_wheat_farms
STATE_KAMPHCZALRATAH@map_data/state_regions/22_yuriteixhen.txt:1174,2319,STATE_KAMPHCZALRATAH,capped,bg_logging,10,10
STATE_HAILROVANNIYUEM@map_data/state_regions/22_yuriteixhen.txt:1191,2320,STATE_HAILROVANNIYUEM,arable,bg_wheat_farms,,bg_wheat_farms
STATE_HAILROVANNIYUEM@map_data/state_regions/22_yuriteixhen.txt:1191,2320,STATE_HAILROVANNIYUEM,capped,bg_logging,10,10
STATE_DARZALRUGA@map_data/state_regions/22_yuriteixhen.txt:1208,2321,STATE_DARZALRUGA,arable,bg_wheat_farms,,bg_wheat_farms
STATE_DARZALRUGA@map_data/state_regions/22_yuriteixhen.txt:1208,2321,STATE_DARZALRUGA,capped,bg_logging,10,10
STATE_RIOHALRUDANDOR@map_data/state_regions/22_yuriteixhen.txt:1225,2322,STATE_RIOHALRUDANDOR,arable,bg_wheat_farms,,bg_wheat_farms
STATE_RIOHALRUDANDOR@map_data/state_regions/22_yuriteixhen.txt:1225,2322,STATE_RIOHALRUDANDOR,capped,bg_logging,10,10
STATE_NORTANVERLTRANTH@map_data/state_regions/22_yuriteixhen.txt:1242,2323,STATE_NORTANVERLTRANTH,arable,bg_wheat_farms,,bg_wheat_farms
STATE_NORTANVERLTRANTH@map_data/state_regions/22_yuriteixhen.txt:1242,2323,STATE_NORTANVERLTRANTH,capped,bg_logging,10,10
STATE_MEILRUSKAU@map_data/state_regions/22_yuriteixhen.txt:1259,2324,STATE_MEILRUSKAU,arable,bg_wheat_farms,,bg_wheat_farms
STATE_MEILRUSKAU@map_data/state_regions/22_yuriteixhen.txt:1259,2324,STATE_MEILRUSKAU,capped,bg_logging,10,10
STATE_ZEILRANTASK@map_data/state_regions/22_yuriteixhen.txt:1276,2325,STATE_ZEILRANTASK,arable,bg_wheat_farms,,bg_wheat_farms
STATE_ZEILRANTASK@map_data/state_regions/22_yuriteixhen.txt:1276,2325,STATE_ZEILRANTASK,capped,bg_logging,10,10
STATE_HAILRONSK@map_data/state_regions/22_yuriteixhen.txt:1293,2326,STATE_HAILRONSK,arable,bg_wheat_farms,,bg_wheat_farms
STATE_HAILRONSK@map_data/state_regions/22_yuriteixhen.txt:1293,2326,STATE_HAILRONSK,capped,bg_logging,10,10
STATE_ROUHAINTA@map_data/state_regions/22_yuriteixhen.txt:1310,2327,STATE_ROUHAINTA,arable,bg_wheat_farms,,bg_wheat_farms
STATE_ROUHAINTA@map_data/state_regions/22_yuriteixhen.txt:1310,2327,STATE_ROUHAINTA,capped,bg_logging,10,10
STATE_KUPHHAINSTA@map_data/state_regions/22_yuriteixhen.txt:1327,2328,STATE_KUPHHAINSTA,arable,bg_wheat_farms,,bg_wheat_farms
STATE_KUPHHAINSTA@map_data/state_regions/22_yuriteixhen.txt:1327,2328,STATE_KUPHHAINSTA,capped,bg_logging,10,10
STATE_HAILRANTACZAH@map_data/state_regions/22_yuriteixhen.txt:1344,2329,STATE_HAILRANTACZAH,arable,bg_wheat_farms,,bg_wheat_farms
STATE_HAILRANTACZAH@map_data/state_regions/22_yuriteixhen.txt:1344,2329,STATE_HAILRANTACZAH,capped,bg_logging,10,10
STATE_OVANTARUS@map_data/state_regions/22_yuriteixhen.txt:1361,2330,STATE_OVANTARUS,arable,bg_wheat_farms,,bg_wheat_farms
STATE_OVANTARUS@map_data/state_regions/22_yuriteixhen.txt:1361,2330,STATE_OVANTARUS,capped,bg_logging,10,10
STATE_OKULRUS@map_data/state_regions/22_yuriteixhen.txt:1378,2331,STATE_OKULRUS,arable,bg_wheat_farms,,bg_wheat_farms
STATE_OKULRUS@map_data/state_regions/22_yuriteixhen.txt:1378,2331,STATE_OKULRUS,capped,bg_logging,10,10
STATE_NAIOLRONTARAXHA@map_data/state_regions/22_yuriteixhen.txt:1395,2332,STATE_NAIOLRONTARAXHA,arable,bg_wheat_farms,,bg_wheat_farms
STATE_NAIOLRONTARAXHA@map_data/state_regions/22_yuriteixhen.txt:1395,2332,STATE_NAIOLRONTARAXHA,capped,bg_logging,10,10
STATE_ZEILRONSK@map_data/state_regions/22_yuriteixhen.txt:1412,2333,STATE_ZEILRONSK,arable,bg_wheat_farms,,bg_wheat_farms
STATE_ZEILRONSK@map_data/state_regions/22_yuriteixhen.txt:1412,2333,STATE_ZEILRONSK,capped,bg_logging,10,10
STATE_SIEXHELRUVDA@map_data/state_regions/22_yuriteixhen.txt:1429,2334,STATE_SIEXHELRUVDA,arable,bg_wheat_farms,,bg_wheat_farms
STATE_SIEXHELRUVDA@map_data/state_regions/22_yuriteixhen.txt:1429,2334,STATE_SIEXHELRUVDA,capped,bg_logging,10,10
STATE_SOKURIDAN@map_data/state_regions/22_yuriteixhen.txt:1446,2335,STATE_SOKURIDAN,arable,bg_wheat_farms,,bg_wheat_farms
STATE_SOKURIDAN@map_data/state_regions/22_yuriteixhen.txt:1446,2335,STATE_SOKURIDAN,capped,bg_logging,10,10
STATE_RUILRANORA@map_data/state_regions/22_yuriteixhen.txt:1463,2336,STATE_RUILRANORA,arable,bg_wheat_farms,,bg_wheat_farms
STATE_RUILRANORA@map_data/state_regions/22_yuriteixhen.txt:1463,2336,STATE_RUILRANORA,capped,bg_logging,10,10
STATE_UNDANVERKH@map_data/state_regions/22_yuriteixhen.txt:1480,2337,STATE_UNDANVERKH,arable,bg_wheat_farms,,bg_wheat_farms
STATE_UNDANVERKH@map_data/state_regions/22_yuriteixhen.txt:1480,2337,STATE_UNDANVERKH,capped,bg_logging,10,10
STATE_CZELROPANTH@map_data/state_regions/22_yuriteixhen.txt:1497,2338,STATE_CZELROPANTH,arable,bg_wheat_farms,,bg_wheat_farms
STATE_CZELROPANTH@map_data/state_regions/22_yuriteixhen.txt:1497,2338,STATE_CZELROPANTH,capped,bg_logging,10,10
STATE_AHELRAPANTANIAH@map_data/state_regions/22_yuriteixhen.txt:1514,2339,STATE_AHELRAPANTANIAH,arable,bg_wheat_farms,,bg_wheat_farms
STATE_AHELRAPANTANIAH@map_data/state_regions/22_yuriteixhen.txt:1514,2339,STATE_AHELRAPANTANIAH,capped,bg_logging,10,10
STATE_KUPANCZAHSK@map_data/state_regions/22_yuriteixhen.txt:1531,2340,STATE_KUPANCZAHSK,arable,bg_wheat_farms,,bg_wheat_farms
STATE_KUPANCZAHSK@map_data/state_regions/22_yuriteixhen.txt:1531,2340,STATE_KUPANCZAHSK,capped,bg_logging,10,10
STATE_ARNALRANSK@map_data/state_regions/22_yuriteixhen.txt:1548,2341,STATE_ARNALRANSK,arable,bg_wheat_farms,,bg_wheat_farms
STATE_ARNALRANSK@map_data/state_regions/22_yuriteixhen.txt:1548,2341,STATE_ARNALRANSK,capped,bg_logging,10,10
STATE_OSPONTANYA@map_data/state_regions/22_yuriteixhen.txt:1565,2342,STATE_OSPONTANYA,arable,bg_wheat_farms,,bg_wheat_farms
STATE_OSPONTANYA@map_data/state_regions/22_yuriteixhen.txt:1565,2342,STATE_OSPONTANYA,capped,bg_logging,10,10
STATE_VESTAVHRELRANTH@map_data/state_regions/22_yuriteixhen.txt:1582,2343,STATE_VESTAVHRELRANTH,arable,bg_wheat_farms,,bg_wheat_farms
STATE_VESTAVHRELRANTH@map_data/state_regions/22_yuriteixhen.txt:1582,2343,STATE_VESTAVHRELRANTH,capped,bg_logging,10,10
STATE_XHEZELRONYA@map_data/state_regions/22_yuriteixhen.txt:1599,2344,STATE_XHEZELRONYA,arable,bg_wheat_farms,,bg_wheat_farms
STATE_XHEZELRONYA@map_data/state_regions/22_yuriteixhen.txt:1599,2344,STATE_XHEZELRONYA,capped,bg_logging,10,10
STATE_RUSVANASHI@map_data/state_regions/22_yuriteixhen.txt:1616,2345,STATE_RUSVANASHI,arable,bg_wheat_farms,,bg_wheat_farms
STATE_RUSVANASHI@map_data/state_regions/22_yuriteixhen.txt:1616,2345,STATE_RUSVANASHI,capped,bg_logging,10,10
STATE_KOLRASTANIYE@map_data/state_regions/22_yuriteixhen.txt:1633,2346,STATE_KOLRASTANIYE,arable,bg_wheat_farms,,bg_wheat_farms
STATE_KOLRASTANIYE@map_data/state_regions/22_yuriteixhen.txt:1633,2346,STATE_KOLRASTANIYE,capped,bg_logging,10,10
STATE_KAILRUVANTATZ@map_data/state_regions/22_yuriteixhen.txt:1650,2347,STATE_KAILRUVANTATZ,arable,bg_wheat_farms,,bg_wheat_farms
STATE_KAILRUVANTATZ@map_data/state_regions/22_yuriteixhen.txt:1650,2347,STATE_KAILRUVANTATZ,capped,bg_logging,10,10
STATE_AINRUTATZ@map_data/state_regions/22_yuriteixhen.txt:1667,2348,STATE_AINRUTATZ,arable,bg_wheat_farms,,bg_wheat_farms
STATE_AINRUTATZ@map_data/state_regions/22_yuriteixhen.txt:1667,2348,STATE_AINRUTATZ,capped,bg_logging,10,10
STATE_RONOVUTATZ@map_data/state_regions/22_yuriteixhen.txt:1684,2349,STATE_RONOVUTATZ,arable,bg_wheat_farms,,bg_wheat_farms
STATE_RONOVUTATZ@map_data/state_regions/22_yuriteixhen.txt:1684,2349,STATE_RONOVUTATZ,capped,bg_logging,10,10
STATE_RAIVANTATZ@map_data/state_regions/22_yuriteixhen.txt:1701,2350,STATE_RAIVANTATZ,arable,bg_wheat_farms,,bg_wheat_farms
STATE_RAIVANTATZ@map_data/state_regions/22_yuriteixhen.txt:1701,2350,STATE_RAIVANTATZ,capped,bg_logging,10,10
STATE_HOELRAVHNODA@map_data/state_regions/22_yuriteixhen.txt:1718,2351,STATE_HOELRAVHNODA,arable,bg_wheat_farms,,bg_wheat_farms
STATE_HOELRAVHNODA@map_data/state_regions/22_yuriteixhen.txt:1718,2351,STATE_HOELRAVHNODA,capped,bg_logging,10,10
STATE_NOHORVANTA@map_data/state_regions/22_yuriteixhen.txt:1735,2352,STATE_NOHORVANTA,arable,bg_wheat_farms,,bg_wheat_farms
STATE_NOHORVANTA@map_data/state_regions/22_yuriteixhen.txt:1735,2352,STATE_NOHORVANTA,capped,bg_logging,10,10
STATE_XHUSRAVDAH@map_data/state_regions/22_yuriteixhen.txt:1752,2353,STATE_XHUSRAVDAH,arable,bg_wheat_farms,,bg_wheat_farms
STATE_XHUSRAVDAH@map_data/state_regions/22_yuriteixhen.txt:1752,2353,STATE_XHUSRAVDAH,capped,bg_logging,10,10
STATE_ENDERAVENTHTA@map_data/state_regions/22_yuriteixhen.txt:1769,2354,STATE_ENDERAVENTHTA,arable,bg_wheat_farms,,bg_wheat_farms
STATE_ENDERAVENTHTA@map_data/state_regions/22_yuriteixhen.txt:1769,2354,STATE_ENDERAVENTHTA,capped,bg_logging,10,10
STATE_PORTE_DE_RAIKENVERKH@map_data/state_regions/22_yuriteixhen.txt:1786,2355,STATE_PORTE_DE_RAIKENVERKH,arable,bg_wheat_farms,,bg_wheat_farms
STATE_PORTE_DE_RAIKENVERKH@map_data/state_regions/22_yuriteixhen.txt:1786,2355,STATE_PORTE_DE_RAIKENVERKH,capped,bg_logging,10,10
STATE_NAIOLROVENTAH@map_data/state_regions/22_yuriteixhen.txt:1803,2356,STATE_NAIOLROVENTAH,arable,bg_wheat_farms,,bg_wheat_farms
STATE_NAIOLROVENTAH@map_data/state_regions/22_yuriteixhen.txt:1803,2356,STATE_NAIOLROVENTAH,capped,bg_logging,10,10
STATE_KUPHSHANTRA@map_data/state_regions/22_yuriteixhen.txt:1820,2357,STATE_KUPHSHANTRA,arable,bg_wheat_farms,,bg_wheat_farms
STATE_KUPHSHANTRA@map_data/state_regions/22_yuriteixhen.txt:1820,2357,STATE_KUPHSHANTRA,capped,bg_logging,10,10
STATE_KUNSPALRATA@map_data/state_regions/22_yuriteixhen.txt:1837,2358,STATE_KUNSPALRATA,arable,bg_wheat_farms,,bg_wheat_farms
STATE_KUNSPALRATA@map_data/state_regions/22_yuriteixhen.txt:1837,2358,STATE_KUNSPALRATA,capped,bg_logging,10,10
STATE_AILROVDANSK@map_data/state_regions/22_yuriteixhen.txt:1854,2359,STATE_AILROVDANSK,arable,bg_wheat_farms,,bg_wheat_farms
STATE_AILROVDANSK@map_data/state_regions/22_yuriteixhen.txt:1854,2359,STATE_AILROVDANSK,capped,bg_logging,10,10
STATE_KALRAVIYANSK@map_data/state_regions/22_yuriteixhen.txt:1871,2360,STATE_KALRAVIYANSK,arable,bg_wheat_farms,,bg_wheat_farms
STATE_KALRAVIYANSK@map_data/state_regions/22_yuriteixhen.txt:1871,2360,STATE_KALRAVIYANSK,capped,bg_logging,10,10
STATE_SOILRAITH@map_data/state_regions/22_yuriteixhen.txt:1888,2361,STATE_SOILRAITH,arable,bg_wheat_farms,,bg_wheat_farms
STATE_SOILRAITH@map_data/state_regions/22_yuriteixhen.txt:1888,2361,STATE_SOILRAITH,capped,bg_logging,10,10
STATE_DORVALRANTH@map_data/state_regions/22_yuriteixhen.txt:1905,2362,STATE_DORVALRANTH,arable,bg_wheat_farms,,bg_wheat_farms
STATE_DORVALRANTH@map_data/state_regions/22_yuriteixhen.txt:1905,2362,STATE_DORVALRANTH,capped,bg_logging,10,10
STATE_SHURVALRANTH@map_data/state_regions/22_yuriteixhen.txt:1922,2363,STATE_SHURVALRANTH,arable,bg_wheat_farms,,bg_wheat_farms
STATE_SHURVALRANTH@map_data/state_regions/22_yuriteixhen.txt:1922,2363,STATE_SHURVALRANTH,capped,bg_logging,10,10
STATE_KIVRALRANTH@map_data/state_regions/22_yuriteixhen.txt:1939,2364,STATE_KIVRALRANTH,arable,bg_wheat_farms,,bg_wheat_farms
STATE_KIVRALRANTH@map_data/state_regions/22_yuriteixhen.txt:1939,2364,STATE_KIVRALRANTH,capped,bg_logging,10,10
STATE_SINOPOLRANCZAH@map_data/state_regions/22_yuriteixhen.txt:1956,2365,STATE_SINOPOLRANCZAH,arable,bg_wheat_farms,,bg_wheat_farms
STATE_SINOPOLRANCZAH@map_data/state_regions/22_yuriteixhen.txt:1956,2365,STATE_SINOPOLRANCZAH,capped,bg_logging,10,10
STATE_CASA_DE_ARZANTH@map_data/state_regions/22_yuriteixhen.txt:1973,2366,STATE_CASA_DE_ARZANTH,arable,bg_wheat_farms,,bg_wheat_farms
STATE_CASA_DE_ARZANTH@map_data/state_regions/22_yuriteixhen.txt:1973,2366,STATE_CASA_DE_ARZANTH,capped,bg_logging,10,10
STATE_NAILRORANTH@map_data/state_regions/22_yuriteixhen.txt:1990,2367,STATE_NAILRORANTH,arable,bg_wheat_farms,,bg_wheat_farms
STATE_NAILRORANTH@map_data/state_regions/22_yuriteixhen.txt:1990,2367,STATE_NAILRORANTH,capped,bg_logging,10,10
STATE_KUZHARAXI@map_data/state_regions/22_yuriteixhen.txt:2007,2368,STATE_KUZHARAXI,arable,bg_wheat_farms,,bg_wheat_farms
STATE_KUZHARAXI@map_data/state_regions/22_yuriteixhen.txt:2007,2368,STATE_KUZHARAXI,capped,bg_logging,10,10
STATE_TOLRERANTH@map_data/state_regions/22_yuriteixhen.txt:2024,2369,STATE_TOLRERANTH,arable,bg_wheat_farms,,bg_wheat_farms
STATE_TOLRERANTH@map_data/state_regions/22_yuriteixhen.txt:2024,2369,STATE_TOLRERANTH,capped,bg_logging,10,10
STATE_SOSVELRANIA@map_data/state_regions/22_yuriteixhen.txt:2041,2370,STATE_SOSVELRANIA,arable,bg_wheat_farms,,bg_wheat_farms
STATE_SOSVELRANIA@map_data/state_regions/22_yuriteixhen.txt:2041,2370,STATE_SOSVELRANIA,capped,bg_logging,10,10
STATE_KURHHELSK@map_data/state_regions/22_yuriteixhen.txt:2058,2371,STATE_KURHHELSK,arable,bg_wheat_farms,,bg_wheat_farms
STATE_KURHHELSK@map_data/state_regions/22_yuriteixhen.txt:2058,2371,STATE_KURHHELSK,capped,bg_logging,10,10
STATE_ILTOSK@map_data/state_regions/22_yuriteixhen.txt:2075,2372,STATE_ILTOSK,arable,bg_wheat_farms,,bg_wheat_farms
STATE_ILTOSK@map_data/state_regions/22_yuriteixhen.txt:2075,2372,STATE_ILTOSK,capped,bg_logging,10,10
STATE_RAUVANAXI@map_data/state_regions/22_yuriteixhen.txt:2092,2373,STATE_RAUVANAXI,arable,bg_wheat_farms,,bg_wheat_farms
STATE_RAUVANAXI@map_data/state_regions/22_yuriteixhen.txt:2092,2373,STATE_RAUVANAXI,capped,bg_logging,10,10
STATE_KANKARVANNAZIA@map_data/state_regions/22_yuriteixhen.txt:2109,2374,STATE_KANKARVANNAZIA,arable,bg_wheat_farms,,bg_wheat_farms
STATE_KANKARVANNAZIA@map_data/state_regions/22_yuriteixhen.txt:2109,2374,STATE_KANKARVANNAZIA,capped,bg_logging,10,10
STATE_NISPOVAHN@map_data/state_regions/22_yuriteixhen.txt:2126,2375,STATE_NISPOVAHN,arable,bg_wheat_farms,,bg_wheat_farms
STATE_NISPOVAHN@map_data/state_regions/22_yuriteixhen.txt:2126,2375,STATE_NISPOVAHN,capped,bg_logging,10,10
STATE_SHURPEHNVANNAZIA@map_data/state_regions/22_yuriteixhen.txt:2143,2376,STATE_SHURPEHNVANNAZIA,arable,bg_wheat_farms,,bg_wheat_farms
STATE_SHURPEHNVANNAZIA@map_data/state_regions/22_yuriteixhen.txt:2143,2376,STATE_SHURPEHNVANNAZIA,capped,bg_logging,10,10
STATE_ZEDALRUNANVERKH@map_data/state_regions/22_yuriteixhen.txt:2160,2377,STATE_ZEDALRUNANVERKH,arable,bg_wheat_farms,,bg_wheat_farms
STATE_ZEDALRUNANVERKH@map_data/state_regions/22_yuriteixhen.txt:2160,2377,STATE_ZEDALRUNANVERKH,capped,bg_logging,10,10
STATE_GARDARANIAH@map_data/state_regions/22_yuriteixhen.txt:2177,2378,STATE_GARDARANIAH,arable,bg_wheat_farms,,bg_wheat_farms
STATE_GARDARANIAH@map_data/state_regions/22_yuriteixhen.txt:2177,2378,STATE_GARDARANIAH,capped,bg_logging,10,10
STATE_KIOVHYEPH@map_data/state_regions/22_yuriteixhen.txt:2194,2379,STATE_KIOVHYEPH,arable,bg_wheat_farms,,bg_wheat_farms
STATE_KIOVHYEPH@map_data/state_regions/22_yuriteixhen.txt:2194,2379,STATE_KIOVHYEPH,capped,bg_logging,10,10
STATE_XEILRUVANSK@map_data/state_regions/22_yuriteixhen.txt:2211,2380,STATE_XEILRUVANSK,arable,bg_wheat_farms,,bg_wheat_farms
STATE_XEILRUVANSK@map_data/state_regions/22_yuriteixhen.txt:2211,2380,STATE_XEILRUVANSK,capped,bg_logging,10,10
STATE_HAINOSENSK@map_data/state_regions/22_yuriteixhen.txt:2228,2381,STATE_HAINOSENSK,arable,bg_wheat_farms,,bg_wheat_farms
STATE_HAINOSENSK@map_data/state_regions/22_yuriteixhen.txt:2228,2381,STATE_HAINOSENSK,capped,bg_logging,10,10
STATE_MAILROCZANTH@map_data/state_regions/22_yuriteixhen.txt:2245,2382,STATE_MAILROCZANTH,arable,bg_wheat_farms,,bg_wheat_farms
STATE_MAILROCZANTH@map_data/state_regions/22_yuriteixhen.txt:2245,2382,STATE_MAILROCZANTH,capped,bg_logging,10,10
STATE_UNSTVERKH@map_data/state_regions/22_yuriteixhen.txt:2262,2383,STATE_UNSTVERKH,arable,bg_wheat_farms,,bg_wheat_farms
STATE_UNSTVERKH@map_data/state_regions/22_yuriteixhen.txt:2262,2383,STATE_UNSTVERKH,capped,bg_logging,10,10
STATE_PORMELRANIAH@map_data/state_regions/22_yuriteixhen.txt:2279,2384,STATE_PORMELRANIAH,arable,bg_wheat_farms,,bg_wheat_farms
STATE_PORMELRANIAH@map_data/state_regions/22_yuriteixhen.txt:2279,2384,STATE_PORMELRANIAH,capped,bg_logging,10,10
STATE_PLROIELRANYA@map_data/state_regions/22_yuriteixhen.txt:2296,2385,STATE_PLROIELRANYA,arable,bg_wheat_farms,,bg_wheat_farms
STATE_PLROIELRANYA@map_data/state_regions/22_yuriteixhen.txt:2296,2385,STATE_PLROIELRANYA,capped,bg_logging,10,10
STATE_PATAXHALRAYA@map_data/state_regions/22_yuriteixhen.txt:2313,2386,STATE_PATAXHALRAYA,arable,bg_wheat_farms,,bg_wheat_farms
STATE_PATAXHALRAYA@map_data/state_regions/22_yuriteixhen.txt:2313,2386,STATE_PATAXHALRAYA,capped,bg_logging,10,10
STATE_VEISALRANGRAD@map_data/state_regions/22_yuriteixhen.txt:2330,2387,STATE_VEISALRANGRAD,arable,bg_wheat_farms,,bg_wheat_farms
STATE_VEISALRANGRAD@map_data/state_regions/22_yuriteixhen.txt:2330,2387,STATE_VEISALRANGRAD,capped,bg_logging,10,10
STATE_KIPLRAVELRANTA@map_data/state_regions/22_yuriteixhen.txt:2347,2388,STATE_KIPLRAVELRANTA,arable,bg_wheat_farms,,bg_wheat_farms
STATE_KIPLRAVELRANTA@map_data/state_regions/22_yuriteixhen.txt:2347,2388,STATE_KIPLRAVELRANTA,capped,bg_logging,10,10
STATE_KANPALROTA@map_data/state_regions/22_yuriteixhen.txt:2364,2389,STATE_KANPALROTA,arable,bg_wheat_farms,,bg_wheat_farms
STATE_KANPALROTA@map_data/state_regions/22_yuriteixhen.txt:2364,2389,STATE_KANPALROTA,capped,bg_logging,10,10
STATE_ENPALROTA@map_data/state_regions/22_yuriteixhen.txt:2381,2390,STATE_ENPALROTA,arable,bg_wheat_farms,,bg_wheat_farms
STATE_ENPALROTA@map_data/state_regions/22_yuriteixhen.txt:2381,2390,STATE_ENPALROTA,capped,bg_logging,10,10
STATE_SAILROTA@map_data/state_regions/22_yuriteixhen.txt:2398,2391,STATE_SAILROTA,arable,bg_wheat_farms,,bg_wheat_farms
STATE_SAILROTA@map_data/state_regions/22_yuriteixhen.txt:2398,2391,STATE_SAILROTA,capped,bg_logging,10,10
STATE_INTOSEILVERKH@map_data/state_regions/22_yuriteixhen.txt:2415,2392,STATE_INTOSEILVERKH,arable,bg_wheat_farms,,bg_wheat_farms
STATE_INTOSEILVERKH@map_data/state_regions/22_yuriteixhen.txt:2415,2392,STATE_INTOSEILVERKH,capped,bg_logging,10,10
STATE_DONIANIYEPH@map_data/state_regions/22_yuriteixhen.txt:2432,2393,STATE_DONIANIYEPH,arable,bg_wheat_farms,,bg_wheat_farms
STATE_DONIANIYEPH@map_data/state_regions/22_yuriteixhen.txt:2432,2393,STATE_DONIANIYEPH,capped,bg_logging,10,10
STATE_OLRHDARANYA@map_data/state_regions/22_yuriteixhen.txt:2449,2394,STATE_OLRHDARANYA,arable,bg_wheat_farms,,bg_wheat_farms
STATE_OLRHDARANYA@map_data/state_regions/22_yuriteixhen.txt:2449,2394,STATE_OLRHDARANYA,capped,bg_logging,10,10
STATE_ERINNOIVANSK@map_data/state_regions/22_yuriteixhen.txt:2466,2395,STATE_ERINNOIVANSK,arable,bg_wheat_farms,,bg_wheat_farms
STATE_ERINNOIVANSK@map_data/state_regions/22_yuriteixhen.txt:2466,2395,STATE_ERINNOIVANSK,capped,bg_logging,10,10
STATE_KURSK@map_data/state_regions/22_yuriteixhen.txt:2483,2396,STATE_KURSK,arable,bg_wheat_farms,,bg_wheat_farms
STATE_KURSK@map_data/state_regions/22_yuriteixhen.txt:2483,2396,STATE_KURSK,capped,bg_logging,10,10
STATE_XHEILRUVDA@map_data/state_regions/22_yuriteixhen.txt:2500,2397,STATE_XHEILRUVDA,arable,bg_wheat_farms,,bg_wheat_farms
STATE_XHEILRUVDA@map_data/state_regions/22_yuriteixhen.txt:2500,2397,STATE_XHEILRUVDA,capped,bg_logging,10,10
STATE_RURELRIAH@map_data/state_regions/22_yuriteixhen.txt:2517,2398,STATE_RURELRIAH,arable,bg_wheat_farms,,bg_wheat_farms
STATE_RURELRIAH@map_data/state_regions/22_yuriteixhen.txt:2517,2398,STATE_RURELRIAH,capped,bg_logging,10,10
STATE_NORSEIVELRENSK@map_data/state_regions/22_yuriteixhen.txt:2534,2399,STATE_NORSEIVELRENSK,arable,bg_wheat_farms,,bg_wheat_farms
STATE_NORSEIVELRENSK@map_data/state_regions/22_yuriteixhen.txt:2534,2399,STATE_NORSEIVELRENSK,capped,bg_logging,10,10
STATE_DARIENVELRENSK@map_data/state_regions/22_yuriteixhen.txt:2551,2400,STATE_DARIENVELRENSK,arable,bg_wheat_farms,,bg_wheat_farms
STATE_DARIENVELRENSK@map_data/state_regions/22_yuriteixhen.txt:2551,2400,STATE_DARIENVELRENSK,capped,bg_logging,10,10
STATE_SOLROSVELRENSK@map_data/state_regions/22_yuriteixhen.txt:2568,2401,STATE_SOLROSVELRENSK,arable,bg_wheat_farms,,bg_wheat_farms
STATE_SOLROSVELRENSK@map_data/state_regions/22_yuriteixhen.txt:2568,2401,STATE_SOLROSVELRENSK,capped,bg_logging,10,10
STATE_YUSZINNIYUEM@map_data/state_regions/22_yuriteixhen.txt:2585,2402,STATE_YUSZINNIYUEM,arable,bg_wheat_farms,,bg_wheat_farms
STATE_YUSZINNIYUEM@map_data/state_regions/22_yuriteixhen.txt:2585,2402,STATE_YUSZINNIYUEM,capped,bg_logging,10,10
STATE_SASTALRINSK@map_data/state_regions/22_yuriteixhen.txt:2602,2403,STATE_SASTALRINSK,arable,bg_wheat_farms,,bg_wheat_farms
STATE_SASTALRINSK@map_data/state_regions/22_yuriteixhen.txt:2602,2403,STATE_SASTALRINSK,capped,bg_logging,10,10
STATE_KOSTANROTA@map_data/state_regions/22_yuriteixhen.txt:2619,2405,STATE_KOSTANROTA,arable,bg_wheat_farms,,bg_wheat_farms
STATE_KOSTANROTA@map_data/state_regions/22_yuriteixhen.txt:2619,2405,STATE_KOSTANROTA,capped,bg_logging,10,10
STATE_AILRAPANTACZAH@map_data/state_regions/22_yuriteixhen.txt:2636,2406,STATE_AILRAPANTACZAH,arable,bg_wheat_farms,,bg_wheat_farms
STATE_AILRAPANTACZAH@map_data/state_regions/22_yuriteixhen.txt:2636,2406,STATE_AILRAPANTACZAH,capped,bg_logging,10,10
STATE_NARMILRUDA@map_data/state_regions/22_yuriteixhen.txt:2653,2407,STATE_NARMILRUDA,arable,bg_wheat_farms,,bg_wheat_farms
STATE_NARMILRUDA@map_data/state_regions/22_yuriteixhen.txt:2653,2407,STATE_NARMILRUDA,capped,bg_logging,10,10
STATE_SAITANVERKH@map_data/state_regions/22_yuriteixhen.txt:2670,2408,STATE_SAITANVERKH,arable,bg_wheat_farms,,bg_wheat_farms
STATE_SAITANVERKH@map_data/state_regions/22_yuriteixhen.txt:2670,2408,STATE_SAITANVERKH,capped,bg_logging,10,10
STATE_NAIROVISHI@map_data/state_regions/22_yuriteixhen.txt:2687,2409,STATE_NAIROVISHI,arable,bg_wheat_farms,,bg_wheat_farms
STATE_NAIROVISHI@map_data/state_regions/22_yuriteixhen.txt:2687,2409,STATE_NAIROVISHI,capped,bg_logging,10,10
STATE_YUOLRANI@map_data/state_regions/22_yuriteixhen.txt:2704,2410,STATE_YUOLRANI,arable,bg_wheat_farms,,bg_wheat_farms
STATE_YUOLRANI@map_data/state_regions/22_yuriteixhen.txt:2704,2410,STATE_YUOLRANI,capped,bg_logging,10,10
STATE_KAINNELRISHI@map_data/state_regions/22_yuriteixhen.txt:2721,2411,STATE_KAINNELRISHI,arable,bg_wheat_farms,,bg_wheat_farms
STATE_KAINNELRISHI@map_data/state_regions/22_yuriteixhen.txt:2721,2411,STATE_KAINNELRISHI,capped,bg_logging,10,10
STATE_OSTORAVELRANTA@map_data/state_regions/22_yuriteixhen.txt:2738,2412,STATE_OSTORAVELRANTA,arable,bg_wheat_farms,,bg_wheat_farms
STATE_OSTORAVELRANTA@map_data/state_regions/22_yuriteixhen.txt:2738,2412,STATE_OSTORAVELRANTA,capped,bg_logging,10,10
STATE_KAHASVARUDA@map_data/state_regions/22_yuriteixhen.txt:2755,2413,STATE_KAHASVARUDA,arable,bg_wheat_farms,,bg_wheat_farms
STATE_KAHASVARUDA@map_data/state_regions/22_yuriteixhen.txt:2755,2413,STATE_KAHASVARUDA,capped,bg_logging,10,10
STATE_AIRELRIYA@map_data/state_regions/22_yuriteixhen.txt:2772,2414,STATE_AIRELRIYA,arable,bg_wheat_farms,,bg_wheat_farms
STATE_AIRELRIYA@map_data/state_regions/22_yuriteixhen.txt:2772,2414,STATE_AIRELRIYA,capped,bg_logging,10,10
STATE_ZARVALRATA@map_data/state_regions/22_yuriteixhen.txt:2789,2415,STATE_ZARVALRATA,arable,bg_wheat_farms,,bg_wheat_farms
STATE_ZARVALRATA@map_data/state_regions/22_yuriteixhen.txt:2789,2415,STATE_ZARVALRATA,capped,bg_logging,10,10
STATE_ROIKALRATA@map_data/state_regions/22_yuriteixhen.txt:2806,2416,STATE_ROIKALRATA,arable,bg_wheat_farms,,bg_wheat_farms
STATE_ROIKALRATA@map_data/state_regions/22_yuriteixhen.txt:2806,2416,STATE_ROIKALRATA,capped,bg_logging,10,10
STATE_OSLRIZINNATH@map_data/state_regions/22_yuriteixhen.txt:2823,2417,STATE_OSLRIZINNATH,arable,bg_wheat_farms,,bg_wheat_farms
STATE_OSLRIZINNATH@map_data/state_regions/22_yuriteixhen.txt:2823,2417,STATE_OSLRIZINNATH,capped,bg_logging,10,10
STATE_NAIELRUVENSK@map_data/state_regions/22_yuriteixhen.txt:2840,2418,STATE_NAIELRUVENSK,arable,bg_wheat_farms,,bg_wheat_farms
STATE_NAIELRUVENSK@map_data/state_regions/22_yuriteixhen.txt:2840,2418,STATE_NAIELRUVENSK,capped,bg_logging,10,10
STATE_TARPALRACZAH@map_data/state_regions/22_yuriteixhen.txt:2857,2419,STATE_TARPALRACZAH,arable,bg_wheat_farms,,bg_wheat_farms
STATE_TARPALRACZAH@map_data/state_regions/22_yuriteixhen.txt:2857,2419,STATE_TARPALRACZAH,capped,bg_logging,10,10
STATE_SEIFELRANTH@map_data/state_regions/22_yuriteixhen.txt:2874,2420,STATE_SEIFELRANTH,arable,bg_wheat_farms,,bg_wheat_farms
STATE_SEIFELRANTH@map_data/state_regions/22_yuriteixhen.txt:2874,2420,STATE_SEIFELRANTH,capped,bg_logging,10,10
STATE_KINPUSRADA@map_data/state_regions/22_yuriteixhen.txt:2891,2421,STATE_KINPUSRADA,arable,bg_wheat_farms,,bg_wheat_farms
STATE_KINPUSRADA@map_data/state_regions/22_yuriteixhen.txt:2891,2421,STATE_KINPUSRADA,capped,bg_logging,10,10
STATE_HAISNANVERKH@map_data/state_regions/22_yuriteixhen.txt:2908,2422,STATE_HAISNANVERKH,arable,bg_wheat_farms,,bg_wheat_farms
STATE_HAISNANVERKH@map_data/state_regions/22_yuriteixhen.txt:2908,2422,STATE_HAISNANVERKH,capped,bg_logging,10,10
STATE_ZHUSPELRIYUEM@map_data/state_regions/22_yuriteixhen.txt:2925,2423,STATE_ZHUSPELRIYUEM,arable,bg_wheat_farms,,bg_wheat_farms
STATE_ZHUSPELRIYUEM@map_data/state_regions/22_yuriteixhen.txt:2925,2423,STATE_ZHUSPELRIYUEM,capped,bg_logging,10,10
STATE_ONDOVELRANTA@map_data/state_regions/22_yuriteixhen.txt:2942,2424,STATE_ONDOVELRANTA,arable,bg_wheat_farms,,bg_wheat_farms
STATE_ONDOVELRANTA@map_data/state_regions/22_yuriteixhen.txt:2942,2424,STATE_ONDOVELRANTA,capped,bg_logging,10,10
STATE_IUSPANTEGIYUEM@map_data/state_regions/22_yuriteixhen.txt:2959,2425,STATE_IUSPANTEGIYUEM,arable,bg_wheat_farms,,bg_wheat_farms
STATE_IUSPANTEGIYUEM@map_data/state_regions/22_yuriteixhen.txt:2959,2425,STATE_IUSPANTEGIYUEM,capped,bg_logging,10,10
STATE_KALRUNIAH@map_data/state_regions/23_skainien.txt:1,2426,STATE_KALRUNIAH,arable,bg_wheat_farms,,bg_wheat_farms
STATE_KALRUNIAH@map_data/state_regions/23_skainien.txt:1,2426,STATE_KALRUNIAH,capped,bg_logging,10,10
STATE_SEVELRIAH@map_data/state_regions/23_skainien.txt:18,2427,STATE_SEVELRIAH,arable,bg_wheat_farms,,bg_wheat_farms
STATE_SEVELRIAH@map_data/state_regions/23_skainien.txt:18,2427,STATE_SEVELRIAH,capped,bg_logging,10,10
STATE_SAIDENVRALRANTA@map_data/state_regions/23_skainien.txt:35,2428,STATE_SAIDENVRALRANTA,arable,bg_wheat_farms,,bg_wheat_farms
STATE_SAIDENVRALRANTA@map_data/state_regions/23_skainien.txt:35,2428,STATE_SAIDENVRALRANTA,capped,bg_logging,10,10
STATE_NAIXHULRIA@map_data/state_regions/23_skainien.txt:52,2429,STATE_NAIXHULRIA,arable,bg_wheat_farms,,bg_wheat_farms
STATE_NAIXHULRIA@map_data/state_regions/23_skainien.txt:52,2429,STATE_NAIXHULRIA,capped,bg_logging,10,10
STATE_KEITALRANANTH@map_data/state_regions/23_skainien.txt:69,2430,STATE_KEITALRANANTH,arable,bg_wheat_farms,,bg_wheat_farms
STATE_KEITALRANANTH@map_data/state_regions/23_skainien.txt:69,2430,STATE_KEITALRANANTH,capped,bg_logging,10,10
STATE_NIOSTALRUNIAH@map_data/state_regions/23_skainien.txt:86,2431,STATE_NIOSTALRUNIAH,arable,bg_wheat_farms,,bg_wheat_farms
STATE_NIOSTALRUNIAH@map_data/state_regions/23_skainien.txt:86,2431,STATE_NIOSTALRUNIAH,capped,bg_logging,10,10
STATE_KENTOSRUNYA@map_data/state_regions/23_skainien.txt:103,2432,STATE_KENTOSRUNYA,arable,bg_wheat_farms,,bg_wheat_farms
STATE_KENTOSRUNYA@map_data/state_regions/23_skainien.txt:103,2432,STATE_KENTOSRUNYA,capped,bg_logging,10,10
STATE_RESDELRUNIAH@map_data/state_regions/23_skainien.txt:120,2433,STATE_RESDELRUNIAH,arable,bg_wheat_farms,,bg_wheat_farms
STATE_RESDELRUNIAH@map_data/state_regions/23_skainien.txt:120,2433,STATE_RESDELRUNIAH,capped,bg_logging,10,10
STATE_EHILDEKALRANTZ@map_data/state_regions/23_skainien.txt:137,2434,STATE_EHILDEKALRANTZ,arable,bg_wheat_farms,,bg_wheat_farms
STATE_EHILDEKALRANTZ@map_data/state_regions/23_skainien.txt:137,2434,STATE_EHILDEKALRANTZ,capped,bg_logging,10,10
STATE_AUSTANIAH@map_data/state_regions/23_skainien.txt:154,2435,STATE_AUSTANIAH,arable,bg_wheat_farms,,bg_wheat_farms
STATE_AUSTANIAH@map_data/state_regions/23_skainien.txt:154,2435,STATE_AUSTANIAH,capped,bg_logging,10,10
STATE_HIVHRALTARH@map_data/state_regions/23_skainien.txt:171,2436,STATE_HIVHRALTARH,arable,bg_wheat_farms,,bg_wheat_farms
STATE_HIVHRALTARH@map_data/state_regions/23_skainien.txt:171,2436,STATE_HIVHRALTARH,capped,bg_logging,10,10
STATE_OTOSIUS@map_data/state_regions/23_skainien.txt:188,2437,STATE_OTOSIUS,arable,bg_wheat_farms,,bg_wheat_farms
STATE_OTOSIUS@map_data/state_regions/23_skainien.txt:188,2437,STATE_OTOSIUS,capped,bg_logging,10,10
STATE_KIPUSTANIAH@map_data/state_regions/23_skainien.txt:205,2438,STATE_KIPUSTANIAH,arable,bg_wheat_farms,,bg_wheat_farms
STATE_KIPUSTANIAH@map_data/state_regions/23_skainien.txt:205,2438,STATE_KIPUSTANIAH,capped,bg_logging,10,10
STATE_AILROVERKH@map_data/state_regions/23_skainien.txt:222,2439,STATE_AILROVERKH,arable,bg_wheat_farms,,bg_wheat_farms
STATE_AILROVERKH@map_data/state_regions/23_skainien.txt:222,2439,STATE_AILROVERKH,capped,bg_logging,10,10
STATE_RUSHILRANTZ@map_data/state_regions/23_skainien.txt:239,2440,STATE_RUSHILRANTZ,arable,bg_wheat_farms,,bg_wheat_farms
STATE_RUSHILRANTZ@map_data/state_regions/23_skainien.txt:239,2440,STATE_RUSHILRANTZ,capped,bg_logging,10,10
STATE_NUISVANTATH@map_data/state_regions/23_skainien.txt:256,2441,STATE_NUISVANTATH,arable,bg_wheat_farms,,bg_wheat_farms
STATE_NUISVANTATH@map_data/state_regions/23_skainien.txt:256,2441,STATE_NUISVANTATH,capped,bg_logging,10,10
STATE_RIKANSVANTATZ@map_data/state_regions/23_skainien.txt:273,2442,STATE_RIKANSVANTATZ,arable,bg_wheat_farms,,bg_wheat_farms
STATE_RIKANSVANTATZ@map_data/state_regions/23_skainien.txt:273,2442,STATE_RIKANSVANTATZ,capped,bg_logging,10,10
STATE_KUPANTAZIYUEM@map_data/state_regions/23_skainien.txt:290,2443,STATE_KUPANTAZIYUEM,arable,bg_wheat_farms,,bg_wheat_farms
STATE_KUPANTAZIYUEM@map_data/state_regions/23_skainien.txt:290,2443,STATE_KUPANTAZIYUEM,capped,bg_logging,10,10
STATE_ANDARANSTOLROCZAH@map_data/state_regions/23_skainien.txt:307,2444,STATE_ANDARANSTOLROCZAH,arable,bg_wheat_farms,,bg_wheat_farms
STATE_ANDARANSTOLROCZAH@map_data/state_regions/23_skainien.txt:307,2444,STATE_ANDARANSTOLROCZAH,capped,bg_logging,10,10
STATE_OPOANSTOLROCZAH@map_data/state_regions/23_skainien.txt:324,2445,STATE_OPOANSTOLROCZAH,arable,bg_wheat_farms,,bg_wheat_farms
STATE_OPOANSTOLROCZAH@map_data/state_regions/23_skainien.txt:324,2445,STATE_OPOANSTOLROCZAH,capped,bg_logging,10,10
STATE_NIXVERKH@map_data/state_regions/23_skainien.txt:341,2446,STATE_NIXVERKH,arable,bg_wheat_farms,,bg_wheat_farms
STATE_NIXVERKH@map_data/state_regions/23_skainien.txt:341,2446,STATE_NIXVERKH,capped,bg_logging,10,10
STATE_KINSPALRAZI@map_data/state_regions/23_skainien.txt:358,2447,STATE_KINSPALRAZI,arable,bg_wheat_farms,,bg_wheat_farms
STATE_KINSPALRAZI@map_data/state_regions/23_skainien.txt:358,2447,STATE_KINSPALRAZI,capped,bg_logging,10,10
STATE_KINPUSLRANASHI@map_data/state_regions/23_skainien.txt:375,2448,STATE_KINPUSLRANASHI,arable,bg_wheat_farms,,bg_wheat_farms
STATE_KINPUSLRANASHI@map_data/state_regions/23_skainien.txt:375,2448,STATE_KINPUSLRANASHI,capped,bg_logging,10,10
STATE_ROSPOTANASHI@map_data/state_regions/23_skainien.txt:392,2449,STATE_ROSPOTANASHI,arable,bg_wheat_farms,,bg_wheat_farms
STATE_ROSPOTANASHI@map_data/state_regions/23_skainien.txt:392,2449,STATE_ROSPOTANASHI,capped,bg_logging,10,10
STATE_PORTE_DE_RIKASUS@map_data/state_regions/23_skainien.txt:409,2450,STATE_PORTE_DE_RIKASUS,arable,bg_wheat_farms,,bg_wheat_farms
STATE_PORTE_DE_RIKASUS@map_data/state_regions/23_skainien.txt:409,2450,STATE_PORTE_DE_RIKASUS,capped,bg_logging,10,10
STATE_SOSPOTZDAN@map_data/state_regions/23_skainien.txt:426,2451,STATE_SOSPOTZDAN,arable,bg_wheat_farms,,bg_wheat_farms
STATE_SOSPOTZDAN@map_data/state_regions/23_skainien.txt:426,2451,STATE_SOSPOTZDAN,capped,bg_logging,10,10
STATE_AISPALRATIUS@map_data/state_regions/23_skainien.txt:443,2452,STATE_AISPALRATIUS,arable,bg_wheat_farms,,bg_wheat_farms
STATE_AISPALRATIUS@map_data/state_regions/23_skainien.txt:443,2452,STATE_AISPALRATIUS,capped,bg_logging,10,10
STATE_SLRAIVENYA@map_data/state_regions/23_skainien.txt:460,2453,STATE_SLRAIVENYA,arable,bg_wheat_farms,,bg_wheat_farms
STATE_SLRAIVENYA@map_data/state_regions/23_skainien.txt:460,2453,STATE_SLRAIVENYA,capped,bg_logging,10,10
STATE_ISKANTARNIAH@map_data/state_regions/23_skainien.txt:477,2454,STATE_ISKANTARNIAH,arable,bg_wheat_farms,,bg_wheat_farms
STATE_ISKANTARNIAH@map_data/state_regions/23_skainien.txt:477,2454,STATE_ISKANTARNIAH,capped,bg_logging,10,10
STATE_NUSTANTANIAH@map_data/state_regions/23_skainien.txt:494,2455,STATE_NUSTANTANIAH,arable,bg_wheat_farms,,bg_wheat_farms
STATE_NUSTANTANIAH@map_data/state_regions/23_skainien.txt:494,2455,STATE_NUSTANTANIAH,capped,bg_logging,10,10
STATE_PORTE_DE_IUSPOS@map_data/state_regions/23_skainien.txt:511,2456,STATE_PORTE_DE_IUSPOS,arable,bg_wheat_farms,,bg_wheat_farms
STATE_PORTE_DE_IUSPOS@map_data/state_regions/23_skainien.txt:511,2456,STATE_PORTE_DE_IUSPOS,capped,bg_logging,10,10
STATE_ONSTANVERKH@map_data/state_regions/23_skainien.txt:528,2457,STATE_ONSTANVERKH,arable,bg_wheat_farms,,bg_wheat_farms
STATE_ONSTANVERKH@map_data/state_regions/23_skainien.txt:528,2457,STATE_ONSTANVERKH,capped,bg_logging,10,10
STATE_OSRAVHDA@map_data/state_regions/23_skainien.txt:545,2458,STATE_OSRAVHDA,arable,bg_wheat_farms,,bg_wheat_farms
STATE_OSRAVHDA@map_data/state_regions/23_skainien.txt:545,2458,STATE_OSRAVHDA,capped,bg_logging,10,10
STATE_OPANTACZATH@map_data/state_regions/23_skainien.txt:562,2459,STATE_OPANTACZATH,arable,bg_wheat_farms,,bg_wheat_farms
STATE_OPANTACZATH@map_data/state_regions/23_skainien.txt:562,2459,STATE_OPANTACZATH,capped,bg_logging,10,10
STATE_INDOXHINIYUEM@map_data/state_regions/23_skainien.txt:579,2460,STATE_INDOXHINIYUEM,arable,bg_wheat_farms,,bg_wheat_farms
STATE_INDOXHINIYUEM@map_data/state_regions/23_skainien.txt:579,2460,STATE_INDOXHINIYUEM,capped,bg_logging,10,10
STATE_ZAIROPA@map_data/state_regions/23_skainien.txt:596,2461,STATE_ZAIROPA,arable,bg_wheat_farms,,bg_wheat_farms
STATE_ZAIROPA@map_data/state_regions/23_skainien.txt:596,2461,STATE_ZAIROPA,capped,bg_logging,10,10
STATE_INRILRAPA@map_data/state_regions/23_skainien.txt:613,2462,STATE_INRILRAPA,arable,bg_wheat_farms,,bg_wheat_farms
STATE_INRILRAPA@map_data/state_regions/23_skainien.txt:613,2462,STATE_INRILRAPA,capped,bg_logging,10,10
STATE_HAINSVERKH@map_data/state_regions/23_skainien.txt:630,2463,STATE_HAINSVERKH,arable,bg_wheat_farms,,bg_wheat_farms
STATE_HAINSVERKH@map_data/state_regions/23_skainien.txt:630,2463,STATE_HAINSVERKH,capped,bg_logging,10,10
STATE_ISZUAPA@map_data/state_regions/23_skainien.txt:647,2464,STATE_ISZUAPA,arable,bg_wheat_farms,,bg_wheat_farms
STATE_ISZUAPA@map_data/state_regions/23_skainien.txt:647,2464,STATE_ISZUAPA,capped,bg_logging,10,10
STATE_RASZUIPA@map_data/state_regions/23_skainien.txt:664,2465,STATE_RASZUIPA,arable,bg_wheat_farms,,bg_wheat_farms
STATE_RASZUIPA@map_data/state_regions/23_skainien.txt:664,2465,STATE_RASZUIPA,capped,bg_logging,10,10
STATE_KANSZUIPA@map_data/state_regions/23_skainien.txt:681,2466,STATE_KANSZUIPA,arable,bg_wheat_farms,,bg_wheat_farms
STATE_KANSZUIPA@map_data/state_regions/23_skainien.txt:681,2466,STATE_KANSZUIPA,capped,bg_logging,10,10
STATE_RAKKANTACZAH@map_data/state_regions/23_skainien.txt:698,2467,STATE_RAKKANTACZAH,arable,bg_wheat_farms,,bg_wheat_farms
STATE_RAKKANTACZAH@map_data/state_regions/23_skainien.txt:698,2467,STATE_RAKKANTACZAH,capped,bg_logging,10,10
STATE_OILRACZAH@map_data/state_regions/23_skainien.txt:715,2468,STATE_OILRACZAH,arable,bg_wheat_farms,,bg_wheat_farms
STATE_OILRACZAH@map_data/state_regions/23_skainien.txt:715,2468,STATE_OILRACZAH,capped,bg_logging,10,10
STATE_AIENSVALRANKA@map_data/state_regions/23_skainien.txt:732,2469,STATE_AIENSVALRANKA,arable,bg_wheat_farms,,bg_wheat_farms
STATE_AIENSVALRANKA@map_data/state_regions/23_skainien.txt:732,2469,STATE_AIENSVALRANKA,capped,bg_logging,10,10
STATE_HOVORASIYA@map_data/state_regions/23_skainien.txt:749,2470,STATE_HOVORASIYA,arable,bg_wheat_farms,,bg_wheat_farms
STATE_HOVORASIYA@map_data/state_regions/23_skainien.txt:749,2470,STATE_HOVORASIYA,capped,bg_logging,10,10
STATE_NAIROZELRAVAHN@map_data/state_regions/23_skainien.txt:766,2471,STATE_NAIROZELRAVAHN,arable,bg_wheat_farms,,bg_wheat_farms
STATE_NAIROZELRAVAHN@map_data/state_regions/23_skainien.txt:766,2471,STATE_NAIROZELRAVAHN,capped,bg_logging,10,10
STATE_HYUSTANTINA@map_data/state_regions/23_skainien.txt:783,2472,STATE_HYUSTANTINA,arable,bg_wheat_farms,,bg_wheat_farms
STATE_HYUSTANTINA@map_data/state_regions/23_skainien.txt:783,2472,STATE_HYUSTANTINA,capped,bg_logging,10,10
STATE_RAIVTANTINA@map_data/state_regions/23_skainien.txt:800,2473,STATE_RAIVTANTINA,arable,bg_wheat_farms,,bg_wheat_farms
STATE_RAIVTANTINA@map_data/state_regions/23_skainien.txt:800,2473,STATE_RAIVTANTINA,capped,bg_logging,10,10
STATE_HAILRUVANTAZIEN@map_data/state_regions/23_skainien.txt:817,2474,STATE_HAILRUVANTAZIEN,arable,bg_wheat_farms,,bg_wheat_farms
STATE_HAILRUVANTAZIEN@map_data/state_regions/23_skainien.txt:817,2474,STATE_HAILRUVANTAZIEN,capped,bg_logging,10,10
STATE_OHANSK@map_data/state_regions/23_skainien.txt:834,2475,STATE_OHANSK,arable,bg_wheat_farms,,bg_wheat_farms
STATE_OHANSK@map_data/state_regions/23_skainien.txt:834,2475,STATE_OHANSK,capped,bg_logging,10,10
STATE_SERPANTAZIA@map_data/state_regions/23_skainien.txt:851,2476,STATE_SERPANTAZIA,arable,bg_wheat_farms,,bg_wheat_farms
STATE_SERPANTAZIA@map_data/state_regions/23_skainien.txt:851,2476,STATE_SERPANTAZIA,capped,bg_logging,10,10
STATE_RAIBUZRIYA@map_data/state_regions/23_skainien.txt:868,2477,STATE_RAIBUZRIYA,arable,bg_wheat_farms,,bg_wheat_farms
STATE_RAIBUZRIYA@map_data/state_regions/23_skainien.txt:868,2477,STATE_RAIBUZRIYA,capped,bg_logging,10,10
STATE_INTUVALRANSK@map_data/state_regions/23_skainien.txt:885,2478,STATE_INTUVALRANSK,arable,bg_wheat_farms,,bg_wheat_farms
STATE_INTUVALRANSK@map_data/state_regions/23_skainien.txt:885,2478,STATE_INTUVALRANSK,capped,bg_logging,10,10
STATE_RAVUVANVDA@map_data/state_regions/23_skainien.txt:902,2479,STATE_RAVUVANVDA,arable,bg_wheat_farms,,bg_wheat_farms
STATE_RAVUVANVDA@map_data/state_regions/23_skainien.txt:902,2479,STATE_RAVUVANVDA,capped,bg_logging,10,10
STATE_KAILRUNIAH@map_data/state_regions/23_skainien.txt:919,2480,STATE_KAILRUNIAH,arable,bg_wheat_farms,,bg_wheat_farms
STATE_KAILRUNIAH@map_data/state_regions/23_skainien.txt:919,2480,STATE_KAILRUNIAH,capped,bg_logging,10,10
STATE_HAVLRANSK@map_data/state_regions/23_skainien.txt:936,2481,STATE_HAVLRANSK,arable,bg_wheat_farms,,bg_wheat_farms
STATE_HAVLRANSK@map_data/state_regions/23_skainien.txt:936,2481,STATE_HAVLRANSK,capped,bg_logging,10,10
STATE_KINTAVLRENSK@map_data/state_regions/23_skainien.txt:953,2482,STATE_KINTAVLRENSK,arable,bg_wheat_farms,,bg_wheat_farms
STATE_KINTAVLRENSK@map_data/state_regions/23_skainien.txt:953,2482,STATE_KINTAVLRENSK,capped,bg_logging,10,10
STATE_DORVANVERKH@map_data/state_regions/23_skainien.txt:970,2483,STATE_DORVANVERKH,arable,bg_wheat_farms,,bg_wheat_farms
STATE_DORVANVERKH@map_data/state_regions/23_skainien.txt:970,2483,STATE_DORVANVERKH,capped,bg_logging,10,10
STATE_DERVANHOX@map_data/state_regions/23_skainien.txt:987,2484,STATE_DERVANHOX,arable,bg_wheat_farms,,bg_wheat_farms
STATE_DERVANHOX@map_data/state_regions/23_skainien.txt:987,2484,STATE_DERVANHOX,capped,bg_logging,10,10
STATE_DAILRANDUNIAH@map_data/state_regions/23_skainien.txt:1004,2485,STATE_DAILRANDUNIAH,arable,bg_wheat_farms,,bg_wheat_farms
STATE_DAILRANDUNIAH@map_data/state_regions/23_skainien.txt:1004,2485,STATE_DAILRANDUNIAH,capped,bg_logging,10,10
STATE_RAKANTAMEXH@map_data/state_regions/23_skainien.txt:1021,2486,STATE_RAKANTAMEXH,arable,bg_wheat_farms,,bg_wheat_farms
STATE_RAKANTAMEXH@map_data/state_regions/23_skainien.txt:1021,2486,STATE_RAKANTAMEXH,capped,bg_logging,10,10
STATE_XHOVDA@map_data/state_regions/23_skainien.txt:1038,2487,STATE_XHOVDA,arable,bg_wheat_farms,,bg_wheat_farms
STATE_XHOVDA@map_data/state_regions/23_skainien.txt:1038,2487,STATE_XHOVDA,capped,bg_logging,10,10
STATE_RIAVLRUTZ@map_data/state_regions/23_skainien.txt:1055,2488,STATE_RIAVLRUTZ,arable,bg_wheat_farms,,bg_wheat_farms
STATE_RIAVLRUTZ@map_data/state_regions/23_skainien.txt:1055,2488,STATE_RIAVLRUTZ,capped,bg_logging,10,10
STATE_GARGANTALRIYA@map_data/state_regions/23_skainien.txt:1072,2489,STATE_GARGANTALRIYA,arable,bg_wheat_farms,,bg_wheat_farms
STATE_GARGANTALRIYA@map_data/state_regions/23_skainien.txt:1072,2489,STATE_GARGANTALRIYA,capped,bg_logging,10,10
STATE_HAKANTARCZAH@map_data/state_regions/23_skainien.txt:1089,2490,STATE_HAKANTARCZAH,arable,bg_wheat_farms,,bg_wheat_farms
STATE_HAKANTARCZAH@map_data/state_regions/23_skainien.txt:1089,2490,STATE_HAKANTARCZAH,capped,bg_logging,10,10
STATE_ROIDALRANVERKH@map_data/state_regions/23_skainien.txt:1106,2491,STATE_ROIDALRANVERKH,arable,bg_wheat_farms,,bg_wheat_farms
STATE_ROIDALRANVERKH@map_data/state_regions/23_skainien.txt:1106,2491,STATE_ROIDALRANVERKH,capped,bg_logging,10,10
STATE_HALROTSNIAH@map_data/state_regions/23_skainien.txt:1123,2492,STATE_HALROTSNIAH,arable,bg_wheat_farms,,bg_wheat_farms
STATE_HALROTSNIAH@map_data/state_regions/23_skainien.txt:1123,2492,STATE_HALROTSNIAH,capped,bg_logging,10,10
STATE_SOILRUSTANVERKH@map_data/state_regions/23_skainien.txt:1140,2493,STATE_SOILRUSTANVERKH,arable,bg_wheat_farms,,bg_wheat_farms
STATE_SOILRUSTANVERKH@map_data/state_regions/23_skainien.txt:1140,2493,STATE_SOILRUSTANVERKH,capped,bg_logging,10,10
STATE_HAILRUDANSK@map_data/state_regions/23_skainien.txt:1157,2494,STATE_HAILRUDANSK,arable,bg_wheat_farms,,bg_wheat_farms
STATE_HAILRUDANSK@map_data/state_regions/23_skainien.txt:1157,2494,STATE_HAILRUDANSK,capped,bg_logging,10,10
STATE_AINTOVLRANKA@map_data/state_regions/23_skainien.txt:1174,2495,STATE_AINTOVLRANKA,arable,bg_wheat_farms,,bg_wheat_farms
STATE_AINTOVLRANKA@map_data/state_regions/23_skainien.txt:1174,2495,STATE_AINTOVLRANKA,capped,bg_logging,10,10
STATE_SAILRUDANSK@map_data/state_regions/23_skainien.txt:1191,2496,STATE_SAILRUDANSK,arable,bg_wheat_farms,,bg_wheat_farms
STATE_SAILRUDANSK@map_data/state_regions/23_skainien.txt:1191,2496,STATE_SAILRUDANSK,capped,bg_logging,10,10
STATE_KUSPELRAHASHI@map_data/state_regions/23_skainien.txt:1208,2497,STATE_KUSPELRAHASHI,arable,bg_wheat_farms,,bg_wheat_farms
STATE_KUSPELRAHASHI@map_data/state_regions/23_skainien.txt:1208,2497,STATE_KUSPELRAHASHI,capped,bg_logging,10,10
STATE_SATOVIBISHI@map_data/state_regions/23_skainien.txt:1225,2498,STATE_SATOVIBISHI,arable,bg_wheat_farms,,bg_wheat_farms
STATE_SATOVIBISHI@map_data/state_regions/23_skainien.txt:1225,2498,STATE_SATOVIBISHI,capped,bg_logging,10,10
STATE_HUSTALRANYA@map_data/state_regions/23_skainien.txt:1242,2499,STATE_HUSTALRANYA,arable,bg_wheat_farms,,bg_wheat_farms
STATE_HUSTALRANYA@map_data/state_regions/23_skainien.txt:1242,2499,STATE_HUSTALRANYA,capped,bg_logging,10,10
STATE_XHURHAVANCZAH@map_data/state_regions/23_skainien.txt:1259,2500,STATE_XHURHAVANCZAH,arable,bg_wheat_farms,,bg_wheat_farms
STATE_XHURHAVANCZAH@map_data/state_regions/23_skainien.txt:1259,2500,STATE_XHURHAVANCZAH,capped,bg_logging,10,10
STATE_NAIYELRODANTZ@map_data/state_regions/23_skainien.txt:1276,2501,STATE_NAIYELRODANTZ,arable,bg_wheat_farms,,bg_wheat_farms
STATE_NAIYELRODANTZ@map_data/state_regions/23_skainien.txt:1276,2501,STATE_NAIYELRODANTZ,capped,bg_logging,10,10
STATE_NUEVALRANDORTA@map_data/state_regions/23_skainien.txt:1293,2502,STATE_NUEVALRANDORTA,arable,bg_wheat_farms,,bg_wheat_farms
STATE_NUEVALRANDORTA@map_data/state_regions/23_skainien.txt:1293,2502,STATE_NUEVALRANDORTA,capped,bg_logging,10,10
STATE_UHELRUTABISHI@map_data/state_regions/23_skainien.txt:1310,2503,STATE_UHELRUTABISHI,arable,bg_wheat_farms,,bg_wheat_farms
STATE_UHELRUTABISHI@map_data/state_regions/23_skainien.txt:1310,2503,STATE_UHELRUTABISHI,capped,bg_logging,10,10
STATE_HASPELRANYA@map_data/state_regions/23_skainien.txt:1327,2504,STATE_HASPELRANYA,arable,bg_wheat_farms,,bg_wheat_farms
STATE_HASPELRANYA@map_data/state_regions/23_skainien.txt:1327,2504,STATE_HASPELRANYA,capped,bg_logging,10,10
STATE_KAUKAZIEN@map_data/state_regions/23_skainien.txt:1344,2505,STATE_KAUKAZIEN,arable,bg_wheat_farms,,bg_wheat_farms
STATE_KAUKAZIEN@map_data/state_regions/23_skainien.txt:1344,2505,STATE_KAUKAZIEN,capped,bg_logging,10,10
STATE_ROSPOTOZIEN@map_data/state_regions/23_skainien.txt:1361,2506,STATE_ROSPOTOZIEN,arable,bg_wheat_farms,,bg_wheat_farms
STATE_ROSPOTOZIEN@map_data/state_regions/23_skainien.txt:1361,2506,STATE_ROSPOTOZIEN,capped,bg_logging,10,10
STATE_RUVDANCZAH@map_data/state_regions/23_skainien.txt:1378,2507,STATE_RUVDANCZAH,arable,bg_wheat_farms,,bg_wheat_farms
STATE_RUVDANCZAH@map_data/state_regions/23_skainien.txt:1378,2507,STATE_RUVDANCZAH,capped,bg_logging,10,10
STATE_KAIPOLRANSK@map_data/state_regions/23_skainien.txt:1395,2508,STATE_KAIPOLRANSK,arable,bg_wheat_farms,,bg_wheat_farms
STATE_KAIPOLRANSK@map_data/state_regions/23_skainien.txt:1395,2508,STATE_KAIPOLRANSK,capped,bg_logging,10,10
STATE_HAILRUSDANCZAH@map_data/state_regions/23_skainien.txt:1412,2509,STATE_HAILRUSDANCZAH,arable,bg_wheat_farms,,bg_wheat_farms
STATE_HAILRUSDANCZAH@map_data/state_regions/23_skainien.txt:1412,2509,STATE_HAILRUSDANCZAH,capped,bg_logging,10,10
STATE_AYUVDAH@map_data/state_regions/23_skainien.txt:1429,2510,STATE_AYUVDAH,arable,bg_wheat_farms,,bg_wheat_farms
STATE_AYUVDAH@map_data/state_regions/23_skainien.txt:1429,2510,STATE_AYUVDAH,capped,bg_logging,10,10
STATE_HEILRUVDA@map_data/state_regions/23_skainien.txt:1446,2511,STATE_HEILRUVDA,arable,bg_wheat_farms,,bg_wheat_farms
STATE_HEILRUVDA@map_data/state_regions/23_skainien.txt:1446,2511,STATE_HEILRUVDA,capped,bg_logging,10,10
STATE_INTOHAPLRAVERKH@map_data/state_regions/23_skainien.txt:1463,2512,STATE_INTOHAPLRAVERKH,arable,bg_wheat_farms,,bg_wheat_farms
STATE_INTOHAPLRAVERKH@map_data/state_regions/23_skainien.txt:1463,2512,STATE_INTOHAPLRAVERKH,capped,bg_logging,10,10
STATE_HIPOLRATSANTA@map_data/state_regions/23_skainien.txt:1480,2513,STATE_HIPOLRATSANTA,arable,bg_wheat_farms,,bg_wheat_farms
STATE_HIPOLRATSANTA@map_data/state_regions/23_skainien.txt:1480,2513,STATE_HIPOLRATSANTA,capped,bg_logging,10,10
STATE_KOHORUTA@map_data/state_regions/23_skainien.txt:1497,2514,STATE_KOHORUTA,arable,bg_wheat_farms,,bg_wheat_farms
STATE_KOHORUTA@map_data/state_regions/23_skainien.txt:1497,2514,STATE_KOHORUTA,capped,bg_logging,10,10
STATE_HAVLRANVERKH@map_data/state_regions/23_skainien.txt:1514,2515,STATE_HAVLRANVERKH,arable,bg_wheat_farms,,bg_wheat_farms
STATE_HAVLRANVERKH@map_data/state_regions/23_skainien.txt:1514,2515,STATE_HAVLRANVERKH,capped,bg_logging,10,10
STATE_KAISVALRANTA@map_data/state_regions/23_skainien.txt:1531,2516,STATE_KAISVALRANTA,arable,bg_wheat_farms,,bg_wheat_farms
STATE_KAISVALRANTA@map_data/state_regions/23_skainien.txt:1531,2516,STATE_KAISVALRANTA,capped,bg_logging,10,10
STATE_AIOPOLRATL@map_data/state_regions/23_skainien.txt:1548,2517,STATE_AIOPOLRATL,arable,bg_wheat_farms,,bg_wheat_farms
STATE_AIOPOLRATL@map_data/state_regions/23_skainien.txt:1548,2517,STATE_AIOPOLRATL,capped,bg_logging,10,10
STATE_ONSPOTALRIYA@map_data/state_regions/23_skainien.txt:1565,2518,STATE_ONSPOTALRIYA,arable,bg_wheat_farms,,bg_wheat_farms
STATE_ONSPOTALRIYA@map_data/state_regions/23_skainien.txt:1565,2518,STATE_ONSPOTALRIYA,capped,bg_logging,10,10
STATE_IUSRANENTH@map_data/state_regions/23_skainien.txt:1582,2519,STATE_IUSRANENTH,arable,bg_wheat_farms,,bg_wheat_farms
STATE_IUSRANENTH@map_data/state_regions/23_skainien.txt:1582,2519,STATE_IUSRANENTH,capped,bg_logging,10,10
STATE_INEHSPANTEZIAH@map_data/state_regions/23_skainien.txt:1599,2638,STATE_INEHSPANTEZIAH,arable,bg_wheat_farms,,bg_wheat_farms
STATE_INEHSPANTEZIAH@map_data/state_regions/23_skainien.txt:1599,2638,STATE_INEHSPANTEZIAH,capped,bg_logging,10,10
STATE_ARIVENIAH@map_data/state_regions/24_dhrufherth.txt:1,2520,STATE_ARIVENIAH,arable,bg_wheat_farms,,bg_wheat_farms
STATE_ARIVENIAH@map_data/state_regions/24_dhrufherth.txt:1,2520,STATE_ARIVENIAH,capped,bg_logging,10,10
STATE_KENTSKORIA@map_data/state_regions/24_dhrufherth.txt:18,2521,STATE_KENTSKORIA,arable,bg_wheat_farms,,bg_wheat_farms
STATE_KENTSKORIA@map_data/state_regions/24_dhrufherth.txt:18,2521,STATE_KENTSKORIA,capped,bg_logging,10,10
STATE_HARNGRANTH@map_data/state_regions/24_dhrufherth.txt:35,2522,STATE_HARNGRANTH,arable,bg_wheat_farms,,bg_wheat_farms
STATE_HARNGRANTH@map_data/state_regions/24_dhrufherth.txt:35,2522,STATE_HARNGRANTH,capped,bg_logging,10,10
STATE_SOSLPELRIYA@map_data/state_regions/24_dhrufherth.txt:52,2523,STATE_SOSLPELRIYA,arable,bg_wheat_farms,,bg_wheat_farms
STATE_SOSLPELRIYA@map_data/state_regions/24_dhrufherth.txt:52,2523,STATE_SOSLPELRIYA,capped,bg_logging,10,10
STATE_ENGELRANYA@map_data/state_regions/24_dhrufherth.txt:69,2524,STATE_ENGELRANYA,arable,bg_wheat_farms,,bg_wheat_farms
STATE_ENGELRANYA@map_data/state_regions/24_dhrufherth.txt:69,2524,STATE_ENGELRANYA,capped,bg_logging,10,10
STATE_HANCZELRANTH@map_data/state_regions/24_dhrufherth.txt:86,2525,STATE_HANCZELRANTH,arable,bg_wheat_farms,,bg_wheat_farms
STATE_HANCZELRANTH@map_data/state_regions/24_dhrufherth.txt:86,2525,STATE_HANCZELRANTH,capped,bg_logging,10,10
STATE_SEILYURANTH@map_data/state_regions/24_dhrufherth.txt:103,2526,STATE_SEILYURANTH,arable,bg_wheat_farms,,bg_wheat_farms
STATE_SEILYURANTH@map_data/state_regions/24_dhrufherth.txt:103,2526,STATE_SEILYURANTH,capped,bg_logging,10,10
STATE_VAIELYERANTH@map_data/state_regions/24_dhrufherth.txt:120,2527,STATE_VAIELYERANTH,arable,bg_wheat_farms,,bg_wheat_farms
STATE_VAIELYERANTH@map_data/state_regions/24_dhrufherth.txt:120,2527,STATE_VAIELYERANTH,capped,bg_logging,10,10
STATE_YUHYENNIYAH@map_data/state_regions/24_dhrufherth.txt:137,2528,STATE_YUHYENNIYAH,arable,bg_wheat_farms,,bg_wheat_farms
STATE_YUHYENNIYAH@map_data/state_regions/24_dhrufherth.txt:137,2528,STATE_YUHYENNIYAH,capped,bg_logging,10,10
STATE_HAYURNIAH@map_data/state_regions/24_dhrufherth.txt:154,2529,STATE_HAYURNIAH,arable,bg_wheat_farms,,bg_wheat_farms
STATE_HAYURNIAH@map_data/state_regions/24_dhrufherth.txt:154,2529,STATE_HAYURNIAH,capped,bg_logging,10,10
STATE_EULROSKUTA@map_data/state_regions/24_dhrufherth.txt:171,2530,STATE_EULROSKUTA,arable,bg_wheat_farms,,bg_wheat_farms
STATE_EULROSKUTA@map_data/state_regions/24_dhrufherth.txt:171,2530,STATE_EULROSKUTA,capped,bg_logging,10,10
STATE_INSTOVANASHI@map_data/state_regions/24_dhrufherth.txt:188,2531,STATE_INSTOVANASHI,arable,bg_wheat_farms,,bg_wheat_farms
STATE_INSTOVANASHI@map_data/state_regions/24_dhrufherth.txt:188,2531,STATE_INSTOVANASHI,capped,bg_logging,10,10
STATE_SEILVALRANDASHI@map_data/state_regions/24_dhrufherth.txt:205,2532,STATE_SEILVALRANDASHI,arable,bg_wheat_farms,,bg_wheat_farms
STATE_SEILVALRANDASHI@map_data/state_regions/24_dhrufherth.txt:205,2532,STATE_SEILVALRANDASHI,capped,bg_logging,10,10
STATE_CZAKATOHANDASHI@map_data/state_regions/24_dhrufherth.txt:222,2533,STATE_CZAKATOHANDASHI,arable,bg_wheat_farms,,bg_wheat_farms
STATE_CZAKATOHANDASHI@map_data/state_regions/24_dhrufherth.txt:222,2533,STATE_CZAKATOHANDASHI,capped,bg_logging,10,10
STATE_AIROVLRONTADA@map_data/state_regions/24_dhrufherth.txt:239,2534,STATE_AIROVLRONTADA,arable,bg_wheat_farms,,bg_wheat_farms
STATE_AIROVLRONTADA@map_data/state_regions/24_dhrufherth.txt:239,2534,STATE_AIROVLRONTADA,capped,bg_logging,10,10
STATE_ONSTOYERAVHDA@map_data/state_regions/24_dhrufherth.txt:256,2535,STATE_ONSTOYERAVHDA,arable,bg_wheat_farms,,bg_wheat_farms
STATE_ONSTOYERAVHDA@map_data/state_regions/24_dhrufherth.txt:256,2535,STATE_ONSTOYERAVHDA,capped,bg_logging,10,10
STATE_KASPOLROYENTAVA@map_data/state_regions/24_dhrufherth.txt:273,2536,STATE_KASPOLROYENTAVA,arable,bg_wheat_farms,,bg_wheat_farms
STATE_KASPOLROYENTAVA@map_data/state_regions/24_dhrufherth.txt:273,2536,STATE_KASPOLROYENTAVA,capped,bg_logging,10,10
STATE_ENTOKALRUNIAH@map_data/state_regions/24_dhrufherth.txt:290,2537,STATE_ENTOKALRUNIAH,arable,bg_wheat_farms,,bg_wheat_farms
STATE_ENTOKALRUNIAH@map_data/state_regions/24_dhrufherth.txt:290,2537,STATE_ENTOKALRUNIAH,capped,bg_logging,10,10
STATE_AISVAILRUHN@map_data/state_regions/24_dhrufherth.txt:307,2538,STATE_AISVAILRUHN,arable,bg_wheat_farms,,bg_wheat_farms
STATE_AISVAILRUHN@map_data/state_regions/24_dhrufherth.txt:307,2538,STATE_AISVAILRUHN,capped,bg_logging,10,10
STATE_KANTARIVLRA@map_data/state_regions/24_dhrufherth.txt:324,2539,STATE_KANTARIVLRA,arable,bg_wheat_farms,,bg_wheat_farms
STATE_KANTARIVLRA@map_data/state_regions/24_dhrufherth.txt:324,2539,STATE_KANTARIVLRA,capped,bg_logging,10,10
STATE_SISTOYENASHI@map_data/state_regions/24_dhrufherth.txt:341,2540,STATE_SISTOYENASHI,arable,bg_wheat_farms,,bg_wheat_farms
STATE_SISTOYENASHI@map_data/state_regions/24_dhrufherth.txt:341,2540,STATE_SISTOYENASHI,capped,bg_logging,10,10
STATE_HAILRUSELRASE@map_data/state_regions/24_dhrufherth.txt:358,2541,STATE_HAILRUSELRASE,arable,bg_wheat_farms,,bg_wheat_farms
STATE_HAILRUSELRASE@map_data/state_regions/24_dhrufherth.txt:358,2541,STATE_HAILRUSELRASE,capped,bg_logging,10,10
STATE_RUSVAADA@map_data/state_regions/24_dhrufherth.txt:375,2542,STATE_RUSVAADA,arable,bg_wheat_farms,,bg_wheat_farms
STATE_RUSVAADA@map_data/state_regions/24_dhrufherth.txt:375,2542,STATE_RUSVAADA,capped,bg_logging,10,10
STATE_MONTEARLRO@map_data/state_regions/24_dhrufherth.txt:392,2543,STATE_MONTEARLRO,arable,bg_wheat_farms,,bg_wheat_farms
STATE_MONTEARLRO@map_data/state_regions/24_dhrufherth.txt:392,2543,STATE_MONTEARLRO,capped,bg_logging,10,10
STATE_ANDORIVLRUTZ@map_data/state_regions/24_dhrufherth.txt:409,2544,STATE_ANDORIVLRUTZ,arable,bg_wheat_farms,,bg_wheat_farms
STATE_ANDORIVLRUTZ@map_data/state_regions/24_dhrufherth.txt:409,2544,STATE_ANDORIVLRUTZ,capped,bg_logging,10,10
STATE_ARVANTAMESA@map_data/state_regions/24_dhrufherth.txt:426,2545,STATE_ARVANTAMESA,arable,bg_wheat_farms,,bg_wheat_farms
STATE_ARVANTAMESA@map_data/state_regions/24_dhrufherth.txt:426,2545,STATE_ARVANTAMESA,capped,bg_logging,10,10
STATE_KUSHARAAVAXI@map_data/state_regions/24_dhrufherth.txt:443,2546,STATE_KUSHARAAVAXI,arable,bg_wheat_farms,,bg_wheat_farms
STATE_KUSHARAAVAXI@map_data/state_regions/24_dhrufherth.txt:443,2546,STATE_KUSHARAAVAXI,capped,bg_logging,10,10
STATE_KASTAHABANASHI@map_data/state_regions/24_dhrufherth.txt:460,2547,STATE_KASTAHABANASHI,arable,bg_wheat_farms,,bg_wheat_farms
STATE_KASTAHABANASHI@map_data/state_regions/24_dhrufherth.txt:460,2547,STATE_KASTAHABANASHI,capped,bg_logging,10,10
STATE_KITOSILRANTH@map_data/state_regions/24_dhrufherth.txt:477,2548,STATE_KITOSILRANTH,arable,bg_wheat_farms,,bg_wheat_farms
STATE_KITOSILRANTH@map_data/state_regions/24_dhrufherth.txt:477,2548,STATE_KITOSILRANTH,capped,bg_logging,10,10
STATE_SANTEALROSIUS@map_data/state_regions/24_dhrufherth.txt:494,2549,STATE_SANTEALROSIUS,arable,bg_wheat_farms,,bg_wheat_farms
STATE_SANTEALROSIUS@map_data/state_regions/24_dhrufherth.txt:494,2549,STATE_SANTEALROSIUS,capped,bg_logging,10,10
STATE_RAIVNOILTA@map_data/state_regions/24_dhrufherth.txt:511,2550,STATE_RAIVNOILTA,arable,bg_wheat_farms,,bg_wheat_farms
STATE_RAIVNOILTA@map_data/state_regions/24_dhrufherth.txt:511,2550,STATE_RAIVNOILTA,capped,bg_logging,10,10
STATE_HAYELRUCZAH@map_data/state_regions/24_dhrufherth.txt:528,2551,STATE_HAYELRUCZAH,arable,bg_wheat_farms,,bg_wheat_farms
STATE_HAYELRUCZAH@map_data/state_regions/24_dhrufherth.txt:528,2551,STATE_HAYELRUCZAH,capped,bg_logging,10,10
STATE_ONDAILRUXH@map_data/state_regions/24_dhrufherth.txt:545,2552,STATE_ONDAILRUXH,arable,bg_wheat_farms,,bg_wheat_farms
STATE_ONDAILRUXH@map_data/state_regions/24_dhrufherth.txt:545,2552,STATE_ONDAILRUXH,capped,bg_logging,10,10
STATE_SISRUTAKU@map_data/state_regions/24_dhrufherth.txt:562,2553,STATE_SISRUTAKU,arable,bg_wheat_farms,,bg_wheat_farms
STATE_SISRUTAKU@map_data/state_regions/24_dhrufherth.txt:562,2553,STATE_SISRUTAKU,capped,bg_logging,10,10
STATE_USKORNTA@map_data/state_regions/24_dhrufherth.txt:579,2554,STATE_USKORNTA,arable,bg_wheat_farms,,bg_wheat_farms
STATE_USKORNTA@map_data/state_regions/24_dhrufherth.txt:579,2554,STATE_USKORNTA,capped,bg_logging,10,10
STATE_KASHARVAXI@map_data/state_regions/24_dhrufherth.txt:596,2555,STATE_KASHARVAXI,arable,bg_wheat_farms,,bg_wheat_farms
STATE_KASHARVAXI@map_data/state_regions/24_dhrufherth.txt:596,2555,STATE_KASHARVAXI,capped,bg_logging,10,10
STATE_RAIHUSARDA@map_data/state_regions/24_dhrufherth.txt:613,2556,STATE_RAIHUSARDA,arable,bg_wheat_farms,,bg_wheat_farms
STATE_RAIHUSARDA@map_data/state_regions/24_dhrufherth.txt:613,2556,STATE_RAIHUSARDA,capped,bg_logging,10,10
STATE_MASTOYENENKASOS@map_data/state_regions/24_dhrufherth.txt:630,2557,STATE_MASTOYENENKASOS,arable,bg_wheat_farms,,bg_wheat_farms
STATE_MASTOYENENKASOS@map_data/state_regions/24_dhrufherth.txt:630,2557,STATE_MASTOYENENKASOS,capped,bg_logging,10,10
STATE_HAIVRENRODAH@map_data/state_regions/24_dhrufherth.txt:647,2558,STATE_HAIVRENRODAH,arable,bg_wheat_farms,,bg_wheat_farms
STATE_HAIVRENRODAH@map_data/state_regions/24_dhrufherth.txt:647,2558,STATE_HAIVRENRODAH,capped,bg_logging,10,10
STATE_ANDOKATAOSHI@map_data/state_regions/24_dhrufherth.txt:664,2559,STATE_ANDOKATAOSHI,arable,bg_wheat_farms,,bg_wheat_farms
STATE_ANDOKATAOSHI@map_data/state_regions/24_dhrufherth.txt:664,2559,STATE_ANDOKATAOSHI,capped,bg_logging,10,10
STATE_SANSKUPRODA@map_data/state_regions/24_dhrufherth.txt:681,2560,STATE_SANSKUPRODA,arable,bg_wheat_farms,,bg_wheat_farms
STATE_SANSKUPRODA@map_data/state_regions/24_dhrufherth.txt:681,2560,STATE_SANSKUPRODA,capped,bg_logging,10,10
STATE_NORTENVRELRANTH@map_data/state_regions/24_dhrufherth.txt:698,2561,STATE_NORTENVRELRANTH,arable,bg_wheat_farms,,bg_wheat_farms
STATE_NORTENVRELRANTH@map_data/state_regions/24_dhrufherth.txt:698,2561,STATE_NORTENVRELRANTH,capped,bg_logging,10,10
STATE_HASRACZELROVDA@map_data/state_regions/24_dhrufherth.txt:715,2562,STATE_HASRACZELROVDA,arable,bg_wheat_farms,,bg_wheat_farms
STATE_HASRACZELROVDA@map_data/state_regions/24_dhrufherth.txt:715,2562,STATE_HASRACZELROVDA,capped,bg_logging,10,10
STATE_UKSIRENTO@map_data/state_regions/24_dhrufherth.txt:732,2563,STATE_UKSIRENTO,arable,bg_wheat_farms,,bg_wheat_farms
STATE_UKSIRENTO@map_data/state_regions/24_dhrufherth.txt:732,2563,STATE_UKSIRENTO,capped,bg_logging,10,10
STATE_ORENTASIOKEN@map_data/state_regions/24_dhrufherth.txt:749,2564,STATE_ORENTASIOKEN,arable,bg_wheat_farms,,bg_wheat_farms
STATE_ORENTASIOKEN@map_data/state_regions/24_dhrufherth.txt:749,2564,STATE_ORENTASIOKEN,capped,bg_logging,10,10
STATE_OISLRAVANAXI@map_data/state_regions/24_dhrufherth.txt:766,2565,STATE_OISLRAVANAXI,arable,bg_wheat_farms,,bg_wheat_farms
STATE_OISLRAVANAXI@map_data/state_regions/24_dhrufherth.txt:766,2565,STATE_OISLRAVANAXI,capped,bg_logging,10,10
STATE_SAIRUGARDA@map_data/state_regions/24_dhrufherth.txt:783,2566,STATE_SAIRUGARDA,arable,bg_wheat_farms,,bg_wheat_farms
STATE_SAIRUGARDA@map_data/state_regions/24_dhrufherth.txt:783,2566,STATE_SAIRUGARDA,capped,bg_logging,10,10
STATE_KANTAHELRAVYAKU@map_data/state_regions/24_dhrufherth.txt:800,2567,STATE_KANTAHELRAVYAKU,arable,bg_wheat_farms,,bg_wheat_farms
STATE_KANTAHELRAVYAKU@map_data/state_regions/24_dhrufherth.txt:800,2567,STATE_KANTAHELRAVYAKU,capped,bg_logging,10,10
STATE_ANTOVOLROSIOKEN@map_data/state_regions/24_dhrufherth.txt:817,2568,STATE_ANTOVOLROSIOKEN,arable,bg_wheat_farms,,bg_wheat_farms
STATE_ANTOVOLROSIOKEN@map_data/state_regions/24_dhrufherth.txt:817,2568,STATE_ANTOVOLROSIOKEN,capped,bg_logging,10,10
STATE_HUSTANSGARU@map_data/state_regions/24_dhrufherth.txt:834,2569,STATE_HUSTANSGARU,arable,bg_wheat_farms,,bg_wheat_farms
STATE_HUSTANSGARU@map_data/state_regions/24_dhrufherth.txt:834,2569,STATE_HUSTANSGARU,capped,bg_logging,10,10
STATE_RAVSASTANTANIA@map_data/state_regions/24_dhrufherth.txt:851,2570,STATE_RAVSASTANTANIA,arable,bg_wheat_farms,,bg_wheat_farms
STATE_RAVSASTANTANIA@map_data/state_regions/24_dhrufherth.txt:851,2570,STATE_RAVSASTANTANIA,capped,bg_logging,10,10
STATE_KURVALRAHAXI@map_data/state_regions/24_dhrufherth.txt:868,2571,STATE_KURVALRAHAXI,arable,bg_wheat_farms,,bg_wheat_farms
STATE_KURVALRAHAXI@map_data/state_regions/24_dhrufherth.txt:868,2571,STATE_KURVALRAHAXI,capped,bg_logging,10,10
STATE_AILRUSXHA@map_data/state_regions/24_dhrufherth.txt:885,2572,STATE_AILRUSXHA,arable,bg_wheat_farms,,bg_wheat_farms
STATE_AILRUSXHA@map_data/state_regions/24_dhrufherth.txt:885,2572,STATE_AILRUSXHA,capped,bg_logging,10,10
STATE_AIROVELRUTAH@map_data/state_regions/24_dhrufherth.txt:902,2573,STATE_AIROVELRUTAH,arable,bg_wheat_farms,,bg_wheat_farms
STATE_AIROVELRUTAH@map_data/state_regions/24_dhrufherth.txt:902,2573,STATE_AIROVELRUTAH,capped,bg_logging,10,10
STATE_RAIVELRORUTA@map_data/state_regions/24_dhrufherth.txt:919,2574,STATE_RAIVELRORUTA,arable,bg_wheat_farms,,bg_wheat_farms
STATE_RAIVELRORUTA@map_data/state_regions/24_dhrufherth.txt:919,2574,STATE_RAIVELRORUTA,capped,bg_logging,10,10
STATE_KARPALRAZIYUEM@map_data/state_regions/24_dhrufherth.txt:936,2575,STATE_KARPALRAZIYUEM,arable,bg_wheat_farms,,bg_wheat_farms
STATE_KARPALRAZIYUEM@map_data/state_regions/24_dhrufherth.txt:936,2575,STATE_KARPALRAZIYUEM,capped,bg_logging,10,10
STATE_ARENSIYAGA@map_data/state_regions/24_dhrufherth.txt:953,2576,STATE_ARENSIYAGA,arable,bg_wheat_farms,,bg_wheat_farms
STATE_ARENSIYAGA@map_data/state_regions/24_dhrufherth.txt:953,2576,STATE_ARENSIYAGA,capped,bg_logging,10,10
STATE_NESPLRAVERKH@map_data/state_regions/24_dhrufherth.txt:970,2577,STATE_NESPLRAVERKH,arable,bg_wheat_farms,,bg_wheat_farms
STATE_NESPLRAVERKH@map_data/state_regions/24_dhrufherth.txt:970,2577,STATE_NESPLRAVERKH,capped,bg_logging,10,10
STATE_HIOSLRANYA@map_data/state_regions/24_dhrufherth.txt:987,2578,STATE_HIOSLRANYA,arable,bg_wheat_farms,,bg_wheat_farms
STATE_HIOSLRANYA@map_data/state_regions/24_dhrufherth.txt:987,2578,STATE_HIOSLRANYA,capped,bg_logging,10,10
STATE_SORVANDATZ@map_data/state_regions/24_dhrufherth.txt:1004,2579,STATE_SORVANDATZ,arable,bg_wheat_farms,,bg_wheat_farms
STATE_SORVANDATZ@map_data/state_regions/24_dhrufherth.txt:1004,2579,STATE_SORVANDATZ,capped,bg_logging,10,10
STATE_AIROVDANSK@map_data/state_regions/24_dhrufherth.txt:1021,2580,STATE_AIROVDANSK,arable,bg_wheat_farms,,bg_wheat_farms
STATE_AIROVDANSK@map_data/state_regions/24_dhrufherth.txt:1021,2580,STATE_AIROVDANSK,capped,bg_logging,10,10
STATE_AILRISGA@map_data/state_regions/24_dhrufherth.txt:1038,2581,STATE_AILRISGA,arable,bg_wheat_farms,,bg_wheat_farms
STATE_AILRISGA@map_data/state_regions/24_dhrufherth.txt:1038,2581,STATE_AILRISGA,capped,bg_logging,10,10
STATE_ROSPOTOEMSK@map_data/state_regions/24_dhrufherth.txt:1055,2582,STATE_ROSPOTOEMSK,arable,bg_wheat_farms,,bg_wheat_farms
STATE_ROSPOTOEMSK@map_data/state_regions/24_dhrufherth.txt:1055,2582,STATE_ROSPOTOEMSK,capped,bg_logging,10,10
STATE_KUNTALRANYA@map_data/state_regions/24_dhrufherth.txt:1072,2583,STATE_KUNTALRANYA,arable,bg_wheat_farms,,bg_wheat_farms
STATE_KUNTALRANYA@map_data/state_regions/24_dhrufherth.txt:1072,2583,STATE_KUNTALRANYA,capped,bg_logging,10,10
STATE_EILRUTALRANYA@map_data/state_regions/24_dhrufherth.txt:1089,2584,STATE_EILRUTALRANYA,arable,bg_wheat_farms,,bg_wheat_farms
STATE_EILRUTALRANYA@map_data/state_regions/24_dhrufherth.txt:1089,2584,STATE_EILRUTALRANYA,capped,bg_logging,10,10
STATE_KARTANTANIAH@map_data/state_regions/24_dhrufherth.txt:1106,2585,STATE_KARTANTANIAH,arable,bg_wheat_farms,,bg_wheat_farms
STATE_KARTANTANIAH@map_data/state_regions/24_dhrufherth.txt:1106,2585,STATE_KARTANTANIAH,capped,bg_logging,10,10
STATE_KAIHELRUHAXI@map_data/state_regions/24_dhrufherth.txt:1123,2586,STATE_KAIHELRUHAXI,arable,bg_wheat_farms,,bg_wheat_farms
STATE_KAIHELRUHAXI@map_data/state_regions/24_dhrufherth.txt:1123,2586,STATE_KAIHELRUHAXI,capped,bg_logging,10,10
STATE_NARTANTU@map_data/state_regions/24_dhrufherth.txt:1140,2587,STATE_NARTANTU,arable,bg_wheat_farms,,bg_wheat_farms
STATE_NARTANTU@map_data/state_regions/24_dhrufherth.txt:1140,2587,STATE_NARTANTU,capped,bg_logging,10,10
STATE_SAIDENVHRELRANTH_ISLAND_CHAIN@map_data/state_regions/24_dhrufherth.txt:1157,2588,STATE_SAIDENVHRELRANTH_ISLAND_CHAIN,arable,bg_wheat_farms,,bg_wheat_farms
STATE_SAIDENVHRELRANTH_ISLAND_CHAIN@map_data/state_regions/24_dhrufherth.txt:1157,2588,STATE_SAIDENVHRELRANTH_ISLAND_CHAIN,capped,bg_logging,10,10
STATE_KAHUVALRANKA@map_data/state_regions/25_grapurth.txt:1,2600,STATE_KAHUVALRANKA,arable,bg_wheat_farms,,bg_wheat_farms
STATE_KAHUVALRANKA@map_data/state_regions/25_grapurth.txt:1,2600,STATE_KAHUVALRANKA,capped,bg_logging,10,10
STATE_SIHELROVDA@map_data/state_regions/25_grapurth.txt:18,2601,STATE_SIHELROVDA,arable,bg_wheat_farms,,bg_wheat_farms
STATE_SIHELROVDA@map_data/state_regions/25_grapurth.txt:18,2601,STATE_SIHELROVDA,capped,bg_logging,10,10
STATE_DASMONDANIA@map_data/state_regions/25_grapurth.txt:35,2602,STATE_DASMONDANIA,arable,bg_wheat_farms,,bg_wheat_farms
STATE_DASMONDANIA@map_data/state_regions/25_grapurth.txt:35,2602,STATE_DASMONDANIA,capped,bg_logging,10,10
STATE_ANKANTAUS@map_data/state_regions/25_grapurth.txt:52,2603,STATE_ANKANTAUS,arable,bg_wheat_farms,,bg_wheat_farms
STATE_ANKANTAUS@map_data/state_regions/25_grapurth.txt:52,2603,STATE_ANKANTAUS,capped,bg_logging,10,10
STATE_AKTANTIYUEM@map_data/state_regions/25_grapurth.txt:69,2604,STATE_AKTANTIYUEM,arable,bg_wheat_farms,,bg_wheat_farms
STATE_AKTANTIYUEM@map_data/state_regions/25_grapurth.txt:69,2604,STATE_AKTANTIYUEM,capped,bg_logging,10,10
STATE_OVOELRANCZAH@map_data/state_regions/25_grapurth.txt:86,2605,STATE_OVOELRANCZAH,arable,bg_wheat_farms,,bg_wheat_farms
STATE_OVOELRANCZAH@map_data/state_regions/25_grapurth.txt:86,2605,STATE_OVOELRANCZAH,capped,bg_logging,10,10
STATE_RAKTANXHIYUEM@map_data/state_regions/25_grapurth.txt:103,2606,STATE_RAKTANXHIYUEM,arable,bg_wheat_farms,,bg_wheat_farms
STATE_RAKTANXHIYUEM@map_data/state_regions/25_grapurth.txt:103,2606,STATE_RAKTANXHIYUEM,capped,bg_logging,10,10
STATE_AHALROVDA@map_data/state_regions/25_grapurth.txt:120,2607,STATE_AHALROVDA,arable,bg_wheat_farms,,bg_wheat_farms
STATE_AHALROVDA@map_data/state_regions/25_grapurth.txt:120,2607,STATE_AHALROVDA,capped,bg_logging,10,10
STATE_RILRAUVDA@map_data/state_regions/25_grapurth.txt:137,2608,STATE_RILRAUVDA,arable,bg_wheat_farms,,bg_wheat_farms
STATE_RILRAUVDA@map_data/state_regions/25_grapurth.txt:137,2608,STATE_RILRAUVDA,capped,bg_logging,10,10
STATE_ROVSENTIYUEM@map_data/state_regions/25_grapurth.txt:154,2609,STATE_ROVSENTIYUEM,arable,bg_wheat_farms,,bg_wheat_farms
STATE_ROVSENTIYUEM@map_data/state_regions/25_grapurth.txt:154,2609,STATE_ROVSENTIYUEM,capped,bg_logging,10,10
STATE_OSDHPUNTADI@map_data/state_regions/25_grapurth.txt:171,2610,STATE_OSDHPUNTADI,arable,bg_wheat_farms,,bg_wheat_farms
STATE_OSDHPUNTADI@map_data/state_regions/25_grapurth.txt:171,2610,STATE_OSDHPUNTADI,capped,bg_logging,10,10
STATE_OHKULRASA@map_data/state_regions/25_grapurth.txt:188,2611,STATE_OHKULRASA,arable,bg_wheat_farms,,bg_wheat_farms
STATE_OHKULRASA@map_data/state_regions/25_grapurth.txt:188,2611,STATE_OHKULRASA,capped,bg_logging,10,10
STATE_RAIDOLRONTA@map_data/state_regions/25_grapurth.txt:205,2612,STATE_RAIDOLRONTA,arable,bg_wheat_farms,,bg_wheat_farms
STATE_RAIDOLRONTA@map_data/state_regions/25_grapurth.txt:205,2612,STATE_RAIDOLRONTA,capped,bg_logging,10,10
STATE_IVASNOTZ@map_data/state_regions/25_grapurth.txt:222,2613,STATE_IVASNOTZ,arable,bg_wheat_farms,,bg_wheat_farms
STATE_IVASNOTZ@map_data/state_regions/25_grapurth.txt:222,2613,STATE_IVASNOTZ,capped,bg_logging,10,10
STATE_KAILRUSVERKH@map_data/state_regions/25_grapurth.txt:239,2614,STATE_KAILRUSVERKH,arable,bg_wheat_farms,,bg_wheat_farms
STATE_KAILRUSVERKH@map_data/state_regions/25_grapurth.txt:239,2614,STATE_KAILRUSVERKH,capped,bg_logging,10,10
STATE_YARELXHULRIVDA@map_data/state_regions/25_grapurth.txt:256,2615,STATE_YARELXHULRIVDA,arable,bg_wheat_farms,,bg_wheat_farms
STATE_YARELXHULRIVDA@map_data/state_regions/25_grapurth.txt:256,2615,STATE_YARELXHULRIVDA,capped,bg_logging,10,10
STATE_UHTA@map_data/state_regions/25_grapurth.txt:273,2616,STATE_UHTA,arable,bg_wheat_farms,,bg_wheat_farms
STATE_UHTA@map_data/state_regions/25_grapurth.txt:273,2616,STATE_UHTA,capped,bg_logging,10,10
STATE_SALROTA@map_data/state_regions/25_grapurth.txt:290,2617,STATE_SALROTA,arable,bg_wheat_farms,,bg_wheat_farms
STATE_SALROTA@map_data/state_regions/25_grapurth.txt:290,2617,STATE_SALROTA,capped,bg_logging,10,10
STATE_NOHTA@map_data/state_regions/25_grapurth.txt:307,2618,STATE_NOHTA,arable,bg_wheat_farms,,bg_wheat_farms
STATE_NOHTA@map_data/state_regions/25_grapurth.txt:307,2618,STATE_NOHTA,capped,bg_logging,10,10
STATE_SUKOHTA@map_data/state_regions/25_grapurth.txt:324,2619,STATE_SUKOHTA,arable,bg_wheat_farms,,bg_wheat_farms
STATE_SUKOHTA@map_data/state_regions/25_grapurth.txt:324,2619,STATE_SUKOHTA,capped,bg_logging,10,10
STATE_OSPOTANXHIYUEM@map_data/state_regions/25_grapurth.txt:341,2620,STATE_OSPOTANXHIYUEM,arable,bg_wheat_farms,,bg_wheat_farms
STATE_OSPOTANXHIYUEM@map_data/state_regions/25_grapurth.txt:341,2620,STATE_OSPOTANXHIYUEM,capped,bg_logging,10,10
STATE_KARVALRANKA@map_data/state_regions/25_grapurth.txt:358,2621,STATE_KARVALRANKA,arable,bg_wheat_farms,,bg_wheat_farms
STATE_KARVALRANKA@map_data/state_regions/25_grapurth.txt:358,2621,STATE_KARVALRANKA,capped,bg_logging,10,10
STATE_KONTORIYETI@map_data/state_regions/25_grapurth.txt:375,2622,STATE_KONTORIYETI,arable,bg_wheat_farms,,bg_wheat_farms
STATE_KONTORIYETI@map_data/state_regions/25_grapurth.txt:375,2622,STATE_KONTORIYETI,capped,bg_logging,10,10
STATE_KANTAPANTAYUEM@map_data/state_regions/25_grapurth.txt:392,2623,STATE_KANTAPANTAYUEM,arable,bg_wheat_farms,,bg_wheat_farms
STATE_KANTAPANTAYUEM@map_data/state_regions/25_grapurth.txt:392,2623,STATE_KANTAPANTAYUEM,capped,bg_logging,10,10
STATE_HASVALRAYUEM@map_data/state_regions/25_grapurth.txt:409,2624,STATE_HASVALRAYUEM,arable,bg_wheat_farms,,bg_wheat_farms
STATE_HASVALRAYUEM@map_data/state_regions/25_grapurth.txt:409,2624,STATE_HASVALRAYUEM,capped,bg_logging,10,10
STATE_KOSPOLRONYA@map_data/state_regions/25_grapurth.txt:426,2625,STATE_KOSPOLRONYA,arable,bg_wheat_farms,,bg_wheat_farms
STATE_KOSPOLRONYA@map_data/state_regions/25_grapurth.txt:426,2625,STATE_KOSPOLRONYA,capped,bg_logging,10,10
STATE_SOSDANCZAH@map_data/state_regions/25_grapurth.txt:443,2626,STATE_SOSDANCZAH,arable,bg_wheat_farms,,bg_wheat_farms
STATE_SOSDANCZAH@map_data/state_regions/25_grapurth.txt:443,2626,STATE_SOSDANCZAH,capped,bg_logging,10,10
STATE_ASLRAYANA@map_data/state_regions/25_grapurth.txt:460,2627,STATE_ASLRAYANA,arable,bg_wheat_farms,,bg_wheat_farms
STATE_ASLRAYANA@map_data/state_regions/25_grapurth.txt:460,2627,STATE_ASLRAYANA,capped,bg_logging,10,10
STATE_OKROPSK@map_data/state_regions/25_grapurth.txt:477,2628,STATE_OKROPSK,arable,bg_wheat_farms,,bg_wheat_farms
STATE_OKROPSK@map_data/state_regions/25_grapurth.txt:477,2628,STATE_OKROPSK,capped,bg_logging,10,10
STATE_UHMALRETA@map_data/state_regions/25_grapurth.txt:494,2629,STATE_UHMALRETA,arable,bg_wheat_farms,,bg_wheat_farms
STATE_UHMALRETA@map_data/state_regions/25_grapurth.txt:494,2629,STATE_UHMALRETA,capped,bg_logging,10,10
STATE_IONPOTACZAH@map_data/state_regions/25_grapurth.txt:511,2630,STATE_IONPOTACZAH,arable,bg_wheat_farms,,bg_wheat_farms
STATE_IONPOTACZAH@map_data/state_regions/25_grapurth.txt:511,2630,STATE_IONPOTACZAH,capped,bg_logging,10,10
STATE_TUHRVANTA@map_data/state_regions/25_grapurth.txt:528,2631,STATE_TUHRVANTA,arable,bg_wheat_farms,,bg_wheat_farms
STATE_TUHRVANTA@map_data/state_regions/25_grapurth.txt:528,2631,STATE_TUHRVANTA,capped,bg_logging,10,10
STATE_KAHANSLRAYUEM@map_data/state_regions/25_grapurth.txt:545,2632,STATE_KAHANSLRAYUEM,arable,bg_wheat_farms,,bg_wheat_farms
STATE_KAHANSLRAYUEM@map_data/state_regions/25_grapurth.txt:545,2632,STATE_KAHANSLRAYUEM,capped,bg_logging,10,10
STATE_USROVDANTH@map_data/state_regions/25_grapurth.txt:562,2633,STATE_USROVDANTH,arable,bg_wheat_farms,,bg_wheat_farms
STATE_USROVDANTH@map_data/state_regions/25_grapurth.txt:562,2633,STATE_USROVDANTH,capped,bg_logging,10,10
STATE_KANTAZERPA@map_data/state_regions/25_grapurth.txt:579,2634,STATE_KANTAZERPA,arable,bg_wheat_farms,,bg_wheat_farms
STATE_KANTAZERPA@map_data/state_regions/25_grapurth.txt:579,2634,STATE_KANTAZERPA,capped,bg_logging,10,10
STATE_IOSPACZAH@map_data/state_regions/25_grapurth.txt:596,2635,STATE_IOSPACZAH,arable,bg_wheat_farms,,bg_wheat_farms
STATE_IOSPACZAH@map_data/state_regions/25_grapurth.txt:596,2635,STATE_IOSPACZAH,capped,bg_logging,10,10
STATE_OSPALRUCZAH@map_data/state_regions/25_grapurth.txt:613,2636,STATE_OSPALRUCZAH,arable,bg_wheat_farms,,bg_wheat_farms
STATE_OSPALRUCZAH@map_data/state_regions/25_grapurth.txt:613,2636,STATE_OSPALRUCZAH,capped,bg_logging,10,10
STATE_TURUHPANCZAH@map_data/state_regions/25_grapurth.txt:630,2637,STATE_TURUHPANCZAH,arable,bg_wheat_farms,,bg_wheat_farms
STATE_TURUHPANCZAH@map_data/state_regions/25_grapurth.txt:630,2637,STATE_TURUHPANCZAH,capped,bg_logging,10,10
STATE_UNTFUNVERKH@map_data/state_regions/25_grapurth.txt:647,2638,STATE_UNTFUNVERKH,arable,bg_wheat_farms,,bg_wheat_farms
STATE_UNTFUNVERKH@map_data/state_regions/25_grapurth.txt:647,2638,STATE_UNTFUNVERKH,capped,bg_logging,10,10
STATE_RIKORIXH@map_data/state_regions/26_grangblruts.txt:1,2700,STATE_RIKORIXH,arable,bg_rice_farms,,bg_rice_farms
STATE_RIKORIXH@map_data/state_regions/26_grangblruts.txt:1,2700,STATE_RIKORIXH,arable,bg_livestock_ranches,,bg_livestock_ranches
STATE_RIKORIXH@map_data/state_regions/26_grangblruts.txt:1,2700,STATE_RIKORIXH,capped,bg_oil_extraction,38,38
STATE_VEXHZELATS@map_data/state_regions/26_grangblruts.txt:18,2701,STATE_VEXHZELATS,arable,bg_rice_farms,,bg_rice_farms
STATE_VEXHZELATS@map_data/state_regions/26_grangblruts.txt:18,2701,STATE_VEXHZELATS,arable,bg_livestock_ranches,,bg_livestock_ranches
STATE_VEXHZELATS@map_data/state_regions/26_grangblruts.txt:18,2701,STATE_VEXHZELATS,capped,bg_oil_extraction,47,47
STATE_DOSELRONIAH@map_data/state_regions/26_grangblruts.txt:35,2702,STATE_DOSELRONIAH,arable,bg_rice_farms,,bg_rice_farms
STATE_DOSELRONIAH@map_data/state_regions/26_grangblruts.txt:35,2702,STATE_DOSELRONIAH,arable,bg_livestock_ranches,,bg_livestock_ranches
STATE_DOSELRONIAH@map_data/state_regions/26_grangblruts.txt:35,2702,STATE_DOSELRONIAH,capped,bg_oil_extraction,87,87
STATE_AKANTICZ@map_data/state_regions/26_grangblruts.txt:52,2703,STATE_AKANTICZ,arable,bg_rice_farms,,bg_rice_farms
STATE_AKANTICZ@map_data/state_regions/26_grangblruts.txt:52,2703,STATE_AKANTICZ,arable,bg_livestock_ranches,,bg_livestock_ranches
STATE_AKANTICZ@map_data/state_regions/26_grangblruts.txt:52,2703,STATE_AKANTICZ,capped,bg_oil_extraction,105,105
STATE_TERHCZEAH@map_data/state_regions/26_grangblruts.txt:69,2704,STATE_TERHCZEAH,arable,bg_rice_farms,,bg_rice_farms
STATE_TERHCZEAH@map_data/state_regions/26_grangblruts.txt:69,2704,STATE_TERHCZEAH,arable,bg_livestock_ranches,,bg_livestock_ranches
STATE_TERHCZEAH@map_data/state_regions/26_grangblruts.txt:69,2704,STATE_TERHCZEAH,arable,bg_silk_plantations,,bg_silk_plantations
STATE_TERHCZEAH@map_data/state_regions/26_grangblruts.txt:69,2704,STATE_TERHCZEAH,capped,bg_rubber,104,104
STATE_TERHCZEAH@map_data/state_regions/26_grangblruts.txt:69,2704,STATE_TERHCZEAH,capped,bg_oil_extraction,88,88
STATE_VESTIAH_GRANGBLRUTS@map_data/state_regions/26_grangblruts.txt:87,2705,STATE_VESTIAH_GRANGBLRUTS,arable,bg_rice_farms,,bg_rice_farms
STATE_VESTIAH_GRANGBLRUTS@map_data/state_regions/26_grangblruts.txt:87,2705,STATE_VESTIAH_GRANGBLRUTS,arable,bg_livestock_ranches,,bg_livestock_ranches
STATE_VESTIAH_GRANGBLRUTS@map_data/state_regions/26_grangblruts.txt:87,2705,STATE_VESTIAH_GRANGBLRUTS,capped,bg_oil_extraction,38,38
STATE_DONIAH_GRANGBLRUTS@map_data/state_regions/26_grangblruts.txt:104,2706,STATE_DONIAH_GRANGBLRUTS,arable,bg_rice_farms,,bg_rice_farms
STATE_DONIAH_GRANGBLRUTS@map_data/state_regions/26_grangblruts.txt:104,2706,STATE_DONIAH_GRANGBLRUTS,arable,bg_livestock_ranches,,bg_livestock_ranches
STATE_DONIAH_GRANGBLRUTS@map_data/state_regions/26_grangblruts.txt:104,2706,STATE_DONIAH_GRANGBLRUTS,capped,bg_oil_extraction,49,49
