참조_ID	원문행	문자열시작열	원문참조표기	원장	원조문	원조문_ID	배치블록_ID	새장절	작업본행	원문문맥	상태
REF-L00113-C0014	113	15	제1조	0	1	SRC-C00-L00111	SRC-C00-L00111	총강 제1절 국가의 정체성·국체와 주권	89	> [!summary]+ 제1조: 국체와 국가 정체성	4단계 대상 식별·치환 대기
REF-L00122-C0014	122	15	제2조	0	2	SRC-C00-L00120	SRC-C00-L00120	총강 제1절 국가의 정체성·국체와 주권	107	> [!summary]+ 제2조: 국가 주권의 원천	4단계 대상 식별·치환 대기
REF-L00287-C0014	287	15	제22조	0	22	SRC-C00-L00285	SRC-C00-L00285	총강 제2절 헌정이념과 국가–신민 관계	128	> [!summary]+ 제22조: 신인류·능력자와 정보 질서의 헌법적 지위	4단계 대상 식별·치환 대기
REF-L00288-C0162	288	163	제1장	0	22	SRC-C00-L00285	SRC-C00-L00285	총강 제2절 헌정이념과 국가–신민 관계	129	> 　대전이 이후 각성한 신인류와 능력자는 전 인류의 일부로서, 이 헌법이 보장하는 존엄과 자유 및 권리의 주체가 된다. 신인류·능력자의 힘과 그에 기반한 과학·마학·기술은 연방과 전 인류의 안전과 번영을 위한 공적 자산이되, 그 보유·행사·감독에 관한 기본 원칙은 [[엘리시움 연방 헌법#제1장 전 인류와 연방 신민의 자유와 권리 장전|제1장(권리 장전)]]과 제15장(정보), 제17장(능력자 감독)에 따른다. 연방은 능력자의 발견·등록·교육·보호를 위한 제도를 마련하고, 그 책임 있는 사용과 개인정보·데이터 보호 및 신체적·정신적 안전 사이의 균형을 유지할 의무를 진다.	4단계 대상 식별·치환 대기
REF-L00288-C0189	288	190	제1장	0	22	SRC-C00-L00285	SRC-C00-L00285	총강 제2절 헌정이념과 국가–신민 관계	129	> 　대전이 이후 각성한 신인류와 능력자는 전 인류의 일부로서, 이 헌법이 보장하는 존엄과 자유 및 권리의 주체가 된다. 신인류·능력자의 힘과 그에 기반한 과학·마학·기술은 연방과 전 인류의 안전과 번영을 위한 공적 자산이되, 그 보유·행사·감독에 관한 기본 원칙은 [[엘리시움 연방 헌법#제1장 전 인류와 연방 신민의 자유와 권리 장전|제1장(권리 장전)]]과 제15장(정보), 제17장(능력자 감독)에 따른다. 연방은 능력자의 발견·등록·교육·보호를 위한 제도를 마련하고, 그 책임 있는 사용과 개인정보·데이터 보호 및 신체적·정신적 안전 사이의 균형을 유지할 의무를 진다.	4단계 대상 식별·치환 대기
REF-L00288-C0203	288	204	제15장	0	22	SRC-C00-L00285	SRC-C00-L00285	총강 제2절 헌정이념과 국가–신민 관계	129	> 　대전이 이후 각성한 신인류와 능력자는 전 인류의 일부로서, 이 헌법이 보장하는 존엄과 자유 및 권리의 주체가 된다. 신인류·능력자의 힘과 그에 기반한 과학·마학·기술은 연방과 전 인류의 안전과 번영을 위한 공적 자산이되, 그 보유·행사·감독에 관한 기본 원칙은 [[엘리시움 연방 헌법#제1장 전 인류와 연방 신민의 자유와 권리 장전|제1장(권리 장전)]]과 제15장(정보), 제17장(능력자 감독)에 따른다. 연방은 능력자의 발견·등록·교육·보호를 위한 제도를 마련하고, 그 책임 있는 사용과 개인정보·데이터 보호 및 신체적·정신적 안전 사이의 균형을 유지할 의무를 진다.	4단계 대상 식별·치환 대기
REF-L00288-C0213	288	214	제17장	0	22	SRC-C00-L00285	SRC-C00-L00285	총강 제2절 헌정이념과 국가–신민 관계	129	> 　대전이 이후 각성한 신인류와 능력자는 전 인류의 일부로서, 이 헌법이 보장하는 존엄과 자유 및 권리의 주체가 된다. 신인류·능력자의 힘과 그에 기반한 과학·마학·기술은 연방과 전 인류의 안전과 번영을 위한 공적 자산이되, 그 보유·행사·감독에 관한 기본 원칙은 [[엘리시움 연방 헌법#제1장 전 인류와 연방 신민의 자유와 권리 장전|제1장(권리 장전)]]과 제15장(정보), 제17장(능력자 감독)에 따른다. 연방은 능력자의 발견·등록·교육·보호를 위한 제도를 마련하고, 그 책임 있는 사용과 개인정보·데이터 보호 및 신체적·정신적 안전 사이의 균형을 유지할 의무를 진다.	4단계 대상 식별·치환 대기
REF-L00129-C0014	129	15	제3조	0	3	SRC-C00-L00127	SRC-C00-L00127	총강 제3절 국가권력과 헌정기관의 기본질서	146	> [!summary]+ 제3조: 연방 국가 기구 및 기관의 구성	4단계 대상 식별·치환 대기
REF-L00130-C0029	130	30	제2장	0	3	SRC-C00-L00127	SRC-C00-L00127	총강 제3절 국가권력과 헌정기관의 기본질서	147	> 　연방의 국가 권력은 상호 견제와 균형을 위해, 제2장 제5조가 정한 중심 5축과 보완 3축, 그리고 헌정상 원수 기관으로 구성된다. 중심 5축은 행정 기관인 연방 최고평의회, 입법 기관인 연방 총의회, 사법 기관인 연방 대법원·헌법원, 재정 기관인 연방 준비 기금, 종교 기관인 제국도교 중앙교구이다. 보완 3축은 선거 기관인 연방 선거감독청, 감사 기관인 연방 감사원, 정보 기관인 연방 정보국이다. 헌정상 원수 기관은 연방 황실(연방 황제 및 황가)이다.	4단계 대상 식별·치환 대기
REF-L00130-C0033	130	34	제5조	0	3	SRC-C00-L00127	SRC-C00-L00127	총강 제3절 국가권력과 헌정기관의 기본질서	147	> 　연방의 국가 권력은 상호 견제와 균형을 위해, 제2장 제5조가 정한 중심 5축과 보완 3축, 그리고 헌정상 원수 기관으로 구성된다. 중심 5축은 행정 기관인 연방 최고평의회, 입법 기관인 연방 총의회, 사법 기관인 연방 대법원·헌법원, 재정 기관인 연방 준비 기금, 종교 기관인 제국도교 중앙교구이다. 보완 3축은 선거 기관인 연방 선거감독청, 감사 기관인 연방 감사원, 정보 기관인 연방 정보국이다. 헌정상 원수 기관은 연방 황실(연방 황제 및 황가)이다.	4단계 대상 식별·치환 대기
REF-L00172-C0014	172	15	제8조	0	8	SRC-C00-L00170	SRC-C00-L00170	총강 제4절 규범질서·조약·헌법해석	166	> [!summary]+ 제8조: 연방의 법률 체계	4단계 대상 식별·치환 대기
REF-L00173-C0146	173	147	제12장	0	8	SRC-C00-L00170	SRC-C00-L00170	총강 제4절 규범질서·조약·헌법해석	167	> 　연방의 법률 체계는 이 헌법을 정점으로 하여 연방 법률, 연방 황제령, 연방 최고평의회의 명령, 연방 최고평의회가 위임한 각 부·처의 명령·규칙·규정, 연방 사법부의 판례와 연방 대법원·연방 헌법원의 해석에 따른다. 연방과 연방 신민이 체결한 조약·협정은 제12장(외교)에서 정한 바에 따라 연방 법률과 동등하거나 그에 준하는 효력을 가진다.	4단계 대상 식별·치환 대기
REF-L00175-C0016	175	17	제1장	0	8	SRC-C00-L00170	SRC-C00-L00170	총강 제4절 규범질서·조약·헌법해석	169	> 　연방의 법체계와 판례는 제1장(권리장전)과 제2장(연방총칙), 제15장(정보)의 기본 원칙에 합치되게 해석·적용하여야 한다. 연방 대법원과 연방 헌법원의 위헌심사·합헌해석 결정은 하위 규범과 국가 기관을 기속하며, 정보·데이터·디지털 통치와 관련된 규범은 전자관보·공개 포맷·지연공개 등 공개·투명성 규범을 반영하여야 한다.	4단계 대상 식별·치환 대기
REF-L00175-C0027	175	28	제2장	0	8	SRC-C00-L00170	SRC-C00-L00170	총강 제4절 규범질서·조약·헌법해석	169	> 　연방의 법체계와 판례는 제1장(권리장전)과 제2장(연방총칙), 제15장(정보)의 기본 원칙에 합치되게 해석·적용하여야 한다. 연방 대법원과 연방 헌법원의 위헌심사·합헌해석 결정은 하위 규범과 국가 기관을 기속하며, 정보·데이터·디지털 통치와 관련된 규범은 전자관보·공개 포맷·지연공개 등 공개·투명성 규범을 반영하여야 한다.	4단계 대상 식별·치환 대기
REF-L00175-C0038	175	39	제15장	0	8	SRC-C00-L00170	SRC-C00-L00170	총강 제4절 규범질서·조약·헌법해석	169	> 　연방의 법체계와 판례는 제1장(권리장전)과 제2장(연방총칙), 제15장(정보)의 기본 원칙에 합치되게 해석·적용하여야 한다. 연방 대법원과 연방 헌법원의 위헌심사·합헌해석 결정은 하위 규범과 국가 기관을 기속하며, 정보·데이터·디지털 통치와 관련된 규범은 전자관보·공개 포맷·지연공개 등 공개·투명성 규범을 반영하여야 한다.	4단계 대상 식별·치환 대기
REF-L00181-C0014	181	15	제9조	0	9	SRC-C00-L00179	SRC-C00-L00179	총강 제4절 규범질서·조약·헌법해석	184	> [!summary]+ 제9조: 조약의 효력	4단계 대상 식별·치환 대기
REF-L00217-C0014	217	15	제14조	0	14	SRC-C00-L00215	SRC-C00-L00215	총강 제4절 규범질서·조약·헌법해석	200	> [!summary]+ 제14조: 신민의 자유와 권리 장전의 연방 헌법 내 해석	4단계 대상 식별·치환 대기
REF-L00218-C0091	218	92	제1장	0	14	SRC-C00-L00215	SRC-C00-L00215	총강 제4절 규범질서·조약·헌법해석	201	> 　이 연방 헌법의 해석은 연방 헌법 서문과 총강에 천명된 가치인 국가 정의·국제 평화·연방 신민의 자유와 권리·공공복리의 가치에 따라, [[엘리시움 연방 헌법#제1장 전 인류와 연방 신민의 자유와 권리 장전|권리 장전]]을 우선 기준으로 한다. 권리 장전과 본문의 규정이 충돌하는 경우에는 권리 장전의 본질적 내용을 최대한 보장하는 방향으로 해석한다.	4단계 대상 식별·치환 대기
REF-L00138-C0014	138	15	제4조	0	4	SRC-C00-L00136	SRC-C00-L00136	총강 제5절 국가의 기본책무와 영역	220	> [!summary]+ 제4조: 연방의 영토 및 관할	4단계 대상 식별·치환 대기
REF-L00147-C0014	147	15	제5조	0	5	SRC-C00-L00145	SRC-C00-L00145	총강 제5절 국가의 기본책무와 영역	238	> [!summary]+ 제5조: 국교 및 신앙의 자유	4단계 대상 식별·치환 대기
REF-L00148-C0135	148	136	제8장	0	5	SRC-C00-L00145	SRC-C00-L00145	총강 제5절 국가의 기본책무와 영역	239	> 　연방의 국교는 제국도교이며, 제국도교 중앙교구는 연방의 신앙 질서와 종교 전통의 중심이다. 기타 종교는 연방 법률·연방 황제령이 정하는 범위에서 허용된다. 연방은 개인의 믿음과 양심 그리고 신앙을 이유로 불이익을 주어서는 아니 되며, `제8장(종교)`의 규정에 따라 종교 간 공존과 관용을 보장한다.	4단계 대상 식별·치환 대기
REF-L00150-C0032	150	33	제8장	0	5	SRC-C00-L00145	SRC-C00-L00145	총강 제5절 국가의 기본책무와 영역	241	> 　국교의 지위는 국가 의전과 상징 질서에 한정되며, `제8장(종교)`과 이 헌법이 정한 범위를 넘어 특정 종교 또는 무종교에 대한 특권이나 차별의 근거가 될 수 없다.	4단계 대상 식별·치환 대기
REF-L00156-C0014	156	15	제6조	0	6	SRC-C00-L00154	SRC-C00-L00154	총강 제5절 국가의 기본책무와 영역	256	> [!summary]+ 제6조: 학문 창달의 책임	4단계 대상 식별·치환 대기
REF-L00163-C0014	163	15	제7조	0	7	SRC-C00-L00161	SRC-C00-L00161	총강 제5절 국가의 기본책무와 영역	272	> [!summary]+ 제7조: 국제 평화와 공동 방위	4단계 대상 식별·치환 대기
REF-L00164-C0173	164	174	제11장	0	7	SRC-C00-L00161	SRC-C00-L00161	총강 제5절 국가의 기본책무와 영역	273	> 　연방은 국제 평화의 유지와 전 인류의 안전을 위하여 노력한다. 이를 위하여 연방은 방위조약·집단안보협정 기타 국제 협력기구에 참여할 수 있다. 연방은 자국민과 영토의 방위를 최우선으로 하되, 정당한 자기방위와 국제법에 따른 집단적 자위 이외의 침략전쟁을 부인한다. 구체적인 방위 체계와 전시 지휘 체계는 제11장(국가방위)에 따른다.	4단계 대상 식별·치환 대기
REF-L00166-C0042	166	43	제11장	0	7	SRC-C00-L00161	SRC-C00-L00161	총강 제5절 국가의 기본책무와 영역	275	> 　정보전·사이버전 및 능력자의 군사적·준군사적 활용에 관한 기본 원칙은 제11장(국가방위), 제15장(정보), 제17장(능력자 감독)의 규정에 따른다.	4단계 대상 식별·치환 대기
REF-L00166-C0054	166	55	제15장	0	7	SRC-C00-L00161	SRC-C00-L00161	총강 제5절 국가의 기본책무와 영역	275	> 　정보전·사이버전 및 능력자의 군사적·준군사적 활용에 관한 기본 원칙은 제11장(국가방위), 제15장(정보), 제17장(능력자 감독)의 규정에 따른다.	4단계 대상 식별·치환 대기
REF-L00166-C0064	166	65	제17장	0	7	SRC-C00-L00161	SRC-C00-L00161	총강 제5절 국가의 기본책무와 영역	275	> 　정보전·사이버전 및 능력자의 군사적·준군사적 활용에 관한 기본 원칙은 제11장(국가방위), 제15장(정보), 제17장(능력자 감독)의 규정에 따른다.	4단계 대상 식별·치환 대기
REF-L00188-C0014	188	15	제10조	0	10	SRC-C00-L00186	SRC-C00-L00186	총강 제5절 국가의 기본책무와 영역	290	> [!summary]+ 제10조: 정치적 결사로써 창당의 자유	4단계 대상 식별·치환 대기
REF-L00189-C0113	189	114	제13장	0	10	SRC-C00-L00186	SRC-C00-L00186	총강 제5절 국가의 기본책무와 영역	291	> 　정당과 기타 정치적 결사체의 설립과 활동은 자유이며, 사상과 이념과 교리는 자유주의적 헌정 질서의 범위 안에서 자유롭다. 정당제도와 정치적 결사의 지위·재정·투명성·내부 민주성에 관한 기본 사항은 제13장(선거)에 따른다.  	4단계 대상 식별·치환 대기
REF-L00196-C0014	196	15	제11조	0	11	SRC-C00-L00194	SRC-C00-L00194	총강 제5절 국가의 기본책무와 영역	307	> [!summary]+ 제11조: 연방 신민의 공무책임 및 청렴의 의무	4단계 대상 식별·치환 대기
REF-L00203-C0014	203	15	제12조	0	12	SRC-C00-L00201	SRC-C00-L00201	총강 제5절 국가의 기본책무와 영역	323	> [!summary]+ 제12조: 연방 재정 건전성과 연방 준비 기금	4단계 대상 식별·치환 대기
REF-L00210-C0014	210	15	제13조	0	13	SRC-C00-L00208	SRC-C00-L00208	총강 제5절 국가의 기본책무와 영역	339	> [!summary]+ 제13조: 연방 내 자치와 연방 질서 유지	4단계 대상 식별·치환 대기
REF-L00233-C0014	233	15	제16조	0	16	SRC-C00-L00231	SRC-C00-L00231	총강 제5절 국가의 기본책무와 영역	355	> [!summary]+ 제16조: 국가 안보를 위한 기밀 보호 및 통제	4단계 대상 식별·치환 대기
REF-L00240-C0014	240	15	제17조	0	17	SRC-C00-L00238	SRC-C00-L00238	총강 제5절 국가의 기본책무와 영역	371	> [!summary]+ 제17조: 연방 내 사용 언어 및 문자	4단계 대상 식별·치환 대기
REF-L00247-C0014	247	15	제18조	0	18	SRC-C00-L00245	SRC-C00-L00245	총강 제5절 국가의 기본책무와 영역	387	> [!summary]+ 제18조: 연방 신민의 무장할 권리	4단계 대상 식별·치환 대기
REF-L00248-C0159	248	160	제1장	0	18	SRC-C00-L00245	SRC-C00-L00245	총강 제5절 국가의 기본책무와 영역	388	> 　모든 연방 신민은 자신을 보호하기 위해 무장할 권리를 가진다. 무장과 비무장의 구분 및 습득·취득·소지·휴대·사용의 범위와 요건은 연방 법률로 정하며, 그 정의·관리·감시·감독에 관한 책임은 연방 최고평의회 산하의 연방 기관에 부여한다. 이 경우 무장권은 [[엘리시움 연방 헌법#제1장 전 인류와 연방 신민의 자유와 권리 장전|제1장(권리 장전)]]과 제11장(국가방위), 제17장(능력자 감독)의 규정과 조화를 이루도록 해석·적용한다.	4단계 대상 식별·치환 대기
REF-L00248-C0186	248	187	제1장	0	18	SRC-C00-L00245	SRC-C00-L00245	총강 제5절 국가의 기본책무와 영역	388	> 　모든 연방 신민은 자신을 보호하기 위해 무장할 권리를 가진다. 무장과 비무장의 구분 및 습득·취득·소지·휴대·사용의 범위와 요건은 연방 법률로 정하며, 그 정의·관리·감시·감독에 관한 책임은 연방 최고평의회 산하의 연방 기관에 부여한다. 이 경우 무장권은 [[엘리시움 연방 헌법#제1장 전 인류와 연방 신민의 자유와 권리 장전|제1장(권리 장전)]]과 제11장(국가방위), 제17장(능력자 감독)의 규정과 조화를 이루도록 해석·적용한다.	4단계 대상 식별·치환 대기
REF-L00248-C0200	248	201	제11장	0	18	SRC-C00-L00245	SRC-C00-L00245	총강 제5절 국가의 기본책무와 영역	388	> 　모든 연방 신민은 자신을 보호하기 위해 무장할 권리를 가진다. 무장과 비무장의 구분 및 습득·취득·소지·휴대·사용의 범위와 요건은 연방 법률로 정하며, 그 정의·관리·감시·감독에 관한 책임은 연방 최고평의회 산하의 연방 기관에 부여한다. 이 경우 무장권은 [[엘리시움 연방 헌법#제1장 전 인류와 연방 신민의 자유와 권리 장전|제1장(권리 장전)]]과 제11장(국가방위), 제17장(능력자 감독)의 규정과 조화를 이루도록 해석·적용한다.	4단계 대상 식별·치환 대기
REF-L00248-C0212	248	213	제17장	0	18	SRC-C00-L00245	SRC-C00-L00245	총강 제5절 국가의 기본책무와 영역	388	> 　모든 연방 신민은 자신을 보호하기 위해 무장할 권리를 가진다. 무장과 비무장의 구분 및 습득·취득·소지·휴대·사용의 범위와 요건은 연방 법률로 정하며, 그 정의·관리·감시·감독에 관한 책임은 연방 최고평의회 산하의 연방 기관에 부여한다. 이 경우 무장권은 [[엘리시움 연방 헌법#제1장 전 인류와 연방 신민의 자유와 권리 장전|제1장(권리 장전)]]과 제11장(국가방위), 제17장(능력자 감독)의 규정과 조화를 이루도록 해석·적용한다.	4단계 대상 식별·치환 대기
REF-L00256-C0014	256	15	제19조	0	19	SRC-C00-L00254	SRC-C00-L00254	총강 제5절 국가의 기본책무와 영역	405	> [!summary]+ 제19조: 연방의 신규 영토 개척	4단계 대상 식별·치환 대기
REF-L00226-C0014	226	15	제15조	0	15	SRC-C00-L00224	SRC-C00-L00224	총강 제6절 헌정질서의 연속성과 수호	423	> [!summary]+ 제15조: 국가 비상사태와 권리의 제한	4단계 대상 식별·치환 대기
REF-L00227-C0101	227	102	제1장	0	15	SRC-C00-L00224	SRC-C00-L00224	총강 제6절 헌정질서의 연속성과 수호	424	> 　전시·사변 그 밖의 이에 준하는 국가비상사태에 한하여, 연방 법률과 연방 황제령이 정하는 바에 따라 연방 신민의 일부 권리를 제한할 수 있다. 이 경우 [[엘리시움 연방 헌법#제1장 전 인류와 연방 신민의 자유와 권리 장전|권리 장전]]이 보장하는 본질적인 신민의 자유권적 내용을 침해하여서는 아니 된다. 권리 제한의 지정·연장·해제 및 그 집행은 기록·통지의무와 일몰을 포함하는 절차에 따르고, 사태 종료 후, 연방 총의회의 승인과 연방 황제의 재가를 받아야 한다.	4단계 대상 식별·치환 대기
REF-L00263-C0014	263	15	제20조	0	20	SRC-C00-L00261	SRC-C00-L00261-P01	총강 제6절 헌정질서의 연속성과 수호	441	> [!summary]+ 제20조: 연방 헌법의 개정 절차	4단계 대상 식별·치환 대기
REF-L00264-C0050	264	51	제14장	0	20	SRC-C00-L00261	SRC-C00-L00261-P01	총강 제6절 헌정질서의 연속성과 수호	442	> 　연방 헌법의 개정 절차는 본 연방 헌법이 정한 절차로 한정한다. 연방 헌법의 개정은 제14장이 정하는 바에 따라 연방 헌법원의 심사, 연방 총의회의 심의·의결, 필요한 경우 신민투표, 그리고 연방 황제의 재가 및 공포를 거쳐야 하며, 그 구체적인 형식·기관 구성·절차는 연방 법률과 연방 황제령으로 정한다.	4단계 대상 식별·치환 대기
REF-L00266-C0020	266	21	제1장	0	20	SRC-C00-L00261	SRC-C00-L00261-P01	총강 제6절 헌정질서의 연속성과 수호	444	> 　이 헌법을 사실상 폐지하거나, 제1장(권리장전)과 제2장(연방총칙)이 예정한 국체를 전면적으로 변형하는 개정은 허용되지 아니한다. 국체 보존과 개헌 한계에 관한 원칙은 제14장에서 재확인한다.	4단계 대상 식별·치환 대기
REF-L00266-C0031	266	32	제2장	0	20	SRC-C00-L00261	SRC-C00-L00261-P01	총강 제6절 헌정질서의 연속성과 수호	444	> 　이 헌법을 사실상 폐지하거나, 제1장(권리장전)과 제2장(연방총칙)이 예정한 국체를 전면적으로 변형하는 개정은 허용되지 아니한다. 국체 보존과 개헌 한계에 관한 원칙은 제14장에서 재확인한다.	4단계 대상 식별·치환 대기
REF-L00266-C0097	266	98	제14장	0	20	SRC-C00-L00261	SRC-C00-L00261-P01	총강 제6절 헌정질서의 연속성과 수호	444	> 　이 헌법을 사실상 폐지하거나, 제1장(권리장전)과 제2장(연방총칙)이 예정한 국체를 전면적으로 변형하는 개정은 허용되지 아니한다. 국체 보존과 개헌 한계에 관한 원칙은 제14장에서 재확인한다.	4단계 대상 식별·치환 대기
REF-L00274-C0014	274	15	제21조	0	21	SRC-C00-L00272	SRC-C00-L00272	총강 제6절 헌정질서의 연속성과 수호	456	> [!summary]+ 제21조: 연방 황실 권력의 승계	4단계 대상 식별·치환 대기
REF-L00275-C0010	275	11	제2장	0	21	SRC-C00-L00272	SRC-C00-L00272	총강 제6절 헌정질서의 연속성과 수호	457	> 　연방 황실은 제2장 제5조에서 정한 최고 권력기관 중 헌정상 원수 기관이며, 그 수장은 연방 황제이다. 연방 황실과 연방 황제의 지위·권한·책임 및 황위 승계·섭정에 관한 사항은 제3장과 이에 근거한 연방 법률·황제령이 정한다.	4단계 대상 식별·치환 대기
REF-L00275-C0014	275	15	제5조	0	21	SRC-C00-L00272	SRC-C00-L00272	총강 제6절 헌정질서의 연속성과 수호	457	> 　연방 황실은 제2장 제5조에서 정한 최고 권력기관 중 헌정상 원수 기관이며, 그 수장은 연방 황제이다. 연방 황실과 연방 황제의 지위·권한·책임 및 황위 승계·섭정에 관한 사항은 제3장과 이에 근거한 연방 법률·황제령이 정한다.	4단계 대상 식별·치환 대기
REF-L00275-C0103	275	104	제3장	0	21	SRC-C00-L00272	SRC-C00-L00272	총강 제6절 헌정질서의 연속성과 수호	457	> 　연방 황실은 제2장 제5조에서 정한 최고 권력기관 중 헌정상 원수 기관이며, 그 수장은 연방 황제이다. 연방 황실과 연방 황제의 지위·권한·책임 및 황위 승계·섭정에 관한 사항은 제3장과 이에 근거한 연방 법률·황제령이 정한다.	4단계 대상 식별·치환 대기
REF-L00300-C0041	300	42	본 장	1	1	SRC-C01-L00298	SRC-C01-L00298	제1장 제1절 권리보장의 총칙·해석·제한	484	연방은 전 인류와 연방 신민의 존엄을 확인하며, 자유와 권리를 보장한다. 본 장에서 선언한 자유와 권리는 연방 내 모든 공권력을 구속한다.	4단계 대상 식별·치환 대기
REF-L00303-C0024	303	25	제1장	1	1	SRC-C01-L00298	SRC-C01-L00298	제1장 제1절 권리보장의 총칙·해석·제한	487	본 제2연방 헌법의 해석·적용에 있어, 본 제1장(권리장전)은 최상위 기준이 된다. 관련 절차와 형식은 연방 법률·황제령으로 정한다.	4단계 대상 식별·치환 대기
REF-L00318-C0000	318	1	본 장	1	3	SRC-C01-L00316	SRC-C01-L00316	제1장 제1절 권리보장의 총칙·해석·제한	521	본 장, 권리장전의 해석·적용은 연방 헌법원이 전속하여 관할하며, 그 결과는 정해진 절차에 따라 재가·공포한다.	4단계 대상 식별·치환 대기
REF-L00322-C0000	322	1	본 장	1	3-2	SRC-C01-L00320	SRC-C01-L00320	제1장 제1절 권리보장의 총칙·해석·제한	535	본 장에 열거되지 아니한 자유와 권리도 권리장전에 의하여 보호된다.	4단계 대상 식별·치환 대기
REF-L00325-C0000	325	1	본 조	1	3-2	SRC-C01-L00320	SRC-C01-L00320	제1장 제1절 권리보장의 총칙·해석·제한	538	본 조의 해석은 제2조(권리제한의 일반 원칙)와 제5조(국가 비상사태와 권리의 제한)의 원칙에 합치되도록 한다.	4단계 대상 식별·치환 대기
REF-L00325-C0009	325	10	제2조	1	3-2	SRC-C01-L00320	SRC-C01-L00320	제1장 제1절 권리보장의 총칙·해석·제한	538	본 조의 해석은 제2조(권리제한의 일반 원칙)와 제5조(국가 비상사태와 권리의 제한)의 원칙에 합치되도록 한다.	4단계 대상 식별·치환 대기
REF-L00325-C0027	325	28	제5조	1	3-2	SRC-C01-L00320	SRC-C01-L00320	제1장 제1절 권리보장의 총칙·해석·제한	538	본 조의 해석은 제2조(권리제한의 일반 원칙)와 제5조(국가 비상사태와 권리의 제한)의 원칙에 합치되도록 한다.	4단계 대상 식별·치환 대기
REF-L00587-C0060	587	61	제6장	1	29	SRC-C01-L00576	SRC-C01-L00576	제1장 제6절 적법절차·형사보장·행정절차	1062	평시 일반 신민의 군사법원 회부는 연방 법률·황제령이 정하는 예외적 경우에 한한다. 위헌심사·최종심 체계는 제6장(사법)에 따른다.	4단계 대상 식별·치환 대기
REF-L00596-C0004	596	5	전항	1	30	SRC-C01-L00591	SRC-C01-L00591	제1장 제6절 적법절차·형사보장·행정절차	1081	다만, 전항의 금지에 대한 보장은 연방 신민 및 인류종에 한한다.	4단계 대상 식별·치환 대기
REF-L00619-C0000	619	1	전항	1	33	SRC-C01-L00614	SRC-C01-L00614	제1장 제7절 가족·사회·환경·문화·교육에 관한 권리	1132	전항의 규정 조건은 인류종이 사용하는 언어와 문자에 한한다.	4단계 대상 식별·치환 대기
REF-L00681-C0063	681	64	제13장	1	40	SRC-C01-L00676	SRC-C01-L00676	제1장 제8절 참정권·청원권·공무담임권	1242	연방의 선거는 보통·평등·직접·비밀·자유선거의 원칙을 지향하되, 그 구체적인 범위와 행사 요건은 본 연방 헌법의 제13장`(선거)` 및 연방 법률·황제령으로 정한다.	4단계 대상 식별·치환 대기
REF-L00708-C0011	708	12	제1장	2	1	SRC-C02-L00706	SRC-C02-L00706	제2장 제1절 연방 통치원리와 권능배분	1297	연방은 연방 헌법의 제1장(권리장전)을 최상위 해석 기준으로 하여, 권력의 분립·견제·균형, 법치·책임 행정을 통치 원리로 삼는다.	4단계 대상 식별·치환 대기
REF-L00772-C0016	772	17	각 호	2	5	SRC-C02-L00770	SRC-C02-L00770	제2장 제2절 최고 헌정기관의 체계	1376	연방의 최고 권력기관은 다음 각 호의 중심 5축과 보완 3축, 그리고 헌정상 원수 기관으로 구성한다.	4단계 대상 식별·치환 대기
REF-L00723-C0007	723	8	제1장	2	2	SRC-C02-L00715	SRC-C02-L00715-P02	제2장 제3절 규범체계·유보·위임입법	1437	위임 규범은 제1장(권리장전)의 본질적 내용을 침해할 수 없고, 위임의 목적 범위를 초과할 수 없다.	4단계 대상 식별·치환 대기
REF-L00804-C0035	804	36	동조	2	5-3	SRC-C02-L00802	SRC-C02-L00802	제2장 제5절 기관 간 협력·권한쟁의·합동재의	1601	기관 상호간 권한·절차의 충돌이 있을 때에는 당사기관 협의, 합동조정위원회(각 기관 동수 대표), 연방 헌법원 심사 순으로 조정한다.	4단계 대상 식별·치환 대기
REF-L01091-C0003	1091	4	각 호	2	24	SRC-C02-L01086	SRC-C02-L01086	제2장 제5절 기관 간 협력·권한쟁의·합동재의	1623	다음 각 호 중 하나 이상에 해당할 때, 합동재의를 소집할 수 있다.	4단계 대상 식별·치환 대기
REF-L00852-C0011	852	12	제1장	2	6-3	SRC-C02-L00847	SRC-C02-L00847	제2장 제6절 전자공표·국가기록·디지털 헌정질서	1693	비공개·기밀 지정은 제1장(권리장전)과 제11장(방위)·제15장(정보)의 제한·통제에 따른다.	4단계 대상 식별·치환 대기
REF-L00852-C0022	852	23	제11장	2	6-3	SRC-C02-L00847	SRC-C02-L00847	제2장 제6절 전자공표·국가기록·디지털 헌정질서	1693	비공개·기밀 지정은 제1장(권리장전)과 제11장(방위)·제15장(정보)의 제한·통제에 따른다.	4단계 대상 식별·치환 대기
REF-L00852-C0031	852	32	제15장	2	6-3	SRC-C02-L00847	SRC-C02-L00847	제2장 제6절 전자공표·국가기록·디지털 헌정질서	1693	비공개·기밀 지정은 제1장(권리장전)과 제11장(방위)·제15장(정보)의 제한·통제에 따른다.	4단계 대상 식별·치환 대기
REF-L00855-C0029	855	30	본 조	2	6-3	SRC-C02-L00847	SRC-C02-L00847	제2장 제6절 전자공표·국가기록·디지털 헌정질서	1696	법원 기록(판결·결정·명령 등)의 전자공시·보존에는 본 조의 개방형 표준과 메타데이터 기준을 준용한다.	4단계 대상 식별·치환 대기
REF-L00895-C0089	895	90	본 장	2	7-5	SRC-C02-L00893	SRC-C02-L00893	제2장 제6절 전자공표·국가기록·디지털 헌정질서	1750	국가기밀의 등급 지정·변경·해제는 연방 황제의 재가와 연방 의회의 통제, 연방 법원의 사법적 심사에 의한 간접통제를 받는다. 기밀의 지정·해제 및 사후 공개는 본 장의 전자공표·메타데이터·공시 번들 기준을 따라야 한다.	4단계 대상 식별·치환 대기
REF-L09677-C0035	9677	36	제6장	15	9	SRC-C15-L09675	SRC-C15-L09675	제2장 제6절 전자공표·국가기록·디지털 헌정질서	1809	연방 정보기관은 정보공개·데이터 표준·전자기록 관리에 관하여 `제6장(입법)` 및 `제14장(개헌)`에서 정한 전자법원·디지털의정·데이터 스키마에 부합하도록 시스템을 구축하여야 한다.	4단계 대상 식별·치환 대기
REF-L09677-C0047	9677	48	제14장	15	9	SRC-C15-L09675	SRC-C15-L09675	제2장 제6절 전자공표·국가기록·디지털 헌정질서	1809	연방 정보기관은 정보공개·데이터 표준·전자기록 관리에 관하여 `제6장(입법)` 및 `제14장(개헌)`에서 정한 전자법원·디지털의정·데이터 스키마에 부합하도록 시스템을 구축하여야 한다.	4단계 대상 식별·치환 대기
REF-L00963-C0017	963	18	제12장	2	14	SRC-C02-L00955	SRC-C02-L00955	제2장 제8절 연방의 영역·관할·경계	1938	외교·조약에 따른 경계 변동은 제12장(외교)를 준용한다.	4단계 대상 식별·치환 대기
REF-L06109-C0011	6109	12	본 조	11	2-4	SRC-C11-L06104	SRC-C11-L06104	제3장 제1절 헌법적 인격과 권리주체	1965	`비인류 개체`란, 본 조 제1항에 해당하지 않는 지적 존재·생물·인공물(`자율 AI 포함`)을 말한다.	4단계 대상 식별·치환 대기
REF-L06109-C0015	6109	16	제1항	11	2-4	SRC-C11-L06104	SRC-C11-L06104	제3장 제1절 헌법적 인격과 권리주체	1965	`비인류 개체`란, 본 조 제1항에 해당하지 않는 지적 존재·생물·인공물(`자율 AI 포함`)을 말한다.	4단계 대상 식별·치환 대기
REF-L06037-C0000	6037	1	본 장	11	1-2	SRC-C11-L06035	SRC-C11-L06035	제3장 제1절 헌법적 인격과 권리주체	1984	본 장의 `권리구제, 우선심리, 재산권 보호` 등 기본 보호는 연방 신민권자 및 인류종(`연방 법률·황제령이 정한 인류 또는 그 변이체`에 한함)에 적용된다.	4단계 대상 식별·치환 대기
REF-L06043-C0029	6043	30	본 장	11	1-2	SRC-C11-L06035	SRC-C11-L06035	제3장 제1절 헌법적 인격과 권리주체	1990	기관·법인체 등 법인은 연방 법률이 정하는 범위에서 본 장의 보호·의무의 적용 대상이 된다.	4단계 대상 식별·치환 대기
REF-L06046-C0000	6046	1	전항	11	1-2	SRC-C11-L06035	SRC-C11-L06035	제3장 제1절 헌법적 인격과 권리주체	1993	전항의 법인의 지배 주체가 제2항의 `비인류 개체`에 해당할 경우, 그 법인은 보호 대상에서 제외된다. 제2항에서 말한 `필요·비례 원칙`에서 비례 원칙의 기준은 인류종과 연방 신민에 준하지 않는다.	4단계 대상 식별·치환 대기
REF-L06046-C0015	6046	16	제2항	11	1-2	SRC-C11-L06035	SRC-C11-L06035	제3장 제1절 헌법적 인격과 권리주체	1993	전항의 법인의 지배 주체가 제2항의 `비인류 개체`에 해당할 경우, 그 법인은 보호 대상에서 제외된다. 제2항에서 말한 `필요·비례 원칙`에서 비례 원칙의 기준은 인류종과 연방 신민에 준하지 않는다.	4단계 대상 식별·치환 대기
REF-L06046-C0058	6046	59	제2항	11	1-2	SRC-C11-L06035	SRC-C11-L06035	제3장 제1절 헌법적 인격과 권리주체	1993	전항의 법인의 지배 주체가 제2항의 `비인류 개체`에 해당할 경우, 그 법인은 보호 대상에서 제외된다. 제2항에서 말한 `필요·비례 원칙`에서 비례 원칙의 기준은 인류종과 연방 신민에 준하지 않는다.	4단계 대상 식별·치환 대기
REF-L06050-C0000	6050	1	본 장	11	1-3	SRC-C11-L06048	SRC-C11-L06048-P01	제3장 제1절 헌법적 인격과 권리주체	2008	본 장 `제1조의 2(적용 범위 및 비인류 개체 특례)`는 본 장 전반에 우선 적용한다.	4단계 대상 식별·치환 대기
REF-L06050-C0005	6050	6	제1조의 2	11	1-3	SRC-C11-L06048	SRC-C11-L06048-P01	제3장 제1절 헌법적 인격과 권리주체	2008	본 장 `제1조의 2(적용 범위 및 비인류 개체 특례)`는 본 장 전반에 우선 적용한다.	4단계 대상 식별·치환 대기
REF-L06050-C0033	6050	34	본 장	11	1-3	SRC-C11-L06048	SRC-C11-L06048-P01	제3장 제1절 헌법적 인격과 권리주체	2008	본 장 `제1조의 2(적용 범위 및 비인류 개체 특례)`는 본 장 전반에 우선 적용한다.	4단계 대상 식별·치환 대기
REF-L06053-C0003	6053	4	각 호	11	1-3	SRC-C11-L06048	SRC-C11-L06048-P01	제3장 제1절 헌법적 인격과 권리주체	2011	다음 각 호의 규정은 `제1조의 2 中 제1·2항`을 전제로 해석·적용한다.	4단계 대상 식별·치환 대기
REF-L06053-C0013	6053	14	제1조의 2	11	1-3	SRC-C11-L06048	SRC-C11-L06048-P01	제3장 제1절 헌법적 인격과 권리주체	2011	다음 각 호의 규정은 `제1조의 2 中 제1·2항`을 전제로 해석·적용한다.	4단계 대상 식별·치환 대기
REF-L06054-C0003	6054	4	제9조	11	1-3	SRC-C11-L06048	SRC-C11-L06048-P01	제3장 제1절 헌법적 인격과 권리주체	2012	1. 제9조(권리 제한의 한계·구제).	4단계 대상 식별·치환 대기
REF-L06055-C0003	6055	4	제10조	11	1-3	SRC-C11-L06048	SRC-C11-L06048-P01	제3장 제1절 헌법적 인격과 권리주체	2013	2. 제10조(동원·징발·보상).	4단계 대상 식별·치환 대기
REF-L06056-C0003	6056	4	제11조	11	1-3	SRC-C11-L06048	SRC-C11-L06048-P01	제3장 제1절 헌법적 인격과 권리주체	2014	3. 제11조(통신·언론·데이터).	4단계 대상 식별·치환 대기
REF-L06057-C0003	6057	4	제19조의 2	11	1-3	SRC-C11-L06048	SRC-C11-L06048-P01	제3장 제1절 헌법적 인격과 권리주체	2015	4. 제19조의 2(민간피해 평가·완화; CHMR).	4단계 대상 식별·치환 대기
REF-L06058-C0003	6058	4	제19조의 3	11	1-3	SRC-C11-L06048	SRC-C11-L06048-P01	제3장 제1절 헌법적 인격과 권리주체	2016	5. 제19조의 3(전시·사면 구금 및 전쟁포로 보호).	4단계 대상 식별·치환 대기
REF-L00981-C0012	981	13	각 호	2	16	SRC-C02-L00978	SRC-C02-L00978-P01	제3장 제2절 연방 신민·준신민·외국인 및 보호신분	2037	연방 내 신분은 다음 각 호로 구분한다.	4단계 대상 식별·치환 대기
REF-L00997-C0024	997	25	제1장	2	16	SRC-C02-L00978	SRC-C02-L00978-P01	제3장 제2절 연방 신민·준신민·외국인 및 보호신분	2053	신분에 따른 권리·의무·보호의 범위는 [[#제1장 전 인류와 연방 신민의 자유와 권리 장전|제1장 (권리장전)]]을 기본으로 하여, 연방 법률·황제령으로 정한다.	4단계 대상 식별·치환 대기
REF-L00997-C0051	997	52	제1장	2	16	SRC-C02-L00978	SRC-C02-L00978-P01	제3장 제2절 연방 신민·준신민·외국인 및 보호신분	2053	신분에 따른 권리·의무·보호의 범위는 [[#제1장 전 인류와 연방 신민의 자유와 권리 장전|제1장 (권리장전)]]을 기본으로 하여, 연방 법률·황제령으로 정한다.	4단계 대상 식별·치환 대기
REF-L01006-C0012	1006	13	각 호	2	17	SRC-C02-L01004	SRC-C02-L01004	제3장 제3절 신민권의 취득·변경·상실·정지	2092	신민권의 취득은 다음 각 호에 따른다.	4단계 대상 식별·치환 대기
REF-L01018-C0012	1018	13	각 호	2	18	SRC-C02-L01016	SRC-C02-L01016	제3장 제3절 신민권의 취득·변경·상실·정지	2113	신민권의 상실은 다음 각 호에 따른다.	4단계 대상 식별·치환 대기
REF-L01023-C0049	1023	50	제1장	2	18	SRC-C02-L01016	SRC-C02-L01016	제3장 제3절 신민권의 취득·변경·상실·정지	2118	신민권의 정지는 전시·사변 또는 국가비상 시 법률이 정한 절차로 제한할 수 있다. [[#제1장 전 인류와 연방 신민의 자유와 권리 장전|제1장 (권리장전)]]에 따라 핵심권리는 정지할 수 없다.	4단계 대상 식별·치환 대기
REF-L01023-C0076	1023	77	제1장	2	18	SRC-C02-L01016	SRC-C02-L01016	제3장 제3절 신민권의 취득·변경·상실·정지	2118	신민권의 정지는 전시·사변 또는 국가비상 시 법률이 정한 절차로 제한할 수 있다. [[#제1장 전 인류와 연방 신민의 자유와 권리 장전|제1장 (권리장전)]]에 따라 핵심권리는 정지할 수 없다.	4단계 대상 식별·치환 대기
REF-L01152-C0017	1152	18	본 장	3	1	SRC-C03-L01147	SRC-C03-L01147	제4장 제1절 연방 황실의 지위와 헌정기능	2284	연방 황실의 직제·권한·책임은 본 장과 [[#제2장 연방 통치구조 총칙|제2장 (연방 총칙)]]의 규범·전자공표 조항 및 연방 법률·황제령으로 정한다.	4단계 대상 식별·치환 대기
REF-L01152-C0025	1152	26	제2장	3	1	SRC-C03-L01147	SRC-C03-L01147	제4장 제1절 연방 황실의 지위와 헌정기능	2284	연방 황실의 직제·권한·책임은 본 장과 [[#제2장 연방 통치구조 총칙|제2장 (연방 총칙)]]의 규범·전자공표 조항 및 연방 법률·황제령으로 정한다.	4단계 대상 식별·치환 대기
REF-L01152-C0040	1152	41	제2장	3	1	SRC-C03-L01147	SRC-C03-L01147	제4장 제1절 연방 황실의 지위와 헌정기능	2284	연방 황실의 직제·권한·책임은 본 장과 [[#제2장 연방 통치구조 총칙|제2장 (연방 총칙)]]의 규범·전자공표 조항 및 연방 법률·황제령으로 정한다.	4단계 대상 식별·치환 대기
REF-L01155-C0048	1155	49	제2장	3	1	SRC-C03-L01147	SRC-C03-L01147	제4장 제1절 연방 황실의 지위와 헌정기능	2287	연방 황실의 결정·선언·명령·고시는 전자관보에 게재하며, 형식·보존·메타데이터는 [[#제2장 연방 통치구조 총칙|제2장 (연방 총칙)]]에서 정한 표준에 따른다.	4단계 대상 식별·치환 대기
REF-L01155-C0063	1155	64	제2장	3	1	SRC-C03-L01147	SRC-C03-L01147	제4장 제1절 연방 황실의 지위와 헌정기능	2287	연방 황실의 결정·선언·명령·고시는 전자관보에 게재하며, 형식·보존·메타데이터는 [[#제2장 연방 통치구조 총칙|제2장 (연방 총칙)]]에서 정한 표준에 따른다.	4단계 대상 식별·치환 대기
REF-L01158-C0054	1158	55	제2장	3	1	SRC-C03-L01147	SRC-C03-L01147	제4장 제1절 연방 황실의 지위와 헌정기능	2290	연방 황실은 정당·정파로부터 독립하며, 국가의 연속성·안정성 확보를 사명으로 한다. 다만, [[#제2장 연방 통치구조 총칙|제2장 (연방 총칙)]]에서 정한 권력기관 간 통괄·조정·중재 요건(기관 권한쟁의·입법 교착·비상권 충돌 등)이 있을 때에 한해 개입한다.	4단계 대상 식별·치환 대기
REF-L01158-C0069	1158	70	제2장	3	1	SRC-C03-L01147	SRC-C03-L01147	제4장 제1절 연방 황실의 지위와 헌정기능	2290	연방 황실은 정당·정파로부터 독립하며, 국가의 연속성·안정성 확보를 사명으로 한다. 다만, [[#제2장 연방 통치구조 총칙|제2장 (연방 총칙)]]에서 정한 권력기관 간 통괄·조정·중재 요건(기관 권한쟁의·입법 교착·비상권 충돌 등)이 있을 때에 한해 개입한다.	4단계 대상 식별·치환 대기
REF-L01161-C0003	1161	4	제1장	3	1	SRC-C03-L01147	SRC-C03-L01147	제4장 제1절 연방 황실의 지위와 헌정기능	2293	[[#제1장 전 인류와 연방 신민의 자유와 권리 장전|제1장 (권리장전)]]과 연방국가·황제-신민계약론의 원칙에 따라, 연방의 모든 권력은 연방 황제에게 부여된다.	4단계 대상 식별·치환 대기
REF-L01161-C0030	1161	31	제1장	3	1	SRC-C03-L01147	SRC-C03-L01147	제4장 제1절 연방 황실의 지위와 헌정기능	2293	[[#제1장 전 인류와 연방 신민의 자유와 권리 장전|제1장 (권리장전)]]과 연방국가·황제-신민계약론의 원칙에 따라, 연방의 모든 권력은 연방 황제에게 부여된다.	4단계 대상 식별·치환 대기
REF-L01164-C0010	1164	11	제20조	3	1	SRC-C03-L01147	SRC-C03-L01147	제4장 제1절 연방 황실의 지위와 헌정기능	2296	연방 황실은 [[#제20조 귀족·황족·황실의 법적 지위|제2장 제20조 제1항]]에 따라 연방 내 귀족 중 최고 지위를 보장받는다.	4단계 대상 식별·치환 대기
REF-L01164-C0031	1164	32	제2장	3	1	SRC-C03-L01147	SRC-C03-L01147	제4장 제1절 연방 황실의 지위와 헌정기능	2296	연방 황실은 [[#제20조 귀족·황족·황실의 법적 지위|제2장 제20조 제1항]]에 따라 연방 내 귀족 중 최고 지위를 보장받는다.	4단계 대상 식별·치환 대기
REF-L01164-C0035	1164	36	제20조	3	1	SRC-C03-L01147	SRC-C03-L01147	제4장 제1절 연방 황실의 지위와 헌정기능	2296	연방 황실은 [[#제20조 귀족·황족·황실의 법적 지위|제2장 제20조 제1항]]에 따라 연방 내 귀족 중 최고 지위를 보장받는다.	4단계 대상 식별·치환 대기
REF-L01164-C0040	1164	41	제1항	3	1	SRC-C03-L01147	SRC-C03-L01147	제4장 제1절 연방 황실의 지위와 헌정기능	2296	연방 황실은 [[#제20조 귀족·황족·황실의 법적 지위|제2장 제20조 제1항]]에 따라 연방 내 귀족 중 최고 지위를 보장받는다.	4단계 대상 식별·치환 대기
REF-L01166-C0011	1166	12	제1조	3	1	SRC-C03-L01147	SRC-C03-L01147	제4장 제1절 연방 황실의 지위와 헌정기능	2298	> [!info]+ 제1조 보조 자료: 연방 황실 직속 기관 조직도	4단계 대상 식별·치환 대기
REF-L01223-C0000	1223	1	본 조	3	2-2	SRC-C03-L01194	SRC-C03-L01194-P05	제4장 제2절 황권·재가·황제령 및 형식행위	2365	본 조의 전자서식·메타데이터 공개 및 상호운용에 관하여는 제2장 제9조와 제5장 제15조를 준용한다.	4단계 대상 식별·치환 대기
REF-L01223-C0032	1223	33	제2장	3	2-2	SRC-C03-L01194	SRC-C03-L01194-P05	제4장 제2절 황권·재가·황제령 및 형식행위	2365	본 조의 전자서식·메타데이터 공개 및 상호운용에 관하여는 제2장 제9조와 제5장 제15조를 준용한다.	4단계 대상 식별·치환 대기
REF-L01223-C0036	1223	37	제9조	3	2-2	SRC-C03-L01194	SRC-C03-L01194-P05	제4장 제2절 황권·재가·황제령 및 형식행위	2365	본 조의 전자서식·메타데이터 공개 및 상호운용에 관하여는 제2장 제9조와 제5장 제15조를 준용한다.	4단계 대상 식별·치환 대기
REF-L01223-C0041	1223	42	제5장	3	2-2	SRC-C03-L01194	SRC-C03-L01194-P05	제4장 제2절 황권·재가·황제령 및 형식행위	2365	본 조의 전자서식·메타데이터 공개 및 상호운용에 관하여는 제2장 제9조와 제5장 제15조를 준용한다.	4단계 대상 식별·치환 대기
REF-L01223-C0045	1223	46	제15조	3	2-2	SRC-C03-L01194	SRC-C03-L01194-P05	제4장 제2절 황권·재가·황제령 및 형식행위	2365	본 조의 전자서식·메타데이터 공개 및 상호운용에 관하여는 제2장 제9조와 제5장 제15조를 준용한다.	4단계 대상 식별·치환 대기
REF-L01552-C0000	1552	1	본 장	4	1-2	SRC-C04-L01550	SRC-C04-L01550	제4장 제2절 황권·재가·황제령 및 형식행위	2458	본 장 및 다른 장에서 황제의 재가를 요하는 사항은 재가가 있을 때에 한하여 효력이 발생한다. 재가 대상에는 다음이 포함된다.	4단계 대상 식별·치환 대기
REF-L01383-C0021	1383	22	본 조	3	12	SRC-C03-L01372	SRC-C03-L01372	제4장 제5절 황위 승계·섭정·직무대행	2685	연방 황제는 종신직으로 한다. 다만, 본 조 제2항의 사유에 해당하거나 연방 황제의 의지가 있을 경우 황실 승계 위원회를 통해서 직위를 승계할 수 있다.	4단계 대상 식별·치환 대기
REF-L01383-C0025	1383	26	제2항	3	12	SRC-C03-L01372	SRC-C03-L01372	제4장 제5절 황위 승계·섭정·직무대행	2685	연방 황제는 종신직으로 한다. 다만, 본 조 제2항의 사유에 해당하거나 연방 황제의 의지가 있을 경우 황실 승계 위원회를 통해서 직위를 승계할 수 있다.	4단계 대상 식별·치환 대기
REF-L01463-C0042	1463	43	본 장	3	20	SRC-C03-L01455	SRC-C03-L01455	제4장 제5절 황위 승계·섭정·직무대행	2740	위원회의 의결은 황실 재가 및 연방 헌법원 직무적부심사를 거쳐 확정된다. (본 장 제12조 참조)	4단계 대상 식별·치환 대기
REF-L01463-C0046	1463	47	제12조	3	20	SRC-C03-L01455	SRC-C03-L01455	제4장 제5절 황위 승계·섭정·직무대행	2740	위원회의 의결은 황실 재가 및 연방 헌법원 직무적부심사를 거쳐 확정된다. (본 장 제12조 참조)	4단계 대상 식별·치환 대기
REF-L01520-C0000	1520	1	본 장	3	25	SRC-C03-L01518	SRC-C03-L01518	제4장 제6절 황실 직속기관	2878	본 장의 위임 사항에 관한 세부는 연방 법률·황제령·세칙으로 정한다.	4단계 대상 식별·치환 대기
REF-L01183-C0029	1183	30	제2장	3	2	SRC-C03-L01171	SRC-C03-L01171	제4장 제7절 황권의 통제·책임·사후심사	2906	공개 가능한 보고서·데이터·대시보드는 오픈 라이선스(제2장 기준)으로 제공한다. 다만, 국장·문장 등 상징류는 별도의 연방 법률·황제령에 따른다.	4단계 대상 식별·치환 대기
REF-L01545-C0065	1545	66	본 장	4	1	SRC-C04-L01537	SRC-C04-L01537	제5장 제1절 행정권·최고평의회 총칙	2961	독립·준독립 기관은 연방 최고평의회와 직접적인 지시관계가 없는 동격 기관으로 하되, 상호 협의·통지 체계를 둔다. (본 장 제14·17조 참조)	4단계 대상 식별·치환 대기
REF-L01547-C0011	1547	12	제1조	4	1	SRC-C04-L01537	SRC-C04-L01537	제5장 제1절 행정권·최고평의회 총칙	2963	> [!info]+ 제1조 보조 자료: 연방 최고평의회 조직도	4단계 대상 식별·치환 대기
REF-L01647-C0088	1647	89	제10조	4	3	SRC-C04-L01645	SRC-C04-L01645	제5장 제3절 의장·부의장·위원 및 승계	3094	평의회 의장은 연방 최고평의회의 수장으로서 본회의의 주재, 의사일정의 확정, 의결사항의 공표, 연방 정책·행정명령의 집행 총괄 및 전시·비상 선포 절차 개시(제10조 참조)를 관장한다.	4단계 대상 식별·치환 대기
REF-L01657-C0000	1657	1	본 장	4	3-1	SRC-C04-L01649	SRC-C04-L01649	제5장 제3절 의장·부의장·위원 및 승계	3114	본 장에 따른 공직선거는 보통·평등·직접·비밀선거의 원칙에 따른다.	4단계 대상 식별·치환 대기
REF-L01660-C0111	1660	112	제13장	4	3-1	SRC-C04-L01649	SRC-C04-L01649	제5장 제3절 의장·부의장·위원 및 승계	3117	선거구 획정, 선거인명부, 투·개표 및 재검표, 전자·우편·재외투표, 선거공고·일정, 후보자 등록·검증, 선거운동·비용·회계·공영제, 선거 관련 분쟁·무효·보궐 및 기타 선거의 관리·감독·기술기준은 제13장(선거권력)에 기초하여 연방 법률·황제령으로 위임한다. 연방 선거감독청이 제정·고시하는 규칙·기준은 연방 헌법·법률·황제령의 위임 범위 내에서 동격의 효력을 가진다.	4단계 대상 식별·치환 대기
REF-L01674-C0000	1674	1	본 조	4	3-2	SRC-C04-L01662	SRC-C04-L01662	제5장 제3절 의장·부의장·위원 및 승계	3141	본 조 제3항의 절차에 따라 적법하게 요청된 건에 대해서 연방 황제의 재가로 무효가 확정되며, 해당 직위는 즉시 공석으로 한다. 불재가시 사유를 첨부하여 의회에 통지한다.	4단계 대상 식별·치환 대기
REF-L01674-C0004	1674	5	제3항	4	3-2	SRC-C04-L01662	SRC-C04-L01662	제5장 제3절 의장·부의장·위원 및 승계	3141	본 조 제3항의 절차에 따라 적법하게 요청된 건에 대해서 연방 황제의 재가로 무효가 확정되며, 해당 직위는 즉시 공석으로 한다. 불재가시 사유를 첨부하여 의회에 통지한다.	4단계 대상 식별·치환 대기
REF-L01677-C0000	1677	1	본 항	4	3-2	SRC-C04-L01662	SRC-C04-L01662	제5장 제3절 의장·부의장·위원 및 승계	3144	본 항 제1호의 절차에 따라 불재가 통보된 건에 대하여서 1회에 한하여 재결의 할 수 있다. 연방 총의회의 3/4 재적, 2/3 동의로 재결의 할 수 있으며, 재결의하여 연방 황실에 송부된 건에 대하여 연방 황제는 7일 이내로 재가를 확정해야 한다.	4단계 대상 식별·치환 대기
REF-L01677-C0004	1677	5	제1호	4	3-2	SRC-C04-L01662	SRC-C04-L01662	제5장 제3절 의장·부의장·위원 및 승계	3144	본 항 제1호의 절차에 따라 불재가 통보된 건에 대하여서 1회에 한하여 재결의 할 수 있다. 연방 총의회의 3/4 재적, 2/3 동의로 재결의 할 수 있으며, 재결의하여 연방 황실에 송부된 건에 대하여 연방 황제는 7일 이내로 재가를 확정해야 한다.	4단계 대상 식별·치환 대기
REF-L01693-C0000	1693	1	본 조	4	3-3	SRC-C04-L01682	SRC-C04-L01682	제5장 제3절 의장·부의장·위원 및 승계	3170	본 조 제3항의 휴임 기간이 만료된 다음 임기 회기에는 다시 후보로 출마할 수 있으며, 이 경우 다시 제2항의 한도를 적용한다.	4단계 대상 식별·치환 대기
REF-L01693-C0004	1693	5	제3항	4	3-3	SRC-C04-L01682	SRC-C04-L01682	제5장 제3절 의장·부의장·위원 및 승계	3170	본 조 제3항의 휴임 기간이 만료된 다음 임기 회기에는 다시 후보로 출마할 수 있으며, 이 경우 다시 제2항의 한도를 적용한다.	4단계 대상 식별·치환 대기
REF-L01693-C0057	1693	58	제2항	4	3-3	SRC-C04-L01682	SRC-C04-L01682	제5장 제3절 의장·부의장·위원 및 승계	3170	본 조 제3항의 휴임 기간이 만료된 다음 임기 회기에는 다시 후보로 출마할 수 있으며, 이 경우 다시 제2항의 한도를 적용한다.	4단계 대상 식별·치환 대기
REF-L01699-C0019	1699	20	본 조	4	3-3	SRC-C04-L01682	SRC-C04-L01682	제5장 제3절 의장·부의장·위원 및 승계	3176	연방 법률에 따른 권한대행 기간은 본 조 제5항의 산입에 포함하지 아니한다.	4단계 대상 식별·치환 대기
REF-L01699-C0023	1699	24	제5항	4	3-3	SRC-C04-L01682	SRC-C04-L01682	제5장 제3절 의장·부의장·위원 및 승계	3176	연방 법률에 따른 권한대행 기간은 본 조 제5항의 산입에 포함하지 아니한다.	4단계 대상 식별·치환 대기
REF-L01706-C0000	1706	1	본 조	4	3-4	SRC-C04-L01701	SRC-C04-L01701	제5장 제3절 의장·부의장·위원 및 승계	3193	본 조 제1항의 승계가 이루어진 경우, 각 분과의 최고대신 중 1인을 신임 부의장으로 지명하고, 연방 황제의 재가로 임명한다. 연방 의회에는 이를 즉시 통지하여야 한다.	4단계 대상 식별·치환 대기
REF-L01706-C0004	1706	5	제1항	4	3-4	SRC-C04-L01701	SRC-C04-L01701	제5장 제3절 의장·부의장·위원 및 승계	3193	본 조 제1항의 승계가 이루어진 경우, 각 분과의 최고대신 중 1인을 신임 부의장으로 지명하고, 연방 황제의 재가로 임명한다. 연방 의회에는 이를 즉시 통지하여야 한다.	4단계 대상 식별·치환 대기
REF-L01728-C0003	1728	4	각 호	4	4-2	SRC-C04-L01726	SRC-C04-L01726	제5장 제4절 회의·의결·정책결정	3228	다음 각 호의 사항은 연방 최고평의회 의결을 거쳐야 한다.	4단계 대상 식별·치환 대기
REF-L01730-C0021	1730	22	본 장	4	4-2	SRC-C04-L01726	SRC-C04-L01726	제5장 제4절 회의·의결·정책결정	3230	"	Ⅱ. 조약 체결·비준의 동의요구안 (본 장 제7조의2 관련)"	4단계 대상 식별·치환 대기
REF-L01730-C0025	1730	26	제7조의2	4	4-2	SRC-C04-L01726	SRC-C04-L01726	제5장 제4절 회의·의결·정책결정	3230	"	Ⅱ. 조약 체결·비준의 동의요구안 (본 장 제7조의2 관련)"	4단계 대상 식별·치환 대기
REF-L01758-C0023	1758	24	제2장	4	6	SRC-C04-L01747	SRC-C04-L01747	제5장 제5절 행정입법·위임·발령·공포	3277	연방 황제령·행정명령 등의 규범층은 [[#제2장: 연방 통치구조 총칙#제3조: 규범 체계와 위계#제2항|제2장 제3조 제2항]]에 따른다.	4단계 대상 식별·치환 대기
REF-L01758-C0039	1758	40	제3조	4	6	SRC-C04-L01747	SRC-C04-L01747	제5장 제5절 행정입법·위임·발령·공포	3277	연방 황제령·행정명령 등의 규범층은 [[#제2장: 연방 통치구조 총칙#제3조: 규범 체계와 위계#제2항|제2장 제3조 제2항]]에 따른다.	4단계 대상 식별·치환 대기
REF-L01758-C0054	1758	55	제2항	4	6	SRC-C04-L01747	SRC-C04-L01747	제5장 제5절 행정입법·위임·발령·공포	3277	연방 황제령·행정명령 등의 규범층은 [[#제2장: 연방 통치구조 총칙#제3조: 규범 체계와 위계#제2항|제2장 제3조 제2항]]에 따른다.	4단계 대상 식별·치환 대기
REF-L01758-C0058	1758	59	제2장	4	6	SRC-C04-L01747	SRC-C04-L01747	제5장 제5절 행정입법·위임·발령·공포	3277	연방 황제령·행정명령 등의 규범층은 [[#제2장: 연방 통치구조 총칙#제3조: 규범 체계와 위계#제2항|제2장 제3조 제2항]]에 따른다.	4단계 대상 식별·치환 대기
REF-L01758-C0062	1758	63	제3조	4	6	SRC-C04-L01747	SRC-C04-L01747	제5장 제5절 행정입법·위임·발령·공포	3277	연방 황제령·행정명령 등의 규범층은 [[#제2장: 연방 통치구조 총칙#제3조: 규범 체계와 위계#제2항|제2장 제3조 제2항]]에 따른다.	4단계 대상 식별·치환 대기
REF-L01758-C0066	1758	67	제2항	4	6	SRC-C04-L01747	SRC-C04-L01747	제5장 제5절 행정입법·위임·발령·공포	3277	연방 황제령·행정명령 등의 규범층은 [[#제2장: 연방 통치구조 총칙#제3조: 규범 체계와 위계#제2항|제2장 제3조 제2항]]에 따른다.	4단계 대상 식별·치환 대기
REF-L01851-C0011	1851	12	제1항	4	12	SRC-C04-L01831	SRC-C04-L01831	제5장 제6절 각부·각처와 정부조직	3356	> [!info]+ 제1항 보조 자료: 연방 최고평의회 직제표	4단계 대상 식별·치환 대기
REF-L01904-C0000	1904	1	본 절	4	15	SRC-C04-L01902	SRC-C04-L01902	제5장 제7절 독립·준독립·산하기관	3409	본 절에서 '산하기관'이라 함은, 연방 최고평의회 소속 각부·각처의 하부에 두는 청·본부·국·위원회 등으로서, 독립·준독립 기관이 아닌 행정기관을 말한다.	4단계 대상 식별·치환 대기
REF-L02032-C0017	2032	18	제11절	4	16-6	SRC-C04-L02030	SRC-C04-L02030	제5장 제8절 행정위원회와 준사법 행정	3591	분 절에 정하지 아니한 사항은 제11절(산하기관 공통 규정)을 준용하되, 이 절의 규정이 우선한다.	4단계 대상 식별·치환 대기
REF-L01950-C0006	1950	7	제7조	4	15-5	SRC-C04-L01948	SRC-C04-L01948	제5장 제9절 행정절차·규제·자동결정	3677	산하기관은 제7조 및 제12조에 따른 공개·기록·감사 의무의 직접 대상이 된다.	4단계 대상 식별·치환 대기
REF-L01950-C0012	1950	13	제12조	4	15-5	SRC-C04-L01948	SRC-C04-L01948	제5장 제9절 행정절차·규제·자동결정	3677	산하기관은 제7조 및 제12조에 따른 공개·기록·감사 의무의 직접 대상이 된다.	4단계 대상 식별·치환 대기
REF-L02040-C0064	2040	65	동조	4	17	SRC-C04-L02038	SRC-C04-L02038	제5장 제10절 권한중첩·합동사무·기관조정	3725	산하기관은 독립·준독립 기관의 고유 권한에 간섭할 수 없다. 다만, 연방 법률·황제령이 정하는 범위에서 정보공유·합동조사를 실시할 수 있다.	4단계 대상 식별·치환 대기
REF-L02130-C0011	2130	12	제1조	5	1	SRC-C05-L02126	SRC-C05-L02126	제6장 제1절 연방 의회 총칙·구성	3809	> [!info]- 제1조 보조 자료 1: 연방 의회 조직도	4단계 대상 식별·치환 대기
REF-L02133-C0011	2133	12	제1조	5	1	SRC-C05-L02126	SRC-C05-L02126	제6장 제1절 연방 의회 총칙·구성	3812	> [!info]+ 제1조 보조 자료 2: 연방 총의회 조직도	4단계 대상 식별·치환 대기
REF-L02136-C0011	2136	12	제1조	5	1	SRC-C05-L02126	SRC-C05-L02126	제6장 제1절 연방 의회 총칙·구성	3815	> [!info]- 제1조 보조 자료 3: 연방 상원의회 조직도	4단계 대상 식별·치환 대기
REF-L02139-C0011	2139	12	제1조	5	1	SRC-C05-L02126	SRC-C05-L02126	제6장 제1절 연방 의회 총칙·구성	3818	> [!info]- 제1조 보조 자료 4: 연방 하원의회 조직도	4단계 대상 식별·치환 대기
REF-L02142-C0011	2142	12	제1조	5	1	SRC-C05-L02126	SRC-C05-L02126	제6장 제1절 연방 의회 총칙·구성	3821	> [!info]- 제1조 보조 자료 5: 연방 합동의회 조직도	4단계 대상 식별·치환 대기
REF-L02155-C0080	2155	81	제1장	5	2	SRC-C05-L02153	SRC-C05-L02153	제6장 제1절 연방 의회 총칙·구성	3843	'입법권'은 본 연방 헌법이 연방에 부여한 사항에 한하여 행사할 수 있다. 연방 헌법이 연방에 위임하지 아니한 권능은 연방에 귀속되지 아니한다(제1장; 권리장전 참조).	4단계 대상 식별·치환 대기
REF-L02158-C0007	2158	8	제1장	5	2	SRC-C05-L02153	SRC-C05-L02153	제6장 제1절 연방 의회 총칙·구성	3846	연방 법률은 제1장(권리장전)의 본질적 내용을 침해할 수 없으며, 연방 법률에 의한 하위 법규로의 위임 입법은 그 범위와 내용을 구체적으로 한정하여야 한다.	4단계 대상 식별·치환 대기
REF-L02181-C0063	2181	64	동조	5	4	SRC-C05-L02179	SRC-C05-L02179-P01	제6장 제2절 각 원의 조직·회기·운영	3868	연방 총의회·상원의회·하원의회·합동의회는 각 원이 정하는 규칙과 연방 법률·황제령에 다라 상임위원회·특별위원회·합동조정위원회 등의 위원회를 둘 수 있다. 위원회의 설치와 소관은 연방 법률·황제령으로 정한다.	4단계 대상 식별·치환 대기
REF-L02217-C0000	2217	1	제4항	5	6	SRC-C05-L02200	SRC-C05-L02200	제6장 제2절 각 원의 조직·회기·운영	3917	제4항(겸임 제한)의 '정당의 주요 당직' 및 제5항(이해충돌 방지)의 회피 안건의 기준은 연방 법률로 정한다.	4단계 대상 식별·치환 대기
REF-L02217-C0026	2217	27	제5항	5	6	SRC-C05-L02200	SRC-C05-L02200	제6장 제2절 각 원의 조직·회기·운영	3917	제4항(겸임 제한)의 '정당의 주요 당직' 및 제5항(이해충돌 방지)의 회피 안건의 기준은 연방 법률로 정한다.	4단계 대상 식별·치환 대기
REF-L08609-C0000	8609	1	본 조	13	55	SRC-C13-L08601	SRC-C13-L08601	제6장 제2절 각 원의 조직·회기·운영	3988	본 조 제1항에 의해 선출된 직에 대한 불신임 의결은 재적 3/5 이상으로 한다.	4단계 대상 식별·치환 대기
REF-L08609-C0004	8609	5	제1항	13	55	SRC-C13-L08601	SRC-C13-L08601	제6장 제2절 각 원의 조직·회기·운영	3988	본 조 제1항에 의해 선출된 직에 대한 불신임 의결은 재적 3/5 이상으로 한다.	4단계 대상 식별·치환 대기
REF-L08633-C0174	8633	175	제6항	13	56	SRC-C13-L08619	SRC-C13-L08619	제6장 제2절 각 원의 조직·회기·운영	4022	연방 총의회 의장은 본인의 직계 존·비속, 배우자 또는 본인이 최근 3년 내 유·무상으로 관리·자문·고용 관계를 맺었던 법인·단체와 직접 관련된 안건의 사회·표결에 관여하지 아니한다. 이 경우 사회권만 행사하고 표결권은 정지되며, 대리 사회는 부의장이 수행한다. 신고·제척·회피 절차는 각 원의 규칙으로 정한다(제6항 연동).	4단계 대상 식별·치환 대기
REF-L08636-C0000	8636	1	본 조	13	56	SRC-C13-L08619	SRC-C13-L08619	제6장 제2절 각 원의 조직·회기·운영	4025	본 조 제4·5항의 세부 기준은 연방 법률로 정한다.	4단계 대상 식별·치환 대기
REF-L02257-C0018	2257	19	제16조	5	9	SRC-C05-L02249	SRC-C05-L02249	제6장 제3절 의안제출과 입법절차	4080	모든 제출 의안은 표준 전자서식(제16조 참조)과 메타데이터(별표 A)를 함께 제출하여야 한다.	4단계 대상 식별·치환 대기
REF-L02278-C0017	2278	18	각 호	5	11	SRC-C05-L02276	SRC-C05-L02276	제6장 제3절 의안제출과 입법절차	4119	입법 정비의 표준 단계는 다음 각 호와 같다.	4단계 대상 식별·치환 대기
REF-L02296-C0068	2296	69	제6장	5	11	SRC-C05-L02276	SRC-C05-L02276	제6장 제3절 의안제출과 입법절차	4137	입법 정비의 제4단계(공청회·청문회)에는 법정조언인(Amicus Curiae) 의견서 접수 및 공개변론을 포함할 수 있다(제6장; 사법 연계).	4단계 대상 식별·치환 대기
REF-L02299-C0015	2299	16	각호	5	11	SRC-C05-L02276	SRC-C05-L02276	제6장 제3절 의안제출과 입법절차	4140	신속처리 적용 요건은 다음 각호에 한정한다.	4단계 대상 식별·치환 대기
REF-L02325-C0052	2325	53	본 장	5	11-2	SRC-C05-L02314	SRC-C05-L02314-P01	제6장 제3절 의안제출과 입법절차	4177	연방 황제의 재가·거가 및 공포 절차, 전자서명, 해시, 일몰 및 API 공개에 관한 사항은 본 장 제15·16조에 따른다.	4단계 대상 식별·치환 대기
REF-L02328-C0033	2328	34	제3조	5	11-2	SRC-C05-L02314	SRC-C05-L02314-P01	제6장 제3절 의안제출과 입법절차	4180	합동의회 조정위원회의 조정이 결렬될 시, 자동으로 합동재의(제3조)를 개시한다.	4단계 대상 식별·치환 대기
REF-L02428-C0033	2428	34	제16조	5	15	SRC-C05-L02423	SRC-C05-L02423	제6장 제6절 재가·공포·전자입법	4314	전자공표에는 표결기록, 버전, 해시, 전자서명을 포함하며, 제16조에 따른 공개데이터를 포함한다.	4단계 대상 식별·치환 대기
REF-L02431-C0023	2431	24	제11장	5	15	SRC-C05-L02423	SRC-C05-L02423	제6장 제6절 재가·공포·전자입법	4317	전시·사변 등 비상명령·고시의 전자공시는 제11장(국가방위)이 정한 기준을 준용하며, 본 조의 포맷·메타데이터 요건을 동일하게 적용한다.	4단계 대상 식별·치환 대기
REF-L02431-C0048	2431	49	본 조	5	15	SRC-C05-L02423	SRC-C05-L02423	제6장 제6절 재가·공포·전자입법	4317	전시·사변 등 비상명령·고시의 전자공시는 제11장(국가방위)이 정한 기준을 준용하며, 본 조의 포맷·메타데이터 요건을 동일하게 적용한다.	4단계 대상 식별·치환 대기
REF-L02434-C0035	2434	36	제12장	5	15	SRC-C05-L02423	SRC-C05-L02423	제6장 제6절 재가·공포·전자입법	4320	국제·우주 조약의 공포·국제등록에 관한 공개·보존·메타데이터는 제12장(외교)이 정한 기준을 준용한다.	4단계 대상 식별·치환 대기
REF-L02444-C0048	2444	49	제4장	5	16	SRC-C05-L02436	SRC-C05-L02436	제6장 제6절 재가·공포·전자입법	4340	입법 API와 데이터세트는 행정 정보 표준에서 정한 공공 API 레지스트리에 등록한다(제4장; 행정 참조).	4단계 대상 식별·치환 대기
REF-L02373-C0033	2373	34	제11장	5	13	SRC-C05-L02371	SRC-C05-L02371-P01	제6장 제7절 조사·감시·윤리	4377	조약의 체결·비준, 전쟁·사변의 선언·승인의 범위와 절차는 제11장(방위)와 제12장(외교)과 연계하여 연방 법률로 정한다.	4단계 대상 식별·치환 대기
REF-L02373-C0043	2373	44	제12장	5	13	SRC-C05-L02371	SRC-C05-L02371-P01	제6장 제7절 조사·감시·윤리	4377	조약의 체결·비준, 전쟁·사변의 선언·승인의 범위와 절차는 제11장(방위)와 제12장(외교)과 연계하여 연방 법률로 정한다.	4단계 대상 식별·치환 대기
REF-L02488-C0000	2488	1	본 조	5	19	SRC-C05-L02486	SRC-C05-L02486	제6장 제8절 의회자율권·규칙·내부분쟁	4463	본 조는 의회 내부 절차분쟁에 한정하여 적용한다. 기관 간 권한쟁의는 제6장(사법)을 따른다.	4단계 대상 식별·치환 대기
REF-L02488-C0039	2488	40	제6장	5	19	SRC-C05-L02486	SRC-C05-L02486	제6장 제8절 의회자율권·규칙·내부분쟁	4463	본 조는 의회 내부 절차분쟁에 한정하여 적용한다. 기관 간 권한쟁의는 제6장(사법)을 따른다.	4단계 대상 식별·치환 대기
REF-L02506-C0007	2506	8	제1장	5	21	SRC-C05-L02501	SRC-C05-L02501	제6장 제8절 의회자율권·규칙·내부분쟁	4500	의회자율권은 제1장(권리장전) 및 연방 헌법의 최상위 규범 통제를 받는다.	4단계 대상 식별·치환 대기
REF-L02515-C0000	2515	1	본 장	5	22	SRC-C05-L02513	SRC-C05-L02513	제6장 제8절 의회자율권·규칙·내부분쟁	4519	본 장의 세부는 연방 법률과 각 원의 규칙에 위임한다.	4단계 대상 식별·치환 대기
REF-L02567-C0030	2567	31	본 장	6	2-2	SRC-C06-L02550	SRC-C06-L02550	제7장 제1절 사법권·사법독립 총칙	4579	"""우선도 매트릭스(Priority matrix)""란, 본 장 제10조에서 정한 우선심리 순위 기준 체계를 말한다."	4단계 대상 식별·치환 대기
REF-L02567-C0034	2567	35	제10조	6	2-2	SRC-C06-L02550	SRC-C06-L02550	제7장 제1절 사법권·사법독립 총칙	4579	"""우선도 매트릭스(Priority matrix)""란, 본 장 제10조에서 정한 우선심리 순위 기준 체계를 말한다."	4단계 대상 식별·치환 대기
REF-L02570-C0032	2570	33	본 장	6	2-2	SRC-C06-L02550	SRC-C06-L02550	제7장 제1절 사법권·사법독립 총칙	4582	"""허가 간주(permitted-by-default)""란, 본 장 제13조에 따라 상고허가 요건 충족 시 별도 결정 없이 허가된 것으로 보는 특례를 말한다."	4단계 대상 식별·치환 대기
REF-L02570-C0036	2570	37	제13조	6	2-2	SRC-C06-L02550	SRC-C06-L02550	제7장 제1절 사법권·사법독립 총칙	4582	"""허가 간주(permitted-by-default)""란, 본 장 제13조에 따라 상고허가 요건 충족 시 별도 결정 없이 허가된 것으로 보는 특례를 말한다."	4단계 대상 식별·치환 대기
REF-L02584-C0000	2584	1	전항	6	3	SRC-C06-L02579	SRC-C06-L02579	제7장 제2절 대법원·헌법원의 지위·관계·관할	4622	전항에서 열거되지 아니한 헌법사안은 연방 법률·황제령으로 명시하여 배당·관할한다.	4단계 대상 식별·치환 대기
REF-L03143-C0003	3143	4	각 호	6	49	SRC-C06-L03138	SRC-C06-L03138	제7장 제3절 연방 법원체계와 심급	4757	다음 각 호의 필수 기능을 사법 지원기구는 상시 확보한다.	4단계 대상 식별·치환 대기
REF-L02881-C0070	2881	71	본 조	6	28	SRC-C06-L02876	SRC-C06-L02876	제7장 제5절 재판의 기본원칙·사법접근	4913	각 심급의 표준처리 기간, 연기 허용 사유, 우선심리 사유의 틀은 연방 법률로 정하며, 각 법원은 분기별 준수율을 공시한다. 본 조의 공시는 분기 단위(3개월)를 원칙으로 하며, 제35조의 통계 공개와 주기를 일치시킨다.	4단계 대상 식별·치환 대기
REF-L02881-C0100	2881	101	제35조	6	28	SRC-C06-L02876	SRC-C06-L02876	제7장 제5절 재판의 기본원칙·사법접근	4913	각 심급의 표준처리 기간, 연기 허용 사유, 우선심리 사유의 틀은 연방 법률로 정하며, 각 법원은 분기별 준수율을 공시한다. 본 조의 공시는 분기 단위(3개월)를 원칙으로 하며, 제35조의 통계 공개와 주기를 일치시킨다.	4단계 대상 식별·치환 대기
REF-L02896-C0030	2896	31	제34조	6	30	SRC-C06-L02891	SRC-C06-L02891	제7장 제5절 재판의 기본원칙·사법접근	4946	보호조치의 불이행 또는 위반으로 인한 손해에 대하여는 제34조(오판에 대한 국가배상) 등 관련 규정에 따른 구제 및 배상을 명할 수 있다.	4단계 대상 식별·치환 대기
REF-L02916-C0054	2916	55	제1장	6	31-3	SRC-C06-L02914	SRC-C06-L02914	제7장 제5절 재판의 기본원칙·사법접근	4993	중재·조정 등 기타 대체적 분쟁해결 제도는 연방 법률·황제령이 정하는 바에 따라 효력을 가진다. 제1장(권리장전) 및 기본권의 본질적 내용 침해 또는 중대한 절차위반이 있는 경우 연방 법원은 이를 사법심사할 수 있다.	4단계 대상 식별·치환 대기
REF-L02952-C0000	2952	1	본 조	6	34	SRC-C06-L02944	SRC-C06-L02944	제7장 제5절 재판의 기본원칙·사법접근	5057	본 조의 이행을 위한 세부는 연방 법률·황제령으로 정한다.	4단계 대상 식별·치환 대기
REF-L02966-C0009	2966	10	각 호	6	35	SRC-C06-L02961	SRC-C06-L02961	제7장 제6절 판례·상고허가·전원합의체	5156	상고허가는 다음 각 호의 어느 하나에 해당하는 경우에 할 수 있다.	4단계 대상 식별·치환 대기
REF-L02611-C0000	2611	1	본 조	6	6	SRC-C06-L02603	SRC-C06-L02603	제7장 제9절 헌정·선거·중대공직사건의 신속심리	5453	본 조의 강제 트랙을 이하 '3-3 배당 트랙'이라 한다.	4단계 대상 식별·치환 대기
REF-L02620-C0010	2620	11	각 호	6	7	SRC-C06-L02615	SRC-C06-L02615	제7장 제9절 헌정·선거·중대공직사건의 신속심리	5472	적용 범위는 다음 각 호와 같다.	4단계 대상 식별·치환 대기
REF-L02630-C0000	2630	1	전 항	6	7	SRC-C06-L02615	SRC-C06-L02615	제7장 제9절 헌정·선거·중대공직사건의 신속심리	5482	전 항 각 호 중 헌법사안을 포함하는 때에는, 그 부분을 연방 헌법원에 회부하되, 본 트랙의 심급 구조와 신속심리 원칙은 유지한다.	4단계 대상 식별·치환 대기
REF-L02630-C0004	2630	5	각 호	6	7	SRC-C06-L02615	SRC-C06-L02615	제7장 제9절 헌정·선거·중대공직사건의 신속심리	5482	전 항 각 호 중 헌법사안을 포함하는 때에는, 그 부분을 연방 헌법원에 회부하되, 본 트랙의 심급 구조와 신속심리 원칙은 유지한다.	4단계 대상 식별·치환 대기
REF-L02697-C0036	2697	37	각 호	6	13	SRC-C06-L02695	SRC-C06-L02695	제7장 제9절 헌정·선거·중대공직사건의 신속심리	5604	연방 대법원 상고허가제가 시행되는 경우에도, 3-3 사건은 다음 각 호 중 어느 하나에 해당하면 허가로 간주한다.	4단계 대상 식별·치환 대기
REF-L02724-C0007	2724	8	본 장	6	15	SRC-C06-L02719	SRC-C06-L02719	제7장 제9절 헌정·선거·중대공직사건의 신속심리	5650	하위 법규는 본 장의 원칙과 연방 법률·황제령의 범위를 일탈할 수 없다.	4단계 대상 식별·치환 대기
REF-L02733-C0027	2733	28	제9조	6	16	SRC-C06-L02728	SRC-C06-L02728	제7장 제9절 헌정·선거·중대공직사건의 신속심리	5669	사건 접수 즉시 전담부 자동배당을 원칙으로 하며(제9조), 진행 중 헌법사안이 존재하는 부분은 연방 헌법원으로 회부한다(제9조, 제5조 제1항, 제3조). 관할 위반은 무효 또는 취소 사유가 된다(제14조).	4단계 대상 식별·치환 대기
REF-L02733-C0067	2733	68	제9조	6	16	SRC-C06-L02728	SRC-C06-L02728	제7장 제9절 헌정·선거·중대공직사건의 신속심리	5669	사건 접수 즉시 전담부 자동배당을 원칙으로 하며(제9조), 진행 중 헌법사안이 존재하는 부분은 연방 헌법원으로 회부한다(제9조, 제5조 제1항, 제3조). 관할 위반은 무효 또는 취소 사유가 된다(제14조).	4단계 대상 식별·치환 대기
REF-L02733-C0072	2733	73	제5조	6	16	SRC-C06-L02728	SRC-C06-L02728	제7장 제9절 헌정·선거·중대공직사건의 신속심리	5669	사건 접수 즉시 전담부 자동배당을 원칙으로 하며(제9조), 진행 중 헌법사안이 존재하는 부분은 연방 헌법원으로 회부한다(제9조, 제5조 제1항, 제3조). 관할 위반은 무효 또는 취소 사유가 된다(제14조).	4단계 대상 식별·치환 대기
REF-L02733-C0076	2733	77	제1항	6	16	SRC-C06-L02728	SRC-C06-L02728	제7장 제9절 헌정·선거·중대공직사건의 신속심리	5669	사건 접수 즉시 전담부 자동배당을 원칙으로 하며(제9조), 진행 중 헌법사안이 존재하는 부분은 연방 헌법원으로 회부한다(제9조, 제5조 제1항, 제3조). 관할 위반은 무효 또는 취소 사유가 된다(제14조).	4단계 대상 식별·치환 대기
REF-L02733-C0081	2733	82	제3조	6	16	SRC-C06-L02728	SRC-C06-L02728	제7장 제9절 헌정·선거·중대공직사건의 신속심리	5669	사건 접수 즉시 전담부 자동배당을 원칙으로 하며(제9조), 진행 중 헌법사안이 존재하는 부분은 연방 헌법원으로 회부한다(제9조, 제5조 제1항, 제3조). 관할 위반은 무효 또는 취소 사유가 된다(제14조).	4단계 대상 식별·치환 대기
REF-L02733-C0110	2733	111	제14조	6	16	SRC-C06-L02728	SRC-C06-L02728	제7장 제9절 헌정·선거·중대공직사건의 신속심리	5669	사건 접수 즉시 전담부 자동배당을 원칙으로 하며(제9조), 진행 중 헌법사안이 존재하는 부분은 연방 헌법원으로 회부한다(제9조, 제5조 제1항, 제3조). 관할 위반은 무효 또는 취소 사유가 된다(제14조).	4단계 대상 식별·치환 대기
REF-L02736-C0029	2736	30	제10조	6	16	SRC-C06-L02728	SRC-C06-L02728	제7장 제9절 헌정·선거·중대공직사건의 신속심리	5672	우선배당·우선심리 및 선거일정 연동 기한을 준수한다(제10조). 긴급구제와 증거보전 특례를 적용한다(제11조).	4단계 대상 식별·치환 대기
REF-L02736-C0056	2736	57	제11조	6	16	SRC-C06-L02728	SRC-C06-L02728	제7장 제9절 헌정·선거·중대공직사건의 신속심리	5672	우선배당·우선심리 및 선거일정 연동 기한을 준수한다(제10조). 긴급구제와 증거보전 특례를 적용한다(제11조).	4단계 대상 식별·치환 대기
REF-L02739-C0036	2739	37	제12조	6	16	SRC-C06-L02728	SRC-C06-L02728	제7장 제9절 헌정·선거·중대공직사건의 신속심리	5675	소송기록, 통계, 결과의 기계가독 공개와 API 제공을 이행한다(제12조). 기술, 전자공표, 보안 규격은 제41조 및 제40조의2를 준용한다. 감사추적(Audit log) 원칙을 적용한다.	4단계 대상 식별·치환 대기
REF-L02739-C0060	2739	61	제41조	6	16	SRC-C06-L02728	SRC-C06-L02728	제7장 제9절 헌정·선거·중대공직사건의 신속심리	5675	소송기록, 통계, 결과의 기계가독 공개와 API 제공을 이행한다(제12조). 기술, 전자공표, 보안 규격은 제41조 및 제40조의2를 준용한다. 감사추적(Audit log) 원칙을 적용한다.	4단계 대상 식별·치환 대기
REF-L02739-C0067	2739	68	제40조의2	6	16	SRC-C06-L02728	SRC-C06-L02728	제7장 제9절 헌정·선거·중대공직사건의 신속심리	5675	소송기록, 통계, 결과의 기계가독 공개와 API 제공을 이행한다(제12조). 기술, 전자공표, 보안 규격은 제41조 및 제40조의2를 준용한다. 감사추적(Audit log) 원칙을 적용한다.	4단계 대상 식별·치환 대기
REF-L02742-C0039	2742	40	제13조	6	16	SRC-C06-L02728	SRC-C06-L02728	제7장 제9절 헌정·선거·중대공직사건의 신속심리	5678	3-3 사건은 상고허가제를 적용하되, 요건을 충족하념 허가로 간주한다(제13조). 필요시 전원합의체에 회부 가능하다(제13조).	4단계 대상 식별·치환 대기
REF-L02742-C0065	2742	66	제13조	6	16	SRC-C06-L02728	SRC-C06-L02728	제7장 제9절 헌정·선거·중대공직사건의 신속심리	5678	3-3 사건은 상고허가제를 적용하되, 요건을 충족하념 허가로 간주한다(제13조). 필요시 전원합의체에 회부 가능하다(제13조).	4단계 대상 식별·치환 대기
REF-L02745-C0000	2745	1	제5장	6	16	SRC-C06-L02728	SRC-C06-L02728	제7장 제9절 헌정·선거·중대공직사건의 신속심리	5681	제5장(입법) 관련 선언과 저촉 시, 본 절의 강제 트랙을 우선 적용하며(제6조 제3항), 제2장(연방총칙), 제15장(정보) 규정을 준용한다. 감사추적 원칙을 적용한다.	4단계 대상 식별·치환 대기
REF-L02745-C0021	2745	22	본 절	6	16	SRC-C06-L02728	SRC-C06-L02728	제7장 제9절 헌정·선거·중대공직사건의 신속심리	5681	제5장(입법) 관련 선언과 저촉 시, 본 절의 강제 트랙을 우선 적용하며(제6조 제3항), 제2장(연방총칙), 제15장(정보) 규정을 준용한다. 감사추적 원칙을 적용한다.	4단계 대상 식별·치환 대기
REF-L02745-C0041	2745	42	제6조	6	16	SRC-C06-L02728	SRC-C06-L02728	제7장 제9절 헌정·선거·중대공직사건의 신속심리	5681	제5장(입법) 관련 선언과 저촉 시, 본 절의 강제 트랙을 우선 적용하며(제6조 제3항), 제2장(연방총칙), 제15장(정보) 규정을 준용한다. 감사추적 원칙을 적용한다.	4단계 대상 식별·치환 대기
REF-L02745-C0045	2745	46	제3항	6	16	SRC-C06-L02728	SRC-C06-L02728	제7장 제9절 헌정·선거·중대공직사건의 신속심리	5681	제5장(입법) 관련 선언과 저촉 시, 본 절의 강제 트랙을 우선 적용하며(제6조 제3항), 제2장(연방총칙), 제15장(정보) 규정을 준용한다. 감사추적 원칙을 적용한다.	4단계 대상 식별·치환 대기
REF-L02745-C0051	2745	52	제2장	6	16	SRC-C06-L02728	SRC-C06-L02728	제7장 제9절 헌정·선거·중대공직사건의 신속심리	5681	제5장(입법) 관련 선언과 저촉 시, 본 절의 강제 트랙을 우선 적용하며(제6조 제3항), 제2장(연방총칙), 제15장(정보) 규정을 준용한다. 감사추적 원칙을 적용한다.	4단계 대상 식별·치환 대기
REF-L02745-C0062	2745	63	제15장	6	16	SRC-C06-L02728	SRC-C06-L02728	제7장 제9절 헌정·선거·중대공직사건의 신속심리	5681	제5장(입법) 관련 선언과 저촉 시, 본 절의 강제 트랙을 우선 적용하며(제6조 제3항), 제2장(연방총칙), 제15장(정보) 규정을 준용한다. 감사추적 원칙을 적용한다.	4단계 대상 식별·치환 대기
REF-L03227-C0017	3227	18	본 장	7	1	SRC-C07-L03219	SRC-C07-L03219	제8장 제1절 준비기금의 지위·목적·독립성	5723	연방 준비 기금의 정책 명령은 본 장 제12조 및 제6조의2(특별명령)에서 정한 범위에서 효력을 가지며, 연방 행정명령·고시와 동급의 효력을 가진다. 연방 황제가 사후 재가한 경우에는 연방 황제령과 동급의 지위를 가진다.	4단계 대상 식별·치환 대기
REF-L03227-C0021	3227	22	제12조	7	1	SRC-C07-L03219	SRC-C07-L03219	제8장 제1절 준비기금의 지위·목적·독립성	5723	연방 준비 기금의 정책 명령은 본 장 제12조 및 제6조의2(특별명령)에서 정한 범위에서 효력을 가지며, 연방 행정명령·고시와 동급의 효력을 가진다. 연방 황제가 사후 재가한 경우에는 연방 황제령과 동급의 지위를 가진다.	4단계 대상 식별·치환 대기
REF-L03227-C0028	3227	29	제6조의2	7	1	SRC-C07-L03219	SRC-C07-L03219	제8장 제1절 준비기금의 지위·목적·독립성	5723	연방 준비 기금의 정책 명령은 본 장 제12조 및 제6조의2(특별명령)에서 정한 범위에서 효력을 가지며, 연방 행정명령·고시와 동급의 효력을 가진다. 연방 황제가 사후 재가한 경우에는 연방 황제령과 동급의 지위를 가진다.	4단계 대상 식별·치환 대기
REF-L03249-C0020	3249	21	제6조의8	7	2-2	SRC-C07-L03241	SRC-C07-L03241	제8장 제1절 준비기금의 지위·목적·독립성	5763	목표 변경에 따른 회의록·표결기록은 제6조의8의 공개 기준을 따른다.	4단계 대상 식별·치환 대기
REF-L03261-C0000	3261	1	본 장	7	3	SRC-C07-L03253	SRC-C07-L03253	제8장 제2절 기금위원회·의장·거버넌스	5832	본 장 및 연방 법률·황제령에 따라 지급결제 안정과 정책연구 강화를 위해 지급결제청, 금융연구·통계원, 디지털화폐·원장기술원, 금융감독원, 금융안정위원회, 결제 BCP센터를 설치할 수 있다.	4단계 대상 식별·치환 대기
REF-L03281-C0036	3281	37	동조	7	3-3	SRC-C07-L03276	SRC-C07-L03276	제8장 제2절 기금위원회·의장·거버넌스	5855	기능 조정 또는 이관이 필요한 경우, 연방 재무부와 자료교환, 공동조사를 수행할 수 있다. 세부는 연방 법률·황제령으로 정한다.	4단계 대상 식별·치환 대기
REF-L03338-C0065	3338	66	본 항	7	5-3	SRC-C07-L03330	SRC-C07-L03330	제8장 제2절 기금위원회·의장·거버넌스	5922	의회는 임명 동의에 앞서, 공개 적격심사 및 정책 청문을 실시한다. 절차·서식·자료제출 의무는 연방 법률로 정한다. 본 항의 절차는 후보자의 독립성, 전문성, 윤리성을 확인하기 위함이다.	4단계 대상 식별·치환 대기
REF-L03384-C0046	3384	47	제6조의2	7	6	SRC-C07-L03379	SRC-C07-L03379	제8장 제2절 기금위원회·의장·거버넌스	6004	회의 표결은 재적 과반 출석, 출석 과반 찬성으로 한다. 비상·특별명령의 발동에는 제6조의2에 따른다.	4단계 대상 식별·치환 대기
REF-L03460-C0028	3460	29	제2항	7	6-8	SRC-C07-L03452	SRC-C07-L03452	제8장 제6절 투명성·책임·감사	6274	표결기록(찬·반·기권)은 실명으로 공개한다. 단, 제2항의 사유에 해당할 때에는 사유와 기간을 병기한다.	4단계 대상 식별·치환 대기
REF-L03628-C0000	3628	1	제1항	7	10	SRC-C07-L03623	SRC-C07-L03623	제8장 제6절 투명성·책임·감사	6290	제1항에 따른 기록과 공개는 전자관보, 오픈포맷의 기준을 따른다.	4단계 대상 식별·치환 대기
REF-L03701-C0000	3701	1	제5장	7	14	SRC-C07-L03699	SRC-C07-L03699	제8장 제6절 투명성·책임·감사	6426	제5장(의회), 제11장(국가방위), 제16장(감사) 등 관련 장과의 교차 규정을 둔다.	4단계 대상 식별·치환 대기
REF-L03701-C0009	3701	10	제11장	7	14	SRC-C07-L03699	SRC-C07-L03699	제8장 제6절 투명성·책임·감사	6426	제5장(의회), 제11장(국가방위), 제16장(감사) 등 관련 장과의 교차 규정을 둔다.	4단계 대상 식별·치환 대기
REF-L03701-C0021	3701	22	제16장	7	14	SRC-C07-L03699	SRC-C07-L03699	제8장 제6절 투명성·책임·감사	6426	제5장(의회), 제11장(국가방위), 제16장(감사) 등 관련 장과의 교차 규정을 둔다.	4단계 대상 식별·치환 대기
REF-L03836-C0000	3836	1	본 장	7	19	SRC-C07-L03834	SRC-C07-L03834	제8장 제6절 투명성·책임·감사	6442	본 장 및 하위 법규에 대한 정합성을 정기적으로 점검하고 필요시 개정한다.	4단계 대상 식별·치환 대기
REF-L00922-C0045	922	46	본 장	2	9-2	SRC-C02-L00914	SRC-C02-L00914	제9장 제2절 조세법정주의·세입질서	6558	조세와 관련한 법규의 제정·개정·폐지는 증거기반 평가, 공개협의, 공시 번들 등 본 장의 투명성 기준을 갖추어야 한다.	4단계 대상 식별·치환 대기
REF-L03435-C0075	3435	76	각 호	7	6-7	SRC-C07-L03433	SRC-C07-L03433	제9장 제3절 예산의 편성·제출	6597	연방 최고평의회는 연방 예산안을 연방 하원의회에 제출하기 전, 연방 최고평의회 본회의 의결로 사전검토를 실시한다. 사전 검토에는 다음 각 호의 내용을 포함하여야 한다.	4단계 대상 식별·치환 대기
REF-L03441-C0010	3441	11	제1항	7	6-7	SRC-C07-L03433	SRC-C07-L03433	제9장 제3절 예산의 편성·제출	6603	연방 최고평의회는 제1항의 결과를 '예산 제출서(Submission Dossier)'로 정리하여, 연방 하원의회 회부 3영업일 전에 요지를 전자관보에 공시하고 원문은 연방 의회와 연방 준비 기금에 동시 송부한다. 세부 서식, 기한은 연방 법률·황제령으로 정한다.	4단계 대상 식별·치환 대기
REF-L03447-C0000	3447	1	본 조	7	6-7	SRC-C07-L03433	SRC-C07-L03433	제9장 제3절 예산의 편성·제출	6609	본 조의 사전 검토는 제5장 제14조 제6항의 심사 기한(15·15·10)에 영향을 미치지 아니하며, 제6조의4에서 정한 연방 준비 기금 의견서 제출 기한 산정에 포함되지 않는다.	4단계 대상 식별·치환 대기
REF-L03447-C0012	3447	13	제5장	7	6-7	SRC-C07-L03433	SRC-C07-L03433	제9장 제3절 예산의 편성·제출	6609	본 조의 사전 검토는 제5장 제14조 제6항의 심사 기한(15·15·10)에 영향을 미치지 아니하며, 제6조의4에서 정한 연방 준비 기금 의견서 제출 기한 산정에 포함되지 않는다.	4단계 대상 식별·치환 대기
REF-L03447-C0016	3447	17	제14조	7	6-7	SRC-C07-L03433	SRC-C07-L03433	제9장 제3절 예산의 편성·제출	6609	본 조의 사전 검토는 제5장 제14조 제6항의 심사 기한(15·15·10)에 영향을 미치지 아니하며, 제6조의4에서 정한 연방 준비 기금 의견서 제출 기한 산정에 포함되지 않는다.	4단계 대상 식별·치환 대기
REF-L03447-C0021	3447	22	제6항	7	6-7	SRC-C07-L03433	SRC-C07-L03433	제9장 제3절 예산의 편성·제출	6609	본 조의 사전 검토는 제5장 제14조 제6항의 심사 기한(15·15·10)에 영향을 미치지 아니하며, 제6조의4에서 정한 연방 준비 기금 의견서 제출 기한 산정에 포함되지 않는다.	4단계 대상 식별·치환 대기
REF-L03447-C0057	3447	58	제6조의4	7	6-7	SRC-C07-L03433	SRC-C07-L03433	제9장 제3절 예산의 편성·제출	6609	본 조의 사전 검토는 제5장 제14조 제6항의 심사 기한(15·15·10)에 영향을 미치지 아니하며, 제6조의4에서 정한 연방 준비 기금 의견서 제출 기한 산정에 포함되지 않는다.	4단계 대상 식별·치환 대기
REF-L03450-C0000	3450	1	본 조	7	6-7	SRC-C07-L03433	SRC-C07-L03433	제9장 제3절 예산의 편성·제출	6612	본 조의 모든 기한은 영업일 기준으로 계산하며, 공휴일 또는 비영업일에 만료되는 경우, 다음 영업일로 이월한다.	4단계 대상 식별·치환 대기
REF-L03405-C0152	3405	153	동조	7	6-4	SRC-C07-L03403	SRC-C07-L03403	제9장 제4절 예산의 심의·확정·임시재정	6653	연방 준비 기금은 연방 총의회의 예산 심사 달력에 맞추어, 연방 하원의회 회부 시점부터 7일 이내에 1차 의견서(Interim Macro-Fiscal Note)를 소관 상임위원회에 송부한다. 연방 상원의회 이송 시점부터 5일 이내에 2차 의견서를 송부하고, 연방 총의회 합동조정위원회 회부 시점부터 3일 이내에 조정의견서를 송부한다. 본 항의 기한은 제5장 제14조 제6항(15일·15일·10일) 구조에 연동한다.	4단계 대상 식별·치환 대기
REF-L03405-C0187	3405	188	본 항	7	6-4	SRC-C07-L03403	SRC-C07-L03403	제9장 제4절 예산의 심의·확정·임시재정	6653	연방 준비 기금은 연방 총의회의 예산 심사 달력에 맞추어, 연방 하원의회 회부 시점부터 7일 이내에 1차 의견서(Interim Macro-Fiscal Note)를 소관 상임위원회에 송부한다. 연방 상원의회 이송 시점부터 5일 이내에 2차 의견서를 송부하고, 연방 총의회 합동조정위원회 회부 시점부터 3일 이내에 조정의견서를 송부한다. 본 항의 기한은 제5장 제14조 제6항(15일·15일·10일) 구조에 연동한다.	4단계 대상 식별·치환 대기
REF-L03405-C0196	3405	197	제5장	7	6-4	SRC-C07-L03403	SRC-C07-L03403	제9장 제4절 예산의 심의·확정·임시재정	6653	연방 준비 기금은 연방 총의회의 예산 심사 달력에 맞추어, 연방 하원의회 회부 시점부터 7일 이내에 1차 의견서(Interim Macro-Fiscal Note)를 소관 상임위원회에 송부한다. 연방 상원의회 이송 시점부터 5일 이내에 2차 의견서를 송부하고, 연방 총의회 합동조정위원회 회부 시점부터 3일 이내에 조정의견서를 송부한다. 본 항의 기한은 제5장 제14조 제6항(15일·15일·10일) 구조에 연동한다.	4단계 대상 식별·치환 대기
REF-L03405-C0200	3405	201	제14조	7	6-4	SRC-C07-L03403	SRC-C07-L03403	제9장 제4절 예산의 심의·확정·임시재정	6653	연방 준비 기금은 연방 총의회의 예산 심사 달력에 맞추어, 연방 하원의회 회부 시점부터 7일 이내에 1차 의견서(Interim Macro-Fiscal Note)를 소관 상임위원회에 송부한다. 연방 상원의회 이송 시점부터 5일 이내에 2차 의견서를 송부하고, 연방 총의회 합동조정위원회 회부 시점부터 3일 이내에 조정의견서를 송부한다. 본 항의 기한은 제5장 제14조 제6항(15일·15일·10일) 구조에 연동한다.	4단계 대상 식별·치환 대기
REF-L03405-C0205	3405	206	제6항	7	6-4	SRC-C07-L03403	SRC-C07-L03403	제9장 제4절 예산의 심의·확정·임시재정	6653	연방 준비 기금은 연방 총의회의 예산 심사 달력에 맞추어, 연방 하원의회 회부 시점부터 7일 이내에 1차 의견서(Interim Macro-Fiscal Note)를 소관 상임위원회에 송부한다. 연방 상원의회 이송 시점부터 5일 이내에 2차 의견서를 송부하고, 연방 총의회 합동조정위원회 회부 시점부터 3일 이내에 조정의견서를 송부한다. 본 항의 기한은 제5장 제14조 제6항(15일·15일·10일) 구조에 연동한다.	4단계 대상 식별·치환 대기
REF-L03414-C0000	3414	1	본 조	7	6-4	SRC-C07-L03403	SRC-C07-L03403	제9장 제4절 예산의 심의·확정·임시재정	6662	본 조의 기한 산정은 제6조의7(최고평의회 사전 검토) 완료를 전제로 한다.	4단계 대상 식별·치환 대기
REF-L03414-C0012	3414	13	제6조의7	7	6-4	SRC-C07-L03403	SRC-C07-L03403	제9장 제4절 예산의 심의·확정·임시재정	6662	본 조의 기한 산정은 제6조의7(최고평의회 사전 검토) 완료를 전제로 한다.	4단계 대상 식별·치환 대기
REF-L03417-C0000	3417	1	본 조	7	6-4	SRC-C07-L03403	SRC-C07-L03403	제9장 제4절 예산의 심의·확정·임시재정	6665	본 조의 모든 기한은 영업일을 기준으로 계산하며, 공휴일 또는 비영업일에 만료되는 경우 다음 영업일로 이월한다.	4단계 대상 식별·치환 대기
REF-L03428-C0100	3428	101	동조	7	6-6	SRC-C07-L03426	SRC-C07-L03426	제9장 제4절 예산의 심의·확정·임시재정	6695	회계연도 개시 전 예산 미의결로 인해 임시재정이 시행되는 경우, 연방 준비 기금은 유동성·지급결제 안정 간점의 위험평가를 실시하고, 연방 상·하원의 소관 위원회 및 연방 총의회 합동조정위원회에 긴급 의견서를 송부한다.	4단계 대상 식별·치환 대기
REF-L03770-C0032	3770	33	동조	7	17-2	SRC-C07-L03768	SRC-C07-L03768	제9장 제4절 예산의 심의·확정·임시재정	6712	연방 총의회 혹은 합동의회에서 최종 의결된 연방 예산안(합동조정 절차 포함)은 연방 준비 기금의 최종 심사를 거친다.	4단계 대상 식별·치환 대기
REF-L03808-C0013	3808	14	제1항	7	17-4	SRC-C07-L03800	SRC-C07-L03800	제9장 제4절 예산의 심의·확정·임시재정	6750	연방 최고평의회 의장은 제1항을 거쳐 '재가 제청서' 또는 '거가 제청서(사유 명시)'를 작성하여 연방 황제에게 제출한다.	4단계 대상 식별·치환 대기
REF-L03811-C0007	3811	8	제2항	7	17-4	SRC-C07-L03800	SRC-C07-L03800	제9장 제4절 예산의 심의·확정·임시재정	6753	연방 황제는 제2항의 제청서 및 연방 준비 기금의 최종 심사 보고서를 참조하여 재가 또는 거가를 결정한다.	4단계 대상 식별·치환 대기
REF-L03814-C0040	3814	41	동조	7	17-4	SRC-C07-L03800	SRC-C07-L03800	제9장 제4절 예산의 심의·확정·임시재정	6756	연방 황제가 거가하거나 수정 재가를 제청한 때에는, 연방 최고평의회는 합동조정위원회와 협의하여 수정안을 회부·재의하도록 할 수 있다. 세부는 제5장(의회) 및 연방 의회 규칙으로 정한다.	4단계 대상 식별·치환 대기
REF-L03814-C0079	3814	80	제5장	7	17-4	SRC-C07-L03800	SRC-C07-L03800	제9장 제4절 예산의 심의·확정·임시재정	6756	연방 황제가 거가하거나 수정 재가를 제청한 때에는, 연방 최고평의회는 합동조정위원회와 협의하여 수정안을 회부·재의하도록 할 수 있다. 세부는 제5장(의회) 및 연방 의회 규칙으로 정한다.	4단계 대상 식별·치환 대기
REF-L03817-C0000	3817	1	본 조	7	17-4	SRC-C07-L03800	SRC-C07-L03800	제9장 제4절 예산의 심의·확정·임시재정	6759	본 조의 문서는 전자관보에 공시하며, 비공개 사유, 기간은 연방 법률·황제령으로 정한다.	4단계 대상 식별·치환 대기
REF-L02342-C0020	2342	21	제7장	5	11-2	SRC-C05-L02314	SRC-C05-L02314-P02	제9장 제4절 예산의 심의·확정·임시재정	6780	예산 특례에 관한 세부 요건·서식은 제7장(경제)과 연방 법률 및 연방 총의회 규칙으로 정한다.	4단계 대상 식별·치환 대기
REF-L02400-C0041	2400	42	동조	5	14	SRC-C05-L02380	SRC-C05-L02380-P03	제9장 제4절 예산의 심의·확정·임시재정	6816	3. 양원 간 이견이 있을 때에는 연방 총의회 의장이 즉시 총의회 산하 합동조정위원회에 회부하며, 합동조정위원회는 회부일로부터 10일 이내에 합동조정안을 도출하여 총의회에 회부하고 표결한다.	4단계 대상 식별·치환 대기
REF-L02400-C0056	2400	57	동조	5	14	SRC-C05-L02380	SRC-C05-L02380-P03	제9장 제4절 예산의 심의·확정·임시재정	6816	3. 양원 간 이견이 있을 때에는 연방 총의회 의장이 즉시 총의회 산하 합동조정위원회에 회부하며, 합동조정위원회는 회부일로부터 10일 이내에 합동조정안을 도출하여 총의회에 회부하고 표결한다.	4단계 대상 식별·치환 대기
REF-L02400-C0080	2400	81	동조	5	14	SRC-C05-L02380	SRC-C05-L02380-P03	제9장 제4절 예산의 심의·확정·임시재정	6816	3. 양원 간 이견이 있을 때에는 연방 총의회 의장이 즉시 총의회 산하 합동조정위원회에 회부하며, 합동조정위원회는 회부일로부터 10일 이내에 합동조정안을 도출하여 총의회에 회부하고 표결한다.	4단계 대상 식별·치환 대기
REF-L02417-C0010	2417	11	제7장	5	14-2	SRC-C05-L02406	SRC-C05-L02406	제9장 제4절 예산의 심의·확정·임시재정	6839	임시재정의 집행과 제7장(경제)에 기반한 연방 준비 기금과의 협업에 대한 사후점검·감사는 제16장(감사)과 예산정책처 규정에 따른다.	4단계 대상 식별·치환 대기
REF-L02417-C0050	2417	51	제16장	5	14-2	SRC-C05-L02406	SRC-C05-L02406	제9장 제4절 예산의 심의·확정·임시재정	6839	임시재정의 집행과 제7장(경제)에 기반한 연방 준비 기금과의 협업에 대한 사후점검·감사는 제16장(감사)과 예산정책처 규정에 따른다.	4단계 대상 식별·치환 대기
REF-L03824-C0056	3824	57	제6조의8	7	17-5	SRC-C07-L03819	SRC-C07-L03819	제9장 제6절 재정–통화정책 조정	6927	협의체는 분기(3개월)별로 운영하며, 의제·요지를 전자관보에 공시한다. 시장교란 우려가 있는 내용은 제6조의8 기준에 따라 부분공개할 수 있다.	4단계 대상 식별·치환 대기
REF-L03681-C0048	3681	49	제2장	7	12	SRC-C07-L03679	SRC-C07-L03679	제9장 제7절 공공조달·재정투명성	6961	예산, 결산, 국고, 국채, 준칙 지표 등 재정 정보의 전자 공표, 오픈 포맷 보존은 제2장(연방총칙)의 전자공표 조항에 따른다.	4단계 대상 식별·치환 대기
REF-L03795-C0047	3795	48	제5장	7	17-3	SRC-C07-L03790	SRC-C07-L03790	제9장 제8절 결산·성과·재정감사	7004	사후평가 보고서는 연방 의회 산하 소관 상임위원회 및 연방 감사원에 동시 송부하며, 제5장(입법)의 예산·결산 심의 절차와 연동해 청문 자료로 활용한다.	4단계 대상 식별·치환 대기
REF-L03885-C0000	3885	1	본 장	8	1	SRC-C08-L03877	SRC-C08-L03877	제10장 제1절 국교·신앙의 자유·협력적 분리	7047	본 장의 해석·적용은 제1장(권리장전)에 합치하도록 하여야 한다.	4단계 대상 식별·치환 대기
REF-L03885-C0012	3885	13	제1장	8	1	SRC-C08-L03877	SRC-C08-L03877	제10장 제1절 국교·신앙의 자유·협력적 분리	7047	본 장의 해석·적용은 제1장(권리장전)에 합치하도록 하여야 한다.	4단계 대상 식별·치환 대기
REF-L03902-C0035	3902	36	본 장	8	1-3	SRC-C08-L03897	SRC-C08-L03897	제10장 제1절 국교·신앙의 자유·협력적 분리	7083	협력적 분리 원칙의 구체적 운영과 정의는 연방 법률·황제령 및 본 장의 특별규정에 따르며, 하위 규범에 의해서 영향을 받지 아니한다.	4단계 대상 식별·치환 대기
REF-L03905-C0027	3905	28	본 조	8	1-3	SRC-C08-L03897	SRC-C08-L03897	제10장 제1절 국교·신앙의 자유·협력적 분리	7086	연방 법률·황제령과 동격 이하인 연방 내 규범이 본 조의 사항을 침해할 경우, 제국도교 중앙교구는 연방 헌법원에 헌법 심판의 심사를 청구할 수 있다.	4단계 대상 식별·치환 대기
REF-L04095-C0000	4095	1	전항	8	2-9	SRC-C08-L04084	SRC-C08-L04084	제10장 제2절 중앙교구의 헌정적 지위·자치	7167	전항의 등록 절차에 대해서 대안적 수단을 연방 법률·황제령으로 정할 수 있다.	4단계 대상 식별·치환 대기
REF-L04105-C0007	4105	8	전항	8	2-10	SRC-C08-L04097	SRC-C08-L04097	제10장 제2절 중앙교구의 헌정적 지위·자치	7187	연방 법원은 전항의 처분의 필요성, 비례성을 심사할 수 있으며, 헌법 사안일 경우 연방 헌법원에 이송하여야 한다.	4단계 대상 식별·치환 대기
REF-L03970-C0012	3970	13	본 조	8	2-2	SRC-C08-L03968	SRC-C08-L03968	제10장 제3절 교계 조직·지도자·콘클라베	7205	제국도교 중앙교구의 기본 조직은 연방 황제령과 교구 칙례로 정한다.	4단계 대상 식별·치환 대기
REF-L03983-C0000	3983	1	전항	8	2-3	SRC-C08-L03975	SRC-C08-L03975	제10장 제3절 교계 조직·지도자·콘클라베	7228	전항의 협력의 범위는 연방 법률로 정한다.	4단계 대상 식별·치환 대기
REF-L03996-C0027	3996	28	본 항	8	2-4	SRC-C08-L03985	SRC-C08-L03985	제10장 제3절 교계 조직·지도자·콘클라베	7251	교계 최고지도자는 제국도교 중앙신전장으로 하며, 본 항에서 정하지 아니한 다른 직책자를 교계 최고지도자로 선정하는 경우 연방 헌법원의 헌법 심사를 받아야 한다.	4단계 대상 식별·치환 대기
REF-L03999-C0057	3999	58	각 호	8	2-4	SRC-C08-L03985	SRC-C08-L03985	제10장 제3절 교계 조직·지도자·콘클라베	7254	제국도교 중앙신전장은 연방형 콘클라베(선거의회) 방식으로 선출하며, 콘클라베(선거의회)의 구성은 다음 각 호와 같다.	4단계 대상 식별·치환 대기
REF-L04012-C0053	4012	54	각 호	8	2-4	SRC-C08-L03985	SRC-C08-L03985	제10장 제3절 교계 조직·지도자·콘클라베	7267	콘클라베(선거의회)는 격리 회기, 비공개 투표, 연속 투표의 원칙을 따른다. 투표 절차는 다음 각 호의 순서와 같다.	4단계 대상 식별·치환 대기
REF-L04021-C0080	4021	81	제2목	8	2-4	SRC-C08-L03985	SRC-C08-L03985	제10장 제3절 교계 조직·지도자·콘클라베	7276	각 차수의 투표 회기의 최장 기간은 30일로 한다. 30일 내 선출에 실패할 시, 상위 득표 2인의 결선 투표로 전환하며, 결선 요구 찬성률은 제2목의 기준을 따른다.	4단계 대상 식별·치환 대기
REF-L04032-C0044	4032	45	각 호	8	2-4	SRC-C08-L03985	SRC-C08-L03985	제10장 제3절 교계 조직·지도자·콘클라베	7287	연방 황실 대표자의 콘클라베(선거의회)에서의 지위와 권한 및 접근 범위는 다음 각 호와 같다.	4단계 대상 식별·치환 대기
REF-L04034-C0000	4034	1	제5항	8	2-4	SRC-C08-L03985	SRC-C08-L03985	제10장 제3절 교계 조직·지도자·콘클라베	7289	제5항의 다른 호에서 정한 참여자와 같은 권한을 지니며, 투표권도 동등하게 가진다.	4단계 대상 식별·치환 대기
REF-L04042-C0084	4042	85	본 조	8	2-4	SRC-C08-L03985	SRC-C08-L03985	제10장 제3절 교계 조직·지도자·콘클라베	7297	연방의 국가안전에 관련된 급박한 위험을 인지 시, 연방 황실 비상안전실에 즉시 통보한다. 다만, 이는 회기 개입·정지 권한을 구성하지 않으며, 개입은 본 조에 따른 칙례가 정한 절차에 따른다.	4단계 대상 식별·치환 대기
REF-L04052-C0054	4052	55	제17장	8	2-5	SRC-C08-L04044	SRC-C08-L04044	제10장 제4절 종교법·종교법원·칙례	7345	각성자는 이계적 여진 등으로 인해 능력이 발현된 자로서, 교단적 의례·교육·윤리 기준을 적용하며 제17장(능력자 감독)과 공동 기준을 마련한다.	4단계 대상 식별·치환 대기
REF-L04116-C0016	4116	17	제1장	8	3	SRC-C08-L04111	SRC-C08-L04111	제10장 제4절 종교법·종교법원·칙례	7377	종교법원의 판결은 연방 헌법 제1장(권리장전)에서 보장하는 기본권, 연방의 공권력 행사에 영향을 미치는 경우에 한하여 사법심사의 대상이 된다.	4단계 대상 식별·치환 대기
REF-L04527-C0010	4527	11	본 장	8	18	SRC-C08-L04522	SRC-C08-L04522	제10장 제4절 종교법·종교법원·칙례	7473	사후 심사 기록은 본 장 제15조의 전자공개 표준을 따른다.	4단계 대상 식별·치환 대기
REF-L04527-C0014	4527	15	제15조	8	18	SRC-C08-L04522	SRC-C08-L04522	제10장 제4절 종교법·종교법원·칙례	7473	사후 심사 기록은 본 장 제15조의 전자공개 표준을 따른다.	4단계 대상 식별·치환 대기
REF-L04542-C0003	4542	4	각 호	8	19-2	SRC-C08-L04540	SRC-C08-L04540	제10장 제4절 종교법·종교법원·칙례	7488	다음 각 호의 사건은 연방 3-3 우선배당 절차로 처리한다.	4단계 대상 식별·치환 대기
REF-L04177-C0000	4177	1	전항	8	5-2	SRC-C08-L04164	SRC-C08-L04164	제10장 제5절 신앙정보·종교인권·취약계층 보호	7531	전항에 의한 예외 처리에 해당하더라도, 최소수집, 가명처리, 정보 접근통제, 보존기간 단축, 열람기록의 전면 로그화를 수행하여야 한다.	4단계 대상 식별·치환 대기
REF-L04184-C0075	4184	76	본 장	8	5-3	SRC-C08-L04179	SRC-C08-L04179	제10장 제5절 신앙정보·종교인권·취약계층 보호	7548	종교정보의 수집, 보관, 처리는 본인의 자발적·명시적 동의가 있거나, 법률상 중대한 공익을 위한 불가피한 경우에 한하며, 이 경우에도 본 장 '제5조의2'의 보호기준을 따른다.	4단계 대상 식별·치환 대기
REF-L04184-C0080	4184	81	제5조의2	8	5-3	SRC-C08-L04179	SRC-C08-L04179	제10장 제5절 신앙정보·종교인권·취약계층 보호	7548	종교정보의 수집, 보관, 처리는 본인의 자발적·명시적 동의가 있거나, 법률상 중대한 공익을 위한 불가피한 경우에 한하며, 이 경우에도 본 장 '제5조의2'의 보호기준을 따른다.	4단계 대상 식별·치환 대기
REF-L04363-C0000	4363	1	본 조	8	12	SRC-C08-L04352	SRC-C08-L04352	제10장 제6절 종교의 사회기능·교육·선교·대외협력	7748	본 조의 시행을 위한 사항 세부는 연방 법률·황제령으로 정한다.	4단계 대상 식별·치환 대기
REF-L04393-C0000	4393	1	본 조	8	13	SRC-C08-L04391	SRC-C08-L04391	제10장 제6절 종교의 사회기능·교육·선교·대외협력	7788	본 조에서 '선교·선포·사회적 교화'란, 신앙·교리·사회적 원칙을 설명·권유·교육하는 비강제적 의사소통 활동을 말한다.	4단계 대상 식별·치환 대기
REF-L04420-C0000	4420	1	본 조	8	13	SRC-C08-L04391	SRC-C08-L04391	제10장 제6절 종교의 사회기능·교육·선교·대외협력	7815	본 조의 집행은 비사법적 절차(교육, 권고, 경고, 활동중지, 자격정지 등)를 원칙으로 하며, 반복·중대한 위반 시 연방 감사원의 감사와 사법특례에 따라 사법조치한다. 다만, 일반법 위반은 해당 법규에 따라 처벌한다.	4단계 대상 식별·치환 대기
REF-L04435-C0000	4435	1	본 조	8	13	SRC-C08-L04391	SRC-C08-L04391	제10장 제6절 종교의 사회기능·교육·선교·대외협력	7830	본 조의 해석은 표현·신앙의 자유 보장과 조화되도록 한다.	4단계 대상 식별·치환 대기
REF-L04294-C0076	4294	77	제6장	8	11	SRC-C08-L04280	SRC-C08-L04280	제10장 제7절 성지·성물·문화유산	7887	시설 유지·경비 비용은 연방 황실과 제국도교 중앙교구가 협약으로 정한 분담 원칙에 따른다. 사고·분쟁 발생 시 사고조사·손해배상 절차는 제6장(사법) 및 관련 연방 법률에 따른다.	4단계 대상 식별·치환 대기
REF-L04314-C0037	4314	38	각 호	8	11	SRC-C08-L04280	SRC-C08-L04280	제10장 제7절 성지·성물·문화유산	7907	지휘 전환과 동시에 열람·접근 권한이 자동 상승한다. 세부는 다음 각 호에 따른다.	4단계 대상 식별·치환 대기
REF-L04335-C0043	4335	44	본 조	8	11	SRC-C08-L04280	SRC-C08-L04280	제10장 제7절 성지·성물·문화유산	7928	3. S3 이상: 옵서버가 지휘권을 부여받을 경우, 지휘자 신분으로 전환되어 본 조 제9~10항의 범위를 따른다.	4단계 대상 식별·치환 대기
REF-L03942-C0000	3942	1	전항	8	1-7	SRC-C08-L03937	SRC-C08-L03937	제10장 제8절 국가–교구 관계·재정·감사·헌정통제	8013	전항의 협력의 형식, 절차, 평가 기준은 연방 법률·황제령으로 정한다.	4단계 대상 식별·치환 대기
REF-L04461-C0020	4461	21	각 호	8	15	SRC-C08-L04453	SRC-C08-L04453	제10장 제8절 국가–교구 관계·재정·감사·헌정통제	8125	성지·성역 관련 자료의 공개는 다음 각 호에 따른다.	4단계 대상 식별·치환 대기
REF-L04535-C0000	4535	1	본 장	8	19	SRC-C08-L04533	SRC-C08-L04533	제10장 제8절 국가–교구 관계·재정·감사·헌정통제	8153	본 장은 종교와 직·간접으로 연계된 행정·입법·사법·비상·정보공개 전 영역으 ㅣ공통 표준으로서 우선 적용된다.	4단계 대상 식별·치환 대기
REF-L04538-C0026	4538	27	본 장	8	19	SRC-C08-L04533	SRC-C08-L04533	제10장 제8절 국가–교구 관계·재정·감사·헌정통제	8156	다른 장에서 종교 관련 사항을 정하는 때에는, 본 장의 기준(협력적 분리, 전자공개, 사법특례, 비상등급, 성역관리 등)을 우선 준용하여야 한다.	4단계 대상 식별·치환 대기
REF-L04553-C0000	4553	1	본 장	8	19-4	SRC-C08-L04551	SRC-C08-L04551	제10장 제8절 국가–교구 관계·재정·감사·헌정통제	8170	본 장 및 관련 칙례·규칙은 QF(전자공개 표준)를 준수하여야 한다.	4단계 대상 식별·치환 대기
REF-L04640-C0000	4640	1	본 장	8	20	SRC-C08-L04638	SRC-C08-L04638	제10장 제8절 국가–교구 관계·재정·감사·헌정통제	8266	본 장의 시행에 필요한 사항은 연방 법률·황제령 및 제국도교 중앙교구 칙례로 위임한다.	4단계 대상 식별·치환 대기
REF-L04668-C0164	4668	165	본 항	9	1	SRC-C09-L04663	SRC-C09-L04663	제11장 제1절 지방체제·자치의 기본원칙	8290	연방은 신지구를 제외한 다른 은하 구역의 통치 체제를 권역단위와 영역단위의 2단위로 구분한다. 권역 단위는 성계권역주이며, 영역 단위는 개척자치령(開拓自治領; frontier autonomous territory)·신탁령(信託領; trust territory)으로 은하 내 자치단위를 나눈다. 본 항의 상세 정의·규정과 설치·지위·편입 등에 관한 세부는 제10장(개척)에 따른다.	4단계 대상 식별·치환 대기
REF-L04668-C0198	4668	199	제10장	9	1	SRC-C09-L04663	SRC-C09-L04663	제11장 제1절 지방체제·자치의 기본원칙	8290	연방은 신지구를 제외한 다른 은하 구역의 통치 체제를 권역단위와 영역단위의 2단위로 구분한다. 권역 단위는 성계권역주이며, 영역 단위는 개척자치령(開拓自治領; frontier autonomous territory)·신탁령(信託領; trust territory)으로 은하 내 자치단위를 나눈다. 본 항의 상세 정의·규정과 설치·지위·편입 등에 관한 세부는 제10장(개척)에 따른다.	4단계 대상 식별·치환 대기
REF-L04675-C0000	4675	1	본 장	9	1	SRC-C09-L04663	SRC-C09-L04663	제11장 제1절 지방체제·자치의 기본원칙	8297	본 장에서 '자치령'에는 자치주와 자치공화국을 포함하고, '직할령'에는 신탁령과 직할주를 포함한다.	4단계 대상 식별·치환 대기
REF-L04693-C0000	4693	1	본 조	9	1	SRC-C09-L04663	SRC-C09-L04663	제11장 제1절 지방체제·자치의 기본원칙	8315	본 조의 원칙·한계 및 보충성 심사 절차의 구체는 연방 법률·황제령으로 정한다.	4단계 대상 식별·치환 대기
REF-L04707-C0008	4707	9	본 조	9	1-3	SRC-C09-L04702	SRC-C09-L04702	제11장 제1절 지방체제·자치의 기본원칙	8332	비상상황에서도 본 조의 핵심은 침해할 수 없다.	4단계 대상 식별·치환 대기
REF-L04717-C0020	4717	21	각 호	9	2-2	SRC-C09-L04715	SRC-C09-L04715-P01	제11장 제2절 자치단위의 종류·지위·자치헌장	8364	자치권의 신설, 승격, 조정은 다음 각 호에 따라 해당 기관이 각자의 권한과 절차에 따라 할 수 있다. 세부는 연방 법률·황제령으로 정한다.	4단계 대상 식별·치환 대기
REF-L04820-C0009	4820	10	동조	9	3	SRC-C09-L04802	SRC-C09-L04802	제11장 제3절 연방–자치 권한배분·보충성·연방우월	8466	연방 합동의회 합동조정위원회, 연방 최고평의회 산하 연방 자치단위 감독부 공동주관 합동조정청이 자치단위의 체계, 자구, 유보 확인, 헌장 영향평가를 14일 이내에 실시하여 초안을 제시한다.	4단계 대상 식별·치환 대기
REF-L04820-C0047	4820	48	동조	9	3	SRC-C09-L04802	SRC-C09-L04802	제11장 제3절 연방–자치 권한배분·보충성·연방우월	8466	연방 합동의회 합동조정위원회, 연방 최고평의회 산하 연방 자치단위 감독부 공동주관 합동조정청이 자치단위의 체계, 자구, 유보 확인, 헌장 영향평가를 14일 이내에 실시하여 초안을 제시한다.	4단계 대상 식별·치환 대기
REF-L04783-C0027	4783	28	제13조의2	9	2-7	SRC-C09-L04778	SRC-C09-L04778	제11장 제5절 지방재정·조세·재정조정	8684	재원 없는 의무 부과는 효력이 정지되며, 분쟁은 제13조의2의 절차로 조정한다.	4단계 대상 식별·치환 대기
REF-L04952-C0000	4952	1	본 조	9	6-3	SRC-C09-L04944	SRC-C09-L04944	제11장 제5절 지방재정·조세·재정조정	8762	본 조에서 말한 자주재원의 실질적 비중, 연방 교부금·조정의 제도의 구체는 연방 법률·황제령으로 정한다.	4단계 대상 식별·치환 대기
REF-L05042-C0000	5042	1	전 항	9	10-2	SRC-C09-L05037	SRC-C09-L05037	제11장 제6절 지방선거·주민참여·직접절차	8852	전 항의 기준, 방식, 기한은 연방 법률·황제령의 위임 범위 내에서 자치단위 법규로 정한다.	4단계 대상 식별·치환 대기
REF-L04988-C0044	4988	45	제12조	9	8	SRC-C09-L04983	SRC-C09-L04983	제11장 제7절 자치단위 간 협력·광역거버넌스	8904	광역 재난·테러·사변 등은 연방의 통합지휘에 따른다. 비상 개입에 관한 내용은 제12조 및 제11장(방위)를 참조한다.	4단계 대상 식별·치환 대기
REF-L04988-C0051	4988	52	제11장	9	8	SRC-C09-L04983	SRC-C09-L04983	제11장 제7절 자치단위 간 협력·광역거버넌스	8904	광역 재난·테러·사변 등은 연방의 통합지휘에 따른다. 비상 개입에 관한 내용은 제12조 및 제11장(방위)를 참조한다.	4단계 대상 식별·치환 대기
REF-L05108-C0006	5108	7	본 장	9	11-4	SRC-C09-L05106	SRC-C09-L05106	제11장 제8절 연방감독·감사·자치권 구제	9051	자치단위는 본 장에 따른 자치권 침해에 관하여 연방 헌법상 권리구제를 청구할 수 있다.	4단계 대상 식별·치환 대기
REF-L04728-C0056	4728	57	각 호	9	2-2	SRC-C09-L04715	SRC-C09-L04715-P02	제11장 제9절 자치권의 정지·개입·복구	9083	중대한 권리침해, 부패, 질서문란, 안보위험 등 연방 법률·황제령이 정하는 사유가 있는 때에는 다음 각 호에 따라 해당 기관이 필요최소한의 범위에서 자치권을 정지·박탈할 수 있다. 세부는 연방 법률·황제령으로 정한다.	4단계 대상 식별·치환 대기
REF-L04739-C0018	4739	19	각 호	9	2-2	SRC-C09-L04715	SRC-C09-L04715-P02	제11장 제9절 자치권의 정지·개입·복구	9094	모든 부여, 정지, 박탈은 다음 각 호의 내용을 포함하여야 한다. 세부는 연방 법률·황제령으로 정한다.	4단계 대상 식별·치환 대기
REF-L05147-C0012	5147	13	각 호	9	12-2	SRC-C09-L05142	SRC-C09-L05142	제11장 제9절 자치권의 정지·개입·복구	9117	연방은 필요 시 다음 각 호의 잠정 제동을 명할 수 있다. 세부 절차, 기간, 집행은 연방 황제령으로 정한다.	4단계 대상 식별·치환 대기
REF-L05155-C0033	5155	34	제12조	9	12-2	SRC-C09-L05142	SRC-C09-L05142	제11장 제9절 자치권의 정지·개입·복구	9125	8. 치안·재난 통합지휘로의 전환 및 LO(연락장교) 파견(제12조 연계).	4단계 대상 식별·치환 대기
REF-L05157-C0028	5157	29	동 조	9	12-2	SRC-C09-L05142	SRC-C09-L05142	제11장 제9절 자치권의 정지·개입·복구	9127	10. 그 밖에 연방 법률·황제령이 정하는 잠정 제동 조치.	4단계 대상 식별·치환 대기
REF-L05280-C0000	5280	1	본 장	10	1	SRC-C10-L05278	SRC-C10-L05278	제12장 제1절 총칙·정의	9247	본 장은 심우주 개척·정착·신탁·잠정자치·편입 및 그에 부수하는 행정, 사법, 안보, 검역, 환경, 자원, 항행, 표준에 관한 연방의 권한과 절차를 정한다.	4단계 대상 식별·치환 대기
REF-L05346-C0000	5346	1	본 장	10	4	SRC-C10-L05344	SRC-C10-L05344	제12장 제1절 총칙·정의	9266	본 장에서 `개척자치령`이란, 개척 단계의 자치단위를 말한다. `신탁령`은 연방의 전속 관리 단계에 있는 지역을 말한다.	4단계 대상 식별·치환 대기
REF-L05349-C0053	5349	54	본 장	10	4	SRC-C10-L05344	SRC-C10-L05344	제12장 제1절 총칙·정의	9269	`정착사회`는 연속된 거주·생계·공공서비스가 성립한 사회를 말하며, `정착사회`의 유형·등급은 본 장 제17조에 따른다.	4단계 대상 식별·치환 대기
REF-L05349-C0057	5349	58	제17조	10	4	SRC-C10-L05344	SRC-C10-L05344	제12장 제1절 총칙·정의	9269	`정착사회`는 연속된 거주·생계·공공서비스가 성립한 사회를 말하며, `정착사회`의 유형·등급은 본 장 제17조에 따른다.	4단계 대상 식별·치환 대기
REF-L05425-C0044	5425	45	제9장	10	8	SRC-C10-L05417	SRC-C10-L05417	제12장 제1절 총칙·정의	9289	LGR(지방 레지스트리) 등록·연동, SLA 표준 공개 등 디지털 행정 표준은 제9장(지방) 제5조 및 연방 법률·황제령으로 정한다.	4단계 대상 식별·치환 대기
REF-L05425-C0052	5425	53	제5조	10	8	SRC-C10-L05417	SRC-C10-L05417	제12장 제1절 총칙·정의	9289	LGR(지방 레지스트리) 등록·연동, SLA 표준 공개 등 디지털 행정 표준은 제9장(지방) 제5조 및 연방 법률·황제령으로 정한다.	4단계 대상 식별·치환 대기
REF-L05292-C0014	5292	15	제9장	10	2	SRC-C10-L05287	SRC-C10-L05287	제12장 제2절 개척영역·관할·편입·연방전속권	9309	자치단위는 본 연방 헌법 제9장(지방) 및 연방 법률·황제령이 위임한 범위에서 자치 입법·행정권을 행사한다.	4단계 대상 식별·치환 대기
REF-L05304-C0000	5304	1	본 조	10	3	SRC-C10-L05296	SRC-C10-L05296	제12장 제2절 개척영역·관할·편입·연방전속권	9331	본 조의 편입·전환 원칙에 관한 상위·관련 규정은 `제2장 제15조`, `제2장 제2조의3`, `제2장 제2조의8`, `제9장 제1조`, `제9장 제2조의3`을 참조한다.	4단계 대상 식별·치환 대기
REF-L05304-C0029	5304	30	제2장	10	3	SRC-C10-L05296	SRC-C10-L05296	제12장 제2절 개척영역·관할·편입·연방전속권	9331	본 조의 편입·전환 원칙에 관한 상위·관련 규정은 `제2장 제15조`, `제2장 제2조의3`, `제2장 제2조의8`, `제9장 제1조`, `제9장 제2조의3`을 참조한다.	4단계 대상 식별·치환 대기
REF-L05304-C0033	5304	34	제15조	10	3	SRC-C10-L05296	SRC-C10-L05296	제12장 제2절 개척영역·관할·편입·연방전속권	9331	본 조의 편입·전환 원칙에 관한 상위·관련 규정은 `제2장 제15조`, `제2장 제2조의3`, `제2장 제2조의8`, `제9장 제1조`, `제9장 제2조의3`을 참조한다.	4단계 대상 식별·치환 대기
REF-L05304-C0041	5304	42	제2장	10	3	SRC-C10-L05296	SRC-C10-L05296	제12장 제2절 개척영역·관할·편입·연방전속권	9331	본 조의 편입·전환 원칙에 관한 상위·관련 규정은 `제2장 제15조`, `제2장 제2조의3`, `제2장 제2조의8`, `제9장 제1조`, `제9장 제2조의3`을 참조한다.	4단계 대상 식별·치환 대기
REF-L05304-C0045	5304	46	제2조의3	10	3	SRC-C10-L05296	SRC-C10-L05296	제12장 제2절 개척영역·관할·편입·연방전속권	9331	본 조의 편입·전환 원칙에 관한 상위·관련 규정은 `제2장 제15조`, `제2장 제2조의3`, `제2장 제2조의8`, `제9장 제1조`, `제9장 제2조의3`을 참조한다.	4단계 대상 식별·치환 대기
REF-L05304-C0054	5304	55	제2장	10	3	SRC-C10-L05296	SRC-C10-L05296	제12장 제2절 개척영역·관할·편입·연방전속권	9331	본 조의 편입·전환 원칙에 관한 상위·관련 규정은 `제2장 제15조`, `제2장 제2조의3`, `제2장 제2조의8`, `제9장 제1조`, `제9장 제2조의3`을 참조한다.	4단계 대상 식별·치환 대기
REF-L05304-C0058	5304	59	제2조의8	10	3	SRC-C10-L05296	SRC-C10-L05296	제12장 제2절 개척영역·관할·편입·연방전속권	9331	본 조의 편입·전환 원칙에 관한 상위·관련 규정은 `제2장 제15조`, `제2장 제2조의3`, `제2장 제2조의8`, `제9장 제1조`, `제9장 제2조의3`을 참조한다.	4단계 대상 식별·치환 대기
REF-L05304-C0067	5304	68	제9장	10	3	SRC-C10-L05296	SRC-C10-L05296	제12장 제2절 개척영역·관할·편입·연방전속권	9331	본 조의 편입·전환 원칙에 관한 상위·관련 규정은 `제2장 제15조`, `제2장 제2조의3`, `제2장 제2조의8`, `제9장 제1조`, `제9장 제2조의3`을 참조한다.	4단계 대상 식별·치환 대기
REF-L05304-C0071	5304	72	제1조	10	3	SRC-C10-L05296	SRC-C10-L05296	제12장 제2절 개척영역·관할·편입·연방전속권	9331	본 조의 편입·전환 원칙에 관한 상위·관련 규정은 `제2장 제15조`, `제2장 제2조의3`, `제2장 제2조의8`, `제9장 제1조`, `제9장 제2조의3`을 참조한다.	4단계 대상 식별·치환 대기
REF-L05304-C0078	5304	79	제9장	10	3	SRC-C10-L05296	SRC-C10-L05296	제12장 제2절 개척영역·관할·편입·연방전속권	9331	본 조의 편입·전환 원칙에 관한 상위·관련 규정은 `제2장 제15조`, `제2장 제2조의3`, `제2장 제2조의8`, `제9장 제1조`, `제9장 제2조의3`을 참조한다.	4단계 대상 식별·치환 대기
REF-L05304-C0082	5304	83	제2조의3	10	3	SRC-C10-L05296	SRC-C10-L05296	제12장 제2절 개척영역·관할·편입·연방전속권	9331	본 조의 편입·전환 원칙에 관한 상위·관련 규정은 `제2장 제15조`, `제2장 제2조의3`, `제2장 제2조의8`, `제9장 제1조`, `제9장 제2조의3`을 참조한다.	4단계 대상 식별·치환 대기
REF-L05311-C0003	5311	4	각 호	10	3-2	SRC-C10-L05309	SRC-C10-L05309	제12장 제2절 개척영역·관할·편입·연방전속권	9347	다음 각 호의 사항은 연방의 전속으로 한다.	4단계 대상 식별·치환 대기
REF-L05567-C0007	5567	8	제9장	10	13	SRC-C10-L05562	SRC-C10-L05562	제12장 제2절 개척영역·관할·편입·연방전속권	9403	위반 시, `제9장(지방) 제12조의 2`에 따른 제동 및 제재를 적용한다.	4단계 대상 식별·치환 대기
REF-L05567-C0015	5567	16	제12조의 2	10	13	SRC-C10-L05562	SRC-C10-L05562	제12장 제2절 개척영역·관할·편입·연방전속권	9403	위반 시, `제9장(지방) 제12조의 2`에 따른 제동 및 제재를 적용한다.	4단계 대상 식별·치환 대기
REF-L00969-C0019	969	20	제10장	2	15	SRC-C02-L00967	SRC-C02-L00967	제12장 제2절 개척영역·관할·편입·연방전속권	9418	신탁령·개척령의 설치·관리·감사는 제10장(개척) 및 연방 법률·황제령으로 정하며, 권리장전·환경·안전 기준을 준수하여야 한다.	4단계 대상 식별·치환 대기
REF-L04752-C0000	4752	1	전 항	9	2-3	SRC-C09-L04747	SRC-C09-L04747	제12장 제2절 개척영역·관할·편입·연방전속권	9440	전 항에 따라 설치된 자치단위는 연방 법률·황제령에서 정한 조건의 성숙도에 따라 연방 직할령·주 또는 정식 자치단위(주·공화국 등)로 편입·승격할 수 있다.	4단계 대상 식별·치환 대기
REF-L04755-C0055	4755	56	제10장	9	2-3	SRC-C09-L04747	SRC-C09-L04747	제12장 제2절 개척영역·관할·편입·연방전속권	9443	설치 기준, 통치 구조, 권능·책임, 편입 절차와 과도기적 대표성, 재정·안보·사법에 관한 세부는 제10장(개척) 및 연방 법률·황제령에 따른다.	4단계 대상 식별·치환 대기
REF-L05676-C0029	5676	30	제6조의 2	10	18	SRC-C10-L05668	SRC-C10-L05668	제12장 제3절 정착사회·현지사회·과도기 대표성	9541	특수 도시형의 `지정, 운영`에는 PPC 상위등급(`제6조의 2`참조)의 검역·환경 조치를 연동·우선 적용한다.	4단계 대상 식별·치환 대기
REF-L04796-C0004	4796	5	제10장	9	2-8	SRC-C09-L04791	SRC-C09-L04791	제12장 제3절 정착사회·현지사회·과도기 대표성	9559	세부는 제10장(개척) 및 연방 법률로 정한다.	4단계 대상 식별·치환 대기
REF-L05388-C0049	5388	50	각 호	10	6	SRC-C10-L05374	SRC-C10-L05374	제12장 제4절 검역·환경·자원·행성보호	9610	천체에 대한 지구화(테라포밍) 및 대규모 환경개조는 연방의 전속 인허가 사항이며, 다음 각 호의 평가 사항을 거쳐야 한다. 세부는 연방 법률·황제령 및 연방 기관 명령·고시로 정한다.	4단계 대상 식별·치환 대기
REF-L05538-C0000	5538	1	본 조	10	11-11	SRC-C10-L05521	SRC-C10-L05521	제12장 제5절 치안·집행·우주사법관할	9871	본 조는 총강 및 권리장전과 정합하며, 제한, 일몰, 재가 절차를 준수한다.	4단계 대상 식별·치환 대기
REF-L05541-C0015	5541	16	본 조	10	11-11	SRC-C10-L05521	SRC-C10-L05521	제12장 제5절 치안·집행·우주사법관할	9874	개인의 무형적 무장 관리와 본 조의 CVA 규율은 상호 간섭하지 아니한다.	4단계 대상 식별·치환 대기
REF-L05578-C0045	5578	46	본 장	10	14	SRC-C10-L05573	SRC-C10-L05573	제12장 제6절 항행·관문·전략 우주인프라	9931	회랑·관문 지정은 안전, 환경, 현지사회 보호 및 PPC·검역 체계와 정합하며, 본 장 제5·6조와 연동한다.	4단계 대상 식별·치환 대기
REF-L05581-C0023	5581	24	본 조	10	14	SRC-C10-L05573	SRC-C10-L05573	제12장 제6절 항행·관문·전략 우주인프라	9934	회랑·관문의 지정, 변경, 표지, 공고는 본 조의 대상이며, `운영 변경, 우회, 폐쇄, 재개`는 제15조에 따른다.	4단계 대상 식별·치환 대기
REF-L05581-C0055	5581	56	제15조	10	14	SRC-C10-L05573	SRC-C10-L05573	제12장 제6절 항행·관문·전략 우주인프라	9934	회랑·관문의 지정, 변경, 표지, 공고는 본 조의 대상이며, `운영 변경, 우회, 폐쇄, 재개`는 제15조에 따른다.	4단계 대상 식별·치환 대기
REF-L05584-C0029	5584	30	본 장	10	14	SRC-C10-L05573	SRC-C10-L05573	제12장 제6절 항행·관문·전략 우주인프라	9937	회랑·관문의 운영, 보호, 관할에 관한 주체·임무는 본 장 제19·22조를 참조한다.	4단계 대상 식별·치환 대기
REF-L05619-C0023	5619	24	제23조의 6	10	15	SRC-C10-L05588	SRC-C10-L05588	제12장 제6절 항행·관문·전략 우주인프라	9982	`조치 현황, KPI, MOR 통계`를 `제23조의 6(집행평가와 오픈데이터)` 대시보드에 공개·보존한다. 필요한 경우 공청회를 개최할 수 있다.	4단계 대상 식별·치환 대기
REF-L05624-C0032	5624	33	본 장	10	15	SRC-C10-L05588	SRC-C10-L05588	제12장 제6절 항행·관문·전략 우주인프라	9987	`회랑, 관문의 운영, 보호, 관할`에 관한 구체 업무는 본 장 `제19·22조`에 따른다.	4단계 대상 식별·치환 대기
REF-L05741-C0004	5741	5	본 장	10	22	SRC-C10-L05739	SRC-C10-L05739	제12장 제6절 항행·관문·전략 우주인프라	10024	연방은 본 장 `제4·4의 2·5·11·20조`에 관한 `항행 안전, 항만, 정거장, 항로, 트래픽, 면허`의 `표준, 감독` 기능을 수행하는 기관을 설치하여야 한다.	4단계 대상 식별·치환 대기
REF-L05747-C0003	5747	4	각 호	10	22	SRC-C10-L05739	SRC-C10-L05739	제12장 제6절 항행·관문·전략 우주인프라	10030	다음 각 호에 따라 설치 기관의 하위 부서를 구성한다.	4단계 대상 식별·치환 대기
REF-L05784-C0057	5784	58	제4조의 2	10	23-2	SRC-C10-L05782	SRC-C10-L05782	제12장 제6절 항행·관문·전략 우주인프라	10062	FOB(전초기지) 설치는 `안전, 보급, 구조, 검역, 환경` 기준을 충족하여야 하며, AO·SDZ(`제4조의 2`)와 연계하여 배치한다.	4단계 대상 식별·치환 대기
REF-L05793-C0046	5793	47	제4조의 2	10	23-2	SRC-C10-L05782	SRC-C10-L05782	제12장 제6절 항행·관문·전략 우주인프라	10071	FOB 설치·변경은 LGR·JBN·지도DB를 24 UST 시간 이내에 동기화한다(`제4조의 2·5·23의 6` 참조).	4단계 대상 식별·치환 대기
REF-L05634-C0007	5634	8	제9장	10	16	SRC-C10-L05628	SRC-C10-L05628	제12장 제7절 성계권역주·개척행정기관	10125	성계권역주는 제9장(지방)의 자치단위와 병존하며, `설치, 경계, 권능, 대표성`은 연방 법률·황제령으로 정한다.	4단계 대상 식별·치환 대기
REF-L05637-C0003	5637	4	각 호	10	16	SRC-C10-L05628	SRC-C10-L05628	제12장 제7절 성계권역주·개척행정기관	10128	다음 각 호는 예외 유형으로 정한다.	4단계 대상 식별·치환 대기
REF-L05706-C0000	5706	1	전항	10	21	SRC-C10-L05701	SRC-C10-L05701	제12장 제7절 성계권역주·개척행정기관	10157	전항에 따른 설치 기관은 본 장의 `제2·6·10·14조`의 집행을 지원한다.	4단계 대상 식별·치환 대기
REF-L05706-C0014	5706	15	본 장	10	21	SRC-C10-L05701	SRC-C10-L05701	제12장 제7절 성계권역주·개척행정기관	10157	전항에 따른 설치 기관은 본 장의 `제2·6·10·14조`의 집행을 지원한다.	4단계 대상 식별·치환 대기
REF-L05709-C0003	5709	4	각 호	10	21	SRC-C10-L05701	SRC-C10-L05701	제12장 제7절 성계권역주·개척행정기관	10160	다음 각 호에 따라 설치 기관의 하위 부서를 구성한다.	4단계 대상 식별·치환 대기
REF-L05719-C0039	5719	40	본 장	10	21	SRC-C10-L05701	SRC-C10-L05701	제12장 제7절 성계권역주·개척행정기관	10170	MGS(일상행정 최소보장), LGR(지방 레지스트리) 등록·공개 및 `본 장 제12조`의 절차를 준수한다.	4단계 대상 식별·치환 대기
REF-L05719-C0043	5719	44	제12조	10	21	SRC-C10-L05701	SRC-C10-L05701	제12장 제7절 성계권역주·개척행정기관	10170	MGS(일상행정 최소보장), LGR(지방 레지스트리) 등록·공개 및 `본 장 제12조`의 절차를 준수한다.	4단계 대상 식별·치환 대기
REF-L05776-C0007	5776	8	각 호	10	23	SRC-C10-L05768	SRC-C10-L05768	제12장 제8절 개척계획·재정·인력·영역확장	10207	연방은 다음 각 호의 우선순위에 따라야 한다.	4단계 대상 식별·치환 대기
REF-L05854-C0003	5854	4	각 호	10	23-9	SRC-C10-L05852	SRC-C10-L05852	제12장 제8절 개척계획·재정·인력·영역확장	10303	다음 각 호의 항목에 대해 최소 제공수준(하한)을 정해야 한다. 하한은 연방 법규의 별표로 상세화하여야 한다.	4단계 대상 식별·치환 대기
REF-L05866-C0018	5866	19	제23조의 6	10	23-9	SRC-C10-L05852	SRC-C10-L05852	제12장 제8절 개척계획·재정·인력·영역확장	10315	MGS(필수 공공서비스) 표는 `제23조의 6`에서 규정한 대시보드에 통합·연동한다.	4단계 대상 식별·치환 대기
REF-L05874-C0000	5874	1	본 절	10	24	SRC-C10-L05872	SRC-C10-L05872	제12장 제9절 분쟁·보상·편입전환	10354	본 절은 본 장 시행 당시 또는 그 이전에 성립한 정착사회, 자치단위, 행정조직, 공공서비스에 관한 전환·경과조치를 정한다.	4단계 대상 식별·치환 대기
REF-L05874-C0005	5874	6	본 장	10	24	SRC-C10-L05872	SRC-C10-L05872	제12장 제9절 분쟁·보상·편입전환	10354	본 절은 본 장 시행 당시 또는 그 이전에 성립한 정착사회, 자치단위, 행정조직, 공공서비스에 관한 전환·경과조치를 정한다.	4단계 대상 식별·치환 대기
REF-L05880-C0000	5880	1	본 절	10	24	SRC-C10-L05872	SRC-C10-L05872	제12장 제9절 분쟁·보상·편입전환	10360	본 절의 집행, 감독, 평가는 `본 장 제21조(성계권역 개척·편입 기관)`의 소관으로 한다.	4단계 대상 식별·치환 대기
REF-L05880-C0018	5880	19	본 장	10	24	SRC-C10-L05872	SRC-C10-L05872	제12장 제9절 분쟁·보상·편입전환	10360	본 절의 집행, 감독, 평가는 `본 장 제21조(성계권역 개척·편입 기관)`의 소관으로 한다.	4단계 대상 식별·치환 대기
REF-L05880-C0022	5880	23	제21조	10	24	SRC-C10-L05872	SRC-C10-L05872	제12장 제9절 분쟁·보상·편입전환	10360	본 절의 집행, 감독, 평가는 `본 장 제21조(성계권역 개척·편입 기관)`의 소관으로 한다.	4단계 대상 식별·치환 대기
REF-L05924-C0044	5924	45	제2장	10	24-6	SRC-C10-L05922	SRC-C10-L05922	제12장 제9절 분쟁·보상·편입전환	10450	`잠정자치, 신탁` 단계의 자치단위는 연방 의회에 비표결 대표를 둘 수 있다(`제2장 제2조의 8` 참조). 그 권한, 자격, 의무는 연방 법률로 정한다.	4단계 대상 식별·치환 대기
REF-L05924-C0048	5924	49	제2조의 8	10	24-6	SRC-C10-L05922	SRC-C10-L05922	제12장 제9절 분쟁·보상·편입전환	10450	`잠정자치, 신탁` 단계의 자치단위는 연방 의회에 비표결 대표를 둘 수 있다(`제2장 제2조의 8` 참조). 그 권한, 자격, 의무는 연방 법률로 정한다.	4단계 대상 식별·치환 대기
REF-L05931-C0042	5931	43	본 장	10	24-7	SRC-C10-L05929	SRC-C10-L05929	제12장 제9절 분쟁·보상·편입전환	10467	전환으로 인한 권리·의무의 분쟁은 원칙적으로 연방 중재원을 1차로 거친다(`본 장 제12조` 참조).	4단계 대상 식별·치환 대기
REF-L05931-C0046	5931	47	제12조	10	24-7	SRC-C10-L05929	SRC-C10-L05929	제12장 제9절 분쟁·보상·편입전환	10467	전환으로 인한 권리·의무의 분쟁은 원칙적으로 연방 중재원을 1차로 거친다(`본 장 제12조` 참조).	4단계 대상 식별·치환 대기
REF-L05962-C0000	5962	1	본 절	10	24-11	SRC-C10-L05960	SRC-C10-L05960	제12장 제9절 분쟁·보상·편입전환	10536	본 절은 공포한 날로부터 시행한다. 다만, 전산·기록 이관, 면허 재심사는 공포 후 90 UST일을 경과한 날로부터 적용한다.	4단계 대상 식별·치환 대기
REF-L05965-C0019	5965	20	본 절	10	24-11	SRC-C10-L05960	SRC-C10-L05960	제12장 제9절 분쟁·보상·편입전환	10539	전환 시한, 일몰, 예외, 유예는 본 절 및 전환계획이 정한 바에 따른다.	4단계 대상 식별·치환 대기
REF-L05969-C0000	5969	1	본 절	10	24-12	SRC-C10-L05967	SRC-C10-L05967	제12장 제9절 분쟁·보상·편입전환	10553	본 절에서 정하지 아니한 사항은 제10장(개척) 본문, 제2장(연방총칙), 제9장(지방) 및 관련 연방 법규를 준용한다.	4단계 대상 식별·치환 대기
REF-L05969-C0018	5969	19	제10장	10	24-12	SRC-C10-L05967	SRC-C10-L05967	제12장 제9절 분쟁·보상·편입전환	10553	본 절에서 정하지 아니한 사항은 제10장(개척) 본문, 제2장(연방총칙), 제9장(지방) 및 관련 연방 법규를 준용한다.	4단계 대상 식별·치환 대기
REF-L05969-C0031	5969	32	제2장	10	24-12	SRC-C10-L05967	SRC-C10-L05967	제12장 제9절 분쟁·보상·편입전환	10553	본 절에서 정하지 아니한 사항은 제10장(개척) 본문, 제2장(연방총칙), 제9장(지방) 및 관련 연방 법규를 준용한다.	4단계 대상 식별·치환 대기
REF-L05969-C0042	5969	43	제9장	10	24-12	SRC-C10-L05967	SRC-C10-L05967	제12장 제9절 분쟁·보상·편입전환	10553	본 절에서 정하지 아니한 사항은 제10장(개척) 본문, 제2장(연방총칙), 제9장(지방) 및 관련 연방 법규를 준용한다.	4단계 대상 식별·치환 대기
REF-L06024-C0000	6024	1	본 장	11	1	SRC-C11-L06022	SRC-C11-L06022-P01	제13장 제1절 국가방위의 기본원칙	10588	본 장은 `국가 방위, 국가 안보, 국가 비상 사태`의 `예방, 대응, 복구` 등에 관한 `조직, 권한,절차`와 권리보장 및 그 한계를 정한다.	4단계 대상 식별·치환 대기
REF-L06033-C0000	6033	1	본 장	11	1	SRC-C11-L06022	SRC-C11-L06022-P03	제13장 제1절 국가방위의 기본원칙	10607	본 장의 적용·해석에서 총강 및 관련 장과의 정합성을 우선 확인한다.	4단계 대상 식별·치환 대기
REF-L06658-C0000	6658	1	본 장	11	24	SRC-C11-L06656	SRC-C11-L06656	제13장 제1절 국가방위의 기본원칙	10621	본 장의 세부 기준, 절차, 서식, 데이터 구조는 연방 법률·황제령 및 연방 행정명령, 연방 기관 고시·명령으로 정한다.	4단계 대상 식별·치환 대기
REF-L06661-C0000	6661	1	본 장	11	24	SRC-C11-L06656	SRC-C11-L06656	제13장 제1절 국가방위의 기본원칙	10624	본 장의 능력자 소집, 지휘, 보호에 관한 세부 기준은 `제17장(능력자 감독)` 및 연방 법률·황제령으로 정한다. 상충이 발생하는 경우, `제3조의 2(전시 최고통수권 및 단일 지휘선)`와 권리장전의 본질적 내용 보호 원칙을 우선한다.	4단계 대상 식별·치환 대기
REF-L06661-C0032	6661	33	제17장	11	24	SRC-C11-L06656	SRC-C11-L06656	제13장 제1절 국가방위의 기본원칙	10624	본 장의 능력자 소집, 지휘, 보호에 관한 세부 기준은 `제17장(능력자 감독)` 및 연방 법률·황제령으로 정한다. 상충이 발생하는 경우, `제3조의 2(전시 최고통수권 및 단일 지휘선)`와 권리장전의 본질적 내용 보호 원칙을 우선한다.	4단계 대상 식별·치환 대기
REF-L06661-C0079	6661	80	제3조의 2	11	24	SRC-C11-L06656	SRC-C11-L06656	제13장 제1절 국가방위의 기본원칙	10624	본 장의 능력자 소집, 지휘, 보호에 관한 세부 기준은 `제17장(능력자 감독)` 및 연방 법률·황제령으로 정한다. 상충이 발생하는 경우, `제3조의 2(전시 최고통수권 및 단일 지휘선)`와 권리장전의 본질적 내용 보호 원칙을 우선한다.	4단계 대상 식별·치환 대기
REF-L06133-C0011	6133	12	제2조	11	3-2	SRC-C11-L06131	SRC-C11-L06131	제13장 제2절 황제의 최고통수권·군사지휘체계	10658	연방 황제는 전시`(제2조 제1항)` 및 그에 준하는 사변 중 합동작전에 대한 최고통수권을 가진다. 최고통수권은 전략지휘, 작전통일, 지휘선 승인 및 충돌조정 권한을 포함하여 연방 법률·황제령으로 정한다.	4단계 대상 식별·치환 대기
REF-L06133-C0015	6133	16	제1항	11	3-2	SRC-C11-L06131	SRC-C11-L06131	제13장 제2절 황제의 최고통수권·군사지휘체계	10658	연방 황제는 전시`(제2조 제1항)` 및 그에 준하는 사변 중 합동작전에 대한 최고통수권을 가진다. 최고통수권은 전략지휘, 작전통일, 지휘선 승인 및 충돌조정 권한을 포함하여 연방 법률·황제령으로 정한다.	4단계 대상 식별·치환 대기
REF-L06136-C0041	6136	42	제7조의3	11	3-2	SRC-C11-L06131	SRC-C11-L06131	제13장 제2절 황제의 최고통수권·군사지휘체계	10661	전시 최고통수권의 행사 방식, 위임, 대리 및 부재 시 권한 승계 등은 `제7조의3(연속성)`과 연동하여 연방 황제령으로 정한다.	4단계 대상 식별·치환 대기
REF-L06142-C0021	6142	22	제11조	11	3-2	SRC-C11-L06131	SRC-C11-L06131	제13장 제2절 황제의 최고통수권·군사지휘체계	10667	민간의 통신, 언론, 데이터 조치는 `제11조`의 통제 원칙을 준수하되, 작전상 비공개는 한시적·필요최소한의 원칙으로 제한하고, 일몰, 사후심사, 정정공시를 포함한다.	4단계 대상 식별·치환 대기
REF-L06145-C0025	6145	26	제17장	11	3-2	SRC-C11-L06131	SRC-C11-L06131	제13장 제2절 황제의 최고통수권·군사지휘체계	10670	전사, 사변, 국가비상사태 중 연방 황제는 `제17장(능력자 감독)` 및 관련 연방 법규에 따라 `능력자(고위·강성자 우선)`의 소집, 배치, 작전지휘에 관한 특별권한을 행사할 수 있다. 동(同) 특별권한의 범위, 위임, 대리는 연방 황제령으로 정하며, `본 조 제3항`의 단일 지휘선 원칙에 종속한다.	4단계 대상 식별·치환 대기
REF-L06145-C0143	6145	144	본 조	11	3-2	SRC-C11-L06131	SRC-C11-L06131	제13장 제2절 황제의 최고통수권·군사지휘체계	10670	전사, 사변, 국가비상사태 중 연방 황제는 `제17장(능력자 감독)` 및 관련 연방 법규에 따라 `능력자(고위·강성자 우선)`의 소집, 배치, 작전지휘에 관한 특별권한을 행사할 수 있다. 동(同) 특별권한의 범위, 위임, 대리는 연방 황제령으로 정하며, `본 조 제3항`의 단일 지휘선 원칙에 종속한다.	4단계 대상 식별·치환 대기
REF-L06145-C0147	6145	148	제3항	11	3-2	SRC-C11-L06131	SRC-C11-L06131	제13장 제2절 황제의 최고통수권·군사지휘체계	10670	전사, 사변, 국가비상사태 중 연방 황제는 `제17장(능력자 감독)` 및 관련 연방 법규에 따라 `능력자(고위·강성자 우선)`의 소집, 배치, 작전지휘에 관한 특별권한을 행사할 수 있다. 동(同) 특별권한의 범위, 위임, 대리는 연방 황제령으로 정하며, `본 조 제3항`의 단일 지휘선 원칙에 종속한다.	4단계 대상 식별·치환 대기
REF-L06235-C0016	6235	17	제10조	11	7-2	SRC-C11-L06230	SRC-C11-L06230	제13장 제3절 연방군·합동지휘·군사기관	10710	단계 상향 시, 동원·징발`(제10조)`, EOC(합동상황실) 인원·근무체계 증강, 사이버 경계 상향`(제11조의5·6)`, SITREP(일일상황보고) 주기 단축 등 연계조치를 시행한다. 민간 경보 채널과의 동기화 및 오탐 최소화 절차를 운영규정으로 마련한다.	4단계 대상 식별·치환 대기
REF-L06235-C0058	6235	59	제11조의5	11	7-2	SRC-C11-L06230	SRC-C11-L06230	제13장 제3절 연방군·합동지휘·군사기관	10710	단계 상향 시, 동원·징발`(제10조)`, EOC(합동상황실) 인원·근무체계 증강, 사이버 경계 상향`(제11조의5·6)`, SITREP(일일상황보고) 주기 단축 등 연계조치를 시행한다. 민간 경보 채널과의 동기화 및 오탐 최소화 절차를 운영규정으로 마련한다.	4단계 대상 식별·치환 대기
REF-L06241-C0006	6241	7	제2조의 2	11	7-2	SRC-C11-L06230	SRC-C11-L06230	제13장 제3절 연방군·합동지휘·군사기관	10716	위협수준`(제2조의 2)`, 준비태세`(본조)`, EOC 발동`(제7조)`간의 교차 트리거 매트릭스는 연방 황제령 및 연방 기관 명령·고시로 정한다.	4단계 대상 식별·치환 대기
REF-L06241-C0022	6241	23	본조	11	7-2	SRC-C11-L06230	SRC-C11-L06230	제13장 제3절 연방군·합동지휘·군사기관	10716	위협수준`(제2조의 2)`, 준비태세`(본조)`, EOC 발동`(제7조)`간의 교차 트리거 매트릭스는 연방 황제령 및 연방 기관 명령·고시로 정한다.	4단계 대상 식별·치환 대기
REF-L06241-C0036	6241	37	제7조	11	7-2	SRC-C11-L06230	SRC-C11-L06230	제13장 제3절 연방군·합동지휘·군사기관	10716	위협수준`(제2조의 2)`, 준비태세`(본조)`, EOC 발동`(제7조)`간의 교차 트리거 매트릭스는 연방 황제령 및 연방 기관 명령·고시로 정한다.	4단계 대상 식별·치환 대기
REF-L06515-C0000	6515	1	전항	11	16	SRC-C11-L06510	SRC-C11-L06510	제13장 제3절 연방군·합동지휘·군사기관	10736	전항의 주무기관은 다음 호의 각 의무를 진다.	4단계 대상 식별·치환 대기
REF-L06535-C0034	6535	35	제3조의2	11	17	SRC-C11-L06524	SRC-C11-L06524	제13장 제3절 연방군·합동지휘·군사기관	10765	전시 중 연방 최고평의회, EOC의 지휘·조정·인가 권한은 `제3조의2 `에 따른 황제의 최고통수권과 정합되도록 행사한다. 충돌 시 우선순위, 재가 루프, 사후심사 절차는 연방 황제령으로 정한다.	4단계 대상 식별·치환 대기
REF-L06572-C0059	6572	60	제18조의 3	11	18-4	SRC-C11-L06570	SRC-C11-L06570	제13장 제3절 연방군·합동지휘·군사기관	10847	AOC(능력자 합동지휘소)는 전시 최고통수권 하에 능력자 전력을 통합 운용하는 합동지휘소로서, GJOC`(제18조의 3)`의 지휘·통제 체계에 편입된다.	4단계 대상 식별·치환 대기
REF-L06578-C0039	6578	40	제17장	11	18-4	SRC-C11-L06570	SRC-C11-L06570	제13장 제3절 연방군·합동지휘·군사기관	10853	AOC의 편성, 등급, 안전관리, 의무복무 지원 및 남용 방지 통제는 제17장`(능력자 관리)`과 연방 법률·황제령으로 정한다.	4단계 대상 식별·치환 대기
REF-L06308-C0000	6308	1	본 조	11	10	SRC-C11-L06297	SRC-C11-L06297	제13장 제5절 동원·징발·방위자원	10947	본 조의 정당보상 등 재산권 보호의 기본 적용 대상은 연방 신민권자 및 인류가 소유하거나 연방 법률이 인정한 법인체로 한정한다. 비인류 개체에 대하여는 적용하지 아니한다. 다만, 연방 법률·황제령 등이 달리 정하는 경우에는 그 정하는 바에 따른다.	4단계 대상 식별·치환 대기
REF-L06315-C0025	6315	26	제17장	11	10-2	SRC-C11-L06313	SRC-C11-L06313	제13장 제5절 동원·징발·방위자원	10964	연방 황제는 전시, 사번, 국가비상사태에서 `제17장(능력자 감독)` 및 연방 법률·황제령이 정하는 바에 따라 능력자(고위·강성자 우선)를 소집·동원할 수 있다.	4단계 대상 식별·치환 대기
REF-L06321-C0012	6321	13	제3조의2	11	10-2	SRC-C11-L06313	SRC-C11-L06313	제13장 제5절 동원·징발·방위자원	10970	능력자의 작전지휘는 `제3조의2(전시 최고통수권 및 단일 지휘선)`에 따른다. GJOC`(제18조의3)`와 능력자 합동지휘소`(제18조의4)`가 전술·작전 수준 지휘를 수행한다.	4단계 대상 식별·치환 대기
REF-L06321-C0050	6321	51	제18조의3	11	10-2	SRC-C11-L06313	SRC-C11-L06313	제13장 제5절 동원·징발·방위자원	10970	능력자의 작전지휘는 `제3조의2(전시 최고통수권 및 단일 지휘선)`에 따른다. GJOC`(제18조의3)`와 능력자 합동지휘소`(제18조의4)`가 전술·작전 수준 지휘를 수행한다.	4단계 대상 식별·치환 대기
REF-L06321-C0071	6321	72	제18조의4	11	10-2	SRC-C11-L06313	SRC-C11-L06313	제13장 제5절 동원·징발·방위자원	10970	능력자의 작전지휘는 `제3조의2(전시 최고통수권 및 단일 지휘선)`에 따른다. GJOC`(제18조의3)`와 능력자 합동지휘소`(제18조의4)`가 전술·작전 수준 지휘를 수행한다.	4단계 대상 식별·치환 대기
REF-L06324-C0053	6324	54	제17장	11	10-2	SRC-C11-L06313	SRC-C11-L06313	제13장 제5절 동원·징발·방위자원	10973	능력자에 대한 안전, 보건, 의무복무, 대체복무, 면제, 교육, 재훈련, 심사 및 복무평정은 `제17장(능력자 감독)` 및 연방 법률·황제령으로 정한다. 강제는 필요, 비례, 최소침해의 원칙을 준수한다.	4단계 대상 식별·치환 대기
REF-L06327-C0023	6327	24	본 장	11	10-2	SRC-C11-L06313	SRC-C11-L06313	제13장 제5절 동원·징발·방위자원	10976	능력자의 권리 보호와 책임은 권리장전 및 본 장의 권리 제한·구제 규정`(제9조)`에 따른다. 부상, 후유증, 장해에 대한 치료, 보상, 명예회복 절차를 둔다.	4단계 대상 식별·치환 대기
REF-L06327-C0041	6327	42	제9조	11	10-2	SRC-C11-L06313	SRC-C11-L06313	제13장 제5절 동원·징발·방위자원	10976	능력자의 권리 보호와 책임은 권리장전 및 본 장의 권리 제한·구제 규정`(제9조)`에 따른다. 부상, 후유증, 장해에 대한 치료, 보상, 명예회복 절차를 둔다.	4단계 대상 식별·치환 대기
REF-L06330-C0057	6330	58	제11조	11	10-2	SRC-C11-L06313	SRC-C11-L06313	제13장 제5절 동원·징발·방위자원	10979	능력자 신원, 능력치 등 민감정보의 수집, 처리, 보관, 열람은 PIA·RIA 및 데이터 보호 기준`(제11조)`에 따라 최소화, 일몰, 사후심사 원칙을 적용한다.	4단계 대상 식별·치환 대기
REF-L01354-C0051	1354	52	제2장	3	11	SRC-C03-L01352	SRC-C03-L01352-P01	제14장 제1절 비상헌정의 원칙·비상사태의 유형	11239	전시·사변 및 기타 그에 준하는 국가 비상사태에서의 긴급황제령·비상선언·공동선포·전자고시는 제2장(연방총칙) 및 연방 법률이 정하는 일몰·사후추인·사법 우선심리에 따른다.	4단계 대상 식별·치환 대기
REF-L06204-C0011	6204	12	본 조	11	6	SRC-C11-L06187	SRC-C11-L06187	제14장 제3절 긴급황제령·비상명령·긴급행정권	11318	연방 최고평의회는 `본 조 제5항`의 권고를 재적 과반 출석 및 과반 찬성으로 재심의 한다.	4단계 대상 식별·치환 대기
REF-L06204-C0015	6204	16	제5항	11	6	SRC-C11-L06187	SRC-C11-L06187	제14장 제3절 긴급황제령·비상명령·긴급행정권	11318	연방 최고평의회는 `본 조 제5항`의 권고를 재적 과반 출석 및 과반 찬성으로 재심의 한다.	4단계 대상 식별·치환 대기
REF-L06293-C0000	6293	1	본 조	11	9	SRC-C11-L06282	SRC-C11-L06282	제14장 제4절 기본권 제한·비유보권	11362	본 조의 권리구제, 우선심리의 기본 적용 대상은 `제1조의2 제1항`의 연방 신민권자 및 인류종에 한한다. 비인류 개체에 대하여서는 `제1조의2 제2항`에 따른다.	4단계 대상 식별·치환 대기
REF-L06293-C0028	6293	29	제1조의2	11	9	SRC-C11-L06282	SRC-C11-L06282	제14장 제4절 기본권 제한·비유보권	11362	본 조의 권리구제, 우선심리의 기본 적용 대상은 `제1조의2 제1항`의 연방 신민권자 및 인류종에 한한다. 비인류 개체에 대하여서는 `제1조의2 제2항`에 따른다.	4단계 대상 식별·치환 대기
REF-L06293-C0034	6293	35	제1항	11	9	SRC-C11-L06282	SRC-C11-L06282	제14장 제4절 기본권 제한·비유보권	11362	본 조의 권리구제, 우선심리의 기본 적용 대상은 `제1조의2 제1항`의 연방 신민권자 및 인류종에 한한다. 비인류 개체에 대하여서는 `제1조의2 제2항`에 따른다.	4단계 대상 식별·치환 대기
REF-L06293-C0075	6293	76	제1조의2	11	9	SRC-C11-L06282	SRC-C11-L06282	제14장 제4절 기본권 제한·비유보권	11362	본 조의 권리구제, 우선심리의 기본 적용 대상은 `제1조의2 제1항`의 연방 신민권자 및 인류종에 한한다. 비인류 개체에 대하여서는 `제1조의2 제2항`에 따른다.	4단계 대상 식별·치환 대기
REF-L06293-C0081	6293	82	제2항	11	9	SRC-C11-L06282	SRC-C11-L06282	제14장 제4절 기본권 제한·비유보권	11362	본 조의 권리구제, 우선심리의 기본 적용 대상은 `제1조의2 제1항`의 연방 신민권자 및 인류종에 한한다. 비인류 개체에 대하여서는 `제1조의2 제2항`에 따른다.	4단계 대상 식별·치환 대기
REF-L06348-C0000	6348	1	본 조	11	11	SRC-C11-L06334	SRC-C11-L06334	제14장 제4절 기본권 제한·비유보권	11390	본 조의 PIA·RIA 등 데이터 보호 의무는 연방 신민권자 및 인류의 개인 데이터에 적용한다. 비인류 개체의 데이터는 원칙적으로 적용 대상이 아니며, 안전·보안 목적상 별도 규정을 둘 수 있다.	4단계 대상 식별·치환 대기
REF-L01357-C0021	1357	22	제1장	3	11	SRC-C03-L01352	SRC-C03-L01352-P02	제14장 제4절 기본권 제한·비유보권	11409	통신·검열·집회 제한 등 권리 제한은 제1장(권리장전)의 본질적 내용 불가침의 원리와 필요·비례·최소침해 원칙을 준수한다.	4단계 대상 식별·치환 대기
REF-L06278-C0000	6278	1	본 장	11	8	SRC-C11-L06267	SRC-C11-L06267	제14장 제5절 총의회 보고·추인·연장·일몰	11437	본 장에서 정한 기간은 별도 정함이 없는 한 달력일을 기준으로 한다.	4단계 대상 식별·치환 대기
REF-L06228-C0001	6228	2	본 조	11	7	SRC-C11-L06220	SRC-C11-L06220	제14장 제7절 국가연속성·헌정기관 승계·COG/COOP	11601	`본 조 제1항`의 훈련 주기는 TTX 연 2회, FE·FSE 연 1회를 시행을 원칙 및 하한으로 정한다. 	4단계 대상 식별·치환 대기
REF-L06228-C0005	6228	6	제1항	11	7	SRC-C11-L06220	SRC-C11-L06220	제14장 제7절 국가연속성·헌정기관 승계·COG/COOP	11601	`본 조 제1항`의 훈련 주기는 TTX 연 2회, FE·FSE 연 1회를 시행을 원칙 및 하한으로 정한다. 	4단계 대상 식별·치환 대기
REF-L06665-C0035	6665	36	제7조의 3	11	24-2	SRC-C11-L06663	SRC-C11-L06663	제14장 제7절 국가연속성·헌정기관 승계·COG/COOP	11649	전시 중 연방 황제의 부재·무능·장기 격리 등 비상 상황에는 `제7조의 3`의 승계(라인)에 따라 최고통수권 대행을 지정한다.	4단계 대상 식별·치환 대기
REF-L06668-C0047	6668	48	제3조의2	11	24-2	SRC-C11-L06663	SRC-C11-L06663	제14장 제7절 국가연속성·헌정기관 승계·COG/COOP	11652	연방 황실 기관, 연방 최고평의회, GJOC, EOC 간 명령 충돌의 최종 해결은 `제3조의2 제3항`과 연방 황제령의 절차에 따른다.	4단계 대상 식별·치환 대기
REF-L06668-C0053	6668	54	제3항	11	24-2	SRC-C11-L06663	SRC-C11-L06663	제14장 제7절 국가연속성·헌정기관 승계·COG/COOP	11652	연방 황실 기관, 연방 최고평의회, GJOC, EOC 간 명령 충돌의 최종 해결은 `제3조의2 제3항`과 연방 황제령의 절차에 따른다.	4단계 대상 식별·치환 대기
REF-L06671-C0000	6671	1	본 조	11	24-2	SRC-C11-L06663	SRC-C11-L06663	제14장 제7절 국가연속성·헌정기관 승계·COG/COOP	11655	본 조에 따른 결정, 대행, 해제는 전자관보와 SITREP API에 요지 공개한다.	4단계 대상 식별·치환 대기
REF-L06379-C0078	6379	79	제7조의4	11	11-4	SRC-C11-L06377	SRC-C11-L06377	제14장 제9절 정보·능력·종교·경제 분야 비상특례	11747	연방은 비상상태에서 음성·데이터 통신의 우선 접속·보호처리를 보장하기 위하여 EPCF(긴급통신우선 프레임)를 운영한다. 경보·재난 알림은 `제7조의4`의 CAP(공통경보프로토콜)과 연동한다.	4단계 대상 식별·치환 대기
REF-L03470-C0044	3470	45	제2항	7	6-9	SRC-C07-L03462	SRC-C07-L03462	제14장 제9절 정보·능력·종교·경제 분야 비상특례	11775	발동·연장 시 사유, 목표, 종료 조건을 명시한 설명서를 전자관보에 공시한다. 제2항의 추인 결과는 즉시 공표한다.	4단계 대상 식별·치환 대기
REF-L08473-C0022	8473	23	제11장	13	47-2	SRC-C13-L08471	SRC-C13-L08471	제14장 제9절 정보·능력·종교·경제 분야 비상특례	11824	전시, 대규모 재난, 국가비상사태 또는 제11장`(국가방위)`에서 정하거나 이에 준하는 사태가 발생하여 FEW`(연방선거주간)`의 정상적인 진행이 현저히 곤란한 경우, 연방 선거감독청은 연방 황제의 재가를 얻어 FEW`(연방선거주간)`의 연기, 단축, 분할 실시를 결정할 수 있다.	4단계 대상 식별·치환 대기
REF-L08476-C0000	8476	1	제1항	13	47-2	SRC-C13-L08471	SRC-C13-L08471	제14장 제9절 정보·능력·종교·경제 분야 비상특례	11827	제1항에 따른 결정은 선거의 자유·공정·평등 원칙을 가능한 한 유지하는 범위에서 최소한으로 이루어져야 하며, 사태의 경과에 따라 지체 없이 원상 회복을 목표로 하여야 한다.	4단계 대상 식별·치환 대기
REF-L08479-C0047	8479	48	제11장	13	47-2	SRC-C13-L08471	SRC-C13-L08471	제14장 제9절 정보·능력·종교·경제 분야 비상특례	11830	FEW`(연방선거주간)`의 연공고 방식 및 이에 따른 임기 연장, 공백 방지 조치는 제11장`(국가방위)`, 제14장`(개헌)`의 규정을 고려하여 연방 법률·황제령으로 정한다.	4단계 대상 식별·치환 대기
REF-L08479-C0061	8479	62	제14장	13	47-2	SRC-C13-L08471	SRC-C13-L08471	제14장 제9절 정보·능력·종교·경제 분야 비상특례	11830	FEW`(연방선거주간)`의 연공고 방식 및 이에 따른 임기 연장, 공백 방지 조치는 제11장`(국가방위)`, 제14장`(개헌)`의 규정을 고려하여 연방 법률·황제령으로 정한다.	4단계 대상 식별·치환 대기
REF-L10315-C0018	10315	19	제11장	16	12-2	SRC-C16-L10313	SRC-C16-L10313	제14장 제9절 정보·능력·종교·경제 분야 비상특례	11845	전시, 사변, 국가비상사태 등 `제11장(국가방위)`에 따른 비상사태에서도 연방 감사원의 핵심 기능은 가능한 범위에서 유지되어야 한다.	4단계 대상 식별·치환 대기
REF-L10318-C0022	10318	23	제11장	16	12-2	SRC-C16-L10313	SRC-C16-L10313	제14장 제9절 정보·능력·종교·경제 분야 비상특례	11848	비상상태 중 감사의 방식·범위·시기는 `제11장(국가방위)`과 연방 법률·황제령이 정하는 바에 따라 조정할 수 있으나, 재정·방위·정보·능력자 관련 긴급 지출과 권한 행사에 대하여는 사후감사를 포함한 최소한의 통제 장치를 보장하여야 한다.	4단계 대상 식별·치환 대기
REF-L10440-C0014	10440	15	제11장	17	2	SRC-C17-L10432	SRC-C17-L10432-P02	제14장 제9절 정보·능력·종교·경제 분야 비상특례	11869	비상, 전시, 사번 및 `제11장(국가방위)`이 정하는 국가비상사태에서의 권한 행사는 일몰, 사후심사, 사법심사의 원칙을 따른다. 비상조치의 연장이나 권한 강화는 연방 총의회의 승인과 연방 황제의 재가를 요한다.	4단계 대상 식별·치환 대기
REF-L01511-C0052	1511	53	제11조	3	24	SRC-C03-L01503	SRC-C03-L01503	제14장 제10절 종료·복구·사후평가·배상	11908	비상 단계 상향 시 기존 조치의 일몰·연장 계획을 함께 공시한다. 사후추인·종료 승인 절차는 제11조의 기준을 준용한다.	4단계 대상 식별·치환 대기
REF-L03483-C0000	3483	1	제6조의9	7	6-11	SRC-C07-L03481	SRC-C07-L03481	제14장 제10절 종료·복구·사후평가·배상	11944	제6조의9에 따른 비상·특별명령의 효력 종료 후, 60일 이내에 연방 준비 기금은 사후평가 보고서를 작성한다.	4단계 대상 식별·치환 대기
REF-L03486-C0058	3486	59	제10조	7	6-11	SRC-C07-L03481	SRC-C07-L03481	제14장 제10절 종료·복구·사후평가·배상	11947	사후평가 보고서는 연방 의회 내 소관 상임위원회에 보고하며, 요지는 전자관보에 공시한다. 비공개 사유는 제10조 및 제10조의5의 기준을 따른다.	4단계 대상 식별·치환 대기
REF-L03486-C0065	3486	66	제10조의5	7	6-11	SRC-C07-L03481	SRC-C07-L03481	제14장 제10절 종료·복구·사후평가·배상	11947	사후평가 보고서는 연방 의회 내 소관 상임위원회에 보고하며, 요지는 전자관보에 공시한다. 비공개 사유는 제10조 및 제10조의5의 기준을 따른다.	4단계 대상 식별·치환 대기
REF-L06695-C0000	6695	1	본 장	12	1	SRC-C12-L06679	SRC-C12-L06679	제15장 제1절 외교권·국가대표·조약 총칙	12131	본 장에 규정되지 않은 외교 사무의 세부는 연방 최고평의회의 규칙으로 정한다.	4단계 대상 식별·치환 대기
REF-L06729-C0000	6729	1	본 조	12	3	SRC-C12-L06718	SRC-C12-L06718	제15장 제1절 외교권·국가대표·조약 총칙	12193	본 조는 연방 헌법과 권리장전의 보장, 국제법상의 선의 이행 원칙과 조화되도록 해석한다.	4단계 대상 식별·치환 대기
REF-L06732-C0000	6732	1	본 장	12	3	SRC-C12-L06718	SRC-C12-L06718	제15장 제1절 외교권·국가대표·조약 총칙	12196	본 장의 연방우선·신민우선 원칙은 신인류 및 범인류종의 안전, 존엄, 생존권 보호를 포함한다.	4단계 대상 식별·치환 대기
REF-L06753-C0000	6753	1	본 장	12	5	SRC-C12-L06742	SRC-C12-L06742	제15장 제2절 조약의 체결·비준·국내효력·종료	12256	본 장에 따른 조약의 국내 효력은 연방 헌법 총강의 원칙`(협약의 국내 지위)`에 따른다.	4단계 대상 식별·치환 대기
REF-L06802-C0003	6802	4	각 호	12	7-2	SRC-C12-L06800	SRC-C12-L06800	제15장 제2절 조약의 체결·비준·국내효력·종료	12313	다음 각 호의 조약은 연방 상·하원의회 또는 합동의회 재적의원 3/5 이상의 동의를 요한다.	4단계 대상 식별·치환 대기
REF-L06807-C0004	6807	5	제7장	12	7-2	SRC-C12-L06800	SRC-C12-L06800	제15장 제2절 조약의 체결·비준·국내효력·종료	12318	5. `제7장(경제)`정한 `중대한 재정부담` 기준을 충족하는 조약.	4단계 대상 식별·치환 대기
REF-L06810-C0000	6810	1	전항	12	7-2	SRC-C12-L06800	SRC-C12-L06800	제15장 제2절 조약의 체결·비준·국내효력·종료	12321	전항의 조약은 신속처리 절차의 적용을 받지 아니한다.	4단계 대상 식별·치환 대기
REF-L06816-C0061	6816	62	본 장	12	8	SRC-C12-L06814	SRC-C12-L06814	제15장 제2절 조약의 체결·비준·국내효력·종료	12337	경계·관할 변경 및 그에 준하는 국제적 합의는 연방 헌법 총강의 영역, 관할, 경계 위임 규정을 준수하며, `본 장 제7조(조약 체결 절차)`에 따른다.	4단계 대상 식별·치환 대기
REF-L06816-C0065	6816	66	제7조	12	8	SRC-C12-L06814	SRC-C12-L06814	제15장 제2절 조약의 체결·비준·국내효력·종료	12337	경계·관할 변경 및 그에 준하는 국제적 합의는 연방 헌법 총강의 영역, 관할, 경계 위임 규정을 준수하며, `본 장 제7조(조약 체결 절차)`에 따른다.	4단계 대상 식별·치환 대기
REF-L06838-C0057	6838	58	제15조의 2	12	9-2	SRC-C12-L06833	SRC-C12-L06833	제15장 제2절 조약의 체결·비준·국내효력·종료	12377	국가안보상 긴급·불가피한 경우에는 서명·잠정적용을 할 수 있으나, 지체 없이 사유와 범위를 보고하고 `제15조의 2`에 따른 추인을 받아야 한다.	4단계 대상 식별·치환 대기
REF-L06905-C0013	6905	14	제9조	12	14	SRC-C12-L06897	SRC-C12-L06897	제15장 제2절 조약의 체결·비준·국내효력·종료	12498	공시는 협상개시 통보`(제9조)`와 연동하되, 국가안보상 필요 시 공시 시기를 조정할 수 있다.	4단계 대상 식별·치환 대기
REF-L06924-C0018	6924	19	제11장	12	15-2	SRC-C12-L06922	SRC-C12-L06922	제15장 제2절 조약의 체결·비준·국내효력·종료	12535	국가비상사태, 전시, 사변 등 `제11장(국가방위)`에 따른 비상상황에서, 연방 황제는 국익 보호를 위하여 한시적 외교 합의의 임시효력을 부여할 수 있다.	4단계 대상 식별·치환 대기
REF-L06933-C0016	6933	17	본 장	12	16	SRC-C12-L06931	SRC-C12-L06931	제15장 제2절 조약의 체결·비준·국내효력·종료	12554	전자 문서 형식의 외교문서는 본 장의 요건을 충족하는 경우 원본과 동일한 효력을 가진다.	4단계 대상 식별·치환 대기
REF-L06970-C0021	6970	22	본 장	12	19	SRC-C12-L06968	SRC-C12-L06968	제15장 제2절 조약의 체결·비준·국내효력·종료	12628	유보, 해석선언, 보호조항은 국제법과 본 장의 원칙에 합치되도록 한정한다.	4단계 대상 식별·치환 대기
REF-L07118-C0020	7118	21	본 장	12	33	SRC-C12-L07116	SRC-C12-L07116	제15장 제2절 조약의 체결·비준·국내효력·종료	12887	조약의 종료, 탈퇴, 정지는 조약과 본 장의 규정에 따른다.	4단계 대상 식별·치환 대기
REF-L07162-C0029	7162	30	제11장	12	36	SRC-C12-L07151	SRC-C12-L07151	제15장 제3절 안보·동맹·집단방위	12998	교전규칙(ROE)의 수립, 변경, 운용에 관하여는 `제11장(국가방위)`에 따른 합헌·합치 사전검토 절차를 거친다.	4단계 대상 식별·치환 대기
REF-L07198-C0045	7198	46	동조	12	40	SRC-C12-L07196	SRC-C12-L07196	제15장 제3절 안보·동맹·집단방위	13071	주둔군·동맹 관련 사건의 사실확인, 책임소재, 배상기준을 조사·판단하기 위하여 합동조사위(JIAT)를 설치한다.	4단계 대상 식별·치환 대기
REF-L07201-C0028	7201	29	본 장	12	40	SRC-C12-L07196	SRC-C12-L07196	제15장 제3절 안보·동맹·집단방위	13074	구성, 권한, 절차, 보고서 공개 범위는 조약 및 본 장의 원칙에 부합하도록 정하며, 피해자 보호, 증거보전, 독립성 보장을 포함한다.	4단계 대상 식별·치환 대기
REF-L07260-C0009	7260	10	제10조	12	46	SRC-C12-L07255	SRC-C12-L07255	제15장 제4절 경제·통상·투자외교	13214	부속서 변경은 `제10조(국익영향평가)` 및 `제43조(안보심사)`절차를 준용한다.	4단계 대상 식별·치환 대기
REF-L07260-C0026	7260	27	제43조	12	46	SRC-C12-L07255	SRC-C12-L07255	제15장 제4절 경제·통상·투자외교	13214	부속서 변경은 `제10조(국익영향평가)` 및 `제43조(안보심사)`절차를 준용한다.	4단계 대상 식별·치환 대기
REF-L07565-C0000	7565	1	전항	12	77	SRC-C12-L07560	SRC-C12-L07560	제15장 제7절 국제공조·비밀외교	13838	전항이 규정한 절차는 정보제공, 공청, 표결 등 합의형 절차를 병행할 수 있다.	4단계 대상 식별·치환 대기
REF-L07636-C0032	7636	33	본 장	13	1	SRC-C13-L07627	SRC-C13-L07627	제16장 제1절 연방 선거감독청	13920	연방 선거감독청의 조직, 직제, 정원 및 구체적인 권한은 본 장과 제4장(행정), 제15장(정보), 제16장(감사)의 규정을 해치지 아니하는 범위에서 연방 법률·황제령 및 연방 선거감독청 명령·고시로 정한다.	4단계 대상 식별·치환 대기
REF-L07636-C0037	7636	38	제4장	13	1	SRC-C13-L07627	SRC-C13-L07627	제16장 제1절 연방 선거감독청	13920	연방 선거감독청의 조직, 직제, 정원 및 구체적인 권한은 본 장과 제4장(행정), 제15장(정보), 제16장(감사)의 규정을 해치지 아니하는 범위에서 연방 법률·황제령 및 연방 선거감독청 명령·고시로 정한다.	4단계 대상 식별·치환 대기
REF-L07636-C0046	7636	47	제15장	13	1	SRC-C13-L07627	SRC-C13-L07627	제16장 제1절 연방 선거감독청	13920	연방 선거감독청의 조직, 직제, 정원 및 구체적인 권한은 본 장과 제4장(행정), 제15장(정보), 제16장(감사)의 규정을 해치지 아니하는 범위에서 연방 법률·황제령 및 연방 선거감독청 명령·고시로 정한다.	4단계 대상 식별·치환 대기
REF-L07636-C0056	7636	57	제16장	13	1	SRC-C13-L07627	SRC-C13-L07627	제16장 제1절 연방 선거감독청	13920	연방 선거감독청의 조직, 직제, 정원 및 구체적인 권한은 본 장과 제4장(행정), 제15장(정보), 제16장(감사)의 규정을 해치지 아니하는 범위에서 연방 법률·황제령 및 연방 선거감독청 명령·고시로 정한다.	4단계 대상 식별·치환 대기
REF-L07646-C0013	7646	14	각 호	13	2	SRC-C13-L07643	SRC-C13-L07643	제16장 제1절 연방 선거감독청	13940	연방 선거감독청은 다음 각 호의 권한을 가진다.	4단계 대상 식별·치환 대기
REF-L07655-C0010	7655	11	전항	13	2	SRC-C13-L07643	SRC-C13-L07643	제16장 제1절 연방 선거감독청	13949	연방 선거감독청은 전항 각 호의 권한을 행사함에 있어 제15장(정보)에서 정한 정보 보호·공개 원칙과 제16장(감사)에서 정한 감사·감독 체계를 존중하여야 하며, 동일한 사안에 관하여 중복·모순되는 명령이나 조치를 발하여서는 아니 된다.	4단계 대상 식별·치환 대기
REF-L07655-C0013	7655	14	각 호	13	2	SRC-C13-L07643	SRC-C13-L07643	제16장 제1절 연방 선거감독청	13949	연방 선거감독청은 전항 각 호의 권한을 행사함에 있어 제15장(정보)에서 정한 정보 보호·공개 원칙과 제16장(감사)에서 정한 감사·감독 체계를 존중하여야 하며, 동일한 사안에 관하여 중복·모순되는 명령이나 조치를 발하여서는 아니 된다.	4단계 대상 식별·치환 대기
REF-L07655-C0030	7655	31	제15장	13	2	SRC-C13-L07643	SRC-C13-L07643	제16장 제1절 연방 선거감독청	13949	연방 선거감독청은 전항 각 호의 권한을 행사함에 있어 제15장(정보)에서 정한 정보 보호·공개 원칙과 제16장(감사)에서 정한 감사·감독 체계를 존중하여야 하며, 동일한 사안에 관하여 중복·모순되는 명령이나 조치를 발하여서는 아니 된다.	4단계 대상 식별·치환 대기
REF-L07655-C0057	7655	58	제16장	13	2	SRC-C13-L07643	SRC-C13-L07643	제16장 제1절 연방 선거감독청	13949	연방 선거감독청은 전항 각 호의 권한을 행사함에 있어 제15장(정보)에서 정한 정보 보호·공개 원칙과 제16장(감사)에서 정한 감사·감독 체계를 존중하여야 하며, 동일한 사안에 관하여 중복·모순되는 명령이나 조치를 발하여서는 아니 된다.	4단계 대상 식별·치환 대기
REF-L07658-C0084	7658	85	제4장	13	2	SRC-C13-L07643	SRC-C13-L07643	제16장 제1절 연방 선거감독청	13952	연방 선거감독청은 선거와 직접 관련이 없는 일반 행정·사법·정보·감사 사무에 관하여 독자적인 조사를 실시하거나 지침을 발할 수 없으며, 그러한 사무는 제4장(행정), 제6장(사법), 제15장(정보), 제16장(감사)의 규정에 따른다.	4단계 대상 식별·치환 대기
REF-L07658-C0093	7658	94	제6장	13	2	SRC-C13-L07643	SRC-C13-L07643	제16장 제1절 연방 선거감독청	13952	연방 선거감독청은 선거와 직접 관련이 없는 일반 행정·사법·정보·감사 사무에 관하여 독자적인 조사를 실시하거나 지침을 발할 수 없으며, 그러한 사무는 제4장(행정), 제6장(사법), 제15장(정보), 제16장(감사)의 규정에 따른다.	4단계 대상 식별·치환 대기
REF-L07658-C0102	7658	103	제15장	13	2	SRC-C13-L07643	SRC-C13-L07643	제16장 제1절 연방 선거감독청	13952	연방 선거감독청은 선거와 직접 관련이 없는 일반 행정·사법·정보·감사 사무에 관하여 독자적인 조사를 실시하거나 지침을 발할 수 없으며, 그러한 사무는 제4장(행정), 제6장(사법), 제15장(정보), 제16장(감사)의 규정에 따른다.	4단계 대상 식별·치환 대기
REF-L07658-C0112	7658	113	제16장	13	2	SRC-C13-L07643	SRC-C13-L07643	제16장 제1절 연방 선거감독청	13952	연방 선거감독청은 선거와 직접 관련이 없는 일반 행정·사법·정보·감사 사무에 관하여 독자적인 조사를 실시하거나 지침을 발할 수 없으며, 그러한 사무는 제4장(행정), 제6장(사법), 제15장(정보), 제16장(감사)의 규정에 따른다.	4단계 대상 식별·치환 대기
REF-L07661-C0099	7661	100	제20조의5	13	2	SRC-C13-L07643	SRC-C13-L07643	제16장 제1절 연방 선거감독청	13955	법령 위반·부정행위에 대하여 조사·시정명령·과징·영업정지·고발 등 제재를 부과할 수 있다. 인위적 범죄 정황시 선거사안 최우선 3-3 사법 배당 절차로 최우선 배당을 요구한다`(제20조의5 참조)`.	4단계 대상 식별·치환 대기
REF-L07670-C0048	7670	49	제49조	13	3	SRC-C13-L07665	SRC-C13-L07665	제16장 제1절 연방 선거감독청	13974	> 1. 선거구획정위원회: 선거구 경계·의석 배분 기준의 설정·조정, 인구변동 반영`(제49조·제51조 참조)`.	4단계 대상 식별·치환 대기
REF-L07670-C0053	7670	54	제51조	13	3	SRC-C13-L07665	SRC-C13-L07665	제16장 제1절 연방 선거감독청	13974	> 1. 선거구획정위원회: 선거구 경계·의석 배분 기준의 설정·조정, 인구변동 반영`(제49조·제51조 참조)`.	4단계 대상 식별·치환 대기
REF-L07671-C0044	7671	45	제3조	13	3	SRC-C13-L07665	SRC-C13-L07665	제16장 제1절 연방 선거감독청	13975	> 2. 후보자등록위원회: 후보 자격심사·서류 검증·결격사유 판단·등록 공고`(제3조 제1항 제2호, 제13조·제13조의2, 제4절 참조)`.	4단계 대상 식별·치환 대기
REF-L07671-C0048	7671	49	제1항	13	3	SRC-C13-L07665	SRC-C13-L07665	제16장 제1절 연방 선거감독청	13975	> 2. 후보자등록위원회: 후보 자격심사·서류 검증·결격사유 판단·등록 공고`(제3조 제1항 제2호, 제13조·제13조의2, 제4절 참조)`.	4단계 대상 식별·치환 대기
REF-L07671-C0052	7671	53	제2호	13	3	SRC-C13-L07665	SRC-C13-L07665	제16장 제1절 연방 선거감독청	13975	> 2. 후보자등록위원회: 후보 자격심사·서류 검증·결격사유 판단·등록 공고`(제3조 제1항 제2호, 제13조·제13조의2, 제4절 참조)`.	4단계 대상 식별·치환 대기
REF-L07671-C0057	7671	58	제13조	13	3	SRC-C13-L07665	SRC-C13-L07665	제16장 제1절 연방 선거감독청	13975	> 2. 후보자등록위원회: 후보 자격심사·서류 검증·결격사유 판단·등록 공고`(제3조 제1항 제2호, 제13조·제13조의2, 제4절 참조)`.	4단계 대상 식별·치환 대기
REF-L07671-C0062	7671	63	제13조의2	13	3	SRC-C13-L07665	SRC-C13-L07665	제16장 제1절 연방 선거감독청	13975	> 2. 후보자등록위원회: 후보 자격심사·서류 검증·결격사유 판단·등록 공고`(제3조 제1항 제2호, 제13조·제13조의2, 제4절 참조)`.	4단계 대상 식별·치환 대기
REF-L07671-C0070	7671	71	제4절	13	3	SRC-C13-L07665	SRC-C13-L07665	제16장 제1절 연방 선거감독청	13975	> 2. 후보자등록위원회: 후보 자격심사·서류 검증·결격사유 판단·등록 공고`(제3조 제1항 제2호, 제13조·제13조의2, 제4절 참조)`.	4단계 대상 식별·치환 대기
REF-L07699-C0074	7699	75	제9조	13	4	SRC-C13-L07691	SRC-C13-L07691	제16장 제1절 연방 선거감독청	14011	조달·입찰·벤더 평가·장비 검증·교정·시험 성적서 요지 및 보안평가 요약을 공개한다. BO`(실소유자)` 식별 및 이해충돌 통제는 `제9조`와 연계한다.	4단계 대상 식별·치환 대기
REF-L07702-C0029	7702	30	제20조의5	13	4	SRC-C13-L07691	SRC-C13-L07691	제16장 제1절 연방 선거감독청	14014	FEW 백서, RLA 시행 보고, 무효·중단 통계`(제20조의5)`, COC`(인계·인수 연계기록)` 집계를 QF-SEC 형식으로 공개한다. 로그·COC·RLA 기록의 최소 보존기간은 10년으로 하며, 이 기간은 연방 법률·황제령에 의거하여 연장할 수 있다.	4단계 대상 식별·치환 대기
REF-L07705-C0042	7705	43	제25조	13	4	SRC-C13-L07691	SRC-C13-L07691	제16장 제1절 연방 선거감독청	14017	개인정보·기밀은 최소공개한도·비식별화 원칙을 적용한다. 열람·처리 절차는 `제25조`에 따른다.	4단계 대상 식별·치환 대기
REF-L07741-C0007	7741	8	제2항	13	7	SRC-C13-L07733	SRC-C13-L07733	제16장 제1절 연방 선거감독청	14081	연방 황제는 제2항의 후보자 중 1인을 선발·임명한다. 임명과 동시에 청장은 직무를 개시할 수 있다.	4단계 대상 식별·치환 대기
REF-L07747-C0042	7747	43	제7항	13	7	SRC-C13-L07733	SRC-C13-L07733	제16장 제1절 연방 선거감독청	14087	불신임이 확정된 때에는 청장의 직은 연방선거주간의 종료와 동시에 상실한다. 제7항에 따라 부청장이 권한을 대행한다.	4단계 대상 식별·치환 대기
REF-L07753-C0087	7753	88	제2항	13	7	SRC-C13-L07733	SRC-C13-L07733	제16장 제1절 연방 선거감독청	14093	연방 선거감독청장이 사망·사임·불신임 확정·무효 확정 및 기타 사유로 궐위가 된 때에는, 청장이 임명한 부청장이 즉시 권한을 대행한다. 다음 연방선거주간에 제2항부터 제4항까지의 동일 절차에 따라 후임을 선정하되, 남은 임기만을 수행한다.	4단계 대상 식별·치환 대기
REF-L07753-C0093	7753	94	제4항	13	7	SRC-C13-L07733	SRC-C13-L07733	제16장 제1절 연방 선거감독청	14093	연방 선거감독청장이 사망·사임·불신임 확정·무효 확정 및 기타 사유로 궐위가 된 때에는, 청장이 임명한 부청장이 즉시 권한을 대행한다. 다음 연방선거주간에 제2항부터 제4항까지의 동일 절차에 따라 후임을 선정하되, 남은 임기만을 수행한다.	4단계 대상 식별·치환 대기
REF-L07756-C0034	7756	35	제6조	13	7	SRC-C13-L07733	SRC-C13-L07733	제16장 제1절 연방 선거감독청	14096	연방 선거감독청장은 부청장 1인을 임명할 수 있다. 부청장은 제6조의 규정에 따라 규정심의위원회 의결을 거쳐 보할 수 있다. 부청장은 연방 선거감독청장의 지휘를 받아 직무를 보좌한다.	4단계 대상 식별·치환 대기
REF-L07759-C0044	7759	45	제11조	13	7	SRC-C13-L07733	SRC-C13-L07733	제16장 제1절 연방 선거감독청	14099	연방 선거감독청장과 부청장은 정당의 당직을 겸하거나 선거운동에 관여할 수 없다(제11조 참조).	4단계 대상 식별·치환 대기
REF-L07765-C0053	7765	54	제33조	13	7	SRC-C13-L07733	SRC-C13-L07733	제16장 제1절 연방 선거감독청	14105	표식 중복·식별 불능·임프린트 훼손·규정 외 기재 등은 무효로 한다. 무효 판단 기준·사례집은 제33조에 따른다.	4단계 대상 식별·치환 대기
REF-L07768-C0020	7768	21	각 호	13	7	SRC-C13-L07733	SRC-C13-L07733	제16장 제1절 연방 선거감독청	14108	연방 선거감독청장의 권한대행은 다음 각 호의 핵심 행위를 할 수 없다. 다만 JICC가 긴급 필요로 인정하고 규정심의위원회가 재적 2/3 이상의 찬성을 얻은 경우에는 예외로 한다.	4단계 대상 식별·치환 대기
REF-L07790-C0010	7790	11	제25조	13	8	SRC-C13-L07779	SRC-C13-L07779	제16장 제1절 연방 선거감독청	14140	제정·개정·해석은 제25조(기술·규격 고시)에 따른 의견수렴·고시 절차를 따른다. 긴급 시 임시고시(최대 72시간)를 할 수 있으며, 소급 불이익 금지(제25조 제5항)를 준수한다.	4단계 대상 식별·치환 대기
REF-L07790-C0085	7790	86	제25조	13	8	SRC-C13-L07779	SRC-C13-L07779	제16장 제1절 연방 선거감독청	14140	제정·개정·해석은 제25조(기술·규격 고시)에 따른 의견수렴·고시 절차를 따른다. 긴급 시 임시고시(최대 72시간)를 할 수 있으며, 소급 불이익 금지(제25조 제5항)를 준수한다.	4단계 대상 식별·치환 대기
REF-L07790-C0090	7790	91	제5항	13	8	SRC-C13-L07779	SRC-C13-L07779	제16장 제1절 연방 선거감독청	14140	제정·개정·해석은 제25조(기술·규격 고시)에 따른 의견수렴·고시 절차를 따른다. 긴급 시 임시고시(최대 72시간)를 할 수 있으며, 소급 불이익 금지(제25조 제5항)를 준수한다.	4단계 대상 식별·치환 대기
REF-L07852-C0000	7852	1	본 장	13	13	SRC-C13-L07850	SRC-C13-L07850	제16장 제2절 선거권·피선거권·선거 기본원칙	14209	본 장에 따른 모든 선거는 보통·평등·직접·비밀·자유의 원칙을 따른다. 선거의 준비·집행·검증의 투명성·검증가능성·책임성의 원칙에 따른다.	4단계 대상 식별·치환 대기
REF-L07855-C0050	7855	51	제20조의2	13	13	SRC-C13-L07850	SRC-C13-L07850	제16장 제2절 선거권·피선거권·선거 기본원칙	14212	연방 내 선거의 목록·주기·실시기관을 전자관보에 공표한다. 연방선거주간(FEW) 일정표는 제20조의2·제20조의3에 따른다.	4단계 대상 식별·치환 대기
REF-L07855-C0057	7855	58	제20조의3	13	13	SRC-C13-L07850	SRC-C13-L07850	제16장 제2절 선거권·피선거권·선거 기본원칙	14212	연방 내 선거의 목록·주기·실시기관을 전자관보에 공표한다. 연방선거주간(FEW) 일정표는 제20조의2·제20조의3에 따른다.	4단계 대상 식별·치환 대기
REF-L07900-C0188	7900	189	제1장	13	16	SRC-C13-L07886	SRC-C13-L07886	제16장 제2절 선거권·피선거권·선거 기본원칙	14285	ICX`(인지능력 확인 시험)`의 설계·운영은 신체적·감각적·정신적 장애, 언어·교육 수준, 거주 지역, 경제적 사정 등의 차이로 인하여 선거권 취득에 있어 불합리한 차별이 발생하지 아니하도록 이루어져야 한다. 연방과 자치단위는 필요한 경우 시험 방식, 시간, 장소, 도구에 관하여 합리적인 편의를 제공하여야 하며, 그 구체적인 사항은 제1장`(권리장전)` 및 연방 법률·황제령이 정하는 바에 따른다.	4단계 대상 식별·치환 대기
REF-L07921-C0055	7921	56	제19조	13	16	SRC-C13-L07886	SRC-C13-L07886	제16장 제2절 선거권·피선거권·선거 기본원칙	14306	JSA`(직무적부심사)`는 ICX`(인지능력 확인 시험)` 합격 유효자만 신청할 수 있다`(세부는 제19조 제1항 참조)`.	4단계 대상 식별·치환 대기
REF-L07921-C0060	7921	61	제1항	13	16	SRC-C13-L07886	SRC-C13-L07886	제16장 제2절 선거권·피선거권·선거 기본원칙	14306	JSA`(직무적부심사)`는 ICX`(인지능력 확인 시험)` 합격 유효자만 신청할 수 있다`(세부는 제19조 제1항 참조)`.	4단계 대상 식별·치환 대기
REF-L07933-C0065	7933	66	제16장	13	16-2	SRC-C13-L07925	SRC-C13-L07925	제16장 제2절 선거권·피선거권·선거 기본원칙	14327	ICX`(인지능력 확인 시험)` 설계·운영 과정에서는 인권 침해 또는 구조적 차별이 발생하였는지 여부에 대한 평가는 제16장`(감사 기관)` 및 제1장`(권리장전)`의 규정을 고려하여 연방 감사원과 연방 헌법원이 공동으로 점검할 수 있다.	4단계 대상 식별·치환 대기
REF-L07933-C0081	7933	82	제1장	13	16-2	SRC-C13-L07925	SRC-C13-L07925	제16장 제2절 선거권·피선거권·선거 기본원칙	14327	ICX`(인지능력 확인 시험)` 설계·운영 과정에서는 인권 침해 또는 구조적 차별이 발생하였는지 여부에 대한 평가는 제16장`(감사 기관)` 및 제1장`(권리장전)`의 규정을 고려하여 연방 감사원과 연방 헌법원이 공동으로 점검할 수 있다.	4단계 대상 식별·치환 대기
REF-L07939-C0074	7939	75	각 호	13	17	SRC-C13-L07937	SRC-C13-L07937	제16장 제2절 선거권·피선거권·선거 기본원칙	14343	연방 내 선거권의 하한 연령은 만 15세, 선거권은 ICX 합격·유효 상태(투표 개시일로부터 180일 전까지 요건 충족)이며, 다음 각 호를 모두 충족한 자에게 부여한다.	4단계 대상 식별·치환 대기
REF-L07942-C0008	7942	9	본 장	13	17	SRC-C13-L07937	SRC-C13-L07937	제16장 제2절 선거권·피선거권·선거 기본원칙	14346	3. 그 밖에 본 장 및 연방 법률·황제령이 정하는 최소 요건.	4단계 대상 식별·치환 대기
REF-L07948-C0008	7948	9	제27조	13	17	SRC-C13-L07937	SRC-C13-L07937	제16장 제2절 선거권·피선거권·선거 기본원칙	14352	피선거권 박탈(제27조 등 참조) 처분을 연방 내 선거 중 하나라도 받은 자는 선거권도 함께 박탈한다. 해소 시 선거권 요건은 회복되나, ICX에 재합격하여야 한다.	4단계 대상 식별·치환 대기
REF-L07951-C0000	7951	1	본 조	13	17	SRC-C13-L07937	SRC-C13-L07937	제16장 제2절 선거권·피선거권·선거 기본원칙	14355	본 조 및 본 장에 열거된 경우 외에 선거권은 제한될 수 없다.	4단계 대상 식별·치환 대기
REF-L07951-C0006	7951	7	본 장	13	17	SRC-C13-L07937	SRC-C13-L07937	제16장 제2절 선거권·피선거권·선거 기본원칙	14355	본 조 및 본 장에 열거된 경우 외에 선거권은 제한될 수 없다.	4단계 대상 식별·치환 대기
REF-L07966-C0022	7966	23	제16조	13	18	SRC-C13-L07961	SRC-C13-L07961	제16장 제2절 선거권·피선거권·선거 기본원칙	14379	후보자의 기본 자격은 ICX 합격 유효(제16조) 및 JSA 합격(제19조)이다. 연령·거주·복수국적 금지 등 공통 요건은 각 절의 특칙이 정하는 바에 따른다.	4단계 대상 식별·치환 대기
REF-L07966-C0037	7966	38	제19조	13	18	SRC-C13-L07961	SRC-C13-L07961	제16장 제2절 선거권·피선거권·선거 기본원칙	14379	후보자의 기본 자격은 ICX 합격 유효(제16조) 및 JSA 합격(제19조)이다. 연령·거주·복수국적 금지 등 공통 요건은 각 절의 특칙이 정하는 바에 따른다.	4단계 대상 식별·치환 대기
REF-L07980-C0035	7980	36	제11장	13	19	SRC-C13-L07973	SRC-C13-L07973	제16장 제2절 선거권·피선거권·선거 기본원칙	14402	전 과정의 실시간 공개·공유를 원칙으로 한다. 다만, 국가안보(제11장)에 관한 사유가 있는 경우, 연방 법률·황제령이 정하는 최소공개한도로 공개할 수 있다.	4단계 대상 식별·치환 대기
REF-L07998-C0039	7998	40	제24조	13	19	SRC-C13-L07973	SRC-C13-L07973	제16장 제2절 선거권·피선거권·선거 기본원칙	14420	JSA 합격은 후보자 등록의 필수 요건이다. 임기 중 결격 발생 시, 제24조 및 해당 절의 공석·승계 규정을 따른다.	4단계 대상 식별·치환 대기
REF-L08004-C0058	8004	59	제6장	13	19	SRC-C13-L07973	SRC-C13-L07973	제16장 제2절 선거권·피선거권·선거 기본원칙	14426	JSA`(직무적부심사)`의 결과는 후보자의 공직 수행 능력과 관련된 적격성 판단에만 사용할 수 있으며, 제6장`(입법)`, 제7장`(사법)`, 제15장`(정보)`에서 정하는 범위를 넘어 사적·차별적 목적으로 사용하여서는 아니 된다. 세부적인 자료 보존 기간, 비식별 처리, 열람 제한, 이의신청 절차는 연방 법률·황제령으로 정한다.	4단계 대상 식별·치환 대기
REF-L08004-C0069	8004	70	제7장	13	19	SRC-C13-L07973	SRC-C13-L07973	제16장 제2절 선거권·피선거권·선거 기본원칙	14426	JSA`(직무적부심사)`의 결과는 후보자의 공직 수행 능력과 관련된 적격성 판단에만 사용할 수 있으며, 제6장`(입법)`, 제7장`(사법)`, 제15장`(정보)`에서 정하는 범위를 넘어 사적·차별적 목적으로 사용하여서는 아니 된다. 세부적인 자료 보존 기간, 비식별 처리, 열람 제한, 이의신청 절차는 연방 법률·황제령으로 정한다.	4단계 대상 식별·치환 대기
REF-L08004-C0080	8004	81	제15장	13	19	SRC-C13-L07973	SRC-C13-L07973	제16장 제2절 선거권·피선거권·선거 기본원칙	14426	JSA`(직무적부심사)`의 결과는 후보자의 공직 수행 능력과 관련된 적격성 판단에만 사용할 수 있으며, 제6장`(입법)`, 제7장`(사법)`, 제15장`(정보)`에서 정하는 범위를 넘어 사적·차별적 목적으로 사용하여서는 아니 된다. 세부적인 자료 보존 기간, 비식별 처리, 열람 제한, 이의신청 절차는 연방 법률·황제령으로 정한다.	4단계 대상 식별·치환 대기
REF-L08011-C0081	8011	82	제1장	13	19-2	SRC-C13-L08006	SRC-C13-L08006	제16장 제2절 선거권·피선거권·선거 기본원칙	14442	JSA`(직무적부심사)` 결과를 이유로 특정 종교, 사상, 성적 지향, 출신 지역, 사회경제적 배경 등에 대한 차별을 정당화하여서는 아니 되며, 제1장`(권리장전)`에서 보장하는 평등권, 인격권, 사생활의 비밀을 침해하여서는 아니 된다.	4단계 대상 식별·치환 대기
REF-L08014-C0093	8014	94	각 호	13	19-2	SRC-C13-L08006	SRC-C13-L08006	제16장 제2절 선거권·피선거권·선거 기본원칙	14445	JSA`(직무적부심사)` 결과의 보존 기간, 열람·제공 대상, 비식별 처리, 이의신청 및 정정 절차는 연방 법률·황제령으로 정한다. 이 경우 연방 법률·황제령은 다음 각 호의 사항을 포함하여야 한다.	4단계 대상 식별·치환 대기
REF-L07808-C0000	7808	1	전항	13	9	SRC-C13-L07803	SRC-C13-L07803	제16장 제3절 선거관리·투개표·보안·투명성	14487	전항의 요건을 위배한 경우, 계약 해지·입찰 배제·과징 부과 및 형사 고발 등의 제재를 병과할 수 있다. 구체 기준과 절차는 연방 법률·황제령으로 정한다.	4단계 대상 식별·치환 대기
REF-L07817-C0098	7817	99	제26조	13	10	SRC-C13-L07812	SRC-C13-L07812	제16장 제3절 선거관리·투개표·보안·투명성	14505	에스크로 코드는 연방 선거감독청·감사원·헌법원 및 연방 법원 영장·명령에 따른 경웨 한하여 지정된 보안 시설에서 열람하게 한다. 영업비밀 보호를 전제로 하되, 공개검증성 원칙(제26조)을 해치지 아니하여야 한다.	4단계 대상 식별·치환 대기
REF-L07820-C0027	7820	28	제25조	13	10	SRC-C13-L07812	SRC-C13-L07812	제16장 제3절 선거관리·투개표·보안·투명성	14508	빌드·해시·서명 규칙 및 공개 범위·열람 절차는 제25조(기술·규격 고시)에 따라 연방 선거감독청 고시로 정한다.	4단계 대상 식별·치환 대기
REF-L08033-C0025	8033	26	제47조	13	20-2	SRC-C13-L08031	SRC-C13-L08031	제16장 제3절 선거관리·투개표·보안·투명성	14543	연방선거주간은 매년 6월 둘째 주에 실시하며(제47조 제1항 참조), 본 조 및 제20조의3에 따른 표준 48시간 투표주간으로 편성한다. 모든 시각 표기는 연방 표준시로 한다(제39조 참조).	4단계 대상 식별·치환 대기
REF-L08033-C0030	8033	31	제1항	13	20-2	SRC-C13-L08031	SRC-C13-L08031	제16장 제3절 선거관리·투개표·보안·투명성	14543	연방선거주간은 매년 6월 둘째 주에 실시하며(제47조 제1항 참조), 본 조 및 제20조의3에 따른 표준 48시간 투표주간으로 편성한다. 모든 시각 표기는 연방 표준시로 한다(제39조 참조).	4단계 대상 식별·치환 대기
REF-L08033-C0039	8033	40	본 조	13	20-2	SRC-C13-L08031	SRC-C13-L08031	제16장 제3절 선거관리·투개표·보안·투명성	14543	연방선거주간은 매년 6월 둘째 주에 실시하며(제47조 제1항 참조), 본 조 및 제20조의3에 따른 표준 48시간 투표주간으로 편성한다. 모든 시각 표기는 연방 표준시로 한다(제39조 참조).	4단계 대상 식별·치환 대기
REF-L08033-C0045	8033	46	제20조의3	13	20-2	SRC-C13-L08031	SRC-C13-L08031	제16장 제3절 선거관리·투개표·보안·투명성	14543	연방선거주간은 매년 6월 둘째 주에 실시하며(제47조 제1항 참조), 본 조 및 제20조의3에 따른 표준 48시간 투표주간으로 편성한다. 모든 시각 표기는 연방 표준시로 한다(제39조 참조).	4단계 대상 식별·치환 대기
REF-L08033-C0098	8033	99	제39조	13	20-2	SRC-C13-L08031	SRC-C13-L08031	제16장 제3절 선거관리·투개표·보안·투명성	14543	연방선거주간은 매년 6월 둘째 주에 실시하며(제47조 제1항 참조), 본 조 및 제20조의3에 따른 표준 48시간 투표주간으로 편성한다. 모든 시각 표기는 연방 표준시로 한다(제39조 참조).	4단계 대상 식별·치환 대기
REF-L08036-C0003	8036	4	각 호	13	20-2	SRC-C13-L08031	SRC-C13-L08031	제16장 제3절 선거관리·투개표·보안·투명성	14546	다음 각 호의 표준 투표주간을 적용한다. 서로 중첩되는 시간대는 동시에 개방하며, 유권자는 개방된 주간 내에서 해당 사안(선거·투표)을 각 1회씩 투표할 수 있다.	4단계 대상 식별·치환 대기
REF-L08041-C0049	8041	50	제20조의3	13	20-2	SRC-C13-L08031	SRC-C13-L08031	제16장 제3절 선거관리·투개표·보안·투명성	14551	5. 신민투표(일반 사안): 금 00:00 ~ 토 23:59, 중대·헌법 사안의 연장은 제20조의3 제2항 제5호에 따른다.	4단계 대상 식별·치환 대기
REF-L08041-C0056	8041	57	제2항	13	20-2	SRC-C13-L08031	SRC-C13-L08031	제16장 제3절 선거관리·투개표·보안·투명성	14551	5. 신민투표(일반 사안): 금 00:00 ~ 토 23:59, 중대·헌법 사안의 연장은 제20조의3 제2항 제5호에 따른다.	4단계 대상 식별·치환 대기
REF-L08041-C0060	8041	61	제5호	13	20-2	SRC-C13-L08031	SRC-C13-L08031	제16장 제3절 선거관리·투개표·보안·투명성	14551	5. 신민투표(일반 사안): 금 00:00 ~ 토 23:59, 중대·헌법 사안의 연장은 제20조의3 제2항 제5호에 따른다.	4단계 대상 식별·치환 대기
REF-L08047-C0011	8047	12	제20조	13	20-2	SRC-C13-L08031	SRC-C13-L08031	제16장 제3절 선거관리·투개표·보안·투명성	14557	사전투표는 불허한다(제20조 제1항 단서). 무든 투표는 본투표 주간에서 실시하되, 재외·전자·우편·특수 투표는 제20조의4의 예외 요건을 갖춘 경우에만 허용한다.	4단계 대상 식별·치환 대기
REF-L08047-C0016	8047	17	제1항	13	20-2	SRC-C13-L08031	SRC-C13-L08031	제16장 제3절 선거관리·투개표·보안·투명성	14557	사전투표는 불허한다(제20조 제1항 단서). 무든 투표는 본투표 주간에서 실시하되, 재외·전자·우편·특수 투표는 제20조의4의 예외 요건을 갖춘 경우에만 허용한다.	4단계 대상 식별·치환 대기
REF-L08047-C0063	8047	64	제20조의4	13	20-2	SRC-C13-L08031	SRC-C13-L08031	제16장 제3절 선거관리·투개표·보안·투명성	14557	사전투표는 불허한다(제20조 제1항 단서). 무든 투표는 본투표 주간에서 실시하되, 재외·전자·우편·특수 투표는 제20조의4의 예외 요건을 갖춘 경우에만 허용한다.	4단계 대상 식별·치환 대기
REF-L08050-C0043	8050	44	제25조	13	20-2	SRC-C13-L08031	SRC-C13-L08031	제16장 제3절 선거관리·투개표·보안·투명성	14560	표준 투표용지·장비·운영 체크리스트·RNG 시드 이벤트 로그의 형식과 공개는 제25조(기술·규격 고시)와 연방 선거감독청 고시, QF/QF-SEC에 따른다.	4단계 대상 식별·치환 대기
REF-L08057-C0003	8057	4	각 호	13	20-3	SRC-C13-L08052	SRC-C13-L08052	제16장 제3절 선거관리·투개표·보안·투명성	14577	다음 각 호의 사유에 있는 경우, JICC의 의결과 연방 선거감독청장의 재가로 연장·중단·재실시를 결정할 수 있다. 세부 요건·범위·절차는 연방 법률·황제령으로 정한다.	4단계 대상 식별·치환 대기
REF-L08061-C0011	8061	12	제20조의5	13	20-3	SRC-C13-L08052	SRC-C13-L08052	제16장 제3절 선거관리·투개표·보안·투명성	14581	4. 무효율 트리거(제20조의5) 발동으로 인한 전면 점검 필요	4단계 대상 식별·치환 대기
REF-L08075-C0047	8075	48	본 조	13	20-4	SRC-C13-L08073	SRC-C13-L08073	제16장 제3절 선거관리·투개표·보안·투명성	14605	모든 선거는 연방선거주간(FEW)의 표준 48시간 주간 내 현장 본투표로 실시한다. 본 조는 예외적 방식의 최소한의 요건을 정한다.	4단계 대상 식별·치환 대기
REF-L08078-C0003	8078	4	각 호	13	20-4	SRC-C13-L08073	SRC-C13-L08073	제16장 제3절 선거관리·투개표·보안·투명성	14608	다음 각 호의 경우에 한하여 재외·전자·우편·특수 투표를 허용한다. 구체 범위·증빙·절차는 연방 법률·황제령으로 정한다.	4단계 대상 식별·치환 대기
REF-L08087-C0000	8087	1	전항	13	20-4	SRC-C13-L08073	SRC-C13-L08073	제16장 제3절 선거관리·투개표·보안·투명성	14617	전항의 예외는 인지능력 보유자에 한한다(보조공학·대필·대리투표 금지). 접근성 지원은 제3조 제1항 제5호의 표준에 따른다.	4단계 대상 식별·치환 대기
REF-L08087-C0048	8087	49	제3조	13	20-4	SRC-C13-L08073	SRC-C13-L08073	제16장 제3절 선거관리·투개표·보안·투명성	14617	전항의 예외는 인지능력 보유자에 한한다(보조공학·대필·대리투표 금지). 접근성 지원은 제3조 제1항 제5호의 표준에 따른다.	4단계 대상 식별·치환 대기
REF-L08087-C0052	8087	53	제1항	13	20-4	SRC-C13-L08073	SRC-C13-L08073	제16장 제3절 선거관리·투개표·보안·투명성	14617	전항의 예외는 인지능력 보유자에 한한다(보조공학·대필·대리투표 금지). 접근성 지원은 제3조 제1항 제5호의 표준에 따른다.	4단계 대상 식별·치환 대기
REF-L08087-C0056	8087	57	제5호	13	20-4	SRC-C13-L08073	SRC-C13-L08073	제16장 제3절 선거관리·투개표·보안·투명성	14617	전항의 예외는 인지능력 보유자에 한한다(보조공학·대필·대리투표 금지). 접근성 지원은 제3조 제1항 제5호의 표준에 따른다.	4단계 대상 식별·치환 대기
REF-L08090-C0062	8090	63	제21조	13	20-4	SRC-C13-L08073	SRC-C13-L08073	제16장 제3절 선거관리·투개표·보안·투명성	14620	재외투표는 투표시간 종료 시까지 투표함의 개봉·이동을 금지한다. 종료 즉시, 현지에서 공개적으로 단표 개표한다(제21조 제1항 참조).	4단계 대상 식별·치환 대기
REF-L08090-C0067	8090	68	제1항	13	20-4	SRC-C13-L08073	SRC-C13-L08073	제16장 제3절 선거관리·투개표·보안·투명성	14620	재외투표는 투표시간 종료 시까지 투표함의 개봉·이동을 금지한다. 종료 즉시, 현지에서 공개적으로 단표 개표한다(제21조 제1항 참조).	4단계 대상 식별·치환 대기
REF-L08099-C0064	8099	65	제2조	13	20-4	SRC-C13-L08073	SRC-C13-L08073	제16장 제3절 선거관리·투개표·보안·투명성	14629	M-READER/M-SEAL/MSG/MPS 등 인증 장비·재료의 규격 인증·교정·감사는 연방 선거감독청이 수행한다(제2조 제3항 참조).	4단계 대상 식별·치환 대기
REF-L08099-C0068	8099	69	제3항	13	20-4	SRC-C13-L08073	SRC-C13-L08073	제16장 제3절 선거관리·투개표·보안·투명성	14629	M-READER/M-SEAL/MSG/MPS 등 인증 장비·재료의 규격 인증·교정·감사는 연방 선거감독청이 수행한다(제2조 제3항 참조).	4단계 대상 식별·치환 대기
REF-L08102-C0066	8102	67	제25조	13	20-4	SRC-C13-L08073	SRC-C13-L08073	제16장 제3절 선거관리·투개표·보안·투명성	14632	코팅·서명에 참여하는 선거관리인·정당 대리자·신민 참관인의 무작위 선정 시드의 공개 시점·방식은 연방 법률·황제령 및 제25조에 따른다.	4단계 대상 식별·치환 대기
REF-L08105-C0047	8105	48	제38조	13	20-4	SRC-C13-L08073	SRC-C13-L08073	제16장 제3절 선거관리·투개표·보안·투명성	14635	오염·판독 불능 등 기기 사유로 인한 무효 판단은 제33를 따르고, 부정·위·변조는 제38조(형사특례)를 적용한다.	4단계 대상 식별·치환 대기
REF-L08108-C0000	8108	1	전항	13	20-4	SRC-C13-L08073	SRC-C13-L08073	제16장 제3절 선거관리·투개표·보안·투명성	14638	전항의 예외 사유에 해당하는 경우 증빙자료 제출을 의무화하며, 자료는 선거일로부터 5년 이상 보관한다. 전자관보에는 비식별 처리된 범위에서 요지를 공시하고, 상세는 QF-SEC로 별도 보관한다. 세부 형식·목록·열람권은 연방 법률·황제령 및 연방 선거감독청 고시로 정한다.	4단계 대상 식별·치환 대기
REF-L08146-C0000	8146	1	전항	13	21-2	SRC-C13-L08141	SRC-C13-L08141	제16장 제3절 선거관리·투개표·보안·투명성	14675	전항의 데이터는 투표의 비밀과 개인식별 정보를 침해하지 아니하는 범위에서 익명화·집계하여 공개할 수 있다. 데이터의 보존 기간, 익명화 수준 및 공개 방식은 제15장`(정보)`의 원칙에 따라 연방 법률·황제령으로 정한다.	4단계 대상 식별·치환 대기
REF-L08146-C0088	8146	89	제15장	13	21-2	SRC-C13-L08141	SRC-C13-L08141	제16장 제3절 선거관리·투개표·보안·투명성	14675	전항의 데이터는 투표의 비밀과 개인식별 정보를 침해하지 아니하는 범위에서 익명화·집계하여 공개할 수 있다. 데이터의 보존 기간, 익명화 수준 및 공개 방식은 제15장`(정보)`의 원칙에 따라 연방 법률·황제령으로 정한다.	4단계 대상 식별·치환 대기
REF-L08149-C0011	8149	12	제1항	13	21-2	SRC-C13-L08141	SRC-C13-L08141	제16장 제3절 선거관리·투개표·보안·투명성	14678	연방과 자치단위는 `제1항`의 데이터를 선거제도 개선, 정책 평가, 학술 연구에 활용할 수 있다. 이 경우 연구 목적의 접근은 공정한 절차에 따라 허용되어야 하며, 데이터 오용·재식별을 방지하기 위한 안전조치를 갖추어야 한다.	4단계 대상 식별·치환 대기
REF-L08164-C0000	8164	1	본 절	13	23	SRC-C13-L08162	SRC-C13-L08162	제16장 제3절 선거관리·투개표·보안·투명성	14694	본 절의 시행애 필요한 세부 기준·절차·서식·기술 표준은 연방 법률·황제령 및 연방 선거감독청 고시로 정한다.	4단계 대상 식별·치환 대기
REF-L08175-C0018	8175	19	각 호	13	24	SRC-C13-L08170	SRC-C13-L08170	제16장 제3절 선거관리·투개표·보안·투명성	14712	선거에 관한 규범의 계층은 다음 각 호의 순서를 따른다.	4단계 대상 식별·치환 대기
REF-L08181-C0003	8181	4	각 호	13	24	SRC-C13-L08170	SRC-C13-L08170	제16장 제3절 선거관리·투개표·보안·투명성	14718	다음 각 호에 해당하는 사항은 연방 법률·황제령으로만 정하며, 연방 또는 지방의 행정명령·규칙 자치단위 규범에 전면 위임할 수 없다.	4단계 대상 식별·치환 대기
REF-L08188-C0037	8188	38	제25조	13	24	SRC-C13-L08170	SRC-C13-L08170	제16장 제3절 선거관리·투개표·보안·투명성	14725	고시는 사전 통지·의견수렴·시행유예를 거쳐 고시한다. 긴급 고시는 제25조 제5항을 따른다.	4단계 대상 식별·치환 대기
REF-L08188-C0042	8188	43	제5항	13	24	SRC-C13-L08170	SRC-C13-L08170	제16장 제3절 선거관리·투개표·보안·투명성	14725	고시는 사전 통지·의견수렴·시행유예를 거쳐 고시한다. 긴급 고시는 제25조 제5항을 따른다.	4단계 대상 식별·치환 대기
REF-L08191-C0086	8191	87	각 호	13	24	SRC-C13-L08170	SRC-C13-L08170	제16장 제3절 선거관리·투개표·보안·투명성	14728	선거와 관련된 본질적 사항에 관하여 목적, 범위, 기본 기준을 명시하지 아니하고 전면적·포괄적으로 위임하는 규정은 무효로 한다. 위임 규정은 최소한 다음 각 호의 요소를 명시하여야 한다.	4단계 대상 식별·치환 대기
REF-L08225-C0049	8225	50	제25조	13	26	SRC-C13-L08223	SRC-C13-L08223	제16장 제3절 선거관리·투개표·보안·투명성	14782	핵심 장비·소프트웨어는 공개 검증성을 갖추어야 한다. 최소 공개 범위·방법·보안 한계는 제25조 및 연방 선거감독청 고시로 정한다.	4단계 대상 식별·치환 대기
REF-L08366-C0000	8366	1	본 장	13	39	SRC-C13-L08364	SRC-C13-L08364	제16장 제3절 선거관리·투개표·보안·투명성	14922	본 장의 시간표기는 하루는 24시간이라는 기준을 사용한다.	4단계 대상 식별·치환 대기
REF-L08398-C0030	8398	31	제13조	13	41	SRC-C13-L08393	SRC-C13-L08393	제16장 제4절 최고평의회 의장·부의장 선거	14954	본 선거는 보통·평등·직접·비밀·자유의 원칙에 따른다(제13조 제1항 참조). FEW(연방선거주간) 내 표준 48시간 주간(제20조의2) 및 조정 규칙(제20조의3)을 적용한다.	4단계 대상 식별·치환 대기
REF-L08398-C0035	8398	36	제1항	13	41	SRC-C13-L08393	SRC-C13-L08393	제16장 제4절 최고평의회 의장·부의장 선거	14954	본 선거는 보통·평등·직접·비밀·자유의 원칙에 따른다(제13조 제1항 참조). FEW(연방선거주간) 내 표준 48시간 주간(제20조의2) 및 조정 규칙(제20조의3)을 적용한다.	4단계 대상 식별·치환 대기
REF-L08398-C0069	8398	70	제20조의2	13	41	SRC-C13-L08393	SRC-C13-L08393	제16장 제4절 최고평의회 의장·부의장 선거	14954	본 선거는 보통·평등·직접·비밀·자유의 원칙에 따른다(제13조 제1항 참조). FEW(연방선거주간) 내 표준 48시간 주간(제20조의2) 및 조정 규칙(제20조의3)을 적용한다.	4단계 대상 식별·치환 대기
REF-L08398-C0085	8398	86	제20조의3	13	41	SRC-C13-L08393	SRC-C13-L08393	제16장 제4절 최고평의회 의장·부의장 선거	14954	본 선거는 보통·평등·직접·비밀·자유의 원칙에 따른다(제13조 제1항 참조). FEW(연방선거주간) 내 표준 48시간 주간(제20조의2) 및 조정 규칙(제20조의3)을 적용한다.	4단계 대상 식별·치환 대기
REF-L08407-C0020	8407	21	제16조	13	42	SRC-C13-L08405	SRC-C13-L08405	제16장 제4절 최고평의회 의장·부의장 선거	14972	후보조(의장·부의장)는 ICX 유효(제16조) 및 JSA 합격(제19조)을 요한다.	4단계 대상 식별·치환 대기
REF-L08407-C0035	8407	36	제19조	13	42	SRC-C13-L08405	SRC-C13-L08405	제16장 제4절 최고평의회 의장·부의장 선거	14972	후보조(의장·부의장)는 ICX 유효(제16조) 및 JSA 합격(제19조)을 요한다.	4단계 대상 식별·치환 대기
REF-L08410-C0034	8410	35	제1절	13	42	SRC-C13-L08405	SRC-C13-L08405	제16장 제4절 최고평의회 의장·부의장 선거	14975	후보 등록·검증·결격 판단·공고는 후보자등록위원회가 관장한다(제1절 제3조 제2항 제2호 참조).	4단계 대상 식별·치환 대기
REF-L08410-C0038	8410	39	제3조	13	42	SRC-C13-L08405	SRC-C13-L08405	제16장 제4절 최고평의회 의장·부의장 선거	14975	후보 등록·검증·결격 판단·공고는 후보자등록위원회가 관장한다(제1절 제3조 제2항 제2호 참조).	4단계 대상 식별·치환 대기
REF-L08410-C0042	8410	43	제2항	13	42	SRC-C13-L08405	SRC-C13-L08405	제16장 제4절 최고평의회 의장·부의장 선거	14975	후보 등록·검증·결격 판단·공고는 후보자등록위원회가 관장한다(제1절 제3조 제2항 제2호 참조).	4단계 대상 식별·치환 대기
REF-L08410-C0046	8410	47	제2호	13	42	SRC-C13-L08405	SRC-C13-L08405	제16장 제4절 최고평의회 의장·부의장 선거	14975	후보 등록·검증·결격 판단·공고는 후보자등록위원회가 관장한다(제1절 제3조 제2항 제2호 참조).	4단계 대상 식별·치환 대기
REF-L08428-C0058	8428	59	제3조의1	13	44	SRC-C13-L08426	SRC-C13-L08426	제16장 제4절 최고평의회 의장·부의장 선거	15011	연방 최고평의회 의장·부의장의 임기·연속 재임 제한·휴임 기간·승계·공석 보충은 해당 기관을 서술한 장(제3조의1~4 참조)을 따른다.	4단계 대상 식별·치환 대기
REF-L08448-C0075	8448	76	제13장	13	45	SRC-C13-L08434	SRC-C13-L08434	제16장 제5절 상원·하원 선거	15040	임기 개시·종료일, 보궐·재선거, 선거 효력의 확정·공표, 당선인 결정·등록 절차의 기준은 연방 법률·황제령으로 정한다. 관리·집행은 제13장(선거기관)에 따른다.	4단계 대상 식별·치환 대기
REF-L08521-C0050	8521	51	제13장	13	50	SRC-C13-L08510	SRC-C13-L08510	제16장 제5절 상원·하원 선거	15129	연방 상원의회 선거의 명부 유형(폐쇠·개방·준개방 등)과 개인득표 반영 임계값 등 세부는 제13장(선거) 및 연방 선거에 관한 연방 법률·황제령으로 정한다.	4단계 대상 식별·치환 대기
REF-L08530-C0052	8530	53	본 장	13	50	SRC-C13-L08510	SRC-C13-L08510	제16장 제5절 상원·하원 선거	15138	공석 발생 시 동일 명부 차순을 우선 승계하고, 명부가 고갈된 경우 권역 차점순으로 승계한다(본 장 제52조 참조).	4단계 대상 식별·치환 대기
REF-L08530-C0056	8530	57	제52조	13	50	SRC-C13-L08510	SRC-C13-L08510	제16장 제5절 상원·하원 선거	15138	공석 발생 시 동일 명부 차순을 우선 승계하고, 명부가 고갈된 경우 권역 차점순으로 승계한다(본 장 제52조 참조).	4단계 대상 식별·치환 대기
REF-L08533-C0055	8533	56	본 장	13	50	SRC-C13-L08510	SRC-C13-L08510	제16장 제5절 상원·하원 선거	15141	연방 상원의 1/3 갱신 제도 운용과 권역 대표성의 연속성 확보를 위한 세부는 연방 법률로 정한다(본 장 제21조 참조).	4단계 대상 식별·치환 대기
REF-L08533-C0059	8533	60	제21조	13	50	SRC-C13-L08510	SRC-C13-L08510	제16장 제5절 상원·하원 선거	15141	연방 상원의 1/3 갱신 제도 운용과 권역 대표성의 연속성 확보를 위한 세부는 연방 법률로 정한다(본 장 제21조 참조).	4단계 대상 식별·치환 대기
REF-L08548-C0036	8548	37	본 장	13	52	SRC-C13-L08546	SRC-C13-L08546	제16장 제5절 상원·하원 선거	15175	연방 의원의 사망·사퇴·자격상실형 확정·당선무효·겸직금지 위반, 본 장 제25조에 따른 피선거권 박탈 처분의 통지 및 기타 연방 법률·황제령이 정하는 사유로 공석이 발생한 때에는, 그 시점에서 공석이 즉시 확정된다. 각 원은 지체 없이 이를 통지·공고하고 본 조 제2-6항의 절차를 개시한다.	4단계 대상 식별·치환 대기
REF-L08548-C0040	8548	41	제25조	13	52	SRC-C13-L08546	SRC-C13-L08546	제16장 제5절 상원·하원 선거	15175	연방 의원의 사망·사퇴·자격상실형 확정·당선무효·겸직금지 위반, 본 장 제25조에 따른 피선거권 박탈 처분의 통지 및 기타 연방 법률·황제령이 정하는 사유로 공석이 발생한 때에는, 그 시점에서 공석이 즉시 확정된다. 각 원은 지체 없이 이를 통지·공고하고 본 조 제2-6항의 절차를 개시한다.	4단계 대상 식별·치환 대기
REF-L08548-C0143	8548	144	본 조	13	52	SRC-C13-L08546	SRC-C13-L08546	제16장 제5절 상원·하원 선거	15175	연방 의원의 사망·사퇴·자격상실형 확정·당선무효·겸직금지 위반, 본 장 제25조에 따른 피선거권 박탈 처분의 통지 및 기타 연방 법률·황제령이 정하는 사유로 공석이 발생한 때에는, 그 시점에서 공석이 즉시 확정된다. 각 원은 지체 없이 이를 통지·공고하고 본 조 제2-6항의 절차를 개시한다.	4단계 대상 식별·치환 대기
REF-L08554-C0000	8554	1	본 조	13	52	SRC-C13-L08546	SRC-C13-L08546	제16장 제5절 상원·하원 선거	15181	본 조 제2항의 차점자 결정에 동수 득표가 있는 때에는, 동수 득표자 간 결선투표를 실시하여 승계 순위를 확정한다. 결선에서도 동수인 경우에는 연방 황제가 해당 결선 후보 중에서 승계자를 지명한다.	4단계 대상 식별·치환 대기
REF-L08554-C0004	8554	5	제2항	13	52	SRC-C13-L08546	SRC-C13-L08546	제16장 제5절 상원·하원 선거	15181	본 조 제2항의 차점자 결정에 동수 득표가 있는 때에는, 동수 득표자 간 결선투표를 실시하여 승계 순위를 확정한다. 결선에서도 동수인 경우에는 연방 황제가 해당 결선 후보 중에서 승계자를 지명한다.	4단계 대상 식별·치환 대기
REF-L08560-C0000	8560	1	본 장	13	52	SRC-C13-L08546	SRC-C13-L08546	제16장 제5절 상원·하원 선거	15187	본 장 제2항 및 제4항 차점 승계가 불가능하거나, 선거 전체의 무효·권역/선거구 중대 경계 변경 등으로 인한 경우에는, 연방 선거감독청이 연방 법률이 정하는 바에 따라 보궐 또는 재선거를 실시한다.	4단계 대상 식별·치환 대기
REF-L08560-C0004	8560	5	제2항	13	52	SRC-C13-L08546	SRC-C13-L08546	제16장 제5절 상원·하원 선거	15187	본 장 제2항 및 제4항 차점 승계가 불가능하거나, 선거 전체의 무효·권역/선거구 중대 경계 변경 등으로 인한 경우에는, 연방 선거감독청이 연방 법률이 정하는 바에 따라 보궐 또는 재선거를 실시한다.	4단계 대상 식별·치환 대기
REF-L08560-C0010	8560	11	제4항	13	52	SRC-C13-L08546	SRC-C13-L08546	제16장 제5절 상원·하원 선거	15187	본 장 제2항 및 제4항 차점 승계가 불가능하거나, 선거 전체의 무효·권역/선거구 중대 경계 변경 등으로 인한 경우에는, 연방 선거감독청이 연방 법률이 정하는 바에 따라 보궐 또는 재선거를 실시한다.	4단계 대상 식별·치환 대기
REF-L08651-C0021	8651	22	각 호	13	58	SRC-C13-L08649	SRC-C13-L08649	제16장 제5절 상원·하원 선거	15205	연방 상·하원 의원의 피선거권은 다음 각 호를 모두 충족한 자에 한한다.	4단계 대상 식별·치환 대기
REF-L08670-C0046	8670	47	본 장	13	60	SRC-C13-L08668	SRC-C13-L08668	제16장 제6절 자치단위·기타 헌정선거	15228	제국도교 대리대표자는 연방과 제국도교 간의 연계·조정 업무를 수행하는 공직으로서, 본 장에 따른 선거로 선출한다.	4단계 대상 식별·치환 대기
REF-L08673-C0038	8673	39	제45조	13	60	SRC-C13-L08668	SRC-C13-L08668	제16장 제6절 자치단위·기타 헌정선거	15231	임기는 3년으로 하며, 연방 의회 총선거와 동일한 선거기에 실시한다(제45조 제2항, 제20조의3 참조).	4단계 대상 식별·치환 대기
REF-L08673-C0043	8673	44	제2항	13	60	SRC-C13-L08668	SRC-C13-L08668	제16장 제6절 자치단위·기타 헌정선거	15231	임기는 3년으로 하며, 연방 의회 총선거와 동일한 선거기에 실시한다(제45조 제2항, 제20조의3 참조).	4단계 대상 식별·치환 대기
REF-L08673-C0048	8673	49	제20조의3	13	60	SRC-C13-L08668	SRC-C13-L08668	제16장 제6절 자치단위·기타 헌정선거	15231	임기는 3년으로 하며, 연방 의회 총선거와 동일한 선거기에 실시한다(제45조 제2항, 제20조의3 참조).	4단계 대상 식별·치환 대기
REF-L08676-C0013	8676	14	제12조의2	13	60	SRC-C13-L08668	SRC-C13-L08668	제16장 제6절 자치단위·기타 헌정선거	15234	피선거권은 ICX 유효(제12조의2), JSA 합격(제13조의2)을 요한다. 겸직 제한·이해충돌은 제13조·제11조를 준용한다.	4단계 대상 식별·치환 대기
REF-L08676-C0029	8676	30	제13조의2	13	60	SRC-C13-L08668	SRC-C13-L08668	제16장 제6절 자치단위·기타 헌정선거	15234	피선거권은 ICX 유효(제12조의2), JSA 합격(제13조의2)을 요한다. 겸직 제한·이해충돌은 제13조·제11조를 준용한다.	4단계 대상 식별·치환 대기
REF-L08676-C0055	8676	56	제13조	13	60	SRC-C13-L08668	SRC-C13-L08668	제16장 제6절 자치단위·기타 헌정선거	15234	피선거권은 ICX 유효(제12조의2), JSA 합격(제13조의2)을 요한다. 겸직 제한·이해충돌은 제13조·제11조를 준용한다.	4단계 대상 식별·치환 대기
REF-L08676-C0060	8676	61	제11조	13	60	SRC-C13-L08668	SRC-C13-L08668	제16장 제6절 자치단위·기타 헌정선거	15234	피선거권은 ICX 유효(제12조의2), JSA 합격(제13조의2)을 요한다. 겸직 제한·이해충돌은 제13조·제11조를 준용한다.	4단계 대상 식별·치환 대기
REF-L08688-C0021	8688	22	제12조	13	61	SRC-C13-L08680	SRC-C13-L08680	제16장 제6절 자치단위·기타 헌정선거	15255	선거권자 범위·명단 정비·등록 절차는 제12조를 준용하되, 제국도교 신분증명·등록기준과의 연계를 위한 특례를 둘 수 있으며, 세부는 연방 법률·황제령에 따른다.	4단계 대상 식별·치환 대기
REF-L08694-C0061	8694	62	제14조	13	62	SRC-C13-L08692	SRC-C13-L08692	제16장 제6절 자치단위·기타 헌정선거	15270	초안 공표 후 30일 내에 의견을 수렴하여 10일 이내에 확정한다. 공청회·최종(관보)고시·불복·재심 절차는 제14조·제49조·제51조의 원칙을 준용한다.	4단계 대상 식별·치환 대기
REF-L08694-C0066	8694	67	제49조	13	62	SRC-C13-L08692	SRC-C13-L08692	제16장 제6절 자치단위·기타 헌정선거	15270	초안 공표 후 30일 내에 의견을 수렴하여 10일 이내에 확정한다. 공청회·최종(관보)고시·불복·재심 절차는 제14조·제49조·제51조의 원칙을 준용한다.	4단계 대상 식별·치환 대기
REF-L08694-C0071	8694	72	제51조	13	62	SRC-C13-L08692	SRC-C13-L08692	제16장 제6절 자치단위·기타 헌정선거	15270	초안 공표 후 30일 내에 의견을 수렴하여 10일 이내에 확정한다. 공청회·최종(관보)고시·불복·재심 절차는 제14조·제49조·제51조의 원칙을 준용한다.	4단계 대상 식별·치환 대기
REF-L08714-C0000	8714	1	본 장	13	64	SRC-C13-L08709	SRC-C13-L08709	제16장 제6절 자치단위·기타 헌정선거	15307	본 장의 공통 규정(제1·2절)과 연방선거주간(FEW) 표준 48시간 투표 시간을 따른다. 실거주 5년 요건은 제17조 제1항 제2호 후단을 따른다.	4단계 대상 식별·치환 대기
REF-L08714-C0062	8714	63	제17조	13	64	SRC-C13-L08709	SRC-C13-L08709	제16장 제6절 자치단위·기타 헌정선거	15307	본 장의 공통 규정(제1·2절)과 연방선거주간(FEW) 표준 48시간 투표 시간을 따른다. 실거주 5년 요건은 제17조 제1항 제2호 후단을 따른다.	4단계 대상 식별·치환 대기
REF-L08714-C0067	8714	68	제1항	13	64	SRC-C13-L08709	SRC-C13-L08709	제16장 제6절 자치단위·기타 헌정선거	15307	본 장의 공통 규정(제1·2절)과 연방선거주간(FEW) 표준 48시간 투표 시간을 따른다. 실거주 5년 요건은 제17조 제1항 제2호 후단을 따른다.	4단계 대상 식별·치환 대기
REF-L08714-C0071	8714	72	제2호	13	64	SRC-C13-L08709	SRC-C13-L08709	제16장 제6절 자치단위·기타 헌정선거	15307	본 장의 공통 규정(제1·2절)과 연방선거주간(FEW) 표준 48시간 투표 시간을 따른다. 실거주 5년 요건은 제17조 제1항 제2호 후단을 따른다.	4단계 대상 식별·치환 대기
REF-L08723-C0024	8723	25	제11조	13	65	SRC-C13-L08718	SRC-C13-L08718	제16장 제6절 자치단위·기타 헌정선거	15325	의석 정수·획정·편차허용범위·공청회·고시는 제11조·제22조의2의 원칙을 준용한다.	4단계 대상 식별·치환 대기
REF-L08723-C0029	8723	30	제22조의2	13	65	SRC-C13-L08718	SRC-C13-L08718	제16장 제6절 자치단위·기타 헌정선거	15325	의석 정수·획정·편차허용범위·공청회·고시는 제11조·제22조의2의 원칙을 준용한다.	4단계 대상 식별·치환 대기
REF-L08732-C0040	8732	41	제48조	13	66	SRC-C13-L08727	SRC-C13-L08727	제16장 제6절 자치단위·기타 헌정선거	15343	유효 과반 득표자가 없으면 상위 2인 결선투표를 진행한다. 동수의 경우 제48조의 제4항을 준용한다.	4단계 대상 식별·치환 대기
REF-L08732-C0046	8732	47	제4항	13	66	SRC-C13-L08727	SRC-C13-L08727	제16장 제6절 자치단위·기타 헌정선거	15343	유효 과반 득표자가 없으면 상위 2인 결선투표를 진행한다. 동수의 경우 제48조의 제4항을 준용한다.	4단계 대상 식별·치환 대기
REF-L08741-C0038	8741	39	본 장	13	67	SRC-C13-L08736	SRC-C13-L08736	제16장 제6절 자치단위·기타 헌정선거	15362	자치단위 내 선거관리(유사기구 포함)에 관한 기구가 있는 경우에도, 본 장의 감사·검증·RLA·COC·QF·QF-SEC·API 표준을 우선 적용한다.	4단계 대상 식별·치환 대기
REF-L08747-C0053	8747	54	본 장	13	68	SRC-C13-L08745	SRC-C13-L08745	제16장 제6절 자치단위·기타 헌정선거	15378	자치단위 소환·해임·자치투표의 원칙·절차·효력은 연방 법률 및 연방 자치단위의 내규로 정하되, 본 장의 투명성·검증·보안 원칙을 따라야 한다.	4단계 대상 식별·치환 대기
REF-L08758-C0064	8758	65	제14장	13	69	SRC-C13-L08756	SRC-C13-L08756	제16장 제7절 신민투표·신민발안·청원	15398	신민투표는 원칙적으로 연방선거주간(FEW) 내에 실시한다. 다만, 헌법 개정에 관한 긴급 사안 신민투표에 관하여는 제14장`(개헌)`에 정한 바를 따른다.	4단계 대상 식별·치환 대기
REF-L08764-C0049	8764	50	제20조의3	13	69	SRC-C13-L08756	SRC-C13-L08756	제16장 제7절 신민투표·신민발안·청원	15404	중대·헌법 사안에 한아여 연방선거주간 내 일요일 23:59까지 연장할 수 있다. 연장은 제20조의3 제2항 제5호에 따른다.	4단계 대상 식별·치환 대기
REF-L08764-C0056	8764	57	제2항	13	69	SRC-C13-L08756	SRC-C13-L08756	제16장 제7절 신민투표·신민발안·청원	15404	중대·헌법 사안에 한아여 연방선거주간 내 일요일 23:59까지 연장할 수 있다. 연장은 제20조의3 제2항 제5호에 따른다.	4단계 대상 식별·치환 대기
REF-L08764-C0060	8764	61	제5호	13	69	SRC-C13-L08756	SRC-C13-L08756	제16장 제7절 신민투표·신민발안·청원	15404	중대·헌법 사안에 한아여 연방선거주간 내 일요일 23:59까지 연장할 수 있다. 연장은 제20조의3 제2항 제5호에 따른다.	4단계 대상 식별·치환 대기
REF-L08913-C0007	8913	8	제1장	13	79	SRC-C13-L08905	SRC-C13-L08905	제16장 제7절 신민투표·신민발안·청원	15429	연방 신민은 제1장`(권리장전)` 및 제6장`(입법)`에서 정한 바에 따라 입법, 정책, 헌법 개정에 관한 신민발안을 할 수 있다. 신민발안의 요건, 절차, 효력은 본 장과 제6장`(입법)` 및 제14장`(개헌)`의 규정을 종합하여 해석한다.	4단계 대상 식별·치환 대기
REF-L08913-C0021	8913	22	제6장	13	79	SRC-C13-L08905	SRC-C13-L08905	제16장 제7절 신민투표·신민발안·청원	15429	연방 신민은 제1장`(권리장전)` 및 제6장`(입법)`에서 정한 바에 따라 입법, 정책, 헌법 개정에 관한 신민발안을 할 수 있다. 신민발안의 요건, 절차, 효력은 본 장과 제6장`(입법)` 및 제14장`(개헌)`의 규정을 종합하여 해석한다.	4단계 대상 식별·치환 대기
REF-L08913-C0092	8913	93	본 장	13	79	SRC-C13-L08905	SRC-C13-L08905	제16장 제7절 신민투표·신민발안·청원	15429	연방 신민은 제1장`(권리장전)` 및 제6장`(입법)`에서 정한 바에 따라 입법, 정책, 헌법 개정에 관한 신민발안을 할 수 있다. 신민발안의 요건, 절차, 효력은 본 장과 제6장`(입법)` 및 제14장`(개헌)`의 규정을 종합하여 해석한다.	4단계 대상 식별·치환 대기
REF-L08913-C0097	8913	98	제6장	13	79	SRC-C13-L08905	SRC-C13-L08905	제16장 제7절 신민투표·신민발안·청원	15429	연방 신민은 제1장`(권리장전)` 및 제6장`(입법)`에서 정한 바에 따라 입법, 정책, 헌법 개정에 관한 신민발안을 할 수 있다. 신민발안의 요건, 절차, 효력은 본 장과 제6장`(입법)` 및 제14장`(개헌)`의 규정을 종합하여 해석한다.	4단계 대상 식별·치환 대기
REF-L08913-C0109	8913	110	제14장	13	79	SRC-C13-L08905	SRC-C13-L08905	제16장 제7절 신민투표·신민발안·청원	15429	연방 신민은 제1장`(권리장전)` 및 제6장`(입법)`에서 정한 바에 따라 입법, 정책, 헌법 개정에 관한 신민발안을 할 수 있다. 신민발안의 요건, 절차, 효력은 본 장과 제6장`(입법)` 및 제14장`(개헌)`의 규정을 종합하여 해석한다.	4단계 대상 식별·치환 대기
REF-L08854-C0053	8854	54	제36조	13	75	SRC-C13-L08849	SRC-C13-L08849	제16장 제8절 정당·정치적 결사	15452	정당 소속 능력자는 내부 등록·교육을 이수하여야 하며, 선거기간 중 능력 사용 제한을 준수한다(제36조 준용).	4단계 대상 식별·치환 대기
REF-L08899-C0019	8899	20	제9절	13	78	SRC-C13-L08888	SRC-C13-L08888	제16장 제8절 정당·정치적 결사	15500	집행·배정·재정 관련 후속 제재는 제9절 제72·73조, 제8절 71조, 제10절 74-76조를 따른다.	4단계 대상 식별·치환 대기
REF-L08899-C0032	8899	33	제8절	13	78	SRC-C13-L08888	SRC-C13-L08888	제16장 제8절 정당·정치적 결사	15500	집행·배정·재정 관련 후속 제재는 제9절 제72·73조, 제8절 71조, 제10절 74-76조를 따른다.	4단계 대상 식별·치환 대기
REF-L08899-C0041	8899	42	제10절	13	78	SRC-C13-L08888	SRC-C13-L08888	제16장 제8절 정당·정치적 결사	15500	집행·배정·재정 관련 후속 제재는 제9절 제72·73조, 제8절 71조, 제10절 74-76조를 따른다.	4단계 대상 식별·치환 대기
REF-L08257-C0005	8257	6	제38조	13	28	SRC-C13-L08249	SRC-C13-L08249	제16장 제9절 선거운동·언론·정치자금·윤리	15547	위반 시 제38조 및 관련 법령에 따른 처벌을 병과한다.	4단계 대상 식별·치환 대기
REF-L08354-C0012	8354	13	제70조	13	37	SRC-C13-L08349	SRC-C13-L08349	제16장 제9절 선거운동·언론·정치자금·윤리	15601	편성·배분·토론구조는 제70조 및 제71조의 원칙을 따른다.	4단계 대상 식별·치환 대기
REF-L08354-C0019	8354	20	제71조	13	37	SRC-C13-L08349	SRC-C13-L08349	제16장 제9절 선거운동·언론·정치자금·윤리	15601	편성·배분·토론구조는 제70조 및 제71조의 원칙을 따른다.	4단계 대상 식별·치환 대기
REF-L08778-C0013	8778	14	제71조	13	70	SRC-C13-L08773	SRC-C13-L08773	제16장 제9절 선거운동·언론·정치자금·윤리	15638	편성·배분·토론 구조는 제71조(공영배정) 및 관련 법령에 따른다. 블랙아웃 기간(제27조·제28조)과 충돌하지 않도록 조정한다.	4단계 대상 식별·치환 대기
REF-L08778-C0046	8778	47	제27조	13	70	SRC-C13-L08773	SRC-C13-L08773	제16장 제9절 선거운동·언론·정치자금·윤리	15638	편성·배분·토론 구조는 제71조(공영배정) 및 관련 법령에 따른다. 블랙아웃 기간(제27조·제28조)과 충돌하지 않도록 조정한다.	4단계 대상 식별·치환 대기
REF-L08778-C0051	8778	52	제28조	13	70	SRC-C13-L08773	SRC-C13-L08773	제16장 제9절 선거운동·언론·정치자금·윤리	15638	편성·배분·토론 구조는 제71조(공영배정) 및 관련 법령에 따른다. 블랙아웃 기간(제27조·제28조)과 충돌하지 않도록 조정한다.	4단계 대상 식별·치환 대기
REF-L08831-C0019	8831	20	제15장	13	73	SRC-C13-L08817	SRC-C13-L08817	제16장 제9절 선거운동·언론·정치자금·윤리	15718	정당의 정치자금 수입·지출 자료는 제15장`(정보)`에서 정한 원칙에 따라 기계판독 가능한 개방형 형식으로 공개하여야 한다. 정당이 정책 개발, 입법 활동에 지출한 비용 정보는 제6장`(입법)`에서 정한 RIA`(규제영향분석)`, FIA`(재정영향분석)`, CGIM`(거버넌스·제도 영향매트릭스)` 등과 연계하여 관리·분석될 수 있다.	4단계 대상 식별·치환 대기
REF-L08831-C0099	8831	100	제6장	13	73	SRC-C13-L08817	SRC-C13-L08817	제16장 제9절 선거운동·언론·정치자금·윤리	15718	정당의 정치자금 수입·지출 자료는 제15장`(정보)`에서 정한 원칙에 따라 기계판독 가능한 개방형 형식으로 공개하여야 한다. 정당이 정책 개발, 입법 활동에 지출한 비용 정보는 제6장`(입법)`에서 정한 RIA`(규제영향분석)`, FIA`(재정영향분석)`, CGIM`(거버넌스·제도 영향매트릭스)` 등과 연계하여 관리·분석될 수 있다.	4단계 대상 식별·치환 대기
REF-L08842-C0032	8842	33	제71조	13	74	SRC-C13-L08837	SRC-C13-L08837	제16장 제9절 선거운동·언론·정치자금·윤리	15737	자격·배분식·용도 제한·정지·환수는 연방 법률·황제령 및 제71조·제72조의 기준에 따른다.	4단계 대상 식별·치환 대기
REF-L08842-C0037	8842	38	제72조	13	74	SRC-C13-L08837	SRC-C13-L08837	제16장 제9절 선거운동·언론·정치자금·윤리	15737	자격·배분식·용도 제한·정지·환수는 연방 법률·황제령 및 제71조·제72조의 기준에 따른다.	4단계 대상 식별·치환 대기
REF-L08112-C0000	8112	1	본 조	13	20-5	SRC-C13-L08110	SRC-C13-L08110	제16장 제10절 선거분쟁·위법행위·사법통제	15782	본 조의 무효율은 오염·판독 불능 등 기기·절차 사유(유권자 단순 실수 제외)에 따른 무효표 비율로 한다. 무효 유형의 정의·분류는 제33조에 따른다.	4단계 대상 식별·치환 대기
REF-L08112-C0074	8112	75	제33조	13	20-5	SRC-C13-L08110	SRC-C13-L08110	제16장 제10절 선거분쟁·위법행위·사법통제	15782	본 조의 무효율은 오염·판독 불능 등 기기·절차 사유(유권자 단순 실수 제외)에 따른 무효표 비율로 한다. 무효 유형의 정의·분류는 제33조에 따른다.	4단계 대상 식별·치환 대기
REF-L08115-C0010	8115	11	전항	13	20-5	SRC-C13-L08110	SRC-C13-L08110	제16장 제10절 선거분쟁·위법행위·사법통제	15785	하나의 투표소에서 전항의 사유로 무효표가 5% 이상 발생하면, 해당 투표소의 모든 투표 사항을 무효로 하고, 즉시 진상조사 및 시정조치를 실시한다. 인위적 범죄 정항이 확인되면 연방 선거 범죄 3-3 배당 절차로 최우선 배당하여 수사·기소한다.	4단계 대상 식별·치환 대기
REF-L08118-C0022	8118	23	전항	13	20-5	SRC-C13-L08110	SRC-C13-L08110	제16장 제10절 선거분쟁·위법행위·사법통제	15788	연방 내 모든 투표소 중 5% 이상에서 전항의 기준이 동시에 충족되면, 모든 선거를 즉시 중단하고 전 과정·전 투표소·투표지·장비에 대한 전수 감사를 실시한다.	4단계 대상 식별·치환 대기
REF-L08121-C0000	8121	1	전항	13	20-5	SRC-C13-L08110	SRC-C13-L08110	제16장 제10절 선거분쟁·위법행위·사법통제	15791	전항의 전수 감사 결과, 시정 불가능 또는 전면 재실시 필요가 인정되면, 연방 황제령으로 임시 FEW를 지정하여 재선거를 실시한다. 재실시 전까지는 모든 투표함·로그·COC를 봉인·보존한다.	4단계 대상 식별·치환 대기
REF-L08124-C0073	8124	74	제4조	13	20-5	SRC-C13-L08110	SRC-C13-L08110	제16장 제10절 선거분쟁·위법행위·사법통제	15794	트리거 발동, 중단, 재실시 결정 및 결과는 QF/QF-SEC로 공시하며, FEW 백서에 통계와 원인·개선조치를 포함하여 보고한다(제4조 제4항 참조).	4단계 대상 식별·치환 대기
REF-L08124-C0077	8124	78	제4항	13	20-5	SRC-C13-L08110	SRC-C13-L08110	제16장 제10절 선거분쟁·위법행위·사법통제	15794	트리거 발동, 중단, 재실시 결정 및 결과는 QF/QF-SEC로 공시하며, FEW 백서에 통계와 원인·개선조치를 포함하여 보고한다(제4조 제4항 참조).	4단계 대상 식별·치환 대기
REF-L08127-C0000	8127	1	본 조	13	20-5	SRC-C13-L08110	SRC-C13-L08110	제16장 제10절 선거분쟁·위법행위·사법통제	15797	본 조에 따른 중단·재실시의 적법성에 관한 다툼은 연방 헌법원의 통제를 받는다.	4단계 대상 식별·치환 대기
REF-L08360-C0020	8360	21	본 장	13	38	SRC-C13-L08358	SRC-C13-L08358	제16장 제10절 선거분쟁·위법행위·사법통제	15831	부정선거·외국영향·임프린트 위반 등 본 장 위반은 가중처벌한다. 세부 범죄 구성요건·형량은 연방 법률의 형사법 및 연방 행정명령이 정한다.	4단계 대상 식별·치환 대기
REF-L08572-C0010	8572	11	본 조	13	53	SRC-C13-L08567	SRC-C13-L08567	제16장 제10절 선거분쟁·위법행위·사법통제	15850	재직 중인 의원이 본 조 제1항의 사유로 피선거권이 박탈된 경우, 처분 통지 시점에 의원은 즉시 탄핵된 것으로 본다(별도의 의결을 요하지 아니한다). 직위는 즉시 상실되고, 공석이 확정되며, 본 장 제52조에 따라 차점 승계 절차를 즉시 개시한다.	4단계 대상 식별·치환 대기
REF-L08572-C0014	8572	15	제1항	13	53	SRC-C13-L08567	SRC-C13-L08567	제16장 제10절 선거분쟁·위법행위·사법통제	15850	재직 중인 의원이 본 조 제1항의 사유로 피선거권이 박탈된 경우, 처분 통지 시점에 의원은 즉시 탄핵된 것으로 본다(별도의 의결을 요하지 아니한다). 직위는 즉시 상실되고, 공석이 확정되며, 본 장 제52조에 따라 차점 승계 절차를 즉시 개시한다.	4단계 대상 식별·치환 대기
REF-L08572-C0107	8572	108	본 장	13	53	SRC-C13-L08567	SRC-C13-L08567	제16장 제10절 선거분쟁·위법행위·사법통제	15850	재직 중인 의원이 본 조 제1항의 사유로 피선거권이 박탈된 경우, 처분 통지 시점에 의원은 즉시 탄핵된 것으로 본다(별도의 의결을 요하지 아니한다). 직위는 즉시 상실되고, 공석이 확정되며, 본 장 제52조에 따라 차점 승계 절차를 즉시 개시한다.	4단계 대상 식별·치환 대기
REF-L08572-C0111	8572	112	제52조	13	53	SRC-C13-L08567	SRC-C13-L08567	제16장 제10절 선거분쟁·위법행위·사법통제	15850	재직 중인 의원이 본 조 제1항의 사유로 피선거권이 박탈된 경우, 처분 통지 시점에 의원은 즉시 탄핵된 것으로 본다(별도의 의결을 요하지 아니한다). 직위는 즉시 상실되고, 공석이 확정되며, 본 장 제52조에 따라 차점 승계 절차를 즉시 개시한다.	4단계 대상 식별·치환 대기
REF-L08575-C0000	8575	1	본 조	13	53	SRC-C13-L08567	SRC-C13-L08567	제16장 제10절 선거분쟁·위법행위·사법통제	15853	본 조 제1항의 처분에 대하여는 1회에 한하여 당사자가 연방 헌법원에 이의를 제기할 수 있다. 이의 제기는 공석 확정 및 승계 절차의 진행에 영향을 미치지 아니한다(효력정지 불인정의 원칙). 다만, 연방 법률이 정하는 예외적 요건을 충족하는 경우에 한하여 연방 헌법원이 잠정조치를 명할 수 있다(제6장 참조).	4단계 대상 식별·치환 대기
REF-L08575-C0004	8575	5	제1항	13	53	SRC-C13-L08567	SRC-C13-L08567	제16장 제10절 선거분쟁·위법행위·사법통제	15853	본 조 제1항의 처분에 대하여는 1회에 한하여 당사자가 연방 헌법원에 이의를 제기할 수 있다. 이의 제기는 공석 확정 및 승계 절차의 진행에 영향을 미치지 아니한다(효력정지 불인정의 원칙). 다만, 연방 법률이 정하는 예외적 요건을 충족하는 경우에 한하여 연방 헌법원이 잠정조치를 명할 수 있다(제6장 참조).	4단계 대상 식별·치환 대기
REF-L08575-C0165	8575	166	제6장	13	53	SRC-C13-L08567	SRC-C13-L08567	제16장 제10절 선거분쟁·위법행위·사법통제	15853	본 조 제1항의 처분에 대하여는 1회에 한하여 당사자가 연방 헌법원에 이의를 제기할 수 있다. 이의 제기는 공석 확정 및 승계 절차의 진행에 영향을 미치지 아니한다(효력정지 불인정의 원칙). 다만, 연방 법률이 정하는 예외적 요건을 충족하는 경우에 한하여 연방 헌법원이 잠정조치를 명할 수 있다(제6장 참조).	4단계 대상 식별·치환 대기
REF-L08584-C0000	8584	1	본 조	13	53	SRC-C13-L08567	SRC-C13-L08567	제16장 제10절 선거분쟁·위법행위·사법통제	15862	본 조 제1항의 중대한 사유에는 다음 각 호가 포함된다.	4단계 대상 식별·치환 대기
REF-L08584-C0004	8584	5	제1항	13	53	SRC-C13-L08567	SRC-C13-L08567	제16장 제10절 선거분쟁·위법행위·사법통제	15862	본 조 제1항의 중대한 사유에는 다음 각 호가 포함된다.	4단계 대상 식별·치환 대기
REF-L08584-C0021	8584	22	각 호	13	53	SRC-C13-L08567	SRC-C13-L08567	제16장 제10절 선거분쟁·위법행위·사법통제	15862	본 조 제1항의 중대한 사유에는 다음 각 호가 포함된다.	4단계 대상 식별·치환 대기
REF-L08591-C0000	8591	1	본 조	13	53	SRC-C13-L08567	SRC-C13-L08567	제16장 제10절 선거분쟁·위법행위·사법통제	15869	본 조 제1항의 박탈 사유의 설정·심사·집행에 관하여는 연방 황제 또는 황실 직속기관, 연방 선거감독청 및 관계 기관의 권한과 절차는 연방 법률·황제령으로 정한다.	4단계 대상 식별·치환 대기
REF-L08591-C0004	8591	5	제1항	13	53	SRC-C13-L08567	SRC-C13-L08567	제16장 제10절 선거분쟁·위법행위·사법통제	15869	본 조 제1항의 박탈 사유의 설정·심사·집행에 관하여는 연방 황제 또는 황실 직속기관, 연방 선거감독청 및 관계 기관의 권한과 절차는 연방 법률·황제령으로 정한다.	4단계 대상 식별·치환 대기
REF-L08597-C0000	8597	1	본 장	13	54	SRC-C13-L08595	SRC-C13-L08595	제16장 제10절 선거분쟁·위법행위·사법통제	15885	본 장 제53조 제3항 단서의 효력정지 잠정조치는 중대한 절차상 하자와 회복하기 어려운 손해가 소명된 경우에 한하여 허용한다.	4단계 대상 식별·치환 대기
REF-L08597-C0004	8597	5	제53조	13	54	SRC-C13-L08595	SRC-C13-L08595	제16장 제10절 선거분쟁·위법행위·사법통제	15885	본 장 제53조 제3항 단서의 효력정지 잠정조치는 중대한 절차상 하자와 회복하기 어려운 손해가 소명된 경우에 한하여 허용한다.	4단계 대상 식별·치환 대기
REF-L08597-C0009	8597	10	제3항	13	54	SRC-C13-L08595	SRC-C13-L08595	제16장 제10절 선거분쟁·위법행위·사법통제	15885	본 장 제53조 제3항 단서의 효력정지 잠정조치는 중대한 절차상 하자와 회복하기 어려운 손해가 소명된 경우에 한하여 허용한다.	4단계 대상 식별·치환 대기
REF-L08926-C0029	8926	30	제20조	14	1	SRC-C14-L08924	SRC-C14-L08924	제17장 제1절 개헌원칙·개헌한계·영구조항	15905	개헌은 연방 헌법의 최고규범성을 전제로 하며, 총강 제20조의 정한 절차를 변경하지 아니한다.	4단계 대상 식별·치환 대기
REF-L08938-C0005	8938	6	제1장	14	2	SRC-C14-L08932	SRC-C14-L08932	제17장 제1절 개헌원칙·개헌한계·영구조항	15927	본 헌법 제1장`(권리장전)`이 보장하는 연방 신민 권리의 본질적 내용을 침해할 수 없다.	4단계 대상 식별·치환 대기
REF-L08949-C0003	8949	4	각 호	14	2	SRC-C14-L08932	SRC-C14-L08932	제17장 제1절 개헌원칙·개헌한계·영구조항	15938	다음 각 호는 절대적 개정 한계로서 개정할 수 없다.	4단계 대상 식별·치환 대기
REF-L08956-C0025	8956	26	제9조	14	2	SRC-C14-L08932	SRC-C14-L08932	제17장 제1절 개헌원칙·개헌한계·영구조항	15945	비상권한을 기간 연장하거나 범위를 확대하려면 제9조의 신민투표 의무 부의 대상에 해당하며, 제10조의 승인 기준과 권역주·성권주 이중다수`(전 연방 권역주·성권주 과반에서 찬성 다수)`를 함께 충족하여야 한다. '신지구: 라리셴베르크' 행성 내의 각 권역급 단위도 성권주와 동등한 지위를 지닌다.	4단계 대상 식별·치환 대기
REF-L08956-C0051	8956	52	제10조	14	2	SRC-C14-L08932	SRC-C14-L08932	제17장 제1절 개헌원칙·개헌한계·영구조항	15945	비상권한을 기간 연장하거나 범위를 확대하려면 제9조의 신민투표 의무 부의 대상에 해당하며, 제10조의 승인 기준과 권역주·성권주 이중다수`(전 연방 권역주·성권주 과반에서 찬성 다수)`를 함께 충족하여야 한다. '신지구: 라리셴베르크' 행성 내의 각 권역급 단위도 성권주와 동등한 지위를 지닌다.	4단계 대상 식별·치환 대기
REF-L08959-C0000	8959	1	본 조	14	2	SRC-C14-L08932	SRC-C14-L08932	제17장 제1절 개헌원칙·개헌한계·영구조항	15948	본 조를 위반하여 개정된 조항은 효력이 없으며, 그 무효는 소급한다. 연방 헌법원은 직권 또는 당사자 신청으로 무효확인을 할 수 있다.	4단계 대상 식별·치환 대기
REF-L08965-C0021	8965	22	각 호	14	3	SRC-C14-L08963	SRC-C14-L08963	제17장 제1절 개헌원칙·개헌한계·영구조항	15964	개헌에 관한 규범의 해석 순서는 다음 각 호에 따른다.	4단계 대상 식별·치환 대기
REF-L08966-C0010	8966	11	제1장	14	3	SRC-C14-L08963	SRC-C14-L08963	제17장 제1절 개헌원칙·개헌한계·영구조항	15965	1. 연방 헌법, 제1장`(권리장전)`.	4단계 대상 식별·치환 대기
REF-L08967-C0013	8967	14	제20조	14	3	SRC-C14-L08963	SRC-C14-L08963	제17장 제1절 개헌원칙·개헌한계·영구조항	15966	2. 연방 헌법, 총강 제20조`(개헌 절차에 관한 일반 규정)`.	4단계 대상 식별·치환 대기
REF-L08968-C0010	8968	11	제14장	14	3	SRC-C14-L08963	SRC-C14-L08963	제17장 제1절 개헌원칙·개헌한계·영구조항	15967	3. 연방 헌법, 제14장`(개헌)` 및 이를 근거로 한 연방 법률·황제령.	4단계 대상 식별·치환 대기
REF-L08971-C0000	8971	1	본 장	14	3	SRC-C14-L08963	SRC-C14-L08963	제17장 제1절 개헌원칙·개헌한계·영구조항	15970	본 장과 총강 제20조가 충돌하는 경우, 총강 제20조의 개헌 절차 규정이 우선한다.	4단계 대상 식별·치환 대기
REF-L08971-C0008	8971	9	제20조	14	3	SRC-C14-L08963	SRC-C14-L08963	제17장 제1절 개헌원칙·개헌한계·영구조항	15970	본 장과 총강 제20조가 충돌하는 경우, 총강 제20조의 개헌 절차 규정이 우선한다.	4단계 대상 식별·치환 대기
REF-L08971-C0026	8971	27	제20조	14	3	SRC-C14-L08963	SRC-C14-L08963	제17장 제1절 개헌원칙·개헌한계·영구조항	15970	본 장과 총강 제20조가 충돌하는 경우, 총강 제20조의 개헌 절차 규정이 우선한다.	4단계 대상 식별·치환 대기
REF-L08974-C0000	8974	1	본 장	14	3	SRC-C14-L08963	SRC-C14-L08963	제17장 제1절 개헌원칙·개헌한계·영구조항	15973	본 장과 연방 법률·황제령 등의 동등 혹은 하위 규범이 충돌하면, 본 장을 우선 적용한다.	4단계 대상 식별·치환 대기
REF-L08974-C0037	8974	38	본 장	14	3	SRC-C14-L08963	SRC-C14-L08963	제17장 제1절 개헌원칙·개헌한계·영구조항	15973	본 장과 연방 법률·황제령 등의 동등 혹은 하위 규범이 충돌하면, 본 장을 우선 적용한다.	4단계 대상 식별·치환 대기
REF-L08982-C0003	8982	4	각 호	14	4	SRC-C14-L08980	SRC-C14-L08980	제17장 제2절 개헌발의·헌법원 사전심사	15990	다음 각 호의 주체는 연방 헌법원에 헌법심사 개시를 요청할 수 있다.	4단계 대상 식별·치환 대기
REF-L08994-C0021	8994	22	제20조	14	4	SRC-C14-L08980	SRC-C14-L08980	제17장 제2절 개헌발의·헌법원 사전심사	16002	연방 헌법원이 개시를 결정하면, 총강 제20조의 절차가 즉시 개시된 것으로 보며, 대상 조문 선정 및 개정 권고 송달이 이루어진 것으로 간주한다.	4단계 대상 식별·치환 대기
REF-L09003-C0072	9003	73	제23조	14	4	SRC-C14-L08980	SRC-C14-L08980	제17장 제2절 개헌발의·헌법원 사전심사	16011	신민발안은 행성 내 권역주·은하 내 성권주 지역 균형 요건을 함께 충족하여야 한다. 구체 기준은 연방 법률·황제령으로 정하되, `제23조`의 정의에 따른 성권주·권역주 분포를 고려하여야 한다.	4단계 대상 식별·치환 대기
REF-L09011-C0039	9011	40	각 호	14	5	SRC-C14-L09009	SRC-C14-L09009	제17장 제2절 개헌발의·헌법원 사전심사	16029	개시 요청서는 대상 조문, 개정 방향, 필요성과 이유를 기재하고 다음 각 호의 서류를 필수 첨부한다.	4단계 대상 식별·치환 대기
REF-L09018-C0000	9018	1	전 항	14	5	SRC-C14-L09009	SRC-C14-L09009	제17장 제2절 개헌발의·헌법원 사전심사	16036	전 항의 서식·메타데이터·코드체계는 연방 황제령으로 정하되, `제14조`에서 정하는 개헌 데이터 스키마`(CAS v1)`에 부합하여야 한다.	4단계 대상 식별·치환 대기
REF-L09018-C0035	9018	36	제14조	14	5	SRC-C14-L09009	SRC-C14-L09009	제17장 제2절 개헌발의·헌법원 사전심사	16036	전 항의 서식·메타데이터·코드체계는 연방 황제령으로 정하되, `제14조`에서 정하는 개헌 데이터 스키마`(CAS v1)`에 부합하여야 한다.	4단계 대상 식별·치환 대기
REF-L02840-C0003	2840	4	각 호	6	26	SRC-C06-L02838	SRC-C06-L02838	제17장 제2절 개헌발의·헌법원 사전심사	16051	다음 각 호의 주체는 연방 헌법원의 헌법 심사 개시를 요청할 수 있다.	4단계 대상 식별·치환 대기
REF-L02854-C0016	2854	17	제20조	6	26	SRC-C06-L02838	SRC-C06-L02838	제17장 제2절 개헌발의·헌법원 사전심사	16065	헌법 심사가 개시되면, 총강 제20조의 절차가 즉시 개시된 것으로 본다.	4단계 대상 식별·치환 대기
REF-L02860-C0036	2860	37	각 호	6	27	SRC-C06-L02858	SRC-C06-L02858	제17장 제2절 개헌발의·헌법원 사전심사	16081	요청서는 대상 조문, 개정 방향, 필요성과 이유를 기재하고 다음 각 호의 문서를 첨부해야 한다.	4단계 대상 식별·치환 대기
REF-L09035-C0004	9035	5	제20조	14	7	SRC-C14-L09033	SRC-C14-L09033	제17장 제3절 총의회 심사·조정·의결	16109	`총강 제20조`의 개헌 개시 절차는 본 장에 의하여 변경되지 아니한다. 본 장의 내용은 `총강 제20조`의 추가보완으로 한한다.	4단계 대상 식별·치환 대기
REF-L09035-C0021	9035	22	본 장	14	7	SRC-C14-L09033	SRC-C14-L09033	제17장 제3절 총의회 심사·조정·의결	16109	`총강 제20조`의 개헌 개시 절차는 본 장에 의하여 변경되지 아니한다. 본 장의 내용은 `총강 제20조`의 추가보완으로 한한다.	4단계 대상 식별·치환 대기
REF-L09035-C0041	9035	42	본 장	14	7	SRC-C14-L09033	SRC-C14-L09033	제17장 제3절 총의회 심사·조정·의결	16109	`총강 제20조`의 개헌 개시 절차는 본 장에 의하여 변경되지 아니한다. 본 장의 내용은 `총강 제20조`의 추가보완으로 한한다.	4단계 대상 식별·치환 대기
REF-L09035-C0054	9035	55	제20조	14	7	SRC-C14-L09033	SRC-C14-L09033	제17장 제3절 총의회 심사·조정·의결	16109	`총강 제20조`의 개헌 개시 절차는 본 장에 의하여 변경되지 아니한다. 본 장의 내용은 `총강 제20조`의 추가보완으로 한한다.	4단계 대상 식별·치환 대기
REF-L09056-C0019	9056	20	동조	14	8	SRC-C14-L09045	SRC-C14-L09045	제17장 제3절 총의회 심사·조정·의결	16140	양원의 결의가 불일치하는 경우, 합동조정위원회가 설치되며, 7일 이내 단일안을 확정하여 재상정한다.	4단계 대상 식별·치환 대기
REF-L09059-C0022	9059	23	제18조	14	8	SRC-C14-L09045	SRC-C14-L09045	제17장 제3절 총의회 심사·조정·의결	16143	법정 기한 임박 시, 각 원 의장단은 `제18조 제1항`의 경고 공시 기준(T-48·T-24)에 따라 48시간 전에 경고, 24시간 전에 재경고를 실시하고, 12시간 전에 자동상정하며 지연 사유를 공시한다.	4단계 대상 식별·치환 대기
REF-L09059-C0027	9059	28	제1항	14	8	SRC-C14-L09045	SRC-C14-L09045	제17장 제3절 총의회 심사·조정·의결	16143	법정 기한 임박 시, 각 원 의장단은 `제18조 제1항`의 경고 공시 기준(T-48·T-24)에 따라 48시간 전에 경고, 24시간 전에 재경고를 실시하고, 12시간 전에 자동상정하며 지연 사유를 공시한다.	4단계 대상 식별·치환 대기
REF-L09062-C0026	9062	27	제3항	14	8	SRC-C14-L09045	SRC-C14-L09045	제17장 제3절 총의회 심사·조정·의결	16146	신속처리안건 또는 긴급특례로 지정하는 경우에도 제3항의 정족수 요건은 완화할 수 없다.	4단계 대상 식별·치환 대기
REF-L09065-C0040	9065	41	제4조	14	8	SRC-C14-L09045	SRC-C14-L09045	제17장 제3절 총의회 심사·조정·의결	16149	조정안이 부결되면, 해당 안건은 6개월 간 재상정할 수 없다. 다만, `제4조 제5항 예외 사유`에 해당하는 경우에는 예외로 할 수 있다.	4단계 대상 식별·치환 대기
REF-L09065-C0044	9065	45	제5항	14	8	SRC-C14-L09045	SRC-C14-L09045	제17장 제3절 총의회 심사·조정·의결	16149	조정안이 부결되면, 해당 안건은 6개월 간 재상정할 수 없다. 다만, `제4조 제5항 예외 사유`에 해당하는 경우에는 예외로 할 수 있다.	4단계 대상 식별·치환 대기
REF-L09266-C0000	9266	1	본 장	14	17	SRC-C14-L09255	SRC-C14-L09255	제17장 제3절 총의회 심사·조정·의결	16174	본 장에서 정하지 아니한 이해충돌·제척·기피에 관한 사항은 `제4장(행정)·제6장(사법)` 및 관련 연방 법률·황제령을 준용한다.	4단계 대상 식별·치환 대기
REF-L09266-C0034	9266	35	제4장	14	17	SRC-C14-L09255	SRC-C14-L09255	제17장 제3절 총의회 심사·조정·의결	16174	본 장에서 정하지 아니한 이해충돌·제척·기피에 관한 사항은 `제4장(행정)·제6장(사법)` 및 관련 연방 법률·황제령을 준용한다.	4단계 대상 식별·치환 대기
REF-L09266-C0042	9266	43	제6장	14	17	SRC-C14-L09255	SRC-C14-L09255	제17장 제3절 총의회 심사·조정·의결	16174	본 장에서 정하지 아니한 이해충돌·제척·기피에 관한 사항은 `제4장(행정)·제6장(사법)` 및 관련 연방 법률·황제령을 준용한다.	4단계 대상 식별·치환 대기
REF-L09073-C0003	9073	4	각 호	14	9	SRC-C14-L09071	SRC-C14-L09071	제17장 제4절 신민투표·권역 이중다수	16210	다음 각 호의 어느 하나에 해당하는 개정안은 연방 총의회가 최종안을 확정하기 전에 전 연방 신민투표에 부의하여야 한다.	4단계 대상 식별·치환 대기
REF-L09080-C0000	9080	1	전항	14	9	SRC-C14-L09071	SRC-C14-L09071	제17장 제4절 신민투표·권역 이중다수	16217	전항 외의 개정안은 합동의회 재적 3/5의 결의 또는 연방 법률이 정하는 신민서명 요건 충족 시 신민투표에 부의할 수 있다. 이 경우 권리·재정·거버넌스 3축 점수의 합계가 연방 법률로 정한 기준 이상일 때 부의한다.	4단계 대상 식별·치환 대기
REF-L09088-C0001	9088	2	제1항	14	9	SRC-C14-L09071	SRC-C14-L09071	제17장 제4절 신민투표·권역 이중다수	16225	`제1항` 및 `제2항`의 대상 중 `제2호`에 해당하지 않는 안건으로서, `제13장`에서 정한 FEW(연방 선거 주간) 내에서 실시한다.	4단계 대상 식별·치환 대기
REF-L09088-C0009	9088	10	제2항	14	9	SRC-C14-L09071	SRC-C14-L09071	제17장 제4절 신민투표·권역 이중다수	16225	`제1항` 및 `제2항`의 대상 중 `제2호`에 해당하지 않는 안건으로서, `제13장`에서 정한 FEW(연방 선거 주간) 내에서 실시한다.	4단계 대상 식별·치환 대기
REF-L09088-C0021	9088	22	제2호	14	9	SRC-C14-L09071	SRC-C14-L09071	제17장 제4절 신민투표·권역 이중다수	16225	`제1항` 및 `제2항`의 대상 중 `제2호`에 해당하지 않는 안건으로서, `제13장`에서 정한 FEW(연방 선거 주간) 내에서 실시한다.	4단계 대상 식별·치환 대기
REF-L09088-C0043	9088	44	제13장	14	9	SRC-C14-L09071	SRC-C14-L09071	제17장 제4절 신민투표·권역 이중다수	16225	`제1항` 및 `제2항`의 대상 중 `제2호`에 해당하지 않는 안건으로서, `제13장`에서 정한 FEW(연방 선거 주간) 내에서 실시한다.	4단계 대상 식별·치환 대기
REF-L09100-C0003	9100	4	각 호	14	10	SRC-C14-L09098	SRC-C14-L09098	제17장 제4절 신민투표·권역 이중다수	16247	다음 각 호의 요건을 모두 충족하여야 한다.	4단계 대상 식별·치환 대기
REF-L09107-C0000	9107	1	제9조	14	10	SRC-C14-L09098	SRC-C14-L09098	제17장 제4절 신민투표·권역 이중다수	16254	제9조 제1항 각 호의 안건은 전항의 기준 외에 성권주/권역주 이중다수(전 연방 성권주/권역주 과반에서 찬성 다수) 요건을 함께 충족하여야 한다.	4단계 대상 식별·치환 대기
REF-L09107-C0004	9107	5	제1항	14	10	SRC-C14-L09098	SRC-C14-L09098	제17장 제4절 신민투표·권역 이중다수	16254	제9조 제1항 각 호의 안건은 전항의 기준 외에 성권주/권역주 이중다수(전 연방 성권주/권역주 과반에서 찬성 다수) 요건을 함께 충족하여야 한다.	4단계 대상 식별·치환 대기
REF-L09107-C0008	9107	9	각 호	14	10	SRC-C14-L09098	SRC-C14-L09098	제17장 제4절 신민투표·권역 이중다수	16254	제9조 제1항 각 호의 안건은 전항의 기준 외에 성권주/권역주 이중다수(전 연방 성권주/권역주 과반에서 찬성 다수) 요건을 함께 충족하여야 한다.	4단계 대상 식별·치환 대기
REF-L09107-C0017	9107	18	전항	14	10	SRC-C14-L09098	SRC-C14-L09098	제17장 제4절 신민투표·권역 이중다수	16254	제9조 제1항 각 호의 안건은 전항의 기준 외에 성권주/권역주 이중다수(전 연방 성권주/권역주 과반에서 찬성 다수) 요건을 함께 충족하여야 한다.	4단계 대상 식별·치환 대기
REF-L09117-C0003	9117	4	각 호	14	10-2	SRC-C14-L09115	SRC-C14-L09115	제17장 제4절 신민투표·권역 이중다수	16273	다음 각 호의 개정안은 제10조의 승인 기준과 성권주·권역주 동의 요건을 함께 충족하여야 한다.	4단계 대상 식별·치환 대기
REF-L09117-C0013	9117	14	제10조	14	10-2	SRC-C14-L09115	SRC-C14-L09115	제17장 제4절 신민투표·권역 이중다수	16273	다음 각 호의 개정안은 제10조의 승인 기준과 성권주·권역주 동의 요건을 함께 충족하여야 한다.	4단계 대상 식별·치환 대기
REF-L09147-C0011	9147	12	제13장	14	11	SRC-C14-L09131	SRC-C14-L09131	제17장 제4절 신민투표·권역 이중다수	16312	연방 선거감독청은 `제13장`에서 정한 FEW(연방선거주간)의 범위 내에서 연속 48시간을 선거기간으로 지정·공고한다.	4단계 대상 식별·치환 대기
REF-L09155-C0086	9155	87	제13장	14	11	SRC-C14-L09131	SRC-C14-L09131	제17장 제4절 신민투표·권역 이중다수	16320	천재지변·전시·계엄·전국적 재난경보 등 불가피한 사유가 있는 때에는 연방 선거감독청의 공고를 통해 14일 단위로 연기할 수 있다. 일반 사안 트랙에서는 `제13장(선거)`에서 정한 연방선거주간(FEW) 내 다른 선거와의 정합성을 고려하여 연기 일정을 조정하고, 긴급 사안 트랙에서는 연기 후 새 선거기간 개시 전일까지 최소 7일의 선거운동 기간을 보장하여야 한다.	4단계 대상 식별·치환 대기
REF-L09201-C0131	9201	132	제5조	14	14	SRC-C14-L09196	SRC-C14-L09196	제17장 제5절 황제 재가·공포·발효	16409	공시 데이터는 개헌 데이터 스키마(CAS v1)에 따라, 기계가독 형식으로 배포한다. 필수 필드는 안명, 대상조문, 취지, RIA·FIA·CGIM 요약지표, 법정기한 타임라인, 표결로그, 공시ID, 무결성 해시 등을 포함해야 한다. `제5조` 및 `제6조`에 따른 문서·기록은 CAS v1 필드를 포함하는 형식으로 관리한다.	4단계 대상 식별·치환 대기
REF-L09201-C0139	9201	140	제6조	14	14	SRC-C14-L09196	SRC-C14-L09196	제17장 제5절 황제 재가·공포·발효	16409	공시 데이터는 개헌 데이터 스키마(CAS v1)에 따라, 기계가독 형식으로 배포한다. 필수 필드는 안명, 대상조문, 취지, RIA·FIA·CGIM 요약지표, 법정기한 타임라인, 표결로그, 공시ID, 무결성 해시 등을 포함해야 한다. `제5조` 및 `제6조`에 따른 문서·기록은 CAS v1 필드를 포함하는 형식으로 관리한다.	4단계 대상 식별·치환 대기
REF-L09190-C0104	9190	105	제14조	14	13	SRC-C14-L09182	SRC-C14-L09182	제17장 제6절 경과규정·무효·정리입법	16483	공표 후 5년 및 10년이 되는 해에는 개헌의 효과 및 부작용에 관한 중장기 평가보고서를 작성하여 연방 총의회, 연방 최고평의회, 연방 감사원, 연방 정보국에 회람하여야 한다. 평가는 `제14조`에 따른 CAS v1 스키마를 준용하여 공개하고, 필요 시 추가 개헌 또는 정합화 입법을 권고할 수 있다.	4단계 대상 식별·치환 대기
REF-L09305-C0096	9305	97	제14조	14	21	SRC-C14-L09303	SRC-C14-L09303	제17장 제6절 경과규정·무효·정리입법	16499	모든 개헌안의 전문, 심사·표결 기록, 신민투표 결과, RIA·FIA·CGIM 요약, 사후평가 보고서 등을 통합한 개헌 이력 아카이브를 구축·유지하여야 한다. 아카이브는 `제14조`의 CAS v1 스키마를 준용하여 전자관보와 연동·공개한다.	4단계 대상 식별·치환 대기
REF-L09317-C0000	9317	1	본 장	14	22	SRC-C14-L09315	SRC-C14-L09315	제17장 제6절 경과규정·무효·정리입법	16521	본 장 시행 당시에 진행 중인 개정안은 종전 절차를 따르되, 공표·데이터 표준`(CAS v1)`은 본 장을 적용한다.	4단계 대상 식별·치환 대기
REF-L09317-C0055	9317	56	본 장	14	22	SRC-C14-L09315	SRC-C14-L09315	제17장 제6절 경과규정·무효·정리입법	16521	본 장 시행 당시에 진행 중인 개정안은 종전 절차를 따르되, 공표·데이터 표준`(CAS v1)`은 본 장을 적용한다.	4단계 대상 식별·치환 대기
REF-L09320-C0010	9320	11	본 장	14	22	SRC-C14-L09315	SRC-C14-L09315	제17장 제6절 경과규정·무효·정리입법	16524	관련 하위 규범은 본 장 시행 후 90일 이내에 정합화한다.	4단계 대상 식별·치환 대기
REF-L09355-C0018	9355	19	본 장	15	1	SRC-C15-L09350	SRC-C15-L09350	제18장 제1절 정보기관의 지위·원칙·정보기본권	16571	연방 정보국의 직제·권한·책임은 본 장과 `제2장(연방총칙)`의 전자공표 조항 및 `제5장(입법)`에서 정한 절차에 따른다.	4단계 대상 식별·치환 대기
REF-L09355-C0024	9355	25	제2장	15	1	SRC-C15-L09350	SRC-C15-L09350	제18장 제1절 정보기관의 지위·원칙·정보기본권	16571	연방 정보국의 직제·권한·책임은 본 장과 `제2장(연방총칙)`의 전자공표 조항 및 `제5장(입법)`에서 정한 절차에 따른다.	4단계 대상 식별·치환 대기
REF-L09355-C0047	9355	48	제5장	15	1	SRC-C15-L09350	SRC-C15-L09350	제18장 제1절 정보기관의 지위·원칙·정보기본권	16571	연방 정보국의 직제·권한·책임은 본 장과 `제2장(연방총칙)`의 전자공표 조항 및 `제5장(입법)`에서 정한 절차에 따른다.	4단계 대상 식별·치환 대기
REF-L09358-C0040	9358	41	제2장	15	1	SRC-C15-L09350	SRC-C15-L09350	제18장 제1절 정보기관의 지위·원칙·정보기본권	16574	연방 정보국의 결정·명령·고시·지침은 전자관보에 게재하며, 형식·보존은 제2장(연방총칙)에 따른다.	4단계 대상 식별·치환 대기
REF-L09374-C0033	9374	34	제2장	15	1-2	SRC-C15-L09363	SRC-C15-L09363	제18장 제1절 정보기관의 지위·원칙·정보기본권	16599	정보공개 청구의 절차·방식·수수료 및 정보의 형식·표준은 `제2장(연방총칙)` 및 `제6장(재정)`의 전자공표·디지털 행정 원칙과 조화를 이루도록 연방 법률·황제령으로 정한다. 이 경우 디지털 방식의 열람·다운로드·기계판독형`(open data)` 제공을 우선하여야 한다.	4단계 대상 식별·치환 대기
REF-L09374-C0047	9374	48	제6장	15	1-2	SRC-C15-L09363	SRC-C15-L09363	제18장 제1절 정보기관의 지위·원칙·정보기본권	16599	정보공개 청구의 절차·방식·수수료 및 정보의 형식·표준은 `제2장(연방총칙)` 및 `제6장(재정)`의 전자공표·디지털 행정 원칙과 조화를 이루도록 연방 법률·황제령으로 정한다. 이 경우 디지털 방식의 열람·다운로드·기계판독형`(open data)` 제공을 우선하여야 한다.	4단계 대상 식별·치환 대기
REF-L09380-C0016	9380	17	각 호	15	2	SRC-C15-L09378	SRC-C15-L09378	제18장 제1절 정보기관의 지위·원칙·정보기본권	16614	연방 정보기관의 목적은 다음 각 호와 같다.	4단계 대상 식별·치환 대기
REF-L09387-C0014	9387	15	각 호	15	2	SRC-C15-L09378	SRC-C15-L09378	제18장 제1절 정보기관의 지위·원칙·정보기본권	16621	연방 내 정보활동은 다음 각 호의 원칙을 따른다.	4단계 대상 식별·치환 대기
REF-L09394-C0012	9394	13	제1장	15	2	SRC-C15-L09378	SRC-C15-L09378	제18장 제1절 정보기관의 지위·원칙·정보기본권	16628	7. 차별 금지 및 `제1장(권리장전)` 보장의 원칙.	4단계 대상 식별·치환 대기
REF-L09397-C0025	9397	26	제1장	15	2	SRC-C15-L09378	SRC-C15-L09378	제18장 제1절 정보기관의 지위·원칙·정보기본권	16631	연방 내 정보기관은 정보활동의 전 과정에서 `제1장(권리장전)`에 규정된 기본권을 존중·보장하여야 하며, 그 제한은 본 연방 헌법 및 연방 법률·황제령이 정하는 범위에서만 허용된다.	4단계 대상 식별·치환 대기
REF-L09409-C0009	9409	10	제1장	15	3	SRC-C15-L09401	SRC-C15-L09401	제18장 제1절 정보기관의 지위·원칙·정보기본권	16652	연방 정보국은 `제1장(권리장전)`에 규정된 표현의 자유, 사생활의 비밀과 자유, 통신의 비밀, 집회·결사의 자유 및 재판을 받을 권리를 침해하지 않도록 할 적극적 책무를 진다.	4단계 대상 식별·치환 대기
REF-L09415-C0098	9415	99	제13장	15	3	SRC-C15-L09401	SRC-C15-L09401	제18장 제1절 정보기관의 지위·원칙·정보기본권	16658	연방 정보국의 임직원은 재직 중 정당의 주요 당직을 겸하거나 공직선거에서 선거운동의 기획·지휘를 수행하여서는 아니 되며, 그 밖에 정치적 중립을 침해하는 행위의 제한 범위는 `제13장(선거)` 및 연방 법률·황제령이 정하는 바에 따른다.	4단계 대상 식별·치환 대기
REF-L09432-C0003	9432	4	각 호	15	3-3	SRC-C15-L09430	SRC-C15-L09430	제18장 제3절 정보수집·감시·영장·권리보호	16733	다음 각 호에 해당하는 행위는 그 내용이 정부나 공직자에 대한 비판적이거나 불리하더라도, 원칙적으로 정보기관의 감시·첩보 수집 대상이 될 수 없다.	4단계 대상 식별·치환 대기
REF-L09438-C0001	9438	2	본 조	15	3-3	SRC-C15-L09430	SRC-C15-L09430	제18장 제3절 정보수집·감시·영장·권리보호	16739	`본 조 제1항`의 행위가 정보기관의 수집, 분석, 작전의 대상이 되려면, 연방 법률·황제령이 정하는 테러, 폭력행위, 반란, 내란 기타 중대한 범죄에 대한 직접적이고 명백한 선동 또는 기획, 준비, 가담의 상당한 개연성이 인정되어야 한다.	4단계 대상 식별·치환 대기
REF-L09438-C0005	9438	6	제1항	15	3-3	SRC-C15-L09430	SRC-C15-L09430	제18장 제3절 정보수집·감시·영장·권리보호	16739	`본 조 제1항`의 행위가 정보기관의 수집, 분석, 작전의 대상이 되려면, 연방 법률·황제령이 정하는 테러, 폭력행위, 반란, 내란 기타 중대한 범죄에 대한 직접적이고 명백한 선동 또는 기획, 준비, 가담의 상당한 개연성이 인정되어야 한다.	4단계 대상 식별·치환 대기
REF-L09461-C0032	9461	33	본 조	15	3-5	SRC-C15-L09453	SRC-C15-L09453	제18장 제3절 정보수집·감시·영장·권리보호	16762	연방 정보국은 알고리즘, AI 시스템을 사용하는 경우에도 본 조에서 정한 필요·비례·비차별 원칙을 준수하여야 하며, 자동화된 의사결정에 대한 인간의 최종 통제를 보장하여야 한다.	4단계 대상 식별·치환 대기
REF-L09507-C0027	9507	28	본 장	15	5-3	SRC-C15-L09499	SRC-C15-L09499	제18장 제3절 정보수집·감시·영장·권리보호	16803	일몰·재평가 절차, 등급별 기준 및 예외 사유는 본 장과 `제14장(개헌)`에 따라 연방 법률·황제령으로 정한다.	4단계 대상 식별·치환 대기
REF-L09507-C0033	9507	34	제14장	15	5-3	SRC-C15-L09499	SRC-C15-L09499	제18장 제3절 정보수집·감시·영장·권리보호	16803	일몰·재평가 절차, 등급별 기준 및 예외 사유는 본 장과 `제14장(개헌)`에 따라 연방 법률·황제령으로 정한다.	4단계 대상 식별·치환 대기
REF-L09525-C0014	9525	15	각 호	15	5-6	SRC-C15-L09523	SRC-C15-L09523	제18장 제3절 정보수집·감시·영장·권리보호	16848	연방 내 정보기관은 다음 각 호에 해당하는 고위험 정보처리 활동에 대하여 사전에 데이터 영향평가(DPIA)를 실시하여야 한다.	4단계 대상 식별·치환 대기
REF-L09545-C0038	9545	39	제5조의 6	15	5-7	SRC-C15-L09537	SRC-C15-L09537	제18장 제3절 정보수집·감시·영장·권리보호	16878	BPD`(대량개인데이터)`의 새로운 결합·재사용 또는 목적 변경은 `제5조의 6`에 따른 데이터 영향평가를 거쳐야 하며, 특히 차별·낙인·자의적 표적화의 위험을 최소화하여야 한다.	4단계 대상 식별·치환 대기
REF-L09548-C0042	9548	43	본 장	15	5-7	SRC-C15-L09537	SRC-C15-L09537	제18장 제3절 정보수집·감시·영장·권리보호	16881	BPD`(대량개인데이터)`의 범위, 구체적 취급 기준 및 가중 보호 조치는 본 장과 `제1장(권리장전)`에 따라 연방 법률·황제령으로 정한다.	4단계 대상 식별·치환 대기
REF-L09548-C0048	9548	49	제1장	15	5-7	SRC-C15-L09537	SRC-C15-L09537	제18장 제3절 정보수집·감시·영장·권리보호	16881	BPD`(대량개인데이터)`의 범위, 구체적 취급 기준 및 가중 보호 조치는 본 장과 `제1장(권리장전)`에 따라 연방 법률·황제령으로 정한다.	4단계 대상 식별·치환 대기
REF-L09574-C0015	9574	16	각 호	15	7	SRC-C15-L09569	SRC-C15-L09569	제18장 제3절 정보수집·감시·영장·권리보호	16900	작전 권한의 행사에는 다음 각 호를 포함하되, 이에 한정되지 아니한다.	4단계 대상 식별·치환 대기
REF-L09578-C0004	9578	5	제11장	15	7	SRC-C15-L09569	SRC-C15-L09569	제18장 제3절 정보수집·감시·영장·권리보호	16904	4. `제11장(국가방위)`에 따른 군사 작전과의 합동·지원.	4단계 대상 식별·치환 대기
REF-L09588-C0018	9588	19	제3조	15	7-2	SRC-C15-L09583	SRC-C15-L09583	제18장 제3절 정보수집·감시·영장·권리보호	16923	비밀경찰국·비밀경호국의 활동은 `제3조, 제3조의 2, 제3조의 3, 제3조의 5`에서 정한 기본권 보장, 민주통제, 과잉금지, 비차별 원칙을 준수하여야 하며, 정치적 목적의 정보 수집·공작에 사용될 수 없다.	4단계 대상 식별·치환 대기
REF-L09588-C0023	9588	24	제3조의 2	15	7-2	SRC-C15-L09583	SRC-C15-L09583	제18장 제3절 정보수집·감시·영장·권리보호	16923	비밀경찰국·비밀경호국의 활동은 `제3조, 제3조의 2, 제3조의 3, 제3조의 5`에서 정한 기본권 보장, 민주통제, 과잉금지, 비차별 원칙을 준수하여야 하며, 정치적 목적의 정보 수집·공작에 사용될 수 없다.	4단계 대상 식별·치환 대기
REF-L09588-C0031	9588	32	제3조의 3	15	7-2	SRC-C15-L09583	SRC-C15-L09583	제18장 제3절 정보수집·감시·영장·권리보호	16923	비밀경찰국·비밀경호국의 활동은 `제3조, 제3조의 2, 제3조의 3, 제3조의 5`에서 정한 기본권 보장, 민주통제, 과잉금지, 비차별 원칙을 준수하여야 하며, 정치적 목적의 정보 수집·공작에 사용될 수 없다.	4단계 대상 식별·치환 대기
REF-L09588-C0039	9588	40	제3조의 5	15	7-2	SRC-C15-L09583	SRC-C15-L09583	제18장 제3절 정보수집·감시·영장·권리보호	16923	비밀경찰국·비밀경호국의 활동은 `제3조, 제3조의 2, 제3조의 3, 제3조의 5`에서 정한 기본권 보장, 민주통제, 과잉금지, 비차별 원칙을 준수하여야 하며, 정치적 목적의 정보 수집·공작에 사용될 수 없다.	4단계 대상 식별·치환 대기
REF-L09595-C0003	9595	4	각 호	15	7-3	SRC-C15-L09593	SRC-C15-L09593	제18장 제3절 정보수집·감시·영장·권리보호	16940	다음 각 호에 해당하는 특수정보활동은 사전에 서면 승인서를 발부받아야 한다.	4단계 대상 식별·치환 대기
REF-L09605-C0030	9605	31	본 장	15	7-3	SRC-C15-L09593	SRC-C15-L09593	제18장 제3절 정보수집·감시·영장·권리보호	16950	특수정보활동 승인서의 형식, 보존 기간, 관리 기준은 본 장과 `제11장(국가방위)`에 따라 연방 법률·황제령으로 정한다.	4단계 대상 식별·치환 대기
REF-L09605-C0036	9605	37	제11장	15	7-3	SRC-C15-L09593	SRC-C15-L09593	제18장 제3절 정보수집·감시·영장·권리보호	16950	특수정보활동 승인서의 형식, 보존 기간, 관리 기준은 본 장과 `제11장(국가방위)`에 따라 연방 법률·황제령으로 정한다.	4단계 대상 식별·치환 대기
REF-L09609-C0001	9609	2	제7조의 3	15	7-4	SRC-C15-L09607	SRC-C15-L09607	제18장 제3절 정보수집·감시·영장·권리보호	16963	`제7조의 3`에 따른 특수정보활동의 승인은 정보기관의 장과 상급 감독기관의 이중결재를 요한다. 감독기관의 범위는 연방 법률·황제령으로 정한다.	4단계 대상 식별·치환 대기
REF-L09730-C0030	9730	31	본 장	15	10-6	SRC-C15-L09719	SRC-C15-L09719	제18장 제3절 정보수집·감시·영장·권리보호	16997	정보–수사 방화벽의 구체적 기준·절차 및 통제 장치는 본 장과 `제6장(입법)`, `제11장(국가방위)`에 따라 연방 법률·황제령으로 정한다.	4단계 대상 식별·치환 대기
REF-L09730-C0036	9730	37	제6장	15	10-6	SRC-C15-L09719	SRC-C15-L09719	제18장 제3절 정보수집·감시·영장·권리보호	16997	정보–수사 방화벽의 구체적 기준·절차 및 통제 장치는 본 장과 `제6장(입법)`, `제11장(국가방위)`에 따라 연방 법률·황제령으로 정한다.	4단계 대상 식별·치환 대기
REF-L09730-C0047	9730	48	제11장	15	10-6	SRC-C15-L09719	SRC-C15-L09719	제18장 제3절 정보수집·감시·영장·권리보호	16997	정보–수사 방화벽의 구체적 기준·절차 및 통제 장치는 본 장과 `제6장(입법)`, `제11장(국가방위)`에 따라 연방 법률·황제령으로 정한다.	4단계 대상 식별·치환 대기
REF-L09737-C0006	9737	7	제1항	15	10-7	SRC-C15-L09732	SRC-C15-L09732	제18장 제3절 정보수집·감시·영장·권리보호	17013	정보기관은 제1항에 따른 신청을 받은 때에는 지체 없이 사실을 확인하고, 정정·삭제·처리 제한 또는 기각의 사유를 서면으로 통지하여야 한다. 처리 절차 및 불복 방법은 연방 법률로 정한다.	4단계 대상 식별·치환 대기
REF-L09563-C0018	9563	19	제11장	15	6	SRC-C15-L09555	SRC-C15-L09555	제18장 제4절 전략정보·징후·경보	17039	I&W 체계에서 도출된 경보는 `제11장(국가방위)` 및 `제20조 이하(비전통 안보 협력·대응)`에 따라 관계 기관에 공유되며, 필요한 경우 신민에게도 적정한 범위에서 공개된다.	4단계 대상 식별·치환 대기
REF-L09563-C0033	9563	34	제20조	15	6	SRC-C15-L09555	SRC-C15-L09555	제18장 제4절 전략정보·징후·경보	17039	I&W 체계에서 도출된 경보는 `제11장(국가방위)` 및 `제20조 이하(비전통 안보 협력·대응)`에 따라 관계 기관에 공유되며, 필요한 경우 신민에게도 적정한 범위에서 공개된다.	4단계 대상 식별·치환 대기
REF-L09659-C0039	9659	40	제1장	15	8-4	SRC-C15-L09651	SRC-C15-L09651	제18장 제5절 사이버·기술·핵심인프라 보안	17117	AI 기반 분석·예측 시스템의 설계·검증 및 감독에 관한 세부 사항은 제1장 및 본 장에 따라 연방 법률로 정한다.	4단계 대상 식별·치환 대기
REF-L09659-C0045	9659	46	본 장	15	8-4	SRC-C15-L09651	SRC-C15-L09651	제18장 제5절 사이버·기술·핵심인프라 보안	17117	AI 기반 분석·예측 시스템의 설계·검증 및 감독에 관한 세부 사항은 제1장 및 본 장에 따라 연방 법률로 정한다.	4단계 대상 식별·치환 대기
REF-L09875-C0024	9875	25	제6조	15	20	SRC-C15-L09870	SRC-C15-L09870	제18장 제7절 비전통안보	17291	비전통 안보 위협의 탐지, 평가, 경보는 `제6조(I&W 체계)` 및 `제8조(사이버·우주·핵심 인프라 보호)`에 따른 정보활동과 긴밀히 연계하여 수행한다.	4단계 대상 식별·치환 대기
REF-L09875-C0040	9875	41	제8조	15	20	SRC-C15-L09870	SRC-C15-L09870	제18장 제7절 비전통안보	17291	비전통 안보 위협의 탐지, 평가, 경보는 `제6조(I&W 체계)` 및 `제8조(사이버·우주·핵심 인프라 보호)`에 따른 정보활동과 긴밀히 연계하여 수행한다.	4단계 대상 식별·치환 대기
REF-L09878-C0024	9878	25	제17장	15	20	SRC-C15-L09870	SRC-C15-L09870	제18장 제7절 비전통안보	17294	능력자 관련 위협의 탐지, 평가, 경보는 `제17장(능력자 감독)`에 따른 능력자 감독 체계와 연계하여 수행한다.	4단계 대상 식별·치환 대기
REF-L09887-C0047	9887	48	제11장	15	21	SRC-C15-L09882	SRC-C15-L09882	제18장 제7절 비전통안보	17312	연방 내 정보기관은 하이브리드, 회색지대 위협에 대한 통합 분석 체계를 구축하고, `제11장(국가방위)` 및 `제4장(행정)`의 행정기관과 협력하여 대응 전략을 수립·실행하여야 한다.	4단계 대상 식별·치환 대기
REF-L09887-C0062	9887	63	제4장	15	21	SRC-C15-L09882	SRC-C15-L09882	제18장 제7절 비전통안보	17312	연방 내 정보기관은 하이브리드, 회색지대 위협에 대한 통합 분석 체계를 구축하고, `제11장(국가방위)` 및 `제4장(행정)`의 행정기관과 협력하여 대응 전략을 수립·실행하여야 한다.	4단계 대상 식별·치환 대기
REF-L09897-C0023	9897	24	제13장	15	21-2	SRC-C15-L09889	SRC-C15-L09889	제18장 제7절 비전통안보	17332	선거, 신민투표 기간 중 MDM 대응은 `제13장(선거)` 및 관련 연방 법률·황제령이 정하는 바에 따라, 선거 관련 합동기구`(JICC 등)`를 중심으로 통합하여 수행한다.	4단계 대상 식별·치환 대기
REF-L09900-C0040	9900	41	본 장	15	21-2	SRC-C15-L09889	SRC-C15-L09889	제18장 제7절 비전통안보	17335	MDM 대응과 관련한 기준, 절차, 감독, 구제 및 투명성 제고 방안은 본 장과 `제1장(권리장전)`, `제13장(선거)`에 따라 연방 법률·황제령으로 정한다.	4단계 대상 식별·치환 대기
REF-L09900-C0046	9900	47	제1장	15	21-2	SRC-C15-L09889	SRC-C15-L09889	제18장 제7절 비전통안보	17335	MDM 대응과 관련한 기준, 절차, 감독, 구제 및 투명성 제고 방안은 본 장과 `제1장(권리장전)`, `제13장(선거)`에 따라 연방 법률·황제령으로 정한다.	4단계 대상 식별·치환 대기
REF-L09900-C0059	9900	60	제13장	15	21-2	SRC-C15-L09889	SRC-C15-L09889	제18장 제7절 비전통안보	17335	MDM 대응과 관련한 기준, 절차, 감독, 구제 및 투명성 제고 방안은 본 장과 `제1장(권리장전)`, `제13장(선거)`에 따라 연방 법률·황제령으로 정한다.	4단계 대상 식별·치환 대기
REF-L09448-C0009	9448	10	본 조	15	3-4	SRC-C15-L09443	SRC-C15-L09443	제18장 제8절 민주적·사법적·감사통제와 공개	17435	연방 정보국은 `본 조 제1항`의 점검에 대하여 정당한 사유 없이 거부·방해 또는 지연하여서는 아니되며, 거부·방해 또는 지연한 경우 그 책임 있는 자는 징계 및 형사 책임을 진다.	4단계 대상 식별·치환 대기
REF-L09448-C0013	9448	14	제1항	15	3-4	SRC-C15-L09443	SRC-C15-L09443	제18장 제8절 민주적·사법적·감사통제와 공개	17435	연방 정보국은 `본 조 제1항`의 점검에 대하여 정당한 사유 없이 거부·방해 또는 지연하여서는 아니되며, 거부·방해 또는 지연한 경우 그 책임 있는 자는 징계 및 형사 책임을 진다.	4단계 대상 식별·치환 대기
REF-L09746-C0009	9746	10	본 장	15	11	SRC-C15-L09744	SRC-C15-L09744	제18장 제8절 민주적·사법적·감사통제와 공개	17552	연방 정보기관은 본 장과 `제1장(권리장전)`에 따른 정보기본권 보장을 위하여, 위험을 초래하지 않는 범위에서 통계·지표·연례보고서 등을 정기적으로 공시하여야 한다.	4단계 대상 식별·치환 대기
REF-L09746-C0015	9746	16	제1장	15	11	SRC-C15-L09744	SRC-C15-L09744	제18장 제8절 민주적·사법적·감사통제와 공개	17552	연방 정보기관은 본 장과 `제1장(권리장전)`에 따른 정보기본권 보장을 위하여, 위험을 초래하지 않는 범위에서 통계·지표·연례보고서 등을 정기적으로 공시하여야 한다.	4단계 대상 식별·치환 대기
REF-L09755-C0084	9755	85	제12조의 3	15	12	SRC-C15-L09753	SRC-C15-L09753	제18장 제8절 민주적·사법적·감사통제와 공개	17571	연방 정보기관의 활동에 대한 성과·효율·권리보장 수준 평가는 연방 감사원·독립감독 기관·정보위원회가 각기 역할을 분담하여 수행한다. 이 경우 평가는 `제12조의 3` 및 `제18조`에 따른 KPI·운영지표를 포함하는 종합 평가여야 한다.	4단계 대상 식별·치환 대기
REF-L09755-C0096	9755	97	제18조	15	12	SRC-C15-L09753	SRC-C15-L09753	제18장 제8절 민주적·사법적·감사통제와 공개	17571	연방 정보기관의 활동에 대한 성과·효율·권리보장 수준 평가는 연방 감사원·독립감독 기관·정보위원회가 각기 역할을 분담하여 수행한다. 이 경우 평가는 `제12조의 3` 및 `제18조`에 따른 KPI·운영지표를 포함하는 종합 평가여야 한다.	4단계 대상 식별·치환 대기
REF-L09762-C0010	9762	11	제14장	15	12-2	SRC-C15-L09760	SRC-C15-L09760	제18장 제8절 민주적·사법적·감사통제와 공개	17588	연방 정보기관은 `제14장(개헌)`에 따라 정립된 CAS 데이터 스키마를 준수하여, 선거·개헌·신민투표 관련 정보와 비전통 안보 관련 데이터가 상호 호환되도록 하여야 한다.	4단계 대상 식별·치환 대기
REF-L09852-C0015	9852	16	제12조의 3	15	18	SRC-C15-L09850	SRC-C15-L09850	제18장 제8절 민주적·사법적·감사통제와 공개	17662	연방 정보기관의 KPI는 `제12조의 3`에 따른 기준에 기초하여, 예방·억제 효과, 기본권 보호, 국제 평가, 조직 문화, 혁신·학습 능력 등 다차원 지표로 구성된다.	4단계 대상 식별·치환 대기
REF-L09982-C0015	9982	16	각 호	16	2-2	SRC-C16-L09980	SRC-C16-L09980	제19장 제2절 원장·조직·예산	17766	연방 감사원 산하에는 다음 각 호의 기능별 조직, 부서부처를 둔다.	4단계 대상 식별·치환 대기
REF-L10027-C0017	10027	18	제5장	16	4	SRC-C16-L10025	SRC-C16-L10025	제19장 제2절 원장·조직·예산	17836	연방 감사원은 본 연방 헌법 `제5장(입법)`에 따른 예산편성 절차 안에서 독립 예산을 편성·요구할 권리를 가진다.	4단계 대상 식별·치환 대기
REF-L10373-C0058	10373	59	본 장	16	13-6	SRC-C16-L10371	SRC-C16-L10371	제19장 제2절 원장·조직·예산	17858	연방 감사원장 및 감사원 구성원은 정치적 중립성과 직무상의 독립성을 유지하여야 하며, 그 지위와 신분은 본 장과 연방 법률·황제령이 정하는 바에 따라 보호된다.	4단계 대상 식별·치환 대기
REF-L10041-C0011	10041	12	각 호	16	5	SRC-C16-L10039	SRC-C16-L10039	제19장 제3절 감사권한·범위·정보접근	17882	연방 감사원은 다음 각 호에 대하여 감사를 실시한다.	4단계 대상 식별·치환 대기
REF-L10044-C0064	10044	65	동 조	16	5	SRC-C16-L10039	SRC-C16-L10039	제19장 제3절 감사권한·범위·정보접근	17885	3. 연방과 주·행성·구역의 공동사업 및 이양재원 사용에 관한 사항. 관할 충돌 시에는 원칙적으로 합동 감사 및 합동 조정의 순으로 하며, 자치단위 감사기관의 독립성을 존중하되 최종적인 기준·판단의 통일은 연방 감사원의 조정 권한을 따름.	4단계 대상 식별·치환 대기
REF-L10050-C0026	10050	27	제5조의 2	16	5	SRC-C16-L10039	SRC-C16-L10039	제19장 제3절 감사권한·범위·정보접근	17891	정당·선거의 재정 및 정치자금에 관한 감사는 `제5조의 2`에 따른다.	4단계 대상 식별·치환 대기
REF-L10057-C0029	10057	30	각 호	16	5-2	SRC-C16-L10055	SRC-C16-L10055	제19장 제3절 감사권한·범위·정보접근	17907	연방 감사원은 연방 법률이 정하는 바에 따라, 다음 각 호의 사안에 대하여 민간에 대한 감사를 실시할 수 있다.	4단계 대상 식별·치환 대기
REF-L10066-C0138	10066	139	제9조	16	5-2	SRC-C16-L10055	SRC-C16-L10055	제19장 제3절 감사권한·범위·정보접근	17916	기업체·법인 등 민간의 운영·경영상 비밀 보호가 특히 요구되는·필요한 경우, 연방 정보국·연방 감사원과 감사 대상 및 `(존재하는 경우)`고발·신고 개인·기관이 합의하면 비공개감사로 진행할 수 있다. 이 경우 감사결과의 요지와 시정·환수 조치는 `제9조`에 따른 지연공개·비식별 공개의 방식으로 처리할 수 있으며, 비공개 합의는 위법 은폐의 수단이 되어서는 아니된다. 신고자 안전·소재 불명 등의 사유가 있는 때에는 연방 법원이 지정하는 보호대리로 합의 절차를 갈음할 수 있다.	4단계 대상 식별·치환 대기
REF-L10092-C0009	10092	10	제15장	16	5-4	SRC-C16-L10090	SRC-C16-L10090	제19장 제3절 감사권한·범위·정보접근	17960	연방 감사원은 `제15장(정보)`에 따른 정보기관 및 `제17장(능력자 감독)`에 따른 능력자 감독 기관에 대하여도 감사를 실시한다. 다만, 국가안전보장·정보원 보호·능력저 정보 특수성을 고려한 절차·범위 특례를 둘 수 있다.	4단계 대상 식별·치환 대기
REF-L10092-C0031	10092	32	제17장	16	5-4	SRC-C16-L10090	SRC-C16-L10090	제19장 제3절 감사권한·범위·정보접근	17960	연방 감사원은 `제15장(정보)`에 따른 정보기관 및 `제17장(능력자 감독)`에 따른 능력자 감독 기관에 대하여도 감사를 실시한다. 다만, 국가안전보장·정보원 보호·능력저 정보 특수성을 고려한 절차·범위 특례를 둘 수 있다.	4단계 대상 식별·치환 대기
REF-L10098-C0040	10098	41	제11장	16	5-4	SRC-C16-L10090	SRC-C16-L10090	제19장 제3절 감사권한·범위·정보접근	17966	정보기관·능력자 관련 기관 감사의 구체적 절차·범위·기밀 보호 장치는 `제11장(국가방위)`, `제15장(정보)`, `제17장(능력자 감독)` 및 연방 법률·황제령으로 정한다.	4단계 대상 식별·치환 대기
REF-L10098-C0054	10098	55	제15장	16	5-4	SRC-C16-L10090	SRC-C16-L10090	제19장 제3절 감사권한·범위·정보접근	17966	정보기관·능력자 관련 기관 감사의 구체적 절차·범위·기밀 보호 장치는 `제11장(국가방위)`, `제15장(정보)`, `제17장(능력자 감독)` 및 연방 법률·황제령으로 정한다.	4단계 대상 식별·치환 대기
REF-L10098-C0066	10098	67	제17장	16	5-4	SRC-C16-L10090	SRC-C16-L10090	제19장 제3절 감사권한·범위·정보접근	17966	정보기관·능력자 관련 기관 감사의 구체적 절차·범위·기밀 보호 장치는 `제11장(국가방위)`, `제15장(정보)`, `제17장(능력자 감독)` 및 연방 법률·황제령으로 정한다.	4단계 대상 식별·치환 대기
REF-L10107-C0098	10107	99	제15장	16	6	SRC-C16-L10102	SRC-C16-L10102	제19장 제3절 감사권한·범위·정보접근	17984	군사·정보 등 기밀 사안의 기준은 연방 법률·황제령이 정하는 절차로 처리하되, 공개의 원칙과 지연공개의 예외를 둔다. 이 경우 비밀 등급, 일몰, 재검토에 관한 세부 기준은 `제15장(정보)`과 연방 법률·황제령에 따른다.	4단계 대상 식별·치환 대기
REF-L10114-C0121	10114	122	제15장	16	6-2	SRC-C16-L10112	SRC-C16-L10112	제19장 제3절 감사권한·범위·정보접근	18001	감사 개시 시점부터 관련 데이터·로그·증적은 보전 의무의 대상이 되며, 전자서명·해시 등 무결성 확보 원칙을 따른다. 구체 기준은 연방 법률·황제령으로 정하며, 비밀정보·민감정보의 분류, 보존, 폐기에 관한 사항은 `제15장(정보)` 및 관련 연방 법률·황제령에 따른다.	4단계 대상 식별·치환 대기
REF-L10123-C0081	10123	82	제13장	16	7	SRC-C16-L10121	SRC-C16-L10121	제19장 제3절 감사권한·범위·정보접근	18020	자동화된 행정결정 체계와 그 데이터·기록은 감사에 적합하도록 설계·운영되어야 한다. 특히, 선거 분야의 기술 규격·로그 및 감사 추적성에 관한 `제13장(선거)`의 규정 및 연방 법률·황제령과 합치되어야 한다.	4단계 대상 식별·치환 대기
REF-L10133-C0015	10133	16	각 호	16	7-2	SRC-C16-L10128	SRC-C16-L10128	제19장 제4절 감사절차·피감사자 권리·신고자 보호	18042	감사 계획에는 최소한 다음 각 호의 사항이 포함되어야 한다.	4단계 대상 식별·치환 대기
REF-L10142-C0011	10142	12	제11장	16	7-2	SRC-C16-L10128	SRC-C16-L10128	제19장 제4절 감사절차·피감사자 권리·신고자 보호	18051	비상사태·전시 등 `제11장(국가방위)`에 따른 상태에서의 감사계획 보완·변경은 본 장 `제12조의 2`에 따른다.	4단계 대상 식별·치환 대기
REF-L10142-C0045	10142	46	본 장	16	7-2	SRC-C16-L10128	SRC-C16-L10128	제19장 제4절 감사절차·피감사자 권리·신고자 보호	18051	비상사태·전시 등 `제11장(국가방위)`에 따른 상태에서의 감사계획 보완·변경은 본 장 `제12조의 2`에 따른다.	4단계 대상 식별·치환 대기
REF-L10142-C0050	10142	51	제12조의 2	16	7-2	SRC-C16-L10128	SRC-C16-L10128	제19장 제4절 감사절차·피감사자 권리·신고자 보호	18051	비상사태·전시 등 `제11장(국가방위)`에 따른 상태에서의 감사계획 보완·변경은 본 장 `제12조의 2`에 따른다.	4단계 대상 식별·치환 대기
REF-L10168-C0040	10168	41	제7장	16	8	SRC-C16-L10160	SRC-C16-L10160	제19장 제4절 감사절차·피감사자 권리·신고자 보호	18093	결산감사 결과는 예산편성, 중기재정계획, 재정준칙의 운용에 반영되도록 `제7장(경제)` 및 관련 연방 법률·황제령과 연계하여 처리하여야 한다.	4단계 대상 식별·치환 대기
REF-L10172-C0011	10172	12	각 호	16	8-2	SRC-C16-L10170	SRC-C16-L10170	제19장 제4절 감사절차·피감사자 권리·신고자 보호	18106	연방 감사원은 다음 각 호의 사유가 있는 경우, 연방 황실 및 황제에게 직보할 수 있다.	4단계 대상 식별·치환 대기
REF-L10247-C0000	10247	1	본 조	16	10-3	SRC-C16-L10239	SRC-C16-L10239	제19장 제4절 감사절차·피감사자 권리·신고자 보호	18183	본 조에 따른 소명 및 내부 이의신청 절차는 `제12조`에 따른 사법심사 및 기타 법적 구제수단을 제한하지 아니한다.	4단계 대상 식별·치환 대기
REF-L10247-C0026	10247	27	제12조	16	10-3	SRC-C16-L10239	SRC-C16-L10239	제19장 제4절 감사절차·피감사자 권리·신고자 보호	18183	본 조에 따른 소명 및 내부 이의신청 절차는 `제12조`에 따른 사법심사 및 기타 법적 구제수단을 제한하지 아니한다.	4단계 대상 식별·치환 대기
REF-L10276-C0003	10276	4	각 호	16	11-3	SRC-C16-L10274	SRC-C16-L10274	제19장 제4절 감사절차·피감사자 권리·신고자 보호	18198	다음 각 호의 자는 연방 감사원에 신고 또는 고발을 할 수 있다.	4단계 대상 식별·치환 대기
REF-L10278-C0013	10278	14	제15장	16	11-3	SRC-C16-L10274	SRC-C16-L10274	제19장 제4절 감사절차·피감사자 권리·신고자 보호	18200	2. 연방 정보국 및 `제15장(정보)`에 따른 관련 기관`(정보 보호·전달 경로 협력)`.	4단계 대상 식별·치환 대기
REF-L10289-C0039	10289	40	제15장	16	11-3	SRC-C16-L10274	SRC-C16-L10274	제19장 제4절 감사절차·피감사자 권리·신고자 보호	18211	신고·고발 과정에 관한 비밀 보호, 기록 보존 및 정보 열람 제한은 `제15장(정보)` 및 관련 연방 법률·황제령에 따른다.	4단계 대상 식별·치환 대기
REF-L10221-C0094	10221	95	제11조	16	10	SRC-C16-L10216	SRC-C16-L10216	제19장 제5절 감사결과·시정·C/E·이행점검	18245	피감사기관은 이행 계획과 기한을 포함한 조치계획을 연방 감사원에 제출하여야 하며, 정당한 사유 없이 이를 이행하지 아니하는 경우 연방 감사원은 재감사·추가 권고 또는 `제11조`에 따른 제재·이첩 조치를 할 수 있다.	4단계 대상 식별·치환 대기
REF-L10272-C0037	10272	38	제13조	16	11-2	SRC-C16-L10261	SRC-C16-L10261	제19장 제6절 사법통제·기관 간 연계	18291	긴급한 증거인멸 또는 재정유출 위험이 있는 경우, 연방 감사원은 `제13조 제3항`에 따른 임시조치 요청과 함께 즉시 이첩 또는 고발할 수 있다.	4단계 대상 식별·치환 대기
REF-L10272-C0042	10272	43	제3항	16	11-2	SRC-C16-L10261	SRC-C16-L10261	제19장 제6절 사법통제·기관 간 연계	18291	긴급한 증거인멸 또는 재정유출 위험이 있는 경우, 연방 감사원은 `제13조 제3항`에 따른 임시조치 요청과 함께 즉시 이첩 또는 고발할 수 있다.	4단계 대상 식별·치환 대기
REF-L10299-C0027	10299	28	제9조	16	11-4	SRC-C16-L10291	SRC-C16-L10291	제19장 제6절 사법통제·기관 간 연계	18310	사법감사 결과는 연방 법원에 제출하며, 공개는 `제9조`의 공개의 원칙과 지연공개 규정에 따른다.	4단계 대상 식별·치환 대기
REF-L10308-C0076	10308	77	제6장	16	12	SRC-C16-L10306	SRC-C16-L10306	제19장 제6절 사법통제·기관 간 연계	18328	연방 감사원의 처분 등에 대한 위법성 심사는 연방 법률이 정하는 관할 법원이 담당한다. 선거·정당·부패·공직윤리 및 재정 관련 쟁송은 `제6장 제2조의 2` 및 `제10조`에서 정한 `연방 3-3 우선 배당 절차`에 따라 우선 배당한다.	4단계 대상 식별·치환 대기
REF-L10308-C0080	10308	81	제2조의 2	16	12	SRC-C16-L10306	SRC-C16-L10306	제19장 제6절 사법통제·기관 간 연계	18328	연방 감사원의 처분 등에 대한 위법성 심사는 연방 법률이 정하는 관할 법원이 담당한다. 선거·정당·부패·공직윤리 및 재정 관련 쟁송은 `제6장 제2조의 2` 및 `제10조`에서 정한 `연방 3-3 우선 배당 절차`에 따라 우선 배당한다.	4단계 대상 식별·치환 대기
REF-L10308-C0091	10308	92	제10조	16	12	SRC-C16-L10306	SRC-C16-L10306	제19장 제6절 사법통제·기관 간 연계	18328	연방 감사원의 처분 등에 대한 위법성 심사는 연방 법률이 정하는 관할 법원이 담당한다. 선거·정당·부패·공직윤리 및 재정 관련 쟁송은 `제6장 제2조의 2` 및 `제10조`에서 정한 `연방 3-3 우선 배당 절차`에 따라 우선 배당한다.	4단계 대상 식별·치환 대기
REF-L10207-C0030	10207	31	제11장	16	9	SRC-C16-L10199	SRC-C16-L10199	제19장 제7절 감사정보·투명성·공개	18425	지연공개, 비공개의 일몰 기간 및 연장 사유·절차는 `제11장(국가방위)` 및 `제15장(정보)`에 따른 비밀 정보 관리 원칙과 조화를 이루도록 연방 법률·황제령으로 정한다.	4단계 대상 식별·치환 대기
REF-L10207-C0045	10207	46	제15장	16	9	SRC-C16-L10199	SRC-C16-L10199	제19장 제7절 감사정보·투명성·공개	18425	지연공개, 비공개의 일몰 기간 및 연장 사유·절차는 `제11장(국가방위)` 및 `제15장(정보)`에 따른 비밀 정보 관리 원칙과 조화를 이루도록 연방 법률·황제령으로 정한다.	4단계 대상 식별·치환 대기
REF-L10210-C0045	10210	46	제13장	16	9	SRC-C16-L10199	SRC-C16-L10199	제19장 제7절 감사정보·투명성·공개	18428	선거, 정당, 재정지표 등 민주적 통제에 핵심적인 정보의 적시·비교가능 공개는 `제13장(선거)`의 기준에 따라, 연방 선거감독청과 연동된 동일 채널로 공표한다.	4단계 대상 식별·치환 대기
REF-L10406-C0011	10406	12	본 장	17	1	SRC-C17-L10401	SRC-C17-L10401	제20장 제1절 능력자 감독체계의 지위·정의	18452	황실 능력자관리국과 본 장에서 정하는 능력자 감독 체계는 연방 내 모든 유형의 능력과 그 행사로부터 발생하는 위험·책임·권리보호에 관한 최고 규범으로서, 연방 황실, 연방 최고평의회, 연방 총의회, 연방 대법원 및 제국도교 중앙교구가 각자의 헌법상 권한 범위 안에서 일르 분담·상호 견제한다.이 경우, `제2장(연방총칙)`, `제3장(황실)`, `제4장(행정)`, `제5장(입법)`, `제11장(국가방위)`, `제14장(개헌)`, `제15장(정보)`, `제16장(감사)`의 각 규정을 준수하며 그 해석에 의하여 보충된다.	4단계 대상 식별·치환 대기
REF-L10406-C0170	10406	171	제2장	17	1	SRC-C17-L10401	SRC-C17-L10401	제20장 제1절 능력자 감독체계의 지위·정의	18452	황실 능력자관리국과 본 장에서 정하는 능력자 감독 체계는 연방 내 모든 유형의 능력과 그 행사로부터 발생하는 위험·책임·권리보호에 관한 최고 규범으로서, 연방 황실, 연방 최고평의회, 연방 총의회, 연방 대법원 및 제국도교 중앙교구가 각자의 헌법상 권한 범위 안에서 일르 분담·상호 견제한다.이 경우, `제2장(연방총칙)`, `제3장(황실)`, `제4장(행정)`, `제5장(입법)`, `제11장(국가방위)`, `제14장(개헌)`, `제15장(정보)`, `제16장(감사)`의 각 규정을 준수하며 그 해석에 의하여 보충된다.	4단계 대상 식별·치환 대기
REF-L10406-C0183	10406	184	제3장	17	1	SRC-C17-L10401	SRC-C17-L10401	제20장 제1절 능력자 감독체계의 지위·정의	18452	황실 능력자관리국과 본 장에서 정하는 능력자 감독 체계는 연방 내 모든 유형의 능력과 그 행사로부터 발생하는 위험·책임·권리보호에 관한 최고 규범으로서, 연방 황실, 연방 최고평의회, 연방 총의회, 연방 대법원 및 제국도교 중앙교구가 각자의 헌법상 권한 범위 안에서 일르 분담·상호 견제한다.이 경우, `제2장(연방총칙)`, `제3장(황실)`, `제4장(행정)`, `제5장(입법)`, `제11장(국가방위)`, `제14장(개헌)`, `제15장(정보)`, `제16장(감사)`의 각 규정을 준수하며 그 해석에 의하여 보충된다.	4단계 대상 식별·치환 대기
REF-L10406-C0194	10406	195	제4장	17	1	SRC-C17-L10401	SRC-C17-L10401	제20장 제1절 능력자 감독체계의 지위·정의	18452	황실 능력자관리국과 본 장에서 정하는 능력자 감독 체계는 연방 내 모든 유형의 능력과 그 행사로부터 발생하는 위험·책임·권리보호에 관한 최고 규범으로서, 연방 황실, 연방 최고평의회, 연방 총의회, 연방 대법원 및 제국도교 중앙교구가 각자의 헌법상 권한 범위 안에서 일르 분담·상호 견제한다.이 경우, `제2장(연방총칙)`, `제3장(황실)`, `제4장(행정)`, `제5장(입법)`, `제11장(국가방위)`, `제14장(개헌)`, `제15장(정보)`, `제16장(감사)`의 각 규정을 준수하며 그 해석에 의하여 보충된다.	4단계 대상 식별·치환 대기
REF-L10406-C0205	10406	206	제5장	17	1	SRC-C17-L10401	SRC-C17-L10401	제20장 제1절 능력자 감독체계의 지위·정의	18452	황실 능력자관리국과 본 장에서 정하는 능력자 감독 체계는 연방 내 모든 유형의 능력과 그 행사로부터 발생하는 위험·책임·권리보호에 관한 최고 규범으로서, 연방 황실, 연방 최고평의회, 연방 총의회, 연방 대법원 및 제국도교 중앙교구가 각자의 헌법상 권한 범위 안에서 일르 분담·상호 견제한다.이 경우, `제2장(연방총칙)`, `제3장(황실)`, `제4장(행정)`, `제5장(입법)`, `제11장(국가방위)`, `제14장(개헌)`, `제15장(정보)`, `제16장(감사)`의 각 규정을 준수하며 그 해석에 의하여 보충된다.	4단계 대상 식별·치환 대기
REF-L10406-C0216	10406	217	제11장	17	1	SRC-C17-L10401	SRC-C17-L10401	제20장 제1절 능력자 감독체계의 지위·정의	18452	황실 능력자관리국과 본 장에서 정하는 능력자 감독 체계는 연방 내 모든 유형의 능력과 그 행사로부터 발생하는 위험·책임·권리보호에 관한 최고 규범으로서, 연방 황실, 연방 최고평의회, 연방 총의회, 연방 대법원 및 제국도교 중앙교구가 각자의 헌법상 권한 범위 안에서 일르 분담·상호 견제한다.이 경우, `제2장(연방총칙)`, `제3장(황실)`, `제4장(행정)`, `제5장(입법)`, `제11장(국가방위)`, `제14장(개헌)`, `제15장(정보)`, `제16장(감사)`의 각 규정을 준수하며 그 해석에 의하여 보충된다.	4단계 대상 식별·치환 대기
REF-L10406-C0230	10406	231	제14장	17	1	SRC-C17-L10401	SRC-C17-L10401	제20장 제1절 능력자 감독체계의 지위·정의	18452	황실 능력자관리국과 본 장에서 정하는 능력자 감독 체계는 연방 내 모든 유형의 능력과 그 행사로부터 발생하는 위험·책임·권리보호에 관한 최고 규범으로서, 연방 황실, 연방 최고평의회, 연방 총의회, 연방 대법원 및 제국도교 중앙교구가 각자의 헌법상 권한 범위 안에서 일르 분담·상호 견제한다.이 경우, `제2장(연방총칙)`, `제3장(황실)`, `제4장(행정)`, `제5장(입법)`, `제11장(국가방위)`, `제14장(개헌)`, `제15장(정보)`, `제16장(감사)`의 각 규정을 준수하며 그 해석에 의하여 보충된다.	4단계 대상 식별·치환 대기
REF-L10406-C0242	10406	243	제15장	17	1	SRC-C17-L10401	SRC-C17-L10401	제20장 제1절 능력자 감독체계의 지위·정의	18452	황실 능력자관리국과 본 장에서 정하는 능력자 감독 체계는 연방 내 모든 유형의 능력과 그 행사로부터 발생하는 위험·책임·권리보호에 관한 최고 규범으로서, 연방 황실, 연방 최고평의회, 연방 총의회, 연방 대법원 및 제국도교 중앙교구가 각자의 헌법상 권한 범위 안에서 일르 분담·상호 견제한다.이 경우, `제2장(연방총칙)`, `제3장(황실)`, `제4장(행정)`, `제5장(입법)`, `제11장(국가방위)`, `제14장(개헌)`, `제15장(정보)`, `제16장(감사)`의 각 규정을 준수하며 그 해석에 의하여 보충된다.	4단계 대상 식별·치환 대기
REF-L10406-C0254	10406	255	제16장	17	1	SRC-C17-L10401	SRC-C17-L10401	제20장 제1절 능력자 감독체계의 지위·정의	18452	황실 능력자관리국과 본 장에서 정하는 능력자 감독 체계는 연방 내 모든 유형의 능력과 그 행사로부터 발생하는 위험·책임·권리보호에 관한 최고 규범으로서, 연방 황실, 연방 최고평의회, 연방 총의회, 연방 대법원 및 제국도교 중앙교구가 각자의 헌법상 권한 범위 안에서 일르 분담·상호 견제한다.이 경우, `제2장(연방총칙)`, `제3장(황실)`, `제4장(행정)`, `제5장(입법)`, `제11장(국가방위)`, `제14장(개헌)`, `제15장(정보)`, `제16장(감사)`의 각 규정을 준수하며 그 해석에 의하여 보충된다.	4단계 대상 식별·치환 대기
REF-L10409-C0067	10409	68	제2장	17	1	SRC-C17-L10401	SRC-C17-L10401	제20장 제1절 능력자 감독체계의 지위·정의	18455	황실 능력자관리국의 결정·명령·고시·지침 및 동원·해제에 관한 사항은 전자관보에 공표하며, 형식·보존 및 공개 범위는 `제2장(연방총칙)`, `제11장(국가방위)`, `제15장(정보)`, `제16장(감사)`의 규정에 따른다.	4단계 대상 식별·치환 대기
REF-L10409-C0080	10409	81	제11장	17	1	SRC-C17-L10401	SRC-C17-L10401	제20장 제1절 능력자 감독체계의 지위·정의	18455	황실 능력자관리국의 결정·명령·고시·지침 및 동원·해제에 관한 사항은 전자관보에 공표하며, 형식·보존 및 공개 범위는 `제2장(연방총칙)`, `제11장(국가방위)`, `제15장(정보)`, `제16장(감사)`의 규정에 따른다.	4단계 대상 식별·치환 대기
REF-L10409-C0094	10409	95	제15장	17	1	SRC-C17-L10401	SRC-C17-L10401	제20장 제1절 능력자 감독체계의 지위·정의	18455	황실 능력자관리국의 결정·명령·고시·지침 및 동원·해제에 관한 사항은 전자관보에 공표하며, 형식·보존 및 공개 범위는 `제2장(연방총칙)`, `제11장(국가방위)`, `제15장(정보)`, `제16장(감사)`의 규정에 따른다.	4단계 대상 식별·치환 대기
REF-L10409-C0106	10409	107	제16장	17	1	SRC-C17-L10401	SRC-C17-L10401	제20장 제1절 능력자 감독체계의 지위·정의	18455	황실 능력자관리국의 결정·명령·고시·지침 및 동원·해제에 관한 사항은 전자관보에 공표하며, 형식·보존 및 공개 범위는 `제2장(연방총칙)`, `제11장(국가방위)`, `제15장(정보)`, `제16장(감사)`의 규정에 따른다.	4단계 대상 식별·치환 대기
REF-L10413-C0000	10413	1	본 장	17	1-2	SRC-C17-L10411	SRC-C17-L10411	제20장 제1절 능력자 감독체계의 지위·정의	18469	"본 장에서 `""능력""`이란, 마법, 신성력, 의례, 차원 작용, 예지, 감응, 정신 개입, 생체 변조, 기계 결합 및 그 밖에 자연 법칙의 통상적 범위를 벗어나거나 이에 준하는 영향력을 행사하는 힘을 말한다."	4단계 대상 식별·치환 대기
REF-L10419-C0123	10419	124	본 장	17	1-2	SRC-C17-L10411	SRC-C17-L10411	제20장 제1절 능력자 감독체계의 지위·정의	18475	"`""증강 인체""`란, 의학, 공학, 의례, 생체개조, 기계결합 및 기타 방법으로 능력의 발현·증폭·유지·대체를 위하여 신체·정신·생체기능이 상시 변화된 자 또는 그러한 장치를 상시 이식·결합한 자를 말하며, 증강 인체는 본 장에서 말하는 능력자에 포함된다."	4단계 대상 식별·치환 대기
REF-L10428-C0000	10428	1	본 장	17	1-2	SRC-C17-L10411	SRC-C17-L10411	제20장 제1절 능력자 감독체계의 지위·정의	18484	"본 장에서 `""특수 능력자군""`이란, 강성자, 초월자 후보, 신성능력자, 심루자, 감응자, 예지자 및 이에 준하는 고유한 계보·분파·의례에 속하는 능력자를 말하며, 그 범위는 연방 법률·황제령으로 정한다."	4단계 대상 식별·치환 대기
REF-L10446-C0000	10446	1	본 장	17	3	SRC-C17-L10444	SRC-C17-L10444	제20장 제1절 능력자 감독체계의 지위·정의	18500	본 장은 속성 마법 사용자, 신성능력자 및 성직자·기사, 생명력술사, 의례·마법공학 심루자, 감응자·예지자, 초월자 후보, 증강 인체, 차원 조종자 등 연방 내 모든 유형의 능력자에게 적용한다.	4단계 대상 식별·치환 대기
REF-L10449-C0059	10449	60	본 장	17	3	SRC-C17-L10444	SRC-C17-L10444	제20장 제1절 능력자 감독체계의 지위·정의	18503	모노리스·관문·룬엔진·결계망 등 대형 장치·의식과 차원류·균열 등 차원 관련 사건의 안전 기준·운용규범은 본 장과 `제7장(경제)`, `제11장(국가방위)`, `제15장(정보)` 및 관련 연방 법률·황제령에 따른다.	4단계 대상 식별·치환 대기
REF-L10449-C0065	10449	66	제7장	17	3	SRC-C17-L10444	SRC-C17-L10444	제20장 제1절 능력자 감독체계의 지위·정의	18503	모노리스·관문·룬엔진·결계망 등 대형 장치·의식과 차원류·균열 등 차원 관련 사건의 안전 기준·운용규범은 본 장과 `제7장(경제)`, `제11장(국가방위)`, `제15장(정보)` 및 관련 연방 법률·황제령에 따른다.	4단계 대상 식별·치환 대기
REF-L10449-C0076	10449	77	제11장	17	3	SRC-C17-L10444	SRC-C17-L10444	제20장 제1절 능력자 감독체계의 지위·정의	18503	모노리스·관문·룬엔진·결계망 등 대형 장치·의식과 차원류·균열 등 차원 관련 사건의 안전 기준·운용규범은 본 장과 `제7장(경제)`, `제11장(국가방위)`, `제15장(정보)` 및 관련 연방 법률·황제령에 따른다.	4단계 대상 식별·치환 대기
REF-L10449-C0090	10449	91	제15장	17	3	SRC-C17-L10444	SRC-C17-L10444	제20장 제1절 능력자 감독체계의 지위·정의	18503	모노리스·관문·룬엔진·결계망 등 대형 장치·의식과 차원류·균열 등 차원 관련 사건의 안전 기준·운용규범은 본 장과 `제7장(경제)`, `제11장(국가방위)`, `제15장(정보)` 및 관련 연방 법률·황제령에 따른다.	4단계 대상 식별·치환 대기
REF-L10434-C0024	10434	25	제1장	17	2	SRC-C17-L10432	SRC-C17-L10432-P01	제20장 제2절 능력·위험·책임의 헌법원칙	18522	능력자 감독 체계는 연방 헌법상 기본권과 `제1장(권리장전)`의 원칙을 존중하면서도, 공공의 안정과 차원 안정, 타인의 생명·신체·정신의 자유와 종교의례의 안전을 보호하기 위하여 필요한 최소한의 범위에서만 능력과 능력자의 활동을 제한하여야 한다.	4단계 대상 식별·치환 대기
REF-L10875-C0001	10875	2	본 조	17	13-8	SRC-C17-L10861	SRC-C17-L10861	제20장 제2절 능력·위험·책임의 헌법원칙	18551	`본 조 제3항 및 제4항`에 따른 조달·계약 및 회계에 관한 외부 감사·감독과 제재는 `제16장(감사)` 및 관련 연방 법률·황제령이 정하는 바에 따른다.	4단계 대상 식별·치환 대기
REF-L10875-C0005	10875	6	제3항	17	13-8	SRC-C17-L10861	SRC-C17-L10861	제20장 제2절 능력·위험·책임의 헌법원칙	18551	`본 조 제3항 및 제4항`에 따른 조달·계약 및 회계에 관한 외부 감사·감독과 제재는 `제16장(감사)` 및 관련 연방 법률·황제령이 정하는 바에 따른다.	4단계 대상 식별·치환 대기
REF-L10875-C0011	10875	12	제4항	17	13-8	SRC-C17-L10861	SRC-C17-L10861	제20장 제2절 능력·위험·책임의 헌법원칙	18551	`본 조 제3항 및 제4항`에 따른 조달·계약 및 회계에 관한 외부 감사·감독과 제재는 `제16장(감사)` 및 관련 연방 법률·황제령이 정하는 바에 따른다.	4단계 대상 식별·치환 대기
REF-L10875-C0050	10875	51	제16장	17	13-8	SRC-C17-L10861	SRC-C17-L10861	제20장 제2절 능력·위험·책임의 헌법원칙	18551	`본 조 제3항 및 제4항`에 따른 조달·계약 및 회계에 관한 외부 감사·감독과 제재는 `제16장(감사)` 및 관련 연방 법률·황제령이 정하는 바에 따른다.	4단계 대상 식별·치환 대기
REF-L10457-C0014	10457	15	각 호	17	4	SRC-C17-L10455	SRC-C17-L10455	제20장 제3절 감독기관의 조직·권한	18568	황실 능력자관리국은 다음 각 호의 사무를 관장한다.	4단계 대상 식별·치환 대기
REF-L10465-C0052	10465	53	제16장	17	4	SRC-C17-L10455	SRC-C17-L10455	제20장 제3절 감독기관의 조직·권한	18576	황실 능력자관리국은 연방 총의회 및 연방 최고평의회에 연 1회 이상 활동보고서를 제출하고, `제16장(감사)`이 정하는 바에 따라 연방 감사원의 감사를 받는다.	4단계 대상 식별·치환 대기
REF-L10472-C0070	10472	71	제4장	17	4-2	SRC-C17-L10470	SRC-C17-L10470	제20장 제3절 감독기관의 조직·권한	18592	황실 능력자관리국의 국장·차장 및 핵심 보직자는 정치적 중립성과 직무상의 독립을 보장받는다. 그 임명, 연임, 해임 절차는 `제4장(행정)`과 `제5장(입법)`의 규정을 준용하여 연방 법률·황제령으로 정한다.	4단계 대상 식별·치환 대기
REF-L10472-C0081	10472	82	제5장	17	4-2	SRC-C17-L10470	SRC-C17-L10470	제20장 제3절 감독기관의 조직·권한	18592	황실 능력자관리국의 국장·차장 및 핵심 보직자는 정치적 중립성과 직무상의 독립을 보장받는다. 그 임명, 연임, 해임 절차는 `제4장(행정)`과 `제5장(입법)`의 규정을 준용하여 연방 법률·황제령으로 정한다.	4단계 대상 식별·치환 대기
REF-L10509-C0084	10509	85	제15장	17	6	SRC-C17-L10504	SRC-C17-L10504	제20장 제3절 감독기관의 조직·권한	18656	연방 정보국은 능력 남용, 차원 테러, 반규제 과격집단에 대한 정보 수집·분석을 담당하며, 황실 능력자관리국과 정보를 공유한다. 정보의 수집·이용은 `제15장(정보)`, `제16장(감사)`의 통제를 받는다.	4단계 대상 식별·치환 대기
REF-L10509-C0096	10509	97	제16장	17	6	SRC-C17-L10504	SRC-C17-L10504	제20장 제3절 감독기관의 조직·권한	18656	연방 정보국은 능력 남용, 차원 테러, 반규제 과격집단에 대한 정보 수집·분석을 담당하며, 황실 능력자관리국과 정보를 공유한다. 정보의 수집·이용은 `제15장(정보)`, `제16장(감사)`의 통제를 받는다.	4단계 대상 식별·치환 대기
REF-L10542-C0086	10542	87	본 장	17	8	SRC-C17-L10537	SRC-C17-L10537	제20장 제4절 등록·등급·면허·교육·훈련	18717	면허는 기본, 중간, 고급, 전략 등 연방 법률·황제령에서 정하는 단계로 구분하며, 신규, 갱신, 승급, 휴지, 정지, 취소의 절차는 연방 법률·황제령과 본 장에 따른다.	4단계 대상 식별·치환 대기
REF-L10558-C0032	10558	33	제1항	17	8-2	SRC-C17-L10547	SRC-C17-L10547	제20장 제4절 등록·등급·면허·교육·훈련	18743	사제·기사 및 기타 신성능력자의 판정·재검사에 관하여는 `제1항` 및 `제2항`의 일반 기준과 함께 `제7조의 2`에 따른 제국도교 중앙교구의 절차를 병행 적용한다.	4단계 대상 식별·치환 대기
REF-L10558-C0040	10558	41	제2항	17	8-2	SRC-C17-L10547	SRC-C17-L10547	제20장 제4절 등록·등급·면허·교육·훈련	18743	사제·기사 및 기타 신성능력자의 판정·재검사에 관하여는 `제1항` 및 `제2항`의 일반 기준과 함께 `제7조의 2`에 따른 제국도교 중앙교구의 절차를 병행 적용한다.	4단계 대상 식별·치환 대기
REF-L10558-C0057	10558	58	제7조의 2	17	8-2	SRC-C17-L10547	SRC-C17-L10547	제20장 제4절 등록·등급·면허·교육·훈련	18743	사제·기사 및 기타 신성능력자의 판정·재검사에 관하여는 `제1항` 및 `제2항`의 일반 기준과 함께 `제7조의 2`에 따른 제국도교 중앙교구의 절차를 병행 적용한다.	4단계 대상 식별·치환 대기
REF-L10561-C0066	10561	67	본 장	17	8-2	SRC-C17-L10547	SRC-C17-L10547	제20장 제4절 등록·등급·면허·교육·훈련	18746	능력 판정 검사; `PAX(Power Assessment eXamination)` 결과의 기록, 보존, 부분 공개는 `본 장 제13조` 및 `제15장(정보)`의 원칙을 따르되, 신성능력자와 고위능력자의 민감 정보에 대하여는 추가 보호 및 익명화 조치를 둘 수 있다. 그 구체적인 범위와 절차는 연방 법률·황제령으로 정한다.	4단계 대상 식별·치환 대기
REF-L10561-C0070	10561	71	제13조	17	8-2	SRC-C17-L10547	SRC-C17-L10547	제20장 제4절 등록·등급·면허·교육·훈련	18746	능력 판정 검사; `PAX(Power Assessment eXamination)` 결과의 기록, 보존, 부분 공개는 `본 장 제13조` 및 `제15장(정보)`의 원칙을 따르되, 신성능력자와 고위능력자의 민감 정보에 대하여는 추가 보호 및 익명화 조치를 둘 수 있다. 그 구체적인 범위와 절차는 연방 법률·황제령으로 정한다.	4단계 대상 식별·치환 대기
REF-L10561-C0079	10561	80	제15장	17	8-2	SRC-C17-L10547	SRC-C17-L10547	제20장 제4절 등록·등급·면허·교육·훈련	18746	능력 판정 검사; `PAX(Power Assessment eXamination)` 결과의 기록, 보존, 부분 공개는 `본 장 제13조` 및 `제15장(정보)`의 원칙을 따르되, 신성능력자와 고위능력자의 민감 정보에 대하여는 추가 보호 및 익명화 조치를 둘 수 있다. 그 구체적인 범위와 절차는 연방 법률·황제령으로 정한다.	4단계 대상 식별·치환 대기
REF-L10659-C0025	10659	26	제11장	17	10-2	SRC-C17-L10654	SRC-C17-L10654	제20장 제5절 능력 사용의 제한·금지·공공질서	18898	무력사용의 보고, 기록, 사후 심사 절차는 `제11장(국가방위)` 및 관련 연방 법률·황제령으로 정한다.	4단계 대상 식별·치환 대기
REF-L10669-C0031	10669	32	제13장	17	10-3	SRC-C17-L10664	SRC-C17-L10664	제20장 제5절 능력 사용의 제한·금지·공공질서	18917	능력 제한 영역에 대한 침해가 있을 때의 제재·절차는 `제13장(선거)` 및 관련 연방 법률·황제령에 따른다.	4단계 대상 식별·치환 대기
REF-L10683-C0035	10683	36	제3장	17	10-5	SRC-C17-L10681	SRC-C17-L10681	제20장 제5절 능력 사용의 제한·금지·공공질서	18949	정규 종교의례, 성지 순례, 성역 수호에 필요한 능력 사용은 `제3장(황실)`과 `제5장(행정)`, `제8장(종교)`에 따라 연방 법률·황제령으로 조정한다.	4단계 대상 식별·치환 대기
REF-L10683-C0046	10683	47	제5장	17	10-5	SRC-C17-L10681	SRC-C17-L10681	제20장 제5절 능력 사용의 제한·금지·공공질서	18949	정규 종교의례, 성지 순례, 성역 수호에 필요한 능력 사용은 `제3장(황실)`과 `제5장(행정)`, `제8장(종교)`에 따라 연방 법률·황제령으로 조정한다.	4단계 대상 식별·치환 대기
REF-L10683-C0057	10683	58	제8장	17	10-5	SRC-C17-L10681	SRC-C17-L10681	제20장 제5절 능력 사용의 제한·금지·공공질서	18949	정규 종교의례, 성지 순례, 성역 수호에 필요한 능력 사용은 `제3장(황실)`과 `제5장(행정)`, `제8장(종교)`에 따라 연방 법률·황제령으로 조정한다.	4단계 대상 식별·치환 대기
REF-L10731-C0021	10731	22	본 장	17	10-11	SRC-C17-L10726	SRC-C17-L10726	제20장 제5절 능력 사용의 제한·금지·공공질서	19021	위반시 제재, 형사처벌, 면허 제한은 본 장과 관련 연방 법률·황제령에 따른다.	4단계 대상 식별·치환 대기
REF-L10923-C0037	10923	38	제15장	17	15-5	SRC-C17-L10918	SRC-C17-L10918	제20장 제5절 능력 사용의 제한·금지·공공질서	19056	반규제 과격집단에 대한 정보 수집, 잠입 수사, 비밀 작전 등은 `제15장(정보), 제16장(감사)`에 따른 통제를 받는다.	4단계 대상 식별·치환 대기
REF-L10923-C0047	10923	48	제16장	17	15-5	SRC-C17-L10918	SRC-C17-L10918	제20장 제5절 능력 사용의 제한·금지·공공질서	19056	반규제 과격집단에 대한 정보 수집, 잠입 수사, 비밀 작전 등은 `제15장(정보), 제16장(감사)`에 따른 통제를 받는다.	4단계 대상 식별·치환 대기
REF-L10604-C0030	10604	31	제1장	17	9-3	SRC-C17-L10596	SRC-C17-L10596	제20장 제6절 차원안전·초월현상·장치·의식·차원재난	19116	피실험자·참여자에 대한 설명, 동의, 철회권 보장은 `제1장(권리장전)`과 관련 연방 법률·황제령의 규정을 따른다.	4단계 대상 식별·치환 대기
REF-L10749-C0032	10749	33	제11장	17	11	SRC-C17-L10744	SRC-C17-L10744	제20장 제6절 차원안전·초월현상·장치·의식·차원재난	19154	사건의 등급, 원인, 영향 범위에 대한 조사 및 보고는 `제11장(국가방위)`, `제15장(정보)` 에 따른다.	4단계 대상 식별·치환 대기
REF-L10749-C0046	10749	47	제15장	17	11	SRC-C17-L10744	SRC-C17-L10744	제20장 제6절 차원안전·초월현상·장치·의식·차원재난	19154	사건의 등급, 원인, 영향 범위에 대한 조사 및 보고는 `제11장(국가방위)`, `제15장(정보)` 에 따른다.	4단계 대상 식별·치환 대기
REF-L10852-C0019	10852	20	제15장	17	13-6	SRC-C17-L10847	SRC-C17-L10847	제20장 제6절 차원안전·초월현상·장치·의식·차원재난	19236	공개 범위, 형식, 갱신 주기는 `제15장(정보)` 및 관련 연방 법률·황제령으로 정한다.	4단계 대상 식별·치환 대기
REF-L10814-C0049	10814	50	제15장	17	13	SRC-C17-L10809	SRC-C17-L10809	제20장 제7절 능력정보·정신적 자유·개인정보·권리구제	19307	능력자 본인은 자신의 기록에 대한 열람, 정정, 삭제를 청구할 수 있으며, 그 절차는 `제15장(정보)` 및 관련 연방 법률·황제령에 따른다.	4단계 대상 식별·치환 대기
REF-L10634-C0027	10634	28	제11장	17	9-6	SRC-C17-L10629	SRC-C17-L10629	제20장 제8절 비상동원·국가방위·국외활동	19374	복무의 유형, 기간, 보상, 대체 목부 사유는 `제11장(국가방위)` 및 관련 연방 법률·황제령에 따른다.	4단계 대상 식별·치환 대기
REF-L10930-C0023	10930	24	제11장	17	15-6	SRC-C17-L10925	SRC-C17-L10925	제20장 제8절 비상동원·국가방위·국외활동	19453	전시 권한 구조의 설계, 변경, 평가는 `제11장(국가방위), 제14장(개헌)`의 절차에 따른다.	4단계 대상 식별·치환 대기
REF-L10930-C0035	10930	36	제14장	17	15-6	SRC-C17-L10925	SRC-C17-L10925	제20장 제8절 비상동원·국가방위·국외활동	19453	전시 권한 구조의 설계, 변경, 평가는 `제11장(국가방위), 제14장(개헌)`의 절차에 따른다.	4단계 대상 식별·치환 대기
REF-L10805-C0000	10805	1	본 장	17	12-3	SRC-C17-L10797	SRC-C17-L10797	제20장 제9절 책임·분쟁·사법심사·배상	19494	본 장의 규정은 `제1장(권리장전)` 및 `제6장(사법)`, `제11장(국가방위)`이 정하는 기본권 보장과 권리구제의 일반 원칙을 제한하는 것으로 해석되어서는 아니 된다.	4단계 대상 식별·치환 대기
REF-L10805-C0010	10805	11	제1장	17	12-3	SRC-C17-L10797	SRC-C17-L10797	제20장 제9절 책임·분쟁·사법심사·배상	19494	본 장의 규정은 `제1장(권리장전)` 및 `제6장(사법)`, `제11장(국가방위)`이 정하는 기본권 보장과 권리구제의 일반 원칙을 제한하는 것으로 해석되어서는 아니 된다.	4단계 대상 식별·치환 대기
REF-L10805-C0024	10805	25	제6장	17	12-3	SRC-C17-L10797	SRC-C17-L10797	제20장 제9절 책임·분쟁·사법심사·배상	19494	본 장의 규정은 `제1장(권리장전)` 및 `제6장(사법)`, `제11장(국가방위)`이 정하는 기본권 보장과 권리구제의 일반 원칙을 제한하는 것으로 해석되어서는 아니 된다.	4단계 대상 식별·치환 대기
REF-L10805-C0035	10805	36	제11장	17	12-3	SRC-C17-L10797	SRC-C17-L10797	제20장 제9절 책임·분쟁·사법심사·배상	19494	본 장의 규정은 `제1장(권리장전)` 및 `제6장(사법)`, `제11장(국가방위)`이 정하는 기본권 보장과 권리구제의 일반 원칙을 제한하는 것으로 해석되어서는 아니 된다.	4단계 대상 식별·치환 대기
REF-L10884-C0027	10884	28	본 장	17	14	SRC-C17-L10879	SRC-C17-L10879	제20장 제9절 책임·분쟁·사법심사·배상	19532	연방 감사원과 사법부의 영장에 따른 열람·감사는 본 장과 `제14장(개헌), 제16장(감사)`에 따른다.	4단계 대상 식별·치환 대기
REF-L10884-C0033	10884	34	제14장	17	14	SRC-C17-L10879	SRC-C17-L10879	제20장 제9절 책임·분쟁·사법심사·배상	19532	연방 감사원과 사법부의 영장에 따른 열람·감사는 본 장과 `제14장(개헌), 제16장(감사)`에 따른다.	4단계 대상 식별·치환 대기
REF-L10884-C0043	10884	44	제16장	17	14	SRC-C17-L10879	SRC-C17-L10879	제20장 제9절 책임·분쟁·사법심사·배상	19532	연방 감사원과 사법부의 영장에 따른 열람·감사는 본 장과 `제14장(개헌), 제16장(감사)`에 따른다.	4단계 대상 식별·치환 대기
REF-L10947-C0001	10947	2	제3항	17	16	SRC-C17-L10936	SRC-C17-L10936	제20장 제9절 책임·분쟁·사법심사·배상	19556	`제3항`의 조정 및 중재가 불성립된 경우, 당사자는 연방 법률·황제령이 정하는 바에 따라 행정, 민사, 형사 및 헌법재판 절차에 의한 심사를 청구할 수 있다. 분쟁 조정기구의 설치, 조직, 절차는 연방 법률·황제령으로 정한다.	4단계 대상 식별·치환 대기
REF-L11001-C0000	11001	1	본 장	17	18-2	SRC-C17-L10999	SRC-C17-L10999	제20장 제9절 책임·분쟁·사법심사·배상	19683	본 장 시행 후 일정 기간 내에 자진신고한 무면허 능력자는 형사처벌을 감면하고 면허 전환 기회를 부여할 수 있다. 다만, 중범죄, 반역, 테러에 해당하는 경우는 제외한다.	4단계 대상 식별·치환 대기
REF-L03208-C0000	3208	1	본 장	6		SRC-C06-L03206	SRC-C06-L03206	제21장 제1절 시행·경과규정	19708	본 장의 개정으로 인한 심급, 배당, 공개 규정의 경과 적용은 다음 각 호에 따른다.	4단계 대상 식별·치환 대기
REF-L03208-C0038	3208	39	각 호	6		SRC-C06-L03206	SRC-C06-L03206	제21장 제1절 시행·경과규정	19708	본 장의 개정으로 인한 심급, 배당, 공개 규정의 경과 적용은 다음 각 호에 따른다.	4단계 대상 식별·치환 대기
REF-L03844-C0003	3844	4	제6조의8	7		SRC-C07-L03842	SRC-C07-L03842	제21장 제1절 시행·경과규정	19726	1. 제6조의8부터 제6조의11까지(회의록·자료 공개, 비상명령 일몰·사후평가 등).	4단계 대상 식별·치환 대기
REF-L03844-C0011	3844	12	제6조의11	7		SRC-C07-L03842	SRC-C07-L03842	제21장 제1절 시행·경과규정	19726	1. 제6조의8부터 제6조의11까지(회의록·자료 공개, 비상명령 일몰·사후평가 등).	4단계 대상 식별·치환 대기
REF-L03845-C0003	3845	4	제10조의5	7		SRC-C07-L03842	SRC-C07-L03842	제21장 제1절 시행·경과규정	19727	2. 제10조의5 및 제10조의6(부분공개 상한, 모형·데이터 재현성 패키지 요건).	4단계 대상 식별·치환 대기
REF-L03845-C0012	3845	13	제10조의6	7		SRC-C07-L03842	SRC-C07-L03842	제21장 제1절 시행·경과규정	19727	2. 제10조의5 및 제10조의6(부분공개 상한, 모형·데이터 재현성 패키지 요건).	4단계 대상 식별·치환 대기
REF-L03849-C0033	3849	34	제1조	7		SRC-C07-L03847	SRC-C07-L03847	제21장 제1절 시행·경과규정	19741	연방 준비 기금 및 관계 기관은 공포일로부터 60일 이내에 제1조의 각 규정 이행을 위한 준비·이행 계획을 전자관보에 공표한다.	4단계 대상 식별·치환 대기
REF-L03862-C0059	3862	60	제10조	7		SRC-C07-L03854	SRC-C07-L03854	제21장 제1절 시행·경과규정	19764	공포일로부터 6개월이 경과한 날부터는 본문 각 조의 의무를 전면 시행한다. 다만 비공개·부분공개의 판단은 제10조 및 제10조의5의 기준을 따른다.	4단계 대상 식별·치환 대기
REF-L03862-C0066	3862	67	제10조의5	7		SRC-C07-L03854	SRC-C07-L03854	제21장 제1절 시행·경과규정	19764	공포일로부터 6개월이 경과한 날부터는 본문 각 조의 의무를 전면 시행한다. 다만 비공개·부분공개의 판단은 제10조 및 제10조의5의 기준을 따른다.	4단계 대상 식별·치환 대기
REF-L03869-C0010	3869	11	제19조	7		SRC-C07-L03864	SRC-C07-L03864	제21장 제1절 시행·경과규정	19780	필요한 보완조치는 제19조에 따른 정합성 점검 절차를 거쳐 조정한다.	4단계 대상 식별·치환 대기
REF-L04646-C0000	4646	1	본 장	8	21	SRC-C08-L04644	SRC-C08-L04644	제21장 제1절 시행·경과규정	19796	본 장은 공포한 날부터 시행한다.	4단계 대상 식별·치환 대기
REF-L04652-C0018	4652	19	본 장	8	21	SRC-C08-L04644	SRC-C08-L04644	제21장 제1절 시행·경과규정	19802	종전의 내규, 판례 공시 기준은 본 장에 합치되는 범위에서만 효력을 가진다.	4단계 대상 식별·치환 대기
REF-L04655-C0000	4655	1	제6장	8	21	SRC-C08-L04644	SRC-C08-L04644	제21장 제1절 시행·경과규정	19805	제6장(사법)·제11장(비상)의 말미에 본 장과의 연계 조항을 삽입하여야 한다.	4단계 대상 식별·치환 대기
REF-L04655-C0008	4655	9	제11장	8	21	SRC-C08-L04644	SRC-C08-L04644	제21장 제1절 시행·경과규정	19805	제6장(사법)·제11장(비상)의 말미에 본 장과의 연계 조항을 삽입하여야 한다.	4단계 대상 식별·치환 대기
REF-L04655-C0022	4655	23	본 장	8	21	SRC-C08-L04644	SRC-C08-L04644	제21장 제1절 시행·경과규정	19805	제6장(사법)·제11장(비상)의 말미에 본 장과의 연계 조항을 삽입하여야 한다.	4단계 대상 식별·치환 대기
REF-L09936-C0001	9936	2	본 장	15	25	SRC-C15-L09934	SRC-C15-L09934	제21장 제1절 시행·경과규정	19821	본본 장에서 사용하는 주요 용어의 뜻은 다음 각 호와 같다.	4단계 대상 식별·치환 대기
REF-L09936-C0025	9936	26	각 호	15	25	SRC-C15-L09934	SRC-C15-L09934	제21장 제1절 시행·경과규정	19821	본본 장에서 사용하는 주요 용어의 뜻은 다음 각 호와 같다.	4단계 대상 식별·치환 대기
REF-L09941-C0020	9941	21	제14장	15	25	SRC-C15-L09934	SRC-C15-L09934	제21장 제1절 시행·경과규정	19826	5. CAS v1 데이터 스키마란, 제14장에서 정한 연방 차원의 표준 데이터 구조를 말한다.	4단계 대상 식별·치환 대기
REF-L09947-C0001	9947	2	제5조의6	15	25	SRC-C15-L09934	SRC-C15-L09934	제21장 제1절 시행·경과규정	19832	`제5조의6·제5조의7`, `제7조의3·제7조의4`, `제10조의6`, `제21조의2`에 관한 사항 중 절차·기준·세부 통제 장치는 `제1장(권리장전)` 및 `제2장(연방총칙)`에 따라 연방 법률·연방 황제령으로 위임한다.	4단계 대상 식별·치환 대기
REF-L09947-C0007	9947	8	제5조의7	15	25	SRC-C15-L09934	SRC-C15-L09934	제21장 제1절 시행·경과규정	19832	`제5조의6·제5조의7`, `제7조의3·제7조의4`, `제10조의6`, `제21조의2`에 관한 사항 중 절차·기준·세부 통제 장치는 `제1장(권리장전)` 및 `제2장(연방총칙)`에 따라 연방 법률·연방 황제령으로 위임한다.	4단계 대상 식별·치환 대기
REF-L09947-C0016	9947	17	제7조의3	15	25	SRC-C15-L09934	SRC-C15-L09934	제21장 제1절 시행·경과규정	19832	`제5조의6·제5조의7`, `제7조의3·제7조의4`, `제10조의6`, `제21조의2`에 관한 사항 중 절차·기준·세부 통제 장치는 `제1장(권리장전)` 및 `제2장(연방총칙)`에 따라 연방 법률·연방 황제령으로 위임한다.	4단계 대상 식별·치환 대기
REF-L09947-C0022	9947	23	제7조의4	15	25	SRC-C15-L09934	SRC-C15-L09934	제21장 제1절 시행·경과규정	19832	`제5조의6·제5조의7`, `제7조의3·제7조의4`, `제10조의6`, `제21조의2`에 관한 사항 중 절차·기준·세부 통제 장치는 `제1장(권리장전)` 및 `제2장(연방총칙)`에 따라 연방 법률·연방 황제령으로 위임한다.	4단계 대상 식별·치환 대기
REF-L09947-C0031	9947	32	제10조의6	15	25	SRC-C15-L09934	SRC-C15-L09934	제21장 제1절 시행·경과규정	19832	`제5조의6·제5조의7`, `제7조의3·제7조의4`, `제10조의6`, `제21조의2`에 관한 사항 중 절차·기준·세부 통제 장치는 `제1장(권리장전)` 및 `제2장(연방총칙)`에 따라 연방 법률·연방 황제령으로 위임한다.	4단계 대상 식별·치환 대기
REF-L09947-C0041	9947	42	제21조의2	15	25	SRC-C15-L09934	SRC-C15-L09934	제21장 제1절 시행·경과규정	19832	`제5조의6·제5조의7`, `제7조의3·제7조의4`, `제10조의6`, `제21조의2`에 관한 사항 중 절차·기준·세부 통제 장치는 `제1장(권리장전)` 및 `제2장(연방총칙)`에 따라 연방 법률·연방 황제령으로 위임한다.	4단계 대상 식별·치환 대기
REF-L09947-C0075	9947	76	제1장	15	25	SRC-C15-L09934	SRC-C15-L09934	제21장 제1절 시행·경과규정	19832	`제5조의6·제5조의7`, `제7조의3·제7조의4`, `제10조의6`, `제21조의2`에 관한 사항 중 절차·기준·세부 통제 장치는 `제1장(권리장전)` 및 `제2장(연방총칙)`에 따라 연방 법률·연방 황제령으로 위임한다.	4단계 대상 식별·치환 대기
REF-L09947-C0089	9947	90	제2장	15	25	SRC-C15-L09934	SRC-C15-L09934	제21장 제1절 시행·경과규정	19832	`제5조의6·제5조의7`, `제7조의3·제7조의4`, `제10조의6`, `제21조의2`에 관한 사항 중 절차·기준·세부 통제 장치는 `제1장(권리장전)` 및 `제2장(연방총칙)`에 따라 연방 법률·연방 황제령으로 위임한다.	4단계 대상 식별·치환 대기
REF-L10387-C0000	10387	1	본 장	16	14	SRC-C16-L10385	SRC-C16-L10385	제21장 제1절 시행·경과규정	19848	본 장은 공포 후 30일이 경과한 날부터 시행한다.	4단계 대상 식별·치환 대기
REF-L11014-C0000	11014	1	본 장	17		SRC-C17-L11012	SRC-C17-L11012	제21장 제1절 시행·경과규정	19864	본 장 시행 당시 이미 등록·면허를 보유한 능력자에 대하여는, 연방 법률·황제령령이 정하는 범위에서 일정 기간 경과 규정을 둘 수 있다.	4단계 대상 식별·치환 대기
REF-L11017-C0020	11017	21	본 장	17		SRC-C17-L11012	SRC-C17-L11012	제21장 제1절 시행·경과규정	19867	기존 제도에 따른 인증·등급·기록은 본 장에 따른 검토를 거쳐 유예 기간 내에 갱신·전환한다.	4단계 대상 식별·치환 대기
REF-L02090-C0003	2090	4	본 장	4		SRC-C04-L02089	SRC-C04-L02089	제21장 제2절 구 헌정질서·기존 법규의 전환	19884	1. 본 장 시행 후 6개월 내 각 부처는 조직·직무분장 규칙 및 전자 고시 체계를 정비하여 연방 최고평의회에 보고한다.	4단계 대상 식별·치환 대기
REF-L02093-C0053	2093	54	본 장	4		SRC-C04-L02089	SRC-C04-L02089	제21장 제2절 구 헌정질서·기존 법규의 전환	19887	4. 부처 수 상한 규정의 폐지: 구 헌법 및 관련 법률에 존재하던 부서·부처 수 상한 규정은 본 장 시행과 동시에 폐지한다. 이후 부처의 설치·폐지는 연방 법률로 정하되, 상한은 두지 않는다.	4단계 대상 식별·치환 대기
REF-L02096-C0003	2096	4	본 장	4		SRC-C04-L02089	SRC-C04-L02089	제21장 제2절 구 헌정질서·기존 법규의 전환	19890	7. 본 장 제1조의6 제3항, 제17조의2 제3항·제4항 및 제16조의3 제3항은 시행 후 6개월의 준비기간을 거쳐 적용한다.	4단계 대상 식별·치환 대기
REF-L02096-C0007	2096	8	제1조의6	4		SRC-C04-L02089	SRC-C04-L02089	제21장 제2절 구 헌정질서·기존 법규의 전환	19890	7. 본 장 제1조의6 제3항, 제17조의2 제3항·제4항 및 제16조의3 제3항은 시행 후 6개월의 준비기간을 거쳐 적용한다.	4단계 대상 식별·치환 대기
REF-L02096-C0013	2096	14	제3항	4		SRC-C04-L02089	SRC-C04-L02089	제21장 제2절 구 헌정질서·기존 법규의 전환	19890	7. 본 장 제1조의6 제3항, 제17조의2 제3항·제4항 및 제16조의3 제3항은 시행 후 6개월의 준비기간을 거쳐 적용한다.	4단계 대상 식별·치환 대기
REF-L02096-C0018	2096	19	제17조의2	4		SRC-C04-L02089	SRC-C04-L02089	제21장 제2절 구 헌정질서·기존 법규의 전환	19890	7. 본 장 제1조의6 제3항, 제17조의2 제3항·제4항 및 제16조의3 제3항은 시행 후 6개월의 준비기간을 거쳐 적용한다.	4단계 대상 식별·치환 대기
REF-L02096-C0025	2096	26	제3항	4		SRC-C04-L02089	SRC-C04-L02089	제21장 제2절 구 헌정질서·기존 법규의 전환	19890	7. 본 장 제1조의6 제3항, 제17조의2 제3항·제4항 및 제16조의3 제3항은 시행 후 6개월의 준비기간을 거쳐 적용한다.	4단계 대상 식별·치환 대기
REF-L02096-C0029	2096	30	제4항	4		SRC-C04-L02089	SRC-C04-L02089	제21장 제2절 구 헌정질서·기존 법규의 전환	19890	7. 본 장 제1조의6 제3항, 제17조의2 제3항·제4항 및 제16조의3 제3항은 시행 후 6개월의 준비기간을 거쳐 적용한다.	4단계 대상 식별·치환 대기
REF-L02096-C0035	2096	36	제16조의3	4		SRC-C04-L02089	SRC-C04-L02089	제21장 제2절 구 헌정질서·기존 법규의 전환	19890	7. 본 장 제1조의6 제3항, 제17조의2 제3항·제4항 및 제16조의3 제3항은 시행 후 6개월의 준비기간을 거쳐 적용한다.	4단계 대상 식별·치환 대기
REF-L02096-C0042	2096	43	제3항	4		SRC-C04-L02089	SRC-C04-L02089	제21장 제2절 구 헌정질서·기존 법규의 전환	19890	7. 본 장 제1조의6 제3항, 제17조의2 제3항·제4항 및 제16조의3 제3항은 시행 후 6개월의 준비기간을 거쳐 적용한다.	4단계 대상 식별·치환 대기
REF-L05264-C0021	5264	22	본 장	9	15	SRC-C09-L05262	SRC-C09-L05262	제21장 제2절 구 헌정질서·기존 법규의 전환	19928	기존 자치단위의 법령, 조례, 규칙은 본 장 시행일로부터 2연 이내에 정합성 정비를 마쳐야 한다.	4단계 대상 식별·치환 대기
REF-L05270-C0000	5270	1	본 장	9	15	SRC-C09-L05262	SRC-C09-L05262	제21장 제2절 구 헌정질서·기존 법규의 전환	19934	본 장의 세부 집행은 연방의 지방자치 및 자치단위에 관한 법률과 관련 연방 법률·황제령 및 연방 총의회 결의로 정한다.	4단계 대상 식별·치환 대기
REF-L03474-C0000	3474	1	본 장	7	6-10	SRC-C07-L03472	SRC-C07-L03472	제21장 제3절 헌법상 정의·용어	19989	본 장에서 사용하는 용어의 뜻은 다음과 같다.	4단계 대상 식별·치환 대기
REF-L03479-C0032	3479	33	본 장	7	6-10	SRC-C07-L03472	SRC-C07-L03472	제21장 제3절 헌법상 정의·용어	19994	5. 영업일: 법정 공휴일과 토·일요일을 제외한 날로서, 본 장의 기한 산정은 영업일 기준을 원칙으로 한다.	4단계 대상 식별·치환 대기
REF-L09330-C0015	9330	16	제9조	14	23	SRC-C14-L09324	SRC-C14-L09324	제21장 제3절 헌법상 정의·용어	20099	5. 부의 공고일(D0): 제9조에 따른 신민투표 부의 공고가 전자관보에 등재된 날.	4단계 대상 식별·치환 대기
REF-L09331-C0018	9331	19	제13장	14	23	SRC-C14-L09324	SRC-C14-L09324	제21장 제3절 헌법상 정의·용어	20100	6. FEW(연방 선거 주간): 제13장에서 정하는 연방 차원의 통합 선거기간(주간)으로, 선거·신민투표를 집약하여 실시하는 기간.	4단계 대상 식별·치환 대기
REF-L09333-C0010	9333	11	제9조	14	23	SRC-C14-L09324	SRC-C14-L09324	제21장 제3절 헌법상 정의·용어	20102	8. 긴급 사안: 제9조 제4항 제2호에 해당하는 신민투표 안건.	4단계 대상 식별·치환 대기
REF-L09333-C0014	9333	15	제4항	14	23	SRC-C14-L09324	SRC-C14-L09324	제21장 제3절 헌법상 정의·용어	20102	8. 긴급 사안: 제9조 제4항 제2호에 해당하는 신민투표 안건.	4단계 대상 식별·치환 대기
REF-L09333-C0018	9333	19	제2호	14	23	SRC-C14-L09324	SRC-C14-L09324	제21장 제3절 헌법상 정의·용어	20102	8. 긴급 사안: 제9조 제4항 제2호에 해당하는 신민투표 안건.	4단계 대상 식별·치환 대기
REF-L09342-C0077	9342	78	본 장	14	23	SRC-C14-L09324	SRC-C14-L09324	제21장 제3절 헌법상 정의·용어	20111	용어 정의·약어의 세부 범위·코드체계는  「개헌 용어집·정의 표준 황제령」 별표에 따른다. 별표는 전자관보 상시공시·버전관리로 유지하며, 본 장과 별표가 충돌하는 경우 본 장을 우선 적용한다.	4단계 대상 식별·치환 대기
REF-L09342-C0094	9342	95	본 장	14	23	SRC-C14-L09324	SRC-C14-L09324	제21장 제3절 헌법상 정의·용어	20111	용어 정의·약어의 세부 범위·코드체계는  「개헌 용어집·정의 표준 황제령」 별표에 따른다. 별표는 전자관보 상시공시·버전관리로 유지하며, 본 장과 별표가 충돌하는 경우 본 장을 우선 적용한다.	4단계 대상 식별·치환 대기
REF-L11037-C0110	11037	111	제1장	18		SRC-C18-L11032	SRC-C18-L11032	제21장 제3절 헌법상 정의·용어	20130	| 권리장전(권리 장전)          | 연방 헌법 해석·적용의 **최우선 기준**이 되는 기본권 장.<br>본질적 내용은 어떠한 경우에도 침해될 수 없음.                   | 제1장 총칙 제1·2·3항, 제2장 §1 제1·2·4항 | 제6장(사법), 제14장(개헌)     |	4단계 대상 식별·치환 대기
REF-L11037-C0126	11037	127	제2장	18		SRC-C18-L11032	SRC-C18-L11032	제21장 제3절 헌법상 정의·용어	20130	| 권리장전(권리 장전)          | 연방 헌법 해석·적용의 **최우선 기준**이 되는 기본권 장.<br>본질적 내용은 어떠한 경우에도 침해될 수 없음.                   | 제1장 총칙 제1·2·3항, 제2장 §1 제1·2·4항 | 제6장(사법), 제14장(개헌)     |	4단계 대상 식별·치환 대기
REF-L11037-C0143	11037	144	제6장	18		SRC-C18-L11032	SRC-C18-L11032	제21장 제3절 헌법상 정의·용어	20130	| 권리장전(권리 장전)          | 연방 헌법 해석·적용의 **최우선 기준**이 되는 기본권 장.<br>본질적 내용은 어떠한 경우에도 침해될 수 없음.                   | 제1장 총칙 제1·2·3항, 제2장 §1 제1·2·4항 | 제6장(사법), 제14장(개헌)     |	4단계 대상 식별·치환 대기
REF-L11037-C0152	11037	153	제14장	18		SRC-C18-L11032	SRC-C18-L11032	제21장 제3절 헌법상 정의·용어	20130	| 권리장전(권리 장전)          | 연방 헌법 해석·적용의 **최우선 기준**이 되는 기본권 장.<br>본질적 내용은 어떠한 경우에도 침해될 수 없음.                   | 제1장 총칙 제1·2·3항, 제2장 §1 제1·2·4항 | 제6장(사법), 제14장(개헌)     |	4단계 대상 식별·치환 대기
REF-L11038-C0110	11038	111	제1장	18		SRC-C18-L11032	SRC-C18-L11032	제21장 제3절 헌법상 정의·용어	20131	| 적합성·필요성·상당성·최소침해의 원칙 | 기본권 제한 시 충족해야 하는 **비례심사 4요소**.<br>제한 규범은 명확성 원칙도 함께 충족해야 함.                        | 제1장 총칙 제3항                     | 제2장 §6(비상권)           |	4단계 대상 식별·치환 대기
REF-L11038-C0117	11038	118	제3항	18		SRC-C18-L11032	SRC-C18-L11032	제21장 제3절 헌법상 정의·용어	20131	| 적합성·필요성·상당성·최소침해의 원칙 | 기본권 제한 시 충족해야 하는 **비례심사 4요소**.<br>제한 규범은 명확성 원칙도 함께 충족해야 함.                        | 제1장 총칙 제3항                     | 제2장 §6(비상권)           |	4단계 대상 식별·치환 대기
REF-L11038-C0143	11038	144	제2장	18		SRC-C18-L11032	SRC-C18-L11032	제21장 제3절 헌법상 정의·용어	20131	| 적합성·필요성·상당성·최소침해의 원칙 | 기본권 제한 시 충족해야 하는 **비례심사 4요소**.<br>제한 규범은 명확성 원칙도 함께 충족해야 함.                        | 제1장 총칙 제3항                     | 제2장 §6(비상권)           |	4단계 대상 식별·치환 대기
REF-L11039-C0110	11039	111	제1장	18		SRC-C18-L11032	SRC-C18-L11032	제21장 제3절 헌법상 정의·용어	20132	| 명확성의 원칙              | 권리 제한 법규는 구성요건과 효과가<br>명확해야 하며 자의적 집행을 배제해야 함.                                     | 제1장 총칙 제3항                     |                       |	4단계 대상 식별·치환 대기
REF-L11039-C0117	11039	118	제3항	18		SRC-C18-L11032	SRC-C18-L11032	제21장 제3절 헌법상 정의·용어	20132	| 명확성의 원칙              | 권리 제한 법규는 구성요건과 효과가<br>명확해야 하며 자의적 집행을 배제해야 함.                                     | 제1장 총칙 제3항                     |                       |	4단계 대상 식별·치환 대기
REF-L11040-C0110	11040	111	제1장	18		SRC-C18-L11032	SRC-C18-L11032	제21장 제3절 헌법상 정의·용어	20133	| 국가 비상사태              | 전시·사변 등 이에 준하는 국가 위기상황.<br>지정·연장·해제는 **기록·통지·일몰**을 포함하고 의회 승인·황실 재가를 요함.           | 제1장 §2 제1~3항                   | 제11장(방위)              |	4단계 대상 식별·치환 대기
REF-L11040-C0143	11040	144	제11장	18		SRC-C18-L11032	SRC-C18-L11032	제21장 제3절 헌법상 정의·용어	20133	| 국가 비상사태              | 전시·사변 등 이에 준하는 국가 위기상황.<br>지정·연장·해제는 **기록·통지·일몰**을 포함하고 의회 승인·황실 재가를 요함.           | 제1장 §2 제1~3항                   | 제11장(방위)              |	4단계 대상 식별·치환 대기
REF-L11041-C0110	11041	111	제1장	18		SRC-C18-L11032	SRC-C18-L11032	제21장 제3절 헌법상 정의·용어	20134	| 기록·통지·일몰             | 비상조치 등 권리 제한 시 의무적으로 부착되는 3요소:<br>조치의 기록, 당사자·공중에 대한 통지, **일정 기간 경과 시 자동 소멸(일몰)**. | 제1장 §2 제2~3항                   | 제2장 §6, §7            |	4단계 대상 식별·치환 대기
REF-L11041-C0143	11041	144	제2장	18		SRC-C18-L11032	SRC-C18-L11032	제21장 제3절 헌법상 정의·용어	20134	| 기록·통지·일몰             | 비상조치 등 권리 제한 시 의무적으로 부착되는 3요소:<br>조치의 기록, 당사자·공중에 대한 통지, **일정 기간 경과 시 자동 소멸(일몰)**. | 제1장 §2 제2~3항                   | 제2장 §6, §7            |	4단계 대상 식별·치환 대기
REF-L11042-C0110	11042	111	제1장	18		SRC-C18-L11032	SRC-C18-L11032	제21장 제3절 헌법상 정의·용어	20135	| 전자관보                 | 연방의 법률·황제령·명령·고시 등 **공표 매체**. 비상명령은 즉시 게재하며,<br>메타데이터 포함·오픈 포맷 보존을 표준으로 함.         | 제1장 §2 제5항, 제2장 §3 제5항·§9 제2항  | 전 장 공통                |	4단계 대상 식별·치환 대기
REF-L11042-C0117	11042	118	제5항	18		SRC-C18-L11032	SRC-C18-L11032	제21장 제3절 헌법상 정의·용어	20135	| 전자관보                 | 연방의 법률·황제령·명령·고시 등 **공표 매체**. 비상명령은 즉시 게재하며,<br>메타데이터 포함·오픈 포맷 보존을 표준으로 함.         | 제1장 §2 제5항, 제2장 §3 제5항·§9 제2항  | 전 장 공통                |	4단계 대상 식별·치환 대기
REF-L11042-C0122	11042	123	제2장	18		SRC-C18-L11032	SRC-C18-L11032	제21장 제3절 헌법상 정의·용어	20135	| 전자관보                 | 연방의 법률·황제령·명령·고시 등 **공표 매체**. 비상명령은 즉시 게재하며,<br>메타데이터 포함·오픈 포맷 보존을 표준으로 함.         | 제1장 §2 제5항, 제2장 §3 제5항·§9 제2항  | 전 장 공통                |	4단계 대상 식별·치환 대기
REF-L11042-C0129	11042	130	제5항	18		SRC-C18-L11032	SRC-C18-L11032	제21장 제3절 헌법상 정의·용어	20135	| 전자관보                 | 연방의 법률·황제령·명령·고시 등 **공표 매체**. 비상명령은 즉시 게재하며,<br>메타데이터 포함·오픈 포맷 보존을 표준으로 함.         | 제1장 §2 제5항, 제2장 §3 제5항·§9 제2항  | 전 장 공통                |	4단계 대상 식별·치환 대기
REF-L11042-C0136	11042	137	제2항	18		SRC-C18-L11032	SRC-C18-L11032	제21장 제3절 헌법상 정의·용어	20135	| 전자관보                 | 연방의 법률·황제령·명령·고시 등 **공표 매체**. 비상명령은 즉시 게재하며,<br>메타데이터 포함·오픈 포맷 보존을 표준으로 함.         | 제1장 §2 제5항, 제2장 §3 제5항·§9 제2항  | 전 장 공통                |	4단계 대상 식별·치환 대기
REF-L11043-C0110	11043	111	제1장	18		SRC-C18-L11032	SRC-C18-L11032	제21장 제3절 헌법상 정의·용어	20136	| 공개 포맷(오픈 포맷/개방형 표준)  | 공표·보존·열람을 위한 **개방형 기술규격**.<br>법규·경계좌표·메타데이터 등을 기계판독 가능한 표준으로 제공.                   | 제1장 §2 제5항, 제2장 §3 제5항·§12 제2항 | §7(투명성), §9(전자 공표 위임) |	4단계 대상 식별·치환 대기
REF-L11043-C0117	11043	118	제5항	18		SRC-C18-L11032	SRC-C18-L11032	제21장 제3절 헌법상 정의·용어	20136	| 공개 포맷(오픈 포맷/개방형 표준)  | 공표·보존·열람을 위한 **개방형 기술규격**.<br>법규·경계좌표·메타데이터 등을 기계판독 가능한 표준으로 제공.                   | 제1장 §2 제5항, 제2장 §3 제5항·§12 제2항 | §7(투명성), §9(전자 공표 위임) |	4단계 대상 식별·치환 대기
REF-L11043-C0122	11043	123	제2장	18		SRC-C18-L11032	SRC-C18-L11032	제21장 제3절 헌법상 정의·용어	20136	| 공개 포맷(오픈 포맷/개방형 표준)  | 공표·보존·열람을 위한 **개방형 기술규격**.<br>법규·경계좌표·메타데이터 등을 기계판독 가능한 표준으로 제공.                   | 제1장 §2 제5항, 제2장 §3 제5항·§12 제2항 | §7(투명성), §9(전자 공표 위임) |	4단계 대상 식별·치환 대기
REF-L11043-C0129	11043	130	제5항	18		SRC-C18-L11032	SRC-C18-L11032	제21장 제3절 헌법상 정의·용어	20136	| 공개 포맷(오픈 포맷/개방형 표준)  | 공표·보존·열람을 위한 **개방형 기술규격**.<br>법규·경계좌표·메타데이터 등을 기계판독 가능한 표준으로 제공.                   | 제1장 §2 제5항, 제2장 §3 제5항·§12 제2항 | §7(투명성), §9(전자 공표 위임) |	4단계 대상 식별·치환 대기
REF-L11043-C0137	11043	138	제2항	18		SRC-C18-L11032	SRC-C18-L11032	제21장 제3절 헌법상 정의·용어	20136	| 공개 포맷(오픈 포맷/개방형 표준)  | 공표·보존·열람을 위한 **개방형 기술규격**.<br>법규·경계좌표·메타데이터 등을 기계판독 가능한 표준으로 제공.                   | 제1장 §2 제5항, 제2장 §3 제5항·§12 제2항 | §7(투명성), §9(전자 공표 위임) |	4단계 대상 식별·치환 대기
REF-L11044-C0110	11044	111	제1장	18		SRC-C18-L11032	SRC-C18-L11032	제21장 제3절 헌법상 정의·용어	20137	| 비상불가침권               | 비상 시에도 **절대 제한 불가**한 권리 목록<br>(생명권, 고문금지 등 7개).                                    | 제1장 §2 제7항                     |                       |	4단계 대상 식별·치환 대기
REF-L11044-C0117	11044	118	제7항	18		SRC-C18-L11032	SRC-C18-L11032	제21장 제3절 헌법상 정의·용어	20137	| 비상불가침권               | 비상 시에도 **절대 제한 불가**한 권리 목록<br>(생명권, 고문금지 등 7개).                                    | 제1장 §2 제7항                     |                       |	4단계 대상 식별·치환 대기
REF-L11045-C0110	11045	111	제1장	18		SRC-C18-L11032	SRC-C18-L11032	제21장 제3절 헌법상 정의·용어	20138	| 국가 기밀                | 국가안전을 위해 비공개를 요하는 정보. **분류 항목·등급**에 따라 관리하며,<br>특정 등급 이상은 황제 재가와 의회·사법의 간접통제 하에 둠. | 제1장 §3 제1~3항                   | 제2장 §7, 제15장(정보)      |	4단계 대상 식별·치환 대기
REF-L11045-C0143	11045	144	제2장	18		SRC-C18-L11032	SRC-C18-L11032	제21장 제3절 헌법상 정의·용어	20138	| 국가 기밀                | 국가안전을 위해 비공개를 요하는 정보. **분류 항목·등급**에 따라 관리하며,<br>특정 등급 이상은 황제 재가와 의회·사법의 간접통제 하에 둠. | 제1장 §3 제1~3항                   | 제2장 §7, 제15장(정보)      |	4단계 대상 식별·치환 대기
REF-L11045-C0151	11045	152	제15장	18		SRC-C18-L11032	SRC-C18-L11032	제21장 제3절 헌법상 정의·용어	20138	| 국가 기밀                | 국가안전을 위해 비공개를 요하는 정보. **분류 항목·등급**에 따라 관리하며,<br>특정 등급 이상은 황제 재가와 의회·사법의 간접통제 하에 둠. | 제1장 §3 제1~3항                   | 제2장 §7, 제15장(정보)      |	4단계 대상 식별·치환 대기
REF-L11046-C0110	11046	111	제1장	18		SRC-C18-L11032	SRC-C18-L11032	제21장 제3절 헌법상 정의·용어	20139	| 무형의 무장               | 매개체 없이 개인 능력으로 발현되는 **비물질적 무장**.<br>황실 산하 관리기관의 감독 대상.                             | 제1장 §4 제2항·제3항                 | 제3장(황실), 제11장(방위)     |	4단계 대상 식별·치환 대기
REF-L11046-C0117	11046	118	제2항	18		SRC-C18-L11032	SRC-C18-L11032	제21장 제3절 헌법상 정의·용어	20139	| 무형의 무장               | 매개체 없이 개인 능력으로 발현되는 **비물질적 무장**.<br>황실 산하 관리기관의 감독 대상.                             | 제1장 §4 제2항·제3항                 | 제3장(황실), 제11장(방위)     |	4단계 대상 식별·치환 대기
REF-L11046-C0121	11046	122	제3항	18		SRC-C18-L11032	SRC-C18-L11032	제21장 제3절 헌법상 정의·용어	20139	| 무형의 무장               | 매개체 없이 개인 능력으로 발현되는 **비물질적 무장**.<br>황실 산하 관리기관의 감독 대상.                             | 제1장 §4 제2항·제3항                 | 제3장(황실), 제11장(방위)     |	4단계 대상 식별·치환 대기
REF-L11046-C0143	11046	144	제3장	18		SRC-C18-L11032	SRC-C18-L11032	제21장 제3절 헌법상 정의·용어	20139	| 무형의 무장               | 매개체 없이 개인 능력으로 발현되는 **비물질적 무장**.<br>황실 산하 관리기관의 감독 대상.                             | 제1장 §4 제2항·제3항                 | 제3장(황실), 제11장(방위)     |	4단계 대상 식별·치환 대기
REF-L11046-C0152	11046	153	제11장	18		SRC-C18-L11032	SRC-C18-L11032	제21장 제3절 헌법상 정의·용어	20139	| 무형의 무장               | 매개체 없이 개인 능력으로 발현되는 **비물질적 무장**.<br>황실 산하 관리기관의 감독 대상.                             | 제1장 §4 제2항·제3항                 | 제3장(황실), 제11장(방위)     |	4단계 대상 식별·치환 대기
REF-L11047-C0110	11047	111	제1장	18		SRC-C18-L11032	SRC-C18-L11032	제21장 제3절 헌법상 정의·용어	20140	| 사생활·통신의 비밀           | 사생활의 비밀과 통신의 비밀.<br>방위·정보 장에서 정한 범위에서만 제한 가능.                                      | 제1장 §9 제7항                     | 제11장(방위), 제15장(정보)    |	4단계 대상 식별·치환 대기
REF-L11047-C0117	11047	118	제7항	18		SRC-C18-L11032	SRC-C18-L11032	제21장 제3절 헌법상 정의·용어	20140	| 사생활·통신의 비밀           | 사생활의 비밀과 통신의 비밀.<br>방위·정보 장에서 정한 범위에서만 제한 가능.                                      | 제1장 §9 제7항                     | 제11장(방위), 제15장(정보)    |	4단계 대상 식별·치환 대기
REF-L11047-C0143	11047	144	제11장	18		SRC-C18-L11032	SRC-C18-L11032	제21장 제3절 헌법상 정의·용어	20140	| 사생활·통신의 비밀           | 사생활의 비밀과 통신의 비밀.<br>방위·정보 장에서 정한 범위에서만 제한 가능.                                      | 제1장 §9 제7항                     | 제11장(방위), 제15장(정보)    |	4단계 대상 식별·치환 대기
REF-L11047-C0153	11047	154	제15장	18		SRC-C18-L11032	SRC-C18-L11032	제21장 제3절 헌법상 정의·용어	20140	| 사생활·통신의 비밀           | 사생활의 비밀과 통신의 비밀.<br>방위·정보 장에서 정한 범위에서만 제한 가능.                                      | 제1장 §9 제7항                     | 제11장(방위), 제15장(정보)    |	4단계 대상 식별·치환 대기
REF-L11048-C0110	11048	111	제1장	18		SRC-C18-L11032	SRC-C18-L11032	제21장 제3절 헌법상 정의·용어	20141	| 공정재판 보장 요소           | 독립·공정한 법원, 공개심리, 합리적 기간 내 재판,<br>변호인 조력, 통역권, 이중위험금지 등.                            | 제1장 §8 제7항                     | 제6장(사법)               |	4단계 대상 식별·치환 대기
REF-L11048-C0117	11048	118	제7항	18		SRC-C18-L11032	SRC-C18-L11032	제21장 제3절 헌법상 정의·용어	20141	| 공정재판 보장 요소           | 독립·공정한 법원, 공개심리, 합리적 기간 내 재판,<br>변호인 조력, 통역권, 이중위험금지 등.                            | 제1장 §8 제7항                     | 제6장(사법)               |	4단계 대상 식별·치환 대기
REF-L11048-C0143	11048	144	제6장	18		SRC-C18-L11032	SRC-C18-L11032	제21장 제3절 헌법상 정의·용어	20141	| 공정재판 보장 요소           | 독립·공정한 법원, 공개심리, 합리적 기간 내 재판,<br>변호인 조력, 통역권, 이중위험금지 등.                            | 제1장 §8 제7항                     | 제6장(사법)               |	4단계 대상 식별·치환 대기
REF-L11049-C0110	11049	111	제1장	18		SRC-C18-L11032	SRC-C18-L11032	제21장 제3절 헌법상 정의·용어	20142	| 권리구제로의 접근권           | 공권력 침해에 대한 **사법적 구제** 접근 보장.<br>전자소송·원격심리 등 디지털 절차 포함.                             | 제1장 §13 전항, §13 제5항            | 제6장(사법)               |	4단계 대상 식별·치환 대기
REF-L11049-C0118	11049	119	전항	18		SRC-C18-L11032	SRC-C18-L11032	제21장 제3절 헌법상 정의·용어	20142	| 권리구제로의 접근권           | 공권력 침해에 대한 **사법적 구제** 접근 보장.<br>전자소송·원격심리 등 디지털 절차 포함.                             | 제1장 §13 전항, §13 제5항            | 제6장(사법)               |	4단계 대상 식별·치환 대기
REF-L11049-C0126	11049	127	제5항	18		SRC-C18-L11032	SRC-C18-L11032	제21장 제3절 헌법상 정의·용어	20142	| 권리구제로의 접근권           | 공권력 침해에 대한 **사법적 구제** 접근 보장.<br>전자소송·원격심리 등 디지털 절차 포함.                             | 제1장 §13 전항, §13 제5항            | 제6장(사법)               |	4단계 대상 식별·치환 대기
REF-L11049-C0143	11049	144	제6장	18		SRC-C18-L11032	SRC-C18-L11032	제21장 제3절 헌법상 정의·용어	20142	| 권리구제로의 접근권           | 공권력 침해에 대한 **사법적 구제** 접근 보장.<br>전자소송·원격심리 등 디지털 절차 포함.                             | 제1장 §13 전항, §13 제5항            | 제6장(사법)               |	4단계 대상 식별·치환 대기
REF-L11050-C0110	11050	111	제1장	18		SRC-C18-L11032	SRC-C18-L11032	제21장 제3절 헌법상 정의·용어	20143	| 예방 원칙·원인자 부담         | 환경보호의 기본 원칙. 위해 예방을 우선하고,<br>침해자는 비용을 부담.                                          | 제1장 §24 제2항                    | 제7장(경제·재정)            |	4단계 대상 식별·치환 대기
REF-L11050-C0118	11050	119	제2항	18		SRC-C18-L11032	SRC-C18-L11032	제21장 제3절 헌법상 정의·용어	20143	| 예방 원칙·원인자 부담         | 환경보호의 기본 원칙. 위해 예방을 우선하고,<br>침해자는 비용을 부담.                                          | 제1장 §24 제2항                    | 제7장(경제·재정)            |	4단계 대상 식별·치환 대기
REF-L11050-C0143	11050	144	제7장	18		SRC-C18-L11032	SRC-C18-L11032	제21장 제3절 헌법상 정의·용어	20143	| 예방 원칙·원인자 부담         | 환경보호의 기본 원칙. 위해 예방을 우선하고,<br>침해자는 비용을 부담.                                          | 제1장 §24 제2항                    | 제7장(경제·재정)            |	4단계 대상 식별·치환 대기
REF-L11051-C0111	11051	112	제1장	18		SRC-C18-L11032	SRC-C18-L11032	제21장 제3절 헌법상 정의·용어	20144	| 조세의 합법성 원칙           | 조세는 **연방 법률**로만 부과·징수 가능.                                                           | 제1장 §27 전항                     | 제7장(경제·재정)            |	4단계 대상 식별·치환 대기
REF-L11051-C0119	11051	120	전항	18		SRC-C18-L11032	SRC-C18-L11032	제21장 제3절 헌법상 정의·용어	20144	| 조세의 합법성 원칙           | 조세는 **연방 법률**로만 부과·징수 가능.                                                           | 제1장 §27 전항                     | 제7장(경제·재정)            |	4단계 대상 식별·치환 대기
REF-L11051-C0144	11051	145	제7장	18		SRC-C18-L11032	SRC-C18-L11032	제21장 제3절 헌법상 정의·용어	20144	| 조세의 합법성 원칙           | 조세는 **연방 법률**로만 부과·징수 가능.                                                           | 제1장 §27 전항                     | 제7장(경제·재정)            |	4단계 대상 식별·치환 대기
REF-L11052-C0110	11052	111	제1장	18		SRC-C18-L11032	SRC-C18-L11032	제21장 제3절 헌법상 정의·용어	20145	| 저항권                  | 헌정질서 파괴에 대한 평화적·합법적 저항의 권리와 그 절차.                                                  | 제1장 §11 전항                     | 관련 법률·황제령 위임          |	4단계 대상 식별·치환 대기
REF-L11052-C0118	11052	119	전항	18		SRC-C18-L11032	SRC-C18-L11032	제21장 제3절 헌법상 정의·용어	20145	| 저항권                  | 헌정질서 파괴에 대한 평화적·합법적 저항의 권리와 그 절차.                                                  | 제1장 §11 전항                     | 관련 법률·황제령 위임          |	4단계 대상 식별·치환 대기
REF-L11053-C0110	11053	111	제1장	18		SRC-C18-L11032	SRC-C18-L11032	제21장 제3절 헌법상 정의·용어	20146	| 청원권                  | 총의회·최평·대법원 등 권력기관에 문서로 청원할 권리와 접수·처리 절차.                                           | 제1장 §12 전항                     |                       |	4단계 대상 식별·치환 대기
REF-L11053-C0118	11053	119	전항	18		SRC-C18-L11032	SRC-C18-L11032	제21장 제3절 헌법상 정의·용어	20146	| 청원권                  | 총의회·최평·대법원 등 권력기관에 문서로 청원할 권리와 접수·처리 절차.                                           | 제1장 §12 전항                     |                       |	4단계 대상 식별·치환 대기
REF-L11061-C0087	11061	88	제2장	18		SRC-C18-L11032	SRC-C18-L11032	제21장 제3절 헌법상 정의·용어	20154	| 중심 5축                 | 행정(최평), 입법(총의회), 사법(대법원), 재정(준비 기금), 종교(제국도교).             | 제2장 §2 제1항 제1호           |                   |	4단계 대상 식별·치환 대기
REF-L11061-C0094	11061	95	제1항	18		SRC-C18-L11032	SRC-C18-L11032	제21장 제3절 헌법상 정의·용어	20154	| 중심 5축                 | 행정(최평), 입법(총의회), 사법(대법원), 재정(준비 기금), 종교(제국도교).             | 제2장 §2 제1항 제1호           |                   |	4단계 대상 식별·치환 대기
REF-L11061-C0098	11061	99	제1호	18		SRC-C18-L11032	SRC-C18-L11032	제21장 제3절 헌법상 정의·용어	20154	| 중심 5축                 | 행정(최평), 입법(총의회), 사법(대법원), 재정(준비 기금), 종교(제국도교).             | 제2장 §2 제1항 제1호           |                   |	4단계 대상 식별·치환 대기
REF-L11062-C0087	11062	88	제2장	18		SRC-C18-L11032	SRC-C18-L11032	제21장 제3절 헌법상 정의·용어	20155	| 보완 3축                 | 선거(선관위), 감사(감사원), 정보(정보국).                                 | 제2장 §2 제1항 제2호           |                   |	4단계 대상 식별·치환 대기
REF-L11062-C0094	11062	95	제1항	18		SRC-C18-L11032	SRC-C18-L11032	제21장 제3절 헌법상 정의·용어	20155	| 보완 3축                 | 선거(선관위), 감사(감사원), 정보(정보국).                                 | 제2장 §2 제1항 제2호           |                   |	4단계 대상 식별·치환 대기
REF-L11062-C0098	11062	99	제2호	18		SRC-C18-L11032	SRC-C18-L11032	제21장 제3절 헌법상 정의·용어	20155	| 보완 3축                 | 선거(선관위), 감사(감사원), 정보(정보국).                                 | 제2장 §2 제1항 제2호           |                   |	4단계 대상 식별·치환 대기
REF-L11063-C0087	11063	88	제2장	18		SRC-C18-L11032	SRC-C18-L11032	제21장 제3절 헌법상 정의·용어	20156	| 통괄·조정·중재              | 황실이 권한쟁의·입법교착·비상권 충돌 등 중대한 기능정지 시 개시하는 **최상위 중재권**.        | 제2장 §2 제4항               | 제3장(황실)           |	4단계 대상 식별·치환 대기
REF-L11063-C0094	11063	95	제4항	18		SRC-C18-L11032	SRC-C18-L11032	제21장 제3절 헌법상 정의·용어	20156	| 통괄·조정·중재              | 황실이 권한쟁의·입법교착·비상권 충돌 등 중대한 기능정지 시 개시하는 **최상위 중재권**.        | 제2장 §2 제4항               | 제3장(황실)           |	4단계 대상 식별·치환 대기
REF-L11063-C0114	11063	115	제3장	18		SRC-C18-L11032	SRC-C18-L11032	제21장 제3절 헌법상 정의·용어	20156	| 통괄·조정·중재              | 황실이 권한쟁의·입법교착·비상권 충돌 등 중대한 기능정지 시 개시하는 **최상위 중재권**.        | 제2장 §2 제4항               | 제3장(황실)           |	4단계 대상 식별·치환 대기
REF-L11064-C0087	11064	88	제2장	18		SRC-C18-L11032	SRC-C18-L11032	제21장 제3절 헌법상 정의·용어	20157	| 규범층/규범 체계             | 헌법–법률/황제령(동위)–행정명령–자치규범의 **위계 질서**와 판결·결의의 구속효.            | 제2장 §3 제1~4항             | 제5장(입법), 제11장(방위) |	4단계 대상 식별·치환 대기
REF-L11064-C0114	11064	115	제5장	18		SRC-C18-L11032	SRC-C18-L11032	제21장 제3절 헌법상 정의·용어	20157	| 규범층/규범 체계             | 헌법–법률/황제령(동위)–행정명령–자치규범의 **위계 질서**와 판결·결의의 구속효.            | 제2장 §3 제1~4항             | 제5장(입법), 제11장(방위) |	4단계 대상 식별·치환 대기
REF-L11064-C0123	11064	124	제11장	18		SRC-C18-L11032	SRC-C18-L11032	제21장 제3절 헌법상 정의·용어	20157	| 규범층/규범 체계             | 헌법–법률/황제령(동위)–행정명령–자치규범의 **위계 질서**와 판결·결의의 구속효.            | 제2장 §3 제1~4항             | 제5장(입법), 제11장(방위) |	4단계 대상 식별·치환 대기
REF-L11065-C0087	11065	88	제2장	18		SRC-C18-L11032	SRC-C18-L11032	제21장 제3절 헌법상 정의·용어	20158	| 유보원칙                  | 상위 규범이 하위에 위임한 범위 내에서만 규율 가능하다는 원칙.                        | 제2장 §3 제2항               |                   |	4단계 대상 식별·치환 대기
REF-L11065-C0094	11065	95	제2항	18		SRC-C18-L11032	SRC-C18-L11032	제21장 제3절 헌법상 정의·용어	20158	| 유보원칙                  | 상위 규범이 하위에 위임한 범위 내에서만 규율 가능하다는 원칙.                        | 제2장 §3 제2항               |                   |	4단계 대상 식별·치환 대기
REF-L11066-C0087	11066	88	제2장	18		SRC-C18-L11032	SRC-C18-L11032	제21장 제3절 헌법상 정의·용어	20159	| 특별법 우선                | 특수 사항에 관한 법률·황제령이 일반 규범보다 우선한다는 원칙.                        | 제2장 §3 제2항               |                   |	4단계 대상 식별·치환 대기
REF-L11066-C0094	11066	95	제2항	18		SRC-C18-L11032	SRC-C18-L11032	제21장 제3절 헌법상 정의·용어	20159	| 특별법 우선                | 특수 사항에 관한 법률·황제령이 일반 규범보다 우선한다는 원칙.                        | 제2장 §3 제2항               |                   |	4단계 대상 식별·치환 대기
REF-L11067-C0087	11067	88	제2장	18		SRC-C18-L11032	SRC-C18-L11032	제21장 제3절 헌법상 정의·용어	20160	| 신법 우선                 | 후행 규범이 전행 규범과 충돌 시 우선하는 원칙.                                | 제2장 §3 제2항               |                   |	4단계 대상 식별·치환 대기
REF-L11067-C0094	11067	95	제2항	18		SRC-C18-L11032	SRC-C18-L11032	제21장 제3절 헌법상 정의·용어	20160	| 신법 우선                 | 후행 규범이 전행 규범과 충돌 시 우선하는 원칙.                                | 제2장 §3 제2항               |                   |	4단계 대상 식별·치환 대기
REF-L11068-C0087	11068	88	제2장	18		SRC-C18-L11032	SRC-C18-L11032	제21장 제3절 헌법상 정의·용어	20161	| 긴급특례                  | 비상·긴급 상황에서 한시적 특례를 허용하는 원칙(일몰 포함).                         | 제2장 §3 제2항·§6            | 제11장(방위)          |	4단계 대상 식별·치환 대기
REF-L11068-C0094	11068	95	제2항	18		SRC-C18-L11032	SRC-C18-L11032	제21장 제3절 헌법상 정의·용어	20161	| 긴급특례                  | 비상·긴급 상황에서 한시적 특례를 허용하는 원칙(일몰 포함).                         | 제2장 §3 제2항·§6            | 제11장(방위)          |	4단계 대상 식별·치환 대기
REF-L11068-C0114	11068	115	제11장	18		SRC-C18-L11032	SRC-C18-L11032	제21장 제3절 헌법상 정의·용어	20161	| 긴급특례                  | 비상·긴급 상황에서 한시적 특례를 허용하는 원칙(일몰 포함).                         | 제2장 §3 제2항·§6            | 제11장(방위)          |	4단계 대상 식별·치환 대기
REF-L11069-C0087	11069	88	제2장	18		SRC-C18-L11032	SRC-C18-L11032	제21장 제3절 헌법상 정의·용어	20162	| 합동재의                  | 동위기관 간 합동 의사결정으로 충돌을 정리하는 방식.                              | 제2장 §3 제2항               | 제5장(입법)           |	4단계 대상 식별·치환 대기
REF-L11069-C0094	11069	95	제2항	18		SRC-C18-L11032	SRC-C18-L11032	제21장 제3절 헌법상 정의·용어	20162	| 합동재의                  | 동위기관 간 합동 의사결정으로 충돌을 정리하는 방식.                              | 제2장 §3 제2항               | 제5장(입법)           |	4단계 대상 식별·치환 대기
REF-L11069-C0114	11069	115	제5장	18		SRC-C18-L11032	SRC-C18-L11032	제21장 제3절 헌법상 정의·용어	20162	| 합동재의                  | 동위기관 간 합동 의사결정으로 충돌을 정리하는 방식.                              | 제2장 §3 제2항               | 제5장(입법)           |	4단계 대상 식별·치환 대기
REF-L11070-C0087	11070	88	제2장	18		SRC-C18-L11032	SRC-C18-L11032	제21장 제3절 헌법상 정의·용어	20163	| 조약의 자기집행성             | 조약을 국내에서 직접 적용할 수 있는지에 관한 판단 기준.                           | 제2장 §3 제4항               | 제12장(외교)          |	4단계 대상 식별·치환 대기
REF-L11070-C0094	11070	95	제4항	18		SRC-C18-L11032	SRC-C18-L11032	제21장 제3절 헌법상 정의·용어	20163	| 조약의 자기집행성             | 조약을 국내에서 직접 적용할 수 있는지에 관한 판단 기준.                           | 제2장 §3 제4항               | 제12장(외교)          |	4단계 대상 식별·치환 대기
REF-L11070-C0114	11070	115	제12장	18		SRC-C18-L11032	SRC-C18-L11032	제21장 제3절 헌법상 정의·용어	20163	| 조약의 자기집행성             | 조약을 국내에서 직접 적용할 수 있는지에 관한 판단 기준.                           | 제2장 §3 제4항               | 제12장(외교)          |	4단계 대상 식별·치환 대기
REF-L11071-C0087	11071	88	제2장	18		SRC-C18-L11032	SRC-C18-L11032	제21장 제3절 헌법상 정의·용어	20164	| 유보·해석선언               | 조약 적용범위·해석을 한정·명시하는 선언 행위.                                 | 제2장 §3 제4항               | 제12장(외교)          |	4단계 대상 식별·치환 대기
REF-L11071-C0094	11071	95	제4항	18		SRC-C18-L11032	SRC-C18-L11032	제21장 제3절 헌법상 정의·용어	20164	| 유보·해석선언               | 조약 적용범위·해석을 한정·명시하는 선언 행위.                                 | 제2장 §3 제4항               | 제12장(외교)          |	4단계 대상 식별·치환 대기
REF-L11071-C0114	11071	115	제12장	18		SRC-C18-L11032	SRC-C18-L11032	제21장 제3절 헌법상 정의·용어	20164	| 유보·해석선언               | 조약 적용범위·해석을 한정·명시하는 선언 행위.                                 | 제2장 §3 제4항               | 제12장(외교)          |	4단계 대상 식별·치환 대기
REF-L11072-C0087	11072	88	제2장	18		SRC-C18-L11032	SRC-C18-L11032	제21장 제3절 헌법상 정의·용어	20165	| 전자관보(표준)              | 법률·황제령·규칙·고시의 전자 공포와 **영구 보존 표준**(버전·해시·담당·일몰 등 메타데이터 포함). | 제2장 §3 제5항·§7 제3항·§9 제2항 | 전 장 공통            |	4단계 대상 식별·치환 대기
REF-L11072-C0094	11072	95	제5항	18		SRC-C18-L11032	SRC-C18-L11032	제21장 제3절 헌법상 정의·용어	20165	| 전자관보(표준)              | 법률·황제령·규칙·고시의 전자 공포와 **영구 보존 표준**(버전·해시·담당·일몰 등 메타데이터 포함). | 제2장 §3 제5항·§7 제3항·§9 제2항 | 전 장 공통            |	4단계 대상 식별·치환 대기
REF-L11072-C0101	11072	102	제3항	18		SRC-C18-L11032	SRC-C18-L11032	제21장 제3절 헌법상 정의·용어	20165	| 전자관보(표준)              | 법률·황제령·규칙·고시의 전자 공포와 **영구 보존 표준**(버전·해시·담당·일몰 등 메타데이터 포함). | 제2장 §3 제5항·§7 제3항·§9 제2항 | 전 장 공통            |	4단계 대상 식별·치환 대기
REF-L11072-C0108	11072	109	제2항	18		SRC-C18-L11032	SRC-C18-L11032	제21장 제3절 헌법상 정의·용어	20165	| 전자관보(표준)              | 법률·황제령·규칙·고시의 전자 공포와 **영구 보존 표준**(버전·해시·담당·일몰 등 메타데이터 포함). | 제2장 §3 제5항·§7 제3항·§9 제2항 | 전 장 공통            |	4단계 대상 식별·치환 대기
REF-L11073-C0087	11073	88	제2장	18		SRC-C18-L11032	SRC-C18-L11032	제21장 제3절 헌법상 정의·용어	20166	| 오픈 라이선스               | 공개 자료의 자유 이용·재사용을 보장하는 **법정 공개 이용 허락 체계**.                 | 제2장 §7 제4항·§9 제4항        |                   |	4단계 대상 식별·치환 대기
REF-L11073-C0094	11073	95	제4항	18		SRC-C18-L11032	SRC-C18-L11032	제21장 제3절 헌법상 정의·용어	20166	| 오픈 라이선스               | 공개 자료의 자유 이용·재사용을 보장하는 **법정 공개 이용 허락 체계**.                 | 제2장 §7 제4항·§9 제4항        |                   |	4단계 대상 식별·치환 대기
REF-L11073-C0101	11073	102	제4항	18		SRC-C18-L11032	SRC-C18-L11032	제21장 제3절 헌법상 정의·용어	20166	| 오픈 라이선스               | 공개 자료의 자유 이용·재사용을 보장하는 **법정 공개 이용 허락 체계**.                 | 제2장 §7 제4항·§9 제4항        |                   |	4단계 대상 식별·치환 대기
REF-L11074-C0087	11074	88	제2장	18		SRC-C18-L11032	SRC-C18-L11032	제21장 제3절 헌법상 정의·용어	20167	| Commit‑or‑Explain(CE) | 시민숙의 권고에 대해 **수용 또는 사유를 설명**해야 하는 의무.                      | 제2장 §7 제4항               |                   |	4단계 대상 식별·치환 대기
REF-L11074-C0094	11074	95	제4항	18		SRC-C18-L11032	SRC-C18-L11032	제21장 제3절 헌법상 정의·용어	20167	| Commit‑or‑Explain(CE) | 시민숙의 권고에 대해 **수용 또는 사유를 설명**해야 하는 의무.                      | 제2장 §7 제4항               |                   |	4단계 대상 식별·치환 대기
REF-L11075-C0087	11075	88	제2장	18		SRC-C18-L11032	SRC-C18-L11032	제21장 제3절 헌법상 정의·용어	20168	| 일몰(메타데이터/조항)          | 규범·조치에 부착되는 **자동 종료 시한** 또는 그 메타데이터.                       | 제2장 §6 제1항·§7 제3항·§3 제5항 | 비상권, 공표           |	4단계 대상 식별·치환 대기
REF-L11075-C0094	11075	95	제1항	18		SRC-C18-L11032	SRC-C18-L11032	제21장 제3절 헌법상 정의·용어	20168	| 일몰(메타데이터/조항)          | 규범·조치에 부착되는 **자동 종료 시한** 또는 그 메타데이터.                       | 제2장 §6 제1항·§7 제3항·§3 제5항 | 비상권, 공표           |	4단계 대상 식별·치환 대기
REF-L11075-C0101	11075	102	제3항	18		SRC-C18-L11032	SRC-C18-L11032	제21장 제3절 헌법상 정의·용어	20168	| 일몰(메타데이터/조항)          | 규범·조치에 부착되는 **자동 종료 시한** 또는 그 메타데이터.                       | 제2장 §6 제1항·§7 제3항·§3 제5항 | 비상권, 공표           |	4단계 대상 식별·치환 대기
REF-L11075-C0108	11075	109	제5항	18		SRC-C18-L11032	SRC-C18-L11032	제21장 제3절 헌법상 정의·용어	20168	| 일몰(메타데이터/조항)          | 규범·조치에 부착되는 **자동 종료 시한** 또는 그 메타데이터.                       | 제2장 §6 제1항·§7 제3항·§3 제5항 | 비상권, 공표           |	4단계 대상 식별·치환 대기
REF-L11076-C0087	11076	88	제2장	18		SRC-C18-L11032	SRC-C18-L11032	제21장 제3절 헌법상 정의·용어	20169	| 권리영향평가                | 법률·황제령 제·개정 시 권리 영향과 규범충돌을 사전 점검하는 절차.                     | 제2장 §3 제9항               | 제1장(권리장전)         |	4단계 대상 식별·치환 대기
REF-L11076-C0094	11076	95	제9항	18		SRC-C18-L11032	SRC-C18-L11032	제21장 제3절 헌법상 정의·용어	20169	| 권리영향평가                | 법률·황제령 제·개정 시 권리 영향과 규범충돌을 사전 점검하는 절차.                     | 제2장 §3 제9항               | 제1장(권리장전)         |	4단계 대상 식별·치환 대기
REF-L11076-C0114	11076	115	제1장	18		SRC-C18-L11032	SRC-C18-L11032	제21장 제3절 헌법상 정의·용어	20169	| 권리영향평가                | 법률·황제령 제·개정 시 권리 영향과 규범충돌을 사전 점검하는 절차.                     | 제2장 §3 제9항               | 제1장(권리장전)         |	4단계 대상 식별·치환 대기
REF-L11077-C0087	11077	88	제2장	18		SRC-C18-L11032	SRC-C18-L11032	제21장 제3절 헌법상 정의·용어	20170	| 보충성 원칙                | 자치단위가 우선 수행하되 필요시 중앙이 보충하는 원칙.                             | 제2장 §5 제2항·§13 제3항       | 제9장(지방)           |	4단계 대상 식별·치환 대기
REF-L11077-C0094	11077	95	제2항	18		SRC-C18-L11032	SRC-C18-L11032	제21장 제3절 헌법상 정의·용어	20170	| 보충성 원칙                | 자치단위가 우선 수행하되 필요시 중앙이 보충하는 원칙.                             | 제2장 §5 제2항·§13 제3항       | 제9장(지방)           |	4단계 대상 식별·치환 대기
REF-L11077-C0102	11077	103	제3항	18		SRC-C18-L11032	SRC-C18-L11032	제21장 제3절 헌법상 정의·용어	20170	| 보충성 원칙                | 자치단위가 우선 수행하되 필요시 중앙이 보충하는 원칙.                             | 제2장 §5 제2항·§13 제3항       | 제9장(지방)           |	4단계 대상 식별·치환 대기
REF-L11077-C0114	11077	115	제9장	18		SRC-C18-L11032	SRC-C18-L11032	제21장 제3절 헌법상 정의·용어	20170	| 보충성 원칙                | 자치단위가 우선 수행하되 필요시 중앙이 보충하는 원칙.                             | 제2장 §5 제2항·§13 제3항       | 제9장(지방)           |	4단계 대상 식별·치환 대기
REF-L11078-C0087	11078	88	제2장	18		SRC-C18-L11032	SRC-C18-L11032	제21장 제3절 헌법상 정의·용어	20171	| 조정 원칙                 | 중앙이 영역 간 충돌을 **조정**하는 원칙.                                  | 제2장 §5 제2항               |                   |	4단계 대상 식별·치환 대기
REF-L11078-C0094	11078	95	제2항	18		SRC-C18-L11032	SRC-C18-L11032	제21장 제3절 헌법상 정의·용어	20171	| 조정 원칙                 | 중앙이 영역 간 충돌을 **조정**하는 원칙.                                  | 제2장 §5 제2항               |                   |	4단계 대상 식별·치환 대기
REF-L11079-C0088	11079	89	제2장	18		SRC-C18-L11032	SRC-C18-L11032	제21장 제3절 헌법상 정의·용어	20172	| 신탁령                   | 연방 법률에 따라 설치되는 **연방의 보호·관리 영역**.                            | 제2장 §13 제2항              | 제10장(개척)          |	4단계 대상 식별·치환 대기
REF-L11079-C0096	11079	97	제2항	18		SRC-C18-L11032	SRC-C18-L11032	제21장 제3절 헌법상 정의·용어	20172	| 신탁령                   | 연방 법률에 따라 설치되는 **연방의 보호·관리 영역**.                            | 제2장 §13 제2항              | 제10장(개척)          |	4단계 대상 식별·치환 대기
REF-L11079-C0115	11079	116	제10장	18		SRC-C18-L11032	SRC-C18-L11032	제21장 제3절 헌법상 정의·용어	20172	| 신탁령                   | 연방 법률에 따라 설치되는 **연방의 보호·관리 영역**.                            | 제2장 §13 제2항              | 제10장(개척)          |	4단계 대상 식별·치환 대기
REF-L11080-C0088	11080	89	제2장	18		SRC-C18-L11032	SRC-C18-L11032	제21장 제3절 헌법상 정의·용어	20173	| 개척령                   | 연방 법률에 따라 설치되는 **신규 개척·관리 영역**.                             | 제2장 §13 제2항              | 제10장(개척)          |	4단계 대상 식별·치환 대기
REF-L11080-C0096	11080	97	제2항	18		SRC-C18-L11032	SRC-C18-L11032	제21장 제3절 헌법상 정의·용어	20173	| 개척령                   | 연방 법률에 따라 설치되는 **신규 개척·관리 영역**.                             | 제2장 §13 제2항              | 제10장(개척)          |	4단계 대상 식별·치환 대기
REF-L11080-C0115	11080	116	제10장	18		SRC-C18-L11032	SRC-C18-L11032	제21장 제3절 헌법상 정의·용어	20173	| 개척령                   | 연방 법률에 따라 설치되는 **신규 개척·관리 영역**.                             | 제2장 §13 제2항              | 제10장(개척)          |	4단계 대상 식별·치환 대기
REF-L11081-C0087	11081	88	제2장	18		SRC-C18-L11032	SRC-C18-L11032	제21장 제3절 헌법상 정의·용어	20174	| 항행 회랑                 | 연방이 지정·설치하는 **항행 전용 통로**(안전구역 포함).                         | 제2장 §14 제1항              | 제12장(외교)          |	4단계 대상 식별·치환 대기
REF-L11081-C0095	11081	96	제1항	18		SRC-C18-L11032	SRC-C18-L11032	제21장 제3절 헌법상 정의·용어	20174	| 항행 회랑                 | 연방이 지정·설치하는 **항행 전용 통로**(안전구역 포함).                         | 제2장 §14 제1항              | 제12장(외교)          |	4단계 대상 식별·치환 대기
REF-L11081-C0114	11081	115	제12장	18		SRC-C18-L11032	SRC-C18-L11032	제21장 제3절 헌법상 정의·용어	20174	| 항행 회랑                 | 연방이 지정·설치하는 **항행 전용 통로**(안전구역 포함).                         | 제2장 §14 제1항              | 제12장(외교)          |	4단계 대상 식별·치환 대기
REF-L11082-C0087	11082	88	제2장	18		SRC-C18-L11032	SRC-C18-L11032	제21장 제3절 헌법상 정의·용어	20175	| 심우주 관문/중계시설           | 항행 회랑과 결합되는 출입·중계 인프라의 법적 지위.                              | 제2장 §14 제1항              |                   |	4단계 대상 식별·치환 대기
REF-L11082-C0095	11082	96	제1항	18		SRC-C18-L11032	SRC-C18-L11032	제21장 제3절 헌법상 정의·용어	20175	| 심우주 관문/중계시설           | 항행 회랑과 결합되는 출입·중계 인프라의 법적 지위.                              | 제2장 §14 제1항              |                   |	4단계 대상 식별·치환 대기
REF-L11083-C0087	11083	88	제2장	18		SRC-C18-L11032	SRC-C18-L11032	제21장 제3절 헌법상 정의·용어	20176	| 표준 전자 등록부             | 신분 변동(취득·상실·정지 등)을 등재·공시하는 **기본 데이터베이스**.                  | 제2장 §21 제1~2항            | 제1장(개인정보)         |	4단계 대상 식별·치환 대기
REF-L11083-C0114	11083	115	제1장	18		SRC-C18-L11032	SRC-C18-L11032	제21장 제3절 헌법상 정의·용어	20176	| 표준 전자 등록부             | 신분 변동(취득·상실·정지 등)을 등재·공시하는 **기본 데이터베이스**.                  | 제2장 §21 제1~2항            | 제1장(개인정보)         |	4단계 대상 식별·치환 대기
REF-L11084-C0087	11084	88	제2장	18		SRC-C18-L11032	SRC-C18-L11032	제21장 제3절 헌법상 정의·용어	20177	| 최고충성 주체               | 복수 신민권 등 충돌 시 우선 복무해야 하는 대상.                               | 제2장 §18 제2항              |                   |	4단계 대상 식별·치환 대기
REF-L11084-C0095	11084	96	제2항	18		SRC-C18-L11032	SRC-C18-L11032	제21장 제3절 헌법상 정의·용어	20177	| 최고충성 주체               | 복수 신민권 등 충돌 시 우선 복무해야 하는 대상.                               | 제2장 §18 제2항              |                   |	4단계 대상 식별·치환 대기
REF-L11092-C0150	11092	151	제1조	18		SRC-C18-L11032	SRC-C18-L11032	제21장 제3절 헌법상 정의·용어	20185	| 중립적 원수<br>(Head of the Federation) | 연방 황실의 헌법상 지위.<br>정치적 중립을 유지하며 헌법행위를 집전한다.                                                                   | 제1조 제1항           | 제2장 §2(축 구조) |	4단계 대상 식별·치환 대기
REF-L11092-C0154	11092	155	제1항	18		SRC-C18-L11032	SRC-C18-L11032	제21장 제3절 헌법상 정의·용어	20185	| 중립적 원수<br>(Head of the Federation) | 연방 황실의 헌법상 지위.<br>정치적 중립을 유지하며 헌법행위를 집전한다.                                                                   | 제1조 제1항           | 제2장 §2(축 구조) |	4단계 대상 식별·치환 대기
REF-L11092-C0170	11092	171	제2장	18		SRC-C18-L11032	SRC-C18-L11032	제21장 제3절 헌법상 정의·용어	20185	| 중립적 원수<br>(Head of the Federation) | 연방 황실의 헌법상 지위.<br>정치적 중립을 유지하며 헌법행위를 집전한다.                                                                   | 제1조 제1항           | 제2장 §2(축 구조) |	4단계 대상 식별·치환 대기
REF-L11093-C0150	11093	151	제3조	18		SRC-C18-L11032	SRC-C18-L11032	제21장 제3절 헌법상 정의·용어	20186	| 형식행위                               | 서명·관인·공포 등 법률상 형식 요건을<br>갖춰 헌법행위를 집전하는 절차.                                                                   | 제3조 제1항           | 제4조(관보·관인)   |	4단계 대상 식별·치환 대기
REF-L11093-C0154	11093	155	제1항	18		SRC-C18-L11032	SRC-C18-L11032	제21장 제3절 헌법상 정의·용어	20186	| 형식행위                               | 서명·관인·공포 등 법률상 형식 요건을<br>갖춰 헌법행위를 집전하는 절차.                                                                   | 제3조 제1항           | 제4조(관보·관인)   |	4단계 대상 식별·치환 대기
REF-L11093-C0170	11093	171	제4조	18		SRC-C18-L11032	SRC-C18-L11032	제21장 제3절 헌법상 정의·용어	20186	| 형식행위                               | 서명·관인·공포 등 법률상 형식 요건을<br>갖춰 헌법행위를 집전하는 절차.                                                                   | 제3조 제1항           | 제4조(관보·관인)   |	4단계 대상 식별·치환 대기
REF-L11094-C0150	11094	151	제3조	18		SRC-C18-L11032	SRC-C18-L11032	제21장 제3절 헌법상 정의·용어	20187	| 환부                                 | 중대한 하자 발견 시 안건을 되돌려 재검토·수정하도록 하는 조치.<br>사유와 절차는 관보에 공시한다.                                                    | 제3조 제3항           | 제4조          |	4단계 대상 식별·치환 대기
REF-L11094-C0154	11094	155	제3항	18		SRC-C18-L11032	SRC-C18-L11032	제21장 제3절 헌법상 정의·용어	20187	| 환부                                 | 중대한 하자 발견 시 안건을 되돌려 재검토·수정하도록 하는 조치.<br>사유와 절차는 관보에 공시한다.                                                    | 제3조 제3항           | 제4조          |	4단계 대상 식별·치환 대기
REF-L11094-C0170	11094	171	제4조	18		SRC-C18-L11032	SRC-C18-L11032	제21장 제3절 헌법상 정의·용어	20187	| 환부                                 | 중대한 하자 발견 시 안건을 되돌려 재검토·수정하도록 하는 조치.<br>사유와 절차는 관보에 공시한다.                                                    | 제3조 제3항           | 제4조          |	4단계 대상 식별·치환 대기
REF-L11095-C0151	11095	152	제3조	18		SRC-C18-L11032	SRC-C18-L11032	제21장 제3절 헌법상 정의·용어	20188	| 황제령(상시)                            | 황제가 발하는 일반 규범. 선포 즉시 효력 발생,<br>**연방 법률과 동위 규범층**.<br>충돌 시 **유보·특별법우선·신법우선** 적용.<br>총의회 결의안·최평 행정명령보다 우선.      | 제3조 제4항           | 제2장 §3(규범층)  |	4단계 대상 식별·치환 대기
REF-L11095-C0155	11095	156	제4항	18		SRC-C18-L11032	SRC-C18-L11032	제21장 제3절 헌법상 정의·용어	20188	| 황제령(상시)                            | 황제가 발하는 일반 규범. 선포 즉시 효력 발생,<br>**연방 법률과 동위 규범층**.<br>충돌 시 **유보·특별법우선·신법우선** 적용.<br>총의회 결의안·최평 행정명령보다 우선.      | 제3조 제4항           | 제2장 §3(규범층)  |	4단계 대상 식별·치환 대기
REF-L11095-C0171	11095	172	제2장	18		SRC-C18-L11032	SRC-C18-L11032	제21장 제3절 헌법상 정의·용어	20188	| 황제령(상시)                            | 황제가 발하는 일반 규범. 선포 즉시 효력 발생,<br>**연방 법률과 동위 규범층**.<br>충돌 시 **유보·특별법우선·신법우선** 적용.<br>총의회 결의안·최평 행정명령보다 우선.      | 제3조 제4항           | 제2장 §3(규범층)  |	4단계 대상 식별·치환 대기
REF-L11096-C0150	11096	151	제11조	18		SRC-C18-L11032	SRC-C18-L11032	제21장 제3절 헌법상 정의·용어	20189	| 황제령(비상/긴급황제령)                      | 전시·사변 등 비상 시 발하는 한시 규범.<br>**등급·사유서·일몰**을 명시하고 관보 등재,<br>사후추인·사후평가·백서 공개를 따른다.                               | 제11조 제1·4항        | 제2장 §6(비상권)  |	4단계 대상 식별·치환 대기
REF-L11096-C0170	11096	171	제2장	18		SRC-C18-L11032	SRC-C18-L11032	제21장 제3절 헌법상 정의·용어	20189	| 황제령(비상/긴급황제령)                      | 전시·사변 등 비상 시 발하는 한시 규범.<br>**등급·사유서·일몰**을 명시하고 관보 등재,<br>사후추인·사후평가·백서 공개를 따른다.                               | 제11조 제1·4항        | 제2장 §6(비상권)  |	4단계 대상 식별·치환 대기
REF-L11097-C0150	11097	151	제3조	18		SRC-C18-L11032	SRC-C18-L11032	제21장 제3절 헌법상 정의·용어	20190	| 헌법위원회의 철회권고                        | 상원의 헌법위원회가 정족수로<br>황제령 철회권고안을 의결할 수 있는 권능.<br>황제는 7일 이내 회신.                                                  | 제3조 제5항           | 제5장(입법 절차)   |	4단계 대상 식별·치환 대기
REF-L11097-C0154	11097	155	제5항	18		SRC-C18-L11032	SRC-C18-L11032	제21장 제3절 헌법상 정의·용어	20190	| 헌법위원회의 철회권고                        | 상원의 헌법위원회가 정족수로<br>황제령 철회권고안을 의결할 수 있는 권능.<br>황제는 7일 이내 회신.                                                  | 제3조 제5항           | 제5장(입법 절차)   |	4단계 대상 식별·치환 대기
REF-L11097-C0170	11097	171	제5장	18		SRC-C18-L11032	SRC-C18-L11032	제21장 제3절 헌법상 정의·용어	20190	| 헌법위원회의 철회권고                        | 상원의 헌법위원회가 정족수로<br>황제령 철회권고안을 의결할 수 있는 권능.<br>황제는 7일 이내 회신.                                                  | 제3조 제5항           | 제5장(입법 절차)   |	4단계 대상 식별·치환 대기
REF-L11098-C0150	11098	151	제1조	18		SRC-C18-L11032	SRC-C18-L11032	제21장 제3절 헌법상 정의·용어	20191	| 전자관보                               | 법령·명령·고시의 공식 전자 공표 매체.<br>**버전·해시·담당자·일몰시한**을 포함한 표준 메타데이터 병기.                                               | 제1조 제3항, 제4조 제3항  | 제2장 §3 §7 §9 |	4단계 대상 식별·치환 대기
REF-L11098-C0154	11098	155	제3항	18		SRC-C18-L11032	SRC-C18-L11032	제21장 제3절 헌법상 정의·용어	20191	| 전자관보                               | 법령·명령·고시의 공식 전자 공표 매체.<br>**버전·해시·담당자·일몰시한**을 포함한 표준 메타데이터 병기.                                               | 제1조 제3항, 제4조 제3항  | 제2장 §3 §7 §9 |	4단계 대상 식별·치환 대기
REF-L11098-C0159	11098	160	제4조	18		SRC-C18-L11032	SRC-C18-L11032	제21장 제3절 헌법상 정의·용어	20191	| 전자관보                               | 법령·명령·고시의 공식 전자 공표 매체.<br>**버전·해시·담당자·일몰시한**을 포함한 표준 메타데이터 병기.                                               | 제1조 제3항, 제4조 제3항  | 제2장 §3 §7 §9 |	4단계 대상 식별·치환 대기
REF-L11098-C0163	11098	164	제3항	18		SRC-C18-L11032	SRC-C18-L11032	제21장 제3절 헌법상 정의·용어	20191	| 전자관보                               | 법령·명령·고시의 공식 전자 공표 매체.<br>**버전·해시·담당자·일몰시한**을 포함한 표준 메타데이터 병기.                                               | 제1조 제3항, 제4조 제3항  | 제2장 §3 §7 §9 |	4단계 대상 식별·치환 대기
REF-L11098-C0170	11098	171	제2장	18		SRC-C18-L11032	SRC-C18-L11032	제21장 제3절 헌법상 정의·용어	20191	| 전자관보                               | 법령·명령·고시의 공식 전자 공표 매체.<br>**버전·해시·담당자·일몰시한**을 포함한 표준 메타데이터 병기.                                               | 제1조 제3항, 제4조 제3항  | 제2장 §3 §7 §9 |	4단계 대상 식별·치환 대기
REF-L11099-C0150	11099	151	제4조	18		SRC-C18-L11032	SRC-C18-L11032	제21장 제3절 헌법상 정의·용어	20192	| 전자관인(e‑Seal)·국새                    | 관인 수단. 전자관인은 해시와 함께 동일성 보장.                                                                                  | 제4조 제2항           | 제2장 §3 §9    |	4단계 대상 식별·치환 대기
REF-L11099-C0154	11099	155	제2항	18		SRC-C18-L11032	SRC-C18-L11032	제21장 제3절 헌법상 정의·용어	20192	| 전자관인(e‑Seal)·국새                    | 관인 수단. 전자관인은 해시와 함께 동일성 보장.                                                                                  | 제4조 제2항           | 제2장 §3 §9    |	4단계 대상 식별·치환 대기
REF-L11099-C0170	11099	171	제2장	18		SRC-C18-L11032	SRC-C18-L11032	제21장 제3절 헌법상 정의·용어	20192	| 전자관인(e‑Seal)·국새                    | 관인 수단. 전자관인은 해시와 함께 동일성 보장.                                                                                  | 제4조 제2항           | 제2장 §3 §9    |	4단계 대상 식별·치환 대기
REF-L11100-C0150	11100	151	제2조	18		SRC-C18-L11032	SRC-C18-L11032	제21장 제3절 헌법상 정의·용어	20193	| 오픈 대시보드                            | 황실 권한행위·집행·시정조치를 실시간 공개하는 포털.                                                                                | 제2조 제1항           | 제2장 §7(투명성)  |	4단계 대상 식별·치환 대기
REF-L11100-C0154	11100	155	제1항	18		SRC-C18-L11032	SRC-C18-L11032	제21장 제3절 헌법상 정의·용어	20193	| 오픈 대시보드                            | 황실 권한행위·집행·시정조치를 실시간 공개하는 포털.                                                                                | 제2조 제1항           | 제2장 §7(투명성)  |	4단계 대상 식별·치환 대기
REF-L11100-C0170	11100	171	제2장	18		SRC-C18-L11032	SRC-C18-L11032	제21장 제3절 헌법상 정의·용어	20193	| 오픈 대시보드                            | 황실 권한행위·집행·시정조치를 실시간 공개하는 포털.                                                                                | 제2조 제1항           | 제2장 §7(투명성)  |	4단계 대상 식별·치환 대기
REF-L11101-C0150	11101	151	제2조	18		SRC-C18-L11032	SRC-C18-L11032	제21장 제3절 헌법상 정의·용어	20194	| Commit‑or‑Explain(C/E)             | 권고·숙의 결과에 대해 **수용** 또는 **사유 설명**으로<br>기한·서식·버전 기준에 맞춰 회신하는 의무.                                               | 제2조 제2항           | 제2장 §7 제4항   |	4단계 대상 식별·치환 대기
REF-L11101-C0154	11101	155	제2항	18		SRC-C18-L11032	SRC-C18-L11032	제21장 제3절 헌법상 정의·용어	20194	| Commit‑or‑Explain(C/E)             | 권고·숙의 결과에 대해 **수용** 또는 **사유 설명**으로<br>기한·서식·버전 기준에 맞춰 회신하는 의무.                                               | 제2조 제2항           | 제2장 §7 제4항   |	4단계 대상 식별·치환 대기
REF-L11101-C0170	11101	171	제2장	18		SRC-C18-L11032	SRC-C18-L11032	제21장 제3절 헌법상 정의·용어	20194	| Commit‑or‑Explain(C/E)             | 권고·숙의 결과에 대해 **수용** 또는 **사유 설명**으로<br>기한·서식·버전 기준에 맞춰 회신하는 의무.                                               | 제2조 제2항           | 제2장 §7 제4항   |	4단계 대상 식별·치환 대기
REF-L11101-C0177	11101	178	제4항	18		SRC-C18-L11032	SRC-C18-L11032	제21장 제3절 헌법상 정의·용어	20194	| Commit‑or‑Explain(C/E)             | 권고·숙의 결과에 대해 **수용** 또는 **사유 설명**으로<br>기한·서식·버전 기준에 맞춰 회신하는 의무.                                               | 제2조 제2항           | 제2장 §7 제4항   |	4단계 대상 식별·치환 대기
REF-L11102-C0150	11102	151	제2조	18		SRC-C18-L11032	SRC-C18-L11032	제21장 제3절 헌법상 정의·용어	20195	| 공개 라이선스<br>(오픈 라이선스)               | 공개 가능한 보고서·데이터·대시보드를 공개 이용허락으로 제공.<br>표상(국장·문장)은 별도 규율.                                                      | 제2조 제4항           | 제2장 §7 §9    |	4단계 대상 식별·치환 대기
REF-L11102-C0154	11102	155	제4항	18		SRC-C18-L11032	SRC-C18-L11032	제21장 제3절 헌법상 정의·용어	20195	| 공개 라이선스<br>(오픈 라이선스)               | 공개 가능한 보고서·데이터·대시보드를 공개 이용허락으로 제공.<br>표상(국장·문장)은 별도 규율.                                                      | 제2조 제4항           | 제2장 §7 §9    |	4단계 대상 식별·치환 대기
REF-L11102-C0170	11102	171	제2장	18		SRC-C18-L11032	SRC-C18-L11032	제21장 제3절 헌법상 정의·용어	20195	| 공개 라이선스<br>(오픈 라이선스)               | 공개 가능한 보고서·데이터·대시보드를 공개 이용허락으로 제공.<br>표상(국장·문장)은 별도 규율.                                                      | 제2조 제4항           | 제2장 §7 §9    |	4단계 대상 식별·치환 대기
REF-L11103-C0150	11103	151	제2조	18		SRC-C18-L11032	SRC-C18-L11032	제21장 제3절 헌법상 정의·용어	20196	| 위기 커뮤니케이션 표준                       | 최초 공지 **T+2h**,<br>RCA 초안·최종 **5·15 영업일** 공개.                                                                | 제2조 제3항           | 제2장 §7       |	4단계 대상 식별·치환 대기
REF-L11103-C0154	11103	155	제3항	18		SRC-C18-L11032	SRC-C18-L11032	제21장 제3절 헌법상 정의·용어	20196	| 위기 커뮤니케이션 표준                       | 최초 공지 **T+2h**,<br>RCA 초안·최종 **5·15 영업일** 공개.                                                                | 제2조 제3항           | 제2장 §7       |	4단계 대상 식별·치환 대기
REF-L11103-C0170	11103	171	제2장	18		SRC-C18-L11032	SRC-C18-L11032	제21장 제3절 헌법상 정의·용어	20196	| 위기 커뮤니케이션 표준                       | 최초 공지 **T+2h**,<br>RCA 초안·최종 **5·15 영업일** 공개.                                                                | 제2조 제3항           | 제2장 §7       |	4단계 대상 식별·치환 대기
REF-L11104-C0150	11104	151	제10조	18		SRC-C18-L11032	SRC-C18-L11032	제21장 제3절 헌법상 정의·용어	20197	| 중재·권고서 절차                          | 기능정지 위험 시<br>개시 통지→권고서→**C/E 회신**→조정회의→종결 공시의 단계로 진행.                                                        | 제10조 제2항          | 제2장 §2 제4항   |	4단계 대상 식별·치환 대기
REF-L11104-C0155	11104	156	제2항	18		SRC-C18-L11032	SRC-C18-L11032	제21장 제3절 헌법상 정의·용어	20197	| 중재·권고서 절차                          | 기능정지 위험 시<br>개시 통지→권고서→**C/E 회신**→조정회의→종결 공시의 단계로 진행.                                                        | 제10조 제2항          | 제2장 §2 제4항   |	4단계 대상 식별·치환 대기
REF-L11104-C0170	11104	171	제2장	18		SRC-C18-L11032	SRC-C18-L11032	제21장 제3절 헌법상 정의·용어	20197	| 중재·권고서 절차                          | 기능정지 위험 시<br>개시 통지→권고서→**C/E 회신**→조정회의→종결 공시의 단계로 진행.                                                        | 제10조 제2항          | 제2장 §2 제4항   |	4단계 대상 식별·치환 대기
REF-L11104-C0177	11104	178	제4항	18		SRC-C18-L11032	SRC-C18-L11032	제21장 제3절 헌법상 정의·용어	20197	| 중재·권고서 절차                          | 기능정지 위험 시<br>개시 통지→권고서→**C/E 회신**→조정회의→종결 공시의 단계로 진행.                                                        | 제10조 제2항          | 제2장 §2 제4항   |	4단계 대상 식별·치환 대기
REF-L11105-C0150	11105	151	제10조	18		SRC-C18-L11032	SRC-C18-L11032	제21장 제3절 헌법상 정의·용어	20198	| 시한(SLA)                            | 중재 프로세스의 처리 기한: 권고서 T+5영업일,<br>C/E 회신 T+10영업일, 종결 공시 T+2영업일.                                                 | 제10조 제3항          | 제2장 §7       |	4단계 대상 식별·치환 대기
REF-L11105-C0155	11105	156	제3항	18		SRC-C18-L11032	SRC-C18-L11032	제21장 제3절 헌법상 정의·용어	20198	| 시한(SLA)                            | 중재 프로세스의 처리 기한: 권고서 T+5영업일,<br>C/E 회신 T+10영업일, 종결 공시 T+2영업일.                                                 | 제10조 제3항          | 제2장 §7       |	4단계 대상 식별·치환 대기
REF-L11105-C0170	11105	171	제2장	18		SRC-C18-L11032	SRC-C18-L11032	제21장 제3절 헌법상 정의·용어	20198	| 시한(SLA)                            | 중재 프로세스의 처리 기한: 권고서 T+5영업일,<br>C/E 회신 T+10영업일, 종결 공시 T+2영업일.                                                 | 제10조 제3항          | 제2장 §7       |	4단계 대상 식별·치환 대기
REF-L11106-C0150	11106	151	제10조	18		SRC-C18-L11032	SRC-C18-L11032	제21장 제3절 헌법상 정의·용어	20199	| 이해충돌 제척·회피                         | 이해충돌 소지자는 중재·심의에서 제척·회피한다.                                                                                   | 제10조 제4항          | 제6장(사법 일반원칙) |	4단계 대상 식별·치환 대기
REF-L11106-C0155	11106	156	제4항	18		SRC-C18-L11032	SRC-C18-L11032	제21장 제3절 헌법상 정의·용어	20199	| 이해충돌 제척·회피                         | 이해충돌 소지자는 중재·심의에서 제척·회피한다.                                                                                   | 제10조 제4항          | 제6장(사법 일반원칙) |	4단계 대상 식별·치환 대기
REF-L11106-C0170	11106	171	제6장	18		SRC-C18-L11032	SRC-C18-L11032	제21장 제3절 헌법상 정의·용어	20199	| 이해충돌 제척·회피                         | 이해충돌 소지자는 중재·심의에서 제척·회피한다.                                                                                   | 제10조 제4항          | 제6장(사법 일반원칙) |	4단계 대상 식별·치환 대기
REF-L11107-C0150	11107	151	제9조	18		SRC-C18-L11032	SRC-C18-L11032	제21장 제3절 헌법상 정의·용어	20200	| 연속성 체계<br>(COG/COOP)               | 국가 최고기능을 보장하기 위한 승계·섭정·대리권,<br>통신·관보·관인 백업, EOC 가동 체계.                                                       | 제9조 제1항           | 제11장(방위)     |	4단계 대상 식별·치환 대기
REF-L11107-C0154	11107	155	제1항	18		SRC-C18-L11032	SRC-C18-L11032	제21장 제3절 헌법상 정의·용어	20200	| 연속성 체계<br>(COG/COOP)               | 국가 최고기능을 보장하기 위한 승계·섭정·대리권,<br>통신·관보·관인 백업, EOC 가동 체계.                                                       | 제9조 제1항           | 제11장(방위)     |	4단계 대상 식별·치환 대기
REF-L11107-C0170	11107	171	제11장	18		SRC-C18-L11032	SRC-C18-L11032	제21장 제3절 헌법상 정의·용어	20200	| 연속성 체계<br>(COG/COOP)               | 국가 최고기능을 보장하기 위한 승계·섭정·대리권,<br>통신·관보·관인 백업, EOC 가동 체계.                                                       | 제9조 제1항           | 제11장(방위)     |	4단계 대상 식별·치환 대기
REF-L11108-C0150	11108	151	제9조	18		SRC-C18-L11032	SRC-C18-L11032	제21장 제3절 헌법상 정의·용어	20201	| 합동상황실<br>(EOC)                     | 황실·최평·정보국 등이 연동하는 상황실.<br>설치·운영은 법률·황제령로 정함.                                                                 | 제9조 제2항, 제23조 제1항 | 제15장(정보)     |	4단계 대상 식별·치환 대기
REF-L11108-C0154	11108	155	제2항	18		SRC-C18-L11032	SRC-C18-L11032	제21장 제3절 헌법상 정의·용어	20201	| 합동상황실<br>(EOC)                     | 황실·최평·정보국 등이 연동하는 상황실.<br>설치·운영은 법률·황제령로 정함.                                                                 | 제9조 제2항, 제23조 제1항 | 제15장(정보)     |	4단계 대상 식별·치환 대기
REF-L11108-C0159	11108	160	제23조	18		SRC-C18-L11032	SRC-C18-L11032	제21장 제3절 헌법상 정의·용어	20201	| 합동상황실<br>(EOC)                     | 황실·최평·정보국 등이 연동하는 상황실.<br>설치·운영은 법률·황제령로 정함.                                                                 | 제9조 제2항, 제23조 제1항 | 제15장(정보)     |	4단계 대상 식별·치환 대기
REF-L11108-C0164	11108	165	제1항	18		SRC-C18-L11032	SRC-C18-L11032	제21장 제3절 헌법상 정의·용어	20201	| 합동상황실<br>(EOC)                     | 황실·최평·정보국 등이 연동하는 상황실.<br>설치·운영은 법률·황제령로 정함.                                                                 | 제9조 제2항, 제23조 제1항 | 제15장(정보)     |	4단계 대상 식별·치환 대기
REF-L11108-C0170	11108	171	제15장	18		SRC-C18-L11032	SRC-C18-L11032	제21장 제3절 헌법상 정의·용어	20201	| 합동상황실<br>(EOC)                     | 황실·최평·정보국 등이 연동하는 상황실.<br>설치·운영은 법률·황제령로 정함.                                                                 | 제9조 제2항, 제23조 제1항 | 제15장(정보)     |	4단계 대상 식별·치환 대기
REF-L11109-C0150	11109	151	제14조	18		SRC-C18-L11032	SRC-C18-L11032	제21장 제3절 헌법상 정의·용어	20202	| 사후평가(AAR)·백서                       | 황제령·중재권고·비상선언 등에 대한 사후평가와 백서 공개 의무.                                                                          | 제14조 제1항          | 제2장 §7       |	4단계 대상 식별·치환 대기
REF-L11109-C0155	11109	156	제1항	18		SRC-C18-L11032	SRC-C18-L11032	제21장 제3절 헌법상 정의·용어	20202	| 사후평가(AAR)·백서                       | 황제령·중재권고·비상선언 등에 대한 사후평가와 백서 공개 의무.                                                                          | 제14조 제1항          | 제2장 §7       |	4단계 대상 식별·치환 대기
REF-L11109-C0170	11109	171	제2장	18		SRC-C18-L11032	SRC-C18-L11032	제21장 제3절 헌법상 정의·용어	20202	| 사후평가(AAR)·백서                       | 황제령·중재권고·비상선언 등에 대한 사후평가와 백서 공개 의무.                                                                          | 제14조 제1항          | 제2장 §7       |	4단계 대상 식별·치환 대기
REF-L11110-C0150	11110	151	제14조	18		SRC-C18-L11032	SRC-C18-L11032	제21장 제3절 헌법상 정의·용어	20203	| 개선계획의 C/E 공시                       | AAR 결과에 따른 개선계획을 C/E 방식으로 공시.                                                                                | 제14조 제2항          | 제2장 §7 제4항   |	4단계 대상 식별·치환 대기
REF-L11110-C0155	11110	156	제2항	18		SRC-C18-L11032	SRC-C18-L11032	제21장 제3절 헌법상 정의·용어	20203	| 개선계획의 C/E 공시                       | AAR 결과에 따른 개선계획을 C/E 방식으로 공시.                                                                                | 제14조 제2항          | 제2장 §7 제4항   |	4단계 대상 식별·치환 대기
REF-L11110-C0170	11110	171	제2장	18		SRC-C18-L11032	SRC-C18-L11032	제21장 제3절 헌법상 정의·용어	20203	| 개선계획의 C/E 공시                       | AAR 결과에 따른 개선계획을 C/E 방식으로 공시.                                                                                | 제14조 제2항          | 제2장 §7 제4항   |	4단계 대상 식별·치환 대기
REF-L11110-C0177	11110	178	제4항	18		SRC-C18-L11032	SRC-C18-L11032	제21장 제3절 헌법상 정의·용어	20203	| 개선계획의 C/E 공시                       | AAR 결과에 따른 개선계획을 C/E 방식으로 공시.                                                                                | 제14조 제2항          | 제2장 §7 제4항   |	4단계 대상 식별·치환 대기
REF-L11111-C0150	11111	151	제6조	18		SRC-C18-L11032	SRC-C18-L11032	제21장 제3절 헌법상 정의·용어	20204	| 황실 재정 공개                           | 황실 경비의 예산 계상 및 연례 보고.                                                                                        | 제6조 제1·2항         | 제7장(재정)      |	4단계 대상 식별·치환 대기
REF-L11111-C0170	11111	171	제7장	18		SRC-C18-L11032	SRC-C18-L11032	제21장 제3절 헌법상 정의·용어	20204	| 황실 재정 공개                           | 황실 경비의 예산 계상 및 연례 보고.                                                                                        | 제6조 제1·2항         | 제7장(재정)      |	4단계 대상 식별·치환 대기
REF-L11112-C0150	11112	151	제6조	18		SRC-C18-L11032	SRC-C18-L11032	제21장 제3절 헌법상 정의·용어	20205	| 황실 재정의 의회 통제                       | 사전 허용: 상원 **황실위원회** 의결<br>사후 심사: 상원 **세출위원회** 수행                                                             | 제6조 제3·4항         | 제5장(의회)      |	4단계 대상 식별·치환 대기
REF-L11112-C0170	11112	171	제5장	18		SRC-C18-L11032	SRC-C18-L11032	제21장 제3절 헌법상 정의·용어	20205	| 황실 재정의 의회 통제                       | 사전 허용: 상원 **황실위원회** 의결<br>사후 심사: 상원 **세출위원회** 수행                                                             | 제6조 제3·4항         | 제5장(의회)      |	4단계 대상 식별·치환 대기
REF-L11113-C0150	11113	151	제6조의2	18		SRC-C18-L11032	SRC-C18-L11032	제21장 제3절 헌법상 정의·용어	20206	| 제도(帝都)·제도권                         | 제도 라흐(라흐렐리야·류블로쳬아·엑티바나·하일레이움)와 제도권 9주.<br>경계·좌표 변경 고시는 오픈 포맷 메타데이터로 공시.                                      | 제6조의2 제1~4항       | 제4장(영토·관할)   |	4단계 대상 식별·치환 대기
REF-L11113-C0170	11113	171	제4장	18		SRC-C18-L11032	SRC-C18-L11032	제21장 제3절 헌법상 정의·용어	20206	| 제도(帝都)·제도권                         | 제도 라흐(라흐렐리야·류블로쳬아·엑티바나·하일레이움)와 제도권 9주.<br>경계·좌표 변경 고시는 오픈 포맷 메타데이터로 공시.                                      | 제6조의2 제1~4항       | 제4장(영토·관할)   |	4단계 대상 식별·치환 대기
REF-L11114-C0150	11114	151	제6조의2	18		SRC-C18-L11032	SRC-C18-L11032	제21장 제3절 헌법상 정의·용어	20207	| 제도 라흐 토지 소유                        | 제도 라흐의 토지는 원칙적으로 황실 소유.<br>법률에 따라 국유·임대 전환 등 별도 규정 가능.                                                       | 제6조의2 제3항         | 제7장(재정·자산)   |	4단계 대상 식별·치환 대기
REF-L11114-C0156	11114	157	제3항	18		SRC-C18-L11032	SRC-C18-L11032	제21장 제3절 헌법상 정의·용어	20207	| 제도 라흐 토지 소유                        | 제도 라흐의 토지는 원칙적으로 황실 소유.<br>법률에 따라 국유·임대 전환 등 별도 규정 가능.                                                       | 제6조의2 제3항         | 제7장(재정·자산)   |	4단계 대상 식별·치환 대기
REF-L11114-C0170	11114	171	제7장	18		SRC-C18-L11032	SRC-C18-L11032	제21장 제3절 헌법상 정의·용어	20207	| 제도 라흐 토지 소유                        | 제도 라흐의 토지는 원칙적으로 황실 소유.<br>법률에 따라 국유·임대 전환 등 별도 규정 가능.                                                       | 제6조의2 제3항         | 제7장(재정·자산)   |	4단계 대상 식별·치환 대기
REF-L11115-C0150	11115	151	제7조	18		SRC-C18-L11032	SRC-C18-L11032	제21장 제3절 헌법상 정의·용어	20208	| 파문                                 | 황실 구성원을 황실 질서에서 배제해 일반 신민 신분으로 보는 조치.                                                                        | 제7조 제3항           | 제1장(신분·기본권)  |	4단계 대상 식별·치환 대기
REF-L11115-C0154	11115	155	제3항	18		SRC-C18-L11032	SRC-C18-L11032	제21장 제3절 헌법상 정의·용어	20208	| 파문                                 | 황실 구성원을 황실 질서에서 배제해 일반 신민 신분으로 보는 조치.                                                                        | 제7조 제3항           | 제1장(신분·기본권)  |	4단계 대상 식별·치환 대기
REF-L11115-C0170	11115	171	제1장	18		SRC-C18-L11032	SRC-C18-L11032	제21장 제3절 헌법상 정의·용어	20208	| 파문                                 | 황실 구성원을 황실 질서에서 배제해 일반 신민 신분으로 보는 조치.                                                                        | 제7조 제3항           | 제1장(신분·기본권)  |	4단계 대상 식별·치환 대기
REF-L11116-C0150	11116	151	제8조	18		SRC-C18-L11032	SRC-C18-L11032	제21장 제3절 헌법상 정의·용어	20209	| 기록·표상                              | 기록의 공개등급·보존기간·메타데이터 의무와,<br>국장·문장·색채 등 표상의 법적 지위.                                                            | 제8조 제1·2항         | 제2장 §3 §9    |	4단계 대상 식별·치환 대기
REF-L11116-C0170	11116	171	제2장	18		SRC-C18-L11032	SRC-C18-L11032	제21장 제3절 헌법상 정의·용어	20209	| 기록·표상                              | 기록의 공개등급·보존기간·메타데이터 의무와,<br>국장·문장·색채 등 표상의 법적 지위.                                                            | 제8조 제1·2항         | 제2장 §3 §9    |	4단계 대상 식별·치환 대기
REF-L11117-C0150	11117	151	제12조	18		SRC-C18-L11032	SRC-C18-L11032	제21장 제3절 헌법상 정의·용어	20210	| 승계 원칙·순위                           | 황위 승계의 원칙·순위·결격사유를 법률로 정함.                                                                                   | 제12조 제1항          | 제4장(기관 구성법)  |	4단계 대상 식별·치환 대기
REF-L11117-C0155	11117	156	제1항	18		SRC-C18-L11032	SRC-C18-L11032	제21장 제3절 헌법상 정의·용어	20210	| 승계 원칙·순위                           | 황위 승계의 원칙·순위·결격사유를 법률로 정함.                                                                                   | 제12조 제1항          | 제4장(기관 구성법)  |	4단계 대상 식별·치환 대기
REF-L11117-C0170	11117	171	제4장	18		SRC-C18-L11032	SRC-C18-L11032	제21장 제3절 헌법상 정의·용어	20210	| 승계 원칙·순위                           | 황위 승계의 원칙·순위·결격사유를 법률로 정함.                                                                                   | 제12조 제1항          | 제4장(기관 구성법)  |	4단계 대상 식별·치환 대기
REF-L11118-C0150	11118	151	제12조	18		SRC-C18-L11032	SRC-C18-L11032	제21장 제3절 헌법상 정의·용어	20211	| 섭정                                 | 황제가 직무 수행 곤란 시 두는 대리 권한.<br>요건·절차는 법률로 정함.                                                                   | 제12조 제2항          | 제4장          |	4단계 대상 식별·치환 대기
REF-L11118-C0155	11118	156	제2항	18		SRC-C18-L11032	SRC-C18-L11032	제21장 제3절 헌법상 정의·용어	20211	| 섭정                                 | 황제가 직무 수행 곤란 시 두는 대리 권한.<br>요건·절차는 법률로 정함.                                                                   | 제12조 제2항          | 제4장          |	4단계 대상 식별·치환 대기
REF-L11118-C0170	11118	171	제4장	18		SRC-C18-L11032	SRC-C18-L11032	제21장 제3절 헌법상 정의·용어	20211	| 섭정                                 | 황제가 직무 수행 곤란 시 두는 대리 권한.<br>요건·절차는 법률로 정함.                                                                   | 제12조 제2항          | 제4장          |	4단계 대상 식별·치환 대기
REF-L11119-C0150	11119	151	제12조	18		SRC-C18-L11032	SRC-C18-L11032	제21장 제3절 헌법상 정의·용어	20212	| 직무정지·복귀 심사                         | 황제 직무 정지·복귀의 최종 판단 권한은 **연방 헌법원**에 있음.                                                                       | 제12조 제3항          | 제6장(사법)      |	4단계 대상 식별·치환 대기
REF-L11119-C0155	11119	156	제3항	18		SRC-C18-L11032	SRC-C18-L11032	제21장 제3절 헌법상 정의·용어	20212	| 직무정지·복귀 심사                         | 황제 직무 정지·복귀의 최종 판단 권한은 **연방 헌법원**에 있음.                                                                       | 제12조 제3항          | 제6장(사법)      |	4단계 대상 식별·치환 대기
REF-L11119-C0170	11119	171	제6장	18		SRC-C18-L11032	SRC-C18-L11032	제21장 제3절 헌법상 정의·용어	20212	| 직무정지·복귀 심사                         | 황제 직무 정지·복귀의 최종 판단 권한은 **연방 헌법원**에 있음.                                                                       | 제12조 제3항          | 제6장(사법)      |	4단계 대상 식별·치환 대기
REF-L11120-C0150	11120	151	제12조	18		SRC-C18-L11032	SRC-C18-L11032	제21장 제3절 헌법상 정의·용어	20213	| 종신직                                | 연방 황제는 종신직.                                                                                                  | 제12조 제4항          | —            |	4단계 대상 식별·치환 대기
REF-L11120-C0155	11120	156	제4항	18		SRC-C18-L11032	SRC-C18-L11032	제21장 제3절 헌법상 정의·용어	20213	| 종신직                                | 연방 황제는 종신직.                                                                                                  | 제12조 제4항          | —            |	4단계 대상 식별·치환 대기
REF-L11121-C0150	11121	151	제12조	18		SRC-C18-L11032	SRC-C18-L11032	제21장 제3절 헌법상 정의·용어	20214	| 제1황위계승자 지명                         | 재임 중 황제가 제1황위계승자를 지명(절차·요건은 법률).                                                                             | 제12조 제5항          | 제4장          |	4단계 대상 식별·치환 대기
REF-L11121-C0155	11121	156	제5항	18		SRC-C18-L11032	SRC-C18-L11032	제21장 제3절 헌법상 정의·용어	20214	| 제1황위계승자 지명                         | 재임 중 황제가 제1황위계승자를 지명(절차·요건은 법률).                                                                             | 제12조 제5항          | 제4장          |	4단계 대상 식별·치환 대기
REF-L11121-C0170	11121	171	제4장	18		SRC-C18-L11032	SRC-C18-L11032	제21장 제3절 헌법상 정의·용어	20214	| 제1황위계승자 지명                         | 재임 중 황제가 제1황위계승자를 지명(절차·요건은 법률).                                                                             | 제12조 제5항          | 제4장          |	4단계 대상 식별·치환 대기
REF-L11122-C0150	11122	151	제12조	18		SRC-C18-L11032	SRC-C18-L11032	제21장 제3절 헌법상 정의·용어	20215	| 황실 가문                              | 연방 황실은 ‘디 하일레이움 체 류블로쳬아 엘펜트 엘라카스’ 가문.<br>_(elruhnik 로마자: dih hailreiyuem cze ryuvlroczeah elphent elrakaxh)_ | 제12조 제7항          | —            |	4단계 대상 식별·치환 대기
REF-L11122-C0155	11122	156	제7항	18		SRC-C18-L11032	SRC-C18-L11032	제21장 제3절 헌법상 정의·용어	20215	| 황실 가문                              | 연방 황실은 ‘디 하일레이움 체 류블로쳬아 엘펜트 엘라카스’ 가문.<br>_(elruhnik 로마자: dih hailreiyuem cze ryuvlroczeah elphent elrakaxh)_ | 제12조 제7항          | —            |	4단계 대상 식별·치환 대기
REF-L11123-C0150	11123	151	제12조	18		SRC-C18-L11032	SRC-C18-L11032	제21장 제3절 헌법상 정의·용어	20216	| 표준 전자 등록부 등재                       | 승계·섭정의 개시·변경·종료 등<br>모든 **신분 변동**을 표준 전자 등록부에 등재하고 관보에 고지.                                                   | 제12조 제8항·제20조 제4항 | 제2장 §21      |	4단계 대상 식별·치환 대기
REF-L11123-C0155	11123	156	제8항	18		SRC-C18-L11032	SRC-C18-L11032	제21장 제3절 헌법상 정의·용어	20216	| 표준 전자 등록부 등재                       | 승계·섭정의 개시·변경·종료 등<br>모든 **신분 변동**을 표준 전자 등록부에 등재하고 관보에 고지.                                                   | 제12조 제8항·제20조 제4항 | 제2장 §21      |	4단계 대상 식별·치환 대기
REF-L11123-C0159	11123	160	제20조	18		SRC-C18-L11032	SRC-C18-L11032	제21장 제3절 헌법상 정의·용어	20216	| 표준 전자 등록부 등재                       | 승계·섭정의 개시·변경·종료 등<br>모든 **신분 변동**을 표준 전자 등록부에 등재하고 관보에 고지.                                                   | 제12조 제8항·제20조 제4항 | 제2장 §21      |	4단계 대상 식별·치환 대기
REF-L11123-C0164	11123	165	제4항	18		SRC-C18-L11032	SRC-C18-L11032	제21장 제3절 헌법상 정의·용어	20216	| 표준 전자 등록부 등재                       | 승계·섭정의 개시·변경·종료 등<br>모든 **신분 변동**을 표준 전자 등록부에 등재하고 관보에 고지.                                                   | 제12조 제8항·제20조 제4항 | 제2장 §21      |	4단계 대상 식별·치환 대기
REF-L11123-C0170	11123	171	제2장	18		SRC-C18-L11032	SRC-C18-L11032	제21장 제3절 헌법상 정의·용어	20216	| 표준 전자 등록부 등재                       | 승계·섭정의 개시·변경·종료 등<br>모든 **신분 변동**을 표준 전자 등록부에 등재하고 관보에 고지.                                                   | 제12조 제8항·제20조 제4항 | 제2장 §21      |	4단계 대상 식별·치환 대기
REF-L11124-C0150	11124	151	제20조	18		SRC-C18-L11032	SRC-C18-L11032	제21장 제3절 헌법상 정의·용어	20217	| 황위 계승 위원회                          | 승계 서열·등록·분쟁조정·섭정 발동을 심의하는 기구.<br>의결은 황실 재가와 헌법원 심사 거쳐 확정.                                                    | 제20조 제1·3항        | 제6장(사법)      |	4단계 대상 식별·치환 대기
REF-L11124-C0170	11124	171	제6장	18		SRC-C18-L11032	SRC-C18-L11032	제21장 제3절 헌법상 정의·용어	20217	| 황위 계승 위원회                          | 승계 서열·등록·분쟁조정·섭정 발동을 심의하는 기구.<br>의결은 황실 재가와 헌법원 심사 거쳐 확정.                                                    | 제20조 제1·3항        | 제6장(사법)      |	4단계 대상 식별·치환 대기
REF-L11125-C0150	11125	151	제21조	18		SRC-C18-L11032	SRC-C18-L11032	제21장 제3절 헌법상 정의·용어	20218	| 직속기관<br>예산·감사·보고                   | 직속기관 예산의 별도 항 편성과<br>총의회·감사원에 대한 정기 보고 의무.                                                                   | 제21조 제1·2항        | 제5장(입법)      |	4단계 대상 식별·치환 대기
REF-L11125-C0170	11125	171	제5장	18		SRC-C18-L11032	SRC-C18-L11032	제21장 제3절 헌법상 정의·용어	20218	| 직속기관<br>예산·감사·보고                   | 직속기관 예산의 별도 항 편성과<br>총의회·감사원에 대한 정기 보고 의무.                                                                   | 제21조 제1·2항        | 제5장(입법)      |	4단계 대상 식별·치환 대기
REF-L11126-C0150	11126	151	제22조	18		SRC-C18-L11032	SRC-C18-L11032	제21장 제3절 헌법상 정의·용어	20219	| 인사·윤리·보안                           | 직속기관의 임면·징계·보안,<br>내부고발 보호·보안등급 등.                                                                           | 제22조 제1·2항        | 제5·6장        |	4단계 대상 식별·치환 대기
REF-L11127-C0150	11127	151	제23조	18		SRC-C18-L11032	SRC-C18-L11032	제21장 제3절 헌법상 정의·용어	20220	| 정보 연동·통제                           | 직속기관↔정보국·최평 EOC의 상시 연동,<br>**업무분장표·우선순위 규칙**의 황제령 제정.                                                        | 제23조 제1·2항        | 제15장(정보)     |	4단계 대상 식별·치환 대기
REF-L11127-C0170	11127	171	제15장	18		SRC-C18-L11032	SRC-C18-L11032	제21장 제3절 헌법상 정의·용어	20220	| 정보 연동·통제                           | 직속기관↔정보국·최평 EOC의 상시 연동,<br>**업무분장표·우선순위 규칙**의 황제령 제정.                                                        | 제23조 제1·2항        | 제15장(정보)     |	4단계 대상 식별·치환 대기
REF-L11128-C0150	11128	151	제24조	18		SRC-C18-L11032	SRC-C18-L11032	제21장 제3절 헌법상 정의·용어	20221	| 비상 전환·사후 통제                        | 비상 전환의 기준·절차와 종료 후 사후평가·백서 공시.                                                                               | 제24조 제1·2항        | 제2장 §6       |	4단계 대상 식별·치환 대기
REF-L11128-C0170	11128	171	제2장	18		SRC-C18-L11032	SRC-C18-L11032	제21장 제3절 헌법상 정의·용어	20221	| 비상 전환·사후 통제                        | 비상 전환의 기준·절차와 종료 후 사후평가·백서 공시.                                                                               | 제24조 제1·2항        | 제2장 §6       |	4단계 대상 식별·치환 대기
REF-L11129-C0150	11129	151	제25조	18		SRC-C18-L11032	SRC-C18-L11032	제21장 제3절 헌법상 정의·용어	20222	| 위임·세칙                              | 이 장의 시행 세부는 법률·황제령 및 세칙에 위임.                                                                                 | 제25조 제1·2항        | 제2장 §3       |	4단계 대상 식별·치환 대기
REF-L11129-C0170	11129	171	제2장	18		SRC-C18-L11032	SRC-C18-L11032	제21장 제3절 헌법상 정의·용어	20222	| 위임·세칙                              | 이 장의 시행 세부는 법률·황제령 및 세칙에 위임.                                                                                 | 제25조 제1·2항        | 제2장 §3       |	4단계 대상 식별·치환 대기
REF-L11137-C0114	11137	115	제6조	18		SRC-C18-L11032	SRC-C18-L11032	제21장 제3절 헌법상 정의·용어	20230	| 전자관보·e-Seal                | 관보·전자관보에 국새 또는 전자관인(e-Seal)과 동일성 해시를 병기하고, 버전·일몰 메타데이터를 포함한다.                    | 제6조 5~6항                         | 제5장(입법), 제16장(감사)     |	4단계 대상 식별·치환 대기
REF-L11137-C0149	11137	150	제5장	18		SRC-C18-L11032	SRC-C18-L11032	제21장 제3절 헌법상 정의·용어	20230	| 전자관보·e-Seal                | 관보·전자관보에 국새 또는 전자관인(e-Seal)과 동일성 해시를 병기하고, 버전·일몰 메타데이터를 포함한다.                    | 제6조 5~6항                         | 제5장(입법), 제16장(감사)     |	4단계 대상 식별·치환 대기
REF-L11137-C0158	11137	159	제16장	18		SRC-C18-L11032	SRC-C18-L11032	제21장 제3절 헌법상 정의·용어	20230	| 전자관보·e-Seal                | 관보·전자관보에 국새 또는 전자관인(e-Seal)과 동일성 해시를 병기하고, 버전·일몰 메타데이터를 포함한다.                    | 제6조 5~6항                         | 제5장(입법), 제16장(감사)     |	4단계 대상 식별·치환 대기
REF-L11138-C0114	11138	115	제6조	18		SRC-C18-L11032	SRC-C18-L11032	제21장 제3절 헌법상 정의·용어	20231	| 규범층(층위)                    | 헌정질서의 위계는 ① 헌법 ② 연방법≡황제령 ③ 행정명령 ④ 자치단위 법률로 한다.                                   | 제6조 4항, 부속표 D                    | 제6장(사법), 제5장          |	4단계 대상 식별·치환 대기
REF-L11138-C0149	11138	150	제6장	18		SRC-C18-L11032	SRC-C18-L11032	제21장 제3절 헌법상 정의·용어	20231	| 규범층(층위)                    | 헌정질서의 위계는 ① 헌법 ② 연방법≡황제령 ③ 행정명령 ④ 자치단위 법률로 한다.                                   | 제6조 4항, 부속표 D                    | 제6장(사법), 제5장          |	4단계 대상 식별·치환 대기
REF-L11138-C0158	11138	159	제5장	18		SRC-C18-L11032	SRC-C18-L11032	제21장 제3절 헌법상 정의·용어	20231	| 규범층(층위)                    | 헌정질서의 위계는 ① 헌법 ② 연방법≡황제령 ③ 행정명령 ④ 자치단위 법률로 한다.                                   | 제6조 4항, 부속표 D                    | 제6장(사법), 제5장          |	4단계 대상 식별·치환 대기
REF-L11139-C0114	11139	115	제5조	18		SRC-C18-L11032	SRC-C18-L11032	제21장 제3절 헌법상 정의·용어	20232	| 황제령(황실령)                   | 연방법과 동위의 준입법 규범으로, 신속 발령 가능하며 상원 헌법위 2/3·2/3 철회권고 대상이다.                          | 제5조, 제6조, 제8조 2항                 | 제5장, 제6장              |	4단계 대상 식별·치환 대기
REF-L11139-C0119	11139	120	제6조	18		SRC-C18-L11032	SRC-C18-L11032	제21장 제3절 헌법상 정의·용어	20232	| 황제령(황실령)                   | 연방법과 동위의 준입법 규범으로, 신속 발령 가능하며 상원 헌법위 2/3·2/3 철회권고 대상이다.                          | 제5조, 제6조, 제8조 2항                 | 제5장, 제6장              |	4단계 대상 식별·치환 대기
REF-L11139-C0124	11139	125	제8조	18		SRC-C18-L11032	SRC-C18-L11032	제21장 제3절 헌법상 정의·용어	20232	| 황제령(황실령)                   | 연방법과 동위의 준입법 규범으로, 신속 발령 가능하며 상원 헌법위 2/3·2/3 철회권고 대상이다.                          | 제5조, 제6조, 제8조 2항                 | 제5장, 제6장              |	4단계 대상 식별·치환 대기
REF-L11139-C0149	11139	150	제5장	18		SRC-C18-L11032	SRC-C18-L11032	제21장 제3절 헌법상 정의·용어	20232	| 황제령(황실령)                   | 연방법과 동위의 준입법 규범으로, 신속 발령 가능하며 상원 헌법위 2/3·2/3 철회권고 대상이다.                          | 제5조, 제6조, 제8조 2항                 | 제5장, 제6장              |	4단계 대상 식별·치환 대기
REF-L11139-C0154	11139	155	제6장	18		SRC-C18-L11032	SRC-C18-L11032	제21장 제3절 헌법상 정의·용어	20232	| 황제령(황실령)                   | 연방법과 동위의 준입법 규범으로, 신속 발령 가능하며 상원 헌법위 2/3·2/3 철회권고 대상이다.                          | 제5조, 제6조, 제8조 2항                 | 제5장, 제6장              |	4단계 대상 식별·치환 대기
REF-L11140-C0114	11140	115	제5조	18		SRC-C18-L11032	SRC-C18-L11032	제21장 제3절 헌법상 정의·용어	20233	| 행정명령                       | 정부 집행규칙·기술규격으로서 법률·황제령 하위 규범이며, 무효 통로에 따른 통제를 받는다.                               | 제5조, 제6조, 제9조                    | 제6장, 제16장             |	4단계 대상 식별·치환 대기
REF-L11140-C0119	11140	120	제6조	18		SRC-C18-L11032	SRC-C18-L11032	제21장 제3절 헌법상 정의·용어	20233	| 행정명령                       | 정부 집행규칙·기술규격으로서 법률·황제령 하위 규범이며, 무효 통로에 따른 통제를 받는다.                               | 제5조, 제6조, 제9조                    | 제6장, 제16장             |	4단계 대상 식별·치환 대기
REF-L11140-C0124	11140	125	제9조	18		SRC-C18-L11032	SRC-C18-L11032	제21장 제3절 헌법상 정의·용어	20233	| 행정명령                       | 정부 집행규칙·기술규격으로서 법률·황제령 하위 규범이며, 무효 통로에 따른 통제를 받는다.                               | 제5조, 제6조, 제9조                    | 제6장, 제16장             |	4단계 대상 식별·치환 대기
REF-L11140-C0149	11140	150	제6장	18		SRC-C18-L11032	SRC-C18-L11032	제21장 제3절 헌법상 정의·용어	20233	| 행정명령                       | 정부 집행규칙·기술규격으로서 법률·황제령 하위 규범이며, 무효 통로에 따른 통제를 받는다.                               | 제5조, 제6조, 제9조                    | 제6장, 제16장             |	4단계 대상 식별·치환 대기
REF-L11140-C0154	11140	155	제16장	18		SRC-C18-L11032	SRC-C18-L11032	제21장 제3절 헌법상 정의·용어	20233	| 행정명령                       | 정부 집행규칙·기술규격으로서 법률·황제령 하위 규범이며, 무효 통로에 따른 통제를 받는다.                               | 제5조, 제6조, 제9조                    | 제6장, 제16장             |	4단계 대상 식별·치환 대기
REF-L11141-C0114	11141	115	제5조	18		SRC-C18-L11032	SRC-C18-L11032	제21장 제3절 헌법상 정의·용어	20234	| 입법요구(재정영향서)                | 최고평의회는 입법요구 시 재정영향서를 첨부한다.                                                       | 제5조, 제7조                         | 제7장(재정)               |	4단계 대상 식별·치환 대기
REF-L11141-C0119	11141	120	제7조	18		SRC-C18-L11032	SRC-C18-L11032	제21장 제3절 헌법상 정의·용어	20234	| 입법요구(재정영향서)                | 최고평의회는 입법요구 시 재정영향서를 첨부한다.                                                       | 제5조, 제7조                         | 제7장(재정)               |	4단계 대상 식별·치환 대기
REF-L11141-C0149	11141	150	제7장	18		SRC-C18-L11032	SRC-C18-L11032	제21장 제3절 헌법상 정의·용어	20234	| 입법요구(재정영향서)                | 최고평의회는 입법요구 시 재정영향서를 첨부한다.                                                       | 제5조, 제7조                         | 제7장(재정)               |	4단계 대상 식별·치환 대기
REF-L11142-C0114	11142	115	제10조	18		SRC-C18-L11032	SRC-C18-L11032	제21장 제3절 헌법상 정의·용어	20235	| 전쟁 선포 절차                   | 최고평의회 결의 → 상원 헌법위 과반 → 합동의회 본회의 2/3·2/3 → 황제 선포로 확정한다.                           | 제10조                             | 제11장(전쟁·비상사태)         |	4단계 대상 식별·치환 대기
REF-L11142-C0149	11142	150	제11장	18		SRC-C18-L11032	SRC-C18-L11032	제21장 제3절 헌법상 정의·용어	20235	| 전쟁 선포 절차                   | 최고평의회 결의 → 상원 헌법위 과반 → 합동의회 본회의 2/3·2/3 → 황제 선포로 확정한다.                           | 제10조                             | 제11장(전쟁·비상사태)         |	4단계 대상 식별·치환 대기
REF-L11143-C0114	11143	115	제11조	18		SRC-C18-L11032	SRC-C18-L11032	제21장 제3절 헌법상 정의·용어	20236	| ELECT-TRACK-3-3            | 선거·정당·윤리·부패 사건·정책건에 3-3 강제 배당·우선심리를 적용한다.                                        | 제11조                             | 제6장, 제5장              |	4단계 대상 식별·치환 대기
REF-L11143-C0149	11143	150	제6장	18		SRC-C18-L11032	SRC-C18-L11032	제21장 제3절 헌법상 정의·용어	20236	| ELECT-TRACK-3-3            | 선거·정당·윤리·부패 사건·정책건에 3-3 강제 배당·우선심리를 적용한다.                                        | 제11조                             | 제6장, 제5장              |	4단계 대상 식별·치환 대기
REF-L11143-C0154	11143	155	제5장	18		SRC-C18-L11032	SRC-C18-L11032	제21장 제3절 헌법상 정의·용어	20236	| ELECT-TRACK-3-3            | 선거·정당·윤리·부패 사건·정책건에 3-3 강제 배당·우선심리를 적용한다.                                        | 제11조                             | 제6장, 제5장              |	4단계 대상 식별·치환 대기
REF-L11144-C0114	11144	115	제10조	18		SRC-C18-L11032	SRC-C18-L11032	제21장 제3절 헌법상 정의·용어	20237	| WAR-LINK                   | 전시·동원 관련 안건은 `WAR-LINK`로 전산 연계·추적한다.                                             | 제10조 2항                          | 제11장                  |	4단계 대상 식별·치환 대기
REF-L11144-C0149	11144	150	제11장	18		SRC-C18-L11032	SRC-C18-L11032	제21장 제3절 헌법상 정의·용어	20237	| WAR-LINK                   | 전시·동원 관련 안건은 `WAR-LINK`로 전산 연계·추적한다.                                             | 제10조 2항                          | 제11장                  |	4단계 대상 식별·치환 대기
REF-L11145-C0114	11145	115	제14조	18		SRC-C18-L11032	SRC-C18-L11032	제21장 제3절 헌법상 정의·용어	20238	| 샌드박스·선적용·사후승인              | 고위험 분야는 샌드박스로 검증하고, 긴급 시 선적용(기본 90일 일몰) 후 사후승인을 거친다.                             | 제14조, 부속표 F, 부칙 2항               | 제7장, 제16장             |	4단계 대상 식별·치환 대기
REF-L11145-C0149	11145	150	제7장	18		SRC-C18-L11032	SRC-C18-L11032	제21장 제3절 헌법상 정의·용어	20238	| 샌드박스·선적용·사후승인              | 고위험 분야는 샌드박스로 검증하고, 긴급 시 선적용(기본 90일 일몰) 후 사후승인을 거친다.                             | 제14조, 부속표 F, 부칙 2항               | 제7장, 제16장             |	4단계 대상 식별·치환 대기
REF-L11145-C0154	11145	155	제16장	18		SRC-C18-L11032	SRC-C18-L11032	제21장 제3절 헌법상 정의·용어	20238	| 샌드박스·선적용·사후승인              | 고위험 분야는 샌드박스로 검증하고, 긴급 시 선적용(기본 90일 일몰) 후 사후승인을 거친다.                             | 제14조, 부속표 F, 부칙 2항               | 제7장, 제16장             |	4단계 대상 식별·치환 대기
REF-L11146-C0149	11146	150	제10조	18		SRC-C18-L11032	SRC-C18-L11032	제21장 제3절 헌법상 정의·용어	20239	| TFC 알고리즘 검증 셀              | 항행데이터 표준·교통흐름제어 알고리즘을 사전검증/모의훈련한다.                                               | 부속표 A(우주), 부속표 C(A-3/B-3), 부속표 F | 제10조                  |	4단계 대상 식별·치환 대기
REF-L11147-C0149	11147	150	제11장	18		SRC-C18-L11032	SRC-C18-L11032	제21장 제3절 헌법상 정의·용어	20240	| 행성환경영향평가(EIA)              | 행성 단위 개발·테라포밍에 환경·사회 영향평가를 적용한다.                                                 | 부속표 C(A-1·B-1)                   | 제11장, 제8장(종교·문화 연계 시) |	4단계 대상 식별·치환 대기
REF-L11147-C0155	11147	156	제8장	18		SRC-C18-L11032	SRC-C18-L11032	제21장 제3절 헌법상 정의·용어	20240	| 행성환경영향평가(EIA)              | 행성 단위 개발·테라포밍에 환경·사회 영향평가를 적용한다.                                                 | 부속표 C(A-1·B-1)                   | 제11장, 제8장(종교·문화 연계 시) |	4단계 대상 식별·치환 대기
REF-L11148-C0149	11148	150	제11장	18		SRC-C18-L11032	SRC-C18-L11032	제21장 제3절 헌법상 정의·용어	20241	| 테라포밍 윤리협의사무국               | 독립 윤리위원회와 연계되어 테라포밍 윤리 심의를 지원한다.                                                 | 부속표 A(기후·환경), 부속표 C(B-1), 부속표 F  | 제11장                  |	4단계 대상 식별·치환 대기
REF-L11149-C0114	11149	115	제9조	18		SRC-C18-L11032	SRC-C18-L11032	제21장 제3절 헌법상 정의·용어	20242	| 분과 체계                      | 행정 각부는 최고평의회의 분과 체계에 따라 설치한다.                                                    | 제9조, 부속표 A                       | 제7장, 부칙 6항            |	4단계 대상 식별·치환 대기
REF-L11149-C0149	11149	150	제7장	18		SRC-C18-L11032	SRC-C18-L11032	제21장 제3절 헌법상 정의·용어	20242	| 분과 체계                      | 행정 각부는 최고평의회의 분과 체계에 따라 설치한다.                                                    | 제9조, 부속표 A                       | 제7장, 부칙 6항            |	4단계 대상 식별·치환 대기
REF-L11150-C0114	11150	115	제3조	18		SRC-C18-L11032	SRC-C18-L11032	제21장 제3절 헌법상 정의·용어	20243	| 평의회장(직선제)                  | 평의회장은 보통·평등·직접·비밀선거로 선출한다.                                                       | 제3조, 부칙 5항                       | 제5장                   |	4단계 대상 식별·치환 대기
REF-L11150-C0149	11150	150	제5장	18		SRC-C18-L11032	SRC-C18-L11032	제21장 제3절 헌법상 정의·용어	20243	| 평의회장(직선제)                  | 평의회장은 보통·평등·직접·비밀선거로 선출한다.                                                       | 제3조, 부칙 5항                       | 제5장                   |	4단계 대상 식별·치환 대기
REF-L11151-C0114	11151	115	제3조의2	18		SRC-C18-L11032	SRC-C18-L11032	제21장 제3절 헌법상 정의·용어	20244	| 임명 무효 재가 절차                | 의회는 임명 공포 3개월 이내 상원 헌법위 또는 하원 사법위 경로로 무효를 의결하고 황제 재가를 요청한다.                      | 제3조의2                            | 제5장, 제6장              |	4단계 대상 식별·치환 대기
REF-L11151-C0149	11151	150	제5장	18		SRC-C18-L11032	SRC-C18-L11032	제21장 제3절 헌법상 정의·용어	20244	| 임명 무효 재가 절차                | 의회는 임명 공포 3개월 이내 상원 헌법위 또는 하원 사법위 경로로 무효를 의결하고 황제 재가를 요청한다.                      | 제3조의2                            | 제5장, 제6장              |	4단계 대상 식별·치환 대기
REF-L11151-C0154	11151	155	제6장	18		SRC-C18-L11032	SRC-C18-L11032	제21장 제3절 헌법상 정의·용어	20244	| 임명 무효 재가 절차                | 의회는 임명 공포 3개월 이내 상원 헌법위 또는 하원 사법위 경로로 무효를 의결하고 황제 재가를 요청한다.                      | 제3조의2                            | 제5장, 제6장              |	4단계 대상 식별·치환 대기
REF-L11152-C0114	11152	115	제9조	18		SRC-C18-L11032	SRC-C18-L11032	제21장 제3절 헌법상 정의·용어	20245	| 행정명령 무효 통로                 | 상원 헌법위 또는 하원 사법위 과반/과반 결의 또는 연방 대법원 최종심으로 무효를 선언한다.                              | 제9조                              | 제6장                   |	4단계 대상 식별·치환 대기
REF-L11152-C0149	11152	150	제6장	18		SRC-C18-L11032	SRC-C18-L11032	제21장 제3절 헌법상 정의·용어	20245	| 행정명령 무효 통로                 | 상원 헌법위 또는 하원 사법위 과반/과반 결의 또는 연방 대법원 최종심으로 무효를 선언한다.                              | 제9조                              | 제6장                   |	4단계 대상 식별·치환 대기
REF-L11153-C0114	11153	115	제6조	18		SRC-C18-L11032	SRC-C18-L11032	제21장 제3절 헌법상 정의·용어	20246	| 표준 전자서식(e-Form)            | 허가·등록·신고 등에 국가 표준 양식·스키마를 적용한다.                                                  | 제6조, 제8조, 부속표 C                  | 제7장, 제16장             |	4단계 대상 식별·치환 대기
REF-L11153-C0119	11153	120	제8조	18		SRC-C18-L11032	SRC-C18-L11032	제21장 제3절 헌법상 정의·용어	20246	| 표준 전자서식(e-Form)            | 허가·등록·신고 등에 국가 표준 양식·스키마를 적용한다.                                                  | 제6조, 제8조, 부속표 C                  | 제7장, 제16장             |	4단계 대상 식별·치환 대기
REF-L11153-C0149	11153	150	제7장	18		SRC-C18-L11032	SRC-C18-L11032	제21장 제3절 헌법상 정의·용어	20246	| 표준 전자서식(e-Form)            | 허가·등록·신고 등에 국가 표준 양식·스키마를 적용한다.                                                  | 제6조, 제8조, 부속표 C                  | 제7장, 제16장             |	4단계 대상 식별·치환 대기
REF-L11153-C0154	11153	155	제16장	18		SRC-C18-L11032	SRC-C18-L11032	제21장 제3절 헌법상 정의·용어	20246	| 표준 전자서식(e-Form)            | 허가·등록·신고 등에 국가 표준 양식·스키마를 적용한다.                                                  | 제6조, 제8조, 부속표 C                  | 제7장, 제16장             |	4단계 대상 식별·치환 대기
REF-L11154-C0114	11154	115	제8조	18		SRC-C18-L11032	SRC-C18-L11032	제21장 제3절 헌법상 정의·용어	20247	| 공공 API 레지스트리               | 모든 행정기관은 e-Form·API 레지스트리를 운영·공개한다.                                              | 제8조, 부속표 C                       | 제7장, 제16장             |	4단계 대상 식별·치환 대기
REF-L11154-C0149	11154	150	제7장	18		SRC-C18-L11032	SRC-C18-L11032	제21장 제3절 헌법상 정의·용어	20247	| 공공 API 레지스트리               | 모든 행정기관은 e-Form·API 레지스트리를 운영·공개한다.                                              | 제8조, 부속표 C                       | 제7장, 제16장             |	4단계 대상 식별·치환 대기
REF-L11154-C0154	11154	155	제16장	18		SRC-C18-L11032	SRC-C18-L11032	제21장 제3절 헌법상 정의·용어	20247	| 공공 API 레지스트리               | 모든 행정기관은 e-Form·API 레지스트리를 운영·공개한다.                                              | 제8조, 부속표 C                       | 제7장, 제16장             |	4단계 대상 식별·치환 대기
REF-L11155-C0149	11155	150	제9조	18		SRC-C18-L11032	SRC-C18-L11032	제21장 제3절 헌법상 정의·용어	20248	| 부처 수 상한 폐지                 | 구 헌법·법률의 부서·부처 수 상한 규정은 폐지한다.                                                    | 부칙 4항                            | 제9조                   |	4단계 대상 식별·치환 대기
REF-L11156-C0149	11156	150	제9조	18		SRC-C18-L11032	SRC-C18-L11032	제21장 제3절 헌법상 정의·용어	20249	| 전환표(구 16부→신 분과)            | 구 16부 체계를 부속표 E 전환표에 따라 신 분과·부처 체계로 전환한다.                                        | 부속표 E, 부칙 6항                     | 제9조                   |	4단계 대상 식별·치환 대기
REF-L11157-C0114	11157	115	제14조	18		SRC-C18-L11032	SRC-C18-L11032	제21장 제3절 헌법상 정의·용어	20250	| 긴급명령 일몰(90일)               | 선적용 조치는 기본 90일 자동 일몰로 하고, 연장 시 성과·리스크 보고를 첨부한다.                                  | 제14조 3항, 부칙 2항                   | 제11장, 제16장            |	4단계 대상 식별·치환 대기
REF-L11157-C0149	11157	150	제11장	18		SRC-C18-L11032	SRC-C18-L11032	제21장 제3절 헌법상 정의·용어	20250	| 긴급명령 일몰(90일)               | 선적용 조치는 기본 90일 자동 일몰로 하고, 연장 시 성과·리스크 보고를 첨부한다.                                  | 제14조 3항, 부칙 2항                   | 제11장, 제16장            |	4단계 대상 식별·치환 대기
REF-L11157-C0155	11157	156	제16장	18		SRC-C18-L11032	SRC-C18-L11032	제21장 제3절 헌법상 정의·용어	20250	| 긴급명령 일몰(90일)               | 선적용 조치는 기본 90일 자동 일몰로 하고, 연장 시 성과·리스크 보고를 첨부한다.                                  | 제14조 3항, 부칙 2항                   | 제11장, 제16장            |	4단계 대상 식별·치환 대기
REF-L11158-C0114	11158	115	제12조	18		SRC-C18-L11032	SRC-C18-L11032	제21장 제3절 헌법상 정의·용어	20251	| 데이터·알고리즘 공개 사유서            | 중요 행정·재정·규제 결정의 알고리즘·가정·데이터·한계를 공개 사유서로 공시한다.                                    | 제12조                             | 제7장, 제16장             |	4단계 대상 식별·치환 대기
REF-L11158-C0149	11158	150	제7장	18		SRC-C18-L11032	SRC-C18-L11032	제21장 제3절 헌법상 정의·용어	20251	| 데이터·알고리즘 공개 사유서            | 중요 행정·재정·규제 결정의 알고리즘·가정·데이터·한계를 공개 사유서로 공시한다.                                    | 제12조                             | 제7장, 제16장             |	4단계 대상 식별·치환 대기
REF-L11158-C0154	11158	155	제16장	18		SRC-C18-L11032	SRC-C18-L11032	제21장 제3절 헌법상 정의·용어	20251	| 데이터·알고리즘 공개 사유서            | 중요 행정·재정·규제 결정의 알고리즘·가정·데이터·한계를 공개 사유서로 공시한다.                                    | 제12조                             | 제7장, 제16장             |	4단계 대상 식별·치환 대기
REF-L11159-C0114	11159	115	제6조	18		SRC-C18-L11032	SRC-C18-L11032	제21장 제3절 헌법상 정의·용어	20252	| 시맨틱 버전·사전예고                | 전자 고시는 시맨틱 버전과 변경 사전예고(일반 30일/긴급 7일)를 적용한다.                                      | 제6조 6항                           | 제16장                  |	4단계 대상 식별·치환 대기
REF-L11159-C0149	11159	150	제16장	18		SRC-C18-L11032	SRC-C18-L11032	제21장 제3절 헌법상 정의·용어	20252	| 시맨틱 버전·사전예고                | 전자 고시는 시맨틱 버전과 변경 사전예고(일반 30일/긴급 7일)를 적용한다.                                      | 제6조 6항                           | 제16장                  |	4단계 대상 식별·치환 대기
REF-L11160-C0114	11160	115	제17조	18		SRC-C18-L11032	SRC-C18-L11032	제21장 제3절 헌법상 정의·용어	20253	| 신지구재건은행                    | 재난·분쟁·침체 이후 **10·30·50 재건 패키지** 금융·집행 허브(보조·대출·보증·채권·보험 혼합), **오픈 대시보드**로 투명 집행. | 제17조, 부속표 G                      | 제7장(재정), 제16장(감사)     |	4단계 대상 식별·치환 대기
REF-L11160-C0149	11160	150	제7장	18		SRC-C18-L11032	SRC-C18-L11032	제21장 제3절 헌법상 정의·용어	20253	| 신지구재건은행                    | 재난·분쟁·침체 이후 **10·30·50 재건 패키지** 금융·집행 허브(보조·대출·보증·채권·보험 혼합), **오픈 대시보드**로 투명 집행. | 제17조, 부속표 G                      | 제7장(재정), 제16장(감사)     |	4단계 대상 식별·치환 대기
REF-L11160-C0158	11160	159	제16장	18		SRC-C18-L11032	SRC-C18-L11032	제21장 제3절 헌법상 정의·용어	20253	| 신지구재건은행                    | 재난·분쟁·침체 이후 **10·30·50 재건 패키지** 금융·집행 허브(보조·대출·보증·채권·보험 혼합), **오픈 대시보드**로 투명 집행. | 제17조, 부속표 G                      | 제7장(재정), 제16장(감사)     |	4단계 대상 식별·치환 대기
REF-L11161-C0114	11161	115	제17조	18		SRC-C18-L11032	SRC-C18-L11032	제21장 제3절 헌법상 정의·용어	20254	| 시민숙의위원회                    | 무작위·층화 **시민 패널**의 공적 권고서를 부착하며, 소관 부처는 **수용 또는 설명** 의무를 진다.                      | 제17조 6항, 부속표 G                   | 제5장, 제16장             |	4단계 대상 식별·치환 대기
REF-L11161-C0149	11161	150	제5장	18		SRC-C18-L11032	SRC-C18-L11032	제21장 제3절 헌법상 정의·용어	20254	| 시민숙의위원회                    | 무작위·층화 **시민 패널**의 공적 권고서를 부착하며, 소관 부처는 **수용 또는 설명** 의무를 진다.                      | 제17조 6항, 부속표 G                   | 제5장, 제16장             |	4단계 대상 식별·치환 대기
REF-L11161-C0154	11161	155	제16장	18		SRC-C18-L11032	SRC-C18-L11032	제21장 제3절 헌법상 정의·용어	20254	| 시민숙의위원회                    | 무작위·층화 **시민 패널**의 공적 권고서를 부착하며, 소관 부처는 **수용 또는 설명** 의무를 진다.                      | 제17조 6항, 부속표 G                   | 제5장, 제16장             |	4단계 대상 식별·치환 대기
REF-L11162-C0114	11162	115	제17조	18		SRC-C18-L11032	SRC-C18-L11032	제21장 제3절 헌법상 정의·용어	20255	| 공공프로젝트 품질보증청(IPA)          | 대형 공공사업 **게이티드 검토·LCC·위험·품질 보증**을 수행하며, 설계서·평가기준을 사전 심사한다.                       | 제17조, 부속표 G                      | 제14조, 제16장            |	4단계 대상 식별·치환 대기
REF-L11162-C0149	11162	150	제14조	18		SRC-C18-L11032	SRC-C18-L11032	제21장 제3절 헌법상 정의·용어	20255	| 공공프로젝트 품질보증청(IPA)          | 대형 공공사업 **게이티드 검토·LCC·위험·품질 보증**을 수행하며, 설계서·평가기준을 사전 심사한다.                       | 제17조, 부속표 G                      | 제14조, 제16장            |	4단계 대상 식별·치환 대기
REF-L11162-C0155	11162	156	제16장	18		SRC-C18-L11032	SRC-C18-L11032	제21장 제3절 헌법상 정의·용어	20255	| 공공프로젝트 품질보증청(IPA)          | 대형 공공사업 **게이티드 검토·LCC·위험·품질 보증**을 수행하며, 설계서·평가기준을 사전 심사한다.                       | 제17조, 부속표 G                      | 제14조, 제16장            |	4단계 대상 식별·치환 대기
REF-L11163-C0114	11163	115	제17조	18		SRC-C18-L11032	SRC-C18-L11032	제21장 제3절 헌법상 정의·용어	20256	| 개인정보·데이터보호위원회              | 정보 인권 중심 규율, **DPIA·샌드박스·인증** 운영, 고위험 처리 집행.                                     | 제17조, 부속표 G                      | 제12조, 제8조             |	4단계 대상 식별·치환 대기
REF-L11163-C0149	11163	150	제12조	18		SRC-C18-L11032	SRC-C18-L11032	제21장 제3절 헌법상 정의·용어	20256	| 개인정보·데이터보호위원회              | 정보 인권 중심 규율, **DPIA·샌드박스·인증** 운영, 고위험 처리 집행.                                     | 제17조, 부속표 G                      | 제12조, 제8조             |	4단계 대상 식별·치환 대기
REF-L11163-C0155	11163	156	제8조	18		SRC-C18-L11032	SRC-C18-L11032	제21장 제3절 헌법상 정의·용어	20256	| 개인정보·데이터보호위원회              | 정보 인권 중심 규율, **DPIA·샌드박스·인증** 운영, 고위험 처리 집행.                                     | 제17조, 부속표 G                      | 제12조, 제8조             |	4단계 대상 식별·치환 대기
REF-L11164-C0114	11164	115	제17조	18		SRC-C18-L11032	SRC-C18-L11032	제21장 제3절 헌법상 정의·용어	20257	| 테라포밍·행성영향 윤리위원회            | **예방·가역성** 원칙에 따라 FPIC·시민숙의 연계 **사전/사후 윤리 심의**를 수행한다.                            | 제17조, 부속표 G                      | 제14조, 제11장            |	4단계 대상 식별·치환 대기
REF-L11164-C0149	11164	150	제14조	18		SRC-C18-L11032	SRC-C18-L11032	제21장 제3절 헌법상 정의·용어	20257	| 테라포밍·행성영향 윤리위원회            | **예방·가역성** 원칙에 따라 FPIC·시민숙의 연계 **사전/사후 윤리 심의**를 수행한다.                            | 제17조, 부속표 G                      | 제14조, 제11장            |	4단계 대상 식별·치환 대기
REF-L11164-C0155	11164	156	제11장	18		SRC-C18-L11032	SRC-C18-L11032	제21장 제3절 헌법상 정의·용어	20257	| 테라포밍·행성영향 윤리위원회            | **예방·가역성** 원칙에 따라 FPIC·시민숙의 연계 **사전/사후 윤리 심의**를 수행한다.                            | 제17조, 부속표 G                      | 제14조, 제11장            |	4단계 대상 식별·치환 대기
REF-L11165-C0114	11165	115	제17조	18		SRC-C18-L11032	SRC-C18-L11032	제21장 제3절 헌법상 정의·용어	20258	| 우주사고조사위원회                  | 궤도·심우주 사고에 대한 **비형사 독립 조사**, **30·90·365 보고** 및 권고 이행 점검.                        | 제17조, 부속표 G                      | 제10조, 제16장            |	4단계 대상 식별·치환 대기
REF-L11165-C0149	11165	150	제10조	18		SRC-C18-L11032	SRC-C18-L11032	제21장 제3절 헌법상 정의·용어	20258	| 우주사고조사위원회                  | 궤도·심우주 사고에 대한 **비형사 독립 조사**, **30·90·365 보고** 및 권고 이행 점검.                        | 제17조, 부속표 G                      | 제10조, 제16장            |	4단계 대상 식별·치환 대기
REF-L11165-C0155	11165	156	제16장	18		SRC-C18-L11032	SRC-C18-L11032	제21장 제3절 헌법상 정의·용어	20258	| 우주사고조사위원회                  | 궤도·심우주 사고에 대한 **비형사 독립 조사**, **30·90·365 보고** 및 권고 이행 점검.                        | 제17조, 부속표 G                      | 제10조, 제16장            |	4단계 대상 식별·치환 대기
REF-L11166-C0114	11166	115	제17조	18		SRC-C18-L11032	SRC-C18-L11032	제21장 제3절 헌법상 정의·용어	20259	| 공정경쟁위원회                    | 카르텔·지배력 남용·불공정 **M&A 심사**, 디지털·플랫폼 **게이트키퍼 규율**.                                 | 제17조, 부속표 G                      | 제6장, 제9조              |	4단계 대상 식별·치환 대기
REF-L11166-C0149	11166	150	제6장	18		SRC-C18-L11032	SRC-C18-L11032	제21장 제3절 헌법상 정의·용어	20259	| 공정경쟁위원회                    | 카르텔·지배력 남용·불공정 **M&A 심사**, 디지털·플랫폼 **게이트키퍼 규율**.                                 | 제17조, 부속표 G                      | 제6장, 제9조              |	4단계 대상 식별·치환 대기
REF-L11166-C0154	11166	155	제9조	18		SRC-C18-L11032	SRC-C18-L11032	제21장 제3절 헌법상 정의·용어	20259	| 공정경쟁위원회                    | 카르텔·지배력 남용·불공정 **M&A 심사**, 디지털·플랫폼 **게이트키퍼 규율**.                                 | 제17조, 부속표 G                      | 제6장, 제9조              |	4단계 대상 식별·치환 대기
REF-L11167-C0114	11167	115	제17조	18		SRC-C18-L11032	SRC-C18-L11032	제21장 제3절 헌법상 정의·용어	20260	| 연방소비자보호위원회                 | 제품·디지털·금융·주거·교통의 **안전/공정/구제** 통합, **ODR/리콜** 신속 집행.                              | 제17조, 부속표 G                      | 제6장, 제7장              |	4단계 대상 식별·치환 대기
REF-L11167-C0149	11167	150	제6장	18		SRC-C18-L11032	SRC-C18-L11032	제21장 제3절 헌법상 정의·용어	20260	| 연방소비자보호위원회                 | 제품·디지털·금융·주거·교통의 **안전/공정/구제** 통합, **ODR/리콜** 신속 집행.                              | 제17조, 부속표 G                      | 제6장, 제7장              |	4단계 대상 식별·치환 대기
REF-L11167-C0154	11167	155	제7장	18		SRC-C18-L11032	SRC-C18-L11032	제21장 제3절 헌법상 정의·용어	20260	| 연방소비자보호위원회                 | 제품·디지털·금융·주거·교통의 **안전/공정/구제** 통합, **ODR/리콜** 신속 집행.                              | 제17조, 부속표 G                      | 제6장, 제7장              |	4단계 대상 식별·치환 대기
REF-L11168-C0114	11168	115	제17조	18		SRC-C18-L11032	SRC-C18-L11032	제21장 제3절 헌법상 정의·용어	20261	| 국가기록원·정보공개위원회              | 기록 전 생애 **표준·보존·FOI·사전공표**, 디지털 보존·오픈데이터 허브.                                     | 제17조, 부속표 G                      | 제6조, 제8조, 제16장        |	4단계 대상 식별·치환 대기
REF-L11168-C0149	11168	150	제6조	18		SRC-C18-L11032	SRC-C18-L11032	제21장 제3절 헌법상 정의·용어	20261	| 국가기록원·정보공개위원회              | 기록 전 생애 **표준·보존·FOI·사전공표**, 디지털 보존·오픈데이터 허브.                                     | 제17조, 부속표 G                      | 제6조, 제8조, 제16장        |	4단계 대상 식별·치환 대기
REF-L11168-C0154	11168	155	제8조	18		SRC-C18-L11032	SRC-C18-L11032	제21장 제3절 헌법상 정의·용어	20261	| 국가기록원·정보공개위원회              | 기록 전 생애 **표준·보존·FOI·사전공표**, 디지털 보존·오픈데이터 허브.                                     | 제17조, 부속표 G                      | 제6조, 제8조, 제16장        |	4단계 대상 식별·치환 대기
REF-L11168-C0159	11168	160	제16장	18		SRC-C18-L11032	SRC-C18-L11032	제21장 제3절 헌법상 정의·용어	20261	| 국가기록원·정보공개위원회              | 기록 전 생애 **표준·보존·FOI·사전공표**, 디지털 보존·오픈데이터 허브.                                     | 제17조, 부속표 G                      | 제6조, 제8조, 제16장        |	4단계 대상 식별·치환 대기
REF-L11169-C0114	11169	115	제17조	18		SRC-C18-L11032	SRC-C18-L11032	제21장 제3절 헌법상 정의·용어	20262	| 국가위험·조기경보센터                | 다영역 데이터 **융합—앙상블—정책 트리거—대시보드**로 조기경보·행동 전환을 지원한다.                                | 제17조, 부속표 G                      | 제10조, 제16장            |	4단계 대상 식별·치환 대기
REF-L11169-C0149	11169	150	제10조	18		SRC-C18-L11032	SRC-C18-L11032	제21장 제3절 헌법상 정의·용어	20262	| 국가위험·조기경보센터                | 다영역 데이터 **융합—앙상블—정책 트리거—대시보드**로 조기경보·행동 전환을 지원한다.                                | 제17조, 부속표 G                      | 제10조, 제16장            |	4단계 대상 식별·치환 대기
REF-L11169-C0155	11169	156	제16장	18		SRC-C18-L11032	SRC-C18-L11032	제21장 제3절 헌법상 정의·용어	20262	| 국가위험·조기경보센터                | 다영역 데이터 **융합—앙상블—정책 트리거—대시보드**로 조기경보·행동 전환을 지원한다.                                | 제17조, 부속표 G                      | 제10조, 제16장            |	4단계 대상 식별·치환 대기
REF-L11170-C0114	11170	115	제17조	18		SRC-C18-L11032	SRC-C18-L11032	제21장 제3절 헌법상 정의·용어	20263	| 안전조사원(교통·인프라·산업)           | 지상·해양 인프라·산업 **중대사고 독립 조사—권고—이행 점검**.                                            | 제17조, 부속표 G                      | 제16장                  |	4단계 대상 식별·치환 대기
REF-L11170-C0149	11170	150	제16장	18		SRC-C18-L11032	SRC-C18-L11032	제21장 제3절 헌법상 정의·용어	20263	| 안전조사원(교통·인프라·산업)           | 지상·해양 인프라·산업 **중대사고 독립 조사—권고—이행 점검**.                                            | 제17조, 부속표 G                      | 제16장                  |	4단계 대상 식별·치환 대기
REF-L11171-C0114	11171	115	제17조	18		SRC-C18-L11032	SRC-C18-L11032	제21장 제3절 헌법상 정의·용어	20264	| 인권·옴부즈만위원회                 | 권리장전 침해 **구제—권고—제도 개선**, 현장 접근·취약집단 전담.                                          | 제17조, 부속표 G                      | 제6장                   |	4단계 대상 식별·치환 대기
REF-L11171-C0149	11171	150	제6장	18		SRC-C18-L11032	SRC-C18-L11032	제21장 제3절 헌법상 정의·용어	20264	| 인권·옴부즈만위원회                 | 권리장전 침해 **구제—권고—제도 개선**, 현장 접근·취약집단 전담.                                          | 제17조, 부속표 G                      | 제6장                   |	4단계 대상 식별·치환 대기
REF-L11172-C0114	11172	115	제17조	18		SRC-C18-L11032	SRC-C18-L11032	제21장 제3절 헌법상 정의·용어	20265	| 공공조달감시위원회                  | 입찰—계약—검수—대금 **전 주기 로그 공개**, **경쟁성·청렴·형평** 보증.                                    | 제17조, 부속표 G                      | 제7장, 제16장             |	4단계 대상 식별·치환 대기
REF-L11172-C0149	11172	150	제7장	18		SRC-C18-L11032	SRC-C18-L11032	제21장 제3절 헌법상 정의·용어	20265	| 공공조달감시위원회                  | 입찰—계약—검수—대금 **전 주기 로그 공개**, **경쟁성·청렴·형평** 보증.                                    | 제17조, 부속표 G                      | 제7장, 제16장             |	4단계 대상 식별·치환 대기
REF-L11172-C0154	11172	155	제16장	18		SRC-C18-L11032	SRC-C18-L11032	제21장 제3절 헌법상 정의·용어	20265	| 공공조달감시위원회                  | 입찰—계약—검수—대금 **전 주기 로그 공개**, **경쟁성·청렴·형평** 보증.                                    | 제17조, 부속표 G                      | 제7장, 제16장             |	4단계 대상 식별·치환 대기
REF-L11173-C0114	11173	115	제17조	18		SRC-C18-L11032	SRC-C18-L11032	제21장 제3절 헌법상 정의·용어	20266	| 연방표준·계량원                   | **메트롤로지·인정·상호인정** 허브, 디지털 교정증명서·신흥 기술 표준 관리.                                     | 제17조, 부속표 G                      | 제9조, 부속표 C            |	4단계 대상 식별·치환 대기
REF-L11173-C0149	11173	150	제9조	18		SRC-C18-L11032	SRC-C18-L11032	제21장 제3절 헌법상 정의·용어	20266	| 연방표준·계량원                   | **메트롤로지·인정·상호인정** 허브, 디지털 교정증명서·신흥 기술 표준 관리.                                     | 제17조, 부속표 G                      | 제9조, 부속표 C            |	4단계 대상 식별·치환 대기
REF-L11174-C0114	11174	115	제17조	18		SRC-C18-L11032	SRC-C18-L11032	제21장 제3절 헌법상 정의·용어	20267	| 연방 거대구조물청                  | 초대형/장수명 **우주·행성·도시 구조물**의 **품질·안전·성능 인증/감리**, 운영 **KPI 감사**.                     | 제17조, 부속표 G                      | 제14조, 제16장            |	4단계 대상 식별·치환 대기
REF-L11174-C0149	11174	150	제14조	18		SRC-C18-L11032	SRC-C18-L11032	제21장 제3절 헌법상 정의·용어	20267	| 연방 거대구조물청                  | 초대형/장수명 **우주·행성·도시 구조물**의 **품질·안전·성능 인증/감리**, 운영 **KPI 감사**.                     | 제17조, 부속표 G                      | 제14조, 제16장            |	4단계 대상 식별·치환 대기
REF-L11174-C0155	11174	156	제16장	18		SRC-C18-L11032	SRC-C18-L11032	제21장 제3절 헌법상 정의·용어	20267	| 연방 거대구조물청                  | 초대형/장수명 **우주·행성·도시 구조물**의 **품질·안전·성능 인증/감리**, 운영 **KPI 감사**.                     | 제17조, 부속표 G                      | 제14조, 제16장            |	4단계 대상 식별·치환 대기
REF-L11175-C0114	11175	115	제17조	18		SRC-C18-L11032	SRC-C18-L11032	제21장 제3절 헌법상 정의·용어	20268	| DPIA(사전 영향평가)              | 고위험 개인정보 처리에 대한 **사전 영향평가**로, 위험·완화책·대안·공익성을 검토한다.                               | 제17조(개보위), 부속표 G                 | 제12조, 제8조             |	4단계 대상 식별·치환 대기
REF-L11175-C0149	11175	150	제12조	18		SRC-C18-L11032	SRC-C18-L11032	제21장 제3절 헌법상 정의·용어	20268	| DPIA(사전 영향평가)              | 고위험 개인정보 처리에 대한 **사전 영향평가**로, 위험·완화책·대안·공익성을 검토한다.                               | 제17조(개보위), 부속표 G                 | 제12조, 제8조             |	4단계 대상 식별·치환 대기
REF-L11175-C0155	11175	156	제8조	18		SRC-C18-L11032	SRC-C18-L11032	제21장 제3절 헌법상 정의·용어	20268	| DPIA(사전 영향평가)              | 고위험 개인정보 처리에 대한 **사전 영향평가**로, 위험·완화책·대안·공익성을 검토한다.                               | 제17조(개보위), 부속표 G                 | 제12조, 제8조             |	4단계 대상 식별·치환 대기
REF-L11176-C0114	11176	115	제17조	18		SRC-C18-L11032	SRC-C18-L11032	제21장 제3절 헌법상 정의·용어	20269	| ODR(온라인 분쟁해결)              | 소비자·디지털·금융 등 분쟁을 **온라인 플랫폼**에서 신속 조정·중재한다.                                       | 제17조(소비자위), 부속표 G                | 제6장, 제7장              |	4단계 대상 식별·치환 대기
REF-L11176-C0149	11176	150	제6장	18		SRC-C18-L11032	SRC-C18-L11032	제21장 제3절 헌법상 정의·용어	20269	| ODR(온라인 분쟁해결)              | 소비자·디지털·금융 등 분쟁을 **온라인 플랫폼**에서 신속 조정·중재한다.                                       | 제17조(소비자위), 부속표 G                | 제6장, 제7장              |	4단계 대상 식별·치환 대기
REF-L11176-C0154	11176	155	제7장	18		SRC-C18-L11032	SRC-C18-L11032	제21장 제3절 헌법상 정의·용어	20269	| ODR(온라인 분쟁해결)              | 소비자·디지털·금융 등 분쟁을 **온라인 플랫폼**에서 신속 조정·중재한다.                                       | 제17조(소비자위), 부속표 G                | 제6장, 제7장              |	4단계 대상 식별·치환 대기
REF-L11177-C0114	11177	115	제17조	18		SRC-C18-L11032	SRC-C18-L11032	제21장 제3절 헌법상 정의·용어	20270	| FPIC(자유·사전·충분한 설명에 기초한 동의) | 테라포밍·대형개발 등에서 당사자·지역사회의 **자유·사전·충분히 설명된 동의** 원칙.                                 | 제17조(윤리위), 부속표 G                 | 제14조                  |	4단계 대상 식별·치환 대기
REF-L11177-C0149	11177	150	제14조	18		SRC-C18-L11032	SRC-C18-L11032	제21장 제3절 헌법상 정의·용어	20270	| FPIC(자유·사전·충분한 설명에 기초한 동의) | 테라포밍·대형개발 등에서 당사자·지역사회의 **자유·사전·충분히 설명된 동의** 원칙.                                 | 제17조(윤리위), 부속표 G                 | 제14조                  |	4단계 대상 식별·치환 대기
REF-L11178-C0114	11178	115	제17조	18		SRC-C18-L11032	SRC-C18-L11032	제21장 제3절 헌법상 정의·용어	20271	| IPA(프로젝트 품질보증)             | 대형사업의 **독립적 품질보증**으로 게이티드 검토·LCC·위험·품질 기준을 사전 점검한다.                              | 제17조(IPA), 부속표 G                 | 제14조, 제16장            |	4단계 대상 식별·치환 대기
REF-L11178-C0149	11178	150	제14조	18		SRC-C18-L11032	SRC-C18-L11032	제21장 제3절 헌법상 정의·용어	20271	| IPA(프로젝트 품질보증)             | 대형사업의 **독립적 품질보증**으로 게이티드 검토·LCC·위험·품질 기준을 사전 점검한다.                              | 제17조(IPA), 부속표 G                 | 제14조, 제16장            |	4단계 대상 식별·치환 대기
REF-L11178-C0155	11178	156	제16장	18		SRC-C18-L11032	SRC-C18-L11032	제21장 제3절 헌법상 정의·용어	20271	| IPA(프로젝트 품질보증)             | 대형사업의 **독립적 품질보증**으로 게이티드 검토·LCC·위험·품질 기준을 사전 점검한다.                              | 제17조(IPA), 부속표 G                 | 제14조, 제16장            |	4단계 대상 식별·치환 대기
REF-L11179-C0114	11179	115	제17조	18		SRC-C18-L11032	SRC-C18-L11032	제21장 제3절 헌법상 정의·용어	20272	| 10·30·50 재건 패키지            | 10/30/50년 **재건 로드맵·금융·집행** 묶음(보조·대출·보증·채권·보험 혼합).                                | 제17조(신지구재건은행), 부속표 G             | 제7장, 제16장             |	4단계 대상 식별·치환 대기
REF-L11179-C0149	11179	150	제7장	18		SRC-C18-L11032	SRC-C18-L11032	제21장 제3절 헌법상 정의·용어	20272	| 10·30·50 재건 패키지            | 10/30/50년 **재건 로드맵·금융·집행** 묶음(보조·대출·보증·채권·보험 혼합).                                | 제17조(신지구재건은행), 부속표 G             | 제7장, 제16장             |	4단계 대상 식별·치환 대기
REF-L11179-C0154	11179	155	제16장	18		SRC-C18-L11032	SRC-C18-L11032	제21장 제3절 헌법상 정의·용어	20272	| 10·30·50 재건 패키지            | 10/30/50년 **재건 로드맵·금융·집행** 묶음(보조·대출·보증·채권·보험 혼합).                                | 제17조(신지구재건은행), 부속표 G             | 제7장, 제16장             |	4단계 대상 식별·치환 대기
REF-L11180-C0114	11180	115	제17조	18		SRC-C18-L11032	SRC-C18-L11032	제21장 제3절 헌법상 정의·용어	20273	| 수용 또는 설명 의무                | 시민숙의위원회 권고에 대해 소관 부처·기관은 **수용**하거나 **불수용 사유를 설명**한다.                             | 제17조 6항                          | 제5장, 제16장             |	4단계 대상 식별·치환 대기
REF-L11180-C0149	11180	150	제5장	18		SRC-C18-L11032	SRC-C18-L11032	제21장 제3절 헌법상 정의·용어	20273	| 수용 또는 설명 의무                | 시민숙의위원회 권고에 대해 소관 부처·기관은 **수용**하거나 **불수용 사유를 설명**한다.                             | 제17조 6항                          | 제5장, 제16장             |	4단계 대상 식별·치환 대기
REF-L11180-C0154	11180	155	제16장	18		SRC-C18-L11032	SRC-C18-L11032	제21장 제3절 헌법상 정의·용어	20273	| 수용 또는 설명 의무                | 시민숙의위원회 권고에 대해 소관 부처·기관은 **수용**하거나 **불수용 사유를 설명**한다.                             | 제17조 6항                          | 제5장, 제16장             |	4단계 대상 식별·치환 대기
REF-L11181-C0114	11181	115	제17조	18		SRC-C18-L11032	SRC-C18-L11032	제21장 제3절 헌법상 정의·용어	20274	| 30·90·365 보고               | 사고·조사·대형 프로젝트 등은 **30·90·365** 보고주기를 적용한다.                                       | 제17조 5항, 부속표 G                   | 제16장                  |	4단계 대상 식별·치환 대기
REF-L11181-C0149	11181	150	제16장	18		SRC-C18-L11032	SRC-C18-L11032	제21장 제3절 헌법상 정의·용어	20274	| 30·90·365 보고               | 사고·조사·대형 프로젝트 등은 **30·90·365** 보고주기를 적용한다.                                       | 제17조 5항, 부속표 G                   | 제16장                  |	4단계 대상 식별·치환 대기
REF-L11182-C0114	11182	115	제17조	18		SRC-C18-L11032	SRC-C18-L11032	제21장 제3절 헌법상 정의·용어	20275	| 오픈 대시보드                    | 독립·준독립 기관은 주요 결정·자금흐름·성과를 **오픈 대시보드/API**로 공개한다.                                 | 제17조 5항                          | 제16장                  |	4단계 대상 식별·치환 대기
REF-L11182-C0149	11182	150	제16장	18		SRC-C18-L11032	SRC-C18-L11032	제21장 제3절 헌법상 정의·용어	20275	| 오픈 대시보드                    | 독립·준독립 기관은 주요 결정·자금흐름·성과를 **오픈 대시보드/API**로 공개한다.                                 | 제17조 5항                          | 제16장                  |	4단계 대상 식별·치환 대기
REF-L11183-C0114	11183	115	제2조의1	18		SRC-C18-L11032	SRC-C18-L11032	제21장 제3절 헌법상 정의·용어	20276	| 최고대신                       | 분과의 장을 말한다. 평의회의 **상임위원**으로서 표결권을 가진다.                                           | 제2조의1, 제2조의2                     | 제9조, 부속표 A            |	4단계 대상 식별·치환 대기
REF-L11183-C0121	11183	122	제2조의2	18		SRC-C18-L11032	SRC-C18-L11032	제21장 제3절 헌법상 정의·용어	20276	| 최고대신                       | 분과의 장을 말한다. 평의회의 **상임위원**으로서 표결권을 가진다.                                           | 제2조의1, 제2조의2                     | 제9조, 부속표 A            |	4단계 대상 식별·치환 대기
REF-L11183-C0149	11183	150	제9조	18		SRC-C18-L11032	SRC-C18-L11032	제21장 제3절 헌법상 정의·용어	20276	| 최고대신                       | 분과의 장을 말한다. 평의회의 **상임위원**으로서 표결권을 가진다.                                           | 제2조의1, 제2조의2                     | 제9조, 부속표 A            |	4단계 대상 식별·치환 대기
REF-L11184-C0114	11184	115	제2조의1	18		SRC-C18-L11032	SRC-C18-L11032	제21장 제3절 헌법상 정의·용어	20277	| 부대신                        | 각 부·처의 장을 말한다. 평의회의 **상임위원**으로서 표결권을 가진다.                                        | 제2조의1, 제2조의2                     | 제9조, 부속표 A            |	4단계 대상 식별·치환 대기
REF-L11184-C0121	11184	122	제2조의2	18		SRC-C18-L11032	SRC-C18-L11032	제21장 제3절 헌법상 정의·용어	20277	| 부대신                        | 각 부·처의 장을 말한다. 평의회의 **상임위원**으로서 표결권을 가진다.                                        | 제2조의1, 제2조의2                     | 제9조, 부속표 A            |	4단계 대상 식별·치환 대기
REF-L11184-C0149	11184	150	제9조	18		SRC-C18-L11032	SRC-C18-L11032	제21장 제3절 헌법상 정의·용어	20277	| 부대신                        | 각 부·처의 장을 말한다. 평의회의 **상임위원**으로서 표결권을 가진다.                                        | 제2조의1, 제2조의2                     | 제9조, 부속표 A            |	4단계 대상 식별·치환 대기
REF-L11185-C0114	11185	115	제2조의2	18		SRC-C18-L11032	SRC-C18-L11032	제21장 제3절 헌법상 정의·용어	20278	| 상임위원                       | 최고대신·부대신으로 구성되며, 평의회 표결권을 가진다.                                                   | 제2조의2 제2항                        | 제4조(의결), 제6장          |	4단계 대상 식별·치환 대기
REF-L11185-C0120	11185	121	제2항	18		SRC-C18-L11032	SRC-C18-L11032	제21장 제3절 헌법상 정의·용어	20278	| 상임위원                       | 최고대신·부대신으로 구성되며, 평의회 표결권을 가진다.                                                   | 제2조의2 제2항                        | 제4조(의결), 제6장          |	4단계 대상 식별·치환 대기
REF-L11185-C0149	11185	150	제4조	18		SRC-C18-L11032	SRC-C18-L11032	제21장 제3절 헌법상 정의·용어	20278	| 상임위원                       | 최고대신·부대신으로 구성되며, 평의회 표결권을 가진다.                                                   | 제2조의2 제2항                        | 제4조(의결), 제6장          |	4단계 대상 식별·치환 대기
REF-L11185-C0158	11185	159	제6장	18		SRC-C18-L11032	SRC-C18-L11032	제21장 제3절 헌법상 정의·용어	20278	| 상임위원                       | 최고대신·부대신으로 구성되며, 평의회 표결권을 가진다.                                                   | 제2조의2 제2항                        | 제4조(의결), 제6장          |	4단계 대상 식별·치환 대기
REF-L11186-C0114	11186	115	제2조의2	18		SRC-C18-L11032	SRC-C18-L11032	제21장 제3절 헌법상 정의·용어	20279	| 협의위원                       | 독립·준독립 기관장으로 구성되며, 발언·자료요구·의제제안권을 가지되 표결권은 없다(법률 예외 가능).                         | 제2조의2 제3항                        | 제17조, 부속표 G           |	4단계 대상 식별·치환 대기
REF-L11186-C0120	11186	121	제3항	18		SRC-C18-L11032	SRC-C18-L11032	제21장 제3절 헌법상 정의·용어	20279	| 협의위원                       | 독립·준독립 기관장으로 구성되며, 발언·자료요구·의제제안권을 가지되 표결권은 없다(법률 예외 가능).                         | 제2조의2 제3항                        | 제17조, 부속표 G           |	4단계 대상 식별·치환 대기
REF-L11186-C0149	11186	150	제17조	18		SRC-C18-L11032	SRC-C18-L11032	제21장 제3절 헌법상 정의·용어	20279	| 협의위원                       | 독립·준독립 기관장으로 구성되며, 발언·자료요구·의제제안권을 가지되 표결권은 없다(법률 예외 가능).                         | 제2조의2 제3항                        | 제17조, 부속표 G           |	4단계 대상 식별·치환 대기
REF-L11187-C0114	11187	115	제3조의1	18		SRC-C18-L11032	SRC-C18-L11032	제21장 제3절 헌법상 정의·용어	20280	| 러닝메이트(후보조)                 | 의장·부의장을 하나의 후보조로 공동입후보·동일선거로 선출하는 제도.                                            | 제3조의1                            | 제3조의4(승계)             |	4단계 대상 식별·치환 대기
REF-L11187-C0149	11187	150	제3조의4	18		SRC-C18-L11032	SRC-C18-L11032	제21장 제3절 헌법상 정의·용어	20280	| 러닝메이트(후보조)                 | 의장·부의장을 하나의 후보조로 공동입후보·동일선거로 선출하는 제도.                                            | 제3조의1                            | 제3조의4(승계)             |	4단계 대상 식별·치환 대기
REF-L11188-C0114	11188	115	제3조의4	18		SRC-C18-L11032	SRC-C18-L11032	제21장 제3절 헌법상 정의·용어	20281	| 의장·부의장 동시 공석 승계            | 황제가 남은 임기 수행자를 지명하고, 헌법원이 적격 심사 자문을 하며, 총의회가 **재적 2/3·출석 2/3 동의**로 승인한다.         | 제3조의4 제3항                        | 제5장(입법), 제6장(사법)      |	4단계 대상 식별·치환 대기
REF-L11188-C0120	11188	121	제3항	18		SRC-C18-L11032	SRC-C18-L11032	제21장 제3절 헌법상 정의·용어	20281	| 의장·부의장 동시 공석 승계            | 황제가 남은 임기 수행자를 지명하고, 헌법원이 적격 심사 자문을 하며, 총의회가 **재적 2/3·출석 2/3 동의**로 승인한다.         | 제3조의4 제3항                        | 제5장(입법), 제6장(사법)      |	4단계 대상 식별·치환 대기
REF-L11188-C0149	11188	150	제5장	18		SRC-C18-L11032	SRC-C18-L11032	제21장 제3절 헌법상 정의·용어	20281	| 의장·부의장 동시 공석 승계            | 황제가 남은 임기 수행자를 지명하고, 헌법원이 적격 심사 자문을 하며, 총의회가 **재적 2/3·출석 2/3 동의**로 승인한다.         | 제3조의4 제3항                        | 제5장(입법), 제6장(사법)      |	4단계 대상 식별·치환 대기
REF-L11188-C0158	11188	159	제6장	18		SRC-C18-L11032	SRC-C18-L11032	제21장 제3절 헌법상 정의·용어	20281	| 의장·부의장 동시 공석 승계            | 황제가 남은 임기 수행자를 지명하고, 헌법원이 적격 심사 자문을 하며, 총의회가 **재적 2/3·출석 2/3 동의**로 승인한다.         | 제3조의4 제3항                        | 제5장(입법), 제6장(사법)      |	4단계 대상 식별·치환 대기
REF-L11196-C0098	11196	99	제2장	18		SRC-C18-L11032	SRC-C18-L11032	제21장 제3절 헌법상 정의·용어	20289	| 전자관보              | 연방 법률·황제령·행정명령·고시 등을 게재하는 **공식 전자 공표 매체**. 버전·메타데이터 포함, 오픈 포맷으로 상시 열람·보존. | 제2장 전자 공표 위임 원칙 및 용어표 준거  | 전 장 공통; 제2장 §9(전자 공표 위임)     |	4단계 대상 식별·치환 대기
REF-L11196-C0134	11196	135	제2장	18		SRC-C18-L11032	SRC-C18-L11032	제21장 제3절 헌법상 정의·용어	20289	| 전자관보              | 연방 법률·황제령·행정명령·고시 등을 게재하는 **공식 전자 공표 매체**. 버전·메타데이터 포함, 오픈 포맷으로 상시 열람·보존. | 제2장 전자 공표 위임 원칙 및 용어표 준거  | 전 장 공통; 제2장 §9(전자 공표 위임)     |	4단계 대상 식별·치환 대기
REF-L11197-C0125	11197	126	제2장	18		SRC-C18-L11032	SRC-C18-L11032	제21장 제3절 헌법상 정의·용어	20290	| 공개 포맷(오픈 포맷)      | 공표·보존·열람에 쓰는 **개방형 기술규격**. 법규·좌표·판결 메타데이터를 기계판독형으로 제공.                   | 용어표·원칙                    | 제2장 §9, §12(경계·메타 표준)        |	4단계 대상 식별·치환 대기
REF-L11198-C0125	11198	126	제2장	18		SRC-C18-L11032	SRC-C18-L11032	제21장 제3절 헌법상 정의·용어	20291	| 정오표               | 공표 후 발견된 오류의 **정정 기록**. 원문·수정본의 상호참조와 이전 버전 접근을 보장.                      | 권고 리스트(정오표·API·버전 메타는 위임) | 제2장 §9(전자 공표 위임)             |	4단계 대상 식별·치환 대기
REF-L11199-C0106	11199	107	제2장	18		SRC-C18-L11032	SRC-C18-L11032	제21장 제3절 헌법상 정의·용어	20292	| 합동재의              | 양원 또는 기관 간 이견 조정의 **합동 심의·의결 절차**. 발동요건·정족수·공표규격은 법률로 위임.                | 보완 TODO: 제2장 §3 절차 구체화 필요 | 제2장 §3; 제14장(개헌) 연계          |	4단계 대상 식별·치환 대기
REF-L11199-C0125	11199	126	제2장	18		SRC-C18-L11032	SRC-C18-L11032	제21장 제3절 헌법상 정의·용어	20292	| 합동재의              | 양원 또는 기관 간 이견 조정의 **합동 심의·의결 절차**. 발동요건·정족수·공표규격은 법률로 위임.                | 보완 TODO: 제2장 §3 절차 구체화 필요 | 제2장 §3; 제14장(개헌) 연계          |	4단계 대상 식별·치환 대기
REF-L11199-C0133	11199	134	제14장	18		SRC-C18-L11032	SRC-C18-L11032	제21장 제3절 헌법상 정의·용어	20292	| 합동재의              | 양원 또는 기관 간 이견 조정의 **합동 심의·의결 절차**. 발동요건·정족수·공표규격은 법률로 위임.                | 보완 TODO: 제2장 §3 절차 구체화 필요 | 제2장 §3; 제14장(개헌) 연계          |	4단계 대상 식별·치환 대기
REF-L11200-C0125	11200	126	제2장	18		SRC-C18-L11032	SRC-C18-L11032	제21장 제3절 헌법상 정의·용어	20293	| 경계 메타데이터          | 법률·행정구역·사법관할 **경계의 좌표·타임스탬프·해시 표준**.                                     | 보완 TODO 명시                | 제2장 §12; 제6장(관할·배당)          |	4단계 대상 식별·치환 대기
REF-L11200-C0134	11200	135	제6장	18		SRC-C18-L11032	SRC-C18-L11032	제21장 제3절 헌법상 정의·용어	20293	| 경계 메타데이터          | 법률·행정구역·사법관할 **경계의 좌표·타임스탬프·해시 표준**.                                     | 보완 TODO 명시                | 제2장 §12; 제6장(관할·배당)          |	4단계 대상 식별·치환 대기
REF-L11201-C0125	11201	126	제1장	18		SRC-C18-L11032	SRC-C18-L11032	제21장 제3절 헌법상 정의·용어	20294	| 규범층 동위            | **법률과 황제령은 동위 규범층**. 충돌 정리는 법률(헌법 원칙에 따름).                               | 권고 표준 문안                  | 제1장 총칙; 제2장(입법)              |	4단계 대상 식별·치환 대기
REF-L11201-C0133	11201	134	제2장	18		SRC-C18-L11032	SRC-C18-L11032	제21장 제3절 헌법상 정의·용어	20294	| 규범층 동위            | **법률과 황제령은 동위 규범층**. 충돌 정리는 법률(헌법 원칙에 따름).                               | 권고 표준 문안                  | 제1장 총칙; 제2장(입법)              |	4단계 대상 식별·치환 대기
REF-L11202-C0097	11202	98	제6장	18		SRC-C18-L11032	SRC-C18-L11032	제21장 제3절 헌법상 정의·용어	20295	| 3-3 배당 트랙         | 3심제에서 **고등→중앙(중간심)→대법**으로 진행하는 표준 항소 트랙. 특정 사건에는 강제 적용 가능.               | 제6장 제7조(관할·배당 원칙)         | 제6장 제7조의2(강제배당)              |	4단계 대상 식별·치환 대기
REF-L11202-C0101	11202	102	제7조	18		SRC-C18-L11032	SRC-C18-L11032	제21장 제3절 헌법상 정의·용어	20295	| 3-3 배당 트랙         | 3심제에서 **고등→중앙(중간심)→대법**으로 진행하는 표준 항소 트랙. 특정 사건에는 강제 적용 가능.               | 제6장 제7조(관할·배당 원칙)         | 제6장 제7조의2(강제배당)              |	4단계 대상 식별·치환 대기
REF-L11202-C0125	11202	126	제6장	18		SRC-C18-L11032	SRC-C18-L11032	제21장 제3절 헌법상 정의·용어	20295	| 3-3 배당 트랙         | 3심제에서 **고등→중앙(중간심)→대법**으로 진행하는 표준 항소 트랙. 특정 사건에는 강제 적용 가능.               | 제6장 제7조(관할·배당 원칙)         | 제6장 제7조의2(강제배당)              |	4단계 대상 식별·치환 대기
REF-L11202-C0129	11202	130	제7조의2	18		SRC-C18-L11032	SRC-C18-L11032	제21장 제3절 헌법상 정의·용어	20295	| 3-3 배당 트랙         | 3심제에서 **고등→중앙(중간심)→대법**으로 진행하는 표준 항소 트랙. 특정 사건에는 강제 적용 가능.               | 제6장 제7조(관할·배당 원칙)         | 제6장 제7조의2(강제배당)              |	4단계 대상 식별·치환 대기
REF-L11203-C0097	11203	98	제6장	18		SRC-C18-L11032	SRC-C18-L11032	제21장 제3절 헌법상 정의·용어	20296	| 특정 사건의 강제배당       | 선거·정당·공직자 윤리·부패 사건 등은 **3-3 트랙으로 강제 배당**(전자 시스템 기반 자동배당).                | 제6장 제7조의2                 | 관련 유형의 세분은 연방법 위임(사법 IT 연계)  |	4단계 대상 식별·치환 대기
REF-L11203-C0101	11203	102	제7조의2	18		SRC-C18-L11032	SRC-C18-L11032	제21장 제3절 헌법상 정의·용어	20296	| 특정 사건의 강제배당       | 선거·정당·공직자 윤리·부패 사건 등은 **3-3 트랙으로 강제 배당**(전자 시스템 기반 자동배당).                | 제6장 제7조의2                 | 관련 유형의 세분은 연방법 위임(사법 IT 연계)  |	4단계 대상 식별·치환 대기
REF-L11204-C0097	11204	98	제6장	18		SRC-C18-L11032	SRC-C18-L11032	제21장 제3절 헌법상 정의·용어	20297	| 재판의 공개·신속         | 원칙적 공개, 예외적 비공개 사유 제한. **신속한 재판 진행** 보장.                                 | 제6장 제34조                  | 제2장 §9(공개·공표), 제15장(정보)      |	4단계 대상 식별·치환 대기
REF-L11204-C0101	11204	102	제34조	18		SRC-C18-L11032	SRC-C18-L11032	제21장 제3절 헌법상 정의·용어	20297	| 재판의 공개·신속         | 원칙적 공개, 예외적 비공개 사유 제한. **신속한 재판 진행** 보장.                                 | 제6장 제34조                  | 제2장 §9(공개·공표), 제15장(정보)      |	4단계 대상 식별·치환 대기
REF-L11204-C0125	11204	126	제2장	18		SRC-C18-L11032	SRC-C18-L11032	제21장 제3절 헌법상 정의·용어	20297	| 재판의 공개·신속         | 원칙적 공개, 예외적 비공개 사유 제한. **신속한 재판 진행** 보장.                                 | 제6장 제34조                  | 제2장 §9(공개·공표), 제15장(정보)      |	4단계 대상 식별·치환 대기
REF-L11204-C0140	11204	141	제15장	18		SRC-C18-L11032	SRC-C18-L11032	제21장 제3절 헌법상 정의·용어	20297	| 재판의 공개·신속         | 원칙적 공개, 예외적 비공개 사유 제한. **신속한 재판 진행** 보장.                                 | 제6장 제34조                  | 제2장 §9(공개·공표), 제15장(정보)      |	4단계 대상 식별·치환 대기
REF-L11205-C0097	11205	98	제6장	18		SRC-C18-L11032	SRC-C18-L11032	제21장 제3절 헌법상 정의·용어	20298	| 판례의 기속력           | 대법원 판례는 **하급심을 구속**. 변경은 전원합의체 등 엄격 요건.                                  | 제6장 제37조                  | 제6장 제39조(전원합의체)              |	4단계 대상 식별·치환 대기
REF-L11205-C0101	11205	102	제37조	18		SRC-C18-L11032	SRC-C18-L11032	제21장 제3절 헌법상 정의·용어	20298	| 판례의 기속력           | 대법원 판례는 **하급심을 구속**. 변경은 전원합의체 등 엄격 요건.                                  | 제6장 제37조                  | 제6장 제39조(전원합의체)              |	4단계 대상 식별·치환 대기
REF-L11205-C0125	11205	126	제6장	18		SRC-C18-L11032	SRC-C18-L11032	제21장 제3절 헌법상 정의·용어	20298	| 판례의 기속력           | 대법원 판례는 **하급심을 구속**. 변경은 전원합의체 등 엄격 요건.                                  | 제6장 제37조                  | 제6장 제39조(전원합의체)              |	4단계 대상 식별·치환 대기
REF-L11205-C0129	11205	130	제39조	18		SRC-C18-L11032	SRC-C18-L11032	제21장 제3절 헌법상 정의·용어	20298	| 판례의 기속력           | 대법원 판례는 **하급심을 구속**. 변경은 전원합의체 등 엄격 요건.                                  | 제6장 제37조                  | 제6장 제39조(전원합의체)              |	4단계 대상 식별·치환 대기
REF-L11206-C0097	11206	98	제6장	18		SRC-C18-L11032	SRC-C18-L11032	제21장 제3절 헌법상 정의·용어	20299	| 전원합의체             | 판례변경·중요법리 사건을 **전원 합의**로 심리·의결.                                          | 제6장 제39조                  | 제6장 제37조(판례 구속)              |	4단계 대상 식별·치환 대기
REF-L11206-C0101	11206	102	제39조	18		SRC-C18-L11032	SRC-C18-L11032	제21장 제3절 헌법상 정의·용어	20299	| 전원합의체             | 판례변경·중요법리 사건을 **전원 합의**로 심리·의결.                                          | 제6장 제39조                  | 제6장 제37조(판례 구속)              |	4단계 대상 식별·치환 대기
REF-L11206-C0125	11206	126	제6장	18		SRC-C18-L11032	SRC-C18-L11032	제21장 제3절 헌법상 정의·용어	20299	| 전원합의체             | 판례변경·중요법리 사건을 **전원 합의**로 심리·의결.                                          | 제6장 제39조                  | 제6장 제37조(판례 구속)              |	4단계 대상 식별·치환 대기
REF-L11206-C0129	11206	130	제37조	18		SRC-C18-L11032	SRC-C18-L11032	제21장 제3절 헌법상 정의·용어	20299	| 전원합의체             | 판례변경·중요법리 사건을 **전원 합의**로 심리·의결.                                          | 제6장 제39조                  | 제6장 제37조(판례 구속)              |	4단계 대상 식별·치환 대기
REF-L11207-C0097	11207	98	제6장	18		SRC-C18-L11032	SRC-C18-L11032	제21장 제3절 헌법상 정의·용어	20300	| 공개변론              | 국민적·법리적 중요 사건에서 **구두변론을 공개**(기록·중계 원칙).                                  | 제6장 제43조 본문               | 제2장 §9(공표·기록 공개)             |	4단계 대상 식별·치환 대기
REF-L11207-C0101	11207	102	제43조	18		SRC-C18-L11032	SRC-C18-L11032	제21장 제3절 헌법상 정의·용어	20300	| 공개변론              | 국민적·법리적 중요 사건에서 **구두변론을 공개**(기록·중계 원칙).                                  | 제6장 제43조 본문               | 제2장 §9(공표·기록 공개)             |	4단계 대상 식별·치환 대기
REF-L11207-C0125	11207	126	제2장	18		SRC-C18-L11032	SRC-C18-L11032	제21장 제3절 헌법상 정의·용어	20300	| 공개변론              | 국민적·법리적 중요 사건에서 **구두변론을 공개**(기록·중계 원칙).                                  | 제6장 제43조 본문               | 제2장 §9(공표·기록 공개)             |	4단계 대상 식별·치환 대기
REF-L11208-C0097	11208	98	제6장	18		SRC-C18-L11032	SRC-C18-L11032	제21장 제3절 헌법상 정의·용어	20301	| 법정조언인(공익 조언인) 의견서 | 법원 외의 **전문가·단체가 제출하는 공익적 의견서**(Amicus curiae). 접수·열람·인용의 메타데이터 공개.       | 제6장 제43조 제2항              | 제2장 §9(공개 포맷·열람)             |	4단계 대상 식별·치환 대기
REF-L11208-C0101	11208	102	제43조	18		SRC-C18-L11032	SRC-C18-L11032	제21장 제3절 헌법상 정의·용어	20301	| 법정조언인(공익 조언인) 의견서 | 법원 외의 **전문가·단체가 제출하는 공익적 의견서**(Amicus curiae). 접수·열람·인용의 메타데이터 공개.       | 제6장 제43조 제2항              | 제2장 §9(공개 포맷·열람)             |	4단계 대상 식별·치환 대기
REF-L11208-C0106	11208	107	제2항	18		SRC-C18-L11032	SRC-C18-L11032	제21장 제3절 헌법상 정의·용어	20301	| 법정조언인(공익 조언인) 의견서 | 법원 외의 **전문가·단체가 제출하는 공익적 의견서**(Amicus curiae). 접수·열람·인용의 메타데이터 공개.       | 제6장 제43조 제2항              | 제2장 §9(공개 포맷·열람)             |	4단계 대상 식별·치환 대기
REF-L11208-C0125	11208	126	제2장	18		SRC-C18-L11032	SRC-C18-L11032	제21장 제3절 헌법상 정의·용어	20301	| 법정조언인(공익 조언인) 의견서 | 법원 외의 **전문가·단체가 제출하는 공익적 의견서**(Amicus curiae). 접수·열람·인용의 메타데이터 공개.       | 제6장 제43조 제2항              | 제2장 §9(공개 포맷·열람)             |	4단계 대상 식별·치환 대기
REF-L11209-C0097	11209	98	제6장	18		SRC-C18-L11032	SRC-C18-L11032	제21장 제3절 헌법상 정의·용어	20302	| 특별법원 금지·자연법관주의    | 특정인·사건을 위한 **임시·예외 법원 금지**, 사건은 **법률이 정한 법관**에게.                         | 제6장 제31조                  | 제6장 제7조(배당 원칙)               |	4단계 대상 식별·치환 대기
REF-L11209-C0101	11209	102	제31조	18		SRC-C18-L11032	SRC-C18-L11032	제21장 제3절 헌법상 정의·용어	20302	| 특별법원 금지·자연법관주의    | 특정인·사건을 위한 **임시·예외 법원 금지**, 사건은 **법률이 정한 법관**에게.                         | 제6장 제31조                  | 제6장 제7조(배당 원칙)               |	4단계 대상 식별·치환 대기
REF-L11209-C0125	11209	126	제6장	18		SRC-C18-L11032	SRC-C18-L11032	제21장 제3절 헌법상 정의·용어	20302	| 특별법원 금지·자연법관주의    | 특정인·사건을 위한 **임시·예외 법원 금지**, 사건은 **법률이 정한 법관**에게.                         | 제6장 제31조                  | 제6장 제7조(배당 원칙)               |	4단계 대상 식별·치환 대기
REF-L11209-C0129	11209	130	제7조	18		SRC-C18-L11032	SRC-C18-L11032	제21장 제3절 헌법상 정의·용어	20302	| 특별법원 금지·자연법관주의    | 특정인·사건을 위한 **임시·예외 법원 금지**, 사건은 **법률이 정한 법관**에게.                         | 제6장 제31조                  | 제6장 제7조(배당 원칙)               |	4단계 대상 식별·치환 대기
REF-L11210-C0097	11210	98	제6장	18		SRC-C18-L11032	SRC-C18-L11032	제21장 제3절 헌법상 정의·용어	20303	| 사법자치              | 법원의 **인사·예산·사무** 자치를 보장(외부 독립성 유지).                                      | 제6장 제33조                  | 제3장(행정)과 견제                  |	4단계 대상 식별·치환 대기
REF-L11210-C0101	11210	102	제33조	18		SRC-C18-L11032	SRC-C18-L11032	제21장 제3절 헌법상 정의·용어	20303	| 사법자치              | 법원의 **인사·예산·사무** 자치를 보장(외부 독립성 유지).                                      | 제6장 제33조                  | 제3장(행정)과 견제                  |	4단계 대상 식별·치환 대기
REF-L11210-C0125	11210	126	제3장	18		SRC-C18-L11032	SRC-C18-L11032	제21장 제3절 헌법상 정의·용어	20303	| 사법자치              | 법원의 **인사·예산·사무** 자치를 보장(외부 독립성 유지).                                      | 제6장 제33조                  | 제3장(행정)과 견제                  |	4단계 대상 식별·치환 대기
REF-L11211-C0097	11211	98	제6장	18		SRC-C18-L11032	SRC-C18-L11032	제21장 제3절 헌법상 정의·용어	20304	| 검찰·경찰의 소속         | 검찰·경찰은 **연방 최고평의회 산하 연방 법무부** 소속(행정부).                                   | 제6장 제35조 제4항              | 제3장(행정부 조직), 국가조직도 연계        |	4단계 대상 식별·치환 대기
REF-L11211-C0101	11211	102	제35조	18		SRC-C18-L11032	SRC-C18-L11032	제21장 제3절 헌법상 정의·용어	20304	| 검찰·경찰의 소속         | 검찰·경찰은 **연방 최고평의회 산하 연방 법무부** 소속(행정부).                                   | 제6장 제35조 제4항              | 제3장(행정부 조직), 국가조직도 연계        |	4단계 대상 식별·치환 대기
REF-L11211-C0106	11211	107	제4항	18		SRC-C18-L11032	SRC-C18-L11032	제21장 제3절 헌법상 정의·용어	20304	| 검찰·경찰의 소속         | 검찰·경찰은 **연방 최고평의회 산하 연방 법무부** 소속(행정부).                                   | 제6장 제35조 제4항              | 제3장(행정부 조직), 국가조직도 연계        |	4단계 대상 식별·치환 대기
REF-L11211-C0125	11211	126	제3장	18		SRC-C18-L11032	SRC-C18-L11032	제21장 제3절 헌법상 정의·용어	20304	| 검찰·경찰의 소속         | 검찰·경찰은 **연방 최고평의회 산하 연방 법무부** 소속(행정부).                                   | 제6장 제35조 제4항              | 제3장(행정부 조직), 국가조직도 연계        |	4단계 대상 식별·치환 대기
REF-L11212-C0097	11212	98	제6장	18		SRC-C18-L11032	SRC-C18-L11032	제21장 제3절 헌법상 정의·용어	20305	| 전자소송·원격심리         | 전자접수·전자기록·전자송달·원격심리 등 **전자사법** 원칙.                                       | 제6장 제40조                  | 제2장 §9(오픈 포맷·공개), 제15장(정보보호) |	4단계 대상 식별·치환 대기
REF-L11212-C0101	11212	102	제40조	18		SRC-C18-L11032	SRC-C18-L11032	제21장 제3절 헌법상 정의·용어	20305	| 전자소송·원격심리         | 전자접수·전자기록·전자송달·원격심리 등 **전자사법** 원칙.                                       | 제6장 제40조                  | 제2장 §9(오픈 포맷·공개), 제15장(정보보호) |	4단계 대상 식별·치환 대기
REF-L11212-C0125	11212	126	제2장	18		SRC-C18-L11032	SRC-C18-L11032	제21장 제3절 헌법상 정의·용어	20305	| 전자소송·원격심리         | 전자접수·전자기록·전자송달·원격심리 등 **전자사법** 원칙.                                       | 제6장 제40조                  | 제2장 §9(오픈 포맷·공개), 제15장(정보보호) |	4단계 대상 식별·치환 대기
REF-L11212-C0143	11212	144	제15장	18		SRC-C18-L11032	SRC-C18-L11032	제21장 제3절 헌법상 정의·용어	20305	| 전자소송·원격심리         | 전자접수·전자기록·전자송달·원격심리 등 **전자사법** 원칙.                                       | 제6장 제40조                  | 제2장 §9(오픈 포맷·공개), 제15장(정보보호) |	4단계 대상 식별·치환 대기
REF-L11213-C0097	11213	98	제6장	18		SRC-C18-L11032	SRC-C18-L11032	제21장 제3절 헌법상 정의·용어	20306	| (신설) 상고허가         | 상고 남용 방지를 위한 **허가제 요건**(중요 법령 해석, 판례와 상충, 중대한 절차위반 등). 세부요건·절차는 법률 위임.   | 제6장 상고허가 관련 조문(신설 예정)     | 제6장 제39조(전원합의체), 제37조(판례)    |	4단계 대상 식별·치환 대기
REF-L11213-C0125	11213	126	제6장	18		SRC-C18-L11032	SRC-C18-L11032	제21장 제3절 헌법상 정의·용어	20306	| (신설) 상고허가         | 상고 남용 방지를 위한 **허가제 요건**(중요 법령 해석, 판례와 상충, 중대한 절차위반 등). 세부요건·절차는 법률 위임.   | 제6장 상고허가 관련 조문(신설 예정)     | 제6장 제39조(전원합의체), 제37조(판례)    |	4단계 대상 식별·치환 대기
REF-L11213-C0129	11213	130	제39조	18		SRC-C18-L11032	SRC-C18-L11032	제21장 제3절 헌법상 정의·용어	20306	| (신설) 상고허가         | 상고 남용 방지를 위한 **허가제 요건**(중요 법령 해석, 판례와 상충, 중대한 절차위반 등). 세부요건·절차는 법률 위임.   | 제6장 상고허가 관련 조문(신설 예정)     | 제6장 제39조(전원합의체), 제37조(판례)    |	4단계 대상 식별·치환 대기
REF-L11213-C0142	11213	143	제37조	18		SRC-C18-L11032	SRC-C18-L11032	제21장 제3절 헌법상 정의·용어	20306	| (신설) 상고허가         | 상고 남용 방지를 위한 **허가제 요건**(중요 법령 해석, 판례와 상충, 중대한 절차위반 등). 세부요건·절차는 법률 위임.   | 제6장 상고허가 관련 조문(신설 예정)     | 제6장 제39조(전원합의체), 제37조(판례)    |	4단계 대상 식별·치환 대기
REF-L06064-C0000	6064	1	본 장	11	1-3	SRC-C11-L06048	SRC-C11-L06048-P02	제21장 제4절 별표·인용·상호참조 원칙	20365	본 장은 관련 용어·약어의 통합 용어집은 전자관보(E-GAZ)에 상시 등재·갱신한다.	4단계 대상 식별·치환 대기
REF-L09225-C0000	9225	1	본 장	14	15	SRC-C14-L09223	SRC-C14-L09223	제21장 제4절 별표·인용·상호참조 원칙	20381	본 장의 절차를 구체화하기 위하여 다음 각 호를 관장하는 연방 법률을 제정·개정하여야 한다.	4단계 대상 식별·치환 대기
REF-L09225-C0022	9225	23	각 호	14	15	SRC-C14-L09223	SRC-C14-L09223	제21장 제4절 별표·인용·상호참조 원칙	20381	본 장의 절차를 구체화하기 위하여 다음 각 호를 관장하는 연방 법률을 제정·개정하여야 한다.	4단계 대상 식별·치환 대기
REF-L11024-C0000	11024	1	본 장	17		SRC-C17-L11019	SRC-C17-L11019	제21장 제4절 별표·인용·상호참조 원칙	20434	본 장과 별표·고시가 충돌하는 경우에는 본 장을 우선하여 적용한다.	4단계 대상 식별·치환 대기
REF-L11024-C0022	11024	23	본 장	17		SRC-C17-L11019	SRC-C17-L11019	제21장 제4절 별표·인용·상호참조 원칙	20434	본 장과 별표·고시가 충돌하는 경우에는 본 장을 우선하여 적용한다.	4단계 대상 식별·치환 대기
REF-L11027-C0065	11027	66	본 장	17		SRC-C17-L11019	SRC-C17-L11019	제21장 제4절 별표·인용·상호참조 원칙	20437	고위험 등급의 정의와 판정 지표, 불복 절차의 각 단계 기한 및 증거 제출 형식, 유예 사유의 유형과 입증 문서 등 본 장에서 구체 항목을 열거한 사항의 세부는 연방 법률·황제령으로 위임한다.	4단계 대상 식별·치환 대기
