source_file_code,source_file_id,source_sheet_id,source_sheet_name,source_column,source_field_id,source_field,source_type,source_role,source_role_evidence,map_id,targets_json,transform_rule,function_ids,test_ids,preservation_location,header_review_required,source_observation,spec_status,implementation_status,migration_status,validation_status
REG-V1,1EACdRIiAPGk4LAbttpXZiJd_cuqIh-cVi4jQsbfmqDw,861639760,00 공통 기준,A,REG-V1:861639760:A,기준 ID,string,input,직접 입력. 공통 기준 항목에 부여하는 고유 ID입니다. 다른 시트에서 기준을 참조할 때 사용할 수 있습니다.,MAP-001,"[{""file_code"":""C00"",""table"":""기준개정이력"",""field"":""standard_id"",""role"":""input"",""rule"":""같은 standard_id의 행을 개정 후보로 각각 보존; 마지막 행 자동 채택 금지."",""source_selector"":""all_data_rows""},{""file_code"":""C00"",""table"":""공통기준"",""field"":""standard_id"",""role"":""input"",""rule"":""식별자만 중복 제거해 기준 등록. revision_id는 legacy_locator 기반 고정 대응표로 발급."",""source_selector"":""all_data_rows""}]",원문·기존 ID·값 상태·설정 상태·근거·판본을 보존하고 확정 상태를 새로 추정하지 않음. legacy_locator를 이관레코드 관계로 연결.,C-01;C-03,T-004;T-009;T-013;T-014;T-016;T-017;T-022;T-024,PH0/REG-V1_online.xlsx#xl/worksheets/sheet1.xml:A; literal=PH1/literal_cells.csv; formulas=PH1/formula_patterns_and_dependencies.json,false,실행시점 online XLSX + native 8행 관측; 원본 내용 이관 아님,PH1 상세 설계 초안 · 온라인 작성/이관/운영 시험 미실행,미실행,미실행,명세 정적 coverage만 확인; 운영 시험 아님
REG-V1,1EACdRIiAPGk4LAbttpXZiJd_cuqIh-cVi4jQsbfmqDw,861639760,00 공통 기준,B,REG-V1:861639760:B,분야,string,input,직접 입력. 달력·인구·분류·단위·지도 등 공통 기준의 분야를 기록합니다.,MAP-001,"[{""file_code"":""C00"",""table"":""기준개정이력"",""field"":""domain"",""role"":""input"",""rule"":""같은 standard_id의 행을 개정 후보로 각각 보존; 마지막 행 자동 채택 금지."",""source_selector"":""all_data_rows""}]",원문·기존 ID·값 상태·설정 상태·근거·판본을 보존하고 확정 상태를 새로 추정하지 않음. legacy_locator를 이관레코드 관계로 연결.,C-01;C-03,T-004;T-009;T-013;T-014;T-016;T-017;T-022;T-024,PH0/REG-V1_online.xlsx#xl/worksheets/sheet1.xml:B; literal=PH1/literal_cells.csv; formulas=PH1/formula_patterns_and_dependencies.json,false,실행시점 online XLSX + native 8행 관측; 원본 내용 이관 아님,PH1 상세 설계 초안 · 온라인 작성/이관/운영 시험 미실행,미실행,미실행,명세 정적 coverage만 확인; 운영 시험 아님
REG-V1,1EACdRIiAPGk4LAbttpXZiJd_cuqIh-cVi4jQsbfmqDw,861639760,00 공통 기준,C,REG-V1:861639760:C,항목,string,input,직접 입력. 공통 기준의 구체적인 항목명을 기록합니다.,MAP-001,"[{""file_code"":""C00"",""table"":""기준개정이력"",""field"":""item_name"",""role"":""input"",""rule"":""같은 standard_id의 행을 개정 후보로 각각 보존; 마지막 행 자동 채택 금지."",""source_selector"":""all_data_rows""}]",원문·기존 ID·값 상태·설정 상태·근거·판본을 보존하고 확정 상태를 새로 추정하지 않음. legacy_locator를 이관레코드 관계로 연결.,C-01;C-03,T-004;T-009;T-013;T-014;T-016;T-017;T-022;T-024,PH0/REG-V1_online.xlsx#xl/worksheets/sheet1.xml:C; literal=PH1/literal_cells.csv; formulas=PH1/formula_patterns_and_dependencies.json,false,실행시점 online XLSX + native 8행 관측; 원본 내용 이관 아님,PH1 상세 설계 초안 · 온라인 작성/이관/운영 시험 미실행,미실행,미실행,명세 정적 coverage만 확인; 운영 시험 아님
REG-V1,1EACdRIiAPGk4LAbttpXZiJd_cuqIh-cVi4jQsbfmqDw,861639760,00 공통 기준,D,REG-V1:861639760:D,값,string,input,직접 입력. 해당 항목의 수치 또는 값입니다. 단위·시점·분모가 필요한 경우 인접 열에 함께 기록합니다.,MAP-001,"[{""file_code"":""C00"",""table"":""기준개정이력"",""field"":""value_raw"",""role"":""input"",""rule"":""같은 standard_id의 행을 개정 후보로 각각 보존; 마지막 행 자동 채택 금지."",""source_selector"":""all_data_rows""}]",원문·기존 ID·값 상태·설정 상태·근거·판본을 보존하고 확정 상태를 새로 추정하지 않음. legacy_locator를 이관레코드 관계로 연결.,C-01;C-03,T-004;T-009;T-013;T-014;T-016;T-017;T-022;T-024,PH0/REG-V1_online.xlsx#xl/worksheets/sheet1.xml:D; literal=PH1/literal_cells.csv; formulas=PH1/formula_patterns_and_dependencies.json,false,실행시점 online XLSX + native 8행 관측; 원본 내용 이관 아님,PH1 상세 설계 초안 · 온라인 작성/이관/운영 시험 미실행,미실행,미실행,명세 정적 coverage만 확인; 운영 시험 아님
REG-V1,1EACdRIiAPGk4LAbttpXZiJd_cuqIh-cVi4jQsbfmqDw,861639760,00 공통 기준,E,REG-V1:861639760:E,단위/형식,string,input,직접 입력. 값의 단위나 입력 형식을 기록합니다.,MAP-001,"[{""file_code"":""C00"",""table"":""기준개정이력"",""field"":""unit_format"",""role"":""input"",""rule"":""같은 standard_id의 행을 개정 후보로 각각 보존; 마지막 행 자동 채택 금지."",""source_selector"":""all_data_rows""}]",원문·기존 ID·값 상태·설정 상태·근거·판본을 보존하고 확정 상태를 새로 추정하지 않음. legacy_locator를 이관레코드 관계로 연결.,C-01;C-03,T-004;T-009;T-013;T-014;T-016;T-017;T-022;T-024,PH0/REG-V1_online.xlsx#xl/worksheets/sheet1.xml:E; literal=PH1/literal_cells.csv; formulas=PH1/formula_patterns_and_dependencies.json,false,실행시점 online XLSX + native 8행 관측; 원본 내용 이관 아님,PH1 상세 설계 초안 · 온라인 작성/이관/운영 시험 미실행,미실행,미실행,명세 정적 coverage만 확인; 운영 시험 아님
REG-V1,1EACdRIiAPGk4LAbttpXZiJd_cuqIh-cVi4jQsbfmqDw,861639760,00 공통 기준,F,REG-V1:861639760:F,설명,string,input,직접 입력. 이 항목의 의미·내용을 요약합니다. 장문 정본은 Obsidian 문서에 두고 여기에는 구조화에 필요한 설명을 적습니다.,MAP-001,"[{""file_code"":""C00"",""table"":""기준개정이력"",""field"":""description"",""role"":""input"",""rule"":""같은 standard_id의 행을 개정 후보로 각각 보존; 마지막 행 자동 채택 금지."",""source_selector"":""all_data_rows""}]",원문·기존 ID·값 상태·설정 상태·근거·판본을 보존하고 확정 상태를 새로 추정하지 않음. legacy_locator를 이관레코드 관계로 연결.,C-01;C-03,T-004;T-009;T-013;T-014;T-016;T-017;T-022;T-024,PH0/REG-V1_online.xlsx#xl/worksheets/sheet1.xml:F; literal=PH1/literal_cells.csv; formulas=PH1/formula_patterns_and_dependencies.json,false,실행시점 online XLSX + native 8행 관측; 원본 내용 이관 아님,PH1 상세 설계 초안 · 온라인 작성/이관/운영 시험 미실행,미실행,미실행,명세 정적 coverage만 확인; 운영 시험 아님
REG-V1,1EACdRIiAPGk4LAbttpXZiJd_cuqIh-cVi4jQsbfmqDw,861639760,00 공통 기준,G,REG-V1:861639760:G,상태,string,input,드롭다운에서 현재 승인 상태를 선택합니다. 확정/초안/검토 필요/폐기 등의 의미를 구분해 사용합니다.,MAP-001,"[{""file_code"":""C00"",""table"":""기준개정이력"",""field"":""setting_status"",""role"":""input"",""rule"":""같은 standard_id의 행을 개정 후보로 각각 보존; 마지막 행 자동 채택 금지."",""source_selector"":""all_data_rows""}]",원문·기존 ID·값 상태·설정 상태·근거·판본을 보존하고 확정 상태를 새로 추정하지 않음. legacy_locator를 이관레코드 관계로 연결.,C-01;C-03,T-004;T-009;T-013;T-014;T-016;T-017;T-022;T-024,PH0/REG-V1_online.xlsx#xl/worksheets/sheet1.xml:G; literal=PH1/literal_cells.csv; formulas=PH1/formula_patterns_and_dependencies.json,false,실행시점 online XLSX + native 8행 관측; 원본 내용 이관 아님,PH1 상세 설계 초안 · 온라인 작성/이관/운영 시험 미실행,미실행,미실행,명세 정적 coverage만 확인; 운영 시험 아님
REG-V1,1EACdRIiAPGk4LAbttpXZiJd_cuqIh-cVi4jQsbfmqDw,861639760,00 공통 기준,H,REG-V1:861639760:H,출처 ID,string,display_review,직접 입력. 「90 출처」에서 부여한 출처 ID를 입력합니다. 옆 출처명은 자동 조회됩니다.,MAP-001,"[{""file_code"":""C00"",""table"":""기준개정이력"",""field"":""source_id"",""role"":""input"",""rule"":""같은 standard_id의 행을 개정 후보로 각각 보존; 마지막 행 자동 채택 금지."",""source_selector"":""all_data_rows""}]",원문·기존 ID·값 상태·설정 상태·근거·판본을 보존하고 확정 상태를 새로 추정하지 않음. legacy_locator를 이관레코드 관계로 연결.,C-01;C-03,T-004;T-009;T-013;T-014;T-016;T-017;T-022;T-024,PH0/REG-V1_online.xlsx#xl/worksheets/sheet1.xml:H; literal=PH1/literal_cells.csv; formulas=PH1/formula_patterns_and_dependencies.json,false,실행시점 online XLSX + native 8행 관측; 원본 내용 이관 아님,PH1 상세 설계 초안 · 온라인 작성/이관/운영 시험 미실행,미실행,미실행,명세 정적 coverage만 확인; 운영 시험 아님
REG-V1,1EACdRIiAPGk4LAbttpXZiJd_cuqIh-cVi4jQsbfmqDw,861639760,00 공통 기준,I,REG-V1:861639760:I,출처명,string,formula,자동 조회 열입니다. 직접 입력하지 않습니다. 대응하는 ID를 입력하면 마스터 시트의 한글명이 표시됩니다.,MAP-001,"[{""file_code"":""C00"",""table"":""기준개정이력"",""field"":""source_name"",""role"":""formula"",""rule"":""source_name은 C00 출처 레지스트리에서 조회; 그 밖의 원문 필드는 개정별로 보존."",""source_selector"":""all_data_rows""}]",원문·기존 ID·값 상태·설정 상태·근거·판본을 보존하고 확정 상태를 새로 추정하지 않음. legacy_locator를 이관레코드 관계로 연결.,C-01;C-03,T-004;T-009;T-013;T-014;T-016;T-017;T-022;T-024,PH0/REG-V1_online.xlsx#xl/worksheets/sheet1.xml:I; literal=PH1/literal_cells.csv; formulas=PH1/formula_patterns_and_dependencies.json,false,실행시점 online XLSX + native 8행 관측; 원본 내용 이관 아님,PH1 상세 설계 초안 · 온라인 작성/이관/운영 시험 미실행,미실행,미실행,명세 정적 coverage만 확인; 운영 시험 아님
REG-V1,1EACdRIiAPGk4LAbttpXZiJd_cuqIh-cVi4jQsbfmqDw,1659135409,02 국가 마스터,A,REG-V1:1659135409:A,순서,"string,number",input,직접 입력. 사람이 보기 위한 정렬 순번입니다. 순서를 바꾸더라도 이미 부여한 ID는 재번호화하지 않습니다.,MAP-003,"[{""file_code"":""C00"",""table"":""국가식별목록"",""field"":""sort_order"",""role"":""input"",""rule"":""국가목록의 중립명과 공식 국호 이력을 구별. parent/존속/통치 원문은 N10 소유로 보존하며 R50 영토관계로 자동 변환하지 않음."",""source_selector"":""all_data_rows""}]",원문·기존 ID·값 상태·설정 상태·근거·판본을 보존하고 확정 상태를 새로 추정하지 않음. legacy_locator를 이관레코드 관계로 연결.,C-04,T-004;T-009;T-013;T-015,PH0/REG-V1_online.xlsx#xl/worksheets/sheet3.xml:A; literal=PH1/literal_cells.csv; formulas=PH1/formula_patterns_and_dependencies.json,false,실행시점 online XLSX + native 8행 관측; 원본 내용 이관 아님,PH1 상세 설계 초안 · 온라인 작성/이관/운영 시험 미실행,미실행,미실행,명세 정적 coverage만 확인; 운영 시험 아님
REG-V1,1EACdRIiAPGk4LAbttpXZiJd_cuqIh-cVi4jQsbfmqDw,1659135409,02 국가 마스터,B,REG-V1:1659135409:B,국가 ID,string,display_review,직접 입력. 「02 국가 마스터」에서 부여한 국가 ID를 입력합니다. 옆 국가명은 자동 조회됩니다.,MAP-003,"[{""file_code"":""C00"",""table"":""국가식별목록"",""field"":""nation_id"",""role"":""input"",""rule"":""국가목록의 중립명과 공식 국호 이력을 구별. parent/존속/통치 원문은 N10 소유로 보존하며 R50 영토관계로 자동 변환하지 않음."",""source_selector"":""all_data_rows""}]",원문·기존 ID·값 상태·설정 상태·근거·판본을 보존하고 확정 상태를 새로 추정하지 않음. legacy_locator를 이관레코드 관계로 연결.,C-04,T-004;T-009;T-013;T-015,PH0/REG-V1_online.xlsx#xl/worksheets/sheet3.xml:B; literal=PH1/literal_cells.csv; formulas=PH1/formula_patterns_and_dependencies.json,false,실행시점 online XLSX + native 8행 관측; 원본 내용 이관 아님,PH1 상세 설계 초안 · 온라인 작성/이관/운영 시험 미실행,미실행,미실행,명세 정적 coverage만 확인; 운영 시험 아님
REG-V1,1EACdRIiAPGk4LAbttpXZiJd_cuqIh-cVi4jQsbfmqDw,1659135409,02 국가 마스터,C,REG-V1:1659135409:C,한글명,string,input,직접 입력. 공식 한글 표기명을 기록합니다. 개명 시 ID는 유지하고 이름만 수정합니다.,MAP-003,"[{""file_code"":""C00"",""table"":""국가식별목록"",""field"":""neutral_name"",""role"":""input"",""rule"":""국가목록의 중립명과 공식 국호 이력을 구별. parent/존속/통치 원문은 N10 소유로 보존하며 R50 영토관계로 자동 변환하지 않음."",""source_selector"":""all_data_rows""}]",원문·기존 ID·값 상태·설정 상태·근거·판본을 보존하고 확정 상태를 새로 추정하지 않음. legacy_locator를 이관레코드 관계로 연결.,C-04,T-004;T-009;T-013;T-015,PH0/REG-V1_online.xlsx#xl/worksheets/sheet3.xml:C; literal=PH1/literal_cells.csv; formulas=PH1/formula_patterns_and_dependencies.json,false,실행시점 online XLSX + native 8행 관측; 원본 내용 이관 아님,PH1 상세 설계 초안 · 온라인 작성/이관/운영 시험 미실행,미실행,미실행,명세 정적 coverage만 확인; 운영 시험 아님
REG-V1,1EACdRIiAPGk4LAbttpXZiJd_cuqIh-cVi4jQsbfmqDw,1659135409,02 국가 마스터,D,REG-V1:1659135409:D,로마자/원어명,string,input,직접 입력. 해당 항목의 공식 로마자/원어/엘룬 표기를 기록합니다. 표기 규칙이 개정되면 ID는 유지합니다.,MAP-003,"[{""file_code"":""C00"",""table"":""개체별칭"",""field"":""alias_text"",""role"":""input"",""rule"":""국가목록의 중립명과 공식 국호 이력을 구별. parent/존속/통치 원문은 N10 소유로 보존하며 R50 영토관계로 자동 변환하지 않음."",""source_selector"":""all_data_rows""}]",원문·기존 ID·값 상태·설정 상태·근거·판본을 보존하고 확정 상태를 새로 추정하지 않음. legacy_locator를 이관레코드 관계로 연결.,C-04,T-004;T-009;T-013;T-015,PH0/REG-V1_online.xlsx#xl/worksheets/sheet3.xml:D; literal=PH1/literal_cells.csv; formulas=PH1/formula_patterns_and_dependencies.json,false,실행시점 online XLSX + native 8행 관측; 원본 내용 이관 아님,PH1 상세 설계 초안 · 온라인 작성/이관/운영 시험 미실행,미실행,미실행,명세 정적 coverage만 확인; 운영 시험 아님
REG-V1,1EACdRIiAPGk4LAbttpXZiJd_cuqIh-cVi4jQsbfmqDw,1659135409,02 국가 마스터,E,REG-V1:1659135409:E,상위 국가 ID,string,display_review,직접 입력. 「02 국가 마스터」에서 부여한 국가 ID를 입력합니다. 옆 국가명은 자동 조회됩니다.,MAP-003,"[{""file_code"":""N10"",""table"":""국가목록원문속성"",""field"":""parent_nation_id"",""role"":""input"",""rule"":""국가목록의 중립명과 공식 국호 이력을 구별. parent/존속/통치 원문은 N10 소유로 보존하며 R50 영토관계로 자동 변환하지 않음."",""source_selector"":""all_data_rows""}]",원문·기존 ID·값 상태·설정 상태·근거·판본을 보존하고 확정 상태를 새로 추정하지 않음. legacy_locator를 이관레코드 관계로 연결.,C-04,T-004;T-009;T-013;T-015,PH0/REG-V1_online.xlsx#xl/worksheets/sheet3.xml:E; literal=PH1/literal_cells.csv; formulas=PH1/formula_patterns_and_dependencies.json,false,실행시점 online XLSX + native 8행 관측; 원본 내용 이관 아님,PH1 상세 설계 초안 · 온라인 작성/이관/운영 시험 미실행,미실행,미실행,명세 정적 coverage만 확인; 운영 시험 아님
REG-V1,1EACdRIiAPGk4LAbttpXZiJd_cuqIh-cVi4jQsbfmqDw,1659135409,02 국가 마스터,F,REG-V1:1659135409:F,상위 국가명,string,formula,자동 조회 열입니다. 직접 입력하지 않습니다. 대응하는 ID를 입력하면 마스터 시트의 한글명이 표시됩니다.,MAP-003,"[{""file_code"":""N10"",""table"":""국가목록원문속성"",""field"":""parent_name"",""role"":""formula"",""rule"":""국가목록의 중립명과 공식 국호 이력을 구별. parent/존속/통치 원문은 N10 소유로 보존하며 R50 영토관계로 자동 변환하지 않음."",""source_selector"":""all_data_rows""}]",원문·기존 ID·값 상태·설정 상태·근거·판본을 보존하고 확정 상태를 새로 추정하지 않음. legacy_locator를 이관레코드 관계로 연결.,C-04,T-004;T-009;T-013;T-015,PH0/REG-V1_online.xlsx#xl/worksheets/sheet3.xml:F; literal=PH1/literal_cells.csv; formulas=PH1/formula_patterns_and_dependencies.json,false,실행시점 online XLSX + native 8행 관측; 원본 내용 이관 아님,PH1 상세 설계 초안 · 온라인 작성/이관/운영 시험 미실행,미실행,미실행,명세 정적 coverage만 확인; 운영 시험 아님
REG-V1,1EACdRIiAPGk4LAbttpXZiJd_cuqIh-cVi4jQsbfmqDw,1659135409,02 국가 마스터,G,REG-V1:1659135409:G,존속 시작,string,input,직접 입력. 세계관 기준으로 사실/관계가 시작되는 시점을 기록합니다. 기간은 시작 시점을 포함하는 방식으로 사용합니다.,MAP-003,"[{""file_code"":""N10"",""table"":""국가목록원문속성"",""field"":""existence_start_raw"",""role"":""input"",""rule"":""국가목록의 중립명과 공식 국호 이력을 구별. parent/존속/통치 원문은 N10 소유로 보존하며 R50 영토관계로 자동 변환하지 않음."",""source_selector"":""all_data_rows""}]",원문·기존 ID·값 상태·설정 상태·근거·판본을 보존하고 확정 상태를 새로 추정하지 않음. legacy_locator를 이관레코드 관계로 연결.,C-04,T-004;T-009;T-013;T-015,PH0/REG-V1_online.xlsx#xl/worksheets/sheet3.xml:G; literal=PH1/literal_cells.csv; formulas=PH1/formula_patterns_and_dependencies.json,false,실행시점 online XLSX + native 8행 관측; 원본 내용 이관 아님,PH1 상세 설계 초안 · 온라인 작성/이관/운영 시험 미실행,미실행,미실행,명세 정적 coverage만 확인; 운영 시험 아님
REG-V1,1EACdRIiAPGk4LAbttpXZiJd_cuqIh-cVi4jQsbfmqDw,1659135409,02 국가 마스터,H,REG-V1:1659135409:H,존속 종료,string,input,직접 입력. 세계관 기준으로 사실/관계가 끝나는 시점을 기록합니다. 권장 규칙은 시작 포함·종료 제외입니다. 지속 중/종료 미상은 별도 상태 열로 구분합니다.,MAP-003,"[{""file_code"":""N10"",""table"":""국가목록원문속성"",""field"":""existence_end_raw"",""role"":""input"",""rule"":""국가목록의 중립명과 공식 국호 이력을 구별. parent/존속/통치 원문은 N10 소유로 보존하며 R50 영토관계로 자동 변환하지 않음."",""source_selector"":""all_data_rows""}]",원문·기존 ID·값 상태·설정 상태·근거·판본을 보존하고 확정 상태를 새로 추정하지 않음. legacy_locator를 이관레코드 관계로 연결.,C-04,T-004;T-009;T-013;T-015,PH0/REG-V1_online.xlsx#xl/worksheets/sheet3.xml:H; literal=PH1/literal_cells.csv; formulas=PH1/formula_patterns_and_dependencies.json,false,실행시점 online XLSX + native 8행 관측; 원본 내용 이관 아님,PH1 상세 설계 초안 · 온라인 작성/이관/운영 시험 미실행,미실행,미실행,명세 정적 coverage만 확인; 운영 시험 아님
REG-V1,1EACdRIiAPGk4LAbttpXZiJd_cuqIh-cVi4jQsbfmqDw,1659135409,02 국가 마스터,I,REG-V1:1659135409:I,정체/통치 구조,string,input,직접 입력. 국가의 정체·통치 구조를 간결하게 기록합니다. 자세한 제도 설명은 원문 문서와 출처로 연결합니다.,MAP-003,"[{""file_code"":""N10"",""table"":""국가목록원문속성"",""field"":""governance_raw"",""role"":""input"",""rule"":""국가목록의 중립명과 공식 국호 이력을 구별. parent/존속/통치 원문은 N10 소유로 보존하며 R50 영토관계로 자동 변환하지 않음."",""source_selector"":""all_data_rows""}]",원문·기존 ID·값 상태·설정 상태·근거·판본을 보존하고 확정 상태를 새로 추정하지 않음. legacy_locator를 이관레코드 관계로 연결.,C-04,T-004;T-009;T-013;T-015,PH0/REG-V1_online.xlsx#xl/worksheets/sheet3.xml:I; literal=PH1/literal_cells.csv; formulas=PH1/formula_patterns_and_dependencies.json,false,실행시점 online XLSX + native 8행 관측; 원본 내용 이관 아님,PH1 상세 설계 초안 · 온라인 작성/이관/운영 시험 미실행,미실행,미실행,명세 정적 coverage만 확인; 운영 시험 아님
REG-V1,1EACdRIiAPGk4LAbttpXZiJd_cuqIh-cVi4jQsbfmqDw,1659135409,02 국가 마스터,J,REG-V1:1659135409:J,상태,string,input,드롭다운에서 현재 승인 상태를 선택합니다. 확정/초안/검토 필요/폐기 등의 의미를 구분해 사용합니다.,MAP-003,"[{""file_code"":""C00"",""table"":""국가식별목록"",""field"":""setting_status"",""role"":""input"",""rule"":""국가목록의 중립명과 공식 국호 이력을 구별. parent/존속/통치 원문은 N10 소유로 보존하며 R50 영토관계로 자동 변환하지 않음."",""source_selector"":""all_data_rows""}]",원문·기존 ID·값 상태·설정 상태·근거·판본을 보존하고 확정 상태를 새로 추정하지 않음. legacy_locator를 이관레코드 관계로 연결.,C-04,T-004;T-009;T-013;T-015,PH0/REG-V1_online.xlsx#xl/worksheets/sheet3.xml:J; literal=PH1/literal_cells.csv; formulas=PH1/formula_patterns_and_dependencies.json,false,실행시점 online XLSX + native 8행 관측; 원본 내용 이관 아님,PH1 상세 설계 초안 · 온라인 작성/이관/운영 시험 미실행,미실행,미실행,명세 정적 coverage만 확인; 운영 시험 아님
REG-V1,1EACdRIiAPGk4LAbttpXZiJd_cuqIh-cVi4jQsbfmqDw,1659135409,02 국가 마스터,K,REG-V1:1659135409:K,출처 ID,string,display_review,직접 입력. 「90 출처」에서 부여한 출처 ID를 입력합니다. 옆 출처명은 자동 조회됩니다.,MAP-003,"[{""file_code"":""C00"",""table"":""국가식별목록"",""field"":""source_id"",""role"":""input"",""rule"":""국가목록의 중립명과 공식 국호 이력을 구별. parent/존속/통치 원문은 N10 소유로 보존하며 R50 영토관계로 자동 변환하지 않음."",""source_selector"":""all_data_rows""}]",원문·기존 ID·값 상태·설정 상태·근거·판본을 보존하고 확정 상태를 새로 추정하지 않음. legacy_locator를 이관레코드 관계로 연결.,C-04,T-004;T-009;T-013;T-015,PH0/REG-V1_online.xlsx#xl/worksheets/sheet3.xml:K; literal=PH1/literal_cells.csv; formulas=PH1/formula_patterns_and_dependencies.json,false,실행시점 online XLSX + native 8행 관측; 원본 내용 이관 아님,PH1 상세 설계 초안 · 온라인 작성/이관/운영 시험 미실행,미실행,미실행,명세 정적 coverage만 확인; 운영 시험 아님
REG-V1,1EACdRIiAPGk4LAbttpXZiJd_cuqIh-cVi4jQsbfmqDw,1659135409,02 국가 마스터,L,REG-V1:1659135409:L,출처명,string,formula,자동 조회 열입니다. 직접 입력하지 않습니다. 대응하는 ID를 입력하면 마스터 시트의 한글명이 표시됩니다.,MAP-003,"[{""file_code"":""C00"",""table"":""국가식별목록"",""field"":""source_name"",""role"":""formula"",""rule"":""국가목록의 중립명과 공식 국호 이력을 구별. parent/존속/통치 원문은 N10 소유로 보존하며 R50 영토관계로 자동 변환하지 않음."",""source_selector"":""all_data_rows""}]",원문·기존 ID·값 상태·설정 상태·근거·판본을 보존하고 확정 상태를 새로 추정하지 않음. legacy_locator를 이관레코드 관계로 연결.,C-04,T-004;T-009;T-013;T-015,PH0/REG-V1_online.xlsx#xl/worksheets/sheet3.xml:L; literal=PH1/literal_cells.csv; formulas=PH1/formula_patterns_and_dependencies.json,false,실행시점 online XLSX + native 8행 관측; 원본 내용 이관 아님,PH1 상세 설계 초안 · 온라인 작성/이관/운영 시험 미실행,미실행,미실행,명세 정적 coverage만 확인; 운영 시험 아님
REG-V1,1EACdRIiAPGk4LAbttpXZiJd_cuqIh-cVi4jQsbfmqDw,1994704254,03 문화 마스터,A,REG-V1:1994704254:A,순서,string,input,직접 입력. 사람이 보기 위한 정렬 순번입니다. 순서를 바꾸더라도 이미 부여한 ID는 재번호화하지 않습니다.,MAP-004,"[{""file_code"":""C00"",""table"":""문화분류"",""field"":""sort_order"",""role"":""input"",""rule"":""원문·기존 ID·값 상태·설정 상태·근거·판본을 보존하고 확정 상태를 새로 추정하지 않음. legacy_locator를 이관레코드 관계로 연결."",""source_selector"":""all_data_rows""}]",원문·기존 ID·값 상태·설정 상태·근거·판본을 보존하고 확정 상태를 새로 추정하지 않음. legacy_locator를 이관레코드 관계로 연결.,C-02,T-004;T-009;T-013;T-012;T-042;T-043,PH0/REG-V1_online.xlsx#xl/worksheets/sheet4.xml:A; literal=PH1/literal_cells.csv; formulas=PH1/formula_patterns_and_dependencies.json,false,실행시점 online XLSX + native 8행 관측; 원본 내용 이관 아님,PH1 상세 설계 초안 · 온라인 작성/이관/운영 시험 미실행,미실행,미실행,명세 정적 coverage만 확인; 운영 시험 아님
REG-V1,1EACdRIiAPGk4LAbttpXZiJd_cuqIh-cVi4jQsbfmqDw,1994704254,03 문화 마스터,B,REG-V1:1994704254:B,문화 ID,string,input,직접 입력. 해당 마스터/사전 시트에서 부여한 영구 ID를 입력합니다. 한 번 사용한 ID는 재번호화하지 않습니다.,MAP-004,"[{""file_code"":""C00"",""table"":""문화분류"",""field"":""culture_id"",""role"":""input"",""rule"":""원문·기존 ID·값 상태·설정 상태·근거·판본을 보존하고 확정 상태를 새로 추정하지 않음. legacy_locator를 이관레코드 관계로 연결."",""source_selector"":""all_data_rows""}]",원문·기존 ID·값 상태·설정 상태·근거·판본을 보존하고 확정 상태를 새로 추정하지 않음. legacy_locator를 이관레코드 관계로 연결.,C-02,T-004;T-009;T-013;T-012;T-042;T-043,PH0/REG-V1_online.xlsx#xl/worksheets/sheet4.xml:B; literal=PH1/literal_cells.csv; formulas=PH1/formula_patterns_and_dependencies.json,false,실행시점 online XLSX + native 8행 관측; 원본 내용 이관 아님,PH1 상세 설계 초안 · 온라인 작성/이관/운영 시험 미실행,미실행,미실행,명세 정적 coverage만 확인; 운영 시험 아님
REG-V1,1EACdRIiAPGk4LAbttpXZiJd_cuqIh-cVi4jQsbfmqDw,1994704254,03 문화 마스터,C,REG-V1:1994704254:C,한글명,string,input,직접 입력. 공식 한글 표기명을 기록합니다. 개명 시 ID는 유지하고 이름만 수정합니다.,MAP-004,"[{""file_code"":""C00"",""table"":""문화분류"",""field"":""name_ko"",""role"":""input"",""rule"":""원문·기존 ID·값 상태·설정 상태·근거·판본을 보존하고 확정 상태를 새로 추정하지 않음. legacy_locator를 이관레코드 관계로 연결."",""source_selector"":""all_data_rows""}]",원문·기존 ID·값 상태·설정 상태·근거·판본을 보존하고 확정 상태를 새로 추정하지 않음. legacy_locator를 이관레코드 관계로 연결.,C-02,T-004;T-009;T-013;T-012;T-042;T-043,PH0/REG-V1_online.xlsx#xl/worksheets/sheet4.xml:C; literal=PH1/literal_cells.csv; formulas=PH1/formula_patterns_and_dependencies.json,false,실행시점 online XLSX + native 8행 관측; 원본 내용 이관 아님,PH1 상세 설계 초안 · 온라인 작성/이관/운영 시험 미실행,미실행,미실행,명세 정적 coverage만 확인; 운영 시험 아님
REG-V1,1EACdRIiAPGk4LAbttpXZiJd_cuqIh-cVi4jQsbfmqDw,1994704254,03 문화 마스터,D,REG-V1:1994704254:D,로마자/원어명,string,input,직접 입력. 해당 항목의 공식 로마자/원어/엘룬 표기를 기록합니다. 표기 규칙이 개정되면 ID는 유지합니다.,MAP-004,"[{""file_code"":""C00"",""table"":""문화분류"",""field"":""name_original"",""role"":""input"",""rule"":""원문·기존 ID·값 상태·설정 상태·근거·판본을 보존하고 확정 상태를 새로 추정하지 않음. legacy_locator를 이관레코드 관계로 연결."",""source_selector"":""all_data_rows""}]",원문·기존 ID·값 상태·설정 상태·근거·판본을 보존하고 확정 상태를 새로 추정하지 않음. legacy_locator를 이관레코드 관계로 연결.,C-02,T-004;T-009;T-013;T-012;T-042;T-043,PH0/REG-V1_online.xlsx#xl/worksheets/sheet4.xml:D; literal=PH1/literal_cells.csv; formulas=PH1/formula_patterns_and_dependencies.json,false,실행시점 online XLSX + native 8행 관측; 원본 내용 이관 아님,PH1 상세 설계 초안 · 온라인 작성/이관/운영 시험 미실행,미실행,미실행,명세 정적 coverage만 확인; 운영 시험 아님
REG-V1,1EACdRIiAPGk4LAbttpXZiJd_cuqIh-cVi4jQsbfmqDw,1994704254,03 문화 마스터,E,REG-V1:1994704254:E,상위 문화 ID,string,input,직접 입력. 해당 마스터/사전 시트에서 부여한 영구 ID를 입력합니다. 한 번 사용한 ID는 재번호화하지 않습니다.,MAP-004,"[{""file_code"":""C00"",""table"":""문화분류"",""field"":""parent_culture_id"",""role"":""input"",""rule"":""원문·기존 ID·값 상태·설정 상태·근거·판본을 보존하고 확정 상태를 새로 추정하지 않음. legacy_locator를 이관레코드 관계로 연결."",""source_selector"":""all_data_rows""}]",원문·기존 ID·값 상태·설정 상태·근거·판본을 보존하고 확정 상태를 새로 추정하지 않음. legacy_locator를 이관레코드 관계로 연결.,C-02,T-004;T-009;T-013;T-012;T-042;T-043,PH0/REG-V1_online.xlsx#xl/worksheets/sheet4.xml:E; literal=PH1/literal_cells.csv; formulas=PH1/formula_patterns_and_dependencies.json,false,실행시점 online XLSX + native 8행 관측; 원본 내용 이관 아님,PH1 상세 설계 초안 · 온라인 작성/이관/운영 시험 미실행,미실행,미실행,명세 정적 coverage만 확인; 운영 시험 아님
REG-V1,1EACdRIiAPGk4LAbttpXZiJd_cuqIh-cVi4jQsbfmqDw,1994704254,03 문화 마스터,F,REG-V1:1994704254:F,상위 문화명,string,formula,자동 조회 열입니다. 직접 입력하지 않습니다. 대응하는 ID를 입력하면 마스터 시트의 한글명이 표시됩니다.,MAP-004,"[{""file_code"":""C00"",""table"":""문화분류"",""field"":""parent_name"",""role"":""formula"",""rule"":""동일 C00 분류/출처를 ID로 조회하며 표시명을 수동 원본으로 두지 않음."",""source_selector"":""all_data_rows""}]",원문·기존 ID·값 상태·설정 상태·근거·판본을 보존하고 확정 상태를 새로 추정하지 않음. legacy_locator를 이관레코드 관계로 연결.,C-02,T-004;T-009;T-013;T-012;T-042;T-043,PH0/REG-V1_online.xlsx#xl/worksheets/sheet4.xml:F; literal=PH1/literal_cells.csv; formulas=PH1/formula_patterns_and_dependencies.json,false,실행시점 online XLSX + native 8행 관측; 원본 내용 이관 아님,PH1 상세 설계 초안 · 온라인 작성/이관/운영 시험 미실행,미실행,미실행,명세 정적 coverage만 확인; 운영 시험 아님
REG-V1,1EACdRIiAPGk4LAbttpXZiJd_cuqIh-cVi4jQsbfmqDw,1994704254,03 문화 마스터,G,REG-V1:1994704254:G,적용 시작,string,input,직접 입력. 세계관 기준으로 사실/관계가 시작되는 시점을 기록합니다. 기간은 시작 시점을 포함하는 방식으로 사용합니다.,MAP-004,"[{""file_code"":""C00"",""table"":""문화분류"",""field"":""start_raw"",""role"":""input"",""rule"":""원문·기존 ID·값 상태·설정 상태·근거·판본을 보존하고 확정 상태를 새로 추정하지 않음. legacy_locator를 이관레코드 관계로 연결. 원문 날짜를 먼저 보존하고 파싱이 확실한 구성만 날짜필드로 구조화. 시작/종료연도 창작 금지."",""source_selector"":""all_data_rows""}]",원문·기존 ID·값 상태·설정 상태·근거·판본을 보존하고 확정 상태를 새로 추정하지 않음. legacy_locator를 이관레코드 관계로 연결.,C-02,T-004;T-009;T-013;T-012;T-042;T-043,PH0/REG-V1_online.xlsx#xl/worksheets/sheet4.xml:G; literal=PH1/literal_cells.csv; formulas=PH1/formula_patterns_and_dependencies.json,false,실행시점 online XLSX + native 8행 관측; 원본 내용 이관 아님,PH1 상세 설계 초안 · 온라인 작성/이관/운영 시험 미실행,미실행,미실행,명세 정적 coverage만 확인; 운영 시험 아님
REG-V1,1EACdRIiAPGk4LAbttpXZiJd_cuqIh-cVi4jQsbfmqDw,1994704254,03 문화 마스터,H,REG-V1:1994704254:H,적용 종료,string,input,직접 입력. 세계관 기준으로 사실/관계가 끝나는 시점을 기록합니다. 권장 규칙은 시작 포함·종료 제외입니다. 지속 중/종료 미상은 별도 상태 열로 구분합니다.,MAP-004,"[{""file_code"":""C00"",""table"":""문화분류"",""field"":""end_raw"",""role"":""input"",""rule"":""원문·기존 ID·값 상태·설정 상태·근거·판본을 보존하고 확정 상태를 새로 추정하지 않음. legacy_locator를 이관레코드 관계로 연결. 원문 날짜를 먼저 보존하고 파싱이 확실한 구성만 날짜필드로 구조화. 시작/종료연도 창작 금지."",""source_selector"":""all_data_rows""}]",원문·기존 ID·값 상태·설정 상태·근거·판본을 보존하고 확정 상태를 새로 추정하지 않음. legacy_locator를 이관레코드 관계로 연결.,C-02,T-004;T-009;T-013;T-012;T-042;T-043,PH0/REG-V1_online.xlsx#xl/worksheets/sheet4.xml:H; literal=PH1/literal_cells.csv; formulas=PH1/formula_patterns_and_dependencies.json,false,실행시점 online XLSX + native 8행 관측; 원본 내용 이관 아님,PH1 상세 설계 초안 · 온라인 작성/이관/운영 시험 미실행,미실행,미실행,명세 정적 coverage만 확인; 운영 시험 아님
REG-V1,1EACdRIiAPGk4LAbttpXZiJd_cuqIh-cVi4jQsbfmqDw,1994704254,03 문화 마스터,I,REG-V1:1994704254:I,정의/포함 범위,string,input,직접 입력. 이 분류가 무엇을 뜻하며 어디까지 포함하는지 기록합니다.,MAP-004,"[{""file_code"":""C00"",""table"":""문화분류"",""field"":""definition"",""role"":""input"",""rule"":""원문·기존 ID·값 상태·설정 상태·근거·판본을 보존하고 확정 상태를 새로 추정하지 않음. legacy_locator를 이관레코드 관계로 연결."",""source_selector"":""all_data_rows""}]",원문·기존 ID·값 상태·설정 상태·근거·판본을 보존하고 확정 상태를 새로 추정하지 않음. legacy_locator를 이관레코드 관계로 연결.,C-02,T-004;T-009;T-013;T-012;T-042;T-043,PH0/REG-V1_online.xlsx#xl/worksheets/sheet4.xml:I; literal=PH1/literal_cells.csv; formulas=PH1/formula_patterns_and_dependencies.json,false,실행시점 online XLSX + native 8행 관측; 원본 내용 이관 아님,PH1 상세 설계 초안 · 온라인 작성/이관/운영 시험 미실행,미실행,미실행,명세 정적 coverage만 확인; 운영 시험 아님
REG-V1,1EACdRIiAPGk4LAbttpXZiJd_cuqIh-cVi4jQsbfmqDw,1994704254,03 문화 마스터,J,REG-V1:1994704254:J,중복 소속 허용,string,input,드롭다운 선택. 한 사람이 여러 문화에 동시에 속할 수 있는지 규칙을 기록합니다.,MAP-004,"[{""file_code"":""C00"",""table"":""문화분류"",""field"":""multiple_membership_allowed"",""role"":""input"",""rule"":""원문·기존 ID·값 상태·설정 상태·근거·판본을 보존하고 확정 상태를 새로 추정하지 않음. legacy_locator를 이관레코드 관계로 연결. TRUE/FALSE/미입력을 구별하고 기본 FALSE를 실제 판정으로 세지 않음."",""source_selector"":""all_data_rows""}]",원문·기존 ID·값 상태·설정 상태·근거·판본을 보존하고 확정 상태를 새로 추정하지 않음. legacy_locator를 이관레코드 관계로 연결.,C-02,T-004;T-009;T-013;T-012;T-042;T-043,PH0/REG-V1_online.xlsx#xl/worksheets/sheet4.xml:J; literal=PH1/literal_cells.csv; formulas=PH1/formula_patterns_and_dependencies.json,false,실행시점 online XLSX + native 8행 관측; 원본 내용 이관 아님,PH1 상세 설계 초안 · 온라인 작성/이관/운영 시험 미실행,미실행,미실행,명세 정적 coverage만 확인; 운영 시험 아님
REG-V1,1EACdRIiAPGk4LAbttpXZiJd_cuqIh-cVi4jQsbfmqDw,1994704254,03 문화 마스터,K,REG-V1:1994704254:K,상태,string,input,드롭다운에서 현재 승인 상태를 선택합니다. 확정/초안/검토 필요/폐기 등의 의미를 구분해 사용합니다.,MAP-004,"[{""file_code"":""C00"",""table"":""문화분류"",""field"":""setting_status"",""role"":""input"",""rule"":""원문·기존 ID·값 상태·설정 상태·근거·판본을 보존하고 확정 상태를 새로 추정하지 않음. legacy_locator를 이관레코드 관계로 연결."",""source_selector"":""all_data_rows""}]",원문·기존 ID·값 상태·설정 상태·근거·판본을 보존하고 확정 상태를 새로 추정하지 않음. legacy_locator를 이관레코드 관계로 연결.,C-02,T-004;T-009;T-013;T-012;T-042;T-043,PH0/REG-V1_online.xlsx#xl/worksheets/sheet4.xml:K; literal=PH1/literal_cells.csv; formulas=PH1/formula_patterns_and_dependencies.json,false,실행시점 online XLSX + native 8행 관측; 원본 내용 이관 아님,PH1 상세 설계 초안 · 온라인 작성/이관/운영 시험 미실행,미실행,미실행,명세 정적 coverage만 확인; 운영 시험 아님
REG-V1,1EACdRIiAPGk4LAbttpXZiJd_cuqIh-cVi4jQsbfmqDw,1994704254,03 문화 마스터,L,REG-V1:1994704254:L,출처 ID,string,display_review,직접 입력. 「90 출처」에서 부여한 출처 ID를 입력합니다. 옆 출처명은 자동 조회됩니다.,MAP-004,"[{""file_code"":""C00"",""table"":""문화분류"",""field"":""source_id"",""role"":""input"",""rule"":""원문·기존 ID·값 상태·설정 상태·근거·판본을 보존하고 확정 상태를 새로 추정하지 않음. legacy_locator를 이관레코드 관계로 연결."",""source_selector"":""all_data_rows""}]",원문·기존 ID·값 상태·설정 상태·근거·판본을 보존하고 확정 상태를 새로 추정하지 않음. legacy_locator를 이관레코드 관계로 연결.,C-02,T-004;T-009;T-013;T-012;T-042;T-043,PH0/REG-V1_online.xlsx#xl/worksheets/sheet4.xml:L; literal=PH1/literal_cells.csv; formulas=PH1/formula_patterns_and_dependencies.json,false,실행시점 online XLSX + native 8행 관측; 원본 내용 이관 아님,PH1 상세 설계 초안 · 온라인 작성/이관/운영 시험 미실행,미실행,미실행,명세 정적 coverage만 확인; 운영 시험 아님
REG-V1,1EACdRIiAPGk4LAbttpXZiJd_cuqIh-cVi4jQsbfmqDw,1994704254,03 문화 마스터,M,REG-V1:1994704254:M,출처명,string,formula,자동 조회 열입니다. 직접 입력하지 않습니다. 대응하는 ID를 입력하면 마스터 시트의 한글명이 표시됩니다.,MAP-004,"[{""file_code"":""C00"",""table"":""문화분류"",""field"":""source_name"",""role"":""formula"",""rule"":""동일 C00 분류/출처를 ID로 조회하며 표시명을 수동 원본으로 두지 않음."",""source_selector"":""all_data_rows""}]",원문·기존 ID·값 상태·설정 상태·근거·판본을 보존하고 확정 상태를 새로 추정하지 않음. legacy_locator를 이관레코드 관계로 연결.,C-02,T-004;T-009;T-013;T-012;T-042;T-043,PH0/REG-V1_online.xlsx#xl/worksheets/sheet4.xml:M; literal=PH1/literal_cells.csv; formulas=PH1/formula_patterns_and_dependencies.json,false,실행시점 online XLSX + native 8행 관측; 원본 내용 이관 아님,PH1 상세 설계 초안 · 온라인 작성/이관/운영 시험 미실행,미실행,미실행,명세 정적 coverage만 확인; 운영 시험 아님
REG-V1,1EACdRIiAPGk4LAbttpXZiJd_cuqIh-cVi4jQsbfmqDw,107402225,04 종교 마스터,A,REG-V1:107402225:A,순서,string,input,직접 입력. 사람이 보기 위한 정렬 순번입니다. 순서를 바꾸더라도 이미 부여한 ID는 재번호화하지 않습니다.,MAP-005,"[{""file_code"":""C00"",""table"":""종교분류"",""field"":""sort_order"",""role"":""input"",""rule"":""원문·기존 ID·값 상태·설정 상태·근거·판본을 보존하고 확정 상태를 새로 추정하지 않음. legacy_locator를 이관레코드 관계로 연결."",""source_selector"":""all_data_rows""}]",원문·기존 ID·값 상태·설정 상태·근거·판본을 보존하고 확정 상태를 새로 추정하지 않음. legacy_locator를 이관레코드 관계로 연결.,C-02,T-004;T-009;T-013;T-012;T-042;T-043,PH0/REG-V1_online.xlsx#xl/worksheets/sheet5.xml:A; literal=PH1/literal_cells.csv; formulas=PH1/formula_patterns_and_dependencies.json,false,실행시점 online XLSX + native 8행 관측; 원본 내용 이관 아님,PH1 상세 설계 초안 · 온라인 작성/이관/운영 시험 미실행,미실행,미실행,명세 정적 coverage만 확인; 운영 시험 아님
REG-V1,1EACdRIiAPGk4LAbttpXZiJd_cuqIh-cVi4jQsbfmqDw,107402225,04 종교 마스터,B,REG-V1:107402225:B,종교 ID,string,input,직접 입력. 해당 마스터/사전 시트에서 부여한 영구 ID를 입력합니다. 한 번 사용한 ID는 재번호화하지 않습니다.,MAP-005,"[{""file_code"":""C00"",""table"":""종교분류"",""field"":""religion_id"",""role"":""input"",""rule"":""원문·기존 ID·값 상태·설정 상태·근거·판본을 보존하고 확정 상태를 새로 추정하지 않음. legacy_locator를 이관레코드 관계로 연결."",""source_selector"":""all_data_rows""}]",원문·기존 ID·값 상태·설정 상태·근거·판본을 보존하고 확정 상태를 새로 추정하지 않음. legacy_locator를 이관레코드 관계로 연결.,C-02,T-004;T-009;T-013;T-012;T-042;T-043,PH0/REG-V1_online.xlsx#xl/worksheets/sheet5.xml:B; literal=PH1/literal_cells.csv; formulas=PH1/formula_patterns_and_dependencies.json,false,실행시점 online XLSX + native 8행 관측; 원본 내용 이관 아님,PH1 상세 설계 초안 · 온라인 작성/이관/운영 시험 미실행,미실행,미실행,명세 정적 coverage만 확인; 운영 시험 아님
REG-V1,1EACdRIiAPGk4LAbttpXZiJd_cuqIh-cVi4jQsbfmqDw,107402225,04 종교 마스터,C,REG-V1:107402225:C,한글명,string,input,직접 입력. 공식 한글 표기명을 기록합니다. 개명 시 ID는 유지하고 이름만 수정합니다.,MAP-005,"[{""file_code"":""C00"",""table"":""종교분류"",""field"":""name_ko"",""role"":""input"",""rule"":""원문·기존 ID·값 상태·설정 상태·근거·판본을 보존하고 확정 상태를 새로 추정하지 않음. legacy_locator를 이관레코드 관계로 연결."",""source_selector"":""all_data_rows""}]",원문·기존 ID·값 상태·설정 상태·근거·판본을 보존하고 확정 상태를 새로 추정하지 않음. legacy_locator를 이관레코드 관계로 연결.,C-02,T-004;T-009;T-013;T-012;T-042;T-043,PH0/REG-V1_online.xlsx#xl/worksheets/sheet5.xml:C; literal=PH1/literal_cells.csv; formulas=PH1/formula_patterns_and_dependencies.json,false,실행시점 online XLSX + native 8행 관측; 원본 내용 이관 아님,PH1 상세 설계 초안 · 온라인 작성/이관/운영 시험 미실행,미실행,미실행,명세 정적 coverage만 확인; 운영 시험 아님
REG-V1,1EACdRIiAPGk4LAbttpXZiJd_cuqIh-cVi4jQsbfmqDw,107402225,04 종교 마스터,D,REG-V1:107402225:D,로마자/원어명,string,input,직접 입력. 해당 항목의 공식 로마자/원어/엘룬 표기를 기록합니다. 표기 규칙이 개정되면 ID는 유지합니다.,MAP-005,"[{""file_code"":""C00"",""table"":""종교분류"",""field"":""name_original"",""role"":""input"",""rule"":""원문·기존 ID·값 상태·설정 상태·근거·판본을 보존하고 확정 상태를 새로 추정하지 않음. legacy_locator를 이관레코드 관계로 연결."",""source_selector"":""all_data_rows""}]",원문·기존 ID·값 상태·설정 상태·근거·판본을 보존하고 확정 상태를 새로 추정하지 않음. legacy_locator를 이관레코드 관계로 연결.,C-02,T-004;T-009;T-013;T-012;T-042;T-043,PH0/REG-V1_online.xlsx#xl/worksheets/sheet5.xml:D; literal=PH1/literal_cells.csv; formulas=PH1/formula_patterns_and_dependencies.json,false,실행시점 online XLSX + native 8행 관측; 원본 내용 이관 아님,PH1 상세 설계 초안 · 온라인 작성/이관/운영 시험 미실행,미실행,미실행,명세 정적 coverage만 확인; 운영 시험 아님
REG-V1,1EACdRIiAPGk4LAbttpXZiJd_cuqIh-cVi4jQsbfmqDw,107402225,04 종교 마스터,E,REG-V1:107402225:E,상위 종교 ID,string,input,직접 입력. 해당 마스터/사전 시트에서 부여한 영구 ID를 입력합니다. 한 번 사용한 ID는 재번호화하지 않습니다.,MAP-005,"[{""file_code"":""C00"",""table"":""종교분류"",""field"":""parent_religion_id"",""role"":""input"",""rule"":""원문·기존 ID·값 상태·설정 상태·근거·판본을 보존하고 확정 상태를 새로 추정하지 않음. legacy_locator를 이관레코드 관계로 연결."",""source_selector"":""all_data_rows""}]",원문·기존 ID·값 상태·설정 상태·근거·판본을 보존하고 확정 상태를 새로 추정하지 않음. legacy_locator를 이관레코드 관계로 연결.,C-02,T-004;T-009;T-013;T-012;T-042;T-043,PH0/REG-V1_online.xlsx#xl/worksheets/sheet5.xml:E; literal=PH1/literal_cells.csv; formulas=PH1/formula_patterns_and_dependencies.json,false,실행시점 online XLSX + native 8행 관측; 원본 내용 이관 아님,PH1 상세 설계 초안 · 온라인 작성/이관/운영 시험 미실행,미실행,미실행,명세 정적 coverage만 확인; 운영 시험 아님
REG-V1,1EACdRIiAPGk4LAbttpXZiJd_cuqIh-cVi4jQsbfmqDw,107402225,04 종교 마스터,F,REG-V1:107402225:F,상위 종교명,string,formula,자동 조회 열입니다. 직접 입력하지 않습니다. 대응하는 ID를 입력하면 마스터 시트의 한글명이 표시됩니다.,MAP-005,"[{""file_code"":""C00"",""table"":""종교분류"",""field"":""parent_name"",""role"":""formula"",""rule"":""동일 C00 분류/출처를 ID로 조회하며 표시명을 수동 원본으로 두지 않음."",""source_selector"":""all_data_rows""}]",원문·기존 ID·값 상태·설정 상태·근거·판본을 보존하고 확정 상태를 새로 추정하지 않음. legacy_locator를 이관레코드 관계로 연결.,C-02,T-004;T-009;T-013;T-012;T-042;T-043,PH0/REG-V1_online.xlsx#xl/worksheets/sheet5.xml:F; literal=PH1/literal_cells.csv; formulas=PH1/formula_patterns_and_dependencies.json,false,실행시점 online XLSX + native 8행 관측; 원본 내용 이관 아님,PH1 상세 설계 초안 · 온라인 작성/이관/운영 시험 미실행,미실행,미실행,명세 정적 coverage만 확인; 운영 시험 아님
REG-V1,1EACdRIiAPGk4LAbttpXZiJd_cuqIh-cVi4jQsbfmqDw,107402225,04 종교 마스터,G,REG-V1:107402225:G,적용 시작,string,input,직접 입력. 세계관 기준으로 사실/관계가 시작되는 시점을 기록합니다. 기간은 시작 시점을 포함하는 방식으로 사용합니다.,MAP-005,"[{""file_code"":""C00"",""table"":""종교분류"",""field"":""start_raw"",""role"":""input"",""rule"":""원문·기존 ID·값 상태·설정 상태·근거·판본을 보존하고 확정 상태를 새로 추정하지 않음. legacy_locator를 이관레코드 관계로 연결. 원문 날짜를 먼저 보존하고 파싱이 확실한 구성만 날짜필드로 구조화. 시작/종료연도 창작 금지."",""source_selector"":""all_data_rows""}]",원문·기존 ID·값 상태·설정 상태·근거·판본을 보존하고 확정 상태를 새로 추정하지 않음. legacy_locator를 이관레코드 관계로 연결.,C-02,T-004;T-009;T-013;T-012;T-042;T-043,PH0/REG-V1_online.xlsx#xl/worksheets/sheet5.xml:G; literal=PH1/literal_cells.csv; formulas=PH1/formula_patterns_and_dependencies.json,false,실행시점 online XLSX + native 8행 관측; 원본 내용 이관 아님,PH1 상세 설계 초안 · 온라인 작성/이관/운영 시험 미실행,미실행,미실행,명세 정적 coverage만 확인; 운영 시험 아님
REG-V1,1EACdRIiAPGk4LAbttpXZiJd_cuqIh-cVi4jQsbfmqDw,107402225,04 종교 마스터,H,REG-V1:107402225:H,적용 종료,string,input,직접 입력. 세계관 기준으로 사실/관계가 끝나는 시점을 기록합니다. 권장 규칙은 시작 포함·종료 제외입니다. 지속 중/종료 미상은 별도 상태 열로 구분합니다.,MAP-005,"[{""file_code"":""C00"",""table"":""종교분류"",""field"":""end_raw"",""role"":""input"",""rule"":""원문·기존 ID·값 상태·설정 상태·근거·판본을 보존하고 확정 상태를 새로 추정하지 않음. legacy_locator를 이관레코드 관계로 연결. 원문 날짜를 먼저 보존하고 파싱이 확실한 구성만 날짜필드로 구조화. 시작/종료연도 창작 금지."",""source_selector"":""all_data_rows""}]",원문·기존 ID·값 상태·설정 상태·근거·판본을 보존하고 확정 상태를 새로 추정하지 않음. legacy_locator를 이관레코드 관계로 연결.,C-02,T-004;T-009;T-013;T-012;T-042;T-043,PH0/REG-V1_online.xlsx#xl/worksheets/sheet5.xml:H; literal=PH1/literal_cells.csv; formulas=PH1/formula_patterns_and_dependencies.json,false,실행시점 online XLSX + native 8행 관측; 원본 내용 이관 아님,PH1 상세 설계 초안 · 온라인 작성/이관/운영 시험 미실행,미실행,미실행,명세 정적 coverage만 확인; 운영 시험 아님
REG-V1,1EACdRIiAPGk4LAbttpXZiJd_cuqIh-cVi4jQsbfmqDw,107402225,04 종교 마스터,I,REG-V1:107402225:I,정의/교리 개요,string,input,직접 입력. 종교/종파의 정의와 핵심 교리를 간결하게 기록합니다.,MAP-005,"[{""file_code"":""C00"",""table"":""종교분류"",""field"":""definition"",""role"":""input"",""rule"":""원문·기존 ID·값 상태·설정 상태·근거·판본을 보존하고 확정 상태를 새로 추정하지 않음. legacy_locator를 이관레코드 관계로 연결."",""source_selector"":""all_data_rows""}]",원문·기존 ID·값 상태·설정 상태·근거·판본을 보존하고 확정 상태를 새로 추정하지 않음. legacy_locator를 이관레코드 관계로 연결.,C-02,T-004;T-009;T-013;T-012;T-042;T-043,PH0/REG-V1_online.xlsx#xl/worksheets/sheet5.xml:I; literal=PH1/literal_cells.csv; formulas=PH1/formula_patterns_and_dependencies.json,false,실행시점 online XLSX + native 8행 관측; 원본 내용 이관 아님,PH1 상세 설계 초안 · 온라인 작성/이관/운영 시험 미실행,미실행,미실행,명세 정적 coverage만 확인; 운영 시험 아님
REG-V1,1EACdRIiAPGk4LAbttpXZiJd_cuqIh-cVi4jQsbfmqDw,107402225,04 종교 마스터,J,REG-V1:107402225:J,복수 신앙 허용,string,input,드롭다운 선택. 한 사람이 복수/혼합 신앙으로 분류될 수 있는지 기록합니다.,MAP-005,"[{""file_code"":""C00"",""table"":""종교분류"",""field"":""multiple_faith_allowed"",""role"":""input"",""rule"":""원문·기존 ID·값 상태·설정 상태·근거·판본을 보존하고 확정 상태를 새로 추정하지 않음. legacy_locator를 이관레코드 관계로 연결. TRUE/FALSE/미입력을 구별하고 기본 FALSE를 실제 판정으로 세지 않음."",""source_selector"":""all_data_rows""}]",원문·기존 ID·값 상태·설정 상태·근거·판본을 보존하고 확정 상태를 새로 추정하지 않음. legacy_locator를 이관레코드 관계로 연결.,C-02,T-004;T-009;T-013;T-012;T-042;T-043,PH0/REG-V1_online.xlsx#xl/worksheets/sheet5.xml:J; literal=PH1/literal_cells.csv; formulas=PH1/formula_patterns_and_dependencies.json,false,실행시점 online XLSX + native 8행 관측; 원본 내용 이관 아님,PH1 상세 설계 초안 · 온라인 작성/이관/운영 시험 미실행,미실행,미실행,명세 정적 coverage만 확인; 운영 시험 아님
REG-V1,1EACdRIiAPGk4LAbttpXZiJd_cuqIh-cVi4jQsbfmqDw,107402225,04 종교 마스터,K,REG-V1:107402225:K,상태,string,input,드롭다운에서 현재 승인 상태를 선택합니다. 확정/초안/검토 필요/폐기 등의 의미를 구분해 사용합니다.,MAP-005,"[{""file_code"":""C00"",""table"":""종교분류"",""field"":""setting_status"",""role"":""input"",""rule"":""원문·기존 ID·값 상태·설정 상태·근거·판본을 보존하고 확정 상태를 새로 추정하지 않음. legacy_locator를 이관레코드 관계로 연결."",""source_selector"":""all_data_rows""}]",원문·기존 ID·값 상태·설정 상태·근거·판본을 보존하고 확정 상태를 새로 추정하지 않음. legacy_locator를 이관레코드 관계로 연결.,C-02,T-004;T-009;T-013;T-012;T-042;T-043,PH0/REG-V1_online.xlsx#xl/worksheets/sheet5.xml:K; literal=PH1/literal_cells.csv; formulas=PH1/formula_patterns_and_dependencies.json,false,실행시점 online XLSX + native 8행 관측; 원본 내용 이관 아님,PH1 상세 설계 초안 · 온라인 작성/이관/운영 시험 미실행,미실행,미실행,명세 정적 coverage만 확인; 운영 시험 아님
REG-V1,1EACdRIiAPGk4LAbttpXZiJd_cuqIh-cVi4jQsbfmqDw,107402225,04 종교 마스터,L,REG-V1:107402225:L,출처 ID,string,display_review,직접 입력. 「90 출처」에서 부여한 출처 ID를 입력합니다. 옆 출처명은 자동 조회됩니다.,MAP-005,"[{""file_code"":""C00"",""table"":""종교분류"",""field"":""source_id"",""role"":""input"",""rule"":""원문·기존 ID·값 상태·설정 상태·근거·판본을 보존하고 확정 상태를 새로 추정하지 않음. legacy_locator를 이관레코드 관계로 연결."",""source_selector"":""all_data_rows""}]",원문·기존 ID·값 상태·설정 상태·근거·판본을 보존하고 확정 상태를 새로 추정하지 않음. legacy_locator를 이관레코드 관계로 연결.,C-02,T-004;T-009;T-013;T-012;T-042;T-043,PH0/REG-V1_online.xlsx#xl/worksheets/sheet5.xml:L; literal=PH1/literal_cells.csv; formulas=PH1/formula_patterns_and_dependencies.json,false,실행시점 online XLSX + native 8행 관측; 원본 내용 이관 아님,PH1 상세 설계 초안 · 온라인 작성/이관/운영 시험 미실행,미실행,미실행,명세 정적 coverage만 확인; 운영 시험 아님
REG-V1,1EACdRIiAPGk4LAbttpXZiJd_cuqIh-cVi4jQsbfmqDw,107402225,04 종교 마스터,M,REG-V1:107402225:M,출처명,string,formula,자동 조회 열입니다. 직접 입력하지 않습니다. 대응하는 ID를 입력하면 마스터 시트의 한글명이 표시됩니다.,MAP-005,"[{""file_code"":""C00"",""table"":""종교분류"",""field"":""source_name"",""role"":""formula"",""rule"":""동일 C00 분류/출처를 ID로 조회하며 표시명을 수동 원본으로 두지 않음."",""source_selector"":""all_data_rows""}]",원문·기존 ID·값 상태·설정 상태·근거·판본을 보존하고 확정 상태를 새로 추정하지 않음. legacy_locator를 이관레코드 관계로 연결.,C-02,T-004;T-009;T-013;T-012;T-042;T-043,PH0/REG-V1_online.xlsx#xl/worksheets/sheet5.xml:M; literal=PH1/literal_cells.csv; formulas=PH1/formula_patterns_and_dependencies.json,false,실행시점 online XLSX + native 8행 관측; 원본 내용 이관 아님,PH1 상세 설계 초안 · 온라인 작성/이관/운영 시험 미실행,미실행,미실행,명세 정적 coverage만 확인; 운영 시험 아님
REG-V1,1EACdRIiAPGk4LAbttpXZiJd_cuqIh-cVi4jQsbfmqDw,413334864,05 언어 마스터,A,REG-V1:413334864:A,순서,"string,number",input,직접 입력. 사람이 보기 위한 정렬 순번입니다. 순서를 바꾸더라도 이미 부여한 ID는 재번호화하지 않습니다.,MAP-006,"[{""file_code"":""C00"",""table"":""언어분류"",""field"":""sort_order"",""role"":""input"",""rule"":""원문·기존 ID·값 상태·설정 상태·근거·판본을 보존하고 확정 상태를 새로 추정하지 않음. legacy_locator를 이관레코드 관계로 연결."",""source_selector"":""all_data_rows""}]",원문·기존 ID·값 상태·설정 상태·근거·판본을 보존하고 확정 상태를 새로 추정하지 않음. legacy_locator를 이관레코드 관계로 연결.,C-02,T-004;T-009;T-013;T-012;T-042;T-043,PH0/REG-V1_online.xlsx#xl/worksheets/sheet6.xml:A; literal=PH1/literal_cells.csv; formulas=PH1/formula_patterns_and_dependencies.json,false,실행시점 online XLSX + native 8행 관측; 원본 내용 이관 아님,PH1 상세 설계 초안 · 온라인 작성/이관/운영 시험 미실행,미실행,미실행,명세 정적 coverage만 확인; 운영 시험 아님
REG-V1,1EACdRIiAPGk4LAbttpXZiJd_cuqIh-cVi4jQsbfmqDw,413334864,05 언어 마스터,B,REG-V1:413334864:B,언어 ID,string,input,직접 입력. 해당 마스터/사전 시트에서 부여한 영구 ID를 입력합니다. 한 번 사용한 ID는 재번호화하지 않습니다.,MAP-006,"[{""file_code"":""C00"",""table"":""언어분류"",""field"":""language_id"",""role"":""input"",""rule"":""원문·기존 ID·값 상태·설정 상태·근거·판본을 보존하고 확정 상태를 새로 추정하지 않음. legacy_locator를 이관레코드 관계로 연결."",""source_selector"":""all_data_rows""}]",원문·기존 ID·값 상태·설정 상태·근거·판본을 보존하고 확정 상태를 새로 추정하지 않음. legacy_locator를 이관레코드 관계로 연결.,C-02,T-004;T-009;T-013;T-012;T-042;T-043,PH0/REG-V1_online.xlsx#xl/worksheets/sheet6.xml:B; literal=PH1/literal_cells.csv; formulas=PH1/formula_patterns_and_dependencies.json,false,실행시점 online XLSX + native 8행 관측; 원본 내용 이관 아님,PH1 상세 설계 초안 · 온라인 작성/이관/운영 시험 미실행,미실행,미실행,명세 정적 coverage만 확인; 운영 시험 아님
REG-V1,1EACdRIiAPGk4LAbttpXZiJd_cuqIh-cVi4jQsbfmqDw,413334864,05 언어 마스터,C,REG-V1:413334864:C,한글명,string,input,직접 입력. 공식 한글 표기명을 기록합니다. 개명 시 ID는 유지하고 이름만 수정합니다.,MAP-006,"[{""file_code"":""C00"",""table"":""언어분류"",""field"":""name_ko"",""role"":""input"",""rule"":""원문·기존 ID·값 상태·설정 상태·근거·판본을 보존하고 확정 상태를 새로 추정하지 않음. legacy_locator를 이관레코드 관계로 연결."",""source_selector"":""all_data_rows""}]",원문·기존 ID·값 상태·설정 상태·근거·판본을 보존하고 확정 상태를 새로 추정하지 않음. legacy_locator를 이관레코드 관계로 연결.,C-02,T-004;T-009;T-013;T-012;T-042;T-043,PH0/REG-V1_online.xlsx#xl/worksheets/sheet6.xml:C; literal=PH1/literal_cells.csv; formulas=PH1/formula_patterns_and_dependencies.json,false,실행시점 online XLSX + native 8행 관측; 원본 내용 이관 아님,PH1 상세 설계 초안 · 온라인 작성/이관/운영 시험 미실행,미실행,미실행,명세 정적 coverage만 확인; 운영 시험 아님
REG-V1,1EACdRIiAPGk4LAbttpXZiJd_cuqIh-cVi4jQsbfmqDw,413334864,05 언어 마스터,D,REG-V1:413334864:D,로마자/원어명,string,input,직접 입력. 해당 항목의 공식 로마자/원어/엘룬 표기를 기록합니다. 표기 규칙이 개정되면 ID는 유지합니다.,MAP-006,"[{""file_code"":""C00"",""table"":""언어분류"",""field"":""name_original"",""role"":""input"",""rule"":""원문·기존 ID·값 상태·설정 상태·근거·판본을 보존하고 확정 상태를 새로 추정하지 않음. legacy_locator를 이관레코드 관계로 연결."",""source_selector"":""all_data_rows""}]",원문·기존 ID·값 상태·설정 상태·근거·판본을 보존하고 확정 상태를 새로 추정하지 않음. legacy_locator를 이관레코드 관계로 연결.,C-02,T-004;T-009;T-013;T-012;T-042;T-043,PH0/REG-V1_online.xlsx#xl/worksheets/sheet6.xml:D; literal=PH1/literal_cells.csv; formulas=PH1/formula_patterns_and_dependencies.json,false,실행시점 online XLSX + native 8행 관측; 원본 내용 이관 아님,PH1 상세 설계 초안 · 온라인 작성/이관/운영 시험 미실행,미실행,미실행,명세 정적 coverage만 확인; 운영 시험 아님
REG-V1,1EACdRIiAPGk4LAbttpXZiJd_cuqIh-cVi4jQsbfmqDw,413334864,05 언어 마스터,E,REG-V1:413334864:E,상위 언어 ID,string,input,직접 입력. 해당 마스터/사전 시트에서 부여한 영구 ID를 입력합니다. 한 번 사용한 ID는 재번호화하지 않습니다.,MAP-006,"[{""file_code"":""C00"",""table"":""언어분류"",""field"":""parent_language_id"",""role"":""input"",""rule"":""원문·기존 ID·값 상태·설정 상태·근거·판본을 보존하고 확정 상태를 새로 추정하지 않음. legacy_locator를 이관레코드 관계로 연결."",""source_selector"":""all_data_rows""}]",원문·기존 ID·값 상태·설정 상태·근거·판본을 보존하고 확정 상태를 새로 추정하지 않음. legacy_locator를 이관레코드 관계로 연결.,C-02,T-004;T-009;T-013;T-012;T-042;T-043,PH0/REG-V1_online.xlsx#xl/worksheets/sheet6.xml:E; literal=PH1/literal_cells.csv; formulas=PH1/formula_patterns_and_dependencies.json,false,실행시점 online XLSX + native 8행 관측; 원본 내용 이관 아님,PH1 상세 설계 초안 · 온라인 작성/이관/운영 시험 미실행,미실행,미실행,명세 정적 coverage만 확인; 운영 시험 아님
REG-V1,1EACdRIiAPGk4LAbttpXZiJd_cuqIh-cVi4jQsbfmqDw,413334864,05 언어 마스터,F,REG-V1:413334864:F,상위 언어명,string,formula,자동 조회 열입니다. 직접 입력하지 않습니다. 대응하는 ID를 입력하면 마스터 시트의 한글명이 표시됩니다.,MAP-006,"[{""file_code"":""C00"",""table"":""언어분류"",""field"":""parent_name"",""role"":""formula"",""rule"":""동일 C00 분류/출처를 ID로 조회하며 표시명을 수동 원본으로 두지 않음."",""source_selector"":""all_data_rows""}]",원문·기존 ID·값 상태·설정 상태·근거·판본을 보존하고 확정 상태를 새로 추정하지 않음. legacy_locator를 이관레코드 관계로 연결.,C-02,T-004;T-009;T-013;T-012;T-042;T-043,PH0/REG-V1_online.xlsx#xl/worksheets/sheet6.xml:F; literal=PH1/literal_cells.csv; formulas=PH1/formula_patterns_and_dependencies.json,false,실행시점 online XLSX + native 8행 관측; 원본 내용 이관 아님,PH1 상세 설계 초안 · 온라인 작성/이관/운영 시험 미실행,미실행,미실행,명세 정적 coverage만 확인; 운영 시험 아님
REG-V1,1EACdRIiAPGk4LAbttpXZiJd_cuqIh-cVi4jQsbfmqDw,413334864,05 언어 마스터,G,REG-V1:413334864:G,문자 체계,string,input,직접 입력. 해당 언어가 사용하는 문자 체계와 필요하면 시대별 변형을 기록합니다.,MAP-006,"[{""file_code"":""C00"",""table"":""언어분류"",""field"":""script_system"",""role"":""input"",""rule"":""원문·기존 ID·값 상태·설정 상태·근거·판본을 보존하고 확정 상태를 새로 추정하지 않음. legacy_locator를 이관레코드 관계로 연결."",""source_selector"":""all_data_rows""}]",원문·기존 ID·값 상태·설정 상태·근거·판본을 보존하고 확정 상태를 새로 추정하지 않음. legacy_locator를 이관레코드 관계로 연결.,C-02,T-004;T-009;T-013;T-012;T-042;T-043,PH0/REG-V1_online.xlsx#xl/worksheets/sheet6.xml:G; literal=PH1/literal_cells.csv; formulas=PH1/formula_patterns_and_dependencies.json,false,실행시점 online XLSX + native 8행 관측; 원본 내용 이관 아님,PH1 상세 설계 초안 · 온라인 작성/이관/운영 시험 미실행,미실행,미실행,명세 정적 coverage만 확인; 운영 시험 아님
REG-V1,1EACdRIiAPGk4LAbttpXZiJd_cuqIh-cVi4jQsbfmqDw,413334864,05 언어 마스터,H,REG-V1:413334864:H,적용 시작,string,input,직접 입력. 세계관 기준으로 사실/관계가 시작되는 시점을 기록합니다. 기간은 시작 시점을 포함하는 방식으로 사용합니다.,MAP-006,"[{""file_code"":""C00"",""table"":""언어분류"",""field"":""start_raw"",""role"":""input"",""rule"":""원문·기존 ID·값 상태·설정 상태·근거·판본을 보존하고 확정 상태를 새로 추정하지 않음. legacy_locator를 이관레코드 관계로 연결. 원문 날짜를 먼저 보존하고 파싱이 확실한 구성만 날짜필드로 구조화. 시작/종료연도 창작 금지."",""source_selector"":""all_data_rows""}]",원문·기존 ID·값 상태·설정 상태·근거·판본을 보존하고 확정 상태를 새로 추정하지 않음. legacy_locator를 이관레코드 관계로 연결.,C-02,T-004;T-009;T-013;T-012;T-042;T-043,PH0/REG-V1_online.xlsx#xl/worksheets/sheet6.xml:H; literal=PH1/literal_cells.csv; formulas=PH1/formula_patterns_and_dependencies.json,false,실행시점 online XLSX + native 8행 관측; 원본 내용 이관 아님,PH1 상세 설계 초안 · 온라인 작성/이관/운영 시험 미실행,미실행,미실행,명세 정적 coverage만 확인; 운영 시험 아님
REG-V1,1EACdRIiAPGk4LAbttpXZiJd_cuqIh-cVi4jQsbfmqDw,413334864,05 언어 마스터,I,REG-V1:413334864:I,적용 종료,string,input,직접 입력. 세계관 기준으로 사실/관계가 끝나는 시점을 기록합니다. 권장 규칙은 시작 포함·종료 제외입니다. 지속 중/종료 미상은 별도 상태 열로 구분합니다.,MAP-006,"[{""file_code"":""C00"",""table"":""언어분류"",""field"":""end_raw"",""role"":""input"",""rule"":""원문·기존 ID·값 상태·설정 상태·근거·판본을 보존하고 확정 상태를 새로 추정하지 않음. legacy_locator를 이관레코드 관계로 연결. 원문 날짜를 먼저 보존하고 파싱이 확실한 구성만 날짜필드로 구조화. 시작/종료연도 창작 금지."",""source_selector"":""all_data_rows""}]",원문·기존 ID·값 상태·설정 상태·근거·판본을 보존하고 확정 상태를 새로 추정하지 않음. legacy_locator를 이관레코드 관계로 연결.,C-02,T-004;T-009;T-013;T-012;T-042;T-043,PH0/REG-V1_online.xlsx#xl/worksheets/sheet6.xml:I; literal=PH1/literal_cells.csv; formulas=PH1/formula_patterns_and_dependencies.json,false,실행시점 online XLSX + native 8행 관측; 원본 내용 이관 아님,PH1 상세 설계 초안 · 온라인 작성/이관/운영 시험 미실행,미실행,미실행,명세 정적 coverage만 확인; 운영 시험 아님
REG-V1,1EACdRIiAPGk4LAbttpXZiJd_cuqIh-cVi4jQsbfmqDw,413334864,05 언어 마스터,J,REG-V1:413334864:J,정의/계통,string,input,직접 입력. 언어의 정의·계통·관련 언어 관계를 기록합니다.,MAP-006,"[{""file_code"":""C00"",""table"":""언어분류"",""field"":""definition"",""role"":""input"",""rule"":""원문·기존 ID·값 상태·설정 상태·근거·판본을 보존하고 확정 상태를 새로 추정하지 않음. legacy_locator를 이관레코드 관계로 연결."",""source_selector"":""all_data_rows""}]",원문·기존 ID·값 상태·설정 상태·근거·판본을 보존하고 확정 상태를 새로 추정하지 않음. legacy_locator를 이관레코드 관계로 연결.,C-02,T-004;T-009;T-013;T-012;T-042;T-043,PH0/REG-V1_online.xlsx#xl/worksheets/sheet6.xml:J; literal=PH1/literal_cells.csv; formulas=PH1/formula_patterns_and_dependencies.json,false,실행시점 online XLSX + native 8행 관측; 원본 내용 이관 아님,PH1 상세 설계 초안 · 온라인 작성/이관/운영 시험 미실행,미실행,미실행,명세 정적 coverage만 확인; 운영 시험 아님
REG-V1,1EACdRIiAPGk4LAbttpXZiJd_cuqIh-cVi4jQsbfmqDw,413334864,05 언어 마스터,K,REG-V1:413334864:K,상태,string,input,드롭다운에서 현재 승인 상태를 선택합니다. 확정/초안/검토 필요/폐기 등의 의미를 구분해 사용합니다.,MAP-006,"[{""file_code"":""C00"",""table"":""언어분류"",""field"":""setting_status"",""role"":""input"",""rule"":""원문·기존 ID·값 상태·설정 상태·근거·판본을 보존하고 확정 상태를 새로 추정하지 않음. legacy_locator를 이관레코드 관계로 연결."",""source_selector"":""all_data_rows""}]",원문·기존 ID·값 상태·설정 상태·근거·판본을 보존하고 확정 상태를 새로 추정하지 않음. legacy_locator를 이관레코드 관계로 연결.,C-02,T-004;T-009;T-013;T-012;T-042;T-043,PH0/REG-V1_online.xlsx#xl/worksheets/sheet6.xml:K; literal=PH1/literal_cells.csv; formulas=PH1/formula_patterns_and_dependencies.json,false,실행시점 online XLSX + native 8행 관측; 원본 내용 이관 아님,PH1 상세 설계 초안 · 온라인 작성/이관/운영 시험 미실행,미실행,미실행,명세 정적 coverage만 확인; 운영 시험 아님
REG-V1,1EACdRIiAPGk4LAbttpXZiJd_cuqIh-cVi4jQsbfmqDw,413334864,05 언어 마스터,L,REG-V1:413334864:L,출처 ID,string,display_review,직접 입력. 「90 출처」에서 부여한 출처 ID를 입력합니다. 옆 출처명은 자동 조회됩니다.,MAP-006,"[{""file_code"":""C00"",""table"":""언어분류"",""field"":""source_id"",""role"":""input"",""rule"":""원문·기존 ID·값 상태·설정 상태·근거·판본을 보존하고 확정 상태를 새로 추정하지 않음. legacy_locator를 이관레코드 관계로 연결."",""source_selector"":""all_data_rows""}]",원문·기존 ID·값 상태·설정 상태·근거·판본을 보존하고 확정 상태를 새로 추정하지 않음. legacy_locator를 이관레코드 관계로 연결.,C-02,T-004;T-009;T-013;T-012;T-042;T-043,PH0/REG-V1_online.xlsx#xl/worksheets/sheet6.xml:L; literal=PH1/literal_cells.csv; formulas=PH1/formula_patterns_and_dependencies.json,false,실행시점 online XLSX + native 8행 관측; 원본 내용 이관 아님,PH1 상세 설계 초안 · 온라인 작성/이관/운영 시험 미실행,미실행,미실행,명세 정적 coverage만 확인; 운영 시험 아님
REG-V1,1EACdRIiAPGk4LAbttpXZiJd_cuqIh-cVi4jQsbfmqDw,413334864,05 언어 마스터,M,REG-V1:413334864:M,출처명,string,formula,자동 조회 열입니다. 직접 입력하지 않습니다. 대응하는 ID를 입력하면 마스터 시트의 한글명이 표시됩니다.,MAP-006,"[{""file_code"":""C00"",""table"":""언어분류"",""field"":""source_name"",""role"":""formula"",""rule"":""동일 C00 분류/출처를 ID로 조회하며 표시명을 수동 원본으로 두지 않음."",""source_selector"":""all_data_rows""}]",원문·기존 ID·값 상태·설정 상태·근거·판본을 보존하고 확정 상태를 새로 추정하지 않음. legacy_locator를 이관레코드 관계로 연결.,C-02,T-004;T-009;T-013;T-012;T-042;T-043,PH0/REG-V1_online.xlsx#xl/worksheets/sheet6.xml:M; literal=PH1/literal_cells.csv; formulas=PH1/formula_patterns_and_dependencies.json,false,실행시점 online XLSX + native 8행 관측; 원본 내용 이관 아님,PH1 상세 설계 초안 · 온라인 작성/이관/운영 시험 미실행,미실행,미실행,명세 정적 coverage만 확인; 운영 시험 아님
REG-V1,1EACdRIiAPGk4LAbttpXZiJd_cuqIh-cVi4jQsbfmqDw,2060259922,06 종족 마스터,A,REG-V1:2060259922:A,순서,string,input,직접 입력. 사람이 보기 위한 정렬 순번입니다. 순서를 바꾸더라도 이미 부여한 ID는 재번호화하지 않습니다.,MAP-007,"[{""file_code"":""C00"",""table"":""집단분류"",""field"":""sort_order"",""role"":""input"",""rule"":""원문·기존 ID·값 상태·설정 상태·근거·판본을 보존하고 확정 상태를 새로 추정하지 않음. legacy_locator를 이관레코드 관계로 연결."",""source_selector"":""all_data_rows""}]",원문·기존 ID·값 상태·설정 상태·근거·판본을 보존하고 확정 상태를 새로 추정하지 않음. legacy_locator를 이관레코드 관계로 연결.,C-02,T-004;T-009;T-013;T-012;T-042;T-043,PH0/REG-V1_online.xlsx#xl/worksheets/sheet7.xml:A; literal=PH1/literal_cells.csv; formulas=PH1/formula_patterns_and_dependencies.json,false,실행시점 online XLSX + native 8행 관측; 원본 내용 이관 아님,PH1 상세 설계 초안 · 온라인 작성/이관/운영 시험 미실행,미실행,미실행,명세 정적 coverage만 확인; 운영 시험 아님
REG-V1,1EACdRIiAPGk4LAbttpXZiJd_cuqIh-cVi4jQsbfmqDw,2060259922,06 종족 마스터,B,REG-V1:2060259922:B,집단 ID,string,input,직접 입력. 해당 마스터/사전 시트에서 부여한 영구 ID를 입력합니다. 한 번 사용한 ID는 재번호화하지 않습니다.,MAP-007,"[{""file_code"":""C00"",""table"":""집단분류"",""field"":""group_id"",""role"":""input"",""rule"":""원문·기존 ID·값 상태·설정 상태·근거·판본을 보존하고 확정 상태를 새로 추정하지 않음. legacy_locator를 이관레코드 관계로 연결."",""source_selector"":""all_data_rows""}]",원문·기존 ID·값 상태·설정 상태·근거·판본을 보존하고 확정 상태를 새로 추정하지 않음. legacy_locator를 이관레코드 관계로 연결.,C-02,T-004;T-009;T-013;T-012;T-042;T-043,PH0/REG-V1_online.xlsx#xl/worksheets/sheet7.xml:B; literal=PH1/literal_cells.csv; formulas=PH1/formula_patterns_and_dependencies.json,false,실행시점 online XLSX + native 8행 관측; 원본 내용 이관 아님,PH1 상세 설계 초안 · 온라인 작성/이관/운영 시험 미실행,미실행,미실행,명세 정적 coverage만 확인; 운영 시험 아님
REG-V1,1EACdRIiAPGk4LAbttpXZiJd_cuqIh-cVi4jQsbfmqDw,2060259922,06 종족 마스터,C,REG-V1:2060259922:C,한글명,string,input,직접 입력. 공식 한글 표기명을 기록합니다. 개명 시 ID는 유지하고 이름만 수정합니다.,MAP-007,"[{""file_code"":""C00"",""table"":""집단분류"",""field"":""name_ko"",""role"":""input"",""rule"":""원문·기존 ID·값 상태·설정 상태·근거·판본을 보존하고 확정 상태를 새로 추정하지 않음. legacy_locator를 이관레코드 관계로 연결."",""source_selector"":""all_data_rows""}]",원문·기존 ID·값 상태·설정 상태·근거·판본을 보존하고 확정 상태를 새로 추정하지 않음. legacy_locator를 이관레코드 관계로 연결.,C-02,T-004;T-009;T-013;T-012;T-042;T-043,PH0/REG-V1_online.xlsx#xl/worksheets/sheet7.xml:C; literal=PH1/literal_cells.csv; formulas=PH1/formula_patterns_and_dependencies.json,false,실행시점 online XLSX + native 8행 관측; 원본 내용 이관 아님,PH1 상세 설계 초안 · 온라인 작성/이관/운영 시험 미실행,미실행,미실행,명세 정적 coverage만 확인; 운영 시험 아님
REG-V1,1EACdRIiAPGk4LAbttpXZiJd_cuqIh-cVi4jQsbfmqDw,2060259922,06 종족 마스터,D,REG-V1:2060259922:D,로마자/원어명,string,input,직접 입력. 해당 항목의 공식 로마자/원어/엘룬 표기를 기록합니다. 표기 규칙이 개정되면 ID는 유지합니다.,MAP-007,"[{""file_code"":""C00"",""table"":""집단분류"",""field"":""name_original"",""role"":""input"",""rule"":""원문·기존 ID·값 상태·설정 상태·근거·판본을 보존하고 확정 상태를 새로 추정하지 않음. legacy_locator를 이관레코드 관계로 연결."",""source_selector"":""all_data_rows""}]",원문·기존 ID·값 상태·설정 상태·근거·판본을 보존하고 확정 상태를 새로 추정하지 않음. legacy_locator를 이관레코드 관계로 연결.,C-02,T-004;T-009;T-013;T-012;T-042;T-043,PH0/REG-V1_online.xlsx#xl/worksheets/sheet7.xml:D; literal=PH1/literal_cells.csv; formulas=PH1/formula_patterns_and_dependencies.json,false,실행시점 online XLSX + native 8행 관측; 원본 내용 이관 아님,PH1 상세 설계 초안 · 온라인 작성/이관/운영 시험 미실행,미실행,미실행,명세 정적 coverage만 확인; 운영 시험 아님
REG-V1,1EACdRIiAPGk4LAbttpXZiJd_cuqIh-cVi4jQsbfmqDw,2060259922,06 종족 마스터,E,REG-V1:2060259922:E,분류 유형,string,input,드롭다운 선택. 생물학적 종족 / 인종 / 민족 / 기타 중 해당 유형을 기록합니다.,MAP-007,"[{""file_code"":""C00"",""table"":""집단분류"",""field"":""classification_axis"",""role"":""input"",""rule"":""원문·기존 ID·값 상태·설정 상태·근거·판본을 보존하고 확정 상태를 새로 추정하지 않음. legacy_locator를 이관레코드 관계로 연결."",""source_selector"":""all_data_rows""}]",원문·기존 ID·값 상태·설정 상태·근거·판본을 보존하고 확정 상태를 새로 추정하지 않음. legacy_locator를 이관레코드 관계로 연결.,C-02,T-004;T-009;T-013;T-012;T-042;T-043,PH0/REG-V1_online.xlsx#xl/worksheets/sheet7.xml:E; literal=PH1/literal_cells.csv; formulas=PH1/formula_patterns_and_dependencies.json,false,실행시점 online XLSX + native 8행 관측; 원본 내용 이관 아님,PH1 상세 설계 초안 · 온라인 작성/이관/운영 시험 미실행,미실행,미실행,명세 정적 coverage만 확인; 운영 시험 아님
REG-V1,1EACdRIiAPGk4LAbttpXZiJd_cuqIh-cVi4jQsbfmqDw,2060259922,06 종족 마스터,F,REG-V1:2060259922:F,상위 집단 ID,string,input,직접 입력. 해당 마스터/사전 시트에서 부여한 영구 ID를 입력합니다. 한 번 사용한 ID는 재번호화하지 않습니다.,MAP-007,"[{""file_code"":""C00"",""table"":""집단분류"",""field"":""parent_group_id"",""role"":""input"",""rule"":""원문·기존 ID·값 상태·설정 상태·근거·판본을 보존하고 확정 상태를 새로 추정하지 않음. legacy_locator를 이관레코드 관계로 연결."",""source_selector"":""all_data_rows""}]",원문·기존 ID·값 상태·설정 상태·근거·판본을 보존하고 확정 상태를 새로 추정하지 않음. legacy_locator를 이관레코드 관계로 연결.,C-02,T-004;T-009;T-013;T-012;T-042;T-043,PH0/REG-V1_online.xlsx#xl/worksheets/sheet7.xml:F; literal=PH1/literal_cells.csv; formulas=PH1/formula_patterns_and_dependencies.json,false,실행시점 online XLSX + native 8행 관측; 원본 내용 이관 아님,PH1 상세 설계 초안 · 온라인 작성/이관/운영 시험 미실행,미실행,미실행,명세 정적 coverage만 확인; 운영 시험 아님
REG-V1,1EACdRIiAPGk4LAbttpXZiJd_cuqIh-cVi4jQsbfmqDw,2060259922,06 종족 마스터,G,REG-V1:2060259922:G,상위 집단명,string,formula,자동 조회 열입니다. 직접 입력하지 않습니다. 대응하는 ID를 입력하면 마스터 시트의 한글명이 표시됩니다.,MAP-007,"[{""file_code"":""C00"",""table"":""집단분류"",""field"":""parent_name"",""role"":""formula"",""rule"":""동일 C00 분류/출처를 ID로 조회하며 표시명을 수동 원본으로 두지 않음."",""source_selector"":""all_data_rows""}]",원문·기존 ID·값 상태·설정 상태·근거·판본을 보존하고 확정 상태를 새로 추정하지 않음. legacy_locator를 이관레코드 관계로 연결.,C-02,T-004;T-009;T-013;T-012;T-042;T-043,PH0/REG-V1_online.xlsx#xl/worksheets/sheet7.xml:G; literal=PH1/literal_cells.csv; formulas=PH1/formula_patterns_and_dependencies.json,false,실행시점 online XLSX + native 8행 관측; 원본 내용 이관 아님,PH1 상세 설계 초안 · 온라인 작성/이관/운영 시험 미실행,미실행,미실행,명세 정적 coverage만 확인; 운영 시험 아님
REG-V1,1EACdRIiAPGk4LAbttpXZiJd_cuqIh-cVi4jQsbfmqDw,2060259922,06 종족 마스터,H,REG-V1:2060259922:H,적용 시작,string,input,직접 입력. 세계관 기준으로 사실/관계가 시작되는 시점을 기록합니다. 기간은 시작 시점을 포함하는 방식으로 사용합니다.,MAP-007,"[{""file_code"":""C00"",""table"":""집단분류"",""field"":""start_raw"",""role"":""input"",""rule"":""원문·기존 ID·값 상태·설정 상태·근거·판본을 보존하고 확정 상태를 새로 추정하지 않음. legacy_locator를 이관레코드 관계로 연결. 원문 날짜를 먼저 보존하고 파싱이 확실한 구성만 날짜필드로 구조화. 시작/종료연도 창작 금지."",""source_selector"":""all_data_rows""}]",원문·기존 ID·값 상태·설정 상태·근거·판본을 보존하고 확정 상태를 새로 추정하지 않음. legacy_locator를 이관레코드 관계로 연결.,C-02,T-004;T-009;T-013;T-012;T-042;T-043,PH0/REG-V1_online.xlsx#xl/worksheets/sheet7.xml:H; literal=PH1/literal_cells.csv; formulas=PH1/formula_patterns_and_dependencies.json,false,실행시점 online XLSX + native 8행 관측; 원본 내용 이관 아님,PH1 상세 설계 초안 · 온라인 작성/이관/운영 시험 미실행,미실행,미실행,명세 정적 coverage만 확인; 운영 시험 아님
REG-V1,1EACdRIiAPGk4LAbttpXZiJd_cuqIh-cVi4jQsbfmqDw,2060259922,06 종족 마스터,I,REG-V1:2060259922:I,적용 종료,string,input,직접 입력. 세계관 기준으로 사실/관계가 끝나는 시점을 기록합니다. 권장 규칙은 시작 포함·종료 제외입니다. 지속 중/종료 미상은 별도 상태 열로 구분합니다.,MAP-007,"[{""file_code"":""C00"",""table"":""집단분류"",""field"":""end_raw"",""role"":""input"",""rule"":""원문·기존 ID·값 상태·설정 상태·근거·판본을 보존하고 확정 상태를 새로 추정하지 않음. legacy_locator를 이관레코드 관계로 연결. 원문 날짜를 먼저 보존하고 파싱이 확실한 구성만 날짜필드로 구조화. 시작/종료연도 창작 금지."",""source_selector"":""all_data_rows""}]",원문·기존 ID·값 상태·설정 상태·근거·판본을 보존하고 확정 상태를 새로 추정하지 않음. legacy_locator를 이관레코드 관계로 연결.,C-02,T-004;T-009;T-013;T-012;T-042;T-043,PH0/REG-V1_online.xlsx#xl/worksheets/sheet7.xml:I; literal=PH1/literal_cells.csv; formulas=PH1/formula_patterns_and_dependencies.json,false,실행시점 online XLSX + native 8행 관측; 원본 내용 이관 아님,PH1 상세 설계 초안 · 온라인 작성/이관/운영 시험 미실행,미실행,미실행,명세 정적 coverage만 확인; 운영 시험 아님
REG-V1,1EACdRIiAPGk4LAbttpXZiJd_cuqIh-cVi4jQsbfmqDw,2060259922,06 종족 마스터,J,REG-V1:2060259922:J,정의/포함 범위,string,input,직접 입력. 이 분류가 무엇을 뜻하며 어디까지 포함하는지 기록합니다.,MAP-007,"[{""file_code"":""C00"",""table"":""집단분류"",""field"":""definition"",""role"":""input"",""rule"":""원문·기존 ID·값 상태·설정 상태·근거·판본을 보존하고 확정 상태를 새로 추정하지 않음. legacy_locator를 이관레코드 관계로 연결."",""source_selector"":""all_data_rows""}]",원문·기존 ID·값 상태·설정 상태·근거·판본을 보존하고 확정 상태를 새로 추정하지 않음. legacy_locator를 이관레코드 관계로 연결.,C-02,T-004;T-009;T-013;T-012;T-042;T-043,PH0/REG-V1_online.xlsx#xl/worksheets/sheet7.xml:J; literal=PH1/literal_cells.csv; formulas=PH1/formula_patterns_and_dependencies.json,false,실행시점 online XLSX + native 8행 관측; 원본 내용 이관 아님,PH1 상세 설계 초안 · 온라인 작성/이관/운영 시험 미실행,미실행,미실행,명세 정적 coverage만 확인; 운영 시험 아님
REG-V1,1EACdRIiAPGk4LAbttpXZiJd_cuqIh-cVi4jQsbfmqDw,2060259922,06 종족 마스터,K,REG-V1:2060259922:K,복수 정체성 허용,string,input,드롭다운 선택. 한 사람이 여러 민족·인종·종족 정체성을 동시에 가질 수 있는지 기록합니다.,MAP-007,"[{""file_code"":""C00"",""table"":""집단분류"",""field"":""multiple_identity_allowed"",""role"":""input"",""rule"":""원문·기존 ID·값 상태·설정 상태·근거·판본을 보존하고 확정 상태를 새로 추정하지 않음. legacy_locator를 이관레코드 관계로 연결. TRUE/FALSE/미입력을 구별하고 기본 FALSE를 실제 판정으로 세지 않음."",""source_selector"":""all_data_rows""}]",원문·기존 ID·값 상태·설정 상태·근거·판본을 보존하고 확정 상태를 새로 추정하지 않음. legacy_locator를 이관레코드 관계로 연결.,C-02,T-004;T-009;T-013;T-012;T-042;T-043,PH0/REG-V1_online.xlsx#xl/worksheets/sheet7.xml:K; literal=PH1/literal_cells.csv; formulas=PH1/formula_patterns_and_dependencies.json,false,실행시점 online XLSX + native 8행 관측; 원본 내용 이관 아님,PH1 상세 설계 초안 · 온라인 작성/이관/운영 시험 미실행,미실행,미실행,명세 정적 coverage만 확인; 운영 시험 아님
REG-V1,1EACdRIiAPGk4LAbttpXZiJd_cuqIh-cVi4jQsbfmqDw,2060259922,06 종족 마스터,L,REG-V1:2060259922:L,상태,string,input,드롭다운에서 현재 승인 상태를 선택합니다. 확정/초안/검토 필요/폐기 등의 의미를 구분해 사용합니다.,MAP-007,"[{""file_code"":""C00"",""table"":""집단분류"",""field"":""setting_status"",""role"":""input"",""rule"":""원문·기존 ID·값 상태·설정 상태·근거·판본을 보존하고 확정 상태를 새로 추정하지 않음. legacy_locator를 이관레코드 관계로 연결."",""source_selector"":""all_data_rows""}]",원문·기존 ID·값 상태·설정 상태·근거·판본을 보존하고 확정 상태를 새로 추정하지 않음. legacy_locator를 이관레코드 관계로 연결.,C-02,T-004;T-009;T-013;T-012;T-042;T-043,PH0/REG-V1_online.xlsx#xl/worksheets/sheet7.xml:L; literal=PH1/literal_cells.csv; formulas=PH1/formula_patterns_and_dependencies.json,false,실행시점 online XLSX + native 8행 관측; 원본 내용 이관 아님,PH1 상세 설계 초안 · 온라인 작성/이관/운영 시험 미실행,미실행,미실행,명세 정적 coverage만 확인; 운영 시험 아님
REG-V1,1EACdRIiAPGk4LAbttpXZiJd_cuqIh-cVi4jQsbfmqDw,2060259922,06 종족 마스터,M,REG-V1:2060259922:M,출처 ID,string,display_review,직접 입력. 「90 출처」에서 부여한 출처 ID를 입력합니다. 옆 출처명은 자동 조회됩니다.,MAP-007,"[{""file_code"":""C00"",""table"":""집단분류"",""field"":""source_id"",""role"":""input"",""rule"":""원문·기존 ID·값 상태·설정 상태·근거·판본을 보존하고 확정 상태를 새로 추정하지 않음. legacy_locator를 이관레코드 관계로 연결."",""source_selector"":""all_data_rows""}]",원문·기존 ID·값 상태·설정 상태·근거·판본을 보존하고 확정 상태를 새로 추정하지 않음. legacy_locator를 이관레코드 관계로 연결.,C-02,T-004;T-009;T-013;T-012;T-042;T-043,PH0/REG-V1_online.xlsx#xl/worksheets/sheet7.xml:M; literal=PH1/literal_cells.csv; formulas=PH1/formula_patterns_and_dependencies.json,false,실행시점 online XLSX + native 8행 관측; 원본 내용 이관 아님,PH1 상세 설계 초안 · 온라인 작성/이관/운영 시험 미실행,미실행,미실행,명세 정적 coverage만 확인; 운영 시험 아님
REG-V1,1EACdRIiAPGk4LAbttpXZiJd_cuqIh-cVi4jQsbfmqDw,2060259922,06 종족 마스터,N,REG-V1:2060259922:N,출처명,string,formula,자동 조회 열입니다. 직접 입력하지 않습니다. 대응하는 ID를 입력하면 마스터 시트의 한글명이 표시됩니다.,MAP-007,"[{""file_code"":""C00"",""table"":""집단분류"",""field"":""source_name"",""role"":""formula"",""rule"":""동일 C00 분류/출처를 ID로 조회하며 표시명을 수동 원본으로 두지 않음."",""source_selector"":""all_data_rows""}]",원문·기존 ID·값 상태·설정 상태·근거·판본을 보존하고 확정 상태를 새로 추정하지 않음. legacy_locator를 이관레코드 관계로 연결.,C-02,T-004;T-009;T-013;T-012;T-042;T-043,PH0/REG-V1_online.xlsx#xl/worksheets/sheet7.xml:N; literal=PH1/literal_cells.csv; formulas=PH1/formula_patterns_and_dependencies.json,false,실행시점 online XLSX + native 8행 관측; 원본 내용 이관 아님,PH1 상세 설계 초안 · 온라인 작성/이관/운영 시험 미실행,미실행,미실행,명세 정적 coverage만 확인; 운영 시험 아님
REG-V1,1EACdRIiAPGk4LAbttpXZiJd_cuqIh-cVi4jQsbfmqDw,242559508,07 자원 마스터,A,REG-V1:242559508:A,순서,string,input,직접 입력. 사람이 보기 위한 정렬 순번입니다. 순서를 바꾸더라도 이미 부여한 ID는 재번호화하지 않습니다.,MAP-008,"[{""file_code"":""C00"",""table"":""자원분류"",""field"":""sort_order"",""role"":""input"",""rule"":""원문·기존 ID·값 상태·설정 상태·근거·판본을 보존하고 확정 상태를 새로 추정하지 않음. legacy_locator를 이관레코드 관계로 연결."",""source_selector"":""all_data_rows""}]",원문·기존 ID·값 상태·설정 상태·근거·판본을 보존하고 확정 상태를 새로 추정하지 않음. legacy_locator를 이관레코드 관계로 연결.,C-02,T-004;T-009;T-013;T-012;T-042;T-043,PH0/REG-V1_online.xlsx#xl/worksheets/sheet8.xml:A; literal=PH1/literal_cells.csv; formulas=PH1/formula_patterns_and_dependencies.json,false,실행시점 online XLSX + native 8행 관측; 원본 내용 이관 아님,PH1 상세 설계 초안 · 온라인 작성/이관/운영 시험 미실행,미실행,미실행,명세 정적 coverage만 확인; 운영 시험 아님
REG-V1,1EACdRIiAPGk4LAbttpXZiJd_cuqIh-cVi4jQsbfmqDw,242559508,07 자원 마스터,B,REG-V1:242559508:B,자원 ID,string,input,직접 입력. 해당 마스터/사전 시트에서 부여한 영구 ID를 입력합니다. 한 번 사용한 ID는 재번호화하지 않습니다.,MAP-008,"[{""file_code"":""C00"",""table"":""자원분류"",""field"":""resource_id"",""role"":""input"",""rule"":""원문·기존 ID·값 상태·설정 상태·근거·판본을 보존하고 확정 상태를 새로 추정하지 않음. legacy_locator를 이관레코드 관계로 연결."",""source_selector"":""all_data_rows""}]",원문·기존 ID·값 상태·설정 상태·근거·판본을 보존하고 확정 상태를 새로 추정하지 않음. legacy_locator를 이관레코드 관계로 연결.,C-02,T-004;T-009;T-013;T-012;T-042;T-043,PH0/REG-V1_online.xlsx#xl/worksheets/sheet8.xml:B; literal=PH1/literal_cells.csv; formulas=PH1/formula_patterns_and_dependencies.json,false,실행시점 online XLSX + native 8행 관측; 원본 내용 이관 아님,PH1 상세 설계 초안 · 온라인 작성/이관/운영 시험 미실행,미실행,미실행,명세 정적 coverage만 확인; 운영 시험 아님
REG-V1,1EACdRIiAPGk4LAbttpXZiJd_cuqIh-cVi4jQsbfmqDw,242559508,07 자원 마스터,C,REG-V1:242559508:C,자원명,string,display_review,자동 조회 열입니다. 직접 입력하지 않습니다. 대응하는 ID를 입력하면 마스터 시트의 한글명이 표시됩니다.,MAP-008,"[{""file_code"":""C00"",""table"":""자원분류"",""field"":""resource_name"",""role"":""input"",""rule"":""원문·기존 ID·값 상태·설정 상태·근거·판본을 보존하고 확정 상태를 새로 추정하지 않음. legacy_locator를 이관레코드 관계로 연결."",""source_selector"":""all_data_rows""}]",원문·기존 ID·값 상태·설정 상태·근거·판본을 보존하고 확정 상태를 새로 추정하지 않음. legacy_locator를 이관레코드 관계로 연결.,C-02,T-004;T-009;T-013;T-012;T-042;T-043,PH0/REG-V1_online.xlsx#xl/worksheets/sheet8.xml:C; literal=PH1/literal_cells.csv; formulas=PH1/formula_patterns_and_dependencies.json,false,실행시점 online XLSX + native 8행 관측; 원본 내용 이관 아님,PH1 상세 설계 초안 · 온라인 작성/이관/운영 시험 미실행,미실행,미실행,명세 정적 coverage만 확인; 운영 시험 아님
REG-V1,1EACdRIiAPGk4LAbttpXZiJd_cuqIh-cVi4jQsbfmqDw,242559508,07 자원 마스터,D,REG-V1:242559508:D,분류,string,input,직접 입력. 항목을 묶기 위한 분류명을 기록합니다.,MAP-008,"[{""file_code"":""C00"",""table"":""자원분류"",""field"":""resource_category"",""role"":""input"",""rule"":""원문·기존 ID·값 상태·설정 상태·근거·판본을 보존하고 확정 상태를 새로 추정하지 않음. legacy_locator를 이관레코드 관계로 연결."",""source_selector"":""all_data_rows""}]",원문·기존 ID·값 상태·설정 상태·근거·판본을 보존하고 확정 상태를 새로 추정하지 않음. legacy_locator를 이관레코드 관계로 연결.,C-02,T-004;T-009;T-013;T-012;T-042;T-043,PH0/REG-V1_online.xlsx#xl/worksheets/sheet8.xml:D; literal=PH1/literal_cells.csv; formulas=PH1/formula_patterns_and_dependencies.json,false,실행시점 online XLSX + native 8행 관측; 원본 내용 이관 아님,PH1 상세 설계 초안 · 온라인 작성/이관/운영 시험 미실행,미실행,미실행,명세 정적 coverage만 확인; 운영 시험 아님
REG-V1,1EACdRIiAPGk4LAbttpXZiJd_cuqIh-cVi4jQsbfmqDw,242559508,07 자원 마스터,E,REG-V1:242559508:E,기본 단위,string,input,직접 입력. 자원량 등을 기록할 때 기본으로 사용하는 단위를 적습니다.,MAP-008,"[{""file_code"":""C00"",""table"":""자원분류"",""field"":""default_unit"",""role"":""input"",""rule"":""원문·기존 ID·값 상태·설정 상태·근거·판본을 보존하고 확정 상태를 새로 추정하지 않음. legacy_locator를 이관레코드 관계로 연결."",""source_selector"":""all_data_rows""}]",원문·기존 ID·값 상태·설정 상태·근거·판본을 보존하고 확정 상태를 새로 추정하지 않음. legacy_locator를 이관레코드 관계로 연결.,C-02,T-004;T-009;T-013;T-012;T-042;T-043,PH0/REG-V1_online.xlsx#xl/worksheets/sheet8.xml:E; literal=PH1/literal_cells.csv; formulas=PH1/formula_patterns_and_dependencies.json,false,실행시점 online XLSX + native 8행 관측; 원본 내용 이관 아님,PH1 상세 설계 초안 · 온라인 작성/이관/운영 시험 미실행,미실행,미실행,명세 정적 coverage만 확인; 운영 시험 아님
REG-V1,1EACdRIiAPGk4LAbttpXZiJd_cuqIh-cVi4jQsbfmqDw,242559508,07 자원 마스터,F,REG-V1:242559508:F,설명,string,input,직접 입력. 이 항목의 의미·내용을 요약합니다. 장문 정본은 Obsidian 문서에 두고 여기에는 구조화에 필요한 설명을 적습니다.,MAP-008,"[{""file_code"":""C00"",""table"":""자원분류"",""field"":""description"",""role"":""input"",""rule"":""원문·기존 ID·값 상태·설정 상태·근거·판본을 보존하고 확정 상태를 새로 추정하지 않음. legacy_locator를 이관레코드 관계로 연결."",""source_selector"":""all_data_rows""}]",원문·기존 ID·값 상태·설정 상태·근거·판본을 보존하고 확정 상태를 새로 추정하지 않음. legacy_locator를 이관레코드 관계로 연결.,C-02,T-004;T-009;T-013;T-012;T-042;T-043,PH0/REG-V1_online.xlsx#xl/worksheets/sheet8.xml:F; literal=PH1/literal_cells.csv; formulas=PH1/formula_patterns_and_dependencies.json,false,실행시점 online XLSX + native 8행 관측; 원본 내용 이관 아님,PH1 상세 설계 초안 · 온라인 작성/이관/운영 시험 미실행,미실행,미실행,명세 정적 coverage만 확인; 운영 시험 아님
REG-V1,1EACdRIiAPGk4LAbttpXZiJd_cuqIh-cVi4jQsbfmqDw,242559508,07 자원 마스터,G,REG-V1:242559508:G,상태,string,input,드롭다운에서 현재 승인 상태를 선택합니다. 확정/초안/검토 필요/폐기 등의 의미를 구분해 사용합니다.,MAP-008,"[{""file_code"":""C00"",""table"":""자원분류"",""field"":""setting_status"",""role"":""input"",""rule"":""원문·기존 ID·값 상태·설정 상태·근거·판본을 보존하고 확정 상태를 새로 추정하지 않음. legacy_locator를 이관레코드 관계로 연결."",""source_selector"":""all_data_rows""}]",원문·기존 ID·값 상태·설정 상태·근거·판본을 보존하고 확정 상태를 새로 추정하지 않음. legacy_locator를 이관레코드 관계로 연결.,C-02,T-004;T-009;T-013;T-012;T-042;T-043,PH0/REG-V1_online.xlsx#xl/worksheets/sheet8.xml:G; literal=PH1/literal_cells.csv; formulas=PH1/formula_patterns_and_dependencies.json,false,실행시점 online XLSX + native 8행 관측; 원본 내용 이관 아님,PH1 상세 설계 초안 · 온라인 작성/이관/운영 시험 미실행,미실행,미실행,명세 정적 coverage만 확인; 운영 시험 아님
REG-V1,1EACdRIiAPGk4LAbttpXZiJd_cuqIh-cVi4jQsbfmqDw,242559508,07 자원 마스터,H,REG-V1:242559508:H,출처 ID,string,display_review,직접 입력. 「90 출처」에서 부여한 출처 ID를 입력합니다. 옆 출처명은 자동 조회됩니다.,MAP-008,"[{""file_code"":""C00"",""table"":""자원분류"",""field"":""source_id"",""role"":""input"",""rule"":""원문·기존 ID·값 상태·설정 상태·근거·판본을 보존하고 확정 상태를 새로 추정하지 않음. legacy_locator를 이관레코드 관계로 연결."",""source_selector"":""all_data_rows""}]",원문·기존 ID·값 상태·설정 상태·근거·판본을 보존하고 확정 상태를 새로 추정하지 않음. legacy_locator를 이관레코드 관계로 연결.,C-02,T-004;T-009;T-013;T-012;T-042;T-043,PH0/REG-V1_online.xlsx#xl/worksheets/sheet8.xml:H; literal=PH1/literal_cells.csv; formulas=PH1/formula_patterns_and_dependencies.json,false,실행시점 online XLSX + native 8행 관측; 원본 내용 이관 아님,PH1 상세 설계 초안 · 온라인 작성/이관/운영 시험 미실행,미실행,미실행,명세 정적 coverage만 확인; 운영 시험 아님
REG-V1,1EACdRIiAPGk4LAbttpXZiJd_cuqIh-cVi4jQsbfmqDw,242559508,07 자원 마스터,I,REG-V1:242559508:I,출처명,string,formula,자동 조회 열입니다. 직접 입력하지 않습니다. 대응하는 ID를 입력하면 마스터 시트의 한글명이 표시됩니다.,MAP-008,"[{""file_code"":""C00"",""table"":""자원분류"",""field"":""source_name"",""role"":""formula"",""rule"":""동일 C00 분류/출처를 ID로 조회하며 표시명을 수동 원본으로 두지 않음."",""source_selector"":""all_data_rows""}]",원문·기존 ID·값 상태·설정 상태·근거·판본을 보존하고 확정 상태를 새로 추정하지 않음. legacy_locator를 이관레코드 관계로 연결.,C-02,T-004;T-009;T-013;T-012;T-042;T-043,PH0/REG-V1_online.xlsx#xl/worksheets/sheet8.xml:I; literal=PH1/literal_cells.csv; formulas=PH1/formula_patterns_and_dependencies.json,false,실행시점 online XLSX + native 8행 관측; 원본 내용 이관 아님,PH1 상세 설계 초안 · 온라인 작성/이관/운영 시험 미실행,미실행,미실행,명세 정적 coverage만 확인; 운영 시험 아님
REG-V1,1EACdRIiAPGk4LAbttpXZiJd_cuqIh-cVi4jQsbfmqDw,986639480,08 특성 사전,A,REG-V1:986639480:A,순서,string,input,직접 입력. 사람이 보기 위한 정렬 순번입니다. 순서를 바꾸더라도 이미 부여한 ID는 재번호화하지 않습니다.,MAP-009,"[{""file_code"":""C00"",""table"":""특성사전"",""field"":""sort_order"",""role"":""input"",""rule"":""원문·기존 ID·값 상태·설정 상태·근거·판본을 보존하고 확정 상태를 새로 추정하지 않음. legacy_locator를 이관레코드 관계로 연결."",""source_selector"":""all_data_rows""}]",원문·기존 ID·값 상태·설정 상태·근거·판본을 보존하고 확정 상태를 새로 추정하지 않음. legacy_locator를 이관레코드 관계로 연결.,C-02,T-004;T-009;T-013;T-012;T-042;T-043,PH0/REG-V1_online.xlsx#xl/worksheets/sheet9.xml:A; literal=PH1/literal_cells.csv; formulas=PH1/formula_patterns_and_dependencies.json,false,실행시점 online XLSX + native 8행 관측; 원본 내용 이관 아님,PH1 상세 설계 초안 · 온라인 작성/이관/운영 시험 미실행,미실행,미실행,명세 정적 coverage만 확인; 운영 시험 아님
REG-V1,1EACdRIiAPGk4LAbttpXZiJd_cuqIh-cVi4jQsbfmqDw,986639480,08 특성 사전,B,REG-V1:986639480:B,특성 ID,string,input,직접 입력. 해당 마스터/사전 시트에서 부여한 영구 ID를 입력합니다. 한 번 사용한 ID는 재번호화하지 않습니다.,MAP-009,"[{""file_code"":""C00"",""table"":""특성사전"",""field"":""trait_id"",""role"":""input"",""rule"":""원문·기존 ID·값 상태·설정 상태·근거·판본을 보존하고 확정 상태를 새로 추정하지 않음. legacy_locator를 이관레코드 관계로 연결."",""source_selector"":""all_data_rows""}]",원문·기존 ID·값 상태·설정 상태·근거·판본을 보존하고 확정 상태를 새로 추정하지 않음. legacy_locator를 이관레코드 관계로 연결.,C-02,T-004;T-009;T-013;T-012;T-042;T-043,PH0/REG-V1_online.xlsx#xl/worksheets/sheet9.xml:B; literal=PH1/literal_cells.csv; formulas=PH1/formula_patterns_and_dependencies.json,false,실행시점 online XLSX + native 8행 관측; 원본 내용 이관 아님,PH1 상세 설계 초안 · 온라인 작성/이관/운영 시험 미실행,미실행,미실행,명세 정적 coverage만 확인; 운영 시험 아님
REG-V1,1EACdRIiAPGk4LAbttpXZiJd_cuqIh-cVi4jQsbfmqDw,986639480,08 특성 사전,C,REG-V1:986639480:C,특성명,string,display_review,자동 조회 열입니다. 직접 입력하지 않습니다. 대응하는 ID를 입력하면 마스터 시트의 한글명이 표시됩니다.,MAP-009,"[{""file_code"":""C00"",""table"":""특성사전"",""field"":""trait_name"",""role"":""input"",""rule"":""원문·기존 ID·값 상태·설정 상태·근거·판본을 보존하고 확정 상태를 새로 추정하지 않음. legacy_locator를 이관레코드 관계로 연결."",""source_selector"":""all_data_rows""}]",원문·기존 ID·값 상태·설정 상태·근거·판본을 보존하고 확정 상태를 새로 추정하지 않음. legacy_locator를 이관레코드 관계로 연결.,C-02,T-004;T-009;T-013;T-012;T-042;T-043,PH0/REG-V1_online.xlsx#xl/worksheets/sheet9.xml:C; literal=PH1/literal_cells.csv; formulas=PH1/formula_patterns_and_dependencies.json,false,실행시점 online XLSX + native 8행 관측; 원본 내용 이관 아님,PH1 상세 설계 초안 · 온라인 작성/이관/운영 시험 미실행,미실행,미실행,명세 정적 coverage만 확인; 운영 시험 아님
REG-V1,1EACdRIiAPGk4LAbttpXZiJd_cuqIh-cVi4jQsbfmqDw,986639480,08 특성 사전,D,REG-V1:986639480:D,분류,string,input,직접 입력. 항목을 묶기 위한 분류명을 기록합니다.,MAP-009,"[{""file_code"":""C00"",""table"":""특성사전"",""field"":""trait_category"",""role"":""input"",""rule"":""원문·기존 ID·값 상태·설정 상태·근거·판본을 보존하고 확정 상태를 새로 추정하지 않음. legacy_locator를 이관레코드 관계로 연결."",""source_selector"":""all_data_rows""}]",원문·기존 ID·값 상태·설정 상태·근거·판본을 보존하고 확정 상태를 새로 추정하지 않음. legacy_locator를 이관레코드 관계로 연결.,C-02,T-004;T-009;T-013;T-012;T-042;T-043,PH0/REG-V1_online.xlsx#xl/worksheets/sheet9.xml:D; literal=PH1/literal_cells.csv; formulas=PH1/formula_patterns_and_dependencies.json,false,실행시점 online XLSX + native 8행 관측; 원본 내용 이관 아님,PH1 상세 설계 초안 · 온라인 작성/이관/운영 시험 미실행,미실행,미실행,명세 정적 coverage만 확인; 운영 시험 아님
REG-V1,1EACdRIiAPGk4LAbttpXZiJd_cuqIh-cVi4jQsbfmqDw,986639480,08 특성 사전,E,REG-V1:986639480:E,설명,string,input,직접 입력. 이 항목의 의미·내용을 요약합니다. 장문 정본은 Obsidian 문서에 두고 여기에는 구조화에 필요한 설명을 적습니다.,MAP-009,"[{""file_code"":""C00"",""table"":""특성사전"",""field"":""description"",""role"":""input"",""rule"":""원문·기존 ID·값 상태·설정 상태·근거·판본을 보존하고 확정 상태를 새로 추정하지 않음. legacy_locator를 이관레코드 관계로 연결."",""source_selector"":""all_data_rows""}]",원문·기존 ID·값 상태·설정 상태·근거·판본을 보존하고 확정 상태를 새로 추정하지 않음. legacy_locator를 이관레코드 관계로 연결.,C-02,T-004;T-009;T-013;T-012;T-042;T-043,PH0/REG-V1_online.xlsx#xl/worksheets/sheet9.xml:E; literal=PH1/literal_cells.csv; formulas=PH1/formula_patterns_and_dependencies.json,false,실행시점 online XLSX + native 8행 관측; 원본 내용 이관 아님,PH1 상세 설계 초안 · 온라인 작성/이관/운영 시험 미실행,미실행,미실행,명세 정적 coverage만 확인; 운영 시험 아님
REG-V1,1EACdRIiAPGk4LAbttpXZiJd_cuqIh-cVi4jQsbfmqDw,986639480,08 특성 사전,F,REG-V1:986639480:F,표시 우선순위,string,input,선택 입력. 지도 UI에서 여러 특성이 겹칠 때 표시 우선순위를 숫자나 합의한 규칙으로 기록합니다.,MAP-009,"[{""file_code"":""C00"",""table"":""특성사전"",""field"":""priority"",""role"":""input"",""rule"":""원문·기존 ID·값 상태·설정 상태·근거·판본을 보존하고 확정 상태를 새로 추정하지 않음. legacy_locator를 이관레코드 관계로 연결."",""source_selector"":""all_data_rows""}]",원문·기존 ID·값 상태·설정 상태·근거·판본을 보존하고 확정 상태를 새로 추정하지 않음. legacy_locator를 이관레코드 관계로 연결.,C-02,T-004;T-009;T-013;T-012;T-042;T-043,PH0/REG-V1_online.xlsx#xl/worksheets/sheet9.xml:F; literal=PH1/literal_cells.csv; formulas=PH1/formula_patterns_and_dependencies.json,false,실행시점 online XLSX + native 8행 관측; 원본 내용 이관 아님,PH1 상세 설계 초안 · 온라인 작성/이관/운영 시험 미실행,미실행,미실행,명세 정적 coverage만 확인; 운영 시험 아님
REG-V1,1EACdRIiAPGk4LAbttpXZiJd_cuqIh-cVi4jQsbfmqDw,986639480,08 특성 사전,G,REG-V1:986639480:G,이미지/아이콘,string,input,선택 입력. 특성에 연결할 이미지·아이콘 파일명 또는 링크를 기록합니다.,MAP-009,"[{""file_code"":""C00"",""table"":""특성사전"",""field"":""icon_reference"",""role"":""input"",""rule"":""원문·기존 ID·값 상태·설정 상태·근거·판본을 보존하고 확정 상태를 새로 추정하지 않음. legacy_locator를 이관레코드 관계로 연결."",""source_selector"":""all_data_rows""}]",원문·기존 ID·값 상태·설정 상태·근거·판본을 보존하고 확정 상태를 새로 추정하지 않음. legacy_locator를 이관레코드 관계로 연결.,C-02,T-004;T-009;T-013;T-012;T-042;T-043,PH0/REG-V1_online.xlsx#xl/worksheets/sheet9.xml:G; literal=PH1/literal_cells.csv; formulas=PH1/formula_patterns_and_dependencies.json,false,실행시점 online XLSX + native 8행 관측; 원본 내용 이관 아님,PH1 상세 설계 초안 · 온라인 작성/이관/운영 시험 미실행,미실행,미실행,명세 정적 coverage만 확인; 운영 시험 아님
REG-V1,1EACdRIiAPGk4LAbttpXZiJd_cuqIh-cVi4jQsbfmqDw,986639480,08 특성 사전,H,REG-V1:986639480:H,효과 구분,string,input,드롭다운 선택. 설명 / 수치 참고 / 실제 계산 규칙 중 어느 성격인지 구분합니다.,MAP-009,"[{""file_code"":""C00"",""table"":""특성사전"",""field"":""effect_kind"",""role"":""input"",""rule"":""원문·기존 ID·값 상태·설정 상태·근거·판본을 보존하고 확정 상태를 새로 추정하지 않음. legacy_locator를 이관레코드 관계로 연결."",""source_selector"":""all_data_rows""}]",원문·기존 ID·값 상태·설정 상태·근거·판본을 보존하고 확정 상태를 새로 추정하지 않음. legacy_locator를 이관레코드 관계로 연결.,C-02,T-004;T-009;T-013;T-012;T-042;T-043,PH0/REG-V1_online.xlsx#xl/worksheets/sheet9.xml:H; literal=PH1/literal_cells.csv; formulas=PH1/formula_patterns_and_dependencies.json,false,실행시점 online XLSX + native 8행 관측; 원본 내용 이관 아님,PH1 상세 설계 초안 · 온라인 작성/이관/운영 시험 미실행,미실행,미실행,명세 정적 coverage만 확인; 운영 시험 아님
REG-V1,1EACdRIiAPGk4LAbttpXZiJd_cuqIh-cVi4jQsbfmqDw,986639480,08 특성 사전,I,REG-V1:986639480:I,상태,string,input,드롭다운에서 현재 승인 상태를 선택합니다. 확정/초안/검토 필요/폐기 등의 의미를 구분해 사용합니다.,MAP-009,"[{""file_code"":""C00"",""table"":""특성사전"",""field"":""setting_status"",""role"":""input"",""rule"":""원문·기존 ID·값 상태·설정 상태·근거·판본을 보존하고 확정 상태를 새로 추정하지 않음. legacy_locator를 이관레코드 관계로 연결."",""source_selector"":""all_data_rows""}]",원문·기존 ID·값 상태·설정 상태·근거·판본을 보존하고 확정 상태를 새로 추정하지 않음. legacy_locator를 이관레코드 관계로 연결.,C-02,T-004;T-009;T-013;T-012;T-042;T-043,PH0/REG-V1_online.xlsx#xl/worksheets/sheet9.xml:I; literal=PH1/literal_cells.csv; formulas=PH1/formula_patterns_and_dependencies.json,false,실행시점 online XLSX + native 8행 관측; 원본 내용 이관 아님,PH1 상세 설계 초안 · 온라인 작성/이관/운영 시험 미실행,미실행,미실행,명세 정적 coverage만 확인; 운영 시험 아님
REG-V1,1EACdRIiAPGk4LAbttpXZiJd_cuqIh-cVi4jQsbfmqDw,986639480,08 특성 사전,J,REG-V1:986639480:J,출처 ID,string,display_review,직접 입력. 「90 출처」에서 부여한 출처 ID를 입력합니다. 옆 출처명은 자동 조회됩니다.,MAP-009,"[{""file_code"":""C00"",""table"":""특성사전"",""field"":""source_id"",""role"":""input"",""rule"":""원문·기존 ID·값 상태·설정 상태·근거·판본을 보존하고 확정 상태를 새로 추정하지 않음. legacy_locator를 이관레코드 관계로 연결."",""source_selector"":""all_data_rows""}]",원문·기존 ID·값 상태·설정 상태·근거·판본을 보존하고 확정 상태를 새로 추정하지 않음. legacy_locator를 이관레코드 관계로 연결.,C-02,T-004;T-009;T-013;T-012;T-042;T-043,PH0/REG-V1_online.xlsx#xl/worksheets/sheet9.xml:J; literal=PH1/literal_cells.csv; formulas=PH1/formula_patterns_and_dependencies.json,false,실행시점 online XLSX + native 8행 관측; 원본 내용 이관 아님,PH1 상세 설계 초안 · 온라인 작성/이관/운영 시험 미실행,미실행,미실행,명세 정적 coverage만 확인; 운영 시험 아님
REG-V1,1EACdRIiAPGk4LAbttpXZiJd_cuqIh-cVi4jQsbfmqDw,986639480,08 특성 사전,K,REG-V1:986639480:K,출처명,string,formula,자동 조회 열입니다. 직접 입력하지 않습니다. 대응하는 ID를 입력하면 마스터 시트의 한글명이 표시됩니다.,MAP-009,"[{""file_code"":""C00"",""table"":""특성사전"",""field"":""source_name"",""role"":""formula"",""rule"":""동일 C00 분류/출처를 ID로 조회하며 표시명을 수동 원본으로 두지 않음."",""source_selector"":""all_data_rows""}]",원문·기존 ID·값 상태·설정 상태·근거·판본을 보존하고 확정 상태를 새로 추정하지 않음. legacy_locator를 이관레코드 관계로 연결.,C-02,T-004;T-009;T-013;T-012;T-042;T-043,PH0/REG-V1_online.xlsx#xl/worksheets/sheet9.xml:K; literal=PH1/literal_cells.csv; formulas=PH1/formula_patterns_and_dependencies.json,false,실행시점 online XLSX + native 8행 관측; 원본 내용 이관 아님,PH1 상세 설계 초안 · 온라인 작성/이관/운영 시험 미실행,미실행,미실행,명세 정적 coverage만 확인; 운영 시험 아님
REG-V1,1EACdRIiAPGk4LAbttpXZiJd_cuqIh-cVi4jQsbfmqDw,1685371830,09 경제 지표 정의,A,REG-V1:1685371830:A,순서,string,input,직접 입력. 사람이 보기 위한 정렬 순번입니다. 순서를 바꾸더라도 이미 부여한 ID는 재번호화하지 않습니다.,MAP-010,"[{""file_code"":""C00"",""table"":""지표사전"",""field"":""sort_order"",""role"":""input"",""rule"":""원문·기존 ID·값 상태·설정 상태·근거·판본을 보존하고 확정 상태를 새로 추정하지 않음. legacy_locator를 이관레코드 관계로 연결."",""source_selector"":""all_data_rows""}]",원문·기존 ID·값 상태·설정 상태·근거·판본을 보존하고 확정 상태를 새로 추정하지 않음. legacy_locator를 이관레코드 관계로 연결.,C-02,T-004;T-009;T-013;T-012;T-042;T-043,PH0/REG-V1_online.xlsx#xl/worksheets/sheet10.xml:A; literal=PH1/literal_cells.csv; formulas=PH1/formula_patterns_and_dependencies.json,false,실행시점 online XLSX + native 8행 관측; 원본 내용 이관 아님,PH1 상세 설계 초안 · 온라인 작성/이관/운영 시험 미실행,미실행,미실행,명세 정적 coverage만 확인; 운영 시험 아님
REG-V1,1EACdRIiAPGk4LAbttpXZiJd_cuqIh-cVi4jQsbfmqDw,1685371830,09 경제 지표 정의,B,REG-V1:1685371830:B,지표 ID,string,input,직접 입력. 해당 마스터/사전 시트에서 부여한 영구 ID를 입력합니다. 한 번 사용한 ID는 재번호화하지 않습니다.,MAP-010,"[{""file_code"":""C00"",""table"":""지표사전"",""field"":""metric_id"",""role"":""input"",""rule"":""원문·기존 ID·값 상태·설정 상태·근거·판본을 보존하고 확정 상태를 새로 추정하지 않음. legacy_locator를 이관레코드 관계로 연결."",""source_selector"":""all_data_rows""}]",원문·기존 ID·값 상태·설정 상태·근거·판본을 보존하고 확정 상태를 새로 추정하지 않음. legacy_locator를 이관레코드 관계로 연결.,C-02,T-004;T-009;T-013;T-012;T-042;T-043,PH0/REG-V1_online.xlsx#xl/worksheets/sheet10.xml:B; literal=PH1/literal_cells.csv; formulas=PH1/formula_patterns_and_dependencies.json,false,실행시점 online XLSX + native 8행 관측; 원본 내용 이관 아님,PH1 상세 설계 초안 · 온라인 작성/이관/운영 시험 미실행,미실행,미실행,명세 정적 coverage만 확인; 운영 시험 아님
REG-V1,1EACdRIiAPGk4LAbttpXZiJd_cuqIh-cVi4jQsbfmqDw,1685371830,09 경제 지표 정의,C,REG-V1:1685371830:C,지표명,string,display_review,자동 조회 열입니다. 직접 입력하지 않습니다. 대응하는 ID를 입력하면 마스터 시트의 한글명이 표시됩니다.,MAP-010,"[{""file_code"":""C00"",""table"":""지표사전"",""field"":""metric_name"",""role"":""input"",""rule"":""원문·기존 ID·값 상태·설정 상태·근거·판본을 보존하고 확정 상태를 새로 추정하지 않음. legacy_locator를 이관레코드 관계로 연결."",""source_selector"":""all_data_rows""}]",원문·기존 ID·값 상태·설정 상태·근거·판본을 보존하고 확정 상태를 새로 추정하지 않음. legacy_locator를 이관레코드 관계로 연결.,C-02,T-004;T-009;T-013;T-012;T-042;T-043,PH0/REG-V1_online.xlsx#xl/worksheets/sheet10.xml:C; literal=PH1/literal_cells.csv; formulas=PH1/formula_patterns_and_dependencies.json,false,실행시점 online XLSX + native 8행 관측; 원본 내용 이관 아님,PH1 상세 설계 초안 · 온라인 작성/이관/운영 시험 미실행,미실행,미실행,명세 정적 coverage만 확인; 운영 시험 아님
REG-V1,1EACdRIiAPGk4LAbttpXZiJd_cuqIh-cVi4jQsbfmqDw,1685371830,09 경제 지표 정의,D,REG-V1:1685371830:D,대상 종류,string,input,드롭다운 선택. 지표가 지역·국가·시설·집단 등 무엇을 대상으로 하는지 기록합니다.,MAP-010,"[{""file_code"":""C00"",""table"":""지표사전"",""field"":""subject_type"",""role"":""input"",""rule"":""원문·기존 ID·값 상태·설정 상태·근거·판본을 보존하고 확정 상태를 새로 추정하지 않음. legacy_locator를 이관레코드 관계로 연결."",""source_selector"":""all_data_rows""}]",원문·기존 ID·값 상태·설정 상태·근거·판본을 보존하고 확정 상태를 새로 추정하지 않음. legacy_locator를 이관레코드 관계로 연결.,C-02,T-004;T-009;T-013;T-012;T-042;T-043,PH0/REG-V1_online.xlsx#xl/worksheets/sheet10.xml:D; literal=PH1/literal_cells.csv; formulas=PH1/formula_patterns_and_dependencies.json,false,실행시점 online XLSX + native 8행 관측; 원본 내용 이관 아님,PH1 상세 설계 초안 · 온라인 작성/이관/운영 시험 미실행,미실행,미실행,명세 정적 coverage만 확인; 운영 시험 아님
REG-V1,1EACdRIiAPGk4LAbttpXZiJd_cuqIh-cVi4jQsbfmqDw,1685371830,09 경제 지표 정의,E,REG-V1:1685371830:E,정의,string,input,직접 입력. 지표가 정확히 무엇을 측정하는 값인지 기록합니다.,MAP-010,"[{""file_code"":""C00"",""table"":""지표사전"",""field"":""definition"",""role"":""input"",""rule"":""원문·기존 ID·값 상태·설정 상태·근거·판본을 보존하고 확정 상태를 새로 추정하지 않음. legacy_locator를 이관레코드 관계로 연결."",""source_selector"":""all_data_rows""}]",원문·기존 ID·값 상태·설정 상태·근거·판본을 보존하고 확정 상태를 새로 추정하지 않음. legacy_locator를 이관레코드 관계로 연결.,C-02,T-004;T-009;T-013;T-012;T-042;T-043,PH0/REG-V1_online.xlsx#xl/worksheets/sheet10.xml:E; literal=PH1/literal_cells.csv; formulas=PH1/formula_patterns_and_dependencies.json,false,실행시점 online XLSX + native 8행 관측; 원본 내용 이관 아님,PH1 상세 설계 초안 · 온라인 작성/이관/운영 시험 미실행,미실행,미실행,명세 정적 coverage만 확인; 운영 시험 아님
REG-V1,1EACdRIiAPGk4LAbttpXZiJd_cuqIh-cVi4jQsbfmqDw,1685371830,09 경제 지표 정의,F,REG-V1:1685371830:F,단위,string,input,"직접 입력. 명, %, km², 통화/년 등 숫자를 해석하는 데 필요한 단위를 반드시 기록합니다.",MAP-010,"[{""file_code"":""C00"",""table"":""지표사전"",""field"":""unit"",""role"":""input"",""rule"":""원문·기존 ID·값 상태·설정 상태·근거·판본을 보존하고 확정 상태를 새로 추정하지 않음. legacy_locator를 이관레코드 관계로 연결."",""source_selector"":""all_data_rows""}]",원문·기존 ID·값 상태·설정 상태·근거·판본을 보존하고 확정 상태를 새로 추정하지 않음. legacy_locator를 이관레코드 관계로 연결.,C-02,T-004;T-009;T-013;T-012;T-042;T-043,PH0/REG-V1_online.xlsx#xl/worksheets/sheet10.xml:F; literal=PH1/literal_cells.csv; formulas=PH1/formula_patterns_and_dependencies.json,false,실행시점 online XLSX + native 8행 관측; 원본 내용 이관 아님,PH1 상세 설계 초안 · 온라인 작성/이관/운영 시험 미실행,미실행,미실행,명세 정적 coverage만 확인; 운영 시험 아님
REG-V1,1EACdRIiAPGk4LAbttpXZiJd_cuqIh-cVi4jQsbfmqDw,1685371830,09 경제 지표 정의,G,REG-V1:1685371830:G,집계 기간/기준,string,input,"직접 입력. 연간/월간/특정 시점, 명목/실질, 기준연도 등 비교에 필요한 기준을 기록합니다.",MAP-010,"[{""file_code"":""C00"",""table"":""지표사전"",""field"":""period_basis"",""role"":""input"",""rule"":""원문·기존 ID·값 상태·설정 상태·근거·판본을 보존하고 확정 상태를 새로 추정하지 않음. legacy_locator를 이관레코드 관계로 연결."",""source_selector"":""all_data_rows""}]",원문·기존 ID·값 상태·설정 상태·근거·판본을 보존하고 확정 상태를 새로 추정하지 않음. legacy_locator를 이관레코드 관계로 연결.,C-02,T-004;T-009;T-013;T-012;T-042;T-043,PH0/REG-V1_online.xlsx#xl/worksheets/sheet10.xml:G; literal=PH1/literal_cells.csv; formulas=PH1/formula_patterns_and_dependencies.json,false,실행시점 online XLSX + native 8행 관측; 원본 내용 이관 아님,PH1 상세 설계 초안 · 온라인 작성/이관/운영 시험 미실행,미실행,미실행,명세 정적 coverage만 확인; 운영 시험 아님
REG-V1,1EACdRIiAPGk4LAbttpXZiJd_cuqIh-cVi4jQsbfmqDw,1685371830,09 경제 지표 정의,H,REG-V1:1685371830:H,합산 방식,string,input,드롭다운 선택. 합계·평균·가중평균·합산 불가 등 상위 집계 방식을 기록합니다.,MAP-010,"[{""file_code"":""C00"",""table"":""지표사전"",""field"":""aggregation_method"",""role"":""input"",""rule"":""원문·기존 ID·값 상태·설정 상태·근거·판본을 보존하고 확정 상태를 새로 추정하지 않음. legacy_locator를 이관레코드 관계로 연결."",""source_selector"":""all_data_rows""}]",원문·기존 ID·값 상태·설정 상태·근거·판본을 보존하고 확정 상태를 새로 추정하지 않음. legacy_locator를 이관레코드 관계로 연결.,C-02,T-004;T-009;T-013;T-012;T-042;T-043,PH0/REG-V1_online.xlsx#xl/worksheets/sheet10.xml:H; literal=PH1/literal_cells.csv; formulas=PH1/formula_patterns_and_dependencies.json,false,실행시점 online XLSX + native 8행 관측; 원본 내용 이관 아님,PH1 상세 설계 초안 · 온라인 작성/이관/운영 시험 미실행,미실행,미실행,명세 정적 coverage만 확인; 운영 시험 아님
REG-V1,1EACdRIiAPGk4LAbttpXZiJd_cuqIh-cVi4jQsbfmqDw,1685371830,09 경제 지표 정의,I,REG-V1:1685371830:I,산식/계산 규칙,string,input,선택 입력. 파생값이면 필요한 입력 자료와 산식을 기록합니다. 직접 설정값과 계산값을 구분합니다.,MAP-010,"[{""file_code"":""C00"",""table"":""지표사전"",""field"":""calculation_rule_raw"",""role"":""input"",""rule"":""원문·기존 ID·값 상태·설정 상태·근거·판본을 보존하고 확정 상태를 새로 추정하지 않음. legacy_locator를 이관레코드 관계로 연결."",""source_selector"":""all_data_rows""}]",원문·기존 ID·값 상태·설정 상태·근거·판본을 보존하고 확정 상태를 새로 추정하지 않음. legacy_locator를 이관레코드 관계로 연결.,C-02,T-004;T-009;T-013;T-012;T-042;T-043,PH0/REG-V1_online.xlsx#xl/worksheets/sheet10.xml:I; literal=PH1/literal_cells.csv; formulas=PH1/formula_patterns_and_dependencies.json,false,실행시점 online XLSX + native 8행 관측; 원본 내용 이관 아님,PH1 상세 설계 초안 · 온라인 작성/이관/운영 시험 미실행,미실행,미실행,명세 정적 coverage만 확인; 운영 시험 아님
REG-V1,1EACdRIiAPGk4LAbttpXZiJd_cuqIh-cVi4jQsbfmqDw,1685371830,09 경제 지표 정의,J,REG-V1:1685371830:J,허용값/미상 표시,string,input,"직접 입력. 허용 범위, 등급 의미, 미정·미상·해당 없음 표시 규칙을 기록합니다.",MAP-010,"[{""file_code"":""C00"",""table"":""지표사전"",""field"":""allowed_value_and_missing_rule"",""role"":""input"",""rule"":""원문·기존 ID·값 상태·설정 상태·근거·판본을 보존하고 확정 상태를 새로 추정하지 않음. legacy_locator를 이관레코드 관계로 연결."",""source_selector"":""all_data_rows""}]",원문·기존 ID·값 상태·설정 상태·근거·판본을 보존하고 확정 상태를 새로 추정하지 않음. legacy_locator를 이관레코드 관계로 연결.,C-02,T-004;T-009;T-013;T-012;T-042;T-043,PH0/REG-V1_online.xlsx#xl/worksheets/sheet10.xml:J; literal=PH1/literal_cells.csv; formulas=PH1/formula_patterns_and_dependencies.json,false,실행시점 online XLSX + native 8행 관측; 원본 내용 이관 아님,PH1 상세 설계 초안 · 온라인 작성/이관/운영 시험 미실행,미실행,미실행,명세 정적 coverage만 확인; 운영 시험 아님
REG-V1,1EACdRIiAPGk4LAbttpXZiJd_cuqIh-cVi4jQsbfmqDw,1685371830,09 경제 지표 정의,K,REG-V1:1685371830:K,상태,string,input,드롭다운에서 현재 승인 상태를 선택합니다. 확정/초안/검토 필요/폐기 등의 의미를 구분해 사용합니다.,MAP-010,"[{""file_code"":""C00"",""table"":""지표사전"",""field"":""setting_status"",""role"":""input"",""rule"":""원문·기존 ID·값 상태·설정 상태·근거·판본을 보존하고 확정 상태를 새로 추정하지 않음. legacy_locator를 이관레코드 관계로 연결."",""source_selector"":""all_data_rows""}]",원문·기존 ID·값 상태·설정 상태·근거·판본을 보존하고 확정 상태를 새로 추정하지 않음. legacy_locator를 이관레코드 관계로 연결.,C-02,T-004;T-009;T-013;T-012;T-042;T-043,PH0/REG-V1_online.xlsx#xl/worksheets/sheet10.xml:K; literal=PH1/literal_cells.csv; formulas=PH1/formula_patterns_and_dependencies.json,false,실행시점 online XLSX + native 8행 관측; 원본 내용 이관 아님,PH1 상세 설계 초안 · 온라인 작성/이관/운영 시험 미실행,미실행,미실행,명세 정적 coverage만 확인; 운영 시험 아님
REG-V1,1EACdRIiAPGk4LAbttpXZiJd_cuqIh-cVi4jQsbfmqDw,1685371830,09 경제 지표 정의,L,REG-V1:1685371830:L,출처 ID,string,display_review,직접 입력. 「90 출처」에서 부여한 출처 ID를 입력합니다. 옆 출처명은 자동 조회됩니다.,MAP-010,"[{""file_code"":""C00"",""table"":""지표사전"",""field"":""source_id"",""role"":""input"",""rule"":""원문·기존 ID·값 상태·설정 상태·근거·판본을 보존하고 확정 상태를 새로 추정하지 않음. legacy_locator를 이관레코드 관계로 연결."",""source_selector"":""all_data_rows""}]",원문·기존 ID·값 상태·설정 상태·근거·판본을 보존하고 확정 상태를 새로 추정하지 않음. legacy_locator를 이관레코드 관계로 연결.,C-02,T-004;T-009;T-013;T-012;T-042;T-043,PH0/REG-V1_online.xlsx#xl/worksheets/sheet10.xml:L; literal=PH1/literal_cells.csv; formulas=PH1/formula_patterns_and_dependencies.json,false,실행시점 online XLSX + native 8행 관측; 원본 내용 이관 아님,PH1 상세 설계 초안 · 온라인 작성/이관/운영 시험 미실행,미실행,미실행,명세 정적 coverage만 확인; 운영 시험 아님
REG-V1,1EACdRIiAPGk4LAbttpXZiJd_cuqIh-cVi4jQsbfmqDw,1685371830,09 경제 지표 정의,M,REG-V1:1685371830:M,출처명,string,formula,자동 조회 열입니다. 직접 입력하지 않습니다. 대응하는 ID를 입력하면 마스터 시트의 한글명이 표시됩니다.,MAP-010,"[{""file_code"":""C00"",""table"":""지표사전"",""field"":""source_name"",""role"":""formula"",""rule"":""동일 C00 분류/출처를 ID로 조회하며 표시명을 수동 원본으로 두지 않음."",""source_selector"":""all_data_rows""}]",원문·기존 ID·값 상태·설정 상태·근거·판본을 보존하고 확정 상태를 새로 추정하지 않음. legacy_locator를 이관레코드 관계로 연결.,C-02,T-004;T-009;T-013;T-012;T-042;T-043,PH0/REG-V1_online.xlsx#xl/worksheets/sheet10.xml:M; literal=PH1/literal_cells.csv; formulas=PH1/formula_patterns_and_dependencies.json,false,실행시점 online XLSX + native 8행 관측; 원본 내용 이관 아님,PH1 상세 설계 초안 · 온라인 작성/이관/운영 시험 미실행,미실행,미실행,명세 정적 coverage만 확인; 운영 시험 아님
REG-V1,1EACdRIiAPGk4LAbttpXZiJd_cuqIh-cVi4jQsbfmqDw,91414319,11 역사 사건,A,REG-V1:91414319:A,사건 ID,string,input,직접 입력. 이 역사 사건 자체에 새로 부여하는 영구 사건 ID입니다. 사건명이 바뀌어도 유지합니다.,MAP-012,"[{""file_code"":""C00"",""table"":""수동사건"",""field"":""event_id"",""role"":""input"",""rule"":""원문·기존 ID·값 상태·설정 상태·근거·판본을 보존하고 확정 상태를 새로 추정하지 않음. legacy_locator를 이관레코드 관계로 연결."",""source_selector"":""all_data_rows""}]",원문·기존 ID·값 상태·설정 상태·근거·판본을 보존하고 확정 상태를 새로 추정하지 않음. legacy_locator를 이관레코드 관계로 연결.,C-05;H-03;H-06,T-004;T-009;T-013;T-016;T-017;T-021;T-025;T-080,PH0/REG-V1_online.xlsx#xl/worksheets/sheet12.xml:A; literal=PH1/literal_cells.csv; formulas=PH1/formula_patterns_and_dependencies.json,false,실행시점 online XLSX + native 8행 관측; 원본 내용 이관 아님,PH1 상세 설계 초안 · 온라인 작성/이관/운영 시험 미실행,미실행,미실행,명세 정적 coverage만 확인; 운영 시험 아님
REG-V1,1EACdRIiAPGk4LAbttpXZiJd_cuqIh-cVi4jQsbfmqDw,91414319,11 역사 사건,B,REG-V1:91414319:B,사건명,string,input,직접 입력. 공식 한글 표기명을 기록합니다. 개명 시 ID는 유지하고 이름만 수정합니다.,MAP-012,"[{""file_code"":""C00"",""table"":""수동사건"",""field"":""event_title"",""role"":""input"",""rule"":""원문·기존 ID·값 상태·설정 상태·근거·판본을 보존하고 확정 상태를 새로 추정하지 않음. legacy_locator를 이관레코드 관계로 연결."",""source_selector"":""all_data_rows""}]",원문·기존 ID·값 상태·설정 상태·근거·판본을 보존하고 확정 상태를 새로 추정하지 않음. legacy_locator를 이관레코드 관계로 연결.,C-05;H-03;H-06,T-004;T-009;T-013;T-016;T-017;T-021;T-025;T-080,PH0/REG-V1_online.xlsx#xl/worksheets/sheet12.xml:B; literal=PH1/literal_cells.csv; formulas=PH1/formula_patterns_and_dependencies.json,false,실행시점 online XLSX + native 8행 관측; 원본 내용 이관 아님,PH1 상세 설계 초안 · 온라인 작성/이관/운영 시험 미실행,미실행,미실행,명세 정적 coverage만 확인; 운영 시험 아님
REG-V1,1EACdRIiAPGk4LAbttpXZiJd_cuqIh-cVi4jQsbfmqDw,91414319,11 역사 사건,C,REG-V1:91414319:C,사건 종류,string,input,직접 입력. 전쟁·조약·혁명·재난·이주·건설 등 사건 유형을 기록합니다.,MAP-012,"[{""file_code"":""C00"",""table"":""수동사건"",""field"":""event_type"",""role"":""input"",""rule"":""원문·기존 ID·값 상태·설정 상태·근거·판본을 보존하고 확정 상태를 새로 추정하지 않음. legacy_locator를 이관레코드 관계로 연결."",""source_selector"":""all_data_rows""}]",원문·기존 ID·값 상태·설정 상태·근거·판본을 보존하고 확정 상태를 새로 추정하지 않음. legacy_locator를 이관레코드 관계로 연결.,C-05;H-03;H-06,T-004;T-009;T-013;T-016;T-017;T-021;T-025;T-080,PH0/REG-V1_online.xlsx#xl/worksheets/sheet12.xml:C; literal=PH1/literal_cells.csv; formulas=PH1/formula_patterns_and_dependencies.json,false,실행시점 online XLSX + native 8행 관측; 원본 내용 이관 아님,PH1 상세 설계 초안 · 온라인 작성/이관/운영 시험 미실행,미실행,미실행,명세 정적 coverage만 확인; 운영 시험 아님
REG-V1,1EACdRIiAPGk4LAbttpXZiJd_cuqIh-cVi4jQsbfmqDw,91414319,11 역사 사건,D,REG-V1:91414319:D,시작,string,input,직접 입력. 세계관 기준으로 사실/관계가 시작되는 시점을 기록합니다. 기간은 시작 시점을 포함하는 방식으로 사용합니다.,MAP-012,"[{""file_code"":""C00"",""table"":""수동사건"",""field"":""start_raw"",""role"":""input"",""rule"":""원문·기존 ID·값 상태·설정 상태·근거·판본을 보존하고 확정 상태를 새로 추정하지 않음. legacy_locator를 이관레코드 관계로 연결."",""source_selector"":""all_data_rows""}]",원문·기존 ID·값 상태·설정 상태·근거·판본을 보존하고 확정 상태를 새로 추정하지 않음. legacy_locator를 이관레코드 관계로 연결.,C-05;H-03;H-06,T-004;T-009;T-013;T-016;T-017;T-021;T-025;T-080,PH0/REG-V1_online.xlsx#xl/worksheets/sheet12.xml:D; literal=PH1/literal_cells.csv; formulas=PH1/formula_patterns_and_dependencies.json,false,실행시점 online XLSX + native 8행 관측; 원본 내용 이관 아님,PH1 상세 설계 초안 · 온라인 작성/이관/운영 시험 미실행,미실행,미실행,명세 정적 coverage만 확인; 운영 시험 아님
REG-V1,1EACdRIiAPGk4LAbttpXZiJd_cuqIh-cVi4jQsbfmqDw,91414319,11 역사 사건,E,REG-V1:91414319:E,종료,string,input,직접 입력. 세계관 기준으로 사실/관계가 끝나는 시점을 기록합니다. 권장 규칙은 시작 포함·종료 제외입니다. 지속 중/종료 미상은 별도 상태 열로 구분합니다.,MAP-012,"[{""file_code"":""C00"",""table"":""수동사건"",""field"":""end_raw"",""role"":""input"",""rule"":""원문·기존 ID·값 상태·설정 상태·근거·판본을 보존하고 확정 상태를 새로 추정하지 않음. legacy_locator를 이관레코드 관계로 연결."",""source_selector"":""all_data_rows""}]",원문·기존 ID·값 상태·설정 상태·근거·판본을 보존하고 확정 상태를 새로 추정하지 않음. legacy_locator를 이관레코드 관계로 연결.,C-05;H-03;H-06,T-004;T-009;T-013;T-016;T-017;T-021;T-025;T-080,PH0/REG-V1_online.xlsx#xl/worksheets/sheet12.xml:E; literal=PH1/literal_cells.csv; formulas=PH1/formula_patterns_and_dependencies.json,false,실행시점 online XLSX + native 8행 관측; 원본 내용 이관 아님,PH1 상세 설계 초안 · 온라인 작성/이관/운영 시험 미실행,미실행,미실행,명세 정적 coverage만 확인; 운영 시험 아님
REG-V1,1EACdRIiAPGk4LAbttpXZiJd_cuqIh-cVi4jQsbfmqDw,91414319,11 역사 사건,F,REG-V1:91414319:F,날짜 정확도,string,input,"드롭다운 선택. 날짜가 정확한지, 연도 단위인지, 범위/추정/미상인지 기록합니다.",MAP-012,"[{""file_code"":""C00"",""table"":""수동사건"",""field"":""date_precision"",""role"":""input"",""rule"":""원문·기존 ID·값 상태·설정 상태·근거·판본을 보존하고 확정 상태를 새로 추정하지 않음. legacy_locator를 이관레코드 관계로 연결."",""source_selector"":""all_data_rows""}]",원문·기존 ID·값 상태·설정 상태·근거·판본을 보존하고 확정 상태를 새로 추정하지 않음. legacy_locator를 이관레코드 관계로 연결.,C-05;H-03;H-06,T-004;T-009;T-013;T-016;T-017;T-021;T-025;T-080,PH0/REG-V1_online.xlsx#xl/worksheets/sheet12.xml:F; literal=PH1/literal_cells.csv; formulas=PH1/formula_patterns_and_dependencies.json,false,실행시점 online XLSX + native 8행 관측; 원본 내용 이관 아님,PH1 상세 설계 초안 · 온라인 작성/이관/운영 시험 미실행,미실행,미실행,명세 정적 coverage만 확인; 운영 시험 아님
REG-V1,1EACdRIiAPGk4LAbttpXZiJd_cuqIh-cVi4jQsbfmqDw,91414319,11 역사 사건,G,REG-V1:91414319:G,주요 지역 ID,string,input,직접 입력. 「01-지역 마스터」에서 부여한 지역 ID를 입력합니다. 존재하지 않는 ID는 검증에서 거부됩니다.,MAP-012,"[{""file_code"":""C00"",""table"":""사건대상관계"",""field"":""target_region_id"",""role"":""input"",""rule"":""대상 ID는 C00 사건대상관계에 보존하고 실제 존재/이름 조회는 H90에서 수행; C00에 R10/N10 import를 추가하지 않음."",""source_selector"":""all_data_rows""}]",원문·기존 ID·값 상태·설정 상태·근거·판본을 보존하고 확정 상태를 새로 추정하지 않음. legacy_locator를 이관레코드 관계로 연결.,C-05;H-03;H-06,T-004;T-009;T-013;T-016;T-017;T-021;T-025;T-080,PH0/REG-V1_online.xlsx#xl/worksheets/sheet12.xml:G; literal=PH1/literal_cells.csv; formulas=PH1/formula_patterns_and_dependencies.json,false,실행시점 online XLSX + native 8행 관측; 원본 내용 이관 아님,PH1 상세 설계 초안 · 온라인 작성/이관/운영 시험 미실행,미실행,미실행,명세 정적 coverage만 확인; 운영 시험 아님
REG-V1,1EACdRIiAPGk4LAbttpXZiJd_cuqIh-cVi4jQsbfmqDw,91414319,11 역사 사건,H,REG-V1:91414319:H,주요 지역명,string,formula,자동 조회 열입니다. 직접 입력하지 않습니다. 대응하는 ID를 입력하면 마스터 시트의 한글명이 표시됩니다.,MAP-012,"[{""file_code"":""H90"",""table"":""사건대상표시"",""field"":""target_region_name"",""role"":""display"",""rule"":""대상 ID는 C00 사건대상관계에 보존하고 실제 존재/이름 조회는 H90에서 수행; C00에 R10/N10 import를 추가하지 않음."",""source_selector"":""all_data_rows""}]",원문·기존 ID·값 상태·설정 상태·근거·판본을 보존하고 확정 상태를 새로 추정하지 않음. legacy_locator를 이관레코드 관계로 연결.,C-05;H-03;H-06,T-004;T-009;T-013;T-016;T-017;T-021;T-025;T-080,PH0/REG-V1_online.xlsx#xl/worksheets/sheet12.xml:H; literal=PH1/literal_cells.csv; formulas=PH1/formula_patterns_and_dependencies.json,false,실행시점 online XLSX + native 8행 관측; 원본 내용 이관 아님,PH1 상세 설계 초안 · 온라인 작성/이관/운영 시험 미실행,미실행,미실행,명세 정적 coverage만 확인; 운영 시험 아님
REG-V1,1EACdRIiAPGk4LAbttpXZiJd_cuqIh-cVi4jQsbfmqDw,91414319,11 역사 사건,I,REG-V1:91414319:I,주요 국가 ID,string,display_review,직접 입력. 「02 국가 마스터」에서 부여한 국가 ID를 입력합니다. 옆 국가명은 자동 조회됩니다.,MAP-012,"[{""file_code"":""C00"",""table"":""사건대상관계"",""field"":""target_nation_id"",""role"":""input"",""rule"":""대상 ID는 C00 사건대상관계에 보존하고 실제 존재/이름 조회는 H90에서 수행; C00에 R10/N10 import를 추가하지 않음."",""source_selector"":""all_data_rows""}]",원문·기존 ID·값 상태·설정 상태·근거·판본을 보존하고 확정 상태를 새로 추정하지 않음. legacy_locator를 이관레코드 관계로 연결.,C-05;H-03;H-06,T-004;T-009;T-013;T-016;T-017;T-021;T-025;T-080,PH0/REG-V1_online.xlsx#xl/worksheets/sheet12.xml:I; literal=PH1/literal_cells.csv; formulas=PH1/formula_patterns_and_dependencies.json,false,실행시점 online XLSX + native 8행 관측; 원본 내용 이관 아님,PH1 상세 설계 초안 · 온라인 작성/이관/운영 시험 미실행,미실행,미실행,명세 정적 coverage만 확인; 운영 시험 아님
REG-V1,1EACdRIiAPGk4LAbttpXZiJd_cuqIh-cVi4jQsbfmqDw,91414319,11 역사 사건,J,REG-V1:91414319:J,주요 국가명,string,formula,자동 조회 열입니다. 직접 입력하지 않습니다. 대응하는 ID를 입력하면 마스터 시트의 한글명이 표시됩니다.,MAP-012,"[{""file_code"":""H90"",""table"":""사건대상표시"",""field"":""target_nation_name"",""role"":""display"",""rule"":""대상 ID는 C00 사건대상관계에 보존하고 실제 존재/이름 조회는 H90에서 수행; C00에 R10/N10 import를 추가하지 않음."",""source_selector"":""all_data_rows""}]",원문·기존 ID·값 상태·설정 상태·근거·판본을 보존하고 확정 상태를 새로 추정하지 않음. legacy_locator를 이관레코드 관계로 연결.,C-05;H-03;H-06,T-004;T-009;T-013;T-016;T-017;T-021;T-025;T-080,PH0/REG-V1_online.xlsx#xl/worksheets/sheet12.xml:J; literal=PH1/literal_cells.csv; formulas=PH1/formula_patterns_and_dependencies.json,false,실행시점 online XLSX + native 8행 관측; 원본 내용 이관 아님,PH1 상세 설계 초안 · 온라인 작성/이관/운영 시험 미실행,미실행,미실행,명세 정적 coverage만 확인; 운영 시험 아님
REG-V1,1EACdRIiAPGk4LAbttpXZiJd_cuqIh-cVi4jQsbfmqDw,91414319,11 역사 사건,K,REG-V1:91414319:K,설명,string,input,직접 입력. 이 항목의 의미·내용을 요약합니다. 장문 정본은 Obsidian 문서에 두고 여기에는 구조화에 필요한 설명을 적습니다.,MAP-012,"[{""file_code"":""C00"",""table"":""수동사건"",""field"":""description"",""role"":""input"",""rule"":""원문·기존 ID·값 상태·설정 상태·근거·판본을 보존하고 확정 상태를 새로 추정하지 않음. legacy_locator를 이관레코드 관계로 연결."",""source_selector"":""all_data_rows""}]",원문·기존 ID·값 상태·설정 상태·근거·판본을 보존하고 확정 상태를 새로 추정하지 않음. legacy_locator를 이관레코드 관계로 연결.,C-05;H-03;H-06,T-004;T-009;T-013;T-016;T-017;T-021;T-025;T-080,PH0/REG-V1_online.xlsx#xl/worksheets/sheet12.xml:K; literal=PH1/literal_cells.csv; formulas=PH1/formula_patterns_and_dependencies.json,false,실행시점 online XLSX + native 8행 관측; 원본 내용 이관 아님,PH1 상세 설계 초안 · 온라인 작성/이관/운영 시험 미실행,미실행,미실행,명세 정적 coverage만 확인; 운영 시험 아님
REG-V1,1EACdRIiAPGk4LAbttpXZiJd_cuqIh-cVi4jQsbfmqDw,91414319,11 역사 사건,L,REG-V1:91414319:L,설정 상태,string,input,드롭다운에서 현재 승인 상태를 선택합니다. 확정/초안/검토 필요/폐기 등의 의미를 구분해 사용합니다.,MAP-012,"[{""file_code"":""C00"",""table"":""수동사건"",""field"":""setting_status"",""role"":""input"",""rule"":""원문·기존 ID·값 상태·설정 상태·근거·판본을 보존하고 확정 상태를 새로 추정하지 않음. legacy_locator를 이관레코드 관계로 연결."",""source_selector"":""all_data_rows""}]",원문·기존 ID·값 상태·설정 상태·근거·판본을 보존하고 확정 상태를 새로 추정하지 않음. legacy_locator를 이관레코드 관계로 연결.,C-05;H-03;H-06,T-004;T-009;T-013;T-016;T-017;T-021;T-025;T-080,PH0/REG-V1_online.xlsx#xl/worksheets/sheet12.xml:L; literal=PH1/literal_cells.csv; formulas=PH1/formula_patterns_and_dependencies.json,false,실행시점 online XLSX + native 8행 관측; 원본 내용 이관 아님,PH1 상세 설계 초안 · 온라인 작성/이관/운영 시험 미실행,미실행,미실행,명세 정적 coverage만 확인; 운영 시험 아님
REG-V1,1EACdRIiAPGk4LAbttpXZiJd_cuqIh-cVi4jQsbfmqDw,91414319,11 역사 사건,M,REG-V1:91414319:M,출처 ID,string,display_review,직접 입력. 「90 출처」에서 부여한 출처 ID를 입력합니다. 옆 출처명은 자동 조회됩니다.,MAP-012,"[{""file_code"":""C00"",""table"":""수동사건"",""field"":""source_id"",""role"":""input"",""rule"":""원문·기존 ID·값 상태·설정 상태·근거·판본을 보존하고 확정 상태를 새로 추정하지 않음. legacy_locator를 이관레코드 관계로 연결."",""source_selector"":""all_data_rows""}]",원문·기존 ID·값 상태·설정 상태·근거·판본을 보존하고 확정 상태를 새로 추정하지 않음. legacy_locator를 이관레코드 관계로 연결.,C-05;H-03;H-06,T-004;T-009;T-013;T-016;T-017;T-021;T-025;T-080,PH0/REG-V1_online.xlsx#xl/worksheets/sheet12.xml:M; literal=PH1/literal_cells.csv; formulas=PH1/formula_patterns_and_dependencies.json,false,실행시점 online XLSX + native 8행 관측; 원본 내용 이관 아님,PH1 상세 설계 초안 · 온라인 작성/이관/운영 시험 미실행,미실행,미실행,명세 정적 coverage만 확인; 운영 시험 아님
REG-V1,1EACdRIiAPGk4LAbttpXZiJd_cuqIh-cVi4jQsbfmqDw,91414319,11 역사 사건,N,REG-V1:91414319:N,출처명,string,formula,자동 조회 열입니다. 직접 입력하지 않습니다. 대응하는 ID를 입력하면 마스터 시트의 한글명이 표시됩니다.,MAP-012,"[{""file_code"":""C00"",""table"":""수동사건"",""field"":""source_name"",""role"":""formula"",""rule"":""원문·기존 ID·값 상태·설정 상태·근거·판본을 보존하고 확정 상태를 새로 추정하지 않음. legacy_locator를 이관레코드 관계로 연결."",""source_selector"":""all_data_rows""}]",원문·기존 ID·값 상태·설정 상태·근거·판본을 보존하고 확정 상태를 새로 추정하지 않음. legacy_locator를 이관레코드 관계로 연결.,C-05;H-03;H-06,T-004;T-009;T-013;T-016;T-017;T-021;T-025;T-080,PH0/REG-V1_online.xlsx#xl/worksheets/sheet12.xml:N; literal=PH1/literal_cells.csv; formulas=PH1/formula_patterns_and_dependencies.json,false,실행시점 online XLSX + native 8행 관측; 원본 내용 이관 아님,PH1 상세 설계 초안 · 온라인 작성/이관/운영 시험 미실행,미실행,미실행,명세 정적 coverage만 확인; 운영 시험 아님
REG-V1,1EACdRIiAPGk4LAbttpXZiJd_cuqIh-cVi4jQsbfmqDw,91414319,11 역사 사건,O,REG-V1:91414319:O,비고,string,input,선택 입력. 다른 열로 표현하기 어려운 예외·주의사항·검토할 질문을 기록합니다.,MAP-012,"[{""file_code"":""C00"",""table"":""수동사건"",""field"":""notes"",""role"":""input"",""rule"":""원문·기존 ID·값 상태·설정 상태·근거·판본을 보존하고 확정 상태를 새로 추정하지 않음. legacy_locator를 이관레코드 관계로 연결."",""source_selector"":""all_data_rows""}]",원문·기존 ID·값 상태·설정 상태·근거·판본을 보존하고 확정 상태를 새로 추정하지 않음. legacy_locator를 이관레코드 관계로 연결.,C-05;H-03;H-06,T-004;T-009;T-013;T-016;T-017;T-021;T-025;T-080,PH0/REG-V1_online.xlsx#xl/worksheets/sheet12.xml:O; literal=PH1/literal_cells.csv; formulas=PH1/formula_patterns_and_dependencies.json,false,실행시점 online XLSX + native 8행 관측; 원본 내용 이관 아님,PH1 상세 설계 초안 · 온라인 작성/이관/운영 시험 미실행,미실행,미실행,명세 정적 coverage만 확인; 운영 시험 아님
REG-V1,1EACdRIiAPGk4LAbttpXZiJd_cuqIh-cVi4jQsbfmqDw,552935386,90 출처,A,REG-V1:552935386:A,출처 ID,string,input,직접 입력. 이 출처 자료 자체에 새로 부여하는 영구 출처 ID입니다. 다른 시트의 「출처 ID」 열에서 이 값을 참조합니다.,MAP-027,"[{""file_code"":""C00"",""table"":""출처레지스트리"",""field"":""source_id"",""role"":""input"",""rule"":""ID·URL·판본·시점·정본 상태 원문 보존. 양 파일에서 ID가 같아도 내용이 다르면 source_namespace로 분리하여 충돌표에 등록."",""source_selector"":""all_data_rows""}]",원문·기존 ID·값 상태·설정 상태·근거·판본을 보존하고 확정 상태를 새로 추정하지 않음. legacy_locator를 이관레코드 관계로 연결.,C-03,T-004;T-009;T-013;T-012;T-014,PH0/REG-V1_online.xlsx#xl/worksheets/sheet27.xml:A; literal=PH1/literal_cells.csv; formulas=PH1/formula_patterns_and_dependencies.json,false,실행시점 online XLSX + native 8행 관측; 원본 내용 이관 아님,PH1 상세 설계 초안 · 온라인 작성/이관/운영 시험 미실행,미실행,미실행,명세 정적 coverage만 확인; 운영 시험 아님
REG-V1,1EACdRIiAPGk4LAbttpXZiJd_cuqIh-cVi4jQsbfmqDw,552935386,90 출처,B,REG-V1:552935386:B,문서명,string,input,직접 입력. 공식 한글 표기명을 기록합니다. 개명 시 ID는 유지하고 이름만 수정합니다.,MAP-027,"[{""file_code"":""C00"",""table"":""출처레지스트리"",""field"":""source_title"",""role"":""input"",""rule"":""ID·URL·판본·시점·정본 상태 원문 보존. 양 파일에서 ID가 같아도 내용이 다르면 source_namespace로 분리하여 충돌표에 등록."",""source_selector"":""all_data_rows""}]",원문·기존 ID·값 상태·설정 상태·근거·판본을 보존하고 확정 상태를 새로 추정하지 않음. legacy_locator를 이관레코드 관계로 연결.,C-03,T-004;T-009;T-013;T-012;T-014,PH0/REG-V1_online.xlsx#xl/worksheets/sheet27.xml:B; literal=PH1/literal_cells.csv; formulas=PH1/formula_patterns_and_dependencies.json,false,실행시점 online XLSX + native 8행 관측; 원본 내용 이관 아님,PH1 상세 설계 초안 · 온라인 작성/이관/운영 시험 미실행,미실행,미실행,명세 정적 coverage만 확인; 운영 시험 아님
REG-V1,1EACdRIiAPGk4LAbttpXZiJd_cuqIh-cVi4jQsbfmqDw,552935386,90 출처,C,REG-V1:552935386:C,문서 종류,string,input,"직접 입력. Markdown, Google Docs, PDF, 지도 이미지 등 출처 자료의 종류를 기록합니다.",MAP-027,"[{""file_code"":""C00"",""table"":""출처레지스트리"",""field"":""source_kind"",""role"":""input"",""rule"":""ID·URL·판본·시점·정본 상태 원문 보존. 양 파일에서 ID가 같아도 내용이 다르면 source_namespace로 분리하여 충돌표에 등록."",""source_selector"":""all_data_rows""}]",원문·기존 ID·값 상태·설정 상태·근거·판본을 보존하고 확정 상태를 새로 추정하지 않음. legacy_locator를 이관레코드 관계로 연결.,C-03,T-004;T-009;T-013;T-012;T-014,PH0/REG-V1_online.xlsx#xl/worksheets/sheet27.xml:C; literal=PH1/literal_cells.csv; formulas=PH1/formula_patterns_and_dependencies.json,false,실행시점 online XLSX + native 8행 관측; 원본 내용 이관 아님,PH1 상세 설계 초안 · 온라인 작성/이관/운영 시험 미실행,미실행,미실행,명세 정적 coverage만 확인; 운영 시험 아님
REG-V1,1EACdRIiAPGk4LAbttpXZiJd_cuqIh-cVi4jQsbfmqDw,552935386,90 출처,D,REG-V1:552935386:D,판본,string,input,직접 입력. 출처 문서의 버전·판본을 기록합니다.,MAP-027,"[{""file_code"":""C00"",""table"":""출처레지스트리"",""field"":""edition_raw"",""role"":""input"",""rule"":""ID·URL·판본·시점·정본 상태 원문 보존. 양 파일에서 ID가 같아도 내용이 다르면 source_namespace로 분리하여 충돌표에 등록."",""source_selector"":""all_data_rows""}]",원문·기존 ID·값 상태·설정 상태·근거·판본을 보존하고 확정 상태를 새로 추정하지 않음. legacy_locator를 이관레코드 관계로 연결.,C-03,T-004;T-009;T-013;T-012;T-014,PH0/REG-V1_online.xlsx#xl/worksheets/sheet27.xml:D; literal=PH1/literal_cells.csv; formulas=PH1/formula_patterns_and_dependencies.json,false,실행시점 online XLSX + native 8행 관측; 원본 내용 이관 아님,PH1 상세 설계 초안 · 온라인 작성/이관/운영 시험 미실행,미실행,미실행,명세 정적 coverage만 확인; 운영 시험 아님
REG-V1,1EACdRIiAPGk4LAbttpXZiJd_cuqIh-cVi4jQsbfmqDw,552935386,90 출처,E,REG-V1:552935386:E,원문 위치,string,input,직접 입력. 절·쪽·표·문단·행 등 원문에서 해당 사실을 다시 찾을 수 있는 위치를 기록합니다.,MAP-027,"[{""file_code"":""C00"",""table"":""출처레지스트리"",""field"":""original_location"",""role"":""input"",""rule"":""ID·URL·판본·시점·정본 상태 원문 보존. 양 파일에서 ID가 같아도 내용이 다르면 source_namespace로 분리하여 충돌표에 등록."",""source_selector"":""all_data_rows""}]",원문·기존 ID·값 상태·설정 상태·근거·판본을 보존하고 확정 상태를 새로 추정하지 않음. legacy_locator를 이관레코드 관계로 연결.,C-03,T-004;T-009;T-013;T-012;T-014,PH0/REG-V1_online.xlsx#xl/worksheets/sheet27.xml:E; literal=PH1/literal_cells.csv; formulas=PH1/formula_patterns_and_dependencies.json,false,실행시점 online XLSX + native 8행 관측; 원본 내용 이관 아님,PH1 상세 설계 초안 · 온라인 작성/이관/운영 시험 미실행,미실행,미실행,명세 정적 coverage만 확인; 운영 시험 아님
REG-V1,1EACdRIiAPGk4LAbttpXZiJd_cuqIh-cVi4jQsbfmqDw,552935386,90 출처,F,REG-V1:552935386:F,링크,string,input,선택 입력. 원문 문서나 파일을 열 수 있는 링크를 기록합니다.,MAP-027,"[{""file_code"":""C00"",""table"":""출처레지스트리"",""field"":""url"",""role"":""input"",""rule"":""ID·URL·판본·시점·정본 상태 원문 보존. 양 파일에서 ID가 같아도 내용이 다르면 source_namespace로 분리하여 충돌표에 등록."",""source_selector"":""all_data_rows""}]",원문·기존 ID·값 상태·설정 상태·근거·판본을 보존하고 확정 상태를 새로 추정하지 않음. legacy_locator를 이관레코드 관계로 연결.,C-03,T-004;T-009;T-013;T-012;T-014,PH0/REG-V1_online.xlsx#xl/worksheets/sheet27.xml:F; literal=PH1/literal_cells.csv; formulas=PH1/formula_patterns_and_dependencies.json,false,실행시점 online XLSX + native 8행 관측; 원본 내용 이관 아님,PH1 상세 설계 초안 · 온라인 작성/이관/운영 시험 미실행,미실행,미실행,명세 정적 coverage만 확인; 운영 시험 아님
REG-V1,1EACdRIiAPGk4LAbttpXZiJd_cuqIh-cVi4jQsbfmqDw,552935386,90 출처,G,REG-V1:552935386:G,정본 상태,string,input,드롭다운에서 현재 승인 상태를 선택합니다. 확정/초안/검토 필요/폐기 등의 의미를 구분해 사용합니다.,MAP-027,"[{""file_code"":""C00"",""table"":""출처레지스트리"",""field"":""canon_status"",""role"":""input"",""rule"":""ID·URL·판본·시점·정본 상태 원문 보존. 양 파일에서 ID가 같아도 내용이 다르면 source_namespace로 분리하여 충돌표에 등록."",""source_selector"":""all_data_rows""}]",원문·기존 ID·값 상태·설정 상태·근거·판본을 보존하고 확정 상태를 새로 추정하지 않음. legacy_locator를 이관레코드 관계로 연결.,C-03,T-004;T-009;T-013;T-012;T-014,PH0/REG-V1_online.xlsx#xl/worksheets/sheet27.xml:G; literal=PH1/literal_cells.csv; formulas=PH1/formula_patterns_and_dependencies.json,false,실행시점 online XLSX + native 8행 관측; 원본 내용 이관 아님,PH1 상세 설계 초안 · 온라인 작성/이관/운영 시험 미실행,미실행,미실행,명세 정적 coverage만 확인; 운영 시험 아님
REG-V1,1EACdRIiAPGk4LAbttpXZiJd_cuqIh-cVi4jQsbfmqDw,552935386,90 출처,H,REG-V1:552935386:H,작성/수정일,string,input,현실 세계의 자료 작성/수정일을 기록합니다. 세계관 속 연대와 혼동하지 않습니다.,MAP-027,"[{""file_code"":""C00"",""table"":""출처레지스트리"",""field"":""modified_at_raw"",""role"":""input"",""rule"":""ID·URL·판본·시점·정본 상태 원문 보존. 양 파일에서 ID가 같아도 내용이 다르면 source_namespace로 분리하여 충돌표에 등록."",""source_selector"":""all_data_rows""}]",원문·기존 ID·값 상태·설정 상태·근거·판본을 보존하고 확정 상태를 새로 추정하지 않음. legacy_locator를 이관레코드 관계로 연결.,C-03,T-004;T-009;T-013;T-012;T-014,PH0/REG-V1_online.xlsx#xl/worksheets/sheet27.xml:H; literal=PH1/literal_cells.csv; formulas=PH1/formula_patterns_and_dependencies.json,false,실행시점 online XLSX + native 8행 관측; 원본 내용 이관 아님,PH1 상세 설계 초안 · 온라인 작성/이관/운영 시험 미실행,미실행,미실행,명세 정적 coverage만 확인; 운영 시험 아님
REG-V1,1EACdRIiAPGk4LAbttpXZiJd_cuqIh-cVi4jQsbfmqDw,552935386,90 출처,I,REG-V1:552935386:I,비고,string,input,선택 입력. 다른 열로 표현하기 어려운 예외·주의사항·검토할 질문을 기록합니다.,MAP-027,"[{""file_code"":""C00"",""table"":""출처레지스트리"",""field"":""notes"",""role"":""input"",""rule"":""ID·URL·판본·시점·정본 상태 원문 보존. 양 파일에서 ID가 같아도 내용이 다르면 source_namespace로 분리하여 충돌표에 등록."",""source_selector"":""all_data_rows""}]",원문·기존 ID·값 상태·설정 상태·근거·판본을 보존하고 확정 상태를 새로 추정하지 않음. legacy_locator를 이관레코드 관계로 연결.,C-03,T-004;T-009;T-013;T-012;T-014,PH0/REG-V1_online.xlsx#xl/worksheets/sheet27.xml:I; literal=PH1/literal_cells.csv; formulas=PH1/formula_patterns_and_dependencies.json,false,실행시점 online XLSX + native 8행 관측; 원본 내용 이관 아님,PH1 상세 설계 초안 · 온라인 작성/이관/운영 시험 미실행,미실행,미실행,명세 정적 coverage만 확인; 운영 시험 아님
REG-V1,1EACdRIiAPGk4LAbttpXZiJd_cuqIh-cVi4jQsbfmqDw,900230000,00_기준_메타,A,REG-V1:900230000:A,항목,string,input,셀 내용 전수의 literal/formula/헤더 기반 초안,MAP-028,"[{""file_code"":""C00"",""table"":""설정출처대응"",""field"":""source_key"",""role"":""archive"",""rule"":""원래 설정 이름을 아래 값의 목적지와 연결하는 행별 대응 키로 보존."",""source_selector"":""row=2;key=planet_scope_id""},{""file_code"":""C00"",""table"":""설정출처대응"",""field"":""source_key"",""role"":""archive"",""rule"":""원래 설정 이름을 아래 값의 목적지와 연결하는 행별 대응 키로 보존."",""source_selector"":""row=3;key=기본 루트""},{""file_code"":""C00"",""table"":""설정출처대응"",""field"":""source_key"",""role"":""archive"",""rule"":""원래 설정 이름을 아래 값의 목적지와 연결하는 행별 대응 키로 보존."",""source_selector"":""row=4;key=집계 층위""},{""file_code"":""C00"",""table"":""설정출처대응"",""field"":""source_key"",""role"":""archive"",""rule"":""원래 설정 이름을 아래 값의 목적지와 연결하는 행별 대응 키로 보존."",""source_selector"":""row=5;key=공식 인구 정의""},{""file_code"":""C00"",""table"":""설정출처대응"",""field"":""source_key"",""role"":""archive"",""rule"":""원래 설정 이름을 아래 값의 목적지와 연결하는 행별 대응 키로 보존."",""source_selector"":""row=6;key=단위""},{""file_code"":""C00"",""table"":""설정출처대응"",""field"":""source_key"",""role"":""archive"",""rule"":""원래 설정 이름을 아래 값의 목적지와 연결하는 행별 대응 키로 보존."",""source_selector"":""row=7;key=구형 제2기""},{""file_code"":""C00"",""table"":""설정출처대응"",""field"":""source_key"",""role"":""archive"",""rule"":""원래 설정 이름을 아래 값의 목적지와 연결하는 행별 대응 키로 보존."",""source_selector"":""row=8;key=현행 제2기""},{""file_code"":""C00"",""table"":""설정출처대응"",""field"":""source_key"",""role"":""archive"",""rule"":""원래 설정 이름을 아래 값의 목적지와 연결하는 행별 대응 키로 보존."",""source_selector"":""row=9;key=채택 규칙""},{""file_code"":""C00"",""table"":""설정출처대응"",""field"":""source_key"",""role"":""archive"",""rule"":""원래 설정 이름을 아래 값의 목적지와 연결하는 행별 대응 키로 보존."",""source_selector"":""row=10;key=합산 완료""},{""file_code"":""C00"",""table"":""설정출처대응"",""field"":""source_key"",""role"":""archive"",""rule"":""원래 설정 이름을 아래 값의 목적지와 연결하는 행별 대응 키로 보존."",""source_selector"":""row=11;key=자료 입력""},{""file_code"":""C00"",""table"":""설정출처대응"",""field"":""source_key"",""role"":""archive"",""rule"":""원래 설정 이름을 아래 값의 목적지와 연결하는 행별 대응 키로 보존."",""source_selector"":""row=12;key=지역 원본""},{""file_code"":""C00"",""table"":""설정출처대응"",""field"":""source_key"",""role"":""archive"",""rule"":""원래 설정 이름을 아래 값의 목적지와 연결하는 행별 대응 키로 보존."",""source_selector"":""row=13;key=지역 관계""},{""file_code"":""C00"",""table"":""설정출처대응"",""field"":""source_key"",""role"":""archive"",""rule"":""원래 설정 이름을 아래 값의 목적지와 연결하는 행별 대응 키로 보존."",""source_selector"":""row=14;key=환경 원본""},{""file_code"":""C00"",""table"":""설정출처대응"",""field"":""source_key"",""role"":""archive"",""rule"":""원래 설정 이름을 아래 값의 목적지와 연결하는 행별 대응 키로 보존."",""source_selector"":""row=15;key=정치 관계 원본""},{""file_code"":""C00"",""table"":""설정출처대응"",""field"":""source_key"",""role"":""archive"",""rule"":""원래 설정 이름을 아래 값의 목적지와 연결하는 행별 대응 키로 보존."",""source_selector"":""row=16;key=출처 원본""},{""file_code"":""C00"",""table"":""설정출처대응"",""field"":""source_key"",""role"":""archive"",""rule"":""원래 설정 이름을 아래 값의 목적지와 연결하는 행별 대응 키로 보존."",""source_selector"":""row=17;key=연도 경계""},{""file_code"":""C00"",""table"":""설정출처대응"",""field"":""source_key"",""role"":""archive"",""rule"":""원래 설정 이름을 아래 값의 목적지와 연결하는 행별 대응 키로 보존."",""source_selector"":""row=18;key=입력 용량""},{""file_code"":""C00"",""table"":""설정출처대응"",""field"":""source_key"",""role"":""archive"",""rule"":""원래 설정 이름을 아래 값의 목적지와 연결하는 행별 대응 키로 보존."",""source_selector"":""row=19;key=GDP 분류""},{""file_code"":""C00"",""table"":""설정출처대응"",""field"":""source_key"",""role"":""archive"",""rule"":""원래 설정 이름을 아래 값의 목적지와 연결하는 행별 대응 키로 보존."",""source_selector"":""row=20;key=연방 국가 데이터""}]",원문·기존 ID·값 상태·설정 상태·근거·판본을 보존하고 확정 상태를 새로 추정하지 않음. legacy_locator를 이관레코드 관계로 연결.,C-01;C-07;H-01;H-09,T-004;T-009;T-013;T-019;T-020;T-022;T-068;T-077;T-078,PH0/REG-V1_online.xlsx#xl/worksheets/sheet28.xml:A; literal=PH1/literal_cells.csv; formulas=PH1/formula_patterns_and_dependencies.json,false,실행시점 online XLSX + native 8행 관측; 원본 내용 이관 아님,PH1 상세 설계 초안 · 온라인 작성/이관/운영 시험 미실행,미실행,미실행,명세 정적 coverage만 확인; 운영 시험 아님
REG-V1,1EACdRIiAPGk4LAbttpXZiJd_cuqIh-cVi4jQsbfmqDw,900230000,00_기준_메타,B,REG-V1:900230000:B,값,"string,number",mixed_input_formula_review,셀 내용 전수의 literal/formula/헤더 기반 초안,MAP-028,"[{""file_code"":""R10"",""table"":""분야설정"",""field"":""default_planet_id"",""role"":""input"",""rule"":""원문 값을 이 설정의 근거 후보로 연결; 동일 기준의 중복 메타는 C00 정본 원본을 참조하며 독립 재입력처를 만들지 않음."",""source_selector"":""row=2;key=planet_scope_id""},{""file_code"":""C00"",""table"":""입력기본값"",""field"":""default_route"",""role"":""input"",""rule"":""원문 값을 이 설정의 근거 후보로 연결; 동일 기준의 중복 메타는 C00 정본 원본을 참조하며 독립 재입력처를 만들지 않음."",""source_selector"":""row=3;key=기본 루트""},{""file_code"":""R20"",""table"":""집계설정"",""field"":""aggregation_level"",""role"":""input"",""rule"":""원문 값을 이 설정의 근거 후보로 연결; 동일 기준의 중복 메타는 C00 정본 원본을 참조하며 독립 재입력처를 만들지 않음."",""source_selector"":""row=4;key=집계 층위""},{""file_code"":""C00"",""table"":""인구정의"",""field"":""definition_name"",""role"":""input"",""rule"":""원문 값을 이 설정의 근거 후보로 연결; 동일 기준의 중복 메타는 C00 정본 원본을 참조하며 독립 재입력처를 만들지 않음."",""source_selector"":""row=5;key=공식 인구 정의""},{""file_code"":""C00"",""table"":""단위정의"",""field"":""units_raw"",""role"":""input"",""rule"":""원문 값을 이 설정의 근거 후보로 연결; 동일 기준의 중복 메타는 C00 정본 원본을 참조하며 독립 재입력처를 만들지 않음."",""source_selector"":""row=6;key=단위""},{""file_code"":""C00"",""table"":""기년대응"",""field"":""legacy_era_description"",""role"":""input"",""rule"":""원문 값을 이 설정의 근거 후보로 연결; 동일 기준의 중복 메타는 C00 정본 원본을 참조하며 독립 재입력처를 만들지 않음."",""source_selector"":""row=7;key=구형 제2기""},{""file_code"":""C00"",""table"":""기년대응"",""field"":""current_era_description"",""role"":""input"",""rule"":""원문 값을 이 설정의 근거 후보로 연결; 동일 기준의 중복 메타는 C00 정본 원본을 참조하며 독립 재입력처를 만들지 않음."",""source_selector"":""row=8;key=현행 제2기""},{""file_code"":""C00"",""table"":""계산정책"",""field"":""selection_rule_raw"",""role"":""input"",""rule"":""원문 값을 이 설정의 근거 후보로 연결; 동일 기준의 중복 메타는 C00 정본 원본을 참조하며 독립 재입력처를 만들지 않음."",""source_selector"":""row=9;key=채택 규칙""},{""file_code"":""C00"",""table"":""계산정책"",""field"":""coverage_rule_raw"",""role"":""input"",""rule"":""원문 값을 이 설정의 근거 후보로 연결; 동일 기준의 중복 메타는 C00 정본 원본을 참조하며 독립 재입력처를 만들지 않음."",""source_selector"":""row=10;key=합산 완료""},{""file_code"":""H90"",""table"":""운영안내"",""field"":""input_route_legacy"",""role"":""archive"",""rule"":""구판 탭·주소·용량·완료 문구를 이전 운영기록으로 보존. V2 연결식/용량/검증완료 값으로 재사용하지 않음."",""source_selector"":""row=11;key=자료 입력""},{""file_code"":""H90"",""table"":""운영안내"",""field"":""region_owner_legacy"",""role"":""archive"",""rule"":""구판 탭·주소·용량·완료 문구를 이전 운영기록으로 보존. V2 연결식/용량/검증완료 값으로 재사용하지 않음."",""source_selector"":""row=12;key=지역 원본""},{""file_code"":""H90"",""table"":""운영안내"",""field"":""region_relation_legacy"",""role"":""archive"",""rule"":""구판 탭·주소·용량·완료 문구를 이전 운영기록으로 보존. V2 연결식/용량/검증완료 값으로 재사용하지 않음."",""source_selector"":""row=13;key=지역 관계""},{""file_code"":""H90"",""table"":""운영안내"",""field"":""environment_owner_legacy"",""role"":""archive"",""rule"":""구판 탭·주소·용량·완료 문구를 이전 운영기록으로 보존. V2 연결식/용량/검증완료 값으로 재사용하지 않음."",""source_selector"":""row=14;key=환경 원본""},{""file_code"":""H90"",""table"":""운영안내"",""field"":""territory_owner_legacy"",""role"":""archive"",""rule"":""구판 탭·주소·용량·완료 문구를 이전 운영기록으로 보존. V2 연결식/용량/검증완료 값으로 재사용하지 않음."",""source_selector"":""row=15;key=정치 관계 원본""},{""file_code"":""H90"",""table"":""운영안내"",""field"":""source_owner_legacy"",""role"":""archive"",""rule"":""구판 탭·주소·용량·완료 문구를 이전 운영기록으로 보존. V2 연결식/용량/검증완료 값으로 재사용하지 않음."",""source_selector"":""row=16;key=출처 원본""},{""file_code"":""C00"",""table"":""시간정책"",""field"":""annual_boundary_rule_raw"",""role"":""input"",""rule"":""원문 값을 이 설정의 근거 후보로 연결; 동일 기준의 중복 메타는 C00 정본 원본을 참조하며 독립 재입력처를 만들지 않음."",""source_selector"":""row=17;key=연도 경계""},{""file_code"":""C00"",""table"":""범위레지스트리"",""field"":""legacy_input_capacity"",""role"":""archive"",""rule"":""구판 탭·주소·용량·완료 문구를 이전 운영기록으로 보존. V2 연결식/용량/검증완료 값으로 재사용하지 않음."",""source_selector"":""row=18;key=입력 용량""},{""file_code"":""C00"",""table"":""지표사전"",""field"":""gdp_classification_rule"",""role"":""input"",""rule"":""원문 값을 이 설정의 근거 후보로 연결; 동일 기준의 중복 메타는 C00 정본 원본을 참조하며 독립 재입력처를 만들지 않음."",""source_selector"":""row=19;key=GDP 분류""},{""file_code"":""C00"",""table"":""보존링크"",""field"":""legacy_target_url"",""role"":""archive"",""rule"":""구판 탭·주소·용량·완료 문구를 이전 운영기록으로 보존. V2 연결식/용량/검증완료 값으로 재사용하지 않음."",""source_selector"":""row=20;key=연방 국가 데이터""}]",원문·기존 ID·값 상태·설정 상태·근거·판본을 보존하고 확정 상태를 새로 추정하지 않음. legacy_locator를 이관레코드 관계로 연결.,C-01;C-07;H-01;H-09,T-004;T-009;T-013;T-019;T-020;T-022;T-068;T-077;T-078,PH0/REG-V1_online.xlsx#xl/worksheets/sheet28.xml:B; literal=PH1/literal_cells.csv; formulas=PH1/formula_patterns_and_dependencies.json,false,실행시점 online XLSX + native 8행 관측; 원본 내용 이관 아님,PH1 상세 설계 초안 · 온라인 작성/이관/운영 시험 미실행,미실행,미실행,명세 정적 coverage만 확인; 운영 시험 아님
REG-V1,1EACdRIiAPGk4LAbttpXZiJd_cuqIh-cVi4jQsbfmqDw,900230000,00_기준_메타,C,REG-V1:900230000:C,설명,string,input,셀 내용 전수의 literal/formula/헤더 기반 초안,MAP-028,"[{""file_code"":""C00"",""table"":""설정출처대응"",""field"":""description_raw"",""role"":""archive"",""rule"":""과거 탭 좌표가 포함된 설명 원문을 보존. 새 입력경로 설명은 H90 운영안내에서 별도 재작성하며 구판 설명을 작동 지시로 표시하지 않음."",""source_selector"":""row=2;key=planet_scope_id""},{""file_code"":""C00"",""table"":""설정출처대응"",""field"":""description_raw"",""role"":""archive"",""rule"":""과거 탭 좌표가 포함된 설명 원문을 보존. 새 입력경로 설명은 H90 운영안내에서 별도 재작성하며 구판 설명을 작동 지시로 표시하지 않음."",""source_selector"":""row=3;key=기본 루트""},{""file_code"":""C00"",""table"":""설정출처대응"",""field"":""description_raw"",""role"":""archive"",""rule"":""과거 탭 좌표가 포함된 설명 원문을 보존. 새 입력경로 설명은 H90 운영안내에서 별도 재작성하며 구판 설명을 작동 지시로 표시하지 않음."",""source_selector"":""row=4;key=집계 층위""},{""file_code"":""C00"",""table"":""설정출처대응"",""field"":""description_raw"",""role"":""archive"",""rule"":""과거 탭 좌표가 포함된 설명 원문을 보존. 새 입력경로 설명은 H90 운영안내에서 별도 재작성하며 구판 설명을 작동 지시로 표시하지 않음."",""source_selector"":""row=5;key=공식 인구 정의""},{""file_code"":""C00"",""table"":""설정출처대응"",""field"":""description_raw"",""role"":""archive"",""rule"":""과거 탭 좌표가 포함된 설명 원문을 보존. 새 입력경로 설명은 H90 운영안내에서 별도 재작성하며 구판 설명을 작동 지시로 표시하지 않음."",""source_selector"":""row=6;key=단위""},{""file_code"":""C00"",""table"":""설정출처대응"",""field"":""description_raw"",""role"":""archive"",""rule"":""과거 탭 좌표가 포함된 설명 원문을 보존. 새 입력경로 설명은 H90 운영안내에서 별도 재작성하며 구판 설명을 작동 지시로 표시하지 않음."",""source_selector"":""row=7;key=구형 제2기""},{""file_code"":""C00"",""table"":""설정출처대응"",""field"":""description_raw"",""role"":""archive"",""rule"":""과거 탭 좌표가 포함된 설명 원문을 보존. 새 입력경로 설명은 H90 운영안내에서 별도 재작성하며 구판 설명을 작동 지시로 표시하지 않음."",""source_selector"":""row=8;key=현행 제2기""},{""file_code"":""C00"",""table"":""설정출처대응"",""field"":""description_raw"",""role"":""archive"",""rule"":""과거 탭 좌표가 포함된 설명 원문을 보존. 새 입력경로 설명은 H90 운영안내에서 별도 재작성하며 구판 설명을 작동 지시로 표시하지 않음."",""source_selector"":""row=9;key=채택 규칙""},{""file_code"":""C00"",""table"":""설정출처대응"",""field"":""description_raw"",""role"":""archive"",""rule"":""과거 탭 좌표가 포함된 설명 원문을 보존. 새 입력경로 설명은 H90 운영안내에서 별도 재작성하며 구판 설명을 작동 지시로 표시하지 않음."",""source_selector"":""row=10;key=합산 완료""},{""file_code"":""C00"",""table"":""설정출처대응"",""field"":""description_raw"",""role"":""archive"",""rule"":""과거 탭 좌표가 포함된 설명 원문을 보존. 새 입력경로 설명은 H90 운영안내에서 별도 재작성하며 구판 설명을 작동 지시로 표시하지 않음."",""source_selector"":""row=11;key=자료 입력""},{""file_code"":""C00"",""table"":""설정출처대응"",""field"":""description_raw"",""role"":""archive"",""rule"":""과거 탭 좌표가 포함된 설명 원문을 보존. 새 입력경로 설명은 H90 운영안내에서 별도 재작성하며 구판 설명을 작동 지시로 표시하지 않음."",""source_selector"":""row=12;key=지역 원본""},{""file_code"":""C00"",""table"":""설정출처대응"",""field"":""description_raw"",""role"":""archive"",""rule"":""과거 탭 좌표가 포함된 설명 원문을 보존. 새 입력경로 설명은 H90 운영안내에서 별도 재작성하며 구판 설명을 작동 지시로 표시하지 않음."",""source_selector"":""row=13;key=지역 관계""},{""file_code"":""C00"",""table"":""설정출처대응"",""field"":""description_raw"",""role"":""archive"",""rule"":""과거 탭 좌표가 포함된 설명 원문을 보존. 새 입력경로 설명은 H90 운영안내에서 별도 재작성하며 구판 설명을 작동 지시로 표시하지 않음."",""source_selector"":""row=14;key=환경 원본""},{""file_code"":""C00"",""table"":""설정출처대응"",""field"":""description_raw"",""role"":""archive"",""rule"":""과거 탭 좌표가 포함된 설명 원문을 보존. 새 입력경로 설명은 H90 운영안내에서 별도 재작성하며 구판 설명을 작동 지시로 표시하지 않음."",""source_selector"":""row=15;key=정치 관계 원본""},{""file_code"":""C00"",""table"":""설정출처대응"",""field"":""description_raw"",""role"":""archive"",""rule"":""과거 탭 좌표가 포함된 설명 원문을 보존. 새 입력경로 설명은 H90 운영안내에서 별도 재작성하며 구판 설명을 작동 지시로 표시하지 않음."",""source_selector"":""row=16;key=출처 원본""},{""file_code"":""C00"",""table"":""설정출처대응"",""field"":""description_raw"",""role"":""archive"",""rule"":""과거 탭 좌표가 포함된 설명 원문을 보존. 새 입력경로 설명은 H90 운영안내에서 별도 재작성하며 구판 설명을 작동 지시로 표시하지 않음."",""source_selector"":""row=17;key=연도 경계""},{""file_code"":""C00"",""table"":""설정출처대응"",""field"":""description_raw"",""role"":""archive"",""rule"":""과거 탭 좌표가 포함된 설명 원문을 보존. 새 입력경로 설명은 H90 운영안내에서 별도 재작성하며 구판 설명을 작동 지시로 표시하지 않음."",""source_selector"":""row=18;key=입력 용량""},{""file_code"":""C00"",""table"":""설정출처대응"",""field"":""description_raw"",""role"":""archive"",""rule"":""과거 탭 좌표가 포함된 설명 원문을 보존. 새 입력경로 설명은 H90 운영안내에서 별도 재작성하며 구판 설명을 작동 지시로 표시하지 않음."",""source_selector"":""row=19;key=GDP 분류""},{""file_code"":""C00"",""table"":""설정출처대응"",""field"":""description_raw"",""role"":""archive"",""rule"":""과거 탭 좌표가 포함된 설명 원문을 보존. 새 입력경로 설명은 H90 운영안내에서 별도 재작성하며 구판 설명을 작동 지시로 표시하지 않음."",""source_selector"":""row=20;key=연방 국가 데이터""}]",원문·기존 ID·값 상태·설정 상태·근거·판본을 보존하고 확정 상태를 새로 추정하지 않음. legacy_locator를 이관레코드 관계로 연결.,C-01;C-07;H-01;H-09,T-004;T-009;T-013;T-019;T-020;T-022;T-068;T-077;T-078,PH0/REG-V1_online.xlsx#xl/worksheets/sheet28.xml:C; literal=PH1/literal_cells.csv; formulas=PH1/formula_patterns_and_dependencies.json,false,실행시점 online XLSX + native 8행 관측; 원본 내용 이관 아님,PH1 상세 설계 초안 · 온라인 작성/이관/운영 시험 미실행,미실행,미실행,명세 정적 coverage만 확인; 운영 시험 아님
REG-V1,1EACdRIiAPGk4LAbttpXZiJd_cuqIh-cVi4jQsbfmqDw,900230008,99_검증,A,REG-V1:900230008:A,검사,string,input,셀 내용 전수의 literal/formula/헤더 기반 초안,MAP-036,"[{""file_code"":""H90"",""table"":""이전검증기록"",""field"":""check_name"",""role"":""archive"",""rule"":""기존 정의·수식/캐시·설명과 원래 위치를 snapshot_id로 보존. 이전 결과를 새 run_id의 성공으로 가져오지 않음."",""source_selector"":""all_data_rows""},{""file_code"":""H90"",""table"":""검사결과"",""field"":""check_name"",""role"":""validation"",""rule"":""분야 소유 검사를 읽거나 H90 교차검사를 실제 실행 후 기록. 검사대상0은 no_subject, 연결 미확인은 unverified, 실행 전은 not_run. 오류 하위식 실패를 정상0 집계로 숨기지 않음."",""source_selector"":""all_data_rows""}]",원문·기존 ID·값 상태·설정 상태·근거·판본을 보존하고 확정 상태를 새로 추정하지 않음. legacy_locator를 이관레코드 관계로 연결.,H-06;H-08,T-004;T-009;T-013;T-066;T-070;T-073;T-078;T-079,PH0/REG-V1_online.xlsx#xl/worksheets/sheet36.xml:A; literal=PH1/literal_cells.csv; formulas=PH1/formula_patterns_and_dependencies.json,false,실행시점 online XLSX + native 8행 관측; 원본 내용 이관 아님,PH1 상세 설계 초안 · 온라인 작성/이관/운영 시험 미실행,미실행,미실행,명세 정적 coverage만 확인; 운영 시험 아님
REG-V1,1EACdRIiAPGk4LAbttpXZiJd_cuqIh-cVi4jQsbfmqDw,900230008,99_검증,B,REG-V1:900230008:B,대상,string,mixed_input_formula_review,셀 내용 전수의 literal/formula/헤더 기반 초안,MAP-036,"[{""file_code"":""H90"",""table"":""이전검증기록"",""field"":""target_reference"",""role"":""archive"",""rule"":""기존 정의·수식/캐시·설명과 원래 위치를 snapshot_id로 보존. 이전 결과를 새 run_id의 성공으로 가져오지 않음."",""source_selector"":""all_data_rows""},{""file_code"":""H90"",""table"":""검사결과"",""field"":""target_reference"",""role"":""validation"",""rule"":""분야 소유 검사를 읽거나 H90 교차검사를 실제 실행 후 기록. 검사대상0은 no_subject, 연결 미확인은 unverified, 실행 전은 not_run. 오류 하위식 실패를 정상0 집계로 숨기지 않음."",""source_selector"":""all_data_rows""}]",원문·기존 ID·값 상태·설정 상태·근거·판본을 보존하고 확정 상태를 새로 추정하지 않음. legacy_locator를 이관레코드 관계로 연결.,H-06;H-08,T-004;T-009;T-013;T-066;T-070;T-073;T-078;T-079,PH0/REG-V1_online.xlsx#xl/worksheets/sheet36.xml:B; literal=PH1/literal_cells.csv; formulas=PH1/formula_patterns_and_dependencies.json,false,실행시점 online XLSX + native 8행 관측; 원본 내용 이관 아님,PH1 상세 설계 초안 · 온라인 작성/이관/운영 시험 미실행,미실행,미실행,명세 정적 coverage만 확인; 운영 시험 아님
REG-V1,1EACdRIiAPGk4LAbttpXZiJd_cuqIh-cVi4jQsbfmqDw,900230008,99_검증,C,REG-V1:900230008:C,결과,string,formula,셀 내용 전수의 literal/formula/헤더 기반 초안,MAP-036,"[{""file_code"":""H90"",""table"":""이전검증기록"",""field"":""result_raw"",""role"":""archive"",""rule"":""기존 정의·수식/캐시·설명과 원래 위치를 snapshot_id로 보존. 이전 결과를 새 run_id의 성공으로 가져오지 않음."",""source_selector"":""all_data_rows""},{""file_code"":""H90"",""table"":""검사결과"",""field"":""outcome"",""role"":""validation"",""rule"":""분야 소유 검사를 읽거나 H90 교차검사를 실제 실행 후 기록. 검사대상0은 no_subject, 연결 미확인은 unverified, 실행 전은 not_run. 오류 하위식 실패를 정상0 집계로 숨기지 않음."",""source_selector"":""all_data_rows""}]",원문·기존 ID·값 상태·설정 상태·근거·판본을 보존하고 확정 상태를 새로 추정하지 않음. legacy_locator를 이관레코드 관계로 연결.,H-06;H-08,T-004;T-009;T-013;T-066;T-070;T-073;T-078;T-079,PH0/REG-V1_online.xlsx#xl/worksheets/sheet36.xml:C; literal=PH1/literal_cells.csv; formulas=PH1/formula_patterns_and_dependencies.json,false,실행시점 online XLSX + native 8행 관측; 원본 내용 이관 아님,PH1 상세 설계 초안 · 온라인 작성/이관/운영 시험 미실행,미실행,미실행,명세 정적 coverage만 확인; 운영 시험 아님
REG-V1,1EACdRIiAPGk4LAbttpXZiJd_cuqIh-cVi4jQsbfmqDw,900230008,99_검증,D,REG-V1:900230008:D,기준·조치,string,input,셀 내용 전수의 literal/formula/헤더 기반 초안,MAP-036,"[{""file_code"":""H90"",""table"":""이전검증기록"",""field"":""action_rule_raw"",""role"":""archive"",""rule"":""기존 정의·수식/캐시·설명과 원래 위치를 snapshot_id로 보존. 이전 결과를 새 run_id의 성공으로 가져오지 않음."",""source_selector"":""all_data_rows""},{""file_code"":""H90"",""table"":""검사결과"",""field"":""action_rule"",""role"":""validation"",""rule"":""분야 소유 검사를 읽거나 H90 교차검사를 실제 실행 후 기록. 검사대상0은 no_subject, 연결 미확인은 unverified, 실행 전은 not_run. 오류 하위식 실패를 정상0 집계로 숨기지 않음."",""source_selector"":""all_data_rows""}]",원문·기존 ID·값 상태·설정 상태·근거·판본을 보존하고 확정 상태를 새로 추정하지 않음. legacy_locator를 이관레코드 관계로 연결.,H-06;H-08,T-004;T-009;T-013;T-066;T-070;T-073;T-078;T-079,PH0/REG-V1_online.xlsx#xl/worksheets/sheet36.xml:D; literal=PH1/literal_cells.csv; formulas=PH1/formula_patterns_and_dependencies.json,false,실행시점 online XLSX + native 8행 관측; 원본 내용 이관 아님,PH1 상세 설계 초안 · 온라인 작성/이관/운영 시험 미실행,미실행,미실행,명세 정적 coverage만 확인; 운영 시험 아님
NAT-V1,1mTRKFfCFtiTmuAR6QwrslcBI6Q-wutYzVP_weDAW9uI,1611835517,00_기준_메타,A,NAT-V1:1611835517:A,항목,string,input,셀 내용 전수의 literal/formula/헤더 기반 초안,MAP-037,"[{""file_code"":""C00"",""table"":""설정출처대응"",""field"":""source_key"",""role"":""archive"",""rule"":""원래 설정 이름을 아래 값의 목적지와 연결하는 행별 대응 키로 보존."",""source_selector"":""row=2;key=scope_id""},{""file_code"":""C00"",""table"":""설정출처대응"",""field"":""source_key"",""role"":""archive"",""rule"":""원래 설정 이름을 아래 값의 목적지와 연결하는 행별 대응 키로 보존."",""source_selector"":""row=3;key=planet_scope_id""},{""file_code"":""C00"",""table"":""설정출처대응"",""field"":""source_key"",""role"":""archive"",""rule"":""원래 설정 이름을 아래 값의 목적지와 연결하는 행별 대응 키로 보존."",""source_selector"":""row=4;key=조회 루트""},{""file_code"":""C00"",""table"":""설정출처대응"",""field"":""source_key"",""role"":""archive"",""rule"":""원래 설정 이름을 아래 값의 목적지와 연결하는 행별 대응 키로 보존."",""source_selector"":""row=5;key=조회 기년""},{""file_code"":""C00"",""table"":""설정출처대응"",""field"":""source_key"",""role"":""archive"",""rule"":""원래 설정 이름을 아래 값의 목적지와 연결하는 행별 대응 키로 보존."",""source_selector"":""row=6;key=조회 시작연도""},{""file_code"":""C00"",""table"":""설정출처대응"",""field"":""source_key"",""role"":""archive"",""rule"":""원래 설정 이름을 아래 값의 목적지와 연결하는 행별 대응 키로 보존."",""source_selector"":""row=7;key=조회 종료연도""},{""file_code"":""C00"",""table"":""설정출처대응"",""field"":""source_key"",""role"":""archive"",""rule"":""원래 설정 이름을 아래 값의 목적지와 연결하는 행별 대응 키로 보존."",""source_selector"":""row=8;key=재임 기준연도""},{""file_code"":""C00"",""table"":""설정출처대응"",""field"":""source_key"",""role"":""archive"",""rule"":""원래 설정 이름을 아래 값의 목적지와 연결하는 행별 대응 키로 보존."",""source_selector"":""row=9;key=기준 통화""},{""file_code"":""C00"",""table"":""설정출처대응"",""field"":""source_key"",""role"":""archive"",""rule"":""원래 설정 이름을 아래 값의 목적지와 연결하는 행별 대응 키로 보존."",""source_selector"":""row=10;key=임기·국호 연도 경계""},{""file_code"":""C00"",""table"":""설정출처대응"",""field"":""source_key"",""role"":""archive"",""rule"":""원래 설정 이름을 아래 값의 목적지와 연결하는 행별 대응 키로 보존."",""source_selector"":""row=11;key=종료 미상""},{""file_code"":""C00"",""table"":""설정출처대응"",""field"":""source_key"",""role"":""archive"",""rule"":""원래 설정 이름을 아래 값의 목적지와 연결하는 행별 대응 키로 보존."",""source_selector"":""row=12;key=GDP 처리""},{""file_code"":""C00"",""table"":""설정출처대응"",""field"":""source_key"",""role"":""archive"",""rule"":""원래 설정 이름을 아래 값의 목적지와 연결하는 행별 대응 키로 보존."",""source_selector"":""row=13;key=구형 제2기 경계""},{""file_code"":""C00"",""table"":""설정출처대응"",""field"":""source_key"",""role"":""archive"",""rule"":""원래 설정 이름을 아래 값의 목적지와 연결하는 행별 대응 키로 보존."",""source_selector"":""row=14;key=현행 제2기 경계""},{""file_code"":""C00"",""table"":""설정출처대응"",""field"":""source_key"",""role"":""archive"",""rule"":""원래 설정 이름을 아래 값의 목적지와 연결하는 행별 대응 키로 보존."",""source_selector"":""row=15;key=공식 인구 정의""},{""file_code"":""C00"",""table"":""설정출처대응"",""field"":""source_key"",""role"":""archive"",""rule"":""원래 설정 이름을 아래 값의 목적지와 연결하는 행별 대응 키로 보존."",""source_selector"":""row=16;key=입력과 계산""},{""file_code"":""C00"",""table"":""설정출처대응"",""field"":""source_key"",""role"":""archive"",""rule"":""원래 설정 이름을 아래 값의 목적지와 연결하는 행별 대응 키로 보존."",""source_selector"":""row=17;key=입력 용량""},{""file_code"":""C00"",""table"":""설정출처대응"",""field"":""source_key"",""role"":""archive"",""rule"":""원래 설정 이름을 아래 값의 목적지와 연결하는 행별 대응 키로 보존."",""source_selector"":""row=18;key=지역 파일""},{""file_code"":""C00"",""table"":""설정출처대응"",""field"":""source_key"",""role"":""archive"",""rule"":""원래 설정 이름을 아래 값의 목적지와 연결하는 행별 대응 키로 보존."",""source_selector"":""row=19;key=서식 기준 파일""},{""file_code"":""C00"",""table"":""설정출처대응"",""field"":""source_key"",""role"":""archive"",""rule"":""원래 설정 이름을 아래 값의 목적지와 연결하는 행별 대응 키로 보존."",""source_selector"":""row=20;key=의석 입력""},{""file_code"":""C00"",""table"":""설정출처대응"",""field"":""source_key"",""role"":""archive"",""rule"":""원래 설정 이름을 아래 값의 목적지와 연결하는 행별 대응 키로 보존."",""source_selector"":""row=21;key=값이 없는 연도""},{""file_code"":""C00"",""table"":""설정출처대응"",""field"":""source_key"",""role"":""archive"",""rule"":""원래 설정 이름을 아래 값의 목적지와 연결하는 행별 대응 키로 보존."",""source_selector"":""row=22;key=율 입력""},{""file_code"":""C00"",""table"":""설정출처대응"",""field"":""source_key"",""role"":""archive"",""rule"":""원래 설정 이름을 아래 값의 목적지와 연결하는 행별 대응 키로 보존."",""source_selector"":""row=23;key=역법""},{""file_code"":""C00"",""table"":""설정출처대응"",""field"":""source_key"",""role"":""archive"",""rule"":""원래 설정 이름을 아래 값의 목적지와 연결하는 행별 대응 키로 보존."",""source_selector"":""row=24;key=판본""},{""file_code"":""C00"",""table"":""설정출처대응"",""field"":""source_key"",""role"":""archive"",""rule"":""원래 설정 이름을 아래 값의 목적지와 연결하는 행별 대응 키로 보존."",""source_selector"":""row=25;key=자료 범위""},{""file_code"":""C00"",""table"":""설정출처대응"",""field"":""source_key"",""role"":""archive"",""rule"":""원래 설정 이름을 아래 값의 목적지와 연결하는 행별 대응 키로 보존."",""source_selector"":""row=26;key=영토 집계 층위""},{""file_code"":""C00"",""table"":""설정출처대응"",""field"":""source_key"",""role"":""archive"",""rule"":""원래 설정 이름을 아래 값의 목적지와 연결하는 행별 대응 키로 보존."",""source_selector"":""row=27;key=영토 자료 범위""},{""file_code"":""C00"",""table"":""설정출처대응"",""field"":""source_key"",""role"":""archive"",""rule"":""원래 설정 이름을 아래 값의 목적지와 연결하는 행별 대응 키로 보존."",""source_selector"":""row=28;key=처음 열람""},{""file_code"":""C00"",""table"":""설정출처대응"",""field"":""source_key"",""role"":""archive"",""rule"":""원래 설정 이름을 아래 값의 목적지와 연결하는 행별 대응 키로 보존."",""source_selector"":""row=29;key=처음 입력""},{""file_code"":""C00"",""table"":""설정출처대응"",""field"":""source_key"",""role"":""archive"",""rule"":""원래 설정 이름을 아래 값의 목적지와 연결하는 행별 대응 키로 보존."",""source_selector"":""row=30;key=입력 점검""},{""file_code"":""C00"",""table"":""설정출처대응"",""field"":""source_key"",""role"":""archive"",""rule"":""원래 설정 이름을 아래 값의 목적지와 연결하는 행별 대응 키로 보존."",""source_selector"":""row=31;key=정당 연간정보""},{""file_code"":""C00"",""table"":""설정출처대응"",""field"":""source_key"",""role"":""archive"",""rule"":""원래 설정 이름을 아래 값의 목적지와 연결하는 행별 대응 키로 보존."",""source_selector"":""row=32;key=혼합선거""},{""file_code"":""C00"",""table"":""설정출처대응"",""field"":""source_key"",""role"":""archive"",""rule"":""원래 설정 이름을 아래 값의 목적지와 연결하는 행별 대응 키로 보존."",""source_selector"":""row=33;key=선거 후 보유의석""},{""file_code"":""C00"",""table"":""설정출처대응"",""field"":""source_key"",""role"":""archive"",""rule"":""원래 설정 이름을 아래 값의 목적지와 연결하는 행별 대응 키로 보존."",""source_selector"":""row=34;key=배분 방식""},{""file_code"":""C00"",""table"":""설정출처대응"",""field"":""source_key"",""role"":""archive"",""rule"":""원래 설정 이름을 아래 값의 목적지와 연결하는 행별 대응 키로 보존."",""source_selector"":""row=35;key=선거구 자료""},{""file_code"":""C00"",""table"":""설정출처대응"",""field"":""source_key"",""role"":""archive"",""rule"":""원래 설정 이름을 아래 값의 목적지와 연결하는 행별 대응 키로 보존."",""source_selector"":""row=36;key=비율 입력법""},{""file_code"":""C00"",""table"":""설정출처대응"",""field"":""source_key"",""role"":""archive"",""rule"":""원래 설정 이름을 아래 값의 목적지와 연결하는 행별 대응 키로 보존."",""source_selector"":""row=37;key=미분류 통계""},{""file_code"":""C00"",""table"":""설정출처대응"",""field"":""source_key"",""role"":""archive"",""rule"":""원래 설정 이름을 아래 값의 목적지와 연결하는 행별 대응 키로 보존."",""source_selector"":""row=38;key=제도 개정""},{""file_code"":""C00"",""table"":""설정출처대응"",""field"":""source_key"",""role"":""archive"",""rule"":""원래 설정 이름을 아래 값의 목적지와 연결하는 행별 대응 키로 보존."",""source_selector"":""row=39;key=의석 기준""},{""file_code"":""C00"",""table"":""설정출처대응"",""field"":""source_key"",""role"":""archive"",""rule"":""원래 설정 이름을 아래 값의 목적지와 연결하는 행별 대응 키로 보존."",""source_selector"":""row=40;key=대행과 승계""},{""file_code"":""C00"",""table"":""설정출처대응"",""field"":""source_key"",""role"":""archive"",""rule"":""원래 설정 이름을 아래 값의 목적지와 연결하는 행별 대응 키로 보존."",""source_selector"":""row=41;key=재선거""},{""file_code"":""C00"",""table"":""설정출처대응"",""field"":""source_key"",""role"":""archive"",""rule"":""원래 설정 이름을 아래 값의 목적지와 연결하는 행별 대응 키로 보존."",""source_selector"":""row=42;key=정당 순위""},{""file_code"":""C00"",""table"":""설정출처대응"",""field"":""source_key"",""role"":""archive"",""rule"":""원래 설정 이름을 아래 값의 목적지와 연결하는 행별 대응 키로 보존."",""source_selector"":""row=43;key=상원 클래스""},{""file_code"":""C00"",""table"":""설정출처대응"",""field"":""source_key"",""role"":""archive"",""rule"":""원래 설정 이름을 아래 값의 목적지와 연결하는 행별 대응 키로 보존."",""source_selector"":""row=44;key=종교 대표""},{""file_code"":""C00"",""table"":""설정출처대응"",""field"":""source_key"",""role"":""archive"",""rule"":""원래 설정 이름을 아래 값의 목적지와 연결하는 행별 대응 키로 보존."",""source_selector"":""row=45;key=역사 예외""},{""file_code"":""C00"",""table"":""설정출처대응"",""field"":""source_key"",""role"":""archive"",""rule"":""원래 설정 이름을 아래 값의 목적지와 연결하는 행별 대응 키로 보존."",""source_selector"":""row=46;key=관리 범위""},{""file_code"":""C00"",""table"":""설정출처대응"",""field"":""source_key"",""role"":""archive"",""rule"":""원래 설정 이름을 아래 값의 목적지와 연결하는 행별 대응 키로 보존."",""source_selector"":""row=47;key=임기 날짜""},{""file_code"":""C00"",""table"":""설정출처대응"",""field"":""source_key"",""role"":""archive"",""rule"":""원래 설정 이름을 아래 값의 목적지와 연결하는 행별 대응 키로 보존."",""source_selector"":""row=48;key=시점 조회연도""},{""file_code"":""C00"",""table"":""설정출처대응"",""field"":""source_key"",""role"":""archive"",""rule"":""원래 설정 이름을 아래 값의 목적지와 연결하는 행별 대응 키로 보존."",""source_selector"":""row=49;key=시점 조회월""},{""file_code"":""C00"",""table"":""설정출처대응"",""field"":""source_key"",""role"":""archive"",""rule"":""원래 설정 이름을 아래 값의 목적지와 연결하는 행별 대응 키로 보존."",""source_selector"":""row=50;key=시점 조회일""},{""file_code"":""C00"",""table"":""설정출처대응"",""field"":""source_key"",""role"":""archive"",""rule"":""원래 설정 이름을 아래 값의 목적지와 연결하는 행별 대응 키로 보존."",""source_selector"":""row=51;key=조회 정당 ID""},{""file_code"":""C00"",""table"":""설정출처대응"",""field"":""source_key"",""role"":""archive"",""rule"":""원래 설정 이름을 아래 값의 목적지와 연결하는 행별 대응 키로 보존."",""source_selector"":""row=52;key=조회 인물 ID""},{""file_code"":""C00"",""table"":""설정출처대응"",""field"":""source_key"",""role"":""archive"",""rule"":""원래 설정 이름을 아래 값의 목적지와 연결하는 행별 대응 키로 보존."",""source_selector"":""row=53;key=기준 황제 ID""},{""file_code"":""C00"",""table"":""설정출처대응"",""field"":""source_key"",""role"":""archive"",""rule"":""원래 설정 이름을 아래 값의 목적지와 연결하는 행별 대응 키로 보존."",""source_selector"":""row=54;key=언어 표기""},{""file_code"":""C00"",""table"":""설정출처대응"",""field"":""source_key"",""role"":""archive"",""rule"":""원래 설정 이름을 아래 값의 목적지와 연결하는 행별 대응 키로 보존."",""source_selector"":""row=55;key=대표색""},{""file_code"":""C00"",""table"":""설정출처대응"",""field"":""source_key"",""role"":""archive"",""rule"":""원래 설정 이름을 아래 값의 목적지와 연결하는 행별 대응 키로 보존."",""source_selector"":""row=56;key=스키마 안내""},{""file_code"":""C00"",""table"":""설정출처대응"",""field"":""source_key"",""role"":""archive"",""rule"":""원래 설정 이름을 아래 값의 목적지와 연결하는 행별 대응 키로 보존."",""source_selector"":""row=57;key=검증 요약""},{""file_code"":""C00"",""table"":""설정출처대응"",""field"":""source_key"",""role"":""archive"",""rule"":""원래 설정 이름을 아래 값의 목적지와 연결하는 행별 대응 키로 보존."",""source_selector"":""row=58;key=연간/시점 조회 차이""},{""file_code"":""C00"",""table"":""설정출처대응"",""field"":""source_key"",""role"":""archive"",""rule"":""원래 설정 이름을 아래 값의 목적지와 연결하는 행별 대응 키로 보존."",""source_selector"":""row=59;key=신규 날짜 기준""},{""file_code"":""C00"",""table"":""설정출처대응"",""field"":""source_key"",""role"":""archive"",""rule"":""원래 설정 이름을 아래 값의 목적지와 연결하는 행별 대응 키로 보존."",""source_selector"":""row=60;key=신규 이력""},{""file_code"":""C00"",""table"":""설정출처대응"",""field"":""source_key"",""role"":""archive"",""rule"":""원래 설정 이름을 아래 값의 목적지와 연결하는 행별 대응 키로 보존."",""source_selector"":""row=61;key=검증 범위""},{""file_code"":""C00"",""table"":""설정출처대응"",""field"":""source_key"",""role"":""archive"",""rule"":""원래 설정 이름을 아래 값의 목적지와 연결하는 행별 대응 키로 보존."",""source_selector"":""row=62;key=네이티브 표 드롭다운""},{""file_code"":""C00"",""table"":""설정출처대응"",""field"":""source_key"",""role"":""archive"",""rule"":""원래 설정 이름을 아래 값의 목적지와 연결하는 행별 대응 키로 보존."",""source_selector"":""row=63;key=정본 취급""}]",원문·기존 ID·값 상태·설정 상태·근거·판본을 보존하고 확정 상태를 새로 추정하지 않음. legacy_locator를 이관레코드 관계로 연결.,C-01;C-07;H-01;H-09,T-004;T-009;T-013;T-019;T-020;T-022;T-068;T-077;T-078,PH0/NAT-V1_online.xlsx#xl/worksheets/sheet1.xml:A; literal=PH1/literal_cells.csv; formulas=PH1/formula_patterns_and_dependencies.json,false,실행시점 online XLSX + native 8행 관측; 원본 내용 이관 아님,PH1 상세 설계 초안 · 온라인 작성/이관/운영 시험 미실행,미실행,미실행,명세 정적 coverage만 확인; 운영 시험 아님
NAT-V1,1mTRKFfCFtiTmuAR6QwrslcBI6Q-wutYzVP_weDAW9uI,1611835517,00_기준_메타,B,NAT-V1:1611835517:B,값,"string,number",mixed_input_formula_review,셀 내용 전수의 literal/formula/헤더 기반 초안,MAP-037,"[{""file_code"":""N10"",""table"":""분야설정"",""field"":""default_nation_id"",""role"":""input"",""rule"":""원문 값을 이 설정의 근거 후보로 연결; 동일 기준의 중복 메타는 C00 정본 원본을 참조하며 독립 재입력처를 만들지 않음."",""source_selector"":""row=2;key=scope_id""},{""file_code"":""N10"",""table"":""분야설정"",""field"":""default_planet_id"",""role"":""input"",""rule"":""원문 값을 이 설정의 근거 후보로 연결; 동일 기준의 중복 메타는 C00 정본 원본을 참조하며 독립 재입력처를 만들지 않음."",""source_selector"":""row=3;key=planet_scope_id""},{""file_code"":""H90"",""table"":""조회조건"",""field"":""route_filter"",""role"":""input"",""rule"":""기존 사용자 조회조건을 명시적 조건값으로 보존. 빈 기간/루트는 미입력이며 데이터 없음·0과 구별. point_year의 기존 수식 의존은 새 reference_year 기본값과 직접입력 구별로 재구현."",""source_selector"":""row=4;key=조회 루트""},{""file_code"":""H90"",""table"":""조회조건"",""field"":""era_filter"",""role"":""input"",""rule"":""기존 사용자 조회조건을 명시적 조건값으로 보존. 빈 기간/루트는 미입력이며 데이터 없음·0과 구별. point_year의 기존 수식 의존은 새 reference_year 기본값과 직접입력 구별로 재구현."",""source_selector"":""row=5;key=조회 기년""},{""file_code"":""H90"",""table"":""조회조건"",""field"":""start_year"",""role"":""input"",""rule"":""기존 사용자 조회조건을 명시적 조건값으로 보존. 빈 기간/루트는 미입력이며 데이터 없음·0과 구별. point_year의 기존 수식 의존은 새 reference_year 기본값과 직접입력 구별로 재구현."",""source_selector"":""row=6;key=조회 시작연도""},{""file_code"":""H90"",""table"":""조회조건"",""field"":""end_year"",""role"":""input"",""rule"":""기존 사용자 조회조건을 명시적 조건값으로 보존. 빈 기간/루트는 미입력이며 데이터 없음·0과 구별. point_year의 기존 수식 의존은 새 reference_year 기본값과 직접입력 구별로 재구현."",""source_selector"":""row=7;key=조회 종료연도""},{""file_code"":""H90"",""table"":""조회조건"",""field"":""reference_year"",""role"":""input"",""rule"":""기존 사용자 조회조건을 명시적 조건값으로 보존. 빈 기간/루트는 미입력이며 데이터 없음·0과 구별. point_year의 기존 수식 의존은 새 reference_year 기본값과 직접입력 구별로 재구현."",""source_selector"":""row=8;key=재임 기준연도""},{""file_code"":""C00"",""table"":""단위정의"",""field"":""default_currency_raw"",""role"":""input"",""rule"":""원문 값을 이 설정의 근거 후보로 연결; 동일 기준의 중복 메타는 C00 정본 원본을 참조하며 독립 재입력처를 만들지 않음."",""source_selector"":""row=9;key=기준 통화""},{""file_code"":""C00"",""table"":""시간정책"",""field"":""annual_boundary_rule_raw"",""role"":""input"",""rule"":""원문 값을 이 설정의 근거 후보로 연결; 동일 기준의 중복 메타는 C00 정본 원본을 참조하며 독립 재입력처를 만들지 않음."",""source_selector"":""row=10;key=임기·국호 연도 경계""},{""file_code"":""C00"",""table"":""시간정책"",""field"":""unknown_end_rule_raw"",""role"":""input"",""rule"":""원문 값을 이 설정의 근거 후보로 연결; 동일 기준의 중복 메타는 C00 정본 원본을 참조하며 독립 재입력처를 만들지 않음."",""source_selector"":""row=11;key=종료 미상""},{""file_code"":""C00"",""table"":""지표사전"",""field"":""gdp_classification_rule"",""role"":""input"",""rule"":""원문 값을 이 설정의 근거 후보로 연결; 동일 기준의 중복 메타는 C00 정본 원본을 참조하며 독립 재입력처를 만들지 않음."",""source_selector"":""row=12;key=GDP 처리""},{""file_code"":""C00"",""table"":""기년대응"",""field"":""legacy_era_description"",""role"":""input"",""rule"":""원문 값을 이 설정의 근거 후보로 연결; 동일 기준의 중복 메타는 C00 정본 원본을 참조하며 독립 재입력처를 만들지 않음."",""source_selector"":""row=13;key=구형 제2기 경계""},{""file_code"":""C00"",""table"":""기년대응"",""field"":""current_era_description"",""role"":""input"",""rule"":""원문 값을 이 설정의 근거 후보로 연결; 동일 기준의 중복 메타는 C00 정본 원본을 참조하며 독립 재입력처를 만들지 않음."",""source_selector"":""row=14;key=현행 제2기 경계""},{""file_code"":""C00"",""table"":""인구정의"",""field"":""definition_name"",""role"":""input"",""rule"":""원문 값을 이 설정의 근거 후보로 연결; 동일 기준의 중복 메타는 C00 정본 원본을 참조하며 독립 재입력처를 만들지 않음."",""source_selector"":""row=15;key=공식 인구 정의""},{""file_code"":""H90"",""table"":""운영안내"",""field"":""input_visual_guide_legacy"",""role"":""archive"",""rule"":""구판 탭·주소·용량·완료 문구를 이전 운영기록으로 보존. V2 연결식/용량/검증완료 값으로 재사용하지 않음."",""source_selector"":""row=16;key=입력과 계산""},{""file_code"":""C00"",""table"":""범위레지스트리"",""field"":""legacy_capacity_description"",""role"":""archive"",""rule"":""구판 탭·주소·용량·완료 문구를 이전 운영기록으로 보존. V2 연결식/용량/검증완료 값으로 재사용하지 않음."",""source_selector"":""row=17;key=입력 용량""},{""file_code"":""C00"",""table"":""보존링크"",""field"":""legacy_target_url"",""role"":""archive"",""rule"":""구판 탭·주소·용량·완료 문구를 이전 운영기록으로 보존. V2 연결식/용량/검증완료 값으로 재사용하지 않음."",""source_selector"":""row=18;key=지역 파일""},{""file_code"":""C00"",""table"":""보존링크"",""field"":""template_backup_url"",""role"":""archive"",""rule"":""구판 탭·주소·용량·완료 문구를 이전 운영기록으로 보존. V2 연결식/용량/검증완료 값으로 재사용하지 않음."",""source_selector"":""row=19;key=서식 기준 파일""},{""file_code"":""N20"",""table"":""분야정책"",""field"":""seat_scope_rule_raw"",""role"":""input"",""rule"":""원문 값을 이 설정의 근거 후보로 연결; 동일 기준의 중복 메타는 C00 정본 원본을 참조하며 독립 재입력처를 만들지 않음."",""source_selector"":""row=20;key=의석 입력""},{""file_code"":""C00"",""table"":""계산정책"",""field"":""missing_period_rule_raw"",""role"":""input"",""rule"":""원문 값을 이 설정의 근거 후보로 연결; 동일 기준의 중복 메타는 C00 정본 원본을 참조하며 독립 재입력처를 만들지 않음."",""source_selector"":""row=21;key=값이 없는 연도""},{""file_code"":""N20"",""table"":""분야정책"",""field"":""ratio_selection_rule_raw"",""role"":""input"",""rule"":""원문 값을 이 설정의 근거 후보로 연결; 동일 기준의 중복 메타는 C00 정본 원본을 참조하며 독립 재입력처를 만들지 않음."",""source_selector"":""row=22;key=율 입력""},{""file_code"":""C00"",""table"":""역법"",""field"":""calendar_rule_raw"",""role"":""input"",""rule"":""원문 값을 이 설정의 근거 후보로 연결; 동일 기준의 중복 메타는 C00 정본 원본을 참조하며 독립 재입력처를 만들지 않음."",""source_selector"":""row=23;key=역법""},{""file_code"":""C00"",""table"":""구판운영기록"",""field"":""legacy_release_description"",""role"":""archive"",""rule"":""구판 탭·주소·용량·완료 문구를 이전 운영기록으로 보존. V2 연결식/용량/검증완료 값으로 재사용하지 않음."",""source_selector"":""row=24;key=판본""},{""file_code"":""C00"",""table"":""구판운영기록"",""field"":""legacy_data_scope"",""role"":""archive"",""rule"":""구판 탭·주소·용량·완료 문구를 이전 운영기록으로 보존. V2 연결식/용량/검증완료 값으로 재사용하지 않음."",""source_selector"":""row=25;key=자료 범위""},{""file_code"":""R50"",""table"":""분야설정"",""field"":""territory_aggregation_level"",""role"":""input"",""rule"":""원문 값을 이 설정의 근거 후보로 연결; 동일 기준의 중복 메타는 C00 정본 원본을 참조하며 독립 재입력처를 만들지 않음."",""source_selector"":""row=26;key=영토 집계 층위""},{""file_code"":""R50"",""table"":""분야설정"",""field"":""territory_coverage_status"",""role"":""input"",""rule"":""원문 값을 이 설정의 근거 후보로 연결; 동일 기준의 중복 메타는 C00 정본 원본을 참조하며 독립 재입력처를 만들지 않음."",""source_selector"":""row=27;key=영토 자료 범위""},{""file_code"":""H90"",""table"":""운영안내"",""field"":""initial_view_legacy"",""role"":""archive"",""rule"":""구판 탭·주소·용량·완료 문구를 이전 운영기록으로 보존. V2 연결식/용량/검증완료 값으로 재사용하지 않음."",""source_selector"":""row=28;key=처음 열람""},{""file_code"":""H90"",""table"":""운영안내"",""field"":""input_order_legacy"",""role"":""archive"",""rule"":""구판 탭·주소·용량·완료 문구를 이전 운영기록으로 보존. V2 연결식/용량/검증완료 값으로 재사용하지 않음."",""source_selector"":""row=29;key=처음 입력""},{""file_code"":""H90"",""table"":""운영안내"",""field"":""validation_route_legacy"",""role"":""archive"",""rule"":""구판 탭·주소·용량·완료 문구를 이전 운영기록으로 보존. V2 연결식/용량/검증완료 값으로 재사용하지 않음."",""source_selector"":""row=30;key=입력 점검""},{""file_code"":""H90"",""table"":""운영안내"",""field"":""party_annual_legacy"",""role"":""archive"",""rule"":""구판 탭·주소·용량·완료 문구를 이전 운영기록으로 보존. V2 연결식/용량/검증완료 값으로 재사용하지 않음."",""source_selector"":""row=31;key=정당 연간정보""},{""file_code"":""N20"",""table"":""분야정책"",""field"":""ballot_denominator_rule_raw"",""role"":""input"",""rule"":""원문 값을 이 설정의 근거 후보로 연결; 동일 기준의 중복 메타는 C00 정본 원본을 참조하며 독립 재입력처를 만들지 않음."",""source_selector"":""row=32;key=혼합선거""},{""file_code"":""N20"",""table"":""분야정책"",""field"":""post_election_seat_rule_raw"",""role"":""input"",""rule"":""원문 값을 이 설정의 근거 후보로 연결; 동일 기준의 중복 메타는 C00 정본 원본을 참조하며 독립 재입력처를 만들지 않음."",""source_selector"":""row=33;key=선거 후 보유의석""},{""file_code"":""N20"",""table"":""분야정책"",""field"":""allocation_scope_rule_raw"",""role"":""input"",""rule"":""원문 값을 이 설정의 근거 후보로 연결; 동일 기준의 중복 메타는 C00 정본 원본을 참조하며 독립 재입력처를 만들지 않음."",""source_selector"":""row=34;key=배분 방식""},{""file_code"":""N20"",""table"":""분야정책"",""field"":""district_aggregation_rule_raw"",""role"":""input"",""rule"":""원문 값을 이 설정의 근거 후보로 연결; 동일 기준의 중복 메타는 C00 정본 원본을 참조하며 독립 재입력처를 만들지 않음."",""source_selector"":""row=35;key=선거구 자료""},{""file_code"":""C00"",""table"":""계산정책"",""field"":""ratio_storage_rule_raw"",""role"":""input"",""rule"":""원문 값을 이 설정의 근거 후보로 연결; 동일 기준의 중복 메타는 C00 정본 원본을 참조하며 독립 재입력처를 만들지 않음."",""source_selector"":""row=36;key=비율 입력법""},{""file_code"":""C00"",""table"":""계산적합조건"",""field"":""definition_match_rule_raw"",""role"":""input"",""rule"":""원문 값을 이 설정의 근거 후보로 연결; 동일 기준의 중복 메타는 C00 정본 원본을 참조하며 독립 재입력처를 만들지 않음."",""source_selector"":""row=37;key=미분류 통계""},{""file_code"":""N20"",""table"":""분야정책"",""field"":""system_revision_rule_raw"",""role"":""input"",""rule"":""원문 값을 이 설정의 근거 후보로 연결; 동일 기준의 중복 메타는 C00 정본 원본을 참조하며 독립 재입력처를 만들지 않음."",""source_selector"":""row=38;key=제도 개정""},{""file_code"":""N20"",""table"":""분야정책"",""field"":""seat_selection_rule_raw"",""role"":""input"",""rule"":""원문 값을 이 설정의 근거 후보로 연결; 동일 기준의 중복 메타는 C00 정본 원본을 참조하며 독립 재입력처를 만들지 않음."",""source_selector"":""row=39;key=의석 기준""},{""file_code"":""N20"",""table"":""분야정책"",""field"":""acting_succession_rule_raw"",""role"":""input"",""rule"":""원문 값을 이 설정의 근거 후보로 연결; 동일 기준의 중복 메타는 C00 정본 원본을 참조하며 독립 재입력처를 만들지 않음."",""source_selector"":""row=40;key=대행과 승계""},{""file_code"":""N20"",""table"":""분야정책"",""field"":""reelection_rule_raw"",""role"":""input"",""rule"":""원문 값을 이 설정의 근거 후보로 연결; 동일 기준의 중복 메타는 C00 정본 원본을 참조하며 독립 재입력처를 만들지 않음."",""source_selector"":""row=41;key=재선거""},{""file_code"":""N20"",""table"":""분야정책"",""field"":""party_rank_rule_raw"",""role"":""input"",""rule"":""원문 값을 이 설정의 근거 후보로 연결; 동일 기준의 중복 메타는 C00 정본 원본을 참조하며 독립 재입력처를 만들지 않음."",""source_selector"":""row=42;key=정당 순위""},{""file_code"":""N20"",""table"":""분야정책"",""field"":""senate_class_rule_raw"",""role"":""input"",""rule"":""원문 값을 이 설정의 근거 후보로 연결; 동일 기준의 중복 메타는 C00 정본 원본을 참조하며 독립 재입력처를 만들지 않음."",""source_selector"":""row=43;key=상원 클래스""},{""file_code"":""N20"",""table"":""분야정책"",""field"":""religious_role_rule_raw"",""role"":""input"",""rule"":""원문 값을 이 설정의 근거 후보로 연결; 동일 기준의 중복 메타는 C00 정본 원본을 참조하며 독립 재입력처를 만들지 않음."",""source_selector"":""row=44;key=종교 대표""},{""file_code"":""N20"",""table"":""분야정책"",""field"":""historical_exception_rule_raw"",""role"":""input"",""rule"":""원문 값을 이 설정의 근거 후보로 연결; 동일 기준의 중복 메타는 C00 정본 원본을 참조하며 독립 재입력처를 만들지 않음."",""source_selector"":""row=45;key=역사 예외""},{""file_code"":""N20"",""table"":""분야정책"",""field"":""legacy_management_scope"",""role"":""archive"",""rule"":""구판 탭·주소·용량·완료 문구를 이전 운영기록으로 보존. V2 연결식/용량/검증완료 값으로 재사용하지 않음."",""source_selector"":""row=46;key=관리 범위""},{""file_code"":""C00"",""table"":""시간정책"",""field"":""exact_boundary_rule_raw"",""role"":""input"",""rule"":""원문 값을 이 설정의 근거 후보로 연결; 동일 기준의 중복 메타는 C00 정본 원본을 참조하며 독립 재입력처를 만들지 않음."",""source_selector"":""row=47;key=임기 날짜""},{""file_code"":""H90"",""table"":""조회조건"",""field"":""point_year"",""role"":""input"",""rule"":""기존 사용자 조회조건을 명시적 조건값으로 보존. 빈 기간/루트는 미입력이며 데이터 없음·0과 구별. point_year의 기존 수식 의존은 새 reference_year 기본값과 직접입력 구별로 재구현."",""source_selector"":""row=48;key=시점 조회연도""},{""file_code"":""H90"",""table"":""조회조건"",""field"":""point_month"",""role"":""input"",""rule"":""기존 사용자 조회조건을 명시적 조건값으로 보존. 빈 기간/루트는 미입력이며 데이터 없음·0과 구별. point_year의 기존 수식 의존은 새 reference_year 기본값과 직접입력 구별로 재구현."",""source_selector"":""row=49;key=시점 조회월""},{""file_code"":""H90"",""table"":""조회조건"",""field"":""point_day"",""role"":""input"",""rule"":""기존 사용자 조회조건을 명시적 조건값으로 보존. 빈 기간/루트는 미입력이며 데이터 없음·0과 구별. point_year의 기존 수식 의존은 새 reference_year 기본값과 직접입력 구별로 재구현."",""source_selector"":""row=50;key=시점 조회일""},{""file_code"":""H90"",""table"":""조회조건"",""field"":""party_filter_id"",""role"":""input"",""rule"":""기존 사용자 조회조건을 명시적 조건값으로 보존. 빈 기간/루트는 미입력이며 데이터 없음·0과 구별. point_year의 기존 수식 의존은 새 reference_year 기본값과 직접입력 구별로 재구현."",""source_selector"":""row=51;key=조회 정당 ID""},{""file_code"":""H90"",""table"":""조회조건"",""field"":""person_filter_id"",""role"":""input"",""rule"":""기존 사용자 조회조건을 명시적 조건값으로 보존. 빈 기간/루트는 미입력이며 데이터 없음·0과 구별. point_year의 기존 수식 의존은 새 reference_year 기본값과 직접입력 구별로 재구현."",""source_selector"":""row=52;key=조회 인물 ID""},{""file_code"":""H90"",""table"":""조회조건"",""field"":""emperor_filter_id"",""role"":""input"",""rule"":""기존 사용자 조회조건을 명시적 조건값으로 보존. 빈 기간/루트는 미입력이며 데이터 없음·0과 구별. point_year의 기존 수식 의존은 새 reference_year 기본값과 직접입력 구별로 재구현."",""source_selector"":""row=53;key=기준 황제 ID""},{""file_code"":""C00"",""table"":""표기정책"",""field"":""language_order_raw"",""role"":""input"",""rule"":""원문 값을 이 설정의 근거 후보로 연결; 동일 기준의 중복 메타는 C00 정본 원본을 참조하며 독립 재입력처를 만들지 않음."",""source_selector"":""row=54;key=언어 표기""},{""file_code"":""C00"",""table"":""표기정책"",""field"":""color_rule_raw"",""role"":""input"",""rule"":""원문 값을 이 설정의 근거 후보로 연결; 동일 기준의 중복 메타는 C00 정본 원본을 참조하며 독립 재입력처를 만들지 않음."",""source_selector"":""row=55;key=대표색""},{""file_code"":""H90"",""table"":""운영안내"",""field"":""schema_guide_legacy"",""role"":""archive"",""rule"":""구판 탭·주소·용량·완료 문구를 이전 운영기록으로 보존. V2 연결식/용량/검증완료 값으로 재사용하지 않음."",""source_selector"":""row=56;key=스키마 안내""},{""file_code"":""H90"",""table"":""운영안내"",""field"":""validation_route_legacy"",""role"":""archive"",""rule"":""구판 탭·주소·용량·완료 문구를 이전 운영기록으로 보존. V2 연결식/용량/검증완료 값으로 재사용하지 않음."",""source_selector"":""row=57;key=검증 요약""},{""file_code"":""C00"",""table"":""시간정책"",""field"":""annual_point_difference_raw"",""role"":""input"",""rule"":""원문 값을 이 설정의 근거 후보로 연결; 동일 기준의 중복 메타는 C00 정본 원본을 참조하며 독립 재입력처를 만들지 않음."",""source_selector"":""row=58;key=연간/시점 조회 차이""},{""file_code"":""C00"",""table"":""시간정책"",""field"":""exact_boundary_rule_raw"",""role"":""input"",""rule"":""원문 값을 이 설정의 근거 후보로 연결; 동일 기준의 중복 메타는 C00 정본 원본을 참조하며 독립 재입력처를 만들지 않음."",""source_selector"":""row=59;key=신규 날짜 기준""},{""file_code"":""H90"",""table"":""운영안내"",""field"":""new_history_route_legacy"",""role"":""archive"",""rule"":""구판 탭·주소·용량·완료 문구를 이전 운영기록으로 보존. V2 연결식/용량/검증완료 값으로 재사용하지 않음."",""source_selector"":""row=60;key=신규 이력""},{""file_code"":""C00"",""table"":""범위레지스트리"",""field"":""legacy_validation_capacity"",""role"":""archive"",""rule"":""구판 탭·주소·용량·완료 문구를 이전 운영기록으로 보존. V2 연결식/용량/검증완료 값으로 재사용하지 않음."",""source_selector"":""row=61;key=검증 범위""},{""file_code"":""C00"",""table"":""드롭다운배포"",""field"":""legacy_sync_note"",""role"":""archive"",""rule"":""구판 탭·주소·용량·완료 문구를 이전 운영기록으로 보존. V2 연결식/용량/검증완료 값으로 재사용하지 않음."",""source_selector"":""row=62;key=네이티브 표 드롭다운""},{""file_code"":""H90"",""table"":""상태필터정의"",""field"":""legacy_filter_rule_raw"",""role"":""archive"",""rule"":""구판 탭·주소·용량·완료 문구를 이전 운영기록으로 보존. V2 연결식/용량/검증완료 값으로 재사용하지 않음."",""source_selector"":""row=63;key=정본 취급""}]",원문·기존 ID·값 상태·설정 상태·근거·판본을 보존하고 확정 상태를 새로 추정하지 않음. legacy_locator를 이관레코드 관계로 연결.,C-01;C-07;H-01;H-09,T-004;T-009;T-013;T-019;T-020;T-022;T-068;T-077;T-078,PH0/NAT-V1_online.xlsx#xl/worksheets/sheet1.xml:B; literal=PH1/literal_cells.csv; formulas=PH1/formula_patterns_and_dependencies.json,false,실행시점 online XLSX + native 8행 관측; 원본 내용 이관 아님,PH1 상세 설계 초안 · 온라인 작성/이관/운영 시험 미실행,미실행,미실행,명세 정적 coverage만 확인; 운영 시험 아님
NAT-V1,1mTRKFfCFtiTmuAR6QwrslcBI6Q-wutYzVP_weDAW9uI,1611835517,00_기준_메타,C,NAT-V1:1611835517:C,설명,string,input,셀 내용 전수의 literal/formula/헤더 기반 초안,MAP-037,"[{""file_code"":""C00"",""table"":""설정출처대응"",""field"":""description_raw"",""role"":""archive"",""rule"":""과거 탭 좌표가 포함된 설명 원문을 보존. 새 입력경로 설명은 H90 운영안내에서 별도 재작성하며 구판 설명을 작동 지시로 표시하지 않음."",""source_selector"":""row=2;key=scope_id""},{""file_code"":""C00"",""table"":""설정출처대응"",""field"":""description_raw"",""role"":""archive"",""rule"":""과거 탭 좌표가 포함된 설명 원문을 보존. 새 입력경로 설명은 H90 운영안내에서 별도 재작성하며 구판 설명을 작동 지시로 표시하지 않음."",""source_selector"":""row=3;key=planet_scope_id""},{""file_code"":""C00"",""table"":""설정출처대응"",""field"":""description_raw"",""role"":""archive"",""rule"":""과거 탭 좌표가 포함된 설명 원문을 보존. 새 입력경로 설명은 H90 운영안내에서 별도 재작성하며 구판 설명을 작동 지시로 표시하지 않음."",""source_selector"":""row=4;key=조회 루트""},{""file_code"":""C00"",""table"":""설정출처대응"",""field"":""description_raw"",""role"":""archive"",""rule"":""과거 탭 좌표가 포함된 설명 원문을 보존. 새 입력경로 설명은 H90 운영안내에서 별도 재작성하며 구판 설명을 작동 지시로 표시하지 않음."",""source_selector"":""row=5;key=조회 기년""},{""file_code"":""C00"",""table"":""설정출처대응"",""field"":""description_raw"",""role"":""archive"",""rule"":""과거 탭 좌표가 포함된 설명 원문을 보존. 새 입력경로 설명은 H90 운영안내에서 별도 재작성하며 구판 설명을 작동 지시로 표시하지 않음."",""source_selector"":""row=6;key=조회 시작연도""},{""file_code"":""C00"",""table"":""설정출처대응"",""field"":""description_raw"",""role"":""archive"",""rule"":""과거 탭 좌표가 포함된 설명 원문을 보존. 새 입력경로 설명은 H90 운영안내에서 별도 재작성하며 구판 설명을 작동 지시로 표시하지 않음."",""source_selector"":""row=7;key=조회 종료연도""},{""file_code"":""C00"",""table"":""설정출처대응"",""field"":""description_raw"",""role"":""archive"",""rule"":""과거 탭 좌표가 포함된 설명 원문을 보존. 새 입력경로 설명은 H90 운영안내에서 별도 재작성하며 구판 설명을 작동 지시로 표시하지 않음."",""source_selector"":""row=8;key=재임 기준연도""},{""file_code"":""C00"",""table"":""설정출처대응"",""field"":""description_raw"",""role"":""archive"",""rule"":""과거 탭 좌표가 포함된 설명 원문을 보존. 새 입력경로 설명은 H90 운영안내에서 별도 재작성하며 구판 설명을 작동 지시로 표시하지 않음."",""source_selector"":""row=9;key=기준 통화""},{""file_code"":""C00"",""table"":""설정출처대응"",""field"":""description_raw"",""role"":""archive"",""rule"":""과거 탭 좌표가 포함된 설명 원문을 보존. 새 입력경로 설명은 H90 운영안내에서 별도 재작성하며 구판 설명을 작동 지시로 표시하지 않음."",""source_selector"":""row=10;key=임기·국호 연도 경계""},{""file_code"":""C00"",""table"":""설정출처대응"",""field"":""description_raw"",""role"":""archive"",""rule"":""과거 탭 좌표가 포함된 설명 원문을 보존. 새 입력경로 설명은 H90 운영안내에서 별도 재작성하며 구판 설명을 작동 지시로 표시하지 않음."",""source_selector"":""row=11;key=종료 미상""},{""file_code"":""C00"",""table"":""설정출처대응"",""field"":""description_raw"",""role"":""archive"",""rule"":""과거 탭 좌표가 포함된 설명 원문을 보존. 새 입력경로 설명은 H90 운영안내에서 별도 재작성하며 구판 설명을 작동 지시로 표시하지 않음."",""source_selector"":""row=12;key=GDP 처리""},{""file_code"":""C00"",""table"":""설정출처대응"",""field"":""description_raw"",""role"":""archive"",""rule"":""과거 탭 좌표가 포함된 설명 원문을 보존. 새 입력경로 설명은 H90 운영안내에서 별도 재작성하며 구판 설명을 작동 지시로 표시하지 않음."",""source_selector"":""row=13;key=구형 제2기 경계""},{""file_code"":""C00"",""table"":""설정출처대응"",""field"":""description_raw"",""role"":""archive"",""rule"":""과거 탭 좌표가 포함된 설명 원문을 보존. 새 입력경로 설명은 H90 운영안내에서 별도 재작성하며 구판 설명을 작동 지시로 표시하지 않음."",""source_selector"":""row=14;key=현행 제2기 경계""},{""file_code"":""C00"",""table"":""설정출처대응"",""field"":""description_raw"",""role"":""archive"",""rule"":""과거 탭 좌표가 포함된 설명 원문을 보존. 새 입력경로 설명은 H90 운영안내에서 별도 재작성하며 구판 설명을 작동 지시로 표시하지 않음."",""source_selector"":""row=15;key=공식 인구 정의""},{""file_code"":""C00"",""table"":""설정출처대응"",""field"":""description_raw"",""role"":""archive"",""rule"":""과거 탭 좌표가 포함된 설명 원문을 보존. 새 입력경로 설명은 H90 운영안내에서 별도 재작성하며 구판 설명을 작동 지시로 표시하지 않음."",""source_selector"":""row=16;key=입력과 계산""},{""file_code"":""C00"",""table"":""설정출처대응"",""field"":""description_raw"",""role"":""archive"",""rule"":""과거 탭 좌표가 포함된 설명 원문을 보존. 새 입력경로 설명은 H90 운영안내에서 별도 재작성하며 구판 설명을 작동 지시로 표시하지 않음."",""source_selector"":""row=17;key=입력 용량""},{""file_code"":""C00"",""table"":""설정출처대응"",""field"":""description_raw"",""role"":""archive"",""rule"":""과거 탭 좌표가 포함된 설명 원문을 보존. 새 입력경로 설명은 H90 운영안내에서 별도 재작성하며 구판 설명을 작동 지시로 표시하지 않음."",""source_selector"":""row=18;key=지역 파일""},{""file_code"":""C00"",""table"":""설정출처대응"",""field"":""description_raw"",""role"":""archive"",""rule"":""과거 탭 좌표가 포함된 설명 원문을 보존. 새 입력경로 설명은 H90 운영안내에서 별도 재작성하며 구판 설명을 작동 지시로 표시하지 않음."",""source_selector"":""row=19;key=서식 기준 파일""},{""file_code"":""C00"",""table"":""설정출처대응"",""field"":""description_raw"",""role"":""archive"",""rule"":""과거 탭 좌표가 포함된 설명 원문을 보존. 새 입력경로 설명은 H90 운영안내에서 별도 재작성하며 구판 설명을 작동 지시로 표시하지 않음."",""source_selector"":""row=20;key=의석 입력""},{""file_code"":""C00"",""table"":""설정출처대응"",""field"":""description_raw"",""role"":""archive"",""rule"":""과거 탭 좌표가 포함된 설명 원문을 보존. 새 입력경로 설명은 H90 운영안내에서 별도 재작성하며 구판 설명을 작동 지시로 표시하지 않음."",""source_selector"":""row=21;key=값이 없는 연도""},{""file_code"":""C00"",""table"":""설정출처대응"",""field"":""description_raw"",""role"":""archive"",""rule"":""과거 탭 좌표가 포함된 설명 원문을 보존. 새 입력경로 설명은 H90 운영안내에서 별도 재작성하며 구판 설명을 작동 지시로 표시하지 않음."",""source_selector"":""row=22;key=율 입력""},{""file_code"":""C00"",""table"":""설정출처대응"",""field"":""description_raw"",""role"":""archive"",""rule"":""과거 탭 좌표가 포함된 설명 원문을 보존. 새 입력경로 설명은 H90 운영안내에서 별도 재작성하며 구판 설명을 작동 지시로 표시하지 않음."",""source_selector"":""row=23;key=역법""},{""file_code"":""C00"",""table"":""설정출처대응"",""field"":""description_raw"",""role"":""archive"",""rule"":""과거 탭 좌표가 포함된 설명 원문을 보존. 새 입력경로 설명은 H90 운영안내에서 별도 재작성하며 구판 설명을 작동 지시로 표시하지 않음."",""source_selector"":""row=24;key=판본""},{""file_code"":""C00"",""table"":""설정출처대응"",""field"":""description_raw"",""role"":""archive"",""rule"":""과거 탭 좌표가 포함된 설명 원문을 보존. 새 입력경로 설명은 H90 운영안내에서 별도 재작성하며 구판 설명을 작동 지시로 표시하지 않음."",""source_selector"":""row=25;key=자료 범위""},{""file_code"":""C00"",""table"":""설정출처대응"",""field"":""description_raw"",""role"":""archive"",""rule"":""과거 탭 좌표가 포함된 설명 원문을 보존. 새 입력경로 설명은 H90 운영안내에서 별도 재작성하며 구판 설명을 작동 지시로 표시하지 않음."",""source_selector"":""row=26;key=영토 집계 층위""},{""file_code"":""C00"",""table"":""설정출처대응"",""field"":""description_raw"",""role"":""archive"",""rule"":""과거 탭 좌표가 포함된 설명 원문을 보존. 새 입력경로 설명은 H90 운영안내에서 별도 재작성하며 구판 설명을 작동 지시로 표시하지 않음."",""source_selector"":""row=27;key=영토 자료 범위""},{""file_code"":""C00"",""table"":""설정출처대응"",""field"":""description_raw"",""role"":""archive"",""rule"":""과거 탭 좌표가 포함된 설명 원문을 보존. 새 입력경로 설명은 H90 운영안내에서 별도 재작성하며 구판 설명을 작동 지시로 표시하지 않음."",""source_selector"":""row=28;key=처음 열람""},{""file_code"":""C00"",""table"":""설정출처대응"",""field"":""description_raw"",""role"":""archive"",""rule"":""과거 탭 좌표가 포함된 설명 원문을 보존. 새 입력경로 설명은 H90 운영안내에서 별도 재작성하며 구판 설명을 작동 지시로 표시하지 않음."",""source_selector"":""row=29;key=처음 입력""},{""file_code"":""C00"",""table"":""설정출처대응"",""field"":""description_raw"",""role"":""archive"",""rule"":""과거 탭 좌표가 포함된 설명 원문을 보존. 새 입력경로 설명은 H90 운영안내에서 별도 재작성하며 구판 설명을 작동 지시로 표시하지 않음."",""source_selector"":""row=30;key=입력 점검""},{""file_code"":""C00"",""table"":""설정출처대응"",""field"":""description_raw"",""role"":""archive"",""rule"":""과거 탭 좌표가 포함된 설명 원문을 보존. 새 입력경로 설명은 H90 운영안내에서 별도 재작성하며 구판 설명을 작동 지시로 표시하지 않음."",""source_selector"":""row=31;key=정당 연간정보""},{""file_code"":""C00"",""table"":""설정출처대응"",""field"":""description_raw"",""role"":""archive"",""rule"":""과거 탭 좌표가 포함된 설명 원문을 보존. 새 입력경로 설명은 H90 운영안내에서 별도 재작성하며 구판 설명을 작동 지시로 표시하지 않음."",""source_selector"":""row=32;key=혼합선거""},{""file_code"":""C00"",""table"":""설정출처대응"",""field"":""description_raw"",""role"":""archive"",""rule"":""과거 탭 좌표가 포함된 설명 원문을 보존. 새 입력경로 설명은 H90 운영안내에서 별도 재작성하며 구판 설명을 작동 지시로 표시하지 않음."",""source_selector"":""row=33;key=선거 후 보유의석""},{""file_code"":""C00"",""table"":""설정출처대응"",""field"":""description_raw"",""role"":""archive"",""rule"":""과거 탭 좌표가 포함된 설명 원문을 보존. 새 입력경로 설명은 H90 운영안내에서 별도 재작성하며 구판 설명을 작동 지시로 표시하지 않음."",""source_selector"":""row=34;key=배분 방식""},{""file_code"":""C00"",""table"":""설정출처대응"",""field"":""description_raw"",""role"":""archive"",""rule"":""과거 탭 좌표가 포함된 설명 원문을 보존. 새 입력경로 설명은 H90 운영안내에서 별도 재작성하며 구판 설명을 작동 지시로 표시하지 않음."",""source_selector"":""row=35;key=선거구 자료""},{""file_code"":""C00"",""table"":""설정출처대응"",""field"":""description_raw"",""role"":""archive"",""rule"":""과거 탭 좌표가 포함된 설명 원문을 보존. 새 입력경로 설명은 H90 운영안내에서 별도 재작성하며 구판 설명을 작동 지시로 표시하지 않음."",""source_selector"":""row=36;key=비율 입력법""},{""file_code"":""C00"",""table"":""설정출처대응"",""field"":""description_raw"",""role"":""archive"",""rule"":""과거 탭 좌표가 포함된 설명 원문을 보존. 새 입력경로 설명은 H90 운영안내에서 별도 재작성하며 구판 설명을 작동 지시로 표시하지 않음."",""source_selector"":""row=37;key=미분류 통계""},{""file_code"":""C00"",""table"":""설정출처대응"",""field"":""description_raw"",""role"":""archive"",""rule"":""과거 탭 좌표가 포함된 설명 원문을 보존. 새 입력경로 설명은 H90 운영안내에서 별도 재작성하며 구판 설명을 작동 지시로 표시하지 않음."",""source_selector"":""row=38;key=제도 개정""},{""file_code"":""C00"",""table"":""설정출처대응"",""field"":""description_raw"",""role"":""archive"",""rule"":""과거 탭 좌표가 포함된 설명 원문을 보존. 새 입력경로 설명은 H90 운영안내에서 별도 재작성하며 구판 설명을 작동 지시로 표시하지 않음."",""source_selector"":""row=39;key=의석 기준""},{""file_code"":""C00"",""table"":""설정출처대응"",""field"":""description_raw"",""role"":""archive"",""rule"":""과거 탭 좌표가 포함된 설명 원문을 보존. 새 입력경로 설명은 H90 운영안내에서 별도 재작성하며 구판 설명을 작동 지시로 표시하지 않음."",""source_selector"":""row=40;key=대행과 승계""},{""file_code"":""C00"",""table"":""설정출처대응"",""field"":""description_raw"",""role"":""archive"",""rule"":""과거 탭 좌표가 포함된 설명 원문을 보존. 새 입력경로 설명은 H90 운영안내에서 별도 재작성하며 구판 설명을 작동 지시로 표시하지 않음."",""source_selector"":""row=41;key=재선거""},{""file_code"":""C00"",""table"":""설정출처대응"",""field"":""description_raw"",""role"":""archive"",""rule"":""과거 탭 좌표가 포함된 설명 원문을 보존. 새 입력경로 설명은 H90 운영안내에서 별도 재작성하며 구판 설명을 작동 지시로 표시하지 않음."",""source_selector"":""row=42;key=정당 순위""},{""file_code"":""C00"",""table"":""설정출처대응"",""field"":""description_raw"",""role"":""archive"",""rule"":""과거 탭 좌표가 포함된 설명 원문을 보존. 새 입력경로 설명은 H90 운영안내에서 별도 재작성하며 구판 설명을 작동 지시로 표시하지 않음."",""source_selector"":""row=43;key=상원 클래스""},{""file_code"":""C00"",""table"":""설정출처대응"",""field"":""description_raw"",""role"":""archive"",""rule"":""과거 탭 좌표가 포함된 설명 원문을 보존. 새 입력경로 설명은 H90 운영안내에서 별도 재작성하며 구판 설명을 작동 지시로 표시하지 않음."",""source_selector"":""row=44;key=종교 대표""},{""file_code"":""C00"",""table"":""설정출처대응"",""field"":""description_raw"",""role"":""archive"",""rule"":""과거 탭 좌표가 포함된 설명 원문을 보존. 새 입력경로 설명은 H90 운영안내에서 별도 재작성하며 구판 설명을 작동 지시로 표시하지 않음."",""source_selector"":""row=45;key=역사 예외""},{""file_code"":""C00"",""table"":""설정출처대응"",""field"":""description_raw"",""role"":""archive"",""rule"":""과거 탭 좌표가 포함된 설명 원문을 보존. 새 입력경로 설명은 H90 운영안내에서 별도 재작성하며 구판 설명을 작동 지시로 표시하지 않음."",""source_selector"":""row=46;key=관리 범위""},{""file_code"":""C00"",""table"":""설정출처대응"",""field"":""description_raw"",""role"":""archive"",""rule"":""과거 탭 좌표가 포함된 설명 원문을 보존. 새 입력경로 설명은 H90 운영안내에서 별도 재작성하며 구판 설명을 작동 지시로 표시하지 않음."",""source_selector"":""row=47;key=임기 날짜""},{""file_code"":""C00"",""table"":""설정출처대응"",""field"":""description_raw"",""role"":""archive"",""rule"":""과거 탭 좌표가 포함된 설명 원문을 보존. 새 입력경로 설명은 H90 운영안내에서 별도 재작성하며 구판 설명을 작동 지시로 표시하지 않음."",""source_selector"":""row=48;key=시점 조회연도""},{""file_code"":""C00"",""table"":""설정출처대응"",""field"":""description_raw"",""role"":""archive"",""rule"":""과거 탭 좌표가 포함된 설명 원문을 보존. 새 입력경로 설명은 H90 운영안내에서 별도 재작성하며 구판 설명을 작동 지시로 표시하지 않음."",""source_selector"":""row=49;key=시점 조회월""},{""file_code"":""C00"",""table"":""설정출처대응"",""field"":""description_raw"",""role"":""archive"",""rule"":""과거 탭 좌표가 포함된 설명 원문을 보존. 새 입력경로 설명은 H90 운영안내에서 별도 재작성하며 구판 설명을 작동 지시로 표시하지 않음."",""source_selector"":""row=50;key=시점 조회일""},{""file_code"":""C00"",""table"":""설정출처대응"",""field"":""description_raw"",""role"":""archive"",""rule"":""과거 탭 좌표가 포함된 설명 원문을 보존. 새 입력경로 설명은 H90 운영안내에서 별도 재작성하며 구판 설명을 작동 지시로 표시하지 않음."",""source_selector"":""row=51;key=조회 정당 ID""},{""file_code"":""C00"",""table"":""설정출처대응"",""field"":""description_raw"",""role"":""archive"",""rule"":""과거 탭 좌표가 포함된 설명 원문을 보존. 새 입력경로 설명은 H90 운영안내에서 별도 재작성하며 구판 설명을 작동 지시로 표시하지 않음."",""source_selector"":""row=52;key=조회 인물 ID""},{""file_code"":""C00"",""table"":""설정출처대응"",""field"":""description_raw"",""role"":""archive"",""rule"":""과거 탭 좌표가 포함된 설명 원문을 보존. 새 입력경로 설명은 H90 운영안내에서 별도 재작성하며 구판 설명을 작동 지시로 표시하지 않음."",""source_selector"":""row=53;key=기준 황제 ID""},{""file_code"":""C00"",""table"":""설정출처대응"",""field"":""description_raw"",""role"":""archive"",""rule"":""과거 탭 좌표가 포함된 설명 원문을 보존. 새 입력경로 설명은 H90 운영안내에서 별도 재작성하며 구판 설명을 작동 지시로 표시하지 않음."",""source_selector"":""row=54;key=언어 표기""},{""file_code"":""C00"",""table"":""설정출처대응"",""field"":""description_raw"",""role"":""archive"",""rule"":""과거 탭 좌표가 포함된 설명 원문을 보존. 새 입력경로 설명은 H90 운영안내에서 별도 재작성하며 구판 설명을 작동 지시로 표시하지 않음."",""source_selector"":""row=55;key=대표색""},{""file_code"":""C00"",""table"":""설정출처대응"",""field"":""description_raw"",""role"":""archive"",""rule"":""과거 탭 좌표가 포함된 설명 원문을 보존. 새 입력경로 설명은 H90 운영안내에서 별도 재작성하며 구판 설명을 작동 지시로 표시하지 않음."",""source_selector"":""row=56;key=스키마 안내""},{""file_code"":""C00"",""table"":""설정출처대응"",""field"":""description_raw"",""role"":""archive"",""rule"":""과거 탭 좌표가 포함된 설명 원문을 보존. 새 입력경로 설명은 H90 운영안내에서 별도 재작성하며 구판 설명을 작동 지시로 표시하지 않음."",""source_selector"":""row=57;key=검증 요약""},{""file_code"":""C00"",""table"":""설정출처대응"",""field"":""description_raw"",""role"":""archive"",""rule"":""과거 탭 좌표가 포함된 설명 원문을 보존. 새 입력경로 설명은 H90 운영안내에서 별도 재작성하며 구판 설명을 작동 지시로 표시하지 않음."",""source_selector"":""row=58;key=연간/시점 조회 차이""},{""file_code"":""C00"",""table"":""설정출처대응"",""field"":""description_raw"",""role"":""archive"",""rule"":""과거 탭 좌표가 포함된 설명 원문을 보존. 새 입력경로 설명은 H90 운영안내에서 별도 재작성하며 구판 설명을 작동 지시로 표시하지 않음."",""source_selector"":""row=59;key=신규 날짜 기준""},{""file_code"":""C00"",""table"":""설정출처대응"",""field"":""description_raw"",""role"":""archive"",""rule"":""과거 탭 좌표가 포함된 설명 원문을 보존. 새 입력경로 설명은 H90 운영안내에서 별도 재작성하며 구판 설명을 작동 지시로 표시하지 않음."",""source_selector"":""row=60;key=신규 이력""},{""file_code"":""C00"",""table"":""설정출처대응"",""field"":""description_raw"",""role"":""archive"",""rule"":""과거 탭 좌표가 포함된 설명 원문을 보존. 새 입력경로 설명은 H90 운영안내에서 별도 재작성하며 구판 설명을 작동 지시로 표시하지 않음."",""source_selector"":""row=61;key=검증 범위""},{""file_code"":""C00"",""table"":""설정출처대응"",""field"":""description_raw"",""role"":""archive"",""rule"":""과거 탭 좌표가 포함된 설명 원문을 보존. 새 입력경로 설명은 H90 운영안내에서 별도 재작성하며 구판 설명을 작동 지시로 표시하지 않음."",""source_selector"":""row=62;key=네이티브 표 드롭다운""},{""file_code"":""C00"",""table"":""설정출처대응"",""field"":""description_raw"",""role"":""archive"",""rule"":""과거 탭 좌표가 포함된 설명 원문을 보존. 새 입력경로 설명은 H90 운영안내에서 별도 재작성하며 구판 설명을 작동 지시로 표시하지 않음."",""source_selector"":""row=63;key=정본 취급""}]",원문·기존 ID·값 상태·설정 상태·근거·판본을 보존하고 확정 상태를 새로 추정하지 않음. legacy_locator를 이관레코드 관계로 연결.,C-01;C-07;H-01;H-09,T-004;T-009;T-013;T-019;T-020;T-022;T-068;T-077;T-078,PH0/NAT-V1_online.xlsx#xl/worksheets/sheet1.xml:C; literal=PH1/literal_cells.csv; formulas=PH1/formula_patterns_and_dependencies.json,false,실행시점 online XLSX + native 8행 관측; 원본 내용 이관 아님,PH1 상세 설계 초안 · 온라인 작성/이관/운영 시험 미실행,미실행,미실행,명세 정적 coverage만 확인; 운영 시험 아님
NAT-V1,1mTRKFfCFtiTmuAR6QwrslcBI6Q-wutYzVP_weDAW9uI,920230013,00_코드북,A,NAT-V1:920230013:A,분류 그룹,string,input,셀 내용 전수의 literal/formula/헤더 기반 초안,MAP-038,"[{""file_code"":""C00"",""table"":""코드북"",""field"":""group_code"",""role"":""input"",""rule"":""group_code+stored_code를 코드북 키로 보존. 서로 다른 그룹의 같은 문자열 코드는 합치지 않음."",""source_selector"":""all_data_rows""}]",원문·기존 ID·값 상태·설정 상태·근거·판본을 보존하고 확정 상태를 새로 추정하지 않음. legacy_locator를 이관레코드 관계로 연결.,C-06,T-004;T-009;T-013;T-070;T-072;T-081,PH0/NAT-V1_online.xlsx#xl/worksheets/sheet2.xml:A; literal=PH1/literal_cells.csv; formulas=PH1/formula_patterns_and_dependencies.json,false,실행시점 online XLSX + native 8행 관측; 원본 내용 이관 아님,PH1 상세 설계 초안 · 온라인 작성/이관/운영 시험 미실행,미실행,미실행,명세 정적 coverage만 확인; 운영 시험 아님
NAT-V1,1mTRKFfCFtiTmuAR6QwrslcBI6Q-wutYzVP_weDAW9uI,920230013,00_코드북,B,NAT-V1:920230013:B,저장 코드,string,input,셀 내용 전수의 literal/formula/헤더 기반 초안,MAP-038,"[{""file_code"":""C00"",""table"":""코드북"",""field"":""stored_code"",""role"":""input"",""rule"":""group_code+stored_code를 코드북 키로 보존. 서로 다른 그룹의 같은 문자열 코드는 합치지 않음."",""source_selector"":""all_data_rows""}]",원문·기존 ID·값 상태·설정 상태·근거·판본을 보존하고 확정 상태를 새로 추정하지 않음. legacy_locator를 이관레코드 관계로 연결.,C-06,T-004;T-009;T-013;T-070;T-072;T-081,PH0/NAT-V1_online.xlsx#xl/worksheets/sheet2.xml:B; literal=PH1/literal_cells.csv; formulas=PH1/formula_patterns_and_dependencies.json,false,실행시점 online XLSX + native 8행 관측; 원본 내용 이관 아님,PH1 상세 설계 초안 · 온라인 작성/이관/운영 시험 미실행,미실행,미실행,명세 정적 coverage만 확인; 운영 시험 아님
NAT-V1,1mTRKFfCFtiTmuAR6QwrslcBI6Q-wutYzVP_weDAW9uI,920230013,00_코드북,C,NAT-V1:920230013:C,표시명,string,input,셀 내용 전수의 literal/formula/헤더 기반 초안,MAP-038,"[{""file_code"":""C00"",""table"":""코드북"",""field"":""display_name"",""role"":""input"",""rule"":""group_code+stored_code를 코드북 키로 보존. 서로 다른 그룹의 같은 문자열 코드는 합치지 않음."",""source_selector"":""all_data_rows""}]",원문·기존 ID·값 상태·설정 상태·근거·판본을 보존하고 확정 상태를 새로 추정하지 않음. legacy_locator를 이관레코드 관계로 연결.,C-06,T-004;T-009;T-013;T-070;T-072;T-081,PH0/NAT-V1_online.xlsx#xl/worksheets/sheet2.xml:C; literal=PH1/literal_cells.csv; formulas=PH1/formula_patterns_and_dependencies.json,false,실행시점 online XLSX + native 8행 관측; 원본 내용 이관 아님,PH1 상세 설계 초안 · 온라인 작성/이관/운영 시험 미실행,미실행,미실행,명세 정적 coverage만 확인; 운영 시험 아님
NAT-V1,1mTRKFfCFtiTmuAR6QwrslcBI6Q-wutYzVP_weDAW9uI,920230013,00_코드북,D,NAT-V1:920230013:D,정의,string,input,셀 내용 전수의 literal/formula/헤더 기반 초안,MAP-038,"[{""file_code"":""C00"",""table"":""코드북"",""field"":""definition"",""role"":""input"",""rule"":""group_code+stored_code를 코드북 키로 보존. 서로 다른 그룹의 같은 문자열 코드는 합치지 않음."",""source_selector"":""all_data_rows""}]",원문·기존 ID·값 상태·설정 상태·근거·판본을 보존하고 확정 상태를 새로 추정하지 않음. legacy_locator를 이관레코드 관계로 연결.,C-06,T-004;T-009;T-013;T-070;T-072;T-081,PH0/NAT-V1_online.xlsx#xl/worksheets/sheet2.xml:D; literal=PH1/literal_cells.csv; formulas=PH1/formula_patterns_and_dependencies.json,false,실행시점 online XLSX + native 8행 관측; 원본 내용 이관 아님,PH1 상세 설계 초안 · 온라인 작성/이관/운영 시험 미실행,미실행,미실행,명세 정적 coverage만 확인; 운영 시험 아님
NAT-V1,1mTRKFfCFtiTmuAR6QwrslcBI6Q-wutYzVP_weDAW9uI,920230013,00_코드북,E,NAT-V1:920230013:E,엘룬 표기,string,input,셀 내용 전수의 literal/formula/헤더 기반 초안,MAP-038,"[{""file_code"":""C00"",""table"":""코드북"",""field"":""name_elun"",""role"":""input"",""rule"":""group_code+stored_code를 코드북 키로 보존. 서로 다른 그룹의 같은 문자열 코드는 합치지 않음."",""source_selector"":""all_data_rows""}]",원문·기존 ID·값 상태·설정 상태·근거·판본을 보존하고 확정 상태를 새로 추정하지 않음. legacy_locator를 이관레코드 관계로 연결.,C-06,T-004;T-009;T-013;T-070;T-072;T-081,PH0/NAT-V1_online.xlsx#xl/worksheets/sheet2.xml:E; literal=PH1/literal_cells.csv; formulas=PH1/formula_patterns_and_dependencies.json,false,실행시점 online XLSX + native 8행 관측; 원본 내용 이관 아님,PH1 상세 설계 초안 · 온라인 작성/이관/운영 시험 미실행,미실행,미실행,명세 정적 coverage만 확인; 운영 시험 아님
NAT-V1,1mTRKFfCFtiTmuAR6QwrslcBI6Q-wutYzVP_weDAW9uI,920230013,00_코드북,F,NAT-V1:920230013:F,영어·기타 표기,string,input,셀 내용 전수의 literal/formula/헤더 기반 초안,MAP-038,"[{""file_code"":""C00"",""table"":""코드북"",""field"":""name_other"",""role"":""input"",""rule"":""group_code+stored_code를 코드북 키로 보존. 서로 다른 그룹의 같은 문자열 코드는 합치지 않음."",""source_selector"":""all_data_rows""}]",원문·기존 ID·값 상태·설정 상태·근거·판본을 보존하고 확정 상태를 새로 추정하지 않음. legacy_locator를 이관레코드 관계로 연결.,C-06,T-004;T-009;T-013;T-070;T-072;T-081,PH0/NAT-V1_online.xlsx#xl/worksheets/sheet2.xml:F; literal=PH1/literal_cells.csv; formulas=PH1/formula_patterns_and_dependencies.json,false,실행시점 online XLSX + native 8행 관측; 원본 내용 이관 아님,PH1 상세 설계 초안 · 온라인 작성/이관/운영 시험 미실행,미실행,미실행,명세 정적 coverage만 확인; 운영 시험 아님
NAT-V1,1mTRKFfCFtiTmuAR6QwrslcBI6Q-wutYzVP_weDAW9uI,920230013,00_코드북,G,NAT-V1:920230013:G,사용 상태,string,input,셀 내용 전수의 literal/formula/헤더 기반 초안,MAP-038,"[{""file_code"":""C00"",""table"":""코드북"",""field"":""usage_status"",""role"":""input"",""rule"":""group_code+stored_code를 코드북 키로 보존. 서로 다른 그룹의 같은 문자열 코드는 합치지 않음."",""source_selector"":""all_data_rows""}]",원문·기존 ID·값 상태·설정 상태·근거·판본을 보존하고 확정 상태를 새로 추정하지 않음. legacy_locator를 이관레코드 관계로 연결.,C-06,T-004;T-009;T-013;T-070;T-072;T-081,PH0/NAT-V1_online.xlsx#xl/worksheets/sheet2.xml:G; literal=PH1/literal_cells.csv; formulas=PH1/formula_patterns_and_dependencies.json,false,실행시점 online XLSX + native 8행 관측; 원본 내용 이관 아님,PH1 상세 설계 초안 · 온라인 작성/이관/운영 시험 미실행,미실행,미실행,명세 정적 coverage만 확인; 운영 시험 아님
NAT-V1,1mTRKFfCFtiTmuAR6QwrslcBI6Q-wutYzVP_weDAW9uI,920230013,00_코드북,H,NAT-V1:920230013:H,비고,string,input,셀 내용 전수의 literal/formula/헤더 기반 초안,MAP-038,"[{""file_code"":""C00"",""table"":""코드북"",""field"":""notes"",""role"":""input"",""rule"":""group_code+stored_code를 코드북 키로 보존. 서로 다른 그룹의 같은 문자열 코드는 합치지 않음."",""source_selector"":""all_data_rows""}]",원문·기존 ID·값 상태·설정 상태·근거·판본을 보존하고 확정 상태를 새로 추정하지 않음. legacy_locator를 이관레코드 관계로 연결.,C-06,T-004;T-009;T-013;T-070;T-072;T-081,PH0/NAT-V1_online.xlsx#xl/worksheets/sheet2.xml:H; literal=PH1/literal_cells.csv; formulas=PH1/formula_patterns_and_dependencies.json,false,실행시점 online XLSX + native 8행 관측; 원본 내용 이관 아님,PH1 상세 설계 초안 · 온라인 작성/이관/운영 시험 미실행,미실행,미실행,명세 정적 coverage만 확인; 운영 시험 아님
NAT-V1,1mTRKFfCFtiTmuAR6QwrslcBI6Q-wutYzVP_weDAW9uI,920230013,00_코드북,J,NAT-V1:920230013:J,setting_status,string,formula,셀 내용 전수의 literal/formula/헤더 기반 초안,MAP-038,"[{""file_code"":""C00"",""table"":""코드북제공"",""field"":""stored_code"",""role"":""formula"",""rule"":""코드북의 group_code='setting_status' 유효 코드를 한 번 생성하여 소비파일 참조탭에서 재사용. legacy 그룹은 의미 매핑 확인 전 그룹명을 보존."",""source_selector"":""group_code=setting_status""}]",원문·기존 ID·값 상태·설정 상태·근거·판본을 보존하고 확정 상태를 새로 추정하지 않음. legacy_locator를 이관레코드 관계로 연결.,C-06,T-004;T-009;T-013;T-070;T-072;T-081,PH0/NAT-V1_online.xlsx#xl/worksheets/sheet2.xml:J; literal=PH1/literal_cells.csv; formulas=PH1/formula_patterns_and_dependencies.json,false,실행시점 online XLSX + native 8행 관측; 원본 내용 이관 아님,PH1 상세 설계 초안 · 온라인 작성/이관/운영 시험 미실행,미실행,미실행,명세 정적 coverage만 확인; 운영 시험 아님
NAT-V1,1mTRKFfCFtiTmuAR6QwrslcBI6Q-wutYzVP_weDAW9uI,920230013,00_코드북,K,NAT-V1:920230013:K,route_code,string,formula,셀 내용 전수의 literal/formula/헤더 기반 초안,MAP-038,"[{""file_code"":""C00"",""table"":""코드북제공"",""field"":""stored_code"",""role"":""formula"",""rule"":""코드북의 group_code='route_code' 유효 코드를 한 번 생성하여 소비파일 참조탭에서 재사용. legacy 그룹은 의미 매핑 확인 전 그룹명을 보존."",""source_selector"":""group_code=route_code""}]",원문·기존 ID·값 상태·설정 상태·근거·판본을 보존하고 확정 상태를 새로 추정하지 않음. legacy_locator를 이관레코드 관계로 연결.,C-06,T-004;T-009;T-013;T-070;T-072;T-081,PH0/NAT-V1_online.xlsx#xl/worksheets/sheet2.xml:K; literal=PH1/literal_cells.csv; formulas=PH1/formula_patterns_and_dependencies.json,false,실행시점 online XLSX + native 8행 관측; 원본 내용 이관 아님,PH1 상세 설계 초안 · 온라인 작성/이관/운영 시험 미실행,미실행,미실행,명세 정적 coverage만 확인; 운영 시험 아님
NAT-V1,1mTRKFfCFtiTmuAR6QwrslcBI6Q-wutYzVP_weDAW9uI,920230013,00_코드북,L,NAT-V1:920230013:L,era_code,string,formula,셀 내용 전수의 literal/formula/헤더 기반 초안,MAP-038,"[{""file_code"":""C00"",""table"":""코드북제공"",""field"":""stored_code"",""role"":""formula"",""rule"":""코드북의 group_code='era_code' 유효 코드를 한 번 생성하여 소비파일 참조탭에서 재사용. legacy 그룹은 의미 매핑 확인 전 그룹명을 보존."",""source_selector"":""group_code=era_code""}]",원문·기존 ID·값 상태·설정 상태·근거·판본을 보존하고 확정 상태를 새로 추정하지 않음. legacy_locator를 이관레코드 관계로 연결.,C-06,T-004;T-009;T-013;T-070;T-072;T-081,PH0/NAT-V1_online.xlsx#xl/worksheets/sheet2.xml:L; literal=PH1/literal_cells.csv; formulas=PH1/formula_patterns_and_dependencies.json,false,실행시점 online XLSX + native 8행 관측; 원본 내용 이관 아님,PH1 상세 설계 초안 · 온라인 작성/이관/운영 시험 미실행,미실행,미실행,명세 정적 coverage만 확인; 운영 시험 아님
NAT-V1,1mTRKFfCFtiTmuAR6QwrslcBI6Q-wutYzVP_weDAW9uI,920230013,00_코드북,M,NAT-V1:920230013:M,end_status,string,formula,셀 내용 전수의 literal/formula/헤더 기반 초안,MAP-038,"[{""file_code"":""C00"",""table"":""코드북제공"",""field"":""stored_code"",""role"":""formula"",""rule"":""코드북의 group_code='end_status' 유효 코드를 한 번 생성하여 소비파일 참조탭에서 재사용. legacy 그룹은 의미 매핑 확인 전 그룹명을 보존."",""source_selector"":""group_code=end_status""}]",원문·기존 ID·값 상태·설정 상태·근거·판본을 보존하고 확정 상태를 새로 추정하지 않음. legacy_locator를 이관레코드 관계로 연결.,C-06,T-004;T-009;T-013;T-070;T-072;T-081,PH0/NAT-V1_online.xlsx#xl/worksheets/sheet2.xml:M; literal=PH1/literal_cells.csv; formulas=PH1/formula_patterns_and_dependencies.json,false,실행시점 online XLSX + native 8행 관측; 원본 내용 이관 아님,PH1 상세 설계 초안 · 온라인 작성/이관/운영 시험 미실행,미실행,미실행,명세 정적 coverage만 확인; 운영 시험 아님
NAT-V1,1mTRKFfCFtiTmuAR6QwrslcBI6Q-wutYzVP_weDAW9uI,920230013,00_코드북,N,NAT-V1:920230013:N,term_type,string,formula,셀 내용 전수의 literal/formula/헤더 기반 초안,MAP-038,"[{""file_code"":""C00"",""table"":""코드북제공"",""field"":""stored_code"",""role"":""formula"",""rule"":""코드북의 group_code='term_type' 유효 코드를 한 번 생성하여 소비파일 참조탭에서 재사용. legacy 그룹은 의미 매핑 확인 전 그룹명을 보존."",""source_selector"":""group_code=term_type""}]",원문·기존 ID·값 상태·설정 상태·근거·판본을 보존하고 확정 상태를 새로 추정하지 않음. legacy_locator를 이관레코드 관계로 연결.,C-06,T-004;T-009;T-013;T-070;T-072;T-081,PH0/NAT-V1_online.xlsx#xl/worksheets/sheet2.xml:N; literal=PH1/literal_cells.csv; formulas=PH1/formula_patterns_and_dependencies.json,false,실행시점 online XLSX + native 8행 관측; 원본 내용 이관 아님,PH1 상세 설계 초안 · 온라인 작성/이관/운영 시험 미실행,미실행,미실행,명세 정적 coverage만 확인; 운영 시험 아님
NAT-V1,1mTRKFfCFtiTmuAR6QwrslcBI6Q-wutYzVP_weDAW9uI,920230013,00_코드북,O,NAT-V1:920230013:O,accession_type,string,formula,셀 내용 전수의 literal/formula/헤더 기반 초안,MAP-038,"[{""file_code"":""C00"",""table"":""코드북제공"",""field"":""stored_code"",""role"":""formula"",""rule"":""코드북의 group_code='accession_type' 유효 코드를 한 번 생성하여 소비파일 참조탭에서 재사용. legacy 그룹은 의미 매핑 확인 전 그룹명을 보존."",""source_selector"":""group_code=accession_type""}]",원문·기존 ID·값 상태·설정 상태·근거·판본을 보존하고 확정 상태를 새로 추정하지 않음. legacy_locator를 이관레코드 관계로 연결.,C-06,T-004;T-009;T-013;T-070;T-072;T-081,PH0/NAT-V1_online.xlsx#xl/worksheets/sheet2.xml:O; literal=PH1/literal_cells.csv; formulas=PH1/formula_patterns_and_dependencies.json,false,실행시점 online XLSX + native 8행 관측; 원본 내용 이관 아님,PH1 상세 설계 초안 · 온라인 작성/이관/운영 시험 미실행,미실행,미실행,명세 정적 coverage만 확인; 운영 시험 아님
NAT-V1,1mTRKFfCFtiTmuAR6QwrslcBI6Q-wutYzVP_weDAW9uI,920230013,00_코드북,P,NAT-V1:920230013:P,election_type,string,formula,셀 내용 전수의 literal/formula/헤더 기반 초안,MAP-038,"[{""file_code"":""C00"",""table"":""코드북제공"",""field"":""stored_code"",""role"":""formula"",""rule"":""코드북의 group_code='election_type' 유효 코드를 한 번 생성하여 소비파일 참조탭에서 재사용. legacy 그룹은 의미 매핑 확인 전 그룹명을 보존."",""source_selector"":""group_code=election_type""}]",원문·기존 ID·값 상태·설정 상태·근거·판본을 보존하고 확정 상태를 새로 추정하지 않음. legacy_locator를 이관레코드 관계로 연결.,C-06,T-004;T-009;T-013;T-070;T-072;T-081,PH0/NAT-V1_online.xlsx#xl/worksheets/sheet2.xml:P; literal=PH1/literal_cells.csv; formulas=PH1/formula_patterns_and_dependencies.json,false,실행시점 online XLSX + native 8행 관측; 원본 내용 이관 아님,PH1 상세 설계 초안 · 온라인 작성/이관/운영 시험 미실행,미실행,미실행,명세 정적 coverage만 확인; 운영 시험 아님
NAT-V1,1mTRKFfCFtiTmuAR6QwrslcBI6Q-wutYzVP_weDAW9uI,920230013,00_코드북,Q,NAT-V1:920230013:Q,seat_scope,string,formula,셀 내용 전수의 literal/formula/헤더 기반 초안,MAP-038,"[{""file_code"":""C00"",""table"":""코드북제공"",""field"":""stored_code"",""role"":""formula"",""rule"":""코드북의 group_code='seat_scope' 유효 코드를 한 번 생성하여 소비파일 참조탭에서 재사용. legacy 그룹은 의미 매핑 확인 전 그룹명을 보존."",""source_selector"":""group_code=seat_scope""}]",원문·기존 ID·값 상태·설정 상태·근거·판본을 보존하고 확정 상태를 새로 추정하지 않음. legacy_locator를 이관레코드 관계로 연결.,C-06,T-004;T-009;T-013;T-070;T-072;T-081,PH0/NAT-V1_online.xlsx#xl/worksheets/sheet2.xml:Q; literal=PH1/literal_cells.csv; formulas=PH1/formula_patterns_and_dependencies.json,false,실행시점 online XLSX + native 8행 관측; 원본 내용 이관 아님,PH1 상세 설계 초안 · 온라인 작성/이관/운영 시험 미실행,미실행,미실행,명세 정적 coverage만 확인; 운영 시험 아님
NAT-V1,1mTRKFfCFtiTmuAR6QwrslcBI6Q-wutYzVP_weDAW9uI,920230013,00_코드북,R,NAT-V1:920230013:R,data_scope,string,formula,셀 내용 전수의 literal/formula/헤더 기반 초안,MAP-038,"[{""file_code"":""C00"",""table"":""코드북제공"",""field"":""stored_code"",""role"":""formula"",""rule"":""코드북의 group_code='data_scope' 유효 코드를 한 번 생성하여 소비파일 참조탭에서 재사용. legacy 그룹은 의미 매핑 확인 전 그룹명을 보존."",""source_selector"":""group_code=data_scope""}]",원문·기존 ID·값 상태·설정 상태·근거·판본을 보존하고 확정 상태를 새로 추정하지 않음. legacy_locator를 이관레코드 관계로 연결.,C-06,T-004;T-009;T-013;T-070;T-072;T-081,PH0/NAT-V1_online.xlsx#xl/worksheets/sheet2.xml:R; literal=PH1/literal_cells.csv; formulas=PH1/formula_patterns_and_dependencies.json,false,실행시점 online XLSX + native 8행 관측; 원본 내용 이관 아님,PH1 상세 설계 초안 · 온라인 작성/이관/운영 시험 미실행,미실행,미실행,명세 정적 coverage만 확인; 운영 시험 아님
NAT-V1,1mTRKFfCFtiTmuAR6QwrslcBI6Q-wutYzVP_weDAW9uI,920230013,00_코드북,S,NAT-V1:920230013:S,territory_relation,string,formula,셀 내용 전수의 literal/formula/헤더 기반 초안,MAP-038,"[{""file_code"":""C00"",""table"":""코드북제공"",""field"":""stored_code"",""role"":""formula"",""rule"":""코드북의 group_code='territory_relation' 유효 코드를 한 번 생성하여 소비파일 참조탭에서 재사용. legacy 그룹은 의미 매핑 확인 전 그룹명을 보존."",""source_selector"":""group_code=territory_relation""}]",원문·기존 ID·값 상태·설정 상태·근거·판본을 보존하고 확정 상태를 새로 추정하지 않음. legacy_locator를 이관레코드 관계로 연결.,C-06,T-004;T-009;T-013;T-070;T-072;T-081,PH0/NAT-V1_online.xlsx#xl/worksheets/sheet2.xml:S; literal=PH1/literal_cells.csv; formulas=PH1/formula_patterns_and_dependencies.json,false,실행시점 online XLSX + native 8행 관측; 원본 내용 이관 아님,PH1 상세 설계 초안 · 온라인 작성/이관/운영 시험 미실행,미실행,미실행,명세 정적 coverage만 확인; 운영 시험 아님
NAT-V1,1mTRKFfCFtiTmuAR6QwrslcBI6Q-wutYzVP_weDAW9uI,920230013,00_코드북,T,NAT-V1:920230013:T,entity_kind,string,formula,셀 내용 전수의 literal/formula/헤더 기반 초안,MAP-038,"[{""file_code"":""C00"",""table"":""코드북제공"",""field"":""stored_code"",""role"":""formula"",""rule"":""코드북의 group_code='entity_kind' 유효 코드를 한 번 생성하여 소비파일 참조탭에서 재사용. legacy 그룹은 의미 매핑 확인 전 그룹명을 보존."",""source_selector"":""group_code=entity_kind""}]",원문·기존 ID·값 상태·설정 상태·근거·판본을 보존하고 확정 상태를 새로 추정하지 않음. legacy_locator를 이관레코드 관계로 연결.,C-06,T-004;T-009;T-013;T-070;T-072;T-081,PH0/NAT-V1_online.xlsx#xl/worksheets/sheet2.xml:T; literal=PH1/literal_cells.csv; formulas=PH1/formula_patterns_and_dependencies.json,false,실행시점 online XLSX + native 8행 관측; 원본 내용 이관 아님,PH1 상세 설계 초안 · 온라인 작성/이관/운영 시험 미실행,미실행,미실행,명세 정적 coverage만 확인; 운영 시험 아님
NAT-V1,1mTRKFfCFtiTmuAR6QwrslcBI6Q-wutYzVP_weDAW9uI,920230013,00_코드북,U,NAT-V1:920230013:U,office_kind,string,formula,셀 내용 전수의 literal/formula/헤더 기반 초안,MAP-038,"[{""file_code"":""C00"",""table"":""코드북제공"",""field"":""stored_code"",""role"":""formula"",""rule"":""코드북의 group_code='office_kind' 유효 코드를 한 번 생성하여 소비파일 참조탭에서 재사용. legacy 그룹은 의미 매핑 확인 전 그룹명을 보존."",""source_selector"":""group_code=office_kind""}]",원문·기존 ID·값 상태·설정 상태·근거·판본을 보존하고 확정 상태를 새로 추정하지 않음. legacy_locator를 이관레코드 관계로 연결.,C-06,T-004;T-009;T-013;T-070;T-072;T-081,PH0/NAT-V1_online.xlsx#xl/worksheets/sheet2.xml:U; literal=PH1/literal_cells.csv; formulas=PH1/formula_patterns_and_dependencies.json,false,실행시점 online XLSX + native 8행 관측; 원본 내용 이관 아님,PH1 상세 설계 초안 · 온라인 작성/이관/운영 시험 미실행,미실행,미실행,명세 정적 coverage만 확인; 운영 시험 아님
NAT-V1,1mTRKFfCFtiTmuAR6QwrslcBI6Q-wutYzVP_weDAW9uI,920230013,00_코드북,V,NAT-V1:920230013:V,institution_level,string,formula,셀 내용 전수의 literal/formula/헤더 기반 초안,MAP-038,"[{""file_code"":""C00"",""table"":""코드북제공"",""field"":""stored_code"",""role"":""formula"",""rule"":""코드북의 group_code='institution_level' 유효 코드를 한 번 생성하여 소비파일 참조탭에서 재사용. legacy 그룹은 의미 매핑 확인 전 그룹명을 보존."",""source_selector"":""group_code=institution_level""}]",원문·기존 ID·값 상태·설정 상태·근거·판본을 보존하고 확정 상태를 새로 추정하지 않음. legacy_locator를 이관레코드 관계로 연결.,C-06,T-004;T-009;T-013;T-070;T-072;T-081,PH0/NAT-V1_online.xlsx#xl/worksheets/sheet2.xml:V; literal=PH1/literal_cells.csv; formulas=PH1/formula_patterns_and_dependencies.json,false,실행시점 online XLSX + native 8행 관측; 원본 내용 이관 아님,PH1 상세 설계 초안 · 온라인 작성/이관/운영 시험 미실행,미실행,미실행,명세 정적 coverage만 확인; 운영 시험 아님
NAT-V1,1mTRKFfCFtiTmuAR6QwrslcBI6Q-wutYzVP_weDAW9uI,920230013,00_코드북,W,NAT-V1:920230013:W,branch,string,formula,셀 내용 전수의 literal/formula/헤더 기반 초안,MAP-038,"[{""file_code"":""C00"",""table"":""코드북제공"",""field"":""stored_code"",""role"":""formula"",""rule"":""코드북의 group_code='branch' 유효 코드를 한 번 생성하여 소비파일 참조탭에서 재사용. legacy 그룹은 의미 매핑 확인 전 그룹명을 보존."",""source_selector"":""group_code=branch""}]",원문·기존 ID·값 상태·설정 상태·근거·판본을 보존하고 확정 상태를 새로 추정하지 않음. legacy_locator를 이관레코드 관계로 연결.,C-06,T-004;T-009;T-013;T-070;T-072;T-081,PH0/NAT-V1_online.xlsx#xl/worksheets/sheet2.xml:W; literal=PH1/literal_cells.csv; formulas=PH1/formula_patterns_and_dependencies.json,false,실행시점 online XLSX + native 8행 관측; 원본 내용 이관 아님,PH1 상세 설계 초안 · 온라인 작성/이관/운영 시험 미실행,미실행,미실행,명세 정적 coverage만 확인; 운영 시험 아님
NAT-V1,1mTRKFfCFtiTmuAR6QwrslcBI6Q-wutYzVP_weDAW9uI,920230013,00_코드북,X,NAT-V1:920230013:X,person_status,string,formula,셀 내용 전수의 literal/formula/헤더 기반 초안,MAP-038,"[{""file_code"":""C00"",""table"":""코드북제공"",""field"":""stored_code"",""role"":""formula"",""rule"":""코드북의 group_code='person_status' 유효 코드를 한 번 생성하여 소비파일 참조탭에서 재사용. legacy 그룹은 의미 매핑 확인 전 그룹명을 보존."",""source_selector"":""group_code=person_status""}]",원문·기존 ID·값 상태·설정 상태·근거·판본을 보존하고 확정 상태를 새로 추정하지 않음. legacy_locator를 이관레코드 관계로 연결.,C-06,T-004;T-009;T-013;T-070;T-072;T-081,PH0/NAT-V1_online.xlsx#xl/worksheets/sheet2.xml:X; literal=PH1/literal_cells.csv; formulas=PH1/formula_patterns_and_dependencies.json,false,실행시점 online XLSX + native 8행 관측; 원본 내용 이관 아님,PH1 상세 설계 초안 · 온라인 작성/이관/운영 시험 미실행,미실행,미실행,명세 정적 coverage만 확인; 운영 시험 아님
NAT-V1,1mTRKFfCFtiTmuAR6QwrslcBI6Q-wutYzVP_weDAW9uI,920230013,00_코드북,Y,NAT-V1:920230013:Y,party_kind,string,formula,셀 내용 전수의 literal/formula/헤더 기반 초안,MAP-038,"[{""file_code"":""C00"",""table"":""코드북제공"",""field"":""stored_code"",""role"":""formula"",""rule"":""코드북의 group_code='party_kind' 유효 코드를 한 번 생성하여 소비파일 참조탭에서 재사용. legacy 그룹은 의미 매핑 확인 전 그룹명을 보존."",""source_selector"":""group_code=party_kind""}]",원문·기존 ID·값 상태·설정 상태·근거·판본을 보존하고 확정 상태를 새로 추정하지 않음. legacy_locator를 이관레코드 관계로 연결.,C-06,T-004;T-009;T-013;T-070;T-072;T-081,PH0/NAT-V1_online.xlsx#xl/worksheets/sheet2.xml:Y; literal=PH1/literal_cells.csv; formulas=PH1/formula_patterns_and_dependencies.json,false,실행시점 online XLSX + native 8행 관측; 원본 내용 이관 아님,PH1 상세 설계 초안 · 온라인 작성/이관/운영 시험 미실행,미실행,미실행,명세 정적 coverage만 확인; 운영 시험 아님
NAT-V1,1mTRKFfCFtiTmuAR6QwrslcBI6Q-wutYzVP_weDAW9uI,920230013,00_코드북,Z,NAT-V1:920230013:Z,party_status,string,formula,셀 내용 전수의 literal/formula/헤더 기반 초안,MAP-038,"[{""file_code"":""C00"",""table"":""코드북제공"",""field"":""stored_code"",""role"":""formula"",""rule"":""코드북의 group_code='party_status' 유효 코드를 한 번 생성하여 소비파일 참조탭에서 재사용. legacy 그룹은 의미 매핑 확인 전 그룹명을 보존."",""source_selector"":""group_code=party_status""}]",원문·기존 ID·값 상태·설정 상태·근거·판본을 보존하고 확정 상태를 새로 추정하지 않음. legacy_locator를 이관레코드 관계로 연결.,C-06,T-004;T-009;T-013;T-070;T-072;T-081,PH0/NAT-V1_online.xlsx#xl/worksheets/sheet2.xml:Z; literal=PH1/literal_cells.csv; formulas=PH1/formula_patterns_and_dependencies.json,false,실행시점 online XLSX + native 8행 관측; 원본 내용 이관 아님,PH1 상세 설계 초안 · 온라인 작성/이관/운영 시험 미실행,미실행,미실행,명세 정적 coverage만 확인; 운영 시험 아님
NAT-V1,1mTRKFfCFtiTmuAR6QwrslcBI6Q-wutYzVP_weDAW9uI,920230013,00_코드북,AA,NAT-V1:920230013:AA,party_role_kind,string,formula,셀 내용 전수의 literal/formula/헤더 기반 초안,MAP-038,"[{""file_code"":""C00"",""table"":""코드북제공"",""field"":""stored_code"",""role"":""formula"",""rule"":""코드북의 group_code='party_role_kind' 유효 코드를 한 번 생성하여 소비파일 참조탭에서 재사용. legacy 그룹은 의미 매핑 확인 전 그룹명을 보존."",""source_selector"":""group_code=party_role_kind""}]",원문·기존 ID·값 상태·설정 상태·근거·판본을 보존하고 확정 상태를 새로 추정하지 않음. legacy_locator를 이관레코드 관계로 연결.,C-06,T-004;T-009;T-013;T-070;T-072;T-081,PH0/NAT-V1_online.xlsx#xl/worksheets/sheet2.xml:AA; literal=PH1/literal_cells.csv; formulas=PH1/formula_patterns_and_dependencies.json,false,실행시점 online XLSX + native 8행 관측; 원본 내용 이관 아님,PH1 상세 설계 초안 · 온라인 작성/이관/운영 시험 미실행,미실행,미실행,명세 정적 coverage만 확인; 운영 시험 아님
NAT-V1,1mTRKFfCFtiTmuAR6QwrslcBI6Q-wutYzVP_weDAW9uI,920230013,00_코드북,AB,NAT-V1:920230013:AB,royal_status,string,formula,셀 내용 전수의 literal/formula/헤더 기반 초안,MAP-038,"[{""file_code"":""C00"",""table"":""코드북제공"",""field"":""stored_code"",""role"":""formula"",""rule"":""코드북의 group_code='royal_status' 유효 코드를 한 번 생성하여 소비파일 참조탭에서 재사용. legacy 그룹은 의미 매핑 확인 전 그룹명을 보존."",""source_selector"":""group_code=royal_status""}]",원문·기존 ID·값 상태·설정 상태·근거·판본을 보존하고 확정 상태를 새로 추정하지 않음. legacy_locator를 이관레코드 관계로 연결.,C-06,T-004;T-009;T-013;T-070;T-072;T-081,PH0/NAT-V1_online.xlsx#xl/worksheets/sheet2.xml:AB; literal=PH1/literal_cells.csv; formulas=PH1/formula_patterns_and_dependencies.json,false,실행시점 online XLSX + native 8행 관측; 원본 내용 이관 아님,PH1 상세 설계 초안 · 온라인 작성/이관/운영 시험 미실행,미실행,미실행,명세 정적 coverage만 확인; 운영 시험 아님
NAT-V1,1mTRKFfCFtiTmuAR6QwrslcBI6Q-wutYzVP_weDAW9uI,920230013,00_코드북,AC,NAT-V1:920230013:AC,succession_right,string,formula,셀 내용 전수의 literal/formula/헤더 기반 초안,MAP-038,"[{""file_code"":""C00"",""table"":""코드북제공"",""field"":""stored_code"",""role"":""formula"",""rule"":""코드북의 group_code='succession_right' 유효 코드를 한 번 생성하여 소비파일 참조탭에서 재사용. legacy 그룹은 의미 매핑 확인 전 그룹명을 보존."",""source_selector"":""group_code=succession_right""}]",원문·기존 ID·값 상태·설정 상태·근거·판본을 보존하고 확정 상태를 새로 추정하지 않음. legacy_locator를 이관레코드 관계로 연결.,C-06,T-004;T-009;T-013;T-070;T-072;T-081,PH0/NAT-V1_online.xlsx#xl/worksheets/sheet2.xml:AC; literal=PH1/literal_cells.csv; formulas=PH1/formula_patterns_and_dependencies.json,false,실행시점 online XLSX + native 8행 관측; 원본 내용 이관 아님,PH1 상세 설계 초안 · 온라인 작성/이관/운영 시험 미실행,미실행,미실행,명세 정적 coverage만 확인; 운영 시험 아님
NAT-V1,1mTRKFfCFtiTmuAR6QwrslcBI6Q-wutYzVP_weDAW9uI,920230013,00_코드북,AD,NAT-V1:920230013:AD,nomination,string,formula,셀 내용 전수의 literal/formula/헤더 기반 초안,MAP-038,"[{""file_code"":""C00"",""table"":""코드북제공"",""field"":""stored_code"",""role"":""formula"",""rule"":""코드북의 group_code='nomination' 유효 코드를 한 번 생성하여 소비파일 참조탭에서 재사용. legacy 그룹은 의미 매핑 확인 전 그룹명을 보존."",""source_selector"":""group_code=nomination""}]",원문·기존 ID·값 상태·설정 상태·근거·판본을 보존하고 확정 상태를 새로 추정하지 않음. legacy_locator를 이관레코드 관계로 연결.,C-06,T-004;T-009;T-013;T-070;T-072;T-081,PH0/NAT-V1_online.xlsx#xl/worksheets/sheet2.xml:AD; literal=PH1/literal_cells.csv; formulas=PH1/formula_patterns_and_dependencies.json,false,실행시점 online XLSX + native 8행 관측; 원본 내용 이관 아님,PH1 상세 설계 초안 · 온라인 작성/이관/운영 시험 미실행,미실행,미실행,명세 정적 coverage만 확인; 운영 시험 아님
NAT-V1,1mTRKFfCFtiTmuAR6QwrslcBI6Q-wutYzVP_weDAW9uI,920230013,00_코드북,AE,NAT-V1:920230013:AE,crown_status,string,formula,셀 내용 전수의 literal/formula/헤더 기반 초안,MAP-038,"[{""file_code"":""C00"",""table"":""코드북제공"",""field"":""stored_code"",""role"":""formula"",""rule"":""코드북의 group_code='crown_status' 유효 코드를 한 번 생성하여 소비파일 참조탭에서 재사용. legacy 그룹은 의미 매핑 확인 전 그룹명을 보존."",""source_selector"":""group_code=crown_status""}]",원문·기존 ID·값 상태·설정 상태·근거·판본을 보존하고 확정 상태를 새로 추정하지 않음. legacy_locator를 이관레코드 관계로 연결.,C-06,T-004;T-009;T-013;T-070;T-072;T-081,PH0/NAT-V1_online.xlsx#xl/worksheets/sheet2.xml:AE; literal=PH1/literal_cells.csv; formulas=PH1/formula_patterns_and_dependencies.json,false,실행시점 online XLSX + native 8행 관측; 원본 내용 이관 아님,PH1 상세 설계 초안 · 온라인 작성/이관/운영 시험 미실행,미실행,미실행,명세 정적 coverage만 확인; 운영 시험 아님
NAT-V1,1mTRKFfCFtiTmuAR6QwrslcBI6Q-wutYzVP_weDAW9uI,920230013,00_코드북,AF,NAT-V1:920230013:AF,kinship,string,formula,셀 내용 전수의 literal/formula/헤더 기반 초안,MAP-038,"[{""file_code"":""C00"",""table"":""코드북제공"",""field"":""stored_code"",""role"":""formula"",""rule"":""코드북의 group_code='kinship' 유효 코드를 한 번 생성하여 소비파일 참조탭에서 재사용. legacy 그룹은 의미 매핑 확인 전 그룹명을 보존."",""source_selector"":""group_code=kinship""}]",원문·기존 ID·값 상태·설정 상태·근거·판본을 보존하고 확정 상태를 새로 추정하지 않음. legacy_locator를 이관레코드 관계로 연결.,C-06,T-004;T-009;T-013;T-070;T-072;T-081,PH0/NAT-V1_online.xlsx#xl/worksheets/sheet2.xml:AF; literal=PH1/literal_cells.csv; formulas=PH1/formula_patterns_and_dependencies.json,false,실행시점 online XLSX + native 8행 관측; 원본 내용 이관 아님,PH1 상세 설계 초안 · 온라인 작성/이관/운영 시험 미실행,미실행,미실행,명세 정적 coverage만 확인; 운영 시험 아님
NAT-V1,1mTRKFfCFtiTmuAR6QwrslcBI6Q-wutYzVP_weDAW9uI,920230013,00_코드북,AG,NAT-V1:920230013:AG,lineage,string,formula,셀 내용 전수의 literal/formula/헤더 기반 초안,MAP-038,"[{""file_code"":""C00"",""table"":""코드북제공"",""field"":""stored_code"",""role"":""formula"",""rule"":""코드북의 group_code='lineage' 유효 코드를 한 번 생성하여 소비파일 참조탭에서 재사용. legacy 그룹은 의미 매핑 확인 전 그룹명을 보존."",""source_selector"":""group_code=lineage""}]",원문·기존 ID·값 상태·설정 상태·근거·판본을 보존하고 확정 상태를 새로 추정하지 않음. legacy_locator를 이관레코드 관계로 연결.,C-06,T-004;T-009;T-013;T-070;T-072;T-081,PH0/NAT-V1_online.xlsx#xl/worksheets/sheet2.xml:AG; literal=PH1/literal_cells.csv; formulas=PH1/formula_patterns_and_dependencies.json,false,실행시점 online XLSX + native 8행 관측; 원본 내용 이관 아님,PH1 상세 설계 초안 · 온라인 작성/이관/운영 시험 미실행,미실행,미실행,명세 정적 coverage만 확인; 운영 시험 아님
NAT-V1,1mTRKFfCFtiTmuAR6QwrslcBI6Q-wutYzVP_weDAW9uI,920230013,00_코드북,AH,NAT-V1:920230013:AH,legal_status,string,formula,셀 내용 전수의 literal/formula/헤더 기반 초안,MAP-038,"[{""file_code"":""C00"",""table"":""코드북제공"",""field"":""stored_code"",""role"":""formula"",""rule"":""코드북의 group_code='legal_status' 유효 코드를 한 번 생성하여 소비파일 참조탭에서 재사용. legacy 그룹은 의미 매핑 확인 전 그룹명을 보존."",""source_selector"":""group_code=legal_status""}]",원문·기존 ID·값 상태·설정 상태·근거·판본을 보존하고 확정 상태를 새로 추정하지 않음. legacy_locator를 이관레코드 관계로 연결.,C-06,T-004;T-009;T-013;T-070;T-072;T-081,PH0/NAT-V1_online.xlsx#xl/worksheets/sheet2.xml:AH; literal=PH1/literal_cells.csv; formulas=PH1/formula_patterns_and_dependencies.json,false,실행시점 online XLSX + native 8행 관측; 원본 내용 이관 아님,PH1 상세 설계 초안 · 온라인 작성/이관/운영 시험 미실행,미실행,미실행,명세 정적 coverage만 확인; 운영 시험 아님
NAT-V1,1mTRKFfCFtiTmuAR6QwrslcBI6Q-wutYzVP_weDAW9uI,920230013,00_코드북,AI,NAT-V1:920230013:AI,capital_type,string,formula,셀 내용 전수의 literal/formula/헤더 기반 초안,MAP-038,"[{""file_code"":""C00"",""table"":""코드북제공"",""field"":""stored_code"",""role"":""formula"",""rule"":""코드북의 group_code='capital_type' 유효 코드를 한 번 생성하여 소비파일 참조탭에서 재사용. legacy 그룹은 의미 매핑 확인 전 그룹명을 보존."",""source_selector"":""group_code=capital_type""}]",원문·기존 ID·값 상태·설정 상태·근거·판본을 보존하고 확정 상태를 새로 추정하지 않음. legacy_locator를 이관레코드 관계로 연결.,C-06,T-004;T-009;T-013;T-070;T-072;T-081,PH0/NAT-V1_online.xlsx#xl/worksheets/sheet2.xml:AI; literal=PH1/literal_cells.csv; formulas=PH1/formula_patterns_and_dependencies.json,false,실행시점 online XLSX + native 8행 관측; 원본 내용 이관 아님,PH1 상세 설계 초안 · 온라인 작성/이관/운영 시험 미실행,미실행,미실행,명세 정적 coverage만 확인; 운영 시험 아님
NAT-V1,1mTRKFfCFtiTmuAR6QwrslcBI6Q-wutYzVP_weDAW9uI,920230013,00_코드북,AJ,NAT-V1:920230013:AJ,change_type,string,formula,셀 내용 전수의 literal/formula/헤더 기반 초안,MAP-038,"[{""file_code"":""C00"",""table"":""코드북제공"",""field"":""stored_code"",""role"":""formula"",""rule"":""코드북의 group_code='change_type' 유효 코드를 한 번 생성하여 소비파일 참조탭에서 재사용. legacy 그룹은 의미 매핑 확인 전 그룹명을 보존."",""source_selector"":""group_code=change_type""}]",원문·기존 ID·값 상태·설정 상태·근거·판본을 보존하고 확정 상태를 새로 추정하지 않음. legacy_locator를 이관레코드 관계로 연결.,C-06,T-004;T-009;T-013;T-070;T-072;T-081,PH0/NAT-V1_online.xlsx#xl/worksheets/sheet2.xml:AJ; literal=PH1/literal_cells.csv; formulas=PH1/formula_patterns_and_dependencies.json,false,실행시점 online XLSX + native 8행 관측; 원본 내용 이관 아님,PH1 상세 설계 초안 · 온라인 작성/이관/운영 시험 미실행,미실행,미실행,명세 정적 coverage만 확인; 운영 시험 아님
NAT-V1,1mTRKFfCFtiTmuAR6QwrslcBI6Q-wutYzVP_weDAW9uI,920230013,00_코드북,AK,NAT-V1:920230013:AK,party_change,string,formula,셀 내용 전수의 literal/formula/헤더 기반 초안,MAP-038,"[{""file_code"":""C00"",""table"":""코드북제공"",""field"":""stored_code"",""role"":""formula"",""rule"":""코드북의 group_code='party_change' 유효 코드를 한 번 생성하여 소비파일 참조탭에서 재사용. legacy 그룹은 의미 매핑 확인 전 그룹명을 보존."",""source_selector"":""group_code=party_change""}]",원문·기존 ID·값 상태·설정 상태·근거·판본을 보존하고 확정 상태를 새로 추정하지 않음. legacy_locator를 이관레코드 관계로 연결.,C-06,T-004;T-009;T-013;T-070;T-072;T-081,PH0/NAT-V1_online.xlsx#xl/worksheets/sheet2.xml:AK; literal=PH1/literal_cells.csv; formulas=PH1/formula_patterns_and_dependencies.json,false,실행시점 online XLSX + native 8행 관측; 원본 내용 이관 아님,PH1 상세 설계 초안 · 온라인 작성/이관/운영 시험 미실행,미실행,미실행,명세 정적 coverage만 확인; 운영 시험 아님
NAT-V1,1mTRKFfCFtiTmuAR6QwrslcBI6Q-wutYzVP_weDAW9uI,920230013,00_코드북,AL,NAT-V1:920230013:AL,district_type,string,formula,셀 내용 전수의 literal/formula/헤더 기반 초안,MAP-038,"[{""file_code"":""C00"",""table"":""코드북제공"",""field"":""stored_code"",""role"":""formula"",""rule"":""코드북의 group_code='district_type' 유효 코드를 한 번 생성하여 소비파일 참조탭에서 재사용. legacy 그룹은 의미 매핑 확인 전 그룹명을 보존."",""source_selector"":""group_code=district_type""}]",원문·기존 ID·값 상태·설정 상태·근거·판본을 보존하고 확정 상태를 새로 추정하지 않음. legacy_locator를 이관레코드 관계로 연결.,C-06,T-004;T-009;T-013;T-070;T-072;T-081,PH0/NAT-V1_online.xlsx#xl/worksheets/sheet2.xml:AL; literal=PH1/literal_cells.csv; formulas=PH1/formula_patterns_and_dependencies.json,false,실행시점 online XLSX + native 8행 관측; 원본 내용 이관 아님,PH1 상세 설계 초안 · 온라인 작성/이관/운영 시험 미실행,미실행,미실행,명세 정적 coverage만 확인; 운영 시험 아님
NAT-V1,1mTRKFfCFtiTmuAR6QwrslcBI6Q-wutYzVP_weDAW9uI,920230013,00_코드북,AM,NAT-V1:920230013:AM,region_level,string,formula,셀 내용 전수의 literal/formula/헤더 기반 초안,MAP-038,"[{""file_code"":""C00"",""table"":""코드북제공"",""field"":""stored_code"",""role"":""formula"",""rule"":""코드북의 group_code='region_level' 유효 코드를 한 번 생성하여 소비파일 참조탭에서 재사용. legacy 그룹은 의미 매핑 확인 전 그룹명을 보존."",""source_selector"":""group_code=region_level""}]",원문·기존 ID·값 상태·설정 상태·근거·판본을 보존하고 확정 상태를 새로 추정하지 않음. legacy_locator를 이관레코드 관계로 연결.,C-06,T-004;T-009;T-013;T-070;T-072;T-081,PH0/NAT-V1_online.xlsx#xl/worksheets/sheet2.xml:AM; literal=PH1/literal_cells.csv; formulas=PH1/formula_patterns_and_dependencies.json,false,실행시점 online XLSX + native 8행 관측; 원본 내용 이관 아님,PH1 상세 설계 초안 · 온라인 작성/이관/운영 시험 미실행,미실행,미실행,명세 정적 coverage만 확인; 운영 시험 아님
NAT-V1,1mTRKFfCFtiTmuAR6QwrslcBI6Q-wutYzVP_weDAW9uI,920230013,00_코드북,AN,NAT-V1:920230013:AN,appointment,string,formula,셀 내용 전수의 literal/formula/헤더 기반 초안,MAP-038,"[{""file_code"":""C00"",""table"":""코드북제공"",""field"":""stored_code"",""role"":""formula"",""rule"":""코드북의 group_code='appointment' 유효 코드를 한 번 생성하여 소비파일 참조탭에서 재사용. legacy 그룹은 의미 매핑 확인 전 그룹명을 보존."",""source_selector"":""group_code=appointment""}]",원문·기존 ID·값 상태·설정 상태·근거·판본을 보존하고 확정 상태를 새로 추정하지 않음. legacy_locator를 이관레코드 관계로 연결.,C-06,T-004;T-009;T-013;T-070;T-072;T-081,PH0/NAT-V1_online.xlsx#xl/worksheets/sheet2.xml:AN; literal=PH1/literal_cells.csv; formulas=PH1/formula_patterns_and_dependencies.json,false,실행시점 online XLSX + native 8행 관측; 원본 내용 이관 아님,PH1 상세 설계 초안 · 온라인 작성/이관/운영 시험 미실행,미실행,미실행,명세 정적 coverage만 확인; 운영 시험 아님
NAT-V1,1mTRKFfCFtiTmuAR6QwrslcBI6Q-wutYzVP_weDAW9uI,920230013,00_코드북,AO,NAT-V1:920230013:AO,seat_kind,string,formula,셀 내용 전수의 literal/formula/헤더 기반 초안,MAP-038,"[{""file_code"":""C00"",""table"":""코드북제공"",""field"":""stored_code"",""role"":""formula"",""rule"":""코드북의 group_code='seat_kind' 유효 코드를 한 번 생성하여 소비파일 참조탭에서 재사용. legacy 그룹은 의미 매핑 확인 전 그룹명을 보존."",""source_selector"":""group_code=seat_kind""}]",원문·기존 ID·값 상태·설정 상태·근거·판본을 보존하고 확정 상태를 새로 추정하지 않음. legacy_locator를 이관레코드 관계로 연결.,C-06,T-004;T-009;T-013;T-070;T-072;T-081,PH0/NAT-V1_online.xlsx#xl/worksheets/sheet2.xml:AO; literal=PH1/literal_cells.csv; formulas=PH1/formula_patterns_and_dependencies.json,false,실행시점 online XLSX + native 8행 관측; 원본 내용 이관 아님,PH1 상세 설계 초안 · 온라인 작성/이관/운영 시험 미실행,미실행,미실행,명세 정적 coverage만 확인; 운영 시험 아님
NAT-V1,1mTRKFfCFtiTmuAR6QwrslcBI6Q-wutYzVP_weDAW9uI,920230013,00_코드북,AP,NAT-V1:920230013:AP,senate_class,string,formula,셀 내용 전수의 literal/formula/헤더 기반 초안,MAP-038,"[{""file_code"":""C00"",""table"":""코드북제공"",""field"":""stored_code"",""role"":""formula"",""rule"":""코드북의 group_code='senate_class' 유효 코드를 한 번 생성하여 소비파일 참조탭에서 재사용. legacy 그룹은 의미 매핑 확인 전 그룹명을 보존."",""source_selector"":""group_code=senate_class""}]",원문·기존 ID·값 상태·설정 상태·근거·판본을 보존하고 확정 상태를 새로 추정하지 않음. legacy_locator를 이관레코드 관계로 연결.,C-06,T-004;T-009;T-013;T-070;T-072;T-081,PH0/NAT-V1_online.xlsx#xl/worksheets/sheet2.xml:AP; literal=PH1/literal_cells.csv; formulas=PH1/formula_patterns_and_dependencies.json,false,실행시점 online XLSX + native 8행 관측; 원본 내용 이관 아님,PH1 상세 설계 초안 · 온라인 작성/이관/운영 시험 미실행,미실행,미실행,명세 정적 coverage만 확인; 운영 시험 아님
NAT-V1,1mTRKFfCFtiTmuAR6QwrslcBI6Q-wutYzVP_weDAW9uI,920230013,00_코드북,AQ,NAT-V1:920230013:AQ,legacy_11_K,string,formula,셀 내용 전수의 literal/formula/헤더 기반 초안,MAP-038,"[{""file_code"":""C00"",""table"":""코드북제공"",""field"":""stored_code"",""role"":""formula"",""rule"":""코드북의 group_code='legacy_11_K' 유효 코드를 한 번 생성하여 소비파일 참조탭에서 재사용. legacy 그룹은 의미 매핑 확인 전 그룹명을 보존."",""source_selector"":""group_code=legacy_11_K""}]",원문·기존 ID·값 상태·설정 상태·근거·판본을 보존하고 확정 상태를 새로 추정하지 않음. legacy_locator를 이관레코드 관계로 연결.,C-06,T-004;T-009;T-013;T-070;T-072;T-081,PH0/NAT-V1_online.xlsx#xl/worksheets/sheet2.xml:AQ; literal=PH1/literal_cells.csv; formulas=PH1/formula_patterns_and_dependencies.json,false,실행시점 online XLSX + native 8행 관측; 원본 내용 이관 아님,PH1 상세 설계 초안 · 온라인 작성/이관/운영 시험 미실행,미실행,미실행,명세 정적 coverage만 확인; 운영 시험 아님
NAT-V1,1mTRKFfCFtiTmuAR6QwrslcBI6Q-wutYzVP_weDAW9uI,920230013,00_코드북,AR,NAT-V1:920230013:AR,legacy_23_AA,string,formula,셀 내용 전수의 literal/formula/헤더 기반 초안,MAP-038,"[{""file_code"":""C00"",""table"":""코드북제공"",""field"":""stored_code"",""role"":""formula"",""rule"":""코드북의 group_code='legacy_23_AA' 유효 코드를 한 번 생성하여 소비파일 참조탭에서 재사용. legacy 그룹은 의미 매핑 확인 전 그룹명을 보존."",""source_selector"":""group_code=legacy_23_AA""}]",원문·기존 ID·값 상태·설정 상태·근거·판본을 보존하고 확정 상태를 새로 추정하지 않음. legacy_locator를 이관레코드 관계로 연결.,C-06,T-004;T-009;T-013;T-070;T-072;T-081,PH0/NAT-V1_online.xlsx#xl/worksheets/sheet2.xml:AR; literal=PH1/literal_cells.csv; formulas=PH1/formula_patterns_and_dependencies.json,false,실행시점 online XLSX + native 8행 관측; 원본 내용 이관 아님,PH1 상세 설계 초안 · 온라인 작성/이관/운영 시험 미실행,미실행,미실행,명세 정적 coverage만 확인; 운영 시험 아님
NAT-V1,1mTRKFfCFtiTmuAR6QwrslcBI6Q-wutYzVP_weDAW9uI,920230013,00_코드북,AS,NAT-V1:920230013:AS,legacy_23_AK,string,formula,셀 내용 전수의 literal/formula/헤더 기반 초안,MAP-038,"[{""file_code"":""C00"",""table"":""코드북제공"",""field"":""stored_code"",""role"":""formula"",""rule"":""코드북의 group_code='legacy_23_AK' 유효 코드를 한 번 생성하여 소비파일 참조탭에서 재사용. legacy 그룹은 의미 매핑 확인 전 그룹명을 보존."",""source_selector"":""group_code=legacy_23_AK""}]",원문·기존 ID·값 상태·설정 상태·근거·판본을 보존하고 확정 상태를 새로 추정하지 않음. legacy_locator를 이관레코드 관계로 연결.,C-06,T-004;T-009;T-013;T-070;T-072;T-081,PH0/NAT-V1_online.xlsx#xl/worksheets/sheet2.xml:AS; literal=PH1/literal_cells.csv; formulas=PH1/formula_patterns_and_dependencies.json,false,실행시점 online XLSX + native 8행 관측; 원본 내용 이관 아님,PH1 상세 설계 초안 · 온라인 작성/이관/운영 시험 미실행,미실행,미실행,명세 정적 coverage만 확인; 운영 시험 아님
NAT-V1,1mTRKFfCFtiTmuAR6QwrslcBI6Q-wutYzVP_weDAW9uI,920230013,00_코드북,AT,NAT-V1:920230013:AT,legacy_26_L,string,formula,셀 내용 전수의 literal/formula/헤더 기반 초안,MAP-038,"[{""file_code"":""C00"",""table"":""코드북제공"",""field"":""stored_code"",""role"":""formula"",""rule"":""코드북의 group_code='legacy_26_L' 유효 코드를 한 번 생성하여 소비파일 참조탭에서 재사용. legacy 그룹은 의미 매핑 확인 전 그룹명을 보존."",""source_selector"":""group_code=legacy_26_L""}]",원문·기존 ID·값 상태·설정 상태·근거·판본을 보존하고 확정 상태를 새로 추정하지 않음. legacy_locator를 이관레코드 관계로 연결.,C-06,T-004;T-009;T-013;T-070;T-072;T-081,PH0/NAT-V1_online.xlsx#xl/worksheets/sheet2.xml:AT; literal=PH1/literal_cells.csv; formulas=PH1/formula_patterns_and_dependencies.json,false,실행시점 online XLSX + native 8행 관측; 원본 내용 이관 아님,PH1 상세 설계 초안 · 온라인 작성/이관/운영 시험 미실행,미실행,미실행,명세 정적 coverage만 확인; 운영 시험 아님
NAT-V1,1mTRKFfCFtiTmuAR6QwrslcBI6Q-wutYzVP_weDAW9uI,920230013,00_코드북,AU,NAT-V1:920230013:AU,legacy_26_R,string,formula,셀 내용 전수의 literal/formula/헤더 기반 초안,MAP-038,"[{""file_code"":""C00"",""table"":""코드북제공"",""field"":""stored_code"",""role"":""formula"",""rule"":""코드북의 group_code='legacy_26_R' 유효 코드를 한 번 생성하여 소비파일 참조탭에서 재사용. legacy 그룹은 의미 매핑 확인 전 그룹명을 보존."",""source_selector"":""group_code=legacy_26_R""}]",원문·기존 ID·값 상태·설정 상태·근거·판본을 보존하고 확정 상태를 새로 추정하지 않음. legacy_locator를 이관레코드 관계로 연결.,C-06,T-004;T-009;T-013;T-070;T-072;T-081,PH0/NAT-V1_online.xlsx#xl/worksheets/sheet2.xml:AU; literal=PH1/literal_cells.csv; formulas=PH1/formula_patterns_and_dependencies.json,false,실행시점 online XLSX + native 8행 관측; 원본 내용 이관 아님,PH1 상세 설계 초안 · 온라인 작성/이관/운영 시험 미실행,미실행,미실행,명세 정적 coverage만 확인; 운영 시험 아님
NAT-V1,1mTRKFfCFtiTmuAR6QwrslcBI6Q-wutYzVP_weDAW9uI,920230013,00_코드북,AV,NAT-V1:920230013:AV,legacy_26_AD,string,formula,셀 내용 전수의 literal/formula/헤더 기반 초안,MAP-038,"[{""file_code"":""C00"",""table"":""코드북제공"",""field"":""stored_code"",""role"":""formula"",""rule"":""코드북의 group_code='legacy_26_AD' 유효 코드를 한 번 생성하여 소비파일 참조탭에서 재사용. legacy 그룹은 의미 매핑 확인 전 그룹명을 보존."",""source_selector"":""group_code=legacy_26_AD""}]",원문·기존 ID·값 상태·설정 상태·근거·판본을 보존하고 확정 상태를 새로 추정하지 않음. legacy_locator를 이관레코드 관계로 연결.,C-06,T-004;T-009;T-013;T-070;T-072;T-081,PH0/NAT-V1_online.xlsx#xl/worksheets/sheet2.xml:AV; literal=PH1/literal_cells.csv; formulas=PH1/formula_patterns_and_dependencies.json,false,실행시점 online XLSX + native 8행 관측; 원본 내용 이관 아님,PH1 상세 설계 초안 · 온라인 작성/이관/운영 시험 미실행,미실행,미실행,명세 정적 coverage만 확인; 운영 시험 아님
NAT-V1,1mTRKFfCFtiTmuAR6QwrslcBI6Q-wutYzVP_weDAW9uI,920230013,00_코드북,AW,NAT-V1:920230013:AW,legacy_26_AF,string,formula,셀 내용 전수의 literal/formula/헤더 기반 초안,MAP-038,"[{""file_code"":""C00"",""table"":""코드북제공"",""field"":""stored_code"",""role"":""formula"",""rule"":""코드북의 group_code='legacy_26_AF' 유효 코드를 한 번 생성하여 소비파일 참조탭에서 재사용. legacy 그룹은 의미 매핑 확인 전 그룹명을 보존."",""source_selector"":""group_code=legacy_26_AF""}]",원문·기존 ID·값 상태·설정 상태·근거·판본을 보존하고 확정 상태를 새로 추정하지 않음. legacy_locator를 이관레코드 관계로 연결.,C-06,T-004;T-009;T-013;T-070;T-072;T-081,PH0/NAT-V1_online.xlsx#xl/worksheets/sheet2.xml:AW; literal=PH1/literal_cells.csv; formulas=PH1/formula_patterns_and_dependencies.json,false,실행시점 online XLSX + native 8행 관측; 원본 내용 이관 아님,PH1 상세 설계 초안 · 온라인 작성/이관/운영 시험 미실행,미실행,미실행,명세 정적 coverage만 확인; 운영 시험 아님
NAT-V1,1mTRKFfCFtiTmuAR6QwrslcBI6Q-wutYzVP_weDAW9uI,920230013,00_코드북,AX,NAT-V1:920230013:AX,legacy_26_AG,string,formula,셀 내용 전수의 literal/formula/헤더 기반 초안,MAP-038,"[{""file_code"":""C00"",""table"":""코드북제공"",""field"":""stored_code"",""role"":""formula"",""rule"":""코드북의 group_code='legacy_26_AG' 유효 코드를 한 번 생성하여 소비파일 참조탭에서 재사용. legacy 그룹은 의미 매핑 확인 전 그룹명을 보존."",""source_selector"":""group_code=legacy_26_AG""}]",원문·기존 ID·값 상태·설정 상태·근거·판본을 보존하고 확정 상태를 새로 추정하지 않음. legacy_locator를 이관레코드 관계로 연결.,C-06,T-004;T-009;T-013;T-070;T-072;T-081,PH0/NAT-V1_online.xlsx#xl/worksheets/sheet2.xml:AX; literal=PH1/literal_cells.csv; formulas=PH1/formula_patterns_and_dependencies.json,false,실행시점 online XLSX + native 8행 관측; 원본 내용 이관 아님,PH1 상세 설계 초안 · 온라인 작성/이관/운영 시험 미실행,미실행,미실행,명세 정적 coverage만 확인; 운영 시험 아님
NAT-V1,1mTRKFfCFtiTmuAR6QwrslcBI6Q-wutYzVP_weDAW9uI,920230013,00_코드북,AY,NAT-V1:920230013:AY,legacy_27_K,string,formula,셀 내용 전수의 literal/formula/헤더 기반 초안,MAP-038,"[{""file_code"":""C00"",""table"":""코드북제공"",""field"":""stored_code"",""role"":""formula"",""rule"":""코드북의 group_code='legacy_27_K' 유효 코드를 한 번 생성하여 소비파일 참조탭에서 재사용. legacy 그룹은 의미 매핑 확인 전 그룹명을 보존."",""source_selector"":""group_code=legacy_27_K""}]",원문·기존 ID·값 상태·설정 상태·근거·판본을 보존하고 확정 상태를 새로 추정하지 않음. legacy_locator를 이관레코드 관계로 연결.,C-06,T-004;T-009;T-013;T-070;T-072;T-081,PH0/NAT-V1_online.xlsx#xl/worksheets/sheet2.xml:AY; literal=PH1/literal_cells.csv; formulas=PH1/formula_patterns_and_dependencies.json,false,실행시점 online XLSX + native 8행 관측; 원본 내용 이관 아님,PH1 상세 설계 초안 · 온라인 작성/이관/운영 시험 미실행,미실행,미실행,명세 정적 coverage만 확인; 운영 시험 아님
NAT-V1,1mTRKFfCFtiTmuAR6QwrslcBI6Q-wutYzVP_weDAW9uI,920230013,00_코드북,AZ,NAT-V1:920230013:AZ,legacy_28_E,string,formula,셀 내용 전수의 literal/formula/헤더 기반 초안,MAP-038,"[{""file_code"":""C00"",""table"":""코드북제공"",""field"":""stored_code"",""role"":""formula"",""rule"":""코드북의 group_code='legacy_28_E' 유효 코드를 한 번 생성하여 소비파일 참조탭에서 재사용. legacy 그룹은 의미 매핑 확인 전 그룹명을 보존."",""source_selector"":""group_code=legacy_28_E""}]",원문·기존 ID·값 상태·설정 상태·근거·판본을 보존하고 확정 상태를 새로 추정하지 않음. legacy_locator를 이관레코드 관계로 연결.,C-06,T-004;T-009;T-013;T-070;T-072;T-081,PH0/NAT-V1_online.xlsx#xl/worksheets/sheet2.xml:AZ; literal=PH1/literal_cells.csv; formulas=PH1/formula_patterns_and_dependencies.json,false,실행시점 online XLSX + native 8행 관측; 원본 내용 이관 아님,PH1 상세 설계 초안 · 온라인 작성/이관/운영 시험 미실행,미실행,미실행,명세 정적 coverage만 확인; 운영 시험 아님
NAT-V1,1mTRKFfCFtiTmuAR6QwrslcBI6Q-wutYzVP_weDAW9uI,920230013,00_코드북,BA,NAT-V1:920230013:BA,legacy_28_S,string,formula,셀 내용 전수의 literal/formula/헤더 기반 초안,MAP-038,"[{""file_code"":""C00"",""table"":""코드북제공"",""field"":""stored_code"",""role"":""formula"",""rule"":""코드북의 group_code='legacy_28_S' 유효 코드를 한 번 생성하여 소비파일 참조탭에서 재사용. legacy 그룹은 의미 매핑 확인 전 그룹명을 보존."",""source_selector"":""group_code=legacy_28_S""}]",원문·기존 ID·값 상태·설정 상태·근거·판본을 보존하고 확정 상태를 새로 추정하지 않음. legacy_locator를 이관레코드 관계로 연결.,C-06,T-004;T-009;T-013;T-070;T-072;T-081,PH0/NAT-V1_online.xlsx#xl/worksheets/sheet2.xml:BA; literal=PH1/literal_cells.csv; formulas=PH1/formula_patterns_and_dependencies.json,false,실행시점 online XLSX + native 8행 관측; 원본 내용 이관 아님,PH1 상세 설계 초안 · 온라인 작성/이관/운영 시험 미실행,미실행,미실행,명세 정적 coverage만 확인; 운영 시험 아님
NAT-V1,1mTRKFfCFtiTmuAR6QwrslcBI6Q-wutYzVP_weDAW9uI,920230013,00_코드북,BB,NAT-V1:920230013:BB,legacy_28_U,string,formula,셀 내용 전수의 literal/formula/헤더 기반 초안,MAP-038,"[{""file_code"":""C00"",""table"":""코드북제공"",""field"":""stored_code"",""role"":""formula"",""rule"":""코드북의 group_code='legacy_28_U' 유효 코드를 한 번 생성하여 소비파일 참조탭에서 재사용. legacy 그룹은 의미 매핑 확인 전 그룹명을 보존."",""source_selector"":""group_code=legacy_28_U""}]",원문·기존 ID·값 상태·설정 상태·근거·판본을 보존하고 확정 상태를 새로 추정하지 않음. legacy_locator를 이관레코드 관계로 연결.,C-06,T-004;T-009;T-013;T-070;T-072;T-081,PH0/NAT-V1_online.xlsx#xl/worksheets/sheet2.xml:BB; literal=PH1/literal_cells.csv; formulas=PH1/formula_patterns_and_dependencies.json,false,실행시점 online XLSX + native 8행 관측; 원본 내용 이관 아님,PH1 상세 설계 초안 · 온라인 작성/이관/운영 시험 미실행,미실행,미실행,명세 정적 coverage만 확인; 운영 시험 아님
NAT-V1,1mTRKFfCFtiTmuAR6QwrslcBI6Q-wutYzVP_weDAW9uI,233573434,30_역사사건,A,NAT-V1:233573434:A,event_id,string,input,셀 내용 전수의 literal/formula/헤더 기반 초안,MAP-059,"[{""file_code"":""C00"",""table"":""수동사건"",""field"":""event_id"",""role"":""input"",""rule"":""원문·기존 ID·값 상태·설정 상태·근거·판본을 보존하고 확정 상태를 새로 추정하지 않음. legacy_locator를 이관레코드 관계로 연결."",""source_selector"":""all_data_rows""}]",원문·기존 ID·값 상태·설정 상태·근거·판본을 보존하고 확정 상태를 새로 추정하지 않음. legacy_locator를 이관레코드 관계로 연결.,C-05;H-03;H-06,T-004;T-009;T-013;T-016;T-017;T-021;T-025;T-080,PH0/NAT-V1_online.xlsx#xl/worksheets/sheet23.xml:A; literal=PH1/literal_cells.csv; formulas=PH1/formula_patterns_and_dependencies.json,false,실행시점 online XLSX + native 8행 관측; 원본 내용 이관 아님,PH1 상세 설계 초안 · 온라인 작성/이관/운영 시험 미실행,미실행,미실행,명세 정적 coverage만 확인; 운영 시험 아님
NAT-V1,1mTRKFfCFtiTmuAR6QwrslcBI6Q-wutYzVP_weDAW9uI,233573434,30_역사사건,B,NAT-V1:233573434:B,scope_id,string,input,셀 내용 전수의 literal/formula/헤더 기반 초안,MAP-059,"[{""file_code"":""C00"",""table"":""사건대상관계"",""field"":""target_nation_id"",""role"":""input"",""rule"":""대상 ID는 C00 사건대상관계에 보존하고 실제 존재/이름 조회는 H90에서 수행; C00에 R10/N10 import를 추가하지 않음."",""source_selector"":""all_data_rows""}]",원문·기존 ID·값 상태·설정 상태·근거·판본을 보존하고 확정 상태를 새로 추정하지 않음. legacy_locator를 이관레코드 관계로 연결.,C-05;H-03;H-06,T-004;T-009;T-013;T-016;T-017;T-021;T-025;T-080,PH0/NAT-V1_online.xlsx#xl/worksheets/sheet23.xml:B; literal=PH1/literal_cells.csv; formulas=PH1/formula_patterns_and_dependencies.json,false,실행시점 online XLSX + native 8행 관측; 원본 내용 이관 아님,PH1 상세 설계 초안 · 온라인 작성/이관/운영 시험 미실행,미실행,미실행,명세 정적 coverage만 확인; 운영 시험 아님
NAT-V1,1mTRKFfCFtiTmuAR6QwrslcBI6Q-wutYzVP_weDAW9uI,233573434,30_역사사건,C,NAT-V1:233573434:C,루트,string,input,셀 내용 전수의 literal/formula/헤더 기반 초안,MAP-059,"[{""file_code"":""C00"",""table"":""수동사건"",""field"":""route"",""role"":""input"",""rule"":""원문·기존 ID·값 상태·설정 상태·근거·판본을 보존하고 확정 상태를 새로 추정하지 않음. legacy_locator를 이관레코드 관계로 연결."",""source_selector"":""all_data_rows""}]",원문·기존 ID·값 상태·설정 상태·근거·판본을 보존하고 확정 상태를 새로 추정하지 않음. legacy_locator를 이관레코드 관계로 연결.,C-05;H-03;H-06,T-004;T-009;T-013;T-016;T-017;T-021;T-025;T-080,PH0/NAT-V1_online.xlsx#xl/worksheets/sheet23.xml:C; literal=PH1/literal_cells.csv; formulas=PH1/formula_patterns_and_dependencies.json,false,실행시점 online XLSX + native 8행 관측; 원본 내용 이관 아님,PH1 상세 설계 초안 · 온라인 작성/이관/운영 시험 미실행,미실행,미실행,명세 정적 coverage만 확인; 운영 시험 아님
NAT-V1,1mTRKFfCFtiTmuAR6QwrslcBI6Q-wutYzVP_weDAW9uI,233573434,30_역사사건,D,NAT-V1:233573434:D,기년,string,input,셀 내용 전수의 literal/formula/헤더 기반 초안,MAP-059,"[{""file_code"":""C00"",""table"":""수동사건"",""field"":""era"",""role"":""input"",""rule"":""원문·기존 ID·값 상태·설정 상태·근거·판본을 보존하고 확정 상태를 새로 추정하지 않음. legacy_locator를 이관레코드 관계로 연결."",""source_selector"":""all_data_rows""}]",원문·기존 ID·값 상태·설정 상태·근거·판본을 보존하고 확정 상태를 새로 추정하지 않음. legacy_locator를 이관레코드 관계로 연결.,C-05;H-03;H-06,T-004;T-009;T-013;T-016;T-017;T-021;T-025;T-080,PH0/NAT-V1_online.xlsx#xl/worksheets/sheet23.xml:D; literal=PH1/literal_cells.csv; formulas=PH1/formula_patterns_and_dependencies.json,false,실행시점 online XLSX + native 8행 관측; 원본 내용 이관 아님,PH1 상세 설계 초안 · 온라인 작성/이관/운영 시험 미실행,미실행,미실행,명세 정적 coverage만 확인; 운영 시험 아님
NAT-V1,1mTRKFfCFtiTmuAR6QwrslcBI6Q-wutYzVP_weDAW9uI,233573434,30_역사사건,E,NAT-V1:233573434:E,연도,string,input,셀 내용 전수의 literal/formula/헤더 기반 초안,MAP-059,"[{""file_code"":""C00"",""table"":""수동사건"",""field"":""year"",""role"":""input"",""rule"":""원문·기존 ID·값 상태·설정 상태·근거·판본을 보존하고 확정 상태를 새로 추정하지 않음. legacy_locator를 이관레코드 관계로 연결."",""source_selector"":""all_data_rows""}]",원문·기존 ID·값 상태·설정 상태·근거·판본을 보존하고 확정 상태를 새로 추정하지 않음. legacy_locator를 이관레코드 관계로 연결.,C-05;H-03;H-06,T-004;T-009;T-013;T-016;T-017;T-021;T-025;T-080,PH0/NAT-V1_online.xlsx#xl/worksheets/sheet23.xml:E; literal=PH1/literal_cells.csv; formulas=PH1/formula_patterns_and_dependencies.json,false,실행시점 online XLSX + native 8행 관측; 원본 내용 이관 아님,PH1 상세 설계 초안 · 온라인 작성/이관/운영 시험 미실행,미실행,미실행,명세 정적 coverage만 확인; 운영 시험 아님
NAT-V1,1mTRKFfCFtiTmuAR6QwrslcBI6Q-wutYzVP_weDAW9uI,233573434,30_역사사건,F,NAT-V1:233573434:F,월,string,input,셀 내용 전수의 literal/formula/헤더 기반 초안,MAP-059,"[{""file_code"":""C00"",""table"":""수동사건"",""field"":""month"",""role"":""input"",""rule"":""원문·기존 ID·값 상태·설정 상태·근거·판본을 보존하고 확정 상태를 새로 추정하지 않음. legacy_locator를 이관레코드 관계로 연결."",""source_selector"":""all_data_rows""}]",원문·기존 ID·값 상태·설정 상태·근거·판본을 보존하고 확정 상태를 새로 추정하지 않음. legacy_locator를 이관레코드 관계로 연결.,C-05;H-03;H-06,T-004;T-009;T-013;T-016;T-017;T-021;T-025;T-080,PH0/NAT-V1_online.xlsx#xl/worksheets/sheet23.xml:F; literal=PH1/literal_cells.csv; formulas=PH1/formula_patterns_and_dependencies.json,false,실행시점 online XLSX + native 8행 관측; 원본 내용 이관 아님,PH1 상세 설계 초안 · 온라인 작성/이관/운영 시험 미실행,미실행,미실행,명세 정적 coverage만 확인; 운영 시험 아님
NAT-V1,1mTRKFfCFtiTmuAR6QwrslcBI6Q-wutYzVP_weDAW9uI,233573434,30_역사사건,G,NAT-V1:233573434:G,일,string,input,셀 내용 전수의 literal/formula/헤더 기반 초안,MAP-059,"[{""file_code"":""C00"",""table"":""수동사건"",""field"":""day"",""role"":""input"",""rule"":""원문·기존 ID·값 상태·설정 상태·근거·판본을 보존하고 확정 상태를 새로 추정하지 않음. legacy_locator를 이관레코드 관계로 연결."",""source_selector"":""all_data_rows""}]",원문·기존 ID·값 상태·설정 상태·근거·판본을 보존하고 확정 상태를 새로 추정하지 않음. legacy_locator를 이관레코드 관계로 연결.,C-05;H-03;H-06,T-004;T-009;T-013;T-016;T-017;T-021;T-025;T-080,PH0/NAT-V1_online.xlsx#xl/worksheets/sheet23.xml:G; literal=PH1/literal_cells.csv; formulas=PH1/formula_patterns_and_dependencies.json,false,실행시점 online XLSX + native 8행 관측; 원본 내용 이관 아님,PH1 상세 설계 초안 · 온라인 작성/이관/운영 시험 미실행,미실행,미실행,명세 정적 coverage만 확인; 운영 시험 아님
NAT-V1,1mTRKFfCFtiTmuAR6QwrslcBI6Q-wutYzVP_weDAW9uI,233573434,30_역사사건,H,NAT-V1:233573434:H,사건명,string,input,셀 내용 전수의 literal/formula/헤더 기반 초안,MAP-059,"[{""file_code"":""C00"",""table"":""수동사건"",""field"":""event_title"",""role"":""input"",""rule"":""원문·기존 ID·값 상태·설정 상태·근거·판본을 보존하고 확정 상태를 새로 추정하지 않음. legacy_locator를 이관레코드 관계로 연결."",""source_selector"":""all_data_rows""}]",원문·기존 ID·값 상태·설정 상태·근거·판본을 보존하고 확정 상태를 새로 추정하지 않음. legacy_locator를 이관레코드 관계로 연결.,C-05;H-03;H-06,T-004;T-009;T-013;T-016;T-017;T-021;T-025;T-080,PH0/NAT-V1_online.xlsx#xl/worksheets/sheet23.xml:H; literal=PH1/literal_cells.csv; formulas=PH1/formula_patterns_and_dependencies.json,false,실행시점 online XLSX + native 8행 관측; 원본 내용 이관 아님,PH1 상세 설계 초안 · 온라인 작성/이관/운영 시험 미실행,미실행,미실행,명세 정적 coverage만 확인; 운영 시험 아님
NAT-V1,1mTRKFfCFtiTmuAR6QwrslcBI6Q-wutYzVP_weDAW9uI,233573434,30_역사사건,I,NAT-V1:233573434:I,설명,string,input,셀 내용 전수의 literal/formula/헤더 기반 초안,MAP-059,"[{""file_code"":""C00"",""table"":""수동사건"",""field"":""description"",""role"":""input"",""rule"":""원문·기존 ID·값 상태·설정 상태·근거·판본을 보존하고 확정 상태를 새로 추정하지 않음. legacy_locator를 이관레코드 관계로 연결."",""source_selector"":""all_data_rows""}]",원문·기존 ID·값 상태·설정 상태·근거·판본을 보존하고 확정 상태를 새로 추정하지 않음. legacy_locator를 이관레코드 관계로 연결.,C-05;H-03;H-06,T-004;T-009;T-013;T-016;T-017;T-021;T-025;T-080,PH0/NAT-V1_online.xlsx#xl/worksheets/sheet23.xml:I; literal=PH1/literal_cells.csv; formulas=PH1/formula_patterns_and_dependencies.json,false,실행시점 online XLSX + native 8행 관측; 원본 내용 이관 아님,PH1 상세 설계 초안 · 온라인 작성/이관/운영 시험 미실행,미실행,미실행,명세 정적 coverage만 확인; 운영 시험 아님
NAT-V1,1mTRKFfCFtiTmuAR6QwrslcBI6Q-wutYzVP_weDAW9uI,233573434,30_역사사건,J,NAT-V1:233573434:J,설정 상태,string,input,셀 내용 전수의 literal/formula/헤더 기반 초안,MAP-059,"[{""file_code"":""C00"",""table"":""수동사건"",""field"":""setting_status"",""role"":""input"",""rule"":""원문·기존 ID·값 상태·설정 상태·근거·판본을 보존하고 확정 상태를 새로 추정하지 않음. legacy_locator를 이관레코드 관계로 연결."",""source_selector"":""all_data_rows""}]",원문·기존 ID·값 상태·설정 상태·근거·판본을 보존하고 확정 상태를 새로 추정하지 않음. legacy_locator를 이관레코드 관계로 연결.,C-05;H-03;H-06,T-004;T-009;T-013;T-016;T-017;T-021;T-025;T-080,PH0/NAT-V1_online.xlsx#xl/worksheets/sheet23.xml:J; literal=PH1/literal_cells.csv; formulas=PH1/formula_patterns_and_dependencies.json,false,실행시점 online XLSX + native 8행 관측; 원본 내용 이관 아님,PH1 상세 설계 초안 · 온라인 작성/이관/운영 시험 미실행,미실행,미실행,명세 정적 coverage만 확인; 운영 시험 아님
NAT-V1,1mTRKFfCFtiTmuAR6QwrslcBI6Q-wutYzVP_weDAW9uI,233573434,30_역사사건,K,NAT-V1:233573434:K,출처 ID,string,input,셀 내용 전수의 literal/formula/헤더 기반 초안,MAP-059,"[{""file_code"":""C00"",""table"":""수동사건"",""field"":""source_id"",""role"":""input"",""rule"":""원문·기존 ID·값 상태·설정 상태·근거·판본을 보존하고 확정 상태를 새로 추정하지 않음. legacy_locator를 이관레코드 관계로 연결."",""source_selector"":""all_data_rows""}]",원문·기존 ID·값 상태·설정 상태·근거·판본을 보존하고 확정 상태를 새로 추정하지 않음. legacy_locator를 이관레코드 관계로 연결.,C-05;H-03;H-06,T-004;T-009;T-013;T-016;T-017;T-021;T-025;T-080,PH0/NAT-V1_online.xlsx#xl/worksheets/sheet23.xml:K; literal=PH1/literal_cells.csv; formulas=PH1/formula_patterns_and_dependencies.json,false,실행시점 online XLSX + native 8행 관측; 원본 내용 이관 아님,PH1 상세 설계 초안 · 온라인 작성/이관/운영 시험 미실행,미실행,미실행,명세 정적 coverage만 확인; 운영 시험 아님
NAT-V1,1mTRKFfCFtiTmuAR6QwrslcBI6Q-wutYzVP_weDAW9uI,233573434,30_역사사건,L,NAT-V1:233573434:L,원문 위치,string,input,셀 내용 전수의 literal/formula/헤더 기반 초안,MAP-059,"[{""file_code"":""C00"",""table"":""수동사건"",""field"":""original_location"",""role"":""input"",""rule"":""원문·기존 ID·값 상태·설정 상태·근거·판본을 보존하고 확정 상태를 새로 추정하지 않음. legacy_locator를 이관레코드 관계로 연결."",""source_selector"":""all_data_rows""}]",원문·기존 ID·값 상태·설정 상태·근거·판본을 보존하고 확정 상태를 새로 추정하지 않음. legacy_locator를 이관레코드 관계로 연결.,C-05;H-03;H-06,T-004;T-009;T-013;T-016;T-017;T-021;T-025;T-080,PH0/NAT-V1_online.xlsx#xl/worksheets/sheet23.xml:L; literal=PH1/literal_cells.csv; formulas=PH1/formula_patterns_and_dependencies.json,false,실행시점 online XLSX + native 8행 관측; 원본 내용 이관 아님,PH1 상세 설계 초안 · 온라인 작성/이관/운영 시험 미실행,미실행,미실행,명세 정적 coverage만 확인; 운영 시험 아님
NAT-V1,1mTRKFfCFtiTmuAR6QwrslcBI6Q-wutYzVP_weDAW9uI,1792442252,40_행성대비_지표,A,NAT-V1:1792442252:A,기년,string,formula,셀 내용 전수의 literal/formula/헤더 기반 초안,MAP-069,"[{""file_code"":""H90"",""table"":""행성국가비교"",""field"":""era"",""role"":""formula"",""rule"":""N40/R20/N50/R60/R50/R70의 같은 루트·기년·기간·범위·인구정의·통화·가격기준을 대조한 뒤에만 비교. 부분 영토/다른 행성 전체/불완전 분모이면 수치는 공란+불가 사유."",""source_selector"":""all_data_rows""}]",원문·기존 ID·값 상태·설정 상태·근거·판본을 보존하고 확정 상태를 새로 추정하지 않음. legacy_locator를 이관레코드 관계로 연결.,H-05,T-004;T-009;T-013;T-029;T-030;T-033;T-035;T-041;T-045;T-046,PH0/NAT-V1_online.xlsx#xl/worksheets/sheet33.xml:A; literal=PH1/literal_cells.csv; formulas=PH1/formula_patterns_and_dependencies.json,false,실행시점 online XLSX + native 8행 관측; 원본 내용 이관 아님,PH1 상세 설계 초안 · 온라인 작성/이관/운영 시험 미실행,미실행,미실행,명세 정적 coverage만 확인; 운영 시험 아님
NAT-V1,1mTRKFfCFtiTmuAR6QwrslcBI6Q-wutYzVP_weDAW9uI,1792442252,40_행성대비_지표,B,NAT-V1:1792442252:B,연도,string,formula,셀 내용 전수의 literal/formula/헤더 기반 초안,MAP-069,"[{""file_code"":""H90"",""table"":""행성국가비교"",""field"":""year"",""role"":""formula"",""rule"":""N40/R20/N50/R60/R50/R70의 같은 루트·기년·기간·범위·인구정의·통화·가격기준을 대조한 뒤에만 비교. 부분 영토/다른 행성 전체/불완전 분모이면 수치는 공란+불가 사유."",""source_selector"":""all_data_rows""}]",원문·기존 ID·값 상태·설정 상태·근거·판본을 보존하고 확정 상태를 새로 추정하지 않음. legacy_locator를 이관레코드 관계로 연결.,H-05,T-004;T-009;T-013;T-029;T-030;T-033;T-035;T-041;T-045;T-046,PH0/NAT-V1_online.xlsx#xl/worksheets/sheet33.xml:B; literal=PH1/literal_cells.csv; formulas=PH1/formula_patterns_and_dependencies.json,false,실행시점 online XLSX + native 8행 관측; 원본 내용 이관 아님,PH1 상세 설계 초안 · 온라인 작성/이관/운영 시험 미실행,미실행,미실행,명세 정적 coverage만 확인; 운영 시험 아님
NAT-V1,1mTRKFfCFtiTmuAR6QwrslcBI6Q-wutYzVP_weDAW9uI,1792442252,40_행성대비_지표,C,NAT-V1:1792442252:C,연방 인구,string,formula,셀 내용 전수의 literal/formula/헤더 기반 초안,MAP-069,"[{""file_code"":""H90"",""table"":""행성국가비교"",""field"":""nation_population"",""role"":""formula"",""rule"":""N40/R20/N50/R60/R50/R70의 같은 루트·기년·기간·범위·인구정의·통화·가격기준을 대조한 뒤에만 비교. 부분 영토/다른 행성 전체/불완전 분모이면 수치는 공란+불가 사유."",""source_selector"":""all_data_rows""}]",원문·기존 ID·값 상태·설정 상태·근거·판본을 보존하고 확정 상태를 새로 추정하지 않음. legacy_locator를 이관레코드 관계로 연결.,H-05,T-004;T-009;T-013;T-029;T-030;T-033;T-035;T-041;T-045;T-046,PH0/NAT-V1_online.xlsx#xl/worksheets/sheet33.xml:C; literal=PH1/literal_cells.csv; formulas=PH1/formula_patterns_and_dependencies.json,false,실행시점 online XLSX + native 8행 관측; 원본 내용 이관 아님,PH1 상세 설계 초안 · 온라인 작성/이관/운영 시험 미실행,미실행,미실행,명세 정적 coverage만 확인; 운영 시험 아님
NAT-V1,1mTRKFfCFtiTmuAR6QwrslcBI6Q-wutYzVP_weDAW9uI,1792442252,40_행성대비_지표,D,NAT-V1:1792442252:D,행성 인구,string,formula,셀 내용 전수의 literal/formula/헤더 기반 초안,MAP-069,"[{""file_code"":""H90"",""table"":""행성국가비교"",""field"":""planet_population"",""role"":""formula"",""rule"":""N40/R20/N50/R60/R50/R70의 같은 루트·기년·기간·범위·인구정의·통화·가격기준을 대조한 뒤에만 비교. 부분 영토/다른 행성 전체/불완전 분모이면 수치는 공란+불가 사유."",""source_selector"":""all_data_rows""}]",원문·기존 ID·값 상태·설정 상태·근거·판본을 보존하고 확정 상태를 새로 추정하지 않음. legacy_locator를 이관레코드 관계로 연결.,H-05,T-004;T-009;T-013;T-029;T-030;T-033;T-035;T-041;T-045;T-046,PH0/NAT-V1_online.xlsx#xl/worksheets/sheet33.xml:D; literal=PH1/literal_cells.csv; formulas=PH1/formula_patterns_and_dependencies.json,false,실행시점 online XLSX + native 8행 관측; 원본 내용 이관 아님,PH1 상세 설계 초안 · 온라인 작성/이관/운영 시험 미실행,미실행,미실행,명세 정적 coverage만 확인; 운영 시험 아님
NAT-V1,1mTRKFfCFtiTmuAR6QwrslcBI6Q-wutYzVP_weDAW9uI,1792442252,40_행성대비_지표,E,NAT-V1:1792442252:E,인구 비중,string,formula,셀 내용 전수의 literal/formula/헤더 기반 초안,MAP-069,"[{""file_code"":""H90"",""table"":""행성국가비교"",""field"":""population_ratio"",""role"":""formula"",""rule"":""N40/R20/N50/R60/R50/R70의 같은 루트·기년·기간·범위·인구정의·통화·가격기준을 대조한 뒤에만 비교. 부분 영토/다른 행성 전체/불완전 분모이면 수치는 공란+불가 사유."",""source_selector"":""all_data_rows""}]",원문·기존 ID·값 상태·설정 상태·근거·판본을 보존하고 확정 상태를 새로 추정하지 않음. legacy_locator를 이관레코드 관계로 연결.,H-05,T-004;T-009;T-013;T-029;T-030;T-033;T-035;T-041;T-045;T-046,PH0/NAT-V1_online.xlsx#xl/worksheets/sheet33.xml:E; literal=PH1/literal_cells.csv; formulas=PH1/formula_patterns_and_dependencies.json,false,실행시점 online XLSX + native 8행 관측; 원본 내용 이관 아님,PH1 상세 설계 초안 · 온라인 작성/이관/운영 시험 미실행,미실행,미실행,명세 정적 coverage만 확인; 운영 시험 아님
NAT-V1,1mTRKFfCFtiTmuAR6QwrslcBI6Q-wutYzVP_weDAW9uI,1792442252,40_행성대비_지표,F,NAT-V1:1792442252:F,연방 비교 GDP,string,formula,셀 내용 전수의 literal/formula/헤더 기반 초안,MAP-069,"[{""file_code"":""H90"",""table"":""행성국가비교"",""field"":""nation_gdp"",""role"":""formula"",""rule"":""N40/R20/N50/R60/R50/R70의 같은 루트·기년·기간·범위·인구정의·통화·가격기준을 대조한 뒤에만 비교. 부분 영토/다른 행성 전체/불완전 분모이면 수치는 공란+불가 사유."",""source_selector"":""all_data_rows""}]",원문·기존 ID·값 상태·설정 상태·근거·판본을 보존하고 확정 상태를 새로 추정하지 않음. legacy_locator를 이관레코드 관계로 연결.,H-05,T-004;T-009;T-013;T-029;T-030;T-033;T-035;T-041;T-045;T-046,PH0/NAT-V1_online.xlsx#xl/worksheets/sheet33.xml:F; literal=PH1/literal_cells.csv; formulas=PH1/formula_patterns_and_dependencies.json,false,실행시점 online XLSX + native 8행 관측; 원본 내용 이관 아님,PH1 상세 설계 초안 · 온라인 작성/이관/운영 시험 미실행,미실행,미실행,명세 정적 coverage만 확인; 운영 시험 아님
NAT-V1,1mTRKFfCFtiTmuAR6QwrslcBI6Q-wutYzVP_weDAW9uI,1792442252,40_행성대비_지표,G,NAT-V1:1792442252:G,행성 비교 GDP,string,formula,셀 내용 전수의 literal/formula/헤더 기반 초안,MAP-069,"[{""file_code"":""H90"",""table"":""행성국가비교"",""field"":""planet_gdp"",""role"":""formula"",""rule"":""N40/R20/N50/R60/R50/R70의 같은 루트·기년·기간·범위·인구정의·통화·가격기준을 대조한 뒤에만 비교. 부분 영토/다른 행성 전체/불완전 분모이면 수치는 공란+불가 사유."",""source_selector"":""all_data_rows""}]",원문·기존 ID·값 상태·설정 상태·근거·판본을 보존하고 확정 상태를 새로 추정하지 않음. legacy_locator를 이관레코드 관계로 연결.,H-05,T-004;T-009;T-013;T-029;T-030;T-033;T-035;T-041;T-045;T-046,PH0/NAT-V1_online.xlsx#xl/worksheets/sheet33.xml:G; literal=PH1/literal_cells.csv; formulas=PH1/formula_patterns_and_dependencies.json,false,실행시점 online XLSX + native 8행 관측; 원본 내용 이관 아님,PH1 상세 설계 초안 · 온라인 작성/이관/운영 시험 미실행,미실행,미실행,명세 정적 coverage만 확인; 운영 시험 아님
NAT-V1,1mTRKFfCFtiTmuAR6QwrslcBI6Q-wutYzVP_weDAW9uI,1792442252,40_행성대비_지표,H,NAT-V1:1792442252:H,GDP 비중,string,formula,셀 내용 전수의 literal/formula/헤더 기반 초안,MAP-069,"[{""file_code"":""H90"",""table"":""행성국가비교"",""field"":""gdp_ratio"",""role"":""formula"",""rule"":""N40/R20/N50/R60/R50/R70의 같은 루트·기년·기간·범위·인구정의·통화·가격기준을 대조한 뒤에만 비교. 부분 영토/다른 행성 전체/불완전 분모이면 수치는 공란+불가 사유."",""source_selector"":""all_data_rows""}]",원문·기존 ID·값 상태·설정 상태·근거·판본을 보존하고 확정 상태를 새로 추정하지 않음. legacy_locator를 이관레코드 관계로 연결.,H-05,T-004;T-009;T-013;T-029;T-030;T-033;T-035;T-041;T-045;T-046,PH0/NAT-V1_online.xlsx#xl/worksheets/sheet33.xml:H; literal=PH1/literal_cells.csv; formulas=PH1/formula_patterns_and_dependencies.json,false,실행시점 online XLSX + native 8행 관측; 원본 내용 이관 아님,PH1 상세 설계 초안 · 온라인 작성/이관/운영 시험 미실행,미실행,미실행,명세 정적 coverage만 확인; 운영 시험 아님
NAT-V1,1mTRKFfCFtiTmuAR6QwrslcBI6Q-wutYzVP_weDAW9uI,1792442252,40_행성대비_지표,I,NAT-V1:1792442252:I,통치 육지 (km²),string,formula,셀 내용 전수의 literal/formula/헤더 기반 초안,MAP-069,"[{""file_code"":""H90"",""table"":""행성국가비교"",""field"":""controlled_land_area_value"",""role"":""formula"",""rule"":""N40/R20/N50/R60/R50/R70의 같은 루트·기년·기간·범위·인구정의·통화·가격기준을 대조한 뒤에만 비교. 부분 영토/다른 행성 전체/불완전 분모이면 수치는 공란+불가 사유."",""source_selector"":""all_data_rows""}]",원문·기존 ID·값 상태·설정 상태·근거·판본을 보존하고 확정 상태를 새로 추정하지 않음. legacy_locator를 이관레코드 관계로 연결.,H-05,T-004;T-009;T-013;T-029;T-030;T-033;T-035;T-041;T-045;T-046,PH0/NAT-V1_online.xlsx#xl/worksheets/sheet33.xml:I; literal=PH1/literal_cells.csv; formulas=PH1/formula_patterns_and_dependencies.json,false,실행시점 online XLSX + native 8행 관측; 원본 내용 이관 아님,PH1 상세 설계 초안 · 온라인 작성/이관/운영 시험 미실행,미실행,미실행,명세 정적 coverage만 확인; 운영 시험 아님
NAT-V1,1mTRKFfCFtiTmuAR6QwrslcBI6Q-wutYzVP_weDAW9uI,1792442252,40_행성대비_지표,J,NAT-V1:1792442252:J,행성 육지 (km²),string,formula,셀 내용 전수의 literal/formula/헤더 기반 초안,MAP-069,"[{""file_code"":""H90"",""table"":""행성국가비교"",""field"":""planet_land_area_value"",""role"":""formula"",""rule"":""N40/R20/N50/R60/R50/R70의 같은 루트·기년·기간·범위·인구정의·통화·가격기준을 대조한 뒤에만 비교. 부분 영토/다른 행성 전체/불완전 분모이면 수치는 공란+불가 사유."",""source_selector"":""all_data_rows""}]",원문·기존 ID·값 상태·설정 상태·근거·판본을 보존하고 확정 상태를 새로 추정하지 않음. legacy_locator를 이관레코드 관계로 연결.,H-05,T-004;T-009;T-013;T-029;T-030;T-033;T-035;T-041;T-045;T-046,PH0/NAT-V1_online.xlsx#xl/worksheets/sheet33.xml:J; literal=PH1/literal_cells.csv; formulas=PH1/formula_patterns_and_dependencies.json,false,실행시점 online XLSX + native 8행 관측; 원본 내용 이관 아님,PH1 상세 설계 초안 · 온라인 작성/이관/운영 시험 미실행,미실행,미실행,명세 정적 coverage만 확인; 운영 시험 아님
NAT-V1,1mTRKFfCFtiTmuAR6QwrslcBI6Q-wutYzVP_weDAW9uI,1792442252,40_행성대비_지표,K,NAT-V1:1792442252:K,육지 비중,string,formula,셀 내용 전수의 literal/formula/헤더 기반 초안,MAP-069,"[{""file_code"":""H90"",""table"":""행성국가비교"",""field"":""land_ratio"",""role"":""formula"",""rule"":""N40/R20/N50/R60/R50/R70의 같은 루트·기년·기간·범위·인구정의·통화·가격기준을 대조한 뒤에만 비교. 부분 영토/다른 행성 전체/불완전 분모이면 수치는 공란+불가 사유."",""source_selector"":""all_data_rows""}]",원문·기존 ID·값 상태·설정 상태·근거·판본을 보존하고 확정 상태를 새로 추정하지 않음. legacy_locator를 이관레코드 관계로 연결.,H-05,T-004;T-009;T-013;T-029;T-030;T-033;T-035;T-041;T-045;T-046,PH0/NAT-V1_online.xlsx#xl/worksheets/sheet33.xml:K; literal=PH1/literal_cells.csv; formulas=PH1/formula_patterns_and_dependencies.json,false,실행시점 online XLSX + native 8행 관측; 원본 내용 이관 아님,PH1 상세 설계 초안 · 온라인 작성/이관/운영 시험 미실행,미실행,미실행,명세 정적 coverage만 확인; 운영 시험 아님
NAT-V1,1mTRKFfCFtiTmuAR6QwrslcBI6Q-wutYzVP_weDAW9uI,1792442252,40_행성대비_지표,L,NAT-V1:1792442252:L,인구밀도 (명/km²),string,formula,셀 내용 전수의 literal/formula/헤더 기반 초안,MAP-069,"[{""file_code"":""H90"",""table"":""행성국가비교"",""field"":""population_density"",""role"":""formula"",""rule"":""N40/R20/N50/R60/R50/R70의 같은 루트·기년·기간·범위·인구정의·통화·가격기준을 대조한 뒤에만 비교. 부분 영토/다른 행성 전체/불완전 분모이면 수치는 공란+불가 사유."",""source_selector"":""all_data_rows""}]",원문·기존 ID·값 상태·설정 상태·근거·판본을 보존하고 확정 상태를 새로 추정하지 않음. legacy_locator를 이관레코드 관계로 연결.,H-05,T-004;T-009;T-013;T-029;T-030;T-033;T-035;T-041;T-045;T-046,PH0/NAT-V1_online.xlsx#xl/worksheets/sheet33.xml:L; literal=PH1/literal_cells.csv; formulas=PH1/formula_patterns_and_dependencies.json,false,실행시점 online XLSX + native 8행 관측; 원본 내용 이관 아님,PH1 상세 설계 초안 · 온라인 작성/이관/운영 시험 미실행,미실행,미실행,명세 정적 coverage만 확인; 운영 시험 아님
NAT-V1,1mTRKFfCFtiTmuAR6QwrslcBI6Q-wutYzVP_weDAW9uI,1792442252,40_행성대비_지표,M,NAT-V1:1792442252:M,비교 상태,string,formula,셀 내용 전수의 literal/formula/헤더 기반 초안,MAP-069,"[{""file_code"":""H90"",""table"":""행성국가비교"",""field"":""comparison_status"",""role"":""formula"",""rule"":""N40/R20/N50/R60/R50/R70의 같은 루트·기년·기간·범위·인구정의·통화·가격기준을 대조한 뒤에만 비교. 부분 영토/다른 행성 전체/불완전 분모이면 수치는 공란+불가 사유."",""source_selector"":""all_data_rows""}]",원문·기존 ID·값 상태·설정 상태·근거·판본을 보존하고 확정 상태를 새로 추정하지 않음. legacy_locator를 이관레코드 관계로 연결.,H-05,T-004;T-009;T-013;T-029;T-030;T-033;T-035;T-041;T-045;T-046,PH0/NAT-V1_online.xlsx#xl/worksheets/sheet33.xml:M; literal=PH1/literal_cells.csv; formulas=PH1/formula_patterns_and_dependencies.json,false,실행시점 online XLSX + native 8행 관측; 원본 내용 이관 아님,PH1 상세 설계 초안 · 온라인 작성/이관/운영 시험 미실행,미실행,미실행,명세 정적 coverage만 확인; 운영 시험 아님
NAT-V1,1mTRKFfCFtiTmuAR6QwrslcBI6Q-wutYzVP_weDAW9uI,1795511654,41_행성_연결,A,NAT-V1:1795511654:A,연도·지표 키,string,mixed_input_formula_review,셀 내용 전수의 literal/formula/헤더 기반 초안,MAP-070,"[{""file_code"":""H90"",""table"":""퇴역연결보존"",""field"":""observation_key"",""role"":""archive"",""rule"":""숨긴 41의 행성연간지표 호환 출력/캐시를 source_column 포함 장부로 보존. literal로 내보내졌어도 새 수동 원본으로 등록하지 않음. V2 소비는 원 제공 파일을 직접 읽음."",""source_selector"":""all_data_rows""}]",원문·기존 ID·값 상태·설정 상태·근거·판본을 보존하고 확정 상태를 새로 추정하지 않음. legacy_locator를 이관레코드 관계로 연결.,H-02,T-004;T-009;T-013;T-005;T-068;T-069,PH0/NAT-V1_online.xlsx#xl/worksheets/sheet34.xml:A; literal=PH1/literal_cells.csv; formulas=PH1/formula_patterns_and_dependencies.json,false,실행시점 online XLSX + native 8행 관측; 원본 내용 이관 아님,PH1 상세 설계 초안 · 온라인 작성/이관/운영 시험 미실행,미실행,미실행,명세 정적 coverage만 확인; 운영 시험 아님
NAT-V1,1mTRKFfCFtiTmuAR6QwrslcBI6Q-wutYzVP_weDAW9uI,1795511654,41_행성_연결,B,NAT-V1:1795511654:B,scope_id,string,input,셀 내용 전수의 literal/formula/헤더 기반 초안,MAP-070,"[{""file_code"":""H90"",""table"":""퇴역연결보존"",""field"":""subject_id"",""role"":""archive"",""rule"":""숨긴 41의 행성연간지표 호환 출력/캐시를 source_column 포함 장부로 보존. literal로 내보내졌어도 새 수동 원본으로 등록하지 않음. V2 소비는 원 제공 파일을 직접 읽음."",""source_selector"":""all_data_rows""}]",원문·기존 ID·값 상태·설정 상태·근거·판본을 보존하고 확정 상태를 새로 추정하지 않음. legacy_locator를 이관레코드 관계로 연결.,H-02,T-004;T-009;T-013;T-005;T-068;T-069,PH0/NAT-V1_online.xlsx#xl/worksheets/sheet34.xml:B; literal=PH1/literal_cells.csv; formulas=PH1/formula_patterns_and_dependencies.json,false,실행시점 online XLSX + native 8행 관측; 원본 내용 이관 아님,PH1 상세 설계 초안 · 온라인 작성/이관/운영 시험 미실행,미실행,미실행,명세 정적 coverage만 확인; 운영 시험 아님
NAT-V1,1mTRKFfCFtiTmuAR6QwrslcBI6Q-wutYzVP_weDAW9uI,1795511654,41_행성_연결,C,NAT-V1:1795511654:C,루트,string,input,셀 내용 전수의 literal/formula/헤더 기반 초안,MAP-070,"[{""file_code"":""H90"",""table"":""퇴역연결보존"",""field"":""route"",""role"":""archive"",""rule"":""숨긴 41의 행성연간지표 호환 출력/캐시를 source_column 포함 장부로 보존. literal로 내보내졌어도 새 수동 원본으로 등록하지 않음. V2 소비는 원 제공 파일을 직접 읽음."",""source_selector"":""all_data_rows""}]",원문·기존 ID·값 상태·설정 상태·근거·판본을 보존하고 확정 상태를 새로 추정하지 않음. legacy_locator를 이관레코드 관계로 연결.,H-02,T-004;T-009;T-013;T-005;T-068;T-069,PH0/NAT-V1_online.xlsx#xl/worksheets/sheet34.xml:C; literal=PH1/literal_cells.csv; formulas=PH1/formula_patterns_and_dependencies.json,false,실행시점 online XLSX + native 8행 관측; 원본 내용 이관 아님,PH1 상세 설계 초안 · 온라인 작성/이관/운영 시험 미실행,미실행,미실행,명세 정적 coverage만 확인; 운영 시험 아님
NAT-V1,1mTRKFfCFtiTmuAR6QwrslcBI6Q-wutYzVP_weDAW9uI,1795511654,41_행성_연결,D,NAT-V1:1795511654:D,기년,string,input,셀 내용 전수의 literal/formula/헤더 기반 초안,MAP-070,"[{""file_code"":""H90"",""table"":""퇴역연결보존"",""field"":""era"",""role"":""archive"",""rule"":""숨긴 41의 행성연간지표 호환 출력/캐시를 source_column 포함 장부로 보존. literal로 내보내졌어도 새 수동 원본으로 등록하지 않음. V2 소비는 원 제공 파일을 직접 읽음."",""source_selector"":""all_data_rows""}]",원문·기존 ID·값 상태·설정 상태·근거·판본을 보존하고 확정 상태를 새로 추정하지 않음. legacy_locator를 이관레코드 관계로 연결.,H-02,T-004;T-009;T-013;T-005;T-068;T-069,PH0/NAT-V1_online.xlsx#xl/worksheets/sheet34.xml:D; literal=PH1/literal_cells.csv; formulas=PH1/formula_patterns_and_dependencies.json,false,실행시점 online XLSX + native 8행 관측; 원본 내용 이관 아님,PH1 상세 설계 초안 · 온라인 작성/이관/운영 시험 미실행,미실행,미실행,명세 정적 coverage만 확인; 운영 시험 아님
NAT-V1,1mTRKFfCFtiTmuAR6QwrslcBI6Q-wutYzVP_weDAW9uI,1795511654,41_행성_연결,E,NAT-V1:1795511654:E,연도,"string,number",input,셀 내용 전수의 literal/formula/헤더 기반 초안,MAP-070,"[{""file_code"":""H90"",""table"":""퇴역연결보존"",""field"":""year"",""role"":""archive"",""rule"":""숨긴 41의 행성연간지표 호환 출력/캐시를 source_column 포함 장부로 보존. literal로 내보내졌어도 새 수동 원본으로 등록하지 않음. V2 소비는 원 제공 파일을 직접 읽음."",""source_selector"":""all_data_rows""}]",원문·기존 ID·값 상태·설정 상태·근거·판본을 보존하고 확정 상태를 새로 추정하지 않음. legacy_locator를 이관레코드 관계로 연결.,H-02,T-004;T-009;T-013;T-005;T-068;T-069,PH0/NAT-V1_online.xlsx#xl/worksheets/sheet34.xml:E; literal=PH1/literal_cells.csv; formulas=PH1/formula_patterns_and_dependencies.json,false,실행시점 online XLSX + native 8행 관측; 원본 내용 이관 아님,PH1 상세 설계 초안 · 온라인 작성/이관/운영 시험 미실행,미실행,미실행,명세 정적 coverage만 확인; 운영 시험 아님
NAT-V1,1mTRKFfCFtiTmuAR6QwrslcBI6Q-wutYzVP_weDAW9uI,1795511654,41_행성_연결,F,NAT-V1:1795511654:F,지표 ID,string,input,셀 내용 전수의 literal/formula/헤더 기반 초안,MAP-070,"[{""file_code"":""H90"",""table"":""퇴역연결보존"",""field"":""metric_id"",""role"":""archive"",""rule"":""숨긴 41의 행성연간지표 호환 출력/캐시를 source_column 포함 장부로 보존. literal로 내보내졌어도 새 수동 원본으로 등록하지 않음. V2 소비는 원 제공 파일을 직접 읽음."",""source_selector"":""all_data_rows""}]",원문·기존 ID·값 상태·설정 상태·근거·판본을 보존하고 확정 상태를 새로 추정하지 않음. legacy_locator를 이관레코드 관계로 연결.,H-02,T-004;T-009;T-013;T-005;T-068;T-069,PH0/NAT-V1_online.xlsx#xl/worksheets/sheet34.xml:F; literal=PH1/literal_cells.csv; formulas=PH1/formula_patterns_and_dependencies.json,false,실행시점 online XLSX + native 8행 관측; 원본 내용 이관 아님,PH1 상세 설계 초안 · 온라인 작성/이관/운영 시험 미실행,미실행,미실행,명세 정적 coverage만 확인; 운영 시험 아님
NAT-V1,1mTRKFfCFtiTmuAR6QwrslcBI6Q-wutYzVP_weDAW9uI,1795511654,41_행성_연결,G,NAT-V1:1795511654:G,단위,string,input,셀 내용 전수의 literal/formula/헤더 기반 초안,MAP-070,"[{""file_code"":""H90"",""table"":""퇴역연결보존"",""field"":""unit"",""role"":""archive"",""rule"":""숨긴 41의 행성연간지표 호환 출력/캐시를 source_column 포함 장부로 보존. literal로 내보내졌어도 새 수동 원본으로 등록하지 않음. V2 소비는 원 제공 파일을 직접 읽음."",""source_selector"":""all_data_rows""}]",원문·기존 ID·값 상태·설정 상태·근거·판본을 보존하고 확정 상태를 새로 추정하지 않음. legacy_locator를 이관레코드 관계로 연결.,H-02,T-004;T-009;T-013;T-005;T-068;T-069,PH0/NAT-V1_online.xlsx#xl/worksheets/sheet34.xml:G; literal=PH1/literal_cells.csv; formulas=PH1/formula_patterns_and_dependencies.json,false,실행시점 online XLSX + native 8행 관측; 원본 내용 이관 아님,PH1 상세 설계 초안 · 온라인 작성/이관/운영 시험 미실행,미실행,미실행,명세 정적 coverage만 확인; 운영 시험 아님
NAT-V1,1mTRKFfCFtiTmuAR6QwrslcBI6Q-wutYzVP_weDAW9uI,1795511654,41_행성_연결,H,NAT-V1:1795511654:H,기준통화,string,input,셀 내용 전수의 literal/formula/헤더 기반 초안,MAP-070,"[{""file_code"":""H90"",""table"":""퇴역연결보존"",""field"":""currency"",""role"":""archive"",""rule"":""숨긴 41의 행성연간지표 호환 출력/캐시를 source_column 포함 장부로 보존. literal로 내보내졌어도 새 수동 원본으로 등록하지 않음. V2 소비는 원 제공 파일을 직접 읽음."",""source_selector"":""all_data_rows""}]",원문·기존 ID·값 상태·설정 상태·근거·판본을 보존하고 확정 상태를 새로 추정하지 않음. legacy_locator를 이관레코드 관계로 연결.,H-02,T-004;T-009;T-013;T-005;T-068;T-069,PH0/NAT-V1_online.xlsx#xl/worksheets/sheet34.xml:H; literal=PH1/literal_cells.csv; formulas=PH1/formula_patterns_and_dependencies.json,false,실행시점 online XLSX + native 8행 관측; 원본 내용 이관 아님,PH1 상세 설계 초안 · 온라인 작성/이관/운영 시험 미실행,미실행,미실행,명세 정적 coverage만 확인; 운영 시험 아님
NAT-V1,1mTRKFfCFtiTmuAR6QwrslcBI6Q-wutYzVP_weDAW9uI,1795511654,41_행성_연결,I,NAT-V1:1795511654:I,기준가격 기년,string,input,셀 내용 전수의 literal/formula/헤더 기반 초안,MAP-070,"[{""file_code"":""H90"",""table"":""퇴역연결보존"",""field"":""price_base_era"",""role"":""archive"",""rule"":""숨긴 41의 행성연간지표 호환 출력/캐시를 source_column 포함 장부로 보존. literal로 내보내졌어도 새 수동 원본으로 등록하지 않음. V2 소비는 원 제공 파일을 직접 읽음."",""source_selector"":""all_data_rows""}]",원문·기존 ID·값 상태·설정 상태·근거·판본을 보존하고 확정 상태를 새로 추정하지 않음. legacy_locator를 이관레코드 관계로 연결.,H-02,T-004;T-009;T-013;T-005;T-068;T-069,PH0/NAT-V1_online.xlsx#xl/worksheets/sheet34.xml:I; literal=PH1/literal_cells.csv; formulas=PH1/formula_patterns_and_dependencies.json,false,실행시점 online XLSX + native 8행 관측; 원본 내용 이관 아님,PH1 상세 설계 초안 · 온라인 작성/이관/운영 시험 미실행,미실행,미실행,명세 정적 coverage만 확인; 운영 시험 아님
NAT-V1,1mTRKFfCFtiTmuAR6QwrslcBI6Q-wutYzVP_weDAW9uI,1795511654,41_행성_연결,J,NAT-V1:1795511654:J,기준가격 연도,string,input,셀 내용 전수의 literal/formula/헤더 기반 초안,MAP-070,"[{""file_code"":""H90"",""table"":""퇴역연결보존"",""field"":""price_base_year"",""role"":""archive"",""rule"":""숨긴 41의 행성연간지표 호환 출력/캐시를 source_column 포함 장부로 보존. literal로 내보내졌어도 새 수동 원본으로 등록하지 않음. V2 소비는 원 제공 파일을 직접 읽음."",""source_selector"":""all_data_rows""}]",원문·기존 ID·값 상태·설정 상태·근거·판본을 보존하고 확정 상태를 새로 추정하지 않음. legacy_locator를 이관레코드 관계로 연결.,H-02,T-004;T-009;T-013;T-005;T-068;T-069,PH0/NAT-V1_online.xlsx#xl/worksheets/sheet34.xml:J; literal=PH1/literal_cells.csv; formulas=PH1/formula_patterns_and_dependencies.json,false,실행시점 online XLSX + native 8행 관측; 원본 내용 이관 아님,PH1 상세 설계 초안 · 온라인 작성/이관/운영 시험 미실행,미실행,미실행,명세 정적 coverage만 확인; 운영 시험 아님
NAT-V1,1mTRKFfCFtiTmuAR6QwrslcBI6Q-wutYzVP_weDAW9uI,1795511654,41_행성_연결,K,NAT-V1:1795511654:K,직접설정값,string,input,셀 내용 전수의 literal/formula/헤더 기반 초안,MAP-070,"[{""file_code"":""H90"",""table"":""퇴역연결보존"",""field"":""direct_value"",""role"":""archive"",""rule"":""숨긴 41의 행성연간지표 호환 출력/캐시를 source_column 포함 장부로 보존. literal로 내보내졌어도 새 수동 원본으로 등록하지 않음. V2 소비는 원 제공 파일을 직접 읽음."",""source_selector"":""all_data_rows""}]",원문·기존 ID·값 상태·설정 상태·근거·판본을 보존하고 확정 상태를 새로 추정하지 않음. legacy_locator를 이관레코드 관계로 연결.,H-02,T-004;T-009;T-013;T-005;T-068;T-069,PH0/NAT-V1_online.xlsx#xl/worksheets/sheet34.xml:K; literal=PH1/literal_cells.csv; formulas=PH1/formula_patterns_and_dependencies.json,false,실행시점 online XLSX + native 8행 관측; 원본 내용 이관 아님,PH1 상세 설계 초안 · 온라인 작성/이관/운영 시험 미실행,미실행,미실행,명세 정적 coverage만 확인; 운영 시험 아님
NAT-V1,1mTRKFfCFtiTmuAR6QwrslcBI6Q-wutYzVP_weDAW9uI,1795511654,41_행성_연결,L,NAT-V1:1795511654:L,지역 합산값,string,input,셀 내용 전수의 literal/formula/헤더 기반 초안,MAP-070,"[{""file_code"":""H90"",""table"":""퇴역연결보존"",""field"":""calculated_value"",""role"":""archive"",""rule"":""숨긴 41의 행성연간지표 호환 출력/캐시를 source_column 포함 장부로 보존. literal로 내보내졌어도 새 수동 원본으로 등록하지 않음. V2 소비는 원 제공 파일을 직접 읽음."",""source_selector"":""all_data_rows""}]",원문·기존 ID·값 상태·설정 상태·근거·판본을 보존하고 확정 상태를 새로 추정하지 않음. legacy_locator를 이관레코드 관계로 연결.,H-02,T-004;T-009;T-013;T-005;T-068;T-069,PH0/NAT-V1_online.xlsx#xl/worksheets/sheet34.xml:L; literal=PH1/literal_cells.csv; formulas=PH1/formula_patterns_and_dependencies.json,false,실행시점 online XLSX + native 8행 관측; 원본 내용 이관 아님,PH1 상세 설계 초안 · 온라인 작성/이관/운영 시험 미실행,미실행,미실행,명세 정적 coverage만 확인; 운영 시험 아님
NAT-V1,1mTRKFfCFtiTmuAR6QwrslcBI6Q-wutYzVP_weDAW9uI,1795511654,41_행성_연결,M,NAT-V1:1795511654:M,채택값,string,input,셀 내용 전수의 literal/formula/헤더 기반 초안,MAP-070,"[{""file_code"":""H90"",""table"":""퇴역연결보존"",""field"":""selected_value"",""role"":""archive"",""rule"":""숨긴 41의 행성연간지표 호환 출력/캐시를 source_column 포함 장부로 보존. literal로 내보내졌어도 새 수동 원본으로 등록하지 않음. V2 소비는 원 제공 파일을 직접 읽음."",""source_selector"":""all_data_rows""}]",원문·기존 ID·값 상태·설정 상태·근거·판본을 보존하고 확정 상태를 새로 추정하지 않음. legacy_locator를 이관레코드 관계로 연결.,H-02,T-004;T-009;T-013;T-005;T-068;T-069,PH0/NAT-V1_online.xlsx#xl/worksheets/sheet34.xml:M; literal=PH1/literal_cells.csv; formulas=PH1/formula_patterns_and_dependencies.json,false,실행시점 online XLSX + native 8행 관측; 원본 내용 이관 아님,PH1 상세 설계 초안 · 온라인 작성/이관/운영 시험 미실행,미실행,미실행,명세 정적 coverage만 확인; 운영 시험 아님
NAT-V1,1mTRKFfCFtiTmuAR6QwrslcBI6Q-wutYzVP_weDAW9uI,1795511654,41_행성_연결,N,NAT-V1:1795511654:N,산출방식,string,input,셀 내용 전수의 literal/formula/헤더 기반 초안,MAP-070,"[{""file_code"":""H90"",""table"":""퇴역연결보존"",""field"":""selection_rule"",""role"":""archive"",""rule"":""숨긴 41의 행성연간지표 호환 출력/캐시를 source_column 포함 장부로 보존. literal로 내보내졌어도 새 수동 원본으로 등록하지 않음. V2 소비는 원 제공 파일을 직접 읽음."",""source_selector"":""all_data_rows""}]",원문·기존 ID·값 상태·설정 상태·근거·판본을 보존하고 확정 상태를 새로 추정하지 않음. legacy_locator를 이관레코드 관계로 연결.,H-02,T-004;T-009;T-013;T-005;T-068;T-069,PH0/NAT-V1_online.xlsx#xl/worksheets/sheet34.xml:N; literal=PH1/literal_cells.csv; formulas=PH1/formula_patterns_and_dependencies.json,false,실행시점 online XLSX + native 8행 관측; 원본 내용 이관 아님,PH1 상세 설계 초안 · 온라인 작성/이관/운영 시험 미실행,미실행,미실행,명세 정적 coverage만 확인; 운영 시험 아님
NAT-V1,1mTRKFfCFtiTmuAR6QwrslcBI6Q-wutYzVP_weDAW9uI,1795511654,41_행성_연결,O,NAT-V1:1795511654:O,집계 상태,string,input,셀 내용 전수의 literal/formula/헤더 기반 초안,MAP-070,"[{""file_code"":""H90"",""table"":""퇴역연결보존"",""field"":""coverage_status"",""role"":""archive"",""rule"":""숨긴 41의 행성연간지표 호환 출력/캐시를 source_column 포함 장부로 보존. literal로 내보내졌어도 새 수동 원본으로 등록하지 않음. V2 소비는 원 제공 파일을 직접 읽음."",""source_selector"":""all_data_rows""}]",원문·기존 ID·값 상태·설정 상태·근거·판본을 보존하고 확정 상태를 새로 추정하지 않음. legacy_locator를 이관레코드 관계로 연결.,H-02,T-004;T-009;T-013;T-005;T-068;T-069,PH0/NAT-V1_online.xlsx#xl/worksheets/sheet34.xml:O; literal=PH1/literal_cells.csv; formulas=PH1/formula_patterns_and_dependencies.json,false,실행시점 online XLSX + native 8행 관측; 원본 내용 이관 아님,PH1 상세 설계 초안 · 온라인 작성/이관/운영 시험 미실행,미실행,미실행,명세 정적 coverage만 확인; 운영 시험 아님
NAT-V1,1mTRKFfCFtiTmuAR6QwrslcBI6Q-wutYzVP_weDAW9uI,1795511654,41_행성_연결,P,NAT-V1:1795511654:P,집계 층위,string,input,셀 내용 전수의 literal/formula/헤더 기반 초안,MAP-070,"[{""file_code"":""H90"",""table"":""퇴역연결보존"",""field"":""aggregation_level"",""role"":""archive"",""rule"":""숨긴 41의 행성연간지표 호환 출력/캐시를 source_column 포함 장부로 보존. literal로 내보내졌어도 새 수동 원본으로 등록하지 않음. V2 소비는 원 제공 파일을 직접 읽음."",""source_selector"":""all_data_rows""}]",원문·기존 ID·값 상태·설정 상태·근거·판본을 보존하고 확정 상태를 새로 추정하지 않음. legacy_locator를 이관레코드 관계로 연결.,H-02,T-004;T-009;T-013;T-005;T-068;T-069,PH0/NAT-V1_online.xlsx#xl/worksheets/sheet34.xml:P; literal=PH1/literal_cells.csv; formulas=PH1/formula_patterns_and_dependencies.json,false,실행시점 online XLSX + native 8행 관측; 원본 내용 이관 아님,PH1 상세 설계 초안 · 온라인 작성/이관/운영 시험 미실행,미실행,미실행,명세 정적 coverage만 확인; 운영 시험 아님
NAT-V1,1mTRKFfCFtiTmuAR6QwrslcBI6Q-wutYzVP_weDAW9uI,1795511654,41_행성_연결,Q,NAT-V1:1795511654:Q,유효 행 수,"string,number",input,셀 내용 전수의 literal/formula/헤더 기반 초안,MAP-070,"[{""file_code"":""H90"",""table"":""퇴역연결보존"",""field"":""valid_record_count"",""role"":""archive"",""rule"":""숨긴 41의 행성연간지표 호환 출력/캐시를 source_column 포함 장부로 보존. literal로 내보내졌어도 새 수동 원본으로 등록하지 않음. V2 소비는 원 제공 파일을 직접 읽음."",""source_selector"":""all_data_rows""}]",원문·기존 ID·값 상태·설정 상태·근거·판본을 보존하고 확정 상태를 새로 추정하지 않음. legacy_locator를 이관레코드 관계로 연결.,H-02,T-004;T-009;T-013;T-005;T-068;T-069,PH0/NAT-V1_online.xlsx#xl/worksheets/sheet34.xml:Q; literal=PH1/literal_cells.csv; formulas=PH1/formula_patterns_and_dependencies.json,false,실행시점 online XLSX + native 8행 관측; 원본 내용 이관 아님,PH1 상세 설계 초안 · 온라인 작성/이관/운영 시험 미실행,미실행,미실행,명세 정적 coverage만 확인; 운영 시험 아님
NAT-V1,1mTRKFfCFtiTmuAR6QwrslcBI6Q-wutYzVP_weDAW9uI,1795511654,41_행성_연결,R,NAT-V1:1795511654:R,고유 지역 수,"string,number",input,셀 내용 전수의 literal/formula/헤더 기반 초안,MAP-070,"[{""file_code"":""H90"",""table"":""퇴역연결보존"",""field"":""unique_region_count"",""role"":""archive"",""rule"":""숨긴 41의 행성연간지표 호환 출력/캐시를 source_column 포함 장부로 보존. literal로 내보내졌어도 새 수동 원본으로 등록하지 않음. V2 소비는 원 제공 파일을 직접 읽음."",""source_selector"":""all_data_rows""}]",원문·기존 ID·값 상태·설정 상태·근거·판본을 보존하고 확정 상태를 새로 추정하지 않음. legacy_locator를 이관레코드 관계로 연결.,H-02,T-004;T-009;T-013;T-005;T-068;T-069,PH0/NAT-V1_online.xlsx#xl/worksheets/sheet34.xml:R; literal=PH1/literal_cells.csv; formulas=PH1/formula_patterns_and_dependencies.json,false,실행시점 online XLSX + native 8행 관측; 원본 내용 이관 아님,PH1 상세 설계 초안 · 온라인 작성/이관/운영 시험 미실행,미실행,미실행,명세 정적 coverage만 확인; 운영 시험 아님
NAT-V1,1mTRKFfCFtiTmuAR6QwrslcBI6Q-wutYzVP_weDAW9uI,1795511654,41_행성_연결,S,NAT-V1:1795511654:S,대상 지역 수,"string,number",input,셀 내용 전수의 literal/formula/헤더 기반 초안,MAP-070,"[{""file_code"":""H90"",""table"":""퇴역연결보존"",""field"":""target_region_count"",""role"":""archive"",""rule"":""숨긴 41의 행성연간지표 호환 출력/캐시를 source_column 포함 장부로 보존. literal로 내보내졌어도 새 수동 원본으로 등록하지 않음. V2 소비는 원 제공 파일을 직접 읽음."",""source_selector"":""all_data_rows""}]",원문·기존 ID·값 상태·설정 상태·근거·판본을 보존하고 확정 상태를 새로 추정하지 않음. legacy_locator를 이관레코드 관계로 연결.,H-02,T-004;T-009;T-013;T-005;T-068;T-069,PH0/NAT-V1_online.xlsx#xl/worksheets/sheet34.xml:S; literal=PH1/literal_cells.csv; formulas=PH1/formula_patterns_and_dependencies.json,false,실행시점 online XLSX + native 8행 관측; 원본 내용 이관 아님,PH1 상세 설계 초안 · 온라인 작성/이관/운영 시험 미실행,미실행,미실행,명세 정적 coverage만 확인; 운영 시험 아님
NAT-V1,1mTRKFfCFtiTmuAR6QwrslcBI6Q-wutYzVP_weDAW9uI,1795511654,41_행성_연결,T,NAT-V1:1795511654:T,설정 상태,string,input,셀 내용 전수의 literal/formula/헤더 기반 초안,MAP-070,"[{""file_code"":""H90"",""table"":""퇴역연결보존"",""field"":""setting_status"",""role"":""archive"",""rule"":""숨긴 41의 행성연간지표 호환 출력/캐시를 source_column 포함 장부로 보존. literal로 내보내졌어도 새 수동 원본으로 등록하지 않음. V2 소비는 원 제공 파일을 직접 읽음."",""source_selector"":""all_data_rows""}]",원문·기존 ID·값 상태·설정 상태·근거·판본을 보존하고 확정 상태를 새로 추정하지 않음. legacy_locator를 이관레코드 관계로 연결.,H-02,T-004;T-009;T-013;T-005;T-068;T-069,PH0/NAT-V1_online.xlsx#xl/worksheets/sheet34.xml:T; literal=PH1/literal_cells.csv; formulas=PH1/formula_patterns_and_dependencies.json,false,실행시점 online XLSX + native 8행 관측; 원본 내용 이관 아님,PH1 상세 설계 초안 · 온라인 작성/이관/운영 시험 미실행,미실행,미실행,명세 정적 coverage만 확인; 운영 시험 아님
NAT-V1,1mTRKFfCFtiTmuAR6QwrslcBI6Q-wutYzVP_weDAW9uI,1795511654,41_행성_연결,U,NAT-V1:1795511654:U,출처 ID,string,input,셀 내용 전수의 literal/formula/헤더 기반 초안,MAP-070,"[{""file_code"":""H90"",""table"":""퇴역연결보존"",""field"":""source_id"",""role"":""archive"",""rule"":""숨긴 41의 행성연간지표 호환 출력/캐시를 source_column 포함 장부로 보존. literal로 내보내졌어도 새 수동 원본으로 등록하지 않음. V2 소비는 원 제공 파일을 직접 읽음."",""source_selector"":""all_data_rows""}]",원문·기존 ID·값 상태·설정 상태·근거·판본을 보존하고 확정 상태를 새로 추정하지 않음. legacy_locator를 이관레코드 관계로 연결.,H-02,T-004;T-009;T-013;T-005;T-068;T-069,PH0/NAT-V1_online.xlsx#xl/worksheets/sheet34.xml:U; literal=PH1/literal_cells.csv; formulas=PH1/formula_patterns_and_dependencies.json,false,실행시점 online XLSX + native 8행 관측; 원본 내용 이관 아님,PH1 상세 설계 초안 · 온라인 작성/이관/운영 시험 미실행,미실행,미실행,명세 정적 coverage만 확인; 운영 시험 아님
NAT-V1,1mTRKFfCFtiTmuAR6QwrslcBI6Q-wutYzVP_weDAW9uI,1795511654,41_행성_연결,V,NAT-V1:1795511654:V,비고,string,input,셀 내용 전수의 literal/formula/헤더 기반 초안,MAP-070,"[{""file_code"":""H90"",""table"":""퇴역연결보존"",""field"":""notes"",""role"":""archive"",""rule"":""숨긴 41의 행성연간지표 호환 출력/캐시를 source_column 포함 장부로 보존. literal로 내보내졌어도 새 수동 원본으로 등록하지 않음. V2 소비는 원 제공 파일을 직접 읽음."",""source_selector"":""all_data_rows""}]",원문·기존 ID·값 상태·설정 상태·근거·판본을 보존하고 확정 상태를 새로 추정하지 않음. legacy_locator를 이관레코드 관계로 연결.,H-02,T-004;T-009;T-013;T-005;T-068;T-069,PH0/NAT-V1_online.xlsx#xl/worksheets/sheet34.xml:V; literal=PH1/literal_cells.csv; formulas=PH1/formula_patterns_and_dependencies.json,false,실행시점 online XLSX + native 8행 관측; 원본 내용 이관 아님,PH1 상세 설계 초안 · 온라인 작성/이관/운영 시험 미실행,미실행,미실행,명세 정적 coverage만 확인; 운영 시험 아님
NAT-V1,1mTRKFfCFtiTmuAR6QwrslcBI6Q-wutYzVP_weDAW9uI,1795511654,41_행성_연결,W,NAT-V1:1795511654:W,직접·합산 차이,string,input,셀 내용 전수의 literal/formula/헤더 기반 초안,MAP-070,"[{""file_code"":""H90"",""table"":""퇴역연결보존"",""field"":""delta_value"",""role"":""archive"",""rule"":""숨긴 41의 행성연간지표 호환 출력/캐시를 source_column 포함 장부로 보존. literal로 내보내졌어도 새 수동 원본으로 등록하지 않음. V2 소비는 원 제공 파일을 직접 읽음."",""source_selector"":""all_data_rows""}]",원문·기존 ID·값 상태·설정 상태·근거·판본을 보존하고 확정 상태를 새로 추정하지 않음. legacy_locator를 이관레코드 관계로 연결.,H-02,T-004;T-009;T-013;T-005;T-068;T-069,PH0/NAT-V1_online.xlsx#xl/worksheets/sheet34.xml:W; literal=PH1/literal_cells.csv; formulas=PH1/formula_patterns_and_dependencies.json,false,실행시점 online XLSX + native 8행 관측; 원본 내용 이관 아님,PH1 상세 설계 초안 · 온라인 작성/이관/운영 시험 미실행,미실행,미실행,명세 정적 coverage만 확인; 운영 시험 아님
NAT-V1,1mTRKFfCFtiTmuAR6QwrslcBI6Q-wutYzVP_weDAW9uI,1795511654,41_행성_연결,X,NAT-V1:1795511654:X,인구성장률,string,input,셀 내용 전수의 literal/formula/헤더 기반 초안,MAP-070,"[{""file_code"":""H90"",""table"":""퇴역연결보존"",""field"":""population_growth"",""role"":""archive"",""rule"":""숨긴 41의 행성연간지표 호환 출력/캐시를 source_column 포함 장부로 보존. literal로 내보내졌어도 새 수동 원본으로 등록하지 않음. V2 소비는 원 제공 파일을 직접 읽음."",""source_selector"":""all_data_rows""}]",원문·기존 ID·값 상태·설정 상태·근거·판본을 보존하고 확정 상태를 새로 추정하지 않음. legacy_locator를 이관레코드 관계로 연결.,H-02,T-004;T-009;T-013;T-005;T-068;T-069,PH0/NAT-V1_online.xlsx#xl/worksheets/sheet34.xml:X; literal=PH1/literal_cells.csv; formulas=PH1/formula_patterns_and_dependencies.json,false,실행시점 online XLSX + native 8행 관측; 원본 내용 이관 아님,PH1 상세 설계 초안 · 온라인 작성/이관/운영 시험 미실행,미실행,미실행,명세 정적 coverage만 확인; 운영 시험 아님
NAT-V1,1mTRKFfCFtiTmuAR6QwrslcBI6Q-wutYzVP_weDAW9uI,1795511654,41_행성_연결,Y,NAT-V1:1795511654:Y,scope_id,string,mixed_input_formula_review,셀 내용 전수의 literal/formula/헤더 기반 초안,MAP-070,"[{""file_code"":""H90"",""table"":""퇴역연결보존"",""field"":""planet_id"",""role"":""archive"",""rule"":""숨긴 41의 행성물성 호환 출력/캐시를 source_column 포함 장부로 보존. literal로 내보내졌어도 새 수동 원본으로 등록하지 않음. V2 소비는 원 제공 파일을 직접 읽음."",""source_selector"":""all_data_rows""}]",원문·기존 ID·값 상태·설정 상태·근거·판본을 보존하고 확정 상태를 새로 추정하지 않음. legacy_locator를 이관레코드 관계로 연결.,H-02,T-004;T-009;T-013;T-005;T-068;T-069,PH0/NAT-V1_online.xlsx#xl/worksheets/sheet34.xml:Y; literal=PH1/literal_cells.csv; formulas=PH1/formula_patterns_and_dependencies.json,false,실행시점 online XLSX + native 8행 관측; 원본 내용 이관 아님,PH1 상세 설계 초안 · 온라인 작성/이관/운영 시험 미실행,미실행,미실행,명세 정적 coverage만 확인; 운영 시험 아님
NAT-V1,1mTRKFfCFtiTmuAR6QwrslcBI6Q-wutYzVP_weDAW9uI,1795511654,41_행성_연결,Z,NAT-V1:1795511654:Z,항목 ID,string,input,셀 내용 전수의 literal/formula/헤더 기반 초안,MAP-070,"[{""file_code"":""H90"",""table"":""퇴역연결보존"",""field"":""property_id"",""role"":""archive"",""rule"":""숨긴 41의 행성물성 호환 출력/캐시를 source_column 포함 장부로 보존. literal로 내보내졌어도 새 수동 원본으로 등록하지 않음. V2 소비는 원 제공 파일을 직접 읽음."",""source_selector"":""all_data_rows""}]",원문·기존 ID·값 상태·설정 상태·근거·판본을 보존하고 확정 상태를 새로 추정하지 않음. legacy_locator를 이관레코드 관계로 연결.,H-02,T-004;T-009;T-013;T-005;T-068;T-069,PH0/NAT-V1_online.xlsx#xl/worksheets/sheet34.xml:Z; literal=PH1/literal_cells.csv; formulas=PH1/formula_patterns_and_dependencies.json,false,실행시점 online XLSX + native 8행 관측; 원본 내용 이관 아님,PH1 상세 설계 초안 · 온라인 작성/이관/운영 시험 미실행,미실행,미실행,명세 정적 coverage만 확인; 운영 시험 아님
NAT-V1,1mTRKFfCFtiTmuAR6QwrslcBI6Q-wutYzVP_weDAW9uI,1795511654,41_행성_연결,AA,NAT-V1:1795511654:AA,항목,string,input,셀 내용 전수의 literal/formula/헤더 기반 초안,MAP-070,"[{""file_code"":""H90"",""table"":""퇴역연결보존"",""field"":""property_name"",""role"":""archive"",""rule"":""숨긴 41의 행성물성 호환 출력/캐시를 source_column 포함 장부로 보존. literal로 내보내졌어도 새 수동 원본으로 등록하지 않음. V2 소비는 원 제공 파일을 직접 읽음."",""source_selector"":""all_data_rows""}]",원문·기존 ID·값 상태·설정 상태·근거·판본을 보존하고 확정 상태를 새로 추정하지 않음. legacy_locator를 이관레코드 관계로 연결.,H-02,T-004;T-009;T-013;T-005;T-068;T-069,PH0/NAT-V1_online.xlsx#xl/worksheets/sheet34.xml:AA; literal=PH1/literal_cells.csv; formulas=PH1/formula_patterns_and_dependencies.json,false,실행시점 online XLSX + native 8행 관측; 원본 내용 이관 아님,PH1 상세 설계 초안 · 온라인 작성/이관/운영 시험 미실행,미실행,미실행,명세 정적 coverage만 확인; 운영 시험 아님
NAT-V1,1mTRKFfCFtiTmuAR6QwrslcBI6Q-wutYzVP_weDAW9uI,1795511654,41_행성_연결,AB,NAT-V1:1795511654:AB,수치,"string,number",input,셀 내용 전수의 literal/formula/헤더 기반 초안,MAP-070,"[{""file_code"":""H90"",""table"":""퇴역연결보존"",""field"":""numeric_value"",""role"":""archive"",""rule"":""숨긴 41의 행성물성 호환 출력/캐시를 source_column 포함 장부로 보존. literal로 내보내졌어도 새 수동 원본으로 등록하지 않음. V2 소비는 원 제공 파일을 직접 읽음."",""source_selector"":""all_data_rows""}]",원문·기존 ID·값 상태·설정 상태·근거·판본을 보존하고 확정 상태를 새로 추정하지 않음. legacy_locator를 이관레코드 관계로 연결.,H-02,T-004;T-009;T-013;T-005;T-068;T-069,PH0/NAT-V1_online.xlsx#xl/worksheets/sheet34.xml:AB; literal=PH1/literal_cells.csv; formulas=PH1/formula_patterns_and_dependencies.json,false,실행시점 online XLSX + native 8행 관측; 원본 내용 이관 아님,PH1 상세 설계 초안 · 온라인 작성/이관/운영 시험 미실행,미실행,미실행,명세 정적 coverage만 확인; 운영 시험 아님
NAT-V1,1mTRKFfCFtiTmuAR6QwrslcBI6Q-wutYzVP_weDAW9uI,1795511654,41_행성_연결,AC,NAT-V1:1795511654:AC,문자값,string,input,셀 내용 전수의 literal/formula/헤더 기반 초안,MAP-070,"[{""file_code"":""H90"",""table"":""퇴역연결보존"",""field"":""text_value"",""role"":""archive"",""rule"":""숨긴 41의 행성물성 호환 출력/캐시를 source_column 포함 장부로 보존. literal로 내보내졌어도 새 수동 원본으로 등록하지 않음. V2 소비는 원 제공 파일을 직접 읽음."",""source_selector"":""all_data_rows""}]",원문·기존 ID·값 상태·설정 상태·근거·판본을 보존하고 확정 상태를 새로 추정하지 않음. legacy_locator를 이관레코드 관계로 연결.,H-02,T-004;T-009;T-013;T-005;T-068;T-069,PH0/NAT-V1_online.xlsx#xl/worksheets/sheet34.xml:AC; literal=PH1/literal_cells.csv; formulas=PH1/formula_patterns_and_dependencies.json,false,실행시점 online XLSX + native 8행 관측; 원본 내용 이관 아님,PH1 상세 설계 초안 · 온라인 작성/이관/운영 시험 미실행,미실행,미실행,명세 정적 coverage만 확인; 운영 시험 아님
NAT-V1,1mTRKFfCFtiTmuAR6QwrslcBI6Q-wutYzVP_weDAW9uI,1795511654,41_행성_연결,AD,NAT-V1:1795511654:AD,단위,string,input,셀 내용 전수의 literal/formula/헤더 기반 초안,MAP-070,"[{""file_code"":""H90"",""table"":""퇴역연결보존"",""field"":""unit"",""role"":""archive"",""rule"":""숨긴 41의 행성물성 호환 출력/캐시를 source_column 포함 장부로 보존. literal로 내보내졌어도 새 수동 원본으로 등록하지 않음. V2 소비는 원 제공 파일을 직접 읽음."",""source_selector"":""all_data_rows""}]",원문·기존 ID·값 상태·설정 상태·근거·판본을 보존하고 확정 상태를 새로 추정하지 않음. legacy_locator를 이관레코드 관계로 연결.,H-02,T-004;T-009;T-013;T-005;T-068;T-069,PH0/NAT-V1_online.xlsx#xl/worksheets/sheet34.xml:AD; literal=PH1/literal_cells.csv; formulas=PH1/formula_patterns_and_dependencies.json,false,실행시점 online XLSX + native 8행 관측; 원본 내용 이관 아님,PH1 상세 설계 초안 · 온라인 작성/이관/운영 시험 미실행,미실행,미실행,명세 정적 coverage만 확인; 운영 시험 아님
NAT-V1,1mTRKFfCFtiTmuAR6QwrslcBI6Q-wutYzVP_weDAW9uI,1795511654,41_행성_연결,AE,NAT-V1:1795511654:AE,산출방식,string,input,셀 내용 전수의 literal/formula/헤더 기반 초안,MAP-070,"[{""file_code"":""H90"",""table"":""퇴역연결보존"",""field"":""calculation_method"",""role"":""archive"",""rule"":""숨긴 41의 행성물성 호환 출력/캐시를 source_column 포함 장부로 보존. literal로 내보내졌어도 새 수동 원본으로 등록하지 않음. V2 소비는 원 제공 파일을 직접 읽음."",""source_selector"":""all_data_rows""}]",원문·기존 ID·값 상태·설정 상태·근거·판본을 보존하고 확정 상태를 새로 추정하지 않음. legacy_locator를 이관레코드 관계로 연결.,H-02,T-004;T-009;T-013;T-005;T-068;T-069,PH0/NAT-V1_online.xlsx#xl/worksheets/sheet34.xml:AE; literal=PH1/literal_cells.csv; formulas=PH1/formula_patterns_and_dependencies.json,false,실행시점 online XLSX + native 8행 관측; 원본 내용 이관 아님,PH1 상세 설계 초안 · 온라인 작성/이관/운영 시험 미실행,미실행,미실행,명세 정적 coverage만 확인; 운영 시험 아님
NAT-V1,1mTRKFfCFtiTmuAR6QwrslcBI6Q-wutYzVP_weDAW9uI,1795511654,41_행성_연결,AF,NAT-V1:1795511654:AF,설정 상태,string,input,셀 내용 전수의 literal/formula/헤더 기반 초안,MAP-070,"[{""file_code"":""H90"",""table"":""퇴역연결보존"",""field"":""setting_status"",""role"":""archive"",""rule"":""숨긴 41의 행성물성 호환 출력/캐시를 source_column 포함 장부로 보존. literal로 내보내졌어도 새 수동 원본으로 등록하지 않음. V2 소비는 원 제공 파일을 직접 읽음."",""source_selector"":""all_data_rows""}]",원문·기존 ID·값 상태·설정 상태·근거·판본을 보존하고 확정 상태를 새로 추정하지 않음. legacy_locator를 이관레코드 관계로 연결.,H-02,T-004;T-009;T-013;T-005;T-068;T-069,PH0/NAT-V1_online.xlsx#xl/worksheets/sheet34.xml:AF; literal=PH1/literal_cells.csv; formulas=PH1/formula_patterns_and_dependencies.json,false,실행시점 online XLSX + native 8행 관측; 원본 내용 이관 아님,PH1 상세 설계 초안 · 온라인 작성/이관/운영 시험 미실행,미실행,미실행,명세 정적 coverage만 확인; 운영 시험 아님
NAT-V1,1mTRKFfCFtiTmuAR6QwrslcBI6Q-wutYzVP_weDAW9uI,1795511654,41_행성_연결,AG,NAT-V1:1795511654:AG,출처 ID,string,input,셀 내용 전수의 literal/formula/헤더 기반 초안,MAP-070,"[{""file_code"":""H90"",""table"":""퇴역연결보존"",""field"":""source_id"",""role"":""archive"",""rule"":""숨긴 41의 행성물성 호환 출력/캐시를 source_column 포함 장부로 보존. literal로 내보내졌어도 새 수동 원본으로 등록하지 않음. V2 소비는 원 제공 파일을 직접 읽음."",""source_selector"":""all_data_rows""}]",원문·기존 ID·값 상태·설정 상태·근거·판본을 보존하고 확정 상태를 새로 추정하지 않음. legacy_locator를 이관레코드 관계로 연결.,H-02,T-004;T-009;T-013;T-005;T-068;T-069,PH0/NAT-V1_online.xlsx#xl/worksheets/sheet34.xml:AG; literal=PH1/literal_cells.csv; formulas=PH1/formula_patterns_and_dependencies.json,false,실행시점 online XLSX + native 8행 관측; 원본 내용 이관 아님,PH1 상세 설계 초안 · 온라인 작성/이관/운영 시험 미실행,미실행,미실행,명세 정적 coverage만 확인; 운영 시험 아님
NAT-V1,1mTRKFfCFtiTmuAR6QwrslcBI6Q-wutYzVP_weDAW9uI,1795511654,41_행성_연결,AH,NAT-V1:1795511654:AH,원문 위치,string,input,셀 내용 전수의 literal/formula/헤더 기반 초안,MAP-070,"[{""file_code"":""H90"",""table"":""퇴역연결보존"",""field"":""original_location"",""role"":""archive"",""rule"":""숨긴 41의 행성물성 호환 출력/캐시를 source_column 포함 장부로 보존. literal로 내보내졌어도 새 수동 원본으로 등록하지 않음. V2 소비는 원 제공 파일을 직접 읽음."",""source_selector"":""all_data_rows""}]",원문·기존 ID·값 상태·설정 상태·근거·판본을 보존하고 확정 상태를 새로 추정하지 않음. legacy_locator를 이관레코드 관계로 연결.,H-02,T-004;T-009;T-013;T-005;T-068;T-069,PH0/NAT-V1_online.xlsx#xl/worksheets/sheet34.xml:AH; literal=PH1/literal_cells.csv; formulas=PH1/formula_patterns_and_dependencies.json,false,실행시점 online XLSX + native 8행 관측; 원본 내용 이관 아님,PH1 상세 설계 초안 · 온라인 작성/이관/운영 시험 미실행,미실행,미실행,명세 정적 coverage만 확인; 운영 시험 아님
NAT-V1,1mTRKFfCFtiTmuAR6QwrslcBI6Q-wutYzVP_weDAW9uI,1795511654,41_행성_연결,AI,NAT-V1:1795511654:AI,비고,string,input,셀 내용 전수의 literal/formula/헤더 기반 초안,MAP-070,"[{""file_code"":""H90"",""table"":""퇴역연결보존"",""field"":""notes"",""role"":""archive"",""rule"":""숨긴 41의 행성물성 호환 출력/캐시를 source_column 포함 장부로 보존. literal로 내보내졌어도 새 수동 원본으로 등록하지 않음. V2 소비는 원 제공 파일을 직접 읽음."",""source_selector"":""all_data_rows""}]",원문·기존 ID·값 상태·설정 상태·근거·판본을 보존하고 확정 상태를 새로 추정하지 않음. legacy_locator를 이관레코드 관계로 연결.,H-02,T-004;T-009;T-013;T-005;T-068;T-069,PH0/NAT-V1_online.xlsx#xl/worksheets/sheet34.xml:AI; literal=PH1/literal_cells.csv; formulas=PH1/formula_patterns_and_dependencies.json,false,실행시점 online XLSX + native 8행 관측; 원본 내용 이관 아님,PH1 상세 설계 초안 · 온라인 작성/이관/운영 시험 미실행,미실행,미실행,명세 정적 coverage만 확인; 운영 시험 아님
NAT-V1,1mTRKFfCFtiTmuAR6QwrslcBI6Q-wutYzVP_weDAW9uI,1795511654,41_행성_연결,AJ,NAT-V1:1795511654:AJ,행성 인구 정의,string,formula,셀 내용 전수의 literal/formula/헤더 기반 초안,MAP-070,"[{""file_code"":""H90"",""table"":""퇴역연결보존"",""field"":""population_definition"",""role"":""archive"",""rule"":""숨긴 41의 인구정의 호환 출력/캐시를 source_column 포함 장부로 보존. literal로 내보내졌어도 새 수동 원본으로 등록하지 않음. V2 소비는 원 제공 파일을 직접 읽음."",""source_selector"":""all_data_rows""}]",원문·기존 ID·값 상태·설정 상태·근거·판본을 보존하고 확정 상태를 새로 추정하지 않음. legacy_locator를 이관레코드 관계로 연결.,H-02,T-004;T-009;T-013;T-005;T-068;T-069,PH0/NAT-V1_online.xlsx#xl/worksheets/sheet34.xml:AJ; literal=PH1/literal_cells.csv; formulas=PH1/formula_patterns_and_dependencies.json,false,실행시점 online XLSX + native 8행 관측; 원본 내용 이관 아님,PH1 상세 설계 초안 · 온라인 작성/이관/운영 시험 미실행,미실행,미실행,명세 정적 coverage만 확인; 운영 시험 아님
NAT-V1,1mTRKFfCFtiTmuAR6QwrslcBI6Q-wutYzVP_weDAW9uI,1795511654,41_행성_연결,AK,NAT-V1:1795511654:AK,정렬,"string,number",mixed_input_formula_review,셀 내용 전수의 literal/formula/헤더 기반 초안,MAP-070,"[{""file_code"":""H90"",""table"":""퇴역연결보존"",""field"":""sort_order"",""role"":""archive"",""rule"":""숨긴 41의 지역참조 호환 출력/캐시를 source_column 포함 장부로 보존. literal로 내보내졌어도 새 수동 원본으로 등록하지 않음. V2 소비는 원 제공 파일을 직접 읽음."",""source_selector"":""all_data_rows""}]",원문·기존 ID·값 상태·설정 상태·근거·판본을 보존하고 확정 상태를 새로 추정하지 않음. legacy_locator를 이관레코드 관계로 연결.,H-02,T-004;T-009;T-013;T-005;T-068;T-069,PH0/NAT-V1_online.xlsx#xl/worksheets/sheet34.xml:AK; literal=PH1/literal_cells.csv; formulas=PH1/formula_patterns_and_dependencies.json,false,실행시점 online XLSX + native 8행 관측; 원본 내용 이관 아님,PH1 상세 설계 초안 · 온라인 작성/이관/운영 시험 미실행,미실행,미실행,명세 정적 coverage만 확인; 운영 시험 아님
NAT-V1,1mTRKFfCFtiTmuAR6QwrslcBI6Q-wutYzVP_weDAW9uI,1795511654,41_행성_연결,AL,NAT-V1:1795511654:AL,지역명,string,input,셀 내용 전수의 literal/formula/헤더 기반 초안,MAP-070,"[{""file_code"":""H90"",""table"":""퇴역연결보존"",""field"":""name_ko"",""role"":""archive"",""rule"":""숨긴 41의 지역참조 호환 출력/캐시를 source_column 포함 장부로 보존. literal로 내보내졌어도 새 수동 원본으로 등록하지 않음. V2 소비는 원 제공 파일을 직접 읽음."",""source_selector"":""all_data_rows""}]",원문·기존 ID·값 상태·설정 상태·근거·판본을 보존하고 확정 상태를 새로 추정하지 않음. legacy_locator를 이관레코드 관계로 연결.,H-02,T-004;T-009;T-013;T-005;T-068;T-069,PH0/NAT-V1_online.xlsx#xl/worksheets/sheet34.xml:AL; literal=PH1/literal_cells.csv; formulas=PH1/formula_patterns_and_dependencies.json,false,실행시점 online XLSX + native 8행 관측; 원본 내용 이관 아님,PH1 상세 설계 초안 · 온라인 작성/이관/운영 시험 미실행,미실행,미실행,명세 정적 coverage만 확인; 운영 시험 아님
NAT-V1,1mTRKFfCFtiTmuAR6QwrslcBI6Q-wutYzVP_weDAW9uI,1795511654,41_행성_연결,AM,NAT-V1:1795511654:AM,[헤더 미확인:AM],string,input,셀 내용 전수의 literal/formula/헤더 기반 초안,MAP-070,"[{""file_code"":""H90"",""table"":""퇴역연결보존"",""field"":""name_roman_raw"",""role"":""archive"",""rule"":""숨긴 41의 지역참조 호환 출력/캐시를 source_column 포함 장부로 보존. literal로 내보내졌어도 새 수동 원본으로 등록하지 않음. V2 소비는 원 제공 파일을 직접 읽음."",""source_selector"":""all_data_rows""}]",원문·기존 ID·값 상태·설정 상태·근거·판본을 보존하고 확정 상태를 새로 추정하지 않음. legacy_locator를 이관레코드 관계로 연결.,H-02,T-004;T-009;T-013;T-005;T-068;T-069,PH0/NAT-V1_online.xlsx#xl/worksheets/sheet34.xml:AM; literal=PH1/literal_cells.csv; formulas=PH1/formula_patterns_and_dependencies.json,true,실행시점 online XLSX + native 8행 관측; 원본 내용 이관 아님,PH1 상세 설계 초안 · 온라인 작성/이관/운영 시험 미실행,미실행,미실행,명세 정적 coverage만 확인; 운영 시험 아님
NAT-V1,1mTRKFfCFtiTmuAR6QwrslcBI6Q-wutYzVP_weDAW9uI,1795511654,41_행성_연결,AN,NAT-V1:1795511654:AN,[헤더 미확인:AN],string,input,셀 내용 전수의 literal/formula/헤더 기반 초안,MAP-070,"[{""file_code"":""H90"",""table"":""퇴역연결보존"",""field"":""name_elun_raw"",""role"":""archive"",""rule"":""숨긴 41의 지역참조 호환 출력/캐시를 source_column 포함 장부로 보존. literal로 내보내졌어도 새 수동 원본으로 등록하지 않음. V2 소비는 원 제공 파일을 직접 읽음."",""source_selector"":""all_data_rows""}]",원문·기존 ID·값 상태·설정 상태·근거·판본을 보존하고 확정 상태를 새로 추정하지 않음. legacy_locator를 이관레코드 관계로 연결.,H-02,T-004;T-009;T-013;T-005;T-068;T-069,PH0/NAT-V1_online.xlsx#xl/worksheets/sheet34.xml:AN; literal=PH1/literal_cells.csv; formulas=PH1/formula_patterns_and_dependencies.json,true,실행시점 online XLSX + native 8행 관측; 원본 내용 이관 아님,PH1 상세 설계 초안 · 온라인 작성/이관/운영 시험 미실행,미실행,미실행,명세 정적 coverage만 확인; 운영 시험 아님
NAT-V1,1mTRKFfCFtiTmuAR6QwrslcBI6Q-wutYzVP_weDAW9uI,1795511654,41_행성_연결,AO,NAT-V1:1795511654:AO,지역 분류,string,input,셀 내용 전수의 literal/formula/헤더 기반 초안,MAP-070,"[{""file_code"":""H90"",""table"":""퇴역연결보존"",""field"":""region_category"",""role"":""archive"",""rule"":""숨긴 41의 지역참조 호환 출력/캐시를 source_column 포함 장부로 보존. literal로 내보내졌어도 새 수동 원본으로 등록하지 않음. V2 소비는 원 제공 파일을 직접 읽음."",""source_selector"":""all_data_rows""}]",원문·기존 ID·값 상태·설정 상태·근거·판본을 보존하고 확정 상태를 새로 추정하지 않음. legacy_locator를 이관레코드 관계로 연결.,H-02,T-004;T-009;T-013;T-005;T-068;T-069,PH0/NAT-V1_online.xlsx#xl/worksheets/sheet34.xml:AO; literal=PH1/literal_cells.csv; formulas=PH1/formula_patterns_and_dependencies.json,false,실행시점 online XLSX + native 8행 관측; 원본 내용 이관 아님,PH1 상세 설계 초안 · 온라인 작성/이관/운영 시험 미실행,미실행,미실행,명세 정적 coverage만 확인; 운영 시험 아님
NAT-V1,1mTRKFfCFtiTmuAR6QwrslcBI6Q-wutYzVP_weDAW9uI,1795511654,41_행성_연결,AP,NAT-V1:1795511654:AP,지역 구분자,string,input,셀 내용 전수의 literal/formula/헤더 기반 초안,MAP-070,"[{""file_code"":""H90"",""table"":""퇴역연결보존"",""field"":""region_id"",""role"":""archive"",""rule"":""숨긴 41의 지역참조 호환 출력/캐시를 source_column 포함 장부로 보존. literal로 내보내졌어도 새 수동 원본으로 등록하지 않음. V2 소비는 원 제공 파일을 직접 읽음."",""source_selector"":""all_data_rows""}]",원문·기존 ID·값 상태·설정 상태·근거·판본을 보존하고 확정 상태를 새로 추정하지 않음. legacy_locator를 이관레코드 관계로 연결.,H-02,T-004;T-009;T-013;T-005;T-068;T-069,PH0/NAT-V1_online.xlsx#xl/worksheets/sheet34.xml:AP; literal=PH1/literal_cells.csv; formulas=PH1/formula_patterns_and_dependencies.json,false,실행시점 online XLSX + native 8행 관측; 원본 내용 이관 아님,PH1 상세 설계 초안 · 온라인 작성/이관/운영 시험 미실행,미실행,미실행,명세 정적 coverage만 확인; 운영 시험 아님
NAT-V1,1mTRKFfCFtiTmuAR6QwrslcBI6Q-wutYzVP_weDAW9uI,1795511654,41_행성_연결,AQ,NAT-V1:1795511654:AQ,소속 구분,string,input,셀 내용 전수의 literal/formula/헤더 기반 초안,MAP-070,"[{""file_code"":""H90"",""table"":""퇴역연결보존"",""field"":""hierarchy_group"",""role"":""archive"",""rule"":""숨긴 41의 지역참조 호환 출력/캐시를 source_column 포함 장부로 보존. literal로 내보내졌어도 새 수동 원본으로 등록하지 않음. V2 소비는 원 제공 파일을 직접 읽음."",""source_selector"":""all_data_rows""}]",원문·기존 ID·값 상태·설정 상태·근거·판본을 보존하고 확정 상태를 새로 추정하지 않음. legacy_locator를 이관레코드 관계로 연결.,H-02,T-004;T-009;T-013;T-005;T-068;T-069,PH0/NAT-V1_online.xlsx#xl/worksheets/sheet34.xml:AQ; literal=PH1/literal_cells.csv; formulas=PH1/formula_patterns_and_dependencies.json,false,실행시점 online XLSX + native 8행 관측; 원본 내용 이관 아님,PH1 상세 설계 초안 · 온라인 작성/이관/운영 시험 미실행,미실행,미실행,명세 정적 coverage만 확인; 운영 시험 아님
NAT-V1,1mTRKFfCFtiTmuAR6QwrslcBI6Q-wutYzVP_weDAW9uI,1795511654,41_행성_연결,AR,NAT-V1:1795511654:AR,[헤더 미확인:AR],string,input,셀 내용 전수의 literal/formula/헤더 기반 초안,MAP-070,"[{""file_code"":""H90"",""table"":""퇴역연결보존"",""field"":""parent_name_1_raw"",""role"":""archive"",""rule"":""숨긴 41의 지역참조 호환 출력/캐시를 source_column 포함 장부로 보존. literal로 내보내졌어도 새 수동 원본으로 등록하지 않음. V2 소비는 원 제공 파일을 직접 읽음."",""source_selector"":""all_data_rows""}]",원문·기존 ID·값 상태·설정 상태·근거·판본을 보존하고 확정 상태를 새로 추정하지 않음. legacy_locator를 이관레코드 관계로 연결.,H-02,T-004;T-009;T-013;T-005;T-068;T-069,PH0/NAT-V1_online.xlsx#xl/worksheets/sheet34.xml:AR; literal=PH1/literal_cells.csv; formulas=PH1/formula_patterns_and_dependencies.json,true,실행시점 online XLSX + native 8행 관측; 원본 내용 이관 아님,PH1 상세 설계 초안 · 온라인 작성/이관/운영 시험 미실행,미실행,미실행,명세 정적 coverage만 확인; 운영 시험 아님
NAT-V1,1mTRKFfCFtiTmuAR6QwrslcBI6Q-wutYzVP_weDAW9uI,1795511654,41_행성_연결,AS,NAT-V1:1795511654:AS,[헤더 미확인:AS],string,input,셀 내용 전수의 literal/formula/헤더 기반 초안,MAP-070,"[{""file_code"":""H90"",""table"":""퇴역연결보존"",""field"":""parent_name_2_raw"",""role"":""archive"",""rule"":""숨긴 41의 지역참조 호환 출력/캐시를 source_column 포함 장부로 보존. literal로 내보내졌어도 새 수동 원본으로 등록하지 않음. V2 소비는 원 제공 파일을 직접 읽음."",""source_selector"":""all_data_rows""}]",원문·기존 ID·값 상태·설정 상태·근거·판본을 보존하고 확정 상태를 새로 추정하지 않음. legacy_locator를 이관레코드 관계로 연결.,H-02,T-004;T-009;T-013;T-005;T-068;T-069,PH0/NAT-V1_online.xlsx#xl/worksheets/sheet34.xml:AS; literal=PH1/literal_cells.csv; formulas=PH1/formula_patterns_and_dependencies.json,true,실행시점 online XLSX + native 8행 관측; 원본 내용 이관 아님,PH1 상세 설계 초안 · 온라인 작성/이관/운영 시험 미실행,미실행,미실행,명세 정적 coverage만 확인; 운영 시험 아님
NAT-V1,1mTRKFfCFtiTmuAR6QwrslcBI6Q-wutYzVP_weDAW9uI,1795511654,41_행성_연결,AT,NAT-V1:1795511654:AT,[헤더 미확인:AT],string,input,셀 내용 전수의 literal/formula/헤더 기반 초안,MAP-070,"[{""file_code"":""H90"",""table"":""퇴역연결보존"",""field"":""region_rank_raw"",""role"":""archive"",""rule"":""숨긴 41의 지역참조 호환 출력/캐시를 source_column 포함 장부로 보존. literal로 내보내졌어도 새 수동 원본으로 등록하지 않음. V2 소비는 원 제공 파일을 직접 읽음."",""source_selector"":""all_data_rows""}]",원문·기존 ID·값 상태·설정 상태·근거·판본을 보존하고 확정 상태를 새로 추정하지 않음. legacy_locator를 이관레코드 관계로 연결.,H-02,T-004;T-009;T-013;T-005;T-068;T-069,PH0/NAT-V1_online.xlsx#xl/worksheets/sheet34.xml:AT; literal=PH1/literal_cells.csv; formulas=PH1/formula_patterns_and_dependencies.json,true,실행시점 online XLSX + native 8행 관측; 원본 내용 이관 아님,PH1 상세 설계 초안 · 온라인 작성/이관/운영 시험 미실행,미실행,미실행,명세 정적 coverage만 확인; 운영 시험 아님
NAT-V1,1mTRKFfCFtiTmuAR6QwrslcBI6Q-wutYzVP_weDAW9uI,1795511654,41_행성_연결,AU,NAT-V1:1795511654:AU,세부 분류,string,input,셀 내용 전수의 literal/formula/헤더 기반 초안,MAP-070,"[{""file_code"":""H90"",""table"":""퇴역연결보존"",""field"":""detail_category"",""role"":""archive"",""rule"":""숨긴 41의 지역참조 호환 출력/캐시를 source_column 포함 장부로 보존. literal로 내보내졌어도 새 수동 원본으로 등록하지 않음. V2 소비는 원 제공 파일을 직접 읽음."",""source_selector"":""all_data_rows""}]",원문·기존 ID·값 상태·설정 상태·근거·판본을 보존하고 확정 상태를 새로 추정하지 않음. legacy_locator를 이관레코드 관계로 연결.,H-02,T-004;T-009;T-013;T-005;T-068;T-069,PH0/NAT-V1_online.xlsx#xl/worksheets/sheet34.xml:AU; literal=PH1/literal_cells.csv; formulas=PH1/formula_patterns_and_dependencies.json,false,실행시점 online XLSX + native 8행 관측; 원본 내용 이관 아님,PH1 상세 설계 초안 · 온라인 작성/이관/운영 시험 미실행,미실행,미실행,명세 정적 coverage만 확인; 운영 시험 아님
NAT-V1,1mTRKFfCFtiTmuAR6QwrslcBI6Q-wutYzVP_weDAW9uI,1795511654,41_행성_연결,AV,NAT-V1:1795511654:AV,[헤더 미확인:AV],string,input,셀 내용 전수의 literal/formula/헤더 기반 초안,MAP-070,"[{""file_code"":""H90"",""table"":""퇴역연결보존"",""field"":""setting_status_raw"",""role"":""archive"",""rule"":""숨긴 41의 지역참조 호환 출력/캐시를 source_column 포함 장부로 보존. literal로 내보내졌어도 새 수동 원본으로 등록하지 않음. V2 소비는 원 제공 파일을 직접 읽음."",""source_selector"":""all_data_rows""}]",원문·기존 ID·값 상태·설정 상태·근거·판본을 보존하고 확정 상태를 새로 추정하지 않음. legacy_locator를 이관레코드 관계로 연결.,H-02,T-004;T-009;T-013;T-005;T-068;T-069,PH0/NAT-V1_online.xlsx#xl/worksheets/sheet34.xml:AV; literal=PH1/literal_cells.csv; formulas=PH1/formula_patterns_and_dependencies.json,true,실행시점 online XLSX + native 8행 관측; 원본 내용 이관 아님,PH1 상세 설계 초안 · 온라인 작성/이관/운영 시험 미실행,미실행,미실행,명세 정적 coverage만 확인; 운영 시험 아님
NAT-V1,1mTRKFfCFtiTmuAR6QwrslcBI6Q-wutYzVP_weDAW9uI,1795511654,41_행성_연결,AW,NAT-V1:1795511654:AW,HEX,string,input,셀 내용 전수의 literal/formula/헤더 기반 초안,MAP-070,"[{""file_code"":""H90"",""table"":""퇴역연결보존"",""field"":""hex"",""role"":""archive"",""rule"":""숨긴 41의 지역참조 호환 출력/캐시를 source_column 포함 장부로 보존. literal로 내보내졌어도 새 수동 원본으로 등록하지 않음. V2 소비는 원 제공 파일을 직접 읽음."",""source_selector"":""all_data_rows""}]",원문·기존 ID·값 상태·설정 상태·근거·판본을 보존하고 확정 상태를 새로 추정하지 않음. legacy_locator를 이관레코드 관계로 연결.,H-02,T-004;T-009;T-013;T-005;T-068;T-069,PH0/NAT-V1_online.xlsx#xl/worksheets/sheet34.xml:AW; literal=PH1/literal_cells.csv; formulas=PH1/formula_patterns_and_dependencies.json,false,실행시점 online XLSX + native 8행 관측; 원본 내용 이관 아님,PH1 상세 설계 초안 · 온라인 작성/이관/운영 시험 미실행,미실행,미실행,명세 정적 coverage만 확인; 운영 시험 아님
NAT-V1,1mTRKFfCFtiTmuAR6QwrslcBI6Q-wutYzVP_weDAW9uI,1795511654,41_행성_연결,AX,NAT-V1:1795511654:AX,[헤더 미확인:AX],string,input,셀 내용 전수의 literal/formula/헤더 기반 초안,MAP-070,"[{""file_code"":""H90"",""table"":""퇴역연결보존"",""field"":""color_chip"",""role"":""archive"",""rule"":""숨긴 41의 지역참조 호환 출력/캐시를 source_column 포함 장부로 보존. literal로 내보내졌어도 새 수동 원본으로 등록하지 않음. V2 소비는 원 제공 파일을 직접 읽음."",""source_selector"":""all_data_rows""}]",원문·기존 ID·값 상태·설정 상태·근거·판본을 보존하고 확정 상태를 새로 추정하지 않음. legacy_locator를 이관레코드 관계로 연결.,H-02,T-004;T-009;T-013;T-005;T-068;T-069,PH0/NAT-V1_online.xlsx#xl/worksheets/sheet34.xml:AX; literal=PH1/literal_cells.csv; formulas=PH1/formula_patterns_and_dependencies.json,true,실행시점 online XLSX + native 8행 관측; 원본 내용 이관 아님,PH1 상세 설계 초안 · 온라인 작성/이관/운영 시험 미실행,미실행,미실행,명세 정적 coverage만 확인; 운영 시험 아님
NAT-V1,1mTRKFfCFtiTmuAR6QwrslcBI6Q-wutYzVP_weDAW9uI,1795511654,41_행성_연결,AY,NAT-V1:1795511654:AY,관리,string,input,셀 내용 전수의 literal/formula/헤더 기반 초안,MAP-070,"[{""file_code"":""H90"",""table"":""퇴역연결보존"",""field"":""management_raw"",""role"":""archive"",""rule"":""숨긴 41의 지역참조 호환 출력/캐시를 source_column 포함 장부로 보존. literal로 내보내졌어도 새 수동 원본으로 등록하지 않음. V2 소비는 원 제공 파일을 직접 읽음."",""source_selector"":""all_data_rows""}]",원문·기존 ID·값 상태·설정 상태·근거·판본을 보존하고 확정 상태를 새로 추정하지 않음. legacy_locator를 이관레코드 관계로 연결.,H-02,T-004;T-009;T-013;T-005;T-068;T-069,PH0/NAT-V1_online.xlsx#xl/worksheets/sheet34.xml:AY; literal=PH1/literal_cells.csv; formulas=PH1/formula_patterns_and_dependencies.json,false,실행시점 online XLSX + native 8행 관측; 원본 내용 이관 아님,PH1 상세 설계 초안 · 온라인 작성/이관/운영 시험 미실행,미실행,미실행,명세 정적 coverage만 확인; 운영 시험 아님
NAT-V1,1mTRKFfCFtiTmuAR6QwrslcBI6Q-wutYzVP_weDAW9uI,920230014,42_행성_기본속성_연결,A,NAT-V1:920230014:A,scope_id,formula,formula,셀 내용 전수의 literal/formula/헤더 기반 초안,MAP-071,"[{""file_code"":""H90"",""table"":""행성물성참조"",""field"":""planet_id"",""role"":""display"",""rule"":""R70.PUB_PLANET_PROPERTIES_V2 직접 제공표의 동일 기술 헤더를 읽음; V1 IMPORTRANGE/DUMMYFUNCTION 제거. 원문·계산·채택 상태를 함께 표시."",""source_selector"":""all_data_rows""}]",원문·기존 ID·값 상태·설정 상태·근거·판본을 보존하고 확정 상태를 새로 추정하지 않음. legacy_locator를 이관레코드 관계로 연결.,H-02;H-05,T-004;T-009;T-013;T-005;T-038;T-068;T-072,PH0/NAT-V1_online.xlsx#xl/worksheets/sheet35.xml:A; literal=PH1/literal_cells.csv; formulas=PH1/formula_patterns_and_dependencies.json,true,실행시점 online XLSX + native 8행 관측; 원본 내용 이관 아님,PH1 상세 설계 초안 · 온라인 작성/이관/운영 시험 미실행,미실행,미실행,명세 정적 coverage만 확인; 운영 시험 아님
NAT-V1,1mTRKFfCFtiTmuAR6QwrslcBI6Q-wutYzVP_weDAW9uI,920230014,42_행성_기본속성_연결,B,NAT-V1:920230014:B,항목 ID,formula,formula,셀 내용 전수의 literal/formula/헤더 기반 초안,MAP-071,"[{""file_code"":""H90"",""table"":""행성물성참조"",""field"":""property_id"",""role"":""display"",""rule"":""R70.PUB_PLANET_PROPERTIES_V2 직접 제공표의 동일 기술 헤더를 읽음; V1 IMPORTRANGE/DUMMYFUNCTION 제거. 원문·계산·채택 상태를 함께 표시."",""source_selector"":""all_data_rows""}]",원문·기존 ID·값 상태·설정 상태·근거·판본을 보존하고 확정 상태를 새로 추정하지 않음. legacy_locator를 이관레코드 관계로 연결.,H-02;H-05,T-004;T-009;T-013;T-005;T-038;T-068;T-072,PH0/NAT-V1_online.xlsx#xl/worksheets/sheet35.xml:B; literal=PH1/literal_cells.csv; formulas=PH1/formula_patterns_and_dependencies.json,true,실행시점 online XLSX + native 8행 관측; 원본 내용 이관 아님,PH1 상세 설계 초안 · 온라인 작성/이관/운영 시험 미실행,미실행,미실행,명세 정적 coverage만 확인; 운영 시험 아님
NAT-V1,1mTRKFfCFtiTmuAR6QwrslcBI6Q-wutYzVP_weDAW9uI,920230014,42_행성_기본속성_연결,C,NAT-V1:920230014:C,항목,formula,formula,셀 내용 전수의 literal/formula/헤더 기반 초안,MAP-071,"[{""file_code"":""H90"",""table"":""행성물성참조"",""field"":""property_name"",""role"":""display"",""rule"":""R70.PUB_PLANET_PROPERTIES_V2 직접 제공표의 동일 기술 헤더를 읽음; V1 IMPORTRANGE/DUMMYFUNCTION 제거. 원문·계산·채택 상태를 함께 표시."",""source_selector"":""all_data_rows""}]",원문·기존 ID·값 상태·설정 상태·근거·판본을 보존하고 확정 상태를 새로 추정하지 않음. legacy_locator를 이관레코드 관계로 연결.,H-02;H-05,T-004;T-009;T-013;T-005;T-038;T-068;T-072,PH0/NAT-V1_online.xlsx#xl/worksheets/sheet35.xml:C; literal=PH1/literal_cells.csv; formulas=PH1/formula_patterns_and_dependencies.json,true,실행시점 online XLSX + native 8행 관측; 원본 내용 이관 아님,PH1 상세 설계 초안 · 온라인 작성/이관/운영 시험 미실행,미실행,미실행,명세 정적 coverage만 확인; 운영 시험 아님
NAT-V1,1mTRKFfCFtiTmuAR6QwrslcBI6Q-wutYzVP_weDAW9uI,920230014,42_행성_기본속성_연결,D,NAT-V1:920230014:D,수치,formula,formula,셀 내용 전수의 literal/formula/헤더 기반 초안,MAP-071,"[{""file_code"":""H90"",""table"":""행성물성참조"",""field"":""numeric_value"",""role"":""display"",""rule"":""R70.PUB_PLANET_PROPERTIES_V2 직접 제공표의 동일 기술 헤더를 읽음; V1 IMPORTRANGE/DUMMYFUNCTION 제거. 원문·계산·채택 상태를 함께 표시."",""source_selector"":""all_data_rows""}]",원문·기존 ID·값 상태·설정 상태·근거·판본을 보존하고 확정 상태를 새로 추정하지 않음. legacy_locator를 이관레코드 관계로 연결.,H-02;H-05,T-004;T-009;T-013;T-005;T-038;T-068;T-072,PH0/NAT-V1_online.xlsx#xl/worksheets/sheet35.xml:D; literal=PH1/literal_cells.csv; formulas=PH1/formula_patterns_and_dependencies.json,true,실행시점 online XLSX + native 8행 관측; 원본 내용 이관 아님,PH1 상세 설계 초안 · 온라인 작성/이관/운영 시험 미실행,미실행,미실행,명세 정적 coverage만 확인; 운영 시험 아님
NAT-V1,1mTRKFfCFtiTmuAR6QwrslcBI6Q-wutYzVP_weDAW9uI,920230014,42_행성_기본속성_연결,E,NAT-V1:920230014:E,문자값,formula,formula,셀 내용 전수의 literal/formula/헤더 기반 초안,MAP-071,"[{""file_code"":""H90"",""table"":""행성물성참조"",""field"":""text_value"",""role"":""display"",""rule"":""R70.PUB_PLANET_PROPERTIES_V2 직접 제공표의 동일 기술 헤더를 읽음; V1 IMPORTRANGE/DUMMYFUNCTION 제거. 원문·계산·채택 상태를 함께 표시."",""source_selector"":""all_data_rows""}]",원문·기존 ID·값 상태·설정 상태·근거·판본을 보존하고 확정 상태를 새로 추정하지 않음. legacy_locator를 이관레코드 관계로 연결.,H-02;H-05,T-004;T-009;T-013;T-005;T-038;T-068;T-072,PH0/NAT-V1_online.xlsx#xl/worksheets/sheet35.xml:E; literal=PH1/literal_cells.csv; formulas=PH1/formula_patterns_and_dependencies.json,true,실행시점 online XLSX + native 8행 관측; 원본 내용 이관 아님,PH1 상세 설계 초안 · 온라인 작성/이관/운영 시험 미실행,미실행,미실행,명세 정적 coverage만 확인; 운영 시험 아님
NAT-V1,1mTRKFfCFtiTmuAR6QwrslcBI6Q-wutYzVP_weDAW9uI,920230014,42_행성_기본속성_연결,F,NAT-V1:920230014:F,단위,formula,formula,셀 내용 전수의 literal/formula/헤더 기반 초안,MAP-071,"[{""file_code"":""H90"",""table"":""행성물성참조"",""field"":""unit"",""role"":""display"",""rule"":""R70.PUB_PLANET_PROPERTIES_V2 직접 제공표의 동일 기술 헤더를 읽음; V1 IMPORTRANGE/DUMMYFUNCTION 제거. 원문·계산·채택 상태를 함께 표시."",""source_selector"":""all_data_rows""}]",원문·기존 ID·값 상태·설정 상태·근거·판본을 보존하고 확정 상태를 새로 추정하지 않음. legacy_locator를 이관레코드 관계로 연결.,H-02;H-05,T-004;T-009;T-013;T-005;T-038;T-068;T-072,PH0/NAT-V1_online.xlsx#xl/worksheets/sheet35.xml:F; literal=PH1/literal_cells.csv; formulas=PH1/formula_patterns_and_dependencies.json,true,실행시점 online XLSX + native 8행 관측; 원본 내용 이관 아님,PH1 상세 설계 초안 · 온라인 작성/이관/운영 시험 미실행,미실행,미실행,명세 정적 coverage만 확인; 운영 시험 아님
NAT-V1,1mTRKFfCFtiTmuAR6QwrslcBI6Q-wutYzVP_weDAW9uI,920230014,42_행성_기본속성_연결,G,NAT-V1:920230014:G,산출방식,formula,formula,셀 내용 전수의 literal/formula/헤더 기반 초안,MAP-071,"[{""file_code"":""H90"",""table"":""행성물성참조"",""field"":""calculation_method"",""role"":""display"",""rule"":""R70.PUB_PLANET_PROPERTIES_V2 직접 제공표의 동일 기술 헤더를 읽음; V1 IMPORTRANGE/DUMMYFUNCTION 제거. 원문·계산·채택 상태를 함께 표시."",""source_selector"":""all_data_rows""}]",원문·기존 ID·값 상태·설정 상태·근거·판본을 보존하고 확정 상태를 새로 추정하지 않음. legacy_locator를 이관레코드 관계로 연결.,H-02;H-05,T-004;T-009;T-013;T-005;T-038;T-068;T-072,PH0/NAT-V1_online.xlsx#xl/worksheets/sheet35.xml:G; literal=PH1/literal_cells.csv; formulas=PH1/formula_patterns_and_dependencies.json,true,실행시점 online XLSX + native 8행 관측; 원본 내용 이관 아님,PH1 상세 설계 초안 · 온라인 작성/이관/운영 시험 미실행,미실행,미실행,명세 정적 coverage만 확인; 운영 시험 아님
NAT-V1,1mTRKFfCFtiTmuAR6QwrslcBI6Q-wutYzVP_weDAW9uI,920230014,42_행성_기본속성_연결,H,NAT-V1:920230014:H,설정 상태,formula,formula,셀 내용 전수의 literal/formula/헤더 기반 초안,MAP-071,"[{""file_code"":""H90"",""table"":""행성물성참조"",""field"":""setting_status"",""role"":""display"",""rule"":""R70.PUB_PLANET_PROPERTIES_V2 직접 제공표의 동일 기술 헤더를 읽음; V1 IMPORTRANGE/DUMMYFUNCTION 제거. 원문·계산·채택 상태를 함께 표시."",""source_selector"":""all_data_rows""}]",원문·기존 ID·값 상태·설정 상태·근거·판본을 보존하고 확정 상태를 새로 추정하지 않음. legacy_locator를 이관레코드 관계로 연결.,H-02;H-05,T-004;T-009;T-013;T-005;T-038;T-068;T-072,PH0/NAT-V1_online.xlsx#xl/worksheets/sheet35.xml:H; literal=PH1/literal_cells.csv; formulas=PH1/formula_patterns_and_dependencies.json,true,실행시점 online XLSX + native 8행 관측; 원본 내용 이관 아님,PH1 상세 설계 초안 · 온라인 작성/이관/운영 시험 미실행,미실행,미실행,명세 정적 coverage만 확인; 운영 시험 아님
NAT-V1,1mTRKFfCFtiTmuAR6QwrslcBI6Q-wutYzVP_weDAW9uI,920230014,42_행성_기본속성_연결,I,NAT-V1:920230014:I,출처 ID,formula,formula,셀 내용 전수의 literal/formula/헤더 기반 초안,MAP-071,"[{""file_code"":""H90"",""table"":""행성물성참조"",""field"":""source_id"",""role"":""display"",""rule"":""R70.PUB_PLANET_PROPERTIES_V2 직접 제공표의 동일 기술 헤더를 읽음; V1 IMPORTRANGE/DUMMYFUNCTION 제거. 원문·계산·채택 상태를 함께 표시."",""source_selector"":""all_data_rows""}]",원문·기존 ID·값 상태·설정 상태·근거·판본을 보존하고 확정 상태를 새로 추정하지 않음. legacy_locator를 이관레코드 관계로 연결.,H-02;H-05,T-004;T-009;T-013;T-005;T-038;T-068;T-072,PH0/NAT-V1_online.xlsx#xl/worksheets/sheet35.xml:I; literal=PH1/literal_cells.csv; formulas=PH1/formula_patterns_and_dependencies.json,true,실행시점 online XLSX + native 8행 관측; 원본 내용 이관 아님,PH1 상세 설계 초안 · 온라인 작성/이관/운영 시험 미실행,미실행,미실행,명세 정적 coverage만 확인; 운영 시험 아님
NAT-V1,1mTRKFfCFtiTmuAR6QwrslcBI6Q-wutYzVP_weDAW9uI,920230014,42_행성_기본속성_연결,J,NAT-V1:920230014:J,원문 위치,formula,formula,셀 내용 전수의 literal/formula/헤더 기반 초안,MAP-071,"[{""file_code"":""H90"",""table"":""행성물성참조"",""field"":""original_location"",""role"":""display"",""rule"":""R70.PUB_PLANET_PROPERTIES_V2 직접 제공표의 동일 기술 헤더를 읽음; V1 IMPORTRANGE/DUMMYFUNCTION 제거. 원문·계산·채택 상태를 함께 표시."",""source_selector"":""all_data_rows""}]",원문·기존 ID·값 상태·설정 상태·근거·판본을 보존하고 확정 상태를 새로 추정하지 않음. legacy_locator를 이관레코드 관계로 연결.,H-02;H-05,T-004;T-009;T-013;T-005;T-038;T-068;T-072,PH0/NAT-V1_online.xlsx#xl/worksheets/sheet35.xml:J; literal=PH1/literal_cells.csv; formulas=PH1/formula_patterns_and_dependencies.json,true,실행시점 online XLSX + native 8행 관측; 원본 내용 이관 아님,PH1 상세 설계 초안 · 온라인 작성/이관/운영 시험 미실행,미실행,미실행,명세 정적 coverage만 확인; 운영 시험 아님
NAT-V1,1mTRKFfCFtiTmuAR6QwrslcBI6Q-wutYzVP_weDAW9uI,920230014,42_행성_기본속성_연결,K,NAT-V1:920230014:K,비고,formula,formula,셀 내용 전수의 literal/formula/헤더 기반 초안,MAP-071,"[{""file_code"":""H90"",""table"":""행성물성참조"",""field"":""notes"",""role"":""display"",""rule"":""R70.PUB_PLANET_PROPERTIES_V2 직접 제공표의 동일 기술 헤더를 읽음; V1 IMPORTRANGE/DUMMYFUNCTION 제거. 원문·계산·채택 상태를 함께 표시."",""source_selector"":""all_data_rows""}]",원문·기존 ID·값 상태·설정 상태·근거·판본을 보존하고 확정 상태를 새로 추정하지 않음. legacy_locator를 이관레코드 관계로 연결.,H-02;H-05,T-004;T-009;T-013;T-005;T-038;T-068;T-072,PH0/NAT-V1_online.xlsx#xl/worksheets/sheet35.xml:K; literal=PH1/literal_cells.csv; formulas=PH1/formula_patterns_and_dependencies.json,true,실행시점 online XLSX + native 8행 관측; 원본 내용 이관 아님,PH1 상세 설계 초안 · 온라인 작성/이관/운영 시험 미실행,미실행,미실행,명세 정적 coverage만 확인; 운영 시험 아님
NAT-V1,1mTRKFfCFtiTmuAR6QwrslcBI6Q-wutYzVP_weDAW9uI,920230015,43_지역_참조_연결,A,NAT-V1:920230015:A,지역 ID,string,formula,셀 내용 전수의 literal/formula/헤더 기반 초안,MAP-072,"[{""file_code"":""H90"",""table"":""지역참조"",""field"":""region_id"",""role"":""display"",""rule"":""R10.PUB_REGIONS_V2의 헤더 이름으로 참조. 국가/지역 언어 열 순서를 원문 문자열과 대조; ID·표시명·색상 원문 보존."",""source_selector"":""all_data_rows""}]",원문·기존 ID·값 상태·설정 상태·근거·판본을 보존하고 확정 상태를 새로 추정하지 않음. legacy_locator를 이관레코드 관계로 연결.,H-02;H-04,T-004;T-009;T-013;T-005;T-026;T-027;T-037,PH0/NAT-V1_online.xlsx#xl/worksheets/sheet36.xml:A; literal=PH1/literal_cells.csv; formulas=PH1/formula_patterns_and_dependencies.json,false,실행시점 online XLSX + native 8행 관측; 원본 내용 이관 아님,PH1 상세 설계 초안 · 온라인 작성/이관/운영 시험 미실행,미실행,미실행,명세 정적 coverage만 확인; 운영 시험 아님
NAT-V1,1mTRKFfCFtiTmuAR6QwrslcBI6Q-wutYzVP_weDAW9uI,920230015,43_지역_참조_연결,B,NAT-V1:920230015:B,한국어 지역명,string,formula,셀 내용 전수의 literal/formula/헤더 기반 초안,MAP-072,"[{""file_code"":""H90"",""table"":""지역참조"",""field"":""name_ko"",""role"":""display"",""rule"":""R10.PUB_REGIONS_V2의 헤더 이름으로 참조. 국가/지역 언어 열 순서를 원문 문자열과 대조; ID·표시명·색상 원문 보존."",""source_selector"":""all_data_rows""}]",원문·기존 ID·값 상태·설정 상태·근거·판본을 보존하고 확정 상태를 새로 추정하지 않음. legacy_locator를 이관레코드 관계로 연결.,H-02;H-04,T-004;T-009;T-013;T-005;T-026;T-027;T-037,PH0/NAT-V1_online.xlsx#xl/worksheets/sheet36.xml:B; literal=PH1/literal_cells.csv; formulas=PH1/formula_patterns_and_dependencies.json,false,실행시점 online XLSX + native 8행 관측; 원본 내용 이관 아님,PH1 상세 설계 초안 · 온라인 작성/이관/운영 시험 미실행,미실행,미실행,명세 정적 coverage만 확인; 운영 시험 아님
NAT-V1,1mTRKFfCFtiTmuAR6QwrslcBI6Q-wutYzVP_weDAW9uI,920230015,43_지역_참조_연결,C,NAT-V1:920230015:C,엘룬 표기,string,formula,셀 내용 전수의 literal/formula/헤더 기반 초안,MAP-072,"[{""file_code"":""H90"",""table"":""지역참조"",""field"":""name_elun"",""role"":""display"",""rule"":""R10.PUB_REGIONS_V2의 헤더 이름으로 참조. 국가/지역 언어 열 순서를 원문 문자열과 대조; ID·표시명·색상 원문 보존."",""source_selector"":""all_data_rows""}]",원문·기존 ID·값 상태·설정 상태·근거·판본을 보존하고 확정 상태를 새로 추정하지 않음. legacy_locator를 이관레코드 관계로 연결.,H-02;H-04,T-004;T-009;T-013;T-005;T-026;T-027;T-037,PH0/NAT-V1_online.xlsx#xl/worksheets/sheet36.xml:C; literal=PH1/literal_cells.csv; formulas=PH1/formula_patterns_and_dependencies.json,false,실행시점 online XLSX + native 8행 관측; 원본 내용 이관 아님,PH1 상세 설계 초안 · 온라인 작성/이관/운영 시험 미실행,미실행,미실행,명세 정적 coverage만 확인; 운영 시험 아님
NAT-V1,1mTRKFfCFtiTmuAR6QwrslcBI6Q-wutYzVP_weDAW9uI,920230015,43_지역_참조_연결,D,NAT-V1:920230015:D,로마자·영어 표기,string,formula,셀 내용 전수의 literal/formula/헤더 기반 초안,MAP-072,"[{""file_code"":""H90"",""table"":""지역참조"",""field"":""name_roman"",""role"":""display"",""rule"":""R10.PUB_REGIONS_V2의 헤더 이름으로 참조. 국가/지역 언어 열 순서를 원문 문자열과 대조; ID·표시명·색상 원문 보존."",""source_selector"":""all_data_rows""}]",원문·기존 ID·값 상태·설정 상태·근거·판본을 보존하고 확정 상태를 새로 추정하지 않음. legacy_locator를 이관레코드 관계로 연결.,H-02;H-04,T-004;T-009;T-013;T-005;T-026;T-027;T-037,PH0/NAT-V1_online.xlsx#xl/worksheets/sheet36.xml:D; literal=PH1/literal_cells.csv; formulas=PH1/formula_patterns_and_dependencies.json,false,실행시점 online XLSX + native 8행 관측; 원본 내용 이관 아님,PH1 상세 설계 초안 · 온라인 작성/이관/운영 시험 미실행,미실행,미실행,명세 정적 coverage만 확인; 운영 시험 아님
NAT-V1,1mTRKFfCFtiTmuAR6QwrslcBI6Q-wutYzVP_weDAW9uI,920230015,43_지역_참조_연결,E,NAT-V1:920230015:E,지역 단계,string,formula,셀 내용 전수의 literal/formula/헤더 기반 초안,MAP-072,"[{""file_code"":""H90"",""table"":""지역참조"",""field"":""region_level"",""role"":""display"",""rule"":""R10.PUB_REGIONS_V2의 헤더 이름으로 참조. 국가/지역 언어 열 순서를 원문 문자열과 대조; ID·표시명·색상 원문 보존."",""source_selector"":""all_data_rows""}]",원문·기존 ID·값 상태·설정 상태·근거·판본을 보존하고 확정 상태를 새로 추정하지 않음. legacy_locator를 이관레코드 관계로 연결.,H-02;H-04,T-004;T-009;T-013;T-005;T-026;T-027;T-037,PH0/NAT-V1_online.xlsx#xl/worksheets/sheet36.xml:E; literal=PH1/literal_cells.csv; formulas=PH1/formula_patterns_and_dependencies.json,false,실행시점 online XLSX + native 8행 관측; 원본 내용 이관 아님,PH1 상세 설계 초안 · 온라인 작성/이관/운영 시험 미실행,미실행,미실행,명세 정적 coverage만 확인; 운영 시험 아님
NAT-V1,1mTRKFfCFtiTmuAR6QwrslcBI6Q-wutYzVP_weDAW9uI,920230015,43_지역_참조_연결,F,NAT-V1:920230015:F,상위 지역 ID 1,string,formula,셀 내용 전수의 literal/formula/헤더 기반 초안,MAP-072,"[{""file_code"":""H90"",""table"":""지역참조"",""field"":""parent_region_id"",""role"":""display"",""rule"":""두 부모 슬롯을 R10 지역관계의 두 관계행에 연결. H90 표시에서는 모든 부모를 행/목록으로 표시하며 부모 개수를 2로 고정하지 않음."",""source_selector"":""legacy_parent_slot=1""}]",원문·기존 ID·값 상태·설정 상태·근거·판본을 보존하고 확정 상태를 새로 추정하지 않음. legacy_locator를 이관레코드 관계로 연결.,H-02;H-04,T-004;T-009;T-013;T-005;T-026;T-027;T-037,PH0/NAT-V1_online.xlsx#xl/worksheets/sheet36.xml:F; literal=PH1/literal_cells.csv; formulas=PH1/formula_patterns_and_dependencies.json,false,실행시점 online XLSX + native 8행 관측; 원본 내용 이관 아님,PH1 상세 설계 초안 · 온라인 작성/이관/운영 시험 미실행,미실행,미실행,명세 정적 coverage만 확인; 운영 시험 아님
NAT-V1,1mTRKFfCFtiTmuAR6QwrslcBI6Q-wutYzVP_weDAW9uI,920230015,43_지역_참조_연결,G,NAT-V1:920230015:G,상위 지역명 1,string,formula,셀 내용 전수의 literal/formula/헤더 기반 초안,MAP-072,"[{""file_code"":""H90"",""table"":""지역참조"",""field"":""parent_name"",""role"":""display"",""rule"":""두 부모 슬롯을 R10 지역관계의 두 관계행에 연결. H90 표시에서는 모든 부모를 행/목록으로 표시하며 부모 개수를 2로 고정하지 않음."",""source_selector"":""legacy_parent_slot=1""}]",원문·기존 ID·값 상태·설정 상태·근거·판본을 보존하고 확정 상태를 새로 추정하지 않음. legacy_locator를 이관레코드 관계로 연결.,H-02;H-04,T-004;T-009;T-013;T-005;T-026;T-027;T-037,PH0/NAT-V1_online.xlsx#xl/worksheets/sheet36.xml:G; literal=PH1/literal_cells.csv; formulas=PH1/formula_patterns_and_dependencies.json,false,실행시점 online XLSX + native 8행 관측; 원본 내용 이관 아님,PH1 상세 설계 초안 · 온라인 작성/이관/운영 시험 미실행,미실행,미실행,명세 정적 coverage만 확인; 운영 시험 아님
NAT-V1,1mTRKFfCFtiTmuAR6QwrslcBI6Q-wutYzVP_weDAW9uI,920230015,43_지역_참조_연결,H,NAT-V1:920230015:H,상위 지역 ID 2,string,formula,셀 내용 전수의 literal/formula/헤더 기반 초안,MAP-072,"[{""file_code"":""H90"",""table"":""지역참조"",""field"":""parent_region_id"",""role"":""display"",""rule"":""두 부모 슬롯을 R10 지역관계의 두 관계행에 연결. H90 표시에서는 모든 부모를 행/목록으로 표시하며 부모 개수를 2로 고정하지 않음."",""source_selector"":""legacy_parent_slot=2""}]",원문·기존 ID·값 상태·설정 상태·근거·판본을 보존하고 확정 상태를 새로 추정하지 않음. legacy_locator를 이관레코드 관계로 연결.,H-02;H-04,T-004;T-009;T-013;T-005;T-026;T-027;T-037,PH0/NAT-V1_online.xlsx#xl/worksheets/sheet36.xml:H; literal=PH1/literal_cells.csv; formulas=PH1/formula_patterns_and_dependencies.json,false,실행시점 online XLSX + native 8행 관측; 원본 내용 이관 아님,PH1 상세 설계 초안 · 온라인 작성/이관/운영 시험 미실행,미실행,미실행,명세 정적 coverage만 확인; 운영 시험 아님
NAT-V1,1mTRKFfCFtiTmuAR6QwrslcBI6Q-wutYzVP_weDAW9uI,920230015,43_지역_참조_연결,I,NAT-V1:920230015:I,상위 지역명 2,string,formula,셀 내용 전수의 literal/formula/헤더 기반 초안,MAP-072,"[{""file_code"":""H90"",""table"":""지역참조"",""field"":""parent_name"",""role"":""display"",""rule"":""두 부모 슬롯을 R10 지역관계의 두 관계행에 연결. H90 표시에서는 모든 부모를 행/목록으로 표시하며 부모 개수를 2로 고정하지 않음."",""source_selector"":""legacy_parent_slot=2""}]",원문·기존 ID·값 상태·설정 상태·근거·판본을 보존하고 확정 상태를 새로 추정하지 않음. legacy_locator를 이관레코드 관계로 연결.,H-02;H-04,T-004;T-009;T-013;T-005;T-026;T-027;T-037,PH0/NAT-V1_online.xlsx#xl/worksheets/sheet36.xml:I; literal=PH1/literal_cells.csv; formulas=PH1/formula_patterns_and_dependencies.json,false,실행시점 online XLSX + native 8행 관측; 원본 내용 이관 아님,PH1 상세 설계 초안 · 온라인 작성/이관/운영 시험 미실행,미실행,미실행,명세 정적 coverage만 확인; 운영 시험 아님
NAT-V1,1mTRKFfCFtiTmuAR6QwrslcBI6Q-wutYzVP_weDAW9uI,920230015,43_지역_참조_연결,J,NAT-V1:920230015:J,지역 등급,string,formula,셀 내용 전수의 literal/formula/헤더 기반 초안,MAP-072,"[{""file_code"":""H90"",""table"":""지역참조"",""field"":""region_rank"",""role"":""display"",""rule"":""R10.PUB_REGIONS_V2의 헤더 이름으로 참조. 국가/지역 언어 열 순서를 원문 문자열과 대조; ID·표시명·색상 원문 보존."",""source_selector"":""all_data_rows""}]",원문·기존 ID·값 상태·설정 상태·근거·판본을 보존하고 확정 상태를 새로 추정하지 않음. legacy_locator를 이관레코드 관계로 연결.,H-02;H-04,T-004;T-009;T-013;T-005;T-026;T-027;T-037,PH0/NAT-V1_online.xlsx#xl/worksheets/sheet36.xml:J; literal=PH1/literal_cells.csv; formulas=PH1/formula_patterns_and_dependencies.json,false,실행시점 online XLSX + native 8행 관측; 원본 내용 이관 아님,PH1 상세 설계 초안 · 온라인 작성/이관/운영 시험 미실행,미실행,미실행,명세 정적 coverage만 확인; 운영 시험 아님
NAT-V1,1mTRKFfCFtiTmuAR6QwrslcBI6Q-wutYzVP_weDAW9uI,920230015,43_지역_참조_연결,K,NAT-V1:920230015:K,지역 분류,string,formula,셀 내용 전수의 literal/formula/헤더 기반 초안,MAP-072,"[{""file_code"":""H90"",""table"":""지역참조"",""field"":""region_category"",""role"":""display"",""rule"":""R10.PUB_REGIONS_V2의 헤더 이름으로 참조. 국가/지역 언어 열 순서를 원문 문자열과 대조; ID·표시명·색상 원문 보존."",""source_selector"":""all_data_rows""}]",원문·기존 ID·값 상태·설정 상태·근거·판본을 보존하고 확정 상태를 새로 추정하지 않음. legacy_locator를 이관레코드 관계로 연결.,H-02;H-04,T-004;T-009;T-013;T-005;T-026;T-027;T-037,PH0/NAT-V1_online.xlsx#xl/worksheets/sheet36.xml:K; literal=PH1/literal_cells.csv; formulas=PH1/formula_patterns_and_dependencies.json,false,실행시점 online XLSX + native 8행 관측; 원본 내용 이관 아님,PH1 상세 설계 초안 · 온라인 작성/이관/운영 시험 미실행,미실행,미실행,명세 정적 coverage만 확인; 운영 시험 아님
NAT-V1,1mTRKFfCFtiTmuAR6QwrslcBI6Q-wutYzVP_weDAW9uI,920230015,43_지역_참조_연결,L,NAT-V1:920230015:L,대표 HEX 코드,string,formula,셀 내용 전수의 literal/formula/헤더 기반 초안,MAP-072,"[{""file_code"":""H90"",""table"":""지역참조"",""field"":""hex"",""role"":""display"",""rule"":""R10.PUB_REGIONS_V2의 헤더 이름으로 참조. 국가/지역 언어 열 순서를 원문 문자열과 대조; ID·표시명·색상 원문 보존."",""source_selector"":""all_data_rows""}]",원문·기존 ID·값 상태·설정 상태·근거·판본을 보존하고 확정 상태를 새로 추정하지 않음. legacy_locator를 이관레코드 관계로 연결.,H-02;H-04,T-004;T-009;T-013;T-005;T-026;T-027;T-037,PH0/NAT-V1_online.xlsx#xl/worksheets/sheet36.xml:L; literal=PH1/literal_cells.csv; formulas=PH1/formula_patterns_and_dependencies.json,false,실행시점 online XLSX + native 8행 관측; 원본 내용 이관 아님,PH1 상세 설계 초안 · 온라인 작성/이관/운영 시험 미실행,미실행,미실행,명세 정적 coverage만 확인; 운영 시험 아님
NAT-V1,1mTRKFfCFtiTmuAR6QwrslcBI6Q-wutYzVP_weDAW9uI,920230015,43_지역_참조_연결,M,NAT-V1:920230015:M,컬러칩_원본,string,input,셀 내용 전수의 literal/formula/헤더 기반 초안,MAP-072,"[{""file_code"":""H90"",""table"":""지역참조"",""field"":""color_chip"",""role"":""formula"",""rule"":""원 HEX의 검증 후 V2 셀/조건부서식으로 재현. XLSX 이미지/SPARKLINE 캐시를 원문 색상 또는 입력값으로 삼지 않음."",""source_selector"":""all_data_rows""}]",원문·기존 ID·값 상태·설정 상태·근거·판본을 보존하고 확정 상태를 새로 추정하지 않음. legacy_locator를 이관레코드 관계로 연결.,H-02;H-04,T-004;T-009;T-013;T-005;T-026;T-027;T-037,PH0/NAT-V1_online.xlsx#xl/worksheets/sheet36.xml:M; literal=PH1/literal_cells.csv; formulas=PH1/formula_patterns_and_dependencies.json,false,실행시점 online XLSX + native 8행 관측; 원본 내용 이관 아님,PH1 상세 설계 초안 · 온라인 작성/이관/운영 시험 미실행,미실행,미실행,명세 정적 coverage만 확인; 운영 시험 아님
NAT-V1,1mTRKFfCFtiTmuAR6QwrslcBI6Q-wutYzVP_weDAW9uI,920230015,43_지역_참조_연결,N,NAT-V1:920230015:N,설정 상태,string,formula,셀 내용 전수의 literal/formula/헤더 기반 초안,MAP-072,"[{""file_code"":""H90"",""table"":""지역참조"",""field"":""setting_status"",""role"":""display"",""rule"":""R10.PUB_REGIONS_V2의 헤더 이름으로 참조. 국가/지역 언어 열 순서를 원문 문자열과 대조; ID·표시명·색상 원문 보존."",""source_selector"":""all_data_rows""}]",원문·기존 ID·값 상태·설정 상태·근거·판본을 보존하고 확정 상태를 새로 추정하지 않음. legacy_locator를 이관레코드 관계로 연결.,H-02;H-04,T-004;T-009;T-013;T-005;T-026;T-027;T-037,PH0/NAT-V1_online.xlsx#xl/worksheets/sheet36.xml:N; literal=PH1/literal_cells.csv; formulas=PH1/formula_patterns_and_dependencies.json,false,실행시점 online XLSX + native 8행 관측; 원본 내용 이관 아님,PH1 상세 설계 초안 · 온라인 작성/이관/운영 시험 미실행,미실행,미실행,명세 정적 coverage만 확인; 운영 시험 아님
NAT-V1,1mTRKFfCFtiTmuAR6QwrslcBI6Q-wutYzVP_weDAW9uI,920230015,43_지역_참조_연결,O,NAT-V1:920230015:O,정렬,string,formula,셀 내용 전수의 literal/formula/헤더 기반 초안,MAP-072,"[{""file_code"":""H90"",""table"":""지역참조"",""field"":""sort_order"",""role"":""display"",""rule"":""R10.PUB_REGIONS_V2의 헤더 이름으로 참조. 국가/지역 언어 열 순서를 원문 문자열과 대조; ID·표시명·색상 원문 보존."",""source_selector"":""all_data_rows""}]",원문·기존 ID·값 상태·설정 상태·근거·판본을 보존하고 확정 상태를 새로 추정하지 않음. legacy_locator를 이관레코드 관계로 연결.,H-02;H-04,T-004;T-009;T-013;T-005;T-026;T-027;T-037,PH0/NAT-V1_online.xlsx#xl/worksheets/sheet36.xml:O; literal=PH1/literal_cells.csv; formulas=PH1/formula_patterns_and_dependencies.json,false,실행시점 online XLSX + native 8행 관측; 원본 내용 이관 아님,PH1 상세 설계 초안 · 온라인 작성/이관/운영 시험 미실행,미실행,미실행,명세 정적 coverage만 확인; 운영 시험 아님
NAT-V1,1mTRKFfCFtiTmuAR6QwrslcBI6Q-wutYzVP_weDAW9uI,920230016,44_행성_연간지표_연결,A,NAT-V1:920230016:A,연도·지표 키,formula,formula,셀 내용 전수의 literal/formula/헤더 기반 초안,MAP-073,"[{""file_code"":""H90"",""table"":""행성연간참조"",""field"":""observation_key"",""role"":""display"",""rule"":""인구는 R20.PUB_PLANET_POP_V2, 경제는 R60.PUB_PLANET_ECON_V2에서 metric_id로 분기. 지표 키 원필드·가격·정의·완전성·채택근거 동반. IFERROR로 연결실패 숨기지 않음."",""source_selector"":""all_data_rows""}]",원문·기존 ID·값 상태·설정 상태·근거·판본을 보존하고 확정 상태를 새로 추정하지 않음. legacy_locator를 이관레코드 관계로 연결.,H-02;H-05,T-004;T-009;T-013;T-005;T-031;T-032;T-045;T-068;T-070,PH0/NAT-V1_online.xlsx#xl/worksheets/sheet37.xml:A; literal=PH1/literal_cells.csv; formulas=PH1/formula_patterns_and_dependencies.json,true,실행시점 online XLSX + native 8행 관측; 원본 내용 이관 아님,PH1 상세 설계 초안 · 온라인 작성/이관/운영 시험 미실행,미실행,미실행,명세 정적 coverage만 확인; 운영 시험 아님
NAT-V1,1mTRKFfCFtiTmuAR6QwrslcBI6Q-wutYzVP_weDAW9uI,920230016,44_행성_연간지표_연결,B,NAT-V1:920230016:B,scope_id,formula,formula,셀 내용 전수의 literal/formula/헤더 기반 초안,MAP-073,"[{""file_code"":""H90"",""table"":""행성연간참조"",""field"":""subject_id"",""role"":""display"",""rule"":""인구는 R20.PUB_PLANET_POP_V2, 경제는 R60.PUB_PLANET_ECON_V2에서 metric_id로 분기. 지표 키 원필드·가격·정의·완전성·채택근거 동반. IFERROR로 연결실패 숨기지 않음."",""source_selector"":""all_data_rows""}]",원문·기존 ID·값 상태·설정 상태·근거·판본을 보존하고 확정 상태를 새로 추정하지 않음. legacy_locator를 이관레코드 관계로 연결.,H-02;H-05,T-004;T-009;T-013;T-005;T-031;T-032;T-045;T-068;T-070,PH0/NAT-V1_online.xlsx#xl/worksheets/sheet37.xml:B; literal=PH1/literal_cells.csv; formulas=PH1/formula_patterns_and_dependencies.json,true,실행시점 online XLSX + native 8행 관측; 원본 내용 이관 아님,PH1 상세 설계 초안 · 온라인 작성/이관/운영 시험 미실행,미실행,미실행,명세 정적 coverage만 확인; 운영 시험 아님
NAT-V1,1mTRKFfCFtiTmuAR6QwrslcBI6Q-wutYzVP_weDAW9uI,920230016,44_행성_연간지표_연결,C,NAT-V1:920230016:C,루트,formula,formula,셀 내용 전수의 literal/formula/헤더 기반 초안,MAP-073,"[{""file_code"":""H90"",""table"":""행성연간참조"",""field"":""route"",""role"":""display"",""rule"":""인구는 R20.PUB_PLANET_POP_V2, 경제는 R60.PUB_PLANET_ECON_V2에서 metric_id로 분기. 지표 키 원필드·가격·정의·완전성·채택근거 동반. IFERROR로 연결실패 숨기지 않음."",""source_selector"":""all_data_rows""}]",원문·기존 ID·값 상태·설정 상태·근거·판본을 보존하고 확정 상태를 새로 추정하지 않음. legacy_locator를 이관레코드 관계로 연결.,H-02;H-05,T-004;T-009;T-013;T-005;T-031;T-032;T-045;T-068;T-070,PH0/NAT-V1_online.xlsx#xl/worksheets/sheet37.xml:C; literal=PH1/literal_cells.csv; formulas=PH1/formula_patterns_and_dependencies.json,true,실행시점 online XLSX + native 8행 관측; 원본 내용 이관 아님,PH1 상세 설계 초안 · 온라인 작성/이관/운영 시험 미실행,미실행,미실행,명세 정적 coverage만 확인; 운영 시험 아님
NAT-V1,1mTRKFfCFtiTmuAR6QwrslcBI6Q-wutYzVP_weDAW9uI,920230016,44_행성_연간지표_연결,D,NAT-V1:920230016:D,기년,formula,formula,셀 내용 전수의 literal/formula/헤더 기반 초안,MAP-073,"[{""file_code"":""H90"",""table"":""행성연간참조"",""field"":""era"",""role"":""display"",""rule"":""인구는 R20.PUB_PLANET_POP_V2, 경제는 R60.PUB_PLANET_ECON_V2에서 metric_id로 분기. 지표 키 원필드·가격·정의·완전성·채택근거 동반. IFERROR로 연결실패 숨기지 않음."",""source_selector"":""all_data_rows""}]",원문·기존 ID·값 상태·설정 상태·근거·판본을 보존하고 확정 상태를 새로 추정하지 않음. legacy_locator를 이관레코드 관계로 연결.,H-02;H-05,T-004;T-009;T-013;T-005;T-031;T-032;T-045;T-068;T-070,PH0/NAT-V1_online.xlsx#xl/worksheets/sheet37.xml:D; literal=PH1/literal_cells.csv; formulas=PH1/formula_patterns_and_dependencies.json,true,실행시점 online XLSX + native 8행 관측; 원본 내용 이관 아님,PH1 상세 설계 초안 · 온라인 작성/이관/운영 시험 미실행,미실행,미실행,명세 정적 coverage만 확인; 운영 시험 아님
NAT-V1,1mTRKFfCFtiTmuAR6QwrslcBI6Q-wutYzVP_weDAW9uI,920230016,44_행성_연간지표_연결,E,NAT-V1:920230016:E,연도,formula,formula,셀 내용 전수의 literal/formula/헤더 기반 초안,MAP-073,"[{""file_code"":""H90"",""table"":""행성연간참조"",""field"":""year"",""role"":""display"",""rule"":""인구는 R20.PUB_PLANET_POP_V2, 경제는 R60.PUB_PLANET_ECON_V2에서 metric_id로 분기. 지표 키 원필드·가격·정의·완전성·채택근거 동반. IFERROR로 연결실패 숨기지 않음."",""source_selector"":""all_data_rows""}]",원문·기존 ID·값 상태·설정 상태·근거·판본을 보존하고 확정 상태를 새로 추정하지 않음. legacy_locator를 이관레코드 관계로 연결.,H-02;H-05,T-004;T-009;T-013;T-005;T-031;T-032;T-045;T-068;T-070,PH0/NAT-V1_online.xlsx#xl/worksheets/sheet37.xml:E; literal=PH1/literal_cells.csv; formulas=PH1/formula_patterns_and_dependencies.json,true,실행시점 online XLSX + native 8행 관측; 원본 내용 이관 아님,PH1 상세 설계 초안 · 온라인 작성/이관/운영 시험 미실행,미실행,미실행,명세 정적 coverage만 확인; 운영 시험 아님
NAT-V1,1mTRKFfCFtiTmuAR6QwrslcBI6Q-wutYzVP_weDAW9uI,920230016,44_행성_연간지표_연결,F,NAT-V1:920230016:F,지표 ID,formula,formula,셀 내용 전수의 literal/formula/헤더 기반 초안,MAP-073,"[{""file_code"":""H90"",""table"":""행성연간참조"",""field"":""metric_id"",""role"":""display"",""rule"":""인구는 R20.PUB_PLANET_POP_V2, 경제는 R60.PUB_PLANET_ECON_V2에서 metric_id로 분기. 지표 키 원필드·가격·정의·완전성·채택근거 동반. IFERROR로 연결실패 숨기지 않음."",""source_selector"":""all_data_rows""}]",원문·기존 ID·값 상태·설정 상태·근거·판본을 보존하고 확정 상태를 새로 추정하지 않음. legacy_locator를 이관레코드 관계로 연결.,H-02;H-05,T-004;T-009;T-013;T-005;T-031;T-032;T-045;T-068;T-070,PH0/NAT-V1_online.xlsx#xl/worksheets/sheet37.xml:F; literal=PH1/literal_cells.csv; formulas=PH1/formula_patterns_and_dependencies.json,true,실행시점 online XLSX + native 8행 관측; 원본 내용 이관 아님,PH1 상세 설계 초안 · 온라인 작성/이관/운영 시험 미실행,미실행,미실행,명세 정적 coverage만 확인; 운영 시험 아님
NAT-V1,1mTRKFfCFtiTmuAR6QwrslcBI6Q-wutYzVP_weDAW9uI,920230016,44_행성_연간지표_연결,G,NAT-V1:920230016:G,단위,formula,formula,셀 내용 전수의 literal/formula/헤더 기반 초안,MAP-073,"[{""file_code"":""H90"",""table"":""행성연간참조"",""field"":""unit"",""role"":""display"",""rule"":""인구는 R20.PUB_PLANET_POP_V2, 경제는 R60.PUB_PLANET_ECON_V2에서 metric_id로 분기. 지표 키 원필드·가격·정의·완전성·채택근거 동반. IFERROR로 연결실패 숨기지 않음."",""source_selector"":""all_data_rows""}]",원문·기존 ID·값 상태·설정 상태·근거·판본을 보존하고 확정 상태를 새로 추정하지 않음. legacy_locator를 이관레코드 관계로 연결.,H-02;H-05,T-004;T-009;T-013;T-005;T-031;T-032;T-045;T-068;T-070,PH0/NAT-V1_online.xlsx#xl/worksheets/sheet37.xml:G; literal=PH1/literal_cells.csv; formulas=PH1/formula_patterns_and_dependencies.json,true,실행시점 online XLSX + native 8행 관측; 원본 내용 이관 아님,PH1 상세 설계 초안 · 온라인 작성/이관/운영 시험 미실행,미실행,미실행,명세 정적 coverage만 확인; 운영 시험 아님
NAT-V1,1mTRKFfCFtiTmuAR6QwrslcBI6Q-wutYzVP_weDAW9uI,920230016,44_행성_연간지표_연결,H,NAT-V1:920230016:H,기준통화,formula,formula,셀 내용 전수의 literal/formula/헤더 기반 초안,MAP-073,"[{""file_code"":""H90"",""table"":""행성연간참조"",""field"":""currency"",""role"":""display"",""rule"":""인구는 R20.PUB_PLANET_POP_V2, 경제는 R60.PUB_PLANET_ECON_V2에서 metric_id로 분기. 지표 키 원필드·가격·정의·완전성·채택근거 동반. IFERROR로 연결실패 숨기지 않음."",""source_selector"":""all_data_rows""}]",원문·기존 ID·값 상태·설정 상태·근거·판본을 보존하고 확정 상태를 새로 추정하지 않음. legacy_locator를 이관레코드 관계로 연결.,H-02;H-05,T-004;T-009;T-013;T-005;T-031;T-032;T-045;T-068;T-070,PH0/NAT-V1_online.xlsx#xl/worksheets/sheet37.xml:H; literal=PH1/literal_cells.csv; formulas=PH1/formula_patterns_and_dependencies.json,true,실행시점 online XLSX + native 8행 관측; 원본 내용 이관 아님,PH1 상세 설계 초안 · 온라인 작성/이관/운영 시험 미실행,미실행,미실행,명세 정적 coverage만 확인; 운영 시험 아님
NAT-V1,1mTRKFfCFtiTmuAR6QwrslcBI6Q-wutYzVP_weDAW9uI,920230016,44_행성_연간지표_연결,I,NAT-V1:920230016:I,기준가격 기년,formula,formula,셀 내용 전수의 literal/formula/헤더 기반 초안,MAP-073,"[{""file_code"":""H90"",""table"":""행성연간참조"",""field"":""price_base_era"",""role"":""display"",""rule"":""인구는 R20.PUB_PLANET_POP_V2, 경제는 R60.PUB_PLANET_ECON_V2에서 metric_id로 분기. 지표 키 원필드·가격·정의·완전성·채택근거 동반. IFERROR로 연결실패 숨기지 않음."",""source_selector"":""all_data_rows""}]",원문·기존 ID·값 상태·설정 상태·근거·판본을 보존하고 확정 상태를 새로 추정하지 않음. legacy_locator를 이관레코드 관계로 연결.,H-02;H-05,T-004;T-009;T-013;T-005;T-031;T-032;T-045;T-068;T-070,PH0/NAT-V1_online.xlsx#xl/worksheets/sheet37.xml:I; literal=PH1/literal_cells.csv; formulas=PH1/formula_patterns_and_dependencies.json,true,실행시점 online XLSX + native 8행 관측; 원본 내용 이관 아님,PH1 상세 설계 초안 · 온라인 작성/이관/운영 시험 미실행,미실행,미실행,명세 정적 coverage만 확인; 운영 시험 아님
NAT-V1,1mTRKFfCFtiTmuAR6QwrslcBI6Q-wutYzVP_weDAW9uI,920230016,44_행성_연간지표_연결,J,NAT-V1:920230016:J,기준가격 연도,formula,formula,셀 내용 전수의 literal/formula/헤더 기반 초안,MAP-073,"[{""file_code"":""H90"",""table"":""행성연간참조"",""field"":""price_base_year"",""role"":""display"",""rule"":""인구는 R20.PUB_PLANET_POP_V2, 경제는 R60.PUB_PLANET_ECON_V2에서 metric_id로 분기. 지표 키 원필드·가격·정의·완전성·채택근거 동반. IFERROR로 연결실패 숨기지 않음."",""source_selector"":""all_data_rows""}]",원문·기존 ID·값 상태·설정 상태·근거·판본을 보존하고 확정 상태를 새로 추정하지 않음. legacy_locator를 이관레코드 관계로 연결.,H-02;H-05,T-004;T-009;T-013;T-005;T-031;T-032;T-045;T-068;T-070,PH0/NAT-V1_online.xlsx#xl/worksheets/sheet37.xml:J; literal=PH1/literal_cells.csv; formulas=PH1/formula_patterns_and_dependencies.json,true,실행시점 online XLSX + native 8행 관측; 원본 내용 이관 아님,PH1 상세 설계 초안 · 온라인 작성/이관/운영 시험 미실행,미실행,미실행,명세 정적 coverage만 확인; 운영 시험 아님
NAT-V1,1mTRKFfCFtiTmuAR6QwrslcBI6Q-wutYzVP_weDAW9uI,920230016,44_행성_연간지표_연결,K,NAT-V1:920230016:K,직접설정값,formula,formula,셀 내용 전수의 literal/formula/헤더 기반 초안,MAP-073,"[{""file_code"":""H90"",""table"":""행성연간참조"",""field"":""direct_value"",""role"":""display"",""rule"":""인구는 R20.PUB_PLANET_POP_V2, 경제는 R60.PUB_PLANET_ECON_V2에서 metric_id로 분기. 지표 키 원필드·가격·정의·완전성·채택근거 동반. IFERROR로 연결실패 숨기지 않음."",""source_selector"":""all_data_rows""}]",원문·기존 ID·값 상태·설정 상태·근거·판본을 보존하고 확정 상태를 새로 추정하지 않음. legacy_locator를 이관레코드 관계로 연결.,H-02;H-05,T-004;T-009;T-013;T-005;T-031;T-032;T-045;T-068;T-070,PH0/NAT-V1_online.xlsx#xl/worksheets/sheet37.xml:K; literal=PH1/literal_cells.csv; formulas=PH1/formula_patterns_and_dependencies.json,true,실행시점 online XLSX + native 8행 관측; 원본 내용 이관 아님,PH1 상세 설계 초안 · 온라인 작성/이관/운영 시험 미실행,미실행,미실행,명세 정적 coverage만 확인; 운영 시험 아님
NAT-V1,1mTRKFfCFtiTmuAR6QwrslcBI6Q-wutYzVP_weDAW9uI,920230016,44_행성_연간지표_연결,L,NAT-V1:920230016:L,지역 합산값,formula,formula,셀 내용 전수의 literal/formula/헤더 기반 초안,MAP-073,"[{""file_code"":""H90"",""table"":""행성연간참조"",""field"":""calculated_value"",""role"":""display"",""rule"":""인구는 R20.PUB_PLANET_POP_V2, 경제는 R60.PUB_PLANET_ECON_V2에서 metric_id로 분기. 지표 키 원필드·가격·정의·완전성·채택근거 동반. IFERROR로 연결실패 숨기지 않음."",""source_selector"":""all_data_rows""}]",원문·기존 ID·값 상태·설정 상태·근거·판본을 보존하고 확정 상태를 새로 추정하지 않음. legacy_locator를 이관레코드 관계로 연결.,H-02;H-05,T-004;T-009;T-013;T-005;T-031;T-032;T-045;T-068;T-070,PH0/NAT-V1_online.xlsx#xl/worksheets/sheet37.xml:L; literal=PH1/literal_cells.csv; formulas=PH1/formula_patterns_and_dependencies.json,true,실행시점 online XLSX + native 8행 관측; 원본 내용 이관 아님,PH1 상세 설계 초안 · 온라인 작성/이관/운영 시험 미실행,미실행,미실행,명세 정적 coverage만 확인; 운영 시험 아님
NAT-V1,1mTRKFfCFtiTmuAR6QwrslcBI6Q-wutYzVP_weDAW9uI,920230016,44_행성_연간지표_연결,M,NAT-V1:920230016:M,채택값,formula,formula,셀 내용 전수의 literal/formula/헤더 기반 초안,MAP-073,"[{""file_code"":""H90"",""table"":""행성연간참조"",""field"":""selected_value"",""role"":""display"",""rule"":""인구는 R20.PUB_PLANET_POP_V2, 경제는 R60.PUB_PLANET_ECON_V2에서 metric_id로 분기. 지표 키 원필드·가격·정의·완전성·채택근거 동반. IFERROR로 연결실패 숨기지 않음."",""source_selector"":""all_data_rows""}]",원문·기존 ID·값 상태·설정 상태·근거·판본을 보존하고 확정 상태를 새로 추정하지 않음. legacy_locator를 이관레코드 관계로 연결.,H-02;H-05,T-004;T-009;T-013;T-005;T-031;T-032;T-045;T-068;T-070,PH0/NAT-V1_online.xlsx#xl/worksheets/sheet37.xml:M; literal=PH1/literal_cells.csv; formulas=PH1/formula_patterns_and_dependencies.json,true,실행시점 online XLSX + native 8행 관측; 원본 내용 이관 아님,PH1 상세 설계 초안 · 온라인 작성/이관/운영 시험 미실행,미실행,미실행,명세 정적 coverage만 확인; 운영 시험 아님
NAT-V1,1mTRKFfCFtiTmuAR6QwrslcBI6Q-wutYzVP_weDAW9uI,920230016,44_행성_연간지표_연결,N,NAT-V1:920230016:N,산출방식,formula,formula,셀 내용 전수의 literal/formula/헤더 기반 초안,MAP-073,"[{""file_code"":""H90"",""table"":""행성연간참조"",""field"":""selection_rule"",""role"":""display"",""rule"":""인구는 R20.PUB_PLANET_POP_V2, 경제는 R60.PUB_PLANET_ECON_V2에서 metric_id로 분기. 지표 키 원필드·가격·정의·완전성·채택근거 동반. IFERROR로 연결실패 숨기지 않음."",""source_selector"":""all_data_rows""}]",원문·기존 ID·값 상태·설정 상태·근거·판본을 보존하고 확정 상태를 새로 추정하지 않음. legacy_locator를 이관레코드 관계로 연결.,H-02;H-05,T-004;T-009;T-013;T-005;T-031;T-032;T-045;T-068;T-070,PH0/NAT-V1_online.xlsx#xl/worksheets/sheet37.xml:N; literal=PH1/literal_cells.csv; formulas=PH1/formula_patterns_and_dependencies.json,true,실행시점 online XLSX + native 8행 관측; 원본 내용 이관 아님,PH1 상세 설계 초안 · 온라인 작성/이관/운영 시험 미실행,미실행,미실행,명세 정적 coverage만 확인; 운영 시험 아님
NAT-V1,1mTRKFfCFtiTmuAR6QwrslcBI6Q-wutYzVP_weDAW9uI,920230016,44_행성_연간지표_연결,O,NAT-V1:920230016:O,집계 상태,formula,formula,셀 내용 전수의 literal/formula/헤더 기반 초안,MAP-073,"[{""file_code"":""H90"",""table"":""행성연간참조"",""field"":""coverage_status"",""role"":""display"",""rule"":""인구는 R20.PUB_PLANET_POP_V2, 경제는 R60.PUB_PLANET_ECON_V2에서 metric_id로 분기. 지표 키 원필드·가격·정의·완전성·채택근거 동반. IFERROR로 연결실패 숨기지 않음."",""source_selector"":""all_data_rows""}]",원문·기존 ID·값 상태·설정 상태·근거·판본을 보존하고 확정 상태를 새로 추정하지 않음. legacy_locator를 이관레코드 관계로 연결.,H-02;H-05,T-004;T-009;T-013;T-005;T-031;T-032;T-045;T-068;T-070,PH0/NAT-V1_online.xlsx#xl/worksheets/sheet37.xml:O; literal=PH1/literal_cells.csv; formulas=PH1/formula_patterns_and_dependencies.json,true,실행시점 online XLSX + native 8행 관측; 원본 내용 이관 아님,PH1 상세 설계 초안 · 온라인 작성/이관/운영 시험 미실행,미실행,미실행,명세 정적 coverage만 확인; 운영 시험 아님
NAT-V1,1mTRKFfCFtiTmuAR6QwrslcBI6Q-wutYzVP_weDAW9uI,920230016,44_행성_연간지표_연결,P,NAT-V1:920230016:P,집계 층위,formula,formula,셀 내용 전수의 literal/formula/헤더 기반 초안,MAP-073,"[{""file_code"":""H90"",""table"":""행성연간참조"",""field"":""aggregation_level"",""role"":""display"",""rule"":""인구는 R20.PUB_PLANET_POP_V2, 경제는 R60.PUB_PLANET_ECON_V2에서 metric_id로 분기. 지표 키 원필드·가격·정의·완전성·채택근거 동반. IFERROR로 연결실패 숨기지 않음."",""source_selector"":""all_data_rows""}]",원문·기존 ID·값 상태·설정 상태·근거·판본을 보존하고 확정 상태를 새로 추정하지 않음. legacy_locator를 이관레코드 관계로 연결.,H-02;H-05,T-004;T-009;T-013;T-005;T-031;T-032;T-045;T-068;T-070,PH0/NAT-V1_online.xlsx#xl/worksheets/sheet37.xml:P; literal=PH1/literal_cells.csv; formulas=PH1/formula_patterns_and_dependencies.json,true,실행시점 online XLSX + native 8행 관측; 원본 내용 이관 아님,PH1 상세 설계 초안 · 온라인 작성/이관/운영 시험 미실행,미실행,미실행,명세 정적 coverage만 확인; 운영 시험 아님
NAT-V1,1mTRKFfCFtiTmuAR6QwrslcBI6Q-wutYzVP_weDAW9uI,920230016,44_행성_연간지표_연결,Q,NAT-V1:920230016:Q,유효 행 수,formula,formula,셀 내용 전수의 literal/formula/헤더 기반 초안,MAP-073,"[{""file_code"":""H90"",""table"":""행성연간참조"",""field"":""valid_record_count"",""role"":""display"",""rule"":""인구는 R20.PUB_PLANET_POP_V2, 경제는 R60.PUB_PLANET_ECON_V2에서 metric_id로 분기. 지표 키 원필드·가격·정의·완전성·채택근거 동반. IFERROR로 연결실패 숨기지 않음."",""source_selector"":""all_data_rows""}]",원문·기존 ID·값 상태·설정 상태·근거·판본을 보존하고 확정 상태를 새로 추정하지 않음. legacy_locator를 이관레코드 관계로 연결.,H-02;H-05,T-004;T-009;T-013;T-005;T-031;T-032;T-045;T-068;T-070,PH0/NAT-V1_online.xlsx#xl/worksheets/sheet37.xml:Q; literal=PH1/literal_cells.csv; formulas=PH1/formula_patterns_and_dependencies.json,true,실행시점 online XLSX + native 8행 관측; 원본 내용 이관 아님,PH1 상세 설계 초안 · 온라인 작성/이관/운영 시험 미실행,미실행,미실행,명세 정적 coverage만 확인; 운영 시험 아님
NAT-V1,1mTRKFfCFtiTmuAR6QwrslcBI6Q-wutYzVP_weDAW9uI,920230016,44_행성_연간지표_연결,R,NAT-V1:920230016:R,고유 지역 수,formula,formula,셀 내용 전수의 literal/formula/헤더 기반 초안,MAP-073,"[{""file_code"":""H90"",""table"":""행성연간참조"",""field"":""unique_region_count"",""role"":""display"",""rule"":""인구는 R20.PUB_PLANET_POP_V2, 경제는 R60.PUB_PLANET_ECON_V2에서 metric_id로 분기. 지표 키 원필드·가격·정의·완전성·채택근거 동반. IFERROR로 연결실패 숨기지 않음."",""source_selector"":""all_data_rows""}]",원문·기존 ID·값 상태·설정 상태·근거·판본을 보존하고 확정 상태를 새로 추정하지 않음. legacy_locator를 이관레코드 관계로 연결.,H-02;H-05,T-004;T-009;T-013;T-005;T-031;T-032;T-045;T-068;T-070,PH0/NAT-V1_online.xlsx#xl/worksheets/sheet37.xml:R; literal=PH1/literal_cells.csv; formulas=PH1/formula_patterns_and_dependencies.json,true,실행시점 online XLSX + native 8행 관측; 원본 내용 이관 아님,PH1 상세 설계 초안 · 온라인 작성/이관/운영 시험 미실행,미실행,미실행,명세 정적 coverage만 확인; 운영 시험 아님
NAT-V1,1mTRKFfCFtiTmuAR6QwrslcBI6Q-wutYzVP_weDAW9uI,920230016,44_행성_연간지표_연결,S,NAT-V1:920230016:S,대상 지역 수,formula,formula,셀 내용 전수의 literal/formula/헤더 기반 초안,MAP-073,"[{""file_code"":""H90"",""table"":""행성연간참조"",""field"":""target_region_count"",""role"":""display"",""rule"":""인구는 R20.PUB_PLANET_POP_V2, 경제는 R60.PUB_PLANET_ECON_V2에서 metric_id로 분기. 지표 키 원필드·가격·정의·완전성·채택근거 동반. IFERROR로 연결실패 숨기지 않음."",""source_selector"":""all_data_rows""}]",원문·기존 ID·값 상태·설정 상태·근거·판본을 보존하고 확정 상태를 새로 추정하지 않음. legacy_locator를 이관레코드 관계로 연결.,H-02;H-05,T-004;T-009;T-013;T-005;T-031;T-032;T-045;T-068;T-070,PH0/NAT-V1_online.xlsx#xl/worksheets/sheet37.xml:S; literal=PH1/literal_cells.csv; formulas=PH1/formula_patterns_and_dependencies.json,true,실행시점 online XLSX + native 8행 관측; 원본 내용 이관 아님,PH1 상세 설계 초안 · 온라인 작성/이관/운영 시험 미실행,미실행,미실행,명세 정적 coverage만 확인; 운영 시험 아님
NAT-V1,1mTRKFfCFtiTmuAR6QwrslcBI6Q-wutYzVP_weDAW9uI,920230016,44_행성_연간지표_연결,T,NAT-V1:920230016:T,설정 상태,formula,formula,셀 내용 전수의 literal/formula/헤더 기반 초안,MAP-073,"[{""file_code"":""H90"",""table"":""행성연간참조"",""field"":""setting_status"",""role"":""display"",""rule"":""인구는 R20.PUB_PLANET_POP_V2, 경제는 R60.PUB_PLANET_ECON_V2에서 metric_id로 분기. 지표 키 원필드·가격·정의·완전성·채택근거 동반. IFERROR로 연결실패 숨기지 않음."",""source_selector"":""all_data_rows""}]",원문·기존 ID·값 상태·설정 상태·근거·판본을 보존하고 확정 상태를 새로 추정하지 않음. legacy_locator를 이관레코드 관계로 연결.,H-02;H-05,T-004;T-009;T-013;T-005;T-031;T-032;T-045;T-068;T-070,PH0/NAT-V1_online.xlsx#xl/worksheets/sheet37.xml:T; literal=PH1/literal_cells.csv; formulas=PH1/formula_patterns_and_dependencies.json,true,실행시점 online XLSX + native 8행 관측; 원본 내용 이관 아님,PH1 상세 설계 초안 · 온라인 작성/이관/운영 시험 미실행,미실행,미실행,명세 정적 coverage만 확인; 운영 시험 아님
NAT-V1,1mTRKFfCFtiTmuAR6QwrslcBI6Q-wutYzVP_weDAW9uI,920230016,44_행성_연간지표_연결,U,NAT-V1:920230016:U,출처 ID,formula,formula,셀 내용 전수의 literal/formula/헤더 기반 초안,MAP-073,"[{""file_code"":""H90"",""table"":""행성연간참조"",""field"":""source_id"",""role"":""display"",""rule"":""인구는 R20.PUB_PLANET_POP_V2, 경제는 R60.PUB_PLANET_ECON_V2에서 metric_id로 분기. 지표 키 원필드·가격·정의·완전성·채택근거 동반. IFERROR로 연결실패 숨기지 않음."",""source_selector"":""all_data_rows""}]",원문·기존 ID·값 상태·설정 상태·근거·판본을 보존하고 확정 상태를 새로 추정하지 않음. legacy_locator를 이관레코드 관계로 연결.,H-02;H-05,T-004;T-009;T-013;T-005;T-031;T-032;T-045;T-068;T-070,PH0/NAT-V1_online.xlsx#xl/worksheets/sheet37.xml:U; literal=PH1/literal_cells.csv; formulas=PH1/formula_patterns_and_dependencies.json,true,실행시점 online XLSX + native 8행 관측; 원본 내용 이관 아님,PH1 상세 설계 초안 · 온라인 작성/이관/운영 시험 미실행,미실행,미실행,명세 정적 coverage만 확인; 운영 시험 아님
NAT-V1,1mTRKFfCFtiTmuAR6QwrslcBI6Q-wutYzVP_weDAW9uI,920230016,44_행성_연간지표_연결,V,NAT-V1:920230016:V,비고,formula,formula,셀 내용 전수의 literal/formula/헤더 기반 초안,MAP-073,"[{""file_code"":""H90"",""table"":""행성연간참조"",""field"":""notes"",""role"":""display"",""rule"":""인구는 R20.PUB_PLANET_POP_V2, 경제는 R60.PUB_PLANET_ECON_V2에서 metric_id로 분기. 지표 키 원필드·가격·정의·완전성·채택근거 동반. IFERROR로 연결실패 숨기지 않음."",""source_selector"":""all_data_rows""}]",원문·기존 ID·값 상태·설정 상태·근거·판본을 보존하고 확정 상태를 새로 추정하지 않음. legacy_locator를 이관레코드 관계로 연결.,H-02;H-05,T-004;T-009;T-013;T-005;T-031;T-032;T-045;T-068;T-070,PH0/NAT-V1_online.xlsx#xl/worksheets/sheet37.xml:V; literal=PH1/literal_cells.csv; formulas=PH1/formula_patterns_and_dependencies.json,true,실행시점 online XLSX + native 8행 관측; 원본 내용 이관 아님,PH1 상세 설계 초안 · 온라인 작성/이관/운영 시험 미실행,미실행,미실행,명세 정적 coverage만 확인; 운영 시험 아님
NAT-V1,1mTRKFfCFtiTmuAR6QwrslcBI6Q-wutYzVP_weDAW9uI,920230016,44_행성_연간지표_연결,W,NAT-V1:920230016:W,직접·합산 차이,formula,formula,셀 내용 전수의 literal/formula/헤더 기반 초안,MAP-073,"[{""file_code"":""H90"",""table"":""행성연간참조"",""field"":""delta_value"",""role"":""display"",""rule"":""인구는 R20.PUB_PLANET_POP_V2, 경제는 R60.PUB_PLANET_ECON_V2에서 metric_id로 분기. 지표 키 원필드·가격·정의·완전성·채택근거 동반. IFERROR로 연결실패 숨기지 않음."",""source_selector"":""all_data_rows""}]",원문·기존 ID·값 상태·설정 상태·근거·판본을 보존하고 확정 상태를 새로 추정하지 않음. legacy_locator를 이관레코드 관계로 연결.,H-02;H-05,T-004;T-009;T-013;T-005;T-031;T-032;T-045;T-068;T-070,PH0/NAT-V1_online.xlsx#xl/worksheets/sheet37.xml:W; literal=PH1/literal_cells.csv; formulas=PH1/formula_patterns_and_dependencies.json,true,실행시점 online XLSX + native 8행 관측; 원본 내용 이관 아님,PH1 상세 설계 초안 · 온라인 작성/이관/운영 시험 미실행,미실행,미실행,명세 정적 coverage만 확인; 운영 시험 아님
NAT-V1,1mTRKFfCFtiTmuAR6QwrslcBI6Q-wutYzVP_weDAW9uI,920230016,44_행성_연간지표_연결,X,NAT-V1:920230016:X,인구성장률,formula,formula,셀 내용 전수의 literal/formula/헤더 기반 초안,MAP-073,"[{""file_code"":""H90"",""table"":""행성연간참조"",""field"":""population_growth"",""role"":""display"",""rule"":""인구는 R20.PUB_PLANET_POP_V2, 경제는 R60.PUB_PLANET_ECON_V2에서 metric_id로 분기. 지표 키 원필드·가격·정의·완전성·채택근거 동반. IFERROR로 연결실패 숨기지 않음."",""source_selector"":""all_data_rows""}]",원문·기존 ID·값 상태·설정 상태·근거·판본을 보존하고 확정 상태를 새로 추정하지 않음. legacy_locator를 이관레코드 관계로 연결.,H-02;H-05,T-004;T-009;T-013;T-005;T-031;T-032;T-045;T-068;T-070,PH0/NAT-V1_online.xlsx#xl/worksheets/sheet37.xml:X; literal=PH1/literal_cells.csv; formulas=PH1/formula_patterns_and_dependencies.json,true,실행시점 online XLSX + native 8행 관측; 원본 내용 이관 아님,PH1 상세 설계 초안 · 온라인 작성/이관/운영 시험 미실행,미실행,미실행,명세 정적 coverage만 확인; 운영 시험 아님
NAT-V1,1mTRKFfCFtiTmuAR6QwrslcBI6Q-wutYzVP_weDAW9uI,920230016,44_행성_연간지표_연결,Z,NAT-V1:920230016:Z,행성 인구 정의,string,formula,셀 내용 전수의 literal/formula/헤더 기반 초안,MAP-073,"[{""file_code"":""H90"",""table"":""행성연간참조"",""field"":""population_definition"",""role"":""display"",""rule"":""인구는 R20.PUB_PLANET_POP_V2, 경제는 R60.PUB_PLANET_ECON_V2에서 metric_id로 분기. 지표 키 원필드·가격·정의·완전성·채택근거 동반. IFERROR로 연결실패 숨기지 않음."",""source_selector"":""all_data_rows""}]",원문·기존 ID·값 상태·설정 상태·근거·판본을 보존하고 확정 상태를 새로 추정하지 않음. legacy_locator를 이관레코드 관계로 연결.,H-02;H-05,T-004;T-009;T-013;T-005;T-031;T-032;T-045;T-068;T-070,PH0/NAT-V1_online.xlsx#xl/worksheets/sheet37.xml:Z; literal=PH1/literal_cells.csv; formulas=PH1/formula_patterns_and_dependencies.json,true,실행시점 online XLSX + native 8행 관측; 원본 내용 이관 아님,PH1 상세 설계 초안 · 온라인 작성/이관/운영 시험 미실행,미실행,미실행,명세 정적 coverage만 확인; 운영 시험 아님
NAT-V1,1mTRKFfCFtiTmuAR6QwrslcBI6Q-wutYzVP_weDAW9uI,2076158902,83_연방_통합연표,A,NAT-V1:2076158902:A,기년,string,formula,셀 내용 전수의 literal/formula/헤더 기반 초안,MAP-077,"[{""file_code"":""H90"",""table"":""연방통합연표"",""field"":""era"",""role"":""formula"",""rule"":""각 소유 제공표를 route/era/year/subject로 결합. 동일 해 교체는 유효했던 모든 이력을 표시하고 연중 순서를 창작하지 않음. empty 원본은 자료 없음."",""source_selector"":""all_data_rows""}]",원문·기존 ID·값 상태·설정 상태·근거·판본을 보존하고 확정 상태를 새로 추정하지 않음. legacy_locator를 이관레코드 관계로 연결.,H-01;H-03;H-07,T-004;T-009;T-013;T-018;T-019;T-020;T-021;T-025;T-065;T-067;T-077;T-079,PH0/NAT-V1_online.xlsx#xl/worksheets/sheet41.xml:A; literal=PH1/literal_cells.csv; formulas=PH1/formula_patterns_and_dependencies.json,false,실행시점 online XLSX + native 8행 관측; 원본 내용 이관 아님,PH1 상세 설계 초안 · 온라인 작성/이관/운영 시험 미실행,미실행,미실행,명세 정적 coverage만 확인; 운영 시험 아님
NAT-V1,1mTRKFfCFtiTmuAR6QwrslcBI6Q-wutYzVP_weDAW9uI,2076158902,83_연방_통합연표,B,NAT-V1:2076158902:B,연도,string,formula,셀 내용 전수의 literal/formula/헤더 기반 초안,MAP-077,"[{""file_code"":""H90"",""table"":""연방통합연표"",""field"":""year"",""role"":""formula"",""rule"":""각 소유 제공표를 route/era/year/subject로 결합. 동일 해 교체는 유효했던 모든 이력을 표시하고 연중 순서를 창작하지 않음. empty 원본은 자료 없음."",""source_selector"":""all_data_rows""}]",원문·기존 ID·값 상태·설정 상태·근거·판본을 보존하고 확정 상태를 새로 추정하지 않음. legacy_locator를 이관레코드 관계로 연결.,H-01;H-03;H-07,T-004;T-009;T-013;T-018;T-019;T-020;T-021;T-025;T-065;T-067;T-077;T-079,PH0/NAT-V1_online.xlsx#xl/worksheets/sheet41.xml:B; literal=PH1/literal_cells.csv; formulas=PH1/formula_patterns_and_dependencies.json,false,실행시점 online XLSX + native 8행 관측; 원본 내용 이관 아님,PH1 상세 설계 초안 · 온라인 작성/이관/운영 시험 미실행,미실행,미실행,명세 정적 coverage만 확인; 운영 시험 아님
NAT-V1,1mTRKFfCFtiTmuAR6QwrslcBI6Q-wutYzVP_weDAW9uI,2076158902,83_연방_통합연표,C,NAT-V1:2076158902:C,국호,string,formula,셀 내용 전수의 literal/formula/헤더 기반 초안,MAP-077,"[{""file_code"":""H90"",""table"":""연방통합연표"",""field"":""nation_name"",""role"":""formula"",""rule"":""각 소유 제공표를 route/era/year/subject로 결합. 동일 해 교체는 유효했던 모든 이력을 표시하고 연중 순서를 창작하지 않음. empty 원본은 자료 없음."",""source_selector"":""all_data_rows""}]",원문·기존 ID·값 상태·설정 상태·근거·판본을 보존하고 확정 상태를 새로 추정하지 않음. legacy_locator를 이관레코드 관계로 연결.,H-01;H-03;H-07,T-004;T-009;T-013;T-018;T-019;T-020;T-021;T-025;T-065;T-067;T-077;T-079,PH0/NAT-V1_online.xlsx#xl/worksheets/sheet41.xml:C; literal=PH1/literal_cells.csv; formulas=PH1/formula_patterns_and_dependencies.json,false,실행시점 online XLSX + native 8행 관측; 원본 내용 이관 아님,PH1 상세 설계 초안 · 온라인 작성/이관/운영 시험 미실행,미실행,미실행,명세 정적 coverage만 확인; 운영 시험 아님
NAT-V1,1mTRKFfCFtiTmuAR6QwrslcBI6Q-wutYzVP_weDAW9uI,2076158902,83_연방_통합연표,D,NAT-V1:2076158902:D,황제,string,formula,셀 내용 전수의 literal/formula/헤더 기반 초안,MAP-077,"[{""file_code"":""H90"",""table"":""연방통합연표"",""field"":""emperor_terms"",""role"":""formula"",""rule"":""각 소유 제공표를 route/era/year/subject로 결합. 동일 해 교체는 유효했던 모든 이력을 표시하고 연중 순서를 창작하지 않음. empty 원본은 자료 없음."",""source_selector"":""all_data_rows""}]",원문·기존 ID·값 상태·설정 상태·근거·판본을 보존하고 확정 상태를 새로 추정하지 않음. legacy_locator를 이관레코드 관계로 연결.,H-01;H-03;H-07,T-004;T-009;T-013;T-018;T-019;T-020;T-021;T-025;T-065;T-067;T-077;T-079,PH0/NAT-V1_online.xlsx#xl/worksheets/sheet41.xml:D; literal=PH1/literal_cells.csv; formulas=PH1/formula_patterns_and_dependencies.json,false,실행시점 online XLSX + native 8행 관측; 원본 내용 이관 아님,PH1 상세 설계 초안 · 온라인 작성/이관/운영 시험 미실행,미실행,미실행,명세 정적 coverage만 확인; 운영 시험 아님
NAT-V1,1mTRKFfCFtiTmuAR6QwrslcBI6Q-wutYzVP_weDAW9uI,2076158902,83_연방_통합연표,E,NAT-V1:2076158902:E,최고평의회장,string,formula,셀 내용 전수의 literal/formula/헤더 기반 초안,MAP-077,"[{""file_code"":""H90"",""table"":""연방통합연표"",""field"":""council_chair_terms"",""role"":""formula"",""rule"":""각 소유 제공표를 route/era/year/subject로 결합. 동일 해 교체는 유효했던 모든 이력을 표시하고 연중 순서를 창작하지 않음. empty 원본은 자료 없음."",""source_selector"":""all_data_rows""}]",원문·기존 ID·값 상태·설정 상태·근거·판본을 보존하고 확정 상태를 새로 추정하지 않음. legacy_locator를 이관레코드 관계로 연결.,H-01;H-03;H-07,T-004;T-009;T-013;T-018;T-019;T-020;T-021;T-025;T-065;T-067;T-077;T-079,PH0/NAT-V1_online.xlsx#xl/worksheets/sheet41.xml:E; literal=PH1/literal_cells.csv; formulas=PH1/formula_patterns_and_dependencies.json,false,실행시점 online XLSX + native 8행 관측; 원본 내용 이관 아님,PH1 상세 설계 초안 · 온라인 작성/이관/운영 시험 미실행,미실행,미실행,명세 정적 coverage만 확인; 운영 시험 아님
NAT-V1,1mTRKFfCFtiTmuAR6QwrslcBI6Q-wutYzVP_weDAW9uI,2076158902,83_연방_통합연표,F,NAT-V1:2076158902:F,총의장,string,formula,셀 내용 전수의 literal/formula/헤더 기반 초안,MAP-077,"[{""file_code"":""H90"",""table"":""연방통합연표"",""field"":""speaker_terms"",""role"":""formula"",""rule"":""각 소유 제공표를 route/era/year/subject로 결합. 동일 해 교체는 유효했던 모든 이력을 표시하고 연중 순서를 창작하지 않음. empty 원본은 자료 없음."",""source_selector"":""all_data_rows""}]",원문·기존 ID·값 상태·설정 상태·근거·판본을 보존하고 확정 상태를 새로 추정하지 않음. legacy_locator를 이관레코드 관계로 연결.,H-01;H-03;H-07,T-004;T-009;T-013;T-018;T-019;T-020;T-021;T-025;T-065;T-067;T-077;T-079,PH0/NAT-V1_online.xlsx#xl/worksheets/sheet41.xml:F; literal=PH1/literal_cells.csv; formulas=PH1/formula_patterns_and_dependencies.json,false,실행시점 online XLSX + native 8행 관측; 원본 내용 이관 아님,PH1 상세 설계 초안 · 온라인 작성/이관/운영 시험 미실행,미실행,미실행,명세 정적 coverage만 확인; 운영 시험 아님
NAT-V1,1mTRKFfCFtiTmuAR6QwrslcBI6Q-wutYzVP_weDAW9uI,2076158902,83_연방_통합연표,G,NAT-V1:2076158902:G,하원 선거,string,formula,셀 내용 전수의 literal/formula/헤더 기반 초안,MAP-077,"[{""file_code"":""H90"",""table"":""연방통합연표"",""field"":""lower_elections"",""role"":""formula"",""rule"":""각 소유 제공표를 route/era/year/subject로 결합. 동일 해 교체는 유효했던 모든 이력을 표시하고 연중 순서를 창작하지 않음. empty 원본은 자료 없음."",""source_selector"":""all_data_rows""}]",원문·기존 ID·값 상태·설정 상태·근거·판본을 보존하고 확정 상태를 새로 추정하지 않음. legacy_locator를 이관레코드 관계로 연결.,H-01;H-03;H-07,T-004;T-009;T-013;T-018;T-019;T-020;T-021;T-025;T-065;T-067;T-077;T-079,PH0/NAT-V1_online.xlsx#xl/worksheets/sheet41.xml:G; literal=PH1/literal_cells.csv; formulas=PH1/formula_patterns_and_dependencies.json,false,실행시점 online XLSX + native 8행 관측; 원본 내용 이관 아님,PH1 상세 설계 초안 · 온라인 작성/이관/운영 시험 미실행,미실행,미실행,명세 정적 coverage만 확인; 운영 시험 아님
NAT-V1,1mTRKFfCFtiTmuAR6QwrslcBI6Q-wutYzVP_weDAW9uI,2076158902,83_연방_통합연표,H,NAT-V1:2076158902:H,상원 선거,string,formula,셀 내용 전수의 literal/formula/헤더 기반 초안,MAP-077,"[{""file_code"":""H90"",""table"":""연방통합연표"",""field"":""upper_elections"",""role"":""formula"",""rule"":""각 소유 제공표를 route/era/year/subject로 결합. 동일 해 교체는 유효했던 모든 이력을 표시하고 연중 순서를 창작하지 않음. empty 원본은 자료 없음."",""source_selector"":""all_data_rows""}]",원문·기존 ID·값 상태·설정 상태·근거·판본을 보존하고 확정 상태를 새로 추정하지 않음. legacy_locator를 이관레코드 관계로 연결.,H-01;H-03;H-07,T-004;T-009;T-013;T-018;T-019;T-020;T-021;T-025;T-065;T-067;T-077;T-079,PH0/NAT-V1_online.xlsx#xl/worksheets/sheet41.xml:H; literal=PH1/literal_cells.csv; formulas=PH1/formula_patterns_and_dependencies.json,false,실행시점 online XLSX + native 8행 관측; 원본 내용 이관 아님,PH1 상세 설계 초안 · 온라인 작성/이관/운영 시험 미실행,미실행,미실행,명세 정적 coverage만 확인; 운영 시험 아님
NAT-V1,1mTRKFfCFtiTmuAR6QwrslcBI6Q-wutYzVP_weDAW9uI,2076158902,83_연방_통합연표,I,NAT-V1:2076158902:I,총인구 (명),string,formula,셀 내용 전수의 literal/formula/헤더 기반 초안,MAP-077,"[{""file_code"":""H90"",""table"":""연방통합연표"",""field"":""population"",""role"":""formula"",""rule"":""각 소유 제공표를 route/era/year/subject로 결합. 동일 해 교체는 유효했던 모든 이력을 표시하고 연중 순서를 창작하지 않음. empty 원본은 자료 없음."",""source_selector"":""all_data_rows""}]",원문·기존 ID·값 상태·설정 상태·근거·판본을 보존하고 확정 상태를 새로 추정하지 않음. legacy_locator를 이관레코드 관계로 연결.,H-01;H-03;H-07,T-004;T-009;T-013;T-018;T-019;T-020;T-021;T-025;T-065;T-067;T-077;T-079,PH0/NAT-V1_online.xlsx#xl/worksheets/sheet41.xml:I; literal=PH1/literal_cells.csv; formulas=PH1/formula_patterns_and_dependencies.json,false,실행시점 online XLSX + native 8행 관측; 원본 내용 이관 아님,PH1 상세 설계 초안 · 온라인 작성/이관/운영 시험 미실행,미실행,미실행,명세 정적 coverage만 확인; 운영 시험 아님
NAT-V1,1mTRKFfCFtiTmuAR6QwrslcBI6Q-wutYzVP_weDAW9uI,2076158902,83_연방_통합연표,J,NAT-V1:2076158902:J,GDP,string,formula,셀 내용 전수의 literal/formula/헤더 기반 초안,MAP-077,"[{""file_code"":""H90"",""table"":""연방통합연표"",""field"":""gdp"",""role"":""formula"",""rule"":""각 소유 제공표를 route/era/year/subject로 결합. 동일 해 교체는 유효했던 모든 이력을 표시하고 연중 순서를 창작하지 않음. empty 원본은 자료 없음."",""source_selector"":""all_data_rows""}]",원문·기존 ID·값 상태·설정 상태·근거·판본을 보존하고 확정 상태를 새로 추정하지 않음. legacy_locator를 이관레코드 관계로 연결.,H-01;H-03;H-07,T-004;T-009;T-013;T-018;T-019;T-020;T-021;T-025;T-065;T-067;T-077;T-079,PH0/NAT-V1_online.xlsx#xl/worksheets/sheet41.xml:J; literal=PH1/literal_cells.csv; formulas=PH1/formula_patterns_and_dependencies.json,false,실행시점 online XLSX + native 8행 관측; 원본 내용 이관 아님,PH1 상세 설계 초안 · 온라인 작성/이관/운영 시험 미실행,미실행,미실행,명세 정적 coverage만 확인; 운영 시험 아님
NAT-V1,1mTRKFfCFtiTmuAR6QwrslcBI6Q-wutYzVP_weDAW9uI,2076158902,83_연방_통합연표,K,NAT-V1:2076158902:K,GDP 분류,string,formula,셀 내용 전수의 literal/formula/헤더 기반 초안,MAP-077,"[{""file_code"":""H90"",""table"":""연방통합연표"",""field"":""gdp_class"",""role"":""formula"",""rule"":""각 소유 제공표를 route/era/year/subject로 결합. 동일 해 교체는 유효했던 모든 이력을 표시하고 연중 순서를 창작하지 않음. empty 원본은 자료 없음."",""source_selector"":""all_data_rows""}]",원문·기존 ID·값 상태·설정 상태·근거·판본을 보존하고 확정 상태를 새로 추정하지 않음. legacy_locator를 이관레코드 관계로 연결.,H-01;H-03;H-07,T-004;T-009;T-013;T-018;T-019;T-020;T-021;T-025;T-065;T-067;T-077;T-079,PH0/NAT-V1_online.xlsx#xl/worksheets/sheet41.xml:K; literal=PH1/literal_cells.csv; formulas=PH1/formula_patterns_and_dependencies.json,false,실행시점 online XLSX + native 8행 관측; 원본 내용 이관 아님,PH1 상세 설계 초안 · 온라인 작성/이관/운영 시험 미실행,미실행,미실행,명세 정적 coverage만 확인; 운영 시험 아님
NAT-V1,1mTRKFfCFtiTmuAR6QwrslcBI6Q-wutYzVP_weDAW9uI,2076158902,83_연방_통합연표,L,NAT-V1:2076158902:L,실질 성장률,string,formula,셀 내용 전수의 literal/formula/헤더 기반 초안,MAP-077,"[{""file_code"":""H90"",""table"":""연방통합연표"",""field"":""real_growth"",""role"":""formula"",""rule"":""각 소유 제공표를 route/era/year/subject로 결합. 동일 해 교체는 유효했던 모든 이력을 표시하고 연중 순서를 창작하지 않음. empty 원본은 자료 없음."",""source_selector"":""all_data_rows""}]",원문·기존 ID·값 상태·설정 상태·근거·판본을 보존하고 확정 상태를 새로 추정하지 않음. legacy_locator를 이관레코드 관계로 연결.,H-01;H-03;H-07,T-004;T-009;T-013;T-018;T-019;T-020;T-021;T-025;T-065;T-067;T-077;T-079,PH0/NAT-V1_online.xlsx#xl/worksheets/sheet41.xml:L; literal=PH1/literal_cells.csv; formulas=PH1/formula_patterns_and_dependencies.json,false,실행시점 online XLSX + native 8행 관측; 원본 내용 이관 아님,PH1 상세 설계 초안 · 온라인 작성/이관/운영 시험 미실행,미실행,미실행,명세 정적 coverage만 확인; 운영 시험 아님
NAT-V1,1mTRKFfCFtiTmuAR6QwrslcBI6Q-wutYzVP_weDAW9uI,2076158902,83_연방_통합연표,M,NAT-V1:2076158902:M,미분류 GDP 증감률,string,formula,셀 내용 전수의 literal/formula/헤더 기반 초안,MAP-077,"[{""file_code"":""H90"",""table"":""연방통합연표"",""field"":""unclassified_gdp_growth"",""role"":""formula"",""rule"":""각 소유 제공표를 route/era/year/subject로 결합. 동일 해 교체는 유효했던 모든 이력을 표시하고 연중 순서를 창작하지 않음. empty 원본은 자료 없음."",""source_selector"":""all_data_rows""}]",원문·기존 ID·값 상태·설정 상태·근거·판본을 보존하고 확정 상태를 새로 추정하지 않음. legacy_locator를 이관레코드 관계로 연결.,H-01;H-03;H-07,T-004;T-009;T-013;T-018;T-019;T-020;T-021;T-025;T-065;T-067;T-077;T-079,PH0/NAT-V1_online.xlsx#xl/worksheets/sheet41.xml:M; literal=PH1/literal_cells.csv; formulas=PH1/formula_patterns_and_dependencies.json,false,실행시점 online XLSX + native 8행 관측; 원본 내용 이관 아님,PH1 상세 설계 초안 · 온라인 작성/이관/운영 시험 미실행,미실행,미실행,명세 정적 coverage만 확인; 운영 시험 아님
NAT-V1,1mTRKFfCFtiTmuAR6QwrslcBI6Q-wutYzVP_weDAW9uI,2076158902,83_연방_통합연표,N,NAT-V1:2076158902:N,주요 사건,string,formula,셀 내용 전수의 literal/formula/헤더 기반 초안,MAP-077,"[{""file_code"":""H90"",""table"":""연방통합연표"",""field"":""manual_events"",""role"":""formula"",""rule"":""각 소유 제공표를 route/era/year/subject로 결합. 동일 해 교체는 유효했던 모든 이력을 표시하고 연중 순서를 창작하지 않음. empty 원본은 자료 없음."",""source_selector"":""all_data_rows""}]",원문·기존 ID·값 상태·설정 상태·근거·판본을 보존하고 확정 상태를 새로 추정하지 않음. legacy_locator를 이관레코드 관계로 연결.,H-01;H-03;H-07,T-004;T-009;T-013;T-018;T-019;T-020;T-021;T-025;T-065;T-067;T-077;T-079,PH0/NAT-V1_online.xlsx#xl/worksheets/sheet41.xml:N; literal=PH1/literal_cells.csv; formulas=PH1/formula_patterns_and_dependencies.json,false,실행시점 online XLSX + native 8행 관측; 원본 내용 이관 아님,PH1 상세 설계 초안 · 온라인 작성/이관/운영 시험 미실행,미실행,미실행,명세 정적 coverage만 확인; 운영 시험 아님
NAT-V1,1mTRKFfCFtiTmuAR6QwrslcBI6Q-wutYzVP_weDAW9uI,2076158902,83_연방_통합연표,O,NAT-V1:2076158902:O,각부각처 기관장,string,formula,셀 내용 전수의 literal/formula/헤더 기반 초안,MAP-077,"[{""file_code"":""H90"",""table"":""연방통합연표"",""field"":""executive_terms"",""role"":""formula"",""rule"":""각 소유 제공표를 route/era/year/subject로 결합. 동일 해 교체는 유효했던 모든 이력을 표시하고 연중 순서를 창작하지 않음. empty 원본은 자료 없음."",""source_selector"":""all_data_rows""}]",원문·기존 ID·값 상태·설정 상태·근거·판본을 보존하고 확정 상태를 새로 추정하지 않음. legacy_locator를 이관레코드 관계로 연결.,H-01;H-03;H-07,T-004;T-009;T-013;T-018;T-019;T-020;T-021;T-025;T-065;T-067;T-077;T-079,PH0/NAT-V1_online.xlsx#xl/worksheets/sheet41.xml:O; literal=PH1/literal_cells.csv; formulas=PH1/formula_patterns_and_dependencies.json,false,실행시점 online XLSX + native 8행 관측; 원본 내용 이관 아님,PH1 상세 설계 초안 · 온라인 작성/이관/운영 시험 미실행,미실행,미실행,명세 정적 coverage만 확인; 운영 시험 아님
NAT-V1,1mTRKFfCFtiTmuAR6QwrslcBI6Q-wutYzVP_weDAW9uI,2076158902,83_연방_통합연표,P,NAT-V1:2076158902:P,정당 지도부,string,formula,셀 내용 전수의 literal/formula/헤더 기반 초안,MAP-077,"[{""file_code"":""H90"",""table"":""연방통합연표"",""field"":""party_leadership"",""role"":""formula"",""rule"":""각 소유 제공표를 route/era/year/subject로 결합. 동일 해 교체는 유효했던 모든 이력을 표시하고 연중 순서를 창작하지 않음. empty 원본은 자료 없음."",""source_selector"":""all_data_rows""}]",원문·기존 ID·값 상태·설정 상태·근거·판본을 보존하고 확정 상태를 새로 추정하지 않음. legacy_locator를 이관레코드 관계로 연결.,H-01;H-03;H-07,T-004;T-009;T-013;T-018;T-019;T-020;T-021;T-025;T-065;T-067;T-077;T-079,PH0/NAT-V1_online.xlsx#xl/worksheets/sheet41.xml:P; literal=PH1/literal_cells.csv; formulas=PH1/formula_patterns_and_dependencies.json,false,실행시점 online XLSX + native 8행 관측; 원본 내용 이관 아님,PH1 상세 설계 초안 · 온라인 작성/이관/운영 시험 미실행,미실행,미실행,명세 정적 coverage만 확인; 운영 시험 아님
NAT-V1,1mTRKFfCFtiTmuAR6QwrslcBI6Q-wutYzVP_weDAW9uI,2076158902,83_연방_통합연표,Q,NAT-V1:2076158902:Q,황후,string,formula,셀 내용 전수의 literal/formula/헤더 기반 초안,MAP-077,"[{""file_code"":""H90"",""table"":""연방통합연표"",""field"":""empress_statuses"",""role"":""formula"",""rule"":""각 소유 제공표를 route/era/year/subject로 결합. 동일 해 교체는 유효했던 모든 이력을 표시하고 연중 순서를 창작하지 않음. empty 원본은 자료 없음."",""source_selector"":""all_data_rows""}]",원문·기존 ID·값 상태·설정 상태·근거·판본을 보존하고 확정 상태를 새로 추정하지 않음. legacy_locator를 이관레코드 관계로 연결.,H-01;H-03;H-07,T-004;T-009;T-013;T-018;T-019;T-020;T-021;T-025;T-065;T-067;T-077;T-079,PH0/NAT-V1_online.xlsx#xl/worksheets/sheet41.xml:Q; literal=PH1/literal_cells.csv; formulas=PH1/formula_patterns_and_dependencies.json,false,실행시점 online XLSX + native 8행 관측; 원본 내용 이관 아님,PH1 상세 설계 초안 · 온라인 작성/이관/운영 시험 미실행,미실행,미실행,명세 정적 coverage만 확인; 운영 시험 아님
NAT-V1,1mTRKFfCFtiTmuAR6QwrslcBI6Q-wutYzVP_weDAW9uI,2076158902,83_연방_통합연표,R,NAT-V1:2076158902:R,황태자·황태녀,string,formula,셀 내용 전수의 literal/formula/헤더 기반 초안,MAP-077,"[{""file_code"":""H90"",""table"":""연방통합연표"",""field"":""crown_statuses"",""role"":""formula"",""rule"":""각 소유 제공표를 route/era/year/subject로 결합. 동일 해 교체는 유효했던 모든 이력을 표시하고 연중 순서를 창작하지 않음. empty 원본은 자료 없음."",""source_selector"":""all_data_rows""}]",원문·기존 ID·값 상태·설정 상태·근거·판본을 보존하고 확정 상태를 새로 추정하지 않음. legacy_locator를 이관레코드 관계로 연결.,H-01;H-03;H-07,T-004;T-009;T-013;T-018;T-019;T-020;T-021;T-025;T-065;T-067;T-077;T-079,PH0/NAT-V1_online.xlsx#xl/worksheets/sheet41.xml:R; literal=PH1/literal_cells.csv; formulas=PH1/formula_patterns_and_dependencies.json,false,실행시점 online XLSX + native 8행 관측; 원본 내용 이관 아님,PH1 상세 설계 초안 · 온라인 작성/이관/운영 시험 미실행,미실행,미실행,명세 정적 coverage만 확인; 운영 시험 아님
NAT-V1,1mTRKFfCFtiTmuAR6QwrslcBI6Q-wutYzVP_weDAW9uI,2076158902,83_연방_통합연표,S,NAT-V1:2076158902:S,제1순위 승계권자,string,formula,셀 내용 전수의 literal/formula/헤더 기반 초안,MAP-077,"[{""file_code"":""H90"",""table"":""연방통합연표"",""field"":""first_rank_successors"",""role"":""formula"",""rule"":""각 소유 제공표를 route/era/year/subject로 결합. 동일 해 교체는 유효했던 모든 이력을 표시하고 연중 순서를 창작하지 않음. empty 원본은 자료 없음."",""source_selector"":""all_data_rows""}]",원문·기존 ID·값 상태·설정 상태·근거·판본을 보존하고 확정 상태를 새로 추정하지 않음. legacy_locator를 이관레코드 관계로 연결.,H-01;H-03;H-07,T-004;T-009;T-013;T-018;T-019;T-020;T-021;T-025;T-065;T-067;T-077;T-079,PH0/NAT-V1_online.xlsx#xl/worksheets/sheet41.xml:S; literal=PH1/literal_cells.csv; formulas=PH1/formula_patterns_and_dependencies.json,false,실행시점 online XLSX + native 8행 관측; 원본 내용 이관 아님,PH1 상세 설계 초안 · 온라인 작성/이관/운영 시험 미실행,미실행,미실행,명세 정적 coverage만 확인; 운영 시험 아님
NAT-V1,1mTRKFfCFtiTmuAR6QwrslcBI6Q-wutYzVP_weDAW9uI,2076158902,83_연방_통합연표,T,NAT-V1:2076158902:T,승계 지명자,string,formula,셀 내용 전수의 literal/formula/헤더 기반 초안,MAP-077,"[{""file_code"":""H90"",""table"":""연방통합연표"",""field"":""nominated_successors"",""role"":""formula"",""rule"":""각 소유 제공표를 route/era/year/subject로 결합. 동일 해 교체는 유효했던 모든 이력을 표시하고 연중 순서를 창작하지 않음. empty 원본은 자료 없음."",""source_selector"":""all_data_rows""}]",원문·기존 ID·값 상태·설정 상태·근거·판본을 보존하고 확정 상태를 새로 추정하지 않음. legacy_locator를 이관레코드 관계로 연결.,H-01;H-03;H-07,T-004;T-009;T-013;T-018;T-019;T-020;T-021;T-025;T-065;T-067;T-077;T-079,PH0/NAT-V1_online.xlsx#xl/worksheets/sheet41.xml:T; literal=PH1/literal_cells.csv; formulas=PH1/formula_patterns_and_dependencies.json,false,실행시점 online XLSX + native 8행 관측; 원본 내용 이관 아님,PH1 상세 설계 초안 · 온라인 작성/이관/운영 시험 미실행,미실행,미실행,명세 정적 coverage만 확인; 운영 시험 아님
NAT-V1,1mTRKFfCFtiTmuAR6QwrslcBI6Q-wutYzVP_weDAW9uI,2076158902,83_연방_통합연표,U,NAT-V1:2076158902:U,수도·헌정,string,formula,셀 내용 전수의 literal/formula/헤더 기반 초안,MAP-077,"[{""file_code"":""H90"",""table"":""연방통합연표"",""field"":""capital_constitution_changes"",""role"":""formula"",""rule"":""각 소유 제공표를 route/era/year/subject로 결합. 동일 해 교체는 유효했던 모든 이력을 표시하고 연중 순서를 창작하지 않음. empty 원본은 자료 없음."",""source_selector"":""all_data_rows""}]",원문·기존 ID·값 상태·설정 상태·근거·판본을 보존하고 확정 상태를 새로 추정하지 않음. legacy_locator를 이관레코드 관계로 연결.,H-01;H-03;H-07,T-004;T-009;T-013;T-018;T-019;T-020;T-021;T-025;T-065;T-067;T-077;T-079,PH0/NAT-V1_online.xlsx#xl/worksheets/sheet41.xml:U; literal=PH1/literal_cells.csv; formulas=PH1/formula_patterns_and_dependencies.json,false,실행시점 online XLSX + native 8행 관측; 원본 내용 이관 아님,PH1 상세 설계 초안 · 온라인 작성/이관/운영 시험 미실행,미실행,미실행,명세 정적 coverage만 확인; 운영 시험 아님
NAT-V1,1mTRKFfCFtiTmuAR6QwrslcBI6Q-wutYzVP_weDAW9uI,2076158902,83_연방_통합연표,V,NAT-V1:2076158902:V,구조·지위 변동,string,formula,셀 내용 전수의 literal/formula/헤더 기반 초안,MAP-077,"[{""file_code"":""H90"",""table"":""연방통합연표"",""field"":""structure_status_changes"",""role"":""formula"",""rule"":""각 소유 제공표를 route/era/year/subject로 결합. 동일 해 교체는 유효했던 모든 이력을 표시하고 연중 순서를 창작하지 않음. empty 원본은 자료 없음."",""source_selector"":""all_data_rows""}]",원문·기존 ID·값 상태·설정 상태·근거·판본을 보존하고 확정 상태를 새로 추정하지 않음. legacy_locator를 이관레코드 관계로 연결.,H-01;H-03;H-07,T-004;T-009;T-013;T-018;T-019;T-020;T-021;T-025;T-065;T-067;T-077;T-079,PH0/NAT-V1_online.xlsx#xl/worksheets/sheet41.xml:V; literal=PH1/literal_cells.csv; formulas=PH1/formula_patterns_and_dependencies.json,false,실행시점 online XLSX + native 8행 관측; 원본 내용 이관 아님,PH1 상세 설계 초안 · 온라인 작성/이관/운영 시험 미실행,미실행,미실행,명세 정적 coverage만 확인; 운영 시험 아님
NAT-V1,1mTRKFfCFtiTmuAR6QwrslcBI6Q-wutYzVP_weDAW9uI,920230022,89_변동_연표,A,NAT-V1:920230022:A,scope_id,string,formula,셀 내용 전수의 literal/formula/헤더 기반 초안,MAP-083,"[{""file_code"":""H90"",""table"":""통합변동연표"",""field"":""subject_id"",""role"":""formula"",""rule"":""분야별 시작/종료/선거 feed와 C00 수동사건을 출처 종류를 유지해 결합. exported literal/spill cache도 파생값이며 수동 사건에 되쓰기하지 않음."",""source_selector"":""all_data_rows""}]",원문·기존 ID·값 상태·설정 상태·근거·판본을 보존하고 확정 상태를 새로 추정하지 않음. legacy_locator를 이관레코드 관계로 연결.,H-03,T-004;T-009;T-013;T-025;T-080,PH0/NAT-V1_online.xlsx#xl/worksheets/sheet47.xml:A; literal=PH1/literal_cells.csv; formulas=PH1/formula_patterns_and_dependencies.json,false,실행시점 online XLSX + native 8행 관측; 원본 내용 이관 아님,PH1 상세 설계 초안 · 온라인 작성/이관/운영 시험 미실행,미실행,미실행,명세 정적 coverage만 확인; 운영 시험 아님
NAT-V1,1mTRKFfCFtiTmuAR6QwrslcBI6Q-wutYzVP_weDAW9uI,920230022,89_변동_연표,B,NAT-V1:920230022:B,루트,string,input,셀 내용 전수의 literal/formula/헤더 기반 초안,MAP-083,"[{""file_code"":""H90"",""table"":""통합변동연표"",""field"":""route"",""role"":""formula"",""rule"":""분야별 시작/종료/선거 feed와 C00 수동사건을 출처 종류를 유지해 결합. exported literal/spill cache도 파생값이며 수동 사건에 되쓰기하지 않음."",""source_selector"":""all_data_rows""}]",원문·기존 ID·값 상태·설정 상태·근거·판본을 보존하고 확정 상태를 새로 추정하지 않음. legacy_locator를 이관레코드 관계로 연결.,H-03,T-004;T-009;T-013;T-025;T-080,PH0/NAT-V1_online.xlsx#xl/worksheets/sheet47.xml:B; literal=PH1/literal_cells.csv; formulas=PH1/formula_patterns_and_dependencies.json,false,실행시점 online XLSX + native 8행 관측; 원본 내용 이관 아님,PH1 상세 설계 초안 · 온라인 작성/이관/운영 시험 미실행,미실행,미실행,명세 정적 coverage만 확인; 운영 시험 아님
NAT-V1,1mTRKFfCFtiTmuAR6QwrslcBI6Q-wutYzVP_weDAW9uI,920230022,89_변동_연표,C,NAT-V1:920230022:C,기년,string,input,셀 내용 전수의 literal/formula/헤더 기반 초안,MAP-083,"[{""file_code"":""H90"",""table"":""통합변동연표"",""field"":""era"",""role"":""formula"",""rule"":""분야별 시작/종료/선거 feed와 C00 수동사건을 출처 종류를 유지해 결합. exported literal/spill cache도 파생값이며 수동 사건에 되쓰기하지 않음."",""source_selector"":""all_data_rows""}]",원문·기존 ID·값 상태·설정 상태·근거·판본을 보존하고 확정 상태를 새로 추정하지 않음. legacy_locator를 이관레코드 관계로 연결.,H-03,T-004;T-009;T-013;T-025;T-080,PH0/NAT-V1_online.xlsx#xl/worksheets/sheet47.xml:C; literal=PH1/literal_cells.csv; formulas=PH1/formula_patterns_and_dependencies.json,false,실행시점 online XLSX + native 8행 관측; 원본 내용 이관 아님,PH1 상세 설계 초안 · 온라인 작성/이관/운영 시험 미실행,미실행,미실행,명세 정적 coverage만 확인; 운영 시험 아님
NAT-V1,1mTRKFfCFtiTmuAR6QwrslcBI6Q-wutYzVP_weDAW9uI,920230022,89_변동_연표,D,NAT-V1:920230022:D,연도,string,input,셀 내용 전수의 literal/formula/헤더 기반 초안,MAP-083,"[{""file_code"":""H90"",""table"":""통합변동연표"",""field"":""year"",""role"":""formula"",""rule"":""분야별 시작/종료/선거 feed와 C00 수동사건을 출처 종류를 유지해 결합. exported literal/spill cache도 파생값이며 수동 사건에 되쓰기하지 않음."",""source_selector"":""all_data_rows""}]",원문·기존 ID·값 상태·설정 상태·근거·판본을 보존하고 확정 상태를 새로 추정하지 않음. legacy_locator를 이관레코드 관계로 연결.,H-03,T-004;T-009;T-013;T-025;T-080,PH0/NAT-V1_online.xlsx#xl/worksheets/sheet47.xml:D; literal=PH1/literal_cells.csv; formulas=PH1/formula_patterns_and_dependencies.json,false,실행시점 online XLSX + native 8행 관측; 원본 내용 이관 아님,PH1 상세 설계 초안 · 온라인 작성/이관/운영 시험 미실행,미실행,미실행,명세 정적 coverage만 확인; 운영 시험 아님
NAT-V1,1mTRKFfCFtiTmuAR6QwrslcBI6Q-wutYzVP_weDAW9uI,920230022,89_변동_연표,E,NAT-V1:920230022:E,월,string,input,셀 내용 전수의 literal/formula/헤더 기반 초안,MAP-083,"[{""file_code"":""H90"",""table"":""통합변동연표"",""field"":""month"",""role"":""formula"",""rule"":""분야별 시작/종료/선거 feed와 C00 수동사건을 출처 종류를 유지해 결합. exported literal/spill cache도 파생값이며 수동 사건에 되쓰기하지 않음."",""source_selector"":""all_data_rows""}]",원문·기존 ID·값 상태·설정 상태·근거·판본을 보존하고 확정 상태를 새로 추정하지 않음. legacy_locator를 이관레코드 관계로 연결.,H-03,T-004;T-009;T-013;T-025;T-080,PH0/NAT-V1_online.xlsx#xl/worksheets/sheet47.xml:E; literal=PH1/literal_cells.csv; formulas=PH1/formula_patterns_and_dependencies.json,false,실행시점 online XLSX + native 8행 관측; 원본 내용 이관 아님,PH1 상세 설계 초안 · 온라인 작성/이관/운영 시험 미실행,미실행,미실행,명세 정적 coverage만 확인; 운영 시험 아님
NAT-V1,1mTRKFfCFtiTmuAR6QwrslcBI6Q-wutYzVP_weDAW9uI,920230022,89_변동_연표,F,NAT-V1:920230022:F,일,string,input,셀 내용 전수의 literal/formula/헤더 기반 초안,MAP-083,"[{""file_code"":""H90"",""table"":""통합변동연표"",""field"":""day"",""role"":""formula"",""rule"":""분야별 시작/종료/선거 feed와 C00 수동사건을 출처 종류를 유지해 결합. exported literal/spill cache도 파생값이며 수동 사건에 되쓰기하지 않음."",""source_selector"":""all_data_rows""}]",원문·기존 ID·값 상태·설정 상태·근거·판본을 보존하고 확정 상태를 새로 추정하지 않음. legacy_locator를 이관레코드 관계로 연결.,H-03,T-004;T-009;T-013;T-025;T-080,PH0/NAT-V1_online.xlsx#xl/worksheets/sheet47.xml:F; literal=PH1/literal_cells.csv; formulas=PH1/formula_patterns_and_dependencies.json,false,실행시점 online XLSX + native 8행 관측; 원본 내용 이관 아님,PH1 상세 설계 초안 · 온라인 작성/이관/운영 시험 미실행,미실행,미실행,명세 정적 coverage만 확인; 운영 시험 아님
NAT-V1,1mTRKFfCFtiTmuAR6QwrslcBI6Q-wutYzVP_weDAW9uI,920230022,89_변동_연표,G,NAT-V1:920230022:G,변동 종류,string,input,셀 내용 전수의 literal/formula/헤더 기반 초안,MAP-083,"[{""file_code"":""H90"",""table"":""통합변동연표"",""field"":""change_type"",""role"":""formula"",""rule"":""분야별 시작/종료/선거 feed와 C00 수동사건을 출처 종류를 유지해 결합. exported literal/spill cache도 파생값이며 수동 사건에 되쓰기하지 않음."",""source_selector"":""all_data_rows""}]",원문·기존 ID·값 상태·설정 상태·근거·판본을 보존하고 확정 상태를 새로 추정하지 않음. legacy_locator를 이관레코드 관계로 연결.,H-03,T-004;T-009;T-013;T-025;T-080,PH0/NAT-V1_online.xlsx#xl/worksheets/sheet47.xml:G; literal=PH1/literal_cells.csv; formulas=PH1/formula_patterns_and_dependencies.json,false,실행시점 online XLSX + native 8행 관측; 원본 내용 이관 아님,PH1 상세 설계 초안 · 온라인 작성/이관/운영 시험 미실행,미실행,미실행,명세 정적 coverage만 확인; 운영 시험 아님
NAT-V1,1mTRKFfCFtiTmuAR6QwrslcBI6Q-wutYzVP_weDAW9uI,920230022,89_변동_연표,H,NAT-V1:920230022:H,원자료 ID,string,input,셀 내용 전수의 literal/formula/헤더 기반 초안,MAP-083,"[{""file_code"":""H90"",""table"":""통합변동연표"",""field"":""source_record_id"",""role"":""formula"",""rule"":""분야별 시작/종료/선거 feed와 C00 수동사건을 출처 종류를 유지해 결합. exported literal/spill cache도 파생값이며 수동 사건에 되쓰기하지 않음."",""source_selector"":""all_data_rows""}]",원문·기존 ID·값 상태·설정 상태·근거·판본을 보존하고 확정 상태를 새로 추정하지 않음. legacy_locator를 이관레코드 관계로 연결.,H-03,T-004;T-009;T-013;T-025;T-080,PH0/NAT-V1_online.xlsx#xl/worksheets/sheet47.xml:H; literal=PH1/literal_cells.csv; formulas=PH1/formula_patterns_and_dependencies.json,false,실행시점 online XLSX + native 8행 관측; 원본 내용 이관 아님,PH1 상세 설계 초안 · 온라인 작성/이관/운영 시험 미실행,미실행,미실행,명세 정적 coverage만 확인; 운영 시험 아님
NAT-V1,1mTRKFfCFtiTmuAR6QwrslcBI6Q-wutYzVP_weDAW9uI,920230022,89_변동_연표,I,NAT-V1:920230022:I,변동 내용,string,input,셀 내용 전수의 literal/formula/헤더 기반 초안,MAP-083,"[{""file_code"":""H90"",""table"":""통합변동연표"",""field"":""change_description"",""role"":""formula"",""rule"":""분야별 시작/종료/선거 feed와 C00 수동사건을 출처 종류를 유지해 결합. exported literal/spill cache도 파생값이며 수동 사건에 되쓰기하지 않음."",""source_selector"":""all_data_rows""}]",원문·기존 ID·값 상태·설정 상태·근거·판본을 보존하고 확정 상태를 새로 추정하지 않음. legacy_locator를 이관레코드 관계로 연결.,H-03,T-004;T-009;T-013;T-025;T-080,PH0/NAT-V1_online.xlsx#xl/worksheets/sheet47.xml:I; literal=PH1/literal_cells.csv; formulas=PH1/formula_patterns_and_dependencies.json,false,실행시점 online XLSX + native 8행 관측; 원본 내용 이관 아님,PH1 상세 설계 초안 · 온라인 작성/이관/운영 시험 미실행,미실행,미실행,명세 정적 coverage만 확인; 운영 시험 아님
NAT-V1,1mTRKFfCFtiTmuAR6QwrslcBI6Q-wutYzVP_weDAW9uI,920230022,89_변동_연표,J,NAT-V1:920230022:J,출처 ID,string,input,셀 내용 전수의 literal/formula/헤더 기반 초안,MAP-083,"[{""file_code"":""H90"",""table"":""통합변동연표"",""field"":""source_id"",""role"":""formula"",""rule"":""분야별 시작/종료/선거 feed와 C00 수동사건을 출처 종류를 유지해 결합. exported literal/spill cache도 파생값이며 수동 사건에 되쓰기하지 않음."",""source_selector"":""all_data_rows""}]",원문·기존 ID·값 상태·설정 상태·근거·판본을 보존하고 확정 상태를 새로 추정하지 않음. legacy_locator를 이관레코드 관계로 연결.,H-03,T-004;T-009;T-013;T-025;T-080,PH0/NAT-V1_online.xlsx#xl/worksheets/sheet47.xml:J; literal=PH1/literal_cells.csv; formulas=PH1/formula_patterns_and_dependencies.json,false,실행시점 online XLSX + native 8행 관측; 원본 내용 이관 아님,PH1 상세 설계 초안 · 온라인 작성/이관/운영 시험 미실행,미실행,미실행,명세 정적 coverage만 확인; 운영 시험 아님
NAT-V1,1mTRKFfCFtiTmuAR6QwrslcBI6Q-wutYzVP_weDAW9uI,1916985706,90_출처_레지스트리,A,NAT-V1:1916985706:A,source_id,string,input,셀 내용 전수의 literal/formula/헤더 기반 초안,MAP-084,"[{""file_code"":""C00"",""table"":""출처레지스트리"",""field"":""source_id"",""role"":""input"",""rule"":""ID·URL·판본·시점·정본 상태 원문 보존. 양 파일에서 ID가 같아도 내용이 다르면 source_namespace로 분리하여 충돌표에 등록."",""source_selector"":""all_data_rows""}]",원문·기존 ID·값 상태·설정 상태·근거·판본을 보존하고 확정 상태를 새로 추정하지 않음. legacy_locator를 이관레코드 관계로 연결.,C-03,T-004;T-009;T-013;T-012;T-014,PH0/NAT-V1_online.xlsx#xl/worksheets/sheet48.xml:A; literal=PH1/literal_cells.csv; formulas=PH1/formula_patterns_and_dependencies.json,false,실행시점 online XLSX + native 8행 관측; 원본 내용 이관 아님,PH1 상세 설계 초안 · 온라인 작성/이관/운영 시험 미실행,미실행,미실행,명세 정적 coverage만 확인; 운영 시험 아님
NAT-V1,1mTRKFfCFtiTmuAR6QwrslcBI6Q-wutYzVP_weDAW9uI,1916985706,90_출처_레지스트리,B,NAT-V1:1916985706:B,출처명,string,input,셀 내용 전수의 literal/formula/헤더 기반 초안,MAP-084,"[{""file_code"":""C00"",""table"":""출처레지스트리"",""field"":""source_title"",""role"":""input"",""rule"":""ID·URL·판본·시점·정본 상태 원문 보존. 양 파일에서 ID가 같아도 내용이 다르면 source_namespace로 분리하여 충돌표에 등록."",""source_selector"":""all_data_rows""}]",원문·기존 ID·값 상태·설정 상태·근거·판본을 보존하고 확정 상태를 새로 추정하지 않음. legacy_locator를 이관레코드 관계로 연결.,C-03,T-004;T-009;T-013;T-012;T-014,PH0/NAT-V1_online.xlsx#xl/worksheets/sheet48.xml:B; literal=PH1/literal_cells.csv; formulas=PH1/formula_patterns_and_dependencies.json,false,실행시점 online XLSX + native 8행 관측; 원본 내용 이관 아님,PH1 상세 설계 초안 · 온라인 작성/이관/운영 시험 미실행,미실행,미실행,명세 정적 coverage만 확인; 운영 시험 아님
NAT-V1,1mTRKFfCFtiTmuAR6QwrslcBI6Q-wutYzVP_weDAW9uI,1916985706,90_출처_레지스트리,C,NAT-V1:1916985706:C,구분,string,input,셀 내용 전수의 literal/formula/헤더 기반 초안,MAP-084,"[{""file_code"":""C00"",""table"":""출처레지스트리"",""field"":""source_kind"",""role"":""input"",""rule"":""ID·URL·판본·시점·정본 상태 원문 보존. 양 파일에서 ID가 같아도 내용이 다르면 source_namespace로 분리하여 충돌표에 등록."",""source_selector"":""all_data_rows""}]",원문·기존 ID·값 상태·설정 상태·근거·판본을 보존하고 확정 상태를 새로 추정하지 않음. legacy_locator를 이관레코드 관계로 연결.,C-03,T-004;T-009;T-013;T-012;T-014,PH0/NAT-V1_online.xlsx#xl/worksheets/sheet48.xml:C; literal=PH1/literal_cells.csv; formulas=PH1/formula_patterns_and_dependencies.json,false,실행시점 online XLSX + native 8행 관측; 원본 내용 이관 아님,PH1 상세 설계 초안 · 온라인 작성/이관/운영 시험 미실행,미실행,미실행,명세 정적 coverage만 확인; 운영 시험 아님
NAT-V1,1mTRKFfCFtiTmuAR6QwrslcBI6Q-wutYzVP_weDAW9uI,1916985706,90_출처_레지스트리,D,NAT-V1:1916985706:D,링크,string,input,셀 내용 전수의 literal/formula/헤더 기반 초안,MAP-084,"[{""file_code"":""C00"",""table"":""출처레지스트리"",""field"":""url"",""role"":""input"",""rule"":""ID·URL·판본·시점·정본 상태 원문 보존. 양 파일에서 ID가 같아도 내용이 다르면 source_namespace로 분리하여 충돌표에 등록."",""source_selector"":""all_data_rows""}]",원문·기존 ID·값 상태·설정 상태·근거·판본을 보존하고 확정 상태를 새로 추정하지 않음. legacy_locator를 이관레코드 관계로 연결.,C-03,T-004;T-009;T-013;T-012;T-014,PH0/NAT-V1_online.xlsx#xl/worksheets/sheet48.xml:D; literal=PH1/literal_cells.csv; formulas=PH1/formula_patterns_and_dependencies.json,false,실행시점 online XLSX + native 8행 관측; 원본 내용 이관 아님,PH1 상세 설계 초안 · 온라인 작성/이관/운영 시험 미실행,미실행,미실행,명세 정적 coverage만 확인; 운영 시험 아님
NAT-V1,1mTRKFfCFtiTmuAR6QwrslcBI6Q-wutYzVP_weDAW9uI,1916985706,90_출처_레지스트리,E,NAT-V1:1916985706:E,판본·시점,string,input,셀 내용 전수의 literal/formula/헤더 기반 초안,MAP-084,"[{""file_code"":""C00"",""table"":""출처레지스트리"",""field"":""edition_raw"",""role"":""input"",""rule"":""ID·URL·판본·시점·정본 상태 원문 보존. 양 파일에서 ID가 같아도 내용이 다르면 source_namespace로 분리하여 충돌표에 등록."",""source_selector"":""all_data_rows""}]",원문·기존 ID·값 상태·설정 상태·근거·판본을 보존하고 확정 상태를 새로 추정하지 않음. legacy_locator를 이관레코드 관계로 연결.,C-03,T-004;T-009;T-013;T-012;T-014,PH0/NAT-V1_online.xlsx#xl/worksheets/sheet48.xml:E; literal=PH1/literal_cells.csv; formulas=PH1/formula_patterns_and_dependencies.json,false,실행시점 online XLSX + native 8행 관측; 원본 내용 이관 아님,PH1 상세 설계 초안 · 온라인 작성/이관/운영 시험 미실행,미실행,미실행,명세 정적 coverage만 확인; 운영 시험 아님
NAT-V1,1mTRKFfCFtiTmuAR6QwrslcBI6Q-wutYzVP_weDAW9uI,1916985706,90_출처_레지스트리,F,NAT-V1:1916985706:F,정본 상태,string,input,셀 내용 전수의 literal/formula/헤더 기반 초안,MAP-084,"[{""file_code"":""C00"",""table"":""출처레지스트리"",""field"":""canon_status"",""role"":""input"",""rule"":""ID·URL·판본·시점·정본 상태 원문 보존. 양 파일에서 ID가 같아도 내용이 다르면 source_namespace로 분리하여 충돌표에 등록."",""source_selector"":""all_data_rows""}]",원문·기존 ID·값 상태·설정 상태·근거·판본을 보존하고 확정 상태를 새로 추정하지 않음. legacy_locator를 이관레코드 관계로 연결.,C-03,T-004;T-009;T-013;T-012;T-014,PH0/NAT-V1_online.xlsx#xl/worksheets/sheet48.xml:F; literal=PH1/literal_cells.csv; formulas=PH1/formula_patterns_and_dependencies.json,false,실행시점 online XLSX + native 8행 관측; 원본 내용 이관 아님,PH1 상세 설계 초안 · 온라인 작성/이관/운영 시험 미실행,미실행,미실행,명세 정적 coverage만 확인; 운영 시험 아님
NAT-V1,1mTRKFfCFtiTmuAR6QwrslcBI6Q-wutYzVP_weDAW9uI,1916985706,90_출처_레지스트리,G,NAT-V1:1916985706:G,사용 범위,string,input,셀 내용 전수의 literal/formula/헤더 기반 초안,MAP-084,"[{""file_code"":""C00"",""table"":""출처레지스트리"",""field"":""usage_scope"",""role"":""input"",""rule"":""ID·URL·판본·시점·정본 상태 원문 보존. 양 파일에서 ID가 같아도 내용이 다르면 source_namespace로 분리하여 충돌표에 등록."",""source_selector"":""all_data_rows""}]",원문·기존 ID·값 상태·설정 상태·근거·판본을 보존하고 확정 상태를 새로 추정하지 않음. legacy_locator를 이관레코드 관계로 연결.,C-03,T-004;T-009;T-013;T-012;T-014,PH0/NAT-V1_online.xlsx#xl/worksheets/sheet48.xml:G; literal=PH1/literal_cells.csv; formulas=PH1/formula_patterns_and_dependencies.json,false,실행시점 online XLSX + native 8행 관측; 원본 내용 이관 아님,PH1 상세 설계 초안 · 온라인 작성/이관/운영 시험 미실행,미실행,미실행,명세 정적 coverage만 확인; 운영 시험 아님
NAT-V1,1mTRKFfCFtiTmuAR6QwrslcBI6Q-wutYzVP_weDAW9uI,1916985706,90_출처_레지스트리,H,NAT-V1:1916985706:H,비고,string,input,셀 내용 전수의 literal/formula/헤더 기반 초안,MAP-084,"[{""file_code"":""C00"",""table"":""출처레지스트리"",""field"":""notes"",""role"":""input"",""rule"":""ID·URL·판본·시점·정본 상태 원문 보존. 양 파일에서 ID가 같아도 내용이 다르면 source_namespace로 분리하여 충돌표에 등록."",""source_selector"":""all_data_rows""}]",원문·기존 ID·값 상태·설정 상태·근거·판본을 보존하고 확정 상태를 새로 추정하지 않음. legacy_locator를 이관레코드 관계로 연결.,C-03,T-004;T-009;T-013;T-012;T-014,PH0/NAT-V1_online.xlsx#xl/worksheets/sheet48.xml:H; literal=PH1/literal_cells.csv; formulas=PH1/formula_patterns_and_dependencies.json,false,실행시점 online XLSX + native 8행 관측; 원본 내용 이관 아님,PH1 상세 설계 초안 · 온라인 작성/이관/운영 시험 미실행,미실행,미실행,명세 정적 coverage만 확인; 운영 시험 아님
NAT-V1,1mTRKFfCFtiTmuAR6QwrslcBI6Q-wutYzVP_weDAW9uI,920230023,91_스키마_안내,A,NAT-V1:920230023:A,범주,string,input,셀 내용 전수의 literal/formula/헤더 기반 초안,MAP-085,"[{""file_code"":""C00"",""table"":""구판운영기록"",""field"":""category"",""role"":""archive"",""rule"":""행2~39는 구판 설계/안내, 행41~74는 과거 시험·변경 기록. 2026-09-23 통과 문구를 V2 시험결과로 복제하지 않음; 모든 행은 snapshot_id·원래 row로 추적."",""source_selector"":""all_data_rows""},{""file_code"":""H90"",""table"":""기능대응안내"",""field"":""category"",""role"":""display"",""rule"":""현재 owner/기능명세/실제 V2 주소가 생긴 뒤 새 안내를 작성; 옛 수식 좌표·완료 상태는 근거로만 연결."",""source_selector"":""legacy_function_reference_only""}]",원문·기존 ID·값 상태·설정 상태·근거·판본을 보존하고 확정 상태를 새로 추정하지 않음. legacy_locator를 이관레코드 관계로 연결.,H-09,T-004;T-009;T-013;T-068;T-078;T-084,PH0/NAT-V1_online.xlsx#xl/worksheets/sheet49.xml:A; literal=PH1/literal_cells.csv; formulas=PH1/formula_patterns_and_dependencies.json,false,실행시점 online XLSX + native 8행 관측; 원본 내용 이관 아님,PH1 상세 설계 초안 · 온라인 작성/이관/운영 시험 미실행,미실행,미실행,명세 정적 coverage만 확인; 운영 시험 아님
NAT-V1,1mTRKFfCFtiTmuAR6QwrslcBI6Q-wutYzVP_weDAW9uI,920230023,91_스키마_안내,B,NAT-V1:920230023:B,변경·역할,string,mixed_input_formula_review,셀 내용 전수의 literal/formula/헤더 기반 초안,MAP-085,"[{""file_code"":""C00"",""table"":""구판운영기록"",""field"":""summary_raw"",""role"":""archive"",""rule"":""행2~39는 구판 설계/안내, 행41~74는 과거 시험·변경 기록. 2026-09-23 통과 문구를 V2 시험결과로 복제하지 않음; 모든 행은 snapshot_id·원래 row로 추적."",""source_selector"":""all_data_rows""},{""file_code"":""H90"",""table"":""기능대응안내"",""field"":""summary"",""role"":""display"",""rule"":""현재 owner/기능명세/실제 V2 주소가 생긴 뒤 새 안내를 작성; 옛 수식 좌표·완료 상태는 근거로만 연결."",""source_selector"":""legacy_function_reference_only""}]",원문·기존 ID·값 상태·설정 상태·근거·판본을 보존하고 확정 상태를 새로 추정하지 않음. legacy_locator를 이관레코드 관계로 연결.,H-09,T-004;T-009;T-013;T-068;T-078;T-084,PH0/NAT-V1_online.xlsx#xl/worksheets/sheet49.xml:B; literal=PH1/literal_cells.csv; formulas=PH1/formula_patterns_and_dependencies.json,false,실행시점 online XLSX + native 8행 관측; 원본 내용 이관 아님,PH1 상세 설계 초안 · 온라인 작성/이관/운영 시험 미실행,미실행,미실행,명세 정적 coverage만 확인; 운영 시험 아님
NAT-V1,1mTRKFfCFtiTmuAR6QwrslcBI6Q-wutYzVP_weDAW9uI,920230023,91_스키마_안내,C,NAT-V1:920230023:C,사용 방법·ID 관계,string,input,셀 내용 전수의 literal/formula/헤더 기반 초안,MAP-085,"[{""file_code"":""C00"",""table"":""구판운영기록"",""field"":""detail_raw"",""role"":""archive"",""rule"":""행2~39는 구판 설계/안내, 행41~74는 과거 시험·변경 기록. 2026-09-23 통과 문구를 V2 시험결과로 복제하지 않음; 모든 행은 snapshot_id·원래 row로 추적."",""source_selector"":""all_data_rows""},{""file_code"":""H90"",""table"":""기능대응안내"",""field"":""detail"",""role"":""display"",""rule"":""현재 owner/기능명세/실제 V2 주소가 생긴 뒤 새 안내를 작성; 옛 수식 좌표·완료 상태는 근거로만 연결."",""source_selector"":""legacy_function_reference_only""}]",원문·기존 ID·값 상태·설정 상태·근거·판본을 보존하고 확정 상태를 새로 추정하지 않음. legacy_locator를 이관레코드 관계로 연결.,H-09,T-004;T-009;T-013;T-068;T-078;T-084,PH0/NAT-V1_online.xlsx#xl/worksheets/sheet49.xml:C; literal=PH1/literal_cells.csv; formulas=PH1/formula_patterns_and_dependencies.json,false,실행시점 online XLSX + native 8행 관측; 원본 내용 이관 아님,PH1 상세 설계 초안 · 온라인 작성/이관/운영 시험 미실행,미실행,미실행,명세 정적 coverage만 확인; 운영 시험 아님
NAT-V1,1mTRKFfCFtiTmuAR6QwrslcBI6Q-wutYzVP_weDAW9uI,920230023,91_스키마_안내,D,NAT-V1:920230023:D,주의·판단 필요사항,string,input,셀 내용 전수의 literal/formula/헤더 기반 초안,MAP-085,"[{""file_code"":""C00"",""table"":""구판운영기록"",""field"":""scope_and_caution_raw"",""role"":""archive"",""rule"":""행2~39는 구판 설계/안내, 행41~74는 과거 시험·변경 기록. 2026-09-23 통과 문구를 V2 시험결과로 복제하지 않음; 모든 행은 snapshot_id·원래 row로 추적."",""source_selector"":""all_data_rows""},{""file_code"":""H90"",""table"":""기능대응안내"",""field"":""scope_and_caution"",""role"":""display"",""rule"":""현재 owner/기능명세/실제 V2 주소가 생긴 뒤 새 안내를 작성; 옛 수식 좌표·완료 상태는 근거로만 연결."",""source_selector"":""legacy_function_reference_only""}]",원문·기존 ID·값 상태·설정 상태·근거·판본을 보존하고 확정 상태를 새로 추정하지 않음. legacy_locator를 이관레코드 관계로 연결.,H-09,T-004;T-009;T-013;T-068;T-078;T-084,PH0/NAT-V1_online.xlsx#xl/worksheets/sheet49.xml:D; literal=PH1/literal_cells.csv; formulas=PH1/formula_patterns_and_dependencies.json,false,실행시점 online XLSX + native 8행 관측; 원본 내용 이관 아님,PH1 상세 설계 초안 · 온라인 작성/이관/운영 시험 미실행,미실행,미실행,명세 정적 coverage만 확인; 운영 시험 아님
NAT-V1,1mTRKFfCFtiTmuAR6QwrslcBI6Q-wutYzVP_weDAW9uI,920230024,98_검증_요약,A,NAT-V1:920230024:A,검사항목,string,input,셀 내용 전수의 literal/formula/헤더 기반 초안,MAP-086,"[{""file_code"":""H90"",""table"":""이전검증기록"",""field"":""check_group"",""role"":""archive"",""rule"":""기존 정의·수식/캐시·설명과 원래 위치를 snapshot_id로 보존. 이전 결과를 새 run_id의 성공으로 가져오지 않음."",""source_selector"":""all_data_rows""},{""file_code"":""H90"",""table"":""검사요약"",""field"":""check_group"",""role"":""validation"",""rule"":""분야 소유 검사를 읽거나 H90 교차검사를 실제 실행 후 기록. 검사대상0은 no_subject, 연결 미확인은 unverified, 실행 전은 not_run. 오류 하위식 실패를 정상0 집계로 숨기지 않음."",""source_selector"":""all_data_rows""}]",원문·기존 ID·값 상태·설정 상태·근거·판본을 보존하고 확정 상태를 새로 추정하지 않음. legacy_locator를 이관레코드 관계로 연결.,H-06;H-08,T-004;T-009;T-013;T-066;T-070;T-073;T-078;T-079,PH0/NAT-V1_online.xlsx#xl/worksheets/sheet50.xml:A; literal=PH1/literal_cells.csv; formulas=PH1/formula_patterns_and_dependencies.json,false,실행시점 online XLSX + native 8행 관측; 원본 내용 이관 아님,PH1 상세 설계 초안 · 온라인 작성/이관/운영 시험 미실행,미실행,미실행,명세 정적 coverage만 확인; 운영 시험 아님
NAT-V1,1mTRKFfCFtiTmuAR6QwrslcBI6Q-wutYzVP_weDAW9uI,920230024,98_검증_요약,B,NAT-V1:920230024:B,정상,string,mixed_input_formula_review,셀 내용 전수의 literal/formula/헤더 기반 초안,MAP-086,"[{""file_code"":""H90"",""table"":""이전검증기록"",""field"":""passed_count"",""role"":""archive"",""rule"":""기존 정의·수식/캐시·설명과 원래 위치를 snapshot_id로 보존. 이전 결과를 새 run_id의 성공으로 가져오지 않음."",""source_selector"":""all_data_rows""},{""file_code"":""H90"",""table"":""검사요약"",""field"":""passed_count"",""role"":""validation"",""rule"":""분야 소유 검사를 읽거나 H90 교차검사를 실제 실행 후 기록. 검사대상0은 no_subject, 연결 미확인은 unverified, 실행 전은 not_run. 오류 하위식 실패를 정상0 집계로 숨기지 않음."",""source_selector"":""all_data_rows""}]",원문·기존 ID·값 상태·설정 상태·근거·판본을 보존하고 확정 상태를 새로 추정하지 않음. legacy_locator를 이관레코드 관계로 연결.,H-06;H-08,T-004;T-009;T-013;T-066;T-070;T-073;T-078;T-079,PH0/NAT-V1_online.xlsx#xl/worksheets/sheet50.xml:B; literal=PH1/literal_cells.csv; formulas=PH1/formula_patterns_and_dependencies.json,false,실행시점 online XLSX + native 8행 관측; 원본 내용 이관 아님,PH1 상세 설계 초안 · 온라인 작성/이관/운영 시험 미실행,미실행,미실행,명세 정적 coverage만 확인; 운영 시험 아님
NAT-V1,1mTRKFfCFtiTmuAR6QwrslcBI6Q-wutYzVP_weDAW9uI,920230024,98_검증_요약,C,NAT-V1:920230024:C,경고,string,validation,셀 내용 전수의 literal/formula/헤더 기반 초안,MAP-086,"[{""file_code"":""H90"",""table"":""이전검증기록"",""field"":""warning_count"",""role"":""archive"",""rule"":""기존 정의·수식/캐시·설명과 원래 위치를 snapshot_id로 보존. 이전 결과를 새 run_id의 성공으로 가져오지 않음."",""source_selector"":""all_data_rows""},{""file_code"":""H90"",""table"":""검사요약"",""field"":""warning_count"",""role"":""validation"",""rule"":""분야 소유 검사를 읽거나 H90 교차검사를 실제 실행 후 기록. 검사대상0은 no_subject, 연결 미확인은 unverified, 실행 전은 not_run. 오류 하위식 실패를 정상0 집계로 숨기지 않음."",""source_selector"":""all_data_rows""}]",원문·기존 ID·값 상태·설정 상태·근거·판본을 보존하고 확정 상태를 새로 추정하지 않음. legacy_locator를 이관레코드 관계로 연결.,H-06;H-08,T-004;T-009;T-013;T-066;T-070;T-073;T-078;T-079,PH0/NAT-V1_online.xlsx#xl/worksheets/sheet50.xml:C; literal=PH1/literal_cells.csv; formulas=PH1/formula_patterns_and_dependencies.json,false,실행시점 online XLSX + native 8행 관측; 원본 내용 이관 아님,PH1 상세 설계 초안 · 온라인 작성/이관/운영 시험 미실행,미실행,미실행,명세 정적 coverage만 확인; 운영 시험 아님
NAT-V1,1mTRKFfCFtiTmuAR6QwrslcBI6Q-wutYzVP_weDAW9uI,920230024,98_검증_요약,D,NAT-V1:920230024:D,오류,string,validation,셀 내용 전수의 literal/formula/헤더 기반 초안,MAP-086,"[{""file_code"":""H90"",""table"":""이전검증기록"",""field"":""error_count"",""role"":""archive"",""rule"":""기존 정의·수식/캐시·설명과 원래 위치를 snapshot_id로 보존. 이전 결과를 새 run_id의 성공으로 가져오지 않음."",""source_selector"":""all_data_rows""},{""file_code"":""H90"",""table"":""검사요약"",""field"":""error_count"",""role"":""validation"",""rule"":""분야 소유 검사를 읽거나 H90 교차검사를 실제 실행 후 기록. 검사대상0은 no_subject, 연결 미확인은 unverified, 실행 전은 not_run. 오류 하위식 실패를 정상0 집계로 숨기지 않음."",""source_selector"":""all_data_rows""}]",원문·기존 ID·값 상태·설정 상태·근거·판본을 보존하고 확정 상태를 새로 추정하지 않음. legacy_locator를 이관레코드 관계로 연결.,H-06;H-08,T-004;T-009;T-013;T-066;T-070;T-073;T-078;T-079,PH0/NAT-V1_online.xlsx#xl/worksheets/sheet50.xml:D; literal=PH1/literal_cells.csv; formulas=PH1/formula_patterns_and_dependencies.json,false,실행시점 online XLSX + native 8행 관측; 원본 내용 이관 아님,PH1 상세 설계 초안 · 온라인 작성/이관/운영 시험 미실행,미실행,미실행,명세 정적 coverage만 확인; 운영 시험 아님
NAT-V1,1mTRKFfCFtiTmuAR6QwrslcBI6Q-wutYzVP_weDAW9uI,920230024,98_검증_요약,E,NAT-V1:920230024:E,제외·안내,string,formula,셀 내용 전수의 literal/formula/헤더 기반 초안,MAP-086,"[{""file_code"":""H90"",""table"":""이전검증기록"",""field"":""excluded_count"",""role"":""archive"",""rule"":""기존 정의·수식/캐시·설명과 원래 위치를 snapshot_id로 보존. 이전 결과를 새 run_id의 성공으로 가져오지 않음."",""source_selector"":""all_data_rows""},{""file_code"":""H90"",""table"":""검사요약"",""field"":""excluded_count"",""role"":""validation"",""rule"":""분야 소유 검사를 읽거나 H90 교차검사를 실제 실행 후 기록. 검사대상0은 no_subject, 연결 미확인은 unverified, 실행 전은 not_run. 오류 하위식 실패를 정상0 집계로 숨기지 않음."",""source_selector"":""all_data_rows""}]",원문·기존 ID·값 상태·설정 상태·근거·판본을 보존하고 확정 상태를 새로 추정하지 않음. legacy_locator를 이관레코드 관계로 연결.,H-06;H-08,T-004;T-009;T-013;T-066;T-070;T-073;T-078;T-079,PH0/NAT-V1_online.xlsx#xl/worksheets/sheet50.xml:E; literal=PH1/literal_cells.csv; formulas=PH1/formula_patterns_and_dependencies.json,false,실행시점 online XLSX + native 8행 관측; 원본 내용 이관 아님,PH1 상세 설계 초안 · 온라인 작성/이관/운영 시험 미실행,미실행,미실행,명세 정적 coverage만 확인; 운영 시험 아님
NAT-V1,1mTRKFfCFtiTmuAR6QwrslcBI6Q-wutYzVP_weDAW9uI,920230024,98_검증_요약,F,NAT-V1:920230024:F,상태,string,formula,셀 내용 전수의 literal/formula/헤더 기반 초안,MAP-086,"[{""file_code"":""H90"",""table"":""이전검증기록"",""field"":""run_status"",""role"":""archive"",""rule"":""기존 정의·수식/캐시·설명과 원래 위치를 snapshot_id로 보존. 이전 결과를 새 run_id의 성공으로 가져오지 않음."",""source_selector"":""all_data_rows""},{""file_code"":""H90"",""table"":""검사요약"",""field"":""run_status"",""role"":""validation"",""rule"":""분야 소유 검사를 읽거나 H90 교차검사를 실제 실행 후 기록. 검사대상0은 no_subject, 연결 미확인은 unverified, 실행 전은 not_run. 오류 하위식 실패를 정상0 집계로 숨기지 않음."",""source_selector"":""all_data_rows""}]",원문·기존 ID·값 상태·설정 상태·근거·판본을 보존하고 확정 상태를 새로 추정하지 않음. legacy_locator를 이관레코드 관계로 연결.,H-06;H-08,T-004;T-009;T-013;T-066;T-070;T-073;T-078;T-079,PH0/NAT-V1_online.xlsx#xl/worksheets/sheet50.xml:F; literal=PH1/literal_cells.csv; formulas=PH1/formula_patterns_and_dependencies.json,false,실행시점 online XLSX + native 8행 관측; 원본 내용 이관 아님,PH1 상세 설계 초안 · 온라인 작성/이관/운영 시험 미실행,미실행,미실행,명세 정적 coverage만 확인; 운영 시험 아님
NAT-V1,1mTRKFfCFtiTmuAR6QwrslcBI6Q-wutYzVP_weDAW9uI,920230024,98_검증_요약,G,NAT-V1:920230024:G,상세 보기,string,input,셀 내용 전수의 literal/formula/헤더 기반 초안,MAP-086,"[{""file_code"":""H90"",""table"":""이전검증기록"",""field"":""detail_link"",""role"":""archive"",""rule"":""기존 정의·수식/캐시·설명과 원래 위치를 snapshot_id로 보존. 이전 결과를 새 run_id의 성공으로 가져오지 않음."",""source_selector"":""all_data_rows""},{""file_code"":""H90"",""table"":""검사요약"",""field"":""detail_link"",""role"":""validation"",""rule"":""분야 소유 검사를 읽거나 H90 교차검사를 실제 실행 후 기록. 검사대상0은 no_subject, 연결 미확인은 unverified, 실행 전은 not_run. 오류 하위식 실패를 정상0 집계로 숨기지 않음."",""source_selector"":""all_data_rows""}]",원문·기존 ID·값 상태·설정 상태·근거·판본을 보존하고 확정 상태를 새로 추정하지 않음. legacy_locator를 이관레코드 관계로 연결.,H-06;H-08,T-004;T-009;T-013;T-066;T-070;T-073;T-078;T-079,PH0/NAT-V1_online.xlsx#xl/worksheets/sheet50.xml:G; literal=PH1/literal_cells.csv; formulas=PH1/formula_patterns_and_dependencies.json,false,실행시점 online XLSX + native 8행 관측; 원본 내용 이관 아님,PH1 상세 설계 초안 · 온라인 작성/이관/운영 시험 미실행,미실행,미실행,명세 정적 coverage만 확인; 운영 시험 아님
NAT-V1,1mTRKFfCFtiTmuAR6QwrslcBI6Q-wutYzVP_weDAW9uI,920230024,98_검증_요약,H,NAT-V1:920230024:H,설명,string,input,셀 내용 전수의 literal/formula/헤더 기반 초안,MAP-086,"[{""file_code"":""H90"",""table"":""이전검증기록"",""field"":""description"",""role"":""archive"",""rule"":""기존 정의·수식/캐시·설명과 원래 위치를 snapshot_id로 보존. 이전 결과를 새 run_id의 성공으로 가져오지 않음."",""source_selector"":""all_data_rows""},{""file_code"":""H90"",""table"":""검사요약"",""field"":""description"",""role"":""validation"",""rule"":""분야 소유 검사를 읽거나 H90 교차검사를 실제 실행 후 기록. 검사대상0은 no_subject, 연결 미확인은 unverified, 실행 전은 not_run. 오류 하위식 실패를 정상0 집계로 숨기지 않음."",""source_selector"":""all_data_rows""}]",원문·기존 ID·값 상태·설정 상태·근거·판본을 보존하고 확정 상태를 새로 추정하지 않음. legacy_locator를 이관레코드 관계로 연결.,H-06;H-08,T-004;T-009;T-013;T-066;T-070;T-073;T-078;T-079,PH0/NAT-V1_online.xlsx#xl/worksheets/sheet50.xml:H; literal=PH1/literal_cells.csv; formulas=PH1/formula_patterns_and_dependencies.json,false,실행시점 online XLSX + native 8행 관측; 원본 내용 이관 아님,PH1 상세 설계 초안 · 온라인 작성/이관/운영 시험 미실행,미실행,미실행,명세 정적 coverage만 확인; 운영 시험 아님
NAT-V1,1mTRKFfCFtiTmuAR6QwrslcBI6Q-wutYzVP_weDAW9uI,2010261323,99_검증_상세,A,NAT-V1:2010261323:A,검사,string,input,셀 내용 전수의 literal/formula/헤더 기반 초안,MAP-087,"[{""file_code"":""H90"",""table"":""이전검증기록"",""field"":""check_name"",""role"":""archive"",""rule"":""기존 정의·수식/캐시·설명과 원래 위치를 snapshot_id로 보존. 이전 결과를 새 run_id의 성공으로 가져오지 않음."",""source_selector"":""all_data_rows""},{""file_code"":""H90"",""table"":""검사결과"",""field"":""check_name"",""role"":""validation"",""rule"":""분야 소유 검사를 읽거나 H90 교차검사를 실제 실행 후 기록. 검사대상0은 no_subject, 연결 미확인은 unverified, 실행 전은 not_run. 오류 하위식 실패를 정상0 집계로 숨기지 않음."",""source_selector"":""all_data_rows""}]",원문·기존 ID·값 상태·설정 상태·근거·판본을 보존하고 확정 상태를 새로 추정하지 않음. legacy_locator를 이관레코드 관계로 연결.,H-06;H-08,T-004;T-009;T-013;T-066;T-070;T-073;T-078;T-079,PH0/NAT-V1_online.xlsx#xl/worksheets/sheet51.xml:A; literal=PH1/literal_cells.csv; formulas=PH1/formula_patterns_and_dependencies.json,false,실행시점 online XLSX + native 8행 관측; 원본 내용 이관 아님,PH1 상세 설계 초안 · 온라인 작성/이관/운영 시험 미실행,미실행,미실행,명세 정적 coverage만 확인; 운영 시험 아님
NAT-V1,1mTRKFfCFtiTmuAR6QwrslcBI6Q-wutYzVP_weDAW9uI,2010261323,99_검증_상세,B,NAT-V1:2010261323:B,시트,string,input,셀 내용 전수의 literal/formula/헤더 기반 초안,MAP-087,"[{""file_code"":""H90"",""table"":""이전검증기록"",""field"":""source_table"",""role"":""archive"",""rule"":""기존 정의·수식/캐시·설명과 원래 위치를 snapshot_id로 보존. 이전 결과를 새 run_id의 성공으로 가져오지 않음."",""source_selector"":""all_data_rows""},{""file_code"":""H90"",""table"":""검사결과"",""field"":""source_table"",""role"":""validation"",""rule"":""분야 소유 검사를 읽거나 H90 교차검사를 실제 실행 후 기록. 검사대상0은 no_subject, 연결 미확인은 unverified, 실행 전은 not_run. 오류 하위식 실패를 정상0 집계로 숨기지 않음."",""source_selector"":""all_data_rows""}]",원문·기존 ID·값 상태·설정 상태·근거·판본을 보존하고 확정 상태를 새로 추정하지 않음. legacy_locator를 이관레코드 관계로 연결.,H-06;H-08,T-004;T-009;T-013;T-066;T-070;T-073;T-078;T-079,PH0/NAT-V1_online.xlsx#xl/worksheets/sheet51.xml:B; literal=PH1/literal_cells.csv; formulas=PH1/formula_patterns_and_dependencies.json,false,실행시점 online XLSX + native 8행 관측; 원본 내용 이관 아님,PH1 상세 설계 초안 · 온라인 작성/이관/운영 시험 미실행,미실행,미실행,명세 정적 coverage만 확인; 운영 시험 아님
NAT-V1,1mTRKFfCFtiTmuAR6QwrslcBI6Q-wutYzVP_weDAW9uI,2010261323,99_검증_상세,C,NAT-V1:2010261323:C,대상 ID/연도,string,mixed_input_formula_review,셀 내용 전수의 literal/formula/헤더 기반 초안,MAP-087,"[{""file_code"":""H90"",""table"":""이전검증기록"",""field"":""target_reference"",""role"":""archive"",""rule"":""기존 정의·수식/캐시·설명과 원래 위치를 snapshot_id로 보존. 이전 결과를 새 run_id의 성공으로 가져오지 않음."",""source_selector"":""all_data_rows""},{""file_code"":""H90"",""table"":""검사결과"",""field"":""target_reference"",""role"":""validation"",""rule"":""분야 소유 검사를 읽거나 H90 교차검사를 실제 실행 후 기록. 검사대상0은 no_subject, 연결 미확인은 unverified, 실행 전은 not_run. 오류 하위식 실패를 정상0 집계로 숨기지 않음."",""source_selector"":""all_data_rows""}]",원문·기존 ID·값 상태·설정 상태·근거·판본을 보존하고 확정 상태를 새로 추정하지 않음. legacy_locator를 이관레코드 관계로 연결.,H-06;H-08,T-004;T-009;T-013;T-066;T-070;T-073;T-078;T-079,PH0/NAT-V1_online.xlsx#xl/worksheets/sheet51.xml:C; literal=PH1/literal_cells.csv; formulas=PH1/formula_patterns_and_dependencies.json,false,실행시점 online XLSX + native 8행 관측; 원본 내용 이관 아님,PH1 상세 설계 초안 · 온라인 작성/이관/운영 시험 미실행,미실행,미실행,명세 정적 coverage만 확인; 운영 시험 아님
NAT-V1,1mTRKFfCFtiTmuAR6QwrslcBI6Q-wutYzVP_weDAW9uI,2010261323,99_검증_상세,D,NAT-V1:2010261323:D,결과,string,mixed_input_formula_review,셀 내용 전수의 literal/formula/헤더 기반 초안,MAP-087,"[{""file_code"":""H90"",""table"":""이전검증기록"",""field"":""result_raw"",""role"":""archive"",""rule"":""기존 정의·수식/캐시·설명과 원래 위치를 snapshot_id로 보존. 이전 결과를 새 run_id의 성공으로 가져오지 않음."",""source_selector"":""all_data_rows""},{""file_code"":""H90"",""table"":""검사결과"",""field"":""outcome"",""role"":""validation"",""rule"":""분야 소유 검사를 읽거나 H90 교차검사를 실제 실행 후 기록. 검사대상0은 no_subject, 연결 미확인은 unverified, 실행 전은 not_run. 오류 하위식 실패를 정상0 집계로 숨기지 않음."",""source_selector"":""all_data_rows""}]",원문·기존 ID·값 상태·설정 상태·근거·판본을 보존하고 확정 상태를 새로 추정하지 않음. legacy_locator를 이관레코드 관계로 연결.,H-06;H-08,T-004;T-009;T-013;T-066;T-070;T-073;T-078;T-079,PH0/NAT-V1_online.xlsx#xl/worksheets/sheet51.xml:D; literal=PH1/literal_cells.csv; formulas=PH1/formula_patterns_and_dependencies.json,false,실행시점 online XLSX + native 8행 관측; 원본 내용 이관 아님,PH1 상세 설계 초안 · 온라인 작성/이관/운영 시험 미실행,미실행,미실행,명세 정적 coverage만 확인; 운영 시험 아님
NAT-V1,1mTRKFfCFtiTmuAR6QwrslcBI6Q-wutYzVP_weDAW9uI,2010261323,99_검증_상세,E,NAT-V1:2010261323:E,기준·조치,string,input,셀 내용 전수의 literal/formula/헤더 기반 초안,MAP-087,"[{""file_code"":""H90"",""table"":""이전검증기록"",""field"":""action_rule_raw"",""role"":""archive"",""rule"":""기존 정의·수식/캐시·설명과 원래 위치를 snapshot_id로 보존. 이전 결과를 새 run_id의 성공으로 가져오지 않음."",""source_selector"":""all_data_rows""},{""file_code"":""H90"",""table"":""검사결과"",""field"":""action_rule"",""role"":""validation"",""rule"":""분야 소유 검사를 읽거나 H90 교차검사를 실제 실행 후 기록. 검사대상0은 no_subject, 연결 미확인은 unverified, 실행 전은 not_run. 오류 하위식 실패를 정상0 집계로 숨기지 않음."",""source_selector"":""all_data_rows""}]",원문·기존 ID·값 상태·설정 상태·근거·판본을 보존하고 확정 상태를 새로 추정하지 않음. legacy_locator를 이관레코드 관계로 연결.,H-06;H-08,T-004;T-009;T-013;T-066;T-070;T-073;T-078;T-079,PH0/NAT-V1_online.xlsx#xl/worksheets/sheet51.xml:E; literal=PH1/literal_cells.csv; formulas=PH1/formula_patterns_and_dependencies.json,false,실행시점 online XLSX + native 8행 관측; 원본 내용 이관 아님,PH1 상세 설계 초안 · 온라인 작성/이관/운영 시험 미실행,미실행,미실행,명세 정적 coverage만 확인; 운영 시험 아님
NAT-V1,1mTRKFfCFtiTmuAR6QwrslcBI6Q-wutYzVP_weDAW9uI,2010261323,99_검증_상세,F,NAT-V1:2010261323:F,심각도,string,formula,셀 내용 전수의 literal/formula/헤더 기반 초안,MAP-087,"[{""file_code"":""H90"",""table"":""이전검증기록"",""field"":""severity"",""role"":""archive"",""rule"":""기존 정의·수식/캐시·설명과 원래 위치를 snapshot_id로 보존. 이전 결과를 새 run_id의 성공으로 가져오지 않음."",""source_selector"":""all_data_rows""},{""file_code"":""H90"",""table"":""검사결과"",""field"":""severity"",""role"":""validation"",""rule"":""분야 소유 검사를 읽거나 H90 교차검사를 실제 실행 후 기록. 검사대상0은 no_subject, 연결 미확인은 unverified, 실행 전은 not_run. 오류 하위식 실패를 정상0 집계로 숨기지 않음."",""source_selector"":""all_data_rows""}]",원문·기존 ID·값 상태·설정 상태·근거·판본을 보존하고 확정 상태를 새로 추정하지 않음. legacy_locator를 이관레코드 관계로 연결.,H-06;H-08,T-004;T-009;T-013;T-066;T-070;T-073;T-078;T-079,PH0/NAT-V1_online.xlsx#xl/worksheets/sheet51.xml:F; literal=PH1/literal_cells.csv; formulas=PH1/formula_patterns_and_dependencies.json,false,실행시점 online XLSX + native 8행 관측; 원본 내용 이관 아님,PH1 상세 설계 초안 · 온라인 작성/이관/운영 시험 미실행,미실행,미실행,명세 정적 coverage만 확인; 운영 시험 아님
NAT-V1,1mTRKFfCFtiTmuAR6QwrslcBI6Q-wutYzVP_weDAW9uI,2010261323,99_검증_상세,G,NAT-V1:2010261323:G,원자료로 이동,string,mixed_input_formula_review,셀 내용 전수의 literal/formula/헤더 기반 초안,MAP-087,"[{""file_code"":""H90"",""table"":""이전검증기록"",""field"":""source_link"",""role"":""archive"",""rule"":""기존 정의·수식/캐시·설명과 원래 위치를 snapshot_id로 보존. 이전 결과를 새 run_id의 성공으로 가져오지 않음."",""source_selector"":""all_data_rows""},{""file_code"":""H90"",""table"":""검사결과"",""field"":""source_link"",""role"":""validation"",""rule"":""분야 소유 검사를 읽거나 H90 교차검사를 실제 실행 후 기록. 검사대상0은 no_subject, 연결 미확인은 unverified, 실행 전은 not_run. 오류 하위식 실패를 정상0 집계로 숨기지 않음."",""source_selector"":""all_data_rows""}]",원문·기존 ID·값 상태·설정 상태·근거·판본을 보존하고 확정 상태를 새로 추정하지 않음. legacy_locator를 이관레코드 관계로 연결.,H-06;H-08,T-004;T-009;T-013;T-066;T-070;T-073;T-078;T-079,PH0/NAT-V1_online.xlsx#xl/worksheets/sheet51.xml:G; literal=PH1/literal_cells.csv; formulas=PH1/formula_patterns_and_dependencies.json,false,실행시점 online XLSX + native 8행 관측; 원본 내용 이관 아님,PH1 상세 설계 초안 · 온라인 작성/이관/운영 시험 미실행,미실행,미실행,명세 정적 coverage만 확인; 운영 시험 아님
NAT-V1,1mTRKFfCFtiTmuAR6QwrslcBI6Q-wutYzVP_weDAW9uI,2010261323,99_검증_상세,H,NAT-V1:2010261323:H,원자료 행,"string,number",mixed_input_formula_review,셀 내용 전수의 literal/formula/헤더 기반 초안,MAP-087,"[{""file_code"":""H90"",""table"":""이전검증기록"",""field"":""source_row"",""role"":""archive"",""rule"":""기존 정의·수식/캐시·설명과 원래 위치를 snapshot_id로 보존. 이전 결과를 새 run_id의 성공으로 가져오지 않음."",""source_selector"":""all_data_rows""},{""file_code"":""H90"",""table"":""검사결과"",""field"":""source_row"",""role"":""validation"",""rule"":""분야 소유 검사를 읽거나 H90 교차검사를 실제 실행 후 기록. 검사대상0은 no_subject, 연결 미확인은 unverified, 실행 전은 not_run. 오류 하위식 실패를 정상0 집계로 숨기지 않음."",""source_selector"":""all_data_rows""}]",원문·기존 ID·값 상태·설정 상태·근거·판본을 보존하고 확정 상태를 새로 추정하지 않음. legacy_locator를 이관레코드 관계로 연결.,H-06;H-08,T-004;T-009;T-013;T-066;T-070;T-073;T-078;T-079,PH0/NAT-V1_online.xlsx#xl/worksheets/sheet51.xml:H; literal=PH1/literal_cells.csv; formulas=PH1/formula_patterns_and_dependencies.json,false,실행시점 online XLSX + native 8행 관측; 원본 내용 이관 아님,PH1 상세 설계 초안 · 온라인 작성/이관/운영 시험 미실행,미실행,미실행,명세 정적 coverage만 확인; 운영 시험 아님
