source_file_code,source_file_id,source_sheet_id,source_sheet_name,source_column,source_field_id,source_field,header_rows,header_original,source_type,source_role,source_role_evidence,literal_cells,formula_cells,default_false_cells,nonempty_formula_cache_cells,map_id,target_file_code_candidates,target_table_candidates,target_file_code,target_table,target_field,transform_rule,preservation_location,change_reason,approval_or_rule,validation_result,migration_status,header_review_required,targets_json,target_data_type,issue_ids,spec_status
REG-V1,1EACdRIiAPGk4LAbttpXZiJd_cuqIh-cVi4jQsbfmqDw,608402244,01-지역 마스터,A,REG-V1:608402244:A,정렬 / 순서,"1,2","{""rows"": [1, 2], ""values"": [""정렬"", ""순서""]}","string,number",input,"지역 마스터 사용법
• 1행: 표시용 묶음 헤더 / 2행: 실제 열 이름 / 3행부터: 한 행에 한 지역
• 준비된 입력 범위: A3:J1000 (998개 지역)
• 편집기에서 읽을 때: 2행을 헤더로 사용하고, F열 지역 ID가 빈 행은 제외합니다. I열 컬러칩은 표시용이므로 데이터에서 제외합니다.
• 최상위 지역의 상위 지역 ID는 빈칸입니다. 하위 소속은 상위 지역 ID를 역조회합니다.
• 지역 ID는 영구 식별자입니다. 이름·단계·상위 지역이 바뀌어도 바꾸지 않습니다.
• 1000행을 넘기면 필터, 검증·참조 범위와 컬러칩 수식을 함께 확장하세요.
• 기존 '대륙권 단위' 탭은 원본 형식으로 보존되어 있습니다. | 직접 입력. 사람이 보기 위한 정렬 순번입니다. 순서를 바꾸더라도 이미 부여한 ID는 재번호화하지 않습니다.",135,0,0,0,MAP-002,R10,지역목록 / 지역관계,R10,지역목록,sort_order,원문값과 기존 ID·상태·판본·출처를 보존. 해석 가능한 형만 변환하고 원문 value_raw/legacy_locator를 유지.,PH0/REG-V1_online.xlsx#xl/worksheets/sheet2.xml:A; literal=PH1/literal_cells.csv; formulas=PH1/formula_patterns_and_dependencies.json,PH1 대상표·필드·형·처리경로 명세; 원본단일화 및 파생식 재구현,"사용자 시작지시 + 계획서 4.2~4.8,5~8; 정본 승인과 별개",키 중복/외래키 존재/자료형/원문 보존 대조; 행이 없으면 자료 없음이며 시험 통과로 보지 않음.,미실행,false,"[{""file_code"": ""R10"", ""table"": ""지역목록"", ""field"": ""sort_order"", ""role"": ""input"", ""row_condition"": ""all source records"", ""rule"": ""all source records"", ""data_type"": ""integer_nullable"", ""reference"": """"}]",integer_nullable,,명세 작성; 행별 의미 대조/온라인 시험 미실행
REG-V1,1EACdRIiAPGk4LAbttpXZiJd_cuqIh-cVi4jQsbfmqDw,608402244,01-지역 마스터,B,REG-V1:608402244:B,지역명 / 한글 표기,"1,2","{""rows"": [1, 2], ""values"": [""지역명"", ""한글 표기""]}",string,input,직접 입력. 공식 한글 표기명을 기록합니다. 개명 시 ID는 유지하고 이름만 수정합니다.,135,0,0,0,MAP-002,R10,지역목록 / 지역관계,R10,지역목록,name_ko,원문값과 기존 ID·상태·판본·출처를 보존. 해석 가능한 형만 변환하고 원문 value_raw/legacy_locator를 유지.,PH0/REG-V1_online.xlsx#xl/worksheets/sheet2.xml:B; literal=PH1/literal_cells.csv; formulas=PH1/formula_patterns_and_dependencies.json,PH1 대상표·필드·형·처리경로 명세; 원본단일화 및 파생식 재구현,"사용자 시작지시 + 계획서 4.2~4.8,5~8; 정본 승인과 별개",키 중복/외래키 존재/자료형/원문 보존 대조; 행이 없으면 자료 없음이며 시험 통과로 보지 않음.,미실행,false,"[{""file_code"": ""R10"", ""table"": ""지역목록"", ""field"": ""name_ko"", ""role"": ""input"", ""row_condition"": ""all source records"", ""rule"": ""all source records"", ""data_type"": ""text_nullable"", ""reference"": """"}]",text_nullable,,명세 작성; 행별 의미 대조/온라인 시험 미실행
REG-V1,1EACdRIiAPGk4LAbttpXZiJd_cuqIh-cVi4jQsbfmqDw,608402244,01-지역 마스터,C,REG-V1:608402244:C,로마자 표기,"1,2","{""rows"": [1, 2], ""values"": [""로마자 표기""]}",string,input,직접 입력. 해당 항목의 공식 로마자/원어/엘룬 표기를 기록합니다. 표기 규칙이 개정되면 ID는 유지합니다.,134,0,0,0,MAP-002,R10,지역목록 / 지역관계,R10,지역목록,name_roman,원문값과 기존 ID·상태·판본·출처를 보존. 해석 가능한 형만 변환하고 원문 value_raw/legacy_locator를 유지.,PH0/REG-V1_online.xlsx#xl/worksheets/sheet2.xml:C; literal=PH1/literal_cells.csv; formulas=PH1/formula_patterns_and_dependencies.json,PH1 대상표·필드·형·처리경로 명세; 원본단일화 및 파생식 재구현,"사용자 시작지시 + 계획서 4.2~4.8,5~8; 정본 승인과 별개",키 중복/외래키 존재/자료형/원문 보존 대조; 행이 없으면 자료 없음이며 시험 통과로 보지 않음.,미실행,false,"[{""file_code"": ""R10"", ""table"": ""지역목록"", ""field"": ""name_roman"", ""role"": ""input"", ""row_condition"": ""all source records"", ""rule"": ""all source records"", ""data_type"": ""text_nullable"", ""reference"": """"}]",text_nullable,,명세 작성; 행별 의미 대조/온라인 시험 미실행
REG-V1,1EACdRIiAPGk4LAbttpXZiJd_cuqIh-cVi4jQsbfmqDw,608402244,01-지역 마스터,D,REG-V1:608402244:D,엘룬 표기,"1,2","{""rows"": [1, 2], ""values"": [""엘룬 표기""]}",string,input,직접 입력. 해당 항목의 공식 로마자/원어/엘룬 표기를 기록합니다. 표기 규칙이 개정되면 ID는 유지합니다.,134,0,0,0,MAP-002,R10,지역목록 / 지역관계,R10,지역목록,name_elun,원문값과 기존 ID·상태·판본·출처를 보존. 해석 가능한 형만 변환하고 원문 value_raw/legacy_locator를 유지.,PH0/REG-V1_online.xlsx#xl/worksheets/sheet2.xml:D; literal=PH1/literal_cells.csv; formulas=PH1/formula_patterns_and_dependencies.json,PH1 대상표·필드·형·처리경로 명세; 원본단일화 및 파생식 재구현,"사용자 시작지시 + 계획서 4.2~4.8,5~8; 정본 승인과 별개",키 중복/외래키 존재/자료형/원문 보존 대조; 행이 없으면 자료 없음이며 시험 통과로 보지 않음.,미실행,false,"[{""file_code"": ""R10"", ""table"": ""지역목록"", ""field"": ""name_elun"", ""role"": ""input"", ""row_condition"": ""all source records"", ""rule"": ""all source records"", ""data_type"": ""text_nullable"", ""reference"": """"}]",text_nullable,,명세 작성; 행별 의미 대조/온라인 시험 미실행
REG-V1,1EACdRIiAPGk4LAbttpXZiJd_cuqIh-cVi4jQsbfmqDw,608402244,01-지역 마스터,E,REG-V1:608402244:E,지역 분류 / 지역 단계,"1,2","{""rows"": [1, 2], ""values"": [""지역 분류"", ""지역 단계""]}",string,input,직접 입력. 대륙권·전략지역권·광역권·권역권·지역권 등 공간 계층을 기록합니다.,135,0,0,0,MAP-002,R10,지역목록 / 지역관계,R10,지역목록,region_level,원문값과 기존 ID·상태·판본·출처를 보존. 해석 가능한 형만 변환하고 원문 value_raw/legacy_locator를 유지.,PH0/REG-V1_online.xlsx#xl/worksheets/sheet2.xml:E; literal=PH1/literal_cells.csv; formulas=PH1/formula_patterns_and_dependencies.json,PH1 대상표·필드·형·처리경로 명세; 원본단일화 및 파생식 재구현,"사용자 시작지시 + 계획서 4.2~4.8,5~8; 정본 승인과 별개",키 중복/외래키 존재/자료형/원문 보존 대조; 행이 없으면 자료 없음이며 시험 통과로 보지 않음.,미실행,false,"[{""file_code"": ""R10"", ""table"": ""지역목록"", ""field"": ""region_level"", ""role"": ""input"", ""row_condition"": ""all source records"", ""rule"": ""all source records"", ""data_type"": ""text_nullable"", ""reference"": """"}]",text_nullable,,명세 작성; 행별 의미 대조/온라인 시험 미실행
REG-V1,1EACdRIiAPGk4LAbttpXZiJd_cuqIh-cVi4jQsbfmqDw,608402244,01-지역 마스터,F,REG-V1:608402244:F,지역 구분자 / 지역 ID,"1,2","{""rows"": [1, 2], ""values"": [""지역 구분자"", ""지역 ID""]}",string,input,직접 입력. 이 지역 자체에 새로 부여하는 영구 지역 ID입니다. 이름·정렬·소속이 바뀌어도 ID는 유지하고 재번호화하지 않습니다.,135,0,0,0,MAP-002,R10,지역목록 / 지역관계,R10,지역목록,region_id,원문값과 기존 ID·상태·판본·출처를 보존. 해석 가능한 형만 변환하고 원문 value_raw/legacy_locator를 유지.,PH0/REG-V1_online.xlsx#xl/worksheets/sheet2.xml:F; literal=PH1/literal_cells.csv; formulas=PH1/formula_patterns_and_dependencies.json,PH1 대상표·필드·형·처리경로 명세; 원본단일화 및 파생식 재구현,"사용자 시작지시 + 계획서 4.2~4.8,5~8; 정본 승인과 별개",키 중복/외래키 존재/자료형/원문 보존 대조; 행이 없으면 자료 없음이며 시험 통과로 보지 않음.,미실행,false,"[{""file_code"": ""R10"", ""table"": ""지역목록"", ""field"": ""region_id"", ""role"": ""input"", ""row_condition"": ""all source records"", ""rule"": ""all source records"", ""data_type"": ""text_identifier; case preserved"", ""reference"": ""R10.지역목록.region_id""}]",text_identifier; case preserved,,명세 작성; 행별 의미 대조/온라인 시험 미실행
REG-V1,1EACdRIiAPGk4LAbttpXZiJd_cuqIh-cVi4jQsbfmqDw,608402244,01-지역 마스터,G,REG-V1:608402244:G,소속 구분 / 상위 지역 ID 1,"1,2","{""rows"": [1, 2], ""values"": [""소속 구분"", ""상위 지역 ID 1""]}",string,input,직접 입력. 바로 위 계층의 지역 ID를 입력합니다. 전략지역권은 대륙권 ID를 입력합니다.,135,0,0,0,MAP-002,R10,지역목록 / 지역관계,R10,지역관계,parent_region_id,G/I의 비어 있지 않은 부모마다 관계 1행; child_region_id=원행 F; relation_source_slot=원열 유지. 02_지역_관계 같은 부모관계의 두 번째 수동 입력을 만들지 않음. 존재 시작연도 미생성.,PH0/REG-V1_online.xlsx#xl/worksheets/sheet2.xml:G; literal=PH1/literal_cells.csv; formulas=PH1/formula_patterns_and_dependencies.json,PH1 대상표·필드·형·처리경로 명세; 원본단일화 및 파생식 재구현,"사용자 시작지시 + 계획서 4.2~4.8,5~8; 정본 승인과 별개",키 중복/외래키 존재/자료형/원문 보존 대조; 행이 없으면 자료 없음이며 시험 통과로 보지 않음.,미실행,false,"[{""file_code"": ""R10"", ""table"": ""지역관계"", ""field"": ""parent_region_id"", ""role"": ""input"", ""row_condition"": ""parent_region_id_1 nonblank"", ""rule"": ""parent_region_id_1 nonblank"", ""data_type"": ""text_identifier; case preserved"", ""reference"": ""R10.지역목록.region_id""}]",text_identifier; case preserved,R-006,명세 작성; 행별 의미 대조/온라인 시험 미실행
REG-V1,1EACdRIiAPGk4LAbttpXZiJd_cuqIh-cVi4jQsbfmqDw,608402244,01-지역 마스터,H,REG-V1:608402244:H,상위 지역명 1,"1,2","{""rows"": [1, 2], ""values"": [""상위 지역명 1""]}",string,formula,자동 조회 열입니다. 직접 입력하지 않습니다. 대응하는 ID를 입력하면 마스터 시트의 한글명이 표시됩니다.,2,1000,0,132,MAP-002,R10,지역목록 / 지역관계,R10,지역관계_조회계산,parent_name,원 수식과 저장값은 PH0/PH1 증거에 보존. 해당 V2 입력 원본·제공표에서 네이티브 수식으로 재구현. 값으로 이관하거나 입력 원본으로 복제하지 않음. ID→표시명 조회. 조회 실패는 연결오류/미등록 ID를 구별하고 빈문자/0으로 숨기지 않음.,PH0/REG-V1_online.xlsx#xl/worksheets/sheet2.xml:H; literal=PH1/literal_cells.csv; formulas=PH1/formula_patterns_and_dependencies.json,PH1 대상표·필드·형·처리경로 명세; 원본단일화 및 파생식 재구현,"사용자 시작지시 + 계획서 4.2~4.8,5~8; 정본 승인과 별개",실제 Google Sheets 재계산·오류 전파·입력 변경·범위 확장 시험 필요. 현재 미실행.,미실행,false,"[{""file_code"": ""R10"", ""table"": ""지역관계_조회계산"", ""field"": ""parent_name"", ""role"": ""calculated"", ""row_condition"": ""all source records"", ""rule"": ""all source records"", ""data_type"": ""text_nullable"", ""reference"": """"}]",text_nullable,,명세 작성; 행별 의미 대조/온라인 시험 미실행
REG-V1,1EACdRIiAPGk4LAbttpXZiJd_cuqIh-cVi4jQsbfmqDw,608402244,01-지역 마스터,I,REG-V1:608402244:I,상위 지역 ID 2,"1,2","{""rows"": [1, 2], ""values"": [""상위 지역 ID 2""]}",string,input,선택 입력. 복수 대륙에 걸친 전략지역권일 때 두 번째 대륙권 ID를 입력합니다. 그 외 단계에서는 비워 둡니다.,10,0,0,0,MAP-002,R10,지역목록 / 지역관계,R10,지역관계,parent_region_id,G/I의 비어 있지 않은 부모마다 관계 1행; child_region_id=원행 F; relation_source_slot=원열 유지. 02_지역_관계 같은 부모관계의 두 번째 수동 입력을 만들지 않음. 존재 시작연도 미생성.,PH0/REG-V1_online.xlsx#xl/worksheets/sheet2.xml:I; literal=PH1/literal_cells.csv; formulas=PH1/formula_patterns_and_dependencies.json,PH1 대상표·필드·형·처리경로 명세; 원본단일화 및 파생식 재구현,"사용자 시작지시 + 계획서 4.2~4.8,5~8; 정본 승인과 별개",키 중복/외래키 존재/자료형/원문 보존 대조; 행이 없으면 자료 없음이며 시험 통과로 보지 않음.,미실행,false,"[{""file_code"": ""R10"", ""table"": ""지역관계"", ""field"": ""parent_region_id"", ""role"": ""input"", ""row_condition"": ""parent_region_id_2 nonblank"", ""rule"": ""parent_region_id_2 nonblank"", ""data_type"": ""text_identifier; case preserved"", ""reference"": ""R10.지역목록.region_id""}]",text_identifier; case preserved,R-006,명세 작성; 행별 의미 대조/온라인 시험 미실행
REG-V1,1EACdRIiAPGk4LAbttpXZiJd_cuqIh-cVi4jQsbfmqDw,608402244,01-지역 마스터,J,REG-V1:608402244:J,상위 지역명 2,"1,2","{""rows"": [1, 2], ""values"": [""상위 지역명 2""]}",string,formula,자동 조회 열입니다. 직접 입력하지 않습니다. 대응하는 ID를 입력하면 마스터 시트의 한글명이 표시됩니다.,1,1001,0,9,MAP-002,R10,지역목록 / 지역관계,R10,지역관계_조회계산,parent_name,원 수식과 저장값은 PH0/PH1 증거에 보존. 해당 V2 입력 원본·제공표에서 네이티브 수식으로 재구현. 값으로 이관하거나 입력 원본으로 복제하지 않음. ID→표시명 조회. 조회 실패는 연결오류/미등록 ID를 구별하고 빈문자/0으로 숨기지 않음.,PH0/REG-V1_online.xlsx#xl/worksheets/sheet2.xml:J; literal=PH1/literal_cells.csv; formulas=PH1/formula_patterns_and_dependencies.json,PH1 대상표·필드·형·처리경로 명세; 원본단일화 및 파생식 재구현,"사용자 시작지시 + 계획서 4.2~4.8,5~8; 정본 승인과 별개",실제 Google Sheets 재계산·오류 전파·입력 변경·범위 확장 시험 필요. 현재 미실행.,미실행,false,"[{""file_code"": ""R10"", ""table"": ""지역관계_조회계산"", ""field"": ""parent_name"", ""role"": ""calculated"", ""row_condition"": ""all source records"", ""rule"": ""all source records"", ""data_type"": ""text_nullable"", ""reference"": """"}]",text_nullable,,명세 작성; 행별 의미 대조/온라인 시험 미실행
REG-V1,1EACdRIiAPGk4LAbttpXZiJd_cuqIh-cVi4jQsbfmqDw,608402244,01-지역 마스터,K,REG-V1:608402244:K,세부 분류 / 지역 등급,"1,2","{""rows"": [1, 2], ""values"": [""세부 분류"", ""지역 등급""]}",string,input,직접 입력. 세계관에서 정의한 지역 등급이 있을 때 기록합니다. 등급 체계가 없으면 비워 둘 수 있습니다.,135,0,0,0,MAP-002,R10,지역목록 / 지역관계,R10,지역목록,region_grade,원문값과 기존 ID·상태·판본·출처를 보존. 해석 가능한 형만 변환하고 원문 value_raw/legacy_locator를 유지.,PH0/REG-V1_online.xlsx#xl/worksheets/sheet2.xml:K; literal=PH1/literal_cells.csv; formulas=PH1/formula_patterns_and_dependencies.json,PH1 대상표·필드·형·처리경로 명세; 원본단일화 및 파생식 재구현,"사용자 시작지시 + 계획서 4.2~4.8,5~8; 정본 승인과 별개",키 중복/외래키 존재/자료형/원문 보존 대조; 행이 없으면 자료 없음이며 시험 통과로 보지 않음.,미실행,false,"[{""file_code"": ""R10"", ""table"": ""지역목록"", ""field"": ""region_grade"", ""role"": ""input"", ""row_condition"": ""all source records"", ""rule"": ""all source records"", ""data_type"": ""text_nullable"", ""reference"": """"}]",text_nullable,,명세 작성; 행별 의미 대조/온라인 시험 미실행
REG-V1,1EACdRIiAPGk4LAbttpXZiJd_cuqIh-cVi4jQsbfmqDw,608402244,01-지역 마스터,L,REG-V1:608402244:L,지역 분류,"1,2","{""rows"": [1, 2], ""values"": [""지역 분류""]}",string,input,직접 입력. 대륙·전략지역·섬/제도 등 지역의 세부 분류를 기록합니다.,134,0,0,0,MAP-002,R10,지역목록 / 지역관계,R10,지역목록,region_class,원문값과 기존 ID·상태·판본·출처를 보존. 해석 가능한 형만 변환하고 원문 value_raw/legacy_locator를 유지.,PH0/REG-V1_online.xlsx#xl/worksheets/sheet2.xml:L; literal=PH1/literal_cells.csv; formulas=PH1/formula_patterns_and_dependencies.json,PH1 대상표·필드·형·처리경로 명세; 원본단일화 및 파생식 재구현,"사용자 시작지시 + 계획서 4.2~4.8,5~8; 정본 승인과 별개",키 중복/외래키 존재/자료형/원문 보존 대조; 행이 없으면 자료 없음이며 시험 통과로 보지 않음.,미실행,false,"[{""file_code"": ""R10"", ""table"": ""지역목록"", ""field"": ""region_class"", ""role"": ""input"", ""row_condition"": ""all source records"", ""rule"": ""all source records"", ""data_type"": ""text_nullable"", ""reference"": """"}]",text_nullable,,명세 작성; 행별 의미 대조/온라인 시험 미실행
REG-V1,1EACdRIiAPGk4LAbttpXZiJd_cuqIh-cVi4jQsbfmqDw,608402244,01-지역 마스터,M,REG-V1:608402244:M,HEX / HEX 값,"1,2","{""rows"": [1, 2], ""values"": [""HEX"", ""HEX 값""]}",string,input,직접 입력. 지도 식별용 #RRGGBB HEX 값을 기록합니다. 다른 지역과 중복되지 않게 유지합니다.,135,0,0,0,MAP-002,R10,지역목록 / 지역관계,R10,지역목록,hex_color,원문값과 기존 ID·상태·판본·출처를 보존. 해석 가능한 형만 변환하고 원문 value_raw/legacy_locator를 유지.,PH0/REG-V1_online.xlsx#xl/worksheets/sheet2.xml:M; literal=PH1/literal_cells.csv; formulas=PH1/formula_patterns_and_dependencies.json,PH1 대상표·필드·형·처리경로 명세; 원본단일화 및 파생식 재구현,"사용자 시작지시 + 계획서 4.2~4.8,5~8; 정본 승인과 별개",키 중복/외래키 존재/자료형/원문 보존 대조; 행이 없으면 자료 없음이며 시험 통과로 보지 않음.,미실행,false,"[{""file_code"": ""R10"", ""table"": ""지역목록"", ""field"": ""hex_color"", ""role"": ""input"", ""row_condition"": ""all source records"", ""rule"": ""all source records"", ""data_type"": ""text_nullable"", ""reference"": """"}]",text_nullable,,명세 작성; 행별 의미 대조/온라인 시험 미실행
REG-V1,1EACdRIiAPGk4LAbttpXZiJd_cuqIh-cVi4jQsbfmqDw,608402244,01-지역 마스터,N,REG-V1:608402244:N,컬러칩,"1,2","{""rows"": [1, 2], ""values"": [""컬러칩""]}",string,formula,자동 표시 열입니다. HEX 값을 시각적으로 확인하는 용도이며 직접 입력하지 않습니다.,1,1001,0,0,MAP-002,R10,지역목록 / 지역관계,R10,지역목록_조회계산,color_chip,원 수식과 저장값은 PH0/PH1 증거에 보존. 해당 V2 입력 원본·제공표에서 네이티브 수식으로 재구현. 값으로 이관하거나 입력 원본으로 복제하지 않음.,PH0/REG-V1_online.xlsx#xl/worksheets/sheet2.xml:N; literal=PH1/literal_cells.csv; formulas=PH1/formula_patterns_and_dependencies.json,PH1 대상표·필드·형·처리경로 명세; 원본단일화 및 파생식 재구현,"사용자 시작지시 + 계획서 4.2~4.8,5~8; 정본 승인과 별개",실제 Google Sheets 재계산·오류 전파·입력 변경·범위 확장 시험 필요. 현재 미실행.,미실행,false,"[{""file_code"": ""R10"", ""table"": ""지역목록_조회계산"", ""field"": ""color_chip"", ""role"": ""calculated"", ""row_condition"": ""all source records"", ""rule"": ""all source records"", ""data_type"": ""text_nullable"", ""reference"": """"}]",text_nullable,,명세 작성; 행별 의미 대조/온라인 시험 미실행
REG-V1,1EACdRIiAPGk4LAbttpXZiJd_cuqIh-cVi4jQsbfmqDw,608402244,01-지역 마스터,O,REG-V1:608402244:O,관리 / 상태,"1,2","{""rows"": [1, 2], ""values"": [""관리"", ""상태""]}",string,input,드롭다운에서 현재 승인 상태를 선택합니다. 확정/초안/검토 필요/폐기 등의 의미를 구분해 사용합니다.,135,0,0,0,MAP-002,R10,지역목록 / 지역관계,R10,지역목록,setting_status,원문값과 기존 ID·상태·판본·출처를 보존. 해석 가능한 형만 변환하고 원문 value_raw/legacy_locator를 유지.,PH0/REG-V1_online.xlsx#xl/worksheets/sheet2.xml:O; literal=PH1/literal_cells.csv; formulas=PH1/formula_patterns_and_dependencies.json,PH1 대상표·필드·형·처리경로 명세; 원본단일화 및 파생식 재구현,"사용자 시작지시 + 계획서 4.2~4.8,5~8; 정본 승인과 별개",키 중복/외래키 존재/자료형/원문 보존 대조; 행이 없으면 자료 없음이며 시험 통과로 보지 않음.,미실행,false,"[{""file_code"": ""R10"", ""table"": ""지역목록"", ""field"": ""setting_status"", ""role"": ""input"", ""row_condition"": ""all source records"", ""rule"": ""all source records"", ""data_type"": ""C00_code_nullable; unknown original retained"", ""reference"": """"}]",C00_code_nullable; unknown original retained,,명세 작성; 행별 의미 대조/온라인 시험 미실행
REG-V1,1EACdRIiAPGk4LAbttpXZiJd_cuqIh-cVi4jQsbfmqDw,1681007841,10 정치 지역관계,A,REG-V1:1681007841:A,지역 ID,1,"{""rows"": [1], ""values"": [""지역 ID""]}",string,input,직접 입력. 「01-지역 마스터」에서 부여한 지역 ID를 입력합니다. 존재하지 않는 ID는 검증에서 거부됩니다.,1,0,0,0,MAP-011,R50,지역국가관계,R50,지역국가관계,region_id,원문값과 기존 ID·상태·판본·출처를 보존. 해석 가능한 형만 변환하고 원문 value_raw/legacy_locator를 유지. 정규 원본 1개로 합류; 원본 간 동일성 대조 전 후보 행 삭제/합산 금지.,PH0/REG-V1_online.xlsx#xl/worksheets/sheet11.xml:A; literal=PH1/literal_cells.csv; formulas=PH1/formula_patterns_and_dependencies.json,PH1 대상표·필드·형·처리경로 명세; 원본단일화 및 파생식 재구현,"사용자 시작지시 + 계획서 4.2~4.8,5~8; 정본 승인과 별개",키 중복/외래키 존재/자료형/원문 보존 대조; 행이 없으면 자료 없음이며 시험 통과로 보지 않음.,미실행,false,"[{""file_code"": ""R50"", ""table"": ""지역국가관계"", ""field"": ""region_id"", ""role"": ""input"", ""row_condition"": ""all source records"", ""rule"": ""all source records"", ""data_type"": ""text_identifier; case preserved"", ""reference"": ""R10.지역목록.region_id""}]",text_identifier; case preserved,,명세 작성; 행별 의미 대조/온라인 시험 미실행
REG-V1,1EACdRIiAPGk4LAbttpXZiJd_cuqIh-cVi4jQsbfmqDw,1681007841,10 정치 지역관계,B,REG-V1:1681007841:B,지역명,1,"{""rows"": [1], ""values"": [""지역명""]}",string,formula,자동 조회 열입니다. 직접 입력하지 않습니다. 대응하는 ID를 입력하면 마스터 시트의 한글명이 표시됩니다.,1,2999,0,0,MAP-011,R50,지역국가관계,R50,지역국가관계_조회계산,region_name,원 수식과 저장값은 PH0/PH1 증거에 보존. 해당 V2 입력 원본·제공표에서 네이티브 수식으로 재구현. 값으로 이관하거나 입력 원본으로 복제하지 않음. ID→표시명 조회. 조회 실패는 연결오류/미등록 ID를 구별하고 빈문자/0으로 숨기지 않음. 정규 원본 1개로 합류; 원본 간 동일성 대조 전 후보 행 삭제/합산 금지.,PH0/REG-V1_online.xlsx#xl/worksheets/sheet11.xml:B; literal=PH1/literal_cells.csv; formulas=PH1/formula_patterns_and_dependencies.json,PH1 대상표·필드·형·처리경로 명세; 원본단일화 및 파생식 재구현,"사용자 시작지시 + 계획서 4.2~4.8,5~8; 정본 승인과 별개",실제 Google Sheets 재계산·오류 전파·입력 변경·범위 확장 시험 필요. 현재 미실행.,미실행,false,"[{""file_code"": ""R50"", ""table"": ""지역국가관계_조회계산"", ""field"": ""region_name"", ""role"": ""calculated"", ""row_condition"": ""all source records"", ""rule"": ""all source records"", ""data_type"": ""text_nullable"", ""reference"": """"}]",text_nullable,,명세 작성; 행별 의미 대조/온라인 시험 미실행
REG-V1,1EACdRIiAPGk4LAbttpXZiJd_cuqIh-cVi4jQsbfmqDw,1681007841,10 정치 지역관계,C,REG-V1:1681007841:C,관계 종류,1,"{""rows"": [1], ""values"": [""관계 종류""]}",string,input,드롭다운 선택. 법적 소속·실제 통치·점령·영유권 주장·자치·보호 관계 등을 서로 구분해 기록합니다.,1,0,0,0,MAP-011,R50,지역국가관계,R50,지역국가관계,relation_type,원문값과 기존 ID·상태·판본·출처를 보존. 해석 가능한 형만 변환하고 원문 value_raw/legacy_locator를 유지. 정규 원본 1개로 합류; 원본 간 동일성 대조 전 후보 행 삭제/합산 금지.,PH0/REG-V1_online.xlsx#xl/worksheets/sheet11.xml:C; literal=PH1/literal_cells.csv; formulas=PH1/formula_patterns_and_dependencies.json,PH1 대상표·필드·형·처리경로 명세; 원본단일화 및 파생식 재구현,"사용자 시작지시 + 계획서 4.2~4.8,5~8; 정본 승인과 별개",키 중복/외래키 존재/자료형/원문 보존 대조; 행이 없으면 자료 없음이며 시험 통과로 보지 않음.,미실행,false,"[{""file_code"": ""R50"", ""table"": ""지역국가관계"", ""field"": ""relation_type"", ""role"": ""input"", ""row_condition"": ""all source records"", ""rule"": ""all source records"", ""data_type"": ""text_nullable"", ""reference"": """"}]",text_nullable,,명세 작성; 행별 의미 대조/온라인 시험 미실행
REG-V1,1EACdRIiAPGk4LAbttpXZiJd_cuqIh-cVi4jQsbfmqDw,1681007841,10 정치 지역관계,D,REG-V1:1681007841:D,국가 ID,1,"{""rows"": [1], ""values"": [""국가 ID""]}",string,display_review,직접 입력. 「02 국가 마스터」에서 부여한 국가 ID를 입력합니다. 옆 국가명은 자동 조회됩니다.,1,0,0,0,MAP-011,R50,지역국가관계,R50,지역국가관계,nation_id,원문값과 기존 ID·상태·판본·출처를 보존. 해석 가능한 형만 변환하고 원문 value_raw/legacy_locator를 유지. 정규 원본 1개로 합류; 원본 간 동일성 대조 전 후보 행 삭제/합산 금지.,PH0/REG-V1_online.xlsx#xl/worksheets/sheet11.xml:D; literal=PH1/literal_cells.csv; formulas=PH1/formula_patterns_and_dependencies.json,PH1 대상표·필드·형·처리경로 명세; 원본단일화 및 파생식 재구현,"사용자 시작지시 + 계획서 4.2~4.8,5~8; 정본 승인과 별개",키 중복/외래키 존재/자료형/원문 보존 대조; 행이 없으면 자료 없음이며 시험 통과로 보지 않음.,미실행,false,"[{""file_code"": ""R50"", ""table"": ""지역국가관계"", ""field"": ""nation_id"", ""role"": ""input"", ""row_condition"": ""all source records"", ""rule"": ""all source records"", ""data_type"": ""text_identifier; case preserved"", ""reference"": ""C00.국가식별목록.nation_id""}]",text_identifier; case preserved,,명세 작성; 행별 의미 대조/온라인 시험 미실행
REG-V1,1EACdRIiAPGk4LAbttpXZiJd_cuqIh-cVi4jQsbfmqDw,1681007841,10 정치 지역관계,E,REG-V1:1681007841:E,국가명,1,"{""rows"": [1], ""values"": [""국가명""]}",string,formula,자동 조회 열입니다. 직접 입력하지 않습니다. 대응하는 ID를 입력하면 마스터 시트의 한글명이 표시됩니다.,1,2999,0,0,MAP-011,R50,지역국가관계,R50,지역국가관계_조회계산,nation_name,원 수식과 저장값은 PH0/PH1 증거에 보존. 해당 V2 입력 원본·제공표에서 네이티브 수식으로 재구현. 값으로 이관하거나 입력 원본으로 복제하지 않음. ID→표시명 조회. 조회 실패는 연결오류/미등록 ID를 구별하고 빈문자/0으로 숨기지 않음. 정규 원본 1개로 합류; 원본 간 동일성 대조 전 후보 행 삭제/합산 금지.,PH0/REG-V1_online.xlsx#xl/worksheets/sheet11.xml:E; literal=PH1/literal_cells.csv; formulas=PH1/formula_patterns_and_dependencies.json,PH1 대상표·필드·형·처리경로 명세; 원본단일화 및 파생식 재구현,"사용자 시작지시 + 계획서 4.2~4.8,5~8; 정본 승인과 별개",실제 Google Sheets 재계산·오류 전파·입력 변경·범위 확장 시험 필요. 현재 미실행.,미실행,false,"[{""file_code"": ""R50"", ""table"": ""지역국가관계_조회계산"", ""field"": ""nation_name"", ""role"": ""calculated"", ""row_condition"": ""all source records"", ""rule"": ""all source records"", ""data_type"": ""text_nullable"", ""reference"": """"}]",text_nullable,,명세 작성; 행별 의미 대조/온라인 시험 미실행
REG-V1,1EACdRIiAPGk4LAbttpXZiJd_cuqIh-cVi4jQsbfmqDw,1681007841,10 정치 지역관계,F,REG-V1:1681007841:F,시작,1,"{""rows"": [1], ""values"": [""시작""]}",string,input,직접 입력. 세계관 기준으로 사실/관계가 시작되는 시점을 기록합니다. 기간은 시작 시점을 포함하는 방식으로 사용합니다.,1,0,0,0,MAP-011,R50,지역국가관계,R50,지역국가관계,start_raw,원문값과 기존 ID·상태·판본·출처를 보존. 해석 가능한 형만 변환하고 원문 value_raw/legacy_locator를 유지. DATE-TEMPORAL 규약으로 era/year/month/day와 precision을 분리하되 원문은 유지; 해석 불가시 결정대기. 정규 원본 1개로 합류; 원본 간 동일성 대조 전 후보 행 삭제/합산 금지.,PH0/REG-V1_online.xlsx#xl/worksheets/sheet11.xml:F; literal=PH1/literal_cells.csv; formulas=PH1/formula_patterns_and_dependencies.json,PH1 대상표·필드·형·처리경로 명세; 원본단일화 및 파생식 재구현,"사용자 시작지시 + 계획서 4.2~4.8,5~8; 정본 승인과 별개",키 중복/외래키 존재/자료형/원문 보존 대조; 행이 없으면 자료 없음이며 시험 통과로 보지 않음.,미실행,false,"[{""file_code"": ""R50"", ""table"": ""지역국가관계"", ""field"": ""start_raw"", ""role"": ""input"", ""row_condition"": ""all source records"", ""rule"": ""all source records"", ""data_type"": ""text_nullable"", ""reference"": """"}]",text_nullable,R-007,명세 작성; 행별 의미 대조/온라인 시험 미실행
REG-V1,1EACdRIiAPGk4LAbttpXZiJd_cuqIh-cVi4jQsbfmqDw,1681007841,10 정치 지역관계,G,REG-V1:1681007841:G,종료,1,"{""rows"": [1], ""values"": [""종료""]}",string,input,직접 입력. 세계관 기준으로 사실/관계가 끝나는 시점을 기록합니다. 권장 규칙은 시작 포함·종료 제외입니다. 지속 중/종료 미상은 별도 상태 열로 구분합니다.,1,0,0,0,MAP-011,R50,지역국가관계,R50,지역국가관계,end_raw,원문값과 기존 ID·상태·판본·출처를 보존. 해석 가능한 형만 변환하고 원문 value_raw/legacy_locator를 유지. DATE-TEMPORAL 규약으로 era/year/month/day와 precision을 분리하되 원문은 유지; 해석 불가시 결정대기. 정규 원본 1개로 합류; 원본 간 동일성 대조 전 후보 행 삭제/합산 금지.,PH0/REG-V1_online.xlsx#xl/worksheets/sheet11.xml:G; literal=PH1/literal_cells.csv; formulas=PH1/formula_patterns_and_dependencies.json,PH1 대상표·필드·형·처리경로 명세; 원본단일화 및 파생식 재구현,"사용자 시작지시 + 계획서 4.2~4.8,5~8; 정본 승인과 별개",키 중복/외래키 존재/자료형/원문 보존 대조; 행이 없으면 자료 없음이며 시험 통과로 보지 않음.,미실행,false,"[{""file_code"": ""R50"", ""table"": ""지역국가관계"", ""field"": ""end_raw"", ""role"": ""input"", ""row_condition"": ""all source records"", ""rule"": ""all source records"", ""data_type"": ""text_nullable"", ""reference"": """"}]",text_nullable,R-007,명세 작성; 행별 의미 대조/온라인 시험 미실행
REG-V1,1EACdRIiAPGk4LAbttpXZiJd_cuqIh-cVi4jQsbfmqDw,1681007841,10 정치 지역관계,H,REG-V1:1681007841:H,종료 상태,1,"{""rows"": [1], ""values"": [""종료 상태""]}",string,input,드롭다운 선택. 종료 / 지속 중 / 종료 미상을 구분합니다. 빈 종료칸만으로 의미를 추정하지 않습니다.,1,0,0,0,MAP-011,R50,지역국가관계,R50,지역국가관계,end_status,원문값과 기존 ID·상태·판본·출처를 보존. 해석 가능한 형만 변환하고 원문 value_raw/legacy_locator를 유지. 정규 원본 1개로 합류; 원본 간 동일성 대조 전 후보 행 삭제/합산 금지.,PH0/REG-V1_online.xlsx#xl/worksheets/sheet11.xml:H; literal=PH1/literal_cells.csv; formulas=PH1/formula_patterns_and_dependencies.json,PH1 대상표·필드·형·처리경로 명세; 원본단일화 및 파생식 재구현,"사용자 시작지시 + 계획서 4.2~4.8,5~8; 정본 승인과 별개",키 중복/외래키 존재/자료형/원문 보존 대조; 행이 없으면 자료 없음이며 시험 통과로 보지 않음.,미실행,false,"[{""file_code"": ""R50"", ""table"": ""지역국가관계"", ""field"": ""end_status"", ""role"": ""input"", ""row_condition"": ""all source records"", ""rule"": ""all source records"", ""data_type"": ""C00_code_nullable; unknown original retained"", ""reference"": """"}]",C00_code_nullable; unknown original retained,,명세 작성; 행별 의미 대조/온라인 시험 미실행
REG-V1,1EACdRIiAPGk4LAbttpXZiJd_cuqIh-cVi4jQsbfmqDw,1681007841,10 정치 지역관계,I,REG-V1:1681007841:I,적용 범위,1,"{""rows"": [1], ""values"": [""적용 범위""]}",string,input,"직접 입력. 관계가 해당 지역 전체에 적용되는지, 일부 하위 지역에만 적용되는지 기록합니다.",1,0,0,0,MAP-011,R50,지역국가관계,R50,지역국가관계,applied_scope,원문값과 기존 ID·상태·판본·출처를 보존. 해석 가능한 형만 변환하고 원문 value_raw/legacy_locator를 유지. 정규 원본 1개로 합류; 원본 간 동일성 대조 전 후보 행 삭제/합산 금지.,PH0/REG-V1_online.xlsx#xl/worksheets/sheet11.xml:I; literal=PH1/literal_cells.csv; formulas=PH1/formula_patterns_and_dependencies.json,PH1 대상표·필드·형·처리경로 명세; 원본단일화 및 파생식 재구현,"사용자 시작지시 + 계획서 4.2~4.8,5~8; 정본 승인과 별개",키 중복/외래키 존재/자료형/원문 보존 대조; 행이 없으면 자료 없음이며 시험 통과로 보지 않음.,미실행,false,"[{""file_code"": ""R50"", ""table"": ""지역국가관계"", ""field"": ""applied_scope"", ""role"": ""input"", ""row_condition"": ""all source records"", ""rule"": ""all source records"", ""data_type"": ""text_nullable"", ""reference"": """"}]",text_nullable,,명세 작성; 행별 의미 대조/온라인 시험 미실행
REG-V1,1EACdRIiAPGk4LAbttpXZiJd_cuqIh-cVi4jQsbfmqDw,1681007841,10 정치 지역관계,J,REG-V1:1681007841:J,변경/근거,1,"{""rows"": [1], ""values"": [""변경/근거""]}",string,input,"직접 입력. 관계가 시작·종료·변경된 이유나 관련 사건, 원문 근거를 간단히 기록합니다.",1,0,0,0,MAP-011,R50,지역국가관계,R50,지역국가관계,change_basis,원문값과 기존 ID·상태·판본·출처를 보존. 해석 가능한 형만 변환하고 원문 value_raw/legacy_locator를 유지. 정규 원본 1개로 합류; 원본 간 동일성 대조 전 후보 행 삭제/합산 금지.,PH0/REG-V1_online.xlsx#xl/worksheets/sheet11.xml:J; literal=PH1/literal_cells.csv; formulas=PH1/formula_patterns_and_dependencies.json,PH1 대상표·필드·형·처리경로 명세; 원본단일화 및 파생식 재구현,"사용자 시작지시 + 계획서 4.2~4.8,5~8; 정본 승인과 별개",키 중복/외래키 존재/자료형/원문 보존 대조; 행이 없으면 자료 없음이며 시험 통과로 보지 않음.,미실행,false,"[{""file_code"": ""R50"", ""table"": ""지역국가관계"", ""field"": ""change_basis"", ""role"": ""input"", ""row_condition"": ""all source records"", ""rule"": ""all source records"", ""data_type"": ""text_nullable"", ""reference"": """"}]",text_nullable,,명세 작성; 행별 의미 대조/온라인 시험 미실행
REG-V1,1EACdRIiAPGk4LAbttpXZiJd_cuqIh-cVi4jQsbfmqDw,1681007841,10 정치 지역관계,K,REG-V1:1681007841:K,설정 상태,1,"{""rows"": [1], ""values"": [""설정 상태""]}",string,input,드롭다운에서 현재 승인 상태를 선택합니다. 확정/초안/검토 필요/폐기 등의 의미를 구분해 사용합니다.,1,0,0,0,MAP-011,R50,지역국가관계,R50,지역국가관계,setting_status,원문값과 기존 ID·상태·판본·출처를 보존. 해석 가능한 형만 변환하고 원문 value_raw/legacy_locator를 유지. 정규 원본 1개로 합류; 원본 간 동일성 대조 전 후보 행 삭제/합산 금지.,PH0/REG-V1_online.xlsx#xl/worksheets/sheet11.xml:K; literal=PH1/literal_cells.csv; formulas=PH1/formula_patterns_and_dependencies.json,PH1 대상표·필드·형·처리경로 명세; 원본단일화 및 파생식 재구현,"사용자 시작지시 + 계획서 4.2~4.8,5~8; 정본 승인과 별개",키 중복/외래키 존재/자료형/원문 보존 대조; 행이 없으면 자료 없음이며 시험 통과로 보지 않음.,미실행,false,"[{""file_code"": ""R50"", ""table"": ""지역국가관계"", ""field"": ""setting_status"", ""role"": ""input"", ""row_condition"": ""all source records"", ""rule"": ""all source records"", ""data_type"": ""C00_code_nullable; unknown original retained"", ""reference"": """"}]",C00_code_nullable; unknown original retained,,명세 작성; 행별 의미 대조/온라인 시험 미실행
REG-V1,1EACdRIiAPGk4LAbttpXZiJd_cuqIh-cVi4jQsbfmqDw,1681007841,10 정치 지역관계,L,REG-V1:1681007841:L,출처 ID,1,"{""rows"": [1], ""values"": [""출처 ID""]}",string,display_review,직접 입력. 「90 출처」에서 부여한 출처 ID를 입력합니다. 옆 출처명은 자동 조회됩니다.,1,0,0,0,MAP-011,R50,지역국가관계,R50,지역국가관계,source_id,원문값과 기존 ID·상태·판본·출처를 보존. 해석 가능한 형만 변환하고 원문 value_raw/legacy_locator를 유지. 정규 원본 1개로 합류; 원본 간 동일성 대조 전 후보 행 삭제/합산 금지.,PH0/REG-V1_online.xlsx#xl/worksheets/sheet11.xml:L; literal=PH1/literal_cells.csv; formulas=PH1/formula_patterns_and_dependencies.json,PH1 대상표·필드·형·처리경로 명세; 원본단일화 및 파생식 재구현,"사용자 시작지시 + 계획서 4.2~4.8,5~8; 정본 승인과 별개",키 중복/외래키 존재/자료형/원문 보존 대조; 행이 없으면 자료 없음이며 시험 통과로 보지 않음.,미실행,false,"[{""file_code"": ""R50"", ""table"": ""지역국가관계"", ""field"": ""source_id"", ""role"": ""input"", ""row_condition"": ""all source records"", ""rule"": ""all source records"", ""data_type"": ""text_identifier; case preserved"", ""reference"": ""C00.출처레지스트리.source_id""}]",text_identifier; case preserved,,명세 작성; 행별 의미 대조/온라인 시험 미실행
REG-V1,1EACdRIiAPGk4LAbttpXZiJd_cuqIh-cVi4jQsbfmqDw,1681007841,10 정치 지역관계,M,REG-V1:1681007841:M,출처명,1,"{""rows"": [1], ""values"": [""출처명""]}",string,formula,자동 조회 열입니다. 직접 입력하지 않습니다. 대응하는 ID를 입력하면 마스터 시트의 한글명이 표시됩니다.,1,2999,0,0,MAP-011,R50,지역국가관계,R50,지역국가관계_조회계산,source_name,원 수식과 저장값은 PH0/PH1 증거에 보존. 해당 V2 입력 원본·제공표에서 네이티브 수식으로 재구현. 값으로 이관하거나 입력 원본으로 복제하지 않음. ID→표시명 조회. 조회 실패는 연결오류/미등록 ID를 구별하고 빈문자/0으로 숨기지 않음. 정규 원본 1개로 합류; 원본 간 동일성 대조 전 후보 행 삭제/합산 금지.,PH0/REG-V1_online.xlsx#xl/worksheets/sheet11.xml:M; literal=PH1/literal_cells.csv; formulas=PH1/formula_patterns_and_dependencies.json,PH1 대상표·필드·형·처리경로 명세; 원본단일화 및 파생식 재구현,"사용자 시작지시 + 계획서 4.2~4.8,5~8; 정본 승인과 별개",실제 Google Sheets 재계산·오류 전파·입력 변경·범위 확장 시험 필요. 현재 미실행.,미실행,false,"[{""file_code"": ""R50"", ""table"": ""지역국가관계_조회계산"", ""field"": ""source_name"", ""role"": ""calculated"", ""row_condition"": ""all source records"", ""rule"": ""all source records"", ""data_type"": ""text_nullable"", ""reference"": """"}]",text_nullable,,명세 작성; 행별 의미 대조/온라인 시험 미실행
REG-V1,1EACdRIiAPGk4LAbttpXZiJd_cuqIh-cVi4jQsbfmqDw,1681007841,10 정치 지역관계,N,REG-V1:1681007841:N,비고,1,"{""rows"": [1], ""values"": [""비고""]}",string,input,선택 입력. 다른 열로 표현하기 어려운 예외·주의사항·검토할 질문을 기록합니다.,1,0,0,0,MAP-011,R50,지역국가관계,R50,지역국가관계,notes,원문값과 기존 ID·상태·판본·출처를 보존. 해석 가능한 형만 변환하고 원문 value_raw/legacy_locator를 유지. 정규 원본 1개로 합류; 원본 간 동일성 대조 전 후보 행 삭제/합산 금지.,PH0/REG-V1_online.xlsx#xl/worksheets/sheet11.xml:N; literal=PH1/literal_cells.csv; formulas=PH1/formula_patterns_and_dependencies.json,PH1 대상표·필드·형·처리경로 명세; 원본단일화 및 파생식 재구현,"사용자 시작지시 + 계획서 4.2~4.8,5~8; 정본 승인과 별개",키 중복/외래키 존재/자료형/원문 보존 대조; 행이 없으면 자료 없음이며 시험 통과로 보지 않음.,미실행,false,"[{""file_code"": ""R50"", ""table"": ""지역국가관계"", ""field"": ""notes"", ""role"": ""input"", ""row_condition"": ""all source records"", ""rule"": ""all source records"", ""data_type"": ""text_nullable"", ""reference"": """"}]",text_nullable,,명세 작성; 행별 의미 대조/온라인 시험 미실행
REG-V1,1EACdRIiAPGk4LAbttpXZiJd_cuqIh-cVi4jQsbfmqDw,456698286,20 인구,A,REG-V1:456698286:A,지역 ID,1,"{""rows"": [1], ""values"": [""지역 ID""]}",string,input,직접 입력. 「01-지역 마스터」에서 부여한 지역 ID를 입력합니다. 존재하지 않는 ID는 검증에서 거부됩니다.,1,0,0,0,MAP-013,R20,인구관측,R20,인구관측,region_id,원문값과 기존 ID·상태·판본·출처를 보존. 해석 가능한 형만 변환하고 원문 value_raw/legacy_locator를 유지. 정규 원본 1개로 합류; 원본 간 동일성 대조 전 후보 행 삭제/합산 금지.,PH0/REG-V1_online.xlsx#xl/worksheets/sheet13.xml:A; literal=PH1/literal_cells.csv; formulas=PH1/formula_patterns_and_dependencies.json,PH1 대상표·필드·형·처리경로 명세; 원본단일화 및 파생식 재구현,"사용자 시작지시 + 계획서 4.2~4.8,5~8; 정본 승인과 별개",키 중복/외래키 존재/자료형/원문 보존 대조; 행이 없으면 자료 없음이며 시험 통과로 보지 않음.,미실행,false,"[{""file_code"": ""R20"", ""table"": ""인구관측"", ""field"": ""region_id"", ""role"": ""input"", ""row_condition"": ""all source records"", ""rule"": ""all source records"", ""data_type"": ""text_identifier; case preserved"", ""reference"": ""R10.지역목록.region_id""}]",text_identifier; case preserved,,명세 작성; 행별 의미 대조/온라인 시험 미실행
REG-V1,1EACdRIiAPGk4LAbttpXZiJd_cuqIh-cVi4jQsbfmqDw,456698286,20 인구,B,REG-V1:456698286:B,지역명,1,"{""rows"": [1], ""values"": [""지역명""]}",string,formula,자동 조회 열입니다. 직접 입력하지 않습니다. 대응하는 ID를 입력하면 마스터 시트의 한글명이 표시됩니다.,1,2999,0,0,MAP-013,R20,인구관측,R20,인구관측_조회계산,region_name,원 수식과 저장값은 PH0/PH1 증거에 보존. 해당 V2 입력 원본·제공표에서 네이티브 수식으로 재구현. 값으로 이관하거나 입력 원본으로 복제하지 않음. ID→표시명 조회. 조회 실패는 연결오류/미등록 ID를 구별하고 빈문자/0으로 숨기지 않음. 정규 원본 1개로 합류; 원본 간 동일성 대조 전 후보 행 삭제/합산 금지.,PH0/REG-V1_online.xlsx#xl/worksheets/sheet13.xml:B; literal=PH1/literal_cells.csv; formulas=PH1/formula_patterns_and_dependencies.json,PH1 대상표·필드·형·처리경로 명세; 원본단일화 및 파생식 재구현,"사용자 시작지시 + 계획서 4.2~4.8,5~8; 정본 승인과 별개",실제 Google Sheets 재계산·오류 전파·입력 변경·범위 확장 시험 필요. 현재 미실행.,미실행,false,"[{""file_code"": ""R20"", ""table"": ""인구관측_조회계산"", ""field"": ""region_name"", ""role"": ""calculated"", ""row_condition"": ""all source records"", ""rule"": ""all source records"", ""data_type"": ""text_nullable"", ""reference"": """"}]",text_nullable,,명세 작성; 행별 의미 대조/온라인 시험 미실행
REG-V1,1EACdRIiAPGk4LAbttpXZiJd_cuqIh-cVi4jQsbfmqDw,456698286,20 인구,C,REG-V1:456698286:C,시점,1,"{""rows"": [1], ""values"": [""시점""]}",string,input,직접 입력. 해당 값이 관측·설정된 세계관 시점을 기록합니다. 앞뒤 연도의 값을 자동 보간하지 않습니다.,1,0,0,0,MAP-013,R20,인구관측,R20,인구관측,time_raw,원문값과 기존 ID·상태·판본·출처를 보존. 해석 가능한 형만 변환하고 원문 value_raw/legacy_locator를 유지. DATE-TEMPORAL 규약으로 era/year/month/day와 precision을 분리하되 원문은 유지; 해석 불가시 결정대기. 정규 원본 1개로 합류; 원본 간 동일성 대조 전 후보 행 삭제/합산 금지.,PH0/REG-V1_online.xlsx#xl/worksheets/sheet13.xml:C; literal=PH1/literal_cells.csv; formulas=PH1/formula_patterns_and_dependencies.json,PH1 대상표·필드·형·처리경로 명세; 원본단일화 및 파생식 재구현,"사용자 시작지시 + 계획서 4.2~4.8,5~8; 정본 승인과 별개",키 중복/외래키 존재/자료형/원문 보존 대조; 행이 없으면 자료 없음이며 시험 통과로 보지 않음.,미실행,false,"[{""file_code"": ""R20"", ""table"": ""인구관측"", ""field"": ""time_raw"", ""role"": ""input"", ""row_condition"": ""all source records"", ""rule"": ""all source records"", ""data_type"": ""text_nullable"", ""reference"": """"}]",text_nullable,R-007,명세 작성; 행별 의미 대조/온라인 시험 미실행
REG-V1,1EACdRIiAPGk4LAbttpXZiJd_cuqIh-cVi4jQsbfmqDw,456698286,20 인구,D,REG-V1:456698286:D,값 상태,1,"{""rows"": [1], ""values"": [""값 상태""]}",string,input,드롭다운 선택. 값 있음 / 추정 / 미정 / 미상 / 해당 없음을 구분합니다. 빈칸이나 0으로 대신하지 않습니다.,1,0,0,0,MAP-013,R20,인구관측,R20,인구관측,value_status,원문값과 기존 ID·상태·판본·출처를 보존. 해석 가능한 형만 변환하고 원문 value_raw/legacy_locator를 유지. 정규 원본 1개로 합류; 원본 간 동일성 대조 전 후보 행 삭제/합산 금지.,PH0/REG-V1_online.xlsx#xl/worksheets/sheet13.xml:D; literal=PH1/literal_cells.csv; formulas=PH1/formula_patterns_and_dependencies.json,PH1 대상표·필드·형·처리경로 명세; 원본단일화 및 파생식 재구현,"사용자 시작지시 + 계획서 4.2~4.8,5~8; 정본 승인과 별개",키 중복/외래키 존재/자료형/원문 보존 대조; 행이 없으면 자료 없음이며 시험 통과로 보지 않음.,미실행,false,"[{""file_code"": ""R20"", ""table"": ""인구관측"", ""field"": ""value_status"", ""role"": ""input"", ""row_condition"": ""all source records"", ""rule"": ""all source records"", ""data_type"": ""C00_code_nullable; unknown original retained"", ""reference"": """"}]",C00_code_nullable; unknown original retained,,명세 작성; 행별 의미 대조/온라인 시험 미실행
REG-V1,1EACdRIiAPGk4LAbttpXZiJd_cuqIh-cVi4jQsbfmqDw,456698286,20 인구,E,REG-V1:456698286:E,총인구,1,"{""rows"": [1], ""values"": [""총인구""]}",string,input,직접 입력. 해당 항목의 수치 또는 값입니다. 단위·시점·분모가 필요한 경우 인접 열에 함께 기록합니다.,1,0,0,0,MAP-013,R20,인구관측,R20,인구관측,value_numeric,원문값과 기존 ID·상태·판본·출처를 보존. 해석 가능한 형만 변환하고 원문 value_raw/legacy_locator를 유지. 빈칸·미상·미정·해당없음·확정0을 독립 상태로 처리; 원문 숫자 정밀도 초과시 문자열 보존/근사값 분리. 정규 원본 1개로 합류; 원본 간 동일성 대조 전 후보 행 삭제/합산 금지.,PH0/REG-V1_online.xlsx#xl/worksheets/sheet13.xml:E; literal=PH1/literal_cells.csv; formulas=PH1/formula_patterns_and_dependencies.json,PH1 대상표·필드·형·처리경로 명세; 원본단일화 및 파생식 재구현,"사용자 시작지시 + 계획서 4.2~4.8,5~8; 정본 승인과 별개",키 중복/외래키 존재/자료형/원문 보존 대조; 행이 없으면 자료 없음이며 시험 통과로 보지 않음.,미실행,false,"[{""file_code"": ""R20"", ""table"": ""인구관측"", ""field"": ""value_numeric"", ""role"": ""input"", ""row_condition"": ""all source records"", ""rule"": ""all source records"", ""data_type"": ""decimal_nullable; exact original in value_raw"", ""reference"": """"}]",decimal_nullable; exact original in value_raw,,명세 작성; 행별 의미 대조/온라인 시험 미실행
REG-V1,1EACdRIiAPGk4LAbttpXZiJd_cuqIh-cVi4jQsbfmqDw,456698286,20 인구,F,REG-V1:456698286:F,최소값,1,"{""rows"": [1], ""values"": [""최소값""]}",string,input,추정 범위만 알려진 경우 입력합니다. 정확한 값으로 임의 확정하지 말고 최소/최대 범위를 보존합니다.,1,0,0,0,MAP-013,R20,인구관측,R20,인구관측,value_min,원문값과 기존 ID·상태·판본·출처를 보존. 해석 가능한 형만 변환하고 원문 value_raw/legacy_locator를 유지. 빈칸·미상·미정·해당없음·확정0을 독립 상태로 처리; 원문 숫자 정밀도 초과시 문자열 보존/근사값 분리. 정규 원본 1개로 합류; 원본 간 동일성 대조 전 후보 행 삭제/합산 금지.,PH0/REG-V1_online.xlsx#xl/worksheets/sheet13.xml:F; literal=PH1/literal_cells.csv; formulas=PH1/formula_patterns_and_dependencies.json,PH1 대상표·필드·형·처리경로 명세; 원본단일화 및 파생식 재구현,"사용자 시작지시 + 계획서 4.2~4.8,5~8; 정본 승인과 별개",키 중복/외래키 존재/자료형/원문 보존 대조; 행이 없으면 자료 없음이며 시험 통과로 보지 않음.,미실행,false,"[{""file_code"": ""R20"", ""table"": ""인구관측"", ""field"": ""value_min"", ""role"": ""input"", ""row_condition"": ""all source records"", ""rule"": ""all source records"", ""data_type"": ""decimal_nullable; exact original in value_raw"", ""reference"": """"}]",decimal_nullable; exact original in value_raw,,명세 작성; 행별 의미 대조/온라인 시험 미실행
REG-V1,1EACdRIiAPGk4LAbttpXZiJd_cuqIh-cVi4jQsbfmqDw,456698286,20 인구,G,REG-V1:456698286:G,최대값,1,"{""rows"": [1], ""values"": [""최대값""]}",string,input,추정 범위만 알려진 경우 입력합니다. 정확한 값으로 임의 확정하지 말고 최소/최대 범위를 보존합니다.,1,0,0,0,MAP-013,R20,인구관측,R20,인구관측,value_max,원문값과 기존 ID·상태·판본·출처를 보존. 해석 가능한 형만 변환하고 원문 value_raw/legacy_locator를 유지. 빈칸·미상·미정·해당없음·확정0을 독립 상태로 처리; 원문 숫자 정밀도 초과시 문자열 보존/근사값 분리. 정규 원본 1개로 합류; 원본 간 동일성 대조 전 후보 행 삭제/합산 금지.,PH0/REG-V1_online.xlsx#xl/worksheets/sheet13.xml:G; literal=PH1/literal_cells.csv; formulas=PH1/formula_patterns_and_dependencies.json,PH1 대상표·필드·형·처리경로 명세; 원본단일화 및 파생식 재구현,"사용자 시작지시 + 계획서 4.2~4.8,5~8; 정본 승인과 별개",키 중복/외래키 존재/자료형/원문 보존 대조; 행이 없으면 자료 없음이며 시험 통과로 보지 않음.,미실행,false,"[{""file_code"": ""R20"", ""table"": ""인구관측"", ""field"": ""value_max"", ""role"": ""input"", ""row_condition"": ""all source records"", ""rule"": ""all source records"", ""data_type"": ""decimal_nullable; exact original in value_raw"", ""reference"": """"}]",decimal_nullable; exact original in value_raw,,명세 작성; 행별 의미 대조/온라인 시험 미실행
REG-V1,1EACdRIiAPGk4LAbttpXZiJd_cuqIh-cVi4jQsbfmqDw,456698286,20 인구,H,REG-V1:456698286:H,단위,1,"{""rows"": [1], ""values"": [""단위""]}",string,input,"직접 입력. 명, %, km², 통화/년 등 숫자를 해석하는 데 필요한 단위를 반드시 기록합니다.",1,0,0,0,MAP-013,R20,인구관측,R20,인구관측,unit,원문값과 기존 ID·상태·판본·출처를 보존. 해석 가능한 형만 변환하고 원문 value_raw/legacy_locator를 유지. 정규 원본 1개로 합류; 원본 간 동일성 대조 전 후보 행 삭제/합산 금지.,PH0/REG-V1_online.xlsx#xl/worksheets/sheet13.xml:H; literal=PH1/literal_cells.csv; formulas=PH1/formula_patterns_and_dependencies.json,PH1 대상표·필드·형·처리경로 명세; 원본단일화 및 파생식 재구현,"사용자 시작지시 + 계획서 4.2~4.8,5~8; 정본 승인과 별개",키 중복/외래키 존재/자료형/원문 보존 대조; 행이 없으면 자료 없음이며 시험 통과로 보지 않음.,미실행,false,"[{""file_code"": ""R20"", ""table"": ""인구관측"", ""field"": ""unit"", ""role"": ""input"", ""row_condition"": ""all source records"", ""rule"": ""all source records"", ""data_type"": ""text_nullable"", ""reference"": """"}]",text_nullable,,명세 작성; 행별 의미 대조/온라인 시험 미실행
REG-V1,1EACdRIiAPGk4LAbttpXZiJd_cuqIh-cVi4jQsbfmqDw,456698286,20 인구,I,REG-V1:456698286:I,인구 정의,1,"{""rows"": [1], ""values"": [""인구 정의""]}",string,input,직접 입력. 상주민·등록민·계절 체류자·군대·지성체 범위 등 이 인구값에 포함되는 대상을 명시합니다.,1,0,0,0,MAP-013,R20,인구관측,R20,인구관측,population_definition,원문값과 기존 ID·상태·판본·출처를 보존. 해석 가능한 형만 변환하고 원문 value_raw/legacy_locator를 유지. 정규 원본 1개로 합류; 원본 간 동일성 대조 전 후보 행 삭제/합산 금지.,PH0/REG-V1_online.xlsx#xl/worksheets/sheet13.xml:I; literal=PH1/literal_cells.csv; formulas=PH1/formula_patterns_and_dependencies.json,PH1 대상표·필드·형·처리경로 명세; 원본단일화 및 파생식 재구현,"사용자 시작지시 + 계획서 4.2~4.8,5~8; 정본 승인과 별개",키 중복/외래키 존재/자료형/원문 보존 대조; 행이 없으면 자료 없음이며 시험 통과로 보지 않음.,미실행,false,"[{""file_code"": ""R20"", ""table"": ""인구관측"", ""field"": ""population_definition"", ""role"": ""input"", ""row_condition"": ""all source records"", ""rule"": ""all source records"", ""data_type"": ""text_nullable"", ""reference"": """"}]",text_nullable,,명세 작성; 행별 의미 대조/온라인 시험 미실행
REG-V1,1EACdRIiAPGk4LAbttpXZiJd_cuqIh-cVi4jQsbfmqDw,456698286,20 인구,J,REG-V1:456698286:J,자료 범위,1,"{""rows"": [1], ""values"": [""자료 범위""]}",string,input,드롭다운 또는 직접 입력. 자료가 대상 전체인지 일부만 포함하는지 기록합니다.,1,0,0,0,MAP-013,R20,인구관측,R20,인구관측,data_scope,원문값과 기존 ID·상태·판본·출처를 보존. 해석 가능한 형만 변환하고 원문 value_raw/legacy_locator를 유지. 정규 원본 1개로 합류; 원본 간 동일성 대조 전 후보 행 삭제/합산 금지.,PH0/REG-V1_online.xlsx#xl/worksheets/sheet13.xml:J; literal=PH1/literal_cells.csv; formulas=PH1/formula_patterns_and_dependencies.json,PH1 대상표·필드·형·처리경로 명세; 원본단일화 및 파생식 재구현,"사용자 시작지시 + 계획서 4.2~4.8,5~8; 정본 승인과 별개",키 중복/외래키 존재/자료형/원문 보존 대조; 행이 없으면 자료 없음이며 시험 통과로 보지 않음.,미실행,false,"[{""file_code"": ""R20"", ""table"": ""인구관측"", ""field"": ""data_scope"", ""role"": ""input"", ""row_condition"": ""all source records"", ""rule"": ""all source records"", ""data_type"": ""text_nullable"", ""reference"": """"}]",text_nullable,,명세 작성; 행별 의미 대조/온라인 시험 미실행
REG-V1,1EACdRIiAPGk4LAbttpXZiJd_cuqIh-cVi4jQsbfmqDw,456698286,20 인구,K,REG-V1:456698286:K,값 근거,1,"{""rows"": [1], ""values"": [""값 근거""]}",string,input,드롭다운 선택. 직접 설정 / 원문 추출 / 추정 / 계산 / 미상 중 값이 만들어진 방식을 기록합니다.,1,0,0,0,MAP-013,R20,인구관측,R20,인구관측,value_basis,원문값과 기존 ID·상태·판본·출처를 보존. 해석 가능한 형만 변환하고 원문 value_raw/legacy_locator를 유지. 정규 원본 1개로 합류; 원본 간 동일성 대조 전 후보 행 삭제/합산 금지.,PH0/REG-V1_online.xlsx#xl/worksheets/sheet13.xml:K; literal=PH1/literal_cells.csv; formulas=PH1/formula_patterns_and_dependencies.json,PH1 대상표·필드·형·처리경로 명세; 원본단일화 및 파생식 재구현,"사용자 시작지시 + 계획서 4.2~4.8,5~8; 정본 승인과 별개",키 중복/외래키 존재/자료형/원문 보존 대조; 행이 없으면 자료 없음이며 시험 통과로 보지 않음.,미실행,false,"[{""file_code"": ""R20"", ""table"": ""인구관측"", ""field"": ""value_basis"", ""role"": ""input"", ""row_condition"": ""all source records"", ""rule"": ""all source records"", ""data_type"": ""text_nullable"", ""reference"": """"}]",text_nullable,,명세 작성; 행별 의미 대조/온라인 시험 미실행
REG-V1,1EACdRIiAPGk4LAbttpXZiJd_cuqIh-cVi4jQsbfmqDw,456698286,20 인구,L,REG-V1:456698286:L,설정 상태,1,"{""rows"": [1], ""values"": [""설정 상태""]}",string,input,드롭다운에서 현재 승인 상태를 선택합니다. 확정/초안/검토 필요/폐기 등의 의미를 구분해 사용합니다.,1,0,0,0,MAP-013,R20,인구관측,R20,인구관측,setting_status,원문값과 기존 ID·상태·판본·출처를 보존. 해석 가능한 형만 변환하고 원문 value_raw/legacy_locator를 유지. 정규 원본 1개로 합류; 원본 간 동일성 대조 전 후보 행 삭제/합산 금지.,PH0/REG-V1_online.xlsx#xl/worksheets/sheet13.xml:L; literal=PH1/literal_cells.csv; formulas=PH1/formula_patterns_and_dependencies.json,PH1 대상표·필드·형·처리경로 명세; 원본단일화 및 파생식 재구현,"사용자 시작지시 + 계획서 4.2~4.8,5~8; 정본 승인과 별개",키 중복/외래키 존재/자료형/원문 보존 대조; 행이 없으면 자료 없음이며 시험 통과로 보지 않음.,미실행,false,"[{""file_code"": ""R20"", ""table"": ""인구관측"", ""field"": ""setting_status"", ""role"": ""input"", ""row_condition"": ""all source records"", ""rule"": ""all source records"", ""data_type"": ""C00_code_nullable; unknown original retained"", ""reference"": """"}]",C00_code_nullable; unknown original retained,,명세 작성; 행별 의미 대조/온라인 시험 미실행
REG-V1,1EACdRIiAPGk4LAbttpXZiJd_cuqIh-cVi4jQsbfmqDw,456698286,20 인구,M,REG-V1:456698286:M,출처 ID,1,"{""rows"": [1], ""values"": [""출처 ID""]}",string,display_review,직접 입력. 「90 출처」에서 부여한 출처 ID를 입력합니다. 옆 출처명은 자동 조회됩니다.,1,0,0,0,MAP-013,R20,인구관측,R20,인구관측,source_id,원문값과 기존 ID·상태·판본·출처를 보존. 해석 가능한 형만 변환하고 원문 value_raw/legacy_locator를 유지. 정규 원본 1개로 합류; 원본 간 동일성 대조 전 후보 행 삭제/합산 금지.,PH0/REG-V1_online.xlsx#xl/worksheets/sheet13.xml:M; literal=PH1/literal_cells.csv; formulas=PH1/formula_patterns_and_dependencies.json,PH1 대상표·필드·형·처리경로 명세; 원본단일화 및 파생식 재구현,"사용자 시작지시 + 계획서 4.2~4.8,5~8; 정본 승인과 별개",키 중복/외래키 존재/자료형/원문 보존 대조; 행이 없으면 자료 없음이며 시험 통과로 보지 않음.,미실행,false,"[{""file_code"": ""R20"", ""table"": ""인구관측"", ""field"": ""source_id"", ""role"": ""input"", ""row_condition"": ""all source records"", ""rule"": ""all source records"", ""data_type"": ""text_identifier; case preserved"", ""reference"": ""C00.출처레지스트리.source_id""}]",text_identifier; case preserved,,명세 작성; 행별 의미 대조/온라인 시험 미실행
REG-V1,1EACdRIiAPGk4LAbttpXZiJd_cuqIh-cVi4jQsbfmqDw,456698286,20 인구,N,REG-V1:456698286:N,출처명,1,"{""rows"": [1], ""values"": [""출처명""]}",string,formula,자동 조회 열입니다. 직접 입력하지 않습니다. 대응하는 ID를 입력하면 마스터 시트의 한글명이 표시됩니다.,1,2999,0,0,MAP-013,R20,인구관측,R20,인구관측_조회계산,source_name,원 수식과 저장값은 PH0/PH1 증거에 보존. 해당 V2 입력 원본·제공표에서 네이티브 수식으로 재구현. 값으로 이관하거나 입력 원본으로 복제하지 않음. ID→표시명 조회. 조회 실패는 연결오류/미등록 ID를 구별하고 빈문자/0으로 숨기지 않음. 정규 원본 1개로 합류; 원본 간 동일성 대조 전 후보 행 삭제/합산 금지.,PH0/REG-V1_online.xlsx#xl/worksheets/sheet13.xml:N; literal=PH1/literal_cells.csv; formulas=PH1/formula_patterns_and_dependencies.json,PH1 대상표·필드·형·처리경로 명세; 원본단일화 및 파생식 재구현,"사용자 시작지시 + 계획서 4.2~4.8,5~8; 정본 승인과 별개",실제 Google Sheets 재계산·오류 전파·입력 변경·범위 확장 시험 필요. 현재 미실행.,미실행,false,"[{""file_code"": ""R20"", ""table"": ""인구관측_조회계산"", ""field"": ""source_name"", ""role"": ""calculated"", ""row_condition"": ""all source records"", ""rule"": ""all source records"", ""data_type"": ""text_nullable"", ""reference"": """"}]",text_nullable,,명세 작성; 행별 의미 대조/온라인 시험 미실행
REG-V1,1EACdRIiAPGk4LAbttpXZiJd_cuqIh-cVi4jQsbfmqDw,456698286,20 인구,O,REG-V1:456698286:O,비고,1,"{""rows"": [1], ""values"": [""비고""]}",string,input,선택 입력. 다른 열로 표현하기 어려운 예외·주의사항·검토할 질문을 기록합니다.,1,0,0,0,MAP-013,R20,인구관측,R20,인구관측,notes,원문값과 기존 ID·상태·판본·출처를 보존. 해석 가능한 형만 변환하고 원문 value_raw/legacy_locator를 유지. 정규 원본 1개로 합류; 원본 간 동일성 대조 전 후보 행 삭제/합산 금지.,PH0/REG-V1_online.xlsx#xl/worksheets/sheet13.xml:O; literal=PH1/literal_cells.csv; formulas=PH1/formula_patterns_and_dependencies.json,PH1 대상표·필드·형·처리경로 명세; 원본단일화 및 파생식 재구현,"사용자 시작지시 + 계획서 4.2~4.8,5~8; 정본 승인과 별개",키 중복/외래키 존재/자료형/원문 보존 대조; 행이 없으면 자료 없음이며 시험 통과로 보지 않음.,미실행,false,"[{""file_code"": ""R20"", ""table"": ""인구관측"", ""field"": ""notes"", ""role"": ""input"", ""row_condition"": ""all source records"", ""rule"": ""all source records"", ""data_type"": ""text_nullable"", ""reference"": """"}]",text_nullable,,명세 작성; 행별 의미 대조/온라인 시험 미실행
REG-V1,1EACdRIiAPGk4LAbttpXZiJd_cuqIh-cVi4jQsbfmqDw,453108903,21 인구 변동,A,REG-V1:453108903:A,지역 ID,1,"{""rows"": [1], ""values"": [""지역 ID""]}",string,input,직접 입력. 「01-지역 마스터」에서 부여한 지역 ID를 입력합니다. 존재하지 않는 ID는 검증에서 거부됩니다.,1,0,0,0,MAP-014,R20,인구변동,R20,인구변동,region_id,원문값과 기존 ID·상태·판본·출처를 보존. 해석 가능한 형만 변환하고 원문 value_raw/legacy_locator를 유지.,PH0/REG-V1_online.xlsx#xl/worksheets/sheet14.xml:A; literal=PH1/literal_cells.csv; formulas=PH1/formula_patterns_and_dependencies.json,PH1 대상표·필드·형·처리경로 명세; 원본단일화 및 파생식 재구현,"사용자 시작지시 + 계획서 4.2~4.8,5~8; 정본 승인과 별개",키 중복/외래키 존재/자료형/원문 보존 대조; 행이 없으면 자료 없음이며 시험 통과로 보지 않음.,미실행,false,"[{""file_code"": ""R20"", ""table"": ""인구변동"", ""field"": ""region_id"", ""role"": ""input"", ""row_condition"": ""all source records"", ""rule"": ""all source records"", ""data_type"": ""text_identifier; case preserved"", ""reference"": ""R10.지역목록.region_id""}]",text_identifier; case preserved,,명세 작성; 행별 의미 대조/온라인 시험 미실행
REG-V1,1EACdRIiAPGk4LAbttpXZiJd_cuqIh-cVi4jQsbfmqDw,453108903,21 인구 변동,B,REG-V1:453108903:B,지역명,1,"{""rows"": [1], ""values"": [""지역명""]}",string,formula,자동 조회 열입니다. 직접 입력하지 않습니다. 대응하는 ID를 입력하면 마스터 시트의 한글명이 표시됩니다.,1,2999,0,0,MAP-014,R20,인구변동,R20,인구변동_조회계산,region_name,원 수식과 저장값은 PH0/PH1 증거에 보존. 해당 V2 입력 원본·제공표에서 네이티브 수식으로 재구현. 값으로 이관하거나 입력 원본으로 복제하지 않음. ID→표시명 조회. 조회 실패는 연결오류/미등록 ID를 구별하고 빈문자/0으로 숨기지 않음.,PH0/REG-V1_online.xlsx#xl/worksheets/sheet14.xml:B; literal=PH1/literal_cells.csv; formulas=PH1/formula_patterns_and_dependencies.json,PH1 대상표·필드·형·처리경로 명세; 원본단일화 및 파생식 재구현,"사용자 시작지시 + 계획서 4.2~4.8,5~8; 정본 승인과 별개",실제 Google Sheets 재계산·오류 전파·입력 변경·범위 확장 시험 필요. 현재 미실행.,미실행,false,"[{""file_code"": ""R20"", ""table"": ""인구변동_조회계산"", ""field"": ""region_name"", ""role"": ""calculated"", ""row_condition"": ""all source records"", ""rule"": ""all source records"", ""data_type"": ""text_nullable"", ""reference"": """"}]",text_nullable,,명세 작성; 행별 의미 대조/온라인 시험 미실행
REG-V1,1EACdRIiAPGk4LAbttpXZiJd_cuqIh-cVi4jQsbfmqDw,453108903,21 인구 변동,C,REG-V1:453108903:C,시작,1,"{""rows"": [1], ""values"": [""시작""]}",string,input,직접 입력. 세계관 기준으로 사실/관계가 시작되는 시점을 기록합니다. 기간은 시작 시점을 포함하는 방식으로 사용합니다.,1,0,0,0,MAP-014,R20,인구변동,R20,인구변동,start_raw,원문값과 기존 ID·상태·판본·출처를 보존. 해석 가능한 형만 변환하고 원문 value_raw/legacy_locator를 유지. DATE-TEMPORAL 규약으로 era/year/month/day와 precision을 분리하되 원문은 유지; 해석 불가시 결정대기.,PH0/REG-V1_online.xlsx#xl/worksheets/sheet14.xml:C; literal=PH1/literal_cells.csv; formulas=PH1/formula_patterns_and_dependencies.json,PH1 대상표·필드·형·처리경로 명세; 원본단일화 및 파생식 재구현,"사용자 시작지시 + 계획서 4.2~4.8,5~8; 정본 승인과 별개",키 중복/외래키 존재/자료형/원문 보존 대조; 행이 없으면 자료 없음이며 시험 통과로 보지 않음.,미실행,false,"[{""file_code"": ""R20"", ""table"": ""인구변동"", ""field"": ""start_raw"", ""role"": ""input"", ""row_condition"": ""all source records"", ""rule"": ""all source records"", ""data_type"": ""text_nullable"", ""reference"": """"}]",text_nullable,R-007,명세 작성; 행별 의미 대조/온라인 시험 미실행
REG-V1,1EACdRIiAPGk4LAbttpXZiJd_cuqIh-cVi4jQsbfmqDw,453108903,21 인구 변동,D,REG-V1:453108903:D,종료,1,"{""rows"": [1], ""values"": [""종료""]}",string,input,직접 입력. 세계관 기준으로 사실/관계가 끝나는 시점을 기록합니다. 권장 규칙은 시작 포함·종료 제외입니다. 지속 중/종료 미상은 별도 상태 열로 구분합니다.,1,0,0,0,MAP-014,R20,인구변동,R20,인구변동,end_raw,원문값과 기존 ID·상태·판본·출처를 보존. 해석 가능한 형만 변환하고 원문 value_raw/legacy_locator를 유지. DATE-TEMPORAL 규약으로 era/year/month/day와 precision을 분리하되 원문은 유지; 해석 불가시 결정대기.,PH0/REG-V1_online.xlsx#xl/worksheets/sheet14.xml:D; literal=PH1/literal_cells.csv; formulas=PH1/formula_patterns_and_dependencies.json,PH1 대상표·필드·형·처리경로 명세; 원본단일화 및 파생식 재구현,"사용자 시작지시 + 계획서 4.2~4.8,5~8; 정본 승인과 별개",키 중복/외래키 존재/자료형/원문 보존 대조; 행이 없으면 자료 없음이며 시험 통과로 보지 않음.,미실행,false,"[{""file_code"": ""R20"", ""table"": ""인구변동"", ""field"": ""end_raw"", ""role"": ""input"", ""row_condition"": ""all source records"", ""rule"": ""all source records"", ""data_type"": ""text_nullable"", ""reference"": """"}]",text_nullable,R-007,명세 작성; 행별 의미 대조/온라인 시험 미실행
REG-V1,1EACdRIiAPGk4LAbttpXZiJd_cuqIh-cVi4jQsbfmqDw,453108903,21 인구 변동,E,REG-V1:453108903:E,출생,1,"{""rows"": [1], ""values"": [""출생""]}",string,input,직접 입력. 해당 항목의 수치 또는 값입니다. 단위·시점·분모가 필요한 경우 인접 열에 함께 기록합니다.,1,0,0,0,MAP-014,R20,인구변동,R20,인구변동,births,원문값과 기존 ID·상태·판본·출처를 보존. 해석 가능한 형만 변환하고 원문 value_raw/legacy_locator를 유지. 빈칸·미상·미정·해당없음·확정0을 독립 상태로 처리; 원문 숫자 정밀도 초과시 문자열 보존/근사값 분리.,PH0/REG-V1_online.xlsx#xl/worksheets/sheet14.xml:E; literal=PH1/literal_cells.csv; formulas=PH1/formula_patterns_and_dependencies.json,PH1 대상표·필드·형·처리경로 명세; 원본단일화 및 파생식 재구현,"사용자 시작지시 + 계획서 4.2~4.8,5~8; 정본 승인과 별개",키 중복/외래키 존재/자료형/원문 보존 대조; 행이 없으면 자료 없음이며 시험 통과로 보지 않음.,미실행,false,"[{""file_code"": ""R20"", ""table"": ""인구변동"", ""field"": ""births"", ""role"": ""input"", ""row_condition"": ""all source records"", ""rule"": ""all source records"", ""data_type"": ""decimal_nullable; exact original in value_raw"", ""reference"": """"}]",decimal_nullable; exact original in value_raw,,명세 작성; 행별 의미 대조/온라인 시험 미실행
REG-V1,1EACdRIiAPGk4LAbttpXZiJd_cuqIh-cVi4jQsbfmqDw,453108903,21 인구 변동,F,REG-V1:453108903:F,사망,1,"{""rows"": [1], ""values"": [""사망""]}",string,input,직접 입력. 해당 항목의 수치 또는 값입니다. 단위·시점·분모가 필요한 경우 인접 열에 함께 기록합니다.,1,0,0,0,MAP-014,R20,인구변동,R20,인구변동,deaths,원문값과 기존 ID·상태·판본·출처를 보존. 해석 가능한 형만 변환하고 원문 value_raw/legacy_locator를 유지. 빈칸·미상·미정·해당없음·확정0을 독립 상태로 처리; 원문 숫자 정밀도 초과시 문자열 보존/근사값 분리.,PH0/REG-V1_online.xlsx#xl/worksheets/sheet14.xml:F; literal=PH1/literal_cells.csv; formulas=PH1/formula_patterns_and_dependencies.json,PH1 대상표·필드·형·처리경로 명세; 원본단일화 및 파생식 재구현,"사용자 시작지시 + 계획서 4.2~4.8,5~8; 정본 승인과 별개",키 중복/외래키 존재/자료형/원문 보존 대조; 행이 없으면 자료 없음이며 시험 통과로 보지 않음.,미실행,false,"[{""file_code"": ""R20"", ""table"": ""인구변동"", ""field"": ""deaths"", ""role"": ""input"", ""row_condition"": ""all source records"", ""rule"": ""all source records"", ""data_type"": ""decimal_nullable; exact original in value_raw"", ""reference"": """"}]",decimal_nullable; exact original in value_raw,,명세 작성; 행별 의미 대조/온라인 시험 미실행
REG-V1,1EACdRIiAPGk4LAbttpXZiJd_cuqIh-cVi4jQsbfmqDw,453108903,21 인구 변동,G,REG-V1:453108903:G,유입,1,"{""rows"": [1], ""values"": [""유입""]}",string,input,직접 입력. 해당 항목의 수치 또는 값입니다. 단위·시점·분모가 필요한 경우 인접 열에 함께 기록합니다.,1,0,0,0,MAP-014,R20,인구변동,R20,인구변동,in_migration,원문값과 기존 ID·상태·판본·출처를 보존. 해석 가능한 형만 변환하고 원문 value_raw/legacy_locator를 유지. 빈칸·미상·미정·해당없음·확정0을 독립 상태로 처리; 원문 숫자 정밀도 초과시 문자열 보존/근사값 분리.,PH0/REG-V1_online.xlsx#xl/worksheets/sheet14.xml:G; literal=PH1/literal_cells.csv; formulas=PH1/formula_patterns_and_dependencies.json,PH1 대상표·필드·형·처리경로 명세; 원본단일화 및 파생식 재구현,"사용자 시작지시 + 계획서 4.2~4.8,5~8; 정본 승인과 별개",키 중복/외래키 존재/자료형/원문 보존 대조; 행이 없으면 자료 없음이며 시험 통과로 보지 않음.,미실행,false,"[{""file_code"": ""R20"", ""table"": ""인구변동"", ""field"": ""in_migration"", ""role"": ""input"", ""row_condition"": ""all source records"", ""rule"": ""all source records"", ""data_type"": ""decimal_nullable; exact original in value_raw"", ""reference"": """"}]",decimal_nullable; exact original in value_raw,,명세 작성; 행별 의미 대조/온라인 시험 미실행
REG-V1,1EACdRIiAPGk4LAbttpXZiJd_cuqIh-cVi4jQsbfmqDw,453108903,21 인구 변동,H,REG-V1:453108903:H,유출,1,"{""rows"": [1], ""values"": [""유출""]}",string,input,직접 입력. 해당 항목의 수치 또는 값입니다. 단위·시점·분모가 필요한 경우 인접 열에 함께 기록합니다.,1,0,0,0,MAP-014,R20,인구변동,R20,인구변동,out_migration,원문값과 기존 ID·상태·판본·출처를 보존. 해석 가능한 형만 변환하고 원문 value_raw/legacy_locator를 유지. 빈칸·미상·미정·해당없음·확정0을 독립 상태로 처리; 원문 숫자 정밀도 초과시 문자열 보존/근사값 분리.,PH0/REG-V1_online.xlsx#xl/worksheets/sheet14.xml:H; literal=PH1/literal_cells.csv; formulas=PH1/formula_patterns_and_dependencies.json,PH1 대상표·필드·형·처리경로 명세; 원본단일화 및 파생식 재구현,"사용자 시작지시 + 계획서 4.2~4.8,5~8; 정본 승인과 별개",키 중복/외래키 존재/자료형/원문 보존 대조; 행이 없으면 자료 없음이며 시험 통과로 보지 않음.,미실행,false,"[{""file_code"": ""R20"", ""table"": ""인구변동"", ""field"": ""out_migration"", ""role"": ""input"", ""row_condition"": ""all source records"", ""rule"": ""all source records"", ""data_type"": ""decimal_nullable; exact original in value_raw"", ""reference"": """"}]",decimal_nullable; exact original in value_raw,,명세 작성; 행별 의미 대조/온라인 시험 미실행
REG-V1,1EACdRIiAPGk4LAbttpXZiJd_cuqIh-cVi4jQsbfmqDw,453108903,21 인구 변동,I,REG-V1:453108903:I,기타 증감,1,"{""rows"": [1], ""values"": [""기타 증감""]}",string,input,직접 입력. 해당 항목의 수치 또는 값입니다. 단위·시점·분모가 필요한 경우 인접 열에 함께 기록합니다.,1,0,0,0,MAP-014,R20,인구변동,R20,인구변동,other_change,원문값과 기존 ID·상태·판본·출처를 보존. 해석 가능한 형만 변환하고 원문 value_raw/legacy_locator를 유지. 빈칸·미상·미정·해당없음·확정0을 독립 상태로 처리; 원문 숫자 정밀도 초과시 문자열 보존/근사값 분리.,PH0/REG-V1_online.xlsx#xl/worksheets/sheet14.xml:I; literal=PH1/literal_cells.csv; formulas=PH1/formula_patterns_and_dependencies.json,PH1 대상표·필드·형·처리경로 명세; 원본단일화 및 파생식 재구현,"사용자 시작지시 + 계획서 4.2~4.8,5~8; 정본 승인과 별개",키 중복/외래키 존재/자료형/원문 보존 대조; 행이 없으면 자료 없음이며 시험 통과로 보지 않음.,미실행,false,"[{""file_code"": ""R20"", ""table"": ""인구변동"", ""field"": ""other_change"", ""role"": ""input"", ""row_condition"": ""all source records"", ""rule"": ""all source records"", ""data_type"": ""decimal_nullable; exact original in value_raw"", ""reference"": """"}]",decimal_nullable; exact original in value_raw,,명세 작성; 행별 의미 대조/온라인 시험 미실행
REG-V1,1EACdRIiAPGk4LAbttpXZiJd_cuqIh-cVi4jQsbfmqDw,453108903,21 인구 변동,J,REG-V1:453108903:J,단위,1,"{""rows"": [1], ""values"": [""단위""]}",string,input,"직접 입력. 명, %, km², 통화/년 등 숫자를 해석하는 데 필요한 단위를 반드시 기록합니다.",1,0,0,0,MAP-014,R20,인구변동,R20,인구변동,unit,원문값과 기존 ID·상태·판본·출처를 보존. 해석 가능한 형만 변환하고 원문 value_raw/legacy_locator를 유지.,PH0/REG-V1_online.xlsx#xl/worksheets/sheet14.xml:J; literal=PH1/literal_cells.csv; formulas=PH1/formula_patterns_and_dependencies.json,PH1 대상표·필드·형·처리경로 명세; 원본단일화 및 파생식 재구현,"사용자 시작지시 + 계획서 4.2~4.8,5~8; 정본 승인과 별개",키 중복/외래키 존재/자료형/원문 보존 대조; 행이 없으면 자료 없음이며 시험 통과로 보지 않음.,미실행,false,"[{""file_code"": ""R20"", ""table"": ""인구변동"", ""field"": ""unit"", ""role"": ""input"", ""row_condition"": ""all source records"", ""rule"": ""all source records"", ""data_type"": ""text_nullable"", ""reference"": """"}]",text_nullable,,명세 작성; 행별 의미 대조/온라인 시험 미실행
REG-V1,1EACdRIiAPGk4LAbttpXZiJd_cuqIh-cVi4jQsbfmqDw,453108903,21 인구 변동,K,REG-V1:453108903:K,값 상태,1,"{""rows"": [1], ""values"": [""값 상태""]}",string,input,드롭다운 선택. 값 있음 / 추정 / 미정 / 미상 / 해당 없음을 구분합니다. 빈칸이나 0으로 대신하지 않습니다.,1,0,0,0,MAP-014,R20,인구변동,R20,인구변동,value_status,원문값과 기존 ID·상태·판본·출처를 보존. 해석 가능한 형만 변환하고 원문 value_raw/legacy_locator를 유지.,PH0/REG-V1_online.xlsx#xl/worksheets/sheet14.xml:K; literal=PH1/literal_cells.csv; formulas=PH1/formula_patterns_and_dependencies.json,PH1 대상표·필드·형·처리경로 명세; 원본단일화 및 파생식 재구현,"사용자 시작지시 + 계획서 4.2~4.8,5~8; 정본 승인과 별개",키 중복/외래키 존재/자료형/원문 보존 대조; 행이 없으면 자료 없음이며 시험 통과로 보지 않음.,미실행,false,"[{""file_code"": ""R20"", ""table"": ""인구변동"", ""field"": ""value_status"", ""role"": ""input"", ""row_condition"": ""all source records"", ""rule"": ""all source records"", ""data_type"": ""C00_code_nullable; unknown original retained"", ""reference"": """"}]",C00_code_nullable; unknown original retained,,명세 작성; 행별 의미 대조/온라인 시험 미실행
REG-V1,1EACdRIiAPGk4LAbttpXZiJd_cuqIh-cVi4jQsbfmqDw,453108903,21 인구 변동,L,REG-V1:453108903:L,값 근거,1,"{""rows"": [1], ""values"": [""값 근거""]}",string,input,드롭다운 선택. 직접 설정 / 원문 추출 / 추정 / 계산 / 미상 중 값이 만들어진 방식을 기록합니다.,1,0,0,0,MAP-014,R20,인구변동,R20,인구변동,value_basis,원문값과 기존 ID·상태·판본·출처를 보존. 해석 가능한 형만 변환하고 원문 value_raw/legacy_locator를 유지.,PH0/REG-V1_online.xlsx#xl/worksheets/sheet14.xml:L; literal=PH1/literal_cells.csv; formulas=PH1/formula_patterns_and_dependencies.json,PH1 대상표·필드·형·처리경로 명세; 원본단일화 및 파생식 재구현,"사용자 시작지시 + 계획서 4.2~4.8,5~8; 정본 승인과 별개",키 중복/외래키 존재/자료형/원문 보존 대조; 행이 없으면 자료 없음이며 시험 통과로 보지 않음.,미실행,false,"[{""file_code"": ""R20"", ""table"": ""인구변동"", ""field"": ""value_basis"", ""role"": ""input"", ""row_condition"": ""all source records"", ""rule"": ""all source records"", ""data_type"": ""text_nullable"", ""reference"": """"}]",text_nullable,,명세 작성; 행별 의미 대조/온라인 시험 미실행
REG-V1,1EACdRIiAPGk4LAbttpXZiJd_cuqIh-cVi4jQsbfmqDw,453108903,21 인구 변동,M,REG-V1:453108903:M,설정 상태,1,"{""rows"": [1], ""values"": [""설정 상태""]}",string,input,드롭다운에서 현재 승인 상태를 선택합니다. 확정/초안/검토 필요/폐기 등의 의미를 구분해 사용합니다.,1,0,0,0,MAP-014,R20,인구변동,R20,인구변동,setting_status,원문값과 기존 ID·상태·판본·출처를 보존. 해석 가능한 형만 변환하고 원문 value_raw/legacy_locator를 유지.,PH0/REG-V1_online.xlsx#xl/worksheets/sheet14.xml:M; literal=PH1/literal_cells.csv; formulas=PH1/formula_patterns_and_dependencies.json,PH1 대상표·필드·형·처리경로 명세; 원본단일화 및 파생식 재구현,"사용자 시작지시 + 계획서 4.2~4.8,5~8; 정본 승인과 별개",키 중복/외래키 존재/자료형/원문 보존 대조; 행이 없으면 자료 없음이며 시험 통과로 보지 않음.,미실행,false,"[{""file_code"": ""R20"", ""table"": ""인구변동"", ""field"": ""setting_status"", ""role"": ""input"", ""row_condition"": ""all source records"", ""rule"": ""all source records"", ""data_type"": ""C00_code_nullable; unknown original retained"", ""reference"": """"}]",C00_code_nullable; unknown original retained,,명세 작성; 행별 의미 대조/온라인 시험 미실행
REG-V1,1EACdRIiAPGk4LAbttpXZiJd_cuqIh-cVi4jQsbfmqDw,453108903,21 인구 변동,N,REG-V1:453108903:N,출처 ID,1,"{""rows"": [1], ""values"": [""출처 ID""]}",string,display_review,직접 입력. 「90 출처」에서 부여한 출처 ID를 입력합니다. 옆 출처명은 자동 조회됩니다.,1,0,0,0,MAP-014,R20,인구변동,R20,인구변동,source_id,원문값과 기존 ID·상태·판본·출처를 보존. 해석 가능한 형만 변환하고 원문 value_raw/legacy_locator를 유지.,PH0/REG-V1_online.xlsx#xl/worksheets/sheet14.xml:N; literal=PH1/literal_cells.csv; formulas=PH1/formula_patterns_and_dependencies.json,PH1 대상표·필드·형·처리경로 명세; 원본단일화 및 파생식 재구현,"사용자 시작지시 + 계획서 4.2~4.8,5~8; 정본 승인과 별개",키 중복/외래키 존재/자료형/원문 보존 대조; 행이 없으면 자료 없음이며 시험 통과로 보지 않음.,미실행,false,"[{""file_code"": ""R20"", ""table"": ""인구변동"", ""field"": ""source_id"", ""role"": ""input"", ""row_condition"": ""all source records"", ""rule"": ""all source records"", ""data_type"": ""text_identifier; case preserved"", ""reference"": ""C00.출처레지스트리.source_id""}]",text_identifier; case preserved,,명세 작성; 행별 의미 대조/온라인 시험 미실행
REG-V1,1EACdRIiAPGk4LAbttpXZiJd_cuqIh-cVi4jQsbfmqDw,453108903,21 인구 변동,O,REG-V1:453108903:O,출처명,1,"{""rows"": [1], ""values"": [""출처명""]}",string,formula,자동 조회 열입니다. 직접 입력하지 않습니다. 대응하는 ID를 입력하면 마스터 시트의 한글명이 표시됩니다.,1,2999,0,0,MAP-014,R20,인구변동,R20,인구변동_조회계산,source_name,원 수식과 저장값은 PH0/PH1 증거에 보존. 해당 V2 입력 원본·제공표에서 네이티브 수식으로 재구현. 값으로 이관하거나 입력 원본으로 복제하지 않음. ID→표시명 조회. 조회 실패는 연결오류/미등록 ID를 구별하고 빈문자/0으로 숨기지 않음.,PH0/REG-V1_online.xlsx#xl/worksheets/sheet14.xml:O; literal=PH1/literal_cells.csv; formulas=PH1/formula_patterns_and_dependencies.json,PH1 대상표·필드·형·처리경로 명세; 원본단일화 및 파생식 재구현,"사용자 시작지시 + 계획서 4.2~4.8,5~8; 정본 승인과 별개",실제 Google Sheets 재계산·오류 전파·입력 변경·범위 확장 시험 필요. 현재 미실행.,미실행,false,"[{""file_code"": ""R20"", ""table"": ""인구변동_조회계산"", ""field"": ""source_name"", ""role"": ""calculated"", ""row_condition"": ""all source records"", ""rule"": ""all source records"", ""data_type"": ""text_nullable"", ""reference"": """"}]",text_nullable,,명세 작성; 행별 의미 대조/온라인 시험 미실행
REG-V1,1EACdRIiAPGk4LAbttpXZiJd_cuqIh-cVi4jQsbfmqDw,453108903,21 인구 변동,P,REG-V1:453108903:P,비고,1,"{""rows"": [1], ""values"": [""비고""]}",string,input,선택 입력. 다른 열로 표현하기 어려운 예외·주의사항·검토할 질문을 기록합니다.,1,0,0,0,MAP-014,R20,인구변동,R20,인구변동,notes,원문값과 기존 ID·상태·판본·출처를 보존. 해석 가능한 형만 변환하고 원문 value_raw/legacy_locator를 유지.,PH0/REG-V1_online.xlsx#xl/worksheets/sheet14.xml:P; literal=PH1/literal_cells.csv; formulas=PH1/formula_patterns_and_dependencies.json,PH1 대상표·필드·형·처리경로 명세; 원본단일화 및 파생식 재구현,"사용자 시작지시 + 계획서 4.2~4.8,5~8; 정본 승인과 별개",키 중복/외래키 존재/자료형/원문 보존 대조; 행이 없으면 자료 없음이며 시험 통과로 보지 않음.,미실행,false,"[{""file_code"": ""R20"", ""table"": ""인구변동"", ""field"": ""notes"", ""role"": ""input"", ""row_condition"": ""all source records"", ""rule"": ""all source records"", ""data_type"": ""text_nullable"", ""reference"": """"}]",text_nullable,,명세 작성; 행별 의미 대조/온라인 시험 미실행
REG-V1,1EACdRIiAPGk4LAbttpXZiJd_cuqIh-cVi4jQsbfmqDw,204899797,30 문화 분포,A,REG-V1:204899797:A,지역 ID,1,"{""rows"": [1], ""values"": [""지역 ID""]}",string,input,직접 입력. 「01-지역 마스터」에서 부여한 지역 ID를 입력합니다. 존재하지 않는 ID는 검증에서 거부됩니다.,1,0,0,0,MAP-015,R30,문화분포,R30,문화분포,region_id,원문값과 기존 ID·상태·판본·출처를 보존. 해석 가능한 형만 변환하고 원문 value_raw/legacy_locator를 유지.,PH0/REG-V1_online.xlsx#xl/worksheets/sheet15.xml:A; literal=PH1/literal_cells.csv; formulas=PH1/formula_patterns_and_dependencies.json,PH1 대상표·필드·형·처리경로 명세; 원본단일화 및 파생식 재구현,"사용자 시작지시 + 계획서 4.2~4.8,5~8; 정본 승인과 별개",키 중복/외래키 존재/자료형/원문 보존 대조; 행이 없으면 자료 없음이며 시험 통과로 보지 않음.,미실행,false,"[{""file_code"": ""R30"", ""table"": ""문화분포"", ""field"": ""region_id"", ""role"": ""input"", ""row_condition"": ""all source records"", ""rule"": ""all source records"", ""data_type"": ""text_identifier; case preserved"", ""reference"": ""R10.지역목록.region_id""}]",text_identifier; case preserved,R-008,명세 작성; 행별 의미 대조/온라인 시험 미실행
REG-V1,1EACdRIiAPGk4LAbttpXZiJd_cuqIh-cVi4jQsbfmqDw,204899797,30 문화 분포,B,REG-V1:204899797:B,지역명,1,"{""rows"": [1], ""values"": [""지역명""]}",string,formula,자동 조회 열입니다. 직접 입력하지 않습니다. 대응하는 ID를 입력하면 마스터 시트의 한글명이 표시됩니다.,1,4999,0,0,MAP-015,R30,문화분포,R30,문화분포_조회계산,region_name,원 수식과 저장값은 PH0/PH1 증거에 보존. 해당 V2 입력 원본·제공표에서 네이티브 수식으로 재구현. 값으로 이관하거나 입력 원본으로 복제하지 않음. ID→표시명 조회. 조회 실패는 연결오류/미등록 ID를 구별하고 빈문자/0으로 숨기지 않음.,PH0/REG-V1_online.xlsx#xl/worksheets/sheet15.xml:B; literal=PH1/literal_cells.csv; formulas=PH1/formula_patterns_and_dependencies.json,PH1 대상표·필드·형·처리경로 명세; 원본단일화 및 파생식 재구현,"사용자 시작지시 + 계획서 4.2~4.8,5~8; 정본 승인과 별개",실제 Google Sheets 재계산·오류 전파·입력 변경·범위 확장 시험 필요. 현재 미실행.,미실행,false,"[{""file_code"": ""R30"", ""table"": ""문화분포_조회계산"", ""field"": ""region_name"", ""role"": ""calculated"", ""row_condition"": ""all source records"", ""rule"": ""all source records"", ""data_type"": ""text_nullable"", ""reference"": """"}]",text_nullable,R-008,명세 작성; 행별 의미 대조/온라인 시험 미실행
REG-V1,1EACdRIiAPGk4LAbttpXZiJd_cuqIh-cVi4jQsbfmqDw,204899797,30 문화 분포,C,REG-V1:204899797:C,시점,1,"{""rows"": [1], ""values"": [""시점""]}",string,input,직접 입력. 해당 값이 관측·설정된 세계관 시점을 기록합니다. 앞뒤 연도의 값을 자동 보간하지 않습니다.,1,0,0,0,MAP-015,R30,문화분포,R30,문화분포,time_raw,원문값과 기존 ID·상태·판본·출처를 보존. 해석 가능한 형만 변환하고 원문 value_raw/legacy_locator를 유지. DATE-TEMPORAL 규약으로 era/year/month/day와 precision을 분리하되 원문은 유지; 해석 불가시 결정대기.,PH0/REG-V1_online.xlsx#xl/worksheets/sheet15.xml:C; literal=PH1/literal_cells.csv; formulas=PH1/formula_patterns_and_dependencies.json,PH1 대상표·필드·형·처리경로 명세; 원본단일화 및 파생식 재구현,"사용자 시작지시 + 계획서 4.2~4.8,5~8; 정본 승인과 별개",키 중복/외래키 존재/자료형/원문 보존 대조; 행이 없으면 자료 없음이며 시험 통과로 보지 않음.,미실행,false,"[{""file_code"": ""R30"", ""table"": ""문화분포"", ""field"": ""time_raw"", ""role"": ""input"", ""row_condition"": ""all source records"", ""rule"": ""all source records"", ""data_type"": ""text_nullable"", ""reference"": """"}]",text_nullable,R-007;R-008,명세 작성; 행별 의미 대조/온라인 시험 미실행
REG-V1,1EACdRIiAPGk4LAbttpXZiJd_cuqIh-cVi4jQsbfmqDw,204899797,30 문화 분포,D,REG-V1:204899797:D,문화 ID,1,"{""rows"": [1], ""values"": [""문화 ID""]}",string,input,직접 입력. 해당 마스터/사전 시트에서 부여한 영구 ID를 입력합니다. 한 번 사용한 ID는 재번호화하지 않습니다.,1,0,0,0,MAP-015,R30,문화분포,R30,문화분포,culture_id,원문값과 기존 ID·상태·판본·출처를 보존. 해석 가능한 형만 변환하고 원문 value_raw/legacy_locator를 유지.,PH0/REG-V1_online.xlsx#xl/worksheets/sheet15.xml:D; literal=PH1/literal_cells.csv; formulas=PH1/formula_patterns_and_dependencies.json,PH1 대상표·필드·형·처리경로 명세; 원본단일화 및 파생식 재구현,"사용자 시작지시 + 계획서 4.2~4.8,5~8; 정본 승인과 별개",키 중복/외래키 존재/자료형/원문 보존 대조; 행이 없으면 자료 없음이며 시험 통과로 보지 않음.,미실행,false,"[{""file_code"": ""R30"", ""table"": ""문화분포"", ""field"": ""culture_id"", ""role"": ""input"", ""row_condition"": ""all source records"", ""rule"": ""all source records"", ""data_type"": ""text_identifier; case preserved"", ""reference"": ""C00.culture_dictionary.culture_id""}]",text_identifier; case preserved,R-008,명세 작성; 행별 의미 대조/온라인 시험 미실행
REG-V1,1EACdRIiAPGk4LAbttpXZiJd_cuqIh-cVi4jQsbfmqDw,204899797,30 문화 분포,E,REG-V1:204899797:E,문화명,1,"{""rows"": [1], ""values"": [""문화명""]}",string,formula,자동 조회 열입니다. 직접 입력하지 않습니다. 대응하는 ID를 입력하면 마스터 시트의 한글명이 표시됩니다.,1,4999,0,0,MAP-015,R30,문화분포,R30,문화분포_조회계산,culture_name,원 수식과 저장값은 PH0/PH1 증거에 보존. 해당 V2 입력 원본·제공표에서 네이티브 수식으로 재구현. 값으로 이관하거나 입력 원본으로 복제하지 않음. ID→표시명 조회. 조회 실패는 연결오류/미등록 ID를 구별하고 빈문자/0으로 숨기지 않음.,PH0/REG-V1_online.xlsx#xl/worksheets/sheet15.xml:E; literal=PH1/literal_cells.csv; formulas=PH1/formula_patterns_and_dependencies.json,PH1 대상표·필드·형·처리경로 명세; 원본단일화 및 파생식 재구현,"사용자 시작지시 + 계획서 4.2~4.8,5~8; 정본 승인과 별개",실제 Google Sheets 재계산·오류 전파·입력 변경·범위 확장 시험 필요. 현재 미실행.,미실행,false,"[{""file_code"": ""R30"", ""table"": ""문화분포_조회계산"", ""field"": ""culture_name"", ""role"": ""calculated"", ""row_condition"": ""all source records"", ""rule"": ""all source records"", ""data_type"": ""text_nullable"", ""reference"": """"}]",text_nullable,R-008,명세 작성; 행별 의미 대조/온라인 시험 미실행
REG-V1,1EACdRIiAPGk4LAbttpXZiJd_cuqIh-cVi4jQsbfmqDw,204899797,30 문화 분포,F,REG-V1:204899797:F,값 상태,1,"{""rows"": [1], ""values"": [""값 상태""]}",string,input,드롭다운 선택. 값 있음 / 추정 / 미정 / 미상 / 해당 없음을 구분합니다. 빈칸이나 0으로 대신하지 않습니다.,1,0,0,0,MAP-015,R30,문화분포,R30,문화분포,value_status,원문값과 기존 ID·상태·판본·출처를 보존. 해석 가능한 형만 변환하고 원문 value_raw/legacy_locator를 유지.,PH0/REG-V1_online.xlsx#xl/worksheets/sheet15.xml:F; literal=PH1/literal_cells.csv; formulas=PH1/formula_patterns_and_dependencies.json,PH1 대상표·필드·형·처리경로 명세; 원본단일화 및 파생식 재구현,"사용자 시작지시 + 계획서 4.2~4.8,5~8; 정본 승인과 별개",키 중복/외래키 존재/자료형/원문 보존 대조; 행이 없으면 자료 없음이며 시험 통과로 보지 않음.,미실행,false,"[{""file_code"": ""R30"", ""table"": ""문화분포"", ""field"": ""value_status"", ""role"": ""input"", ""row_condition"": ""all source records"", ""rule"": ""all source records"", ""data_type"": ""C00_code_nullable; unknown original retained"", ""reference"": """"}]",C00_code_nullable; unknown original retained,R-008,명세 작성; 행별 의미 대조/온라인 시험 미실행
REG-V1,1EACdRIiAPGk4LAbttpXZiJd_cuqIh-cVi4jQsbfmqDw,204899797,30 문화 분포,G,REG-V1:204899797:G,값,1,"{""rows"": [1], ""values"": [""값""]}",string,input,직접 입력. 해당 항목의 수치 또는 값입니다. 단위·시점·분모가 필요한 경우 인접 열에 함께 기록합니다.,1,0,0,0,MAP-015,R30,문화분포,R30,문화분포,value_numeric,원문값과 기존 ID·상태·판본·출처를 보존. 해석 가능한 형만 변환하고 원문 value_raw/legacy_locator를 유지. 빈칸·미상·미정·해당없음·확정0을 독립 상태로 처리; 원문 숫자 정밀도 초과시 문자열 보존/근사값 분리.,PH0/REG-V1_online.xlsx#xl/worksheets/sheet15.xml:G; literal=PH1/literal_cells.csv; formulas=PH1/formula_patterns_and_dependencies.json,PH1 대상표·필드·형·처리경로 명세; 원본단일화 및 파생식 재구현,"사용자 시작지시 + 계획서 4.2~4.8,5~8; 정본 승인과 별개",키 중복/외래키 존재/자료형/원문 보존 대조; 행이 없으면 자료 없음이며 시험 통과로 보지 않음.,미실행,false,"[{""file_code"": ""R30"", ""table"": ""문화분포"", ""field"": ""value_numeric"", ""role"": ""input"", ""row_condition"": ""all source records"", ""rule"": ""all source records"", ""data_type"": ""decimal_nullable; exact original in value_raw"", ""reference"": """"}]",decimal_nullable; exact original in value_raw,R-008,명세 작성; 행별 의미 대조/온라인 시험 미실행
REG-V1,1EACdRIiAPGk4LAbttpXZiJd_cuqIh-cVi4jQsbfmqDw,204899797,30 문화 분포,H,REG-V1:204899797:H,단위,1,"{""rows"": [1], ""values"": [""단위""]}",string,input,"직접 입력. 명, %, km², 통화/년 등 숫자를 해석하는 데 필요한 단위를 반드시 기록합니다.",1,0,0,0,MAP-015,R30,문화분포,R30,문화분포,unit,원문값과 기존 ID·상태·판본·출처를 보존. 해석 가능한 형만 변환하고 원문 value_raw/legacy_locator를 유지.,PH0/REG-V1_online.xlsx#xl/worksheets/sheet15.xml:H; literal=PH1/literal_cells.csv; formulas=PH1/formula_patterns_and_dependencies.json,PH1 대상표·필드·형·처리경로 명세; 원본단일화 및 파생식 재구현,"사용자 시작지시 + 계획서 4.2~4.8,5~8; 정본 승인과 별개",키 중복/외래키 존재/자료형/원문 보존 대조; 행이 없으면 자료 없음이며 시험 통과로 보지 않음.,미실행,false,"[{""file_code"": ""R30"", ""table"": ""문화분포"", ""field"": ""unit"", ""role"": ""input"", ""row_condition"": ""all source records"", ""rule"": ""all source records"", ""data_type"": ""text_nullable"", ""reference"": """"}]",text_nullable,R-008,명세 작성; 행별 의미 대조/온라인 시험 미실행
REG-V1,1EACdRIiAPGk4LAbttpXZiJd_cuqIh-cVi4jQsbfmqDw,204899797,30 문화 분포,I,REG-V1:204899797:I,분모,1,"{""rows"": [1], ""values"": [""분모""]}",string,input,"직접 입력. %나 비율의 기준이 되는 전체를 기록합니다. 예: 전체 상주민, 성인 인구, 총고용, 총생산 등.",1,0,0,0,MAP-015,R30,문화분포,R30,문화분포,denominator,원문값과 기존 ID·상태·판본·출처를 보존. 해석 가능한 형만 변환하고 원문 value_raw/legacy_locator를 유지.,PH0/REG-V1_online.xlsx#xl/worksheets/sheet15.xml:I; literal=PH1/literal_cells.csv; formulas=PH1/formula_patterns_and_dependencies.json,PH1 대상표·필드·형·처리경로 명세; 원본단일화 및 파생식 재구현,"사용자 시작지시 + 계획서 4.2~4.8,5~8; 정본 승인과 별개",키 중복/외래키 존재/자료형/원문 보존 대조; 행이 없으면 자료 없음이며 시험 통과로 보지 않음.,미실행,false,"[{""file_code"": ""R30"", ""table"": ""문화분포"", ""field"": ""denominator"", ""role"": ""input"", ""row_condition"": ""all source records"", ""rule"": ""all source records"", ""data_type"": ""text_nullable"", ""reference"": """"}]",text_nullable,R-008,명세 작성; 행별 의미 대조/온라인 시험 미실행
REG-V1,1EACdRIiAPGk4LAbttpXZiJd_cuqIh-cVi4jQsbfmqDw,204899797,30 문화 분포,J,REG-V1:204899797:J,자료 범위,1,"{""rows"": [1], ""values"": [""자료 범위""]}",string,input,드롭다운 또는 직접 입력. 자료가 대상 전체인지 일부만 포함하는지 기록합니다.,1,0,0,0,MAP-015,R30,문화분포,R30,문화분포,data_scope,원문값과 기존 ID·상태·판본·출처를 보존. 해석 가능한 형만 변환하고 원문 value_raw/legacy_locator를 유지.,PH0/REG-V1_online.xlsx#xl/worksheets/sheet15.xml:J; literal=PH1/literal_cells.csv; formulas=PH1/formula_patterns_and_dependencies.json,PH1 대상표·필드·형·처리경로 명세; 원본단일화 및 파생식 재구현,"사용자 시작지시 + 계획서 4.2~4.8,5~8; 정본 승인과 별개",키 중복/외래키 존재/자료형/원문 보존 대조; 행이 없으면 자료 없음이며 시험 통과로 보지 않음.,미실행,false,"[{""file_code"": ""R30"", ""table"": ""문화분포"", ""field"": ""data_scope"", ""role"": ""input"", ""row_condition"": ""all source records"", ""rule"": ""all source records"", ""data_type"": ""text_nullable"", ""reference"": """"}]",text_nullable,R-008,명세 작성; 행별 의미 대조/온라인 시험 미실행
REG-V1,1EACdRIiAPGk4LAbttpXZiJd_cuqIh-cVi4jQsbfmqDw,204899797,30 문화 분포,K,REG-V1:204899797:K,설정 상태,1,"{""rows"": [1], ""values"": [""설정 상태""]}",string,input,드롭다운에서 현재 승인 상태를 선택합니다. 확정/초안/검토 필요/폐기 등의 의미를 구분해 사용합니다.,1,0,0,0,MAP-015,R30,문화분포,R30,문화분포,setting_status,원문값과 기존 ID·상태·판본·출처를 보존. 해석 가능한 형만 변환하고 원문 value_raw/legacy_locator를 유지.,PH0/REG-V1_online.xlsx#xl/worksheets/sheet15.xml:K; literal=PH1/literal_cells.csv; formulas=PH1/formula_patterns_and_dependencies.json,PH1 대상표·필드·형·처리경로 명세; 원본단일화 및 파생식 재구현,"사용자 시작지시 + 계획서 4.2~4.8,5~8; 정본 승인과 별개",키 중복/외래키 존재/자료형/원문 보존 대조; 행이 없으면 자료 없음이며 시험 통과로 보지 않음.,미실행,false,"[{""file_code"": ""R30"", ""table"": ""문화분포"", ""field"": ""setting_status"", ""role"": ""input"", ""row_condition"": ""all source records"", ""rule"": ""all source records"", ""data_type"": ""C00_code_nullable; unknown original retained"", ""reference"": """"}]",C00_code_nullable; unknown original retained,R-008,명세 작성; 행별 의미 대조/온라인 시험 미실행
REG-V1,1EACdRIiAPGk4LAbttpXZiJd_cuqIh-cVi4jQsbfmqDw,204899797,30 문화 분포,L,REG-V1:204899797:L,출처 ID,1,"{""rows"": [1], ""values"": [""출처 ID""]}",string,display_review,직접 입력. 「90 출처」에서 부여한 출처 ID를 입력합니다. 옆 출처명은 자동 조회됩니다.,1,0,0,0,MAP-015,R30,문화분포,R30,문화분포,source_id,원문값과 기존 ID·상태·판본·출처를 보존. 해석 가능한 형만 변환하고 원문 value_raw/legacy_locator를 유지.,PH0/REG-V1_online.xlsx#xl/worksheets/sheet15.xml:L; literal=PH1/literal_cells.csv; formulas=PH1/formula_patterns_and_dependencies.json,PH1 대상표·필드·형·처리경로 명세; 원본단일화 및 파생식 재구현,"사용자 시작지시 + 계획서 4.2~4.8,5~8; 정본 승인과 별개",키 중복/외래키 존재/자료형/원문 보존 대조; 행이 없으면 자료 없음이며 시험 통과로 보지 않음.,미실행,false,"[{""file_code"": ""R30"", ""table"": ""문화분포"", ""field"": ""source_id"", ""role"": ""input"", ""row_condition"": ""all source records"", ""rule"": ""all source records"", ""data_type"": ""text_identifier; case preserved"", ""reference"": ""C00.출처레지스트리.source_id""}]",text_identifier; case preserved,R-008,명세 작성; 행별 의미 대조/온라인 시험 미실행
REG-V1,1EACdRIiAPGk4LAbttpXZiJd_cuqIh-cVi4jQsbfmqDw,204899797,30 문화 분포,M,REG-V1:204899797:M,출처명,1,"{""rows"": [1], ""values"": [""출처명""]}",string,formula,자동 조회 열입니다. 직접 입력하지 않습니다. 대응하는 ID를 입력하면 마스터 시트의 한글명이 표시됩니다.,1,4999,0,0,MAP-015,R30,문화분포,R30,문화분포_조회계산,source_name,원 수식과 저장값은 PH0/PH1 증거에 보존. 해당 V2 입력 원본·제공표에서 네이티브 수식으로 재구현. 값으로 이관하거나 입력 원본으로 복제하지 않음. ID→표시명 조회. 조회 실패는 연결오류/미등록 ID를 구별하고 빈문자/0으로 숨기지 않음.,PH0/REG-V1_online.xlsx#xl/worksheets/sheet15.xml:M; literal=PH1/literal_cells.csv; formulas=PH1/formula_patterns_and_dependencies.json,PH1 대상표·필드·형·처리경로 명세; 원본단일화 및 파생식 재구현,"사용자 시작지시 + 계획서 4.2~4.8,5~8; 정본 승인과 별개",실제 Google Sheets 재계산·오류 전파·입력 변경·범위 확장 시험 필요. 현재 미실행.,미실행,false,"[{""file_code"": ""R30"", ""table"": ""문화분포_조회계산"", ""field"": ""source_name"", ""role"": ""calculated"", ""row_condition"": ""all source records"", ""rule"": ""all source records"", ""data_type"": ""text_nullable"", ""reference"": """"}]",text_nullable,R-008,명세 작성; 행별 의미 대조/온라인 시험 미실행
REG-V1,1EACdRIiAPGk4LAbttpXZiJd_cuqIh-cVi4jQsbfmqDw,204899797,30 문화 분포,N,REG-V1:204899797:N,비고,1,"{""rows"": [1], ""values"": [""비고""]}",string,input,선택 입력. 다른 열로 표현하기 어려운 예외·주의사항·검토할 질문을 기록합니다.,1,0,0,0,MAP-015,R30,문화분포,R30,문화분포,notes,원문값과 기존 ID·상태·판본·출처를 보존. 해석 가능한 형만 변환하고 원문 value_raw/legacy_locator를 유지.,PH0/REG-V1_online.xlsx#xl/worksheets/sheet15.xml:N; literal=PH1/literal_cells.csv; formulas=PH1/formula_patterns_and_dependencies.json,PH1 대상표·필드·형·처리경로 명세; 원본단일화 및 파생식 재구현,"사용자 시작지시 + 계획서 4.2~4.8,5~8; 정본 승인과 별개",키 중복/외래키 존재/자료형/원문 보존 대조; 행이 없으면 자료 없음이며 시험 통과로 보지 않음.,미실행,false,"[{""file_code"": ""R30"", ""table"": ""문화분포"", ""field"": ""notes"", ""role"": ""input"", ""row_condition"": ""all source records"", ""rule"": ""all source records"", ""data_type"": ""text_nullable"", ""reference"": """"}]",text_nullable,R-008,명세 작성; 행별 의미 대조/온라인 시험 미실행
REG-V1,1EACdRIiAPGk4LAbttpXZiJd_cuqIh-cVi4jQsbfmqDw,891214331,31 종교 분포,A,REG-V1:891214331:A,지역 ID,1,"{""rows"": [1], ""values"": [""지역 ID""]}",string,input,직접 입력. 「01-지역 마스터」에서 부여한 지역 ID를 입력합니다. 존재하지 않는 ID는 검증에서 거부됩니다.,1,0,0,0,MAP-016,R40,종교분포,R40,종교분포,region_id,원문값과 기존 ID·상태·판본·출처를 보존. 해석 가능한 형만 변환하고 원문 value_raw/legacy_locator를 유지.,PH0/REG-V1_online.xlsx#xl/worksheets/sheet16.xml:A; literal=PH1/literal_cells.csv; formulas=PH1/formula_patterns_and_dependencies.json,PH1 대상표·필드·형·처리경로 명세; 원본단일화 및 파생식 재구현,"사용자 시작지시 + 계획서 4.2~4.8,5~8; 정본 승인과 별개",키 중복/외래키 존재/자료형/원문 보존 대조; 행이 없으면 자료 없음이며 시험 통과로 보지 않음.,미실행,false,"[{""file_code"": ""R40"", ""table"": ""종교분포"", ""field"": ""region_id"", ""role"": ""input"", ""row_condition"": ""all source records"", ""rule"": ""all source records"", ""data_type"": ""text_identifier; case preserved"", ""reference"": ""R10.지역목록.region_id""}]",text_identifier; case preserved,R-008,명세 작성; 행별 의미 대조/온라인 시험 미실행
REG-V1,1EACdRIiAPGk4LAbttpXZiJd_cuqIh-cVi4jQsbfmqDw,891214331,31 종교 분포,B,REG-V1:891214331:B,지역명,1,"{""rows"": [1], ""values"": [""지역명""]}",string,formula,자동 조회 열입니다. 직접 입력하지 않습니다. 대응하는 ID를 입력하면 마스터 시트의 한글명이 표시됩니다.,1,4999,0,0,MAP-016,R40,종교분포,R40,종교분포_조회계산,region_name,원 수식과 저장값은 PH0/PH1 증거에 보존. 해당 V2 입력 원본·제공표에서 네이티브 수식으로 재구현. 값으로 이관하거나 입력 원본으로 복제하지 않음. ID→표시명 조회. 조회 실패는 연결오류/미등록 ID를 구별하고 빈문자/0으로 숨기지 않음.,PH0/REG-V1_online.xlsx#xl/worksheets/sheet16.xml:B; literal=PH1/literal_cells.csv; formulas=PH1/formula_patterns_and_dependencies.json,PH1 대상표·필드·형·처리경로 명세; 원본단일화 및 파생식 재구현,"사용자 시작지시 + 계획서 4.2~4.8,5~8; 정본 승인과 별개",실제 Google Sheets 재계산·오류 전파·입력 변경·범위 확장 시험 필요. 현재 미실행.,미실행,false,"[{""file_code"": ""R40"", ""table"": ""종교분포_조회계산"", ""field"": ""region_name"", ""role"": ""calculated"", ""row_condition"": ""all source records"", ""rule"": ""all source records"", ""data_type"": ""text_nullable"", ""reference"": """"}]",text_nullable,R-008,명세 작성; 행별 의미 대조/온라인 시험 미실행
REG-V1,1EACdRIiAPGk4LAbttpXZiJd_cuqIh-cVi4jQsbfmqDw,891214331,31 종교 분포,C,REG-V1:891214331:C,시점,1,"{""rows"": [1], ""values"": [""시점""]}",string,input,직접 입력. 해당 값이 관측·설정된 세계관 시점을 기록합니다. 앞뒤 연도의 값을 자동 보간하지 않습니다.,1,0,0,0,MAP-016,R40,종교분포,R40,종교분포,time_raw,원문값과 기존 ID·상태·판본·출처를 보존. 해석 가능한 형만 변환하고 원문 value_raw/legacy_locator를 유지. DATE-TEMPORAL 규약으로 era/year/month/day와 precision을 분리하되 원문은 유지; 해석 불가시 결정대기.,PH0/REG-V1_online.xlsx#xl/worksheets/sheet16.xml:C; literal=PH1/literal_cells.csv; formulas=PH1/formula_patterns_and_dependencies.json,PH1 대상표·필드·형·처리경로 명세; 원본단일화 및 파생식 재구현,"사용자 시작지시 + 계획서 4.2~4.8,5~8; 정본 승인과 별개",키 중복/외래키 존재/자료형/원문 보존 대조; 행이 없으면 자료 없음이며 시험 통과로 보지 않음.,미실행,false,"[{""file_code"": ""R40"", ""table"": ""종교분포"", ""field"": ""time_raw"", ""role"": ""input"", ""row_condition"": ""all source records"", ""rule"": ""all source records"", ""data_type"": ""text_nullable"", ""reference"": """"}]",text_nullable,R-007;R-008,명세 작성; 행별 의미 대조/온라인 시험 미실행
REG-V1,1EACdRIiAPGk4LAbttpXZiJd_cuqIh-cVi4jQsbfmqDw,891214331,31 종교 분포,D,REG-V1:891214331:D,종교 ID,1,"{""rows"": [1], ""values"": [""종교 ID""]}",string,input,직접 입력. 해당 마스터/사전 시트에서 부여한 영구 ID를 입력합니다. 한 번 사용한 ID는 재번호화하지 않습니다.,1,0,0,0,MAP-016,R40,종교분포,R40,종교분포,religion_id,원문값과 기존 ID·상태·판본·출처를 보존. 해석 가능한 형만 변환하고 원문 value_raw/legacy_locator를 유지.,PH0/REG-V1_online.xlsx#xl/worksheets/sheet16.xml:D; literal=PH1/literal_cells.csv; formulas=PH1/formula_patterns_and_dependencies.json,PH1 대상표·필드·형·처리경로 명세; 원본단일화 및 파생식 재구현,"사용자 시작지시 + 계획서 4.2~4.8,5~8; 정본 승인과 별개",키 중복/외래키 존재/자료형/원문 보존 대조; 행이 없으면 자료 없음이며 시험 통과로 보지 않음.,미실행,false,"[{""file_code"": ""R40"", ""table"": ""종교분포"", ""field"": ""religion_id"", ""role"": ""input"", ""row_condition"": ""all source records"", ""rule"": ""all source records"", ""data_type"": ""text_identifier; case preserved"", ""reference"": ""C00.religion_dictionary.religion_id""}]",text_identifier; case preserved,R-008,명세 작성; 행별 의미 대조/온라인 시험 미실행
REG-V1,1EACdRIiAPGk4LAbttpXZiJd_cuqIh-cVi4jQsbfmqDw,891214331,31 종교 분포,E,REG-V1:891214331:E,종교명,1,"{""rows"": [1], ""values"": [""종교명""]}",string,formula,자동 조회 열입니다. 직접 입력하지 않습니다. 대응하는 ID를 입력하면 마스터 시트의 한글명이 표시됩니다.,1,4999,0,0,MAP-016,R40,종교분포,R40,종교분포_조회계산,religion_name,원 수식과 저장값은 PH0/PH1 증거에 보존. 해당 V2 입력 원본·제공표에서 네이티브 수식으로 재구현. 값으로 이관하거나 입력 원본으로 복제하지 않음. ID→표시명 조회. 조회 실패는 연결오류/미등록 ID를 구별하고 빈문자/0으로 숨기지 않음.,PH0/REG-V1_online.xlsx#xl/worksheets/sheet16.xml:E; literal=PH1/literal_cells.csv; formulas=PH1/formula_patterns_and_dependencies.json,PH1 대상표·필드·형·처리경로 명세; 원본단일화 및 파생식 재구현,"사용자 시작지시 + 계획서 4.2~4.8,5~8; 정본 승인과 별개",실제 Google Sheets 재계산·오류 전파·입력 변경·범위 확장 시험 필요. 현재 미실행.,미실행,false,"[{""file_code"": ""R40"", ""table"": ""종교분포_조회계산"", ""field"": ""religion_name"", ""role"": ""calculated"", ""row_condition"": ""all source records"", ""rule"": ""all source records"", ""data_type"": ""text_nullable"", ""reference"": """"}]",text_nullable,R-008,명세 작성; 행별 의미 대조/온라인 시험 미실행
REG-V1,1EACdRIiAPGk4LAbttpXZiJd_cuqIh-cVi4jQsbfmqDw,891214331,31 종교 분포,F,REG-V1:891214331:F,값 상태,1,"{""rows"": [1], ""values"": [""값 상태""]}",string,input,드롭다운 선택. 값 있음 / 추정 / 미정 / 미상 / 해당 없음을 구분합니다. 빈칸이나 0으로 대신하지 않습니다.,1,0,0,0,MAP-016,R40,종교분포,R40,종교분포,value_status,원문값과 기존 ID·상태·판본·출처를 보존. 해석 가능한 형만 변환하고 원문 value_raw/legacy_locator를 유지.,PH0/REG-V1_online.xlsx#xl/worksheets/sheet16.xml:F; literal=PH1/literal_cells.csv; formulas=PH1/formula_patterns_and_dependencies.json,PH1 대상표·필드·형·처리경로 명세; 원본단일화 및 파생식 재구현,"사용자 시작지시 + 계획서 4.2~4.8,5~8; 정본 승인과 별개",키 중복/외래키 존재/자료형/원문 보존 대조; 행이 없으면 자료 없음이며 시험 통과로 보지 않음.,미실행,false,"[{""file_code"": ""R40"", ""table"": ""종교분포"", ""field"": ""value_status"", ""role"": ""input"", ""row_condition"": ""all source records"", ""rule"": ""all source records"", ""data_type"": ""C00_code_nullable; unknown original retained"", ""reference"": """"}]",C00_code_nullable; unknown original retained,R-008,명세 작성; 행별 의미 대조/온라인 시험 미실행
REG-V1,1EACdRIiAPGk4LAbttpXZiJd_cuqIh-cVi4jQsbfmqDw,891214331,31 종교 분포,G,REG-V1:891214331:G,값,1,"{""rows"": [1], ""values"": [""값""]}",string,input,직접 입력. 해당 항목의 수치 또는 값입니다. 단위·시점·분모가 필요한 경우 인접 열에 함께 기록합니다.,1,0,0,0,MAP-016,R40,종교분포,R40,종교분포,value_numeric,원문값과 기존 ID·상태·판본·출처를 보존. 해석 가능한 형만 변환하고 원문 value_raw/legacy_locator를 유지. 빈칸·미상·미정·해당없음·확정0을 독립 상태로 처리; 원문 숫자 정밀도 초과시 문자열 보존/근사값 분리.,PH0/REG-V1_online.xlsx#xl/worksheets/sheet16.xml:G; literal=PH1/literal_cells.csv; formulas=PH1/formula_patterns_and_dependencies.json,PH1 대상표·필드·형·처리경로 명세; 원본단일화 및 파생식 재구현,"사용자 시작지시 + 계획서 4.2~4.8,5~8; 정본 승인과 별개",키 중복/외래키 존재/자료형/원문 보존 대조; 행이 없으면 자료 없음이며 시험 통과로 보지 않음.,미실행,false,"[{""file_code"": ""R40"", ""table"": ""종교분포"", ""field"": ""value_numeric"", ""role"": ""input"", ""row_condition"": ""all source records"", ""rule"": ""all source records"", ""data_type"": ""decimal_nullable; exact original in value_raw"", ""reference"": """"}]",decimal_nullable; exact original in value_raw,R-008,명세 작성; 행별 의미 대조/온라인 시험 미실행
REG-V1,1EACdRIiAPGk4LAbttpXZiJd_cuqIh-cVi4jQsbfmqDw,891214331,31 종교 분포,H,REG-V1:891214331:H,단위,1,"{""rows"": [1], ""values"": [""단위""]}",string,input,"직접 입력. 명, %, km², 통화/년 등 숫자를 해석하는 데 필요한 단위를 반드시 기록합니다.",1,0,0,0,MAP-016,R40,종교분포,R40,종교분포,unit,원문값과 기존 ID·상태·판본·출처를 보존. 해석 가능한 형만 변환하고 원문 value_raw/legacy_locator를 유지.,PH0/REG-V1_online.xlsx#xl/worksheets/sheet16.xml:H; literal=PH1/literal_cells.csv; formulas=PH1/formula_patterns_and_dependencies.json,PH1 대상표·필드·형·처리경로 명세; 원본단일화 및 파생식 재구현,"사용자 시작지시 + 계획서 4.2~4.8,5~8; 정본 승인과 별개",키 중복/외래키 존재/자료형/원문 보존 대조; 행이 없으면 자료 없음이며 시험 통과로 보지 않음.,미실행,false,"[{""file_code"": ""R40"", ""table"": ""종교분포"", ""field"": ""unit"", ""role"": ""input"", ""row_condition"": ""all source records"", ""rule"": ""all source records"", ""data_type"": ""text_nullable"", ""reference"": """"}]",text_nullable,R-008,명세 작성; 행별 의미 대조/온라인 시험 미실행
REG-V1,1EACdRIiAPGk4LAbttpXZiJd_cuqIh-cVi4jQsbfmqDw,891214331,31 종교 분포,I,REG-V1:891214331:I,분모,1,"{""rows"": [1], ""values"": [""분모""]}",string,input,"직접 입력. %나 비율의 기준이 되는 전체를 기록합니다. 예: 전체 상주민, 성인 인구, 총고용, 총생산 등.",1,0,0,0,MAP-016,R40,종교분포,R40,종교분포,denominator,원문값과 기존 ID·상태·판본·출처를 보존. 해석 가능한 형만 변환하고 원문 value_raw/legacy_locator를 유지.,PH0/REG-V1_online.xlsx#xl/worksheets/sheet16.xml:I; literal=PH1/literal_cells.csv; formulas=PH1/formula_patterns_and_dependencies.json,PH1 대상표·필드·형·처리경로 명세; 원본단일화 및 파생식 재구현,"사용자 시작지시 + 계획서 4.2~4.8,5~8; 정본 승인과 별개",키 중복/외래키 존재/자료형/원문 보존 대조; 행이 없으면 자료 없음이며 시험 통과로 보지 않음.,미실행,false,"[{""file_code"": ""R40"", ""table"": ""종교분포"", ""field"": ""denominator"", ""role"": ""input"", ""row_condition"": ""all source records"", ""rule"": ""all source records"", ""data_type"": ""text_nullable"", ""reference"": """"}]",text_nullable,R-008,명세 작성; 행별 의미 대조/온라인 시험 미실행
REG-V1,1EACdRIiAPGk4LAbttpXZiJd_cuqIh-cVi4jQsbfmqDw,891214331,31 종교 분포,J,REG-V1:891214331:J,자료 범위,1,"{""rows"": [1], ""values"": [""자료 범위""]}",string,input,드롭다운 또는 직접 입력. 자료가 대상 전체인지 일부만 포함하는지 기록합니다.,1,0,0,0,MAP-016,R40,종교분포,R40,종교분포,data_scope,원문값과 기존 ID·상태·판본·출처를 보존. 해석 가능한 형만 변환하고 원문 value_raw/legacy_locator를 유지.,PH0/REG-V1_online.xlsx#xl/worksheets/sheet16.xml:J; literal=PH1/literal_cells.csv; formulas=PH1/formula_patterns_and_dependencies.json,PH1 대상표·필드·형·처리경로 명세; 원본단일화 및 파생식 재구현,"사용자 시작지시 + 계획서 4.2~4.8,5~8; 정본 승인과 별개",키 중복/외래키 존재/자료형/원문 보존 대조; 행이 없으면 자료 없음이며 시험 통과로 보지 않음.,미실행,false,"[{""file_code"": ""R40"", ""table"": ""종교분포"", ""field"": ""data_scope"", ""role"": ""input"", ""row_condition"": ""all source records"", ""rule"": ""all source records"", ""data_type"": ""text_nullable"", ""reference"": """"}]",text_nullable,R-008,명세 작성; 행별 의미 대조/온라인 시험 미실행
REG-V1,1EACdRIiAPGk4LAbttpXZiJd_cuqIh-cVi4jQsbfmqDw,891214331,31 종교 분포,K,REG-V1:891214331:K,설정 상태,1,"{""rows"": [1], ""values"": [""설정 상태""]}",string,input,드롭다운에서 현재 승인 상태를 선택합니다. 확정/초안/검토 필요/폐기 등의 의미를 구분해 사용합니다.,1,0,0,0,MAP-016,R40,종교분포,R40,종교분포,setting_status,원문값과 기존 ID·상태·판본·출처를 보존. 해석 가능한 형만 변환하고 원문 value_raw/legacy_locator를 유지.,PH0/REG-V1_online.xlsx#xl/worksheets/sheet16.xml:K; literal=PH1/literal_cells.csv; formulas=PH1/formula_patterns_and_dependencies.json,PH1 대상표·필드·형·처리경로 명세; 원본단일화 및 파생식 재구현,"사용자 시작지시 + 계획서 4.2~4.8,5~8; 정본 승인과 별개",키 중복/외래키 존재/자료형/원문 보존 대조; 행이 없으면 자료 없음이며 시험 통과로 보지 않음.,미실행,false,"[{""file_code"": ""R40"", ""table"": ""종교분포"", ""field"": ""setting_status"", ""role"": ""input"", ""row_condition"": ""all source records"", ""rule"": ""all source records"", ""data_type"": ""C00_code_nullable; unknown original retained"", ""reference"": """"}]",C00_code_nullable; unknown original retained,R-008,명세 작성; 행별 의미 대조/온라인 시험 미실행
REG-V1,1EACdRIiAPGk4LAbttpXZiJd_cuqIh-cVi4jQsbfmqDw,891214331,31 종교 분포,L,REG-V1:891214331:L,출처 ID,1,"{""rows"": [1], ""values"": [""출처 ID""]}",string,display_review,직접 입력. 「90 출처」에서 부여한 출처 ID를 입력합니다. 옆 출처명은 자동 조회됩니다.,1,0,0,0,MAP-016,R40,종교분포,R40,종교분포,source_id,원문값과 기존 ID·상태·판본·출처를 보존. 해석 가능한 형만 변환하고 원문 value_raw/legacy_locator를 유지.,PH0/REG-V1_online.xlsx#xl/worksheets/sheet16.xml:L; literal=PH1/literal_cells.csv; formulas=PH1/formula_patterns_and_dependencies.json,PH1 대상표·필드·형·처리경로 명세; 원본단일화 및 파생식 재구현,"사용자 시작지시 + 계획서 4.2~4.8,5~8; 정본 승인과 별개",키 중복/외래키 존재/자료형/원문 보존 대조; 행이 없으면 자료 없음이며 시험 통과로 보지 않음.,미실행,false,"[{""file_code"": ""R40"", ""table"": ""종교분포"", ""field"": ""source_id"", ""role"": ""input"", ""row_condition"": ""all source records"", ""rule"": ""all source records"", ""data_type"": ""text_identifier; case preserved"", ""reference"": ""C00.출처레지스트리.source_id""}]",text_identifier; case preserved,R-008,명세 작성; 행별 의미 대조/온라인 시험 미실행
REG-V1,1EACdRIiAPGk4LAbttpXZiJd_cuqIh-cVi4jQsbfmqDw,891214331,31 종교 분포,M,REG-V1:891214331:M,출처명,1,"{""rows"": [1], ""values"": [""출처명""]}",string,formula,자동 조회 열입니다. 직접 입력하지 않습니다. 대응하는 ID를 입력하면 마스터 시트의 한글명이 표시됩니다.,1,4999,0,0,MAP-016,R40,종교분포,R40,종교분포_조회계산,source_name,원 수식과 저장값은 PH0/PH1 증거에 보존. 해당 V2 입력 원본·제공표에서 네이티브 수식으로 재구현. 값으로 이관하거나 입력 원본으로 복제하지 않음. ID→표시명 조회. 조회 실패는 연결오류/미등록 ID를 구별하고 빈문자/0으로 숨기지 않음.,PH0/REG-V1_online.xlsx#xl/worksheets/sheet16.xml:M; literal=PH1/literal_cells.csv; formulas=PH1/formula_patterns_and_dependencies.json,PH1 대상표·필드·형·처리경로 명세; 원본단일화 및 파생식 재구현,"사용자 시작지시 + 계획서 4.2~4.8,5~8; 정본 승인과 별개",실제 Google Sheets 재계산·오류 전파·입력 변경·범위 확장 시험 필요. 현재 미실행.,미실행,false,"[{""file_code"": ""R40"", ""table"": ""종교분포_조회계산"", ""field"": ""source_name"", ""role"": ""calculated"", ""row_condition"": ""all source records"", ""rule"": ""all source records"", ""data_type"": ""text_nullable"", ""reference"": """"}]",text_nullable,R-008,명세 작성; 행별 의미 대조/온라인 시험 미실행
REG-V1,1EACdRIiAPGk4LAbttpXZiJd_cuqIh-cVi4jQsbfmqDw,891214331,31 종교 분포,N,REG-V1:891214331:N,비고,1,"{""rows"": [1], ""values"": [""비고""]}",string,input,선택 입력. 다른 열로 표현하기 어려운 예외·주의사항·검토할 질문을 기록합니다.,1,0,0,0,MAP-016,R40,종교분포,R40,종교분포,notes,원문값과 기존 ID·상태·판본·출처를 보존. 해석 가능한 형만 변환하고 원문 value_raw/legacy_locator를 유지.,PH0/REG-V1_online.xlsx#xl/worksheets/sheet16.xml:N; literal=PH1/literal_cells.csv; formulas=PH1/formula_patterns_and_dependencies.json,PH1 대상표·필드·형·처리경로 명세; 원본단일화 및 파생식 재구현,"사용자 시작지시 + 계획서 4.2~4.8,5~8; 정본 승인과 별개",키 중복/외래키 존재/자료형/원문 보존 대조; 행이 없으면 자료 없음이며 시험 통과로 보지 않음.,미실행,false,"[{""file_code"": ""R40"", ""table"": ""종교분포"", ""field"": ""notes"", ""role"": ""input"", ""row_condition"": ""all source records"", ""rule"": ""all source records"", ""data_type"": ""text_nullable"", ""reference"": """"}]",text_nullable,R-008,명세 작성; 행별 의미 대조/온라인 시험 미실행
REG-V1,1EACdRIiAPGk4LAbttpXZiJd_cuqIh-cVi4jQsbfmqDw,1273735161,32 언어 분포,A,REG-V1:1273735161:A,지역 ID,1,"{""rows"": [1], ""values"": [""지역 ID""]}",string,input,직접 입력. 「01-지역 마스터」에서 부여한 지역 ID를 입력합니다. 존재하지 않는 ID는 검증에서 거부됩니다.,1,0,0,0,MAP-017,R30,언어분포,R30,언어분포,region_id,원문값과 기존 ID·상태·판본·출처를 보존. 해석 가능한 형만 변환하고 원문 value_raw/legacy_locator를 유지.,PH0/REG-V1_online.xlsx#xl/worksheets/sheet17.xml:A; literal=PH1/literal_cells.csv; formulas=PH1/formula_patterns_and_dependencies.json,PH1 대상표·필드·형·처리경로 명세; 원본단일화 및 파생식 재구현,"사용자 시작지시 + 계획서 4.2~4.8,5~8; 정본 승인과 별개",키 중복/외래키 존재/자료형/원문 보존 대조; 행이 없으면 자료 없음이며 시험 통과로 보지 않음.,미실행,false,"[{""file_code"": ""R30"", ""table"": ""언어분포"", ""field"": ""region_id"", ""role"": ""input"", ""row_condition"": ""all source records"", ""rule"": ""all source records"", ""data_type"": ""text_identifier; case preserved"", ""reference"": ""R10.지역목록.region_id""}]",text_identifier; case preserved,R-008,명세 작성; 행별 의미 대조/온라인 시험 미실행
REG-V1,1EACdRIiAPGk4LAbttpXZiJd_cuqIh-cVi4jQsbfmqDw,1273735161,32 언어 분포,B,REG-V1:1273735161:B,지역명,1,"{""rows"": [1], ""values"": [""지역명""]}",string,formula,자동 조회 열입니다. 직접 입력하지 않습니다. 대응하는 ID를 입력하면 마스터 시트의 한글명이 표시됩니다.,1,4999,0,0,MAP-017,R30,언어분포,R30,언어분포_조회계산,region_name,원 수식과 저장값은 PH0/PH1 증거에 보존. 해당 V2 입력 원본·제공표에서 네이티브 수식으로 재구현. 값으로 이관하거나 입력 원본으로 복제하지 않음. ID→표시명 조회. 조회 실패는 연결오류/미등록 ID를 구별하고 빈문자/0으로 숨기지 않음.,PH0/REG-V1_online.xlsx#xl/worksheets/sheet17.xml:B; literal=PH1/literal_cells.csv; formulas=PH1/formula_patterns_and_dependencies.json,PH1 대상표·필드·형·처리경로 명세; 원본단일화 및 파생식 재구현,"사용자 시작지시 + 계획서 4.2~4.8,5~8; 정본 승인과 별개",실제 Google Sheets 재계산·오류 전파·입력 변경·범위 확장 시험 필요. 현재 미실행.,미실행,false,"[{""file_code"": ""R30"", ""table"": ""언어분포_조회계산"", ""field"": ""region_name"", ""role"": ""calculated"", ""row_condition"": ""all source records"", ""rule"": ""all source records"", ""data_type"": ""text_nullable"", ""reference"": """"}]",text_nullable,R-008,명세 작성; 행별 의미 대조/온라인 시험 미실행
REG-V1,1EACdRIiAPGk4LAbttpXZiJd_cuqIh-cVi4jQsbfmqDw,1273735161,32 언어 분포,C,REG-V1:1273735161:C,시점,1,"{""rows"": [1], ""values"": [""시점""]}",string,input,직접 입력. 해당 값이 관측·설정된 세계관 시점을 기록합니다. 앞뒤 연도의 값을 자동 보간하지 않습니다.,1,0,0,0,MAP-017,R30,언어분포,R30,언어분포,time_raw,원문값과 기존 ID·상태·판본·출처를 보존. 해석 가능한 형만 변환하고 원문 value_raw/legacy_locator를 유지. DATE-TEMPORAL 규약으로 era/year/month/day와 precision을 분리하되 원문은 유지; 해석 불가시 결정대기.,PH0/REG-V1_online.xlsx#xl/worksheets/sheet17.xml:C; literal=PH1/literal_cells.csv; formulas=PH1/formula_patterns_and_dependencies.json,PH1 대상표·필드·형·처리경로 명세; 원본단일화 및 파생식 재구현,"사용자 시작지시 + 계획서 4.2~4.8,5~8; 정본 승인과 별개",키 중복/외래키 존재/자료형/원문 보존 대조; 행이 없으면 자료 없음이며 시험 통과로 보지 않음.,미실행,false,"[{""file_code"": ""R30"", ""table"": ""언어분포"", ""field"": ""time_raw"", ""role"": ""input"", ""row_condition"": ""all source records"", ""rule"": ""all source records"", ""data_type"": ""text_nullable"", ""reference"": """"}]",text_nullable,R-007;R-008,명세 작성; 행별 의미 대조/온라인 시험 미실행
REG-V1,1EACdRIiAPGk4LAbttpXZiJd_cuqIh-cVi4jQsbfmqDw,1273735161,32 언어 분포,D,REG-V1:1273735161:D,조사 기준,1,"{""rows"": [1], ""values"": [""조사 기준""]}",string,input,드롭다운 선택. 모어·일상 사용어·제2언어·공용어·행정어·교육어·의례 언어 등 무엇을 조사한 값인지 기록합니다.,1,0,0,0,MAP-017,R30,언어분포,R30,언어분포,survey_basis,원문값과 기존 ID·상태·판본·출처를 보존. 해석 가능한 형만 변환하고 원문 value_raw/legacy_locator를 유지.,PH0/REG-V1_online.xlsx#xl/worksheets/sheet17.xml:D; literal=PH1/literal_cells.csv; formulas=PH1/formula_patterns_and_dependencies.json,PH1 대상표·필드·형·처리경로 명세; 원본단일화 및 파생식 재구현,"사용자 시작지시 + 계획서 4.2~4.8,5~8; 정본 승인과 별개",키 중복/외래키 존재/자료형/원문 보존 대조; 행이 없으면 자료 없음이며 시험 통과로 보지 않음.,미실행,false,"[{""file_code"": ""R30"", ""table"": ""언어분포"", ""field"": ""survey_basis"", ""role"": ""input"", ""row_condition"": ""all source records"", ""rule"": ""all source records"", ""data_type"": ""text_nullable"", ""reference"": """"}]",text_nullable,R-008,명세 작성; 행별 의미 대조/온라인 시험 미실행
REG-V1,1EACdRIiAPGk4LAbttpXZiJd_cuqIh-cVi4jQsbfmqDw,1273735161,32 언어 분포,E,REG-V1:1273735161:E,언어 ID,1,"{""rows"": [1], ""values"": [""언어 ID""]}",string,input,직접 입력. 해당 마스터/사전 시트에서 부여한 영구 ID를 입력합니다. 한 번 사용한 ID는 재번호화하지 않습니다.,1,0,0,0,MAP-017,R30,언어분포,R30,언어분포,language_id,원문값과 기존 ID·상태·판본·출처를 보존. 해석 가능한 형만 변환하고 원문 value_raw/legacy_locator를 유지.,PH0/REG-V1_online.xlsx#xl/worksheets/sheet17.xml:E; literal=PH1/literal_cells.csv; formulas=PH1/formula_patterns_and_dependencies.json,PH1 대상표·필드·형·처리경로 명세; 원본단일화 및 파생식 재구현,"사용자 시작지시 + 계획서 4.2~4.8,5~8; 정본 승인과 별개",키 중복/외래키 존재/자료형/원문 보존 대조; 행이 없으면 자료 없음이며 시험 통과로 보지 않음.,미실행,false,"[{""file_code"": ""R30"", ""table"": ""언어분포"", ""field"": ""language_id"", ""role"": ""input"", ""row_condition"": ""all source records"", ""rule"": ""all source records"", ""data_type"": ""text_identifier; case preserved"", ""reference"": ""C00.language_dictionary.language_id""}]",text_identifier; case preserved,R-008,명세 작성; 행별 의미 대조/온라인 시험 미실행
REG-V1,1EACdRIiAPGk4LAbttpXZiJd_cuqIh-cVi4jQsbfmqDw,1273735161,32 언어 분포,F,REG-V1:1273735161:F,언어명,1,"{""rows"": [1], ""values"": [""언어명""]}",string,formula,자동 조회 열입니다. 직접 입력하지 않습니다. 대응하는 ID를 입력하면 마스터 시트의 한글명이 표시됩니다.,1,4999,0,0,MAP-017,R30,언어분포,R30,언어분포_조회계산,language_name,원 수식과 저장값은 PH0/PH1 증거에 보존. 해당 V2 입력 원본·제공표에서 네이티브 수식으로 재구현. 값으로 이관하거나 입력 원본으로 복제하지 않음. ID→표시명 조회. 조회 실패는 연결오류/미등록 ID를 구별하고 빈문자/0으로 숨기지 않음.,PH0/REG-V1_online.xlsx#xl/worksheets/sheet17.xml:F; literal=PH1/literal_cells.csv; formulas=PH1/formula_patterns_and_dependencies.json,PH1 대상표·필드·형·처리경로 명세; 원본단일화 및 파생식 재구현,"사용자 시작지시 + 계획서 4.2~4.8,5~8; 정본 승인과 별개",실제 Google Sheets 재계산·오류 전파·입력 변경·범위 확장 시험 필요. 현재 미실행.,미실행,false,"[{""file_code"": ""R30"", ""table"": ""언어분포_조회계산"", ""field"": ""language_name"", ""role"": ""calculated"", ""row_condition"": ""all source records"", ""rule"": ""all source records"", ""data_type"": ""text_nullable"", ""reference"": """"}]",text_nullable,R-008,명세 작성; 행별 의미 대조/온라인 시험 미실행
REG-V1,1EACdRIiAPGk4LAbttpXZiJd_cuqIh-cVi4jQsbfmqDw,1273735161,32 언어 분포,G,REG-V1:1273735161:G,값 상태,1,"{""rows"": [1], ""values"": [""값 상태""]}",string,input,드롭다운 선택. 값 있음 / 추정 / 미정 / 미상 / 해당 없음을 구분합니다. 빈칸이나 0으로 대신하지 않습니다.,1,0,0,0,MAP-017,R30,언어분포,R30,언어분포,value_status,원문값과 기존 ID·상태·판본·출처를 보존. 해석 가능한 형만 변환하고 원문 value_raw/legacy_locator를 유지.,PH0/REG-V1_online.xlsx#xl/worksheets/sheet17.xml:G; literal=PH1/literal_cells.csv; formulas=PH1/formula_patterns_and_dependencies.json,PH1 대상표·필드·형·처리경로 명세; 원본단일화 및 파생식 재구현,"사용자 시작지시 + 계획서 4.2~4.8,5~8; 정본 승인과 별개",키 중복/외래키 존재/자료형/원문 보존 대조; 행이 없으면 자료 없음이며 시험 통과로 보지 않음.,미실행,false,"[{""file_code"": ""R30"", ""table"": ""언어분포"", ""field"": ""value_status"", ""role"": ""input"", ""row_condition"": ""all source records"", ""rule"": ""all source records"", ""data_type"": ""C00_code_nullable; unknown original retained"", ""reference"": """"}]",C00_code_nullable; unknown original retained,R-008,명세 작성; 행별 의미 대조/온라인 시험 미실행
REG-V1,1EACdRIiAPGk4LAbttpXZiJd_cuqIh-cVi4jQsbfmqDw,1273735161,32 언어 분포,H,REG-V1:1273735161:H,값,1,"{""rows"": [1], ""values"": [""값""]}",string,input,직접 입력. 해당 항목의 수치 또는 값입니다. 단위·시점·분모가 필요한 경우 인접 열에 함께 기록합니다.,1,0,0,0,MAP-017,R30,언어분포,R30,언어분포,value_numeric,원문값과 기존 ID·상태·판본·출처를 보존. 해석 가능한 형만 변환하고 원문 value_raw/legacy_locator를 유지. 빈칸·미상·미정·해당없음·확정0을 독립 상태로 처리; 원문 숫자 정밀도 초과시 문자열 보존/근사값 분리.,PH0/REG-V1_online.xlsx#xl/worksheets/sheet17.xml:H; literal=PH1/literal_cells.csv; formulas=PH1/formula_patterns_and_dependencies.json,PH1 대상표·필드·형·처리경로 명세; 원본단일화 및 파생식 재구현,"사용자 시작지시 + 계획서 4.2~4.8,5~8; 정본 승인과 별개",키 중복/외래키 존재/자료형/원문 보존 대조; 행이 없으면 자료 없음이며 시험 통과로 보지 않음.,미실행,false,"[{""file_code"": ""R30"", ""table"": ""언어분포"", ""field"": ""value_numeric"", ""role"": ""input"", ""row_condition"": ""all source records"", ""rule"": ""all source records"", ""data_type"": ""decimal_nullable; exact original in value_raw"", ""reference"": """"}]",decimal_nullable; exact original in value_raw,R-008,명세 작성; 행별 의미 대조/온라인 시험 미실행
REG-V1,1EACdRIiAPGk4LAbttpXZiJd_cuqIh-cVi4jQsbfmqDw,1273735161,32 언어 분포,I,REG-V1:1273735161:I,단위,1,"{""rows"": [1], ""values"": [""단위""]}",string,input,"직접 입력. 명, %, km², 통화/년 등 숫자를 해석하는 데 필요한 단위를 반드시 기록합니다.",1,0,0,0,MAP-017,R30,언어분포,R30,언어분포,unit,원문값과 기존 ID·상태·판본·출처를 보존. 해석 가능한 형만 변환하고 원문 value_raw/legacy_locator를 유지.,PH0/REG-V1_online.xlsx#xl/worksheets/sheet17.xml:I; literal=PH1/literal_cells.csv; formulas=PH1/formula_patterns_and_dependencies.json,PH1 대상표·필드·형·처리경로 명세; 원본단일화 및 파생식 재구현,"사용자 시작지시 + 계획서 4.2~4.8,5~8; 정본 승인과 별개",키 중복/외래키 존재/자료형/원문 보존 대조; 행이 없으면 자료 없음이며 시험 통과로 보지 않음.,미실행,false,"[{""file_code"": ""R30"", ""table"": ""언어분포"", ""field"": ""unit"", ""role"": ""input"", ""row_condition"": ""all source records"", ""rule"": ""all source records"", ""data_type"": ""text_nullable"", ""reference"": """"}]",text_nullable,R-008,명세 작성; 행별 의미 대조/온라인 시험 미실행
REG-V1,1EACdRIiAPGk4LAbttpXZiJd_cuqIh-cVi4jQsbfmqDw,1273735161,32 언어 분포,J,REG-V1:1273735161:J,분모,1,"{""rows"": [1], ""values"": [""분모""]}",string,input,"직접 입력. %나 비율의 기준이 되는 전체를 기록합니다. 예: 전체 상주민, 성인 인구, 총고용, 총생산 등.",1,0,0,0,MAP-017,R30,언어분포,R30,언어분포,denominator,원문값과 기존 ID·상태·판본·출처를 보존. 해석 가능한 형만 변환하고 원문 value_raw/legacy_locator를 유지.,PH0/REG-V1_online.xlsx#xl/worksheets/sheet17.xml:J; literal=PH1/literal_cells.csv; formulas=PH1/formula_patterns_and_dependencies.json,PH1 대상표·필드·형·처리경로 명세; 원본단일화 및 파생식 재구현,"사용자 시작지시 + 계획서 4.2~4.8,5~8; 정본 승인과 별개",키 중복/외래키 존재/자료형/원문 보존 대조; 행이 없으면 자료 없음이며 시험 통과로 보지 않음.,미실행,false,"[{""file_code"": ""R30"", ""table"": ""언어분포"", ""field"": ""denominator"", ""role"": ""input"", ""row_condition"": ""all source records"", ""rule"": ""all source records"", ""data_type"": ""text_nullable"", ""reference"": """"}]",text_nullable,R-008,명세 작성; 행별 의미 대조/온라인 시험 미실행
REG-V1,1EACdRIiAPGk4LAbttpXZiJd_cuqIh-cVi4jQsbfmqDw,1273735161,32 언어 분포,K,REG-V1:1273735161:K,자료 범위,1,"{""rows"": [1], ""values"": [""자료 범위""]}",string,input,드롭다운 또는 직접 입력. 자료가 대상 전체인지 일부만 포함하는지 기록합니다.,1,0,0,0,MAP-017,R30,언어분포,R30,언어분포,data_scope,원문값과 기존 ID·상태·판본·출처를 보존. 해석 가능한 형만 변환하고 원문 value_raw/legacy_locator를 유지.,PH0/REG-V1_online.xlsx#xl/worksheets/sheet17.xml:K; literal=PH1/literal_cells.csv; formulas=PH1/formula_patterns_and_dependencies.json,PH1 대상표·필드·형·처리경로 명세; 원본단일화 및 파생식 재구현,"사용자 시작지시 + 계획서 4.2~4.8,5~8; 정본 승인과 별개",키 중복/외래키 존재/자료형/원문 보존 대조; 행이 없으면 자료 없음이며 시험 통과로 보지 않음.,미실행,false,"[{""file_code"": ""R30"", ""table"": ""언어분포"", ""field"": ""data_scope"", ""role"": ""input"", ""row_condition"": ""all source records"", ""rule"": ""all source records"", ""data_type"": ""text_nullable"", ""reference"": """"}]",text_nullable,R-008,명세 작성; 행별 의미 대조/온라인 시험 미실행
REG-V1,1EACdRIiAPGk4LAbttpXZiJd_cuqIh-cVi4jQsbfmqDw,1273735161,32 언어 분포,L,REG-V1:1273735161:L,설정 상태,1,"{""rows"": [1], ""values"": [""설정 상태""]}",string,input,드롭다운에서 현재 승인 상태를 선택합니다. 확정/초안/검토 필요/폐기 등의 의미를 구분해 사용합니다.,1,0,0,0,MAP-017,R30,언어분포,R30,언어분포,setting_status,원문값과 기존 ID·상태·판본·출처를 보존. 해석 가능한 형만 변환하고 원문 value_raw/legacy_locator를 유지.,PH0/REG-V1_online.xlsx#xl/worksheets/sheet17.xml:L; literal=PH1/literal_cells.csv; formulas=PH1/formula_patterns_and_dependencies.json,PH1 대상표·필드·형·처리경로 명세; 원본단일화 및 파생식 재구현,"사용자 시작지시 + 계획서 4.2~4.8,5~8; 정본 승인과 별개",키 중복/외래키 존재/자료형/원문 보존 대조; 행이 없으면 자료 없음이며 시험 통과로 보지 않음.,미실행,false,"[{""file_code"": ""R30"", ""table"": ""언어분포"", ""field"": ""setting_status"", ""role"": ""input"", ""row_condition"": ""all source records"", ""rule"": ""all source records"", ""data_type"": ""C00_code_nullable; unknown original retained"", ""reference"": """"}]",C00_code_nullable; unknown original retained,R-008,명세 작성; 행별 의미 대조/온라인 시험 미실행
REG-V1,1EACdRIiAPGk4LAbttpXZiJd_cuqIh-cVi4jQsbfmqDw,1273735161,32 언어 분포,M,REG-V1:1273735161:M,출처 ID,1,"{""rows"": [1], ""values"": [""출처 ID""]}",string,display_review,직접 입력. 「90 출처」에서 부여한 출처 ID를 입력합니다. 옆 출처명은 자동 조회됩니다.,1,0,0,0,MAP-017,R30,언어분포,R30,언어분포,source_id,원문값과 기존 ID·상태·판본·출처를 보존. 해석 가능한 형만 변환하고 원문 value_raw/legacy_locator를 유지.,PH0/REG-V1_online.xlsx#xl/worksheets/sheet17.xml:M; literal=PH1/literal_cells.csv; formulas=PH1/formula_patterns_and_dependencies.json,PH1 대상표·필드·형·처리경로 명세; 원본단일화 및 파생식 재구현,"사용자 시작지시 + 계획서 4.2~4.8,5~8; 정본 승인과 별개",키 중복/외래키 존재/자료형/원문 보존 대조; 행이 없으면 자료 없음이며 시험 통과로 보지 않음.,미실행,false,"[{""file_code"": ""R30"", ""table"": ""언어분포"", ""field"": ""source_id"", ""role"": ""input"", ""row_condition"": ""all source records"", ""rule"": ""all source records"", ""data_type"": ""text_identifier; case preserved"", ""reference"": ""C00.출처레지스트리.source_id""}]",text_identifier; case preserved,R-008,명세 작성; 행별 의미 대조/온라인 시험 미실행
REG-V1,1EACdRIiAPGk4LAbttpXZiJd_cuqIh-cVi4jQsbfmqDw,1273735161,32 언어 분포,N,REG-V1:1273735161:N,출처명,1,"{""rows"": [1], ""values"": [""출처명""]}",string,formula,자동 조회 열입니다. 직접 입력하지 않습니다. 대응하는 ID를 입력하면 마스터 시트의 한글명이 표시됩니다.,1,4999,0,0,MAP-017,R30,언어분포,R30,언어분포_조회계산,source_name,원 수식과 저장값은 PH0/PH1 증거에 보존. 해당 V2 입력 원본·제공표에서 네이티브 수식으로 재구현. 값으로 이관하거나 입력 원본으로 복제하지 않음. ID→표시명 조회. 조회 실패는 연결오류/미등록 ID를 구별하고 빈문자/0으로 숨기지 않음.,PH0/REG-V1_online.xlsx#xl/worksheets/sheet17.xml:N; literal=PH1/literal_cells.csv; formulas=PH1/formula_patterns_and_dependencies.json,PH1 대상표·필드·형·처리경로 명세; 원본단일화 및 파생식 재구현,"사용자 시작지시 + 계획서 4.2~4.8,5~8; 정본 승인과 별개",실제 Google Sheets 재계산·오류 전파·입력 변경·범위 확장 시험 필요. 현재 미실행.,미실행,false,"[{""file_code"": ""R30"", ""table"": ""언어분포_조회계산"", ""field"": ""source_name"", ""role"": ""calculated"", ""row_condition"": ""all source records"", ""rule"": ""all source records"", ""data_type"": ""text_nullable"", ""reference"": """"}]",text_nullable,R-008,명세 작성; 행별 의미 대조/온라인 시험 미실행
REG-V1,1EACdRIiAPGk4LAbttpXZiJd_cuqIh-cVi4jQsbfmqDw,1273735161,32 언어 분포,O,REG-V1:1273735161:O,비고,1,"{""rows"": [1], ""values"": [""비고""]}",string,input,선택 입력. 다른 열로 표현하기 어려운 예외·주의사항·검토할 질문을 기록합니다.,1,0,0,0,MAP-017,R30,언어분포,R30,언어분포,notes,원문값과 기존 ID·상태·판본·출처를 보존. 해석 가능한 형만 변환하고 원문 value_raw/legacy_locator를 유지.,PH0/REG-V1_online.xlsx#xl/worksheets/sheet17.xml:O; literal=PH1/literal_cells.csv; formulas=PH1/formula_patterns_and_dependencies.json,PH1 대상표·필드·형·처리경로 명세; 원본단일화 및 파생식 재구현,"사용자 시작지시 + 계획서 4.2~4.8,5~8; 정본 승인과 별개",키 중복/외래키 존재/자료형/원문 보존 대조; 행이 없으면 자료 없음이며 시험 통과로 보지 않음.,미실행,false,"[{""file_code"": ""R30"", ""table"": ""언어분포"", ""field"": ""notes"", ""role"": ""input"", ""row_condition"": ""all source records"", ""rule"": ""all source records"", ""data_type"": ""text_nullable"", ""reference"": """"}]",text_nullable,R-008,명세 작성; 행별 의미 대조/온라인 시험 미실행
REG-V1,1EACdRIiAPGk4LAbttpXZiJd_cuqIh-cVi4jQsbfmqDw,310772620,33 종족 분포,A,REG-V1:310772620:A,지역 ID,1,"{""rows"": [1], ""values"": [""지역 ID""]}",string,input,직접 입력. 「01-지역 마스터」에서 부여한 지역 ID를 입력합니다. 존재하지 않는 ID는 검증에서 거부됩니다.,1,0,0,0,MAP-018,R30,집단분포,R30,집단분포,region_id,원문값과 기존 ID·상태·판본·출처를 보존. 해석 가능한 형만 변환하고 원문 value_raw/legacy_locator를 유지.,PH0/REG-V1_online.xlsx#xl/worksheets/sheet18.xml:A; literal=PH1/literal_cells.csv; formulas=PH1/formula_patterns_and_dependencies.json,PH1 대상표·필드·형·처리경로 명세; 원본단일화 및 파생식 재구현,"사용자 시작지시 + 계획서 4.2~4.8,5~8; 정본 승인과 별개",키 중복/외래키 존재/자료형/원문 보존 대조; 행이 없으면 자료 없음이며 시험 통과로 보지 않음.,미실행,false,"[{""file_code"": ""R30"", ""table"": ""집단분포"", ""field"": ""region_id"", ""role"": ""input"", ""row_condition"": ""all source records"", ""rule"": ""all source records"", ""data_type"": ""text_identifier; case preserved"", ""reference"": ""R10.지역목록.region_id""}]",text_identifier; case preserved,R-008,명세 작성; 행별 의미 대조/온라인 시험 미실행
REG-V1,1EACdRIiAPGk4LAbttpXZiJd_cuqIh-cVi4jQsbfmqDw,310772620,33 종족 분포,B,REG-V1:310772620:B,지역명,1,"{""rows"": [1], ""values"": [""지역명""]}",string,formula,자동 조회 열입니다. 직접 입력하지 않습니다. 대응하는 ID를 입력하면 마스터 시트의 한글명이 표시됩니다.,1,4999,0,0,MAP-018,R30,집단분포,R30,집단분포_조회계산,region_name,원 수식과 저장값은 PH0/PH1 증거에 보존. 해당 V2 입력 원본·제공표에서 네이티브 수식으로 재구현. 값으로 이관하거나 입력 원본으로 복제하지 않음. ID→표시명 조회. 조회 실패는 연결오류/미등록 ID를 구별하고 빈문자/0으로 숨기지 않음.,PH0/REG-V1_online.xlsx#xl/worksheets/sheet18.xml:B; literal=PH1/literal_cells.csv; formulas=PH1/formula_patterns_and_dependencies.json,PH1 대상표·필드·형·처리경로 명세; 원본단일화 및 파생식 재구현,"사용자 시작지시 + 계획서 4.2~4.8,5~8; 정본 승인과 별개",실제 Google Sheets 재계산·오류 전파·입력 변경·범위 확장 시험 필요. 현재 미실행.,미실행,false,"[{""file_code"": ""R30"", ""table"": ""집단분포_조회계산"", ""field"": ""region_name"", ""role"": ""calculated"", ""row_condition"": ""all source records"", ""rule"": ""all source records"", ""data_type"": ""text_nullable"", ""reference"": """"}]",text_nullable,R-008,명세 작성; 행별 의미 대조/온라인 시험 미실행
REG-V1,1EACdRIiAPGk4LAbttpXZiJd_cuqIh-cVi4jQsbfmqDw,310772620,33 종족 분포,C,REG-V1:310772620:C,시점,1,"{""rows"": [1], ""values"": [""시점""]}",string,input,직접 입력. 해당 값이 관측·설정된 세계관 시점을 기록합니다. 앞뒤 연도의 값을 자동 보간하지 않습니다.,1,0,0,0,MAP-018,R30,집단분포,R30,집단분포,time_raw,원문값과 기존 ID·상태·판본·출처를 보존. 해석 가능한 형만 변환하고 원문 value_raw/legacy_locator를 유지. DATE-TEMPORAL 규약으로 era/year/month/day와 precision을 분리하되 원문은 유지; 해석 불가시 결정대기.,PH0/REG-V1_online.xlsx#xl/worksheets/sheet18.xml:C; literal=PH1/literal_cells.csv; formulas=PH1/formula_patterns_and_dependencies.json,PH1 대상표·필드·형·처리경로 명세; 원본단일화 및 파생식 재구현,"사용자 시작지시 + 계획서 4.2~4.8,5~8; 정본 승인과 별개",키 중복/외래키 존재/자료형/원문 보존 대조; 행이 없으면 자료 없음이며 시험 통과로 보지 않음.,미실행,false,"[{""file_code"": ""R30"", ""table"": ""집단분포"", ""field"": ""time_raw"", ""role"": ""input"", ""row_condition"": ""all source records"", ""rule"": ""all source records"", ""data_type"": ""text_nullable"", ""reference"": """"}]",text_nullable,R-007;R-008,명세 작성; 행별 의미 대조/온라인 시험 미실행
REG-V1,1EACdRIiAPGk4LAbttpXZiJd_cuqIh-cVi4jQsbfmqDw,310772620,33 종족 분포,D,REG-V1:310772620:D,집단 ID,1,"{""rows"": [1], ""values"": [""집단 ID""]}",string,input,직접 입력. 해당 마스터/사전 시트에서 부여한 영구 ID를 입력합니다. 한 번 사용한 ID는 재번호화하지 않습니다.,1,0,0,0,MAP-018,R30,집단분포,R30,집단분포,group_id,원문값과 기존 ID·상태·판본·출처를 보존. 해석 가능한 형만 변환하고 원문 value_raw/legacy_locator를 유지.,PH0/REG-V1_online.xlsx#xl/worksheets/sheet18.xml:D; literal=PH1/literal_cells.csv; formulas=PH1/formula_patterns_and_dependencies.json,PH1 대상표·필드·형·처리경로 명세; 원본단일화 및 파생식 재구현,"사용자 시작지시 + 계획서 4.2~4.8,5~8; 정본 승인과 별개",키 중복/외래키 존재/자료형/원문 보존 대조; 행이 없으면 자료 없음이며 시험 통과로 보지 않음.,미실행,false,"[{""file_code"": ""R30"", ""table"": ""집단분포"", ""field"": ""group_id"", ""role"": ""input"", ""row_condition"": ""all source records"", ""rule"": ""all source records"", ""data_type"": ""text_identifier; case preserved"", ""reference"": ""C00.group_dictionary.group_id""}]",text_identifier; case preserved,R-008,명세 작성; 행별 의미 대조/온라인 시험 미실행
REG-V1,1EACdRIiAPGk4LAbttpXZiJd_cuqIh-cVi4jQsbfmqDw,310772620,33 종족 분포,E,REG-V1:310772620:E,집단명,1,"{""rows"": [1], ""values"": [""집단명""]}",string,formula,자동 조회 열입니다. 직접 입력하지 않습니다. 대응하는 ID를 입력하면 마스터 시트의 한글명이 표시됩니다.,1,4999,0,0,MAP-018,R30,집단분포,R30,집단분포_조회계산,group_name,원 수식과 저장값은 PH0/PH1 증거에 보존. 해당 V2 입력 원본·제공표에서 네이티브 수식으로 재구현. 값으로 이관하거나 입력 원본으로 복제하지 않음. ID→표시명 조회. 조회 실패는 연결오류/미등록 ID를 구별하고 빈문자/0으로 숨기지 않음.,PH0/REG-V1_online.xlsx#xl/worksheets/sheet18.xml:E; literal=PH1/literal_cells.csv; formulas=PH1/formula_patterns_and_dependencies.json,PH1 대상표·필드·형·처리경로 명세; 원본단일화 및 파생식 재구현,"사용자 시작지시 + 계획서 4.2~4.8,5~8; 정본 승인과 별개",실제 Google Sheets 재계산·오류 전파·입력 변경·범위 확장 시험 필요. 현재 미실행.,미실행,false,"[{""file_code"": ""R30"", ""table"": ""집단분포_조회계산"", ""field"": ""group_name"", ""role"": ""calculated"", ""row_condition"": ""all source records"", ""rule"": ""all source records"", ""data_type"": ""text_nullable"", ""reference"": """"}]",text_nullable,R-008,명세 작성; 행별 의미 대조/온라인 시험 미실행
REG-V1,1EACdRIiAPGk4LAbttpXZiJd_cuqIh-cVi4jQsbfmqDw,310772620,33 종족 분포,F,REG-V1:310772620:F,값 상태,1,"{""rows"": [1], ""values"": [""값 상태""]}",string,input,드롭다운 선택. 값 있음 / 추정 / 미정 / 미상 / 해당 없음을 구분합니다. 빈칸이나 0으로 대신하지 않습니다.,1,0,0,0,MAP-018,R30,집단분포,R30,집단분포,value_status,원문값과 기존 ID·상태·판본·출처를 보존. 해석 가능한 형만 변환하고 원문 value_raw/legacy_locator를 유지.,PH0/REG-V1_online.xlsx#xl/worksheets/sheet18.xml:F; literal=PH1/literal_cells.csv; formulas=PH1/formula_patterns_and_dependencies.json,PH1 대상표·필드·형·처리경로 명세; 원본단일화 및 파생식 재구현,"사용자 시작지시 + 계획서 4.2~4.8,5~8; 정본 승인과 별개",키 중복/외래키 존재/자료형/원문 보존 대조; 행이 없으면 자료 없음이며 시험 통과로 보지 않음.,미실행,false,"[{""file_code"": ""R30"", ""table"": ""집단분포"", ""field"": ""value_status"", ""role"": ""input"", ""row_condition"": ""all source records"", ""rule"": ""all source records"", ""data_type"": ""C00_code_nullable; unknown original retained"", ""reference"": """"}]",C00_code_nullable; unknown original retained,R-008,명세 작성; 행별 의미 대조/온라인 시험 미실행
REG-V1,1EACdRIiAPGk4LAbttpXZiJd_cuqIh-cVi4jQsbfmqDw,310772620,33 종족 분포,G,REG-V1:310772620:G,값,1,"{""rows"": [1], ""values"": [""값""]}",string,input,직접 입력. 해당 항목의 수치 또는 값입니다. 단위·시점·분모가 필요한 경우 인접 열에 함께 기록합니다.,1,0,0,0,MAP-018,R30,집단분포,R30,집단분포,value_numeric,원문값과 기존 ID·상태·판본·출처를 보존. 해석 가능한 형만 변환하고 원문 value_raw/legacy_locator를 유지. 빈칸·미상·미정·해당없음·확정0을 독립 상태로 처리; 원문 숫자 정밀도 초과시 문자열 보존/근사값 분리.,PH0/REG-V1_online.xlsx#xl/worksheets/sheet18.xml:G; literal=PH1/literal_cells.csv; formulas=PH1/formula_patterns_and_dependencies.json,PH1 대상표·필드·형·처리경로 명세; 원본단일화 및 파생식 재구현,"사용자 시작지시 + 계획서 4.2~4.8,5~8; 정본 승인과 별개",키 중복/외래키 존재/자료형/원문 보존 대조; 행이 없으면 자료 없음이며 시험 통과로 보지 않음.,미실행,false,"[{""file_code"": ""R30"", ""table"": ""집단분포"", ""field"": ""value_numeric"", ""role"": ""input"", ""row_condition"": ""all source records"", ""rule"": ""all source records"", ""data_type"": ""decimal_nullable; exact original in value_raw"", ""reference"": """"}]",decimal_nullable; exact original in value_raw,R-008,명세 작성; 행별 의미 대조/온라인 시험 미실행
REG-V1,1EACdRIiAPGk4LAbttpXZiJd_cuqIh-cVi4jQsbfmqDw,310772620,33 종족 분포,H,REG-V1:310772620:H,단위,1,"{""rows"": [1], ""values"": [""단위""]}",string,input,"직접 입력. 명, %, km², 통화/년 등 숫자를 해석하는 데 필요한 단위를 반드시 기록합니다.",1,0,0,0,MAP-018,R30,집단분포,R30,집단분포,unit,원문값과 기존 ID·상태·판본·출처를 보존. 해석 가능한 형만 변환하고 원문 value_raw/legacy_locator를 유지.,PH0/REG-V1_online.xlsx#xl/worksheets/sheet18.xml:H; literal=PH1/literal_cells.csv; formulas=PH1/formula_patterns_and_dependencies.json,PH1 대상표·필드·형·처리경로 명세; 원본단일화 및 파생식 재구현,"사용자 시작지시 + 계획서 4.2~4.8,5~8; 정본 승인과 별개",키 중복/외래키 존재/자료형/원문 보존 대조; 행이 없으면 자료 없음이며 시험 통과로 보지 않음.,미실행,false,"[{""file_code"": ""R30"", ""table"": ""집단분포"", ""field"": ""unit"", ""role"": ""input"", ""row_condition"": ""all source records"", ""rule"": ""all source records"", ""data_type"": ""text_nullable"", ""reference"": """"}]",text_nullable,R-008,명세 작성; 행별 의미 대조/온라인 시험 미실행
REG-V1,1EACdRIiAPGk4LAbttpXZiJd_cuqIh-cVi4jQsbfmqDw,310772620,33 종족 분포,I,REG-V1:310772620:I,분모,1,"{""rows"": [1], ""values"": [""분모""]}",string,input,"직접 입력. %나 비율의 기준이 되는 전체를 기록합니다. 예: 전체 상주민, 성인 인구, 총고용, 총생산 등.",1,0,0,0,MAP-018,R30,집단분포,R30,집단분포,denominator,원문값과 기존 ID·상태·판본·출처를 보존. 해석 가능한 형만 변환하고 원문 value_raw/legacy_locator를 유지.,PH0/REG-V1_online.xlsx#xl/worksheets/sheet18.xml:I; literal=PH1/literal_cells.csv; formulas=PH1/formula_patterns_and_dependencies.json,PH1 대상표·필드·형·처리경로 명세; 원본단일화 및 파생식 재구현,"사용자 시작지시 + 계획서 4.2~4.8,5~8; 정본 승인과 별개",키 중복/외래키 존재/자료형/원문 보존 대조; 행이 없으면 자료 없음이며 시험 통과로 보지 않음.,미실행,false,"[{""file_code"": ""R30"", ""table"": ""집단분포"", ""field"": ""denominator"", ""role"": ""input"", ""row_condition"": ""all source records"", ""rule"": ""all source records"", ""data_type"": ""text_nullable"", ""reference"": """"}]",text_nullable,R-008,명세 작성; 행별 의미 대조/온라인 시험 미실행
REG-V1,1EACdRIiAPGk4LAbttpXZiJd_cuqIh-cVi4jQsbfmqDw,310772620,33 종족 분포,J,REG-V1:310772620:J,자료 범위,1,"{""rows"": [1], ""values"": [""자료 범위""]}",string,input,드롭다운 또는 직접 입력. 자료가 대상 전체인지 일부만 포함하는지 기록합니다.,1,0,0,0,MAP-018,R30,집단분포,R30,집단분포,data_scope,원문값과 기존 ID·상태·판본·출처를 보존. 해석 가능한 형만 변환하고 원문 value_raw/legacy_locator를 유지.,PH0/REG-V1_online.xlsx#xl/worksheets/sheet18.xml:J; literal=PH1/literal_cells.csv; formulas=PH1/formula_patterns_and_dependencies.json,PH1 대상표·필드·형·처리경로 명세; 원본단일화 및 파생식 재구현,"사용자 시작지시 + 계획서 4.2~4.8,5~8; 정본 승인과 별개",키 중복/외래키 존재/자료형/원문 보존 대조; 행이 없으면 자료 없음이며 시험 통과로 보지 않음.,미실행,false,"[{""file_code"": ""R30"", ""table"": ""집단분포"", ""field"": ""data_scope"", ""role"": ""input"", ""row_condition"": ""all source records"", ""rule"": ""all source records"", ""data_type"": ""text_nullable"", ""reference"": """"}]",text_nullable,R-008,명세 작성; 행별 의미 대조/온라인 시험 미실행
REG-V1,1EACdRIiAPGk4LAbttpXZiJd_cuqIh-cVi4jQsbfmqDw,310772620,33 종족 분포,K,REG-V1:310772620:K,설정 상태,1,"{""rows"": [1], ""values"": [""설정 상태""]}",string,input,드롭다운에서 현재 승인 상태를 선택합니다. 확정/초안/검토 필요/폐기 등의 의미를 구분해 사용합니다.,1,0,0,0,MAP-018,R30,집단분포,R30,집단분포,setting_status,원문값과 기존 ID·상태·판본·출처를 보존. 해석 가능한 형만 변환하고 원문 value_raw/legacy_locator를 유지.,PH0/REG-V1_online.xlsx#xl/worksheets/sheet18.xml:K; literal=PH1/literal_cells.csv; formulas=PH1/formula_patterns_and_dependencies.json,PH1 대상표·필드·형·처리경로 명세; 원본단일화 및 파생식 재구현,"사용자 시작지시 + 계획서 4.2~4.8,5~8; 정본 승인과 별개",키 중복/외래키 존재/자료형/원문 보존 대조; 행이 없으면 자료 없음이며 시험 통과로 보지 않음.,미실행,false,"[{""file_code"": ""R30"", ""table"": ""집단분포"", ""field"": ""setting_status"", ""role"": ""input"", ""row_condition"": ""all source records"", ""rule"": ""all source records"", ""data_type"": ""C00_code_nullable; unknown original retained"", ""reference"": """"}]",C00_code_nullable; unknown original retained,R-008,명세 작성; 행별 의미 대조/온라인 시험 미실행
REG-V1,1EACdRIiAPGk4LAbttpXZiJd_cuqIh-cVi4jQsbfmqDw,310772620,33 종족 분포,L,REG-V1:310772620:L,출처 ID,1,"{""rows"": [1], ""values"": [""출처 ID""]}",string,display_review,직접 입력. 「90 출처」에서 부여한 출처 ID를 입력합니다. 옆 출처명은 자동 조회됩니다.,1,0,0,0,MAP-018,R30,집단분포,R30,집단분포,source_id,원문값과 기존 ID·상태·판본·출처를 보존. 해석 가능한 형만 변환하고 원문 value_raw/legacy_locator를 유지.,PH0/REG-V1_online.xlsx#xl/worksheets/sheet18.xml:L; literal=PH1/literal_cells.csv; formulas=PH1/formula_patterns_and_dependencies.json,PH1 대상표·필드·형·처리경로 명세; 원본단일화 및 파생식 재구현,"사용자 시작지시 + 계획서 4.2~4.8,5~8; 정본 승인과 별개",키 중복/외래키 존재/자료형/원문 보존 대조; 행이 없으면 자료 없음이며 시험 통과로 보지 않음.,미실행,false,"[{""file_code"": ""R30"", ""table"": ""집단분포"", ""field"": ""source_id"", ""role"": ""input"", ""row_condition"": ""all source records"", ""rule"": ""all source records"", ""data_type"": ""text_identifier; case preserved"", ""reference"": ""C00.출처레지스트리.source_id""}]",text_identifier; case preserved,R-008,명세 작성; 행별 의미 대조/온라인 시험 미실행
REG-V1,1EACdRIiAPGk4LAbttpXZiJd_cuqIh-cVi4jQsbfmqDw,310772620,33 종족 분포,M,REG-V1:310772620:M,출처명,1,"{""rows"": [1], ""values"": [""출처명""]}",string,formula,자동 조회 열입니다. 직접 입력하지 않습니다. 대응하는 ID를 입력하면 마스터 시트의 한글명이 표시됩니다.,1,4999,0,0,MAP-018,R30,집단분포,R30,집단분포_조회계산,source_name,원 수식과 저장값은 PH0/PH1 증거에 보존. 해당 V2 입력 원본·제공표에서 네이티브 수식으로 재구현. 값으로 이관하거나 입력 원본으로 복제하지 않음. ID→표시명 조회. 조회 실패는 연결오류/미등록 ID를 구별하고 빈문자/0으로 숨기지 않음.,PH0/REG-V1_online.xlsx#xl/worksheets/sheet18.xml:M; literal=PH1/literal_cells.csv; formulas=PH1/formula_patterns_and_dependencies.json,PH1 대상표·필드·형·처리경로 명세; 원본단일화 및 파생식 재구현,"사용자 시작지시 + 계획서 4.2~4.8,5~8; 정본 승인과 별개",실제 Google Sheets 재계산·오류 전파·입력 변경·범위 확장 시험 필요. 현재 미실행.,미실행,false,"[{""file_code"": ""R30"", ""table"": ""집단분포_조회계산"", ""field"": ""source_name"", ""role"": ""calculated"", ""row_condition"": ""all source records"", ""rule"": ""all source records"", ""data_type"": ""text_nullable"", ""reference"": """"}]",text_nullable,R-008,명세 작성; 행별 의미 대조/온라인 시험 미실행
REG-V1,1EACdRIiAPGk4LAbttpXZiJd_cuqIh-cVi4jQsbfmqDw,310772620,33 종족 분포,N,REG-V1:310772620:N,비고,1,"{""rows"": [1], ""values"": [""비고""]}",string,input,선택 입력. 다른 열로 표현하기 어려운 예외·주의사항·검토할 질문을 기록합니다.,1,0,0,0,MAP-018,R30,집단분포,R30,집단분포,notes,원문값과 기존 ID·상태·판본·출처를 보존. 해석 가능한 형만 변환하고 원문 value_raw/legacy_locator를 유지.,PH0/REG-V1_online.xlsx#xl/worksheets/sheet18.xml:N; literal=PH1/literal_cells.csv; formulas=PH1/formula_patterns_and_dependencies.json,PH1 대상표·필드·형·처리경로 명세; 원본단일화 및 파생식 재구현,"사용자 시작지시 + 계획서 4.2~4.8,5~8; 정본 승인과 별개",키 중복/외래키 존재/자료형/원문 보존 대조; 행이 없으면 자료 없음이며 시험 통과로 보지 않음.,미실행,false,"[{""file_code"": ""R30"", ""table"": ""집단분포"", ""field"": ""notes"", ""role"": ""input"", ""row_condition"": ""all source records"", ""rule"": ""all source records"", ""data_type"": ""text_nullable"", ""reference"": """"}]",text_nullable,R-008,명세 작성; 행별 의미 대조/온라인 시험 미실행
REG-V1,1EACdRIiAPGk4LAbttpXZiJd_cuqIh-cVi4jQsbfmqDw,1185232972,40 경제 지역값,A,REG-V1:1185232972:A,지역 ID,1,"{""rows"": [1], ""values"": [""지역 ID""]}",string,input,직접 입력. 「01-지역 마스터」에서 부여한 지역 ID를 입력합니다. 존재하지 않는 ID는 검증에서 거부됩니다.,1,0,0,0,MAP-019,R60,경제관측,R60,경제관측,region_id,원문값과 기존 ID·상태·판본·출처를 보존. 해석 가능한 형만 변환하고 원문 value_raw/legacy_locator를 유지. 정규 원본 1개로 합류; 원본 간 동일성 대조 전 후보 행 삭제/합산 금지.,PH0/REG-V1_online.xlsx#xl/worksheets/sheet19.xml:A; literal=PH1/literal_cells.csv; formulas=PH1/formula_patterns_and_dependencies.json,PH1 대상표·필드·형·처리경로 명세; 원본단일화 및 파생식 재구현,"사용자 시작지시 + 계획서 4.2~4.8,5~8; 정본 승인과 별개",키 중복/외래키 존재/자료형/원문 보존 대조; 행이 없으면 자료 없음이며 시험 통과로 보지 않음.,미실행,false,"[{""file_code"": ""R60"", ""table"": ""경제관측"", ""field"": ""region_id"", ""role"": ""input"", ""row_condition"": ""all source records"", ""rule"": ""all source records"", ""data_type"": ""text_identifier; case preserved"", ""reference"": ""R10.지역목록.region_id""}]",text_identifier; case preserved,,명세 작성; 행별 의미 대조/온라인 시험 미실행
REG-V1,1EACdRIiAPGk4LAbttpXZiJd_cuqIh-cVi4jQsbfmqDw,1185232972,40 경제 지역값,B,REG-V1:1185232972:B,지역명,1,"{""rows"": [1], ""values"": [""지역명""]}",string,formula,자동 조회 열입니다. 직접 입력하지 않습니다. 대응하는 ID를 입력하면 마스터 시트의 한글명이 표시됩니다.,1,4999,0,0,MAP-019,R60,경제관측,R60,경제관측_조회계산,region_name,원 수식과 저장값은 PH0/PH1 증거에 보존. 해당 V2 입력 원본·제공표에서 네이티브 수식으로 재구현. 값으로 이관하거나 입력 원본으로 복제하지 않음. ID→표시명 조회. 조회 실패는 연결오류/미등록 ID를 구별하고 빈문자/0으로 숨기지 않음. 정규 원본 1개로 합류; 원본 간 동일성 대조 전 후보 행 삭제/합산 금지.,PH0/REG-V1_online.xlsx#xl/worksheets/sheet19.xml:B; literal=PH1/literal_cells.csv; formulas=PH1/formula_patterns_and_dependencies.json,PH1 대상표·필드·형·처리경로 명세; 원본단일화 및 파생식 재구현,"사용자 시작지시 + 계획서 4.2~4.8,5~8; 정본 승인과 별개",실제 Google Sheets 재계산·오류 전파·입력 변경·범위 확장 시험 필요. 현재 미실행.,미실행,false,"[{""file_code"": ""R60"", ""table"": ""경제관측_조회계산"", ""field"": ""region_name"", ""role"": ""calculated"", ""row_condition"": ""all source records"", ""rule"": ""all source records"", ""data_type"": ""text_nullable"", ""reference"": """"}]",text_nullable,,명세 작성; 행별 의미 대조/온라인 시험 미실행
REG-V1,1EACdRIiAPGk4LAbttpXZiJd_cuqIh-cVi4jQsbfmqDw,1185232972,40 경제 지역값,C,REG-V1:1185232972:C,지표 ID,1,"{""rows"": [1], ""values"": [""지표 ID""]}",string,input,직접 입력. 해당 마스터/사전 시트에서 부여한 영구 ID를 입력합니다. 한 번 사용한 ID는 재번호화하지 않습니다.,1,0,0,0,MAP-019,R60,경제관측,R60,경제관측,metric_id,원문값과 기존 ID·상태·판본·출처를 보존. 해석 가능한 형만 변환하고 원문 value_raw/legacy_locator를 유지. 정규 원본 1개로 합류; 원본 간 동일성 대조 전 후보 행 삭제/합산 금지.,PH0/REG-V1_online.xlsx#xl/worksheets/sheet19.xml:C; literal=PH1/literal_cells.csv; formulas=PH1/formula_patterns_and_dependencies.json,PH1 대상표·필드·형·처리경로 명세; 원본단일화 및 파생식 재구현,"사용자 시작지시 + 계획서 4.2~4.8,5~8; 정본 승인과 별개",키 중복/외래키 존재/자료형/원문 보존 대조; 행이 없으면 자료 없음이며 시험 통과로 보지 않음.,미실행,false,"[{""file_code"": ""R60"", ""table"": ""경제관측"", ""field"": ""metric_id"", ""role"": ""input"", ""row_condition"": ""all source records"", ""rule"": ""all source records"", ""data_type"": ""text_identifier; case preserved"", ""reference"": ""C00.metric_dictionary.metric_id""}]",text_identifier; case preserved,,명세 작성; 행별 의미 대조/온라인 시험 미실행
REG-V1,1EACdRIiAPGk4LAbttpXZiJd_cuqIh-cVi4jQsbfmqDw,1185232972,40 경제 지역값,D,REG-V1:1185232972:D,지표명,1,"{""rows"": [1], ""values"": [""지표명""]}",string,formula,자동 조회 열입니다. 직접 입력하지 않습니다. 대응하는 ID를 입력하면 마스터 시트의 한글명이 표시됩니다.,1,4999,0,0,MAP-019,R60,경제관측,R60,경제관측_조회계산,metric_name,원 수식과 저장값은 PH0/PH1 증거에 보존. 해당 V2 입력 원본·제공표에서 네이티브 수식으로 재구현. 값으로 이관하거나 입력 원본으로 복제하지 않음. ID→표시명 조회. 조회 실패는 연결오류/미등록 ID를 구별하고 빈문자/0으로 숨기지 않음. 정규 원본 1개로 합류; 원본 간 동일성 대조 전 후보 행 삭제/합산 금지.,PH0/REG-V1_online.xlsx#xl/worksheets/sheet19.xml:D; literal=PH1/literal_cells.csv; formulas=PH1/formula_patterns_and_dependencies.json,PH1 대상표·필드·형·처리경로 명세; 원본단일화 및 파생식 재구현,"사용자 시작지시 + 계획서 4.2~4.8,5~8; 정본 승인과 별개",실제 Google Sheets 재계산·오류 전파·입력 변경·범위 확장 시험 필요. 현재 미실행.,미실행,false,"[{""file_code"": ""R60"", ""table"": ""경제관측_조회계산"", ""field"": ""metric_name"", ""role"": ""calculated"", ""row_condition"": ""all source records"", ""rule"": ""all source records"", ""data_type"": ""text_nullable"", ""reference"": """"}]",text_nullable,,명세 작성; 행별 의미 대조/온라인 시험 미실행
REG-V1,1EACdRIiAPGk4LAbttpXZiJd_cuqIh-cVi4jQsbfmqDw,1185232972,40 경제 지역값,E,REG-V1:1185232972:E,시점/기간,1,"{""rows"": [1], ""values"": [""시점/기간""]}",string,input,직접 입력. 특정 시점의 관측값인지 일정 기간의 값인지 구분할 수 있게 세계관 연대/기간을 기록합니다.,1,0,0,0,MAP-019,R60,경제관측,R60,경제관측,time_raw,원문값과 기존 ID·상태·판본·출처를 보존. 해석 가능한 형만 변환하고 원문 value_raw/legacy_locator를 유지. DATE-TEMPORAL 규약으로 era/year/month/day와 precision을 분리하되 원문은 유지; 해석 불가시 결정대기. 정규 원본 1개로 합류; 원본 간 동일성 대조 전 후보 행 삭제/합산 금지.,PH0/REG-V1_online.xlsx#xl/worksheets/sheet19.xml:E; literal=PH1/literal_cells.csv; formulas=PH1/formula_patterns_and_dependencies.json,PH1 대상표·필드·형·처리경로 명세; 원본단일화 및 파생식 재구현,"사용자 시작지시 + 계획서 4.2~4.8,5~8; 정본 승인과 별개",키 중복/외래키 존재/자료형/원문 보존 대조; 행이 없으면 자료 없음이며 시험 통과로 보지 않음.,미실행,false,"[{""file_code"": ""R60"", ""table"": ""경제관측"", ""field"": ""time_raw"", ""role"": ""input"", ""row_condition"": ""all source records"", ""rule"": ""all source records"", ""data_type"": ""text_nullable"", ""reference"": """"}]",text_nullable,R-007,명세 작성; 행별 의미 대조/온라인 시험 미실행
REG-V1,1EACdRIiAPGk4LAbttpXZiJd_cuqIh-cVi4jQsbfmqDw,1185232972,40 경제 지역값,F,REG-V1:1185232972:F,값 상태,1,"{""rows"": [1], ""values"": [""값 상태""]}",string,input,드롭다운 선택. 값 있음 / 추정 / 미정 / 미상 / 해당 없음을 구분합니다. 빈칸이나 0으로 대신하지 않습니다.,1,0,0,0,MAP-019,R60,경제관측,R60,경제관측,value_status,원문값과 기존 ID·상태·판본·출처를 보존. 해석 가능한 형만 변환하고 원문 value_raw/legacy_locator를 유지. 정규 원본 1개로 합류; 원본 간 동일성 대조 전 후보 행 삭제/합산 금지.,PH0/REG-V1_online.xlsx#xl/worksheets/sheet19.xml:F; literal=PH1/literal_cells.csv; formulas=PH1/formula_patterns_and_dependencies.json,PH1 대상표·필드·형·처리경로 명세; 원본단일화 및 파생식 재구현,"사용자 시작지시 + 계획서 4.2~4.8,5~8; 정본 승인과 별개",키 중복/외래키 존재/자료형/원문 보존 대조; 행이 없으면 자료 없음이며 시험 통과로 보지 않음.,미실행,false,"[{""file_code"": ""R60"", ""table"": ""경제관측"", ""field"": ""value_status"", ""role"": ""input"", ""row_condition"": ""all source records"", ""rule"": ""all source records"", ""data_type"": ""C00_code_nullable; unknown original retained"", ""reference"": """"}]",C00_code_nullable; unknown original retained,,명세 작성; 행별 의미 대조/온라인 시험 미실행
REG-V1,1EACdRIiAPGk4LAbttpXZiJd_cuqIh-cVi4jQsbfmqDw,1185232972,40 경제 지역값,G,REG-V1:1185232972:G,값,1,"{""rows"": [1], ""values"": [""값""]}",string,input,직접 입력. 해당 항목의 수치 또는 값입니다. 단위·시점·분모가 필요한 경우 인접 열에 함께 기록합니다.,1,0,0,0,MAP-019,R60,경제관측,R60,경제관측,value_numeric,원문값과 기존 ID·상태·판본·출처를 보존. 해석 가능한 형만 변환하고 원문 value_raw/legacy_locator를 유지. 빈칸·미상·미정·해당없음·확정0을 독립 상태로 처리; 원문 숫자 정밀도 초과시 문자열 보존/근사값 분리. 정규 원본 1개로 합류; 원본 간 동일성 대조 전 후보 행 삭제/합산 금지.,PH0/REG-V1_online.xlsx#xl/worksheets/sheet19.xml:G; literal=PH1/literal_cells.csv; formulas=PH1/formula_patterns_and_dependencies.json,PH1 대상표·필드·형·처리경로 명세; 원본단일화 및 파생식 재구현,"사용자 시작지시 + 계획서 4.2~4.8,5~8; 정본 승인과 별개",키 중복/외래키 존재/자료형/원문 보존 대조; 행이 없으면 자료 없음이며 시험 통과로 보지 않음.,미실행,false,"[{""file_code"": ""R60"", ""table"": ""경제관측"", ""field"": ""value_numeric"", ""role"": ""input"", ""row_condition"": ""all source records"", ""rule"": ""all source records"", ""data_type"": ""decimal_nullable; exact original in value_raw"", ""reference"": """"}]",decimal_nullable; exact original in value_raw,,명세 작성; 행별 의미 대조/온라인 시험 미실행
REG-V1,1EACdRIiAPGk4LAbttpXZiJd_cuqIh-cVi4jQsbfmqDw,1185232972,40 경제 지역값,H,REG-V1:1185232972:H,단위,1,"{""rows"": [1], ""values"": [""단위""]}",string,formula,"직접 입력. 명, %, km², 통화/년 등 숫자를 해석하는 데 필요한 단위를 반드시 기록합니다.",1,4999,0,0,MAP-019,R60,경제관측,R60,경제관측,unit,원문값과 기존 ID·상태·판본·출처를 보존. 해석 가능한 형만 변환하고 원문 value_raw/legacy_locator를 유지. 정규 원본 1개로 합류; 원본 간 동일성 대조 전 후보 행 삭제/합산 금지.,PH0/REG-V1_online.xlsx#xl/worksheets/sheet19.xml:H; literal=PH1/literal_cells.csv; formulas=PH1/formula_patterns_and_dependencies.json,PH1 대상표·필드·형·처리경로 명세; 원본단일화 및 파생식 재구현,"사용자 시작지시 + 계획서 4.2~4.8,5~8; 정본 승인과 별개",키 중복/외래키 존재/자료형/원문 보존 대조; 행이 없으면 자료 없음이며 시험 통과로 보지 않음.,미실행,false,"[{""file_code"": ""R60"", ""table"": ""경제관측"", ""field"": ""unit"", ""role"": ""input"", ""row_condition"": ""all source records"", ""rule"": ""all source records"", ""data_type"": ""text_nullable"", ""reference"": """"}]",text_nullable,,명세 작성; 행별 의미 대조/온라인 시험 미실행
REG-V1,1EACdRIiAPGk4LAbttpXZiJd_cuqIh-cVi4jQsbfmqDw,1185232972,40 경제 지역값,I,REG-V1:1185232972:I,조사 범위,1,"{""rows"": [1], ""values"": [""조사 범위""]}",string,input,드롭다운 또는 직접 입력. 자료가 대상 전체인지 일부만 포함하는지 기록합니다.,1,0,0,0,MAP-019,R60,경제관측,R60,경제관측,data_scope,원문값과 기존 ID·상태·판본·출처를 보존. 해석 가능한 형만 변환하고 원문 value_raw/legacy_locator를 유지. 정규 원본 1개로 합류; 원본 간 동일성 대조 전 후보 행 삭제/합산 금지.,PH0/REG-V1_online.xlsx#xl/worksheets/sheet19.xml:I; literal=PH1/literal_cells.csv; formulas=PH1/formula_patterns_and_dependencies.json,PH1 대상표·필드·형·처리경로 명세; 원본단일화 및 파생식 재구현,"사용자 시작지시 + 계획서 4.2~4.8,5~8; 정본 승인과 별개",키 중복/외래키 존재/자료형/원문 보존 대조; 행이 없으면 자료 없음이며 시험 통과로 보지 않음.,미실행,false,"[{""file_code"": ""R60"", ""table"": ""경제관측"", ""field"": ""data_scope"", ""role"": ""input"", ""row_condition"": ""all source records"", ""rule"": ""all source records"", ""data_type"": ""text_nullable"", ""reference"": """"}]",text_nullable,,명세 작성; 행별 의미 대조/온라인 시험 미실행
REG-V1,1EACdRIiAPGk4LAbttpXZiJd_cuqIh-cVi4jQsbfmqDw,1185232972,40 경제 지역값,J,REG-V1:1185232972:J,값 근거,1,"{""rows"": [1], ""values"": [""값 근거""]}",string,input,드롭다운 선택. 직접 설정 / 원문 추출 / 추정 / 계산 / 미상 중 값이 만들어진 방식을 기록합니다.,1,0,0,0,MAP-019,R60,경제관측,R60,경제관측,value_basis,원문값과 기존 ID·상태·판본·출처를 보존. 해석 가능한 형만 변환하고 원문 value_raw/legacy_locator를 유지. 정규 원본 1개로 합류; 원본 간 동일성 대조 전 후보 행 삭제/합산 금지.,PH0/REG-V1_online.xlsx#xl/worksheets/sheet19.xml:J; literal=PH1/literal_cells.csv; formulas=PH1/formula_patterns_and_dependencies.json,PH1 대상표·필드·형·처리경로 명세; 원본단일화 및 파생식 재구현,"사용자 시작지시 + 계획서 4.2~4.8,5~8; 정본 승인과 별개",키 중복/외래키 존재/자료형/원문 보존 대조; 행이 없으면 자료 없음이며 시험 통과로 보지 않음.,미실행,false,"[{""file_code"": ""R60"", ""table"": ""경제관측"", ""field"": ""value_basis"", ""role"": ""input"", ""row_condition"": ""all source records"", ""rule"": ""all source records"", ""data_type"": ""text_nullable"", ""reference"": """"}]",text_nullable,,명세 작성; 행별 의미 대조/온라인 시험 미실행
REG-V1,1EACdRIiAPGk4LAbttpXZiJd_cuqIh-cVi4jQsbfmqDw,1185232972,40 경제 지역값,K,REG-V1:1185232972:K,설정 상태,1,"{""rows"": [1], ""values"": [""설정 상태""]}",string,input,드롭다운에서 현재 승인 상태를 선택합니다. 확정/초안/검토 필요/폐기 등의 의미를 구분해 사용합니다.,1,0,0,0,MAP-019,R60,경제관측,R60,경제관측,setting_status,원문값과 기존 ID·상태·판본·출처를 보존. 해석 가능한 형만 변환하고 원문 value_raw/legacy_locator를 유지. 정규 원본 1개로 합류; 원본 간 동일성 대조 전 후보 행 삭제/합산 금지.,PH0/REG-V1_online.xlsx#xl/worksheets/sheet19.xml:K; literal=PH1/literal_cells.csv; formulas=PH1/formula_patterns_and_dependencies.json,PH1 대상표·필드·형·처리경로 명세; 원본단일화 및 파생식 재구현,"사용자 시작지시 + 계획서 4.2~4.8,5~8; 정본 승인과 별개",키 중복/외래키 존재/자료형/원문 보존 대조; 행이 없으면 자료 없음이며 시험 통과로 보지 않음.,미실행,false,"[{""file_code"": ""R60"", ""table"": ""경제관측"", ""field"": ""setting_status"", ""role"": ""input"", ""row_condition"": ""all source records"", ""rule"": ""all source records"", ""data_type"": ""C00_code_nullable; unknown original retained"", ""reference"": """"}]",C00_code_nullable; unknown original retained,,명세 작성; 행별 의미 대조/온라인 시험 미실행
REG-V1,1EACdRIiAPGk4LAbttpXZiJd_cuqIh-cVi4jQsbfmqDw,1185232972,40 경제 지역값,L,REG-V1:1185232972:L,출처 ID,1,"{""rows"": [1], ""values"": [""출처 ID""]}",string,display_review,직접 입력. 「90 출처」에서 부여한 출처 ID를 입력합니다. 옆 출처명은 자동 조회됩니다.,1,0,0,0,MAP-019,R60,경제관측,R60,경제관측,source_id,원문값과 기존 ID·상태·판본·출처를 보존. 해석 가능한 형만 변환하고 원문 value_raw/legacy_locator를 유지. 정규 원본 1개로 합류; 원본 간 동일성 대조 전 후보 행 삭제/합산 금지.,PH0/REG-V1_online.xlsx#xl/worksheets/sheet19.xml:L; literal=PH1/literal_cells.csv; formulas=PH1/formula_patterns_and_dependencies.json,PH1 대상표·필드·형·처리경로 명세; 원본단일화 및 파생식 재구현,"사용자 시작지시 + 계획서 4.2~4.8,5~8; 정본 승인과 별개",키 중복/외래키 존재/자료형/원문 보존 대조; 행이 없으면 자료 없음이며 시험 통과로 보지 않음.,미실행,false,"[{""file_code"": ""R60"", ""table"": ""경제관측"", ""field"": ""source_id"", ""role"": ""input"", ""row_condition"": ""all source records"", ""rule"": ""all source records"", ""data_type"": ""text_identifier; case preserved"", ""reference"": ""C00.출처레지스트리.source_id""}]",text_identifier; case preserved,,명세 작성; 행별 의미 대조/온라인 시험 미실행
REG-V1,1EACdRIiAPGk4LAbttpXZiJd_cuqIh-cVi4jQsbfmqDw,1185232972,40 경제 지역값,M,REG-V1:1185232972:M,출처명,1,"{""rows"": [1], ""values"": [""출처명""]}",string,formula,자동 조회 열입니다. 직접 입력하지 않습니다. 대응하는 ID를 입력하면 마스터 시트의 한글명이 표시됩니다.,1,4999,0,0,MAP-019,R60,경제관측,R60,경제관측_조회계산,source_name,원 수식과 저장값은 PH0/PH1 증거에 보존. 해당 V2 입력 원본·제공표에서 네이티브 수식으로 재구현. 값으로 이관하거나 입력 원본으로 복제하지 않음. ID→표시명 조회. 조회 실패는 연결오류/미등록 ID를 구별하고 빈문자/0으로 숨기지 않음. 정규 원본 1개로 합류; 원본 간 동일성 대조 전 후보 행 삭제/합산 금지.,PH0/REG-V1_online.xlsx#xl/worksheets/sheet19.xml:M; literal=PH1/literal_cells.csv; formulas=PH1/formula_patterns_and_dependencies.json,PH1 대상표·필드·형·처리경로 명세; 원본단일화 및 파생식 재구현,"사용자 시작지시 + 계획서 4.2~4.8,5~8; 정본 승인과 별개",실제 Google Sheets 재계산·오류 전파·입력 변경·범위 확장 시험 필요. 현재 미실행.,미실행,false,"[{""file_code"": ""R60"", ""table"": ""경제관측_조회계산"", ""field"": ""source_name"", ""role"": ""calculated"", ""row_condition"": ""all source records"", ""rule"": ""all source records"", ""data_type"": ""text_nullable"", ""reference"": """"}]",text_nullable,,명세 작성; 행별 의미 대조/온라인 시험 미실행
REG-V1,1EACdRIiAPGk4LAbttpXZiJd_cuqIh-cVi4jQsbfmqDw,1185232972,40 경제 지역값,N,REG-V1:1185232972:N,비고,1,"{""rows"": [1], ""values"": [""비고""]}",string,input,선택 입력. 다른 열로 표현하기 어려운 예외·주의사항·검토할 질문을 기록합니다.,1,0,0,0,MAP-019,R60,경제관측,R60,경제관측,notes,원문값과 기존 ID·상태·판본·출처를 보존. 해석 가능한 형만 변환하고 원문 value_raw/legacy_locator를 유지. 정규 원본 1개로 합류; 원본 간 동일성 대조 전 후보 행 삭제/합산 금지.,PH0/REG-V1_online.xlsx#xl/worksheets/sheet19.xml:N; literal=PH1/literal_cells.csv; formulas=PH1/formula_patterns_and_dependencies.json,PH1 대상표·필드·형·처리경로 명세; 원본단일화 및 파생식 재구현,"사용자 시작지시 + 계획서 4.2~4.8,5~8; 정본 승인과 별개",키 중복/외래키 존재/자료형/원문 보존 대조; 행이 없으면 자료 없음이며 시험 통과로 보지 않음.,미실행,false,"[{""file_code"": ""R60"", ""table"": ""경제관측"", ""field"": ""notes"", ""role"": ""input"", ""row_condition"": ""all source records"", ""rule"": ""all source records"", ""data_type"": ""text_nullable"", ""reference"": """"}]",text_nullable,,명세 작성; 행별 의미 대조/온라인 시험 미실행
REG-V1,1EACdRIiAPGk4LAbttpXZiJd_cuqIh-cVi4jQsbfmqDw,545095279,41 산업,A,REG-V1:545095279:A,지역 ID,1,"{""rows"": [1], ""values"": [""지역 ID""]}",string,input,직접 입력. 「01-지역 마스터」에서 부여한 지역 ID를 입력합니다. 존재하지 않는 ID는 검증에서 거부됩니다.,1,0,0,0,MAP-020,R60,산업활동,R60,산업활동,region_id,원문값과 기존 ID·상태·판본·출처를 보존. 해석 가능한 형만 변환하고 원문 value_raw/legacy_locator를 유지.,PH0/REG-V1_online.xlsx#xl/worksheets/sheet20.xml:A; literal=PH1/literal_cells.csv; formulas=PH1/formula_patterns_and_dependencies.json,PH1 대상표·필드·형·처리경로 명세; 원본단일화 및 파생식 재구현,"사용자 시작지시 + 계획서 4.2~4.8,5~8; 정본 승인과 별개",키 중복/외래키 존재/자료형/원문 보존 대조; 행이 없으면 자료 없음이며 시험 통과로 보지 않음.,미실행,false,"[{""file_code"": ""R60"", ""table"": ""산업활동"", ""field"": ""region_id"", ""role"": ""input"", ""row_condition"": ""all source records"", ""rule"": ""all source records"", ""data_type"": ""text_identifier; case preserved"", ""reference"": ""R10.지역목록.region_id""}]",text_identifier; case preserved,,명세 작성; 행별 의미 대조/온라인 시험 미실행
REG-V1,1EACdRIiAPGk4LAbttpXZiJd_cuqIh-cVi4jQsbfmqDw,545095279,41 산업,B,REG-V1:545095279:B,지역명,1,"{""rows"": [1], ""values"": [""지역명""]}",string,formula,자동 조회 열입니다. 직접 입력하지 않습니다. 대응하는 ID를 입력하면 마스터 시트의 한글명이 표시됩니다.,1,4999,0,0,MAP-020,R60,산업활동,R60,산업활동_조회계산,region_name,원 수식과 저장값은 PH0/PH1 증거에 보존. 해당 V2 입력 원본·제공표에서 네이티브 수식으로 재구현. 값으로 이관하거나 입력 원본으로 복제하지 않음. ID→표시명 조회. 조회 실패는 연결오류/미등록 ID를 구별하고 빈문자/0으로 숨기지 않음.,PH0/REG-V1_online.xlsx#xl/worksheets/sheet20.xml:B; literal=PH1/literal_cells.csv; formulas=PH1/formula_patterns_and_dependencies.json,PH1 대상표·필드·형·처리경로 명세; 원본단일화 및 파생식 재구현,"사용자 시작지시 + 계획서 4.2~4.8,5~8; 정본 승인과 별개",실제 Google Sheets 재계산·오류 전파·입력 변경·범위 확장 시험 필요. 현재 미실행.,미실행,false,"[{""file_code"": ""R60"", ""table"": ""산업활동_조회계산"", ""field"": ""region_name"", ""role"": ""calculated"", ""row_condition"": ""all source records"", ""rule"": ""all source records"", ""data_type"": ""text_nullable"", ""reference"": """"}]",text_nullable,,명세 작성; 행별 의미 대조/온라인 시험 미실행
REG-V1,1EACdRIiAPGk4LAbttpXZiJd_cuqIh-cVi4jQsbfmqDw,545095279,41 산업,C,REG-V1:545095279:C,시작,1,"{""rows"": [1], ""values"": [""시작""]}",string,input,직접 입력. 세계관 기준으로 사실/관계가 시작되는 시점을 기록합니다. 기간은 시작 시점을 포함하는 방식으로 사용합니다.,1,0,0,0,MAP-020,R60,산업활동,R60,산업활동,start_raw,원문값과 기존 ID·상태·판본·출처를 보존. 해석 가능한 형만 변환하고 원문 value_raw/legacy_locator를 유지. DATE-TEMPORAL 규약으로 era/year/month/day와 precision을 분리하되 원문은 유지; 해석 불가시 결정대기.,PH0/REG-V1_online.xlsx#xl/worksheets/sheet20.xml:C; literal=PH1/literal_cells.csv; formulas=PH1/formula_patterns_and_dependencies.json,PH1 대상표·필드·형·처리경로 명세; 원본단일화 및 파생식 재구현,"사용자 시작지시 + 계획서 4.2~4.8,5~8; 정본 승인과 별개",키 중복/외래키 존재/자료형/원문 보존 대조; 행이 없으면 자료 없음이며 시험 통과로 보지 않음.,미실행,false,"[{""file_code"": ""R60"", ""table"": ""산업활동"", ""field"": ""start_raw"", ""role"": ""input"", ""row_condition"": ""all source records"", ""rule"": ""all source records"", ""data_type"": ""text_nullable"", ""reference"": """"}]",text_nullable,R-007,명세 작성; 행별 의미 대조/온라인 시험 미실행
REG-V1,1EACdRIiAPGk4LAbttpXZiJd_cuqIh-cVi4jQsbfmqDw,545095279,41 산업,D,REG-V1:545095279:D,종료,1,"{""rows"": [1], ""values"": [""종료""]}",string,input,직접 입력. 세계관 기준으로 사실/관계가 끝나는 시점을 기록합니다. 권장 규칙은 시작 포함·종료 제외입니다. 지속 중/종료 미상은 별도 상태 열로 구분합니다.,1,0,0,0,MAP-020,R60,산업활동,R60,산업활동,end_raw,원문값과 기존 ID·상태·판본·출처를 보존. 해석 가능한 형만 변환하고 원문 value_raw/legacy_locator를 유지. DATE-TEMPORAL 규약으로 era/year/month/day와 precision을 분리하되 원문은 유지; 해석 불가시 결정대기.,PH0/REG-V1_online.xlsx#xl/worksheets/sheet20.xml:D; literal=PH1/literal_cells.csv; formulas=PH1/formula_patterns_and_dependencies.json,PH1 대상표·필드·형·처리경로 명세; 원본단일화 및 파생식 재구현,"사용자 시작지시 + 계획서 4.2~4.8,5~8; 정본 승인과 별개",키 중복/외래키 존재/자료형/원문 보존 대조; 행이 없으면 자료 없음이며 시험 통과로 보지 않음.,미실행,false,"[{""file_code"": ""R60"", ""table"": ""산업활동"", ""field"": ""end_raw"", ""role"": ""input"", ""row_condition"": ""all source records"", ""rule"": ""all source records"", ""data_type"": ""text_nullable"", ""reference"": """"}]",text_nullable,R-007,명세 작성; 행별 의미 대조/온라인 시험 미실행
REG-V1,1EACdRIiAPGk4LAbttpXZiJd_cuqIh-cVi4jQsbfmqDw,545095279,41 산업,E,REG-V1:545095279:E,산업명,1,"{""rows"": [1], ""values"": [""산업명""]}",string,input,직접 입력. 지역에서 다루는 산업 분류/산업명을 기록합니다.,1,0,0,0,MAP-020,R60,산업활동,R60,산업활동,industry_name,원문값과 기존 ID·상태·판본·출처를 보존. 해석 가능한 형만 변환하고 원문 value_raw/legacy_locator를 유지.,PH0/REG-V1_online.xlsx#xl/worksheets/sheet20.xml:E; literal=PH1/literal_cells.csv; formulas=PH1/formula_patterns_and_dependencies.json,PH1 대상표·필드·형·처리경로 명세; 원본단일화 및 파생식 재구현,"사용자 시작지시 + 계획서 4.2~4.8,5~8; 정본 승인과 별개",키 중복/외래키 존재/자료형/원문 보존 대조; 행이 없으면 자료 없음이며 시험 통과로 보지 않음.,미실행,false,"[{""file_code"": ""R60"", ""table"": ""산업활동"", ""field"": ""industry_name"", ""role"": ""input"", ""row_condition"": ""all source records"", ""rule"": ""all source records"", ""data_type"": ""text_nullable"", ""reference"": """"}]",text_nullable,,명세 작성; 행별 의미 대조/온라인 시험 미실행
REG-V1,1EACdRIiAPGk4LAbttpXZiJd_cuqIh-cVi4jQsbfmqDw,545095279,41 산업,F,REG-V1:545095279:F,주요 생산물,1,"{""rows"": [1], ""values"": [""주요 생산물""]}",string,input,직접 입력. 해당 산업의 주요 생산품을 기록합니다.,1,0,0,0,MAP-020,R60,산업활동,R60,산업활동,product_raw,원문값과 기존 ID·상태·판본·출처를 보존. 해석 가능한 형만 변환하고 원문 value_raw/legacy_locator를 유지.,PH0/REG-V1_online.xlsx#xl/worksheets/sheet20.xml:F; literal=PH1/literal_cells.csv; formulas=PH1/formula_patterns_and_dependencies.json,PH1 대상표·필드·형·처리경로 명세; 원본단일화 및 파생식 재구현,"사용자 시작지시 + 계획서 4.2~4.8,5~8; 정본 승인과 별개",키 중복/외래키 존재/자료형/원문 보존 대조; 행이 없으면 자료 없음이며 시험 통과로 보지 않음.,미실행,false,"[{""file_code"": ""R60"", ""table"": ""산업활동"", ""field"": ""product_raw"", ""role"": ""input"", ""row_condition"": ""all source records"", ""rule"": ""all source records"", ""data_type"": ""text_nullable"", ""reference"": """"}]",text_nullable,,명세 작성; 행별 의미 대조/온라인 시험 미실행
REG-V1,1EACdRIiAPGk4LAbttpXZiJd_cuqIh-cVi4jQsbfmqDw,545095279,41 산업,G,REG-V1:545095279:G,값 상태,1,"{""rows"": [1], ""values"": [""값 상태""]}",string,input,드롭다운 선택. 값 있음 / 추정 / 미정 / 미상 / 해당 없음을 구분합니다. 빈칸이나 0으로 대신하지 않습니다.,1,0,0,0,MAP-020,R60,산업활동,R60,산업활동,value_status,원문값과 기존 ID·상태·판본·출처를 보존. 해석 가능한 형만 변환하고 원문 value_raw/legacy_locator를 유지.,PH0/REG-V1_online.xlsx#xl/worksheets/sheet20.xml:G; literal=PH1/literal_cells.csv; formulas=PH1/formula_patterns_and_dependencies.json,PH1 대상표·필드·형·처리경로 명세; 원본단일화 및 파생식 재구현,"사용자 시작지시 + 계획서 4.2~4.8,5~8; 정본 승인과 별개",키 중복/외래키 존재/자료형/원문 보존 대조; 행이 없으면 자료 없음이며 시험 통과로 보지 않음.,미실행,false,"[{""file_code"": ""R60"", ""table"": ""산업활동"", ""field"": ""value_status"", ""role"": ""input"", ""row_condition"": ""all source records"", ""rule"": ""all source records"", ""data_type"": ""C00_code_nullable; unknown original retained"", ""reference"": """"}]",C00_code_nullable; unknown original retained,,명세 작성; 행별 의미 대조/온라인 시험 미실행
REG-V1,1EACdRIiAPGk4LAbttpXZiJd_cuqIh-cVi4jQsbfmqDw,545095279,41 산업,H,REG-V1:545095279:H,생산량,1,"{""rows"": [1], ""values"": [""생산량""]}",string,input,직접 입력. 해당 항목의 수치 또는 값입니다. 단위·시점·분모가 필요한 경우 인접 열에 함께 기록합니다.,1,0,0,0,MAP-020,R60,산업활동,R60,산업활동,production_quantity,원문값과 기존 ID·상태·판본·출처를 보존. 해석 가능한 형만 변환하고 원문 value_raw/legacy_locator를 유지. 빈칸·미상·미정·해당없음·확정0을 독립 상태로 처리; 원문 숫자 정밀도 초과시 문자열 보존/근사값 분리.,PH0/REG-V1_online.xlsx#xl/worksheets/sheet20.xml:H; literal=PH1/literal_cells.csv; formulas=PH1/formula_patterns_and_dependencies.json,PH1 대상표·필드·형·처리경로 명세; 원본단일화 및 파생식 재구현,"사용자 시작지시 + 계획서 4.2~4.8,5~8; 정본 승인과 별개",키 중복/외래키 존재/자료형/원문 보존 대조; 행이 없으면 자료 없음이며 시험 통과로 보지 않음.,미실행,false,"[{""file_code"": ""R60"", ""table"": ""산업활동"", ""field"": ""production_quantity"", ""role"": ""input"", ""row_condition"": ""all source records"", ""rule"": ""all source records"", ""data_type"": ""decimal_nullable; exact original in value_raw"", ""reference"": """"}]",decimal_nullable; exact original in value_raw,,명세 작성; 행별 의미 대조/온라인 시험 미실행
REG-V1,1EACdRIiAPGk4LAbttpXZiJd_cuqIh-cVi4jQsbfmqDw,545095279,41 산업,I,REG-V1:545095279:I,단위,1,"{""rows"": [1], ""values"": [""단위""]}",string,input,"직접 입력. 명, %, km², 통화/년 등 숫자를 해석하는 데 필요한 단위를 반드시 기록합니다.",1,0,0,0,MAP-020,R60,산업활동,R60,산업활동,production_unit,원문값과 기존 ID·상태·판본·출처를 보존. 해석 가능한 형만 변환하고 원문 value_raw/legacy_locator를 유지.,PH0/REG-V1_online.xlsx#xl/worksheets/sheet20.xml:I; literal=PH1/literal_cells.csv; formulas=PH1/formula_patterns_and_dependencies.json,PH1 대상표·필드·형·처리경로 명세; 원본단일화 및 파생식 재구현,"사용자 시작지시 + 계획서 4.2~4.8,5~8; 정본 승인과 별개",키 중복/외래키 존재/자료형/원문 보존 대조; 행이 없으면 자료 없음이며 시험 통과로 보지 않음.,미실행,false,"[{""file_code"": ""R60"", ""table"": ""산업활동"", ""field"": ""production_unit"", ""role"": ""input"", ""row_condition"": ""all source records"", ""rule"": ""all source records"", ""data_type"": ""text_nullable"", ""reference"": """"}]",text_nullable,,명세 작성; 행별 의미 대조/온라인 시험 미실행
REG-V1,1EACdRIiAPGk4LAbttpXZiJd_cuqIh-cVi4jQsbfmqDw,545095279,41 산업,J,REG-V1:545095279:J,고용,1,"{""rows"": [1], ""values"": [""고용""]}",string,input,직접 입력. 해당 항목의 수치 또는 값입니다. 단위·시점·분모가 필요한 경우 인접 열에 함께 기록합니다.,1,0,0,0,MAP-020,R60,산업활동,R60,산업활동,employment,원문값과 기존 ID·상태·판본·출처를 보존. 해석 가능한 형만 변환하고 원문 value_raw/legacy_locator를 유지. 빈칸·미상·미정·해당없음·확정0을 독립 상태로 처리; 원문 숫자 정밀도 초과시 문자열 보존/근사값 분리.,PH0/REG-V1_online.xlsx#xl/worksheets/sheet20.xml:J; literal=PH1/literal_cells.csv; formulas=PH1/formula_patterns_and_dependencies.json,PH1 대상표·필드·형·처리경로 명세; 원본단일화 및 파생식 재구현,"사용자 시작지시 + 계획서 4.2~4.8,5~8; 정본 승인과 별개",키 중복/외래키 존재/자료형/원문 보존 대조; 행이 없으면 자료 없음이며 시험 통과로 보지 않음.,미실행,false,"[{""file_code"": ""R60"", ""table"": ""산업활동"", ""field"": ""employment"", ""role"": ""input"", ""row_condition"": ""all source records"", ""rule"": ""all source records"", ""data_type"": ""decimal_nullable; exact original in value_raw"", ""reference"": """"}]",decimal_nullable; exact original in value_raw,,명세 작성; 행별 의미 대조/온라인 시험 미실행
REG-V1,1EACdRIiAPGk4LAbttpXZiJd_cuqIh-cVi4jQsbfmqDw,545095279,41 산업,K,REG-V1:545095279:K,산업 비중,1,"{""rows"": [1], ""values"": [""산업 비중""]}",string,input,직접 입력. 해당 항목의 수치 또는 값입니다. 단위·시점·분모가 필요한 경우 인접 열에 함께 기록합니다.,1,0,0,0,MAP-020,R60,산업활동,R60,산업활동,industry_share,원문값과 기존 ID·상태·판본·출처를 보존. 해석 가능한 형만 변환하고 원문 value_raw/legacy_locator를 유지. 빈칸·미상·미정·해당없음·확정0을 독립 상태로 처리; 원문 숫자 정밀도 초과시 문자열 보존/근사값 분리. % 표시는 0~1로 변환하되 bare 73.45 등 의미 미확정 숫자는 자동 비율화 금지.,PH0/REG-V1_online.xlsx#xl/worksheets/sheet20.xml:K; literal=PH1/literal_cells.csv; formulas=PH1/formula_patterns_and_dependencies.json,PH1 대상표·필드·형·처리경로 명세; 원본단일화 및 파생식 재구현,"사용자 시작지시 + 계획서 4.2~4.8,5~8; 정본 승인과 별개",키 중복/외래키 존재/자료형/원문 보존 대조; 행이 없으면 자료 없음이며 시험 통과로 보지 않음.,미실행,false,"[{""file_code"": ""R60"", ""table"": ""산업활동"", ""field"": ""industry_share"", ""role"": ""input"", ""row_condition"": ""all source records"", ""rule"": ""all source records"", ""data_type"": ""decimal_nullable; exact original in value_raw"", ""reference"": """"}]",decimal_nullable; exact original in value_raw,,명세 작성; 행별 의미 대조/온라인 시험 미실행
REG-V1,1EACdRIiAPGk4LAbttpXZiJd_cuqIh-cVi4jQsbfmqDw,545095279,41 산업,L,REG-V1:545095279:L,비중 분모,1,"{""rows"": [1], ""values"": [""비중 분모""]}",string,input,"직접 입력. %나 비율의 기준이 되는 전체를 기록합니다. 예: 전체 상주민, 성인 인구, 총고용, 총생산 등.",1,0,0,0,MAP-020,R60,산업활동,R60,산업활동,share_denominator,원문값과 기존 ID·상태·판본·출처를 보존. 해석 가능한 형만 변환하고 원문 value_raw/legacy_locator를 유지.,PH0/REG-V1_online.xlsx#xl/worksheets/sheet20.xml:L; literal=PH1/literal_cells.csv; formulas=PH1/formula_patterns_and_dependencies.json,PH1 대상표·필드·형·처리경로 명세; 원본단일화 및 파생식 재구현,"사용자 시작지시 + 계획서 4.2~4.8,5~8; 정본 승인과 별개",키 중복/외래키 존재/자료형/원문 보존 대조; 행이 없으면 자료 없음이며 시험 통과로 보지 않음.,미실행,false,"[{""file_code"": ""R60"", ""table"": ""산업활동"", ""field"": ""share_denominator"", ""role"": ""input"", ""row_condition"": ""all source records"", ""rule"": ""all source records"", ""data_type"": ""text_nullable"", ""reference"": """"}]",text_nullable,,명세 작성; 행별 의미 대조/온라인 시험 미실행
REG-V1,1EACdRIiAPGk4LAbttpXZiJd_cuqIh-cVi4jQsbfmqDw,545095279,41 산업,M,REG-V1:545095279:M,설정 상태,1,"{""rows"": [1], ""values"": [""설정 상태""]}",string,input,드롭다운에서 현재 승인 상태를 선택합니다. 확정/초안/검토 필요/폐기 등의 의미를 구분해 사용합니다.,1,0,0,0,MAP-020,R60,산업활동,R60,산업활동,setting_status,원문값과 기존 ID·상태·판본·출처를 보존. 해석 가능한 형만 변환하고 원문 value_raw/legacy_locator를 유지.,PH0/REG-V1_online.xlsx#xl/worksheets/sheet20.xml:M; literal=PH1/literal_cells.csv; formulas=PH1/formula_patterns_and_dependencies.json,PH1 대상표·필드·형·처리경로 명세; 원본단일화 및 파생식 재구현,"사용자 시작지시 + 계획서 4.2~4.8,5~8; 정본 승인과 별개",키 중복/외래키 존재/자료형/원문 보존 대조; 행이 없으면 자료 없음이며 시험 통과로 보지 않음.,미실행,false,"[{""file_code"": ""R60"", ""table"": ""산업활동"", ""field"": ""setting_status"", ""role"": ""input"", ""row_condition"": ""all source records"", ""rule"": ""all source records"", ""data_type"": ""C00_code_nullable; unknown original retained"", ""reference"": """"}]",C00_code_nullable; unknown original retained,,명세 작성; 행별 의미 대조/온라인 시험 미실행
REG-V1,1EACdRIiAPGk4LAbttpXZiJd_cuqIh-cVi4jQsbfmqDw,545095279,41 산업,N,REG-V1:545095279:N,출처 ID,1,"{""rows"": [1], ""values"": [""출처 ID""]}",string,display_review,직접 입력. 「90 출처」에서 부여한 출처 ID를 입력합니다. 옆 출처명은 자동 조회됩니다.,1,0,0,0,MAP-020,R60,산업활동,R60,산업활동,source_id,원문값과 기존 ID·상태·판본·출처를 보존. 해석 가능한 형만 변환하고 원문 value_raw/legacy_locator를 유지.,PH0/REG-V1_online.xlsx#xl/worksheets/sheet20.xml:N; literal=PH1/literal_cells.csv; formulas=PH1/formula_patterns_and_dependencies.json,PH1 대상표·필드·형·처리경로 명세; 원본단일화 및 파생식 재구현,"사용자 시작지시 + 계획서 4.2~4.8,5~8; 정본 승인과 별개",키 중복/외래키 존재/자료형/원문 보존 대조; 행이 없으면 자료 없음이며 시험 통과로 보지 않음.,미실행,false,"[{""file_code"": ""R60"", ""table"": ""산업활동"", ""field"": ""source_id"", ""role"": ""input"", ""row_condition"": ""all source records"", ""rule"": ""all source records"", ""data_type"": ""text_identifier; case preserved"", ""reference"": ""C00.출처레지스트리.source_id""}]",text_identifier; case preserved,,명세 작성; 행별 의미 대조/온라인 시험 미실행
REG-V1,1EACdRIiAPGk4LAbttpXZiJd_cuqIh-cVi4jQsbfmqDw,545095279,41 산업,O,REG-V1:545095279:O,출처명,1,"{""rows"": [1], ""values"": [""출처명""]}",string,formula,자동 조회 열입니다. 직접 입력하지 않습니다. 대응하는 ID를 입력하면 마스터 시트의 한글명이 표시됩니다.,1,4999,0,0,MAP-020,R60,산업활동,R60,산업활동_조회계산,source_name,원 수식과 저장값은 PH0/PH1 증거에 보존. 해당 V2 입력 원본·제공표에서 네이티브 수식으로 재구현. 값으로 이관하거나 입력 원본으로 복제하지 않음. ID→표시명 조회. 조회 실패는 연결오류/미등록 ID를 구별하고 빈문자/0으로 숨기지 않음.,PH0/REG-V1_online.xlsx#xl/worksheets/sheet20.xml:O; literal=PH1/literal_cells.csv; formulas=PH1/formula_patterns_and_dependencies.json,PH1 대상표·필드·형·처리경로 명세; 원본단일화 및 파생식 재구현,"사용자 시작지시 + 계획서 4.2~4.8,5~8; 정본 승인과 별개",실제 Google Sheets 재계산·오류 전파·입력 변경·범위 확장 시험 필요. 현재 미실행.,미실행,false,"[{""file_code"": ""R60"", ""table"": ""산업활동_조회계산"", ""field"": ""source_name"", ""role"": ""calculated"", ""row_condition"": ""all source records"", ""rule"": ""all source records"", ""data_type"": ""text_nullable"", ""reference"": """"}]",text_nullable,,명세 작성; 행별 의미 대조/온라인 시험 미실행
REG-V1,1EACdRIiAPGk4LAbttpXZiJd_cuqIh-cVi4jQsbfmqDw,545095279,41 산업,P,REG-V1:545095279:P,비고,1,"{""rows"": [1], ""values"": [""비고""]}",string,input,선택 입력. 다른 열로 표현하기 어려운 예외·주의사항·검토할 질문을 기록합니다.,1,0,0,0,MAP-020,R60,산업활동,R60,산업활동,notes,원문값과 기존 ID·상태·판본·출처를 보존. 해석 가능한 형만 변환하고 원문 value_raw/legacy_locator를 유지.,PH0/REG-V1_online.xlsx#xl/worksheets/sheet20.xml:P; literal=PH1/literal_cells.csv; formulas=PH1/formula_patterns_and_dependencies.json,PH1 대상표·필드·형·처리경로 명세; 원본단일화 및 파생식 재구현,"사용자 시작지시 + 계획서 4.2~4.8,5~8; 정본 승인과 별개",키 중복/외래키 존재/자료형/원문 보존 대조; 행이 없으면 자료 없음이며 시험 통과로 보지 않음.,미실행,false,"[{""file_code"": ""R60"", ""table"": ""산업활동"", ""field"": ""notes"", ""role"": ""input"", ""row_condition"": ""all source records"", ""rule"": ""all source records"", ""data_type"": ""text_nullable"", ""reference"": """"}]",text_nullable,,명세 작성; 행별 의미 대조/온라인 시험 미실행
REG-V1,1EACdRIiAPGk4LAbttpXZiJd_cuqIh-cVi4jQsbfmqDw,1215027434,42 교역,A,REG-V1:1215027434:A,출발 지역 ID,1,"{""rows"": [1], ""values"": [""출발 지역 ID""]}",string,input,직접 입력. 「01-지역 마스터」에서 부여한 지역 ID를 입력합니다. 존재하지 않는 ID는 검증에서 거부됩니다.,1,0,0,0,MAP-021,R60,지역간교역,R60,지역간교역,origin_region_id,원문값과 기존 ID·상태·판본·출처를 보존. 해석 가능한 형만 변환하고 원문 value_raw/legacy_locator를 유지.,PH0/REG-V1_online.xlsx#xl/worksheets/sheet21.xml:A; literal=PH1/literal_cells.csv; formulas=PH1/formula_patterns_and_dependencies.json,PH1 대상표·필드·형·처리경로 명세; 원본단일화 및 파생식 재구현,"사용자 시작지시 + 계획서 4.2~4.8,5~8; 정본 승인과 별개",키 중복/외래키 존재/자료형/원문 보존 대조; 행이 없으면 자료 없음이며 시험 통과로 보지 않음.,미실행,false,"[{""file_code"": ""R60"", ""table"": ""지역간교역"", ""field"": ""origin_region_id"", ""role"": ""input"", ""row_condition"": ""all source records"", ""rule"": ""all source records"", ""data_type"": ""text_identifier; case preserved"", ""reference"": ""R10.지역목록.region_id""}]",text_identifier; case preserved,,명세 작성; 행별 의미 대조/온라인 시험 미실행
REG-V1,1EACdRIiAPGk4LAbttpXZiJd_cuqIh-cVi4jQsbfmqDw,1215027434,42 교역,B,REG-V1:1215027434:B,출발 지역명,1,"{""rows"": [1], ""values"": [""출발 지역명""]}",string,formula,자동 조회 열입니다. 직접 입력하지 않습니다. 대응하는 ID를 입력하면 마스터 시트의 한글명이 표시됩니다.,1,4999,0,0,MAP-021,R60,지역간교역,R60,지역간교역_조회계산,origin_region_name,원 수식과 저장값은 PH0/PH1 증거에 보존. 해당 V2 입력 원본·제공표에서 네이티브 수식으로 재구현. 값으로 이관하거나 입력 원본으로 복제하지 않음. ID→표시명 조회. 조회 실패는 연결오류/미등록 ID를 구별하고 빈문자/0으로 숨기지 않음.,PH0/REG-V1_online.xlsx#xl/worksheets/sheet21.xml:B; literal=PH1/literal_cells.csv; formulas=PH1/formula_patterns_and_dependencies.json,PH1 대상표·필드·형·처리경로 명세; 원본단일화 및 파생식 재구현,"사용자 시작지시 + 계획서 4.2~4.8,5~8; 정본 승인과 별개",실제 Google Sheets 재계산·오류 전파·입력 변경·범위 확장 시험 필요. 현재 미실행.,미실행,false,"[{""file_code"": ""R60"", ""table"": ""지역간교역_조회계산"", ""field"": ""origin_region_name"", ""role"": ""calculated"", ""row_condition"": ""all source records"", ""rule"": ""all source records"", ""data_type"": ""text_nullable"", ""reference"": """"}]",text_nullable,,명세 작성; 행별 의미 대조/온라인 시험 미실행
REG-V1,1EACdRIiAPGk4LAbttpXZiJd_cuqIh-cVi4jQsbfmqDw,1215027434,42 교역,C,REG-V1:1215027434:C,도착 지역 ID,1,"{""rows"": [1], ""values"": [""도착 지역 ID""]}",string,input,직접 입력. 「01-지역 마스터」에서 부여한 지역 ID를 입력합니다. 존재하지 않는 ID는 검증에서 거부됩니다.,1,0,0,0,MAP-021,R60,지역간교역,R60,지역간교역,destination_region_id,원문값과 기존 ID·상태·판본·출처를 보존. 해석 가능한 형만 변환하고 원문 value_raw/legacy_locator를 유지.,PH0/REG-V1_online.xlsx#xl/worksheets/sheet21.xml:C; literal=PH1/literal_cells.csv; formulas=PH1/formula_patterns_and_dependencies.json,PH1 대상표·필드·형·처리경로 명세; 원본단일화 및 파생식 재구현,"사용자 시작지시 + 계획서 4.2~4.8,5~8; 정본 승인과 별개",키 중복/외래키 존재/자료형/원문 보존 대조; 행이 없으면 자료 없음이며 시험 통과로 보지 않음.,미실행,false,"[{""file_code"": ""R60"", ""table"": ""지역간교역"", ""field"": ""destination_region_id"", ""role"": ""input"", ""row_condition"": ""all source records"", ""rule"": ""all source records"", ""data_type"": ""text_identifier; case preserved"", ""reference"": ""R10.지역목록.region_id""}]",text_identifier; case preserved,,명세 작성; 행별 의미 대조/온라인 시험 미실행
REG-V1,1EACdRIiAPGk4LAbttpXZiJd_cuqIh-cVi4jQsbfmqDw,1215027434,42 교역,D,REG-V1:1215027434:D,도착 지역명,1,"{""rows"": [1], ""values"": [""도착 지역명""]}",string,formula,자동 조회 열입니다. 직접 입력하지 않습니다. 대응하는 ID를 입력하면 마스터 시트의 한글명이 표시됩니다.,1,4999,0,0,MAP-021,R60,지역간교역,R60,지역간교역_조회계산,destination_region_name,원 수식과 저장값은 PH0/PH1 증거에 보존. 해당 V2 입력 원본·제공표에서 네이티브 수식으로 재구현. 값으로 이관하거나 입력 원본으로 복제하지 않음. ID→표시명 조회. 조회 실패는 연결오류/미등록 ID를 구별하고 빈문자/0으로 숨기지 않음.,PH0/REG-V1_online.xlsx#xl/worksheets/sheet21.xml:D; literal=PH1/literal_cells.csv; formulas=PH1/formula_patterns_and_dependencies.json,PH1 대상표·필드·형·처리경로 명세; 원본단일화 및 파생식 재구현,"사용자 시작지시 + 계획서 4.2~4.8,5~8; 정본 승인과 별개",실제 Google Sheets 재계산·오류 전파·입력 변경·범위 확장 시험 필요. 현재 미실행.,미실행,false,"[{""file_code"": ""R60"", ""table"": ""지역간교역_조회계산"", ""field"": ""destination_region_name"", ""role"": ""calculated"", ""row_condition"": ""all source records"", ""rule"": ""all source records"", ""data_type"": ""text_nullable"", ""reference"": """"}]",text_nullable,,명세 작성; 행별 의미 대조/온라인 시험 미실행
REG-V1,1EACdRIiAPGk4LAbttpXZiJd_cuqIh-cVi4jQsbfmqDw,1215027434,42 교역,E,REG-V1:1215027434:E,시작,1,"{""rows"": [1], ""values"": [""시작""]}",string,input,직접 입력. 세계관 기준으로 사실/관계가 시작되는 시점을 기록합니다. 기간은 시작 시점을 포함하는 방식으로 사용합니다.,1,0,0,0,MAP-021,R60,지역간교역,R60,지역간교역,start_raw,원문값과 기존 ID·상태·판본·출처를 보존. 해석 가능한 형만 변환하고 원문 value_raw/legacy_locator를 유지. DATE-TEMPORAL 규약으로 era/year/month/day와 precision을 분리하되 원문은 유지; 해석 불가시 결정대기.,PH0/REG-V1_online.xlsx#xl/worksheets/sheet21.xml:E; literal=PH1/literal_cells.csv; formulas=PH1/formula_patterns_and_dependencies.json,PH1 대상표·필드·형·처리경로 명세; 원본단일화 및 파생식 재구현,"사용자 시작지시 + 계획서 4.2~4.8,5~8; 정본 승인과 별개",키 중복/외래키 존재/자료형/원문 보존 대조; 행이 없으면 자료 없음이며 시험 통과로 보지 않음.,미실행,false,"[{""file_code"": ""R60"", ""table"": ""지역간교역"", ""field"": ""start_raw"", ""role"": ""input"", ""row_condition"": ""all source records"", ""rule"": ""all source records"", ""data_type"": ""text_nullable"", ""reference"": """"}]",text_nullable,R-007,명세 작성; 행별 의미 대조/온라인 시험 미실행
REG-V1,1EACdRIiAPGk4LAbttpXZiJd_cuqIh-cVi4jQsbfmqDw,1215027434,42 교역,F,REG-V1:1215027434:F,종료,1,"{""rows"": [1], ""values"": [""종료""]}",string,input,직접 입력. 세계관 기준으로 사실/관계가 끝나는 시점을 기록합니다. 권장 규칙은 시작 포함·종료 제외입니다. 지속 중/종료 미상은 별도 상태 열로 구분합니다.,1,0,0,0,MAP-021,R60,지역간교역,R60,지역간교역,end_raw,원문값과 기존 ID·상태·판본·출처를 보존. 해석 가능한 형만 변환하고 원문 value_raw/legacy_locator를 유지. DATE-TEMPORAL 규약으로 era/year/month/day와 precision을 분리하되 원문은 유지; 해석 불가시 결정대기.,PH0/REG-V1_online.xlsx#xl/worksheets/sheet21.xml:F; literal=PH1/literal_cells.csv; formulas=PH1/formula_patterns_and_dependencies.json,PH1 대상표·필드·형·처리경로 명세; 원본단일화 및 파생식 재구현,"사용자 시작지시 + 계획서 4.2~4.8,5~8; 정본 승인과 별개",키 중복/외래키 존재/자료형/원문 보존 대조; 행이 없으면 자료 없음이며 시험 통과로 보지 않음.,미실행,false,"[{""file_code"": ""R60"", ""table"": ""지역간교역"", ""field"": ""end_raw"", ""role"": ""input"", ""row_condition"": ""all source records"", ""rule"": ""all source records"", ""data_type"": ""text_nullable"", ""reference"": """"}]",text_nullable,R-007,명세 작성; 행별 의미 대조/온라인 시험 미실행
REG-V1,1EACdRIiAPGk4LAbttpXZiJd_cuqIh-cVi4jQsbfmqDw,1215027434,42 교역,G,REG-V1:1215027434:G,품목,1,"{""rows"": [1], ""values"": [""품목""]}",string,input,직접 입력. 교역되는 상품·자원·서비스 품목을 기록합니다.,1,0,0,0,MAP-021,R60,지역간교역,R60,지역간교역,commodity_raw,원문값과 기존 ID·상태·판본·출처를 보존. 해석 가능한 형만 변환하고 원문 value_raw/legacy_locator를 유지.,PH0/REG-V1_online.xlsx#xl/worksheets/sheet21.xml:G; literal=PH1/literal_cells.csv; formulas=PH1/formula_patterns_and_dependencies.json,PH1 대상표·필드·형·처리경로 명세; 원본단일화 및 파생식 재구현,"사용자 시작지시 + 계획서 4.2~4.8,5~8; 정본 승인과 별개",키 중복/외래키 존재/자료형/원문 보존 대조; 행이 없으면 자료 없음이며 시험 통과로 보지 않음.,미실행,false,"[{""file_code"": ""R60"", ""table"": ""지역간교역"", ""field"": ""commodity_raw"", ""role"": ""input"", ""row_condition"": ""all source records"", ""rule"": ""all source records"", ""data_type"": ""text_nullable"", ""reference"": """"}]",text_nullable,,명세 작성; 행별 의미 대조/온라인 시험 미실행
REG-V1,1EACdRIiAPGk4LAbttpXZiJd_cuqIh-cVi4jQsbfmqDw,1215027434,42 교역,H,REG-V1:1215027434:H,값 상태,1,"{""rows"": [1], ""values"": [""값 상태""]}",string,input,드롭다운 선택. 값 있음 / 추정 / 미정 / 미상 / 해당 없음을 구분합니다. 빈칸이나 0으로 대신하지 않습니다.,1,0,0,0,MAP-021,R60,지역간교역,R60,지역간교역,value_status,원문값과 기존 ID·상태·판본·출처를 보존. 해석 가능한 형만 변환하고 원문 value_raw/legacy_locator를 유지.,PH0/REG-V1_online.xlsx#xl/worksheets/sheet21.xml:H; literal=PH1/literal_cells.csv; formulas=PH1/formula_patterns_and_dependencies.json,PH1 대상표·필드·형·처리경로 명세; 원본단일화 및 파생식 재구현,"사용자 시작지시 + 계획서 4.2~4.8,5~8; 정본 승인과 별개",키 중복/외래키 존재/자료형/원문 보존 대조; 행이 없으면 자료 없음이며 시험 통과로 보지 않음.,미실행,false,"[{""file_code"": ""R60"", ""table"": ""지역간교역"", ""field"": ""value_status"", ""role"": ""input"", ""row_condition"": ""all source records"", ""rule"": ""all source records"", ""data_type"": ""C00_code_nullable; unknown original retained"", ""reference"": """"}]",C00_code_nullable; unknown original retained,,명세 작성; 행별 의미 대조/온라인 시험 미실행
REG-V1,1EACdRIiAPGk4LAbttpXZiJd_cuqIh-cVi4jQsbfmqDw,1215027434,42 교역,I,REG-V1:1215027434:I,물량,1,"{""rows"": [1], ""values"": [""물량""]}",string,input,직접 입력. 해당 항목의 수치 또는 값입니다. 단위·시점·분모가 필요한 경우 인접 열에 함께 기록합니다.,1,0,0,0,MAP-021,R60,지역간교역,R60,지역간교역,quantity,원문값과 기존 ID·상태·판본·출처를 보존. 해석 가능한 형만 변환하고 원문 value_raw/legacy_locator를 유지. 빈칸·미상·미정·해당없음·확정0을 독립 상태로 처리; 원문 숫자 정밀도 초과시 문자열 보존/근사값 분리.,PH0/REG-V1_online.xlsx#xl/worksheets/sheet21.xml:I; literal=PH1/literal_cells.csv; formulas=PH1/formula_patterns_and_dependencies.json,PH1 대상표·필드·형·처리경로 명세; 원본단일화 및 파생식 재구현,"사용자 시작지시 + 계획서 4.2~4.8,5~8; 정본 승인과 별개",키 중복/외래키 존재/자료형/원문 보존 대조; 행이 없으면 자료 없음이며 시험 통과로 보지 않음.,미실행,false,"[{""file_code"": ""R60"", ""table"": ""지역간교역"", ""field"": ""quantity"", ""role"": ""input"", ""row_condition"": ""all source records"", ""rule"": ""all source records"", ""data_type"": ""decimal_nullable; exact original in value_raw"", ""reference"": """"}]",decimal_nullable; exact original in value_raw,,명세 작성; 행별 의미 대조/온라인 시험 미실행
REG-V1,1EACdRIiAPGk4LAbttpXZiJd_cuqIh-cVi4jQsbfmqDw,1215027434,42 교역,J,REG-V1:1215027434:J,물량 단위,1,"{""rows"": [1], ""values"": [""물량 단위""]}",string,input,직접 입력. 교역 물량의 단위를 기록합니다.,1,0,0,0,MAP-021,R60,지역간교역,R60,지역간교역,quantity_unit,원문값과 기존 ID·상태·판본·출처를 보존. 해석 가능한 형만 변환하고 원문 value_raw/legacy_locator를 유지.,PH0/REG-V1_online.xlsx#xl/worksheets/sheet21.xml:J; literal=PH1/literal_cells.csv; formulas=PH1/formula_patterns_and_dependencies.json,PH1 대상표·필드·형·처리경로 명세; 원본단일화 및 파생식 재구현,"사용자 시작지시 + 계획서 4.2~4.8,5~8; 정본 승인과 별개",키 중복/외래키 존재/자료형/원문 보존 대조; 행이 없으면 자료 없음이며 시험 통과로 보지 않음.,미실행,false,"[{""file_code"": ""R60"", ""table"": ""지역간교역"", ""field"": ""quantity_unit"", ""role"": ""input"", ""row_condition"": ""all source records"", ""rule"": ""all source records"", ""data_type"": ""text_nullable"", ""reference"": """"}]",text_nullable,,명세 작성; 행별 의미 대조/온라인 시험 미실행
REG-V1,1EACdRIiAPGk4LAbttpXZiJd_cuqIh-cVi4jQsbfmqDw,1215027434,42 교역,K,REG-V1:1215027434:K,금액,1,"{""rows"": [1], ""values"": [""금액""]}",string,input,직접 입력. 해당 항목의 수치 또는 값입니다. 단위·시점·분모가 필요한 경우 인접 열에 함께 기록합니다.,1,0,0,0,MAP-021,R60,지역간교역,R60,지역간교역,transaction_value,원문값과 기존 ID·상태·판본·출처를 보존. 해석 가능한 형만 변환하고 원문 value_raw/legacy_locator를 유지. 빈칸·미상·미정·해당없음·확정0을 독립 상태로 처리; 원문 숫자 정밀도 초과시 문자열 보존/근사값 분리.,PH0/REG-V1_online.xlsx#xl/worksheets/sheet21.xml:K; literal=PH1/literal_cells.csv; formulas=PH1/formula_patterns_and_dependencies.json,PH1 대상표·필드·형·처리경로 명세; 원본단일화 및 파생식 재구현,"사용자 시작지시 + 계획서 4.2~4.8,5~8; 정본 승인과 별개",키 중복/외래키 존재/자료형/원문 보존 대조; 행이 없으면 자료 없음이며 시험 통과로 보지 않음.,미실행,false,"[{""file_code"": ""R60"", ""table"": ""지역간교역"", ""field"": ""transaction_value"", ""role"": ""input"", ""row_condition"": ""all source records"", ""rule"": ""all source records"", ""data_type"": ""decimal_nullable; exact original in value_raw"", ""reference"": """"}]",decimal_nullable; exact original in value_raw,,명세 작성; 행별 의미 대조/온라인 시험 미실행
REG-V1,1EACdRIiAPGk4LAbttpXZiJd_cuqIh-cVi4jQsbfmqDw,1215027434,42 교역,L,REG-V1:1215027434:L,통화/단위,1,"{""rows"": [1], ""values"": [""통화/단위""]}",string,input,직접 입력. 교역 금액의 통화와 집계 단위를 기록합니다.,1,0,0,0,MAP-021,R60,지역간교역,R60,지역간교역,currency_or_unit_raw,원문값과 기존 ID·상태·판본·출처를 보존. 해석 가능한 형만 변환하고 원문 value_raw/legacy_locator를 유지.,PH0/REG-V1_online.xlsx#xl/worksheets/sheet21.xml:L; literal=PH1/literal_cells.csv; formulas=PH1/formula_patterns_and_dependencies.json,PH1 대상표·필드·형·처리경로 명세; 원본단일화 및 파생식 재구현,"사용자 시작지시 + 계획서 4.2~4.8,5~8; 정본 승인과 별개",키 중복/외래키 존재/자료형/원문 보존 대조; 행이 없으면 자료 없음이며 시험 통과로 보지 않음.,미실행,false,"[{""file_code"": ""R60"", ""table"": ""지역간교역"", ""field"": ""currency_or_unit_raw"", ""role"": ""input"", ""row_condition"": ""all source records"", ""rule"": ""all source records"", ""data_type"": ""text_nullable"", ""reference"": """"}]",text_nullable,,명세 작성; 행별 의미 대조/온라인 시험 미실행
REG-V1,1EACdRIiAPGk4LAbttpXZiJd_cuqIh-cVi4jQsbfmqDw,1215027434,42 교역,M,REG-V1:1215027434:M,경로/거점,1,"{""rows"": [1], ""values"": [""경로/거점""]}",string,input,직접 입력. 주요 통과 지역·항구·역·해협 등 교역 경로나 거점을 기록합니다.,1,0,0,0,MAP-021,R60,지역간교역,R60,지역간교역,path_raw,원문값과 기존 ID·상태·판본·출처를 보존. 해석 가능한 형만 변환하고 원문 value_raw/legacy_locator를 유지.,PH0/REG-V1_online.xlsx#xl/worksheets/sheet21.xml:M; literal=PH1/literal_cells.csv; formulas=PH1/formula_patterns_and_dependencies.json,PH1 대상표·필드·형·처리경로 명세; 원본단일화 및 파생식 재구현,"사용자 시작지시 + 계획서 4.2~4.8,5~8; 정본 승인과 별개",키 중복/외래키 존재/자료형/원문 보존 대조; 행이 없으면 자료 없음이며 시험 통과로 보지 않음.,미실행,false,"[{""file_code"": ""R60"", ""table"": ""지역간교역"", ""field"": ""path_raw"", ""role"": ""input"", ""row_condition"": ""all source records"", ""rule"": ""all source records"", ""data_type"": ""text_nullable"", ""reference"": """"}]",text_nullable,,명세 작성; 행별 의미 대조/온라인 시험 미실행
REG-V1,1EACdRIiAPGk4LAbttpXZiJd_cuqIh-cVi4jQsbfmqDw,1215027434,42 교역,N,REG-V1:1215027434:N,설정 상태,1,"{""rows"": [1], ""values"": [""설정 상태""]}",string,input,드롭다운에서 현재 승인 상태를 선택합니다. 확정/초안/검토 필요/폐기 등의 의미를 구분해 사용합니다.,1,0,0,0,MAP-021,R60,지역간교역,R60,지역간교역,setting_status,원문값과 기존 ID·상태·판본·출처를 보존. 해석 가능한 형만 변환하고 원문 value_raw/legacy_locator를 유지.,PH0/REG-V1_online.xlsx#xl/worksheets/sheet21.xml:N; literal=PH1/literal_cells.csv; formulas=PH1/formula_patterns_and_dependencies.json,PH1 대상표·필드·형·처리경로 명세; 원본단일화 및 파생식 재구현,"사용자 시작지시 + 계획서 4.2~4.8,5~8; 정본 승인과 별개",키 중복/외래키 존재/자료형/원문 보존 대조; 행이 없으면 자료 없음이며 시험 통과로 보지 않음.,미실행,false,"[{""file_code"": ""R60"", ""table"": ""지역간교역"", ""field"": ""setting_status"", ""role"": ""input"", ""row_condition"": ""all source records"", ""rule"": ""all source records"", ""data_type"": ""C00_code_nullable; unknown original retained"", ""reference"": """"}]",C00_code_nullable; unknown original retained,,명세 작성; 행별 의미 대조/온라인 시험 미실행
REG-V1,1EACdRIiAPGk4LAbttpXZiJd_cuqIh-cVi4jQsbfmqDw,1215027434,42 교역,O,REG-V1:1215027434:O,출처 ID,1,"{""rows"": [1], ""values"": [""출처 ID""]}",string,display_review,직접 입력. 「90 출처」에서 부여한 출처 ID를 입력합니다. 옆 출처명은 자동 조회됩니다.,1,0,0,0,MAP-021,R60,지역간교역,R60,지역간교역,source_id,원문값과 기존 ID·상태·판본·출처를 보존. 해석 가능한 형만 변환하고 원문 value_raw/legacy_locator를 유지.,PH0/REG-V1_online.xlsx#xl/worksheets/sheet21.xml:O; literal=PH1/literal_cells.csv; formulas=PH1/formula_patterns_and_dependencies.json,PH1 대상표·필드·형·처리경로 명세; 원본단일화 및 파생식 재구현,"사용자 시작지시 + 계획서 4.2~4.8,5~8; 정본 승인과 별개",키 중복/외래키 존재/자료형/원문 보존 대조; 행이 없으면 자료 없음이며 시험 통과로 보지 않음.,미실행,false,"[{""file_code"": ""R60"", ""table"": ""지역간교역"", ""field"": ""source_id"", ""role"": ""input"", ""row_condition"": ""all source records"", ""rule"": ""all source records"", ""data_type"": ""text_identifier; case preserved"", ""reference"": ""C00.출처레지스트리.source_id""}]",text_identifier; case preserved,,명세 작성; 행별 의미 대조/온라인 시험 미실행
REG-V1,1EACdRIiAPGk4LAbttpXZiJd_cuqIh-cVi4jQsbfmqDw,1215027434,42 교역,P,REG-V1:1215027434:P,출처명,1,"{""rows"": [1], ""values"": [""출처명""]}",string,formula,자동 조회 열입니다. 직접 입력하지 않습니다. 대응하는 ID를 입력하면 마스터 시트의 한글명이 표시됩니다.,1,4999,0,0,MAP-021,R60,지역간교역,R60,지역간교역_조회계산,source_name,원 수식과 저장값은 PH0/PH1 증거에 보존. 해당 V2 입력 원본·제공표에서 네이티브 수식으로 재구현. 값으로 이관하거나 입력 원본으로 복제하지 않음. ID→표시명 조회. 조회 실패는 연결오류/미등록 ID를 구별하고 빈문자/0으로 숨기지 않음.,PH0/REG-V1_online.xlsx#xl/worksheets/sheet21.xml:P; literal=PH1/literal_cells.csv; formulas=PH1/formula_patterns_and_dependencies.json,PH1 대상표·필드·형·처리경로 명세; 원본단일화 및 파생식 재구현,"사용자 시작지시 + 계획서 4.2~4.8,5~8; 정본 승인과 별개",실제 Google Sheets 재계산·오류 전파·입력 변경·범위 확장 시험 필요. 현재 미실행.,미실행,false,"[{""file_code"": ""R60"", ""table"": ""지역간교역_조회계산"", ""field"": ""source_name"", ""role"": ""calculated"", ""row_condition"": ""all source records"", ""rule"": ""all source records"", ""data_type"": ""text_nullable"", ""reference"": """"}]",text_nullable,,명세 작성; 행별 의미 대조/온라인 시험 미실행
REG-V1,1EACdRIiAPGk4LAbttpXZiJd_cuqIh-cVi4jQsbfmqDw,1215027434,42 교역,Q,REG-V1:1215027434:Q,비고,1,"{""rows"": [1], ""values"": [""비고""]}",string,input,선택 입력. 다른 열로 표현하기 어려운 예외·주의사항·검토할 질문을 기록합니다.,1,0,0,0,MAP-021,R60,지역간교역,R60,지역간교역,notes,원문값과 기존 ID·상태·판본·출처를 보존. 해석 가능한 형만 변환하고 원문 value_raw/legacy_locator를 유지.,PH0/REG-V1_online.xlsx#xl/worksheets/sheet21.xml:Q; literal=PH1/literal_cells.csv; formulas=PH1/formula_patterns_and_dependencies.json,PH1 대상표·필드·형·처리경로 명세; 원본단일화 및 파생식 재구현,"사용자 시작지시 + 계획서 4.2~4.8,5~8; 정본 승인과 별개",키 중복/외래키 존재/자료형/원문 보존 대조; 행이 없으면 자료 없음이며 시험 통과로 보지 않음.,미실행,false,"[{""file_code"": ""R60"", ""table"": ""지역간교역"", ""field"": ""notes"", ""role"": ""input"", ""row_condition"": ""all source records"", ""rule"": ""all source records"", ""data_type"": ""text_nullable"", ""reference"": """"}]",text_nullable,,명세 작성; 행별 의미 대조/온라인 시험 미실행
REG-V1,1EACdRIiAPGk4LAbttpXZiJd_cuqIh-cVi4jQsbfmqDw,1577841913,50 환경 지역값,A,REG-V1:1577841913:A,지역 ID,1,"{""rows"": [1], ""values"": [""지역 ID""]}",string,input,직접 입력. 「01-지역 마스터」에서 부여한 지역 ID를 입력합니다. 존재하지 않는 ID는 검증에서 거부됩니다.,1,0,0,0,MAP-022,R70,환경관측,R70,환경관측,region_id,원문값과 기존 ID·상태·판본·출처를 보존. 해석 가능한 형만 변환하고 원문 value_raw/legacy_locator를 유지. 정규 원본 1개로 합류; 원본 간 동일성 대조 전 후보 행 삭제/합산 금지.,PH0/REG-V1_online.xlsx#xl/worksheets/sheet22.xml:A; literal=PH1/literal_cells.csv; formulas=PH1/formula_patterns_and_dependencies.json,PH1 대상표·필드·형·처리경로 명세; 원본단일화 및 파생식 재구현,"사용자 시작지시 + 계획서 4.2~4.8,5~8; 정본 승인과 별개",키 중복/외래키 존재/자료형/원문 보존 대조; 행이 없으면 자료 없음이며 시험 통과로 보지 않음.,미실행,false,"[{""file_code"": ""R70"", ""table"": ""환경관측"", ""field"": ""region_id"", ""role"": ""input"", ""row_condition"": ""all source records"", ""rule"": ""all source records"", ""data_type"": ""text_identifier; case preserved"", ""reference"": ""R10.지역목록.region_id""}]",text_identifier; case preserved,,명세 작성; 행별 의미 대조/온라인 시험 미실행
REG-V1,1EACdRIiAPGk4LAbttpXZiJd_cuqIh-cVi4jQsbfmqDw,1577841913,50 환경 지역값,B,REG-V1:1577841913:B,지역명,1,"{""rows"": [1], ""values"": [""지역명""]}",string,formula,자동 조회 열입니다. 직접 입력하지 않습니다. 대응하는 ID를 입력하면 마스터 시트의 한글명이 표시됩니다.,1,4999,0,0,MAP-022,R70,환경관측,R70,환경관측_조회계산,region_name,원 수식과 저장값은 PH0/PH1 증거에 보존. 해당 V2 입력 원본·제공표에서 네이티브 수식으로 재구현. 값으로 이관하거나 입력 원본으로 복제하지 않음. ID→표시명 조회. 조회 실패는 연결오류/미등록 ID를 구별하고 빈문자/0으로 숨기지 않음. 정규 원본 1개로 합류; 원본 간 동일성 대조 전 후보 행 삭제/합산 금지.,PH0/REG-V1_online.xlsx#xl/worksheets/sheet22.xml:B; literal=PH1/literal_cells.csv; formulas=PH1/formula_patterns_and_dependencies.json,PH1 대상표·필드·형·처리경로 명세; 원본단일화 및 파생식 재구현,"사용자 시작지시 + 계획서 4.2~4.8,5~8; 정본 승인과 별개",실제 Google Sheets 재계산·오류 전파·입력 변경·범위 확장 시험 필요. 현재 미실행.,미실행,false,"[{""file_code"": ""R70"", ""table"": ""환경관측_조회계산"", ""field"": ""region_name"", ""role"": ""calculated"", ""row_condition"": ""all source records"", ""rule"": ""all source records"", ""data_type"": ""text_nullable"", ""reference"": """"}]",text_nullable,,명세 작성; 행별 의미 대조/온라인 시험 미실행
REG-V1,1EACdRIiAPGk4LAbttpXZiJd_cuqIh-cVi4jQsbfmqDw,1577841913,50 환경 지역값,C,REG-V1:1577841913:C,속성,1,"{""rows"": [1], ""values"": [""속성""]}",string,input,직접 입력. 기온·습도·강수량·고도·기후대·식생·토양 등 기록할 환경 속성명을 적습니다.,1,0,0,0,MAP-022,R70,환경관측,R70,환경관측,property_raw,원문값과 기존 ID·상태·판본·출처를 보존. 해석 가능한 형만 변환하고 원문 value_raw/legacy_locator를 유지. 정규 원본 1개로 합류; 원본 간 동일성 대조 전 후보 행 삭제/합산 금지.,PH0/REG-V1_online.xlsx#xl/worksheets/sheet22.xml:C; literal=PH1/literal_cells.csv; formulas=PH1/formula_patterns_and_dependencies.json,PH1 대상표·필드·형·처리경로 명세; 원본단일화 및 파생식 재구현,"사용자 시작지시 + 계획서 4.2~4.8,5~8; 정본 승인과 별개",키 중복/외래키 존재/자료형/원문 보존 대조; 행이 없으면 자료 없음이며 시험 통과로 보지 않음.,미실행,false,"[{""file_code"": ""R70"", ""table"": ""환경관측"", ""field"": ""property_raw"", ""role"": ""input"", ""row_condition"": ""all source records"", ""rule"": ""all source records"", ""data_type"": ""text_nullable"", ""reference"": """"}]",text_nullable,,명세 작성; 행별 의미 대조/온라인 시험 미실행
REG-V1,1EACdRIiAPGk4LAbttpXZiJd_cuqIh-cVi4jQsbfmqDw,1577841913,50 환경 지역값,D,REG-V1:1577841913:D,값 상태,1,"{""rows"": [1], ""values"": [""값 상태""]}",string,input,드롭다운 선택. 값 있음 / 추정 / 미정 / 미상 / 해당 없음을 구분합니다. 빈칸이나 0으로 대신하지 않습니다.,1,0,0,0,MAP-022,R70,환경관측,R70,환경관측,value_status,원문값과 기존 ID·상태·판본·출처를 보존. 해석 가능한 형만 변환하고 원문 value_raw/legacy_locator를 유지. 정규 원본 1개로 합류; 원본 간 동일성 대조 전 후보 행 삭제/합산 금지.,PH0/REG-V1_online.xlsx#xl/worksheets/sheet22.xml:D; literal=PH1/literal_cells.csv; formulas=PH1/formula_patterns_and_dependencies.json,PH1 대상표·필드·형·처리경로 명세; 원본단일화 및 파생식 재구현,"사용자 시작지시 + 계획서 4.2~4.8,5~8; 정본 승인과 별개",키 중복/외래키 존재/자료형/원문 보존 대조; 행이 없으면 자료 없음이며 시험 통과로 보지 않음.,미실행,false,"[{""file_code"": ""R70"", ""table"": ""환경관측"", ""field"": ""value_status"", ""role"": ""input"", ""row_condition"": ""all source records"", ""rule"": ""all source records"", ""data_type"": ""C00_code_nullable; unknown original retained"", ""reference"": """"}]",C00_code_nullable; unknown original retained,,명세 작성; 행별 의미 대조/온라인 시험 미실행
REG-V1,1EACdRIiAPGk4LAbttpXZiJd_cuqIh-cVi4jQsbfmqDw,1577841913,50 환경 지역값,E,REG-V1:1577841913:E,값,1,"{""rows"": [1], ""values"": [""값""]}",string,input,직접 입력. 해당 항목의 수치 또는 값입니다. 단위·시점·분모가 필요한 경우 인접 열에 함께 기록합니다.,1,0,0,0,MAP-022,R70,환경관측,R70,환경관측,value_raw,원문값과 기존 ID·상태·판본·출처를 보존. 해석 가능한 형만 변환하고 원문 value_raw/legacy_locator를 유지. 정규 원본 1개로 합류; 원본 간 동일성 대조 전 후보 행 삭제/합산 금지.,PH0/REG-V1_online.xlsx#xl/worksheets/sheet22.xml:E; literal=PH1/literal_cells.csv; formulas=PH1/formula_patterns_and_dependencies.json,PH1 대상표·필드·형·처리경로 명세; 원본단일화 및 파생식 재구현,"사용자 시작지시 + 계획서 4.2~4.8,5~8; 정본 승인과 별개",키 중복/외래키 존재/자료형/원문 보존 대조; 행이 없으면 자료 없음이며 시험 통과로 보지 않음.,미실행,false,"[{""file_code"": ""R70"", ""table"": ""환경관측"", ""field"": ""value_raw"", ""role"": ""input"", ""row_condition"": ""all source records"", ""rule"": ""all source records"", ""data_type"": ""text_nullable"", ""reference"": """"}]",text_nullable,,명세 작성; 행별 의미 대조/온라인 시험 미실행
REG-V1,1EACdRIiAPGk4LAbttpXZiJd_cuqIh-cVi4jQsbfmqDw,1577841913,50 환경 지역값,F,REG-V1:1577841913:F,단위,1,"{""rows"": [1], ""values"": [""단위""]}",string,input,"직접 입력. 명, %, km², 통화/년 등 숫자를 해석하는 데 필요한 단위를 반드시 기록합니다.",1,0,0,0,MAP-022,R70,환경관측,R70,환경관측,unit,원문값과 기존 ID·상태·판본·출처를 보존. 해석 가능한 형만 변환하고 원문 value_raw/legacy_locator를 유지. 정규 원본 1개로 합류; 원본 간 동일성 대조 전 후보 행 삭제/합산 금지.,PH0/REG-V1_online.xlsx#xl/worksheets/sheet22.xml:F; literal=PH1/literal_cells.csv; formulas=PH1/formula_patterns_and_dependencies.json,PH1 대상표·필드·형·처리경로 명세; 원본단일화 및 파생식 재구현,"사용자 시작지시 + 계획서 4.2~4.8,5~8; 정본 승인과 별개",키 중복/외래키 존재/자료형/원문 보존 대조; 행이 없으면 자료 없음이며 시험 통과로 보지 않음.,미실행,false,"[{""file_code"": ""R70"", ""table"": ""환경관측"", ""field"": ""unit"", ""role"": ""input"", ""row_condition"": ""all source records"", ""rule"": ""all source records"", ""data_type"": ""text_nullable"", ""reference"": """"}]",text_nullable,,명세 작성; 행별 의미 대조/온라인 시험 미실행
REG-V1,1EACdRIiAPGk4LAbttpXZiJd_cuqIh-cVi4jQsbfmqDw,1577841913,50 환경 지역값,G,REG-V1:1577841913:G,통계 기준,1,"{""rows"": [1], ""values"": [""통계 기준""]}",string,input,직접 입력. 연평균·월평균·누적량·최고/최저 등 값의 통계적 의미를 기록합니다.,1,0,0,0,MAP-022,R70,환경관측,R70,환경관측,statistic_basis,원문값과 기존 ID·상태·판본·출처를 보존. 해석 가능한 형만 변환하고 원문 value_raw/legacy_locator를 유지. 정규 원본 1개로 합류; 원본 간 동일성 대조 전 후보 행 삭제/합산 금지.,PH0/REG-V1_online.xlsx#xl/worksheets/sheet22.xml:G; literal=PH1/literal_cells.csv; formulas=PH1/formula_patterns_and_dependencies.json,PH1 대상표·필드·형·처리경로 명세; 원본단일화 및 파생식 재구현,"사용자 시작지시 + 계획서 4.2~4.8,5~8; 정본 승인과 별개",키 중복/외래키 존재/자료형/원문 보존 대조; 행이 없으면 자료 없음이며 시험 통과로 보지 않음.,미실행,false,"[{""file_code"": ""R70"", ""table"": ""환경관측"", ""field"": ""statistic_basis"", ""role"": ""input"", ""row_condition"": ""all source records"", ""rule"": ""all source records"", ""data_type"": ""text_nullable"", ""reference"": """"}]",text_nullable,,명세 작성; 행별 의미 대조/온라인 시험 미실행
REG-V1,1EACdRIiAPGk4LAbttpXZiJd_cuqIh-cVi4jQsbfmqDw,1577841913,50 환경 지역값,H,REG-V1:1577841913:H,시작,1,"{""rows"": [1], ""values"": [""시작""]}",string,input,직접 입력. 세계관 기준으로 사실/관계가 시작되는 시점을 기록합니다. 기간은 시작 시점을 포함하는 방식으로 사용합니다.,1,0,0,0,MAP-022,R70,환경관측,R70,환경관측,start_raw,원문값과 기존 ID·상태·판본·출처를 보존. 해석 가능한 형만 변환하고 원문 value_raw/legacy_locator를 유지. DATE-TEMPORAL 규약으로 era/year/month/day와 precision을 분리하되 원문은 유지; 해석 불가시 결정대기. 정규 원본 1개로 합류; 원본 간 동일성 대조 전 후보 행 삭제/합산 금지.,PH0/REG-V1_online.xlsx#xl/worksheets/sheet22.xml:H; literal=PH1/literal_cells.csv; formulas=PH1/formula_patterns_and_dependencies.json,PH1 대상표·필드·형·처리경로 명세; 원본단일화 및 파생식 재구현,"사용자 시작지시 + 계획서 4.2~4.8,5~8; 정본 승인과 별개",키 중복/외래키 존재/자료형/원문 보존 대조; 행이 없으면 자료 없음이며 시험 통과로 보지 않음.,미실행,false,"[{""file_code"": ""R70"", ""table"": ""환경관측"", ""field"": ""start_raw"", ""role"": ""input"", ""row_condition"": ""all source records"", ""rule"": ""all source records"", ""data_type"": ""text_nullable"", ""reference"": """"}]",text_nullable,R-007,명세 작성; 행별 의미 대조/온라인 시험 미실행
REG-V1,1EACdRIiAPGk4LAbttpXZiJd_cuqIh-cVi4jQsbfmqDw,1577841913,50 환경 지역값,I,REG-V1:1577841913:I,종료,1,"{""rows"": [1], ""values"": [""종료""]}",string,input,직접 입력. 세계관 기준으로 사실/관계가 끝나는 시점을 기록합니다. 권장 규칙은 시작 포함·종료 제외입니다. 지속 중/종료 미상은 별도 상태 열로 구분합니다.,1,0,0,0,MAP-022,R70,환경관측,R70,환경관측,end_raw,원문값과 기존 ID·상태·판본·출처를 보존. 해석 가능한 형만 변환하고 원문 value_raw/legacy_locator를 유지. DATE-TEMPORAL 규약으로 era/year/month/day와 precision을 분리하되 원문은 유지; 해석 불가시 결정대기. 정규 원본 1개로 합류; 원본 간 동일성 대조 전 후보 행 삭제/합산 금지.,PH0/REG-V1_online.xlsx#xl/worksheets/sheet22.xml:I; literal=PH1/literal_cells.csv; formulas=PH1/formula_patterns_and_dependencies.json,PH1 대상표·필드·형·처리경로 명세; 원본단일화 및 파생식 재구현,"사용자 시작지시 + 계획서 4.2~4.8,5~8; 정본 승인과 별개",키 중복/외래키 존재/자료형/원문 보존 대조; 행이 없으면 자료 없음이며 시험 통과로 보지 않음.,미실행,false,"[{""file_code"": ""R70"", ""table"": ""환경관측"", ""field"": ""end_raw"", ""role"": ""input"", ""row_condition"": ""all source records"", ""rule"": ""all source records"", ""data_type"": ""text_nullable"", ""reference"": """"}]",text_nullable,R-007,명세 작성; 행별 의미 대조/온라인 시험 미실행
REG-V1,1EACdRIiAPGk4LAbttpXZiJd_cuqIh-cVi4jQsbfmqDw,1577841913,50 환경 지역값,J,REG-V1:1577841913:J,설정 상태,1,"{""rows"": [1], ""values"": [""설정 상태""]}",string,input,드롭다운에서 현재 승인 상태를 선택합니다. 확정/초안/검토 필요/폐기 등의 의미를 구분해 사용합니다.,1,0,0,0,MAP-022,R70,환경관측,R70,환경관측,setting_status,원문값과 기존 ID·상태·판본·출처를 보존. 해석 가능한 형만 변환하고 원문 value_raw/legacy_locator를 유지. 정규 원본 1개로 합류; 원본 간 동일성 대조 전 후보 행 삭제/합산 금지.,PH0/REG-V1_online.xlsx#xl/worksheets/sheet22.xml:J; literal=PH1/literal_cells.csv; formulas=PH1/formula_patterns_and_dependencies.json,PH1 대상표·필드·형·처리경로 명세; 원본단일화 및 파생식 재구현,"사용자 시작지시 + 계획서 4.2~4.8,5~8; 정본 승인과 별개",키 중복/외래키 존재/자료형/원문 보존 대조; 행이 없으면 자료 없음이며 시험 통과로 보지 않음.,미실행,false,"[{""file_code"": ""R70"", ""table"": ""환경관측"", ""field"": ""setting_status"", ""role"": ""input"", ""row_condition"": ""all source records"", ""rule"": ""all source records"", ""data_type"": ""C00_code_nullable; unknown original retained"", ""reference"": """"}]",C00_code_nullable; unknown original retained,,명세 작성; 행별 의미 대조/온라인 시험 미실행
REG-V1,1EACdRIiAPGk4LAbttpXZiJd_cuqIh-cVi4jQsbfmqDw,1577841913,50 환경 지역값,K,REG-V1:1577841913:K,출처 ID,1,"{""rows"": [1], ""values"": [""출처 ID""]}",string,display_review,직접 입력. 「90 출처」에서 부여한 출처 ID를 입력합니다. 옆 출처명은 자동 조회됩니다.,1,0,0,0,MAP-022,R70,환경관측,R70,환경관측,source_id,원문값과 기존 ID·상태·판본·출처를 보존. 해석 가능한 형만 변환하고 원문 value_raw/legacy_locator를 유지. 정규 원본 1개로 합류; 원본 간 동일성 대조 전 후보 행 삭제/합산 금지.,PH0/REG-V1_online.xlsx#xl/worksheets/sheet22.xml:K; literal=PH1/literal_cells.csv; formulas=PH1/formula_patterns_and_dependencies.json,PH1 대상표·필드·형·처리경로 명세; 원본단일화 및 파생식 재구현,"사용자 시작지시 + 계획서 4.2~4.8,5~8; 정본 승인과 별개",키 중복/외래키 존재/자료형/원문 보존 대조; 행이 없으면 자료 없음이며 시험 통과로 보지 않음.,미실행,false,"[{""file_code"": ""R70"", ""table"": ""환경관측"", ""field"": ""source_id"", ""role"": ""input"", ""row_condition"": ""all source records"", ""rule"": ""all source records"", ""data_type"": ""text_identifier; case preserved"", ""reference"": ""C00.출처레지스트리.source_id""}]",text_identifier; case preserved,,명세 작성; 행별 의미 대조/온라인 시험 미실행
REG-V1,1EACdRIiAPGk4LAbttpXZiJd_cuqIh-cVi4jQsbfmqDw,1577841913,50 환경 지역값,L,REG-V1:1577841913:L,출처명,1,"{""rows"": [1], ""values"": [""출처명""]}",string,formula,자동 조회 열입니다. 직접 입력하지 않습니다. 대응하는 ID를 입력하면 마스터 시트의 한글명이 표시됩니다.,1,4999,0,0,MAP-022,R70,환경관측,R70,환경관측_조회계산,source_name,원 수식과 저장값은 PH0/PH1 증거에 보존. 해당 V2 입력 원본·제공표에서 네이티브 수식으로 재구현. 값으로 이관하거나 입력 원본으로 복제하지 않음. ID→표시명 조회. 조회 실패는 연결오류/미등록 ID를 구별하고 빈문자/0으로 숨기지 않음. 정규 원본 1개로 합류; 원본 간 동일성 대조 전 후보 행 삭제/합산 금지.,PH0/REG-V1_online.xlsx#xl/worksheets/sheet22.xml:L; literal=PH1/literal_cells.csv; formulas=PH1/formula_patterns_and_dependencies.json,PH1 대상표·필드·형·처리경로 명세; 원본단일화 및 파생식 재구현,"사용자 시작지시 + 계획서 4.2~4.8,5~8; 정본 승인과 별개",실제 Google Sheets 재계산·오류 전파·입력 변경·범위 확장 시험 필요. 현재 미실행.,미실행,false,"[{""file_code"": ""R70"", ""table"": ""환경관측_조회계산"", ""field"": ""source_name"", ""role"": ""calculated"", ""row_condition"": ""all source records"", ""rule"": ""all source records"", ""data_type"": ""text_nullable"", ""reference"": """"}]",text_nullable,,명세 작성; 행별 의미 대조/온라인 시험 미실행
REG-V1,1EACdRIiAPGk4LAbttpXZiJd_cuqIh-cVi4jQsbfmqDw,1577841913,50 환경 지역값,M,REG-V1:1577841913:M,비고,1,"{""rows"": [1], ""values"": [""비고""]}",string,input,선택 입력. 다른 열로 표현하기 어려운 예외·주의사항·검토할 질문을 기록합니다.,1,0,0,0,MAP-022,R70,환경관측,R70,환경관측,notes,원문값과 기존 ID·상태·판본·출처를 보존. 해석 가능한 형만 변환하고 원문 value_raw/legacy_locator를 유지. 정규 원본 1개로 합류; 원본 간 동일성 대조 전 후보 행 삭제/합산 금지.,PH0/REG-V1_online.xlsx#xl/worksheets/sheet22.xml:M; literal=PH1/literal_cells.csv; formulas=PH1/formula_patterns_and_dependencies.json,PH1 대상표·필드·형·처리경로 명세; 원본단일화 및 파생식 재구현,"사용자 시작지시 + 계획서 4.2~4.8,5~8; 정본 승인과 별개",키 중복/외래키 존재/자료형/원문 보존 대조; 행이 없으면 자료 없음이며 시험 통과로 보지 않음.,미실행,false,"[{""file_code"": ""R70"", ""table"": ""환경관측"", ""field"": ""notes"", ""role"": ""input"", ""row_condition"": ""all source records"", ""rule"": ""all source records"", ""data_type"": ""text_nullable"", ""reference"": """"}]",text_nullable,,명세 작성; 행별 의미 대조/온라인 시험 미실행
REG-V1,1EACdRIiAPGk4LAbttpXZiJd_cuqIh-cVi4jQsbfmqDw,20957297,51 자원 분포,A,REG-V1:20957297:A,지역 ID,1,"{""rows"": [1], ""values"": [""지역 ID""]}",string,input,직접 입력. 「01-지역 마스터」에서 부여한 지역 ID를 입력합니다. 존재하지 않는 ID는 검증에서 거부됩니다.,1,0,0,0,MAP-023,R70;R60,자원분포 / 자원생산,R70;R60,자원분포;자원생산,region_id,"원문값과 기존 ID·상태·판본·출처를 보존. 해석 가능한 형만 변환하고 원문 value_raw/legacy_locator를 유지. 매장/존재/품질/이용은 R70, 생산 실적은 R60. 공유 식별자·근거만 각 사실에 연결. H/J 값의 단위/기간 불명확시 계산 제외.",PH0/REG-V1_online.xlsx#xl/worksheets/sheet23.xml:A; literal=PH1/literal_cells.csv; formulas=PH1/formula_patterns_and_dependencies.json,PH1 대상표·필드·형·처리경로 명세; 원본단일화 및 파생식 재구현,"사용자 시작지시 + 계획서 4.2~4.8,5~8; 정본 승인과 별개",키 중복/외래키 존재/자료형/원문 보존 대조; 행이 없으면 자료 없음이며 시험 통과로 보지 않음.,미실행,false,"[{""file_code"": ""R70"", ""table"": ""자원분포"", ""field"": ""region_id"", ""role"": ""input"", ""row_condition"": ""reserve/existence/quality/availability facts"", ""rule"": ""reserve/existence/quality/availability facts"", ""data_type"": ""text_identifier; case preserved"", ""reference"": ""R10.지역목록.region_id""}, {""file_code"": ""R60"", ""table"": ""자원생산"", ""field"": ""region_id"", ""role"": ""input"", ""row_condition"": ""source production_quantity exists"", ""rule"": ""source production_quantity exists"", ""data_type"": ""text_identifier; case preserved"", ""reference"": ""R10.지역목록.region_id""}]",text_identifier; case preserved,R-004,명세 작성; 행별 의미 대조/온라인 시험 미실행
REG-V1,1EACdRIiAPGk4LAbttpXZiJd_cuqIh-cVi4jQsbfmqDw,20957297,51 자원 분포,B,REG-V1:20957297:B,지역명,1,"{""rows"": [1], ""values"": [""지역명""]}",string,formula,자동 조회 열입니다. 직접 입력하지 않습니다. 대응하는 ID를 입력하면 마스터 시트의 한글명이 표시됩니다.,1,4999,0,0,MAP-023,R70;R60,자원분포 / 자원생산,R70;R60,자원분포_조회계산;자원생산_조회계산,region_name,"원 수식과 저장값은 PH0/PH1 증거에 보존. 해당 V2 입력 원본·제공표에서 네이티브 수식으로 재구현. 값으로 이관하거나 입력 원본으로 복제하지 않음. ID→표시명 조회. 조회 실패는 연결오류/미등록 ID를 구별하고 빈문자/0으로 숨기지 않음. 매장/존재/품질/이용은 R70, 생산 실적은 R60. 공유 식별자·근거만 각 사실에 연결. H/J 값의 단위/기간 불명확시 계산 제외.",PH0/REG-V1_online.xlsx#xl/worksheets/sheet23.xml:B; literal=PH1/literal_cells.csv; formulas=PH1/formula_patterns_and_dependencies.json,PH1 대상표·필드·형·처리경로 명세; 원본단일화 및 파생식 재구현,"사용자 시작지시 + 계획서 4.2~4.8,5~8; 정본 승인과 별개",실제 Google Sheets 재계산·오류 전파·입력 변경·범위 확장 시험 필요. 현재 미실행.,미실행,false,"[{""file_code"": ""R70"", ""table"": ""자원분포_조회계산"", ""field"": ""region_name"", ""role"": ""calculated"", ""row_condition"": ""reserve/existence/quality/availability facts"", ""rule"": ""reserve/existence/quality/availability facts"", ""data_type"": ""text_nullable"", ""reference"": """"}, {""file_code"": ""R60"", ""table"": ""자원생산_조회계산"", ""field"": ""region_name"", ""role"": ""calculated"", ""row_condition"": ""source production_quantity exists"", ""rule"": ""source production_quantity exists"", ""data_type"": ""text_nullable"", ""reference"": """"}]",text_nullable,R-004,명세 작성; 행별 의미 대조/온라인 시험 미실행
REG-V1,1EACdRIiAPGk4LAbttpXZiJd_cuqIh-cVi4jQsbfmqDw,20957297,51 자원 분포,C,REG-V1:20957297:C,자원 ID,1,"{""rows"": [1], ""values"": [""자원 ID""]}",string,input,직접 입력. 해당 마스터/사전 시트에서 부여한 영구 ID를 입력합니다. 한 번 사용한 ID는 재번호화하지 않습니다.,1,0,0,0,MAP-023,R70;R60,자원분포 / 자원생산,R70;R60,자원분포;자원생산,resource_id,"원문값과 기존 ID·상태·판본·출처를 보존. 해석 가능한 형만 변환하고 원문 value_raw/legacy_locator를 유지. 매장/존재/품질/이용은 R70, 생산 실적은 R60. 공유 식별자·근거만 각 사실에 연결. H/J 값의 단위/기간 불명확시 계산 제외.",PH0/REG-V1_online.xlsx#xl/worksheets/sheet23.xml:C; literal=PH1/literal_cells.csv; formulas=PH1/formula_patterns_and_dependencies.json,PH1 대상표·필드·형·처리경로 명세; 원본단일화 및 파생식 재구현,"사용자 시작지시 + 계획서 4.2~4.8,5~8; 정본 승인과 별개",키 중복/외래키 존재/자료형/원문 보존 대조; 행이 없으면 자료 없음이며 시험 통과로 보지 않음.,미실행,false,"[{""file_code"": ""R70"", ""table"": ""자원분포"", ""field"": ""resource_id"", ""role"": ""input"", ""row_condition"": ""reserve/existence/quality/availability facts"", ""rule"": ""reserve/existence/quality/availability facts"", ""data_type"": ""text_identifier; case preserved"", ""reference"": ""C00.resource_dictionary.resource_id""}, {""file_code"": ""R60"", ""table"": ""자원생산"", ""field"": ""resource_id"", ""role"": ""input"", ""row_condition"": ""source production_quantity exists"", ""rule"": ""source production_quantity exists"", ""data_type"": ""text_identifier; case preserved"", ""reference"": ""C00.resource_dictionary.resource_id""}]",text_identifier; case preserved,R-004,명세 작성; 행별 의미 대조/온라인 시험 미실행
REG-V1,1EACdRIiAPGk4LAbttpXZiJd_cuqIh-cVi4jQsbfmqDw,20957297,51 자원 분포,D,REG-V1:20957297:D,자원명,1,"{""rows"": [1], ""values"": [""자원명""]}",string,formula,자동 조회 열입니다. 직접 입력하지 않습니다. 대응하는 ID를 입력하면 마스터 시트의 한글명이 표시됩니다.,1,4999,0,0,MAP-023,R70;R60,자원분포 / 자원생산,R70;R60,자원분포_조회계산;자원생산_조회계산,resource_name,"원 수식과 저장값은 PH0/PH1 증거에 보존. 해당 V2 입력 원본·제공표에서 네이티브 수식으로 재구현. 값으로 이관하거나 입력 원본으로 복제하지 않음. ID→표시명 조회. 조회 실패는 연결오류/미등록 ID를 구별하고 빈문자/0으로 숨기지 않음. 매장/존재/품질/이용은 R70, 생산 실적은 R60. 공유 식별자·근거만 각 사실에 연결. H/J 값의 단위/기간 불명확시 계산 제외.",PH0/REG-V1_online.xlsx#xl/worksheets/sheet23.xml:D; literal=PH1/literal_cells.csv; formulas=PH1/formula_patterns_and_dependencies.json,PH1 대상표·필드·형·처리경로 명세; 원본단일화 및 파생식 재구현,"사용자 시작지시 + 계획서 4.2~4.8,5~8; 정본 승인과 별개",실제 Google Sheets 재계산·오류 전파·입력 변경·범위 확장 시험 필요. 현재 미실행.,미실행,false,"[{""file_code"": ""R70"", ""table"": ""자원분포_조회계산"", ""field"": ""resource_name"", ""role"": ""calculated"", ""row_condition"": ""reserve/existence/quality/availability facts"", ""rule"": ""reserve/existence/quality/availability facts"", ""data_type"": ""text_nullable"", ""reference"": """"}, {""file_code"": ""R60"", ""table"": ""자원생산_조회계산"", ""field"": ""resource_name"", ""role"": ""calculated"", ""row_condition"": ""source production_quantity exists"", ""rule"": ""source production_quantity exists"", ""data_type"": ""text_nullable"", ""reference"": """"}]",text_nullable,R-004,명세 작성; 행별 의미 대조/온라인 시험 미실행
REG-V1,1EACdRIiAPGk4LAbttpXZiJd_cuqIh-cVi4jQsbfmqDw,20957297,51 자원 분포,E,REG-V1:20957297:E,시점/기간,1,"{""rows"": [1], ""values"": [""시점/기간""]}",string,input,직접 입력. 특정 시점의 관측값인지 일정 기간의 값인지 구분할 수 있게 세계관 연대/기간을 기록합니다.,1,0,0,0,MAP-023,R70;R60,자원분포 / 자원생산,R70;R60,자원분포;자원생산,time_raw,"원문값과 기존 ID·상태·판본·출처를 보존. 해석 가능한 형만 변환하고 원문 value_raw/legacy_locator를 유지. DATE-TEMPORAL 규약으로 era/year/month/day와 precision을 분리하되 원문은 유지; 해석 불가시 결정대기. 매장/존재/품질/이용은 R70, 생산 실적은 R60. 공유 식별자·근거만 각 사실에 연결. H/J 값의 단위/기간 불명확시 계산 제외.",PH0/REG-V1_online.xlsx#xl/worksheets/sheet23.xml:E; literal=PH1/literal_cells.csv; formulas=PH1/formula_patterns_and_dependencies.json,PH1 대상표·필드·형·처리경로 명세; 원본단일화 및 파생식 재구현,"사용자 시작지시 + 계획서 4.2~4.8,5~8; 정본 승인과 별개",키 중복/외래키 존재/자료형/원문 보존 대조; 행이 없으면 자료 없음이며 시험 통과로 보지 않음.,미실행,false,"[{""file_code"": ""R70"", ""table"": ""자원분포"", ""field"": ""time_raw"", ""role"": ""input"", ""row_condition"": ""reserve/existence/quality/availability facts"", ""rule"": ""reserve/existence/quality/availability facts"", ""data_type"": ""text_nullable"", ""reference"": """"}, {""file_code"": ""R60"", ""table"": ""자원생산"", ""field"": ""time_raw"", ""role"": ""input"", ""row_condition"": ""source production_quantity exists"", ""rule"": ""source production_quantity exists"", ""data_type"": ""text_nullable"", ""reference"": """"}]",text_nullable,R-007;R-004,명세 작성; 행별 의미 대조/온라인 시험 미실행
REG-V1,1EACdRIiAPGk4LAbttpXZiJd_cuqIh-cVi4jQsbfmqDw,20957297,51 자원 분포,F,REG-V1:20957297:F,값 상태,1,"{""rows"": [1], ""values"": [""값 상태""]}",string,input,드롭다운 선택. 값 있음 / 추정 / 미정 / 미상 / 해당 없음을 구분합니다. 빈칸이나 0으로 대신하지 않습니다.,1,0,0,0,MAP-023,R70;R60,자원분포 / 자원생산,R70;R60,자원분포;자원생산,value_status,"원문값과 기존 ID·상태·판본·출처를 보존. 해석 가능한 형만 변환하고 원문 value_raw/legacy_locator를 유지. 매장/존재/품질/이용은 R70, 생산 실적은 R60. 공유 식별자·근거만 각 사실에 연결. H/J 값의 단위/기간 불명확시 계산 제외.",PH0/REG-V1_online.xlsx#xl/worksheets/sheet23.xml:F; literal=PH1/literal_cells.csv; formulas=PH1/formula_patterns_and_dependencies.json,PH1 대상표·필드·형·처리경로 명세; 원본단일화 및 파생식 재구현,"사용자 시작지시 + 계획서 4.2~4.8,5~8; 정본 승인과 별개",키 중복/외래키 존재/자료형/원문 보존 대조; 행이 없으면 자료 없음이며 시험 통과로 보지 않음.,미실행,false,"[{""file_code"": ""R70"", ""table"": ""자원분포"", ""field"": ""value_status"", ""role"": ""input"", ""row_condition"": ""reserve/existence/quality/availability facts"", ""rule"": ""reserve/existence/quality/availability facts"", ""data_type"": ""C00_code_nullable; unknown original retained"", ""reference"": """"}, {""file_code"": ""R60"", ""table"": ""자원생산"", ""field"": ""value_status"", ""role"": ""input"", ""row_condition"": ""source production_quantity exists"", ""rule"": ""source production_quantity exists"", ""data_type"": ""C00_code_nullable; unknown original retained"", ""reference"": """"}]",C00_code_nullable; unknown original retained,R-004,명세 작성; 행별 의미 대조/온라인 시험 미실행
REG-V1,1EACdRIiAPGk4LAbttpXZiJd_cuqIh-cVi4jQsbfmqDw,20957297,51 자원 분포,G,REG-V1:20957297:G,존재 여부,1,"{""rows"": [1], ""values"": [""존재 여부""]}",string,input,드롭다운 선택. 자원이 실제로 있음 / 없음 / 미상 / 미정인지 기록합니다.,1,0,0,0,MAP-023,R70;R60,자원분포 / 자원생산,R70,자원분포,existence_status,"원문값과 기존 ID·상태·판본·출처를 보존. 해석 가능한 형만 변환하고 원문 value_raw/legacy_locator를 유지. 매장/존재/품질/이용은 R70, 생산 실적은 R60. 공유 식별자·근거만 각 사실에 연결. H/J 값의 단위/기간 불명확시 계산 제외.",PH0/REG-V1_online.xlsx#xl/worksheets/sheet23.xml:G; literal=PH1/literal_cells.csv; formulas=PH1/formula_patterns_and_dependencies.json,PH1 대상표·필드·형·처리경로 명세; 원본단일화 및 파생식 재구현,"사용자 시작지시 + 계획서 4.2~4.8,5~8; 정본 승인과 별개",키 중복/외래키 존재/자료형/원문 보존 대조; 행이 없으면 자료 없음이며 시험 통과로 보지 않음.,미실행,false,"[{""file_code"": ""R70"", ""table"": ""자원분포"", ""field"": ""existence_status"", ""role"": ""input"", ""row_condition"": ""all source records"", ""rule"": ""all source records"", ""data_type"": ""C00_code_nullable; unknown original retained"", ""reference"": """"}]",C00_code_nullable; unknown original retained,R-004,명세 작성; 행별 의미 대조/온라인 시험 미실행
REG-V1,1EACdRIiAPGk4LAbttpXZiJd_cuqIh-cVi4jQsbfmqDw,20957297,51 자원 분포,H,REG-V1:20957297:H,매장량,1,"{""rows"": [1], ""values"": [""매장량""]}",string,input,직접 입력. 해당 항목의 수치 또는 값입니다. 단위·시점·분모가 필요한 경우 인접 열에 함께 기록합니다.,1,0,0,0,MAP-023,R70;R60,자원분포 / 자원생산,R70,자원분포,reserve_quantity,"원문값과 기존 ID·상태·판본·출처를 보존. 해석 가능한 형만 변환하고 원문 value_raw/legacy_locator를 유지. 빈칸·미상·미정·해당없음·확정0을 독립 상태로 처리; 원문 숫자 정밀도 초과시 문자열 보존/근사값 분리. 매장/존재/품질/이용은 R70, 생산 실적은 R60. 공유 식별자·근거만 각 사실에 연결. H/J 값의 단위/기간 불명확시 계산 제외.",PH0/REG-V1_online.xlsx#xl/worksheets/sheet23.xml:H; literal=PH1/literal_cells.csv; formulas=PH1/formula_patterns_and_dependencies.json,PH1 대상표·필드·형·처리경로 명세; 원본단일화 및 파생식 재구현,"사용자 시작지시 + 계획서 4.2~4.8,5~8; 정본 승인과 별개",키 중복/외래키 존재/자료형/원문 보존 대조; 행이 없으면 자료 없음이며 시험 통과로 보지 않음.,미실행,false,"[{""file_code"": ""R70"", ""table"": ""자원분포"", ""field"": ""reserve_quantity"", ""role"": ""input"", ""row_condition"": ""all source records"", ""rule"": ""all source records"", ""data_type"": ""decimal_nullable; exact original in value_raw"", ""reference"": """"}]",decimal_nullable; exact original in value_raw,R-004,명세 작성; 행별 의미 대조/온라인 시험 미실행
REG-V1,1EACdRIiAPGk4LAbttpXZiJd_cuqIh-cVi4jQsbfmqDw,20957297,51 자원 분포,I,REG-V1:20957297:I,품질,1,"{""rows"": [1], ""values"": [""품질""]}",string,input,선택 입력. 자원의 품위·품질·등급 등 세계관에서 사용하는 기준을 기록합니다.,1,0,0,0,MAP-023,R70;R60,자원분포 / 자원생산,R70,자원분포,quality_raw,"원문값과 기존 ID·상태·판본·출처를 보존. 해석 가능한 형만 변환하고 원문 value_raw/legacy_locator를 유지. 매장/존재/품질/이용은 R70, 생산 실적은 R60. 공유 식별자·근거만 각 사실에 연결. H/J 값의 단위/기간 불명확시 계산 제외.",PH0/REG-V1_online.xlsx#xl/worksheets/sheet23.xml:I; literal=PH1/literal_cells.csv; formulas=PH1/formula_patterns_and_dependencies.json,PH1 대상표·필드·형·처리경로 명세; 원본단일화 및 파생식 재구현,"사용자 시작지시 + 계획서 4.2~4.8,5~8; 정본 승인과 별개",키 중복/외래키 존재/자료형/원문 보존 대조; 행이 없으면 자료 없음이며 시험 통과로 보지 않음.,미실행,false,"[{""file_code"": ""R70"", ""table"": ""자원분포"", ""field"": ""quality_raw"", ""role"": ""input"", ""row_condition"": ""all source records"", ""rule"": ""all source records"", ""data_type"": ""text_nullable"", ""reference"": """"}]",text_nullable,R-004,명세 작성; 행별 의미 대조/온라인 시험 미실행
REG-V1,1EACdRIiAPGk4LAbttpXZiJd_cuqIh-cVi4jQsbfmqDw,20957297,51 자원 분포,J,REG-V1:20957297:J,생산량,1,"{""rows"": [1], ""values"": [""생산량""]}",string,input,직접 입력. 해당 항목의 수치 또는 값입니다. 단위·시점·분모가 필요한 경우 인접 열에 함께 기록합니다.,1,0,0,0,MAP-023,R70;R60,자원분포 / 자원생산,R60,자원생산,production_quantity,"원문값과 기존 ID·상태·판본·출처를 보존. 해석 가능한 형만 변환하고 원문 value_raw/legacy_locator를 유지. 빈칸·미상·미정·해당없음·확정0을 독립 상태로 처리; 원문 숫자 정밀도 초과시 문자열 보존/근사값 분리. 매장/존재/품질/이용은 R70, 생산 실적은 R60. 공유 식별자·근거만 각 사실에 연결. H/J 값의 단위/기간 불명확시 계산 제외.",PH0/REG-V1_online.xlsx#xl/worksheets/sheet23.xml:J; literal=PH1/literal_cells.csv; formulas=PH1/formula_patterns_and_dependencies.json,PH1 대상표·필드·형·처리경로 명세; 원본단일화 및 파생식 재구현,"사용자 시작지시 + 계획서 4.2~4.8,5~8; 정본 승인과 별개",키 중복/외래키 존재/자료형/원문 보존 대조; 행이 없으면 자료 없음이며 시험 통과로 보지 않음.,미실행,false,"[{""file_code"": ""R60"", ""table"": ""자원생산"", ""field"": ""production_quantity"", ""role"": ""input"", ""row_condition"": ""all source records"", ""rule"": ""all source records"", ""data_type"": ""decimal_nullable; exact original in value_raw"", ""reference"": """"}]",decimal_nullable; exact original in value_raw,R-004,명세 작성; 행별 의미 대조/온라인 시험 미실행
REG-V1,1EACdRIiAPGk4LAbttpXZiJd_cuqIh-cVi4jQsbfmqDw,20957297,51 자원 분포,K,REG-V1:20957297:K,단위,1,"{""rows"": [1], ""values"": [""단위""]}",string,input,"직접 입력. 명, %, km², 통화/년 등 숫자를 해석하는 데 필요한 단위를 반드시 기록합니다.",1,0,0,0,MAP-023,R70;R60,자원분포 / 자원생산,R70;R60,자원분포;자원생산,shared_unit_raw,"원문값과 기존 ID·상태·판본·출처를 보존. 해석 가능한 형만 변환하고 원문 value_raw/legacy_locator를 유지. 매장/존재/품질/이용은 R70, 생산 실적은 R60. 공유 식별자·근거만 각 사실에 연결. H/J 값의 단위/기간 불명확시 계산 제외.",PH0/REG-V1_online.xlsx#xl/worksheets/sheet23.xml:K; literal=PH1/literal_cells.csv; formulas=PH1/formula_patterns_and_dependencies.json,PH1 대상표·필드·형·처리경로 명세; 원본단일화 및 파생식 재구현,"사용자 시작지시 + 계획서 4.2~4.8,5~8; 정본 승인과 별개",키 중복/외래키 존재/자료형/원문 보존 대조; 행이 없으면 자료 없음이며 시험 통과로 보지 않음.,미실행,false,"[{""file_code"": ""R70"", ""table"": ""자원분포"", ""field"": ""shared_unit_raw"", ""role"": ""input"", ""row_condition"": ""reserve/existence/quality/availability facts"", ""rule"": ""reserve/existence/quality/availability facts"", ""data_type"": ""text_nullable"", ""reference"": """"}, {""file_code"": ""R60"", ""table"": ""자원생산"", ""field"": ""shared_unit_raw"", ""role"": ""input"", ""row_condition"": ""source production_quantity exists"", ""rule"": ""source production_quantity exists"", ""data_type"": ""text_nullable"", ""reference"": """"}]",text_nullable,R-004,명세 작성; 행별 의미 대조/온라인 시험 미실행
REG-V1,1EACdRIiAPGk4LAbttpXZiJd_cuqIh-cVi4jQsbfmqDw,20957297,51 자원 분포,L,REG-V1:20957297:L,이용 가능성,1,"{""rows"": [1], ""values"": [""이용 가능성""]}",string,input,선택 입력. 기술·법·환경 조건을 고려한 실제 이용 가능성이나 제약을 기록합니다.,1,0,0,0,MAP-023,R70;R60,자원분포 / 자원생산,R70,자원분포,availability_raw,"원문값과 기존 ID·상태·판본·출처를 보존. 해석 가능한 형만 변환하고 원문 value_raw/legacy_locator를 유지. 매장/존재/품질/이용은 R70, 생산 실적은 R60. 공유 식별자·근거만 각 사실에 연결. H/J 값의 단위/기간 불명확시 계산 제외.",PH0/REG-V1_online.xlsx#xl/worksheets/sheet23.xml:L; literal=PH1/literal_cells.csv; formulas=PH1/formula_patterns_and_dependencies.json,PH1 대상표·필드·형·처리경로 명세; 원본단일화 및 파생식 재구현,"사용자 시작지시 + 계획서 4.2~4.8,5~8; 정본 승인과 별개",키 중복/외래키 존재/자료형/원문 보존 대조; 행이 없으면 자료 없음이며 시험 통과로 보지 않음.,미실행,false,"[{""file_code"": ""R70"", ""table"": ""자원분포"", ""field"": ""availability_raw"", ""role"": ""input"", ""row_condition"": ""all source records"", ""rule"": ""all source records"", ""data_type"": ""text_nullable"", ""reference"": """"}]",text_nullable,R-004,명세 작성; 행별 의미 대조/온라인 시험 미실행
REG-V1,1EACdRIiAPGk4LAbttpXZiJd_cuqIh-cVi4jQsbfmqDw,20957297,51 자원 분포,M,REG-V1:20957297:M,설정 상태,1,"{""rows"": [1], ""values"": [""설정 상태""]}",string,input,드롭다운에서 현재 승인 상태를 선택합니다. 확정/초안/검토 필요/폐기 등의 의미를 구분해 사용합니다.,1,0,0,0,MAP-023,R70;R60,자원분포 / 자원생산,R70;R60,자원분포;자원생산,setting_status,"원문값과 기존 ID·상태·판본·출처를 보존. 해석 가능한 형만 변환하고 원문 value_raw/legacy_locator를 유지. 매장/존재/품질/이용은 R70, 생산 실적은 R60. 공유 식별자·근거만 각 사실에 연결. H/J 값의 단위/기간 불명확시 계산 제외.",PH0/REG-V1_online.xlsx#xl/worksheets/sheet23.xml:M; literal=PH1/literal_cells.csv; formulas=PH1/formula_patterns_and_dependencies.json,PH1 대상표·필드·형·처리경로 명세; 원본단일화 및 파생식 재구현,"사용자 시작지시 + 계획서 4.2~4.8,5~8; 정본 승인과 별개",키 중복/외래키 존재/자료형/원문 보존 대조; 행이 없으면 자료 없음이며 시험 통과로 보지 않음.,미실행,false,"[{""file_code"": ""R70"", ""table"": ""자원분포"", ""field"": ""setting_status"", ""role"": ""input"", ""row_condition"": ""reserve/existence/quality/availability facts"", ""rule"": ""reserve/existence/quality/availability facts"", ""data_type"": ""C00_code_nullable; unknown original retained"", ""reference"": """"}, {""file_code"": ""R60"", ""table"": ""자원생산"", ""field"": ""setting_status"", ""role"": ""input"", ""row_condition"": ""source production_quantity exists"", ""rule"": ""source production_quantity exists"", ""data_type"": ""C00_code_nullable; unknown original retained"", ""reference"": """"}]",C00_code_nullable; unknown original retained,R-004,명세 작성; 행별 의미 대조/온라인 시험 미실행
REG-V1,1EACdRIiAPGk4LAbttpXZiJd_cuqIh-cVi4jQsbfmqDw,20957297,51 자원 분포,N,REG-V1:20957297:N,출처 ID,1,"{""rows"": [1], ""values"": [""출처 ID""]}",string,display_review,직접 입력. 「90 출처」에서 부여한 출처 ID를 입력합니다. 옆 출처명은 자동 조회됩니다.,1,0,0,0,MAP-023,R70;R60,자원분포 / 자원생산,R70;R60,자원분포;자원생산,source_id,"원문값과 기존 ID·상태·판본·출처를 보존. 해석 가능한 형만 변환하고 원문 value_raw/legacy_locator를 유지. 매장/존재/품질/이용은 R70, 생산 실적은 R60. 공유 식별자·근거만 각 사실에 연결. H/J 값의 단위/기간 불명확시 계산 제외.",PH0/REG-V1_online.xlsx#xl/worksheets/sheet23.xml:N; literal=PH1/literal_cells.csv; formulas=PH1/formula_patterns_and_dependencies.json,PH1 대상표·필드·형·처리경로 명세; 원본단일화 및 파생식 재구현,"사용자 시작지시 + 계획서 4.2~4.8,5~8; 정본 승인과 별개",키 중복/외래키 존재/자료형/원문 보존 대조; 행이 없으면 자료 없음이며 시험 통과로 보지 않음.,미실행,false,"[{""file_code"": ""R70"", ""table"": ""자원분포"", ""field"": ""source_id"", ""role"": ""input"", ""row_condition"": ""reserve/existence/quality/availability facts"", ""rule"": ""reserve/existence/quality/availability facts"", ""data_type"": ""text_identifier; case preserved"", ""reference"": ""C00.출처레지스트리.source_id""}, {""file_code"": ""R60"", ""table"": ""자원생산"", ""field"": ""source_id"", ""role"": ""input"", ""row_condition"": ""source production_quantity exists"", ""rule"": ""source production_quantity exists"", ""data_type"": ""text_identifier; case preserved"", ""reference"": ""C00.출처레지스트리.source_id""}]",text_identifier; case preserved,R-004,명세 작성; 행별 의미 대조/온라인 시험 미실행
REG-V1,1EACdRIiAPGk4LAbttpXZiJd_cuqIh-cVi4jQsbfmqDw,20957297,51 자원 분포,O,REG-V1:20957297:O,출처명,1,"{""rows"": [1], ""values"": [""출처명""]}",string,formula,자동 조회 열입니다. 직접 입력하지 않습니다. 대응하는 ID를 입력하면 마스터 시트의 한글명이 표시됩니다.,1,4999,0,0,MAP-023,R70;R60,자원분포 / 자원생산,R70;R60,자원분포_조회계산;자원생산_조회계산,source_name,"원 수식과 저장값은 PH0/PH1 증거에 보존. 해당 V2 입력 원본·제공표에서 네이티브 수식으로 재구현. 값으로 이관하거나 입력 원본으로 복제하지 않음. ID→표시명 조회. 조회 실패는 연결오류/미등록 ID를 구별하고 빈문자/0으로 숨기지 않음. 매장/존재/품질/이용은 R70, 생산 실적은 R60. 공유 식별자·근거만 각 사실에 연결. H/J 값의 단위/기간 불명확시 계산 제외.",PH0/REG-V1_online.xlsx#xl/worksheets/sheet23.xml:O; literal=PH1/literal_cells.csv; formulas=PH1/formula_patterns_and_dependencies.json,PH1 대상표·필드·형·처리경로 명세; 원본단일화 및 파생식 재구현,"사용자 시작지시 + 계획서 4.2~4.8,5~8; 정본 승인과 별개",실제 Google Sheets 재계산·오류 전파·입력 변경·범위 확장 시험 필요. 현재 미실행.,미실행,false,"[{""file_code"": ""R70"", ""table"": ""자원분포_조회계산"", ""field"": ""source_name"", ""role"": ""calculated"", ""row_condition"": ""reserve/existence/quality/availability facts"", ""rule"": ""reserve/existence/quality/availability facts"", ""data_type"": ""text_nullable"", ""reference"": """"}, {""file_code"": ""R60"", ""table"": ""자원생산_조회계산"", ""field"": ""source_name"", ""role"": ""calculated"", ""row_condition"": ""source production_quantity exists"", ""rule"": ""source production_quantity exists"", ""data_type"": ""text_nullable"", ""reference"": """"}]",text_nullable,R-004,명세 작성; 행별 의미 대조/온라인 시험 미실행
REG-V1,1EACdRIiAPGk4LAbttpXZiJd_cuqIh-cVi4jQsbfmqDw,20957297,51 자원 분포,P,REG-V1:20957297:P,비고,1,"{""rows"": [1], ""values"": [""비고""]}",string,input,선택 입력. 다른 열로 표현하기 어려운 예외·주의사항·검토할 질문을 기록합니다.,1,0,0,0,MAP-023,R70;R60,자원분포 / 자원생산,R70;R60,자원분포;자원생산,notes,"원문값과 기존 ID·상태·판본·출처를 보존. 해석 가능한 형만 변환하고 원문 value_raw/legacy_locator를 유지. 매장/존재/품질/이용은 R70, 생산 실적은 R60. 공유 식별자·근거만 각 사실에 연결. H/J 값의 단위/기간 불명확시 계산 제외.",PH0/REG-V1_online.xlsx#xl/worksheets/sheet23.xml:P; literal=PH1/literal_cells.csv; formulas=PH1/formula_patterns_and_dependencies.json,PH1 대상표·필드·형·처리경로 명세; 원본단일화 및 파생식 재구현,"사용자 시작지시 + 계획서 4.2~4.8,5~8; 정본 승인과 별개",키 중복/외래키 존재/자료형/원문 보존 대조; 행이 없으면 자료 없음이며 시험 통과로 보지 않음.,미실행,false,"[{""file_code"": ""R70"", ""table"": ""자원분포"", ""field"": ""notes"", ""role"": ""input"", ""row_condition"": ""reserve/existence/quality/availability facts"", ""rule"": ""reserve/existence/quality/availability facts"", ""data_type"": ""text_nullable"", ""reference"": """"}, {""file_code"": ""R60"", ""table"": ""자원생산"", ""field"": ""notes"", ""role"": ""input"", ""row_condition"": ""source production_quantity exists"", ""rule"": ""source production_quantity exists"", ""data_type"": ""text_nullable"", ""reference"": """"}]",text_nullable,R-004,명세 작성; 행별 의미 대조/온라인 시험 미실행
REG-V1,1EACdRIiAPGk4LAbttpXZiJd_cuqIh-cVi4jQsbfmqDw,130412256,60 거점 시설,A,REG-V1:130412256:A,시설 ID,1,"{""rows"": [1], ""values"": [""시설 ID""]}",string,input,직접 입력. 이 시설/거점 자체에 새로 부여하는 영구 시설 ID입니다. 이름·운영 상태가 바뀌어도 유지합니다.,1,0,0,0,MAP-024,R10;R60;R40,시설목록 / 시설경제값 / 종교시설관계,R10,시설목록,facility_id,원문값과 기존 ID·상태·판본·출처를 보존. 해석 가능한 형만 변환하고 원문 value_raw/legacy_locator를 유지.,PH0/REG-V1_online.xlsx#xl/worksheets/sheet24.xml:A; literal=PH1/literal_cells.csv; formulas=PH1/formula_patterns_and_dependencies.json,PH1 대상표·필드·형·처리경로 명세; 원본단일화 및 파생식 재구현,"사용자 시작지시 + 계획서 4.2~4.8,5~8; 정본 승인과 별개",키 중복/외래키 존재/자료형/원문 보존 대조; 행이 없으면 자료 없음이며 시험 통과로 보지 않음.,미실행,false,"[{""file_code"": ""R10"", ""table"": ""시설목록"", ""field"": ""facility_id"", ""role"": ""input"", ""row_condition"": ""all source records"", ""rule"": ""all source records"", ""data_type"": ""text_identifier; case preserved"", ""reference"": """"}]",text_identifier; case preserved,,명세 작성; 행별 의미 대조/온라인 시험 미실행
REG-V1,1EACdRIiAPGk4LAbttpXZiJd_cuqIh-cVi4jQsbfmqDw,130412256,60 거점 시설,B,REG-V1:130412256:B,시설명,1,"{""rows"": [1], ""values"": [""시설명""]}",string,input,직접 입력. 공식 한글 표기명을 기록합니다. 개명 시 ID는 유지하고 이름만 수정합니다.,1,0,0,0,MAP-024,R10;R60;R40,시설목록 / 시설경제값 / 종교시설관계,R10,시설목록,facility_name,원문값과 기존 ID·상태·판본·출처를 보존. 해석 가능한 형만 변환하고 원문 value_raw/legacy_locator를 유지.,PH0/REG-V1_online.xlsx#xl/worksheets/sheet24.xml:B; literal=PH1/literal_cells.csv; formulas=PH1/formula_patterns_and_dependencies.json,PH1 대상표·필드·형·처리경로 명세; 원본단일화 및 파생식 재구현,"사용자 시작지시 + 계획서 4.2~4.8,5~8; 정본 승인과 별개",키 중복/외래키 존재/자료형/원문 보존 대조; 행이 없으면 자료 없음이며 시험 통과로 보지 않음.,미실행,false,"[{""file_code"": ""R10"", ""table"": ""시설목록"", ""field"": ""facility_name"", ""role"": ""input"", ""row_condition"": ""all source records"", ""rule"": ""all source records"", ""data_type"": ""text_nullable"", ""reference"": """"}]",text_nullable,,명세 작성; 행별 의미 대조/온라인 시험 미실행
REG-V1,1EACdRIiAPGk4LAbttpXZiJd_cuqIh-cVi4jQsbfmqDw,130412256,60 거점 시설,C,REG-V1:130412256:C,종류,1,"{""rows"": [1], ""values"": [""종류""]}",string,input,"직접 입력. 시설 또는 노선의 종류를 기록합니다. 예: 도시, 항구, 철도, 도로, 항로 등.",1,0,0,0,MAP-024,R10;R60;R40,시설목록 / 시설경제값 / 종교시설관계,R10,시설목록,facility_type,원문값과 기존 ID·상태·판본·출처를 보존. 해석 가능한 형만 변환하고 원문 value_raw/legacy_locator를 유지.,PH0/REG-V1_online.xlsx#xl/worksheets/sheet24.xml:C; literal=PH1/literal_cells.csv; formulas=PH1/formula_patterns_and_dependencies.json,PH1 대상표·필드·형·처리경로 명세; 원본단일화 및 파생식 재구현,"사용자 시작지시 + 계획서 4.2~4.8,5~8; 정본 승인과 별개",키 중복/외래키 존재/자료형/원문 보존 대조; 행이 없으면 자료 없음이며 시험 통과로 보지 않음.,미실행,false,"[{""file_code"": ""R10"", ""table"": ""시설목록"", ""field"": ""facility_type"", ""role"": ""input"", ""row_condition"": ""all source records"", ""rule"": ""all source records"", ""data_type"": ""text_nullable"", ""reference"": """"}]",text_nullable,,명세 작성; 행별 의미 대조/온라인 시험 미실행
REG-V1,1EACdRIiAPGk4LAbttpXZiJd_cuqIh-cVi4jQsbfmqDw,130412256,60 거점 시설,D,REG-V1:130412256:D,지역 ID,1,"{""rows"": [1], ""values"": [""지역 ID""]}",string,input,직접 입력. 「01-지역 마스터」에서 부여한 지역 ID를 입력합니다. 존재하지 않는 ID는 검증에서 거부됩니다.,1,0,0,0,MAP-024,R10;R60;R40,시설목록 / 시설경제값 / 종교시설관계,R10,시설목록,region_id,원문값과 기존 ID·상태·판본·출처를 보존. 해석 가능한 형만 변환하고 원문 value_raw/legacy_locator를 유지.,PH0/REG-V1_online.xlsx#xl/worksheets/sheet24.xml:D; literal=PH1/literal_cells.csv; formulas=PH1/formula_patterns_and_dependencies.json,PH1 대상표·필드·형·처리경로 명세; 원본단일화 및 파생식 재구현,"사용자 시작지시 + 계획서 4.2~4.8,5~8; 정본 승인과 별개",키 중복/외래키 존재/자료형/원문 보존 대조; 행이 없으면 자료 없음이며 시험 통과로 보지 않음.,미실행,false,"[{""file_code"": ""R10"", ""table"": ""시설목록"", ""field"": ""region_id"", ""role"": ""input"", ""row_condition"": ""all source records"", ""rule"": ""all source records"", ""data_type"": ""text_identifier; case preserved"", ""reference"": ""R10.지역목록.region_id""}]",text_identifier; case preserved,,명세 작성; 행별 의미 대조/온라인 시험 미실행
REG-V1,1EACdRIiAPGk4LAbttpXZiJd_cuqIh-cVi4jQsbfmqDw,130412256,60 거점 시설,E,REG-V1:130412256:E,지역명,1,"{""rows"": [1], ""values"": [""지역명""]}",string,formula,자동 조회 열입니다. 직접 입력하지 않습니다. 대응하는 ID를 입력하면 마스터 시트의 한글명이 표시됩니다.,1,2999,0,0,MAP-024,R10;R60;R40,시설목록 / 시설경제값 / 종교시설관계,R10,시설목록_조회계산,region_name,원 수식과 저장값은 PH0/PH1 증거에 보존. 해당 V2 입력 원본·제공표에서 네이티브 수식으로 재구현. 값으로 이관하거나 입력 원본으로 복제하지 않음. ID→표시명 조회. 조회 실패는 연결오류/미등록 ID를 구별하고 빈문자/0으로 숨기지 않음.,PH0/REG-V1_online.xlsx#xl/worksheets/sheet24.xml:E; literal=PH1/literal_cells.csv; formulas=PH1/formula_patterns_and_dependencies.json,PH1 대상표·필드·형·처리경로 명세; 원본단일화 및 파생식 재구현,"사용자 시작지시 + 계획서 4.2~4.8,5~8; 정본 승인과 별개",실제 Google Sheets 재계산·오류 전파·입력 변경·범위 확장 시험 필요. 현재 미실행.,미실행,false,"[{""file_code"": ""R10"", ""table"": ""시설목록_조회계산"", ""field"": ""region_name"", ""role"": ""calculated"", ""row_condition"": ""all source records"", ""rule"": ""all source records"", ""data_type"": ""text_nullable"", ""reference"": """"}]",text_nullable,,명세 작성; 행별 의미 대조/온라인 시험 미실행
REG-V1,1EACdRIiAPGk4LAbttpXZiJd_cuqIh-cVi4jQsbfmqDw,130412256,60 거점 시설,F,REG-V1:130412256:F,소유자/운영자,1,"{""rows"": [1], ""values"": [""소유자/운영자""]}",string,input,선택 입력. 시설의 소유자와 실제 운영자를 구분할 수 있게 기록합니다. ID 체계를 만들면 추후 ID 참조로 전환할 수 있습니다.,1,0,0,0,MAP-024,R10;R60;R40,시설목록 / 시설경제값 / 종교시설관계,R10,시설목록,operator_raw,원문값과 기존 ID·상태·판본·출처를 보존. 해석 가능한 형만 변환하고 원문 value_raw/legacy_locator를 유지.,PH0/REG-V1_online.xlsx#xl/worksheets/sheet24.xml:F; literal=PH1/literal_cells.csv; formulas=PH1/formula_patterns_and_dependencies.json,PH1 대상표·필드·형·처리경로 명세; 원본단일화 및 파생식 재구현,"사용자 시작지시 + 계획서 4.2~4.8,5~8; 정본 승인과 별개",키 중복/외래키 존재/자료형/원문 보존 대조; 행이 없으면 자료 없음이며 시험 통과로 보지 않음.,미실행,false,"[{""file_code"": ""R10"", ""table"": ""시설목록"", ""field"": ""operator_raw"", ""role"": ""input"", ""row_condition"": ""all source records"", ""rule"": ""all source records"", ""data_type"": ""text_nullable"", ""reference"": """"}]",text_nullable,,명세 작성; 행별 의미 대조/온라인 시험 미실행
REG-V1,1EACdRIiAPGk4LAbttpXZiJd_cuqIh-cVi4jQsbfmqDw,130412256,60 거점 시설,G,REG-V1:130412256:G,운영 시작,1,"{""rows"": [1], ""values"": [""운영 시작""]}",string,input,직접 입력. 세계관 기준으로 사실/관계가 시작되는 시점을 기록합니다. 기간은 시작 시점을 포함하는 방식으로 사용합니다.,1,0,0,0,MAP-024,R10;R60;R40,시설목록 / 시설경제값 / 종교시설관계,R10,시설목록,start_raw,원문값과 기존 ID·상태·판본·출처를 보존. 해석 가능한 형만 변환하고 원문 value_raw/legacy_locator를 유지. DATE-TEMPORAL 규약으로 era/year/month/day와 precision을 분리하되 원문은 유지; 해석 불가시 결정대기.,PH0/REG-V1_online.xlsx#xl/worksheets/sheet24.xml:G; literal=PH1/literal_cells.csv; formulas=PH1/formula_patterns_and_dependencies.json,PH1 대상표·필드·형·처리경로 명세; 원본단일화 및 파생식 재구현,"사용자 시작지시 + 계획서 4.2~4.8,5~8; 정본 승인과 별개",키 중복/외래키 존재/자료형/원문 보존 대조; 행이 없으면 자료 없음이며 시험 통과로 보지 않음.,미실행,false,"[{""file_code"": ""R10"", ""table"": ""시설목록"", ""field"": ""start_raw"", ""role"": ""input"", ""row_condition"": ""all source records"", ""rule"": ""all source records"", ""data_type"": ""text_nullable"", ""reference"": """"}]",text_nullable,R-007,명세 작성; 행별 의미 대조/온라인 시험 미실행
REG-V1,1EACdRIiAPGk4LAbttpXZiJd_cuqIh-cVi4jQsbfmqDw,130412256,60 거점 시설,H,REG-V1:130412256:H,운영 종료,1,"{""rows"": [1], ""values"": [""운영 종료""]}",string,input,직접 입력. 세계관 기준으로 사실/관계가 끝나는 시점을 기록합니다. 권장 규칙은 시작 포함·종료 제외입니다. 지속 중/종료 미상은 별도 상태 열로 구분합니다.,1,0,0,0,MAP-024,R10;R60;R40,시설목록 / 시설경제값 / 종교시설관계,R10,시설목록,end_raw,원문값과 기존 ID·상태·판본·출처를 보존. 해석 가능한 형만 변환하고 원문 value_raw/legacy_locator를 유지. DATE-TEMPORAL 규약으로 era/year/month/day와 precision을 분리하되 원문은 유지; 해석 불가시 결정대기.,PH0/REG-V1_online.xlsx#xl/worksheets/sheet24.xml:H; literal=PH1/literal_cells.csv; formulas=PH1/formula_patterns_and_dependencies.json,PH1 대상표·필드·형·처리경로 명세; 원본단일화 및 파생식 재구현,"사용자 시작지시 + 계획서 4.2~4.8,5~8; 정본 승인과 별개",키 중복/외래키 존재/자료형/원문 보존 대조; 행이 없으면 자료 없음이며 시험 통과로 보지 않음.,미실행,false,"[{""file_code"": ""R10"", ""table"": ""시설목록"", ""field"": ""end_raw"", ""role"": ""input"", ""row_condition"": ""all source records"", ""rule"": ""all source records"", ""data_type"": ""text_nullable"", ""reference"": """"}]",text_nullable,R-007,명세 작성; 행별 의미 대조/온라인 시험 미실행
REG-V1,1EACdRIiAPGk4LAbttpXZiJd_cuqIh-cVi4jQsbfmqDw,130412256,60 거점 시설,I,REG-V1:130412256:I,운영 상태,1,"{""rows"": [1], ""values"": [""운영 상태""]}",string,input,드롭다운 선택. 계획 / 운영 / 중단 / 폐쇄 / 미상을 구분합니다.,1,0,0,0,MAP-024,R10;R60;R40,시설목록 / 시설경제값 / 종교시설관계,R10,시설목록,operating_status,원문값과 기존 ID·상태·판본·출처를 보존. 해석 가능한 형만 변환하고 원문 value_raw/legacy_locator를 유지.,PH0/REG-V1_online.xlsx#xl/worksheets/sheet24.xml:I; literal=PH1/literal_cells.csv; formulas=PH1/formula_patterns_and_dependencies.json,PH1 대상표·필드·형·처리경로 명세; 원본단일화 및 파생식 재구현,"사용자 시작지시 + 계획서 4.2~4.8,5~8; 정본 승인과 별개",키 중복/외래키 존재/자료형/원문 보존 대조; 행이 없으면 자료 없음이며 시험 통과로 보지 않음.,미실행,false,"[{""file_code"": ""R10"", ""table"": ""시설목록"", ""field"": ""operating_status"", ""role"": ""input"", ""row_condition"": ""all source records"", ""rule"": ""all source records"", ""data_type"": ""C00_code_nullable; unknown original retained"", ""reference"": """"}]",C00_code_nullable; unknown original retained,,명세 작성; 행별 의미 대조/온라인 시험 미실행
REG-V1,1EACdRIiAPGk4LAbttpXZiJd_cuqIh-cVi4jQsbfmqDw,130412256,60 거점 시설,J,REG-V1:130412256:J,수용량/생산량,1,"{""rows"": [1], ""values"": [""수용량/생산량""]}",string,input,직접 입력. 해당 항목의 수치 또는 값입니다. 단위·시점·분모가 필요한 경우 인접 열에 함께 기록합니다.,1,0,0,0,MAP-024,R10;R60;R40,시설목록 / 시설경제값 / 종교시설관계,R10;R60,시설측정미분류;시설목록;시설실적,raw_value;design_capacity;value_numeric,측정 의미가 확인된 경우에만 해당 단일 사실 표로 분기. 미분류 원문은 운영 계산에서 제외. 부모 facility_id·원행 근거를 전달; 같은 수치를 두 입력표에 중복 저장 금지.,PH0/REG-V1_online.xlsx#xl/worksheets/sheet24.xml:J; literal=PH1/literal_cells.csv; formulas=PH1/formula_patterns_and_dependencies.json,PH1 대상표·필드·형·처리경로 명세; 원본단일화 및 파생식 재구현,"사용자 시작지시 + 계획서 4.2~4.8,5~8; 정본 승인과 별개",키 중복/외래키 존재/자료형/원문 보존 대조; 행이 없으면 자료 없음이며 시험 통과로 보지 않음.,미실행,false,"[{""file_code"": ""R10"", ""table"": ""시설측정미분류"", ""field"": ""raw_value"", ""role"": ""preservation_pending"", ""row_condition"": ""semantic unresolved"", ""rule"": ""semantic unresolved"", ""data_type"": ""text_nullable"", ""reference"": """"}, {""file_code"": ""R10"", ""table"": ""시설목록"", ""field"": ""design_capacity"", ""role"": ""input"", ""row_condition"": ""explicit design capacity"", ""rule"": ""explicit design capacity"", ""data_type"": ""decimal_nullable; exact original in value_raw"", ""reference"": """"}, {""file_code"": ""R60"", ""table"": ""시설실적"", ""field"": ""value_numeric"", ""role"": ""input"", ""row_condition"": ""explicit period production/throughput actual"", ""rule"": ""explicit period production/throughput actual"", ""data_type"": ""decimal_nullable; exact original in value_raw"", ""reference"": """"}]",text_nullable;decimal_nullable; exact original in value_raw,R-002,명세 작성; 행별 의미 대조/온라인 시험 미실행
REG-V1,1EACdRIiAPGk4LAbttpXZiJd_cuqIh-cVi4jQsbfmqDw,130412256,60 거점 시설,K,REG-V1:130412256:K,단위,1,"{""rows"": [1], ""values"": [""단위""]}",string,input,"직접 입력. 명, %, km², 통화/년 등 숫자를 해석하는 데 필요한 단위를 반드시 기록합니다.",1,0,0,0,MAP-024,R10;R60;R40,시설목록 / 시설경제값 / 종교시설관계,R10;R60,시설측정미분류;시설목록;시설실적,raw_unit;capacity_unit;unit,측정 의미가 확인된 경우에만 해당 단일 사실 표로 분기. 미분류 원문은 운영 계산에서 제외. 부모 facility_id·원행 근거를 전달; 같은 수치를 두 입력표에 중복 저장 금지.,PH0/REG-V1_online.xlsx#xl/worksheets/sheet24.xml:K; literal=PH1/literal_cells.csv; formulas=PH1/formula_patterns_and_dependencies.json,PH1 대상표·필드·형·처리경로 명세; 원본단일화 및 파생식 재구현,"사용자 시작지시 + 계획서 4.2~4.8,5~8; 정본 승인과 별개",키 중복/외래키 존재/자료형/원문 보존 대조; 행이 없으면 자료 없음이며 시험 통과로 보지 않음.,미실행,false,"[{""file_code"": ""R10"", ""table"": ""시설측정미분류"", ""field"": ""raw_unit"", ""role"": ""preservation_pending"", ""row_condition"": ""semantic unresolved"", ""rule"": ""semantic unresolved"", ""data_type"": ""text_nullable"", ""reference"": """"}, {""file_code"": ""R10"", ""table"": ""시설목록"", ""field"": ""capacity_unit"", ""role"": ""input"", ""row_condition"": ""explicit design capacity"", ""rule"": ""explicit design capacity"", ""data_type"": ""text_nullable"", ""reference"": """"}, {""file_code"": ""R60"", ""table"": ""시설실적"", ""field"": ""unit"", ""role"": ""input"", ""row_condition"": ""explicit period production/throughput actual"", ""rule"": ""explicit period production/throughput actual"", ""data_type"": ""text_nullable"", ""reference"": """"}]",text_nullable,R-002,명세 작성; 행별 의미 대조/온라인 시험 미실행
REG-V1,1EACdRIiAPGk4LAbttpXZiJd_cuqIh-cVi4jQsbfmqDw,130412256,60 거점 시설,L,REG-V1:130412256:L,설정 상태,1,"{""rows"": [1], ""values"": [""설정 상태""]}",string,input,드롭다운에서 현재 승인 상태를 선택합니다. 확정/초안/검토 필요/폐기 등의 의미를 구분해 사용합니다.,1,0,0,0,MAP-024,R10;R60;R40,시설목록 / 시설경제값 / 종교시설관계,R10,시설목록,setting_status,원문값과 기존 ID·상태·판본·출처를 보존. 해석 가능한 형만 변환하고 원문 value_raw/legacy_locator를 유지.,PH0/REG-V1_online.xlsx#xl/worksheets/sheet24.xml:L; literal=PH1/literal_cells.csv; formulas=PH1/formula_patterns_and_dependencies.json,PH1 대상표·필드·형·처리경로 명세; 원본단일화 및 파생식 재구현,"사용자 시작지시 + 계획서 4.2~4.8,5~8; 정본 승인과 별개",키 중복/외래키 존재/자료형/원문 보존 대조; 행이 없으면 자료 없음이며 시험 통과로 보지 않음.,미실행,false,"[{""file_code"": ""R10"", ""table"": ""시설목록"", ""field"": ""setting_status"", ""role"": ""input"", ""row_condition"": ""all source records"", ""rule"": ""all source records"", ""data_type"": ""C00_code_nullable; unknown original retained"", ""reference"": """"}]",C00_code_nullable; unknown original retained,,명세 작성; 행별 의미 대조/온라인 시험 미실행
REG-V1,1EACdRIiAPGk4LAbttpXZiJd_cuqIh-cVi4jQsbfmqDw,130412256,60 거점 시설,M,REG-V1:130412256:M,출처 ID,1,"{""rows"": [1], ""values"": [""출처 ID""]}",string,display_review,직접 입력. 「90 출처」에서 부여한 출처 ID를 입력합니다. 옆 출처명은 자동 조회됩니다.,1,0,0,0,MAP-024,R10;R60;R40,시설목록 / 시설경제값 / 종교시설관계,R10,시설목록,source_id,원문값과 기존 ID·상태·판본·출처를 보존. 해석 가능한 형만 변환하고 원문 value_raw/legacy_locator를 유지.,PH0/REG-V1_online.xlsx#xl/worksheets/sheet24.xml:M; literal=PH1/literal_cells.csv; formulas=PH1/formula_patterns_and_dependencies.json,PH1 대상표·필드·형·처리경로 명세; 원본단일화 및 파생식 재구현,"사용자 시작지시 + 계획서 4.2~4.8,5~8; 정본 승인과 별개",키 중복/외래키 존재/자료형/원문 보존 대조; 행이 없으면 자료 없음이며 시험 통과로 보지 않음.,미실행,false,"[{""file_code"": ""R10"", ""table"": ""시설목록"", ""field"": ""source_id"", ""role"": ""input"", ""row_condition"": ""all source records"", ""rule"": ""all source records"", ""data_type"": ""text_identifier; case preserved"", ""reference"": ""C00.출처레지스트리.source_id""}]",text_identifier; case preserved,,명세 작성; 행별 의미 대조/온라인 시험 미실행
REG-V1,1EACdRIiAPGk4LAbttpXZiJd_cuqIh-cVi4jQsbfmqDw,130412256,60 거점 시설,N,REG-V1:130412256:N,출처명,1,"{""rows"": [1], ""values"": [""출처명""]}",string,formula,자동 조회 열입니다. 직접 입력하지 않습니다. 대응하는 ID를 입력하면 마스터 시트의 한글명이 표시됩니다.,1,2999,0,0,MAP-024,R10;R60;R40,시설목록 / 시설경제값 / 종교시설관계,R10,시설목록_조회계산,source_name,원 수식과 저장값은 PH0/PH1 증거에 보존. 해당 V2 입력 원본·제공표에서 네이티브 수식으로 재구현. 값으로 이관하거나 입력 원본으로 복제하지 않음. ID→표시명 조회. 조회 실패는 연결오류/미등록 ID를 구별하고 빈문자/0으로 숨기지 않음.,PH0/REG-V1_online.xlsx#xl/worksheets/sheet24.xml:N; literal=PH1/literal_cells.csv; formulas=PH1/formula_patterns_and_dependencies.json,PH1 대상표·필드·형·처리경로 명세; 원본단일화 및 파생식 재구현,"사용자 시작지시 + 계획서 4.2~4.8,5~8; 정본 승인과 별개",실제 Google Sheets 재계산·오류 전파·입력 변경·범위 확장 시험 필요. 현재 미실행.,미실행,false,"[{""file_code"": ""R10"", ""table"": ""시설목록_조회계산"", ""field"": ""source_name"", ""role"": ""calculated"", ""row_condition"": ""all source records"", ""rule"": ""all source records"", ""data_type"": ""text_nullable"", ""reference"": """"}]",text_nullable,,명세 작성; 행별 의미 대조/온라인 시험 미실행
REG-V1,1EACdRIiAPGk4LAbttpXZiJd_cuqIh-cVi4jQsbfmqDw,130412256,60 거점 시설,O,REG-V1:130412256:O,비고,1,"{""rows"": [1], ""values"": [""비고""]}",string,input,선택 입력. 다른 열로 표현하기 어려운 예외·주의사항·검토할 질문을 기록합니다.,1,0,0,0,MAP-024,R10;R60;R40,시설목록 / 시설경제값 / 종교시설관계,R10,시설목록,notes,원문값과 기존 ID·상태·판본·출처를 보존. 해석 가능한 형만 변환하고 원문 value_raw/legacy_locator를 유지.,PH0/REG-V1_online.xlsx#xl/worksheets/sheet24.xml:O; literal=PH1/literal_cells.csv; formulas=PH1/formula_patterns_and_dependencies.json,PH1 대상표·필드·형·처리경로 명세; 원본단일화 및 파생식 재구현,"사용자 시작지시 + 계획서 4.2~4.8,5~8; 정본 승인과 별개",키 중복/외래키 존재/자료형/원문 보존 대조; 행이 없으면 자료 없음이며 시험 통과로 보지 않음.,미실행,false,"[{""file_code"": ""R10"", ""table"": ""시설목록"", ""field"": ""notes"", ""role"": ""input"", ""row_condition"": ""all source records"", ""rule"": ""all source records"", ""data_type"": ""text_nullable"", ""reference"": """"}]",text_nullable,,명세 작성; 행별 의미 대조/온라인 시험 미실행
REG-V1,1EACdRIiAPGk4LAbttpXZiJd_cuqIh-cVi4jQsbfmqDw,1832485931,61 교통망,A,REG-V1:1832485931:A,노선 ID,1,"{""rows"": [1], ""values"": [""노선 ID""]}",string,input,직접 입력. 이 교통 노선 자체에 새로 부여하는 영구 노선 ID입니다. 이름·경로가 바뀌어도 유지합니다.,1,0,0,0,MAP-025,R10;R60,교통노선 / 수송실적,R10,교통노선,transport_id,원문값과 기존 ID·상태·판본·출처를 보존. 해석 가능한 형만 변환하고 원문 value_raw/legacy_locator를 유지.,PH0/REG-V1_online.xlsx#xl/worksheets/sheet25.xml:A; literal=PH1/literal_cells.csv; formulas=PH1/formula_patterns_and_dependencies.json,PH1 대상표·필드·형·처리경로 명세; 원본단일화 및 파생식 재구현,"사용자 시작지시 + 계획서 4.2~4.8,5~8; 정본 승인과 별개",키 중복/외래키 존재/자료형/원문 보존 대조; 행이 없으면 자료 없음이며 시험 통과로 보지 않음.,미실행,false,"[{""file_code"": ""R10"", ""table"": ""교통노선"", ""field"": ""transport_id"", ""role"": ""input"", ""row_condition"": ""all source records"", ""rule"": ""all source records"", ""data_type"": ""text_identifier; case preserved"", ""reference"": """"}]",text_identifier; case preserved,,명세 작성; 행별 의미 대조/온라인 시험 미실행
REG-V1,1EACdRIiAPGk4LAbttpXZiJd_cuqIh-cVi4jQsbfmqDw,1832485931,61 교통망,B,REG-V1:1832485931:B,노선명,1,"{""rows"": [1], ""values"": [""노선명""]}",string,input,직접 입력. 공식 한글 표기명을 기록합니다. 개명 시 ID는 유지하고 이름만 수정합니다.,1,0,0,0,MAP-025,R10;R60,교통노선 / 수송실적,R10,교통노선,transport_name,원문값과 기존 ID·상태·판본·출처를 보존. 해석 가능한 형만 변환하고 원문 value_raw/legacy_locator를 유지.,PH0/REG-V1_online.xlsx#xl/worksheets/sheet25.xml:B; literal=PH1/literal_cells.csv; formulas=PH1/formula_patterns_and_dependencies.json,PH1 대상표·필드·형·처리경로 명세; 원본단일화 및 파생식 재구현,"사용자 시작지시 + 계획서 4.2~4.8,5~8; 정본 승인과 별개",키 중복/외래키 존재/자료형/원문 보존 대조; 행이 없으면 자료 없음이며 시험 통과로 보지 않음.,미실행,false,"[{""file_code"": ""R10"", ""table"": ""교통노선"", ""field"": ""transport_name"", ""role"": ""input"", ""row_condition"": ""all source records"", ""rule"": ""all source records"", ""data_type"": ""text_nullable"", ""reference"": """"}]",text_nullable,,명세 작성; 행별 의미 대조/온라인 시험 미실행
REG-V1,1EACdRIiAPGk4LAbttpXZiJd_cuqIh-cVi4jQsbfmqDw,1832485931,61 교통망,C,REG-V1:1832485931:C,종류,1,"{""rows"": [1], ""values"": [""종류""]}",string,input,"직접 입력. 시설 또는 노선의 종류를 기록합니다. 예: 도시, 항구, 철도, 도로, 항로 등.",1,0,0,0,MAP-025,R10;R60,교통노선 / 수송실적,R10,교통노선,transport_type,원문값과 기존 ID·상태·판본·출처를 보존. 해석 가능한 형만 변환하고 원문 value_raw/legacy_locator를 유지.,PH0/REG-V1_online.xlsx#xl/worksheets/sheet25.xml:C; literal=PH1/literal_cells.csv; formulas=PH1/formula_patterns_and_dependencies.json,PH1 대상표·필드·형·처리경로 명세; 원본단일화 및 파생식 재구현,"사용자 시작지시 + 계획서 4.2~4.8,5~8; 정본 승인과 별개",키 중복/외래키 존재/자료형/원문 보존 대조; 행이 없으면 자료 없음이며 시험 통과로 보지 않음.,미실행,false,"[{""file_code"": ""R10"", ""table"": ""교통노선"", ""field"": ""transport_type"", ""role"": ""input"", ""row_condition"": ""all source records"", ""rule"": ""all source records"", ""data_type"": ""text_nullable"", ""reference"": """"}]",text_nullable,,명세 작성; 행별 의미 대조/온라인 시험 미실행
REG-V1,1EACdRIiAPGk4LAbttpXZiJd_cuqIh-cVi4jQsbfmqDw,1832485931,61 교통망,D,REG-V1:1832485931:D,시작 지역 ID,1,"{""rows"": [1], ""values"": [""시작 지역 ID""]}",string,input,직접 입력. 「01-지역 마스터」에서 부여한 지역 ID를 입력합니다. 존재하지 않는 ID는 검증에서 거부됩니다.,1,0,0,0,MAP-025,R10;R60,교통노선 / 수송실적,R10,교통노선,origin_region_id,원문값과 기존 ID·상태·판본·출처를 보존. 해석 가능한 형만 변환하고 원문 value_raw/legacy_locator를 유지.,PH0/REG-V1_online.xlsx#xl/worksheets/sheet25.xml:D; literal=PH1/literal_cells.csv; formulas=PH1/formula_patterns_and_dependencies.json,PH1 대상표·필드·형·처리경로 명세; 원본단일화 및 파생식 재구현,"사용자 시작지시 + 계획서 4.2~4.8,5~8; 정본 승인과 별개",키 중복/외래키 존재/자료형/원문 보존 대조; 행이 없으면 자료 없음이며 시험 통과로 보지 않음.,미실행,false,"[{""file_code"": ""R10"", ""table"": ""교통노선"", ""field"": ""origin_region_id"", ""role"": ""input"", ""row_condition"": ""all source records"", ""rule"": ""all source records"", ""data_type"": ""text_identifier; case preserved"", ""reference"": ""R10.지역목록.region_id""}]",text_identifier; case preserved,,명세 작성; 행별 의미 대조/온라인 시험 미실행
REG-V1,1EACdRIiAPGk4LAbttpXZiJd_cuqIh-cVi4jQsbfmqDw,1832485931,61 교통망,E,REG-V1:1832485931:E,시작 지역명,1,"{""rows"": [1], ""values"": [""시작 지역명""]}",string,formula,자동 조회 열입니다. 직접 입력하지 않습니다. 대응하는 ID를 입력하면 마스터 시트의 한글명이 표시됩니다.,1,2999,0,0,MAP-025,R10;R60,교통노선 / 수송실적,R10,교통노선_조회계산,origin_region_name,원 수식과 저장값은 PH0/PH1 증거에 보존. 해당 V2 입력 원본·제공표에서 네이티브 수식으로 재구현. 값으로 이관하거나 입력 원본으로 복제하지 않음. ID→표시명 조회. 조회 실패는 연결오류/미등록 ID를 구별하고 빈문자/0으로 숨기지 않음.,PH0/REG-V1_online.xlsx#xl/worksheets/sheet25.xml:E; literal=PH1/literal_cells.csv; formulas=PH1/formula_patterns_and_dependencies.json,PH1 대상표·필드·형·처리경로 명세; 원본단일화 및 파생식 재구현,"사용자 시작지시 + 계획서 4.2~4.8,5~8; 정본 승인과 별개",실제 Google Sheets 재계산·오류 전파·입력 변경·범위 확장 시험 필요. 현재 미실행.,미실행,false,"[{""file_code"": ""R10"", ""table"": ""교통노선_조회계산"", ""field"": ""origin_region_name"", ""role"": ""calculated"", ""row_condition"": ""all source records"", ""rule"": ""all source records"", ""data_type"": ""text_nullable"", ""reference"": """"}]",text_nullable,,명세 작성; 행별 의미 대조/온라인 시험 미실행
REG-V1,1EACdRIiAPGk4LAbttpXZiJd_cuqIh-cVi4jQsbfmqDw,1832485931,61 교통망,F,REG-V1:1832485931:F,끝 지역 ID,1,"{""rows"": [1], ""values"": [""끝 지역 ID""]}",string,input,직접 입력. 「01-지역 마스터」에서 부여한 지역 ID를 입력합니다. 존재하지 않는 ID는 검증에서 거부됩니다.,1,0,0,0,MAP-025,R10;R60,교통노선 / 수송실적,R10,교통노선,destination_region_id,원문값과 기존 ID·상태·판본·출처를 보존. 해석 가능한 형만 변환하고 원문 value_raw/legacy_locator를 유지.,PH0/REG-V1_online.xlsx#xl/worksheets/sheet25.xml:F; literal=PH1/literal_cells.csv; formulas=PH1/formula_patterns_and_dependencies.json,PH1 대상표·필드·형·처리경로 명세; 원본단일화 및 파생식 재구현,"사용자 시작지시 + 계획서 4.2~4.8,5~8; 정본 승인과 별개",키 중복/외래키 존재/자료형/원문 보존 대조; 행이 없으면 자료 없음이며 시험 통과로 보지 않음.,미실행,false,"[{""file_code"": ""R10"", ""table"": ""교통노선"", ""field"": ""destination_region_id"", ""role"": ""input"", ""row_condition"": ""all source records"", ""rule"": ""all source records"", ""data_type"": ""text_identifier; case preserved"", ""reference"": ""R10.지역목록.region_id""}]",text_identifier; case preserved,,명세 작성; 행별 의미 대조/온라인 시험 미실행
REG-V1,1EACdRIiAPGk4LAbttpXZiJd_cuqIh-cVi4jQsbfmqDw,1832485931,61 교통망,G,REG-V1:1832485931:G,끝 지역명,1,"{""rows"": [1], ""values"": [""끝 지역명""]}",string,formula,자동 조회 열입니다. 직접 입력하지 않습니다. 대응하는 ID를 입력하면 마스터 시트의 한글명이 표시됩니다.,1,2999,0,0,MAP-025,R10;R60,교통노선 / 수송실적,R10,교통노선_조회계산,destination_region_name,원 수식과 저장값은 PH0/PH1 증거에 보존. 해당 V2 입력 원본·제공표에서 네이티브 수식으로 재구현. 값으로 이관하거나 입력 원본으로 복제하지 않음. ID→표시명 조회. 조회 실패는 연결오류/미등록 ID를 구별하고 빈문자/0으로 숨기지 않음.,PH0/REG-V1_online.xlsx#xl/worksheets/sheet25.xml:G; literal=PH1/literal_cells.csv; formulas=PH1/formula_patterns_and_dependencies.json,PH1 대상표·필드·형·처리경로 명세; 원본단일화 및 파생식 재구현,"사용자 시작지시 + 계획서 4.2~4.8,5~8; 정본 승인과 별개",실제 Google Sheets 재계산·오류 전파·입력 변경·범위 확장 시험 필요. 현재 미실행.,미실행,false,"[{""file_code"": ""R10"", ""table"": ""교통노선_조회계산"", ""field"": ""destination_region_name"", ""role"": ""calculated"", ""row_condition"": ""all source records"", ""rule"": ""all source records"", ""data_type"": ""text_nullable"", ""reference"": """"}]",text_nullable,,명세 작성; 행별 의미 대조/온라인 시험 미실행
REG-V1,1EACdRIiAPGk4LAbttpXZiJd_cuqIh-cVi4jQsbfmqDw,1832485931,61 교통망,H,REG-V1:1832485931:H,경유/경로,1,"{""rows"": [1], ""values"": [""경유/경로""]}",string,input,직접 입력. 노선의 경유점·실제 경로를 기록합니다. 단순히 지도에서 선이 교차한다고 연결된 것으로 보지 않습니다.,1,0,0,0,MAP-025,R10;R60,교통노선 / 수송실적,R10,교통노선,path_raw,원문값과 기존 ID·상태·판본·출처를 보존. 해석 가능한 형만 변환하고 원문 value_raw/legacy_locator를 유지.,PH0/REG-V1_online.xlsx#xl/worksheets/sheet25.xml:H; literal=PH1/literal_cells.csv; formulas=PH1/formula_patterns_and_dependencies.json,PH1 대상표·필드·형·처리경로 명세; 원본단일화 및 파생식 재구현,"사용자 시작지시 + 계획서 4.2~4.8,5~8; 정본 승인과 별개",키 중복/외래키 존재/자료형/원문 보존 대조; 행이 없으면 자료 없음이며 시험 통과로 보지 않음.,미실행,false,"[{""file_code"": ""R10"", ""table"": ""교통노선"", ""field"": ""path_raw"", ""role"": ""input"", ""row_condition"": ""all source records"", ""rule"": ""all source records"", ""data_type"": ""text_nullable"", ""reference"": """"}]",text_nullable,,명세 작성; 행별 의미 대조/온라인 시험 미실행
REG-V1,1EACdRIiAPGk4LAbttpXZiJd_cuqIh-cVi4jQsbfmqDw,1832485931,61 교통망,I,REG-V1:1832485931:I,방향성,1,"{""rows"": [1], ""values"": [""방향성""]}",string,input,드롭다운 선택. 양방향 / 단방향 / 조건부 / 미상을 기록합니다.,1,0,0,0,MAP-025,R10;R60,교통노선 / 수송실적,R10,교통노선,direction,원문값과 기존 ID·상태·판본·출처를 보존. 해석 가능한 형만 변환하고 원문 value_raw/legacy_locator를 유지.,PH0/REG-V1_online.xlsx#xl/worksheets/sheet25.xml:I; literal=PH1/literal_cells.csv; formulas=PH1/formula_patterns_and_dependencies.json,PH1 대상표·필드·형·처리경로 명세; 원본단일화 및 파생식 재구현,"사용자 시작지시 + 계획서 4.2~4.8,5~8; 정본 승인과 별개",키 중복/외래키 존재/자료형/원문 보존 대조; 행이 없으면 자료 없음이며 시험 통과로 보지 않음.,미실행,false,"[{""file_code"": ""R10"", ""table"": ""교통노선"", ""field"": ""direction"", ""role"": ""input"", ""row_condition"": ""all source records"", ""rule"": ""all source records"", ""data_type"": ""text_nullable"", ""reference"": """"}]",text_nullable,,명세 작성; 행별 의미 대조/온라인 시험 미실행
REG-V1,1EACdRIiAPGk4LAbttpXZiJd_cuqIh-cVi4jQsbfmqDw,1832485931,61 교통망,J,REG-V1:1832485931:J,개통,1,"{""rows"": [1], ""values"": [""개통""]}",string,input,직접 입력. 세계관 기준으로 사실/관계가 시작되는 시점을 기록합니다. 기간은 시작 시점을 포함하는 방식으로 사용합니다.,1,0,0,0,MAP-025,R10;R60,교통노선 / 수송실적,R10,교통노선,start_raw,원문값과 기존 ID·상태·판본·출처를 보존. 해석 가능한 형만 변환하고 원문 value_raw/legacy_locator를 유지. DATE-TEMPORAL 규약으로 era/year/month/day와 precision을 분리하되 원문은 유지; 해석 불가시 결정대기.,PH0/REG-V1_online.xlsx#xl/worksheets/sheet25.xml:J; literal=PH1/literal_cells.csv; formulas=PH1/formula_patterns_and_dependencies.json,PH1 대상표·필드·형·처리경로 명세; 원본단일화 및 파생식 재구현,"사용자 시작지시 + 계획서 4.2~4.8,5~8; 정본 승인과 별개",키 중복/외래키 존재/자료형/원문 보존 대조; 행이 없으면 자료 없음이며 시험 통과로 보지 않음.,미실행,false,"[{""file_code"": ""R10"", ""table"": ""교통노선"", ""field"": ""start_raw"", ""role"": ""input"", ""row_condition"": ""all source records"", ""rule"": ""all source records"", ""data_type"": ""text_nullable"", ""reference"": """"}]",text_nullable,R-007,명세 작성; 행별 의미 대조/온라인 시험 미실행
REG-V1,1EACdRIiAPGk4LAbttpXZiJd_cuqIh-cVi4jQsbfmqDw,1832485931,61 교통망,K,REG-V1:1832485931:K,폐쇄,1,"{""rows"": [1], ""values"": [""폐쇄""]}",string,input,직접 입력. 세계관 기준으로 사실/관계가 끝나는 시점을 기록합니다. 권장 규칙은 시작 포함·종료 제외입니다. 지속 중/종료 미상은 별도 상태 열로 구분합니다.,1,0,0,0,MAP-025,R10;R60,교통노선 / 수송실적,R10,교통노선,end_raw,원문값과 기존 ID·상태·판본·출처를 보존. 해석 가능한 형만 변환하고 원문 value_raw/legacy_locator를 유지. DATE-TEMPORAL 규약으로 era/year/month/day와 precision을 분리하되 원문은 유지; 해석 불가시 결정대기.,PH0/REG-V1_online.xlsx#xl/worksheets/sheet25.xml:K; literal=PH1/literal_cells.csv; formulas=PH1/formula_patterns_and_dependencies.json,PH1 대상표·필드·형·처리경로 명세; 원본단일화 및 파생식 재구현,"사용자 시작지시 + 계획서 4.2~4.8,5~8; 정본 승인과 별개",키 중복/외래키 존재/자료형/원문 보존 대조; 행이 없으면 자료 없음이며 시험 통과로 보지 않음.,미실행,false,"[{""file_code"": ""R10"", ""table"": ""교통노선"", ""field"": ""end_raw"", ""role"": ""input"", ""row_condition"": ""all source records"", ""rule"": ""all source records"", ""data_type"": ""text_nullable"", ""reference"": """"}]",text_nullable,R-007,명세 작성; 행별 의미 대조/온라인 시험 미실행
REG-V1,1EACdRIiAPGk4LAbttpXZiJd_cuqIh-cVi4jQsbfmqDw,1832485931,61 교통망,L,REG-V1:1832485931:L,속도,1,"{""rows"": [1], ""values"": [""속도""]}",string,input,직접 입력. 해당 항목의 수치 또는 값입니다. 단위·시점·분모가 필요한 경우 인접 열에 함께 기록합니다.,1,0,0,0,MAP-025,R10;R60,교통노선 / 수송실적,R10,교통노선,design_speed,원문값과 기존 ID·상태·판본·출처를 보존. 해석 가능한 형만 변환하고 원문 value_raw/legacy_locator를 유지. 빈칸·미상·미정·해당없음·확정0을 독립 상태로 처리; 원문 숫자 정밀도 초과시 문자열 보존/근사값 분리.,PH0/REG-V1_online.xlsx#xl/worksheets/sheet25.xml:L; literal=PH1/literal_cells.csv; formulas=PH1/formula_patterns_and_dependencies.json,PH1 대상표·필드·형·처리경로 명세; 원본단일화 및 파생식 재구현,"사용자 시작지시 + 계획서 4.2~4.8,5~8; 정본 승인과 별개",키 중복/외래키 존재/자료형/원문 보존 대조; 행이 없으면 자료 없음이며 시험 통과로 보지 않음.,미실행,false,"[{""file_code"": ""R10"", ""table"": ""교통노선"", ""field"": ""design_speed"", ""role"": ""input"", ""row_condition"": ""all source records"", ""rule"": ""all source records"", ""data_type"": ""decimal_nullable; exact original in value_raw"", ""reference"": """"}]",decimal_nullable; exact original in value_raw,,명세 작성; 행별 의미 대조/온라인 시험 미실행
REG-V1,1EACdRIiAPGk4LAbttpXZiJd_cuqIh-cVi4jQsbfmqDw,1832485931,61 교통망,M,REG-V1:1832485931:M,속도 단위,1,"{""rows"": [1], ""values"": [""속도 단위""]}",string,input,직접 입력. 노선 속도의 단위를 기록합니다.,1,0,0,0,MAP-025,R10;R60,교통노선 / 수송실적,R10,교통노선,speed_unit,원문값과 기존 ID·상태·판본·출처를 보존. 해석 가능한 형만 변환하고 원문 value_raw/legacy_locator를 유지.,PH0/REG-V1_online.xlsx#xl/worksheets/sheet25.xml:M; literal=PH1/literal_cells.csv; formulas=PH1/formula_patterns_and_dependencies.json,PH1 대상표·필드·형·처리경로 명세; 원본단일화 및 파생식 재구현,"사용자 시작지시 + 계획서 4.2~4.8,5~8; 정본 승인과 별개",키 중복/외래키 존재/자료형/원문 보존 대조; 행이 없으면 자료 없음이며 시험 통과로 보지 않음.,미실행,false,"[{""file_code"": ""R10"", ""table"": ""교통노선"", ""field"": ""speed_unit"", ""role"": ""input"", ""row_condition"": ""all source records"", ""rule"": ""all source records"", ""data_type"": ""text_nullable"", ""reference"": """"}]",text_nullable,,명세 작성; 행별 의미 대조/온라인 시험 미실행
REG-V1,1EACdRIiAPGk4LAbttpXZiJd_cuqIh-cVi4jQsbfmqDw,1832485931,61 교통망,N,REG-V1:1832485931:N,수송 용량,1,"{""rows"": [1], ""values"": [""수송 용량""]}",string,input,직접 입력. 해당 항목의 수치 또는 값입니다. 단위·시점·분모가 필요한 경우 인접 열에 함께 기록합니다.,1,0,0,0,MAP-025,R10;R60,교통노선 / 수송실적,R10,교통노선,design_capacity,원문값과 기존 ID·상태·판본·출처를 보존. 해석 가능한 형만 변환하고 원문 value_raw/legacy_locator를 유지. 빈칸·미상·미정·해당없음·확정0을 독립 상태로 처리; 원문 숫자 정밀도 초과시 문자열 보존/근사값 분리.,PH0/REG-V1_online.xlsx#xl/worksheets/sheet25.xml:N; literal=PH1/literal_cells.csv; formulas=PH1/formula_patterns_and_dependencies.json,PH1 대상표·필드·형·처리경로 명세; 원본단일화 및 파생식 재구현,"사용자 시작지시 + 계획서 4.2~4.8,5~8; 정본 승인과 별개",키 중복/외래키 존재/자료형/원문 보존 대조; 행이 없으면 자료 없음이며 시험 통과로 보지 않음.,미실행,false,"[{""file_code"": ""R10"", ""table"": ""교통노선"", ""field"": ""design_capacity"", ""role"": ""input"", ""row_condition"": ""all source records"", ""rule"": ""all source records"", ""data_type"": ""decimal_nullable; exact original in value_raw"", ""reference"": """"}]",decimal_nullable; exact original in value_raw,,명세 작성; 행별 의미 대조/온라인 시험 미실행
REG-V1,1EACdRIiAPGk4LAbttpXZiJd_cuqIh-cVi4jQsbfmqDw,1832485931,61 교통망,O,REG-V1:1832485931:O,용량 단위,1,"{""rows"": [1], ""values"": [""용량 단위""]}",string,input,직접 입력. 노선 수송 용량의 단위를 기록합니다.,1,0,0,0,MAP-025,R10;R60,교통노선 / 수송실적,R10,교통노선,capacity_unit,원문값과 기존 ID·상태·판본·출처를 보존. 해석 가능한 형만 변환하고 원문 value_raw/legacy_locator를 유지.,PH0/REG-V1_online.xlsx#xl/worksheets/sheet25.xml:O; literal=PH1/literal_cells.csv; formulas=PH1/formula_patterns_and_dependencies.json,PH1 대상표·필드·형·처리경로 명세; 원본단일화 및 파생식 재구현,"사용자 시작지시 + 계획서 4.2~4.8,5~8; 정본 승인과 별개",키 중복/외래키 존재/자료형/원문 보존 대조; 행이 없으면 자료 없음이며 시험 통과로 보지 않음.,미실행,false,"[{""file_code"": ""R10"", ""table"": ""교통노선"", ""field"": ""capacity_unit"", ""role"": ""input"", ""row_condition"": ""all source records"", ""rule"": ""all source records"", ""data_type"": ""text_nullable"", ""reference"": """"}]",text_nullable,,명세 작성; 행별 의미 대조/온라인 시험 미실행
REG-V1,1EACdRIiAPGk4LAbttpXZiJd_cuqIh-cVi4jQsbfmqDw,1832485931,61 교통망,P,REG-V1:1832485931:P,운영 상태,1,"{""rows"": [1], ""values"": [""운영 상태""]}",string,input,드롭다운 선택. 계획 / 운영 / 중단 / 폐쇄 / 미상을 구분합니다.,1,0,0,0,MAP-025,R10;R60,교통노선 / 수송실적,R10,교통노선,operating_status,원문값과 기존 ID·상태·판본·출처를 보존. 해석 가능한 형만 변환하고 원문 value_raw/legacy_locator를 유지.,PH0/REG-V1_online.xlsx#xl/worksheets/sheet25.xml:P; literal=PH1/literal_cells.csv; formulas=PH1/formula_patterns_and_dependencies.json,PH1 대상표·필드·형·처리경로 명세; 원본단일화 및 파생식 재구현,"사용자 시작지시 + 계획서 4.2~4.8,5~8; 정본 승인과 별개",키 중복/외래키 존재/자료형/원문 보존 대조; 행이 없으면 자료 없음이며 시험 통과로 보지 않음.,미실행,false,"[{""file_code"": ""R10"", ""table"": ""교통노선"", ""field"": ""operating_status"", ""role"": ""input"", ""row_condition"": ""all source records"", ""rule"": ""all source records"", ""data_type"": ""C00_code_nullable; unknown original retained"", ""reference"": """"}]",C00_code_nullable; unknown original retained,,명세 작성; 행별 의미 대조/온라인 시험 미실행
REG-V1,1EACdRIiAPGk4LAbttpXZiJd_cuqIh-cVi4jQsbfmqDw,1832485931,61 교통망,Q,REG-V1:1832485931:Q,설정 상태,1,"{""rows"": [1], ""values"": [""설정 상태""]}",string,input,드롭다운에서 현재 승인 상태를 선택합니다. 확정/초안/검토 필요/폐기 등의 의미를 구분해 사용합니다.,1,0,0,0,MAP-025,R10;R60,교통노선 / 수송실적,R10,교통노선,setting_status,원문값과 기존 ID·상태·판본·출처를 보존. 해석 가능한 형만 변환하고 원문 value_raw/legacy_locator를 유지.,PH0/REG-V1_online.xlsx#xl/worksheets/sheet25.xml:Q; literal=PH1/literal_cells.csv; formulas=PH1/formula_patterns_and_dependencies.json,PH1 대상표·필드·형·처리경로 명세; 원본단일화 및 파생식 재구현,"사용자 시작지시 + 계획서 4.2~4.8,5~8; 정본 승인과 별개",키 중복/외래키 존재/자료형/원문 보존 대조; 행이 없으면 자료 없음이며 시험 통과로 보지 않음.,미실행,false,"[{""file_code"": ""R10"", ""table"": ""교통노선"", ""field"": ""setting_status"", ""role"": ""input"", ""row_condition"": ""all source records"", ""rule"": ""all source records"", ""data_type"": ""C00_code_nullable; unknown original retained"", ""reference"": """"}]",C00_code_nullable; unknown original retained,,명세 작성; 행별 의미 대조/온라인 시험 미실행
REG-V1,1EACdRIiAPGk4LAbttpXZiJd_cuqIh-cVi4jQsbfmqDw,1832485931,61 교통망,R,REG-V1:1832485931:R,출처 ID,1,"{""rows"": [1], ""values"": [""출처 ID""]}",string,display_review,직접 입력. 「90 출처」에서 부여한 출처 ID를 입력합니다. 옆 출처명은 자동 조회됩니다.,1,0,0,0,MAP-025,R10;R60,교통노선 / 수송실적,R10,교통노선,source_id,원문값과 기존 ID·상태·판본·출처를 보존. 해석 가능한 형만 변환하고 원문 value_raw/legacy_locator를 유지.,PH0/REG-V1_online.xlsx#xl/worksheets/sheet25.xml:R; literal=PH1/literal_cells.csv; formulas=PH1/formula_patterns_and_dependencies.json,PH1 대상표·필드·형·처리경로 명세; 원본단일화 및 파생식 재구현,"사용자 시작지시 + 계획서 4.2~4.8,5~8; 정본 승인과 별개",키 중복/외래키 존재/자료형/원문 보존 대조; 행이 없으면 자료 없음이며 시험 통과로 보지 않음.,미실행,false,"[{""file_code"": ""R10"", ""table"": ""교통노선"", ""field"": ""source_id"", ""role"": ""input"", ""row_condition"": ""all source records"", ""rule"": ""all source records"", ""data_type"": ""text_identifier; case preserved"", ""reference"": ""C00.출처레지스트리.source_id""}]",text_identifier; case preserved,,명세 작성; 행별 의미 대조/온라인 시험 미실행
REG-V1,1EACdRIiAPGk4LAbttpXZiJd_cuqIh-cVi4jQsbfmqDw,1832485931,61 교통망,S,REG-V1:1832485931:S,출처명,1,"{""rows"": [1], ""values"": [""출처명""]}",string,formula,자동 조회 열입니다. 직접 입력하지 않습니다. 대응하는 ID를 입력하면 마스터 시트의 한글명이 표시됩니다.,1,2999,0,0,MAP-025,R10;R60,교통노선 / 수송실적,R10,교통노선_조회계산,source_name,원 수식과 저장값은 PH0/PH1 증거에 보존. 해당 V2 입력 원본·제공표에서 네이티브 수식으로 재구현. 값으로 이관하거나 입력 원본으로 복제하지 않음. ID→표시명 조회. 조회 실패는 연결오류/미등록 ID를 구별하고 빈문자/0으로 숨기지 않음.,PH0/REG-V1_online.xlsx#xl/worksheets/sheet25.xml:S; literal=PH1/literal_cells.csv; formulas=PH1/formula_patterns_and_dependencies.json,PH1 대상표·필드·형·처리경로 명세; 원본단일화 및 파생식 재구현,"사용자 시작지시 + 계획서 4.2~4.8,5~8; 정본 승인과 별개",실제 Google Sheets 재계산·오류 전파·입력 변경·범위 확장 시험 필요. 현재 미실행.,미실행,false,"[{""file_code"": ""R10"", ""table"": ""교통노선_조회계산"", ""field"": ""source_name"", ""role"": ""calculated"", ""row_condition"": ""all source records"", ""rule"": ""all source records"", ""data_type"": ""text_nullable"", ""reference"": """"}]",text_nullable,,명세 작성; 행별 의미 대조/온라인 시험 미실행
REG-V1,1EACdRIiAPGk4LAbttpXZiJd_cuqIh-cVi4jQsbfmqDw,1832485931,61 교통망,T,REG-V1:1832485931:T,비고,1,"{""rows"": [1], ""values"": [""비고""]}",string,input,선택 입력. 다른 열로 표현하기 어려운 예외·주의사항·검토할 질문을 기록합니다.,1,0,0,0,MAP-025,R10;R60,교통노선 / 수송실적,R10,교통노선,notes,원문값과 기존 ID·상태·판본·출처를 보존. 해석 가능한 형만 변환하고 원문 value_raw/legacy_locator를 유지.,PH0/REG-V1_online.xlsx#xl/worksheets/sheet25.xml:T; literal=PH1/literal_cells.csv; formulas=PH1/formula_patterns_and_dependencies.json,PH1 대상표·필드·형·처리경로 명세; 원본단일화 및 파생식 재구현,"사용자 시작지시 + 계획서 4.2~4.8,5~8; 정본 승인과 별개",키 중복/외래키 존재/자료형/원문 보존 대조; 행이 없으면 자료 없음이며 시험 통과로 보지 않음.,미실행,false,"[{""file_code"": ""R10"", ""table"": ""교통노선"", ""field"": ""notes"", ""role"": ""input"", ""row_condition"": ""all source records"", ""rule"": ""all source records"", ""data_type"": ""text_nullable"", ""reference"": """"}]",text_nullable,,명세 작성; 행별 의미 대조/온라인 시험 미실행
REG-V1,1EACdRIiAPGk4LAbttpXZiJd_cuqIh-cVi4jQsbfmqDw,1161488954,70 지역 특성,A,REG-V1:1161488954:A,지역 ID,1,"{""rows"": [1], ""values"": [""지역 ID""]}",string,input,직접 입력. 「01-지역 마스터」에서 부여한 지역 ID를 입력합니다. 존재하지 않는 ID는 검증에서 거부됩니다.,1,0,0,0,MAP-026,R10,지역특성관계,R10,지역특성관계,region_id,원문값과 기존 ID·상태·판본·출처를 보존. 해석 가능한 형만 변환하고 원문 value_raw/legacy_locator를 유지.,PH0/REG-V1_online.xlsx#xl/worksheets/sheet26.xml:A; literal=PH1/literal_cells.csv; formulas=PH1/formula_patterns_and_dependencies.json,PH1 대상표·필드·형·처리경로 명세; 원본단일화 및 파생식 재구현,"사용자 시작지시 + 계획서 4.2~4.8,5~8; 정본 승인과 별개",키 중복/외래키 존재/자료형/원문 보존 대조; 행이 없으면 자료 없음이며 시험 통과로 보지 않음.,미실행,false,"[{""file_code"": ""R10"", ""table"": ""지역특성관계"", ""field"": ""region_id"", ""role"": ""input"", ""row_condition"": ""all source records"", ""rule"": ""all source records"", ""data_type"": ""text_identifier; case preserved"", ""reference"": ""R10.지역목록.region_id""}]",text_identifier; case preserved,,명세 작성; 행별 의미 대조/온라인 시험 미실행
REG-V1,1EACdRIiAPGk4LAbttpXZiJd_cuqIh-cVi4jQsbfmqDw,1161488954,70 지역 특성,B,REG-V1:1161488954:B,지역명,1,"{""rows"": [1], ""values"": [""지역명""]}",string,formula,자동 조회 열입니다. 직접 입력하지 않습니다. 대응하는 ID를 입력하면 마스터 시트의 한글명이 표시됩니다.,1,4999,0,0,MAP-026,R10,지역특성관계,R10,지역특성관계_조회계산,region_name,원 수식과 저장값은 PH0/PH1 증거에 보존. 해당 V2 입력 원본·제공표에서 네이티브 수식으로 재구현. 값으로 이관하거나 입력 원본으로 복제하지 않음. ID→표시명 조회. 조회 실패는 연결오류/미등록 ID를 구별하고 빈문자/0으로 숨기지 않음.,PH0/REG-V1_online.xlsx#xl/worksheets/sheet26.xml:B; literal=PH1/literal_cells.csv; formulas=PH1/formula_patterns_and_dependencies.json,PH1 대상표·필드·형·처리경로 명세; 원본단일화 및 파생식 재구현,"사용자 시작지시 + 계획서 4.2~4.8,5~8; 정본 승인과 별개",실제 Google Sheets 재계산·오류 전파·입력 변경·범위 확장 시험 필요. 현재 미실행.,미실행,false,"[{""file_code"": ""R10"", ""table"": ""지역특성관계_조회계산"", ""field"": ""region_name"", ""role"": ""calculated"", ""row_condition"": ""all source records"", ""rule"": ""all source records"", ""data_type"": ""text_nullable"", ""reference"": """"}]",text_nullable,,명세 작성; 행별 의미 대조/온라인 시험 미실행
REG-V1,1EACdRIiAPGk4LAbttpXZiJd_cuqIh-cVi4jQsbfmqDw,1161488954,70 지역 특성,C,REG-V1:1161488954:C,특성 ID,1,"{""rows"": [1], ""values"": [""특성 ID""]}",string,input,직접 입력. 해당 마스터/사전 시트에서 부여한 영구 ID를 입력합니다. 한 번 사용한 ID는 재번호화하지 않습니다.,1,0,0,0,MAP-026,R10,지역특성관계,R10,지역특성관계,trait_id,원문값과 기존 ID·상태·판본·출처를 보존. 해석 가능한 형만 변환하고 원문 value_raw/legacy_locator를 유지.,PH0/REG-V1_online.xlsx#xl/worksheets/sheet26.xml:C; literal=PH1/literal_cells.csv; formulas=PH1/formula_patterns_and_dependencies.json,PH1 대상표·필드·형·처리경로 명세; 원본단일화 및 파생식 재구현,"사용자 시작지시 + 계획서 4.2~4.8,5~8; 정본 승인과 별개",키 중복/외래키 존재/자료형/원문 보존 대조; 행이 없으면 자료 없음이며 시험 통과로 보지 않음.,미실행,false,"[{""file_code"": ""R10"", ""table"": ""지역특성관계"", ""field"": ""trait_id"", ""role"": ""input"", ""row_condition"": ""all source records"", ""rule"": ""all source records"", ""data_type"": ""text_identifier; case preserved"", ""reference"": ""C00.trait_dictionary.trait_id""}]",text_identifier; case preserved,,명세 작성; 행별 의미 대조/온라인 시험 미실행
REG-V1,1EACdRIiAPGk4LAbttpXZiJd_cuqIh-cVi4jQsbfmqDw,1161488954,70 지역 특성,D,REG-V1:1161488954:D,특성명,1,"{""rows"": [1], ""values"": [""특성명""]}",string,formula,자동 조회 열입니다. 직접 입력하지 않습니다. 대응하는 ID를 입력하면 마스터 시트의 한글명이 표시됩니다.,1,4999,0,0,MAP-026,R10,지역특성관계,R10,지역특성관계_조회계산,trait_name,원 수식과 저장값은 PH0/PH1 증거에 보존. 해당 V2 입력 원본·제공표에서 네이티브 수식으로 재구현. 값으로 이관하거나 입력 원본으로 복제하지 않음. ID→표시명 조회. 조회 실패는 연결오류/미등록 ID를 구별하고 빈문자/0으로 숨기지 않음.,PH0/REG-V1_online.xlsx#xl/worksheets/sheet26.xml:D; literal=PH1/literal_cells.csv; formulas=PH1/formula_patterns_and_dependencies.json,PH1 대상표·필드·형·처리경로 명세; 원본단일화 및 파생식 재구현,"사용자 시작지시 + 계획서 4.2~4.8,5~8; 정본 승인과 별개",실제 Google Sheets 재계산·오류 전파·입력 변경·범위 확장 시험 필요. 현재 미실행.,미실행,false,"[{""file_code"": ""R10"", ""table"": ""지역특성관계_조회계산"", ""field"": ""trait_name"", ""role"": ""calculated"", ""row_condition"": ""all source records"", ""rule"": ""all source records"", ""data_type"": ""text_nullable"", ""reference"": """"}]",text_nullable,,명세 작성; 행별 의미 대조/온라인 시험 미실행
REG-V1,1EACdRIiAPGk4LAbttpXZiJd_cuqIh-cVi4jQsbfmqDw,1161488954,70 지역 특성,E,REG-V1:1161488954:E,시작,1,"{""rows"": [1], ""values"": [""시작""]}",string,input,직접 입력. 세계관 기준으로 사실/관계가 시작되는 시점을 기록합니다. 기간은 시작 시점을 포함하는 방식으로 사용합니다.,1,0,0,0,MAP-026,R10,지역특성관계,R10,지역특성관계,start_raw,원문값과 기존 ID·상태·판본·출처를 보존. 해석 가능한 형만 변환하고 원문 value_raw/legacy_locator를 유지. DATE-TEMPORAL 규약으로 era/year/month/day와 precision을 분리하되 원문은 유지; 해석 불가시 결정대기.,PH0/REG-V1_online.xlsx#xl/worksheets/sheet26.xml:E; literal=PH1/literal_cells.csv; formulas=PH1/formula_patterns_and_dependencies.json,PH1 대상표·필드·형·처리경로 명세; 원본단일화 및 파생식 재구현,"사용자 시작지시 + 계획서 4.2~4.8,5~8; 정본 승인과 별개",키 중복/외래키 존재/자료형/원문 보존 대조; 행이 없으면 자료 없음이며 시험 통과로 보지 않음.,미실행,false,"[{""file_code"": ""R10"", ""table"": ""지역특성관계"", ""field"": ""start_raw"", ""role"": ""input"", ""row_condition"": ""all source records"", ""rule"": ""all source records"", ""data_type"": ""text_nullable"", ""reference"": """"}]",text_nullable,R-007,명세 작성; 행별 의미 대조/온라인 시험 미실행
REG-V1,1EACdRIiAPGk4LAbttpXZiJd_cuqIh-cVi4jQsbfmqDw,1161488954,70 지역 특성,F,REG-V1:1161488954:F,종료,1,"{""rows"": [1], ""values"": [""종료""]}",string,input,직접 입력. 세계관 기준으로 사실/관계가 끝나는 시점을 기록합니다. 권장 규칙은 시작 포함·종료 제외입니다. 지속 중/종료 미상은 별도 상태 열로 구분합니다.,1,0,0,0,MAP-026,R10,지역특성관계,R10,지역특성관계,end_raw,원문값과 기존 ID·상태·판본·출처를 보존. 해석 가능한 형만 변환하고 원문 value_raw/legacy_locator를 유지. DATE-TEMPORAL 규약으로 era/year/month/day와 precision을 분리하되 원문은 유지; 해석 불가시 결정대기.,PH0/REG-V1_online.xlsx#xl/worksheets/sheet26.xml:F; literal=PH1/literal_cells.csv; formulas=PH1/formula_patterns_and_dependencies.json,PH1 대상표·필드·형·처리경로 명세; 원본단일화 및 파생식 재구현,"사용자 시작지시 + 계획서 4.2~4.8,5~8; 정본 승인과 별개",키 중복/외래키 존재/자료형/원문 보존 대조; 행이 없으면 자료 없음이며 시험 통과로 보지 않음.,미실행,false,"[{""file_code"": ""R10"", ""table"": ""지역특성관계"", ""field"": ""end_raw"", ""role"": ""input"", ""row_condition"": ""all source records"", ""rule"": ""all source records"", ""data_type"": ""text_nullable"", ""reference"": """"}]",text_nullable,R-007,명세 작성; 행별 의미 대조/온라인 시험 미실행
REG-V1,1EACdRIiAPGk4LAbttpXZiJd_cuqIh-cVi4jQsbfmqDw,1161488954,70 지역 특성,G,REG-V1:1161488954:G,활성 여부,1,"{""rows"": [1], ""values"": [""활성 여부""]}",string,input,드롭다운 선택. 해당 기간에 지역 특성이 활성인지 비활성인지 기록합니다.,1,0,0,0,MAP-026,R10,지역특성관계,R10,지역특성관계,active_status,원문값과 기존 ID·상태·판본·출처를 보존. 해석 가능한 형만 변환하고 원문 value_raw/legacy_locator를 유지.,PH0/REG-V1_online.xlsx#xl/worksheets/sheet26.xml:G; literal=PH1/literal_cells.csv; formulas=PH1/formula_patterns_and_dependencies.json,PH1 대상표·필드·형·처리경로 명세; 원본단일화 및 파생식 재구현,"사용자 시작지시 + 계획서 4.2~4.8,5~8; 정본 승인과 별개",키 중복/외래키 존재/자료형/원문 보존 대조; 행이 없으면 자료 없음이며 시험 통과로 보지 않음.,미실행,false,"[{""file_code"": ""R10"", ""table"": ""지역특성관계"", ""field"": ""active_status"", ""role"": ""input"", ""row_condition"": ""all source records"", ""rule"": ""all source records"", ""data_type"": ""C00_code_nullable; unknown original retained"", ""reference"": """"}]",C00_code_nullable; unknown original retained,,명세 작성; 행별 의미 대조/온라인 시험 미실행
REG-V1,1EACdRIiAPGk4LAbttpXZiJd_cuqIh-cVi4jQsbfmqDw,1161488954,70 지역 특성,H,REG-V1:1161488954:H,지역별 설명,1,"{""rows"": [1], ""values"": [""지역별 설명""]}",string,input,선택 입력. 같은 특성이라도 해당 지역에서 어떻게 나타나는지 지역별 설명을 기록합니다.,1,0,0,0,MAP-026,R10,지역특성관계,R10,지역특성관계,regional_description,원문값과 기존 ID·상태·판본·출처를 보존. 해석 가능한 형만 변환하고 원문 value_raw/legacy_locator를 유지.,PH0/REG-V1_online.xlsx#xl/worksheets/sheet26.xml:H; literal=PH1/literal_cells.csv; formulas=PH1/formula_patterns_and_dependencies.json,PH1 대상표·필드·형·처리경로 명세; 원본단일화 및 파생식 재구현,"사용자 시작지시 + 계획서 4.2~4.8,5~8; 정본 승인과 별개",키 중복/외래키 존재/자료형/원문 보존 대조; 행이 없으면 자료 없음이며 시험 통과로 보지 않음.,미실행,false,"[{""file_code"": ""R10"", ""table"": ""지역특성관계"", ""field"": ""regional_description"", ""role"": ""input"", ""row_condition"": ""all source records"", ""rule"": ""all source records"", ""data_type"": ""text_nullable"", ""reference"": """"}]",text_nullable,,명세 작성; 행별 의미 대조/온라인 시험 미실행
REG-V1,1EACdRIiAPGk4LAbttpXZiJd_cuqIh-cVi4jQsbfmqDw,1161488954,70 지역 특성,I,REG-V1:1161488954:I,설정 상태,1,"{""rows"": [1], ""values"": [""설정 상태""]}",string,input,드롭다운에서 현재 승인 상태를 선택합니다. 확정/초안/검토 필요/폐기 등의 의미를 구분해 사용합니다.,1,0,0,0,MAP-026,R10,지역특성관계,R10,지역특성관계,setting_status,원문값과 기존 ID·상태·판본·출처를 보존. 해석 가능한 형만 변환하고 원문 value_raw/legacy_locator를 유지.,PH0/REG-V1_online.xlsx#xl/worksheets/sheet26.xml:I; literal=PH1/literal_cells.csv; formulas=PH1/formula_patterns_and_dependencies.json,PH1 대상표·필드·형·처리경로 명세; 원본단일화 및 파생식 재구현,"사용자 시작지시 + 계획서 4.2~4.8,5~8; 정본 승인과 별개",키 중복/외래키 존재/자료형/원문 보존 대조; 행이 없으면 자료 없음이며 시험 통과로 보지 않음.,미실행,false,"[{""file_code"": ""R10"", ""table"": ""지역특성관계"", ""field"": ""setting_status"", ""role"": ""input"", ""row_condition"": ""all source records"", ""rule"": ""all source records"", ""data_type"": ""C00_code_nullable; unknown original retained"", ""reference"": """"}]",C00_code_nullable; unknown original retained,,명세 작성; 행별 의미 대조/온라인 시험 미실행
REG-V1,1EACdRIiAPGk4LAbttpXZiJd_cuqIh-cVi4jQsbfmqDw,1161488954,70 지역 특성,J,REG-V1:1161488954:J,출처 ID,1,"{""rows"": [1], ""values"": [""출처 ID""]}",string,display_review,직접 입력. 「90 출처」에서 부여한 출처 ID를 입력합니다. 옆 출처명은 자동 조회됩니다.,1,0,0,0,MAP-026,R10,지역특성관계,R10,지역특성관계,source_id,원문값과 기존 ID·상태·판본·출처를 보존. 해석 가능한 형만 변환하고 원문 value_raw/legacy_locator를 유지.,PH0/REG-V1_online.xlsx#xl/worksheets/sheet26.xml:J; literal=PH1/literal_cells.csv; formulas=PH1/formula_patterns_and_dependencies.json,PH1 대상표·필드·형·처리경로 명세; 원본단일화 및 파생식 재구현,"사용자 시작지시 + 계획서 4.2~4.8,5~8; 정본 승인과 별개",키 중복/외래키 존재/자료형/원문 보존 대조; 행이 없으면 자료 없음이며 시험 통과로 보지 않음.,미실행,false,"[{""file_code"": ""R10"", ""table"": ""지역특성관계"", ""field"": ""source_id"", ""role"": ""input"", ""row_condition"": ""all source records"", ""rule"": ""all source records"", ""data_type"": ""text_identifier; case preserved"", ""reference"": ""C00.출처레지스트리.source_id""}]",text_identifier; case preserved,,명세 작성; 행별 의미 대조/온라인 시험 미실행
REG-V1,1EACdRIiAPGk4LAbttpXZiJd_cuqIh-cVi4jQsbfmqDw,1161488954,70 지역 특성,K,REG-V1:1161488954:K,출처명,1,"{""rows"": [1], ""values"": [""출처명""]}",string,formula,자동 조회 열입니다. 직접 입력하지 않습니다. 대응하는 ID를 입력하면 마스터 시트의 한글명이 표시됩니다.,1,4999,0,0,MAP-026,R10,지역특성관계,R10,지역특성관계_조회계산,source_name,원 수식과 저장값은 PH0/PH1 증거에 보존. 해당 V2 입력 원본·제공표에서 네이티브 수식으로 재구현. 값으로 이관하거나 입력 원본으로 복제하지 않음. ID→표시명 조회. 조회 실패는 연결오류/미등록 ID를 구별하고 빈문자/0으로 숨기지 않음.,PH0/REG-V1_online.xlsx#xl/worksheets/sheet26.xml:K; literal=PH1/literal_cells.csv; formulas=PH1/formula_patterns_and_dependencies.json,PH1 대상표·필드·형·처리경로 명세; 원본단일화 및 파생식 재구현,"사용자 시작지시 + 계획서 4.2~4.8,5~8; 정본 승인과 별개",실제 Google Sheets 재계산·오류 전파·입력 변경·범위 확장 시험 필요. 현재 미실행.,미실행,false,"[{""file_code"": ""R10"", ""table"": ""지역특성관계_조회계산"", ""field"": ""source_name"", ""role"": ""calculated"", ""row_condition"": ""all source records"", ""rule"": ""all source records"", ""data_type"": ""text_nullable"", ""reference"": """"}]",text_nullable,,명세 작성; 행별 의미 대조/온라인 시험 미실행
REG-V1,1EACdRIiAPGk4LAbttpXZiJd_cuqIh-cVi4jQsbfmqDw,1161488954,70 지역 특성,L,REG-V1:1161488954:L,비고,1,"{""rows"": [1], ""values"": [""비고""]}",string,input,선택 입력. 다른 열로 표현하기 어려운 예외·주의사항·검토할 질문을 기록합니다.,1,0,0,0,MAP-026,R10,지역특성관계,R10,지역특성관계,notes,원문값과 기존 ID·상태·판본·출처를 보존. 해석 가능한 형만 변환하고 원문 value_raw/legacy_locator를 유지.,PH0/REG-V1_online.xlsx#xl/worksheets/sheet26.xml:L; literal=PH1/literal_cells.csv; formulas=PH1/formula_patterns_and_dependencies.json,PH1 대상표·필드·형·처리경로 명세; 원본단일화 및 파생식 재구현,"사용자 시작지시 + 계획서 4.2~4.8,5~8; 정본 승인과 별개",키 중복/외래키 존재/자료형/원문 보존 대조; 행이 없으면 자료 없음이며 시험 통과로 보지 않음.,미실행,false,"[{""file_code"": ""R10"", ""table"": ""지역특성관계"", ""field"": ""notes"", ""role"": ""input"", ""row_condition"": ""all source records"", ""rule"": ""all source records"", ""data_type"": ""text_nullable"", ""reference"": """"}]",text_nullable,,명세 작성; 행별 의미 대조/온라인 시험 미실행
REG-V1,1EACdRIiAPGk4LAbttpXZiJd_cuqIh-cVi4jQsbfmqDw,900230001,02_지역_관계,A,REG-V1:900230001:A,관계 ID,1,"{""rows"": [1], ""values"": [""관계 ID""]}",string,formula,셀 내용 전수의 literal/formula/헤더 기반 초안,1,2002,0,142,MAP-029,R10,지역관계,R10,지역관계_조회계산,legacy_relation_id,"REG 마스터 G/I에서 생성된 파생 관계를 검증·대조하는 목적지. 기존 표시 relation ID는 legacy_relation_id로 보존하고, 신규 고정 relation_id는 locator 대응 재사용. 파생 행을 두 번째 사실 입력으로 복제하지 않음.",PH0/REG-V1_online.xlsx#xl/worksheets/sheet29.xml:A; literal=PH1/literal_cells.csv; formulas=PH1/formula_patterns_and_dependencies.json,PH1 대상표·필드·형·처리경로 명세; 원본단일화 및 파생식 재구현,"사용자 시작지시 + 계획서 4.2~4.8,5~8; 정본 승인과 별개",키 중복/외래키 존재/자료형/원문 보존 대조; 행이 없으면 자료 없음이며 시험 통과로 보지 않음.,미실행,false,"[{""file_code"": ""R10"", ""table"": ""지역관계_조회계산"", ""field"": ""legacy_relation_id"", ""role"": ""calculated"", ""row_condition"": ""all source records"", ""rule"": ""all source records"", ""data_type"": ""text_identifier; case preserved"", ""reference"": """"}]",text_identifier; case preserved,,명세 작성; 행별 의미 대조/온라인 시험 미실행
REG-V1,1EACdRIiAPGk4LAbttpXZiJd_cuqIh-cVi4jQsbfmqDw,900230001,02_지역_관계,B,REG-V1:900230001:B,하위 지역 ID,1,"{""rows"": [1], ""values"": [""하위 지역 ID""]}",string,formula,셀 내용 전수의 literal/formula/헤더 기반 초안,1,2002,0,142,MAP-029,R10,지역관계,R10,지역관계_조회계산,child_region_id,"REG 마스터 G/I에서 생성된 파생 관계를 검증·대조하는 목적지. 기존 표시 relation ID는 legacy_relation_id로 보존하고, 신규 고정 relation_id는 locator 대응 재사용. 파생 행을 두 번째 사실 입력으로 복제하지 않음.",PH0/REG-V1_online.xlsx#xl/worksheets/sheet29.xml:B; literal=PH1/literal_cells.csv; formulas=PH1/formula_patterns_and_dependencies.json,PH1 대상표·필드·형·처리경로 명세; 원본단일화 및 파생식 재구현,"사용자 시작지시 + 계획서 4.2~4.8,5~8; 정본 승인과 별개",키 중복/외래키 존재/자료형/원문 보존 대조; 행이 없으면 자료 없음이며 시험 통과로 보지 않음.,미실행,false,"[{""file_code"": ""R10"", ""table"": ""지역관계_조회계산"", ""field"": ""child_region_id"", ""role"": ""calculated"", ""row_condition"": ""all source records"", ""rule"": ""all source records"", ""data_type"": ""text_identifier; case preserved"", ""reference"": ""R10.지역목록.region_id""}]",text_identifier; case preserved,,명세 작성; 행별 의미 대조/온라인 시험 미실행
REG-V1,1EACdRIiAPGk4LAbttpXZiJd_cuqIh-cVi4jQsbfmqDw,900230001,02_지역_관계,C,REG-V1:900230001:C,하위 지역명,1,"{""rows"": [1], ""values"": [""하위 지역명""]}",string,formula,셀 내용 전수의 literal/formula/헤더 기반 초안,1,2002,0,142,MAP-029,R10,지역관계,R10,지역관계_조회계산,child_name,"REG 마스터 G/I에서 생성된 파생 관계를 검증·대조하는 목적지. 기존 표시 relation ID는 legacy_relation_id로 보존하고, 신규 고정 relation_id는 locator 대응 재사용. 파생 행을 두 번째 사실 입력으로 복제하지 않음.",PH0/REG-V1_online.xlsx#xl/worksheets/sheet29.xml:C; literal=PH1/literal_cells.csv; formulas=PH1/formula_patterns_and_dependencies.json,PH1 대상표·필드·형·처리경로 명세; 원본단일화 및 파생식 재구현,"사용자 시작지시 + 계획서 4.2~4.8,5~8; 정본 승인과 별개",실제 Google Sheets 재계산·오류 전파·입력 변경·범위 확장 시험 필요. 현재 미실행.,미실행,false,"[{""file_code"": ""R10"", ""table"": ""지역관계_조회계산"", ""field"": ""child_name"", ""role"": ""calculated"", ""row_condition"": ""all source records"", ""rule"": ""all source records"", ""data_type"": ""text_nullable"", ""reference"": """"}]",text_nullable,,명세 작성; 행별 의미 대조/온라인 시험 미실행
REG-V1,1EACdRIiAPGk4LAbttpXZiJd_cuqIh-cVi4jQsbfmqDw,900230001,02_지역_관계,D,REG-V1:900230001:D,상위 지역 ID,1,"{""rows"": [1], ""values"": [""상위 지역 ID""]}",string,formula,셀 내용 전수의 literal/formula/헤더 기반 초안,1,2002,0,142,MAP-029,R10,지역관계,R10,지역관계_조회계산,parent_region_id,"REG 마스터 G/I에서 생성된 파생 관계를 검증·대조하는 목적지. 기존 표시 relation ID는 legacy_relation_id로 보존하고, 신규 고정 relation_id는 locator 대응 재사용. 파생 행을 두 번째 사실 입력으로 복제하지 않음.",PH0/REG-V1_online.xlsx#xl/worksheets/sheet29.xml:D; literal=PH1/literal_cells.csv; formulas=PH1/formula_patterns_and_dependencies.json,PH1 대상표·필드·형·처리경로 명세; 원본단일화 및 파생식 재구현,"사용자 시작지시 + 계획서 4.2~4.8,5~8; 정본 승인과 별개",키 중복/외래키 존재/자료형/원문 보존 대조; 행이 없으면 자료 없음이며 시험 통과로 보지 않음.,미실행,false,"[{""file_code"": ""R10"", ""table"": ""지역관계_조회계산"", ""field"": ""parent_region_id"", ""role"": ""calculated"", ""row_condition"": ""all source records"", ""rule"": ""all source records"", ""data_type"": ""text_identifier; case preserved"", ""reference"": ""R10.지역목록.region_id""}]",text_identifier; case preserved,,명세 작성; 행별 의미 대조/온라인 시험 미실행
REG-V1,1EACdRIiAPGk4LAbttpXZiJd_cuqIh-cVi4jQsbfmqDw,900230001,02_지역_관계,E,REG-V1:900230001:E,상위 지역명,1,"{""rows"": [1], ""values"": [""상위 지역명""]}",string,formula,셀 내용 전수의 literal/formula/헤더 기반 초안,1,2002,0,142,MAP-029,R10,지역관계,R10,지역관계_조회계산,parent_name,"REG 마스터 G/I에서 생성된 파생 관계를 검증·대조하는 목적지. 기존 표시 relation ID는 legacy_relation_id로 보존하고, 신규 고정 relation_id는 locator 대응 재사용. 파생 행을 두 번째 사실 입력으로 복제하지 않음.",PH0/REG-V1_online.xlsx#xl/worksheets/sheet29.xml:E; literal=PH1/literal_cells.csv; formulas=PH1/formula_patterns_and_dependencies.json,PH1 대상표·필드·형·처리경로 명세; 원본단일화 및 파생식 재구현,"사용자 시작지시 + 계획서 4.2~4.8,5~8; 정본 승인과 별개",실제 Google Sheets 재계산·오류 전파·입력 변경·범위 확장 시험 필요. 현재 미실행.,미실행,false,"[{""file_code"": ""R10"", ""table"": ""지역관계_조회계산"", ""field"": ""parent_name"", ""role"": ""calculated"", ""row_condition"": ""all source records"", ""rule"": ""all source records"", ""data_type"": ""text_nullable"", ""reference"": """"}]",text_nullable,,명세 작성; 행별 의미 대조/온라인 시험 미실행
REG-V1,1EACdRIiAPGk4LAbttpXZiJd_cuqIh-cVi4jQsbfmqDw,900230001,02_지역_관계,F,REG-V1:900230001:F,관계,1,"{""rows"": [1], ""values"": [""관계""]}",string,formula,셀 내용 전수의 literal/formula/헤더 기반 초안,1,2002,0,142,MAP-029,R10,지역관계,R10,지역관계_조회계산,relation_type,"REG 마스터 G/I에서 생성된 파생 관계를 검증·대조하는 목적지. 기존 표시 relation ID는 legacy_relation_id로 보존하고, 신규 고정 relation_id는 locator 대응 재사용. 파생 행을 두 번째 사실 입력으로 복제하지 않음.",PH0/REG-V1_online.xlsx#xl/worksheets/sheet29.xml:F; literal=PH1/literal_cells.csv; formulas=PH1/formula_patterns_and_dependencies.json,PH1 대상표·필드·형·처리경로 명세; 원본단일화 및 파생식 재구현,"사용자 시작지시 + 계획서 4.2~4.8,5~8; 정본 승인과 별개",키 중복/외래키 존재/자료형/원문 보존 대조; 행이 없으면 자료 없음이며 시험 통과로 보지 않음.,미실행,false,"[{""file_code"": ""R10"", ""table"": ""지역관계_조회계산"", ""field"": ""relation_type"", ""role"": ""calculated"", ""row_condition"": ""all source records"", ""rule"": ""all source records"", ""data_type"": ""text_nullable"", ""reference"": """"}]",text_nullable,,명세 작성; 행별 의미 대조/온라인 시험 미실행
REG-V1,1EACdRIiAPGk4LAbttpXZiJd_cuqIh-cVi4jQsbfmqDw,900230001,02_지역_관계,G,REG-V1:900230001:G,원본 위치,1,"{""rows"": [1], ""values"": [""원본 위치""]}",string,formula,셀 내용 전수의 literal/formula/헤더 기반 초안,1,2002,0,142,MAP-029,R10,지역관계,R10,지역관계_조회계산,original_location,"REG 마스터 G/I에서 생성된 파생 관계를 검증·대조하는 목적지. 기존 표시 relation ID는 legacy_relation_id로 보존하고, 신규 고정 relation_id는 locator 대응 재사용. 파생 행을 두 번째 사실 입력으로 복제하지 않음.",PH0/REG-V1_online.xlsx#xl/worksheets/sheet29.xml:G; literal=PH1/literal_cells.csv; formulas=PH1/formula_patterns_and_dependencies.json,PH1 대상표·필드·형·처리경로 명세; 원본단일화 및 파생식 재구현,"사용자 시작지시 + 계획서 4.2~4.8,5~8; 정본 승인과 별개",키 중복/외래키 존재/자료형/원문 보존 대조; 행이 없으면 자료 없음이며 시험 통과로 보지 않음.,미실행,false,"[{""file_code"": ""R10"", ""table"": ""지역관계_조회계산"", ""field"": ""original_location"", ""role"": ""calculated"", ""row_condition"": ""all source records"", ""rule"": ""all source records"", ""data_type"": ""text_nullable"", ""reference"": """"}]",text_nullable,,명세 작성; 행별 의미 대조/온라인 시험 미실행
REG-V1,1EACdRIiAPGk4LAbttpXZiJd_cuqIh-cVi4jQsbfmqDw,900230002,10_행성_기본값,A,REG-V1:900230002:A,scope_id,1,"{""rows"": [1], ""values"": [""scope_id""]}",string,input,셀 내용 전수의 literal/formula/헤더 기반 초안,25,0,0,0,MAP-030,R70,행성기본값 / 값채택,R70;C00,행성기본값;행성기본값_계산;공통기준_개정후보,planet_scope_id,property_id별 직접값/문자값/산식/근거 보존. 역법 5개 속성은 C00 기존 기준 개정 후보와 대조하고 R70에 입력원본 중복 금지. solar_day/sidereal_day/orbital_period는 물리 설명과 산출 근거를 R70에 유지.,PH0/REG-V1_online.xlsx#xl/worksheets/sheet30.xml:A; literal=PH1/literal_cells.csv; formulas=PH1/formula_patterns_and_dependencies.json,PH1 대상표·필드·형·처리경로 명세; 원본단일화 및 파생식 재구현,"사용자 시작지시 + 계획서 4.2~4.8,5~8; 정본 승인과 별개",키 중복/외래키 존재/자료형/원문 보존 대조; 행이 없으면 자료 없음이며 시험 통과로 보지 않음.,미실행,false,"[{""file_code"": ""R70"", ""table"": ""행성기본값"", ""field"": ""planet_scope_id"", ""role"": ""input"", ""row_condition"": ""property_id not in civil_day,civil_year_days,year_correction,months_per_year,days_per_month; original numeric D cell of the same row is not a formula (literal, text-only, or unknown-value property)"", ""rule"": ""property_id not in civil_day,civil_year_days,year_correction,months_per_year,days_per_month; original numeric D cell of the same row is not a formula (literal, text-only, or unknown-value property)"", ""data_type"": ""text_identifier; case preserved"", ""reference"": ""C00.대상목록.scope_id; planet.1 preserved; do not equate planet ID to region ID without registered relation""}, {""file_code"": ""R70"", ""table"": ""행성기본값_계산"", ""field"": ""planet_scope_id"", ""role"": ""calculated"", ""row_condition"": ""property_id not in civil_day,civil_year_days,year_correction,months_per_year,days_per_month; original numeric D cell of the same row is a formula; metadata travels with that calculated property"", ""rule"": ""property_id not in civil_day,civil_year_days,year_correction,months_per_year,days_per_month; original numeric D cell of the same row is a formula; metadata travels with that calculated property"", ""data_type"": ""text_identifier; case preserved"", ""reference"": ""C00.대상목록.scope_id; planet.1 preserved; do not equate planet ID to region ID without registered relation""}, {""file_code"": ""C00"", ""table"": ""공통기준_개정후보"", ""field"": ""planet_scope_id"", ""role"": ""input"", ""row_condition"": ""property_id in civil_day,civil_year_days,year_correction,months_per_year,days_per_month"", ""rule"": ""property_id in civil_day,civil_year_days,year_correction,months_per_year,days_per_month"", ""data_type"": ""text_identifier; case preserved"", ""reference"": ""C00.대상목록.scope_id; planet.1 preserved; do not equate planet ID to region ID without registered relation""}]",text_identifier; case preserved,R-003;R-009,명세 작성; 행별 의미 대조/온라인 시험 미실행
REG-V1,1EACdRIiAPGk4LAbttpXZiJd_cuqIh-cVi4jQsbfmqDw,900230002,10_행성_기본값,B,REG-V1:900230002:B,항목 ID,1,"{""rows"": [1], ""values"": [""항목 ID""]}",string,input,셀 내용 전수의 literal/formula/헤더 기반 초안,25,0,0,0,MAP-030,R70,행성기본값 / 값채택,R70;C00,행성기본값;행성기본값_계산;공통기준_개정후보,property_id,property_id별 직접값/문자값/산식/근거 보존. 역법 5개 속성은 C00 기존 기준 개정 후보와 대조하고 R70에 입력원본 중복 금지. solar_day/sidereal_day/orbital_period는 물리 설명과 산출 근거를 R70에 유지.,PH0/REG-V1_online.xlsx#xl/worksheets/sheet30.xml:B; literal=PH1/literal_cells.csv; formulas=PH1/formula_patterns_and_dependencies.json,PH1 대상표·필드·형·처리경로 명세; 원본단일화 및 파생식 재구현,"사용자 시작지시 + 계획서 4.2~4.8,5~8; 정본 승인과 별개",키 중복/외래키 존재/자료형/원문 보존 대조; 행이 없으면 자료 없음이며 시험 통과로 보지 않음.,미실행,false,"[{""file_code"": ""R70"", ""table"": ""행성기본값"", ""field"": ""property_id"", ""role"": ""input"", ""row_condition"": ""property_id not in civil_day,civil_year_days,year_correction,months_per_year,days_per_month; original numeric D cell of the same row is not a formula (literal, text-only, or unknown-value property)"", ""rule"": ""property_id not in civil_day,civil_year_days,year_correction,months_per_year,days_per_month; original numeric D cell of the same row is not a formula (literal, text-only, or unknown-value property)"", ""data_type"": ""text_identifier; case preserved"", ""reference"": """"}, {""file_code"": ""R70"", ""table"": ""행성기본값_계산"", ""field"": ""property_id"", ""role"": ""calculated"", ""row_condition"": ""property_id not in civil_day,civil_year_days,year_correction,months_per_year,days_per_month; original numeric D cell of the same row is a formula; metadata travels with that calculated property"", ""rule"": ""property_id not in civil_day,civil_year_days,year_correction,months_per_year,days_per_month; original numeric D cell of the same row is a formula; metadata travels with that calculated property"", ""data_type"": ""text_identifier; case preserved"", ""reference"": """"}, {""file_code"": ""C00"", ""table"": ""공통기준_개정후보"", ""field"": ""property_id"", ""role"": ""input"", ""row_condition"": ""property_id in civil_day,civil_year_days,year_correction,months_per_year,days_per_month"", ""rule"": ""property_id in civil_day,civil_year_days,year_correction,months_per_year,days_per_month"", ""data_type"": ""text_identifier; case preserved"", ""reference"": """"}]",text_identifier; case preserved,R-003;R-009,명세 작성; 행별 의미 대조/온라인 시험 미실행
REG-V1,1EACdRIiAPGk4LAbttpXZiJd_cuqIh-cVi4jQsbfmqDw,900230002,10_행성_기본값,C,REG-V1:900230002:C,항목,1,"{""rows"": [1], ""values"": [""항목""]}",string,input,셀 내용 전수의 literal/formula/헤더 기반 초안,25,0,0,0,MAP-030,R70,행성기본값 / 값채택,R70;C00,행성기본값;행성기본값_계산;공통기준_개정후보,property_name,property_id별 직접값/문자값/산식/근거 보존. 역법 5개 속성은 C00 기존 기준 개정 후보와 대조하고 R70에 입력원본 중복 금지. solar_day/sidereal_day/orbital_period는 물리 설명과 산출 근거를 R70에 유지.,PH0/REG-V1_online.xlsx#xl/worksheets/sheet30.xml:C; literal=PH1/literal_cells.csv; formulas=PH1/formula_patterns_and_dependencies.json,PH1 대상표·필드·형·처리경로 명세; 원본단일화 및 파생식 재구현,"사용자 시작지시 + 계획서 4.2~4.8,5~8; 정본 승인과 별개",키 중복/외래키 존재/자료형/원문 보존 대조; 행이 없으면 자료 없음이며 시험 통과로 보지 않음.,미실행,false,"[{""file_code"": ""R70"", ""table"": ""행성기본값"", ""field"": ""property_name"", ""role"": ""input"", ""row_condition"": ""property_id not in civil_day,civil_year_days,year_correction,months_per_year,days_per_month; original numeric D cell of the same row is not a formula (literal, text-only, or unknown-value property)"", ""rule"": ""property_id not in civil_day,civil_year_days,year_correction,months_per_year,days_per_month; original numeric D cell of the same row is not a formula (literal, text-only, or unknown-value property)"", ""data_type"": ""text_nullable"", ""reference"": """"}, {""file_code"": ""R70"", ""table"": ""행성기본값_계산"", ""field"": ""property_name"", ""role"": ""calculated"", ""row_condition"": ""property_id not in civil_day,civil_year_days,year_correction,months_per_year,days_per_month; original numeric D cell of the same row is a formula; metadata travels with that calculated property"", ""rule"": ""property_id not in civil_day,civil_year_days,year_correction,months_per_year,days_per_month; original numeric D cell of the same row is a formula; metadata travels with that calculated property"", ""data_type"": ""text_nullable"", ""reference"": """"}, {""file_code"": ""C00"", ""table"": ""공통기준_개정후보"", ""field"": ""property_name"", ""role"": ""input"", ""row_condition"": ""property_id in civil_day,civil_year_days,year_correction,months_per_year,days_per_month"", ""rule"": ""property_id in civil_day,civil_year_days,year_correction,months_per_year,days_per_month"", ""data_type"": ""text_nullable"", ""reference"": """"}]",text_nullable,R-003;R-009,명세 작성; 행별 의미 대조/온라인 시험 미실행
REG-V1,1EACdRIiAPGk4LAbttpXZiJd_cuqIh-cVi4jQsbfmqDw,900230002,10_행성_기본값,D,REG-V1:900230002:D,수치,1,"{""rows"": [1], ""values"": [""수치""]}","string,number",mixed_input_formula_review,셀 내용 전수의 literal/formula/헤더 기반 초안,16,7,0,4,MAP-030,R70,행성기본값 / 값채택,R70;C00,행성기본값;행성기본값_계산;공통기준_개정후보,value_numeric;calculated_value,property_id별 직접값/문자값/산식/근거 보존. 역법 5개 속성은 C00 기존 기준 개정 후보와 대조하고 R70에 입력원본 중복 금지. solar_day/sidereal_day/orbital_period는 물리 설명과 산출 근거를 R70에 유지. 7개 수식 셀은 계산 경로로만 재구현; 원문값과 계산값·채택 상태 분리. 불명 육지율을 0으로 보완하지 않음.,PH0/REG-V1_online.xlsx#xl/worksheets/sheet30.xml:D; literal=PH1/literal_cells.csv; formulas=PH1/formula_patterns_and_dependencies.json,PH1 대상표·필드·형·처리경로 명세; 원본단일화 및 파생식 재구현,"사용자 시작지시 + 계획서 4.2~4.8,5~8; 정본 승인과 별개",키 중복/외래키 존재/자료형/원문 보존 대조; 행이 없으면 자료 없음이며 시험 통과로 보지 않음.,미실행,false,"[{""file_code"": ""R70"", ""table"": ""행성기본값"", ""field"": ""value_numeric"", ""role"": ""input"", ""row_condition"": ""property_id not in civil_day,civil_year_days,year_correction,months_per_year,days_per_month; original numeric D cell of the same row is not a formula (literal, text-only, or unknown-value property)"", ""rule"": ""property_id not in civil_day,civil_year_days,year_correction,months_per_year,days_per_month; original numeric D cell of the same row is not a formula (literal, text-only, or unknown-value property)"", ""data_type"": ""decimal_nullable; exact original in value_raw"", ""reference"": """"}, {""file_code"": ""R70"", ""table"": ""행성기본값_계산"", ""field"": ""calculated_value"", ""role"": ""calculated"", ""row_condition"": ""property_id not in civil_day,civil_year_days,year_correction,months_per_year,days_per_month; original numeric D cell of the same row is a formula; metadata travels with that calculated property"", ""rule"": ""property_id not in civil_day,civil_year_days,year_correction,months_per_year,days_per_month; original numeric D cell of the same row is a formula; metadata travels with that calculated property"", ""data_type"": ""decimal_nullable; exact original in value_raw"", ""reference"": """"}, {""file_code"": ""C00"", ""table"": ""공통기준_개정후보"", ""field"": ""value_numeric"", ""role"": ""input"", ""row_condition"": ""property_id in civil_day,civil_year_days,year_correction,months_per_year,days_per_month"", ""rule"": ""property_id in civil_day,civil_year_days,year_correction,months_per_year,days_per_month"", ""data_type"": ""decimal_nullable; exact original in value_raw"", ""reference"": """"}]",decimal_nullable; exact original in value_raw,R-003;R-009,명세 작성; 행별 의미 대조/온라인 시험 미실행
REG-V1,1EACdRIiAPGk4LAbttpXZiJd_cuqIh-cVi4jQsbfmqDw,900230002,10_행성_기본값,E,REG-V1:900230002:E,문자값,1,"{""rows"": [1], ""values"": [""문자값""]}",string,input,셀 내용 전수의 literal/formula/헤더 기반 초안,2,0,0,0,MAP-030,R70,행성기본값 / 값채택,R70;C00,행성기본값;행성기본값_계산;공통기준_개정후보,value_text,property_id별 직접값/문자값/산식/근거 보존. 역법 5개 속성은 C00 기존 기준 개정 후보와 대조하고 R70에 입력원본 중복 금지. solar_day/sidereal_day/orbital_period는 물리 설명과 산출 근거를 R70에 유지.,PH0/REG-V1_online.xlsx#xl/worksheets/sheet30.xml:E; literal=PH1/literal_cells.csv; formulas=PH1/formula_patterns_and_dependencies.json,PH1 대상표·필드·형·처리경로 명세; 원본단일화 및 파생식 재구현,"사용자 시작지시 + 계획서 4.2~4.8,5~8; 정본 승인과 별개",키 중복/외래키 존재/자료형/원문 보존 대조; 행이 없으면 자료 없음이며 시험 통과로 보지 않음.,미실행,false,"[{""file_code"": ""R70"", ""table"": ""행성기본값"", ""field"": ""value_text"", ""role"": ""input"", ""row_condition"": ""property_id not in civil_day,civil_year_days,year_correction,months_per_year,days_per_month; original numeric D cell of the same row is not a formula (literal, text-only, or unknown-value property)"", ""rule"": ""property_id not in civil_day,civil_year_days,year_correction,months_per_year,days_per_month; original numeric D cell of the same row is not a formula (literal, text-only, or unknown-value property)"", ""data_type"": ""text_nullable"", ""reference"": """"}, {""file_code"": ""R70"", ""table"": ""행성기본값_계산"", ""field"": ""value_text"", ""role"": ""calculated"", ""row_condition"": ""property_id not in civil_day,civil_year_days,year_correction,months_per_year,days_per_month; original numeric D cell of the same row is a formula; metadata travels with that calculated property"", ""rule"": ""property_id not in civil_day,civil_year_days,year_correction,months_per_year,days_per_month; original numeric D cell of the same row is a formula; metadata travels with that calculated property"", ""data_type"": ""text_nullable"", ""reference"": """"}, {""file_code"": ""C00"", ""table"": ""공통기준_개정후보"", ""field"": ""value_text"", ""role"": ""input"", ""row_condition"": ""property_id in civil_day,civil_year_days,year_correction,months_per_year,days_per_month"", ""rule"": ""property_id in civil_day,civil_year_days,year_correction,months_per_year,days_per_month"", ""data_type"": ""text_nullable"", ""reference"": """"}]",text_nullable,R-003;R-009,명세 작성; 행별 의미 대조/온라인 시험 미실행
REG-V1,1EACdRIiAPGk4LAbttpXZiJd_cuqIh-cVi4jQsbfmqDw,900230002,10_행성_기본값,F,REG-V1:900230002:F,단위,1,"{""rows"": [1], ""values"": [""단위""]}",string,input,셀 내용 전수의 literal/formula/헤더 기반 초안,25,0,0,0,MAP-030,R70,행성기본값 / 값채택,R70;C00,행성기본값;행성기본값_계산;공통기준_개정후보,unit,property_id별 직접값/문자값/산식/근거 보존. 역법 5개 속성은 C00 기존 기준 개정 후보와 대조하고 R70에 입력원본 중복 금지. solar_day/sidereal_day/orbital_period는 물리 설명과 산출 근거를 R70에 유지.,PH0/REG-V1_online.xlsx#xl/worksheets/sheet30.xml:F; literal=PH1/literal_cells.csv; formulas=PH1/formula_patterns_and_dependencies.json,PH1 대상표·필드·형·처리경로 명세; 원본단일화 및 파생식 재구현,"사용자 시작지시 + 계획서 4.2~4.8,5~8; 정본 승인과 별개",키 중복/외래키 존재/자료형/원문 보존 대조; 행이 없으면 자료 없음이며 시험 통과로 보지 않음.,미실행,false,"[{""file_code"": ""R70"", ""table"": ""행성기본값"", ""field"": ""unit"", ""role"": ""input"", ""row_condition"": ""property_id not in civil_day,civil_year_days,year_correction,months_per_year,days_per_month; original numeric D cell of the same row is not a formula (literal, text-only, or unknown-value property)"", ""rule"": ""property_id not in civil_day,civil_year_days,year_correction,months_per_year,days_per_month; original numeric D cell of the same row is not a formula (literal, text-only, or unknown-value property)"", ""data_type"": ""text_nullable"", ""reference"": """"}, {""file_code"": ""R70"", ""table"": ""행성기본값_계산"", ""field"": ""unit"", ""role"": ""calculated"", ""row_condition"": ""property_id not in civil_day,civil_year_days,year_correction,months_per_year,days_per_month; original numeric D cell of the same row is a formula; metadata travels with that calculated property"", ""rule"": ""property_id not in civil_day,civil_year_days,year_correction,months_per_year,days_per_month; original numeric D cell of the same row is a formula; metadata travels with that calculated property"", ""data_type"": ""text_nullable"", ""reference"": """"}, {""file_code"": ""C00"", ""table"": ""공통기준_개정후보"", ""field"": ""unit"", ""role"": ""input"", ""row_condition"": ""property_id in civil_day,civil_year_days,year_correction,months_per_year,days_per_month"", ""rule"": ""property_id in civil_day,civil_year_days,year_correction,months_per_year,days_per_month"", ""data_type"": ""text_nullable"", ""reference"": """"}]",text_nullable,R-003;R-009,명세 작성; 행별 의미 대조/온라인 시험 미실행
REG-V1,1EACdRIiAPGk4LAbttpXZiJd_cuqIh-cVi4jQsbfmqDw,900230002,10_행성_기본값,G,REG-V1:900230002:G,산출방식,1,"{""rows"": [1], ""values"": [""산출방식""]}",string,input,셀 내용 전수의 literal/formula/헤더 기반 초안,25,0,0,0,MAP-030,R70,행성기본값 / 값채택,R70;C00,행성기본값;행성기본값_계산;공통기준_개정후보,generation_method,property_id별 직접값/문자값/산식/근거 보존. 역법 5개 속성은 C00 기존 기준 개정 후보와 대조하고 R70에 입력원본 중복 금지. solar_day/sidereal_day/orbital_period는 물리 설명과 산출 근거를 R70에 유지.,PH0/REG-V1_online.xlsx#xl/worksheets/sheet30.xml:G; literal=PH1/literal_cells.csv; formulas=PH1/formula_patterns_and_dependencies.json,PH1 대상표·필드·형·처리경로 명세; 원본단일화 및 파생식 재구현,"사용자 시작지시 + 계획서 4.2~4.8,5~8; 정본 승인과 별개",키 중복/외래키 존재/자료형/원문 보존 대조; 행이 없으면 자료 없음이며 시험 통과로 보지 않음.,미실행,false,"[{""file_code"": ""R70"", ""table"": ""행성기본값"", ""field"": ""generation_method"", ""role"": ""input"", ""row_condition"": ""property_id not in civil_day,civil_year_days,year_correction,months_per_year,days_per_month; original numeric D cell of the same row is not a formula (literal, text-only, or unknown-value property)"", ""rule"": ""property_id not in civil_day,civil_year_days,year_correction,months_per_year,days_per_month; original numeric D cell of the same row is not a formula (literal, text-only, or unknown-value property)"", ""data_type"": ""C00_code_nullable; unknown original retained"", ""reference"": """"}, {""file_code"": ""R70"", ""table"": ""행성기본값_계산"", ""field"": ""generation_method"", ""role"": ""calculated"", ""row_condition"": ""property_id not in civil_day,civil_year_days,year_correction,months_per_year,days_per_month; original numeric D cell of the same row is a formula; metadata travels with that calculated property"", ""rule"": ""property_id not in civil_day,civil_year_days,year_correction,months_per_year,days_per_month; original numeric D cell of the same row is a formula; metadata travels with that calculated property"", ""data_type"": ""C00_code_nullable; unknown original retained"", ""reference"": """"}, {""file_code"": ""C00"", ""table"": ""공통기준_개정후보"", ""field"": ""generation_method"", ""role"": ""input"", ""row_condition"": ""property_id in civil_day,civil_year_days,year_correction,months_per_year,days_per_month"", ""rule"": ""property_id in civil_day,civil_year_days,year_correction,months_per_year,days_per_month"", ""data_type"": ""C00_code_nullable; unknown original retained"", ""reference"": """"}]",C00_code_nullable; unknown original retained,R-003;R-009,명세 작성; 행별 의미 대조/온라인 시험 미실행
REG-V1,1EACdRIiAPGk4LAbttpXZiJd_cuqIh-cVi4jQsbfmqDw,900230002,10_행성_기본값,H,REG-V1:900230002:H,설정 상태,1,"{""rows"": [1], ""values"": [""설정 상태""]}",string,input,셀 내용 전수의 literal/formula/헤더 기반 초안,25,0,0,0,MAP-030,R70,행성기본값 / 값채택,R70;C00,행성기본값;행성기본값_계산;공통기준_개정후보,setting_status,property_id별 직접값/문자값/산식/근거 보존. 역법 5개 속성은 C00 기존 기준 개정 후보와 대조하고 R70에 입력원본 중복 금지. solar_day/sidereal_day/orbital_period는 물리 설명과 산출 근거를 R70에 유지.,PH0/REG-V1_online.xlsx#xl/worksheets/sheet30.xml:H; literal=PH1/literal_cells.csv; formulas=PH1/formula_patterns_and_dependencies.json,PH1 대상표·필드·형·처리경로 명세; 원본단일화 및 파생식 재구현,"사용자 시작지시 + 계획서 4.2~4.8,5~8; 정본 승인과 별개",키 중복/외래키 존재/자료형/원문 보존 대조; 행이 없으면 자료 없음이며 시험 통과로 보지 않음.,미실행,false,"[{""file_code"": ""R70"", ""table"": ""행성기본값"", ""field"": ""setting_status"", ""role"": ""input"", ""row_condition"": ""property_id not in civil_day,civil_year_days,year_correction,months_per_year,days_per_month; original numeric D cell of the same row is not a formula (literal, text-only, or unknown-value property)"", ""rule"": ""property_id not in civil_day,civil_year_days,year_correction,months_per_year,days_per_month; original numeric D cell of the same row is not a formula (literal, text-only, or unknown-value property)"", ""data_type"": ""C00_code_nullable; unknown original retained"", ""reference"": """"}, {""file_code"": ""R70"", ""table"": ""행성기본값_계산"", ""field"": ""setting_status"", ""role"": ""calculated"", ""row_condition"": ""property_id not in civil_day,civil_year_days,year_correction,months_per_year,days_per_month; original numeric D cell of the same row is a formula; metadata travels with that calculated property"", ""rule"": ""property_id not in civil_day,civil_year_days,year_correction,months_per_year,days_per_month; original numeric D cell of the same row is a formula; metadata travels with that calculated property"", ""data_type"": ""C00_code_nullable; unknown original retained"", ""reference"": """"}, {""file_code"": ""C00"", ""table"": ""공통기준_개정후보"", ""field"": ""setting_status"", ""role"": ""input"", ""row_condition"": ""property_id in civil_day,civil_year_days,year_correction,months_per_year,days_per_month"", ""rule"": ""property_id in civil_day,civil_year_days,year_correction,months_per_year,days_per_month"", ""data_type"": ""C00_code_nullable; unknown original retained"", ""reference"": """"}]",C00_code_nullable; unknown original retained,R-003;R-009,명세 작성; 행별 의미 대조/온라인 시험 미실행
REG-V1,1EACdRIiAPGk4LAbttpXZiJd_cuqIh-cVi4jQsbfmqDw,900230002,10_행성_기본값,I,REG-V1:900230002:I,출처 ID,1,"{""rows"": [1], ""values"": [""출처 ID""]}",string,input,셀 내용 전수의 literal/formula/헤더 기반 초안,21,0,0,0,MAP-030,R70,행성기본값 / 값채택,R70;C00,행성기본값;행성기본값_계산;공통기준_개정후보,source_id,property_id별 직접값/문자값/산식/근거 보존. 역법 5개 속성은 C00 기존 기준 개정 후보와 대조하고 R70에 입력원본 중복 금지. solar_day/sidereal_day/orbital_period는 물리 설명과 산출 근거를 R70에 유지.,PH0/REG-V1_online.xlsx#xl/worksheets/sheet30.xml:I; literal=PH1/literal_cells.csv; formulas=PH1/formula_patterns_and_dependencies.json,PH1 대상표·필드·형·처리경로 명세; 원본단일화 및 파생식 재구현,"사용자 시작지시 + 계획서 4.2~4.8,5~8; 정본 승인과 별개",키 중복/외래키 존재/자료형/원문 보존 대조; 행이 없으면 자료 없음이며 시험 통과로 보지 않음.,미실행,false,"[{""file_code"": ""R70"", ""table"": ""행성기본값"", ""field"": ""source_id"", ""role"": ""input"", ""row_condition"": ""property_id not in civil_day,civil_year_days,year_correction,months_per_year,days_per_month; original numeric D cell of the same row is not a formula (literal, text-only, or unknown-value property)"", ""rule"": ""property_id not in civil_day,civil_year_days,year_correction,months_per_year,days_per_month; original numeric D cell of the same row is not a formula (literal, text-only, or unknown-value property)"", ""data_type"": ""text_identifier; case preserved"", ""reference"": ""C00.출처레지스트리.source_id""}, {""file_code"": ""R70"", ""table"": ""행성기본값_계산"", ""field"": ""source_id"", ""role"": ""calculated"", ""row_condition"": ""property_id not in civil_day,civil_year_days,year_correction,months_per_year,days_per_month; original numeric D cell of the same row is a formula; metadata travels with that calculated property"", ""rule"": ""property_id not in civil_day,civil_year_days,year_correction,months_per_year,days_per_month; original numeric D cell of the same row is a formula; metadata travels with that calculated property"", ""data_type"": ""text_identifier; case preserved"", ""reference"": ""C00.출처레지스트리.source_id""}, {""file_code"": ""C00"", ""table"": ""공통기준_개정후보"", ""field"": ""source_id"", ""role"": ""input"", ""row_condition"": ""property_id in civil_day,civil_year_days,year_correction,months_per_year,days_per_month"", ""rule"": ""property_id in civil_day,civil_year_days,year_correction,months_per_year,days_per_month"", ""data_type"": ""text_identifier; case preserved"", ""reference"": ""C00.출처레지스트리.source_id""}]",text_identifier; case preserved,R-003;R-009,명세 작성; 행별 의미 대조/온라인 시험 미실행
REG-V1,1EACdRIiAPGk4LAbttpXZiJd_cuqIh-cVi4jQsbfmqDw,900230002,10_행성_기본값,J,REG-V1:900230002:J,원문 위치,1,"{""rows"": [1], ""values"": [""원문 위치""]}",string,input,셀 내용 전수의 literal/formula/헤더 기반 초안,21,0,0,0,MAP-030,R70,행성기본값 / 값채택,R70;C00,행성기본값;행성기본값_계산;공통기준_개정후보,original_location,property_id별 직접값/문자값/산식/근거 보존. 역법 5개 속성은 C00 기존 기준 개정 후보와 대조하고 R70에 입력원본 중복 금지. solar_day/sidereal_day/orbital_period는 물리 설명과 산출 근거를 R70에 유지.,PH0/REG-V1_online.xlsx#xl/worksheets/sheet30.xml:J; literal=PH1/literal_cells.csv; formulas=PH1/formula_patterns_and_dependencies.json,PH1 대상표·필드·형·처리경로 명세; 원본단일화 및 파생식 재구현,"사용자 시작지시 + 계획서 4.2~4.8,5~8; 정본 승인과 별개",키 중복/외래키 존재/자료형/원문 보존 대조; 행이 없으면 자료 없음이며 시험 통과로 보지 않음.,미실행,false,"[{""file_code"": ""R70"", ""table"": ""행성기본값"", ""field"": ""original_location"", ""role"": ""input"", ""row_condition"": ""property_id not in civil_day,civil_year_days,year_correction,months_per_year,days_per_month; original numeric D cell of the same row is not a formula (literal, text-only, or unknown-value property)"", ""rule"": ""property_id not in civil_day,civil_year_days,year_correction,months_per_year,days_per_month; original numeric D cell of the same row is not a formula (literal, text-only, or unknown-value property)"", ""data_type"": ""text_nullable"", ""reference"": """"}, {""file_code"": ""R70"", ""table"": ""행성기본값_계산"", ""field"": ""original_location"", ""role"": ""calculated"", ""row_condition"": ""property_id not in civil_day,civil_year_days,year_correction,months_per_year,days_per_month; original numeric D cell of the same row is a formula; metadata travels with that calculated property"", ""rule"": ""property_id not in civil_day,civil_year_days,year_correction,months_per_year,days_per_month; original numeric D cell of the same row is a formula; metadata travels with that calculated property"", ""data_type"": ""text_nullable"", ""reference"": """"}, {""file_code"": ""C00"", ""table"": ""공통기준_개정후보"", ""field"": ""original_location"", ""role"": ""input"", ""row_condition"": ""property_id in civil_day,civil_year_days,year_correction,months_per_year,days_per_month"", ""rule"": ""property_id in civil_day,civil_year_days,year_correction,months_per_year,days_per_month"", ""data_type"": ""text_nullable"", ""reference"": """"}]",text_nullable,R-003;R-009,명세 작성; 행별 의미 대조/온라인 시험 미실행
REG-V1,1EACdRIiAPGk4LAbttpXZiJd_cuqIh-cVi4jQsbfmqDw,900230002,10_행성_기본값,K,REG-V1:900230002:K,비고,1,"{""rows"": [1], ""values"": [""비고""]}",string,input,셀 내용 전수의 literal/formula/헤더 기반 초안,25,0,0,0,MAP-030,R70,행성기본값 / 값채택,R70;C00,행성기본값;행성기본값_계산;공통기준_개정후보,notes,property_id별 직접값/문자값/산식/근거 보존. 역법 5개 속성은 C00 기존 기준 개정 후보와 대조하고 R70에 입력원본 중복 금지. solar_day/sidereal_day/orbital_period는 물리 설명과 산출 근거를 R70에 유지.,PH0/REG-V1_online.xlsx#xl/worksheets/sheet30.xml:K; literal=PH1/literal_cells.csv; formulas=PH1/formula_patterns_and_dependencies.json,PH1 대상표·필드·형·처리경로 명세; 원본단일화 및 파생식 재구현,"사용자 시작지시 + 계획서 4.2~4.8,5~8; 정본 승인과 별개",키 중복/외래키 존재/자료형/원문 보존 대조; 행이 없으면 자료 없음이며 시험 통과로 보지 않음.,미실행,false,"[{""file_code"": ""R70"", ""table"": ""행성기본값"", ""field"": ""notes"", ""role"": ""input"", ""row_condition"": ""property_id not in civil_day,civil_year_days,year_correction,months_per_year,days_per_month; original numeric D cell of the same row is not a formula (literal, text-only, or unknown-value property)"", ""rule"": ""property_id not in civil_day,civil_year_days,year_correction,months_per_year,days_per_month; original numeric D cell of the same row is not a formula (literal, text-only, or unknown-value property)"", ""data_type"": ""text_nullable"", ""reference"": """"}, {""file_code"": ""R70"", ""table"": ""행성기본값_계산"", ""field"": ""notes"", ""role"": ""calculated"", ""row_condition"": ""property_id not in civil_day,civil_year_days,year_correction,months_per_year,days_per_month; original numeric D cell of the same row is a formula; metadata travels with that calculated property"", ""rule"": ""property_id not in civil_day,civil_year_days,year_correction,months_per_year,days_per_month; original numeric D cell of the same row is a formula; metadata travels with that calculated property"", ""data_type"": ""text_nullable"", ""reference"": """"}, {""file_code"": ""C00"", ""table"": ""공통기준_개정후보"", ""field"": ""notes"", ""role"": ""input"", ""row_condition"": ""property_id in civil_day,civil_year_days,year_correction,months_per_year,days_per_month"", ""rule"": ""property_id in civil_day,civil_year_days,year_correction,months_per_year,days_per_month"", ""data_type"": ""text_nullable"", ""reference"": """"}]",text_nullable,R-003;R-009,명세 작성; 행별 의미 대조/온라인 시험 미실행
REG-V1,1EACdRIiAPGk4LAbttpXZiJd_cuqIh-cVi4jQsbfmqDw,900230003,11_행성_연간지표,A,REG-V1:900230003:A,연도·지표 키,1,"{""rows"": [1], ""values"": [""연도·지표 키""]}",string,formula,셀 내용 전수의 literal/formula/헤더 기반 초안,1,1000,0,120,MAP-031,R20;R60;H90,행성인구 / 행성경제 / 행성요약,R20;R60;R30,행성인구계산;행성경제계산;사회지표계산,observation_key,"행의 실제 metric_id로 분기: population→R20, GDP 3종→R60, urbanization→R30. 입력값·배치조건은 원본표, 파생 수치는 계산표. 정의 불명 새 지표는 미분류 보존/결정대기. 빈 직접값은 실제 관측치로 집계하지 않음. V1 산식 보존 후 V2 집계 키·대상 ID집합·완전성 계약으로 재구현; 22 고정·IFERROR 0 금지.",PH0/REG-V1_online.xlsx#xl/worksheets/sheet31.xml:A; literal=PH1/literal_cells.csv; formulas=PH1/formula_patterns_and_dependencies.json,PH1 대상표·필드·형·처리경로 명세; 원본단일화 및 파생식 재구현,"사용자 시작지시 + 계획서 4.2~4.8,5~8; 정본 승인과 별개",실제 Google Sheets 재계산·오류 전파·입력 변경·범위 확장 시험 필요. 현재 미실행.,미실행,false,"[{""file_code"": ""R20"", ""table"": ""행성인구계산"", ""field"": ""observation_key"", ""role"": ""calculated"", ""row_condition"": ""metric_id=population"", ""rule"": ""metric_id=population"", ""data_type"": ""text_nullable"", ""reference"": """"}, {""file_code"": ""R60"", ""table"": ""행성경제계산"", ""field"": ""observation_key"", ""role"": ""calculated"", ""row_condition"": ""metric_id=gdp_nominal"", ""rule"": ""metric_id=gdp_nominal"", ""data_type"": ""text_nullable"", ""reference"": """"}, {""file_code"": ""R60"", ""table"": ""행성경제계산"", ""field"": ""observation_key"", ""role"": ""calculated"", ""row_condition"": ""metric_id=gdp_real"", ""rule"": ""metric_id=gdp_real"", ""data_type"": ""text_nullable"", ""reference"": """"}, {""file_code"": ""R60"", ""table"": ""행성경제계산"", ""field"": ""observation_key"", ""role"": ""calculated"", ""row_condition"": ""metric_id=gdp_unclassified"", ""rule"": ""metric_id=gdp_unclassified"", ""data_type"": ""text_nullable"", ""reference"": """"}, {""file_code"": ""R30"", ""table"": ""사회지표계산"", ""field"": ""observation_key"", ""role"": ""calculated"", ""row_condition"": ""metric_id=urbanization"", ""rule"": ""metric_id=urbanization"", ""data_type"": ""text_nullable"", ""reference"": """"}]",text_nullable,R-001,명세 작성; 행별 의미 대조/온라인 시험 미실행
REG-V1,1EACdRIiAPGk4LAbttpXZiJd_cuqIh-cVi4jQsbfmqDw,900230003,11_행성_연간지표,B,REG-V1:900230003:B,scope_id,1,"{""rows"": [1], ""values"": [""scope_id""]}",string,input,셀 내용 전수의 literal/formula/헤더 기반 초안,121,0,0,0,MAP-031,R20;R60;H90,행성인구 / 행성경제 / 행성요약,R20;R60;R30,행성인구관측;행성경제관측;사회지표,planet_scope_id,"행의 실제 metric_id로 분기: population→R20, GDP 3종→R60, urbanization→R30. 입력값·배치조건은 원본표, 파생 수치는 계산표. 정의 불명 새 지표는 미분류 보존/결정대기. 빈 직접값은 실제 관측치로 집계하지 않음.",PH0/REG-V1_online.xlsx#xl/worksheets/sheet31.xml:B; literal=PH1/literal_cells.csv; formulas=PH1/formula_patterns_and_dependencies.json,PH1 대상표·필드·형·처리경로 명세; 원본단일화 및 파생식 재구현,"사용자 시작지시 + 계획서 4.2~4.8,5~8; 정본 승인과 별개",키 중복/외래키 존재/자료형/원문 보존 대조; 행이 없으면 자료 없음이며 시험 통과로 보지 않음.,미실행,false,"[{""file_code"": ""R20"", ""table"": ""행성인구관측"", ""field"": ""planet_scope_id"", ""role"": ""input"", ""row_condition"": ""metric_id=population"", ""rule"": ""metric_id=population"", ""data_type"": ""text_identifier; case preserved"", ""reference"": ""C00.대상목록.scope_id; planet.1 preserved; do not equate planet ID to region ID without registered relation""}, {""file_code"": ""R60"", ""table"": ""행성경제관측"", ""field"": ""planet_scope_id"", ""role"": ""input"", ""row_condition"": ""metric_id=gdp_nominal"", ""rule"": ""metric_id=gdp_nominal"", ""data_type"": ""text_identifier; case preserved"", ""reference"": ""C00.대상목록.scope_id; planet.1 preserved; do not equate planet ID to region ID without registered relation""}, {""file_code"": ""R60"", ""table"": ""행성경제관측"", ""field"": ""planet_scope_id"", ""role"": ""input"", ""row_condition"": ""metric_id=gdp_real"", ""rule"": ""metric_id=gdp_real"", ""data_type"": ""text_identifier; case preserved"", ""reference"": ""C00.대상목록.scope_id; planet.1 preserved; do not equate planet ID to region ID without registered relation""}, {""file_code"": ""R60"", ""table"": ""행성경제관측"", ""field"": ""planet_scope_id"", ""role"": ""input"", ""row_condition"": ""metric_id=gdp_unclassified"", ""rule"": ""metric_id=gdp_unclassified"", ""data_type"": ""text_identifier; case preserved"", ""reference"": ""C00.대상목록.scope_id; planet.1 preserved; do not equate planet ID to region ID without registered relation""}, {""file_code"": ""R30"", ""table"": ""사회지표"", ""field"": ""planet_scope_id"", ""role"": ""input"", ""row_condition"": ""metric_id=urbanization"", ""rule"": ""metric_id=urbanization"", ""data_type"": ""text_identifier; case preserved"", ""reference"": ""C00.대상목록.scope_id; planet.1 preserved; do not equate planet ID to region ID without registered relation""}]",text_identifier; case preserved,R-001,명세 작성; 행별 의미 대조/온라인 시험 미실행
REG-V1,1EACdRIiAPGk4LAbttpXZiJd_cuqIh-cVi4jQsbfmqDw,900230003,11_행성_연간지표,C,REG-V1:900230003:C,루트,1,"{""rows"": [1], ""values"": [""루트""]}",string,input,셀 내용 전수의 literal/formula/헤더 기반 초안,121,0,0,0,MAP-031,R20;R60;H90,행성인구 / 행성경제 / 행성요약,R20;R60;R30,행성인구관측;행성경제관측;사회지표,route,"행의 실제 metric_id로 분기: population→R20, GDP 3종→R60, urbanization→R30. 입력값·배치조건은 원본표, 파생 수치는 계산표. 정의 불명 새 지표는 미분류 보존/결정대기. 빈 직접값은 실제 관측치로 집계하지 않음.",PH0/REG-V1_online.xlsx#xl/worksheets/sheet31.xml:C; literal=PH1/literal_cells.csv; formulas=PH1/formula_patterns_and_dependencies.json,PH1 대상표·필드·형·처리경로 명세; 원본단일화 및 파생식 재구현,"사용자 시작지시 + 계획서 4.2~4.8,5~8; 정본 승인과 별개",키 중복/외래키 존재/자료형/원문 보존 대조; 행이 없으면 자료 없음이며 시험 통과로 보지 않음.,미실행,false,"[{""file_code"": ""R20"", ""table"": ""행성인구관측"", ""field"": ""route"", ""role"": ""input"", ""row_condition"": ""metric_id=population"", ""rule"": ""metric_id=population"", ""data_type"": ""text_nullable"", ""reference"": """"}, {""file_code"": ""R60"", ""table"": ""행성경제관측"", ""field"": ""route"", ""role"": ""input"", ""row_condition"": ""metric_id=gdp_nominal"", ""rule"": ""metric_id=gdp_nominal"", ""data_type"": ""text_nullable"", ""reference"": """"}, {""file_code"": ""R60"", ""table"": ""행성경제관측"", ""field"": ""route"", ""role"": ""input"", ""row_condition"": ""metric_id=gdp_real"", ""rule"": ""metric_id=gdp_real"", ""data_type"": ""text_nullable"", ""reference"": """"}, {""file_code"": ""R60"", ""table"": ""행성경제관측"", ""field"": ""route"", ""role"": ""input"", ""row_condition"": ""metric_id=gdp_unclassified"", ""rule"": ""metric_id=gdp_unclassified"", ""data_type"": ""text_nullable"", ""reference"": """"}, {""file_code"": ""R30"", ""table"": ""사회지표"", ""field"": ""route"", ""role"": ""input"", ""row_condition"": ""metric_id=urbanization"", ""rule"": ""metric_id=urbanization"", ""data_type"": ""text_nullable"", ""reference"": """"}]",text_nullable,R-001,명세 작성; 행별 의미 대조/온라인 시험 미실행
REG-V1,1EACdRIiAPGk4LAbttpXZiJd_cuqIh-cVi4jQsbfmqDw,900230003,11_행성_연간지표,D,REG-V1:900230003:D,기년,1,"{""rows"": [1], ""values"": [""기년""]}",string,input,셀 내용 전수의 literal/formula/헤더 기반 초안,121,0,0,0,MAP-031,R20;R60;H90,행성인구 / 행성경제 / 행성요약,R20;R60;R30,행성인구관측;행성경제관측;사회지표,era,"행의 실제 metric_id로 분기: population→R20, GDP 3종→R60, urbanization→R30. 입력값·배치조건은 원본표, 파생 수치는 계산표. 정의 불명 새 지표는 미분류 보존/결정대기. 빈 직접값은 실제 관측치로 집계하지 않음.",PH0/REG-V1_online.xlsx#xl/worksheets/sheet31.xml:D; literal=PH1/literal_cells.csv; formulas=PH1/formula_patterns_and_dependencies.json,PH1 대상표·필드·형·처리경로 명세; 원본단일화 및 파생식 재구현,"사용자 시작지시 + 계획서 4.2~4.8,5~8; 정본 승인과 별개",키 중복/외래키 존재/자료형/원문 보존 대조; 행이 없으면 자료 없음이며 시험 통과로 보지 않음.,미실행,false,"[{""file_code"": ""R20"", ""table"": ""행성인구관측"", ""field"": ""era"", ""role"": ""input"", ""row_condition"": ""metric_id=population"", ""rule"": ""metric_id=population"", ""data_type"": ""text_nullable"", ""reference"": """"}, {""file_code"": ""R60"", ""table"": ""행성경제관측"", ""field"": ""era"", ""role"": ""input"", ""row_condition"": ""metric_id=gdp_nominal"", ""rule"": ""metric_id=gdp_nominal"", ""data_type"": ""text_nullable"", ""reference"": """"}, {""file_code"": ""R60"", ""table"": ""행성경제관측"", ""field"": ""era"", ""role"": ""input"", ""row_condition"": ""metric_id=gdp_real"", ""rule"": ""metric_id=gdp_real"", ""data_type"": ""text_nullable"", ""reference"": """"}, {""file_code"": ""R60"", ""table"": ""행성경제관측"", ""field"": ""era"", ""role"": ""input"", ""row_condition"": ""metric_id=gdp_unclassified"", ""rule"": ""metric_id=gdp_unclassified"", ""data_type"": ""text_nullable"", ""reference"": """"}, {""file_code"": ""R30"", ""table"": ""사회지표"", ""field"": ""era"", ""role"": ""input"", ""row_condition"": ""metric_id=urbanization"", ""rule"": ""metric_id=urbanization"", ""data_type"": ""text_nullable"", ""reference"": """"}]",text_nullable,R-001,명세 작성; 행별 의미 대조/온라인 시험 미실행
REG-V1,1EACdRIiAPGk4LAbttpXZiJd_cuqIh-cVi4jQsbfmqDw,900230003,11_행성_연간지표,E,REG-V1:900230003:E,연도,1,"{""rows"": [1], ""values"": [""연도""]}","string,number",input,셀 내용 전수의 literal/formula/헤더 기반 초안,121,0,0,0,MAP-031,R20;R60;H90,행성인구 / 행성경제 / 행성요약,R20;R60;R30,행성인구관측;행성경제관측;사회지표,year,"행의 실제 metric_id로 분기: population→R20, GDP 3종→R60, urbanization→R30. 입력값·배치조건은 원본표, 파생 수치는 계산표. 정의 불명 새 지표는 미분류 보존/결정대기. 빈 직접값은 실제 관측치로 집계하지 않음.",PH0/REG-V1_online.xlsx#xl/worksheets/sheet31.xml:E; literal=PH1/literal_cells.csv; formulas=PH1/formula_patterns_and_dependencies.json,PH1 대상표·필드·형·처리경로 명세; 원본단일화 및 파생식 재구현,"사용자 시작지시 + 계획서 4.2~4.8,5~8; 정본 승인과 별개",키 중복/외래키 존재/자료형/원문 보존 대조; 행이 없으면 자료 없음이며 시험 통과로 보지 않음.,미실행,false,"[{""file_code"": ""R20"", ""table"": ""행성인구관측"", ""field"": ""year"", ""role"": ""input"", ""row_condition"": ""metric_id=population"", ""rule"": ""metric_id=population"", ""data_type"": ""integer_nullable"", ""reference"": """"}, {""file_code"": ""R60"", ""table"": ""행성경제관측"", ""field"": ""year"", ""role"": ""input"", ""row_condition"": ""metric_id=gdp_nominal"", ""rule"": ""metric_id=gdp_nominal"", ""data_type"": ""integer_nullable"", ""reference"": """"}, {""file_code"": ""R60"", ""table"": ""행성경제관측"", ""field"": ""year"", ""role"": ""input"", ""row_condition"": ""metric_id=gdp_real"", ""rule"": ""metric_id=gdp_real"", ""data_type"": ""integer_nullable"", ""reference"": """"}, {""file_code"": ""R60"", ""table"": ""행성경제관측"", ""field"": ""year"", ""role"": ""input"", ""row_condition"": ""metric_id=gdp_unclassified"", ""rule"": ""metric_id=gdp_unclassified"", ""data_type"": ""integer_nullable"", ""reference"": """"}, {""file_code"": ""R30"", ""table"": ""사회지표"", ""field"": ""year"", ""role"": ""input"", ""row_condition"": ""metric_id=urbanization"", ""rule"": ""metric_id=urbanization"", ""data_type"": ""integer_nullable"", ""reference"": """"}]",integer_nullable,R-001,명세 작성; 행별 의미 대조/온라인 시험 미실행
REG-V1,1EACdRIiAPGk4LAbttpXZiJd_cuqIh-cVi4jQsbfmqDw,900230003,11_행성_연간지표,F,REG-V1:900230003:F,지표 ID,1,"{""rows"": [1], ""values"": [""지표 ID""]}",string,input,셀 내용 전수의 literal/formula/헤더 기반 초안,121,0,0,0,MAP-031,R20;R60;H90,행성인구 / 행성경제 / 행성요약,R20;R60;R30,행성인구관측;행성경제관측;사회지표,metric_id,"행의 실제 metric_id로 분기: population→R20, GDP 3종→R60, urbanization→R30. 입력값·배치조건은 원본표, 파생 수치는 계산표. 정의 불명 새 지표는 미분류 보존/결정대기. 빈 직접값은 실제 관측치로 집계하지 않음.",PH0/REG-V1_online.xlsx#xl/worksheets/sheet31.xml:F; literal=PH1/literal_cells.csv; formulas=PH1/formula_patterns_and_dependencies.json,PH1 대상표·필드·형·처리경로 명세; 원본단일화 및 파생식 재구현,"사용자 시작지시 + 계획서 4.2~4.8,5~8; 정본 승인과 별개",키 중복/외래키 존재/자료형/원문 보존 대조; 행이 없으면 자료 없음이며 시험 통과로 보지 않음.,미실행,false,"[{""file_code"": ""R20"", ""table"": ""행성인구관측"", ""field"": ""metric_id"", ""role"": ""input"", ""row_condition"": ""metric_id=population"", ""rule"": ""metric_id=population"", ""data_type"": ""text_identifier; case preserved"", ""reference"": ""C00.metric_dictionary.metric_id""}, {""file_code"": ""R60"", ""table"": ""행성경제관측"", ""field"": ""metric_id"", ""role"": ""input"", ""row_condition"": ""metric_id=gdp_nominal"", ""rule"": ""metric_id=gdp_nominal"", ""data_type"": ""text_identifier; case preserved"", ""reference"": ""C00.metric_dictionary.metric_id""}, {""file_code"": ""R60"", ""table"": ""행성경제관측"", ""field"": ""metric_id"", ""role"": ""input"", ""row_condition"": ""metric_id=gdp_real"", ""rule"": ""metric_id=gdp_real"", ""data_type"": ""text_identifier; case preserved"", ""reference"": ""C00.metric_dictionary.metric_id""}, {""file_code"": ""R60"", ""table"": ""행성경제관측"", ""field"": ""metric_id"", ""role"": ""input"", ""row_condition"": ""metric_id=gdp_unclassified"", ""rule"": ""metric_id=gdp_unclassified"", ""data_type"": ""text_identifier; case preserved"", ""reference"": ""C00.metric_dictionary.metric_id""}, {""file_code"": ""R30"", ""table"": ""사회지표"", ""field"": ""metric_id"", ""role"": ""input"", ""row_condition"": ""metric_id=urbanization"", ""rule"": ""metric_id=urbanization"", ""data_type"": ""text_identifier; case preserved"", ""reference"": ""C00.metric_dictionary.metric_id""}]",text_identifier; case preserved,R-001,명세 작성; 행별 의미 대조/온라인 시험 미실행
REG-V1,1EACdRIiAPGk4LAbttpXZiJd_cuqIh-cVi4jQsbfmqDw,900230003,11_행성_연간지표,G,REG-V1:900230003:G,단위,1,"{""rows"": [1], ""values"": [""단위""]}",string,input,셀 내용 전수의 literal/formula/헤더 기반 초안,121,0,0,0,MAP-031,R20;R60;H90,행성인구 / 행성경제 / 행성요약,R20;R60;R30,행성인구관측;행성경제관측;사회지표,unit,"행의 실제 metric_id로 분기: population→R20, GDP 3종→R60, urbanization→R30. 입력값·배치조건은 원본표, 파생 수치는 계산표. 정의 불명 새 지표는 미분류 보존/결정대기. 빈 직접값은 실제 관측치로 집계하지 않음.",PH0/REG-V1_online.xlsx#xl/worksheets/sheet31.xml:G; literal=PH1/literal_cells.csv; formulas=PH1/formula_patterns_and_dependencies.json,PH1 대상표·필드·형·처리경로 명세; 원본단일화 및 파생식 재구현,"사용자 시작지시 + 계획서 4.2~4.8,5~8; 정본 승인과 별개",키 중복/외래키 존재/자료형/원문 보존 대조; 행이 없으면 자료 없음이며 시험 통과로 보지 않음.,미실행,false,"[{""file_code"": ""R20"", ""table"": ""행성인구관측"", ""field"": ""unit"", ""role"": ""input"", ""row_condition"": ""metric_id=population"", ""rule"": ""metric_id=population"", ""data_type"": ""text_nullable"", ""reference"": """"}, {""file_code"": ""R60"", ""table"": ""행성경제관측"", ""field"": ""unit"", ""role"": ""input"", ""row_condition"": ""metric_id=gdp_nominal"", ""rule"": ""metric_id=gdp_nominal"", ""data_type"": ""text_nullable"", ""reference"": """"}, {""file_code"": ""R60"", ""table"": ""행성경제관측"", ""field"": ""unit"", ""role"": ""input"", ""row_condition"": ""metric_id=gdp_real"", ""rule"": ""metric_id=gdp_real"", ""data_type"": ""text_nullable"", ""reference"": """"}, {""file_code"": ""R60"", ""table"": ""행성경제관측"", ""field"": ""unit"", ""role"": ""input"", ""row_condition"": ""metric_id=gdp_unclassified"", ""rule"": ""metric_id=gdp_unclassified"", ""data_type"": ""text_nullable"", ""reference"": """"}, {""file_code"": ""R30"", ""table"": ""사회지표"", ""field"": ""unit"", ""role"": ""input"", ""row_condition"": ""metric_id=urbanization"", ""rule"": ""metric_id=urbanization"", ""data_type"": ""text_nullable"", ""reference"": """"}]",text_nullable,R-001,명세 작성; 행별 의미 대조/온라인 시험 미실행
REG-V1,1EACdRIiAPGk4LAbttpXZiJd_cuqIh-cVi4jQsbfmqDw,900230003,11_행성_연간지표,H,REG-V1:900230003:H,기준통화,1,"{""rows"": [1], ""values"": [""기준통화""]}",string,input,셀 내용 전수의 literal/formula/헤더 기반 초안,73,0,0,0,MAP-031,R20;R60;H90,행성인구 / 행성경제 / 행성요약,R20;R60;R30,행성인구관측;행성경제관측;사회지표,currency,"행의 실제 metric_id로 분기: population→R20, GDP 3종→R60, urbanization→R30. 입력값·배치조건은 원본표, 파생 수치는 계산표. 정의 불명 새 지표는 미분류 보존/결정대기. 빈 직접값은 실제 관측치로 집계하지 않음.",PH0/REG-V1_online.xlsx#xl/worksheets/sheet31.xml:H; literal=PH1/literal_cells.csv; formulas=PH1/formula_patterns_and_dependencies.json,PH1 대상표·필드·형·처리경로 명세; 원본단일화 및 파생식 재구현,"사용자 시작지시 + 계획서 4.2~4.8,5~8; 정본 승인과 별개",키 중복/외래키 존재/자료형/원문 보존 대조; 행이 없으면 자료 없음이며 시험 통과로 보지 않음.,미실행,false,"[{""file_code"": ""R20"", ""table"": ""행성인구관측"", ""field"": ""currency"", ""role"": ""input"", ""row_condition"": ""metric_id=population"", ""rule"": ""metric_id=population"", ""data_type"": ""text_nullable"", ""reference"": """"}, {""file_code"": ""R60"", ""table"": ""행성경제관측"", ""field"": ""currency"", ""role"": ""input"", ""row_condition"": ""metric_id=gdp_nominal"", ""rule"": ""metric_id=gdp_nominal"", ""data_type"": ""text_nullable"", ""reference"": """"}, {""file_code"": ""R60"", ""table"": ""행성경제관측"", ""field"": ""currency"", ""role"": ""input"", ""row_condition"": ""metric_id=gdp_real"", ""rule"": ""metric_id=gdp_real"", ""data_type"": ""text_nullable"", ""reference"": """"}, {""file_code"": ""R60"", ""table"": ""행성경제관측"", ""field"": ""currency"", ""role"": ""input"", ""row_condition"": ""metric_id=gdp_unclassified"", ""rule"": ""metric_id=gdp_unclassified"", ""data_type"": ""text_nullable"", ""reference"": """"}, {""file_code"": ""R30"", ""table"": ""사회지표"", ""field"": ""currency"", ""role"": ""input"", ""row_condition"": ""metric_id=urbanization"", ""rule"": ""metric_id=urbanization"", ""data_type"": ""text_nullable"", ""reference"": """"}]",text_nullable,R-001,명세 작성; 행별 의미 대조/온라인 시험 미실행
REG-V1,1EACdRIiAPGk4LAbttpXZiJd_cuqIh-cVi4jQsbfmqDw,900230003,11_행성_연간지표,I,REG-V1:900230003:I,기준가격 기년,1,"{""rows"": [1], ""values"": [""기준가격 기년""]}",string,input,셀 내용 전수의 literal/formula/헤더 기반 초안,1,0,0,0,MAP-031,R20;R60;H90,행성인구 / 행성경제 / 행성요약,R20;R60;R30,행성인구관측;행성경제관측;사회지표,price_era,"행의 실제 metric_id로 분기: population→R20, GDP 3종→R60, urbanization→R30. 입력값·배치조건은 원본표, 파생 수치는 계산표. 정의 불명 새 지표는 미분류 보존/결정대기. 빈 직접값은 실제 관측치로 집계하지 않음.",PH0/REG-V1_online.xlsx#xl/worksheets/sheet31.xml:I; literal=PH1/literal_cells.csv; formulas=PH1/formula_patterns_and_dependencies.json,PH1 대상표·필드·형·처리경로 명세; 원본단일화 및 파생식 재구현,"사용자 시작지시 + 계획서 4.2~4.8,5~8; 정본 승인과 별개",키 중복/외래키 존재/자료형/원문 보존 대조; 행이 없으면 자료 없음이며 시험 통과로 보지 않음.,미실행,false,"[{""file_code"": ""R20"", ""table"": ""행성인구관측"", ""field"": ""price_era"", ""role"": ""input"", ""row_condition"": ""metric_id=population"", ""rule"": ""metric_id=population"", ""data_type"": ""text_nullable"", ""reference"": """"}, {""file_code"": ""R60"", ""table"": ""행성경제관측"", ""field"": ""price_era"", ""role"": ""input"", ""row_condition"": ""metric_id=gdp_nominal"", ""rule"": ""metric_id=gdp_nominal"", ""data_type"": ""text_nullable"", ""reference"": """"}, {""file_code"": ""R60"", ""table"": ""행성경제관측"", ""field"": ""price_era"", ""role"": ""input"", ""row_condition"": ""metric_id=gdp_real"", ""rule"": ""metric_id=gdp_real"", ""data_type"": ""text_nullable"", ""reference"": """"}, {""file_code"": ""R60"", ""table"": ""행성경제관측"", ""field"": ""price_era"", ""role"": ""input"", ""row_condition"": ""metric_id=gdp_unclassified"", ""rule"": ""metric_id=gdp_unclassified"", ""data_type"": ""text_nullable"", ""reference"": """"}, {""file_code"": ""R30"", ""table"": ""사회지표"", ""field"": ""price_era"", ""role"": ""input"", ""row_condition"": ""metric_id=urbanization"", ""rule"": ""metric_id=urbanization"", ""data_type"": ""text_nullable"", ""reference"": """"}]",text_nullable,R-001,명세 작성; 행별 의미 대조/온라인 시험 미실행
REG-V1,1EACdRIiAPGk4LAbttpXZiJd_cuqIh-cVi4jQsbfmqDw,900230003,11_행성_연간지표,J,REG-V1:900230003:J,기준가격 연도,1,"{""rows"": [1], ""values"": [""기준가격 연도""]}",string,input,셀 내용 전수의 literal/formula/헤더 기반 초안,1,0,0,0,MAP-031,R20;R60;H90,행성인구 / 행성경제 / 행성요약,R20;R60;R30,행성인구관측;행성경제관측;사회지표,price_year,"행의 실제 metric_id로 분기: population→R20, GDP 3종→R60, urbanization→R30. 입력값·배치조건은 원본표, 파생 수치는 계산표. 정의 불명 새 지표는 미분류 보존/결정대기. 빈 직접값은 실제 관측치로 집계하지 않음.",PH0/REG-V1_online.xlsx#xl/worksheets/sheet31.xml:J; literal=PH1/literal_cells.csv; formulas=PH1/formula_patterns_and_dependencies.json,PH1 대상표·필드·형·처리경로 명세; 원본단일화 및 파생식 재구현,"사용자 시작지시 + 계획서 4.2~4.8,5~8; 정본 승인과 별개",키 중복/외래키 존재/자료형/원문 보존 대조; 행이 없으면 자료 없음이며 시험 통과로 보지 않음.,미실행,false,"[{""file_code"": ""R20"", ""table"": ""행성인구관측"", ""field"": ""price_year"", ""role"": ""input"", ""row_condition"": ""metric_id=population"", ""rule"": ""metric_id=population"", ""data_type"": ""integer_nullable"", ""reference"": """"}, {""file_code"": ""R60"", ""table"": ""행성경제관측"", ""field"": ""price_year"", ""role"": ""input"", ""row_condition"": ""metric_id=gdp_nominal"", ""rule"": ""metric_id=gdp_nominal"", ""data_type"": ""integer_nullable"", ""reference"": """"}, {""file_code"": ""R60"", ""table"": ""행성경제관측"", ""field"": ""price_year"", ""role"": ""input"", ""row_condition"": ""metric_id=gdp_real"", ""rule"": ""metric_id=gdp_real"", ""data_type"": ""integer_nullable"", ""reference"": """"}, {""file_code"": ""R60"", ""table"": ""행성경제관측"", ""field"": ""price_year"", ""role"": ""input"", ""row_condition"": ""metric_id=gdp_unclassified"", ""rule"": ""metric_id=gdp_unclassified"", ""data_type"": ""integer_nullable"", ""reference"": """"}, {""file_code"": ""R30"", ""table"": ""사회지표"", ""field"": ""price_year"", ""role"": ""input"", ""row_condition"": ""metric_id=urbanization"", ""rule"": ""metric_id=urbanization"", ""data_type"": ""integer_nullable"", ""reference"": """"}]",integer_nullable,R-001,명세 작성; 행별 의미 대조/온라인 시험 미실행
REG-V1,1EACdRIiAPGk4LAbttpXZiJd_cuqIh-cVi4jQsbfmqDw,900230003,11_행성_연간지표,K,REG-V1:900230003:K,직접설정값,1,"{""rows"": [1], ""values"": [""직접설정값""]}",string,input,셀 내용 전수의 literal/formula/헤더 기반 초안,1,0,0,0,MAP-031,R20;R60;H90,행성인구 / 행성경제 / 행성요약,R20;R60;R30,행성인구관측;행성경제관측;사회지표,direct_value;value_numeric,"행의 실제 metric_id로 분기: population→R20, GDP 3종→R60, urbanization→R30. 입력값·배치조건은 원본표, 파생 수치는 계산표. 정의 불명 새 지표는 미분류 보존/결정대기. 빈 직접값은 실제 관측치로 집계하지 않음.",PH0/REG-V1_online.xlsx#xl/worksheets/sheet31.xml:K; literal=PH1/literal_cells.csv; formulas=PH1/formula_patterns_and_dependencies.json,PH1 대상표·필드·형·처리경로 명세; 원본단일화 및 파생식 재구현,"사용자 시작지시 + 계획서 4.2~4.8,5~8; 정본 승인과 별개",키 중복/외래키 존재/자료형/원문 보존 대조; 행이 없으면 자료 없음이며 시험 통과로 보지 않음.,미실행,false,"[{""file_code"": ""R20"", ""table"": ""행성인구관측"", ""field"": ""direct_value"", ""role"": ""input"", ""row_condition"": ""metric_id=population"", ""rule"": ""metric_id=population"", ""data_type"": ""decimal_nullable; exact original in value_raw"", ""reference"": """"}, {""file_code"": ""R60"", ""table"": ""행성경제관측"", ""field"": ""direct_value"", ""role"": ""input"", ""row_condition"": ""metric_id=gdp_nominal"", ""rule"": ""metric_id=gdp_nominal"", ""data_type"": ""decimal_nullable; exact original in value_raw"", ""reference"": """"}, {""file_code"": ""R60"", ""table"": ""행성경제관측"", ""field"": ""direct_value"", ""role"": ""input"", ""row_condition"": ""metric_id=gdp_real"", ""rule"": ""metric_id=gdp_real"", ""data_type"": ""decimal_nullable; exact original in value_raw"", ""reference"": """"}, {""file_code"": ""R60"", ""table"": ""행성경제관측"", ""field"": ""direct_value"", ""role"": ""input"", ""row_condition"": ""metric_id=gdp_unclassified"", ""rule"": ""metric_id=gdp_unclassified"", ""data_type"": ""decimal_nullable; exact original in value_raw"", ""reference"": """"}, {""file_code"": ""R30"", ""table"": ""사회지표"", ""field"": ""value_numeric"", ""role"": ""input"", ""row_condition"": ""metric_id=urbanization"", ""rule"": ""metric_id=urbanization"", ""data_type"": ""decimal_nullable; exact original in value_raw"", ""reference"": """"}]",decimal_nullable; exact original in value_raw,R-001,명세 작성; 행별 의미 대조/온라인 시험 미실행
REG-V1,1EACdRIiAPGk4LAbttpXZiJd_cuqIh-cVi4jQsbfmqDw,900230003,11_행성_연간지표,L,REG-V1:900230003:L,지역 합산값,1,"{""rows"": [1], ""values"": [""지역 합산값""]}",string,formula,셀 내용 전수의 literal/formula/헤더 기반 초안,1,1000,0,0,MAP-031,R20;R60;H90,행성인구 / 행성경제 / 행성요약,R20;R60;R30,행성인구계산;행성경제계산;사회지표계산,calculated_value,"행의 실제 metric_id로 분기: population→R20, GDP 3종→R60, urbanization→R30. 입력값·배치조건은 원본표, 파생 수치는 계산표. 정의 불명 새 지표는 미분류 보존/결정대기. 빈 직접값은 실제 관측치로 집계하지 않음. V1 산식 보존 후 V2 집계 키·대상 ID집합·완전성 계약으로 재구현; 22 고정·IFERROR 0 금지.",PH0/REG-V1_online.xlsx#xl/worksheets/sheet31.xml:L; literal=PH1/literal_cells.csv; formulas=PH1/formula_patterns_and_dependencies.json,PH1 대상표·필드·형·처리경로 명세; 원본단일화 및 파생식 재구현,"사용자 시작지시 + 계획서 4.2~4.8,5~8; 정본 승인과 별개",실제 Google Sheets 재계산·오류 전파·입력 변경·범위 확장 시험 필요. 현재 미실행.,미실행,false,"[{""file_code"": ""R20"", ""table"": ""행성인구계산"", ""field"": ""calculated_value"", ""role"": ""calculated"", ""row_condition"": ""metric_id=population"", ""rule"": ""metric_id=population"", ""data_type"": ""decimal_nullable; exact original in value_raw"", ""reference"": """"}, {""file_code"": ""R60"", ""table"": ""행성경제계산"", ""field"": ""calculated_value"", ""role"": ""calculated"", ""row_condition"": ""metric_id=gdp_nominal"", ""rule"": ""metric_id=gdp_nominal"", ""data_type"": ""decimal_nullable; exact original in value_raw"", ""reference"": """"}, {""file_code"": ""R60"", ""table"": ""행성경제계산"", ""field"": ""calculated_value"", ""role"": ""calculated"", ""row_condition"": ""metric_id=gdp_real"", ""rule"": ""metric_id=gdp_real"", ""data_type"": ""decimal_nullable; exact original in value_raw"", ""reference"": """"}, {""file_code"": ""R60"", ""table"": ""행성경제계산"", ""field"": ""calculated_value"", ""role"": ""calculated"", ""row_condition"": ""metric_id=gdp_unclassified"", ""rule"": ""metric_id=gdp_unclassified"", ""data_type"": ""decimal_nullable; exact original in value_raw"", ""reference"": """"}, {""file_code"": ""R30"", ""table"": ""사회지표계산"", ""field"": ""calculated_value"", ""role"": ""calculated"", ""row_condition"": ""metric_id=urbanization"", ""rule"": ""metric_id=urbanization"", ""data_type"": ""decimal_nullable; exact original in value_raw"", ""reference"": """"}]",decimal_nullable; exact original in value_raw,R-001,명세 작성; 행별 의미 대조/온라인 시험 미실행
REG-V1,1EACdRIiAPGk4LAbttpXZiJd_cuqIh-cVi4jQsbfmqDw,900230003,11_행성_연간지표,M,REG-V1:900230003:M,채택값,1,"{""rows"": [1], ""values"": [""채택값""]}",string,formula,셀 내용 전수의 literal/formula/헤더 기반 초안,1,1000,0,0,MAP-031,R20;R60;H90,행성인구 / 행성경제 / 행성요약,R20;R60;R30,행성인구계산;행성경제계산;사회지표계산,selected_value,"행의 실제 metric_id로 분기: population→R20, GDP 3종→R60, urbanization→R30. 입력값·배치조건은 원본표, 파생 수치는 계산표. 정의 불명 새 지표는 미분류 보존/결정대기. 빈 직접값은 실제 관측치로 집계하지 않음. V1 산식 보존 후 V2 집계 키·대상 ID집합·완전성 계약으로 재구현; 22 고정·IFERROR 0 금지.",PH0/REG-V1_online.xlsx#xl/worksheets/sheet31.xml:M; literal=PH1/literal_cells.csv; formulas=PH1/formula_patterns_and_dependencies.json,PH1 대상표·필드·형·처리경로 명세; 원본단일화 및 파생식 재구현,"사용자 시작지시 + 계획서 4.2~4.8,5~8; 정본 승인과 별개",실제 Google Sheets 재계산·오류 전파·입력 변경·범위 확장 시험 필요. 현재 미실행.,미실행,false,"[{""file_code"": ""R20"", ""table"": ""행성인구계산"", ""field"": ""selected_value"", ""role"": ""calculated"", ""row_condition"": ""metric_id=population"", ""rule"": ""metric_id=population"", ""data_type"": ""decimal_nullable; exact original in value_raw"", ""reference"": """"}, {""file_code"": ""R60"", ""table"": ""행성경제계산"", ""field"": ""selected_value"", ""role"": ""calculated"", ""row_condition"": ""metric_id=gdp_nominal"", ""rule"": ""metric_id=gdp_nominal"", ""data_type"": ""decimal_nullable; exact original in value_raw"", ""reference"": """"}, {""file_code"": ""R60"", ""table"": ""행성경제계산"", ""field"": ""selected_value"", ""role"": ""calculated"", ""row_condition"": ""metric_id=gdp_real"", ""rule"": ""metric_id=gdp_real"", ""data_type"": ""decimal_nullable; exact original in value_raw"", ""reference"": """"}, {""file_code"": ""R60"", ""table"": ""행성경제계산"", ""field"": ""selected_value"", ""role"": ""calculated"", ""row_condition"": ""metric_id=gdp_unclassified"", ""rule"": ""metric_id=gdp_unclassified"", ""data_type"": ""decimal_nullable; exact original in value_raw"", ""reference"": """"}, {""file_code"": ""R30"", ""table"": ""사회지표계산"", ""field"": ""selected_value"", ""role"": ""calculated"", ""row_condition"": ""metric_id=urbanization"", ""rule"": ""metric_id=urbanization"", ""data_type"": ""decimal_nullable; exact original in value_raw"", ""reference"": """"}]",decimal_nullable; exact original in value_raw,R-001,명세 작성; 행별 의미 대조/온라인 시험 미실행
REG-V1,1EACdRIiAPGk4LAbttpXZiJd_cuqIh-cVi4jQsbfmqDw,900230003,11_행성_연간지표,N,REG-V1:900230003:N,산출방식,1,"{""rows"": [1], ""values"": [""산출방식""]}",string,input,셀 내용 전수의 literal/formula/헤더 기반 초안,121,0,0,0,MAP-031,R20;R60;H90,행성인구 / 행성경제 / 행성요약,R20;R60;R30,행성인구관측;행성경제관측;사회지표,generation_method,"행의 실제 metric_id로 분기: population→R20, GDP 3종→R60, urbanization→R30. 입력값·배치조건은 원본표, 파생 수치는 계산표. 정의 불명 새 지표는 미분류 보존/결정대기. 빈 직접값은 실제 관측치로 집계하지 않음.",PH0/REG-V1_online.xlsx#xl/worksheets/sheet31.xml:N; literal=PH1/literal_cells.csv; formulas=PH1/formula_patterns_and_dependencies.json,PH1 대상표·필드·형·처리경로 명세; 원본단일화 및 파생식 재구현,"사용자 시작지시 + 계획서 4.2~4.8,5~8; 정본 승인과 별개",키 중복/외래키 존재/자료형/원문 보존 대조; 행이 없으면 자료 없음이며 시험 통과로 보지 않음.,미실행,false,"[{""file_code"": ""R20"", ""table"": ""행성인구관측"", ""field"": ""generation_method"", ""role"": ""input"", ""row_condition"": ""metric_id=population"", ""rule"": ""metric_id=population"", ""data_type"": ""C00_code_nullable; unknown original retained"", ""reference"": """"}, {""file_code"": ""R60"", ""table"": ""행성경제관측"", ""field"": ""generation_method"", ""role"": ""input"", ""row_condition"": ""metric_id=gdp_nominal"", ""rule"": ""metric_id=gdp_nominal"", ""data_type"": ""C00_code_nullable; unknown original retained"", ""reference"": """"}, {""file_code"": ""R60"", ""table"": ""행성경제관측"", ""field"": ""generation_method"", ""role"": ""input"", ""row_condition"": ""metric_id=gdp_real"", ""rule"": ""metric_id=gdp_real"", ""data_type"": ""C00_code_nullable; unknown original retained"", ""reference"": """"}, {""file_code"": ""R60"", ""table"": ""행성경제관측"", ""field"": ""generation_method"", ""role"": ""input"", ""row_condition"": ""metric_id=gdp_unclassified"", ""rule"": ""metric_id=gdp_unclassified"", ""data_type"": ""C00_code_nullable; unknown original retained"", ""reference"": """"}, {""file_code"": ""R30"", ""table"": ""사회지표"", ""field"": ""generation_method"", ""role"": ""input"", ""row_condition"": ""metric_id=urbanization"", ""rule"": ""metric_id=urbanization"", ""data_type"": ""C00_code_nullable; unknown original retained"", ""reference"": """"}]",C00_code_nullable; unknown original retained,R-001,명세 작성; 행별 의미 대조/온라인 시험 미실행
REG-V1,1EACdRIiAPGk4LAbttpXZiJd_cuqIh-cVi4jQsbfmqDw,900230003,11_행성_연간지표,O,REG-V1:900230003:O,집계 상태,1,"{""rows"": [1], ""values"": [""집계 상태""]}",string,formula,셀 내용 전수의 literal/formula/헤더 기반 초안,1,1000,0,120,MAP-031,R20;R60;H90,행성인구 / 행성경제 / 행성요약,R20;R60;R30,행성인구계산;행성경제계산;사회지표계산,coverage_status,"행의 실제 metric_id로 분기: population→R20, GDP 3종→R60, urbanization→R30. 입력값·배치조건은 원본표, 파생 수치는 계산표. 정의 불명 새 지표는 미분류 보존/결정대기. 빈 직접값은 실제 관측치로 집계하지 않음. V1 산식 보존 후 V2 집계 키·대상 ID집합·완전성 계약으로 재구현; 22 고정·IFERROR 0 금지.",PH0/REG-V1_online.xlsx#xl/worksheets/sheet31.xml:O; literal=PH1/literal_cells.csv; formulas=PH1/formula_patterns_and_dependencies.json,PH1 대상표·필드·형·처리경로 명세; 원본단일화 및 파생식 재구현,"사용자 시작지시 + 계획서 4.2~4.8,5~8; 정본 승인과 별개",실제 Google Sheets 재계산·오류 전파·입력 변경·범위 확장 시험 필요. 현재 미실행.,미실행,false,"[{""file_code"": ""R20"", ""table"": ""행성인구계산"", ""field"": ""coverage_status"", ""role"": ""calculated"", ""row_condition"": ""metric_id=population"", ""rule"": ""metric_id=population"", ""data_type"": ""C00_code_nullable; unknown original retained"", ""reference"": """"}, {""file_code"": ""R60"", ""table"": ""행성경제계산"", ""field"": ""coverage_status"", ""role"": ""calculated"", ""row_condition"": ""metric_id=gdp_nominal"", ""rule"": ""metric_id=gdp_nominal"", ""data_type"": ""C00_code_nullable; unknown original retained"", ""reference"": """"}, {""file_code"": ""R60"", ""table"": ""행성경제계산"", ""field"": ""coverage_status"", ""role"": ""calculated"", ""row_condition"": ""metric_id=gdp_real"", ""rule"": ""metric_id=gdp_real"", ""data_type"": ""C00_code_nullable; unknown original retained"", ""reference"": """"}, {""file_code"": ""R60"", ""table"": ""행성경제계산"", ""field"": ""coverage_status"", ""role"": ""calculated"", ""row_condition"": ""metric_id=gdp_unclassified"", ""rule"": ""metric_id=gdp_unclassified"", ""data_type"": ""C00_code_nullable; unknown original retained"", ""reference"": """"}, {""file_code"": ""R30"", ""table"": ""사회지표계산"", ""field"": ""coverage_status"", ""role"": ""calculated"", ""row_condition"": ""metric_id=urbanization"", ""rule"": ""metric_id=urbanization"", ""data_type"": ""C00_code_nullable; unknown original retained"", ""reference"": """"}]",C00_code_nullable; unknown original retained,R-001,명세 작성; 행별 의미 대조/온라인 시험 미실행
REG-V1,1EACdRIiAPGk4LAbttpXZiJd_cuqIh-cVi4jQsbfmqDw,900230003,11_행성_연간지표,P,REG-V1:900230003:P,집계 층위,1,"{""rows"": [1], ""values"": [""집계 층위""]}",string,input,셀 내용 전수의 literal/formula/헤더 기반 초안,121,0,0,0,MAP-031,R20;R60;H90,행성인구 / 행성경제 / 행성요약,R20;R60;R30,행성인구관측;행성경제관측;사회지표,aggregation_level,"행의 실제 metric_id로 분기: population→R20, GDP 3종→R60, urbanization→R30. 입력값·배치조건은 원본표, 파생 수치는 계산표. 정의 불명 새 지표는 미분류 보존/결정대기. 빈 직접값은 실제 관측치로 집계하지 않음.",PH0/REG-V1_online.xlsx#xl/worksheets/sheet31.xml:P; literal=PH1/literal_cells.csv; formulas=PH1/formula_patterns_and_dependencies.json,PH1 대상표·필드·형·처리경로 명세; 원본단일화 및 파생식 재구현,"사용자 시작지시 + 계획서 4.2~4.8,5~8; 정본 승인과 별개",키 중복/외래키 존재/자료형/원문 보존 대조; 행이 없으면 자료 없음이며 시험 통과로 보지 않음.,미실행,false,"[{""file_code"": ""R20"", ""table"": ""행성인구관측"", ""field"": ""aggregation_level"", ""role"": ""input"", ""row_condition"": ""metric_id=population"", ""rule"": ""metric_id=population"", ""data_type"": ""text_nullable"", ""reference"": """"}, {""file_code"": ""R60"", ""table"": ""행성경제관측"", ""field"": ""aggregation_level"", ""role"": ""input"", ""row_condition"": ""metric_id=gdp_nominal"", ""rule"": ""metric_id=gdp_nominal"", ""data_type"": ""text_nullable"", ""reference"": """"}, {""file_code"": ""R60"", ""table"": ""행성경제관측"", ""field"": ""aggregation_level"", ""role"": ""input"", ""row_condition"": ""metric_id=gdp_real"", ""rule"": ""metric_id=gdp_real"", ""data_type"": ""text_nullable"", ""reference"": """"}, {""file_code"": ""R60"", ""table"": ""행성경제관측"", ""field"": ""aggregation_level"", ""role"": ""input"", ""row_condition"": ""metric_id=gdp_unclassified"", ""rule"": ""metric_id=gdp_unclassified"", ""data_type"": ""text_nullable"", ""reference"": """"}, {""file_code"": ""R30"", ""table"": ""사회지표"", ""field"": ""aggregation_level"", ""role"": ""input"", ""row_condition"": ""metric_id=urbanization"", ""rule"": ""metric_id=urbanization"", ""data_type"": ""text_nullable"", ""reference"": """"}]",text_nullable,R-001,명세 작성; 행별 의미 대조/온라인 시험 미실행
REG-V1,1EACdRIiAPGk4LAbttpXZiJd_cuqIh-cVi4jQsbfmqDw,900230003,11_행성_연간지표,Q,REG-V1:900230003:Q,유효 행 수,1,"{""rows"": [1], ""values"": [""유효 행 수""]}",string,formula,셀 내용 전수의 literal/formula/헤더 기반 초안,1,1000,0,120,MAP-031,R20;R60;H90,행성인구 / 행성경제 / 행성요약,R20;R60;R30,행성인구계산;행성경제계산;사회지표계산,valid_record_count,"행의 실제 metric_id로 분기: population→R20, GDP 3종→R60, urbanization→R30. 입력값·배치조건은 원본표, 파생 수치는 계산표. 정의 불명 새 지표는 미분류 보존/결정대기. 빈 직접값은 실제 관측치로 집계하지 않음. V1 산식 보존 후 V2 집계 키·대상 ID집합·완전성 계약으로 재구현; 22 고정·IFERROR 0 금지.",PH0/REG-V1_online.xlsx#xl/worksheets/sheet31.xml:Q; literal=PH1/literal_cells.csv; formulas=PH1/formula_patterns_and_dependencies.json,PH1 대상표·필드·형·처리경로 명세; 원본단일화 및 파생식 재구현,"사용자 시작지시 + 계획서 4.2~4.8,5~8; 정본 승인과 별개",실제 Google Sheets 재계산·오류 전파·입력 변경·범위 확장 시험 필요. 현재 미실행.,미실행,false,"[{""file_code"": ""R20"", ""table"": ""행성인구계산"", ""field"": ""valid_record_count"", ""role"": ""calculated"", ""row_condition"": ""metric_id=population"", ""rule"": ""metric_id=population"", ""data_type"": ""integer_nullable"", ""reference"": """"}, {""file_code"": ""R60"", ""table"": ""행성경제계산"", ""field"": ""valid_record_count"", ""role"": ""calculated"", ""row_condition"": ""metric_id=gdp_nominal"", ""rule"": ""metric_id=gdp_nominal"", ""data_type"": ""integer_nullable"", ""reference"": """"}, {""file_code"": ""R60"", ""table"": ""행성경제계산"", ""field"": ""valid_record_count"", ""role"": ""calculated"", ""row_condition"": ""metric_id=gdp_real"", ""rule"": ""metric_id=gdp_real"", ""data_type"": ""integer_nullable"", ""reference"": """"}, {""file_code"": ""R60"", ""table"": ""행성경제계산"", ""field"": ""valid_record_count"", ""role"": ""calculated"", ""row_condition"": ""metric_id=gdp_unclassified"", ""rule"": ""metric_id=gdp_unclassified"", ""data_type"": ""integer_nullable"", ""reference"": """"}, {""file_code"": ""R30"", ""table"": ""사회지표계산"", ""field"": ""valid_record_count"", ""role"": ""calculated"", ""row_condition"": ""metric_id=urbanization"", ""rule"": ""metric_id=urbanization"", ""data_type"": ""integer_nullable"", ""reference"": """"}]",integer_nullable,R-001,명세 작성; 행별 의미 대조/온라인 시험 미실행
REG-V1,1EACdRIiAPGk4LAbttpXZiJd_cuqIh-cVi4jQsbfmqDw,900230003,11_행성_연간지표,R,REG-V1:900230003:R,고유 지역 수,1,"{""rows"": [1], ""values"": [""고유 지역 수""]}",string,formula,셀 내용 전수의 literal/formula/헤더 기반 초안,1,1000,0,120,MAP-031,R20;R60;H90,행성인구 / 행성경제 / 행성요약,R20;R60;R30,행성인구계산;행성경제계산;사회지표계산,unique_region_count,"행의 실제 metric_id로 분기: population→R20, GDP 3종→R60, urbanization→R30. 입력값·배치조건은 원본표, 파생 수치는 계산표. 정의 불명 새 지표는 미분류 보존/결정대기. 빈 직접값은 실제 관측치로 집계하지 않음. V1 산식 보존 후 V2 집계 키·대상 ID집합·완전성 계약으로 재구현; 22 고정·IFERROR 0 금지.",PH0/REG-V1_online.xlsx#xl/worksheets/sheet31.xml:R; literal=PH1/literal_cells.csv; formulas=PH1/formula_patterns_and_dependencies.json,PH1 대상표·필드·형·처리경로 명세; 원본단일화 및 파생식 재구현,"사용자 시작지시 + 계획서 4.2~4.8,5~8; 정본 승인과 별개",실제 Google Sheets 재계산·오류 전파·입력 변경·범위 확장 시험 필요. 현재 미실행.,미실행,false,"[{""file_code"": ""R20"", ""table"": ""행성인구계산"", ""field"": ""unique_region_count"", ""role"": ""calculated"", ""row_condition"": ""metric_id=population"", ""rule"": ""metric_id=population"", ""data_type"": ""integer_nullable"", ""reference"": """"}, {""file_code"": ""R60"", ""table"": ""행성경제계산"", ""field"": ""unique_region_count"", ""role"": ""calculated"", ""row_condition"": ""metric_id=gdp_nominal"", ""rule"": ""metric_id=gdp_nominal"", ""data_type"": ""integer_nullable"", ""reference"": """"}, {""file_code"": ""R60"", ""table"": ""행성경제계산"", ""field"": ""unique_region_count"", ""role"": ""calculated"", ""row_condition"": ""metric_id=gdp_real"", ""rule"": ""metric_id=gdp_real"", ""data_type"": ""integer_nullable"", ""reference"": """"}, {""file_code"": ""R60"", ""table"": ""행성경제계산"", ""field"": ""unique_region_count"", ""role"": ""calculated"", ""row_condition"": ""metric_id=gdp_unclassified"", ""rule"": ""metric_id=gdp_unclassified"", ""data_type"": ""integer_nullable"", ""reference"": """"}, {""file_code"": ""R30"", ""table"": ""사회지표계산"", ""field"": ""unique_region_count"", ""role"": ""calculated"", ""row_condition"": ""metric_id=urbanization"", ""rule"": ""metric_id=urbanization"", ""data_type"": ""integer_nullable"", ""reference"": """"}]",integer_nullable,R-001,명세 작성; 행별 의미 대조/온라인 시험 미실행
REG-V1,1EACdRIiAPGk4LAbttpXZiJd_cuqIh-cVi4jQsbfmqDw,900230003,11_행성_연간지표,S,REG-V1:900230003:S,대상 지역 수,1,"{""rows"": [1], ""values"": [""대상 지역 수""]}",string,formula,셀 내용 전수의 literal/formula/헤더 기반 초안,1,1000,0,120,MAP-031,R20;R60;H90,행성인구 / 행성경제 / 행성요약,R20;R60;R30,행성인구계산;행성경제계산;사회지표계산,target_region_count,"행의 실제 metric_id로 분기: population→R20, GDP 3종→R60, urbanization→R30. 입력값·배치조건은 원본표, 파생 수치는 계산표. 정의 불명 새 지표는 미분류 보존/결정대기. 빈 직접값은 실제 관측치로 집계하지 않음. V1 산식 보존 후 V2 집계 키·대상 ID집합·완전성 계약으로 재구현; 22 고정·IFERROR 0 금지.",PH0/REG-V1_online.xlsx#xl/worksheets/sheet31.xml:S; literal=PH1/literal_cells.csv; formulas=PH1/formula_patterns_and_dependencies.json,PH1 대상표·필드·형·처리경로 명세; 원본단일화 및 파생식 재구현,"사용자 시작지시 + 계획서 4.2~4.8,5~8; 정본 승인과 별개",실제 Google Sheets 재계산·오류 전파·입력 변경·범위 확장 시험 필요. 현재 미실행.,미실행,false,"[{""file_code"": ""R20"", ""table"": ""행성인구계산"", ""field"": ""target_region_count"", ""role"": ""calculated"", ""row_condition"": ""metric_id=population"", ""rule"": ""metric_id=population"", ""data_type"": ""integer_nullable"", ""reference"": """"}, {""file_code"": ""R60"", ""table"": ""행성경제계산"", ""field"": ""target_region_count"", ""role"": ""calculated"", ""row_condition"": ""metric_id=gdp_nominal"", ""rule"": ""metric_id=gdp_nominal"", ""data_type"": ""integer_nullable"", ""reference"": """"}, {""file_code"": ""R60"", ""table"": ""행성경제계산"", ""field"": ""target_region_count"", ""role"": ""calculated"", ""row_condition"": ""metric_id=gdp_real"", ""rule"": ""metric_id=gdp_real"", ""data_type"": ""integer_nullable"", ""reference"": """"}, {""file_code"": ""R60"", ""table"": ""행성경제계산"", ""field"": ""target_region_count"", ""role"": ""calculated"", ""row_condition"": ""metric_id=gdp_unclassified"", ""rule"": ""metric_id=gdp_unclassified"", ""data_type"": ""integer_nullable"", ""reference"": """"}, {""file_code"": ""R30"", ""table"": ""사회지표계산"", ""field"": ""target_region_count"", ""role"": ""calculated"", ""row_condition"": ""metric_id=urbanization"", ""rule"": ""metric_id=urbanization"", ""data_type"": ""integer_nullable"", ""reference"": """"}]",integer_nullable,R-001,명세 작성; 행별 의미 대조/온라인 시험 미실행
REG-V1,1EACdRIiAPGk4LAbttpXZiJd_cuqIh-cVi4jQsbfmqDw,900230003,11_행성_연간지표,T,REG-V1:900230003:T,설정 상태,1,"{""rows"": [1], ""values"": [""설정 상태""]}",string,input,셀 내용 전수의 literal/formula/헤더 기반 초안,121,0,0,0,MAP-031,R20;R60;H90,행성인구 / 행성경제 / 행성요약,R20;R60;R30,행성인구관측;행성경제관측;사회지표,setting_status,"행의 실제 metric_id로 분기: population→R20, GDP 3종→R60, urbanization→R30. 입력값·배치조건은 원본표, 파생 수치는 계산표. 정의 불명 새 지표는 미분류 보존/결정대기. 빈 직접값은 실제 관측치로 집계하지 않음.",PH0/REG-V1_online.xlsx#xl/worksheets/sheet31.xml:T; literal=PH1/literal_cells.csv; formulas=PH1/formula_patterns_and_dependencies.json,PH1 대상표·필드·형·처리경로 명세; 원본단일화 및 파생식 재구현,"사용자 시작지시 + 계획서 4.2~4.8,5~8; 정본 승인과 별개",키 중복/외래키 존재/자료형/원문 보존 대조; 행이 없으면 자료 없음이며 시험 통과로 보지 않음.,미실행,false,"[{""file_code"": ""R20"", ""table"": ""행성인구관측"", ""field"": ""setting_status"", ""role"": ""input"", ""row_condition"": ""metric_id=population"", ""rule"": ""metric_id=population"", ""data_type"": ""C00_code_nullable; unknown original retained"", ""reference"": """"}, {""file_code"": ""R60"", ""table"": ""행성경제관측"", ""field"": ""setting_status"", ""role"": ""input"", ""row_condition"": ""metric_id=gdp_nominal"", ""rule"": ""metric_id=gdp_nominal"", ""data_type"": ""C00_code_nullable; unknown original retained"", ""reference"": """"}, {""file_code"": ""R60"", ""table"": ""행성경제관측"", ""field"": ""setting_status"", ""role"": ""input"", ""row_condition"": ""metric_id=gdp_real"", ""rule"": ""metric_id=gdp_real"", ""data_type"": ""C00_code_nullable; unknown original retained"", ""reference"": """"}, {""file_code"": ""R60"", ""table"": ""행성경제관측"", ""field"": ""setting_status"", ""role"": ""input"", ""row_condition"": ""metric_id=gdp_unclassified"", ""rule"": ""metric_id=gdp_unclassified"", ""data_type"": ""C00_code_nullable; unknown original retained"", ""reference"": """"}, {""file_code"": ""R30"", ""table"": ""사회지표"", ""field"": ""setting_status"", ""role"": ""input"", ""row_condition"": ""metric_id=urbanization"", ""rule"": ""metric_id=urbanization"", ""data_type"": ""C00_code_nullable; unknown original retained"", ""reference"": """"}]",C00_code_nullable; unknown original retained,R-001,명세 작성; 행별 의미 대조/온라인 시험 미실행
REG-V1,1EACdRIiAPGk4LAbttpXZiJd_cuqIh-cVi4jQsbfmqDw,900230003,11_행성_연간지표,U,REG-V1:900230003:U,출처 ID,1,"{""rows"": [1], ""values"": [""출처 ID""]}",string,input,셀 내용 전수의 literal/formula/헤더 기반 초안,1,0,0,0,MAP-031,R20;R60;H90,행성인구 / 행성경제 / 행성요약,R20;R60;R30,행성인구관측;행성경제관측;사회지표,source_id,"행의 실제 metric_id로 분기: population→R20, GDP 3종→R60, urbanization→R30. 입력값·배치조건은 원본표, 파생 수치는 계산표. 정의 불명 새 지표는 미분류 보존/결정대기. 빈 직접값은 실제 관측치로 집계하지 않음.",PH0/REG-V1_online.xlsx#xl/worksheets/sheet31.xml:U; literal=PH1/literal_cells.csv; formulas=PH1/formula_patterns_and_dependencies.json,PH1 대상표·필드·형·처리경로 명세; 원본단일화 및 파생식 재구현,"사용자 시작지시 + 계획서 4.2~4.8,5~8; 정본 승인과 별개",키 중복/외래키 존재/자료형/원문 보존 대조; 행이 없으면 자료 없음이며 시험 통과로 보지 않음.,미실행,false,"[{""file_code"": ""R20"", ""table"": ""행성인구관측"", ""field"": ""source_id"", ""role"": ""input"", ""row_condition"": ""metric_id=population"", ""rule"": ""metric_id=population"", ""data_type"": ""text_identifier; case preserved"", ""reference"": ""C00.출처레지스트리.source_id""}, {""file_code"": ""R60"", ""table"": ""행성경제관측"", ""field"": ""source_id"", ""role"": ""input"", ""row_condition"": ""metric_id=gdp_nominal"", ""rule"": ""metric_id=gdp_nominal"", ""data_type"": ""text_identifier; case preserved"", ""reference"": ""C00.출처레지스트리.source_id""}, {""file_code"": ""R60"", ""table"": ""행성경제관측"", ""field"": ""source_id"", ""role"": ""input"", ""row_condition"": ""metric_id=gdp_real"", ""rule"": ""metric_id=gdp_real"", ""data_type"": ""text_identifier; case preserved"", ""reference"": ""C00.출처레지스트리.source_id""}, {""file_code"": ""R60"", ""table"": ""행성경제관측"", ""field"": ""source_id"", ""role"": ""input"", ""row_condition"": ""metric_id=gdp_unclassified"", ""rule"": ""metric_id=gdp_unclassified"", ""data_type"": ""text_identifier; case preserved"", ""reference"": ""C00.출처레지스트리.source_id""}, {""file_code"": ""R30"", ""table"": ""사회지표"", ""field"": ""source_id"", ""role"": ""input"", ""row_condition"": ""metric_id=urbanization"", ""rule"": ""metric_id=urbanization"", ""data_type"": ""text_identifier; case preserved"", ""reference"": ""C00.출처레지스트리.source_id""}]",text_identifier; case preserved,R-001,명세 작성; 행별 의미 대조/온라인 시험 미실행
REG-V1,1EACdRIiAPGk4LAbttpXZiJd_cuqIh-cVi4jQsbfmqDw,900230003,11_행성_연간지표,V,REG-V1:900230003:V,비고,1,"{""rows"": [1], ""values"": [""비고""]}",string,input,셀 내용 전수의 literal/formula/헤더 기반 초안,1,0,0,0,MAP-031,R20;R60;H90,행성인구 / 행성경제 / 행성요약,R20;R60;R30,행성인구관측;행성경제관측;사회지표,notes,"행의 실제 metric_id로 분기: population→R20, GDP 3종→R60, urbanization→R30. 입력값·배치조건은 원본표, 파생 수치는 계산표. 정의 불명 새 지표는 미분류 보존/결정대기. 빈 직접값은 실제 관측치로 집계하지 않음.",PH0/REG-V1_online.xlsx#xl/worksheets/sheet31.xml:V; literal=PH1/literal_cells.csv; formulas=PH1/formula_patterns_and_dependencies.json,PH1 대상표·필드·형·처리경로 명세; 원본단일화 및 파생식 재구현,"사용자 시작지시 + 계획서 4.2~4.8,5~8; 정본 승인과 별개",키 중복/외래키 존재/자료형/원문 보존 대조; 행이 없으면 자료 없음이며 시험 통과로 보지 않음.,미실행,false,"[{""file_code"": ""R20"", ""table"": ""행성인구관측"", ""field"": ""notes"", ""role"": ""input"", ""row_condition"": ""metric_id=population"", ""rule"": ""metric_id=population"", ""data_type"": ""text_nullable"", ""reference"": """"}, {""file_code"": ""R60"", ""table"": ""행성경제관측"", ""field"": ""notes"", ""role"": ""input"", ""row_condition"": ""metric_id=gdp_nominal"", ""rule"": ""metric_id=gdp_nominal"", ""data_type"": ""text_nullable"", ""reference"": """"}, {""file_code"": ""R60"", ""table"": ""행성경제관측"", ""field"": ""notes"", ""role"": ""input"", ""row_condition"": ""metric_id=gdp_real"", ""rule"": ""metric_id=gdp_real"", ""data_type"": ""text_nullable"", ""reference"": """"}, {""file_code"": ""R60"", ""table"": ""행성경제관측"", ""field"": ""notes"", ""role"": ""input"", ""row_condition"": ""metric_id=gdp_unclassified"", ""rule"": ""metric_id=gdp_unclassified"", ""data_type"": ""text_nullable"", ""reference"": """"}, {""file_code"": ""R30"", ""table"": ""사회지표"", ""field"": ""notes"", ""role"": ""input"", ""row_condition"": ""metric_id=urbanization"", ""rule"": ""metric_id=urbanization"", ""data_type"": ""text_nullable"", ""reference"": """"}]",text_nullable,R-001,명세 작성; 행별 의미 대조/온라인 시험 미실행
REG-V1,1EACdRIiAPGk4LAbttpXZiJd_cuqIh-cVi4jQsbfmqDw,900230003,11_행성_연간지표,W,REG-V1:900230003:W,직접·합산 차이,1,"{""rows"": [1], ""values"": [""직접·합산 차이""]}",string,formula,셀 내용 전수의 literal/formula/헤더 기반 초안,1,1000,0,0,MAP-031,R20;R60;H90,행성인구 / 행성경제 / 행성요약,R20;R60;R30,행성인구계산;행성경제계산;사회지표계산,direct_sum_difference,"행의 실제 metric_id로 분기: population→R20, GDP 3종→R60, urbanization→R30. 입력값·배치조건은 원본표, 파생 수치는 계산표. 정의 불명 새 지표는 미분류 보존/결정대기. 빈 직접값은 실제 관측치로 집계하지 않음. V1 산식 보존 후 V2 집계 키·대상 ID집합·완전성 계약으로 재구현; 22 고정·IFERROR 0 금지.",PH0/REG-V1_online.xlsx#xl/worksheets/sheet31.xml:W; literal=PH1/literal_cells.csv; formulas=PH1/formula_patterns_and_dependencies.json,PH1 대상표·필드·형·처리경로 명세; 원본단일화 및 파생식 재구현,"사용자 시작지시 + 계획서 4.2~4.8,5~8; 정본 승인과 별개",실제 Google Sheets 재계산·오류 전파·입력 변경·범위 확장 시험 필요. 현재 미실행.,미실행,false,"[{""file_code"": ""R20"", ""table"": ""행성인구계산"", ""field"": ""direct_sum_difference"", ""role"": ""calculated"", ""row_condition"": ""metric_id=population"", ""rule"": ""metric_id=population"", ""data_type"": ""decimal_nullable; exact original in value_raw"", ""reference"": """"}, {""file_code"": ""R60"", ""table"": ""행성경제계산"", ""field"": ""direct_sum_difference"", ""role"": ""calculated"", ""row_condition"": ""metric_id=gdp_nominal"", ""rule"": ""metric_id=gdp_nominal"", ""data_type"": ""decimal_nullable; exact original in value_raw"", ""reference"": """"}, {""file_code"": ""R60"", ""table"": ""행성경제계산"", ""field"": ""direct_sum_difference"", ""role"": ""calculated"", ""row_condition"": ""metric_id=gdp_real"", ""rule"": ""metric_id=gdp_real"", ""data_type"": ""decimal_nullable; exact original in value_raw"", ""reference"": """"}, {""file_code"": ""R60"", ""table"": ""행성경제계산"", ""field"": ""direct_sum_difference"", ""role"": ""calculated"", ""row_condition"": ""metric_id=gdp_unclassified"", ""rule"": ""metric_id=gdp_unclassified"", ""data_type"": ""decimal_nullable; exact original in value_raw"", ""reference"": """"}, {""file_code"": ""R30"", ""table"": ""사회지표계산"", ""field"": ""direct_sum_difference"", ""role"": ""calculated"", ""row_condition"": ""metric_id=urbanization"", ""rule"": ""metric_id=urbanization"", ""data_type"": ""decimal_nullable; exact original in value_raw"", ""reference"": """"}]",decimal_nullable; exact original in value_raw,R-001,명세 작성; 행별 의미 대조/온라인 시험 미실행
REG-V1,1EACdRIiAPGk4LAbttpXZiJd_cuqIh-cVi4jQsbfmqDw,900230003,11_행성_연간지표,X,REG-V1:900230003:X,인구성장률,1,"{""rows"": [1], ""values"": [""인구성장률""]}",string,formula,셀 내용 전수의 literal/formula/헤더 기반 초안,1,1000,0,0,MAP-031,R20;R60;H90,행성인구 / 행성경제 / 행성요약,R20;R60;R30,행성인구계산;구行성지표수식보존,population_growth_rate,"행의 실제 metric_id로 분기: population→R20, GDP 3종→R60, urbanization→R30. 입력값·배치조건은 원본표, 파생 수치는 계산표. 정의 불명 새 지표는 미분류 보존/결정대기. 빈 직접값은 실제 관측치로 집계하지 않음. V1 산식 보존 후 V2 집계 키·대상 ID집합·완전성 계약으로 재구현; 22 고정·IFERROR 0 금지. 인구 성장률은 population 행에서만 유효, 나머지 원 수식 슬롯은 증거 보존만 하고 잘못된 인구성장 열을 제공하지 않음.",PH0/REG-V1_online.xlsx#xl/worksheets/sheet31.xml:X; literal=PH1/literal_cells.csv; formulas=PH1/formula_patterns_and_dependencies.json,PH1 대상표·필드·형·처리경로 명세; 원본단일화 및 파생식 재구현,"사용자 시작지시 + 계획서 4.2~4.8,5~8; 정본 승인과 별개",실제 Google Sheets 재계산·오류 전파·입력 변경·범위 확장 시험 필요. 현재 미실행.,미실행,false,"[{""file_code"": ""R20"", ""table"": ""행성인구계산"", ""field"": ""population_growth_rate"", ""role"": ""calculated"", ""row_condition"": ""metric_id=population"", ""rule"": ""metric_id=population"", ""data_type"": ""decimal_nullable; exact original in value_raw"", ""reference"": """"}, {""file_code"": ""R60"", ""table"": ""구行성지표수식보존"", ""field"": ""population_growth_rate"", ""role"": ""preserved_formula_only"", ""row_condition"": ""metric_id=gdp_nominal; obsolete nonpopulation population-growth slot"", ""rule"": ""metric_id=gdp_nominal; obsolete nonpopulation population-growth slot"", ""data_type"": ""decimal_nullable; exact original in value_raw"", ""reference"": """"}, {""file_code"": ""R60"", ""table"": ""구行성지표수식보존"", ""field"": ""population_growth_rate"", ""role"": ""preserved_formula_only"", ""row_condition"": ""metric_id=gdp_real; obsolete nonpopulation population-growth slot"", ""rule"": ""metric_id=gdp_real; obsolete nonpopulation population-growth slot"", ""data_type"": ""decimal_nullable; exact original in value_raw"", ""reference"": """"}, {""file_code"": ""R60"", ""table"": ""구行성지표수식보존"", ""field"": ""population_growth_rate"", ""role"": ""preserved_formula_only"", ""row_condition"": ""metric_id=gdp_unclassified; obsolete nonpopulation population-growth slot"", ""rule"": ""metric_id=gdp_unclassified; obsolete nonpopulation population-growth slot"", ""data_type"": ""decimal_nullable; exact original in value_raw"", ""reference"": """"}, {""file_code"": ""R30"", ""table"": ""구行성지표수식보존"", ""field"": ""population_growth_rate"", ""role"": ""preserved_formula_only"", ""row_condition"": ""metric_id=urbanization; obsolete nonpopulation population-growth slot"", ""rule"": ""metric_id=urbanization; obsolete nonpopulation population-growth slot"", ""data_type"": ""decimal_nullable; exact original in value_raw"", ""reference"": """"}]",decimal_nullable; exact original in value_raw,R-001,명세 작성; 행별 의미 대조/온라인 시험 미실행
REG-V1,1EACdRIiAPGk4LAbttpXZiJd_cuqIh-cVi4jQsbfmqDw,900230004,12_지역_인구,A,REG-V1:900230004:A,record_id,1,"{""rows"": [1], ""values"": [""record_id""]}",string,input,셀 내용 전수의 literal/formula/헤더 기반 초안,1,0,0,0,MAP-032,R20,인구관측 / 연간입력뷰,R20,인구관측,record_id,원문값과 기존 ID·상태·판본·출처를 보존. 해석 가능한 형만 변환하고 원문 value_raw/legacy_locator를 유지. 정규 원본 1개로 합류; 원본 간 동일성 대조 전 후보 행 삭제/합산 금지.,PH0/REG-V1_online.xlsx#xl/worksheets/sheet32.xml:A; literal=PH1/literal_cells.csv; formulas=PH1/formula_patterns_and_dependencies.json,PH1 대상표·필드·형·처리경로 명세; 원본단일화 및 파생식 재구현,"사용자 시작지시 + 계획서 4.2~4.8,5~8; 정본 승인과 별개",키 중복/외래키 존재/자료형/원문 보존 대조; 행이 없으면 자료 없음이며 시험 통과로 보지 않음.,미실행,false,"[{""file_code"": ""R20"", ""table"": ""인구관측"", ""field"": ""record_id"", ""role"": ""input"", ""row_condition"": ""all source records"", ""rule"": ""all source records"", ""data_type"": ""text_identifier; case preserved"", ""reference"": """"}]",text_identifier; case preserved,,명세 작성; 행별 의미 대조/온라인 시험 미실행
REG-V1,1EACdRIiAPGk4LAbttpXZiJd_cuqIh-cVi4jQsbfmqDw,900230004,12_지역_인구,B,REG-V1:900230004:B,scope_id,1,"{""rows"": [1], ""values"": [""scope_id""]}",string,input,셀 내용 전수의 literal/formula/헤더 기반 초안,1,0,0,0,MAP-032,R20,인구관측 / 연간입력뷰,R20,인구관측,planet_scope_id,원문값과 기존 ID·상태·판본·출처를 보존. 해석 가능한 형만 변환하고 원문 value_raw/legacy_locator를 유지. 정규 원본 1개로 합류; 원본 간 동일성 대조 전 후보 행 삭제/합산 금지.,PH0/REG-V1_online.xlsx#xl/worksheets/sheet32.xml:B; literal=PH1/literal_cells.csv; formulas=PH1/formula_patterns_and_dependencies.json,PH1 대상표·필드·형·처리경로 명세; 원본단일화 및 파생식 재구현,"사용자 시작지시 + 계획서 4.2~4.8,5~8; 정본 승인과 별개",키 중복/외래키 존재/자료형/원문 보존 대조; 행이 없으면 자료 없음이며 시험 통과로 보지 않음.,미실행,false,"[{""file_code"": ""R20"", ""table"": ""인구관측"", ""field"": ""planet_scope_id"", ""role"": ""input"", ""row_condition"": ""all source records"", ""rule"": ""all source records"", ""data_type"": ""text_identifier; case preserved"", ""reference"": ""C00.대상목록.scope_id; planet.1 preserved; do not equate planet ID to region ID without registered relation""}]",text_identifier; case preserved,,명세 작성; 행별 의미 대조/온라인 시험 미실행
REG-V1,1EACdRIiAPGk4LAbttpXZiJd_cuqIh-cVi4jQsbfmqDw,900230004,12_지역_인구,C,REG-V1:900230004:C,루트,1,"{""rows"": [1], ""values"": [""루트""]}",string,input,셀 내용 전수의 literal/formula/헤더 기반 초안,1,0,0,0,MAP-032,R20,인구관측 / 연간입력뷰,R20,인구관측,route,원문값과 기존 ID·상태·판본·출처를 보존. 해석 가능한 형만 변환하고 원문 value_raw/legacy_locator를 유지. 정규 원본 1개로 합류; 원본 간 동일성 대조 전 후보 행 삭제/합산 금지.,PH0/REG-V1_online.xlsx#xl/worksheets/sheet32.xml:C; literal=PH1/literal_cells.csv; formulas=PH1/formula_patterns_and_dependencies.json,PH1 대상표·필드·형·처리경로 명세; 원본단일화 및 파생식 재구현,"사용자 시작지시 + 계획서 4.2~4.8,5~8; 정본 승인과 별개",키 중복/외래키 존재/자료형/원문 보존 대조; 행이 없으면 자료 없음이며 시험 통과로 보지 않음.,미실행,false,"[{""file_code"": ""R20"", ""table"": ""인구관측"", ""field"": ""route"", ""role"": ""input"", ""row_condition"": ""all source records"", ""rule"": ""all source records"", ""data_type"": ""text_nullable"", ""reference"": """"}]",text_nullable,,명세 작성; 행별 의미 대조/온라인 시험 미실행
REG-V1,1EACdRIiAPGk4LAbttpXZiJd_cuqIh-cVi4jQsbfmqDw,900230004,12_지역_인구,D,REG-V1:900230004:D,기년,1,"{""rows"": [1], ""values"": [""기년""]}",string,input,셀 내용 전수의 literal/formula/헤더 기반 초안,1,0,0,0,MAP-032,R20,인구관측 / 연간입력뷰,R20,인구관측,era,원문값과 기존 ID·상태·판본·출처를 보존. 해석 가능한 형만 변환하고 원문 value_raw/legacy_locator를 유지. 정규 원본 1개로 합류; 원본 간 동일성 대조 전 후보 행 삭제/합산 금지.,PH0/REG-V1_online.xlsx#xl/worksheets/sheet32.xml:D; literal=PH1/literal_cells.csv; formulas=PH1/formula_patterns_and_dependencies.json,PH1 대상표·필드·형·처리경로 명세; 원본단일화 및 파생식 재구현,"사용자 시작지시 + 계획서 4.2~4.8,5~8; 정본 승인과 별개",키 중복/외래키 존재/자료형/원문 보존 대조; 행이 없으면 자료 없음이며 시험 통과로 보지 않음.,미실행,false,"[{""file_code"": ""R20"", ""table"": ""인구관측"", ""field"": ""era"", ""role"": ""input"", ""row_condition"": ""all source records"", ""rule"": ""all source records"", ""data_type"": ""text_nullable"", ""reference"": """"}]",text_nullable,,명세 작성; 행별 의미 대조/온라인 시험 미실행
REG-V1,1EACdRIiAPGk4LAbttpXZiJd_cuqIh-cVi4jQsbfmqDw,900230004,12_지역_인구,E,REG-V1:900230004:E,연도,1,"{""rows"": [1], ""values"": [""연도""]}",string,input,셀 내용 전수의 literal/formula/헤더 기반 초안,1,0,0,0,MAP-032,R20,인구관측 / 연간입력뷰,R20,인구관측,year,원문값과 기존 ID·상태·판본·출처를 보존. 해석 가능한 형만 변환하고 원문 value_raw/legacy_locator를 유지. 연도만 있으면 precision=year; 월일을 채우지 않음. 제3기 0년 허용; 기년 판본·루트 유지. 정규 원본 1개로 합류; 원본 간 동일성 대조 전 후보 행 삭제/합산 금지.,PH0/REG-V1_online.xlsx#xl/worksheets/sheet32.xml:E; literal=PH1/literal_cells.csv; formulas=PH1/formula_patterns_and_dependencies.json,PH1 대상표·필드·형·처리경로 명세; 원본단일화 및 파생식 재구현,"사용자 시작지시 + 계획서 4.2~4.8,5~8; 정본 승인과 별개",키 중복/외래키 존재/자료형/원문 보존 대조; 행이 없으면 자료 없음이며 시험 통과로 보지 않음.,미실행,false,"[{""file_code"": ""R20"", ""table"": ""인구관측"", ""field"": ""year"", ""role"": ""input"", ""row_condition"": ""all source records"", ""rule"": ""all source records"", ""data_type"": ""integer_nullable"", ""reference"": """"}]",integer_nullable,,명세 작성; 행별 의미 대조/온라인 시험 미실행
REG-V1,1EACdRIiAPGk4LAbttpXZiJd_cuqIh-cVi4jQsbfmqDw,900230004,12_지역_인구,F,REG-V1:900230004:F,지역 ID,1,"{""rows"": [1], ""values"": [""지역 ID""]}",string,input,셀 내용 전수의 literal/formula/헤더 기반 초안,1,0,0,0,MAP-032,R20,인구관측 / 연간입력뷰,R20,인구관측,region_id,원문값과 기존 ID·상태·판본·출처를 보존. 해석 가능한 형만 변환하고 원문 value_raw/legacy_locator를 유지. 정규 원본 1개로 합류; 원본 간 동일성 대조 전 후보 행 삭제/합산 금지.,PH0/REG-V1_online.xlsx#xl/worksheets/sheet32.xml:F; literal=PH1/literal_cells.csv; formulas=PH1/formula_patterns_and_dependencies.json,PH1 대상표·필드·형·처리경로 명세; 원본단일화 및 파생식 재구현,"사용자 시작지시 + 계획서 4.2~4.8,5~8; 정본 승인과 별개",키 중복/외래키 존재/자료형/원문 보존 대조; 행이 없으면 자료 없음이며 시험 통과로 보지 않음.,미실행,false,"[{""file_code"": ""R20"", ""table"": ""인구관측"", ""field"": ""region_id"", ""role"": ""input"", ""row_condition"": ""all source records"", ""rule"": ""all source records"", ""data_type"": ""text_identifier; case preserved"", ""reference"": ""R10.지역목록.region_id""}]",text_identifier; case preserved,,명세 작성; 행별 의미 대조/온라인 시험 미실행
REG-V1,1EACdRIiAPGk4LAbttpXZiJd_cuqIh-cVi4jQsbfmqDw,900230004,12_지역_인구,G,REG-V1:900230004:G,등록 인구 (명),1,"{""rows"": [1], ""values"": [""등록 인구 (명)""]}",string,input,셀 내용 전수의 literal/formula/헤더 기반 초안,1,0,0,0,MAP-032,R20,인구관측 / 연간입력뷰,R20,인구관측,value_numeric,원문값과 기존 ID·상태·판본·출처를 보존. 해석 가능한 형만 변환하고 원문 value_raw/legacy_locator를 유지. 빈칸·미상·미정·해당없음·확정0을 독립 상태로 처리; 원문 숫자 정밀도 초과시 문자열 보존/근사값 분리. 정규 원본 1개로 합류; 원본 간 동일성 대조 전 후보 행 삭제/합산 금지.,PH0/REG-V1_online.xlsx#xl/worksheets/sheet32.xml:G; literal=PH1/literal_cells.csv; formulas=PH1/formula_patterns_and_dependencies.json,PH1 대상표·필드·형·처리경로 명세; 원본단일화 및 파생식 재구현,"사용자 시작지시 + 계획서 4.2~4.8,5~8; 정본 승인과 별개",키 중복/외래키 존재/자료형/원문 보존 대조; 행이 없으면 자료 없음이며 시험 통과로 보지 않음.,미실행,false,"[{""file_code"": ""R20"", ""table"": ""인구관측"", ""field"": ""value_numeric"", ""role"": ""input"", ""row_condition"": ""all source records"", ""rule"": ""all source records"", ""data_type"": ""decimal_nullable; exact original in value_raw"", ""reference"": """"}]",decimal_nullable; exact original in value_raw,,명세 작성; 행별 의미 대조/온라인 시험 미실행
REG-V1,1EACdRIiAPGk4LAbttpXZiJd_cuqIh-cVi4jQsbfmqDw,900230004,12_지역_인구,H,REG-V1:900230004:H,인구 정의,1,"{""rows"": [1], ""values"": [""인구 정의""]}",string,input,셀 내용 전수의 literal/formula/헤더 기반 초안,1,0,0,0,MAP-032,R20,인구관측 / 연간입력뷰,R20,인구관측,population_definition,원문값과 기존 ID·상태·판본·출처를 보존. 해석 가능한 형만 변환하고 원문 value_raw/legacy_locator를 유지. 정규 원본 1개로 합류; 원본 간 동일성 대조 전 후보 행 삭제/합산 금지.,PH0/REG-V1_online.xlsx#xl/worksheets/sheet32.xml:H; literal=PH1/literal_cells.csv; formulas=PH1/formula_patterns_and_dependencies.json,PH1 대상표·필드·형·처리경로 명세; 원본단일화 및 파생식 재구현,"사용자 시작지시 + 계획서 4.2~4.8,5~8; 정본 승인과 별개",키 중복/외래키 존재/자료형/원문 보존 대조; 행이 없으면 자료 없음이며 시험 통과로 보지 않음.,미실행,false,"[{""file_code"": ""R20"", ""table"": ""인구관측"", ""field"": ""population_definition"", ""role"": ""input"", ""row_condition"": ""all source records"", ""rule"": ""all source records"", ""data_type"": ""text_nullable"", ""reference"": """"}]",text_nullable,,명세 작성; 행별 의미 대조/온라인 시험 미실행
REG-V1,1EACdRIiAPGk4LAbttpXZiJd_cuqIh-cVi4jQsbfmqDw,900230004,12_지역_인구,I,REG-V1:900230004:I,단위,1,"{""rows"": [1], ""values"": [""단위""]}",string,input,셀 내용 전수의 literal/formula/헤더 기반 초안,1,0,0,0,MAP-032,R20,인구관측 / 연간입력뷰,R20,인구관측,unit,원문값과 기존 ID·상태·판본·출처를 보존. 해석 가능한 형만 변환하고 원문 value_raw/legacy_locator를 유지. 정규 원본 1개로 합류; 원본 간 동일성 대조 전 후보 행 삭제/합산 금지.,PH0/REG-V1_online.xlsx#xl/worksheets/sheet32.xml:I; literal=PH1/literal_cells.csv; formulas=PH1/formula_patterns_and_dependencies.json,PH1 대상표·필드·형·처리경로 명세; 원본단일화 및 파생식 재구현,"사용자 시작지시 + 계획서 4.2~4.8,5~8; 정본 승인과 별개",키 중복/외래키 존재/자료형/원문 보존 대조; 행이 없으면 자료 없음이며 시험 통과로 보지 않음.,미실행,false,"[{""file_code"": ""R20"", ""table"": ""인구관측"", ""field"": ""unit"", ""role"": ""input"", ""row_condition"": ""all source records"", ""rule"": ""all source records"", ""data_type"": ""text_nullable"", ""reference"": """"}]",text_nullable,,명세 작성; 행별 의미 대조/온라인 시험 미실행
REG-V1,1EACdRIiAPGk4LAbttpXZiJd_cuqIh-cVi4jQsbfmqDw,900230004,12_지역_인구,J,REG-V1:900230004:J,합산 포함,1,"{""rows"": [1], ""values"": [""합산 포함""]}","string,boolean",input,셀 내용 전수의 literal/formula/헤더 기반 초안,1001,0,1000,0,MAP-032,R20,인구관측 / 연간입력뷰,R20,인구관측,aggregation_include,원문값과 기존 ID·상태·판본·출처를 보존. 해석 가능한 형만 변환하고 원문 value_raw/legacy_locator를 유지. 정규 원본 1개로 합류; 원본 간 동일성 대조 전 후보 행 삭제/합산 금지.,PH0/REG-V1_online.xlsx#xl/worksheets/sheet32.xml:J; literal=PH1/literal_cells.csv; formulas=PH1/formula_patterns_and_dependencies.json,PH1 대상표·필드·형·처리경로 명세; 원본단일화 및 파생식 재구현,"사용자 시작지시 + 계획서 4.2~4.8,5~8; 정본 승인과 별개",키 중복/외래키 존재/자료형/원문 보존 대조; 행이 없으면 자료 없음이며 시험 통과로 보지 않음.,미실행,false,"[{""file_code"": ""R20"", ""table"": ""인구관측"", ""field"": ""aggregation_include"", ""role"": ""input"", ""row_condition"": ""all source records"", ""rule"": ""all source records"", ""data_type"": ""boolean_nullable"", ""reference"": """"}]",boolean_nullable,,명세 작성; 행별 의미 대조/온라인 시험 미실행
REG-V1,1EACdRIiAPGk4LAbttpXZiJd_cuqIh-cVi4jQsbfmqDw,900230004,12_지역_인구,K,REG-V1:900230004:K,설정 상태,1,"{""rows"": [1], ""values"": [""설정 상태""]}",string,input,셀 내용 전수의 literal/formula/헤더 기반 초안,1,0,0,0,MAP-032,R20,인구관측 / 연간입력뷰,R20,인구관측,setting_status,원문값과 기존 ID·상태·판본·출처를 보존. 해석 가능한 형만 변환하고 원문 value_raw/legacy_locator를 유지. 정규 원본 1개로 합류; 원본 간 동일성 대조 전 후보 행 삭제/합산 금지.,PH0/REG-V1_online.xlsx#xl/worksheets/sheet32.xml:K; literal=PH1/literal_cells.csv; formulas=PH1/formula_patterns_and_dependencies.json,PH1 대상표·필드·형·처리경로 명세; 원본단일화 및 파생식 재구현,"사용자 시작지시 + 계획서 4.2~4.8,5~8; 정본 승인과 별개",키 중복/외래키 존재/자료형/원문 보존 대조; 행이 없으면 자료 없음이며 시험 통과로 보지 않음.,미실행,false,"[{""file_code"": ""R20"", ""table"": ""인구관측"", ""field"": ""setting_status"", ""role"": ""input"", ""row_condition"": ""all source records"", ""rule"": ""all source records"", ""data_type"": ""C00_code_nullable; unknown original retained"", ""reference"": """"}]",C00_code_nullable; unknown original retained,,명세 작성; 행별 의미 대조/온라인 시험 미실행
REG-V1,1EACdRIiAPGk4LAbttpXZiJd_cuqIh-cVi4jQsbfmqDw,900230004,12_지역_인구,L,REG-V1:900230004:L,출처 ID,1,"{""rows"": [1], ""values"": [""출처 ID""]}",string,input,셀 내용 전수의 literal/formula/헤더 기반 초안,1,0,0,0,MAP-032,R20,인구관측 / 연간입력뷰,R20,인구관측,source_id,원문값과 기존 ID·상태·판본·출처를 보존. 해석 가능한 형만 변환하고 원문 value_raw/legacy_locator를 유지. 정규 원본 1개로 합류; 원본 간 동일성 대조 전 후보 행 삭제/합산 금지.,PH0/REG-V1_online.xlsx#xl/worksheets/sheet32.xml:L; literal=PH1/literal_cells.csv; formulas=PH1/formula_patterns_and_dependencies.json,PH1 대상표·필드·형·처리경로 명세; 원본단일화 및 파생식 재구현,"사용자 시작지시 + 계획서 4.2~4.8,5~8; 정본 승인과 별개",키 중복/외래키 존재/자료형/원문 보존 대조; 행이 없으면 자료 없음이며 시험 통과로 보지 않음.,미실행,false,"[{""file_code"": ""R20"", ""table"": ""인구관측"", ""field"": ""source_id"", ""role"": ""input"", ""row_condition"": ""all source records"", ""rule"": ""all source records"", ""data_type"": ""text_identifier; case preserved"", ""reference"": ""C00.출처레지스트리.source_id""}]",text_identifier; case preserved,,명세 작성; 행별 의미 대조/온라인 시험 미실행
REG-V1,1EACdRIiAPGk4LAbttpXZiJd_cuqIh-cVi4jQsbfmqDw,900230004,12_지역_인구,M,REG-V1:900230004:M,비고,1,"{""rows"": [1], ""values"": [""비고""]}",string,input,셀 내용 전수의 literal/formula/헤더 기반 초안,1,0,0,0,MAP-032,R20,인구관측 / 연간입력뷰,R20,인구관측,notes,원문값과 기존 ID·상태·판본·출처를 보존. 해석 가능한 형만 변환하고 원문 value_raw/legacy_locator를 유지. 정규 원본 1개로 합류; 원본 간 동일성 대조 전 후보 행 삭제/합산 금지.,PH0/REG-V1_online.xlsx#xl/worksheets/sheet32.xml:M; literal=PH1/literal_cells.csv; formulas=PH1/formula_patterns_and_dependencies.json,PH1 대상표·필드·형·처리경로 명세; 원본단일화 및 파생식 재구현,"사용자 시작지시 + 계획서 4.2~4.8,5~8; 정본 승인과 별개",키 중복/외래키 존재/자료형/원문 보존 대조; 행이 없으면 자료 없음이며 시험 통과로 보지 않음.,미실행,false,"[{""file_code"": ""R20"", ""table"": ""인구관측"", ""field"": ""notes"", ""role"": ""input"", ""row_condition"": ""all source records"", ""rule"": ""all source records"", ""data_type"": ""text_nullable"", ""reference"": """"}]",text_nullable,,명세 작성; 행별 의미 대조/온라인 시험 미실행
REG-V1,1EACdRIiAPGk4LAbttpXZiJd_cuqIh-cVi4jQsbfmqDw,900230004,12_지역_인구,N,REG-V1:900230004:N,지역 단계,1,"{""rows"": [1], ""values"": [""지역 단계""]}",string,formula,셀 내용 전수의 literal/formula/헤더 기반 초안,1,1000,0,0,MAP-032,R20,인구관측 / 연간입력뷰,R20,인구관측_조회계산,region_level,원 수식과 저장값은 PH0/PH1 증거에 보존. 해당 V2 입력 원본·제공표에서 네이티브 수식으로 재구현. 값으로 이관하거나 입력 원본으로 복제하지 않음. 정규 원본 1개로 합류; 원본 간 동일성 대조 전 후보 행 삭제/합산 금지.,PH0/REG-V1_online.xlsx#xl/worksheets/sheet32.xml:N; literal=PH1/literal_cells.csv; formulas=PH1/formula_patterns_and_dependencies.json,PH1 대상표·필드·형·처리경로 명세; 원본단일화 및 파생식 재구현,"사용자 시작지시 + 계획서 4.2~4.8,5~8; 정본 승인과 별개",실제 Google Sheets 재계산·오류 전파·입력 변경·범위 확장 시험 필요. 현재 미실행.,미실행,false,"[{""file_code"": ""R20"", ""table"": ""인구관측_조회계산"", ""field"": ""region_level"", ""role"": ""calculated"", ""row_condition"": ""all source records"", ""rule"": ""all source records"", ""data_type"": ""text_nullable"", ""reference"": """"}]",text_nullable,,명세 작성; 행별 의미 대조/온라인 시험 미실행
REG-V1,1EACdRIiAPGk4LAbttpXZiJd_cuqIh-cVi4jQsbfmqDw,900230004,12_지역_인구,O,REG-V1:900230004:O,연도·지역 키,1,"{""rows"": [1], ""values"": [""연도·지역 키""]}",string,formula,셀 내용 전수의 literal/formula/헤더 기반 초안,1,1000,0,0,MAP-032,R20,인구관측 / 연간입력뷰,R20,인구관측_조회계산,observation_key,원 수식과 저장값은 PH0/PH1 증거에 보존. 해당 V2 입력 원본·제공표에서 네이티브 수식으로 재구현. 값으로 이관하거나 입력 원본으로 복제하지 않음. 정규 원본 1개로 합류; 원본 간 동일성 대조 전 후보 행 삭제/합산 금지.,PH0/REG-V1_online.xlsx#xl/worksheets/sheet32.xml:O; literal=PH1/literal_cells.csv; formulas=PH1/formula_patterns_and_dependencies.json,PH1 대상표·필드·형·처리경로 명세; 원본단일화 및 파생식 재구현,"사용자 시작지시 + 계획서 4.2~4.8,5~8; 정본 승인과 별개",실제 Google Sheets 재계산·오류 전파·입력 변경·범위 확장 시험 필요. 현재 미실행.,미실행,false,"[{""file_code"": ""R20"", ""table"": ""인구관측_조회계산"", ""field"": ""observation_key"", ""role"": ""calculated"", ""row_condition"": ""all source records"", ""rule"": ""all source records"", ""data_type"": ""text_nullable"", ""reference"": """"}]",text_nullable,,명세 작성; 행별 의미 대조/온라인 시험 미실행
REG-V1,1EACdRIiAPGk4LAbttpXZiJd_cuqIh-cVi4jQsbfmqDw,900230005,13_지역_경제,A,REG-V1:900230005:A,record_id,1,"{""rows"": [1], ""values"": [""record_id""]}",string,input,셀 내용 전수의 literal/formula/헤더 기반 초안,1,0,0,0,MAP-033,R60,경제관측 / 연간입력뷰,R60,경제관측,record_id,원문값과 기존 ID·상태·판본·출처를 보존. 해석 가능한 형만 변환하고 원문 value_raw/legacy_locator를 유지. 정규 원본 1개로 합류; 원본 간 동일성 대조 전 후보 행 삭제/합산 금지.,PH0/REG-V1_online.xlsx#xl/worksheets/sheet33.xml:A; literal=PH1/literal_cells.csv; formulas=PH1/formula_patterns_and_dependencies.json,PH1 대상표·필드·형·처리경로 명세; 원본단일화 및 파생식 재구현,"사용자 시작지시 + 계획서 4.2~4.8,5~8; 정본 승인과 별개",키 중복/외래키 존재/자료형/원문 보존 대조; 행이 없으면 자료 없음이며 시험 통과로 보지 않음.,미실행,false,"[{""file_code"": ""R60"", ""table"": ""경제관측"", ""field"": ""record_id"", ""role"": ""input"", ""row_condition"": ""all source records"", ""rule"": ""all source records"", ""data_type"": ""text_identifier; case preserved"", ""reference"": """"}]",text_identifier; case preserved,,명세 작성; 행별 의미 대조/온라인 시험 미실행
REG-V1,1EACdRIiAPGk4LAbttpXZiJd_cuqIh-cVi4jQsbfmqDw,900230005,13_지역_경제,B,REG-V1:900230005:B,scope_id,1,"{""rows"": [1], ""values"": [""scope_id""]}",string,input,셀 내용 전수의 literal/formula/헤더 기반 초안,1,0,0,0,MAP-033,R60,경제관측 / 연간입력뷰,R60,경제관측,planet_scope_id,원문값과 기존 ID·상태·판본·출처를 보존. 해석 가능한 형만 변환하고 원문 value_raw/legacy_locator를 유지. 정규 원본 1개로 합류; 원본 간 동일성 대조 전 후보 행 삭제/합산 금지.,PH0/REG-V1_online.xlsx#xl/worksheets/sheet33.xml:B; literal=PH1/literal_cells.csv; formulas=PH1/formula_patterns_and_dependencies.json,PH1 대상표·필드·형·처리경로 명세; 원본단일화 및 파생식 재구현,"사용자 시작지시 + 계획서 4.2~4.8,5~8; 정본 승인과 별개",키 중복/외래키 존재/자료형/원문 보존 대조; 행이 없으면 자료 없음이며 시험 통과로 보지 않음.,미실행,false,"[{""file_code"": ""R60"", ""table"": ""경제관측"", ""field"": ""planet_scope_id"", ""role"": ""input"", ""row_condition"": ""all source records"", ""rule"": ""all source records"", ""data_type"": ""text_identifier; case preserved"", ""reference"": ""C00.대상목록.scope_id; planet.1 preserved; do not equate planet ID to region ID without registered relation""}]",text_identifier; case preserved,,명세 작성; 행별 의미 대조/온라인 시험 미실행
REG-V1,1EACdRIiAPGk4LAbttpXZiJd_cuqIh-cVi4jQsbfmqDw,900230005,13_지역_경제,C,REG-V1:900230005:C,루트,1,"{""rows"": [1], ""values"": [""루트""]}",string,input,셀 내용 전수의 literal/formula/헤더 기반 초안,1,0,0,0,MAP-033,R60,경제관측 / 연간입력뷰,R60,경제관측,route,원문값과 기존 ID·상태·판본·출처를 보존. 해석 가능한 형만 변환하고 원문 value_raw/legacy_locator를 유지. 정규 원본 1개로 합류; 원본 간 동일성 대조 전 후보 행 삭제/합산 금지.,PH0/REG-V1_online.xlsx#xl/worksheets/sheet33.xml:C; literal=PH1/literal_cells.csv; formulas=PH1/formula_patterns_and_dependencies.json,PH1 대상표·필드·형·처리경로 명세; 원본단일화 및 파생식 재구현,"사용자 시작지시 + 계획서 4.2~4.8,5~8; 정본 승인과 별개",키 중복/외래키 존재/자료형/원문 보존 대조; 행이 없으면 자료 없음이며 시험 통과로 보지 않음.,미실행,false,"[{""file_code"": ""R60"", ""table"": ""경제관측"", ""field"": ""route"", ""role"": ""input"", ""row_condition"": ""all source records"", ""rule"": ""all source records"", ""data_type"": ""text_nullable"", ""reference"": """"}]",text_nullable,,명세 작성; 행별 의미 대조/온라인 시험 미실행
REG-V1,1EACdRIiAPGk4LAbttpXZiJd_cuqIh-cVi4jQsbfmqDw,900230005,13_지역_경제,D,REG-V1:900230005:D,기년,1,"{""rows"": [1], ""values"": [""기년""]}",string,input,셀 내용 전수의 literal/formula/헤더 기반 초안,1,0,0,0,MAP-033,R60,경제관측 / 연간입력뷰,R60,경제관측,era,원문값과 기존 ID·상태·판본·출처를 보존. 해석 가능한 형만 변환하고 원문 value_raw/legacy_locator를 유지. 정규 원본 1개로 합류; 원본 간 동일성 대조 전 후보 행 삭제/합산 금지.,PH0/REG-V1_online.xlsx#xl/worksheets/sheet33.xml:D; literal=PH1/literal_cells.csv; formulas=PH1/formula_patterns_and_dependencies.json,PH1 대상표·필드·형·처리경로 명세; 원본단일화 및 파생식 재구현,"사용자 시작지시 + 계획서 4.2~4.8,5~8; 정본 승인과 별개",키 중복/외래키 존재/자료형/원문 보존 대조; 행이 없으면 자료 없음이며 시험 통과로 보지 않음.,미실행,false,"[{""file_code"": ""R60"", ""table"": ""경제관측"", ""field"": ""era"", ""role"": ""input"", ""row_condition"": ""all source records"", ""rule"": ""all source records"", ""data_type"": ""text_nullable"", ""reference"": """"}]",text_nullable,,명세 작성; 행별 의미 대조/온라인 시험 미실행
REG-V1,1EACdRIiAPGk4LAbttpXZiJd_cuqIh-cVi4jQsbfmqDw,900230005,13_지역_경제,E,REG-V1:900230005:E,연도,1,"{""rows"": [1], ""values"": [""연도""]}",string,input,셀 내용 전수의 literal/formula/헤더 기반 초안,1,0,0,0,MAP-033,R60,경제관측 / 연간입력뷰,R60,경제관측,year,원문값과 기존 ID·상태·판본·출처를 보존. 해석 가능한 형만 변환하고 원문 value_raw/legacy_locator를 유지. 연도만 있으면 precision=year; 월일을 채우지 않음. 제3기 0년 허용; 기년 판본·루트 유지. 정규 원본 1개로 합류; 원본 간 동일성 대조 전 후보 행 삭제/합산 금지.,PH0/REG-V1_online.xlsx#xl/worksheets/sheet33.xml:E; literal=PH1/literal_cells.csv; formulas=PH1/formula_patterns_and_dependencies.json,PH1 대상표·필드·형·처리경로 명세; 원본단일화 및 파생식 재구현,"사용자 시작지시 + 계획서 4.2~4.8,5~8; 정본 승인과 별개",키 중복/외래키 존재/자료형/원문 보존 대조; 행이 없으면 자료 없음이며 시험 통과로 보지 않음.,미실행,false,"[{""file_code"": ""R60"", ""table"": ""경제관측"", ""field"": ""year"", ""role"": ""input"", ""row_condition"": ""all source records"", ""rule"": ""all source records"", ""data_type"": ""integer_nullable"", ""reference"": """"}]",integer_nullable,,명세 작성; 행별 의미 대조/온라인 시험 미실행
REG-V1,1EACdRIiAPGk4LAbttpXZiJd_cuqIh-cVi4jQsbfmqDw,900230005,13_지역_경제,F,REG-V1:900230005:F,지역 ID,1,"{""rows"": [1], ""values"": [""지역 ID""]}",string,input,셀 내용 전수의 literal/formula/헤더 기반 초안,1,0,0,0,MAP-033,R60,경제관측 / 연간입력뷰,R60,경제관측,region_id,원문값과 기존 ID·상태·판본·출처를 보존. 해석 가능한 형만 변환하고 원문 value_raw/legacy_locator를 유지. 정규 원본 1개로 합류; 원본 간 동일성 대조 전 후보 행 삭제/합산 금지.,PH0/REG-V1_online.xlsx#xl/worksheets/sheet33.xml:F; literal=PH1/literal_cells.csv; formulas=PH1/formula_patterns_and_dependencies.json,PH1 대상표·필드·형·처리경로 명세; 원본단일화 및 파생식 재구현,"사용자 시작지시 + 계획서 4.2~4.8,5~8; 정본 승인과 별개",키 중복/외래키 존재/자료형/원문 보존 대조; 행이 없으면 자료 없음이며 시험 통과로 보지 않음.,미실행,false,"[{""file_code"": ""R60"", ""table"": ""경제관측"", ""field"": ""region_id"", ""role"": ""input"", ""row_condition"": ""all source records"", ""rule"": ""all source records"", ""data_type"": ""text_identifier; case preserved"", ""reference"": ""R10.지역목록.region_id""}]",text_identifier; case preserved,,명세 작성; 행별 의미 대조/온라인 시험 미실행
REG-V1,1EACdRIiAPGk4LAbttpXZiJd_cuqIh-cVi4jQsbfmqDw,900230005,13_지역_경제,G,REG-V1:900230005:G,지표 ID,1,"{""rows"": [1], ""values"": [""지표 ID""]}",string,input,셀 내용 전수의 literal/formula/헤더 기반 초안,1,0,0,0,MAP-033,R60,경제관측 / 연간입력뷰,R60,경제관측,metric_id,원문값과 기존 ID·상태·판본·출처를 보존. 해석 가능한 형만 변환하고 원문 value_raw/legacy_locator를 유지. 정규 원본 1개로 합류; 원본 간 동일성 대조 전 후보 행 삭제/합산 금지.,PH0/REG-V1_online.xlsx#xl/worksheets/sheet33.xml:G; literal=PH1/literal_cells.csv; formulas=PH1/formula_patterns_and_dependencies.json,PH1 대상표·필드·형·처리경로 명세; 원본단일화 및 파생식 재구현,"사용자 시작지시 + 계획서 4.2~4.8,5~8; 정본 승인과 별개",키 중복/외래키 존재/자료형/원문 보존 대조; 행이 없으면 자료 없음이며 시험 통과로 보지 않음.,미실행,false,"[{""file_code"": ""R60"", ""table"": ""경제관측"", ""field"": ""metric_id"", ""role"": ""input"", ""row_condition"": ""all source records"", ""rule"": ""all source records"", ""data_type"": ""text_identifier; case preserved"", ""reference"": ""C00.metric_dictionary.metric_id""}]",text_identifier; case preserved,,명세 작성; 행별 의미 대조/온라인 시험 미실행
REG-V1,1EACdRIiAPGk4LAbttpXZiJd_cuqIh-cVi4jQsbfmqDw,900230005,13_지역_경제,H,REG-V1:900230005:H,값,1,"{""rows"": [1], ""values"": [""값""]}",string,input,셀 내용 전수의 literal/formula/헤더 기반 초안,1,0,0,0,MAP-033,R60,경제관측 / 연간입력뷰,R60,경제관측,value_numeric,원문값과 기존 ID·상태·판본·출처를 보존. 해석 가능한 형만 변환하고 원문 value_raw/legacy_locator를 유지. 빈칸·미상·미정·해당없음·확정0을 독립 상태로 처리; 원문 숫자 정밀도 초과시 문자열 보존/근사값 분리. 정규 원본 1개로 합류; 원본 간 동일성 대조 전 후보 행 삭제/합산 금지.,PH0/REG-V1_online.xlsx#xl/worksheets/sheet33.xml:H; literal=PH1/literal_cells.csv; formulas=PH1/formula_patterns_and_dependencies.json,PH1 대상표·필드·형·처리경로 명세; 원본단일화 및 파생식 재구현,"사용자 시작지시 + 계획서 4.2~4.8,5~8; 정본 승인과 별개",키 중복/외래키 존재/자료형/원문 보존 대조; 행이 없으면 자료 없음이며 시험 통과로 보지 않음.,미실행,false,"[{""file_code"": ""R60"", ""table"": ""경제관측"", ""field"": ""value_numeric"", ""role"": ""input"", ""row_condition"": ""all source records"", ""rule"": ""all source records"", ""data_type"": ""decimal_nullable; exact original in value_raw"", ""reference"": """"}]",decimal_nullable; exact original in value_raw,,명세 작성; 행별 의미 대조/온라인 시험 미실행
REG-V1,1EACdRIiAPGk4LAbttpXZiJd_cuqIh-cVi4jQsbfmqDw,900230005,13_지역_경제,I,REG-V1:900230005:I,단위,1,"{""rows"": [1], ""values"": [""단위""]}",string,input,셀 내용 전수의 literal/formula/헤더 기반 초안,1,0,0,0,MAP-033,R60,경제관측 / 연간입력뷰,R60,경제관측,unit,원문값과 기존 ID·상태·판본·출처를 보존. 해석 가능한 형만 변환하고 원문 value_raw/legacy_locator를 유지. 정규 원본 1개로 합류; 원본 간 동일성 대조 전 후보 행 삭제/합산 금지.,PH0/REG-V1_online.xlsx#xl/worksheets/sheet33.xml:I; literal=PH1/literal_cells.csv; formulas=PH1/formula_patterns_and_dependencies.json,PH1 대상표·필드·형·처리경로 명세; 원본단일화 및 파생식 재구현,"사용자 시작지시 + 계획서 4.2~4.8,5~8; 정본 승인과 별개",키 중복/외래키 존재/자료형/원문 보존 대조; 행이 없으면 자료 없음이며 시험 통과로 보지 않음.,미실행,false,"[{""file_code"": ""R60"", ""table"": ""경제관측"", ""field"": ""unit"", ""role"": ""input"", ""row_condition"": ""all source records"", ""rule"": ""all source records"", ""data_type"": ""text_nullable"", ""reference"": """"}]",text_nullable,,명세 작성; 행별 의미 대조/온라인 시험 미실행
REG-V1,1EACdRIiAPGk4LAbttpXZiJd_cuqIh-cVi4jQsbfmqDw,900230005,13_지역_경제,J,REG-V1:900230005:J,기준통화,1,"{""rows"": [1], ""values"": [""기준통화""]}",string,input,셀 내용 전수의 literal/formula/헤더 기반 초안,1,0,0,0,MAP-033,R60,경제관측 / 연간입력뷰,R60,경제관측,currency,원문값과 기존 ID·상태·판본·출처를 보존. 해석 가능한 형만 변환하고 원문 value_raw/legacy_locator를 유지. 정규 원본 1개로 합류; 원본 간 동일성 대조 전 후보 행 삭제/합산 금지.,PH0/REG-V1_online.xlsx#xl/worksheets/sheet33.xml:J; literal=PH1/literal_cells.csv; formulas=PH1/formula_patterns_and_dependencies.json,PH1 대상표·필드·형·처리경로 명세; 원본단일화 및 파생식 재구현,"사용자 시작지시 + 계획서 4.2~4.8,5~8; 정본 승인과 별개",키 중복/외래키 존재/자료형/원문 보존 대조; 행이 없으면 자료 없음이며 시험 통과로 보지 않음.,미실행,false,"[{""file_code"": ""R60"", ""table"": ""경제관측"", ""field"": ""currency"", ""role"": ""input"", ""row_condition"": ""all source records"", ""rule"": ""all source records"", ""data_type"": ""text_nullable"", ""reference"": """"}]",text_nullable,,명세 작성; 행별 의미 대조/온라인 시험 미실행
REG-V1,1EACdRIiAPGk4LAbttpXZiJd_cuqIh-cVi4jQsbfmqDw,900230005,13_지역_경제,K,REG-V1:900230005:K,기준가격 기년,1,"{""rows"": [1], ""values"": [""기준가격 기년""]}",string,input,셀 내용 전수의 literal/formula/헤더 기반 초안,1,0,0,0,MAP-033,R60,경제관측 / 연간입력뷰,R60,경제관측,price_era,원문값과 기존 ID·상태·판본·출처를 보존. 해석 가능한 형만 변환하고 원문 value_raw/legacy_locator를 유지. 정규 원본 1개로 합류; 원본 간 동일성 대조 전 후보 행 삭제/합산 금지.,PH0/REG-V1_online.xlsx#xl/worksheets/sheet33.xml:K; literal=PH1/literal_cells.csv; formulas=PH1/formula_patterns_and_dependencies.json,PH1 대상표·필드·형·처리경로 명세; 원본단일화 및 파생식 재구현,"사용자 시작지시 + 계획서 4.2~4.8,5~8; 정본 승인과 별개",키 중복/외래키 존재/자료형/원문 보존 대조; 행이 없으면 자료 없음이며 시험 통과로 보지 않음.,미실행,false,"[{""file_code"": ""R60"", ""table"": ""경제관측"", ""field"": ""price_era"", ""role"": ""input"", ""row_condition"": ""all source records"", ""rule"": ""all source records"", ""data_type"": ""text_nullable"", ""reference"": """"}]",text_nullable,,명세 작성; 행별 의미 대조/온라인 시험 미실행
REG-V1,1EACdRIiAPGk4LAbttpXZiJd_cuqIh-cVi4jQsbfmqDw,900230005,13_지역_경제,L,REG-V1:900230005:L,기준가격 연도,1,"{""rows"": [1], ""values"": [""기준가격 연도""]}",string,input,셀 내용 전수의 literal/formula/헤더 기반 초안,1,0,0,0,MAP-033,R60,경제관측 / 연간입력뷰,R60,경제관측,price_year,원문값과 기존 ID·상태·판본·출처를 보존. 해석 가능한 형만 변환하고 원문 value_raw/legacy_locator를 유지. 정규 원본 1개로 합류; 원본 간 동일성 대조 전 후보 행 삭제/합산 금지.,PH0/REG-V1_online.xlsx#xl/worksheets/sheet33.xml:L; literal=PH1/literal_cells.csv; formulas=PH1/formula_patterns_and_dependencies.json,PH1 대상표·필드·형·처리경로 명세; 원본단일화 및 파생식 재구현,"사용자 시작지시 + 계획서 4.2~4.8,5~8; 정본 승인과 별개",키 중복/외래키 존재/자료형/원문 보존 대조; 행이 없으면 자료 없음이며 시험 통과로 보지 않음.,미실행,false,"[{""file_code"": ""R60"", ""table"": ""경제관측"", ""field"": ""price_year"", ""role"": ""input"", ""row_condition"": ""all source records"", ""rule"": ""all source records"", ""data_type"": ""integer_nullable"", ""reference"": """"}]",integer_nullable,,명세 작성; 행별 의미 대조/온라인 시험 미실행
REG-V1,1EACdRIiAPGk4LAbttpXZiJd_cuqIh-cVi4jQsbfmqDw,900230005,13_지역_경제,M,REG-V1:900230005:M,합산 포함,1,"{""rows"": [1], ""values"": [""합산 포함""]}","string,boolean",input,셀 내용 전수의 literal/formula/헤더 기반 초안,1001,0,1000,0,MAP-033,R60,경제관측 / 연간입력뷰,R60,경제관측,aggregation_include,원문값과 기존 ID·상태·판본·출처를 보존. 해석 가능한 형만 변환하고 원문 value_raw/legacy_locator를 유지. 정규 원본 1개로 합류; 원본 간 동일성 대조 전 후보 행 삭제/합산 금지.,PH0/REG-V1_online.xlsx#xl/worksheets/sheet33.xml:M; literal=PH1/literal_cells.csv; formulas=PH1/formula_patterns_and_dependencies.json,PH1 대상표·필드·형·처리경로 명세; 원본단일화 및 파생식 재구현,"사용자 시작지시 + 계획서 4.2~4.8,5~8; 정본 승인과 별개",키 중복/외래키 존재/자료형/원문 보존 대조; 행이 없으면 자료 없음이며 시험 통과로 보지 않음.,미실행,false,"[{""file_code"": ""R60"", ""table"": ""경제관측"", ""field"": ""aggregation_include"", ""role"": ""input"", ""row_condition"": ""all source records"", ""rule"": ""all source records"", ""data_type"": ""boolean_nullable"", ""reference"": """"}]",boolean_nullable,,명세 작성; 행별 의미 대조/온라인 시험 미실행
REG-V1,1EACdRIiAPGk4LAbttpXZiJd_cuqIh-cVi4jQsbfmqDw,900230005,13_지역_경제,N,REG-V1:900230005:N,설정 상태,1,"{""rows"": [1], ""values"": [""설정 상태""]}",string,input,셀 내용 전수의 literal/formula/헤더 기반 초안,1,0,0,0,MAP-033,R60,경제관측 / 연간입력뷰,R60,경제관측,setting_status,원문값과 기존 ID·상태·판본·출처를 보존. 해석 가능한 형만 변환하고 원문 value_raw/legacy_locator를 유지. 정규 원본 1개로 합류; 원본 간 동일성 대조 전 후보 행 삭제/합산 금지.,PH0/REG-V1_online.xlsx#xl/worksheets/sheet33.xml:N; literal=PH1/literal_cells.csv; formulas=PH1/formula_patterns_and_dependencies.json,PH1 대상표·필드·형·처리경로 명세; 원본단일화 및 파생식 재구현,"사용자 시작지시 + 계획서 4.2~4.8,5~8; 정본 승인과 별개",키 중복/외래키 존재/자료형/원문 보존 대조; 행이 없으면 자료 없음이며 시험 통과로 보지 않음.,미실행,false,"[{""file_code"": ""R60"", ""table"": ""경제관측"", ""field"": ""setting_status"", ""role"": ""input"", ""row_condition"": ""all source records"", ""rule"": ""all source records"", ""data_type"": ""C00_code_nullable; unknown original retained"", ""reference"": """"}]",C00_code_nullable; unknown original retained,,명세 작성; 행별 의미 대조/온라인 시험 미실행
REG-V1,1EACdRIiAPGk4LAbttpXZiJd_cuqIh-cVi4jQsbfmqDw,900230005,13_지역_경제,O,REG-V1:900230005:O,출처 ID,1,"{""rows"": [1], ""values"": [""출처 ID""]}",string,input,셀 내용 전수의 literal/formula/헤더 기반 초안,1,0,0,0,MAP-033,R60,경제관측 / 연간입력뷰,R60,경제관측,source_id,원문값과 기존 ID·상태·판본·출처를 보존. 해석 가능한 형만 변환하고 원문 value_raw/legacy_locator를 유지. 정규 원본 1개로 합류; 원본 간 동일성 대조 전 후보 행 삭제/합산 금지.,PH0/REG-V1_online.xlsx#xl/worksheets/sheet33.xml:O; literal=PH1/literal_cells.csv; formulas=PH1/formula_patterns_and_dependencies.json,PH1 대상표·필드·형·처리경로 명세; 원본단일화 및 파생식 재구현,"사용자 시작지시 + 계획서 4.2~4.8,5~8; 정본 승인과 별개",키 중복/외래키 존재/자료형/원문 보존 대조; 행이 없으면 자료 없음이며 시험 통과로 보지 않음.,미실행,false,"[{""file_code"": ""R60"", ""table"": ""경제관측"", ""field"": ""source_id"", ""role"": ""input"", ""row_condition"": ""all source records"", ""rule"": ""all source records"", ""data_type"": ""text_identifier; case preserved"", ""reference"": ""C00.출처레지스트리.source_id""}]",text_identifier; case preserved,,명세 작성; 행별 의미 대조/온라인 시험 미실행
REG-V1,1EACdRIiAPGk4LAbttpXZiJd_cuqIh-cVi4jQsbfmqDw,900230005,13_지역_경제,P,REG-V1:900230005:P,비고,1,"{""rows"": [1], ""values"": [""비고""]}",string,input,셀 내용 전수의 literal/formula/헤더 기반 초안,1,0,0,0,MAP-033,R60,경제관측 / 연간입력뷰,R60,경제관측,notes,원문값과 기존 ID·상태·판본·출처를 보존. 해석 가능한 형만 변환하고 원문 value_raw/legacy_locator를 유지. 정규 원본 1개로 합류; 원본 간 동일성 대조 전 후보 행 삭제/합산 금지.,PH0/REG-V1_online.xlsx#xl/worksheets/sheet33.xml:P; literal=PH1/literal_cells.csv; formulas=PH1/formula_patterns_and_dependencies.json,PH1 대상표·필드·형·처리경로 명세; 원본단일화 및 파생식 재구현,"사용자 시작지시 + 계획서 4.2~4.8,5~8; 정본 승인과 별개",키 중복/외래키 존재/자료형/원문 보존 대조; 행이 없으면 자료 없음이며 시험 통과로 보지 않음.,미실행,false,"[{""file_code"": ""R60"", ""table"": ""경제관측"", ""field"": ""notes"", ""role"": ""input"", ""row_condition"": ""all source records"", ""rule"": ""all source records"", ""data_type"": ""text_nullable"", ""reference"": """"}]",text_nullable,,명세 작성; 행별 의미 대조/온라인 시험 미실행
REG-V1,1EACdRIiAPGk4LAbttpXZiJd_cuqIh-cVi4jQsbfmqDw,900230005,13_지역_경제,Q,REG-V1:900230005:Q,지역 단계,1,"{""rows"": [1], ""values"": [""지역 단계""]}",string,formula,셀 내용 전수의 literal/formula/헤더 기반 초안,1,1000,0,0,MAP-033,R60,경제관측 / 연간입력뷰,R60,경제관측_조회계산,region_level,원 수식과 저장값은 PH0/PH1 증거에 보존. 해당 V2 입력 원본·제공표에서 네이티브 수식으로 재구현. 값으로 이관하거나 입력 원본으로 복제하지 않음. 정규 원본 1개로 합류; 원본 간 동일성 대조 전 후보 행 삭제/합산 금지.,PH0/REG-V1_online.xlsx#xl/worksheets/sheet33.xml:Q; literal=PH1/literal_cells.csv; formulas=PH1/formula_patterns_and_dependencies.json,PH1 대상표·필드·형·처리경로 명세; 원본단일화 및 파생식 재구현,"사용자 시작지시 + 계획서 4.2~4.8,5~8; 정본 승인과 별개",실제 Google Sheets 재계산·오류 전파·입력 변경·범위 확장 시험 필요. 현재 미실행.,미실행,false,"[{""file_code"": ""R60"", ""table"": ""경제관측_조회계산"", ""field"": ""region_level"", ""role"": ""calculated"", ""row_condition"": ""all source records"", ""rule"": ""all source records"", ""data_type"": ""text_nullable"", ""reference"": """"}]",text_nullable,,명세 작성; 행별 의미 대조/온라인 시험 미실행
REG-V1,1EACdRIiAPGk4LAbttpXZiJd_cuqIh-cVi4jQsbfmqDw,900230005,13_지역_경제,R,REG-V1:900230005:R,연도·지역·지표 키,1,"{""rows"": [1], ""values"": [""연도·지역·지표 키""]}",string,formula,셀 내용 전수의 literal/formula/헤더 기반 초안,1,1000,0,0,MAP-033,R60,경제관측 / 연간입력뷰,R60,경제관측_조회계산,observation_key,원 수식과 저장값은 PH0/PH1 증거에 보존. 해당 V2 입력 원본·제공표에서 네이티브 수식으로 재구현. 값으로 이관하거나 입력 원본으로 복제하지 않음. 정규 원본 1개로 합류; 원본 간 동일성 대조 전 후보 행 삭제/합산 금지.,PH0/REG-V1_online.xlsx#xl/worksheets/sheet33.xml:R; literal=PH1/literal_cells.csv; formulas=PH1/formula_patterns_and_dependencies.json,PH1 대상표·필드·형·처리경로 명세; 원본단일화 및 파생식 재구현,"사용자 시작지시 + 계획서 4.2~4.8,5~8; 정본 승인과 별개",실제 Google Sheets 재계산·오류 전파·입력 변경·범위 확장 시험 필요. 현재 미실행.,미실행,false,"[{""file_code"": ""R60"", ""table"": ""경제관측_조회계산"", ""field"": ""observation_key"", ""role"": ""calculated"", ""row_condition"": ""all source records"", ""rule"": ""all source records"", ""data_type"": ""text_nullable"", ""reference"": """"}]",text_nullable,,명세 작성; 행별 의미 대조/온라인 시험 미실행
REG-V1,1EACdRIiAPGk4LAbttpXZiJd_cuqIh-cVi4jQsbfmqDw,900230006,14_지역_자연환경,A,REG-V1:900230006:A,record_id,1,"{""rows"": [1], ""values"": [""record_id""]}",string,input,셀 내용 전수의 literal/formula/헤더 기반 초안,1,0,0,0,MAP-034,R70,환경관측,R70,환경관측,record_id,원문값과 기존 ID·상태·판본·출처를 보존. 해석 가능한 형만 변환하고 원문 value_raw/legacy_locator를 유지. 정규 원본 1개로 합류; 원본 간 동일성 대조 전 후보 행 삭제/합산 금지.,PH0/REG-V1_online.xlsx#xl/worksheets/sheet34.xml:A; literal=PH1/literal_cells.csv; formulas=PH1/formula_patterns_and_dependencies.json,PH1 대상표·필드·형·처리경로 명세; 원본단일화 및 파생식 재구현,"사용자 시작지시 + 계획서 4.2~4.8,5~8; 정본 승인과 별개",키 중복/외래키 존재/자료형/원문 보존 대조; 행이 없으면 자료 없음이며 시험 통과로 보지 않음.,미실행,false,"[{""file_code"": ""R70"", ""table"": ""환경관측"", ""field"": ""record_id"", ""role"": ""input"", ""row_condition"": ""all source records"", ""rule"": ""all source records"", ""data_type"": ""text_identifier; case preserved"", ""reference"": """"}]",text_identifier; case preserved,,명세 작성; 행별 의미 대조/온라인 시험 미실행
REG-V1,1EACdRIiAPGk4LAbttpXZiJd_cuqIh-cVi4jQsbfmqDw,900230006,14_지역_자연환경,B,REG-V1:900230006:B,scope_id,1,"{""rows"": [1], ""values"": [""scope_id""]}",string,input,셀 내용 전수의 literal/formula/헤더 기반 초안,1,0,0,0,MAP-034,R70,환경관측,R70,환경관측,planet_scope_id,원문값과 기존 ID·상태·판본·출처를 보존. 해석 가능한 형만 변환하고 원문 value_raw/legacy_locator를 유지. 정규 원본 1개로 합류; 원본 간 동일성 대조 전 후보 행 삭제/합산 금지.,PH0/REG-V1_online.xlsx#xl/worksheets/sheet34.xml:B; literal=PH1/literal_cells.csv; formulas=PH1/formula_patterns_and_dependencies.json,PH1 대상표·필드·형·처리경로 명세; 원본단일화 및 파생식 재구현,"사용자 시작지시 + 계획서 4.2~4.8,5~8; 정본 승인과 별개",키 중복/외래키 존재/자료형/원문 보존 대조; 행이 없으면 자료 없음이며 시험 통과로 보지 않음.,미실행,false,"[{""file_code"": ""R70"", ""table"": ""환경관측"", ""field"": ""planet_scope_id"", ""role"": ""input"", ""row_condition"": ""all source records"", ""rule"": ""all source records"", ""data_type"": ""text_identifier; case preserved"", ""reference"": ""C00.대상목록.scope_id; planet.1 preserved; do not equate planet ID to region ID without registered relation""}]",text_identifier; case preserved,,명세 작성; 행별 의미 대조/온라인 시험 미실행
REG-V1,1EACdRIiAPGk4LAbttpXZiJd_cuqIh-cVi4jQsbfmqDw,900230006,14_지역_자연환경,C,REG-V1:900230006:C,지역 ID,1,"{""rows"": [1], ""values"": [""지역 ID""]}",string,input,셀 내용 전수의 literal/formula/헤더 기반 초안,1,0,0,0,MAP-034,R70,환경관측,R70,환경관측,region_id,원문값과 기존 ID·상태·판본·출처를 보존. 해석 가능한 형만 변환하고 원문 value_raw/legacy_locator를 유지. 정규 원본 1개로 합류; 원본 간 동일성 대조 전 후보 행 삭제/합산 금지.,PH0/REG-V1_online.xlsx#xl/worksheets/sheet34.xml:C; literal=PH1/literal_cells.csv; formulas=PH1/formula_patterns_and_dependencies.json,PH1 대상표·필드·형·처리경로 명세; 원본단일화 및 파생식 재구현,"사용자 시작지시 + 계획서 4.2~4.8,5~8; 정본 승인과 별개",키 중복/외래키 존재/자료형/원문 보존 대조; 행이 없으면 자료 없음이며 시험 통과로 보지 않음.,미실행,false,"[{""file_code"": ""R70"", ""table"": ""환경관측"", ""field"": ""region_id"", ""role"": ""input"", ""row_condition"": ""all source records"", ""rule"": ""all source records"", ""data_type"": ""text_identifier; case preserved"", ""reference"": ""R10.지역목록.region_id""}]",text_identifier; case preserved,,명세 작성; 행별 의미 대조/온라인 시험 미실행
REG-V1,1EACdRIiAPGk4LAbttpXZiJd_cuqIh-cVi4jQsbfmqDw,900230006,14_지역_자연환경,D,REG-V1:900230006:D,환경 종류,1,"{""rows"": [1], ""values"": [""환경 종류""]}",string,input,셀 내용 전수의 literal/formula/헤더 기반 초안,1,0,0,0,MAP-034,R70,환경관측,R70,환경관측,environment_type,원문값과 기존 ID·상태·판본·출처를 보존. 해석 가능한 형만 변환하고 원문 value_raw/legacy_locator를 유지. 정규 원본 1개로 합류; 원본 간 동일성 대조 전 후보 행 삭제/합산 금지.,PH0/REG-V1_online.xlsx#xl/worksheets/sheet34.xml:D; literal=PH1/literal_cells.csv; formulas=PH1/formula_patterns_and_dependencies.json,PH1 대상표·필드·형·처리경로 명세; 원본단일화 및 파생식 재구현,"사용자 시작지시 + 계획서 4.2~4.8,5~8; 정본 승인과 별개",키 중복/외래키 존재/자료형/원문 보존 대조; 행이 없으면 자료 없음이며 시험 통과로 보지 않음.,미실행,false,"[{""file_code"": ""R70"", ""table"": ""환경관측"", ""field"": ""environment_type"", ""role"": ""input"", ""row_condition"": ""all source records"", ""rule"": ""all source records"", ""data_type"": ""text_nullable"", ""reference"": """"}]",text_nullable,,명세 작성; 행별 의미 대조/온라인 시험 미실행
REG-V1,1EACdRIiAPGk4LAbttpXZiJd_cuqIh-cVi4jQsbfmqDw,900230006,14_지역_자연환경,E,REG-V1:900230006:E,지표·항목,1,"{""rows"": [1], ""values"": [""지표·항목""]}",string,input,셀 내용 전수의 literal/formula/헤더 기반 초안,1,0,0,0,MAP-034,R70,환경관측,R70,환경관측,property_raw,원문값과 기존 ID·상태·판본·출처를 보존. 해석 가능한 형만 변환하고 원문 value_raw/legacy_locator를 유지. 정규 원본 1개로 합류; 원본 간 동일성 대조 전 후보 행 삭제/합산 금지.,PH0/REG-V1_online.xlsx#xl/worksheets/sheet34.xml:E; literal=PH1/literal_cells.csv; formulas=PH1/formula_patterns_and_dependencies.json,PH1 대상표·필드·형·처리경로 명세; 원본단일화 및 파생식 재구현,"사용자 시작지시 + 계획서 4.2~4.8,5~8; 정본 승인과 별개",키 중복/외래키 존재/자료형/원문 보존 대조; 행이 없으면 자료 없음이며 시험 통과로 보지 않음.,미실행,false,"[{""file_code"": ""R70"", ""table"": ""환경관측"", ""field"": ""property_raw"", ""role"": ""input"", ""row_condition"": ""all source records"", ""rule"": ""all source records"", ""data_type"": ""text_nullable"", ""reference"": """"}]",text_nullable,,명세 작성; 행별 의미 대조/온라인 시험 미실행
REG-V1,1EACdRIiAPGk4LAbttpXZiJd_cuqIh-cVi4jQsbfmqDw,900230006,14_지역_자연환경,F,REG-V1:900230006:F,수치,1,"{""rows"": [1], ""values"": [""수치""]}",string,input,셀 내용 전수의 literal/formula/헤더 기반 초안,1,0,0,0,MAP-034,R70,환경관측,R70,환경관측,value_numeric,원문값과 기존 ID·상태·판본·출처를 보존. 해석 가능한 형만 변환하고 원문 value_raw/legacy_locator를 유지. 빈칸·미상·미정·해당없음·확정0을 독립 상태로 처리; 원문 숫자 정밀도 초과시 문자열 보존/근사값 분리. 정규 원본 1개로 합류; 원본 간 동일성 대조 전 후보 행 삭제/합산 금지.,PH0/REG-V1_online.xlsx#xl/worksheets/sheet34.xml:F; literal=PH1/literal_cells.csv; formulas=PH1/formula_patterns_and_dependencies.json,PH1 대상표·필드·형·처리경로 명세; 원본단일화 및 파생식 재구현,"사용자 시작지시 + 계획서 4.2~4.8,5~8; 정본 승인과 별개",키 중복/외래키 존재/자료형/원문 보존 대조; 행이 없으면 자료 없음이며 시험 통과로 보지 않음.,미실행,false,"[{""file_code"": ""R70"", ""table"": ""환경관측"", ""field"": ""value_numeric"", ""role"": ""input"", ""row_condition"": ""all source records"", ""rule"": ""all source records"", ""data_type"": ""decimal_nullable; exact original in value_raw"", ""reference"": """"}]",decimal_nullable; exact original in value_raw,,명세 작성; 행별 의미 대조/온라인 시험 미실행
REG-V1,1EACdRIiAPGk4LAbttpXZiJd_cuqIh-cVi4jQsbfmqDw,900230006,14_지역_자연환경,G,REG-V1:900230006:G,문자값,1,"{""rows"": [1], ""values"": [""문자값""]}",string,input,셀 내용 전수의 literal/formula/헤더 기반 초안,1,0,0,0,MAP-034,R70,환경관측,R70,환경관측,value_text,원문값과 기존 ID·상태·판본·출처를 보존. 해석 가능한 형만 변환하고 원문 value_raw/legacy_locator를 유지. 정규 원본 1개로 합류; 원본 간 동일성 대조 전 후보 행 삭제/합산 금지.,PH0/REG-V1_online.xlsx#xl/worksheets/sheet34.xml:G; literal=PH1/literal_cells.csv; formulas=PH1/formula_patterns_and_dependencies.json,PH1 대상표·필드·형·처리경로 명세; 원본단일화 및 파생식 재구현,"사용자 시작지시 + 계획서 4.2~4.8,5~8; 정본 승인과 별개",키 중복/외래키 존재/자료형/원문 보존 대조; 행이 없으면 자료 없음이며 시험 통과로 보지 않음.,미실행,false,"[{""file_code"": ""R70"", ""table"": ""환경관측"", ""field"": ""value_text"", ""role"": ""input"", ""row_condition"": ""all source records"", ""rule"": ""all source records"", ""data_type"": ""text_nullable"", ""reference"": """"}]",text_nullable,,명세 작성; 행별 의미 대조/온라인 시험 미실행
REG-V1,1EACdRIiAPGk4LAbttpXZiJd_cuqIh-cVi4jQsbfmqDw,900230006,14_지역_자연환경,H,REG-V1:900230006:H,단위,1,"{""rows"": [1], ""values"": [""단위""]}",string,input,셀 내용 전수의 literal/formula/헤더 기반 초안,1,0,0,0,MAP-034,R70,환경관측,R70,환경관측,unit,원문값과 기존 ID·상태·판본·출처를 보존. 해석 가능한 형만 변환하고 원문 value_raw/legacy_locator를 유지. 정규 원본 1개로 합류; 원본 간 동일성 대조 전 후보 행 삭제/합산 금지.,PH0/REG-V1_online.xlsx#xl/worksheets/sheet34.xml:H; literal=PH1/literal_cells.csv; formulas=PH1/formula_patterns_and_dependencies.json,PH1 대상표·필드·형·처리경로 명세; 원본단일화 및 파생식 재구현,"사용자 시작지시 + 계획서 4.2~4.8,5~8; 정본 승인과 별개",키 중복/외래키 존재/자료형/원문 보존 대조; 행이 없으면 자료 없음이며 시험 통과로 보지 않음.,미실행,false,"[{""file_code"": ""R70"", ""table"": ""환경관측"", ""field"": ""unit"", ""role"": ""input"", ""row_condition"": ""all source records"", ""rule"": ""all source records"", ""data_type"": ""text_nullable"", ""reference"": """"}]",text_nullable,,명세 작성; 행별 의미 대조/온라인 시험 미실행
REG-V1,1EACdRIiAPGk4LAbttpXZiJd_cuqIh-cVi4jQsbfmqDw,900230006,14_지역_자연환경,I,REG-V1:900230006:I,루트,1,"{""rows"": [1], ""values"": [""루트""]}",string,input,셀 내용 전수의 literal/formula/헤더 기반 초안,1,0,0,0,MAP-034,R70,환경관측,R70,환경관측,route,원문값과 기존 ID·상태·판본·출처를 보존. 해석 가능한 형만 변환하고 원문 value_raw/legacy_locator를 유지. 정규 원본 1개로 합류; 원본 간 동일성 대조 전 후보 행 삭제/합산 금지.,PH0/REG-V1_online.xlsx#xl/worksheets/sheet34.xml:I; literal=PH1/literal_cells.csv; formulas=PH1/formula_patterns_and_dependencies.json,PH1 대상표·필드·형·처리경로 명세; 원본단일화 및 파생식 재구현,"사용자 시작지시 + 계획서 4.2~4.8,5~8; 정본 승인과 별개",키 중복/외래키 존재/자료형/원문 보존 대조; 행이 없으면 자료 없음이며 시험 통과로 보지 않음.,미실행,false,"[{""file_code"": ""R70"", ""table"": ""환경관측"", ""field"": ""route"", ""role"": ""input"", ""row_condition"": ""all source records"", ""rule"": ""all source records"", ""data_type"": ""text_nullable"", ""reference"": """"}]",text_nullable,,명세 작성; 행별 의미 대조/온라인 시험 미실행
REG-V1,1EACdRIiAPGk4LAbttpXZiJd_cuqIh-cVi4jQsbfmqDw,900230006,14_지역_자연환경,J,REG-V1:900230006:J,기년,1,"{""rows"": [1], ""values"": [""기년""]}",string,input,셀 내용 전수의 literal/formula/헤더 기반 초안,1,0,0,0,MAP-034,R70,환경관측,R70,환경관측,era,원문값과 기존 ID·상태·판본·출처를 보존. 해석 가능한 형만 변환하고 원문 value_raw/legacy_locator를 유지. 정규 원본 1개로 합류; 원본 간 동일성 대조 전 후보 행 삭제/합산 금지.,PH0/REG-V1_online.xlsx#xl/worksheets/sheet34.xml:J; literal=PH1/literal_cells.csv; formulas=PH1/formula_patterns_and_dependencies.json,PH1 대상표·필드·형·처리경로 명세; 원본단일화 및 파생식 재구현,"사용자 시작지시 + 계획서 4.2~4.8,5~8; 정본 승인과 별개",키 중복/외래키 존재/자료형/원문 보존 대조; 행이 없으면 자료 없음이며 시험 통과로 보지 않음.,미실행,false,"[{""file_code"": ""R70"", ""table"": ""환경관측"", ""field"": ""era"", ""role"": ""input"", ""row_condition"": ""all source records"", ""rule"": ""all source records"", ""data_type"": ""text_nullable"", ""reference"": """"}]",text_nullable,,명세 작성; 행별 의미 대조/온라인 시험 미실행
REG-V1,1EACdRIiAPGk4LAbttpXZiJd_cuqIh-cVi4jQsbfmqDw,900230006,14_지역_자연환경,K,REG-V1:900230006:K,시작연도,1,"{""rows"": [1], ""values"": [""시작연도""]}",string,input,셀 내용 전수의 literal/formula/헤더 기반 초안,1,0,0,0,MAP-034,R70,환경관측,R70,환경관측,start_year,원문값과 기존 ID·상태·판본·출처를 보존. 해석 가능한 형만 변환하고 원문 value_raw/legacy_locator를 유지. 연도만 있으면 precision=year; 월일을 채우지 않음. 제3기 0년 허용; 기년 판본·루트 유지. 정규 원본 1개로 합류; 원본 간 동일성 대조 전 후보 행 삭제/합산 금지.,PH0/REG-V1_online.xlsx#xl/worksheets/sheet34.xml:K; literal=PH1/literal_cells.csv; formulas=PH1/formula_patterns_and_dependencies.json,PH1 대상표·필드·형·처리경로 명세; 원본단일화 및 파생식 재구현,"사용자 시작지시 + 계획서 4.2~4.8,5~8; 정본 승인과 별개",키 중복/외래키 존재/자료형/원문 보존 대조; 행이 없으면 자료 없음이며 시험 통과로 보지 않음.,미실행,false,"[{""file_code"": ""R70"", ""table"": ""환경관측"", ""field"": ""start_year"", ""role"": ""input"", ""row_condition"": ""all source records"", ""rule"": ""all source records"", ""data_type"": ""integer_nullable"", ""reference"": """"}]",integer_nullable,,명세 작성; 행별 의미 대조/온라인 시험 미실행
REG-V1,1EACdRIiAPGk4LAbttpXZiJd_cuqIh-cVi4jQsbfmqDw,900230006,14_지역_자연환경,L,REG-V1:900230006:L,종료연도,1,"{""rows"": [1], ""values"": [""종료연도""]}",string,input,셀 내용 전수의 literal/formula/헤더 기반 초안,1,0,0,0,MAP-034,R70,환경관측,R70,환경관측,end_year,원문값과 기존 ID·상태·판본·출처를 보존. 해석 가능한 형만 변환하고 원문 value_raw/legacy_locator를 유지. 연도만 있으면 precision=year; 월일을 채우지 않음. 제3기 0년 허용; 기년 판본·루트 유지. 정규 원본 1개로 합류; 원본 간 동일성 대조 전 후보 행 삭제/합산 금지.,PH0/REG-V1_online.xlsx#xl/worksheets/sheet34.xml:L; literal=PH1/literal_cells.csv; formulas=PH1/formula_patterns_and_dependencies.json,PH1 대상표·필드·형·처리경로 명세; 원본단일화 및 파생식 재구현,"사용자 시작지시 + 계획서 4.2~4.8,5~8; 정본 승인과 별개",키 중복/외래키 존재/자료형/원문 보존 대조; 행이 없으면 자료 없음이며 시험 통과로 보지 않음.,미실행,false,"[{""file_code"": ""R70"", ""table"": ""환경관측"", ""field"": ""end_year"", ""role"": ""input"", ""row_condition"": ""all source records"", ""rule"": ""all source records"", ""data_type"": ""integer_nullable"", ""reference"": """"}]",integer_nullable,,명세 작성; 행별 의미 대조/온라인 시험 미실행
REG-V1,1EACdRIiAPGk4LAbttpXZiJd_cuqIh-cVi4jQsbfmqDw,900230006,14_지역_자연환경,M,REG-V1:900230006:M,설정 상태,1,"{""rows"": [1], ""values"": [""설정 상태""]}",string,input,셀 내용 전수의 literal/formula/헤더 기반 초안,1,0,0,0,MAP-034,R70,환경관측,R70,환경관측,setting_status,원문값과 기존 ID·상태·판본·출처를 보존. 해석 가능한 형만 변환하고 원문 value_raw/legacy_locator를 유지. 정규 원본 1개로 합류; 원본 간 동일성 대조 전 후보 행 삭제/합산 금지.,PH0/REG-V1_online.xlsx#xl/worksheets/sheet34.xml:M; literal=PH1/literal_cells.csv; formulas=PH1/formula_patterns_and_dependencies.json,PH1 대상표·필드·형·처리경로 명세; 원본단일화 및 파생식 재구현,"사용자 시작지시 + 계획서 4.2~4.8,5~8; 정본 승인과 별개",키 중복/외래키 존재/자료형/원문 보존 대조; 행이 없으면 자료 없음이며 시험 통과로 보지 않음.,미실행,false,"[{""file_code"": ""R70"", ""table"": ""환경관측"", ""field"": ""setting_status"", ""role"": ""input"", ""row_condition"": ""all source records"", ""rule"": ""all source records"", ""data_type"": ""C00_code_nullable; unknown original retained"", ""reference"": """"}]",C00_code_nullable; unknown original retained,,명세 작성; 행별 의미 대조/온라인 시험 미실행
REG-V1,1EACdRIiAPGk4LAbttpXZiJd_cuqIh-cVi4jQsbfmqDw,900230006,14_지역_자연환경,N,REG-V1:900230006:N,출처 ID,1,"{""rows"": [1], ""values"": [""출처 ID""]}",string,input,셀 내용 전수의 literal/formula/헤더 기반 초안,1,0,0,0,MAP-034,R70,환경관측,R70,환경관측,source_id,원문값과 기존 ID·상태·판본·출처를 보존. 해석 가능한 형만 변환하고 원문 value_raw/legacy_locator를 유지. 정규 원본 1개로 합류; 원본 간 동일성 대조 전 후보 행 삭제/합산 금지.,PH0/REG-V1_online.xlsx#xl/worksheets/sheet34.xml:N; literal=PH1/literal_cells.csv; formulas=PH1/formula_patterns_and_dependencies.json,PH1 대상표·필드·형·처리경로 명세; 원본단일화 및 파생식 재구현,"사용자 시작지시 + 계획서 4.2~4.8,5~8; 정본 승인과 별개",키 중복/외래키 존재/자료형/원문 보존 대조; 행이 없으면 자료 없음이며 시험 통과로 보지 않음.,미실행,false,"[{""file_code"": ""R70"", ""table"": ""환경관측"", ""field"": ""source_id"", ""role"": ""input"", ""row_condition"": ""all source records"", ""rule"": ""all source records"", ""data_type"": ""text_identifier; case preserved"", ""reference"": ""C00.출처레지스트리.source_id""}]",text_identifier; case preserved,,명세 작성; 행별 의미 대조/온라인 시험 미실행
REG-V1,1EACdRIiAPGk4LAbttpXZiJd_cuqIh-cVi4jQsbfmqDw,900230006,14_지역_자연환경,O,REG-V1:900230006:O,비고,1,"{""rows"": [1], ""values"": [""비고""]}",string,input,셀 내용 전수의 literal/formula/헤더 기반 초안,1,0,0,0,MAP-034,R70,환경관측,R70,환경관측,notes,원문값과 기존 ID·상태·판본·출처를 보존. 해석 가능한 형만 변환하고 원문 value_raw/legacy_locator를 유지. 정규 원본 1개로 합류; 원본 간 동일성 대조 전 후보 행 삭제/합산 금지.,PH0/REG-V1_online.xlsx#xl/worksheets/sheet34.xml:O; literal=PH1/literal_cells.csv; formulas=PH1/formula_patterns_and_dependencies.json,PH1 대상표·필드·형·처리경로 명세; 원본단일화 및 파생식 재구현,"사용자 시작지시 + 계획서 4.2~4.8,5~8; 정본 승인과 별개",키 중복/외래키 존재/자료형/원문 보존 대조; 행이 없으면 자료 없음이며 시험 통과로 보지 않음.,미실행,false,"[{""file_code"": ""R70"", ""table"": ""환경관측"", ""field"": ""notes"", ""role"": ""input"", ""row_condition"": ""all source records"", ""rule"": ""all source records"", ""data_type"": ""text_nullable"", ""reference"": """"}]",text_nullable,,명세 작성; 행별 의미 대조/온라인 시험 미실행
REG-V1,1EACdRIiAPGk4LAbttpXZiJd_cuqIh-cVi4jQsbfmqDw,900230007,15_지역_소속이력,A,REG-V1:900230007:A,record_id,1,"{""rows"": [1], ""values"": [""record_id""]}",string,input,셀 내용 전수의 literal/formula/헤더 기반 초안,1,0,0,0,MAP-035,R50,지역국가관계,R50,지역국가관계,relation_id,원문값과 기존 ID·상태·판본·출처를 보존. 해석 가능한 형만 변환하고 원문 value_raw/legacy_locator를 유지. 정규 원본 1개로 합류; 원본 간 동일성 대조 전 후보 행 삭제/합산 금지.,PH0/REG-V1_online.xlsx#xl/worksheets/sheet35.xml:A; literal=PH1/literal_cells.csv; formulas=PH1/formula_patterns_and_dependencies.json,PH1 대상표·필드·형·처리경로 명세; 원본단일화 및 파생식 재구현,"사용자 시작지시 + 계획서 4.2~4.8,5~8; 정본 승인과 별개",키 중복/외래키 존재/자료형/원문 보존 대조; 행이 없으면 자료 없음이며 시험 통과로 보지 않음.,미실행,false,"[{""file_code"": ""R50"", ""table"": ""지역국가관계"", ""field"": ""relation_id"", ""role"": ""input"", ""row_condition"": ""all source records"", ""rule"": ""all source records"", ""data_type"": ""text_identifier; case preserved"", ""reference"": """"}]",text_identifier; case preserved,,명세 작성; 행별 의미 대조/온라인 시험 미실행
REG-V1,1EACdRIiAPGk4LAbttpXZiJd_cuqIh-cVi4jQsbfmqDw,900230007,15_지역_소속이력,B,REG-V1:900230007:B,지역 ID,1,"{""rows"": [1], ""values"": [""지역 ID""]}",string,input,셀 내용 전수의 literal/formula/헤더 기반 초안,1,0,0,0,MAP-035,R50,지역국가관계,R50,지역국가관계,region_id,원문값과 기존 ID·상태·판본·출처를 보존. 해석 가능한 형만 변환하고 원문 value_raw/legacy_locator를 유지. 정규 원본 1개로 합류; 원본 간 동일성 대조 전 후보 행 삭제/합산 금지.,PH0/REG-V1_online.xlsx#xl/worksheets/sheet35.xml:B; literal=PH1/literal_cells.csv; formulas=PH1/formula_patterns_and_dependencies.json,PH1 대상표·필드·형·처리경로 명세; 원본단일화 및 파생식 재구현,"사용자 시작지시 + 계획서 4.2~4.8,5~8; 정본 승인과 별개",키 중복/외래키 존재/자료형/원문 보존 대조; 행이 없으면 자료 없음이며 시험 통과로 보지 않음.,미실행,false,"[{""file_code"": ""R50"", ""table"": ""지역국가관계"", ""field"": ""region_id"", ""role"": ""input"", ""row_condition"": ""all source records"", ""rule"": ""all source records"", ""data_type"": ""text_identifier; case preserved"", ""reference"": ""R10.지역목록.region_id""}]",text_identifier; case preserved,,명세 작성; 행별 의미 대조/온라인 시험 미실행
REG-V1,1EACdRIiAPGk4LAbttpXZiJd_cuqIh-cVi4jQsbfmqDw,900230007,15_지역_소속이력,C,REG-V1:900230007:C,행성 scope_id,1,"{""rows"": [1], ""values"": [""행성 scope_id""]}",string,input,셀 내용 전수의 literal/formula/헤더 기반 초안,1,0,0,0,MAP-035,R50,지역국가관계,R50,지역국가관계,planet_scope_id,원문값과 기존 ID·상태·판본·출처를 보존. 해석 가능한 형만 변환하고 원문 value_raw/legacy_locator를 유지. 정규 원본 1개로 합류; 원본 간 동일성 대조 전 후보 행 삭제/합산 금지.,PH0/REG-V1_online.xlsx#xl/worksheets/sheet35.xml:C; literal=PH1/literal_cells.csv; formulas=PH1/formula_patterns_and_dependencies.json,PH1 대상표·필드·형·처리경로 명세; 원본단일화 및 파생식 재구현,"사용자 시작지시 + 계획서 4.2~4.8,5~8; 정본 승인과 별개",키 중복/외래키 존재/자료형/원문 보존 대조; 행이 없으면 자료 없음이며 시험 통과로 보지 않음.,미실행,false,"[{""file_code"": ""R50"", ""table"": ""지역국가관계"", ""field"": ""planet_scope_id"", ""role"": ""input"", ""row_condition"": ""all source records"", ""rule"": ""all source records"", ""data_type"": ""text_identifier; case preserved"", ""reference"": ""C00.대상목록.scope_id; planet.1 preserved; do not equate planet ID to region ID without registered relation""}]",text_identifier; case preserved,,명세 작성; 행별 의미 대조/온라인 시험 미실행
REG-V1,1EACdRIiAPGk4LAbttpXZiJd_cuqIh-cVi4jQsbfmqDw,900230007,15_지역_소속이력,D,REG-V1:900230007:D,루트,1,"{""rows"": [1], ""values"": [""루트""]}",string,input,셀 내용 전수의 literal/formula/헤더 기반 초안,1,0,0,0,MAP-035,R50,지역국가관계,R50,지역국가관계,route,원문값과 기존 ID·상태·판본·출처를 보존. 해석 가능한 형만 변환하고 원문 value_raw/legacy_locator를 유지. 정규 원본 1개로 합류; 원본 간 동일성 대조 전 후보 행 삭제/합산 금지.,PH0/REG-V1_online.xlsx#xl/worksheets/sheet35.xml:D; literal=PH1/literal_cells.csv; formulas=PH1/formula_patterns_and_dependencies.json,PH1 대상표·필드·형·처리경로 명세; 원본단일화 및 파생식 재구현,"사용자 시작지시 + 계획서 4.2~4.8,5~8; 정본 승인과 별개",키 중복/외래키 존재/자료형/원문 보존 대조; 행이 없으면 자료 없음이며 시험 통과로 보지 않음.,미실행,false,"[{""file_code"": ""R50"", ""table"": ""지역국가관계"", ""field"": ""route"", ""role"": ""input"", ""row_condition"": ""all source records"", ""rule"": ""all source records"", ""data_type"": ""text_nullable"", ""reference"": """"}]",text_nullable,,명세 작성; 행별 의미 대조/온라인 시험 미실행
REG-V1,1EACdRIiAPGk4LAbttpXZiJd_cuqIh-cVi4jQsbfmqDw,900230007,15_지역_소속이력,E,REG-V1:900230007:E,기년,1,"{""rows"": [1], ""values"": [""기년""]}",string,input,셀 내용 전수의 literal/formula/헤더 기반 초안,1,0,0,0,MAP-035,R50,지역국가관계,R50,지역국가관계,era,원문값과 기존 ID·상태·판본·출처를 보존. 해석 가능한 형만 변환하고 원문 value_raw/legacy_locator를 유지. 정규 원본 1개로 합류; 원본 간 동일성 대조 전 후보 행 삭제/합산 금지.,PH0/REG-V1_online.xlsx#xl/worksheets/sheet35.xml:E; literal=PH1/literal_cells.csv; formulas=PH1/formula_patterns_and_dependencies.json,PH1 대상표·필드·형·처리경로 명세; 원본단일화 및 파생식 재구현,"사용자 시작지시 + 계획서 4.2~4.8,5~8; 정본 승인과 별개",키 중복/외래키 존재/자료형/원문 보존 대조; 행이 없으면 자료 없음이며 시험 통과로 보지 않음.,미실행,false,"[{""file_code"": ""R50"", ""table"": ""지역국가관계"", ""field"": ""era"", ""role"": ""input"", ""row_condition"": ""all source records"", ""rule"": ""all source records"", ""data_type"": ""text_nullable"", ""reference"": """"}]",text_nullable,,명세 작성; 행별 의미 대조/온라인 시험 미실행
REG-V1,1EACdRIiAPGk4LAbttpXZiJd_cuqIh-cVi4jQsbfmqDw,900230007,15_지역_소속이력,F,REG-V1:900230007:F,국가 ID,1,"{""rows"": [1], ""values"": [""국가 ID""]}",string,input,셀 내용 전수의 literal/formula/헤더 기반 초안,1,0,0,0,MAP-035,R50,지역국가관계,R50,지역국가관계,nation_id,원문값과 기존 ID·상태·판본·출처를 보존. 해석 가능한 형만 변환하고 원문 value_raw/legacy_locator를 유지. 정규 원본 1개로 합류; 원본 간 동일성 대조 전 후보 행 삭제/합산 금지.,PH0/REG-V1_online.xlsx#xl/worksheets/sheet35.xml:F; literal=PH1/literal_cells.csv; formulas=PH1/formula_patterns_and_dependencies.json,PH1 대상표·필드·형·처리경로 명세; 원본단일화 및 파생식 재구현,"사용자 시작지시 + 계획서 4.2~4.8,5~8; 정본 승인과 별개",키 중복/외래키 존재/자료형/원문 보존 대조; 행이 없으면 자료 없음이며 시험 통과로 보지 않음.,미실행,false,"[{""file_code"": ""R50"", ""table"": ""지역국가관계"", ""field"": ""nation_id"", ""role"": ""input"", ""row_condition"": ""all source records"", ""rule"": ""all source records"", ""data_type"": ""text_identifier; case preserved"", ""reference"": ""C00.국가식별목록.nation_id""}]",text_identifier; case preserved,,명세 작성; 행별 의미 대조/온라인 시험 미실행
REG-V1,1EACdRIiAPGk4LAbttpXZiJd_cuqIh-cVi4jQsbfmqDw,900230007,15_지역_소속이력,G,REG-V1:900230007:G,관계 종류,1,"{""rows"": [1], ""values"": [""관계 종류""]}",string,input,셀 내용 전수의 literal/formula/헤더 기반 초안,1,0,0,0,MAP-035,R50,지역국가관계,R50,지역국가관계,relation_type,원문값과 기존 ID·상태·판본·출처를 보존. 해석 가능한 형만 변환하고 원문 value_raw/legacy_locator를 유지. 정규 원본 1개로 합류; 원본 간 동일성 대조 전 후보 행 삭제/합산 금지.,PH0/REG-V1_online.xlsx#xl/worksheets/sheet35.xml:G; literal=PH1/literal_cells.csv; formulas=PH1/formula_patterns_and_dependencies.json,PH1 대상표·필드·형·처리경로 명세; 원본단일화 및 파생식 재구현,"사용자 시작지시 + 계획서 4.2~4.8,5~8; 정본 승인과 별개",키 중복/외래키 존재/자료형/원문 보존 대조; 행이 없으면 자료 없음이며 시험 통과로 보지 않음.,미실행,false,"[{""file_code"": ""R50"", ""table"": ""지역국가관계"", ""field"": ""relation_type"", ""role"": ""input"", ""row_condition"": ""all source records"", ""rule"": ""all source records"", ""data_type"": ""text_nullable"", ""reference"": """"}]",text_nullable,,명세 작성; 행별 의미 대조/온라인 시험 미실행
REG-V1,1EACdRIiAPGk4LAbttpXZiJd_cuqIh-cVi4jQsbfmqDw,900230007,15_지역_소속이력,H,REG-V1:900230007:H,시작연도,1,"{""rows"": [1], ""values"": [""시작연도""]}",string,input,셀 내용 전수의 literal/formula/헤더 기반 초안,1,0,0,0,MAP-035,R50,지역국가관계,R50,지역국가관계,start_year,원문값과 기존 ID·상태·판본·출처를 보존. 해석 가능한 형만 변환하고 원문 value_raw/legacy_locator를 유지. 연도만 있으면 precision=year; 월일을 채우지 않음. 제3기 0년 허용; 기년 판본·루트 유지. 정규 원본 1개로 합류; 원본 간 동일성 대조 전 후보 행 삭제/합산 금지.,PH0/REG-V1_online.xlsx#xl/worksheets/sheet35.xml:H; literal=PH1/literal_cells.csv; formulas=PH1/formula_patterns_and_dependencies.json,PH1 대상표·필드·형·처리경로 명세; 원본단일화 및 파생식 재구현,"사용자 시작지시 + 계획서 4.2~4.8,5~8; 정본 승인과 별개",키 중복/외래키 존재/자료형/원문 보존 대조; 행이 없으면 자료 없음이며 시험 통과로 보지 않음.,미실행,false,"[{""file_code"": ""R50"", ""table"": ""지역국가관계"", ""field"": ""start_year"", ""role"": ""input"", ""row_condition"": ""all source records"", ""rule"": ""all source records"", ""data_type"": ""integer_nullable"", ""reference"": """"}]",integer_nullable,,명세 작성; 행별 의미 대조/온라인 시험 미실행
REG-V1,1EACdRIiAPGk4LAbttpXZiJd_cuqIh-cVi4jQsbfmqDw,900230007,15_지역_소속이력,I,REG-V1:900230007:I,종료연도,1,"{""rows"": [1], ""values"": [""종료연도""]}",string,input,셀 내용 전수의 literal/formula/헤더 기반 초안,1,0,0,0,MAP-035,R50,지역국가관계,R50,지역국가관계,end_year,원문값과 기존 ID·상태·판본·출처를 보존. 해석 가능한 형만 변환하고 원문 value_raw/legacy_locator를 유지. 연도만 있으면 precision=year; 월일을 채우지 않음. 제3기 0년 허용; 기년 판본·루트 유지. 정규 원본 1개로 합류; 원본 간 동일성 대조 전 후보 행 삭제/합산 금지.,PH0/REG-V1_online.xlsx#xl/worksheets/sheet35.xml:I; literal=PH1/literal_cells.csv; formulas=PH1/formula_patterns_and_dependencies.json,PH1 대상표·필드·형·처리경로 명세; 원본단일화 및 파생식 재구현,"사용자 시작지시 + 계획서 4.2~4.8,5~8; 정본 승인과 별개",키 중복/외래키 존재/자료형/원문 보존 대조; 행이 없으면 자료 없음이며 시험 통과로 보지 않음.,미실행,false,"[{""file_code"": ""R50"", ""table"": ""지역국가관계"", ""field"": ""end_year"", ""role"": ""input"", ""row_condition"": ""all source records"", ""rule"": ""all source records"", ""data_type"": ""integer_nullable"", ""reference"": """"}]",integer_nullable,,명세 작성; 행별 의미 대조/온라인 시험 미실행
REG-V1,1EACdRIiAPGk4LAbttpXZiJd_cuqIh-cVi4jQsbfmqDw,900230007,15_지역_소속이력,J,REG-V1:900230007:J,종료 상태,1,"{""rows"": [1], ""values"": [""종료 상태""]}",string,input,셀 내용 전수의 literal/formula/헤더 기반 초안,1,0,0,0,MAP-035,R50,지역국가관계,R50,지역국가관계,end_status,원문값과 기존 ID·상태·판본·출처를 보존. 해석 가능한 형만 변환하고 원문 value_raw/legacy_locator를 유지. 정규 원본 1개로 합류; 원본 간 동일성 대조 전 후보 행 삭제/합산 금지.,PH0/REG-V1_online.xlsx#xl/worksheets/sheet35.xml:J; literal=PH1/literal_cells.csv; formulas=PH1/formula_patterns_and_dependencies.json,PH1 대상표·필드·형·처리경로 명세; 원본단일화 및 파생식 재구현,"사용자 시작지시 + 계획서 4.2~4.8,5~8; 정본 승인과 별개",키 중복/외래키 존재/자료형/원문 보존 대조; 행이 없으면 자료 없음이며 시험 통과로 보지 않음.,미실행,false,"[{""file_code"": ""R50"", ""table"": ""지역국가관계"", ""field"": ""end_status"", ""role"": ""input"", ""row_condition"": ""all source records"", ""rule"": ""all source records"", ""data_type"": ""C00_code_nullable; unknown original retained"", ""reference"": """"}]",C00_code_nullable; unknown original retained,,명세 작성; 행별 의미 대조/온라인 시험 미실행
REG-V1,1EACdRIiAPGk4LAbttpXZiJd_cuqIh-cVi4jQsbfmqDw,900230007,15_지역_소속이력,K,REG-V1:900230007:K,통치 육지 (km²),1,"{""rows"": [1], ""values"": [""통치 육지 (km²)""]}",string,input,셀 내용 전수의 literal/formula/헤더 기반 초안,1,0,0,0,MAP-035,R50,지역국가관계,R50,지역국가관계,controlled_land_area,원문값과 기존 ID·상태·판본·출처를 보존. 해석 가능한 형만 변환하고 원문 value_raw/legacy_locator를 유지. 빈칸·미상·미정·해당없음·확정0을 독립 상태로 처리; 원문 숫자 정밀도 초과시 문자열 보존/근사값 분리. 정규 원본 1개로 합류; 원본 간 동일성 대조 전 후보 행 삭제/합산 금지. 헤더에 km² 명시된 두 확장표는 area_unit=km²; 면적비로 인구/GDP 배분 금지.,PH0/REG-V1_online.xlsx#xl/worksheets/sheet35.xml:K; literal=PH1/literal_cells.csv; formulas=PH1/formula_patterns_and_dependencies.json,PH1 대상표·필드·형·처리경로 명세; 원본단일화 및 파생식 재구현,"사용자 시작지시 + 계획서 4.2~4.8,5~8; 정본 승인과 별개",키 중복/외래키 존재/자료형/원문 보존 대조; 행이 없으면 자료 없음이며 시험 통과로 보지 않음.,미실행,false,"[{""file_code"": ""R50"", ""table"": ""지역국가관계"", ""field"": ""controlled_land_area"", ""role"": ""input"", ""row_condition"": ""all source records"", ""rule"": ""all source records"", ""data_type"": ""decimal_nullable; exact original in value_raw"", ""reference"": """"}]",decimal_nullable; exact original in value_raw,,명세 작성; 행별 의미 대조/온라인 시험 미실행
REG-V1,1EACdRIiAPGk4LAbttpXZiJd_cuqIh-cVi4jQsbfmqDw,900230007,15_지역_소속이력,L,REG-V1:900230007:L,설정 상태,1,"{""rows"": [1], ""values"": [""설정 상태""]}",string,input,셀 내용 전수의 literal/formula/헤더 기반 초안,1,0,0,0,MAP-035,R50,지역국가관계,R50,지역국가관계,setting_status,원문값과 기존 ID·상태·판본·출처를 보존. 해석 가능한 형만 변환하고 원문 value_raw/legacy_locator를 유지. 정규 원본 1개로 합류; 원본 간 동일성 대조 전 후보 행 삭제/합산 금지.,PH0/REG-V1_online.xlsx#xl/worksheets/sheet35.xml:L; literal=PH1/literal_cells.csv; formulas=PH1/formula_patterns_and_dependencies.json,PH1 대상표·필드·형·처리경로 명세; 원본단일화 및 파생식 재구현,"사용자 시작지시 + 계획서 4.2~4.8,5~8; 정본 승인과 별개",키 중복/외래키 존재/자료형/원문 보존 대조; 행이 없으면 자료 없음이며 시험 통과로 보지 않음.,미실행,false,"[{""file_code"": ""R50"", ""table"": ""지역국가관계"", ""field"": ""setting_status"", ""role"": ""input"", ""row_condition"": ""all source records"", ""rule"": ""all source records"", ""data_type"": ""C00_code_nullable; unknown original retained"", ""reference"": """"}]",C00_code_nullable; unknown original retained,,명세 작성; 행별 의미 대조/온라인 시험 미실행
REG-V1,1EACdRIiAPGk4LAbttpXZiJd_cuqIh-cVi4jQsbfmqDw,900230007,15_지역_소속이력,M,REG-V1:900230007:M,출처 ID,1,"{""rows"": [1], ""values"": [""출처 ID""]}",string,input,셀 내용 전수의 literal/formula/헤더 기반 초안,1,0,0,0,MAP-035,R50,지역국가관계,R50,지역국가관계,source_id,원문값과 기존 ID·상태·판본·출처를 보존. 해석 가능한 형만 변환하고 원문 value_raw/legacy_locator를 유지. 정규 원본 1개로 합류; 원본 간 동일성 대조 전 후보 행 삭제/합산 금지.,PH0/REG-V1_online.xlsx#xl/worksheets/sheet35.xml:M; literal=PH1/literal_cells.csv; formulas=PH1/formula_patterns_and_dependencies.json,PH1 대상표·필드·형·처리경로 명세; 원본단일화 및 파생식 재구현,"사용자 시작지시 + 계획서 4.2~4.8,5~8; 정본 승인과 별개",키 중복/외래키 존재/자료형/원문 보존 대조; 행이 없으면 자료 없음이며 시험 통과로 보지 않음.,미실행,false,"[{""file_code"": ""R50"", ""table"": ""지역국가관계"", ""field"": ""source_id"", ""role"": ""input"", ""row_condition"": ""all source records"", ""rule"": ""all source records"", ""data_type"": ""text_identifier; case preserved"", ""reference"": ""C00.출처레지스트리.source_id""}]",text_identifier; case preserved,,명세 작성; 행별 의미 대조/온라인 시험 미실행
REG-V1,1EACdRIiAPGk4LAbttpXZiJd_cuqIh-cVi4jQsbfmqDw,900230007,15_지역_소속이력,N,REG-V1:900230007:N,비고,1,"{""rows"": [1], ""values"": [""비고""]}",string,input,셀 내용 전수의 literal/formula/헤더 기반 초안,1,0,0,0,MAP-035,R50,지역국가관계,R50,지역국가관계,notes,원문값과 기존 ID·상태·판본·출처를 보존. 해석 가능한 형만 변환하고 원문 value_raw/legacy_locator를 유지. 정규 원본 1개로 합류; 원본 간 동일성 대조 전 후보 행 삭제/합산 금지.,PH0/REG-V1_online.xlsx#xl/worksheets/sheet35.xml:N; literal=PH1/literal_cells.csv; formulas=PH1/formula_patterns_and_dependencies.json,PH1 대상표·필드·형·처리경로 명세; 원본단일화 및 파생식 재구현,"사용자 시작지시 + 계획서 4.2~4.8,5~8; 정본 승인과 별개",키 중복/외래키 존재/자료형/원문 보존 대조; 행이 없으면 자료 없음이며 시험 통과로 보지 않음.,미실행,false,"[{""file_code"": ""R50"", ""table"": ""지역국가관계"", ""field"": ""notes"", ""role"": ""input"", ""row_condition"": ""all source records"", ""rule"": ""all source records"", ""data_type"": ""text_nullable"", ""reference"": """"}]",text_nullable,,명세 작성; 행별 의미 대조/온라인 시험 미실행
REG-V1,1EACdRIiAPGk4LAbttpXZiJd_cuqIh-cVi4jQsbfmqDw,900230007,15_지역_소속이력,O,REG-V1:900230007:O,유효 종료연도,1,"{""rows"": [1], ""values"": [""유효 종료연도""]}",string,formula,셀 내용 전수의 literal/formula/헤더 기반 초안,1,1000,0,0,MAP-035,R50,지역국가관계,R50,지역국가관계_조회계산,query_end_year,"원 수식과 저장값은 PH0/PH1 증거에 보존. 해당 V2 입력 원본·제공표에서 네이티브 수식으로 재구현. 값으로 이관하거나 입력 원본으로 복제하지 않음. 필터용 종료 경계만 계산하고 end_year 원본에 되쓰기 금지. 종료 미상은 시작연도만 열람, 지속 중과 구분. 정규 원본 1개로 합류; 원본 간 동일성 대조 전 후보 행 삭제/합산 금지.",PH0/REG-V1_online.xlsx#xl/worksheets/sheet35.xml:O; literal=PH1/literal_cells.csv; formulas=PH1/formula_patterns_and_dependencies.json,PH1 대상표·필드·형·처리경로 명세; 원본단일화 및 파생식 재구현,"사용자 시작지시 + 계획서 4.2~4.8,5~8; 정본 승인과 별개",실제 Google Sheets 재계산·오류 전파·입력 변경·범위 확장 시험 필요. 현재 미실행.,미실행,false,"[{""file_code"": ""R50"", ""table"": ""지역국가관계_조회계산"", ""field"": ""query_end_year"", ""role"": ""calculated"", ""row_condition"": ""all source records"", ""rule"": ""all source records"", ""data_type"": ""integer_nullable"", ""reference"": """"}]",integer_nullable,,명세 작성; 행별 의미 대조/온라인 시험 미실행
NAT-V1,1mTRKFfCFtiTmuAR6QwrslcBI6Q-wutYzVP_weDAW9uI,1317339757,03_영토_이력,A,NAT-V1:1317339757:A,record_id,1,"{""rows"": [1], ""values"": [""record_id""]}",string,input,셀 내용 전수의 literal/formula/헤더 기반 초안,1,0,0,0,MAP-041,R50;H90,지역국가관계 / 연방영토뷰,R50,지역국가관계,relation_id,원문값과 기존 ID·상태·판본·출처를 보존. 해석 가능한 형만 변환하고 원문 value_raw/legacy_locator를 유지. 정규 원본 1개로 합류; 원본 간 동일성 대조 전 후보 행 삭제/합산 금지.,PH0/NAT-V1_online.xlsx#xl/worksheets/sheet5.xml:A; literal=PH1/literal_cells.csv; formulas=PH1/formula_patterns_and_dependencies.json,PH1 대상표·필드·형·처리경로 명세; 원본단일화 및 파생식 재구현,"사용자 시작지시 + 계획서 4.2~4.8,5~8; 정본 승인과 별개",키 중복/외래키 존재/자료형/원문 보존 대조; 행이 없으면 자료 없음이며 시험 통과로 보지 않음.,미실행,false,"[{""file_code"": ""R50"", ""table"": ""지역국가관계"", ""field"": ""relation_id"", ""role"": ""input"", ""row_condition"": ""all source records"", ""rule"": ""all source records"", ""data_type"": ""text_identifier; case preserved"", ""reference"": """"}]",text_identifier; case preserved,,명세 작성; 행별 의미 대조/온라인 시험 미실행
NAT-V1,1mTRKFfCFtiTmuAR6QwrslcBI6Q-wutYzVP_weDAW9uI,1317339757,03_영토_이력,B,NAT-V1:1317339757:B,scope_id,1,"{""rows"": [1], ""values"": [""scope_id""]}",string,input,셀 내용 전수의 literal/formula/헤더 기반 초안,1,0,0,0,MAP-041,R50;H90,지역국가관계 / 연방영토뷰,R50,지역국가관계,nation_id,원문값과 기존 ID·상태·판본·출처를 보존. 해석 가능한 형만 변환하고 원문 value_raw/legacy_locator를 유지. 정규 원본 1개로 합류; 원본 간 동일성 대조 전 후보 행 삭제/합산 금지. 원문 scope_id는 국가 영역 식별자이므로 nation_id에 대응; 원문 scope_id도 legacy_scope_id로 보존.,PH0/NAT-V1_online.xlsx#xl/worksheets/sheet5.xml:B; literal=PH1/literal_cells.csv; formulas=PH1/formula_patterns_and_dependencies.json,PH1 대상표·필드·형·처리경로 명세; 원본단일화 및 파생식 재구현,"사용자 시작지시 + 계획서 4.2~4.8,5~8; 정본 승인과 별개",키 중복/외래키 존재/자료형/원문 보존 대조; 행이 없으면 자료 없음이며 시험 통과로 보지 않음.,미실행,false,"[{""file_code"": ""R50"", ""table"": ""지역국가관계"", ""field"": ""nation_id"", ""role"": ""input"", ""row_condition"": ""all source records"", ""rule"": ""all source records"", ""data_type"": ""text_identifier; case preserved"", ""reference"": ""C00.국가식별목록.nation_id""}]",text_identifier; case preserved,,명세 작성; 행별 의미 대조/온라인 시험 미실행
NAT-V1,1mTRKFfCFtiTmuAR6QwrslcBI6Q-wutYzVP_weDAW9uI,1317339757,03_영토_이력,C,NAT-V1:1317339757:C,루트,1,"{""rows"": [1], ""values"": [""루트""]}",string,input,셀 내용 전수의 literal/formula/헤더 기반 초안,1,0,0,0,MAP-041,R50;H90,지역국가관계 / 연방영토뷰,R50,지역국가관계,route,원문값과 기존 ID·상태·판본·출처를 보존. 해석 가능한 형만 변환하고 원문 value_raw/legacy_locator를 유지. 정규 원본 1개로 합류; 원본 간 동일성 대조 전 후보 행 삭제/합산 금지.,PH0/NAT-V1_online.xlsx#xl/worksheets/sheet5.xml:C; literal=PH1/literal_cells.csv; formulas=PH1/formula_patterns_and_dependencies.json,PH1 대상표·필드·형·처리경로 명세; 원본단일화 및 파생식 재구현,"사용자 시작지시 + 계획서 4.2~4.8,5~8; 정본 승인과 별개",키 중복/외래키 존재/자료형/원문 보존 대조; 행이 없으면 자료 없음이며 시험 통과로 보지 않음.,미실행,false,"[{""file_code"": ""R50"", ""table"": ""지역국가관계"", ""field"": ""route"", ""role"": ""input"", ""row_condition"": ""all source records"", ""rule"": ""all source records"", ""data_type"": ""text_nullable"", ""reference"": """"}]",text_nullable,,명세 작성; 행별 의미 대조/온라인 시험 미실행
NAT-V1,1mTRKFfCFtiTmuAR6QwrslcBI6Q-wutYzVP_weDAW9uI,1317339757,03_영토_이력,D,NAT-V1:1317339757:D,기년,1,"{""rows"": [1], ""values"": [""기년""]}",string,input,셀 내용 전수의 literal/formula/헤더 기반 초안,1,0,0,0,MAP-041,R50;H90,지역국가관계 / 연방영토뷰,R50,지역국가관계,era,원문값과 기존 ID·상태·판본·출처를 보존. 해석 가능한 형만 변환하고 원문 value_raw/legacy_locator를 유지. 정규 원본 1개로 합류; 원본 간 동일성 대조 전 후보 행 삭제/합산 금지.,PH0/NAT-V1_online.xlsx#xl/worksheets/sheet5.xml:D; literal=PH1/literal_cells.csv; formulas=PH1/formula_patterns_and_dependencies.json,PH1 대상표·필드·형·처리경로 명세; 원본단일화 및 파생식 재구현,"사용자 시작지시 + 계획서 4.2~4.8,5~8; 정본 승인과 별개",키 중복/외래키 존재/자료형/원문 보존 대조; 행이 없으면 자료 없음이며 시험 통과로 보지 않음.,미실행,false,"[{""file_code"": ""R50"", ""table"": ""지역국가관계"", ""field"": ""era"", ""role"": ""input"", ""row_condition"": ""all source records"", ""rule"": ""all source records"", ""data_type"": ""text_nullable"", ""reference"": """"}]",text_nullable,,명세 작성; 행별 의미 대조/온라인 시험 미실행
NAT-V1,1mTRKFfCFtiTmuAR6QwrslcBI6Q-wutYzVP_weDAW9uI,1317339757,03_영토_이력,E,NAT-V1:1317339757:E,행성 scope_id,1,"{""rows"": [1], ""values"": [""행성 scope_id""]}",string,input,셀 내용 전수의 literal/formula/헤더 기반 초안,1,0,0,0,MAP-041,R50;H90,지역국가관계 / 연방영토뷰,R50,지역국가관계,planet_scope_id,원문값과 기존 ID·상태·판본·출처를 보존. 해석 가능한 형만 변환하고 원문 value_raw/legacy_locator를 유지. 정규 원본 1개로 합류; 원본 간 동일성 대조 전 후보 행 삭제/합산 금지.,PH0/NAT-V1_online.xlsx#xl/worksheets/sheet5.xml:E; literal=PH1/literal_cells.csv; formulas=PH1/formula_patterns_and_dependencies.json,PH1 대상표·필드·형·처리경로 명세; 원본단일화 및 파생식 재구현,"사용자 시작지시 + 계획서 4.2~4.8,5~8; 정본 승인과 별개",키 중복/외래키 존재/자료형/원문 보존 대조; 행이 없으면 자료 없음이며 시험 통과로 보지 않음.,미실행,false,"[{""file_code"": ""R50"", ""table"": ""지역국가관계"", ""field"": ""planet_scope_id"", ""role"": ""input"", ""row_condition"": ""all source records"", ""rule"": ""all source records"", ""data_type"": ""text_identifier; case preserved"", ""reference"": ""C00.대상목록.scope_id; planet.1 preserved; do not equate planet ID to region ID without registered relation""}]",text_identifier; case preserved,,명세 작성; 행별 의미 대조/온라인 시험 미실행
NAT-V1,1mTRKFfCFtiTmuAR6QwrslcBI6Q-wutYzVP_weDAW9uI,1317339757,03_영토_이력,F,NAT-V1:1317339757:F,지역 ID,1,"{""rows"": [1], ""values"": [""지역 ID""]}",string,input,셀 내용 전수의 literal/formula/헤더 기반 초안,1,0,0,0,MAP-041,R50;H90,지역국가관계 / 연방영토뷰,R50,지역국가관계,region_id,원문값과 기존 ID·상태·판본·출처를 보존. 해석 가능한 형만 변환하고 원문 value_raw/legacy_locator를 유지. 정규 원본 1개로 합류; 원본 간 동일성 대조 전 후보 행 삭제/합산 금지.,PH0/NAT-V1_online.xlsx#xl/worksheets/sheet5.xml:F; literal=PH1/literal_cells.csv; formulas=PH1/formula_patterns_and_dependencies.json,PH1 대상표·필드·형·처리경로 명세; 원본단일화 및 파생식 재구현,"사용자 시작지시 + 계획서 4.2~4.8,5~8; 정본 승인과 별개",키 중복/외래키 존재/자료형/원문 보존 대조; 행이 없으면 자료 없음이며 시험 통과로 보지 않음.,미실행,false,"[{""file_code"": ""R50"", ""table"": ""지역국가관계"", ""field"": ""region_id"", ""role"": ""input"", ""row_condition"": ""all source records"", ""rule"": ""all source records"", ""data_type"": ""text_identifier; case preserved"", ""reference"": ""R10.지역목록.region_id""}]",text_identifier; case preserved,,명세 작성; 행별 의미 대조/온라인 시험 미실행
NAT-V1,1mTRKFfCFtiTmuAR6QwrslcBI6Q-wutYzVP_weDAW9uI,1317339757,03_영토_이력,G,NAT-V1:1317339757:G,관계 종류,1,"{""rows"": [1], ""values"": [""관계 종류""]}",string,input,셀 내용 전수의 literal/formula/헤더 기반 초안,1,0,0,0,MAP-041,R50;H90,지역국가관계 / 연방영토뷰,R50,지역국가관계,relation_type,원문값과 기존 ID·상태·판본·출처를 보존. 해석 가능한 형만 변환하고 원문 value_raw/legacy_locator를 유지. 정규 원본 1개로 합류; 원본 간 동일성 대조 전 후보 행 삭제/합산 금지.,PH0/NAT-V1_online.xlsx#xl/worksheets/sheet5.xml:G; literal=PH1/literal_cells.csv; formulas=PH1/formula_patterns_and_dependencies.json,PH1 대상표·필드·형·처리경로 명세; 원본단일화 및 파생식 재구현,"사용자 시작지시 + 계획서 4.2~4.8,5~8; 정본 승인과 별개",키 중복/외래키 존재/자료형/원문 보존 대조; 행이 없으면 자료 없음이며 시험 통과로 보지 않음.,미실행,false,"[{""file_code"": ""R50"", ""table"": ""지역국가관계"", ""field"": ""relation_type"", ""role"": ""input"", ""row_condition"": ""all source records"", ""rule"": ""all source records"", ""data_type"": ""text_nullable"", ""reference"": """"}]",text_nullable,,명세 작성; 행별 의미 대조/온라인 시험 미실행
NAT-V1,1mTRKFfCFtiTmuAR6QwrslcBI6Q-wutYzVP_weDAW9uI,1317339757,03_영토_이력,H,NAT-V1:1317339757:H,시작연도,1,"{""rows"": [1], ""values"": [""시작연도""]}",string,input,셀 내용 전수의 literal/formula/헤더 기반 초안,1,0,0,0,MAP-041,R50;H90,지역국가관계 / 연방영토뷰,R50,지역국가관계,start_year,원문값과 기존 ID·상태·판본·출처를 보존. 해석 가능한 형만 변환하고 원문 value_raw/legacy_locator를 유지. 연도만 있으면 precision=year; 월일을 채우지 않음. 제3기 0년 허용; 기년 판본·루트 유지. 정규 원본 1개로 합류; 원본 간 동일성 대조 전 후보 행 삭제/합산 금지.,PH0/NAT-V1_online.xlsx#xl/worksheets/sheet5.xml:H; literal=PH1/literal_cells.csv; formulas=PH1/formula_patterns_and_dependencies.json,PH1 대상표·필드·형·처리경로 명세; 원본단일화 및 파생식 재구현,"사용자 시작지시 + 계획서 4.2~4.8,5~8; 정본 승인과 별개",키 중복/외래키 존재/자료형/원문 보존 대조; 행이 없으면 자료 없음이며 시험 통과로 보지 않음.,미실행,false,"[{""file_code"": ""R50"", ""table"": ""지역국가관계"", ""field"": ""start_year"", ""role"": ""input"", ""row_condition"": ""all source records"", ""rule"": ""all source records"", ""data_type"": ""integer_nullable"", ""reference"": """"}]",integer_nullable,,명세 작성; 행별 의미 대조/온라인 시험 미실행
NAT-V1,1mTRKFfCFtiTmuAR6QwrslcBI6Q-wutYzVP_weDAW9uI,1317339757,03_영토_이력,I,NAT-V1:1317339757:I,종료연도,1,"{""rows"": [1], ""values"": [""종료연도""]}",string,input,셀 내용 전수의 literal/formula/헤더 기반 초안,1,0,0,0,MAP-041,R50;H90,지역국가관계 / 연방영토뷰,R50,지역국가관계,end_year,원문값과 기존 ID·상태·판본·출처를 보존. 해석 가능한 형만 변환하고 원문 value_raw/legacy_locator를 유지. 연도만 있으면 precision=year; 월일을 채우지 않음. 제3기 0년 허용; 기년 판본·루트 유지. 정규 원본 1개로 합류; 원본 간 동일성 대조 전 후보 행 삭제/합산 금지.,PH0/NAT-V1_online.xlsx#xl/worksheets/sheet5.xml:I; literal=PH1/literal_cells.csv; formulas=PH1/formula_patterns_and_dependencies.json,PH1 대상표·필드·형·처리경로 명세; 원본단일화 및 파생식 재구현,"사용자 시작지시 + 계획서 4.2~4.8,5~8; 정본 승인과 별개",키 중복/외래키 존재/자료형/원문 보존 대조; 행이 없으면 자료 없음이며 시험 통과로 보지 않음.,미실행,false,"[{""file_code"": ""R50"", ""table"": ""지역국가관계"", ""field"": ""end_year"", ""role"": ""input"", ""row_condition"": ""all source records"", ""rule"": ""all source records"", ""data_type"": ""integer_nullable"", ""reference"": """"}]",integer_nullable,,명세 작성; 행별 의미 대조/온라인 시험 미실행
NAT-V1,1mTRKFfCFtiTmuAR6QwrslcBI6Q-wutYzVP_weDAW9uI,1317339757,03_영토_이력,J,NAT-V1:1317339757:J,종료 상태,1,"{""rows"": [1], ""values"": [""종료 상태""]}",string,input,셀 내용 전수의 literal/formula/헤더 기반 초안,1,0,0,0,MAP-041,R50;H90,지역국가관계 / 연방영토뷰,R50,지역국가관계,end_status,원문값과 기존 ID·상태·판본·출처를 보존. 해석 가능한 형만 변환하고 원문 value_raw/legacy_locator를 유지. 정규 원본 1개로 합류; 원본 간 동일성 대조 전 후보 행 삭제/합산 금지.,PH0/NAT-V1_online.xlsx#xl/worksheets/sheet5.xml:J; literal=PH1/literal_cells.csv; formulas=PH1/formula_patterns_and_dependencies.json,PH1 대상표·필드·형·처리경로 명세; 원본단일화 및 파생식 재구현,"사용자 시작지시 + 계획서 4.2~4.8,5~8; 정본 승인과 별개",키 중복/외래키 존재/자료형/원문 보존 대조; 행이 없으면 자료 없음이며 시험 통과로 보지 않음.,미실행,false,"[{""file_code"": ""R50"", ""table"": ""지역국가관계"", ""field"": ""end_status"", ""role"": ""input"", ""row_condition"": ""all source records"", ""rule"": ""all source records"", ""data_type"": ""C00_code_nullable; unknown original retained"", ""reference"": """"}]",C00_code_nullable; unknown original retained,,명세 작성; 행별 의미 대조/온라인 시험 미실행
NAT-V1,1mTRKFfCFtiTmuAR6QwrslcBI6Q-wutYzVP_weDAW9uI,1317339757,03_영토_이력,K,NAT-V1:1317339757:K,통치 육지면적 (km²),1,"{""rows"": [1], ""values"": [""통치 육지면적 (km²)""]}",string,input,셀 내용 전수의 literal/formula/헤더 기반 초안,1,0,0,0,MAP-041,R50;H90,지역국가관계 / 연방영토뷰,R50,지역국가관계,controlled_land_area,원문값과 기존 ID·상태·판본·출처를 보존. 해석 가능한 형만 변환하고 원문 value_raw/legacy_locator를 유지. 빈칸·미상·미정·해당없음·확정0을 독립 상태로 처리; 원문 숫자 정밀도 초과시 문자열 보존/근사값 분리. 정규 원본 1개로 합류; 원본 간 동일성 대조 전 후보 행 삭제/합산 금지. 헤더에 km² 명시된 두 확장표는 area_unit=km²; 면적비로 인구/GDP 배분 금지.,PH0/NAT-V1_online.xlsx#xl/worksheets/sheet5.xml:K; literal=PH1/literal_cells.csv; formulas=PH1/formula_patterns_and_dependencies.json,PH1 대상표·필드·형·처리경로 명세; 원본단일화 및 파생식 재구현,"사용자 시작지시 + 계획서 4.2~4.8,5~8; 정본 승인과 별개",키 중복/외래키 존재/자료형/원문 보존 대조; 행이 없으면 자료 없음이며 시험 통과로 보지 않음.,미실행,false,"[{""file_code"": ""R50"", ""table"": ""지역국가관계"", ""field"": ""controlled_land_area"", ""role"": ""input"", ""row_condition"": ""all source records"", ""rule"": ""all source records"", ""data_type"": ""decimal_nullable; exact original in value_raw"", ""reference"": """"}]",decimal_nullable; exact original in value_raw,,명세 작성; 행별 의미 대조/온라인 시험 미실행
NAT-V1,1mTRKFfCFtiTmuAR6QwrslcBI6Q-wutYzVP_weDAW9uI,1317339757,03_영토_이력,L,NAT-V1:1317339757:L,설정 상태,1,"{""rows"": [1], ""values"": [""설정 상태""]}",string,input,셀 내용 전수의 literal/formula/헤더 기반 초안,1,0,0,0,MAP-041,R50;H90,지역국가관계 / 연방영토뷰,R50,지역국가관계,setting_status,원문값과 기존 ID·상태·판본·출처를 보존. 해석 가능한 형만 변환하고 원문 value_raw/legacy_locator를 유지. 정규 원본 1개로 합류; 원본 간 동일성 대조 전 후보 행 삭제/합산 금지.,PH0/NAT-V1_online.xlsx#xl/worksheets/sheet5.xml:L; literal=PH1/literal_cells.csv; formulas=PH1/formula_patterns_and_dependencies.json,PH1 대상표·필드·형·처리경로 명세; 원본단일화 및 파생식 재구현,"사용자 시작지시 + 계획서 4.2~4.8,5~8; 정본 승인과 별개",키 중복/외래키 존재/자료형/원문 보존 대조; 행이 없으면 자료 없음이며 시험 통과로 보지 않음.,미실행,false,"[{""file_code"": ""R50"", ""table"": ""지역국가관계"", ""field"": ""setting_status"", ""role"": ""input"", ""row_condition"": ""all source records"", ""rule"": ""all source records"", ""data_type"": ""C00_code_nullable; unknown original retained"", ""reference"": """"}]",C00_code_nullable; unknown original retained,,명세 작성; 행별 의미 대조/온라인 시험 미실행
NAT-V1,1mTRKFfCFtiTmuAR6QwrslcBI6Q-wutYzVP_weDAW9uI,1317339757,03_영토_이력,M,NAT-V1:1317339757:M,출처 ID,1,"{""rows"": [1], ""values"": [""출처 ID""]}",string,input,셀 내용 전수의 literal/formula/헤더 기반 초안,1,0,0,0,MAP-041,R50;H90,지역국가관계 / 연방영토뷰,R50,지역국가관계,source_id,원문값과 기존 ID·상태·판본·출처를 보존. 해석 가능한 형만 변환하고 원문 value_raw/legacy_locator를 유지. 정규 원본 1개로 합류; 원본 간 동일성 대조 전 후보 행 삭제/합산 금지.,PH0/NAT-V1_online.xlsx#xl/worksheets/sheet5.xml:M; literal=PH1/literal_cells.csv; formulas=PH1/formula_patterns_and_dependencies.json,PH1 대상표·필드·형·처리경로 명세; 원본단일화 및 파생식 재구현,"사용자 시작지시 + 계획서 4.2~4.8,5~8; 정본 승인과 별개",키 중복/외래키 존재/자료형/원문 보존 대조; 행이 없으면 자료 없음이며 시험 통과로 보지 않음.,미실행,false,"[{""file_code"": ""R50"", ""table"": ""지역국가관계"", ""field"": ""source_id"", ""role"": ""input"", ""row_condition"": ""all source records"", ""rule"": ""all source records"", ""data_type"": ""text_identifier; case preserved"", ""reference"": ""C00.출처레지스트리.source_id""}]",text_identifier; case preserved,,명세 작성; 행별 의미 대조/온라인 시험 미실행
NAT-V1,1mTRKFfCFtiTmuAR6QwrslcBI6Q-wutYzVP_weDAW9uI,1317339757,03_영토_이력,N,NAT-V1:1317339757:N,비고,1,"{""rows"": [1], ""values"": [""비고""]}",string,input,셀 내용 전수의 literal/formula/헤더 기반 초안,1,0,0,0,MAP-041,R50;H90,지역국가관계 / 연방영토뷰,R50,지역국가관계,notes,원문값과 기존 ID·상태·판본·출처를 보존. 해석 가능한 형만 변환하고 원문 value_raw/legacy_locator를 유지. 정규 원본 1개로 합류; 원본 간 동일성 대조 전 후보 행 삭제/합산 금지.,PH0/NAT-V1_online.xlsx#xl/worksheets/sheet5.xml:N; literal=PH1/literal_cells.csv; formulas=PH1/formula_patterns_and_dependencies.json,PH1 대상표·필드·형·처리경로 명세; 원본단일화 및 파생식 재구현,"사용자 시작지시 + 계획서 4.2~4.8,5~8; 정본 승인과 별개",키 중복/외래키 존재/자료형/원문 보존 대조; 행이 없으면 자료 없음이며 시험 통과로 보지 않음.,미실행,false,"[{""file_code"": ""R50"", ""table"": ""지역국가관계"", ""field"": ""notes"", ""role"": ""input"", ""row_condition"": ""all source records"", ""rule"": ""all source records"", ""data_type"": ""text_nullable"", ""reference"": """"}]",text_nullable,,명세 작성; 행별 의미 대조/온라인 시험 미실행
NAT-V1,1mTRKFfCFtiTmuAR6QwrslcBI6Q-wutYzVP_weDAW9uI,1317339757,03_영토_이력,O,NAT-V1:1317339757:O,합산 포함,1,"{""rows"": [1], ""values"": [""합산 포함""]}","string,boolean",input,셀 내용 전수의 literal/formula/헤더 기반 초안,501,0,500,0,MAP-041,R50;H90,지역국가관계 / 연방영토뷰,R50,지역국가관계,aggregation_include,원문값과 기존 ID·상태·판본·출처를 보존. 해석 가능한 형만 변환하고 원문 value_raw/legacy_locator를 유지. 정규 원본 1개로 합류; 원본 간 동일성 대조 전 후보 행 삭제/합산 금지.,PH0/NAT-V1_online.xlsx#xl/worksheets/sheet5.xml:O; literal=PH1/literal_cells.csv; formulas=PH1/formula_patterns_and_dependencies.json,PH1 대상표·필드·형·처리경로 명세; 원본단일화 및 파생식 재구현,"사용자 시작지시 + 계획서 4.2~4.8,5~8; 정본 승인과 별개",키 중복/외래키 존재/자료형/원문 보존 대조; 행이 없으면 자료 없음이며 시험 통과로 보지 않음.,미실행,false,"[{""file_code"": ""R50"", ""table"": ""지역국가관계"", ""field"": ""aggregation_include"", ""role"": ""input"", ""row_condition"": ""all source records"", ""rule"": ""all source records"", ""data_type"": ""boolean_nullable"", ""reference"": """"}]",boolean_nullable,,명세 작성; 행별 의미 대조/온라인 시험 미실행
NAT-V1,1mTRKFfCFtiTmuAR6QwrslcBI6Q-wutYzVP_weDAW9uI,1317339757,03_영토_이력,P,NAT-V1:1317339757:P,유효 종료연도,1,"{""rows"": [1], ""values"": [""유효 종료연도""]}",string,formula,셀 내용 전수의 literal/formula/헤더 기반 초안,1,500,0,0,MAP-041,R50;H90,지역국가관계 / 연방영토뷰,R50,지역국가관계_조회계산,query_end_year,"원 수식과 저장값은 PH0/PH1 증거에 보존. 해당 V2 입력 원본·제공표에서 네이티브 수식으로 재구현. 값으로 이관하거나 입력 원본으로 복제하지 않음. 필터용 종료 경계만 계산하고 end_year 원본에 되쓰기 금지. 종료 미상은 시작연도만 열람, 지속 중과 구분. 정규 원본 1개로 합류; 원본 간 동일성 대조 전 후보 행 삭제/합산 금지.",PH0/NAT-V1_online.xlsx#xl/worksheets/sheet5.xml:P; literal=PH1/literal_cells.csv; formulas=PH1/formula_patterns_and_dependencies.json,PH1 대상표·필드·형·처리경로 명세; 원본단일화 및 파생식 재구현,"사용자 시작지시 + 계획서 4.2~4.8,5~8; 정본 승인과 별개",실제 Google Sheets 재계산·오류 전파·입력 변경·범위 확장 시험 필요. 현재 미실행.,미실행,false,"[{""file_code"": ""R50"", ""table"": ""지역국가관계_조회계산"", ""field"": ""query_end_year"", ""role"": ""calculated"", ""row_condition"": ""all source records"", ""rule"": ""all source records"", ""data_type"": ""integer_nullable"", ""reference"": """"}]",integer_nullable,,명세 작성; 행별 의미 대조/온라인 시험 미실행
NAT-V1,1mTRKFfCFtiTmuAR6QwrslcBI6Q-wutYzVP_weDAW9uI,1317339757,03_영토_이력,Q,NAT-V1:1317339757:Q,지역 단계,1,"{""rows"": [1], ""values"": [""지역 단계""]}",string,formula,셀 내용 전수의 literal/formula/헤더 기반 초안,1,500,0,0,MAP-041,R50;H90,지역국가관계 / 연방영토뷰,R50,지역국가관계_조회계산,region_level,원 수식과 저장값은 PH0/PH1 증거에 보존. 해당 V2 입력 원본·제공표에서 네이티브 수식으로 재구현. 값으로 이관하거나 입력 원본으로 복제하지 않음. 정규 원본 1개로 합류; 원본 간 동일성 대조 전 후보 행 삭제/합산 금지.,PH0/NAT-V1_online.xlsx#xl/worksheets/sheet5.xml:Q; literal=PH1/literal_cells.csv; formulas=PH1/formula_patterns_and_dependencies.json,PH1 대상표·필드·형·처리경로 명세; 원본단일화 및 파생식 재구현,"사용자 시작지시 + 계획서 4.2~4.8,5~8; 정본 승인과 별개",실제 Google Sheets 재계산·오류 전파·입력 변경·범위 확장 시험 필요. 현재 미실행.,미실행,false,"[{""file_code"": ""R50"", ""table"": ""지역국가관계_조회계산"", ""field"": ""region_level"", ""role"": ""calculated"", ""row_condition"": ""all source records"", ""rule"": ""all source records"", ""data_type"": ""text_nullable"", ""reference"": """"}]",text_nullable,,명세 작성; 행별 의미 대조/온라인 시험 미실행
