ID	원문행	3단계행	4단계행	구장	원조문_ID	새문장_그룹ID	새문장위치	구인용	신인용	본문표시	상태	유형	대상그룹_ID	대상하위단위_ID	범위보존_ID	근거	메모	원문문맥
XR-00001	92	56	56	0			서문·각주	총강	[[05_원범위_보존_참조표#^scope-c00|총강·제17장 중 총강 대응규정]]	[[05_원범위_보존_참조표#^scope-c00|총강·제17장 중 총강 대응규정]]	치환	scope	REN-C00-A0001;REN-C00-A0002;REN-C00-A0003;REN-C00-A0004;REN-C00-A0005;REN-C00-A0006;REN-C00-A0007;REN-C00-A0008;REN-C00-A0009;REN-C00-A0010;REN-C00-A0011;REN-C00-A0012;REN-C00-A0013;REN-C00-A0014;REN-C00-A0015;REN-C00-A0016;REN-C00-A0017;REN-C00-A0018;REN-C00-A0019;REN-C00-A0020;REN-C00-A0021;REN-C00-A0022;REN-C17-A0025		c00	R3.0 구 위치–신 위치 대응	 / 	## 서문 및 총강
XR-00002	130	150	150	0	SRC-C00-L00127	REN-C00-A0004	총강 제3절 제4조	제2장 제5조	제2장 제6조	제2장 제6조	치환	article	REN-C02-A0006			R3.0 구 위치–신 위치 대응	 / 	> 　연방의 국가 권력은 상호 견제와 균형을 위해, 제2장 제5조가 정한 중심 5축과 보완 3축, 그리고 헌정상 원수 기관으로 구성된다. 중심 5축은 행정 기관인 연방 최고평의회, 입법 기관인 연방 총의회, 사법 기관인 연방 대법원·헌법원, 재정 기관인 연방 준비 기금, 종교 기관인 제국도교 중앙교구이다. 보완 3축은 선거 기관인 연방 선거감독청, 감사 기관인 연방 감사원, 정보 기관인 연방 정보국이다. 헌정상 원수 기관은 연방 황실(연방 황제 및 황가)이다.
XR-00003	148	247	247	0	SRC-C00-L00145	REN-C00-A0009	총강 제5절 제9조	`제8장(종교)`	[[05_원범위_보존_참조표#^scope-c08|제10장·제14장·제21장 중 종교 대응규정]]	[[05_원범위_보존_참조표#^scope-c08|제10장·제14장·제21장 중 종교 대응규정]]	치환	scope	REN-C10-A0001;REN-C10-A0002;REN-C10-A0003;REN-C10-A0004;REN-C10-A0005;REN-C10-A0006;REN-C10-A0007;REN-C10-A0008;REN-C10-A0009;REN-C10-A0010;REN-C10-A0011;REN-C10-A0012;REN-C10-A0013;REN-C10-A0014;REN-C10-A0015;REN-C10-A0016;REN-C10-A0017;REN-C10-A0018;REN-C10-A0019;REN-C10-A0020;REN-C10-A0021;REN-C10-A0022;REN-C10-A0023;REN-C10-A0024;REN-C10-A0025;REN-C10-A0026;REN-C10-A0027;REN-C10-A0028;REN-C10-A0029;REN-C10-A0030;REN-C10-A0031;REN-C10-A0032;REN-C10-A0033;REN-C10-A0034;REN-C10-A0035;REN-C10-A0036;REN-C10-A0037;REN-C10-A0038;REN-C10-A0039;REN-C10-A0040;REN-C10-A0041;REN-C10-A0042;REN-C10-A0043;REN-C10-A0044;REN-C10-A0045;REN-C10-A0046;REN-C10-A0047;REN-C10-A0048;REN-C10-A0049;REN-C10-A0050;REN-C10-A0051;REN-C10-A0052;REN-C10-A0053;REN-C14-A0030;REN-C21-A0001		c08	R3.0 구 위치–신 위치 대응	 / 	> 　연방의 국교는 제국도교이며, 제국도교 중앙교구는 연방의 신앙 질서와 종교 전통의 중심이다. 기타 종교는 연방 법률·연방 황제령이 정하는 범위에서 허용된다. 연방은 개인의 믿음과 양심 그리고 신앙을 이유로 불이익을 주어서는 아니 되며, `제8장(종교)`의 규정에 따라 종교 간 공존과 관용을 보장한다.
XR-00004	150	249	249	0	SRC-C00-L00145	REN-C00-A0009	총강 제5절 제9조	`제8장(종교)`	[[05_원범위_보존_참조표#^scope-c08|제10장·제14장·제21장 중 종교 대응규정]]	[[05_원범위_보존_참조표#^scope-c08|제10장·제14장·제21장 중 종교 대응규정]]	치환	scope	REN-C10-A0001;REN-C10-A0002;REN-C10-A0003;REN-C10-A0004;REN-C10-A0005;REN-C10-A0006;REN-C10-A0007;REN-C10-A0008;REN-C10-A0009;REN-C10-A0010;REN-C10-A0011;REN-C10-A0012;REN-C10-A0013;REN-C10-A0014;REN-C10-A0015;REN-C10-A0016;REN-C10-A0017;REN-C10-A0018;REN-C10-A0019;REN-C10-A0020;REN-C10-A0021;REN-C10-A0022;REN-C10-A0023;REN-C10-A0024;REN-C10-A0025;REN-C10-A0026;REN-C10-A0027;REN-C10-A0028;REN-C10-A0029;REN-C10-A0030;REN-C10-A0031;REN-C10-A0032;REN-C10-A0033;REN-C10-A0034;REN-C10-A0035;REN-C10-A0036;REN-C10-A0037;REN-C10-A0038;REN-C10-A0039;REN-C10-A0040;REN-C10-A0041;REN-C10-A0042;REN-C10-A0043;REN-C10-A0044;REN-C10-A0045;REN-C10-A0046;REN-C10-A0047;REN-C10-A0048;REN-C10-A0049;REN-C10-A0050;REN-C10-A0051;REN-C10-A0052;REN-C10-A0053;REN-C14-A0030;REN-C21-A0001		c08	R3.0 구 위치–신 위치 대응	 / 	> 　국교의 지위는 국가 의전과 상징 질서에 한정되며, `제8장(종교)`과 이 헌법이 정한 범위를 넘어 특정 종교 또는 무종교에 대한 특권이나 차별의 근거가 될 수 없다.
XR-00005	164	283	283	0	SRC-C00-L00161	REN-C00-A0011	총강 제5절 제11조	제11장(국가방위)	[[05_원범위_보존_참조표#^scope-c11|제3장·제9장·제12장·제13장·제14장·제15장·제18장·제21장 중 국가방위·비상사태 대응규정]]	[[05_원범위_보존_참조표#^scope-c11|제3장·제9장·제12장·제13장·제14장·제15장·제18장·제21장 중 국가방위·비상사태 대응규정]]	치환	scope	REN-C03-A0001;REN-C03-A0002;REN-C03-A0003;REN-C09-A0021;REN-C12-A0021;REN-C12-A0033;REN-C13-A0001;REN-C13-A0002;REN-C13-A0003;REN-C13-A0004;REN-C13-A0005;REN-C13-A0006;REN-C13-A0007;REN-C13-A0008;REN-C13-A0009;REN-C13-A0010;REN-C13-A0011;REN-C13-A0012;REN-C13-A0013;REN-C13-A0014;REN-C13-A0015;REN-C13-A0017;REN-C13-A0018;REN-C13-A0019;REN-C13-A0020;REN-C13-A0021;REN-C13-A0022;REN-C13-A0024;REN-C13-A0025;REN-C13-A0026;REN-C13-A0027;REN-C14-A0001;REN-C14-A0002;REN-C14-A0003;REN-C14-A0004;REN-C14-A0006;REN-C14-A0007;REN-C14-A0008;REN-C14-A0010;REN-C14-A0011;REN-C14-A0013;REN-C14-A0014;REN-C14-A0020;REN-C14-A0021;REN-C14-A0022;REN-C14-A0023;REN-C14-A0024;REN-C14-A0028;REN-C14-A0039;REN-C14-A0040;REN-C14-A0041;REN-C14-A0042;REN-C14-A0043;REN-C15-A0064;REN-C15-A0072;REN-C18-A0028;REN-C18-A0029;REN-C18-A0056;REN-C21-A0010		c11	R3.0 구 위치–신 위치 대응	 / 	> 　연방은 국제 평화의 유지와 전 인류의 안전을 위하여 노력한다. 이를 위하여 연방은 방위조약·집단안보협정 기타 국제 협력기구에 참여할 수 있다. 연방은 자국민과 영토의 방위를 최우선으로 하되, 정당한 자기방위와 국제법에 따른 집단적 자위 이외의 침략전쟁을 부인한다. 구체적인 방위 체계와 전시 지휘 체계는 제11장(국가방위)에 따른다.
XR-00006	166	285	285	0	SRC-C00-L00161	REN-C00-A0011	총강 제5절 제11조	제11장(국가방위)	[[05_원범위_보존_참조표#^scope-c11|제3장·제9장·제12장·제13장·제14장·제15장·제18장·제21장 중 국가방위·비상사태 대응규정]]	[[05_원범위_보존_참조표#^scope-c11|제3장·제9장·제12장·제13장·제14장·제15장·제18장·제21장 중 국가방위·비상사태 대응규정]]	치환	scope	REN-C03-A0001;REN-C03-A0002;REN-C03-A0003;REN-C09-A0021;REN-C12-A0021;REN-C12-A0033;REN-C13-A0001;REN-C13-A0002;REN-C13-A0003;REN-C13-A0004;REN-C13-A0005;REN-C13-A0006;REN-C13-A0007;REN-C13-A0008;REN-C13-A0009;REN-C13-A0010;REN-C13-A0011;REN-C13-A0012;REN-C13-A0013;REN-C13-A0014;REN-C13-A0015;REN-C13-A0017;REN-C13-A0018;REN-C13-A0019;REN-C13-A0020;REN-C13-A0021;REN-C13-A0022;REN-C13-A0024;REN-C13-A0025;REN-C13-A0026;REN-C13-A0027;REN-C14-A0001;REN-C14-A0002;REN-C14-A0003;REN-C14-A0004;REN-C14-A0006;REN-C14-A0007;REN-C14-A0008;REN-C14-A0010;REN-C14-A0011;REN-C14-A0013;REN-C14-A0014;REN-C14-A0020;REN-C14-A0021;REN-C14-A0022;REN-C14-A0023;REN-C14-A0024;REN-C14-A0028;REN-C14-A0039;REN-C14-A0040;REN-C14-A0041;REN-C14-A0042;REN-C14-A0043;REN-C15-A0064;REN-C15-A0072;REN-C18-A0028;REN-C18-A0029;REN-C18-A0056;REN-C21-A0010		c11	R3.0 구 위치–신 위치 대응	 / 	> 　정보전·사이버전 및 능력자의 군사적·준군사적 활용에 관한 기본 원칙은 제11장(국가방위), 제15장(정보), 제17장(능력자 감독)의 규정에 따른다.
XR-00007	166	285	285	0	SRC-C00-L00161	REN-C00-A0011	총강 제5절 제11조	제15장(정보)	[[05_원범위_보존_참조표#^scope-c15|제2장·제18장·제21장 중 정보 대응규정]]	[[05_원범위_보존_참조표#^scope-c15|제2장·제18장·제21장 중 정보 대응규정]]	치환	scope	REN-C02-A0028;REN-C18-A0001;REN-C18-A0002;REN-C18-A0003;REN-C18-A0004;REN-C18-A0005;REN-C18-A0006;REN-C18-A0007;REN-C18-A0008;REN-C18-A0009;REN-C18-A0010;REN-C18-A0011;REN-C18-A0012;REN-C18-A0013;REN-C18-A0014;REN-C18-A0015;REN-C18-A0016;REN-C18-A0017;REN-C18-A0018;REN-C18-A0019;REN-C18-A0020;REN-C18-A0021;REN-C18-A0022;REN-C18-A0023;REN-C18-A0024;REN-C18-A0025;REN-C18-A0026;REN-C18-A0027;REN-C18-A0030;REN-C18-A0031;REN-C18-A0032;REN-C18-A0033;REN-C18-A0034;REN-C18-A0035;REN-C18-A0036;REN-C18-A0037;REN-C18-A0038;REN-C18-A0039;REN-C18-A0040;REN-C18-A0041;REN-C18-A0042;REN-C18-A0043;REN-C18-A0044;REN-C18-A0045;REN-C18-A0046;REN-C18-A0047;REN-C18-A0048;REN-C18-A0049;REN-C18-A0050;REN-C18-A0051;REN-C18-A0052;REN-C18-A0053;REN-C18-A0054;REN-C18-A0055;REN-C21-A0002		c15	R3.0 구 위치–신 위치 대응	 / 	> 　정보전·사이버전 및 능력자의 군사적·준군사적 활용에 관한 기본 원칙은 제11장(국가방위), 제15장(정보), 제17장(능력자 감독)의 규정에 따른다.
XR-00008	166	285	285	0	SRC-C00-L00161	REN-C00-A0011	총강 제5절 제11조	제17장(능력자 감독)	[[05_원범위_보존_참조표#^scope-c17|제14장·제20장·제21장 중 능력자감독 대응규정]]	[[05_원범위_보존_참조표#^scope-c17|제14장·제20장·제21장 중 능력자감독 대응규정]]	치환	scope	REN-C14-A0033;REN-C14-A0034;REN-C20-A0001;REN-C20-A0002;REN-C20-A0003;REN-C20-A0004;REN-C20-A0005;REN-C20-A0006;REN-C20-A0007;REN-C20-A0008;REN-C20-A0009;REN-C20-A0010;REN-C20-A0011;REN-C20-A0012;REN-C20-A0013;REN-C20-A0014;REN-C20-A0015;REN-C20-A0016;REN-C20-A0017;REN-C20-A0018;REN-C20-A0019;REN-C20-A0020;REN-C20-A0021;REN-C20-A0022;REN-C20-A0023;REN-C20-A0024;REN-C20-A0025;REN-C20-A0026;REN-C20-A0027;REN-C20-A0028;REN-C20-A0029;REN-C20-A0030;REN-C20-A0031;REN-C20-A0032;REN-C20-A0033;REN-C20-A0035;REN-C20-A0036;REN-C20-A0037;REN-C20-A0038;REN-C20-A0039;REN-C20-A0040;REN-C20-A0041;REN-C20-A0042;REN-C20-A0043;REN-C20-A0044;REN-C20-A0045;REN-C20-A0046;REN-C20-A0047;REN-C20-A0048;REN-C20-A0049;REN-C20-A0050;REN-C20-A0051;REN-C20-A0052;REN-C20-A0053;REN-C20-A0054;REN-C20-A0055;REN-C20-A0056;REN-C20-A0057;REN-C20-A0058;REN-C20-A0059;REN-C20-A0060;REN-C20-A0061;REN-C20-A0062;REN-C20-A0063;REN-C20-A0064;REN-C20-A0065;REN-C20-A0066;REN-C20-A0067;REN-C20-A0068;REN-C21-S06;REN-C21-S12		c17	R3.0 구 위치–신 위치 대응	 / 	> 　정보전·사이버전 및 능력자의 군사적·준군사적 활용에 관한 기본 원칙은 제11장(국가방위), 제15장(정보), 제17장(능력자 감독)의 규정에 따른다.
XR-00009	173	171	171	0	SRC-C00-L00170	REN-C00-A0005	총강 제4절 제5조	제12장(외교)	[[05_원범위_보존_참조표#^scope-c12|제14장·제15장·제21장 중 외교 대응규정]]	[[05_원범위_보존_참조표#^scope-c12|제14장·제15장·제21장 중 외교 대응규정]]	치환	scope	REN-C14-A0038;REN-C15-A0001;REN-C15-A0002;REN-C15-A0003;REN-C15-A0004;REN-C15-A0005;REN-C15-A0006;REN-C15-A0007;REN-C15-A0008;REN-C15-A0009;REN-C15-A0010;REN-C15-A0011;REN-C15-A0012;REN-C15-A0013;REN-C15-A0014;REN-C15-A0015;REN-C15-A0016;REN-C15-A0017;REN-C15-A0018;REN-C15-A0019;REN-C15-A0020;REN-C15-A0021;REN-C15-A0022;REN-C15-A0023;REN-C15-A0024;REN-C15-A0025;REN-C15-A0026;REN-C15-A0027;REN-C15-A0028;REN-C15-A0029;REN-C15-A0030;REN-C15-A0031;REN-C15-A0032;REN-C15-A0033;REN-C15-A0034;REN-C15-A0035;REN-C15-A0036;REN-C15-A0037;REN-C15-A0038;REN-C15-A0039;REN-C15-A0040;REN-C15-A0041;REN-C15-A0042;REN-C15-A0044;REN-C15-A0045;REN-C15-A0046;REN-C15-A0047;REN-C15-A0048;REN-C15-A0049;REN-C15-A0050;REN-C15-A0051;REN-C15-A0052;REN-C15-A0053;REN-C15-A0054;REN-C15-A0055;REN-C15-A0056;REN-C15-A0057;REN-C15-A0058;REN-C15-A0059;REN-C15-A0060;REN-C15-A0061;REN-C15-A0062;REN-C15-A0063;REN-C15-A0065;REN-C15-A0066;REN-C15-A0067;REN-C15-A0068;REN-C15-A0069;REN-C15-A0070;REN-C15-A0071;REN-C15-A0073;REN-C15-A0074;REN-C15-A0075;REN-C15-A0076;REN-C15-A0077;REN-C15-A0078;REN-C15-A0079;REN-C15-A0080;REN-C15-A0081;REN-C15-A0082;REN-C15-A0083;REN-C15-A0084;REN-C15-A0085;REN-C15-A0086;REN-C15-A0087;REN-C15-A0088;REN-C15-A0089;REN-C15-A0090;REN-C15-A0091;REN-C15-A0092;REN-C21-S10		c12	R3.0 구 위치–신 위치 대응	 / 	> 　연방의 법률 체계는 이 헌법을 정점으로 하여 연방 법률, 연방 황제령, 연방 최고평의회의 명령, 연방 최고평의회가 위임한 각 부·처의 명령·규칙·규정, 연방 사법부의 판례와 연방 대법원·연방 헌법원의 해석에 따른다. 연방과 연방 신민이 체결한 조약·협정은 제12장(외교)에서 정한 바에 따라 연방 법률과 동등하거나 그에 준하는 효력을 가진다.
XR-00010	175	173	173	0	SRC-C00-L00170	REN-C00-A0005	총강 제4절 제5조	제1장(권리장전)	[[05_원범위_보존_참조표#^scope-c01|제1장·제2장·제3장 중 권리장전 대응규정]]	[[05_원범위_보존_참조표#^scope-c01|제1장·제2장·제3장 중 권리장전 대응규정]]	치환	scope	REN-C01-A0001;REN-C01-A0002;REN-C01-A0003;REN-C01-A0004;REN-C01-A0005;REN-C01-A0006;REN-C01-A0007;REN-C01-A0008;REN-C01-A0009;REN-C01-A0010;REN-C01-A0011;REN-C01-A0012;REN-C01-A0013;REN-C01-A0014;REN-C01-A0015;REN-C01-A0016;REN-C01-A0017;REN-C01-A0018;REN-C01-A0019;REN-C01-A0020;REN-C01-A0021;REN-C01-A0022;REN-C01-A0023;REN-C01-A0024;REN-C01-A0025;REN-C01-A0026;REN-C01-A0027;REN-C01-A0028;REN-C01-A0029;REN-C01-A0030;REN-C01-A0031;REN-C01-A0032;REN-C01-A0033;REN-C01-A0034;REN-C01-A0035;REN-C01-A0036;REN-C01-A0037;REN-C01-A0038;REN-C01-A0039;REN-C01-A0040;REN-C01-A0041;REN-C01-A0042;REN-C01-A0043;REN-C01-A0044;REN-C01-A0045;REN-C02-A0029;REN-C03-A0012		c01	R3.0 구 위치–신 위치 대응	 / 	> 　연방의 법체계와 판례는 제1장(권리장전)과 제2장(연방총칙), 제15장(정보)의 기본 원칙에 합치되게 해석·적용하여야 한다. 연방 대법원과 연방 헌법원의 위헌심사·합헌해석 결정은 하위 규범과 국가 기관을 기속하며, 정보·데이터·디지털 통치와 관련된 규범은 전자관보·공개 포맷·지연공개 등 공개·투명성 규범을 반영하여야 한다.
XR-00011	175	173	173	0	SRC-C00-L00170	REN-C00-A0005	총강 제4절 제5조	제2장(연방총칙)	[[05_원범위_보존_참조표#^scope-c02|제2장·제3장·제8장·제9장·제12장·제19장·제21장 중 연방총칙 대응규정]]	[[05_원범위_보존_참조표#^scope-c02|제2장·제3장·제8장·제9장·제12장·제19장·제21장 중 연방총칙 대응규정]]	치환	scope	REN-C02-A0001;REN-C02-A0002;REN-C02-A0003;REN-C02-A0004;REN-C02-A0005;REN-C02-A0006;REN-C02-A0007;REN-C02-A0008;REN-C02-A0009;REN-C02-A0010;REN-C02-A0011;REN-C02-A0012;REN-C02-A0013;REN-C02-A0014;REN-C02-A0015;REN-C02-A0016;REN-C02-A0017;REN-C02-A0018;REN-C02-A0019;REN-C02-A0020;REN-C02-A0021;REN-C02-A0022;REN-C02-A0023;REN-C02-A0024;REN-C02-A0025;REN-C02-A0026;REN-C02-A0027;REN-C02-A0030;REN-C02-A0031;REN-C02-A0032;REN-C02-A0033;REN-C02-A0034;REN-C02-A0035;REN-C02-A0036;REN-C03-A0004;REN-C03-A0005;REN-C03-A0006;REN-C03-A0007;REN-C03-A0008;REN-C03-A0009;REN-C03-A0010;REN-C03-A0011;REN-C03-A0013;REN-C03-A0014;REN-C08-A0005;REN-C09-A0001;REN-C09-A0003;REN-C09-A0019;REN-C12-A0009;REN-C19-A0003;REN-C21-A0009		c02	R3.0 구 위치–신 위치 대응	 / 	> 　연방의 법체계와 판례는 제1장(권리장전)과 제2장(연방총칙), 제15장(정보)의 기본 원칙에 합치되게 해석·적용하여야 한다. 연방 대법원과 연방 헌법원의 위헌심사·합헌해석 결정은 하위 규범과 국가 기관을 기속하며, 정보·데이터·디지털 통치와 관련된 규범은 전자관보·공개 포맷·지연공개 등 공개·투명성 규범을 반영하여야 한다.
XR-00012	175	173	173	0	SRC-C00-L00170	REN-C00-A0005	총강 제4절 제5조	제15장(정보)	[[05_원범위_보존_참조표#^scope-c15|제2장·제18장·제21장 중 정보 대응규정]]	[[05_원범위_보존_참조표#^scope-c15|제2장·제18장·제21장 중 정보 대응규정]]	치환	scope	REN-C02-A0028;REN-C18-A0001;REN-C18-A0002;REN-C18-A0003;REN-C18-A0004;REN-C18-A0005;REN-C18-A0006;REN-C18-A0007;REN-C18-A0008;REN-C18-A0009;REN-C18-A0010;REN-C18-A0011;REN-C18-A0012;REN-C18-A0013;REN-C18-A0014;REN-C18-A0015;REN-C18-A0016;REN-C18-A0017;REN-C18-A0018;REN-C18-A0019;REN-C18-A0020;REN-C18-A0021;REN-C18-A0022;REN-C18-A0023;REN-C18-A0024;REN-C18-A0025;REN-C18-A0026;REN-C18-A0027;REN-C18-A0030;REN-C18-A0031;REN-C18-A0032;REN-C18-A0033;REN-C18-A0034;REN-C18-A0035;REN-C18-A0036;REN-C18-A0037;REN-C18-A0038;REN-C18-A0039;REN-C18-A0040;REN-C18-A0041;REN-C18-A0042;REN-C18-A0043;REN-C18-A0044;REN-C18-A0045;REN-C18-A0046;REN-C18-A0047;REN-C18-A0048;REN-C18-A0049;REN-C18-A0050;REN-C18-A0051;REN-C18-A0052;REN-C18-A0053;REN-C18-A0054;REN-C18-A0055;REN-C21-A0002		c15	R3.0 구 위치–신 위치 대응	 / 	> 　연방의 법체계와 판례는 제1장(권리장전)과 제2장(연방총칙), 제15장(정보)의 기본 원칙에 합치되게 해석·적용하여야 한다. 연방 대법원과 연방 헌법원의 위헌심사·합헌해석 결정은 하위 규범과 국가 기관을 기속하며, 정보·데이터·디지털 통치와 관련된 규범은 전자관보·공개 포맷·지연공개 등 공개·투명성 규범을 반영하여야 한다.
XR-00013	189	302	302	0	SRC-C00-L00186	REN-C00-A0012	총강 제5절 제12조	제13장(선거)	[[05_원범위_보존_참조표#^scope-c13|제6장·제14장·제16장 중 선거 대응규정]]	[[05_원범위_보존_참조표#^scope-c13|제6장·제14장·제16장 중 선거 대응규정]]	치환	scope	REN-C06-A0009;REN-C06-A0010;REN-C06-A0011;REN-C06-A0027;REN-C14-A0031;REN-C16-A0001;REN-C16-A0002;REN-C16-A0003;REN-C16-A0004;REN-C16-A0005;REN-C16-A0006;REN-C16-A0007;REN-C16-A0008;REN-C16-A0009;REN-C16-A0010;REN-C16-A0011;REN-C16-A0012;REN-C16-A0013;REN-C16-A0014;REN-C16-A0015;REN-C16-A0016;REN-C16-A0017;REN-C16-A0018;REN-C16-A0019;REN-C16-A0020;REN-C16-A0021;REN-C16-A0022;REN-C16-A0023;REN-C16-A0024;REN-C16-A0025;REN-C16-A0026;REN-C16-A0027;REN-C16-A0028;REN-C16-A0029;REN-C16-A0030;REN-C16-A0031;REN-C16-A0032;REN-C16-A0033;REN-C16-A0034;REN-C16-A0035;REN-C16-A0036;REN-C16-A0037;REN-C16-A0038;REN-C16-A0039;REN-C16-A0040;REN-C16-A0041;REN-C16-A0042;REN-C16-A0043;REN-C16-A0044;REN-C16-A0045;REN-C16-A0046;REN-C16-A0047;REN-C16-A0048;REN-C16-A0049;REN-C16-A0050;REN-C16-A0051;REN-C16-A0052;REN-C16-A0053;REN-C16-A0054;REN-C16-A0055;REN-C16-A0056;REN-C16-A0057;REN-C16-A0058;REN-C16-A0059;REN-C16-A0060;REN-C16-A0061;REN-C16-A0062;REN-C16-A0063;REN-C16-A0064;REN-C16-A0065;REN-C16-A0066;REN-C16-A0067;REN-C16-A0068;REN-C16-A0069;REN-C16-A0070;REN-C16-A0071;REN-C16-A0072;REN-C16-A0073;REN-C16-A0074;REN-C16-A0075;REN-C16-A0076;REN-C16-A0077;REN-C16-A0078;REN-C16-A0079;REN-C16-A0080;REN-C16-A0081;REN-C16-A0082		c13	R3.0 구 위치–신 위치 대응	 / 	> 　정당과 기타 정치적 결사체의 설립과 활동은 자유이며, 사상과 이념과 교리는 자유주의적 헌정 질서의 범위 안에서 자유롭다. 정당제도와 정치적 결사의 지위·재정·투명성·내부 민주성에 관한 기본 사항은 제13장(선거)에 따른다.  
XR-00014	218	207	207	0	SRC-C00-L00215	REN-C00-A0007	총강 제4절 제7조	총강	[[05_원범위_보존_참조표#^scope-c00|총강·제17장 중 총강 대응규정]]	[[05_원범위_보존_참조표#^scope-c00|총강·제17장 중 총강 대응규정]]	치환	scope	REN-C00-A0001;REN-C00-A0002;REN-C00-A0003;REN-C00-A0004;REN-C00-A0005;REN-C00-A0006;REN-C00-A0007;REN-C00-A0008;REN-C00-A0009;REN-C00-A0010;REN-C00-A0011;REN-C00-A0012;REN-C00-A0013;REN-C00-A0014;REN-C00-A0015;REN-C00-A0016;REN-C00-A0017;REN-C00-A0018;REN-C00-A0019;REN-C00-A0020;REN-C00-A0021;REN-C00-A0022;REN-C17-A0025		c00	R3.0 구 위치–신 위치 대응	 / 	> 　이 연방 헌법의 해석은 연방 헌법 서문과 총강에 천명된 가치인 국가 정의·국제 평화·연방 신민의 자유와 권리·공공복리의 가치에 따라, [[엘리시움 연방 헌법#제1장 전 인류와 연방 신민의 자유와 권리 장전|권리 장전]]을 우선 기준으로 한다. 권리 장전과 본문의 규정이 충돌하는 경우에는 권리 장전의 본질적 내용을 최대한 보장하는 방향으로 해석한다.
XR-00015	218	207	207	0	SRC-C00-L00215	REN-C00-A0007	총강 제4절 제7조	[[엘리시움 연방 헌법#제1장 전 인류와 연방 신민의 자유와 권리 장전|권리 장전]]	[[05_원범위_보존_참조표#^scope-c01|제1장·제2장·제3장 중 권리장전 대응규정]]	[[05_원범위_보존_참조표#^scope-c01|제1장·제2장·제3장 중 권리장전 대응규정]]	치환	scope	REN-C01-A0001;REN-C01-A0002;REN-C01-A0003;REN-C01-A0004;REN-C01-A0005;REN-C01-A0006;REN-C01-A0007;REN-C01-A0008;REN-C01-A0009;REN-C01-A0010;REN-C01-A0011;REN-C01-A0012;REN-C01-A0013;REN-C01-A0014;REN-C01-A0015;REN-C01-A0016;REN-C01-A0017;REN-C01-A0018;REN-C01-A0019;REN-C01-A0020;REN-C01-A0021;REN-C01-A0022;REN-C01-A0023;REN-C01-A0024;REN-C01-A0025;REN-C01-A0026;REN-C01-A0027;REN-C01-A0028;REN-C01-A0029;REN-C01-A0030;REN-C01-A0031;REN-C01-A0032;REN-C01-A0033;REN-C01-A0034;REN-C01-A0035;REN-C01-A0036;REN-C01-A0037;REN-C01-A0038;REN-C01-A0039;REN-C01-A0040;REN-C01-A0041;REN-C01-A0042;REN-C01-A0043;REN-C01-A0044;REN-C01-A0045;REN-C02-A0029;REN-C03-A0012		c01	R3.0 구 위치–신 위치 대응	 / 	> 　이 연방 헌법의 해석은 연방 헌법 서문과 총강에 천명된 가치인 국가 정의·국제 평화·연방 신민의 자유와 권리·공공복리의 가치에 따라, [[엘리시움 연방 헌법#제1장 전 인류와 연방 신민의 자유와 권리 장전|권리 장전]]을 우선 기준으로 한다. 권리 장전과 본문의 규정이 충돌하는 경우에는 권리 장전의 본질적 내용을 최대한 보장하는 방향으로 해석한다.
XR-00016	227	443	443	0	SRC-C00-L00224	REN-C00-A0020	총강 제6절 제20조	[[엘리시움 연방 헌법#제1장 전 인류와 연방 신민의 자유와 권리 장전|권리 장전]]	[[05_원범위_보존_참조표#^scope-c01|제1장·제2장·제3장 중 권리장전 대응규정]]	[[05_원범위_보존_참조표#^scope-c01|제1장·제2장·제3장 중 권리장전 대응규정]]	치환	scope	REN-C01-A0001;REN-C01-A0002;REN-C01-A0003;REN-C01-A0004;REN-C01-A0005;REN-C01-A0006;REN-C01-A0007;REN-C01-A0008;REN-C01-A0009;REN-C01-A0010;REN-C01-A0011;REN-C01-A0012;REN-C01-A0013;REN-C01-A0014;REN-C01-A0015;REN-C01-A0016;REN-C01-A0017;REN-C01-A0018;REN-C01-A0019;REN-C01-A0020;REN-C01-A0021;REN-C01-A0022;REN-C01-A0023;REN-C01-A0024;REN-C01-A0025;REN-C01-A0026;REN-C01-A0027;REN-C01-A0028;REN-C01-A0029;REN-C01-A0030;REN-C01-A0031;REN-C01-A0032;REN-C01-A0033;REN-C01-A0034;REN-C01-A0035;REN-C01-A0036;REN-C01-A0037;REN-C01-A0038;REN-C01-A0039;REN-C01-A0040;REN-C01-A0041;REN-C01-A0042;REN-C01-A0043;REN-C01-A0044;REN-C01-A0045;REN-C02-A0029;REN-C03-A0012		c01	R3.0 구 위치–신 위치 대응	 / 	> 　전시·사변 그 밖의 이에 준하는 국가비상사태에 한하여, 연방 법률과 연방 황제령이 정하는 바에 따라 연방 신민의 일부 권리를 제한할 수 있다. 이 경우 [[엘리시움 연방 헌법#제1장 전 인류와 연방 신민의 자유와 권리 장전|권리 장전]]이 보장하는 본질적인 신민의 자유권적 내용을 침해하여서는 아니 된다. 권리 제한의 지정·연장·해제 및 그 집행은 기록·통지의무와 일몰을 포함하는 절차에 따르고, 사태 종료 후, 연방 총의회의 승인과 연방 황제의 재가를 받아야 한다.
XR-00017	248	405	405	0	SRC-C00-L00245	REN-C00-A0018	총강 제5절 제18조	[[엘리시움 연방 헌법#제1장 전 인류와 연방 신민의 자유와 권리 장전|제1장(권리 장전)]]	[[05_원범위_보존_참조표#^scope-c01|제1장·제2장·제3장 중 권리장전 대응규정]]	[[05_원범위_보존_참조표#^scope-c01|제1장·제2장·제3장 중 권리장전 대응규정]]	치환	scope	REN-C01-A0001;REN-C01-A0002;REN-C01-A0003;REN-C01-A0004;REN-C01-A0005;REN-C01-A0006;REN-C01-A0007;REN-C01-A0008;REN-C01-A0009;REN-C01-A0010;REN-C01-A0011;REN-C01-A0012;REN-C01-A0013;REN-C01-A0014;REN-C01-A0015;REN-C01-A0016;REN-C01-A0017;REN-C01-A0018;REN-C01-A0019;REN-C01-A0020;REN-C01-A0021;REN-C01-A0022;REN-C01-A0023;REN-C01-A0024;REN-C01-A0025;REN-C01-A0026;REN-C01-A0027;REN-C01-A0028;REN-C01-A0029;REN-C01-A0030;REN-C01-A0031;REN-C01-A0032;REN-C01-A0033;REN-C01-A0034;REN-C01-A0035;REN-C01-A0036;REN-C01-A0037;REN-C01-A0038;REN-C01-A0039;REN-C01-A0040;REN-C01-A0041;REN-C01-A0042;REN-C01-A0043;REN-C01-A0044;REN-C01-A0045;REN-C02-A0029;REN-C03-A0012		c01	R3.0 구 위치–신 위치 대응	 / 	> 　모든 연방 신민은 자신을 보호하기 위해 무장할 권리를 가진다. 무장과 비무장의 구분 및 습득·취득·소지·휴대·사용의 범위와 요건은 연방 법률로 정하며, 그 정의·관리·감시·감독에 관한 책임은 연방 최고평의회 산하의 연방 기관에 부여한다. 이 경우 무장권은 [[엘리시움 연방 헌법#제1장 전 인류와 연방 신민의 자유와 권리 장전|제1장(권리 장전)]]과 제11장(국가방위), 제17장(능력자 감독)의 규정과 조화를 이루도록 해석·적용한다.
XR-00018	248	405	405	0	SRC-C00-L00245	REN-C00-A0018	총강 제5절 제18조	제11장(국가방위)	[[05_원범위_보존_참조표#^scope-c11|제3장·제9장·제12장·제13장·제14장·제15장·제18장·제21장 중 국가방위·비상사태 대응규정]]	[[05_원범위_보존_참조표#^scope-c11|제3장·제9장·제12장·제13장·제14장·제15장·제18장·제21장 중 국가방위·비상사태 대응규정]]	치환	scope	REN-C03-A0001;REN-C03-A0002;REN-C03-A0003;REN-C09-A0021;REN-C12-A0021;REN-C12-A0033;REN-C13-A0001;REN-C13-A0002;REN-C13-A0003;REN-C13-A0004;REN-C13-A0005;REN-C13-A0006;REN-C13-A0007;REN-C13-A0008;REN-C13-A0009;REN-C13-A0010;REN-C13-A0011;REN-C13-A0012;REN-C13-A0013;REN-C13-A0014;REN-C13-A0015;REN-C13-A0017;REN-C13-A0018;REN-C13-A0019;REN-C13-A0020;REN-C13-A0021;REN-C13-A0022;REN-C13-A0024;REN-C13-A0025;REN-C13-A0026;REN-C13-A0027;REN-C14-A0001;REN-C14-A0002;REN-C14-A0003;REN-C14-A0004;REN-C14-A0006;REN-C14-A0007;REN-C14-A0008;REN-C14-A0010;REN-C14-A0011;REN-C14-A0013;REN-C14-A0014;REN-C14-A0020;REN-C14-A0021;REN-C14-A0022;REN-C14-A0023;REN-C14-A0024;REN-C14-A0028;REN-C14-A0039;REN-C14-A0040;REN-C14-A0041;REN-C14-A0042;REN-C14-A0043;REN-C15-A0064;REN-C15-A0072;REN-C18-A0028;REN-C18-A0029;REN-C18-A0056;REN-C21-A0010		c11	R3.0 구 위치–신 위치 대응	 / 	> 　모든 연방 신민은 자신을 보호하기 위해 무장할 권리를 가진다. 무장과 비무장의 구분 및 습득·취득·소지·휴대·사용의 범위와 요건은 연방 법률로 정하며, 그 정의·관리·감시·감독에 관한 책임은 연방 최고평의회 산하의 연방 기관에 부여한다. 이 경우 무장권은 [[엘리시움 연방 헌법#제1장 전 인류와 연방 신민의 자유와 권리 장전|제1장(권리 장전)]]과 제11장(국가방위), 제17장(능력자 감독)의 규정과 조화를 이루도록 해석·적용한다.
XR-00019	248	405	405	0	SRC-C00-L00245	REN-C00-A0018	총강 제5절 제18조	제17장(능력자 감독)	[[05_원범위_보존_참조표#^scope-c17|제14장·제20장·제21장 중 능력자감독 대응규정]]	[[05_원범위_보존_참조표#^scope-c17|제14장·제20장·제21장 중 능력자감독 대응규정]]	치환	scope	REN-C14-A0033;REN-C14-A0034;REN-C20-A0001;REN-C20-A0002;REN-C20-A0003;REN-C20-A0004;REN-C20-A0005;REN-C20-A0006;REN-C20-A0007;REN-C20-A0008;REN-C20-A0009;REN-C20-A0010;REN-C20-A0011;REN-C20-A0012;REN-C20-A0013;REN-C20-A0014;REN-C20-A0015;REN-C20-A0016;REN-C20-A0017;REN-C20-A0018;REN-C20-A0019;REN-C20-A0020;REN-C20-A0021;REN-C20-A0022;REN-C20-A0023;REN-C20-A0024;REN-C20-A0025;REN-C20-A0026;REN-C20-A0027;REN-C20-A0028;REN-C20-A0029;REN-C20-A0030;REN-C20-A0031;REN-C20-A0032;REN-C20-A0033;REN-C20-A0035;REN-C20-A0036;REN-C20-A0037;REN-C20-A0038;REN-C20-A0039;REN-C20-A0040;REN-C20-A0041;REN-C20-A0042;REN-C20-A0043;REN-C20-A0044;REN-C20-A0045;REN-C20-A0046;REN-C20-A0047;REN-C20-A0048;REN-C20-A0049;REN-C20-A0050;REN-C20-A0051;REN-C20-A0052;REN-C20-A0053;REN-C20-A0054;REN-C20-A0055;REN-C20-A0056;REN-C20-A0057;REN-C20-A0058;REN-C20-A0059;REN-C20-A0060;REN-C20-A0061;REN-C20-A0062;REN-C20-A0063;REN-C20-A0064;REN-C20-A0065;REN-C20-A0066;REN-C20-A0067;REN-C20-A0068;REN-C21-S06;REN-C21-S12		c17	R3.0 구 위치–신 위치 대응	 / 	> 　모든 연방 신민은 자신을 보호하기 위해 무장할 권리를 가진다. 무장과 비무장의 구분 및 습득·취득·소지·휴대·사용의 범위와 요건은 연방 법률로 정하며, 그 정의·관리·감시·감독에 관한 책임은 연방 최고평의회 산하의 연방 기관에 부여한다. 이 경우 무장권은 [[엘리시움 연방 헌법#제1장 전 인류와 연방 신민의 자유와 권리 장전|제1장(권리 장전)]]과 제11장(국가방위), 제17장(능력자 감독)의 규정과 조화를 이루도록 해석·적용한다.
XR-00020	264	461	461	0	SRC-C00-L00261	REN-C00-A0021	총강 제6절 제21조	제14장	[[05_원범위_보존_참조표#^scope-c14|제17장·제21장 중 개헌 대응규정]]	[[05_원범위_보존_참조표#^scope-c14|제17장·제21장 중 개헌 대응규정]]	치환	scope	REN-C17-A0001;REN-C17-A0002;REN-C17-A0003;REN-C17-A0004;REN-C17-A0005;REN-C17-A0008;REN-C17-A0009;REN-C17-A0010;REN-C17-A0011;REN-C17-A0012;REN-C17-A0013;REN-C17-A0014;REN-C17-A0015;REN-C17-A0016;REN-C17-A0017;REN-C17-A0018;REN-C17-A0019;REN-C17-A0020;REN-C17-A0021;REN-C17-A0022;REN-C17-A0023;REN-C17-A0024;REN-C21-A0008;REN-C21-A0011;REN-C21-A0012		c14	R3.0 구 위치–신 위치 대응	 / 	> 　연방 헌법의 개정 절차는 본 연방 헌법이 정한 절차로 한정한다. 연방 헌법의 개정은 제14장이 정하는 바에 따라 연방 헌법원의 심사, 연방 총의회의 심의·의결, 필요한 경우 신민투표, 그리고 연방 황제의 재가 및 공포를 거쳐야 하며, 그 구체적인 형식·기관 구성·절차는 연방 법률과 연방 황제령으로 정한다.
XR-00021	266	463	463	0	SRC-C00-L00261	REN-C00-A0021	총강 제6절 제21조	제1장(권리장전)	[[05_원범위_보존_참조표#^scope-c01|제1장·제2장·제3장 중 권리장전 대응규정]]	[[05_원범위_보존_참조표#^scope-c01|제1장·제2장·제3장 중 권리장전 대응규정]]	치환	scope	REN-C01-A0001;REN-C01-A0002;REN-C01-A0003;REN-C01-A0004;REN-C01-A0005;REN-C01-A0006;REN-C01-A0007;REN-C01-A0008;REN-C01-A0009;REN-C01-A0010;REN-C01-A0011;REN-C01-A0012;REN-C01-A0013;REN-C01-A0014;REN-C01-A0015;REN-C01-A0016;REN-C01-A0017;REN-C01-A0018;REN-C01-A0019;REN-C01-A0020;REN-C01-A0021;REN-C01-A0022;REN-C01-A0023;REN-C01-A0024;REN-C01-A0025;REN-C01-A0026;REN-C01-A0027;REN-C01-A0028;REN-C01-A0029;REN-C01-A0030;REN-C01-A0031;REN-C01-A0032;REN-C01-A0033;REN-C01-A0034;REN-C01-A0035;REN-C01-A0036;REN-C01-A0037;REN-C01-A0038;REN-C01-A0039;REN-C01-A0040;REN-C01-A0041;REN-C01-A0042;REN-C01-A0043;REN-C01-A0044;REN-C01-A0045;REN-C02-A0029;REN-C03-A0012		c01	R3.0 구 위치–신 위치 대응	 / 	> 　이 헌법을 사실상 폐지하거나, 제1장(권리장전)과 제2장(연방총칙)이 예정한 국체를 전면적으로 변형하는 개정은 허용되지 아니한다. 국체 보존과 개헌 한계에 관한 원칙은 제14장에서 재확인한다.
XR-00022	266	463	463	0	SRC-C00-L00261	REN-C00-A0021	총강 제6절 제21조	제2장(연방총칙)	[[05_원범위_보존_참조표#^scope-c02|제2장·제3장·제8장·제9장·제12장·제19장·제21장 중 연방총칙 대응규정]]	[[05_원범위_보존_참조표#^scope-c02|제2장·제3장·제8장·제9장·제12장·제19장·제21장 중 연방총칙 대응규정]]	치환	scope	REN-C02-A0001;REN-C02-A0002;REN-C02-A0003;REN-C02-A0004;REN-C02-A0005;REN-C02-A0006;REN-C02-A0007;REN-C02-A0008;REN-C02-A0009;REN-C02-A0010;REN-C02-A0011;REN-C02-A0012;REN-C02-A0013;REN-C02-A0014;REN-C02-A0015;REN-C02-A0016;REN-C02-A0017;REN-C02-A0018;REN-C02-A0019;REN-C02-A0020;REN-C02-A0021;REN-C02-A0022;REN-C02-A0023;REN-C02-A0024;REN-C02-A0025;REN-C02-A0026;REN-C02-A0027;REN-C02-A0030;REN-C02-A0031;REN-C02-A0032;REN-C02-A0033;REN-C02-A0034;REN-C02-A0035;REN-C02-A0036;REN-C03-A0004;REN-C03-A0005;REN-C03-A0006;REN-C03-A0007;REN-C03-A0008;REN-C03-A0009;REN-C03-A0010;REN-C03-A0011;REN-C03-A0013;REN-C03-A0014;REN-C08-A0005;REN-C09-A0001;REN-C09-A0003;REN-C09-A0019;REN-C12-A0009;REN-C19-A0003;REN-C21-A0009		c02	R3.0 구 위치–신 위치 대응	 / 	> 　이 헌법을 사실상 폐지하거나, 제1장(권리장전)과 제2장(연방총칙)이 예정한 국체를 전면적으로 변형하는 개정은 허용되지 아니한다. 국체 보존과 개헌 한계에 관한 원칙은 제14장에서 재확인한다.
XR-00023	266	463	463	0	SRC-C00-L00261	REN-C00-A0021	총강 제6절 제21조	제14장	[[05_원범위_보존_참조표#^scope-c14|제17장·제21장 중 개헌 대응규정]]	[[05_원범위_보존_참조표#^scope-c14|제17장·제21장 중 개헌 대응규정]]	치환	scope	REN-C17-A0001;REN-C17-A0002;REN-C17-A0003;REN-C17-A0004;REN-C17-A0005;REN-C17-A0008;REN-C17-A0009;REN-C17-A0010;REN-C17-A0011;REN-C17-A0012;REN-C17-A0013;REN-C17-A0014;REN-C17-A0015;REN-C17-A0016;REN-C17-A0017;REN-C17-A0018;REN-C17-A0019;REN-C17-A0020;REN-C17-A0021;REN-C17-A0022;REN-C17-A0023;REN-C17-A0024;REN-C21-A0008;REN-C21-A0011;REN-C21-A0012		c14	R3.0 구 위치–신 위치 대응	 / 	> 　이 헌법을 사실상 폐지하거나, 제1장(권리장전)과 제2장(연방총칙)이 예정한 국체를 전면적으로 변형하는 개정은 허용되지 아니한다. 국체 보존과 개헌 한계에 관한 원칙은 제14장에서 재확인한다.
XR-00024	268	16992	16992	0	SRC-C00-L00261	REN-C17-A0025	제17장 제7절 제25조	이 조	총강 제21조 및 제17장 제25조	총강 제21조 및 제17장 제25조	치환	article	REN-C00-A0021;REN-C17-A0025			R3.0 구 위치–신 위치 대응	 / 	> 　이 조에서 정한 절차를 따르지 아니한 모든 연방 헌법에 대한 현상 변경 시도는 내란에 준하는 범죄로 취급하며, 그 심판은 연방 법률 및 연방 황제령에서 정하는 바에 따른다.
XR-00025	275	477	477	0	SRC-C00-L00272	REN-C00-A0022	총강 제6절 제22조	제2장 제5조	제2장 제6조	제2장 제6조	치환	article	REN-C02-A0006			R3.0 구 위치–신 위치 대응	 / 	> 　연방 황실은 제2장 제5조에서 정한 최고 권력기관 중 헌정상 원수 기관이며, 그 수장은 연방 황제이다. 연방 황실과 연방 황제의 지위·권한·책임 및 황위 승계·섭정에 관한 사항은 제3장과 이에 근거한 연방 법률·황제령이 정한다.
XR-00026	275	477	477	0	SRC-C00-L00272	REN-C00-A0022	총강 제6절 제22조	제3장	[[05_원범위_보존_참조표#^scope-c03|제4장·제14장·제20장 중 황실·황권승계 대응규정]]	[[05_원범위_보존_참조표#^scope-c03|제4장·제14장·제20장 중 황실·황권승계 대응규정]]	치환	scope	REN-C04-A0001;REN-C04-A0002;REN-C04-A0003;REN-C04-A0004;REN-C04-A0005;REN-C04-A0008;REN-C04-A0009;REN-C04-A0011;REN-C04-A0012;REN-C04-A0013;REN-C04-A0014;REN-C04-A0015;REN-C04-A0016;REN-C04-A0017;REN-C04-A0018;REN-C04-A0019;REN-C04-A0020;REN-C04-A0021;REN-C04-A0022;REN-C04-A0023;REN-C04-A0024;REN-C04-A0025;REN-C04-A0026;REN-C04-A0027;REN-C04-A0028;REN-C14-A0005;REN-C14-A0009;REN-C14-A0012;REN-C14-A0015;REN-C14-A0016;REN-C14-A0025;REN-C14-A0035;REN-C14-A0044;REN-C20-A0034		c03	R3.0 구 위치–신 위치 대응	 / 	> 　연방 황실은 제2장 제5조에서 정한 최고 권력기관 중 헌정상 원수 기관이며, 그 수장은 연방 황제이다. 연방 황실과 연방 황제의 지위·권한·책임 및 황위 승계·섭정에 관한 사항은 제3장과 이에 근거한 연방 법률·황제령이 정한다.
XR-00027	288	131	131	0	SRC-C00-L00285	REN-C00-A0003	총강 제2절 제3조	[[엘리시움 연방 헌법#제1장 전 인류와 연방 신민의 자유와 권리 장전|제1장(권리 장전)]]	[[05_원범위_보존_참조표#^scope-c01|제1장·제2장·제3장 중 권리장전 대응규정]]	[[05_원범위_보존_참조표#^scope-c01|제1장·제2장·제3장 중 권리장전 대응규정]]	치환	scope	REN-C01-A0001;REN-C01-A0002;REN-C01-A0003;REN-C01-A0004;REN-C01-A0005;REN-C01-A0006;REN-C01-A0007;REN-C01-A0008;REN-C01-A0009;REN-C01-A0010;REN-C01-A0011;REN-C01-A0012;REN-C01-A0013;REN-C01-A0014;REN-C01-A0015;REN-C01-A0016;REN-C01-A0017;REN-C01-A0018;REN-C01-A0019;REN-C01-A0020;REN-C01-A0021;REN-C01-A0022;REN-C01-A0023;REN-C01-A0024;REN-C01-A0025;REN-C01-A0026;REN-C01-A0027;REN-C01-A0028;REN-C01-A0029;REN-C01-A0030;REN-C01-A0031;REN-C01-A0032;REN-C01-A0033;REN-C01-A0034;REN-C01-A0035;REN-C01-A0036;REN-C01-A0037;REN-C01-A0038;REN-C01-A0039;REN-C01-A0040;REN-C01-A0041;REN-C01-A0042;REN-C01-A0043;REN-C01-A0044;REN-C01-A0045;REN-C02-A0029;REN-C03-A0012		c01	R3.0 구 위치–신 위치 대응	 / 	> 　대전이 이후 각성한 신인류와 능력자는 전 인류의 일부로서, 이 헌법이 보장하는 존엄과 자유 및 권리의 주체가 된다. 신인류·능력자의 힘과 그에 기반한 과학·마학·기술은 연방과 전 인류의 안전과 번영을 위한 공적 자산이되, 그 보유·행사·감독에 관한 기본 원칙은 [[엘리시움 연방 헌법#제1장 전 인류와 연방 신민의 자유와 권리 장전|제1장(권리 장전)]]과 제15장(정보), 제17장(능력자 감독)에 따른다. 연방은 능력자의 발견·등록·교육·보호를 위한 제도를 마련하고, 그 책임 있는 사용과 개인정보·데이터 보호 및 신체적·정신적 안전 사이의 균형을 유지할 의무를 진다.
XR-00028	288	131	131	0	SRC-C00-L00285	REN-C00-A0003	총강 제2절 제3조	제15장(정보)	[[05_원범위_보존_참조표#^scope-c15|제2장·제18장·제21장 중 정보 대응규정]]	[[05_원범위_보존_참조표#^scope-c15|제2장·제18장·제21장 중 정보 대응규정]]	치환	scope	REN-C02-A0028;REN-C18-A0001;REN-C18-A0002;REN-C18-A0003;REN-C18-A0004;REN-C18-A0005;REN-C18-A0006;REN-C18-A0007;REN-C18-A0008;REN-C18-A0009;REN-C18-A0010;REN-C18-A0011;REN-C18-A0012;REN-C18-A0013;REN-C18-A0014;REN-C18-A0015;REN-C18-A0016;REN-C18-A0017;REN-C18-A0018;REN-C18-A0019;REN-C18-A0020;REN-C18-A0021;REN-C18-A0022;REN-C18-A0023;REN-C18-A0024;REN-C18-A0025;REN-C18-A0026;REN-C18-A0027;REN-C18-A0030;REN-C18-A0031;REN-C18-A0032;REN-C18-A0033;REN-C18-A0034;REN-C18-A0035;REN-C18-A0036;REN-C18-A0037;REN-C18-A0038;REN-C18-A0039;REN-C18-A0040;REN-C18-A0041;REN-C18-A0042;REN-C18-A0043;REN-C18-A0044;REN-C18-A0045;REN-C18-A0046;REN-C18-A0047;REN-C18-A0048;REN-C18-A0049;REN-C18-A0050;REN-C18-A0051;REN-C18-A0052;REN-C18-A0053;REN-C18-A0054;REN-C18-A0055;REN-C21-A0002		c15	R3.0 구 위치–신 위치 대응	 / 	> 　대전이 이후 각성한 신인류와 능력자는 전 인류의 일부로서, 이 헌법이 보장하는 존엄과 자유 및 권리의 주체가 된다. 신인류·능력자의 힘과 그에 기반한 과학·마학·기술은 연방과 전 인류의 안전과 번영을 위한 공적 자산이되, 그 보유·행사·감독에 관한 기본 원칙은 [[엘리시움 연방 헌법#제1장 전 인류와 연방 신민의 자유와 권리 장전|제1장(권리 장전)]]과 제15장(정보), 제17장(능력자 감독)에 따른다. 연방은 능력자의 발견·등록·교육·보호를 위한 제도를 마련하고, 그 책임 있는 사용과 개인정보·데이터 보호 및 신체적·정신적 안전 사이의 균형을 유지할 의무를 진다.
XR-00029	288	131	131	0	SRC-C00-L00285	REN-C00-A0003	총강 제2절 제3조	제17장(능력자 감독)	[[05_원범위_보존_참조표#^scope-c17|제14장·제20장·제21장 중 능력자감독 대응규정]]	[[05_원범위_보존_참조표#^scope-c17|제14장·제20장·제21장 중 능력자감독 대응규정]]	치환	scope	REN-C14-A0033;REN-C14-A0034;REN-C20-A0001;REN-C20-A0002;REN-C20-A0003;REN-C20-A0004;REN-C20-A0005;REN-C20-A0006;REN-C20-A0007;REN-C20-A0008;REN-C20-A0009;REN-C20-A0010;REN-C20-A0011;REN-C20-A0012;REN-C20-A0013;REN-C20-A0014;REN-C20-A0015;REN-C20-A0016;REN-C20-A0017;REN-C20-A0018;REN-C20-A0019;REN-C20-A0020;REN-C20-A0021;REN-C20-A0022;REN-C20-A0023;REN-C20-A0024;REN-C20-A0025;REN-C20-A0026;REN-C20-A0027;REN-C20-A0028;REN-C20-A0029;REN-C20-A0030;REN-C20-A0031;REN-C20-A0032;REN-C20-A0033;REN-C20-A0035;REN-C20-A0036;REN-C20-A0037;REN-C20-A0038;REN-C20-A0039;REN-C20-A0040;REN-C20-A0041;REN-C20-A0042;REN-C20-A0043;REN-C20-A0044;REN-C20-A0045;REN-C20-A0046;REN-C20-A0047;REN-C20-A0048;REN-C20-A0049;REN-C20-A0050;REN-C20-A0051;REN-C20-A0052;REN-C20-A0053;REN-C20-A0054;REN-C20-A0055;REN-C20-A0056;REN-C20-A0057;REN-C20-A0058;REN-C20-A0059;REN-C20-A0060;REN-C20-A0061;REN-C20-A0062;REN-C20-A0063;REN-C20-A0064;REN-C20-A0065;REN-C20-A0066;REN-C20-A0067;REN-C20-A0068;REN-C21-S06;REN-C21-S12		c17	R3.0 구 위치–신 위치 대응	 / 	> 　대전이 이후 각성한 신인류와 능력자는 전 인류의 일부로서, 이 헌법이 보장하는 존엄과 자유 및 권리의 주체가 된다. 신인류·능력자의 힘과 그에 기반한 과학·마학·기술은 연방과 전 인류의 안전과 번영을 위한 공적 자산이되, 그 보유·행사·감독에 관한 기본 원칙은 [[엘리시움 연방 헌법#제1장 전 인류와 연방 신민의 자유와 권리 장전|제1장(권리 장전)]]과 제15장(정보), 제17장(능력자 감독)에 따른다. 연방은 능력자의 발견·등록·교육·보호를 위한 제도를 마련하고, 그 책임 있는 사용과 개인정보·데이터 보호 및 신체적·정신적 안전 사이의 균형을 유지할 의무를 진다.
XR-00030	300	503	503	1	SRC-C01-L00298	REN-C01-A0001	제1장 제1절 제1조	본 장	[[05_원범위_보존_참조표#^scope-c01|제1장·제2장·제3장 중 권리장전 대응규정]]	[[05_원범위_보존_참조표#^scope-c01|제1장·제2장·제3장 중 권리장전 대응규정]]	치환	scope	REN-C01-A0001;REN-C01-A0002;REN-C01-A0003;REN-C01-A0004;REN-C01-A0005;REN-C01-A0006;REN-C01-A0007;REN-C01-A0008;REN-C01-A0009;REN-C01-A0010;REN-C01-A0011;REN-C01-A0012;REN-C01-A0013;REN-C01-A0014;REN-C01-A0015;REN-C01-A0016;REN-C01-A0017;REN-C01-A0018;REN-C01-A0019;REN-C01-A0020;REN-C01-A0021;REN-C01-A0022;REN-C01-A0023;REN-C01-A0024;REN-C01-A0025;REN-C01-A0026;REN-C01-A0027;REN-C01-A0028;REN-C01-A0029;REN-C01-A0030;REN-C01-A0031;REN-C01-A0032;REN-C01-A0033;REN-C01-A0034;REN-C01-A0035;REN-C01-A0036;REN-C01-A0037;REN-C01-A0038;REN-C01-A0039;REN-C01-A0040;REN-C01-A0041;REN-C01-A0042;REN-C01-A0043;REN-C01-A0044;REN-C01-A0045;REN-C02-A0029;REN-C03-A0012		c01	R3.0 구 위치–신 위치 대응	 / 	연방은 전 인류와 연방 신민의 존엄을 확인하며, 자유와 권리를 보장한다. 본 장에서 선언한 자유와 권리는 연방 내 모든 공권력을 구속한다.
XR-00031	303	506	506	1	SRC-C01-L00298	REN-C01-A0001	제1장 제1절 제1조	제1장(권리장전)	[[05_원범위_보존_참조표#^scope-c01|제1장·제2장·제3장 중 권리장전 대응규정]]	[[05_원범위_보존_참조표#^scope-c01|제1장·제2장·제3장 중 권리장전 대응규정]]	치환	scope	REN-C01-A0001;REN-C01-A0002;REN-C01-A0003;REN-C01-A0004;REN-C01-A0005;REN-C01-A0006;REN-C01-A0007;REN-C01-A0008;REN-C01-A0009;REN-C01-A0010;REN-C01-A0011;REN-C01-A0012;REN-C01-A0013;REN-C01-A0014;REN-C01-A0015;REN-C01-A0016;REN-C01-A0017;REN-C01-A0018;REN-C01-A0019;REN-C01-A0020;REN-C01-A0021;REN-C01-A0022;REN-C01-A0023;REN-C01-A0024;REN-C01-A0025;REN-C01-A0026;REN-C01-A0027;REN-C01-A0028;REN-C01-A0029;REN-C01-A0030;REN-C01-A0031;REN-C01-A0032;REN-C01-A0033;REN-C01-A0034;REN-C01-A0035;REN-C01-A0036;REN-C01-A0037;REN-C01-A0038;REN-C01-A0039;REN-C01-A0040;REN-C01-A0041;REN-C01-A0042;REN-C01-A0043;REN-C01-A0044;REN-C01-A0045;REN-C02-A0029;REN-C03-A0012		c01	R3.0 구 위치–신 위치 대응	 / 	본 제2연방 헌법의 해석·적용에 있어, 본 제1장(권리장전)은 최상위 기준이 된다. 관련 절차와 형식은 연방 법률·황제령으로 정한다.
XR-00032	318	541	541	1	SRC-C01-L00316	REN-C01-A0003	제1장 제1절 제3조	본 장	[[05_원범위_보존_참조표#^scope-c01|제1장·제2장·제3장 중 권리장전 대응규정]]	[[05_원범위_보존_참조표#^scope-c01|제1장·제2장·제3장 중 권리장전 대응규정]]	치환	scope	REN-C01-A0001;REN-C01-A0002;REN-C01-A0003;REN-C01-A0004;REN-C01-A0005;REN-C01-A0006;REN-C01-A0007;REN-C01-A0008;REN-C01-A0009;REN-C01-A0010;REN-C01-A0011;REN-C01-A0012;REN-C01-A0013;REN-C01-A0014;REN-C01-A0015;REN-C01-A0016;REN-C01-A0017;REN-C01-A0018;REN-C01-A0019;REN-C01-A0020;REN-C01-A0021;REN-C01-A0022;REN-C01-A0023;REN-C01-A0024;REN-C01-A0025;REN-C01-A0026;REN-C01-A0027;REN-C01-A0028;REN-C01-A0029;REN-C01-A0030;REN-C01-A0031;REN-C01-A0032;REN-C01-A0033;REN-C01-A0034;REN-C01-A0035;REN-C01-A0036;REN-C01-A0037;REN-C01-A0038;REN-C01-A0039;REN-C01-A0040;REN-C01-A0041;REN-C01-A0042;REN-C01-A0043;REN-C01-A0044;REN-C01-A0045;REN-C02-A0029;REN-C03-A0012		c01	R3.0 구 위치–신 위치 대응	 / 	본 장, 권리장전의 해석·적용은 연방 헌법원이 전속하여 관할하며, 그 결과는 정해진 절차에 따라 재가·공포한다.
XR-00033	322	555	555	1	SRC-C01-L00320	REN-C01-A0004	제1장 제1절 제4조	본 장	[[05_원범위_보존_참조표#^scope-c01|제1장·제2장·제3장 중 권리장전 대응규정]]	[[05_원범위_보존_참조표#^scope-c01|제1장·제2장·제3장 중 권리장전 대응규정]]	치환	scope	REN-C01-A0001;REN-C01-A0002;REN-C01-A0003;REN-C01-A0004;REN-C01-A0005;REN-C01-A0006;REN-C01-A0007;REN-C01-A0008;REN-C01-A0009;REN-C01-A0010;REN-C01-A0011;REN-C01-A0012;REN-C01-A0013;REN-C01-A0014;REN-C01-A0015;REN-C01-A0016;REN-C01-A0017;REN-C01-A0018;REN-C01-A0019;REN-C01-A0020;REN-C01-A0021;REN-C01-A0022;REN-C01-A0023;REN-C01-A0024;REN-C01-A0025;REN-C01-A0026;REN-C01-A0027;REN-C01-A0028;REN-C01-A0029;REN-C01-A0030;REN-C01-A0031;REN-C01-A0032;REN-C01-A0033;REN-C01-A0034;REN-C01-A0035;REN-C01-A0036;REN-C01-A0037;REN-C01-A0038;REN-C01-A0039;REN-C01-A0040;REN-C01-A0041;REN-C01-A0042;REN-C01-A0043;REN-C01-A0044;REN-C01-A0045;REN-C02-A0029;REN-C03-A0012		c01	R3.0 구 위치–신 위치 대응	 / 	본 장에 열거되지 아니한 자유와 권리도 권리장전에 의하여 보호된다.
XR-00034	325	558	558	1	SRC-C01-L00320	REN-C01-A0004	제1장 제1절 제4조	본 조	제1장 제4조	제1장 제4조	치환	article	REN-C01-A0004			R3.0 구 위치–신 위치 대응	 / 	본 조의 해석은 제2조(권리제한의 일반 원칙)와 제5조(국가 비상사태와 권리의 제한)의 원칙에 합치되도록 한다.
XR-00035	325	558	558	1	SRC-C01-L00320	REN-C01-A0004	제1장 제1절 제4조	제2조(권리제한의 일반 원칙)	제1장 제2조(권리제한의 일반 원칙)	제1장 제2조(권리제한의 일반 원칙)	치환	article	REN-C01-A0002			R3.0 구 위치–신 위치 대응	 / 	본 조의 해석은 제2조(권리제한의 일반 원칙)와 제5조(국가 비상사태와 권리의 제한)의 원칙에 합치되도록 한다.
XR-00036	325	558	558	1	SRC-C01-L00320	REN-C01-A0004	제1장 제1절 제4조	제5조(국가 비상사태와 권리의 제한)	제1장 제5조(국가 비상사태와 권리의 제한)	제1장 제5조(국가 비상사태와 권리의 제한)[^r4-xr-00036]	원문 대조 보정 후 치환	article	REN-C01-A0005			R3.0 구 위치–신 위치 대응	 / 원문 조 번호·표제 불일치: '국가 비상사태와 권리의 제한'의 유일한 원문 표제로 대상을 식별	본 조의 해석은 제2조(권리제한의 일반 원칙)와 제5조(국가 비상사태와 권리의 제한)의 원칙에 합치되도록 한다.
XR-00037	587	1109	1109	1	SRC-C01-L00576	REN-C01-A0033	제1장 제6절 제33조	제6장(사법)	[[05_원범위_보존_참조표#^scope-c06|제7장·제13장·제14장·제17장·제21장 중 사법 대응규정]]	[[05_원범위_보존_참조표#^scope-c06|제7장·제13장·제14장·제17장·제21장 중 사법 대응규정]]	치환	scope	REN-C07-A0001;REN-C07-A0002;REN-C07-A0003;REN-C07-A0004;REN-C07-A0005;REN-C07-A0006;REN-C07-A0007;REN-C07-A0008;REN-C07-A0009;REN-C07-A0010;REN-C07-A0011;REN-C07-A0012;REN-C07-A0013;REN-C07-A0014;REN-C07-A0015;REN-C07-A0016;REN-C07-A0017;REN-C07-A0018;REN-C07-A0019;REN-C07-A0020;REN-C07-A0021;REN-C07-A0022;REN-C07-A0023;REN-C07-A0024;REN-C07-A0025;REN-C07-A0026;REN-C07-A0027;REN-C07-A0028;REN-C07-A0029;REN-C07-A0030;REN-C07-A0031;REN-C07-A0032;REN-C07-A0033;REN-C07-A0034;REN-C07-A0035;REN-C07-A0036;REN-C07-A0037;REN-C07-A0038;REN-C07-A0039;REN-C07-A0040;REN-C07-A0041;REN-C07-A0042;REN-C07-A0043;REN-C07-A0044;REN-C07-A0045;REN-C07-A0046;REN-C07-A0047;REN-C07-A0048;REN-C07-A0049;REN-C07-A0050;REN-C07-A0051;REN-C07-A0052;REN-C07-A0053;REN-C07-A0054;REN-C07-A0055;REN-C07-A0056;REN-C07-A0057;REN-C07-A0058;REN-C13-A0023;REN-C14-A0019;REN-C17-A0006;REN-C17-A0007;REN-C21-S01		c06	R3.0 구 위치–신 위치 대응	 / 	평시 일반 신민의 군사법원 회부는 연방 법률·황제령이 정하는 예외적 경우에 한한다. 위헌심사·최종심 체계는 제6장(사법)에 따른다.
XR-00038	596	1128	1128	1	SRC-C01-L00591	REN-C01-A0034	제1장 제6절 제34조	전항	제1장 제34조 제1항	제1장 제34조 제1항	치환	subordinate	REN-C01-A0034	SRC-C01-L00591-N001--REN-C01-A0034		R3.0 구 위치–신 위치 대응	 / 	다만, 전항의 금지에 대한 보장은 연방 신민 및 인류종에 한한다.
XR-00039	619	1181	1181	1	SRC-C01-L00614	REN-C01-A0037	제1장 제7절 제37조	전항	제1장 제37조 제1항	제1장 제37조 제1항	치환	subordinate	REN-C01-A0037	SRC-C01-L00614-N001--REN-C01-A0037		R3.0 구 위치–신 위치 대응	 / 	전항의 규정 조건은 인류종이 사용하는 언어와 문자에 한한다.
XR-00040	681	1297	1297	1	SRC-C01-L00676	REN-C01-A0043	제1장 제8절 제43조	제13장`(선거)`	[[05_원범위_보존_참조표#^scope-c13|제6장·제14장·제16장 중 선거 대응규정]]	[[05_원범위_보존_참조표#^scope-c13|제6장·제14장·제16장 중 선거 대응규정]]	치환	scope	REN-C06-A0009;REN-C06-A0010;REN-C06-A0011;REN-C06-A0027;REN-C14-A0031;REN-C16-A0001;REN-C16-A0002;REN-C16-A0003;REN-C16-A0004;REN-C16-A0005;REN-C16-A0006;REN-C16-A0007;REN-C16-A0008;REN-C16-A0009;REN-C16-A0010;REN-C16-A0011;REN-C16-A0012;REN-C16-A0013;REN-C16-A0014;REN-C16-A0015;REN-C16-A0016;REN-C16-A0017;REN-C16-A0018;REN-C16-A0019;REN-C16-A0020;REN-C16-A0021;REN-C16-A0022;REN-C16-A0023;REN-C16-A0024;REN-C16-A0025;REN-C16-A0026;REN-C16-A0027;REN-C16-A0028;REN-C16-A0029;REN-C16-A0030;REN-C16-A0031;REN-C16-A0032;REN-C16-A0033;REN-C16-A0034;REN-C16-A0035;REN-C16-A0036;REN-C16-A0037;REN-C16-A0038;REN-C16-A0039;REN-C16-A0040;REN-C16-A0041;REN-C16-A0042;REN-C16-A0043;REN-C16-A0044;REN-C16-A0045;REN-C16-A0046;REN-C16-A0047;REN-C16-A0048;REN-C16-A0049;REN-C16-A0050;REN-C16-A0051;REN-C16-A0052;REN-C16-A0053;REN-C16-A0054;REN-C16-A0055;REN-C16-A0056;REN-C16-A0057;REN-C16-A0058;REN-C16-A0059;REN-C16-A0060;REN-C16-A0061;REN-C16-A0062;REN-C16-A0063;REN-C16-A0064;REN-C16-A0065;REN-C16-A0066;REN-C16-A0067;REN-C16-A0068;REN-C16-A0069;REN-C16-A0070;REN-C16-A0071;REN-C16-A0072;REN-C16-A0073;REN-C16-A0074;REN-C16-A0075;REN-C16-A0076;REN-C16-A0077;REN-C16-A0078;REN-C16-A0079;REN-C16-A0080;REN-C16-A0081;REN-C16-A0082		c13	R3.0 구 위치–신 위치 대응	 / 	연방의 선거는 보통·평등·직접·비밀·자유선거의 원칙을 지향하되, 그 구체적인 범위와 행사 요건은 본 연방 헌법의 제13장`(선거)` 및 연방 법률·황제령으로 정한다.
XR-00041	708	1354	1354	2	SRC-C02-L00706	REN-C02-A0001	제2장 제1절 제1조	제1장(권리장전)	[[05_원범위_보존_참조표#^scope-c01|제1장·제2장·제3장 중 권리장전 대응규정]]	[[05_원범위_보존_참조표#^scope-c01|제1장·제2장·제3장 중 권리장전 대응규정]]	치환	scope	REN-C01-A0001;REN-C01-A0002;REN-C01-A0003;REN-C01-A0004;REN-C01-A0005;REN-C01-A0006;REN-C01-A0007;REN-C01-A0008;REN-C01-A0009;REN-C01-A0010;REN-C01-A0011;REN-C01-A0012;REN-C01-A0013;REN-C01-A0014;REN-C01-A0015;REN-C01-A0016;REN-C01-A0017;REN-C01-A0018;REN-C01-A0019;REN-C01-A0020;REN-C01-A0021;REN-C01-A0022;REN-C01-A0023;REN-C01-A0024;REN-C01-A0025;REN-C01-A0026;REN-C01-A0027;REN-C01-A0028;REN-C01-A0029;REN-C01-A0030;REN-C01-A0031;REN-C01-A0032;REN-C01-A0033;REN-C01-A0034;REN-C01-A0035;REN-C01-A0036;REN-C01-A0037;REN-C01-A0038;REN-C01-A0039;REN-C01-A0040;REN-C01-A0041;REN-C01-A0042;REN-C01-A0043;REN-C01-A0044;REN-C01-A0045;REN-C02-A0029;REN-C03-A0012		c01	R3.0 구 위치–신 위치 대응	 / 	연방은 연방 헌법의 제1장(권리장전)을 최상위 해석 기준으로 하여, 권력의 분립·견제·균형, 법치·책임 행정을 통치 원리로 삼는다.
XR-00042	723	1498	1498	2	SRC-C02-L00715	REN-C02-A0008	제2장 제3절 제8조	제1장(권리장전)	[[05_원범위_보존_참조표#^scope-c01|제1장·제2장·제3장 중 권리장전 대응규정]]	[[05_원범위_보존_참조표#^scope-c01|제1장·제2장·제3장 중 권리장전 대응규정]]	치환	scope	REN-C01-A0001;REN-C01-A0002;REN-C01-A0003;REN-C01-A0004;REN-C01-A0005;REN-C01-A0006;REN-C01-A0007;REN-C01-A0008;REN-C01-A0009;REN-C01-A0010;REN-C01-A0011;REN-C01-A0012;REN-C01-A0013;REN-C01-A0014;REN-C01-A0015;REN-C01-A0016;REN-C01-A0017;REN-C01-A0018;REN-C01-A0019;REN-C01-A0020;REN-C01-A0021;REN-C01-A0022;REN-C01-A0023;REN-C01-A0024;REN-C01-A0025;REN-C01-A0026;REN-C01-A0027;REN-C01-A0028;REN-C01-A0029;REN-C01-A0030;REN-C01-A0031;REN-C01-A0032;REN-C01-A0033;REN-C01-A0034;REN-C01-A0035;REN-C01-A0036;REN-C01-A0037;REN-C01-A0038;REN-C01-A0039;REN-C01-A0040;REN-C01-A0041;REN-C01-A0042;REN-C01-A0043;REN-C01-A0044;REN-C01-A0045;REN-C02-A0029;REN-C03-A0012		c01	R3.0 구 위치–신 위치 대응	 / 	위임 규범은 제1장(권리장전)의 본질적 내용을 침해할 수 없고, 위임의 목적 범위를 초과할 수 없다.
XR-00043	772	1437	1437	2	SRC-C02-L00770	REN-C02-A0006	제2장 제2절 제6조	각 호	각 호	각 호	일반표현 유지	unchanged-generic				번호 없는 일반 열거표현 유지	 / 	연방의 최고 권력기관은 다음 각 호의 중심 5축과 보완 3축, 그리고 헌정상 원수 기관으로 구성한다.
XR-00044	814	1621	1621	2	SRC-C02-L00812	REN-C02-A0015	제2장 제4절 제15조	각 장	각 장	각 장	일반표현 유지	unchanged-generic				특정 번호를 지시하지 않는 기관별 규정·바로 이어지는 열거 지시를 유지	 / 	기관장의 사고·공석 시 직무대행·승계는 각 장의 규정에 따르되, 공백 최소화·권력남용 방지·기록의무 원칙을 따른다.
XR-00045	852	1753	1753	2	SRC-C02-L00847	REN-C02-A0021	제2장 제6절 제21조	제1장(권리장전)	[[05_원범위_보존_참조표#^scope-c01|제1장·제2장·제3장 중 권리장전 대응규정]]	[[05_원범위_보존_참조표#^scope-c01|제1장·제2장·제3장 중 권리장전 대응규정]]	치환	scope	REN-C01-A0001;REN-C01-A0002;REN-C01-A0003;REN-C01-A0004;REN-C01-A0005;REN-C01-A0006;REN-C01-A0007;REN-C01-A0008;REN-C01-A0009;REN-C01-A0010;REN-C01-A0011;REN-C01-A0012;REN-C01-A0013;REN-C01-A0014;REN-C01-A0015;REN-C01-A0016;REN-C01-A0017;REN-C01-A0018;REN-C01-A0019;REN-C01-A0020;REN-C01-A0021;REN-C01-A0022;REN-C01-A0023;REN-C01-A0024;REN-C01-A0025;REN-C01-A0026;REN-C01-A0027;REN-C01-A0028;REN-C01-A0029;REN-C01-A0030;REN-C01-A0031;REN-C01-A0032;REN-C01-A0033;REN-C01-A0034;REN-C01-A0035;REN-C01-A0036;REN-C01-A0037;REN-C01-A0038;REN-C01-A0039;REN-C01-A0040;REN-C01-A0041;REN-C01-A0042;REN-C01-A0043;REN-C01-A0044;REN-C01-A0045;REN-C02-A0029;REN-C03-A0012		c01	R3.0 구 위치–신 위치 대응	 / 	비공개·기밀 지정은 제1장(권리장전)과 제11장(방위)·제15장(정보)의 제한·통제에 따른다.
XR-00046	852	1753	1753	2	SRC-C02-L00847	REN-C02-A0021	제2장 제6절 제21조	제11장(방위)	[[05_원범위_보존_참조표#^scope-c11|제3장·제9장·제12장·제13장·제14장·제15장·제18장·제21장 중 국가방위·비상사태 대응규정]]	[[05_원범위_보존_참조표#^scope-c11|제3장·제9장·제12장·제13장·제14장·제15장·제18장·제21장 중 국가방위·비상사태 대응규정]]	치환	scope	REN-C03-A0001;REN-C03-A0002;REN-C03-A0003;REN-C09-A0021;REN-C12-A0021;REN-C12-A0033;REN-C13-A0001;REN-C13-A0002;REN-C13-A0003;REN-C13-A0004;REN-C13-A0005;REN-C13-A0006;REN-C13-A0007;REN-C13-A0008;REN-C13-A0009;REN-C13-A0010;REN-C13-A0011;REN-C13-A0012;REN-C13-A0013;REN-C13-A0014;REN-C13-A0015;REN-C13-A0017;REN-C13-A0018;REN-C13-A0019;REN-C13-A0020;REN-C13-A0021;REN-C13-A0022;REN-C13-A0024;REN-C13-A0025;REN-C13-A0026;REN-C13-A0027;REN-C14-A0001;REN-C14-A0002;REN-C14-A0003;REN-C14-A0004;REN-C14-A0006;REN-C14-A0007;REN-C14-A0008;REN-C14-A0010;REN-C14-A0011;REN-C14-A0013;REN-C14-A0014;REN-C14-A0020;REN-C14-A0021;REN-C14-A0022;REN-C14-A0023;REN-C14-A0024;REN-C14-A0028;REN-C14-A0039;REN-C14-A0040;REN-C14-A0041;REN-C14-A0042;REN-C14-A0043;REN-C15-A0064;REN-C15-A0072;REN-C18-A0028;REN-C18-A0029;REN-C18-A0056;REN-C21-A0010		c11	R3.0 구 위치–신 위치 대응	 / 	비공개·기밀 지정은 제1장(권리장전)과 제11장(방위)·제15장(정보)의 제한·통제에 따른다.
XR-00047	852	1753	1753	2	SRC-C02-L00847	REN-C02-A0021	제2장 제6절 제21조	제15장(정보)	[[05_원범위_보존_참조표#^scope-c15|제2장·제18장·제21장 중 정보 대응규정]]	[[05_원범위_보존_참조표#^scope-c15|제2장·제18장·제21장 중 정보 대응규정]]	치환	scope	REN-C02-A0028;REN-C18-A0001;REN-C18-A0002;REN-C18-A0003;REN-C18-A0004;REN-C18-A0005;REN-C18-A0006;REN-C18-A0007;REN-C18-A0008;REN-C18-A0009;REN-C18-A0010;REN-C18-A0011;REN-C18-A0012;REN-C18-A0013;REN-C18-A0014;REN-C18-A0015;REN-C18-A0016;REN-C18-A0017;REN-C18-A0018;REN-C18-A0019;REN-C18-A0020;REN-C18-A0021;REN-C18-A0022;REN-C18-A0023;REN-C18-A0024;REN-C18-A0025;REN-C18-A0026;REN-C18-A0027;REN-C18-A0030;REN-C18-A0031;REN-C18-A0032;REN-C18-A0033;REN-C18-A0034;REN-C18-A0035;REN-C18-A0036;REN-C18-A0037;REN-C18-A0038;REN-C18-A0039;REN-C18-A0040;REN-C18-A0041;REN-C18-A0042;REN-C18-A0043;REN-C18-A0044;REN-C18-A0045;REN-C18-A0046;REN-C18-A0047;REN-C18-A0048;REN-C18-A0049;REN-C18-A0050;REN-C18-A0051;REN-C18-A0052;REN-C18-A0053;REN-C18-A0054;REN-C18-A0055;REN-C21-A0002		c15	R3.0 구 위치–신 위치 대응	 / 	비공개·기밀 지정은 제1장(권리장전)과 제11장(방위)·제15장(정보)의 제한·통제에 따른다.
XR-00048	855	1756	1756	2	SRC-C02-L00847	REN-C02-A0021	제2장 제6절 제21조	본 조	제2장 제21조	제2장 제21조	치환	article	REN-C02-A0021			R3.0 구 위치–신 위치 대응	 / 	법원 기록(판결·결정·명령 등)의 전자공시·보존에는 본 조의 개방형 표준과 메타데이터 기준을 준용한다.
XR-00049	895	1812	1812	2	SRC-C02-L00893	REN-C02-A0025	제2장 제6절 제25조	본 장	[[05_원범위_보존_참조표#^scope-c02|제2장·제3장·제8장·제9장·제12장·제19장·제21장 중 연방총칙 대응규정]]	[[05_원범위_보존_참조표#^scope-c02|제2장·제3장·제8장·제9장·제12장·제19장·제21장 중 연방총칙 대응규정]]	치환	scope	REN-C02-A0001;REN-C02-A0002;REN-C02-A0003;REN-C02-A0004;REN-C02-A0005;REN-C02-A0006;REN-C02-A0007;REN-C02-A0008;REN-C02-A0009;REN-C02-A0010;REN-C02-A0011;REN-C02-A0012;REN-C02-A0013;REN-C02-A0014;REN-C02-A0015;REN-C02-A0016;REN-C02-A0017;REN-C02-A0018;REN-C02-A0019;REN-C02-A0020;REN-C02-A0021;REN-C02-A0022;REN-C02-A0023;REN-C02-A0024;REN-C02-A0025;REN-C02-A0026;REN-C02-A0027;REN-C02-A0030;REN-C02-A0031;REN-C02-A0032;REN-C02-A0033;REN-C02-A0034;REN-C02-A0035;REN-C02-A0036;REN-C03-A0004;REN-C03-A0005;REN-C03-A0006;REN-C03-A0007;REN-C03-A0008;REN-C03-A0009;REN-C03-A0010;REN-C03-A0011;REN-C03-A0013;REN-C03-A0014;REN-C08-A0005;REN-C09-A0001;REN-C09-A0003;REN-C09-A0019;REN-C12-A0009;REN-C19-A0003;REN-C21-A0009		c02	R3.0 구 위치–신 위치 대응	 / 	국가기밀의 등급 지정·변경·해제는 연방 황제의 재가와 연방 의회의 통제, 연방 법원의 사법적 심사에 의한 간접통제를 받는다. 기밀의 지정·해제 및 사후 공개는 본 장의 전자공표·메타데이터·공시 번들 기준을 따라야 한다.
XR-00050	922	6749	6749	2	SRC-C02-L00914	REN-C09-A0003	제9장 제2절 제3조	본 장	[[05_원범위_보존_참조표#^scope-c02|제2장·제3장·제8장·제9장·제12장·제19장·제21장 중 연방총칙 대응규정]]	[[05_원범위_보존_참조표#^scope-c02|제2장·제3장·제8장·제9장·제12장·제19장·제21장 중 연방총칙 대응규정]]	치환	scope	REN-C02-A0001;REN-C02-A0002;REN-C02-A0003;REN-C02-A0004;REN-C02-A0005;REN-C02-A0006;REN-C02-A0007;REN-C02-A0008;REN-C02-A0009;REN-C02-A0010;REN-C02-A0011;REN-C02-A0012;REN-C02-A0013;REN-C02-A0014;REN-C02-A0015;REN-C02-A0016;REN-C02-A0017;REN-C02-A0018;REN-C02-A0019;REN-C02-A0020;REN-C02-A0021;REN-C02-A0022;REN-C02-A0023;REN-C02-A0024;REN-C02-A0025;REN-C02-A0026;REN-C02-A0027;REN-C02-A0030;REN-C02-A0031;REN-C02-A0032;REN-C02-A0033;REN-C02-A0034;REN-C02-A0035;REN-C02-A0036;REN-C03-A0004;REN-C03-A0005;REN-C03-A0006;REN-C03-A0007;REN-C03-A0008;REN-C03-A0009;REN-C03-A0010;REN-C03-A0011;REN-C03-A0013;REN-C03-A0014;REN-C08-A0005;REN-C09-A0001;REN-C09-A0003;REN-C09-A0019;REN-C12-A0009;REN-C19-A0003;REN-C21-A0009		c02	R3.0 구 위치–신 위치 대응	 / 	조세와 관련한 법규의 제정·개정·폐지는 증거기반 평가, 공개협의, 공시 번들 등 본 장의 투명성 기준을 갖추어야 한다.
XR-00051	963	2008	2008	2	SRC-C02-L00955	REN-C02-A0036	제2장 제8절 제36조	제12장(외교)	[[05_원범위_보존_참조표#^scope-c12|제14장·제15장·제21장 중 외교 대응규정]]	[[05_원범위_보존_참조표#^scope-c12|제14장·제15장·제21장 중 외교 대응규정]]	치환	scope	REN-C14-A0038;REN-C15-A0001;REN-C15-A0002;REN-C15-A0003;REN-C15-A0004;REN-C15-A0005;REN-C15-A0006;REN-C15-A0007;REN-C15-A0008;REN-C15-A0009;REN-C15-A0010;REN-C15-A0011;REN-C15-A0012;REN-C15-A0013;REN-C15-A0014;REN-C15-A0015;REN-C15-A0016;REN-C15-A0017;REN-C15-A0018;REN-C15-A0019;REN-C15-A0020;REN-C15-A0021;REN-C15-A0022;REN-C15-A0023;REN-C15-A0024;REN-C15-A0025;REN-C15-A0026;REN-C15-A0027;REN-C15-A0028;REN-C15-A0029;REN-C15-A0030;REN-C15-A0031;REN-C15-A0032;REN-C15-A0033;REN-C15-A0034;REN-C15-A0035;REN-C15-A0036;REN-C15-A0037;REN-C15-A0038;REN-C15-A0039;REN-C15-A0040;REN-C15-A0041;REN-C15-A0042;REN-C15-A0044;REN-C15-A0045;REN-C15-A0046;REN-C15-A0047;REN-C15-A0048;REN-C15-A0049;REN-C15-A0050;REN-C15-A0051;REN-C15-A0052;REN-C15-A0053;REN-C15-A0054;REN-C15-A0055;REN-C15-A0056;REN-C15-A0057;REN-C15-A0058;REN-C15-A0059;REN-C15-A0060;REN-C15-A0061;REN-C15-A0062;REN-C15-A0063;REN-C15-A0065;REN-C15-A0066;REN-C15-A0067;REN-C15-A0068;REN-C15-A0069;REN-C15-A0070;REN-C15-A0071;REN-C15-A0073;REN-C15-A0074;REN-C15-A0075;REN-C15-A0076;REN-C15-A0077;REN-C15-A0078;REN-C15-A0079;REN-C15-A0080;REN-C15-A0081;REN-C15-A0082;REN-C15-A0083;REN-C15-A0084;REN-C15-A0085;REN-C15-A0086;REN-C15-A0087;REN-C15-A0088;REN-C15-A0089;REN-C15-A0090;REN-C15-A0091;REN-C15-A0092;REN-C21-S10		c12	R3.0 구 위치–신 위치 대응	 / 	외교·조약에 따른 경계 변동은 제12장(외교)를 준용한다.
XR-00052	969	9669	9669	2	SRC-C02-L00967	REN-C12-A0009	제12장 제2절 제9조	제10장(개척)	[[05_원범위_보존_참조표#^scope-c10|제12장·제21장 중 개척 대응규정]]	[[05_원범위_보존_참조표#^scope-c10|제12장·제21장 중 개척 대응규정]]	치환	scope	REN-C12-A0001;REN-C12-A0002;REN-C12-A0003;REN-C12-A0004;REN-C12-A0005;REN-C12-A0006;REN-C12-A0007;REN-C12-A0008;REN-C12-A0011;REN-C12-A0012;REN-C12-A0013;REN-C12-A0014;REN-C12-A0016;REN-C12-A0017;REN-C12-A0018;REN-C12-A0019;REN-C12-A0020;REN-C12-A0022;REN-C12-A0023;REN-C12-A0024;REN-C12-A0025;REN-C12-A0026;REN-C12-A0027;REN-C12-A0028;REN-C12-A0029;REN-C12-A0030;REN-C12-A0031;REN-C12-A0032;REN-C12-A0034;REN-C12-A0035;REN-C12-A0036;REN-C12-A0037;REN-C12-A0038;REN-C12-A0039;REN-C12-A0040;REN-C12-A0041;REN-C12-A0042;REN-C12-A0043;REN-C12-A0044;REN-C12-A0045;REN-C12-A0046;REN-C12-A0047;REN-C12-A0048;REN-C12-A0049;REN-C12-A0050;REN-C12-A0051;REN-C12-A0052;REN-C12-A0053;REN-C12-A0054;REN-C12-A0055;REN-C12-A0056;REN-C12-A0057;REN-C12-A0058;REN-C12-A0059;REN-C12-A0060;REN-C12-A0061;REN-C12-A0062;REN-C12-A0063;REN-C21-S08;REN-C21-S09		c10	R3.0 구 위치–신 위치 대응	 / 	신탁령·개척령의 설치·관리·감사는 제10장(개척) 및 연방 법률·황제령으로 정하며, 권리장전·환경·안전 기준을 준수하여야 한다.
XR-00053	981	2106	2106	2	SRC-C02-L00978	REN-C03-A0004	제3장 제2절 제4조	각 호	각 호	각 호	일반표현 유지	unchanged-generic				번호 없는 일반 열거표현 유지	 / 	연방 내 신분은 다음 각 호로 구분한다.
XR-00054	997	2122	2122	2	SRC-C02-L00978	REN-C03-A0004	제3장 제2절 제4조	[[#제1장 전 인류와 연방 신민의 자유와 권리 장전|제1장 (권리장전)]]	[[05_원범위_보존_참조표#^scope-c01|제1장·제2장·제3장 중 권리장전 대응규정]]	[[05_원범위_보존_참조표#^scope-c01|제1장·제2장·제3장 중 권리장전 대응규정]]	치환	scope	REN-C01-A0001;REN-C01-A0002;REN-C01-A0003;REN-C01-A0004;REN-C01-A0005;REN-C01-A0006;REN-C01-A0007;REN-C01-A0008;REN-C01-A0009;REN-C01-A0010;REN-C01-A0011;REN-C01-A0012;REN-C01-A0013;REN-C01-A0014;REN-C01-A0015;REN-C01-A0016;REN-C01-A0017;REN-C01-A0018;REN-C01-A0019;REN-C01-A0020;REN-C01-A0021;REN-C01-A0022;REN-C01-A0023;REN-C01-A0024;REN-C01-A0025;REN-C01-A0026;REN-C01-A0027;REN-C01-A0028;REN-C01-A0029;REN-C01-A0030;REN-C01-A0031;REN-C01-A0032;REN-C01-A0033;REN-C01-A0034;REN-C01-A0035;REN-C01-A0036;REN-C01-A0037;REN-C01-A0038;REN-C01-A0039;REN-C01-A0040;REN-C01-A0041;REN-C01-A0042;REN-C01-A0043;REN-C01-A0044;REN-C01-A0045;REN-C02-A0029;REN-C03-A0012		c01	R3.0 구 위치–신 위치 대응	 / 	신분에 따른 권리·의무·보호의 범위는 [[#제1장 전 인류와 연방 신민의 자유와 권리 장전|제1장 (권리장전)]]을 기본으로 하여, 연방 법률·황제령으로 정한다.
XR-00055	1006	2163	2163	2	SRC-C02-L01004	REN-C03-A0006	제3장 제3절 제6조	각 호	각 호	각 호	일반표현 유지	unchanged-generic				번호 없는 일반 열거표현 유지	 / 	신민권의 취득은 다음 각 호에 따른다.
XR-00056	1018	2185	2185	2	SRC-C02-L01016	REN-C03-A0007	제3장 제3절 제7조	각 호	각 호	각 호	일반표현 유지	unchanged-generic				번호 없는 일반 열거표현 유지	 / 	신민권의 상실은 다음 각 호에 따른다.
XR-00057	1023	2190	2190	2	SRC-C02-L01016	REN-C03-A0007	제3장 제3절 제7조	[[#제1장 전 인류와 연방 신민의 자유와 권리 장전|제1장 (권리장전)]]	[[05_원범위_보존_참조표#^scope-c01|제1장·제2장·제3장 중 권리장전 대응규정]]	[[05_원범위_보존_참조표#^scope-c01|제1장·제2장·제3장 중 권리장전 대응규정]]	치환	scope	REN-C01-A0001;REN-C01-A0002;REN-C01-A0003;REN-C01-A0004;REN-C01-A0005;REN-C01-A0006;REN-C01-A0007;REN-C01-A0008;REN-C01-A0009;REN-C01-A0010;REN-C01-A0011;REN-C01-A0012;REN-C01-A0013;REN-C01-A0014;REN-C01-A0015;REN-C01-A0016;REN-C01-A0017;REN-C01-A0018;REN-C01-A0019;REN-C01-A0020;REN-C01-A0021;REN-C01-A0022;REN-C01-A0023;REN-C01-A0024;REN-C01-A0025;REN-C01-A0026;REN-C01-A0027;REN-C01-A0028;REN-C01-A0029;REN-C01-A0030;REN-C01-A0031;REN-C01-A0032;REN-C01-A0033;REN-C01-A0034;REN-C01-A0035;REN-C01-A0036;REN-C01-A0037;REN-C01-A0038;REN-C01-A0039;REN-C01-A0040;REN-C01-A0041;REN-C01-A0042;REN-C01-A0043;REN-C01-A0044;REN-C01-A0045;REN-C02-A0029;REN-C03-A0012		c01	R3.0 구 위치–신 위치 대응	 / 	신민권의 정지는 전시·사변 또는 국가비상 시 법률이 정한 절차로 제한할 수 있다. [[#제1장 전 인류와 연방 신민의 자유와 권리 장전|제1장 (권리장전)]]에 따라 핵심권리는 정지할 수 없다.
XR-00058	1091	1683	1683	2	SRC-C02-L01086	REN-C02-A0018	제2장 제5절 제18조	각 호	각 호	각 호	일반표현 유지	unchanged-generic				번호 없는 일반 열거표현 유지	 / 	다음 각 호 중 하나 이상에 해당할 때, 합동재의를 소집할 수 있다.
XR-00059	1152	2359	2359	3	SRC-C03-L01147	REN-C04-A0001	제4장 제1절 제1조	본 장	[[05_원범위_보존_참조표#^scope-c03|제4장·제14장·제20장 중 황실·황권승계 대응규정]]	[[05_원범위_보존_참조표#^scope-c03|제4장·제14장·제20장 중 황실·황권승계 대응규정]]	치환	scope	REN-C04-A0001;REN-C04-A0002;REN-C04-A0003;REN-C04-A0004;REN-C04-A0005;REN-C04-A0008;REN-C04-A0009;REN-C04-A0011;REN-C04-A0012;REN-C04-A0013;REN-C04-A0014;REN-C04-A0015;REN-C04-A0016;REN-C04-A0017;REN-C04-A0018;REN-C04-A0019;REN-C04-A0020;REN-C04-A0021;REN-C04-A0022;REN-C04-A0023;REN-C04-A0024;REN-C04-A0025;REN-C04-A0026;REN-C04-A0027;REN-C04-A0028;REN-C14-A0005;REN-C14-A0009;REN-C14-A0012;REN-C14-A0015;REN-C14-A0016;REN-C14-A0025;REN-C14-A0035;REN-C14-A0044;REN-C20-A0034		c03	R3.0 구 위치–신 위치 대응	 / 	연방 황실의 직제·권한·책임은 본 장과 [[#제2장 연방 통치구조 총칙|제2장 (연방 총칙)]]의 규범·전자공표 조항 및 연방 법률·황제령으로 정한다.
XR-00060	1152	2359	2359	3	SRC-C03-L01147	REN-C04-A0001	제4장 제1절 제1조	[[#제2장 연방 통치구조 총칙|제2장 (연방 총칙)]]	[[05_원범위_보존_참조표#^scope-c02|제2장·제3장·제8장·제9장·제12장·제19장·제21장 중 연방총칙 대응규정]]	[[05_원범위_보존_참조표#^scope-c02|제2장·제3장·제8장·제9장·제12장·제19장·제21장 중 연방총칙 대응규정]]	치환	scope	REN-C02-A0001;REN-C02-A0002;REN-C02-A0003;REN-C02-A0004;REN-C02-A0005;REN-C02-A0006;REN-C02-A0007;REN-C02-A0008;REN-C02-A0009;REN-C02-A0010;REN-C02-A0011;REN-C02-A0012;REN-C02-A0013;REN-C02-A0014;REN-C02-A0015;REN-C02-A0016;REN-C02-A0017;REN-C02-A0018;REN-C02-A0019;REN-C02-A0020;REN-C02-A0021;REN-C02-A0022;REN-C02-A0023;REN-C02-A0024;REN-C02-A0025;REN-C02-A0026;REN-C02-A0027;REN-C02-A0030;REN-C02-A0031;REN-C02-A0032;REN-C02-A0033;REN-C02-A0034;REN-C02-A0035;REN-C02-A0036;REN-C03-A0004;REN-C03-A0005;REN-C03-A0006;REN-C03-A0007;REN-C03-A0008;REN-C03-A0009;REN-C03-A0010;REN-C03-A0011;REN-C03-A0013;REN-C03-A0014;REN-C08-A0005;REN-C09-A0001;REN-C09-A0003;REN-C09-A0019;REN-C12-A0009;REN-C19-A0003;REN-C21-A0009		c02	R3.0 구 위치–신 위치 대응	 / 	연방 황실의 직제·권한·책임은 본 장과 [[#제2장 연방 통치구조 총칙|제2장 (연방 총칙)]]의 규범·전자공표 조항 및 연방 법률·황제령으로 정한다.
XR-00061	1155	2362	2362	3	SRC-C03-L01147	REN-C04-A0001	제4장 제1절 제1조	[[#제2장 연방 통치구조 총칙|제2장 (연방 총칙)]]	[[05_원범위_보존_참조표#^scope-c02|제2장·제3장·제8장·제9장·제12장·제19장·제21장 중 연방총칙 대응규정]]	[[05_원범위_보존_참조표#^scope-c02|제2장·제3장·제8장·제9장·제12장·제19장·제21장 중 연방총칙 대응규정]]	치환	scope	REN-C02-A0001;REN-C02-A0002;REN-C02-A0003;REN-C02-A0004;REN-C02-A0005;REN-C02-A0006;REN-C02-A0007;REN-C02-A0008;REN-C02-A0009;REN-C02-A0010;REN-C02-A0011;REN-C02-A0012;REN-C02-A0013;REN-C02-A0014;REN-C02-A0015;REN-C02-A0016;REN-C02-A0017;REN-C02-A0018;REN-C02-A0019;REN-C02-A0020;REN-C02-A0021;REN-C02-A0022;REN-C02-A0023;REN-C02-A0024;REN-C02-A0025;REN-C02-A0026;REN-C02-A0027;REN-C02-A0030;REN-C02-A0031;REN-C02-A0032;REN-C02-A0033;REN-C02-A0034;REN-C02-A0035;REN-C02-A0036;REN-C03-A0004;REN-C03-A0005;REN-C03-A0006;REN-C03-A0007;REN-C03-A0008;REN-C03-A0009;REN-C03-A0010;REN-C03-A0011;REN-C03-A0013;REN-C03-A0014;REN-C08-A0005;REN-C09-A0001;REN-C09-A0003;REN-C09-A0019;REN-C12-A0009;REN-C19-A0003;REN-C21-A0009		c02	R3.0 구 위치–신 위치 대응	 / 	연방 황실의 결정·선언·명령·고시는 전자관보에 게재하며, 형식·보존·메타데이터는 [[#제2장 연방 통치구조 총칙|제2장 (연방 총칙)]]에서 정한 표준에 따른다.
XR-00062	1158	2365	2365	3	SRC-C03-L01147	REN-C04-A0001	제4장 제1절 제1조	[[#제2장 연방 통치구조 총칙|제2장 (연방 총칙)]]	[[05_원범위_보존_참조표#^scope-c02|제2장·제3장·제8장·제9장·제12장·제19장·제21장 중 연방총칙 대응규정]]	[[05_원범위_보존_참조표#^scope-c02|제2장·제3장·제8장·제9장·제12장·제19장·제21장 중 연방총칙 대응규정]]	치환	scope	REN-C02-A0001;REN-C02-A0002;REN-C02-A0003;REN-C02-A0004;REN-C02-A0005;REN-C02-A0006;REN-C02-A0007;REN-C02-A0008;REN-C02-A0009;REN-C02-A0010;REN-C02-A0011;REN-C02-A0012;REN-C02-A0013;REN-C02-A0014;REN-C02-A0015;REN-C02-A0016;REN-C02-A0017;REN-C02-A0018;REN-C02-A0019;REN-C02-A0020;REN-C02-A0021;REN-C02-A0022;REN-C02-A0023;REN-C02-A0024;REN-C02-A0025;REN-C02-A0026;REN-C02-A0027;REN-C02-A0030;REN-C02-A0031;REN-C02-A0032;REN-C02-A0033;REN-C02-A0034;REN-C02-A0035;REN-C02-A0036;REN-C03-A0004;REN-C03-A0005;REN-C03-A0006;REN-C03-A0007;REN-C03-A0008;REN-C03-A0009;REN-C03-A0010;REN-C03-A0011;REN-C03-A0013;REN-C03-A0014;REN-C08-A0005;REN-C09-A0001;REN-C09-A0003;REN-C09-A0019;REN-C12-A0009;REN-C19-A0003;REN-C21-A0009		c02	R3.0 구 위치–신 위치 대응	 / 	연방 황실은 정당·정파로부터 독립하며, 국가의 연속성·안정성 확보를 사명으로 한다. 다만, [[#제2장 연방 통치구조 총칙|제2장 (연방 총칙)]]에서 정한 권력기관 간 통괄·조정·중재 요건(기관 권한쟁의·입법 교착·비상권 충돌 등)이 있을 때에 한해 개입한다.
XR-00063	1161	2368	2368	3	SRC-C03-L01147	REN-C04-A0001	제4장 제1절 제1조	[[#제1장 전 인류와 연방 신민의 자유와 권리 장전|제1장 (권리장전)]]	[[05_원범위_보존_참조표#^scope-c01|제1장·제2장·제3장 중 권리장전 대응규정]]	[[05_원범위_보존_참조표#^scope-c01|제1장·제2장·제3장 중 권리장전 대응규정]]	치환	scope	REN-C01-A0001;REN-C01-A0002;REN-C01-A0003;REN-C01-A0004;REN-C01-A0005;REN-C01-A0006;REN-C01-A0007;REN-C01-A0008;REN-C01-A0009;REN-C01-A0010;REN-C01-A0011;REN-C01-A0012;REN-C01-A0013;REN-C01-A0014;REN-C01-A0015;REN-C01-A0016;REN-C01-A0017;REN-C01-A0018;REN-C01-A0019;REN-C01-A0020;REN-C01-A0021;REN-C01-A0022;REN-C01-A0023;REN-C01-A0024;REN-C01-A0025;REN-C01-A0026;REN-C01-A0027;REN-C01-A0028;REN-C01-A0029;REN-C01-A0030;REN-C01-A0031;REN-C01-A0032;REN-C01-A0033;REN-C01-A0034;REN-C01-A0035;REN-C01-A0036;REN-C01-A0037;REN-C01-A0038;REN-C01-A0039;REN-C01-A0040;REN-C01-A0041;REN-C01-A0042;REN-C01-A0043;REN-C01-A0044;REN-C01-A0045;REN-C02-A0029;REN-C03-A0012		c01	R3.0 구 위치–신 위치 대응	 / 	[[#제1장 전 인류와 연방 신민의 자유와 권리 장전|제1장 (권리장전)]]과 연방국가·황제-신민계약론의 원칙에 따라, 연방의 모든 권력은 연방 황제에게 부여된다.
XR-00064	1164	2371	2371	3	SRC-C03-L01147	REN-C04-A0001	제4장 제1절 제1조	[[#제20조 귀족·황족·황실의 법적 지위|제2장 제20조 제1항]]	[[#^ren-c03-a0010|제3장 제10조 제1항]]	[[#^ren-c03-a0010|제3장 제10조 제1항]][^r4-xr-00064]	원문 대조 보정 후 치환	subordinate	REN-C03-A0010	SRC-C02-L01051-N001--REN-C03-A0010		R3.0 구 위치–신 위치 대응	 / 위키링크 원 표제의 유일한 일치로 대상·표시번호 동기화	연방 황실은 [[#제20조 귀족·황족·황실의 법적 지위|제2장 제20조 제1항]]에 따라 연방 내 귀족 중 최고 지위를 보장받는다.
XR-00065	1166	2373	2373	3	SRC-C03-L01147	REN-C04-A0001	제4장 제1절 제1조	제1조	제4장 제1조	제4장 제1조	치환	article	REN-C04-A0001			R3.0 구 위치–신 위치 대응	 / 	> [!info]+ 제1조 보조 자료: 연방 황실 직속 기관 조직도
XR-00066	1183	2981	2981	3	SRC-C03-L01171	REN-C04-A0027	제4장 제7절 제27조	제2장	[[05_원범위_보존_참조표#^scope-c02|제2장·제3장·제8장·제9장·제12장·제19장·제21장 중 연방총칙 대응규정]]	[[05_원범위_보존_참조표#^scope-c02|제2장·제3장·제8장·제9장·제12장·제19장·제21장 중 연방총칙 대응규정]]	치환	scope	REN-C02-A0001;REN-C02-A0002;REN-C02-A0003;REN-C02-A0004;REN-C02-A0005;REN-C02-A0006;REN-C02-A0007;REN-C02-A0008;REN-C02-A0009;REN-C02-A0010;REN-C02-A0011;REN-C02-A0012;REN-C02-A0013;REN-C02-A0014;REN-C02-A0015;REN-C02-A0016;REN-C02-A0017;REN-C02-A0018;REN-C02-A0019;REN-C02-A0020;REN-C02-A0021;REN-C02-A0022;REN-C02-A0023;REN-C02-A0024;REN-C02-A0025;REN-C02-A0026;REN-C02-A0027;REN-C02-A0030;REN-C02-A0031;REN-C02-A0032;REN-C02-A0033;REN-C02-A0034;REN-C02-A0035;REN-C02-A0036;REN-C03-A0004;REN-C03-A0005;REN-C03-A0006;REN-C03-A0007;REN-C03-A0008;REN-C03-A0009;REN-C03-A0010;REN-C03-A0011;REN-C03-A0013;REN-C03-A0014;REN-C08-A0005;REN-C09-A0001;REN-C09-A0003;REN-C09-A0019;REN-C12-A0009;REN-C19-A0003;REN-C21-A0009		c02	R3.0 구 위치–신 위치 대응	 / 	공개 가능한 보고서·데이터·대시보드는 오픈 라이선스(제2장 기준)으로 제공한다. 다만, 국장·문장 등 상징류는 별도의 연방 법률·황제령에 따른다.
XR-00067	1223	2424	2424	3	SRC-C03-L01194	REN-C04-A0002	제4장 제2절 제2조	본 조	제4장 제2조 및 제14장 제9조 및 제14장 제15조	제4장 제2조 및 제14장 제9조 및 제14장 제15조	치환	article	REN-C04-A0002;REN-C14-A0009;REN-C14-A0015			R3.0 구 위치–신 위치 대응	 / 	본 조의 전자서식·메타데이터 공개 및 상호운용에 관하여는 제2장 제9조와 제5장 제15조를 준용한다.
XR-00068	1223	2424	2424	3	SRC-C03-L01194	REN-C04-A0002	제4장 제2절 제2조	제2장 제9조		〔구 인용: 제2장 제9조 · 대상 확인 필요〕[^r4-xr-00068]	확인 필요·치환 보류	number				원문 인용대상 확인 보류	전자서식·메타데이터의 준용 대상으로 적었으나 구 제2장 제9조는 재정 투명성·중기재정 규정임 / 참조번호가 존재하는 것과 인용 취지가 일치하는 것은 별개이므로 원문 인용을 명시적으로 보류	본 조의 전자서식·메타데이터 공개 및 상호운용에 관하여는 제2장 제9조와 제5장 제15조를 준용한다.
XR-00069	1223	2424	2424	3	SRC-C03-L01194	REN-C04-A0002	제4장 제2절 제2조	제5장 제15조	제6장 제21조	제6장 제21조	치환	article	REN-C06-A0021			R3.0 구 위치–신 위치 대응	 / 	본 조의 전자서식·메타데이터 공개 및 상호운용에 관하여는 제2장 제9조와 제5장 제15조를 준용한다.
XR-00070	1354	11539	11539	3	SRC-C03-L01352	REN-C14-A0005	제14장 제1절 제5조	제2장(연방총칙)	[[05_원범위_보존_참조표#^scope-c02|제2장·제3장·제8장·제9장·제12장·제19장·제21장 중 연방총칙 대응규정]]	[[05_원범위_보존_참조표#^scope-c02|제2장·제3장·제8장·제9장·제12장·제19장·제21장 중 연방총칙 대응규정]]	치환	scope	REN-C02-A0001;REN-C02-A0002;REN-C02-A0003;REN-C02-A0004;REN-C02-A0005;REN-C02-A0006;REN-C02-A0007;REN-C02-A0008;REN-C02-A0009;REN-C02-A0010;REN-C02-A0011;REN-C02-A0012;REN-C02-A0013;REN-C02-A0014;REN-C02-A0015;REN-C02-A0016;REN-C02-A0017;REN-C02-A0018;REN-C02-A0019;REN-C02-A0020;REN-C02-A0021;REN-C02-A0022;REN-C02-A0023;REN-C02-A0024;REN-C02-A0025;REN-C02-A0026;REN-C02-A0027;REN-C02-A0030;REN-C02-A0031;REN-C02-A0032;REN-C02-A0033;REN-C02-A0034;REN-C02-A0035;REN-C02-A0036;REN-C03-A0004;REN-C03-A0005;REN-C03-A0006;REN-C03-A0007;REN-C03-A0008;REN-C03-A0009;REN-C03-A0010;REN-C03-A0011;REN-C03-A0013;REN-C03-A0014;REN-C08-A0005;REN-C09-A0001;REN-C09-A0003;REN-C09-A0019;REN-C12-A0009;REN-C19-A0003;REN-C21-A0009		c02	R3.0 구 위치–신 위치 대응	 / 	전시·사변 및 기타 그에 준하는 국가 비상사태에서의 긴급황제령·비상선언·공동선포·전자고시는 제2장(연방총칙) 및 연방 법률이 정하는 일몰·사후추인·사법 우선심리에 따른다.
XR-00071	1357	11711	11711	3	SRC-C03-L01352	REN-C14-A0012	제14장 제4절 제12조	제1장(권리장전)	[[05_원범위_보존_참조표#^scope-c01|제1장·제2장·제3장 중 권리장전 대응규정]]	[[05_원범위_보존_참조표#^scope-c01|제1장·제2장·제3장 중 권리장전 대응규정]]	치환	scope	REN-C01-A0001;REN-C01-A0002;REN-C01-A0003;REN-C01-A0004;REN-C01-A0005;REN-C01-A0006;REN-C01-A0007;REN-C01-A0008;REN-C01-A0009;REN-C01-A0010;REN-C01-A0011;REN-C01-A0012;REN-C01-A0013;REN-C01-A0014;REN-C01-A0015;REN-C01-A0016;REN-C01-A0017;REN-C01-A0018;REN-C01-A0019;REN-C01-A0020;REN-C01-A0021;REN-C01-A0022;REN-C01-A0023;REN-C01-A0024;REN-C01-A0025;REN-C01-A0026;REN-C01-A0027;REN-C01-A0028;REN-C01-A0029;REN-C01-A0030;REN-C01-A0031;REN-C01-A0032;REN-C01-A0033;REN-C01-A0034;REN-C01-A0035;REN-C01-A0036;REN-C01-A0037;REN-C01-A0038;REN-C01-A0039;REN-C01-A0040;REN-C01-A0041;REN-C01-A0042;REN-C01-A0043;REN-C01-A0044;REN-C01-A0045;REN-C02-A0029;REN-C03-A0012		c01	R3.0 구 위치–신 위치 대응	 / 	통신·검열·집회 제한 등 권리 제한은 제1장(권리장전)의 본질적 내용 불가침의 원리와 필요·비례·최소침해 원칙을 준수한다.
XR-00072	1383	2752	2752	3	SRC-C03-L01372	REN-C04-A0016	제4장 제5절 제16조	본 조 제2항	제4장 제16조 제2항	제4장 제16조 제2항	치환	subordinate	REN-C04-A0016	SRC-C03-L01372-N002--REN-C04-A0016		R3.0 구 위치–신 위치 대응	 / 	연방 황제는 종신직으로 한다. 다만, 본 조 제2항의 사유에 해당하거나 연방 황제의 의지가 있을 경우 황실 승계 위원회를 통해서 직위를 승계할 수 있다.
XR-00073	1463	2808	2808	3	SRC-C03-L01455	REN-C04-A0018	제4장 제5절 제18조	본 장 제12조	제4장 제16조	제4장 제16조	치환	article	REN-C04-A0016			R3.0 구 위치–신 위치 대응	 / 	위원회의 의결은 황실 재가 및 연방 헌법원 직무적부심사를 거쳐 확정된다. (본 장 제12조 참조)
XR-00074	1511	12215	12215	3	SRC-C03-L01503	REN-C14-A0035	제14장 제10절 제35조	제11조	제14장 제5조 및 제14장 제12조 및 제14장 제16조 및 제14장 제44조	제14장 제5조 및 제14장 제12조 및 제14장 제16조 및 제14장 제44조	치환	article	REN-C14-A0005;REN-C14-A0012;REN-C14-A0016;REN-C14-A0044			R3.0 구 위치–신 위치 대응	 / 	비상 단계 상향 시 기존 조치의 일몰·연장 계획을 함께 공시한다. 사후추인·종료 승인 절차는 제11조의 기준을 준용한다.
XR-00075	1520	2953	2953	3	SRC-C03-L01518	REN-C04-A0026	제4장 제6절 제26조	본 장	[[05_원범위_보존_참조표#^scope-c03|제4장·제14장·제20장 중 황실·황권승계 대응규정]]	[[05_원범위_보존_참조표#^scope-c03|제4장·제14장·제20장 중 황실·황권승계 대응규정]]	치환	scope	REN-C04-A0001;REN-C04-A0002;REN-C04-A0003;REN-C04-A0004;REN-C04-A0005;REN-C04-A0008;REN-C04-A0009;REN-C04-A0011;REN-C04-A0012;REN-C04-A0013;REN-C04-A0014;REN-C04-A0015;REN-C04-A0016;REN-C04-A0017;REN-C04-A0018;REN-C04-A0019;REN-C04-A0020;REN-C04-A0021;REN-C04-A0022;REN-C04-A0023;REN-C04-A0024;REN-C04-A0025;REN-C04-A0026;REN-C04-A0027;REN-C04-A0028;REN-C14-A0005;REN-C14-A0009;REN-C14-A0012;REN-C14-A0015;REN-C14-A0016;REN-C14-A0025;REN-C14-A0035;REN-C14-A0044;REN-C20-A0034		c03	R3.0 구 위치–신 위치 대응	 / 	본 장의 위임 사항에 관한 세부는 연방 법률·황제령·세칙으로 정한다.
XR-00076	1545	3036	3036	4	SRC-C04-L01537	REN-C05-A0001	제5장 제1절 제1조	본 장 제14·17조	제5장 제22조 및 제5장 제40조	제5장 제22조 및 제5장 제40조	치환	article	REN-C05-A0022;REN-C05-A0040			R3.0 구 위치–신 위치 대응	 / 	독립·준독립 기관은 연방 최고평의회와 직접적인 지시관계가 없는 동격 기관으로 하되, 상호 협의·통지 체계를 둔다. (본 장 제14·17조 참조)
XR-00077	1547	3038	3038	4	SRC-C04-L01537	REN-C05-A0001	제5장 제1절 제1조	제1조	제5장 제1조	제5장 제1조	치환	article	REN-C05-A0001			R3.0 구 위치–신 위치 대응	 / 	> [!info]+ 제1조 보조 자료: 연방 최고평의회 조직도
XR-00078	1552	2519	2519	4	SRC-C04-L01550	REN-C04-A0006	제4장 제2절 제6조	본 장	[[05_원범위_보존_참조표#^scope-c04|제4장·제5장·제7장·제13장·제14장·제15장·제21장 중 행정 대응규정]]	[[05_원범위_보존_참조표#^scope-c04|제4장·제5장·제7장·제13장·제14장·제15장·제21장 중 행정 대응규정]]	치환	scope	REN-C04-A0006;REN-C04-A0007;REN-C04-A0010;REN-C05-A0001;REN-C05-A0002;REN-C05-A0003;REN-C05-A0004;REN-C05-A0005;REN-C05-A0006;REN-C05-A0007;REN-C05-A0008;REN-C05-A0009;REN-C05-A0010;REN-C05-A0011;REN-C05-A0012;REN-C05-A0013;REN-C05-A0014;REN-C05-A0015;REN-C05-A0016;REN-C05-A0017;REN-C05-A0018;REN-C05-A0019;REN-C05-A0020;REN-C05-A0021;REN-C05-A0022;REN-C05-A0023;REN-C05-A0024;REN-C05-A0025;REN-C05-A0026;REN-C05-A0027;REN-C05-A0028;REN-C05-A0029;REN-C05-A0030;REN-C05-A0031;REN-C05-A0032;REN-C05-A0033;REN-C05-A0034;REN-C05-A0035;REN-C05-A0036;REN-C05-A0037;REN-C05-A0038;REN-C05-A0039;REN-C05-A0040;REN-C05-A0041;REN-C05-A0042;REN-C05-A0043;REN-C07-A0059;REN-C13-A0016;REN-C14-A0017;REN-C14-A0036;REN-C15-A0043;REN-C21-S07;REN-C21-A0006		c04	R3.0 구 위치–신 위치 대응	 / 	본 장 및 다른 장에서 황제의 재가를 요하는 사항은 재가가 있을 때에 한하여 효력이 발생한다. 재가 대상에는 다음이 포함된다.
XR-00079	1647	3177	3177	4	SRC-C04-L01645	REN-C05-A0009	제5장 제3절 제9조	제10조	제13장 제16조	제13장 제16조	치환	article	REN-C13-A0016			R3.0 구 위치–신 위치 대응	 / 	평의회 의장은 연방 최고평의회의 수장으로서 본회의의 주재, 의사일정의 확정, 의결사항의 공표, 연방 정책·행정명령의 집행 총괄 및 전시·비상 선포 절차 개시(제10조 참조)를 관장한다.
XR-00080	1657	3197	3197	4	SRC-C04-L01649	REN-C05-A0010	제5장 제3절 제10조	본 장	[[05_원범위_보존_참조표#^scope-c04|제4장·제5장·제7장·제13장·제14장·제15장·제21장 중 행정 대응규정]]	[[05_원범위_보존_참조표#^scope-c04|제4장·제5장·제7장·제13장·제14장·제15장·제21장 중 행정 대응규정]]	치환	scope	REN-C04-A0006;REN-C04-A0007;REN-C04-A0010;REN-C05-A0001;REN-C05-A0002;REN-C05-A0003;REN-C05-A0004;REN-C05-A0005;REN-C05-A0006;REN-C05-A0007;REN-C05-A0008;REN-C05-A0009;REN-C05-A0010;REN-C05-A0011;REN-C05-A0012;REN-C05-A0013;REN-C05-A0014;REN-C05-A0015;REN-C05-A0016;REN-C05-A0017;REN-C05-A0018;REN-C05-A0019;REN-C05-A0020;REN-C05-A0021;REN-C05-A0022;REN-C05-A0023;REN-C05-A0024;REN-C05-A0025;REN-C05-A0026;REN-C05-A0027;REN-C05-A0028;REN-C05-A0029;REN-C05-A0030;REN-C05-A0031;REN-C05-A0032;REN-C05-A0033;REN-C05-A0034;REN-C05-A0035;REN-C05-A0036;REN-C05-A0037;REN-C05-A0038;REN-C05-A0039;REN-C05-A0040;REN-C05-A0041;REN-C05-A0042;REN-C05-A0043;REN-C07-A0059;REN-C13-A0016;REN-C14-A0017;REN-C14-A0036;REN-C15-A0043;REN-C21-S07;REN-C21-A0006		c04	R3.0 구 위치–신 위치 대응	 / 	본 장에 따른 공직선거는 보통·평등·직접·비밀선거의 원칙에 따른다.
XR-00081	1660	3200	3200	4	SRC-C04-L01649	REN-C05-A0010	제5장 제3절 제10조	제13장(선거권력)	[[05_원범위_보존_참조표#^scope-c13|제6장·제14장·제16장 중 선거 대응규정]]	[[05_원범위_보존_참조표#^scope-c13|제6장·제14장·제16장 중 선거 대응규정]]	치환	scope	REN-C06-A0009;REN-C06-A0010;REN-C06-A0011;REN-C06-A0027;REN-C14-A0031;REN-C16-A0001;REN-C16-A0002;REN-C16-A0003;REN-C16-A0004;REN-C16-A0005;REN-C16-A0006;REN-C16-A0007;REN-C16-A0008;REN-C16-A0009;REN-C16-A0010;REN-C16-A0011;REN-C16-A0012;REN-C16-A0013;REN-C16-A0014;REN-C16-A0015;REN-C16-A0016;REN-C16-A0017;REN-C16-A0018;REN-C16-A0019;REN-C16-A0020;REN-C16-A0021;REN-C16-A0022;REN-C16-A0023;REN-C16-A0024;REN-C16-A0025;REN-C16-A0026;REN-C16-A0027;REN-C16-A0028;REN-C16-A0029;REN-C16-A0030;REN-C16-A0031;REN-C16-A0032;REN-C16-A0033;REN-C16-A0034;REN-C16-A0035;REN-C16-A0036;REN-C16-A0037;REN-C16-A0038;REN-C16-A0039;REN-C16-A0040;REN-C16-A0041;REN-C16-A0042;REN-C16-A0043;REN-C16-A0044;REN-C16-A0045;REN-C16-A0046;REN-C16-A0047;REN-C16-A0048;REN-C16-A0049;REN-C16-A0050;REN-C16-A0051;REN-C16-A0052;REN-C16-A0053;REN-C16-A0054;REN-C16-A0055;REN-C16-A0056;REN-C16-A0057;REN-C16-A0058;REN-C16-A0059;REN-C16-A0060;REN-C16-A0061;REN-C16-A0062;REN-C16-A0063;REN-C16-A0064;REN-C16-A0065;REN-C16-A0066;REN-C16-A0067;REN-C16-A0068;REN-C16-A0069;REN-C16-A0070;REN-C16-A0071;REN-C16-A0072;REN-C16-A0073;REN-C16-A0074;REN-C16-A0075;REN-C16-A0076;REN-C16-A0077;REN-C16-A0078;REN-C16-A0079;REN-C16-A0080;REN-C16-A0081;REN-C16-A0082		c13	R3.0 구 위치–신 위치 대응	 / 	선거구 획정, 선거인명부, 투·개표 및 재검표, 전자·우편·재외투표, 선거공고·일정, 후보자 등록·검증, 선거운동·비용·회계·공영제, 선거 관련 분쟁·무효·보궐 및 기타 선거의 관리·감독·기술기준은 제13장(선거권력)에 기초하여 연방 법률·황제령으로 위임한다. 연방 선거감독청이 제정·고시하는 규칙·기준은 연방 헌법·법률·황제령의 위임 범위 내에서 동격의 효력을 가진다.
XR-00082	1674	3224	3224	4	SRC-C04-L01662	REN-C05-A0011	제5장 제3절 제11조	본 조 제3항	제5장 제11조 제3항	제5장 제11조 제3항	치환	subordinate	REN-C05-A0011	SRC-C04-L01662-N003--REN-C05-A0011		R3.0 구 위치–신 위치 대응	 / 	본 조 제3항의 절차에 따라 적법하게 요청된 건에 대해서 연방 황제의 재가로 무효가 확정되며, 해당 직위는 즉시 공석으로 한다. 불재가시 사유를 첨부하여 의회에 통지한다.
XR-00083	1677	3227	3227	4	SRC-C04-L01662	REN-C05-A0011	제5장 제3절 제11조	본 항 제1호	제5장 제11조 제4항 제1호	제5장 제11조 제4항 제1호	치환	subordinate	REN-C05-A0011	SRC-C04-L01662-N005--REN-C05-A0011		R3.0 구 위치–신 위치 대응	 / 	본 항 제1호의 절차에 따라 불재가 통보된 건에 대하여서 1회에 한하여 재결의 할 수 있다. 연방 총의회의 3/4 재적, 2/3 동의로 재결의 할 수 있으며, 재결의하여 연방 황실에 송부된 건에 대하여 연방 황제는 7일 이내로 재가를 확정해야 한다.
XR-00084	1693	3253	3253	4	SRC-C04-L01682	REN-C05-A0012	제5장 제3절 제12조	본 조 제3항	제5장 제12조 제3항	제5장 제12조 제3항	치환	subordinate	REN-C05-A0012	SRC-C04-L01682-N003--REN-C05-A0012		R3.0 구 위치–신 위치 대응	 / 	본 조 제3항의 휴임 기간이 만료된 다음 임기 회기에는 다시 후보로 출마할 수 있으며, 이 경우 다시 제2항의 한도를 적용한다.
XR-00085	1693	3253	3253	4	SRC-C04-L01682	REN-C05-A0012	제5장 제3절 제12조	제2항	제5장 제12조 제2항	제5장 제12조 제2항	치환	subordinate	REN-C05-A0012	SRC-C04-L01682-N002--REN-C05-A0012		R3.0 구 위치–신 위치 대응	 / 	본 조 제3항의 휴임 기간이 만료된 다음 임기 회기에는 다시 후보로 출마할 수 있으며, 이 경우 다시 제2항의 한도를 적용한다.
XR-00086	1699	3259	3259	4	SRC-C04-L01682	REN-C05-A0012	제5장 제3절 제12조	본 조 제5항	제5장 제12조 제5항	제5장 제12조 제5항	치환	subordinate	REN-C05-A0012	SRC-C04-L01682-N005--REN-C05-A0012		R3.0 구 위치–신 위치 대응	 / 	연방 법률에 따른 권한대행 기간은 본 조 제5항의 산입에 포함하지 아니한다.
XR-00087	1706	3276	3276	4	SRC-C04-L01701	REN-C05-A0013	제5장 제3절 제13조	본 조 제1항	제5장 제13조 제1항	제5장 제13조 제1항	치환	subordinate	REN-C05-A0013	SRC-C04-L01701-N001--REN-C05-A0013		R3.0 구 위치–신 위치 대응	 / 	본 조 제1항의 승계가 이루어진 경우, 각 분과의 최고대신 중 1인을 신임 부의장으로 지명하고, 연방 황제의 재가로 임명한다. 연방 의회에는 이를 즉시 통지하여야 한다.
XR-00088	1728	3312	3312	4	SRC-C04-L01726	REN-C05-A0015	제5장 제4절 제15조	각 호	각 호	각 호	일반표현 유지	unchanged-generic				번호 없는 일반 열거표현 유지	 / 	다음 각 호의 사항은 연방 최고평의회 의결을 거쳐야 한다.
XR-00089	1730	3314	3314	4	SRC-C04-L01726	REN-C05-A0015	제5장 제4절 제15조	본 장 제7조의2	제15장 제43조	제15장 제43조	치환	article	REN-C15-A0043			R3.0 구 위치–신 위치 대응	 / 	"	Ⅱ. 조약 체결·비준의 동의요구안 (본 장 제7조의2 관련)"
XR-00090	1758	3362	3362	4	SRC-C04-L01747	REN-C05-A0017	제5장 제5절 제17조	[[#제2장: 연방 통치구조 총칙#제3조: 규범 체계와 위계#제2항|제2장 제3조 제2항]]		〔구 인용: 제2장 제3조 제2항 · 대상 확인 필요〕[^r4-xr-00090]	확인 필요·치환 보류	number				원문 인용대상 확인 보류	구 위키링크의 표제와 번호가 불일치하고 “규범 체계와 위계”라는 원 조문 표제가 없어 대상을 확정할 수 없음 / 구 제2장 제3조는 주권·자치 규정이며 제25조 등 규범충돌 규정과 구별해야 함	연방 황제령·행정명령 등의 규범층은 [[#제2장: 연방 통치구조 총칙#제3조: 규범 체계와 위계#제2항|제2장 제3조 제2항]]에 따른다.
XR-00091	1851	3445	3445	4	SRC-C04-L01831	REN-C05-A0021	제5장 제6절 제21조	제1항	제5장 제21조 제1항	제5장 제21조 제1항	치환	subordinate	REN-C05-A0021	SRC-C04-L01831-N001--REN-C05-A0021		R3.0 구 위치–신 위치 대응	 / 	> [!info]+ 제1항 보조 자료: 연방 최고평의회 직제표
XR-00092	1904	3498	3498	4	SRC-C04-L01902	REN-C05-A0023	제5장 제7절 제23조	본 절	[[05_원범위_보존_참조표#^scope-c04-sf9f407b1|제5장 중 산하기관 공통 규정 대응규정]]	[[05_원범위_보존_참조표#^scope-c04-sf9f407b1|제5장 중 산하기관 공통 규정 대응규정]]	치환	scope	REN-C05-A0023;REN-C05-A0024;REN-C05-A0025;REN-C05-A0026;REN-C05-A0027;REN-C05-A0037;REN-C05-A0038;REN-C05-A0039		c04-sf9f407b1	R3.0 구 위치–신 위치 대응	 / 	본 절에서 '산하기관'이라 함은, 연방 최고평의회 소속 각부·각처의 하부에 두는 청·본부·국·위원회 등으로서, 독립·준독립 기관이 아닌 행정기관을 말한다.
XR-00093	1950	3778	3778	4	SRC-C04-L01948	REN-C05-A0038	제5장 제9절 제38조	제7조	제5장 제34조	제5장 제34조	치환	article	REN-C05-A0034			R3.0 구 위치–신 위치 대응	 / 	산하기관은 제7조 및 제12조에 따른 공개·기록·감사 의무의 직접 대상이 된다.
XR-00094	1950	3778	3778	4	SRC-C04-L01948	REN-C05-A0038	제5장 제9절 제38조	제12조	제5장 제21조	제5장 제21조	치환	article	REN-C05-A0021			R3.0 구 위치–신 위치 대응	 / 	산하기관은 제7조 및 제12조에 따른 공개·기록·감사 의무의 직접 대상이 된다.
XR-00095	2032	3690	3690	4	SRC-C04-L02030	REN-C05-A0033	제5장 제8절 제33조	제11절(산하기관 공통 규정)	[[05_원범위_보존_참조표#^scope-c04-sf9f407b1|제5장 중 산하기관 공통 규정 대응규정]]	[[05_원범위_보존_참조표#^scope-c04-sf9f407b1|제5장 중 산하기관 공통 규정 대응규정]]	치환	scope	REN-C05-A0023;REN-C05-A0024;REN-C05-A0025;REN-C05-A0026;REN-C05-A0027;REN-C05-A0037;REN-C05-A0038;REN-C05-A0039		c04-sf9f407b1	R3.0 구 위치–신 위치 대응	 / 	분 절에 정하지 아니한 사항은 제11절(산하기관 공통 규정)을 준용하되, 이 절의 규정이 우선한다.
XR-00096	2032	3690	3690	4	SRC-C04-L02030	REN-C05-A0033	제5장 제8절 제33조	이 절	[[05_원범위_보존_참조표#^scope-c04-sfb37598d|제5장 중 행정위원회형 기관 대응규정]]	[[05_원범위_보존_참조표#^scope-c04-sfb37598d|제5장 중 행정위원회형 기관 대응규정]]	치환	scope	REN-C05-A0028;REN-C05-A0029;REN-C05-A0030;REN-C05-A0031;REN-C05-A0032;REN-C05-A0033		c04-sfb37598d	R3.0 구 위치–신 위치 대응	 / 	분 절에 정하지 아니한 사항은 제11절(산하기관 공통 규정)을 준용하되, 이 절의 규정이 우선한다.
XR-00097	2090	20447	20447	4	SRC-C04-L02089	REN-C21-S07	제21장 제2절 부칙·별표자료 S07	본 장	[[05_원범위_보존_참조표#^scope-c04|제4장·제5장·제7장·제13장·제14장·제15장·제21장 중 행정 대응규정]]	[[05_원범위_보존_참조표#^scope-c04|제4장·제5장·제7장·제13장·제14장·제15장·제21장 중 행정 대응규정]]	치환	scope	REN-C04-A0006;REN-C04-A0007;REN-C04-A0010;REN-C05-A0001;REN-C05-A0002;REN-C05-A0003;REN-C05-A0004;REN-C05-A0005;REN-C05-A0006;REN-C05-A0007;REN-C05-A0008;REN-C05-A0009;REN-C05-A0010;REN-C05-A0011;REN-C05-A0012;REN-C05-A0013;REN-C05-A0014;REN-C05-A0015;REN-C05-A0016;REN-C05-A0017;REN-C05-A0018;REN-C05-A0019;REN-C05-A0020;REN-C05-A0021;REN-C05-A0022;REN-C05-A0023;REN-C05-A0024;REN-C05-A0025;REN-C05-A0026;REN-C05-A0027;REN-C05-A0028;REN-C05-A0029;REN-C05-A0030;REN-C05-A0031;REN-C05-A0032;REN-C05-A0033;REN-C05-A0034;REN-C05-A0035;REN-C05-A0036;REN-C05-A0037;REN-C05-A0038;REN-C05-A0039;REN-C05-A0040;REN-C05-A0041;REN-C05-A0042;REN-C05-A0043;REN-C07-A0059;REN-C13-A0016;REN-C14-A0017;REN-C14-A0036;REN-C15-A0043;REN-C21-S07;REN-C21-A0006		c04	R3.0 구 위치–신 위치 대응	 / 	1. 본 장 시행 후 6개월 내 각 부처는 조직·직무분장 규칙 및 전자 고시 체계를 정비하여 연방 최고평의회에 보고한다.
XR-00098	2093	20450	20450	4	SRC-C04-L02089	REN-C21-S07	제21장 제2절 부칙·별표자료 S07	본 장	[[05_원범위_보존_참조표#^scope-c04|제4장·제5장·제7장·제13장·제14장·제15장·제21장 중 행정 대응규정]]	[[05_원범위_보존_참조표#^scope-c04|제4장·제5장·제7장·제13장·제14장·제15장·제21장 중 행정 대응규정]]	치환	scope	REN-C04-A0006;REN-C04-A0007;REN-C04-A0010;REN-C05-A0001;REN-C05-A0002;REN-C05-A0003;REN-C05-A0004;REN-C05-A0005;REN-C05-A0006;REN-C05-A0007;REN-C05-A0008;REN-C05-A0009;REN-C05-A0010;REN-C05-A0011;REN-C05-A0012;REN-C05-A0013;REN-C05-A0014;REN-C05-A0015;REN-C05-A0016;REN-C05-A0017;REN-C05-A0018;REN-C05-A0019;REN-C05-A0020;REN-C05-A0021;REN-C05-A0022;REN-C05-A0023;REN-C05-A0024;REN-C05-A0025;REN-C05-A0026;REN-C05-A0027;REN-C05-A0028;REN-C05-A0029;REN-C05-A0030;REN-C05-A0031;REN-C05-A0032;REN-C05-A0033;REN-C05-A0034;REN-C05-A0035;REN-C05-A0036;REN-C05-A0037;REN-C05-A0038;REN-C05-A0039;REN-C05-A0040;REN-C05-A0041;REN-C05-A0042;REN-C05-A0043;REN-C07-A0059;REN-C13-A0016;REN-C14-A0017;REN-C14-A0036;REN-C15-A0043;REN-C21-S07;REN-C21-A0006		c04	R3.0 구 위치–신 위치 대응	 / 	4. 부처 수 상한 규정의 폐지: 구 헌법 및 관련 법률에 존재하던 부서·부처 수 상한 규정은 본 장 시행과 동시에 폐지한다. 이후 부처의 설치·폐지는 연방 법률로 정하되, 상한은 두지 않는다.
XR-00099	2096	20453	20453	4	SRC-C04-L02089	REN-C21-S07	제21장 제2절 부칙·별표자료 S07	본 장 제1조의6 제3항	제21장 제6조 제3항	제21장 제6조 제3항	치환	subordinate	REN-C21-A0006	SRC-C04-L01593-N003--REN-C21-A0006		R3.0 구 위치–신 위치 대응	 / 	7. 본 장 제1조의6 제3항, 제17조의2 제3항·제4항 및 제16조의3 제3항은 시행 후 6개월의 준비기간을 거쳐 적용한다.
XR-00100	2096	20453	20453	4	SRC-C04-L02089	REN-C21-S07	제21장 제2절 부칙·별표자료 S07	제17조의2 제3항	제5장 제41조 제3항	제5장 제41조 제3항	치환	subordinate	REN-C05-A0041	SRC-C04-L02045-N003--REN-C05-A0041		R3.0 구 위치–신 위치 대응	 / 	7. 본 장 제1조의6 제3항, 제17조의2 제3항·제4항 및 제16조의3 제3항은 시행 후 6개월의 준비기간을 거쳐 적용한다.
XR-00101	2096	20453	20453	4	SRC-C04-L02089	REN-C21-S07	제21장 제2절 부칙·별표자료 S07	제4항	제5장 제41조 제4항	제5장 제41조 제4항	치환	subordinate	REN-C05-A0041	SRC-C04-L02045-N004--REN-C05-A0041		R3.0 구 위치–신 위치 대응	 / 연속 열거된 항·호 번호의 원 부모조문을 앞선 인용에서 이어받음	7. 본 장 제1조의6 제3항, 제17조의2 제3항·제4항 및 제16조의3 제3항은 시행 후 6개월의 준비기간을 거쳐 적용한다.
XR-00102	2096	20453	20453	4	SRC-C04-L02089	REN-C21-S07	제21장 제2절 부칙·별표자료 S07	제16조의3 제3항	제5장 제30조 제3항	제5장 제30조 제3항	치환	subordinate	REN-C05-A0030	SRC-C04-L02009-N003--REN-C05-A0030		R3.0 구 위치–신 위치 대응	 / 	7. 본 장 제1조의6 제3항, 제17조의2 제3항·제4항 및 제16조의3 제3항은 시행 후 6개월의 준비기간을 거쳐 적용한다.
XR-00103	2130	3913	3913	5	SRC-C05-L02126	REN-C06-A0001	제6장 제1절 제1조	제1조	제6장 제1조	제6장 제1조	치환	article	REN-C06-A0001			R3.0 구 위치–신 위치 대응	 / 	> [!info]- 제1조 보조 자료 1: 연방 의회 조직도
XR-00104	2133	3916	3916	5	SRC-C05-L02126	REN-C06-A0001	제6장 제1절 제1조	제1조	제6장 제1조	제6장 제1조	치환	article	REN-C06-A0001			R3.0 구 위치–신 위치 대응	 / 	> [!info]+ 제1조 보조 자료 2: 연방 총의회 조직도
XR-00105	2136	3919	3919	5	SRC-C05-L02126	REN-C06-A0001	제6장 제1절 제1조	제1조	제6장 제1조	제6장 제1조	치환	article	REN-C06-A0001			R3.0 구 위치–신 위치 대응	 / 	> [!info]- 제1조 보조 자료 3: 연방 상원의회 조직도
XR-00106	2139	3922	3922	5	SRC-C05-L02126	REN-C06-A0001	제6장 제1절 제1조	제1조	제6장 제1조	제6장 제1조	치환	article	REN-C06-A0001			R3.0 구 위치–신 위치 대응	 / 	> [!info]- 제1조 보조 자료 4: 연방 하원의회 조직도
XR-00107	2142	3925	3925	5	SRC-C05-L02126	REN-C06-A0001	제6장 제1절 제1조	제1조	제6장 제1조	제6장 제1조	치환	article	REN-C06-A0001			R3.0 구 위치–신 위치 대응	 / 	> [!info]- 제1조 보조 자료 5: 연방 합동의회 조직도
XR-00108	2155	3948	3948	5	SRC-C05-L02153	REN-C06-A0002	제6장 제1절 제2조	제1장	[[05_원범위_보존_참조표#^scope-c01|제1장·제2장·제3장 중 권리장전 대응규정]]	[[05_원범위_보존_참조표#^scope-c01|제1장·제2장·제3장 중 권리장전 대응규정]]	치환	scope	REN-C01-A0001;REN-C01-A0002;REN-C01-A0003;REN-C01-A0004;REN-C01-A0005;REN-C01-A0006;REN-C01-A0007;REN-C01-A0008;REN-C01-A0009;REN-C01-A0010;REN-C01-A0011;REN-C01-A0012;REN-C01-A0013;REN-C01-A0014;REN-C01-A0015;REN-C01-A0016;REN-C01-A0017;REN-C01-A0018;REN-C01-A0019;REN-C01-A0020;REN-C01-A0021;REN-C01-A0022;REN-C01-A0023;REN-C01-A0024;REN-C01-A0025;REN-C01-A0026;REN-C01-A0027;REN-C01-A0028;REN-C01-A0029;REN-C01-A0030;REN-C01-A0031;REN-C01-A0032;REN-C01-A0033;REN-C01-A0034;REN-C01-A0035;REN-C01-A0036;REN-C01-A0037;REN-C01-A0038;REN-C01-A0039;REN-C01-A0040;REN-C01-A0041;REN-C01-A0042;REN-C01-A0043;REN-C01-A0044;REN-C01-A0045;REN-C02-A0029;REN-C03-A0012		c01	R3.0 구 위치–신 위치 대응	 / 	'입법권'은 본 연방 헌법이 연방에 부여한 사항에 한하여 행사할 수 있다. 연방 헌법이 연방에 위임하지 아니한 권능은 연방에 귀속되지 아니한다(제1장; 권리장전 참조).
XR-00109	2158	3951	3951	5	SRC-C05-L02153	REN-C06-A0002	제6장 제1절 제2조	제1장(권리장전)	[[05_원범위_보존_참조표#^scope-c01|제1장·제2장·제3장 중 권리장전 대응규정]]	[[05_원범위_보존_참조표#^scope-c01|제1장·제2장·제3장 중 권리장전 대응규정]]	치환	scope	REN-C01-A0001;REN-C01-A0002;REN-C01-A0003;REN-C01-A0004;REN-C01-A0005;REN-C01-A0006;REN-C01-A0007;REN-C01-A0008;REN-C01-A0009;REN-C01-A0010;REN-C01-A0011;REN-C01-A0012;REN-C01-A0013;REN-C01-A0014;REN-C01-A0015;REN-C01-A0016;REN-C01-A0017;REN-C01-A0018;REN-C01-A0019;REN-C01-A0020;REN-C01-A0021;REN-C01-A0022;REN-C01-A0023;REN-C01-A0024;REN-C01-A0025;REN-C01-A0026;REN-C01-A0027;REN-C01-A0028;REN-C01-A0029;REN-C01-A0030;REN-C01-A0031;REN-C01-A0032;REN-C01-A0033;REN-C01-A0034;REN-C01-A0035;REN-C01-A0036;REN-C01-A0037;REN-C01-A0038;REN-C01-A0039;REN-C01-A0040;REN-C01-A0041;REN-C01-A0042;REN-C01-A0043;REN-C01-A0044;REN-C01-A0045;REN-C02-A0029;REN-C03-A0012		c01	R3.0 구 위치–신 위치 대응	 / 	연방 법률은 제1장(권리장전)의 본질적 내용을 침해할 수 없으며, 연방 법률에 의한 하위 법규로의 위임 입법은 그 범위와 내용을 구체적으로 한정하여야 한다.
XR-00110	2217	4024	4024	5	SRC-C05-L02200	REN-C06-A0005	제6장 제2절 제5조	제4항(겸임 제한)	제6장 제5조 제4항(겸임 제한)	제6장 제5조 제4항(겸임 제한)	치환	subordinate	REN-C06-A0005	SRC-C05-L02200-N004--REN-C06-A0005		R3.0 구 위치–신 위치 대응	 / 	제4항(겸임 제한)의 '정당의 주요 당직' 및 제5항(이해충돌 방지)의 회피 안건의 기준은 연방 법률로 정한다.
XR-00111	2217	4024	4024	5	SRC-C05-L02200	REN-C06-A0005	제6장 제2절 제5조	제5항(이해충돌 방지)	제6장 제5조 제5항(이해충돌 방지)	제6장 제5조 제5항(이해충돌 방지)	치환	subordinate	REN-C06-A0005	SRC-C05-L02200-N005--REN-C06-A0005		R3.0 구 위치–신 위치 대응	 / 	제4항(겸임 제한)의 '정당의 주요 당직' 및 제5항(이해충돌 방지)의 회피 안건의 기준은 연방 법률로 정한다.
XR-00112	2257	4193	4193	5	SRC-C05-L02249	REN-C06-A0013	제6장 제3절 제13조	제16조	제6장 제22조	제6장 제22조	치환	article	REN-C06-A0022			R3.0 구 위치–신 위치 대응	 / 	모든 제출 의안은 표준 전자서식(제16조 참조)과 메타데이터(별표 A)를 함께 제출하여야 한다.
XR-00113	2257	4193	4193	5	SRC-C05-L02249	REN-C06-A0013	제6장 제3절 제13조	별표 A	[[#^ren-c21-s11|제21장 제4절의 전자입법 메타데이터 별표 A]]	[[#^ren-c21-s11|제21장 제4절의 전자입법 메타데이터 별표 A]]	치환	appendix	REN-C21-S11			원문에 실재하는 별표 A와 그 보존 이동 위치의 직접 대응	 / 	모든 제출 의안은 표준 전자서식(제16조 참조)과 메타데이터(별표 A)를 함께 제출하여야 한다.
XR-00114	2278	4234	4234	5	SRC-C05-L02276	REN-C06-A0015	제6장 제3절 제15조	각 호	각 호	각 호	일반표현 유지	unchanged-generic				번호 없는 일반 열거표현 유지	 / 	입법 정비의 표준 단계는 다음 각 호와 같다.
XR-00115	2296	4252	4252	5	SRC-C05-L02276	REN-C06-A0015	제6장 제3절 제15조	제6장	[[05_원범위_보존_참조표#^scope-c06|제7장·제13장·제14장·제17장·제21장 중 사법 대응규정]]	[[05_원범위_보존_참조표#^scope-c06|제7장·제13장·제14장·제17장·제21장 중 사법 대응규정]]	치환	scope	REN-C07-A0001;REN-C07-A0002;REN-C07-A0003;REN-C07-A0004;REN-C07-A0005;REN-C07-A0006;REN-C07-A0007;REN-C07-A0008;REN-C07-A0009;REN-C07-A0010;REN-C07-A0011;REN-C07-A0012;REN-C07-A0013;REN-C07-A0014;REN-C07-A0015;REN-C07-A0016;REN-C07-A0017;REN-C07-A0018;REN-C07-A0019;REN-C07-A0020;REN-C07-A0021;REN-C07-A0022;REN-C07-A0023;REN-C07-A0024;REN-C07-A0025;REN-C07-A0026;REN-C07-A0027;REN-C07-A0028;REN-C07-A0029;REN-C07-A0030;REN-C07-A0031;REN-C07-A0032;REN-C07-A0033;REN-C07-A0034;REN-C07-A0035;REN-C07-A0036;REN-C07-A0037;REN-C07-A0038;REN-C07-A0039;REN-C07-A0040;REN-C07-A0041;REN-C07-A0042;REN-C07-A0043;REN-C07-A0044;REN-C07-A0045;REN-C07-A0046;REN-C07-A0047;REN-C07-A0048;REN-C07-A0049;REN-C07-A0050;REN-C07-A0051;REN-C07-A0052;REN-C07-A0053;REN-C07-A0054;REN-C07-A0055;REN-C07-A0056;REN-C07-A0057;REN-C07-A0058;REN-C13-A0023;REN-C14-A0019;REN-C17-A0006;REN-C17-A0007;REN-C21-S01		c06	R3.0 구 위치–신 위치 대응	 / 	입법 정비의 제4단계(공청회·청문회)에는 법정조언인(Amicus Curiae) 의견서 접수 및 공개변론을 포함할 수 있다(제6장; 사법 연계).
XR-00116	2299	4255	4255	5	SRC-C05-L02276	REN-C06-A0015	제6장 제3절 제15조	각호	각호	각호	일반표현 유지	unchanged-generic				번호 없는 일반 열거표현 유지	 / 	신속처리 적용 요건은 다음 각호에 한정한다.
XR-00117	2325	4292	4292	5	SRC-C05-L02314	REN-C06-A0016	제6장 제3절 제16조	본 장 제15·16조	제6장 제21조 및 제6장 제22조	제6장 제21조 및 제6장 제22조	치환	article	REN-C06-A0021;REN-C06-A0022			R3.0 구 위치–신 위치 대응	 / 	연방 황제의 재가·거가 및 공포 절차, 전자서명, 해시, 일몰 및 API 공개에 관한 사항은 본 장 제15·16조에 따른다.
XR-00118	2328	4295	4295	5	SRC-C05-L02314	REN-C06-A0016	제6장 제3절 제16조	제3조	제6장 제18조	제6장 제18조	치환	article	REN-C06-A0018			R3.0 구 위치–신 위치 대응	 / 	합동의회 조정위원회의 조정이 결렬될 시, 자동으로 합동재의(제3조)를 개시한다.
XR-00119	2339	6971	6971	5	SRC-C05-L02314	REN-C09-A0012	제9장 제4절 제12조	제14·14-2조	제6장 제20조 및 제9장 제13조 및 제9장 제14조	제6장 제20조 및 제9장 제13조 및 제9장 제14조	치환	article	REN-C06-A0020;REN-C09-A0013;REN-C09-A0014			R3.0 구 위치–신 위치 대응	 / 	3. 연방 합동의회 조정위원회 회부 시, 10일 이내 단일조정안 도출; 1회 한해 10일 이내로 연장. 기한 도과 시, 자동부의·직권상정 요건 충족으로 간주(제14·14-2조 참조).
XR-00120	2342	6974	6974	5	SRC-C05-L02314	REN-C09-A0012	제9장 제4절 제12조	제7장(경제)	[[05_원범위_보존_참조표#^scope-c07|제8장·제9장·제14장·제21장 중 경제·재정 대응규정]]	[[05_원범위_보존_참조표#^scope-c07|제8장·제9장·제14장·제21장 중 경제·재정 대응규정]]	치환	scope	REN-C08-A0001;REN-C08-A0002;REN-C08-A0003;REN-C08-A0004;REN-C08-A0006;REN-C08-A0007;REN-C08-A0008;REN-C08-A0009;REN-C08-A0010;REN-C08-A0011;REN-C08-A0012;REN-C08-A0013;REN-C08-A0014;REN-C08-A0015;REN-C08-A0016;REN-C08-A0017;REN-C08-A0018;REN-C08-A0019;REN-C08-A0020;REN-C08-A0021;REN-C08-A0022;REN-C08-A0023;REN-C08-A0024;REN-C08-A0025;REN-C08-A0026;REN-C08-A0027;REN-C08-A0028;REN-C08-A0029;REN-C08-A0030;REN-C08-A0031;REN-C08-A0032;REN-C08-A0033;REN-C08-A0034;REN-C08-A0035;REN-C08-A0036;REN-C08-A0037;REN-C08-A0038;REN-C08-A0039;REN-C08-A0040;REN-C08-A0041;REN-C08-A0042;REN-C09-A0002;REN-C09-A0004;REN-C09-A0005;REN-C09-A0006;REN-C09-A0007;REN-C09-A0008;REN-C09-A0009;REN-C09-A0010;REN-C09-A0011;REN-C09-A0015;REN-C09-A0016;REN-C09-A0017;REN-C09-A0018;REN-C09-A0020;REN-C09-A0022;REN-C09-A0023;REN-C14-A0029;REN-C14-A0037;REN-C21-S02;REN-C21-S03;REN-C21-S04;REN-C21-S05;REN-C21-A0007		c07	R3.0 구 위치–신 위치 대응	 / 	예산 특례에 관한 세부 요건·서식은 제7장(경제)과 연방 법률 및 연방 총의회 규칙으로 정한다.
XR-00121	2373	4487	4487	5	SRC-C05-L02371	REN-C06-A0024	제6장 제7절 제24조	제11장(방위)	[[05_원범위_보존_참조표#^scope-c11|제3장·제9장·제12장·제13장·제14장·제15장·제18장·제21장 중 국가방위·비상사태 대응규정]]	[[05_원범위_보존_참조표#^scope-c11|제3장·제9장·제12장·제13장·제14장·제15장·제18장·제21장 중 국가방위·비상사태 대응규정]]	치환	scope	REN-C03-A0001;REN-C03-A0002;REN-C03-A0003;REN-C09-A0021;REN-C12-A0021;REN-C12-A0033;REN-C13-A0001;REN-C13-A0002;REN-C13-A0003;REN-C13-A0004;REN-C13-A0005;REN-C13-A0006;REN-C13-A0007;REN-C13-A0008;REN-C13-A0009;REN-C13-A0010;REN-C13-A0011;REN-C13-A0012;REN-C13-A0013;REN-C13-A0014;REN-C13-A0015;REN-C13-A0017;REN-C13-A0018;REN-C13-A0019;REN-C13-A0020;REN-C13-A0021;REN-C13-A0022;REN-C13-A0024;REN-C13-A0025;REN-C13-A0026;REN-C13-A0027;REN-C14-A0001;REN-C14-A0002;REN-C14-A0003;REN-C14-A0004;REN-C14-A0006;REN-C14-A0007;REN-C14-A0008;REN-C14-A0010;REN-C14-A0011;REN-C14-A0013;REN-C14-A0014;REN-C14-A0020;REN-C14-A0021;REN-C14-A0022;REN-C14-A0023;REN-C14-A0024;REN-C14-A0028;REN-C14-A0039;REN-C14-A0040;REN-C14-A0041;REN-C14-A0042;REN-C14-A0043;REN-C15-A0064;REN-C15-A0072;REN-C18-A0028;REN-C18-A0029;REN-C18-A0056;REN-C21-A0010		c11	R3.0 구 위치–신 위치 대응	 / 	조약의 체결·비준, 전쟁·사변의 선언·승인의 범위와 절차는 제11장(방위)와 제12장(외교)과 연계하여 연방 법률로 정한다.
XR-00122	2373	4487	4487	5	SRC-C05-L02371	REN-C06-A0024	제6장 제7절 제24조	제12장(외교)	[[05_원범위_보존_참조표#^scope-c12|제14장·제15장·제21장 중 외교 대응규정]]	[[05_원범위_보존_참조표#^scope-c12|제14장·제15장·제21장 중 외교 대응규정]]	치환	scope	REN-C14-A0038;REN-C15-A0001;REN-C15-A0002;REN-C15-A0003;REN-C15-A0004;REN-C15-A0005;REN-C15-A0006;REN-C15-A0007;REN-C15-A0008;REN-C15-A0009;REN-C15-A0010;REN-C15-A0011;REN-C15-A0012;REN-C15-A0013;REN-C15-A0014;REN-C15-A0015;REN-C15-A0016;REN-C15-A0017;REN-C15-A0018;REN-C15-A0019;REN-C15-A0020;REN-C15-A0021;REN-C15-A0022;REN-C15-A0023;REN-C15-A0024;REN-C15-A0025;REN-C15-A0026;REN-C15-A0027;REN-C15-A0028;REN-C15-A0029;REN-C15-A0030;REN-C15-A0031;REN-C15-A0032;REN-C15-A0033;REN-C15-A0034;REN-C15-A0035;REN-C15-A0036;REN-C15-A0037;REN-C15-A0038;REN-C15-A0039;REN-C15-A0040;REN-C15-A0041;REN-C15-A0042;REN-C15-A0044;REN-C15-A0045;REN-C15-A0046;REN-C15-A0047;REN-C15-A0048;REN-C15-A0049;REN-C15-A0050;REN-C15-A0051;REN-C15-A0052;REN-C15-A0053;REN-C15-A0054;REN-C15-A0055;REN-C15-A0056;REN-C15-A0057;REN-C15-A0058;REN-C15-A0059;REN-C15-A0060;REN-C15-A0061;REN-C15-A0062;REN-C15-A0063;REN-C15-A0065;REN-C15-A0066;REN-C15-A0067;REN-C15-A0068;REN-C15-A0069;REN-C15-A0070;REN-C15-A0071;REN-C15-A0073;REN-C15-A0074;REN-C15-A0075;REN-C15-A0076;REN-C15-A0077;REN-C15-A0078;REN-C15-A0079;REN-C15-A0080;REN-C15-A0081;REN-C15-A0082;REN-C15-A0083;REN-C15-A0084;REN-C15-A0085;REN-C15-A0086;REN-C15-A0087;REN-C15-A0088;REN-C15-A0089;REN-C15-A0090;REN-C15-A0091;REN-C15-A0092;REN-C21-S10		c12	R3.0 구 위치–신 위치 대응	 / 	조약의 체결·비준, 전쟁·사변의 선언·승인의 범위와 절차는 제11장(방위)와 제12장(외교)과 연계하여 연방 법률로 정한다.
XR-00123	2417	7026	7026	5	SRC-C05-L02406	REN-C09-A0014	제9장 제4절 제14조	제7장(경제)	[[05_원범위_보존_참조표#^scope-c07|제8장·제9장·제14장·제21장 중 경제·재정 대응규정]]	[[05_원범위_보존_참조표#^scope-c07|제8장·제9장·제14장·제21장 중 경제·재정 대응규정]]	치환	scope	REN-C08-A0001;REN-C08-A0002;REN-C08-A0003;REN-C08-A0004;REN-C08-A0006;REN-C08-A0007;REN-C08-A0008;REN-C08-A0009;REN-C08-A0010;REN-C08-A0011;REN-C08-A0012;REN-C08-A0013;REN-C08-A0014;REN-C08-A0015;REN-C08-A0016;REN-C08-A0017;REN-C08-A0018;REN-C08-A0019;REN-C08-A0020;REN-C08-A0021;REN-C08-A0022;REN-C08-A0023;REN-C08-A0024;REN-C08-A0025;REN-C08-A0026;REN-C08-A0027;REN-C08-A0028;REN-C08-A0029;REN-C08-A0030;REN-C08-A0031;REN-C08-A0032;REN-C08-A0033;REN-C08-A0034;REN-C08-A0035;REN-C08-A0036;REN-C08-A0037;REN-C08-A0038;REN-C08-A0039;REN-C08-A0040;REN-C08-A0041;REN-C08-A0042;REN-C09-A0002;REN-C09-A0004;REN-C09-A0005;REN-C09-A0006;REN-C09-A0007;REN-C09-A0008;REN-C09-A0009;REN-C09-A0010;REN-C09-A0011;REN-C09-A0015;REN-C09-A0016;REN-C09-A0017;REN-C09-A0018;REN-C09-A0020;REN-C09-A0022;REN-C09-A0023;REN-C14-A0029;REN-C14-A0037;REN-C21-S02;REN-C21-S03;REN-C21-S04;REN-C21-S05;REN-C21-A0007		c07	R3.0 구 위치–신 위치 대응	 / 	임시재정의 집행과 제7장(경제)에 기반한 연방 준비 기금과의 협업에 대한 사후점검·감사는 제16장(감사)과 예산정책처 규정에 따른다.
XR-00124	2417	7026	7026	5	SRC-C05-L02406	REN-C09-A0014	제9장 제4절 제14조	제16장(감사)	[[05_원범위_보존_참조표#^scope-c16|제14장·제19장·제21장 중 감사 대응규정]]	[[05_원범위_보존_참조표#^scope-c16|제14장·제19장·제21장 중 감사 대응규정]]	치환	scope	REN-C14-A0032;REN-C19-A0001;REN-C19-A0002;REN-C19-A0004;REN-C19-A0005;REN-C19-A0006;REN-C19-A0007;REN-C19-A0008;REN-C19-A0009;REN-C19-A0010;REN-C19-A0011;REN-C19-A0012;REN-C19-A0013;REN-C19-A0014;REN-C19-A0015;REN-C19-A0016;REN-C19-A0017;REN-C19-A0018;REN-C19-A0019;REN-C19-A0020;REN-C19-A0021;REN-C19-A0022;REN-C19-A0023;REN-C19-A0024;REN-C19-A0025;REN-C19-A0026;REN-C19-A0027;REN-C19-A0028;REN-C19-A0029;REN-C19-A0030;REN-C19-A0031;REN-C19-A0032;REN-C19-A0033;REN-C19-A0034;REN-C21-A0003;REN-C21-A0005		c16	R3.0 구 위치–신 위치 대응	 / 	임시재정의 집행과 제7장(경제)에 기반한 연방 준비 기금과의 협업에 대한 사후점검·감사는 제16장(감사)과 예산정책처 규정에 따른다.
XR-00125	2428	4423	4423	5	SRC-C05-L02423	REN-C06-A0021	제6장 제6절 제21조	제16조	제6장 제22조	제6장 제22조	치환	article	REN-C06-A0022			R3.0 구 위치–신 위치 대응	 / 	전자공표에는 표결기록, 버전, 해시, 전자서명을 포함하며, 제16조에 따른 공개데이터를 포함한다.
XR-00126	2431	4426	4426	5	SRC-C05-L02423	REN-C06-A0021	제6장 제6절 제21조	제11장(국가방위)	[[05_원범위_보존_참조표#^scope-c11|제3장·제9장·제12장·제13장·제14장·제15장·제18장·제21장 중 국가방위·비상사태 대응규정]]	[[05_원범위_보존_참조표#^scope-c11|제3장·제9장·제12장·제13장·제14장·제15장·제18장·제21장 중 국가방위·비상사태 대응규정]]	치환	scope	REN-C03-A0001;REN-C03-A0002;REN-C03-A0003;REN-C09-A0021;REN-C12-A0021;REN-C12-A0033;REN-C13-A0001;REN-C13-A0002;REN-C13-A0003;REN-C13-A0004;REN-C13-A0005;REN-C13-A0006;REN-C13-A0007;REN-C13-A0008;REN-C13-A0009;REN-C13-A0010;REN-C13-A0011;REN-C13-A0012;REN-C13-A0013;REN-C13-A0014;REN-C13-A0015;REN-C13-A0017;REN-C13-A0018;REN-C13-A0019;REN-C13-A0020;REN-C13-A0021;REN-C13-A0022;REN-C13-A0024;REN-C13-A0025;REN-C13-A0026;REN-C13-A0027;REN-C14-A0001;REN-C14-A0002;REN-C14-A0003;REN-C14-A0004;REN-C14-A0006;REN-C14-A0007;REN-C14-A0008;REN-C14-A0010;REN-C14-A0011;REN-C14-A0013;REN-C14-A0014;REN-C14-A0020;REN-C14-A0021;REN-C14-A0022;REN-C14-A0023;REN-C14-A0024;REN-C14-A0028;REN-C14-A0039;REN-C14-A0040;REN-C14-A0041;REN-C14-A0042;REN-C14-A0043;REN-C15-A0064;REN-C15-A0072;REN-C18-A0028;REN-C18-A0029;REN-C18-A0056;REN-C21-A0010		c11	R3.0 구 위치–신 위치 대응	 / 	전시·사변 등 비상명령·고시의 전자공시는 제11장(국가방위)이 정한 기준을 준용하며, 본 조의 포맷·메타데이터 요건을 동일하게 적용한다.
XR-00127	2431	4426	4426	5	SRC-C05-L02423	REN-C06-A0021	제6장 제6절 제21조	본 조	제6장 제21조	제6장 제21조	치환	article	REN-C06-A0021			R3.0 구 위치–신 위치 대응	 / 	전시·사변 등 비상명령·고시의 전자공시는 제11장(국가방위)이 정한 기준을 준용하며, 본 조의 포맷·메타데이터 요건을 동일하게 적용한다.
XR-00128	2434	4429	4429	5	SRC-C05-L02423	REN-C06-A0021	제6장 제6절 제21조	제12장(외교)	[[05_원범위_보존_참조표#^scope-c12|제14장·제15장·제21장 중 외교 대응규정]]	[[05_원범위_보존_참조표#^scope-c12|제14장·제15장·제21장 중 외교 대응규정]]	치환	scope	REN-C14-A0038;REN-C15-A0001;REN-C15-A0002;REN-C15-A0003;REN-C15-A0004;REN-C15-A0005;REN-C15-A0006;REN-C15-A0007;REN-C15-A0008;REN-C15-A0009;REN-C15-A0010;REN-C15-A0011;REN-C15-A0012;REN-C15-A0013;REN-C15-A0014;REN-C15-A0015;REN-C15-A0016;REN-C15-A0017;REN-C15-A0018;REN-C15-A0019;REN-C15-A0020;REN-C15-A0021;REN-C15-A0022;REN-C15-A0023;REN-C15-A0024;REN-C15-A0025;REN-C15-A0026;REN-C15-A0027;REN-C15-A0028;REN-C15-A0029;REN-C15-A0030;REN-C15-A0031;REN-C15-A0032;REN-C15-A0033;REN-C15-A0034;REN-C15-A0035;REN-C15-A0036;REN-C15-A0037;REN-C15-A0038;REN-C15-A0039;REN-C15-A0040;REN-C15-A0041;REN-C15-A0042;REN-C15-A0044;REN-C15-A0045;REN-C15-A0046;REN-C15-A0047;REN-C15-A0048;REN-C15-A0049;REN-C15-A0050;REN-C15-A0051;REN-C15-A0052;REN-C15-A0053;REN-C15-A0054;REN-C15-A0055;REN-C15-A0056;REN-C15-A0057;REN-C15-A0058;REN-C15-A0059;REN-C15-A0060;REN-C15-A0061;REN-C15-A0062;REN-C15-A0063;REN-C15-A0065;REN-C15-A0066;REN-C15-A0067;REN-C15-A0068;REN-C15-A0069;REN-C15-A0070;REN-C15-A0071;REN-C15-A0073;REN-C15-A0074;REN-C15-A0075;REN-C15-A0076;REN-C15-A0077;REN-C15-A0078;REN-C15-A0079;REN-C15-A0080;REN-C15-A0081;REN-C15-A0082;REN-C15-A0083;REN-C15-A0084;REN-C15-A0085;REN-C15-A0086;REN-C15-A0087;REN-C15-A0088;REN-C15-A0089;REN-C15-A0090;REN-C15-A0091;REN-C15-A0092;REN-C21-S10		c12	R3.0 구 위치–신 위치 대응	 / 	국제·우주 조약의 공포·국제등록에 관한 공개·보존·메타데이터는 제12장(외교)이 정한 기준을 준용한다.
XR-00129	2444	4449	4449	5	SRC-C05-L02436	REN-C06-A0022	제6장 제6절 제22조	제4장	[[05_원범위_보존_참조표#^scope-c04|제4장·제5장·제7장·제13장·제14장·제15장·제21장 중 행정 대응규정]]	[[05_원범위_보존_참조표#^scope-c04|제4장·제5장·제7장·제13장·제14장·제15장·제21장 중 행정 대응규정]]	치환	scope	REN-C04-A0006;REN-C04-A0007;REN-C04-A0010;REN-C05-A0001;REN-C05-A0002;REN-C05-A0003;REN-C05-A0004;REN-C05-A0005;REN-C05-A0006;REN-C05-A0007;REN-C05-A0008;REN-C05-A0009;REN-C05-A0010;REN-C05-A0011;REN-C05-A0012;REN-C05-A0013;REN-C05-A0014;REN-C05-A0015;REN-C05-A0016;REN-C05-A0017;REN-C05-A0018;REN-C05-A0019;REN-C05-A0020;REN-C05-A0021;REN-C05-A0022;REN-C05-A0023;REN-C05-A0024;REN-C05-A0025;REN-C05-A0026;REN-C05-A0027;REN-C05-A0028;REN-C05-A0029;REN-C05-A0030;REN-C05-A0031;REN-C05-A0032;REN-C05-A0033;REN-C05-A0034;REN-C05-A0035;REN-C05-A0036;REN-C05-A0037;REN-C05-A0038;REN-C05-A0039;REN-C05-A0040;REN-C05-A0041;REN-C05-A0042;REN-C05-A0043;REN-C07-A0059;REN-C13-A0016;REN-C14-A0017;REN-C14-A0036;REN-C15-A0043;REN-C21-S07;REN-C21-A0006		c04	R3.0 구 위치–신 위치 대응	 / 	입법 API와 데이터세트는 행정 정보 표준에서 정한 공공 API 레지스트리에 등록한다(제4장; 행정 참조).
XR-00130	2488	4575	4575	5	SRC-C05-L02486	REN-C06-A0028	제6장 제8절 제28조	본 조	제6장 제28조	제6장 제28조	치환	article	REN-C06-A0028			R3.0 구 위치–신 위치 대응	 / 	본 조는 의회 내부 절차분쟁에 한정하여 적용한다. 기관 간 권한쟁의는 제6장(사법)을 따른다.
XR-00131	2488	4575	4575	5	SRC-C05-L02486	REN-C06-A0028	제6장 제8절 제28조	제6장(사법)	[[05_원범위_보존_참조표#^scope-c06|제7장·제13장·제14장·제17장·제21장 중 사법 대응규정]]	[[05_원범위_보존_참조표#^scope-c06|제7장·제13장·제14장·제17장·제21장 중 사법 대응규정]]	치환	scope	REN-C07-A0001;REN-C07-A0002;REN-C07-A0003;REN-C07-A0004;REN-C07-A0005;REN-C07-A0006;REN-C07-A0007;REN-C07-A0008;REN-C07-A0009;REN-C07-A0010;REN-C07-A0011;REN-C07-A0012;REN-C07-A0013;REN-C07-A0014;REN-C07-A0015;REN-C07-A0016;REN-C07-A0017;REN-C07-A0018;REN-C07-A0019;REN-C07-A0020;REN-C07-A0021;REN-C07-A0022;REN-C07-A0023;REN-C07-A0024;REN-C07-A0025;REN-C07-A0026;REN-C07-A0027;REN-C07-A0028;REN-C07-A0029;REN-C07-A0030;REN-C07-A0031;REN-C07-A0032;REN-C07-A0033;REN-C07-A0034;REN-C07-A0035;REN-C07-A0036;REN-C07-A0037;REN-C07-A0038;REN-C07-A0039;REN-C07-A0040;REN-C07-A0041;REN-C07-A0042;REN-C07-A0043;REN-C07-A0044;REN-C07-A0045;REN-C07-A0046;REN-C07-A0047;REN-C07-A0048;REN-C07-A0049;REN-C07-A0050;REN-C07-A0051;REN-C07-A0052;REN-C07-A0053;REN-C07-A0054;REN-C07-A0055;REN-C07-A0056;REN-C07-A0057;REN-C07-A0058;REN-C13-A0023;REN-C14-A0019;REN-C17-A0006;REN-C17-A0007;REN-C21-S01		c06	R3.0 구 위치–신 위치 대응	 / 	본 조는 의회 내부 절차분쟁에 한정하여 적용한다. 기관 간 권한쟁의는 제6장(사법)을 따른다.
XR-00132	2506	4613	4613	5	SRC-C05-L02501	REN-C06-A0030	제6장 제8절 제30조	제1장(권리장전)	[[05_원범위_보존_참조표#^scope-c01|제1장·제2장·제3장 중 권리장전 대응규정]]	[[05_원범위_보존_참조표#^scope-c01|제1장·제2장·제3장 중 권리장전 대응규정]]	치환	scope	REN-C01-A0001;REN-C01-A0002;REN-C01-A0003;REN-C01-A0004;REN-C01-A0005;REN-C01-A0006;REN-C01-A0007;REN-C01-A0008;REN-C01-A0009;REN-C01-A0010;REN-C01-A0011;REN-C01-A0012;REN-C01-A0013;REN-C01-A0014;REN-C01-A0015;REN-C01-A0016;REN-C01-A0017;REN-C01-A0018;REN-C01-A0019;REN-C01-A0020;REN-C01-A0021;REN-C01-A0022;REN-C01-A0023;REN-C01-A0024;REN-C01-A0025;REN-C01-A0026;REN-C01-A0027;REN-C01-A0028;REN-C01-A0029;REN-C01-A0030;REN-C01-A0031;REN-C01-A0032;REN-C01-A0033;REN-C01-A0034;REN-C01-A0035;REN-C01-A0036;REN-C01-A0037;REN-C01-A0038;REN-C01-A0039;REN-C01-A0040;REN-C01-A0041;REN-C01-A0042;REN-C01-A0043;REN-C01-A0044;REN-C01-A0045;REN-C02-A0029;REN-C03-A0012		c01	R3.0 구 위치–신 위치 대응	 / 	의회자율권은 제1장(권리장전) 및 연방 헌법의 최상위 규범 통제를 받는다.
XR-00133	2515	4632	4632	5	SRC-C05-L02513	REN-C06-A0031	제6장 제8절 제31조	본 장	[[05_원범위_보존_참조표#^scope-c05|제6장·제9장·제14장·제21장 중 입법 대응규정]]	[[05_원범위_보존_참조표#^scope-c05|제6장·제9장·제14장·제21장 중 입법 대응규정]]	치환	scope	REN-C06-A0001;REN-C06-A0002;REN-C06-A0003;REN-C06-A0004;REN-C06-A0005;REN-C06-A0006;REN-C06-A0007;REN-C06-A0008;REN-C06-A0012;REN-C06-A0013;REN-C06-A0014;REN-C06-A0015;REN-C06-A0016;REN-C06-A0017;REN-C06-A0018;REN-C06-A0019;REN-C06-A0020;REN-C06-A0021;REN-C06-A0022;REN-C06-A0023;REN-C06-A0024;REN-C06-A0025;REN-C06-A0026;REN-C06-A0028;REN-C06-A0029;REN-C06-A0030;REN-C06-A0031;REN-C09-A0012;REN-C09-A0013;REN-C09-A0014;REN-C14-A0018;REN-C21-S11		c05	R3.0 구 위치–신 위치 대응	 / 	본 장의 세부는 연방 법률과 각 원의 규칙에 위임한다.
XR-00134	2567	4692	4692	6	SRC-C06-L02550	REN-C07-A0002	제7장 제1절 제2조	본 장 제10조	제7장 제52조	제7장 제52조	치환	article	REN-C07-A0052			R3.0 구 위치–신 위치 대응	 / 	"""우선도 매트릭스(Priority matrix)""란, 본 장 제10조에서 정한 우선심리 순위 기준 체계를 말한다."
XR-00135	2570	4695	4695	6	SRC-C06-L02550	REN-C07-A0002	제7장 제1절 제2조	본 장 제13조	제7장 제55조	제7장 제55조	치환	article	REN-C07-A0055			R3.0 구 위치–신 위치 대응	 / 	"""허가 간주(permitted-by-default)""란, 본 장 제13조에 따라 상고허가 요건 충족 시 별도 결정 없이 허가된 것으로 보는 특례를 말한다."
XR-00136	2584	4736	4736	6	SRC-C06-L02579	REN-C07-A0004	제7장 제2절 제4조	전항	제7장 제4조 제1항	제7장 제4조 제1항	치환	subordinate	REN-C07-A0004	SRC-C06-L02579-N001--REN-C07-A0004		R3.0 구 위치–신 위치 대응	 / 	전항에서 열거되지 아니한 헌법사안은 연방 법률·황제령으로 명시하여 배당·관할한다.
XR-00137	2611	5605	5605	6	SRC-C06-L02603	REN-C07-A0048	제7장 제9절 제48조	본 조	제7장 제48조	제7장 제48조	치환	article	REN-C07-A0048			R3.0 구 위치–신 위치 대응	 / 	본 조의 강제 트랙을 이하 '3-3 배당 트랙'이라 한다.
XR-00138	2620	5624	5624	6	SRC-C06-L02615	REN-C07-A0049	제7장 제9절 제49조	각 호	각 호	각 호	일반표현 유지	unchanged-generic				번호 없는 일반 열거표현 유지	 / 	적용 범위는 다음 각 호와 같다.
XR-00139	2630	5634	5634	6	SRC-C06-L02615	REN-C07-A0049	제7장 제9절 제49조	전 항	제7장 제49조 제2항	제7장 제49조 제2항	치환	subordinate	REN-C07-A0049	SRC-C06-L02615-N002--REN-C07-A0049		R3.0 구 위치–신 위치 대응	 / 	전 항 각 호 중 헌법사안을 포함하는 때에는, 그 부분을 연방 헌법원에 회부하되, 본 트랙의 심급 구조와 신속심리 원칙은 유지한다.
XR-00140	2630	5634	5634	6	SRC-C06-L02615	REN-C07-A0049	제7장 제9절 제49조	각 호	각 호	각 호	일반표현 유지	unchanged-generic				번호 없는 일반 열거표현 유지	 / 	전 항 각 호 중 헌법사안을 포함하는 때에는, 그 부분을 연방 헌법원에 회부하되, 본 트랙의 심급 구조와 신속심리 원칙은 유지한다.
XR-00141	2697	5761	5761	6	SRC-C06-L02695	REN-C07-A0055	제7장 제9절 제55조	각 호	각 호	각 호	일반표현 유지	unchanged-generic				번호 없는 일반 열거표현 유지	 / 	연방 대법원 상고허가제가 시행되는 경우에도, 3-3 사건은 다음 각 호 중 어느 하나에 해당하면 허가로 간주한다.
XR-00142	2724	5808	5808	6	SRC-C06-L02719	REN-C07-A0057	제7장 제9절 제57조	본 장	[[05_원범위_보존_참조표#^scope-c06|제7장·제13장·제14장·제17장·제21장 중 사법 대응규정]]	[[05_원범위_보존_참조표#^scope-c06|제7장·제13장·제14장·제17장·제21장 중 사법 대응규정]]	치환	scope	REN-C07-A0001;REN-C07-A0002;REN-C07-A0003;REN-C07-A0004;REN-C07-A0005;REN-C07-A0006;REN-C07-A0007;REN-C07-A0008;REN-C07-A0009;REN-C07-A0010;REN-C07-A0011;REN-C07-A0012;REN-C07-A0013;REN-C07-A0014;REN-C07-A0015;REN-C07-A0016;REN-C07-A0017;REN-C07-A0018;REN-C07-A0019;REN-C07-A0020;REN-C07-A0021;REN-C07-A0022;REN-C07-A0023;REN-C07-A0024;REN-C07-A0025;REN-C07-A0026;REN-C07-A0027;REN-C07-A0028;REN-C07-A0029;REN-C07-A0030;REN-C07-A0031;REN-C07-A0032;REN-C07-A0033;REN-C07-A0034;REN-C07-A0035;REN-C07-A0036;REN-C07-A0037;REN-C07-A0038;REN-C07-A0039;REN-C07-A0040;REN-C07-A0041;REN-C07-A0042;REN-C07-A0043;REN-C07-A0044;REN-C07-A0045;REN-C07-A0046;REN-C07-A0047;REN-C07-A0048;REN-C07-A0049;REN-C07-A0050;REN-C07-A0051;REN-C07-A0052;REN-C07-A0053;REN-C07-A0054;REN-C07-A0055;REN-C07-A0056;REN-C07-A0057;REN-C07-A0058;REN-C13-A0023;REN-C14-A0019;REN-C17-A0006;REN-C17-A0007;REN-C21-S01		c06	R3.0 구 위치–신 위치 대응	 / 	하위 법규는 본 장의 원칙과 연방 법률·황제령의 범위를 일탈할 수 없다.
XR-00143	2733	5827	5827	6	SRC-C06-L02728	REN-C07-A0058	제7장 제9절 제58조	제9조	제7장 제51조	제7장 제51조	치환	article	REN-C07-A0051			R3.0 구 위치–신 위치 대응	 / 	사건 접수 즉시 전담부 자동배당을 원칙으로 하며(제9조), 진행 중 헌법사안이 존재하는 부분은 연방 헌법원으로 회부한다(제9조, 제5조 제1항, 제3조). 관할 위반은 무효 또는 취소 사유가 된다(제14조).
XR-00144	2733	5827	5827	6	SRC-C06-L02728	REN-C07-A0058	제7장 제9절 제58조	제9조	제7장 제51조	제7장 제51조	치환	article	REN-C07-A0051			R3.0 구 위치–신 위치 대응	 / 	사건 접수 즉시 전담부 자동배당을 원칙으로 하며(제9조), 진행 중 헌법사안이 존재하는 부분은 연방 헌법원으로 회부한다(제9조, 제5조 제1항, 제3조). 관할 위반은 무효 또는 취소 사유가 된다(제14조).
XR-00145	2733	5827	5827	6	SRC-C06-L02728	REN-C07-A0058	제7장 제9절 제58조	제5조 제1항	제7장 제6조 제1항	제7장 제6조 제1항	치환	subordinate	REN-C07-A0006	SRC-C06-L02594-N001--REN-C07-A0006		R3.0 구 위치–신 위치 대응	 / 	사건 접수 즉시 전담부 자동배당을 원칙으로 하며(제9조), 진행 중 헌법사안이 존재하는 부분은 연방 헌법원으로 회부한다(제9조, 제5조 제1항, 제3조). 관할 위반은 무효 또는 취소 사유가 된다(제14조).
XR-00146	2733	5827	5827	6	SRC-C06-L02728	REN-C07-A0058	제7장 제9절 제58조	제3조	제7장 제4조	제7장 제4조	치환	article	REN-C07-A0004			R3.0 구 위치–신 위치 대응	 / 	사건 접수 즉시 전담부 자동배당을 원칙으로 하며(제9조), 진행 중 헌법사안이 존재하는 부분은 연방 헌법원으로 회부한다(제9조, 제5조 제1항, 제3조). 관할 위반은 무효 또는 취소 사유가 된다(제14조).
XR-00147	2733	5827	5827	6	SRC-C06-L02728	REN-C07-A0058	제7장 제9절 제58조	제14조	제7장 제56조	제7장 제56조	치환	article	REN-C07-A0056			R3.0 구 위치–신 위치 대응	 / 	사건 접수 즉시 전담부 자동배당을 원칙으로 하며(제9조), 진행 중 헌법사안이 존재하는 부분은 연방 헌법원으로 회부한다(제9조, 제5조 제1항, 제3조). 관할 위반은 무효 또는 취소 사유가 된다(제14조).
XR-00148	2736	5830	5830	6	SRC-C06-L02728	REN-C07-A0058	제7장 제9절 제58조	제10조	제7장 제52조	제7장 제52조	치환	article	REN-C07-A0052			R3.0 구 위치–신 위치 대응	 / 	우선배당·우선심리 및 선거일정 연동 기한을 준수한다(제10조). 긴급구제와 증거보전 특례를 적용한다(제11조).
XR-00149	2736	5830	5830	6	SRC-C06-L02728	REN-C07-A0058	제7장 제9절 제58조	제11조	제7장 제53조	제7장 제53조	치환	article	REN-C07-A0053			R3.0 구 위치–신 위치 대응	 / 	우선배당·우선심리 및 선거일정 연동 기한을 준수한다(제10조). 긴급구제와 증거보전 특례를 적용한다(제11조).
XR-00150	2739	5833	5833	6	SRC-C06-L02728	REN-C07-A0058	제7장 제9절 제58조	제12조	제7장 제54조	제7장 제54조	치환	article	REN-C07-A0054			R3.0 구 위치–신 위치 대응	 / 	소송기록, 통계, 결과의 기계가독 공개와 API 제공을 이행한다(제12조). 기술, 전자공표, 보안 규격은 제41조 및 제40조의2를 준용한다. 감사추적(Audit log) 원칙을 적용한다.
XR-00151	2739	5833	5833	6	SRC-C06-L02728	REN-C07-A0058	제7장 제9절 제58조	제41조		〔구 인용: 제41조 · 대상 확인 필요〕[^r4-xr-00151]	확인 필요·치환 보류	number				원문 인용대상 확인 보류	기술·전자공표·보안 규격의 준용 대상으로 적었으나 구 제6장 제41조는 사법독립의 강행 보장임 / 참조번호가 존재하는 것과 인용 취지가 일치하는 것은 별개이므로 원문 인용을 명시적으로 보류	소송기록, 통계, 결과의 기계가독 공개와 API 제공을 이행한다(제12조). 기술, 전자공표, 보안 규격은 제41조 및 제40조의2를 준용한다. 감사추적(Audit log) 원칙을 적용한다.
XR-00152	2739	5833	5833	6	SRC-C06-L02728	REN-C07-A0058	제7장 제9절 제58조	제40조의2		〔구 인용: 제40조의2 · 대상 확인 필요〕[^r4-xr-00152]	확인 필요·치환 보류	number				원문 인용대상 확인 보류	기술·전자공표·보안 규격의 준용 대상으로 적었으나 구 제6장 제40조의2는 최고법원 구성·임기 규정임 / 참조번호가 존재하는 것과 인용 취지가 일치하는 것은 별개이므로 원문 인용을 명시적으로 보류	소송기록, 통계, 결과의 기계가독 공개와 API 제공을 이행한다(제12조). 기술, 전자공표, 보안 규격은 제41조 및 제40조의2를 준용한다. 감사추적(Audit log) 원칙을 적용한다.
XR-00153	2742	5836	5836	6	SRC-C06-L02728	REN-C07-A0058	제7장 제9절 제58조	제13조	제7장 제55조	제7장 제55조	치환	article	REN-C07-A0055			R3.0 구 위치–신 위치 대응	 / 	3-3 사건은 상고허가제를 적용하되, 요건을 충족하념 허가로 간주한다(제13조). 필요시 전원합의체에 회부 가능하다(제13조).
XR-00154	2742	5836	5836	6	SRC-C06-L02728	REN-C07-A0058	제7장 제9절 제58조	제13조	제7장 제55조	제7장 제55조	치환	article	REN-C07-A0055			R3.0 구 위치–신 위치 대응	 / 	3-3 사건은 상고허가제를 적용하되, 요건을 충족하념 허가로 간주한다(제13조). 필요시 전원합의체에 회부 가능하다(제13조).
XR-00155	2745	5839	5839	6	SRC-C06-L02728	REN-C07-A0058	제7장 제9절 제58조	제5장(입법)	[[05_원범위_보존_참조표#^scope-c05|제6장·제9장·제14장·제21장 중 입법 대응규정]]	[[05_원범위_보존_참조표#^scope-c05|제6장·제9장·제14장·제21장 중 입법 대응규정]]	치환	scope	REN-C06-A0001;REN-C06-A0002;REN-C06-A0003;REN-C06-A0004;REN-C06-A0005;REN-C06-A0006;REN-C06-A0007;REN-C06-A0008;REN-C06-A0012;REN-C06-A0013;REN-C06-A0014;REN-C06-A0015;REN-C06-A0016;REN-C06-A0017;REN-C06-A0018;REN-C06-A0019;REN-C06-A0020;REN-C06-A0021;REN-C06-A0022;REN-C06-A0023;REN-C06-A0024;REN-C06-A0025;REN-C06-A0026;REN-C06-A0028;REN-C06-A0029;REN-C06-A0030;REN-C06-A0031;REN-C09-A0012;REN-C09-A0013;REN-C09-A0014;REN-C14-A0018;REN-C21-S11		c05	R3.0 구 위치–신 위치 대응	 / 	제5장(입법) 관련 선언과 저촉 시, 본 절의 강제 트랙을 우선 적용하며(제6조 제3항), 제2장(연방총칙), 제15장(정보) 규정을 준용한다. 감사추적 원칙을 적용한다.
XR-00156	2745	5839	5839	6	SRC-C06-L02728	REN-C07-A0058	제7장 제9절 제58조	본 절	[[05_원범위_보존_참조표#^scope-c06-sf4977e3a|제7장 중 관할과 배당 대응규정]]	[[05_원범위_보존_참조표#^scope-c06-sf4977e3a|제7장 중 관할과 배당 대응규정]]	치환	scope	REN-C07-A0004;REN-C07-A0005;REN-C07-A0006;REN-C07-A0048;REN-C07-A0049;REN-C07-A0050;REN-C07-A0051;REN-C07-A0052;REN-C07-A0053;REN-C07-A0054;REN-C07-A0055;REN-C07-A0056;REN-C07-A0057;REN-C07-A0058		c06-sf4977e3a	R3.0 구 위치–신 위치 대응	 / 	제5장(입법) 관련 선언과 저촉 시, 본 절의 강제 트랙을 우선 적용하며(제6조 제3항), 제2장(연방총칙), 제15장(정보) 규정을 준용한다. 감사추적 원칙을 적용한다.
XR-00157	2745	5839	5839	6	SRC-C06-L02728	REN-C07-A0058	제7장 제9절 제58조	제6조 제3항	제7장 제48조 제3항	제7장 제48조 제3항	치환	subordinate	REN-C07-A0048	SRC-C06-L02603-N003--REN-C07-A0048		R3.0 구 위치–신 위치 대응	 / 	제5장(입법) 관련 선언과 저촉 시, 본 절의 강제 트랙을 우선 적용하며(제6조 제3항), 제2장(연방총칙), 제15장(정보) 규정을 준용한다. 감사추적 원칙을 적용한다.
XR-00158	2745	5839	5839	6	SRC-C06-L02728	REN-C07-A0058	제7장 제9절 제58조	제2장(연방총칙)	[[05_원범위_보존_참조표#^scope-c02|제2장·제3장·제8장·제9장·제12장·제19장·제21장 중 연방총칙 대응규정]]	[[05_원범위_보존_참조표#^scope-c02|제2장·제3장·제8장·제9장·제12장·제19장·제21장 중 연방총칙 대응규정]]	치환	scope	REN-C02-A0001;REN-C02-A0002;REN-C02-A0003;REN-C02-A0004;REN-C02-A0005;REN-C02-A0006;REN-C02-A0007;REN-C02-A0008;REN-C02-A0009;REN-C02-A0010;REN-C02-A0011;REN-C02-A0012;REN-C02-A0013;REN-C02-A0014;REN-C02-A0015;REN-C02-A0016;REN-C02-A0017;REN-C02-A0018;REN-C02-A0019;REN-C02-A0020;REN-C02-A0021;REN-C02-A0022;REN-C02-A0023;REN-C02-A0024;REN-C02-A0025;REN-C02-A0026;REN-C02-A0027;REN-C02-A0030;REN-C02-A0031;REN-C02-A0032;REN-C02-A0033;REN-C02-A0034;REN-C02-A0035;REN-C02-A0036;REN-C03-A0004;REN-C03-A0005;REN-C03-A0006;REN-C03-A0007;REN-C03-A0008;REN-C03-A0009;REN-C03-A0010;REN-C03-A0011;REN-C03-A0013;REN-C03-A0014;REN-C08-A0005;REN-C09-A0001;REN-C09-A0003;REN-C09-A0019;REN-C12-A0009;REN-C19-A0003;REN-C21-A0009		c02	R3.0 구 위치–신 위치 대응	 / 	제5장(입법) 관련 선언과 저촉 시, 본 절의 강제 트랙을 우선 적용하며(제6조 제3항), 제2장(연방총칙), 제15장(정보) 규정을 준용한다. 감사추적 원칙을 적용한다.
XR-00159	2745	5839	5839	6	SRC-C06-L02728	REN-C07-A0058	제7장 제9절 제58조	제15장(정보)	[[05_원범위_보존_참조표#^scope-c15|제2장·제18장·제21장 중 정보 대응규정]]	[[05_원범위_보존_참조표#^scope-c15|제2장·제18장·제21장 중 정보 대응규정]]	치환	scope	REN-C02-A0028;REN-C18-A0001;REN-C18-A0002;REN-C18-A0003;REN-C18-A0004;REN-C18-A0005;REN-C18-A0006;REN-C18-A0007;REN-C18-A0008;REN-C18-A0009;REN-C18-A0010;REN-C18-A0011;REN-C18-A0012;REN-C18-A0013;REN-C18-A0014;REN-C18-A0015;REN-C18-A0016;REN-C18-A0017;REN-C18-A0018;REN-C18-A0019;REN-C18-A0020;REN-C18-A0021;REN-C18-A0022;REN-C18-A0023;REN-C18-A0024;REN-C18-A0025;REN-C18-A0026;REN-C18-A0027;REN-C18-A0030;REN-C18-A0031;REN-C18-A0032;REN-C18-A0033;REN-C18-A0034;REN-C18-A0035;REN-C18-A0036;REN-C18-A0037;REN-C18-A0038;REN-C18-A0039;REN-C18-A0040;REN-C18-A0041;REN-C18-A0042;REN-C18-A0043;REN-C18-A0044;REN-C18-A0045;REN-C18-A0046;REN-C18-A0047;REN-C18-A0048;REN-C18-A0049;REN-C18-A0050;REN-C18-A0051;REN-C18-A0052;REN-C18-A0053;REN-C18-A0054;REN-C18-A0055;REN-C21-A0002		c15	R3.0 구 위치–신 위치 대응	 / 	제5장(입법) 관련 선언과 저촉 시, 본 절의 강제 트랙을 우선 적용하며(제6조 제3항), 제2장(연방총칙), 제15장(정보) 규정을 준용한다. 감사추적 원칙을 적용한다.
XR-00160	2840	16490	16490	6	SRC-C06-L02838	REN-C17-A0006	제17장 제2절 제6조	각 호	각 호	각 호	일반표현 유지	unchanged-generic				번호 없는 일반 열거표현 유지	 / 	다음 각 호의 주체는 연방 헌법원의 헌법 심사 개시를 요청할 수 있다.
XR-00161	2854	16504	16504	6	SRC-C06-L02838	REN-C17-A0006	제17장 제2절 제6조	총강 제20조	총강 제21조 및 제17장 제25조	총강 제21조 및 제17장 제25조	치환	article	REN-C00-A0021;REN-C17-A0025			R3.0 구 위치–신 위치 대응	 / 	헌법 심사가 개시되면, 총강 제20조의 절차가 즉시 개시된 것으로 본다.
XR-00162	2860	16520	16520	6	SRC-C06-L02858	REN-C17-A0007	제17장 제2절 제7조	각 호	각 호	각 호	일반표현 유지	unchanged-generic				번호 없는 일반 열거표현 유지	 / 	요청서는 대상 조문, 개정 방향, 필요성과 이유를 기재하고 다음 각 호의 문서를 첨부해야 한다.
XR-00163	2881	5041	5041	6	SRC-C06-L02876	REN-C07-A0020	제7장 제5절 제20조	본 조	제7장 제20조	제7장 제20조	치환	article	REN-C07-A0020			R3.0 구 위치–신 위치 대응	 / 	각 심급의 표준처리 기간, 연기 허용 사유, 우선심리 사유의 틀은 연방 법률로 정하며, 각 법원은 분기별 준수율을 공시한다. 본 조의 공시는 분기 단위(3개월)를 원칙으로 하며, 제35조의 통계 공개와 주기를 일치시킨다.
XR-00164	2881	5041	5041	6	SRC-C06-L02876	REN-C07-A0020	제7장 제5절 제20조	제35조	제7장 제34조	제7장 제34조	치환	article	REN-C07-A0034			R3.0 구 위치–신 위치 대응	 / 	각 심급의 표준처리 기간, 연기 허용 사유, 우선심리 사유의 틀은 연방 법률로 정하며, 각 법원은 분기별 준수율을 공시한다. 본 조의 공시는 분기 단위(3개월)를 원칙으로 하며, 제35조의 통계 공개와 주기를 일치시킨다.
XR-00165	2896	5076	5076	6	SRC-C06-L02891	REN-C07-A0022	제7장 제5절 제22조	제34조(오판에 대한 국가배상)	제7장 제30조(오판에 대한 국가배상)	제7장 제30조(오판에 대한 국가배상)[^r4-xr-00165]	원문 대조 보정 후 치환	article	REN-C07-A0030			R3.0 구 위치–신 위치 대응	 / 원문 조 번호·표제 불일치: '오판에 대한 국가배상'의 유일한 원문 표제로 대상을 식별	보호조치의 불이행 또는 위반으로 인한 손해에 대하여는 제34조(오판에 대한 국가배상) 등 관련 규정에 따른 구제 및 배상을 명할 수 있다.
XR-00166	2916	5126	5126	6	SRC-C06-L02914	REN-C07-A0025	제7장 제5절 제25조	제1장(권리장전)	[[05_원범위_보존_참조표#^scope-c01|제1장·제2장·제3장 중 권리장전 대응규정]]	[[05_원범위_보존_참조표#^scope-c01|제1장·제2장·제3장 중 권리장전 대응규정]]	치환	scope	REN-C01-A0001;REN-C01-A0002;REN-C01-A0003;REN-C01-A0004;REN-C01-A0005;REN-C01-A0006;REN-C01-A0007;REN-C01-A0008;REN-C01-A0009;REN-C01-A0010;REN-C01-A0011;REN-C01-A0012;REN-C01-A0013;REN-C01-A0014;REN-C01-A0015;REN-C01-A0016;REN-C01-A0017;REN-C01-A0018;REN-C01-A0019;REN-C01-A0020;REN-C01-A0021;REN-C01-A0022;REN-C01-A0023;REN-C01-A0024;REN-C01-A0025;REN-C01-A0026;REN-C01-A0027;REN-C01-A0028;REN-C01-A0029;REN-C01-A0030;REN-C01-A0031;REN-C01-A0032;REN-C01-A0033;REN-C01-A0034;REN-C01-A0035;REN-C01-A0036;REN-C01-A0037;REN-C01-A0038;REN-C01-A0039;REN-C01-A0040;REN-C01-A0041;REN-C01-A0042;REN-C01-A0043;REN-C01-A0044;REN-C01-A0045;REN-C02-A0029;REN-C03-A0012		c01	R3.0 구 위치–신 위치 대응	 / 	중재·조정 등 기타 대체적 분쟁해결 제도는 연방 법률·황제령이 정하는 바에 따라 효력을 가진다. 제1장(권리장전) 및 기본권의 본질적 내용 침해 또는 중대한 절차위반이 있는 경우 연방 법원은 이를 사법심사할 수 있다.
XR-00167	2952	5192	5192	6	SRC-C06-L02944	REN-C07-A0028	제7장 제5절 제28조	본 조	제7장 제28조	제7장 제28조	치환	article	REN-C07-A0028			R3.0 구 위치–신 위치 대응	 / 	본 조의 이행을 위한 세부는 연방 법률·황제령으로 정한다.
XR-00168	2966	5297	5297	6	SRC-C06-L02961	REN-C07-A0034	제7장 제6절 제34조	각 호	각 호	각 호	일반표현 유지	unchanged-generic				번호 없는 일반 열거표현 유지	 / 	상고허가는 다음 각 호의 어느 하나에 해당하는 경우에 할 수 있다.
XR-00169	3143	4879	4879	6	SRC-C06-L03138	REN-C07-A0012	제7장 제3절 제12조	각 호	각 호	각 호	일반표현 유지	unchanged-generic				번호 없는 일반 열거표현 유지	 / 	다음 각 호의 필수 기능을 사법 지원기구는 상시 확보한다.
XR-00170	3208	20265	20265	6	SRC-C06-L03206	REN-C21-S01	제21장 제1절 부칙·별표자료 S01	본 장	[[05_원범위_보존_참조표#^scope-c06|제7장·제13장·제14장·제17장·제21장 중 사법 대응규정]]	[[05_원범위_보존_참조표#^scope-c06|제7장·제13장·제14장·제17장·제21장 중 사법 대응규정]]	치환	scope	REN-C07-A0001;REN-C07-A0002;REN-C07-A0003;REN-C07-A0004;REN-C07-A0005;REN-C07-A0006;REN-C07-A0007;REN-C07-A0008;REN-C07-A0009;REN-C07-A0010;REN-C07-A0011;REN-C07-A0012;REN-C07-A0013;REN-C07-A0014;REN-C07-A0015;REN-C07-A0016;REN-C07-A0017;REN-C07-A0018;REN-C07-A0019;REN-C07-A0020;REN-C07-A0021;REN-C07-A0022;REN-C07-A0023;REN-C07-A0024;REN-C07-A0025;REN-C07-A0026;REN-C07-A0027;REN-C07-A0028;REN-C07-A0029;REN-C07-A0030;REN-C07-A0031;REN-C07-A0032;REN-C07-A0033;REN-C07-A0034;REN-C07-A0035;REN-C07-A0036;REN-C07-A0037;REN-C07-A0038;REN-C07-A0039;REN-C07-A0040;REN-C07-A0041;REN-C07-A0042;REN-C07-A0043;REN-C07-A0044;REN-C07-A0045;REN-C07-A0046;REN-C07-A0047;REN-C07-A0048;REN-C07-A0049;REN-C07-A0050;REN-C07-A0051;REN-C07-A0052;REN-C07-A0053;REN-C07-A0054;REN-C07-A0055;REN-C07-A0056;REN-C07-A0057;REN-C07-A0058;REN-C13-A0023;REN-C14-A0019;REN-C17-A0006;REN-C17-A0007;REN-C21-S01		c06	R3.0 구 위치–신 위치 대응	 / 	본 장의 개정으로 인한 심급, 배당, 공개 규정의 경과 적용은 다음 각 호에 따른다.
XR-00171	3208	20265	20265	6	SRC-C06-L03206	REN-C21-S01	제21장 제1절 부칙·별표자료 S01	각 호	각 호	각 호	일반표현 유지	unchanged-generic				번호 없는 일반 열거표현 유지	 / 	본 장의 개정으로 인한 심급, 배당, 공개 규정의 경과 적용은 다음 각 호에 따른다.
XR-00172	3227	5881	5881	7	SRC-C07-L03219	REN-C08-A0001	제8장 제1절 제1조	본 장 제12조		〔구 인용: 본 장 제12조 · 대상 확인 필요〕[^r4-xr-00172]	확인 필요·치환 보류	number				원문 인용대상 확인 보류	정책명령의 효력 범위를 인용했으나 구 제7장 제12조는 재정정보 공개에 관한 규정임 / 참조번호가 존재하는 것과 인용 취지가 일치하는 것은 별개이므로 원문 인용을 명시적으로 보류	연방 준비 기금의 정책 명령은 본 장 제12조 및 제6조의2(특별명령)에서 정한 범위에서 효력을 가지며, 연방 행정명령·고시와 동급의 효력을 가진다. 연방 황제가 사후 재가한 경우에는 연방 황제령과 동급의 지위를 가진다.
XR-00173	3227	5881	5881	7	SRC-C07-L03219	REN-C08-A0001	제8장 제1절 제1조	제6조의2(특별명령)	제8장 제40조(특별명령)	제8장 제40조(특별명령)	치환	article	REN-C08-A0040			R3.0 구 위치–신 위치 대응	 / 인용 뒤 설명 '특별명령'은 원 표제와 완전 일치하지 않음; 번호로 존재하는 대상만 대응	연방 준비 기금의 정책 명령은 본 장 제12조 및 제6조의2(특별명령)에서 정한 범위에서 효력을 가지며, 연방 행정명령·고시와 동급의 효력을 가진다. 연방 황제가 사후 재가한 경우에는 연방 황제령과 동급의 지위를 가진다.
XR-00174	3249	5923	5923	7	SRC-C07-L03241	REN-C08-A0003	제8장 제1절 제3조	제6조의8	제8장 제29조	제8장 제29조	치환	article	REN-C08-A0029			R3.0 구 위치–신 위치 대응	 / 	목표 변경에 따른 회의록·표결기록은 제6조의8의 공개 기준을 따른다.
XR-00175	3261	5994	5994	7	SRC-C07-L03253	REN-C08-A0006	제8장 제2절 제6조	본 장	[[05_원범위_보존_참조표#^scope-c07|제8장·제9장·제14장·제21장 중 경제·재정 대응규정]]	[[05_원범위_보존_참조표#^scope-c07|제8장·제9장·제14장·제21장 중 경제·재정 대응규정]]	치환	scope	REN-C08-A0001;REN-C08-A0002;REN-C08-A0003;REN-C08-A0004;REN-C08-A0006;REN-C08-A0007;REN-C08-A0008;REN-C08-A0009;REN-C08-A0010;REN-C08-A0011;REN-C08-A0012;REN-C08-A0013;REN-C08-A0014;REN-C08-A0015;REN-C08-A0016;REN-C08-A0017;REN-C08-A0018;REN-C08-A0019;REN-C08-A0020;REN-C08-A0021;REN-C08-A0022;REN-C08-A0023;REN-C08-A0024;REN-C08-A0025;REN-C08-A0026;REN-C08-A0027;REN-C08-A0028;REN-C08-A0029;REN-C08-A0030;REN-C08-A0031;REN-C08-A0032;REN-C08-A0033;REN-C08-A0034;REN-C08-A0035;REN-C08-A0036;REN-C08-A0037;REN-C08-A0038;REN-C08-A0039;REN-C08-A0040;REN-C08-A0041;REN-C08-A0042;REN-C09-A0002;REN-C09-A0004;REN-C09-A0005;REN-C09-A0006;REN-C09-A0007;REN-C09-A0008;REN-C09-A0009;REN-C09-A0010;REN-C09-A0011;REN-C09-A0015;REN-C09-A0016;REN-C09-A0017;REN-C09-A0018;REN-C09-A0020;REN-C09-A0022;REN-C09-A0023;REN-C14-A0029;REN-C14-A0037;REN-C21-S02;REN-C21-S03;REN-C21-S04;REN-C21-S05;REN-C21-A0007		c07	R3.0 구 위치–신 위치 대응	 / 	본 장 및 연방 법률·황제령에 따라 지급결제 안정과 정책연구 강화를 위해 지급결제청, 금융연구·통계원, 디지털화폐·원장기술원, 금융감독원, 금융안정위원회, 결제 BCP센터를 설치할 수 있다.
XR-00176	3338	6086	6086	7	SRC-C07-L03330	REN-C08-A0010	제8장 제2절 제10조	본 항	제8장 제10조 제3항	제8장 제10조 제3항	치환	subordinate	REN-C08-A0010	SRC-C07-L03330-N003--REN-C08-A0010		R3.0 구 위치–신 위치 대응	 / 	의회는 임명 동의에 앞서, 공개 적격심사 및 정책 청문을 실시한다. 절차·서식·자료제출 의무는 연방 법률로 정한다. 본 항의 절차는 후보자의 독립성, 전문성, 윤리성을 확인하기 위함이다.
XR-00177	3384	6172	6172	7	SRC-C07-L03379	REN-C08-A0014	제8장 제2절 제14조	제6조의2	제8장 제40조	제8장 제40조	치환	article	REN-C08-A0040			R3.0 구 위치–신 위치 대응	 / 	회의 표결은 재적 과반 출석, 출석 과반 찬성으로 한다. 비상·특별명령의 발동에는 제6조의2에 따른다.
XR-00178	3405	6846	6846	7	SRC-C07-L03403	REN-C09-A0007	제9장 제4절 제7조	본 항	제9장 제7조 제1항	제9장 제7조 제1항	치환	subordinate	REN-C09-A0007	SRC-C07-L03403-N001--REN-C09-A0007		R3.0 구 위치–신 위치 대응	 / 	연방 준비 기금은 연방 총의회의 예산 심사 달력에 맞추어, 연방 하원의회 회부 시점부터 7일 이내에 1차 의견서(Interim Macro-Fiscal Note)를 소관 상임위원회에 송부한다. 연방 상원의회 이송 시점부터 5일 이내에 2차 의견서를 송부하고, 연방 총의회 합동조정위원회 회부 시점부터 3일 이내에 조정의견서를 송부한다. 본 항의 기한은 제5장 제14조 제6항(15일·15일·10일) 구조에 연동한다.
XR-00179	3405	6846	6846	7	SRC-C07-L03403	REN-C09-A0007	제9장 제4절 제7조	제5장 제14조 제6항	제9장 제13조 제2항	제9장 제13조 제2항	치환	subordinate	REN-C09-A0013	SRC-C05-L02380-N006--REN-C09-A0013		R3.0 구 위치–신 위치 대응	 / 	연방 준비 기금은 연방 총의회의 예산 심사 달력에 맞추어, 연방 하원의회 회부 시점부터 7일 이내에 1차 의견서(Interim Macro-Fiscal Note)를 소관 상임위원회에 송부한다. 연방 상원의회 이송 시점부터 5일 이내에 2차 의견서를 송부하고, 연방 총의회 합동조정위원회 회부 시점부터 3일 이내에 조정의견서를 송부한다. 본 항의 기한은 제5장 제14조 제6항(15일·15일·10일) 구조에 연동한다.
XR-00180	3414	6855	6855	7	SRC-C07-L03403	REN-C09-A0007	제9장 제4절 제7조	본 조	제9장 제7조	제9장 제7조	치환	article	REN-C09-A0007			R3.0 구 위치–신 위치 대응	 / 	본 조의 기한 산정은 제6조의7(최고평의회 사전 검토) 완료를 전제로 한다.
XR-00181	3414	6855	6855	7	SRC-C07-L03403	REN-C09-A0007	제9장 제4절 제7조	제6조의7(최고평의회 사전 검토)	제9장 제5조(최고평의회 사전 검토)	제9장 제5조(최고평의회 사전 검토)	치환	article	REN-C09-A0005			R3.0 구 위치–신 위치 대응	 / 인용 뒤 설명 '최고평의회 사전 검토'은 원 표제와 완전 일치하지 않음; 번호로 존재하는 대상만 대응	본 조의 기한 산정은 제6조의7(최고평의회 사전 검토) 완료를 전제로 한다.
XR-00182	3417	6858	6858	7	SRC-C07-L03403	REN-C09-A0007	제9장 제4절 제7조	본 조	제9장 제7조	제9장 제7조	치환	article	REN-C09-A0007			R3.0 구 위치–신 위치 대응	 / 	본 조의 모든 기한은 영업일을 기준으로 계산하며, 공휴일 또는 비영업일에 만료되는 경우 다음 영업일로 이월한다.
XR-00183	3435	6789	6789	7	SRC-C07-L03433	REN-C09-A0005	제9장 제3절 제5조	각 호	각 호	각 호	일반표현 유지	unchanged-generic				번호 없는 일반 열거표현 유지	 / 	연방 최고평의회는 연방 예산안을 연방 하원의회에 제출하기 전, 연방 최고평의회 본회의 의결로 사전검토를 실시한다. 사전 검토에는 다음 각 호의 내용을 포함하여야 한다.
XR-00184	3441	6795	6795	7	SRC-C07-L03433	REN-C09-A0005	제9장 제3절 제5조	제1항	제9장 제5조 제1항	제9장 제5조 제1항	치환	subordinate	REN-C09-A0005	SRC-C07-L03433-N001--REN-C09-A0005		R3.0 구 위치–신 위치 대응	 / 	연방 최고평의회는 제1항의 결과를 '예산 제출서(Submission Dossier)'로 정리하여, 연방 하원의회 회부 3영업일 전에 요지를 전자관보에 공시하고 원문은 연방 의회와 연방 준비 기금에 동시 송부한다. 세부 서식, 기한은 연방 법률·황제령으로 정한다.
XR-00185	3447	6801	6801	7	SRC-C07-L03433	REN-C09-A0005	제9장 제3절 제5조	본 조	제9장 제5조	제9장 제5조	치환	article	REN-C09-A0005			R3.0 구 위치–신 위치 대응	 / 	본 조의 사전 검토는 제5장 제14조 제6항의 심사 기한(15·15·10)에 영향을 미치지 아니하며, 제6조의4에서 정한 연방 준비 기금 의견서 제출 기한 산정에 포함되지 않는다.
XR-00186	3447	6801	6801	7	SRC-C07-L03433	REN-C09-A0005	제9장 제3절 제5조	제5장 제14조 제6항	제9장 제13조 제2항	제9장 제13조 제2항	치환	subordinate	REN-C09-A0013	SRC-C05-L02380-N006--REN-C09-A0013		R3.0 구 위치–신 위치 대응	 / 	본 조의 사전 검토는 제5장 제14조 제6항의 심사 기한(15·15·10)에 영향을 미치지 아니하며, 제6조의4에서 정한 연방 준비 기금 의견서 제출 기한 산정에 포함되지 않는다.
XR-00187	3447	6801	6801	7	SRC-C07-L03433	REN-C09-A0005	제9장 제3절 제5조	제6조의4	제9장 제7조	제9장 제7조	치환	article	REN-C09-A0007			R3.0 구 위치–신 위치 대응	 / 	본 조의 사전 검토는 제5장 제14조 제6항의 심사 기한(15·15·10)에 영향을 미치지 아니하며, 제6조의4에서 정한 연방 준비 기금 의견서 제출 기한 산정에 포함되지 않는다.
XR-00188	3450	6804	6804	7	SRC-C07-L03433	REN-C09-A0005	제9장 제3절 제5조	본 조	제9장 제5조	제9장 제5조	치환	article	REN-C09-A0005			R3.0 구 위치–신 위치 대응	 / 	본 조의 모든 기한은 영업일 기준으로 계산하며, 공휴일 또는 비영업일에 만료되는 경우, 다음 영업일로 이월한다.
XR-00189	3460	6455	6455	7	SRC-C07-L03452	REN-C08-A0029	제8장 제6절 제29조	제2항	제8장 제29조 제2항	제8장 제29조 제2항	치환	subordinate	REN-C08-A0029	SRC-C07-L03452-N002--REN-C08-A0029		R3.0 구 위치–신 위치 대응	 / 	표결기록(찬·반·기권)은 실명으로 공개한다. 단, 제2항의 사유에 해당할 때에는 사유와 기간을 병기한다.
XR-00190	3470	12078	12078	7	SRC-C07-L03462	REN-C14-A0029	제14장 제9절 제29조	제2항	제14장 제29조 제2항	제14장 제29조 제2항	치환	subordinate	REN-C14-A0029	SRC-C07-L03462-N002--REN-C14-A0029		R3.0 구 위치–신 위치 대응	 / 	발동·연장 시 사유, 목표, 종료 조건을 명시한 설명서를 전자관보에 공시한다. 제2항의 추인 결과는 즉시 공표한다.
XR-00191	3474	20554	20554	7	SRC-C07-L03472	REN-C21-A0007	제21장 제3절 제7조	본 장	[[05_원범위_보존_참조표#^scope-c07|제8장·제9장·제14장·제21장 중 경제·재정 대응규정]]	[[05_원범위_보존_참조표#^scope-c07|제8장·제9장·제14장·제21장 중 경제·재정 대응규정]]	치환	scope	REN-C08-A0001;REN-C08-A0002;REN-C08-A0003;REN-C08-A0004;REN-C08-A0006;REN-C08-A0007;REN-C08-A0008;REN-C08-A0009;REN-C08-A0010;REN-C08-A0011;REN-C08-A0012;REN-C08-A0013;REN-C08-A0014;REN-C08-A0015;REN-C08-A0016;REN-C08-A0017;REN-C08-A0018;REN-C08-A0019;REN-C08-A0020;REN-C08-A0021;REN-C08-A0022;REN-C08-A0023;REN-C08-A0024;REN-C08-A0025;REN-C08-A0026;REN-C08-A0027;REN-C08-A0028;REN-C08-A0029;REN-C08-A0030;REN-C08-A0031;REN-C08-A0032;REN-C08-A0033;REN-C08-A0034;REN-C08-A0035;REN-C08-A0036;REN-C08-A0037;REN-C08-A0038;REN-C08-A0039;REN-C08-A0040;REN-C08-A0041;REN-C08-A0042;REN-C09-A0002;REN-C09-A0004;REN-C09-A0005;REN-C09-A0006;REN-C09-A0007;REN-C09-A0008;REN-C09-A0009;REN-C09-A0010;REN-C09-A0011;REN-C09-A0015;REN-C09-A0016;REN-C09-A0017;REN-C09-A0018;REN-C09-A0020;REN-C09-A0022;REN-C09-A0023;REN-C14-A0029;REN-C14-A0037;REN-C21-S02;REN-C21-S03;REN-C21-S04;REN-C21-S05;REN-C21-A0007		c07	R3.0 구 위치–신 위치 대응	 / 	본 장에서 사용하는 용어의 뜻은 다음과 같다.
XR-00192	3479	20559	20559	7	SRC-C07-L03472	REN-C21-A0007	제21장 제3절 제7조	본 장	[[05_원범위_보존_참조표#^scope-c07|제8장·제9장·제14장·제21장 중 경제·재정 대응규정]]	[[05_원범위_보존_참조표#^scope-c07|제8장·제9장·제14장·제21장 중 경제·재정 대응규정]]	치환	scope	REN-C08-A0001;REN-C08-A0002;REN-C08-A0003;REN-C08-A0004;REN-C08-A0006;REN-C08-A0007;REN-C08-A0008;REN-C08-A0009;REN-C08-A0010;REN-C08-A0011;REN-C08-A0012;REN-C08-A0013;REN-C08-A0014;REN-C08-A0015;REN-C08-A0016;REN-C08-A0017;REN-C08-A0018;REN-C08-A0019;REN-C08-A0020;REN-C08-A0021;REN-C08-A0022;REN-C08-A0023;REN-C08-A0024;REN-C08-A0025;REN-C08-A0026;REN-C08-A0027;REN-C08-A0028;REN-C08-A0029;REN-C08-A0030;REN-C08-A0031;REN-C08-A0032;REN-C08-A0033;REN-C08-A0034;REN-C08-A0035;REN-C08-A0036;REN-C08-A0037;REN-C08-A0038;REN-C08-A0039;REN-C08-A0040;REN-C08-A0041;REN-C08-A0042;REN-C09-A0002;REN-C09-A0004;REN-C09-A0005;REN-C09-A0006;REN-C09-A0007;REN-C09-A0008;REN-C09-A0009;REN-C09-A0010;REN-C09-A0011;REN-C09-A0015;REN-C09-A0016;REN-C09-A0017;REN-C09-A0018;REN-C09-A0020;REN-C09-A0022;REN-C09-A0023;REN-C14-A0029;REN-C14-A0037;REN-C21-S02;REN-C21-S03;REN-C21-S04;REN-C21-S05;REN-C21-A0007		c07	R3.0 구 위치–신 위치 대응	 / 	5. 영업일: 법정 공휴일과 토·일요일을 제외한 날로서, 본 장의 기한 산정은 영업일 기준을 원칙으로 한다.
XR-00193	3483	12253	12253	7	SRC-C07-L03481	REN-C14-A0037	제14장 제10절 제37조	제6조의9	제14장 제29조	제14장 제29조	치환	article	REN-C14-A0029			R3.0 구 위치–신 위치 대응	 / 	제6조의9에 따른 비상·특별명령의 효력 종료 후, 60일 이내에 연방 준비 기금은 사후평가 보고서를 작성한다.
XR-00194	3486	12256	12256	7	SRC-C07-L03481	REN-C14-A0037	제14장 제10절 제37조	제10조	제8장 제30조	제8장 제30조	치환	article	REN-C08-A0030			R3.0 구 위치–신 위치 대응	 / 	사후평가 보고서는 연방 의회 내 소관 상임위원회에 보고하며, 요지는 전자관보에 공시한다. 비공개 사유는 제10조 및 제10조의5의 기준을 따른다.
XR-00195	3486	12256	12256	7	SRC-C07-L03481	REN-C14-A0037	제14장 제10절 제37조	제10조의5	제8장 제34조	제8장 제34조	치환	article	REN-C08-A0034			R3.0 구 위치–신 위치 대응	 / 	사후평가 보고서는 연방 의회 내 소관 상임위원회에 보고하며, 요지는 전자관보에 공시한다. 비공개 사유는 제10조 및 제10조의5의 기준을 따른다.
XR-00196	3628	6472	6472	7	SRC-C07-L03623	REN-C08-A0030	제8장 제6절 제30조	제1항	제8장 제30조 제1항	제8장 제30조 제1항	치환	subordinate	REN-C08-A0030	SRC-C07-L03623-N001--REN-C08-A0030		R3.0 구 위치–신 위치 대응	 / 	제1항에 따른 기록과 공개는 전자관보, 오픈포맷의 기준을 따른다.
XR-00197	3681	7151	7151	7	SRC-C07-L03679	REN-C09-A0020	제9장 제7절 제20조	제2장(연방총칙)	[[05_원범위_보존_참조표#^scope-c02|제2장·제3장·제8장·제9장·제12장·제19장·제21장 중 연방총칙 대응규정]]	[[05_원범위_보존_참조표#^scope-c02|제2장·제3장·제8장·제9장·제12장·제19장·제21장 중 연방총칙 대응규정]]	치환	scope	REN-C02-A0001;REN-C02-A0002;REN-C02-A0003;REN-C02-A0004;REN-C02-A0005;REN-C02-A0006;REN-C02-A0007;REN-C02-A0008;REN-C02-A0009;REN-C02-A0010;REN-C02-A0011;REN-C02-A0012;REN-C02-A0013;REN-C02-A0014;REN-C02-A0015;REN-C02-A0016;REN-C02-A0017;REN-C02-A0018;REN-C02-A0019;REN-C02-A0020;REN-C02-A0021;REN-C02-A0022;REN-C02-A0023;REN-C02-A0024;REN-C02-A0025;REN-C02-A0026;REN-C02-A0027;REN-C02-A0030;REN-C02-A0031;REN-C02-A0032;REN-C02-A0033;REN-C02-A0034;REN-C02-A0035;REN-C02-A0036;REN-C03-A0004;REN-C03-A0005;REN-C03-A0006;REN-C03-A0007;REN-C03-A0008;REN-C03-A0009;REN-C03-A0010;REN-C03-A0011;REN-C03-A0013;REN-C03-A0014;REN-C08-A0005;REN-C09-A0001;REN-C09-A0003;REN-C09-A0019;REN-C12-A0009;REN-C19-A0003;REN-C21-A0009		c02	R3.0 구 위치–신 위치 대응	 / 	예산, 결산, 국고, 국채, 준칙 지표 등 재정 정보의 전자 공표, 오픈 포맷 보존은 제2장(연방총칙)의 전자공표 조항에 따른다.
XR-00198	3701	6614	6614	7	SRC-C07-L03699	REN-C08-A0038	제8장 제6절 제38조	제5장(의회)	[[05_원범위_보존_참조표#^scope-c05|제6장·제9장·제14장·제21장 중 입법 대응규정]]	[[05_원범위_보존_참조표#^scope-c05|제6장·제9장·제14장·제21장 중 입법 대응규정]]	치환	scope	REN-C06-A0001;REN-C06-A0002;REN-C06-A0003;REN-C06-A0004;REN-C06-A0005;REN-C06-A0006;REN-C06-A0007;REN-C06-A0008;REN-C06-A0012;REN-C06-A0013;REN-C06-A0014;REN-C06-A0015;REN-C06-A0016;REN-C06-A0017;REN-C06-A0018;REN-C06-A0019;REN-C06-A0020;REN-C06-A0021;REN-C06-A0022;REN-C06-A0023;REN-C06-A0024;REN-C06-A0025;REN-C06-A0026;REN-C06-A0028;REN-C06-A0029;REN-C06-A0030;REN-C06-A0031;REN-C09-A0012;REN-C09-A0013;REN-C09-A0014;REN-C14-A0018;REN-C21-S11		c05	R3.0 구 위치–신 위치 대응	 / 	제5장(의회), 제11장(국가방위), 제16장(감사) 등 관련 장과의 교차 규정을 둔다.
XR-00199	3701	6614	6614	7	SRC-C07-L03699	REN-C08-A0038	제8장 제6절 제38조	제11장(국가방위)	[[05_원범위_보존_참조표#^scope-c11|제3장·제9장·제12장·제13장·제14장·제15장·제18장·제21장 중 국가방위·비상사태 대응규정]]	[[05_원범위_보존_참조표#^scope-c11|제3장·제9장·제12장·제13장·제14장·제15장·제18장·제21장 중 국가방위·비상사태 대응규정]]	치환	scope	REN-C03-A0001;REN-C03-A0002;REN-C03-A0003;REN-C09-A0021;REN-C12-A0021;REN-C12-A0033;REN-C13-A0001;REN-C13-A0002;REN-C13-A0003;REN-C13-A0004;REN-C13-A0005;REN-C13-A0006;REN-C13-A0007;REN-C13-A0008;REN-C13-A0009;REN-C13-A0010;REN-C13-A0011;REN-C13-A0012;REN-C13-A0013;REN-C13-A0014;REN-C13-A0015;REN-C13-A0017;REN-C13-A0018;REN-C13-A0019;REN-C13-A0020;REN-C13-A0021;REN-C13-A0022;REN-C13-A0024;REN-C13-A0025;REN-C13-A0026;REN-C13-A0027;REN-C14-A0001;REN-C14-A0002;REN-C14-A0003;REN-C14-A0004;REN-C14-A0006;REN-C14-A0007;REN-C14-A0008;REN-C14-A0010;REN-C14-A0011;REN-C14-A0013;REN-C14-A0014;REN-C14-A0020;REN-C14-A0021;REN-C14-A0022;REN-C14-A0023;REN-C14-A0024;REN-C14-A0028;REN-C14-A0039;REN-C14-A0040;REN-C14-A0041;REN-C14-A0042;REN-C14-A0043;REN-C15-A0064;REN-C15-A0072;REN-C18-A0028;REN-C18-A0029;REN-C18-A0056;REN-C21-A0010		c11	R3.0 구 위치–신 위치 대응	 / 	제5장(의회), 제11장(국가방위), 제16장(감사) 등 관련 장과의 교차 규정을 둔다.
XR-00200	3701	6614	6614	7	SRC-C07-L03699	REN-C08-A0038	제8장 제6절 제38조	제16장(감사)	[[05_원범위_보존_참조표#^scope-c16|제14장·제19장·제21장 중 감사 대응규정]]	[[05_원범위_보존_참조표#^scope-c16|제14장·제19장·제21장 중 감사 대응규정]]	치환	scope	REN-C14-A0032;REN-C19-A0001;REN-C19-A0002;REN-C19-A0004;REN-C19-A0005;REN-C19-A0006;REN-C19-A0007;REN-C19-A0008;REN-C19-A0009;REN-C19-A0010;REN-C19-A0011;REN-C19-A0012;REN-C19-A0013;REN-C19-A0014;REN-C19-A0015;REN-C19-A0016;REN-C19-A0017;REN-C19-A0018;REN-C19-A0019;REN-C19-A0020;REN-C19-A0021;REN-C19-A0022;REN-C19-A0023;REN-C19-A0024;REN-C19-A0025;REN-C19-A0026;REN-C19-A0027;REN-C19-A0028;REN-C19-A0029;REN-C19-A0030;REN-C19-A0031;REN-C19-A0032;REN-C19-A0033;REN-C19-A0034;REN-C21-A0003;REN-C21-A0005		c16	R3.0 구 위치–신 위치 대응	 / 	제5장(의회), 제11장(국가방위), 제16장(감사) 등 관련 장과의 교차 규정을 둔다.
XR-00201	3795	7194	7194	7	SRC-C07-L03790	REN-C09-A0022	제9장 제8절 제22조	제5장(입법)	[[05_원범위_보존_참조표#^scope-c05|제6장·제9장·제14장·제21장 중 입법 대응규정]]	[[05_원범위_보존_참조표#^scope-c05|제6장·제9장·제14장·제21장 중 입법 대응규정]]	치환	scope	REN-C06-A0001;REN-C06-A0002;REN-C06-A0003;REN-C06-A0004;REN-C06-A0005;REN-C06-A0006;REN-C06-A0007;REN-C06-A0008;REN-C06-A0012;REN-C06-A0013;REN-C06-A0014;REN-C06-A0015;REN-C06-A0016;REN-C06-A0017;REN-C06-A0018;REN-C06-A0019;REN-C06-A0020;REN-C06-A0021;REN-C06-A0022;REN-C06-A0023;REN-C06-A0024;REN-C06-A0025;REN-C06-A0026;REN-C06-A0028;REN-C06-A0029;REN-C06-A0030;REN-C06-A0031;REN-C09-A0012;REN-C09-A0013;REN-C09-A0014;REN-C14-A0018;REN-C21-S11		c05	R3.0 구 위치–신 위치 대응	 / 	사후평가 보고서는 연방 의회 산하 소관 상임위원회 및 연방 감사원에 동시 송부하며, 제5장(입법)의 예산·결산 심의 절차와 연동해 청문 자료로 활용한다.
XR-00202	3808	6944	6944	7	SRC-C07-L03800	REN-C09-A0011	제9장 제4절 제11조	제1항	제9장 제11조 제1항	제9장 제11조 제1항	치환	subordinate	REN-C09-A0011	SRC-C07-L03800-N001--REN-C09-A0011		R3.0 구 위치–신 위치 대응	 / 	연방 최고평의회 의장은 제1항을 거쳐 '재가 제청서' 또는 '거가 제청서(사유 명시)'를 작성하여 연방 황제에게 제출한다.
XR-00203	3811	6947	6947	7	SRC-C07-L03800	REN-C09-A0011	제9장 제4절 제11조	제2항	제9장 제11조 제2항	제9장 제11조 제2항	치환	subordinate	REN-C09-A0011	SRC-C07-L03800-N005--REN-C09-A0011		R3.0 구 위치–신 위치 대응	 / 	연방 황제는 제2항의 제청서 및 연방 준비 기금의 최종 심사 보고서를 참조하여 재가 또는 거가를 결정한다.
XR-00204	3814	6950	6950	7	SRC-C07-L03800	REN-C09-A0011	제9장 제4절 제11조	제5장(의회)	[[05_원범위_보존_참조표#^scope-c05|제6장·제9장·제14장·제21장 중 입법 대응규정]]	[[05_원범위_보존_참조표#^scope-c05|제6장·제9장·제14장·제21장 중 입법 대응규정]]	치환	scope	REN-C06-A0001;REN-C06-A0002;REN-C06-A0003;REN-C06-A0004;REN-C06-A0005;REN-C06-A0006;REN-C06-A0007;REN-C06-A0008;REN-C06-A0012;REN-C06-A0013;REN-C06-A0014;REN-C06-A0015;REN-C06-A0016;REN-C06-A0017;REN-C06-A0018;REN-C06-A0019;REN-C06-A0020;REN-C06-A0021;REN-C06-A0022;REN-C06-A0023;REN-C06-A0024;REN-C06-A0025;REN-C06-A0026;REN-C06-A0028;REN-C06-A0029;REN-C06-A0030;REN-C06-A0031;REN-C09-A0012;REN-C09-A0013;REN-C09-A0014;REN-C14-A0018;REN-C21-S11		c05	R3.0 구 위치–신 위치 대응	 / 	연방 황제가 거가하거나 수정 재가를 제청한 때에는, 연방 최고평의회는 합동조정위원회와 협의하여 수정안을 회부·재의하도록 할 수 있다. 세부는 제5장(의회) 및 연방 의회 규칙으로 정한다.
XR-00205	3817	6953	6953	7	SRC-C07-L03800	REN-C09-A0011	제9장 제4절 제11조	본 조	제9장 제11조	제9장 제11조	치환	article	REN-C09-A0011			R3.0 구 위치–신 위치 대응	 / 	본 조의 문서는 전자관보에 공시하며, 비공개 사유, 기간은 연방 법률·황제령으로 정한다.
XR-00206	3824	7117	7117	7	SRC-C07-L03819	REN-C09-A0018	제9장 제6절 제18조	제6조의8	제8장 제29조	제8장 제29조	치환	article	REN-C08-A0029			R3.0 구 위치–신 위치 대응	 / 	협의체는 분기(3개월)별로 운영하며, 의제·요지를 전자관보에 공시한다. 시장교란 우려가 있는 내용은 제6조의8 기준에 따라 부분공개할 수 있다.
XR-00207	3836	6630	6630	7	SRC-C07-L03834	REN-C08-A0039	제8장 제6절 제39조	본 장	[[05_원범위_보존_참조표#^scope-c07|제8장·제9장·제14장·제21장 중 경제·재정 대응규정]]	[[05_원범위_보존_참조표#^scope-c07|제8장·제9장·제14장·제21장 중 경제·재정 대응규정]]	치환	scope	REN-C08-A0001;REN-C08-A0002;REN-C08-A0003;REN-C08-A0004;REN-C08-A0006;REN-C08-A0007;REN-C08-A0008;REN-C08-A0009;REN-C08-A0010;REN-C08-A0011;REN-C08-A0012;REN-C08-A0013;REN-C08-A0014;REN-C08-A0015;REN-C08-A0016;REN-C08-A0017;REN-C08-A0018;REN-C08-A0019;REN-C08-A0020;REN-C08-A0021;REN-C08-A0022;REN-C08-A0023;REN-C08-A0024;REN-C08-A0025;REN-C08-A0026;REN-C08-A0027;REN-C08-A0028;REN-C08-A0029;REN-C08-A0030;REN-C08-A0031;REN-C08-A0032;REN-C08-A0033;REN-C08-A0034;REN-C08-A0035;REN-C08-A0036;REN-C08-A0037;REN-C08-A0038;REN-C08-A0039;REN-C08-A0040;REN-C08-A0041;REN-C08-A0042;REN-C09-A0002;REN-C09-A0004;REN-C09-A0005;REN-C09-A0006;REN-C09-A0007;REN-C09-A0008;REN-C09-A0009;REN-C09-A0010;REN-C09-A0011;REN-C09-A0015;REN-C09-A0016;REN-C09-A0017;REN-C09-A0018;REN-C09-A0020;REN-C09-A0022;REN-C09-A0023;REN-C14-A0029;REN-C14-A0037;REN-C21-S02;REN-C21-S03;REN-C21-S04;REN-C21-S05;REN-C21-A0007		c07	R3.0 구 위치–신 위치 대응	 / 	본 장 및 하위 법규에 대한 정합성을 정기적으로 점검하고 필요시 개정한다.
XR-00208	3844	20285	20285	7	SRC-C07-L03842	REN-C21-S02	제21장 제1절 부칙·별표자료 S02	제6조의8부터 제6조의11까지	제8장 제29조 및 제14장 제29조 및 제14장 제37조 및 제21장 제7조	제8장 제29조 및 제14장 제29조 및 제14장 제37조 및 제21장 제7조	치환	article	REN-C08-A0029;REN-C14-A0029;REN-C14-A0037;REN-C21-A0007			R3.0 구 위치–신 위치 대응	 / 	1. 제6조의8부터 제6조의11까지(회의록·자료 공개, 비상명령 일몰·사후평가 등).
XR-00209	3845	20286	20286	7	SRC-C07-L03842	REN-C21-S02	제21장 제1절 부칙·별표자료 S02	제10조의5	제8장 제34조	제8장 제34조	치환	article	REN-C08-A0034			R3.0 구 위치–신 위치 대응	 / 	2. 제10조의5 및 제10조의6(부분공개 상한, 모형·데이터 재현성 패키지 요건).
XR-00210	3845	20286	20286	7	SRC-C07-L03842	REN-C21-S02	제21장 제1절 부칙·별표자료 S02	제10조의6(부분공개 상한, 모형·데이터 재현성 패키지 요건)	제8장 제35조(부분공개 상한, 모형·데이터 재현성 패키지 요건)	제8장 제35조(부분공개 상한, 모형·데이터 재현성 패키지 요건)	치환	article	REN-C08-A0035			R3.0 구 위치–신 위치 대응	 / 인용 뒤 설명 '부분공개 상한, 모형·데이터 재현성 패키지 요건'은 원 표제와 완전 일치하지 않음; 번호로 존재하는 대상만 대응	2. 제10조의5 및 제10조의6(부분공개 상한, 모형·데이터 재현성 패키지 요건).
XR-00211	3849	20301	20301	7	SRC-C07-L03847	REN-C21-S03	제21장 제1절 부칙·별표자료 S03	제1조		〔구 인용: 제1조 · 대상 확인 필요〕[^r4-xr-00211]	확인 필요·치환 보류	number				원문 인용대상 확인 보류	본조 제1조인지 같은 장 부칙의1인지 불명확. 준비·이행 계획 문맥만으로 어느 범위를 뜻하는지 확정하지 않음 / 참조번호가 존재하는 것과 인용 취지가 일치하는 것은 별개이므로 원문 인용을 명시적으로 보류	연방 준비 기금 및 관계 기관은 공포일로부터 60일 이내에 제1조의 각 규정 이행을 위한 준비·이행 계획을 전자관보에 공표한다.
XR-00212	3862	20325	20325	7	SRC-C07-L03854	REN-C21-S04	제21장 제1절 부칙·별표자료 S04	본문 각 조	[[05_원범위_보존_참조표#^scope-c07|제8장·제9장·제14장·제21장 중 경제·재정 대응규정]]	[[05_원범위_보존_참조표#^scope-c07|제8장·제9장·제14장·제21장 중 경제·재정 대응규정]]	치환	scope	REN-C08-A0001;REN-C08-A0002;REN-C08-A0003;REN-C08-A0004;REN-C08-A0006;REN-C08-A0007;REN-C08-A0008;REN-C08-A0009;REN-C08-A0010;REN-C08-A0011;REN-C08-A0012;REN-C08-A0013;REN-C08-A0014;REN-C08-A0015;REN-C08-A0016;REN-C08-A0017;REN-C08-A0018;REN-C08-A0019;REN-C08-A0020;REN-C08-A0021;REN-C08-A0022;REN-C08-A0023;REN-C08-A0024;REN-C08-A0025;REN-C08-A0026;REN-C08-A0027;REN-C08-A0028;REN-C08-A0029;REN-C08-A0030;REN-C08-A0031;REN-C08-A0032;REN-C08-A0033;REN-C08-A0034;REN-C08-A0035;REN-C08-A0036;REN-C08-A0037;REN-C08-A0038;REN-C08-A0039;REN-C08-A0040;REN-C08-A0041;REN-C08-A0042;REN-C09-A0002;REN-C09-A0004;REN-C09-A0005;REN-C09-A0006;REN-C09-A0007;REN-C09-A0008;REN-C09-A0009;REN-C09-A0010;REN-C09-A0011;REN-C09-A0015;REN-C09-A0016;REN-C09-A0017;REN-C09-A0018;REN-C09-A0020;REN-C09-A0022;REN-C09-A0023;REN-C14-A0029;REN-C14-A0037;REN-C21-S02;REN-C21-S03;REN-C21-S04;REN-C21-S05;REN-C21-A0007		c07	R3.0 구 위치–신 위치 대응	 / 구 제7장 부칙의3의 시행범위는 구 제7장 본문에 한정됨. 새 제21장 전체로 확대하지 않음	공포일로부터 6개월이 경과한 날부터는 본문 각 조의 의무를 전면 시행한다. 다만 비공개·부분공개의 판단은 제10조 및 제10조의5의 기준을 따른다.
XR-00213	3862	20325	20325	7	SRC-C07-L03854	REN-C21-S04	제21장 제1절 부칙·별표자료 S04	제10조	제8장 제30조	제8장 제30조	치환	article	REN-C08-A0030			R3.0 구 위치–신 위치 대응	 / 	공포일로부터 6개월이 경과한 날부터는 본문 각 조의 의무를 전면 시행한다. 다만 비공개·부분공개의 판단은 제10조 및 제10조의5의 기준을 따른다.
XR-00214	3862	20325	20325	7	SRC-C07-L03854	REN-C21-S04	제21장 제1절 부칙·별표자료 S04	제10조의5	제8장 제34조	제8장 제34조	치환	article	REN-C08-A0034			R3.0 구 위치–신 위치 대응	 / 	공포일로부터 6개월이 경과한 날부터는 본문 각 조의 의무를 전면 시행한다. 다만 비공개·부분공개의 판단은 제10조 및 제10조의5의 기준을 따른다.
XR-00215	3869	20343	20343	7	SRC-C07-L03864	REN-C21-S05	제21장 제1절 부칙·별표자료 S05	제19조	제8장 제39조	제8장 제39조	치환	article	REN-C08-A0039			R3.0 구 위치–신 위치 대응	 / 	필요한 보완조치는 제19조에 따른 정합성 점검 절차를 거쳐 조정한다.
XR-00216	3885	7237	7237	8	SRC-C08-L03877	REN-C10-A0001	제10장 제1절 제1조	본 장	[[05_원범위_보존_참조표#^scope-c08|제10장·제14장·제21장 중 종교 대응규정]]	[[05_원범위_보존_참조표#^scope-c08|제10장·제14장·제21장 중 종교 대응규정]]	치환	scope	REN-C10-A0001;REN-C10-A0002;REN-C10-A0003;REN-C10-A0004;REN-C10-A0005;REN-C10-A0006;REN-C10-A0007;REN-C10-A0008;REN-C10-A0009;REN-C10-A0010;REN-C10-A0011;REN-C10-A0012;REN-C10-A0013;REN-C10-A0014;REN-C10-A0015;REN-C10-A0016;REN-C10-A0017;REN-C10-A0018;REN-C10-A0019;REN-C10-A0020;REN-C10-A0021;REN-C10-A0022;REN-C10-A0023;REN-C10-A0024;REN-C10-A0025;REN-C10-A0026;REN-C10-A0027;REN-C10-A0028;REN-C10-A0029;REN-C10-A0030;REN-C10-A0031;REN-C10-A0032;REN-C10-A0033;REN-C10-A0034;REN-C10-A0035;REN-C10-A0036;REN-C10-A0037;REN-C10-A0038;REN-C10-A0039;REN-C10-A0040;REN-C10-A0041;REN-C10-A0042;REN-C10-A0043;REN-C10-A0044;REN-C10-A0045;REN-C10-A0046;REN-C10-A0047;REN-C10-A0048;REN-C10-A0049;REN-C10-A0050;REN-C10-A0051;REN-C10-A0052;REN-C10-A0053;REN-C14-A0030;REN-C21-A0001		c08	R3.0 구 위치–신 위치 대응	 / 	본 장의 해석·적용은 제1장(권리장전)에 합치하도록 하여야 한다.
XR-00217	3885	7237	7237	8	SRC-C08-L03877	REN-C10-A0001	제10장 제1절 제1조	제1장(권리장전)	[[05_원범위_보존_참조표#^scope-c01|제1장·제2장·제3장 중 권리장전 대응규정]]	[[05_원범위_보존_참조표#^scope-c01|제1장·제2장·제3장 중 권리장전 대응규정]]	치환	scope	REN-C01-A0001;REN-C01-A0002;REN-C01-A0003;REN-C01-A0004;REN-C01-A0005;REN-C01-A0006;REN-C01-A0007;REN-C01-A0008;REN-C01-A0009;REN-C01-A0010;REN-C01-A0011;REN-C01-A0012;REN-C01-A0013;REN-C01-A0014;REN-C01-A0015;REN-C01-A0016;REN-C01-A0017;REN-C01-A0018;REN-C01-A0019;REN-C01-A0020;REN-C01-A0021;REN-C01-A0022;REN-C01-A0023;REN-C01-A0024;REN-C01-A0025;REN-C01-A0026;REN-C01-A0027;REN-C01-A0028;REN-C01-A0029;REN-C01-A0030;REN-C01-A0031;REN-C01-A0032;REN-C01-A0033;REN-C01-A0034;REN-C01-A0035;REN-C01-A0036;REN-C01-A0037;REN-C01-A0038;REN-C01-A0039;REN-C01-A0040;REN-C01-A0041;REN-C01-A0042;REN-C01-A0043;REN-C01-A0044;REN-C01-A0045;REN-C02-A0029;REN-C03-A0012		c01	R3.0 구 위치–신 위치 대응	 / 	본 장의 해석·적용은 제1장(권리장전)에 합치하도록 하여야 한다.
XR-00218	3902	7274	7274	8	SRC-C08-L03897	REN-C10-A0003	제10장 제1절 제3조	본 장	[[05_원범위_보존_참조표#^scope-c08|제10장·제14장·제21장 중 종교 대응규정]]	[[05_원범위_보존_참조표#^scope-c08|제10장·제14장·제21장 중 종교 대응규정]]	치환	scope	REN-C10-A0001;REN-C10-A0002;REN-C10-A0003;REN-C10-A0004;REN-C10-A0005;REN-C10-A0006;REN-C10-A0007;REN-C10-A0008;REN-C10-A0009;REN-C10-A0010;REN-C10-A0011;REN-C10-A0012;REN-C10-A0013;REN-C10-A0014;REN-C10-A0015;REN-C10-A0016;REN-C10-A0017;REN-C10-A0018;REN-C10-A0019;REN-C10-A0020;REN-C10-A0021;REN-C10-A0022;REN-C10-A0023;REN-C10-A0024;REN-C10-A0025;REN-C10-A0026;REN-C10-A0027;REN-C10-A0028;REN-C10-A0029;REN-C10-A0030;REN-C10-A0031;REN-C10-A0032;REN-C10-A0033;REN-C10-A0034;REN-C10-A0035;REN-C10-A0036;REN-C10-A0037;REN-C10-A0038;REN-C10-A0039;REN-C10-A0040;REN-C10-A0041;REN-C10-A0042;REN-C10-A0043;REN-C10-A0044;REN-C10-A0045;REN-C10-A0046;REN-C10-A0047;REN-C10-A0048;REN-C10-A0049;REN-C10-A0050;REN-C10-A0051;REN-C10-A0052;REN-C10-A0053;REN-C14-A0030;REN-C21-A0001		c08	R3.0 구 위치–신 위치 대응	 / 	협력적 분리 원칙의 구체적 운영과 정의는 연방 법률·황제령 및 본 장의 특별규정에 따르며, 하위 규범에 의해서 영향을 받지 아니한다.
XR-00219	3905	7277	7277	8	SRC-C08-L03897	REN-C10-A0003	제10장 제1절 제3조	본 조	제10장 제3조	제10장 제3조	치환	article	REN-C10-A0003			R3.0 구 위치–신 위치 대응	 / 	연방 법률·황제령과 동격 이하인 연방 내 규범이 본 조의 사항을 침해할 경우, 제국도교 중앙교구는 연방 헌법원에 헌법 심판의 심사를 청구할 수 있다.
XR-00220	3942	8227	8227	8	SRC-C08-L03937	REN-C10-A0040	제10장 제8절 제40조	전항	제10장 제40조 제1항	제10장 제40조 제1항	치환	subordinate	REN-C10-A0040	SRC-C08-L03937-N001--REN-C10-A0040		R3.0 구 위치–신 위치 대응	 / 	전항의 협력의 형식, 절차, 평가 기준은 연방 법률·황제령으로 정한다.
XR-00221	3983	7422	7422	8	SRC-C08-L03975	REN-C10-A0010	제10장 제3절 제10조	전항	제10장 제10조 제2항	제10장 제10조 제2항	치환	subordinate	REN-C10-A0010	SRC-C08-L03975-N002--REN-C10-A0010		R3.0 구 위치–신 위치 대응	 / 	전항의 협력의 범위는 연방 법률로 정한다.
XR-00222	3996	7445	7445	8	SRC-C08-L03985	REN-C10-A0011	제10장 제3절 제11조	본 항	제10장 제11조 제4항	제10장 제11조 제4항	치환	subordinate	REN-C10-A0011	SRC-C08-L03985-N004--REN-C10-A0011		R3.0 구 위치–신 위치 대응	 / 	교계 최고지도자는 제국도교 중앙신전장으로 하며, 본 항에서 정하지 아니한 다른 직책자를 교계 최고지도자로 선정하는 경우 연방 헌법원의 헌법 심사를 받아야 한다.
XR-00223	3999	7448	7448	8	SRC-C08-L03985	REN-C10-A0011	제10장 제3절 제11조	각 호	각 호	각 호	일반표현 유지	unchanged-generic				번호 없는 일반 열거표현 유지	 / 	제국도교 중앙신전장은 연방형 콘클라베(선거의회) 방식으로 선출하며, 콘클라베(선거의회)의 구성은 다음 각 호와 같다.
XR-00224	4012	7461	7461	8	SRC-C08-L03985	REN-C10-A0011	제10장 제3절 제11조	각 호	각 호	각 호	일반표현 유지	unchanged-generic				번호 없는 일반 열거표현 유지	 / 	콘클라베(선거의회)는 격리 회기, 비공개 투표, 연속 투표의 원칙을 따른다. 투표 절차는 다음 각 호의 순서와 같다.
XR-00225	4021	7470	7470	8	SRC-C08-L03985	REN-C10-A0011	제10장 제3절 제11조	제2목	제10장 제11조 제6항 제2호 제2목	제10장 제11조 제6항 제2호 제2목	치환	subordinate	REN-C10-A0011	SRC-C08-L03985-N015--REN-C10-A0011		R3.0 구 위치–신 위치 대응	 / 	각 차수의 투표 회기의 최장 기간은 30일로 한다. 30일 내 선출에 실패할 시, 상위 득표 2인의 결선 투표로 전환하며, 결선 요구 찬성률은 제2목의 기준을 따른다.
XR-00226	4032	7481	7481	8	SRC-C08-L03985	REN-C10-A0011	제10장 제3절 제11조	각 호	각 호	각 호	일반표현 유지	unchanged-generic				번호 없는 일반 열거표현 유지	 / 	연방 황실 대표자의 콘클라베(선거의회)에서의 지위와 권한 및 접근 범위는 다음 각 호와 같다.
XR-00227	4034	7483	7483	8	SRC-C08-L03985	REN-C10-A0011	제10장 제3절 제11조	제5항	제10장 제11조 제5항	제10장 제11조 제5항	치환	subordinate	REN-C10-A0011	SRC-C08-L03985-N005--REN-C10-A0011		R3.0 구 위치–신 위치 대응	 / 	제5항의 다른 호에서 정한 참여자와 같은 권한을 지니며, 투표권도 동등하게 가진다.
XR-00228	4042	7491	7491	8	SRC-C08-L03985	REN-C10-A0011	제10장 제3절 제11조	본 조	제10장 제11조	제10장 제11조	치환	article	REN-C10-A0011			R3.0 구 위치–신 위치 대응	 / 	연방의 국가안전에 관련된 급박한 위험을 인지 시, 연방 황실 비상안전실에 즉시 통보한다. 다만, 이는 회기 개입·정지 권한을 구성하지 않으며, 개입은 본 조에 따른 칙례가 정한 절차에 따른다.
XR-00229	4052	7541	7541	8	SRC-C08-L04044	REN-C10-A0013	제10장 제4절 제13조	제17장(능력자 감독)	[[05_원범위_보존_참조표#^scope-c17|제14장·제20장·제21장 중 능력자감독 대응규정]]	[[05_원범위_보존_참조표#^scope-c17|제14장·제20장·제21장 중 능력자감독 대응규정]]	치환	scope	REN-C14-A0033;REN-C14-A0034;REN-C20-A0001;REN-C20-A0002;REN-C20-A0003;REN-C20-A0004;REN-C20-A0005;REN-C20-A0006;REN-C20-A0007;REN-C20-A0008;REN-C20-A0009;REN-C20-A0010;REN-C20-A0011;REN-C20-A0012;REN-C20-A0013;REN-C20-A0014;REN-C20-A0015;REN-C20-A0016;REN-C20-A0017;REN-C20-A0018;REN-C20-A0019;REN-C20-A0020;REN-C20-A0021;REN-C20-A0022;REN-C20-A0023;REN-C20-A0024;REN-C20-A0025;REN-C20-A0026;REN-C20-A0027;REN-C20-A0028;REN-C20-A0029;REN-C20-A0030;REN-C20-A0031;REN-C20-A0032;REN-C20-A0033;REN-C20-A0035;REN-C20-A0036;REN-C20-A0037;REN-C20-A0038;REN-C20-A0039;REN-C20-A0040;REN-C20-A0041;REN-C20-A0042;REN-C20-A0043;REN-C20-A0044;REN-C20-A0045;REN-C20-A0046;REN-C20-A0047;REN-C20-A0048;REN-C20-A0049;REN-C20-A0050;REN-C20-A0051;REN-C20-A0052;REN-C20-A0053;REN-C20-A0054;REN-C20-A0055;REN-C20-A0056;REN-C20-A0057;REN-C20-A0058;REN-C20-A0059;REN-C20-A0060;REN-C20-A0061;REN-C20-A0062;REN-C20-A0063;REN-C20-A0064;REN-C20-A0065;REN-C20-A0066;REN-C20-A0067;REN-C20-A0068;REN-C21-S06;REN-C21-S12		c17	R3.0 구 위치–신 위치 대응	 / 	각성자는 이계적 여진 등으로 인해 능력이 발현된 자로서, 교단적 의례·교육·윤리 기준을 적용하며 제17장(능력자 감독)과 공동 기준을 마련한다.
XR-00230	4095	7361	7361	8	SRC-C08-L04084	REN-C10-A0007	제10장 제2절 제7조	전항	제10장 제7조 제3항	제10장 제7조 제3항	치환	subordinate	REN-C10-A0007	SRC-C08-L04084-N003--REN-C10-A0007		R3.0 구 위치–신 위치 대응	 / 	전항의 등록 절차에 대해서 대안적 수단을 연방 법률·황제령으로 정할 수 있다.
XR-00231	4105	7381	7381	8	SRC-C08-L04097	REN-C10-A0008	제10장 제2절 제8조	전항	제10장 제8조 제2항	제10장 제8조 제2항	치환	subordinate	REN-C10-A0008	SRC-C08-L04097-N002--REN-C10-A0008		R3.0 구 위치–신 위치 대응	 / 	연방 법원은 전항의 처분의 필요성, 비례성을 심사할 수 있으며, 헌법 사안일 경우 연방 헌법원에 이송하여야 한다.
XR-00232	4116	7575	7575	8	SRC-C08-L04111	REN-C10-A0015	제10장 제4절 제15조	제1장(권리장전)	[[05_원범위_보존_참조표#^scope-c01|제1장·제2장·제3장 중 권리장전 대응규정]]	[[05_원범위_보존_참조표#^scope-c01|제1장·제2장·제3장 중 권리장전 대응규정]]	치환	scope	REN-C01-A0001;REN-C01-A0002;REN-C01-A0003;REN-C01-A0004;REN-C01-A0005;REN-C01-A0006;REN-C01-A0007;REN-C01-A0008;REN-C01-A0009;REN-C01-A0010;REN-C01-A0011;REN-C01-A0012;REN-C01-A0013;REN-C01-A0014;REN-C01-A0015;REN-C01-A0016;REN-C01-A0017;REN-C01-A0018;REN-C01-A0019;REN-C01-A0020;REN-C01-A0021;REN-C01-A0022;REN-C01-A0023;REN-C01-A0024;REN-C01-A0025;REN-C01-A0026;REN-C01-A0027;REN-C01-A0028;REN-C01-A0029;REN-C01-A0030;REN-C01-A0031;REN-C01-A0032;REN-C01-A0033;REN-C01-A0034;REN-C01-A0035;REN-C01-A0036;REN-C01-A0037;REN-C01-A0038;REN-C01-A0039;REN-C01-A0040;REN-C01-A0041;REN-C01-A0042;REN-C01-A0043;REN-C01-A0044;REN-C01-A0045;REN-C02-A0029;REN-C03-A0012		c01	R3.0 구 위치–신 위치 대응	 / 	종교법원의 판결은 연방 헌법 제1장(권리장전)에서 보장하는 기본권, 연방의 공권력 행사에 영향을 미치는 경우에 한하여 사법심사의 대상이 된다.
XR-00233	4177	7735	7735	8	SRC-C08-L04164	REN-C10-A0023	제10장 제5절 제23조	전항	제10장 제23조 제2항	제10장 제23조 제2항	치환	subordinate	REN-C10-A0023	SRC-C08-L04164-N002--REN-C10-A0023		R3.0 구 위치–신 위치 대응	 / 	전항에 의한 예외 처리에 해당하더라도, 최소수집, 가명처리, 정보 접근통제, 보존기간 단축, 열람기록의 전면 로그화를 수행하여야 한다.
XR-00234	4184	7752	7752	8	SRC-C08-L04179	REN-C10-A0024	제10장 제5절 제24조	본 장 '제5조의2'	제10장 제23조	제10장 제23조	치환	article	REN-C10-A0023			R3.0 구 위치–신 위치 대응	 / 	종교정보의 수집, 보관, 처리는 본인의 자발적·명시적 동의가 있거나, 법률상 중대한 공익을 위한 불가피한 경우에 한하며, 이 경우에도 본 장 '제5조의2'의 보호기준을 따른다.
XR-00235	4294	8099	8099	8	SRC-C08-L04280	REN-C10-A0036	제10장 제7절 제36조	제6장(사법)	[[05_원범위_보존_참조표#^scope-c06|제7장·제13장·제14장·제17장·제21장 중 사법 대응규정]]	[[05_원범위_보존_참조표#^scope-c06|제7장·제13장·제14장·제17장·제21장 중 사법 대응규정]]	치환	scope	REN-C07-A0001;REN-C07-A0002;REN-C07-A0003;REN-C07-A0004;REN-C07-A0005;REN-C07-A0006;REN-C07-A0007;REN-C07-A0008;REN-C07-A0009;REN-C07-A0010;REN-C07-A0011;REN-C07-A0012;REN-C07-A0013;REN-C07-A0014;REN-C07-A0015;REN-C07-A0016;REN-C07-A0017;REN-C07-A0018;REN-C07-A0019;REN-C07-A0020;REN-C07-A0021;REN-C07-A0022;REN-C07-A0023;REN-C07-A0024;REN-C07-A0025;REN-C07-A0026;REN-C07-A0027;REN-C07-A0028;REN-C07-A0029;REN-C07-A0030;REN-C07-A0031;REN-C07-A0032;REN-C07-A0033;REN-C07-A0034;REN-C07-A0035;REN-C07-A0036;REN-C07-A0037;REN-C07-A0038;REN-C07-A0039;REN-C07-A0040;REN-C07-A0041;REN-C07-A0042;REN-C07-A0043;REN-C07-A0044;REN-C07-A0045;REN-C07-A0046;REN-C07-A0047;REN-C07-A0048;REN-C07-A0049;REN-C07-A0050;REN-C07-A0051;REN-C07-A0052;REN-C07-A0053;REN-C07-A0054;REN-C07-A0055;REN-C07-A0056;REN-C07-A0057;REN-C07-A0058;REN-C13-A0023;REN-C14-A0019;REN-C17-A0006;REN-C17-A0007;REN-C21-S01		c06	R3.0 구 위치–신 위치 대응	 / 	시설 유지·경비 비용은 연방 황실과 제국도교 중앙교구가 협약으로 정한 분담 원칙에 따른다. 사고·분쟁 발생 시 사고조사·손해배상 절차는 제6장(사법) 및 관련 연방 법률에 따른다.
XR-00236	4314	8119	8119	8	SRC-C08-L04280	REN-C10-A0036	제10장 제7절 제36조	각 호	각 호	각 호	일반표현 유지	unchanged-generic				번호 없는 일반 열거표현 유지	 / 	지휘 전환과 동시에 열람·접근 권한이 자동 상승한다. 세부는 다음 각 호에 따른다.
XR-00237	4335	8140	8140	8	SRC-C08-L04280	REN-C10-A0036	제10장 제7절 제36조	본 조 제9~10항	제10장 제36조 제9항 및 제10장 제36조 제10항	제10장 제36조 제9항 및 제10장 제36조 제10항	치환	subordinate	REN-C10-A0036	SRC-C08-L04280-N013--REN-C10-A0036;SRC-C08-L04280-N020--REN-C10-A0036		R3.0 구 위치–신 위치 대응	 / 	3. S3 이상: 옵서버가 지휘권을 부여받을 경우, 지휘자 신분으로 전환되어 본 조 제9~10항의 범위를 따른다.
XR-00238	4363	7959	7959	8	SRC-C08-L04352	REN-C10-A0033	제10장 제6절 제33조	본 조	제10장 제33조	제10장 제33조	치환	article	REN-C10-A0033			R3.0 구 위치–신 위치 대응	 / 	본 조의 시행을 위한 사항 세부는 연방 법률·황제령으로 정한다.
XR-00239	4393	7999	7999	8	SRC-C08-L04391	REN-C10-A0034	제10장 제6절 제34조	본 조	제10장 제34조	제10장 제34조	치환	article	REN-C10-A0034			R3.0 구 위치–신 위치 대응	 / 	본 조에서 '선교·선포·사회적 교화'란, 신앙·교리·사회적 원칙을 설명·권유·교육하는 비강제적 의사소통 활동을 말한다.
XR-00240	4420	8026	8026	8	SRC-C08-L04391	REN-C10-A0034	제10장 제6절 제34조	본 조	제10장 제34조	제10장 제34조	치환	article	REN-C10-A0034			R3.0 구 위치–신 위치 대응	 / 	본 조의 집행은 비사법적 절차(교육, 권고, 경고, 활동중지, 자격정지 등)를 원칙으로 하며, 반복·중대한 위반 시 연방 감사원의 감사와 사법특례에 따라 사법조치한다. 다만, 일반법 위반은 해당 법규에 따라 처벌한다.
XR-00241	4435	8041	8041	8	SRC-C08-L04391	REN-C10-A0034	제10장 제6절 제34조	본 조	제10장 제34조	제10장 제34조	치환	article	REN-C10-A0034			R3.0 구 위치–신 위치 대응	 / 	본 조의 해석은 표현·신앙의 자유 보장과 조화되도록 한다.
XR-00242	4461	8343	8343	8	SRC-C08-L04453	REN-C10-A0046	제10장 제8절 제46조	각 호	각 호	각 호	일반표현 유지	unchanged-generic				번호 없는 일반 열거표현 유지	 / 	성지·성역 관련 자료의 공개는 다음 각 호에 따른다.
XR-00243	4527	7675	7675	8	SRC-C08-L04522	REN-C10-A0020	제10장 제4절 제20조	본 장 제15조	제10장 제46조	제10장 제46조	치환	article	REN-C10-A0046			R3.0 구 위치–신 위치 대응	 / 	사후 심사 기록은 본 장 제15조의 전자공개 표준을 따른다.
XR-00244	4535	8371	8371	8	SRC-C08-L04533	REN-C10-A0047	제10장 제8절 제47조	본 장	[[05_원범위_보존_참조표#^scope-c08|제10장·제14장·제21장 중 종교 대응규정]]	[[05_원범위_보존_참조표#^scope-c08|제10장·제14장·제21장 중 종교 대응규정]]	치환	scope	REN-C10-A0001;REN-C10-A0002;REN-C10-A0003;REN-C10-A0004;REN-C10-A0005;REN-C10-A0006;REN-C10-A0007;REN-C10-A0008;REN-C10-A0009;REN-C10-A0010;REN-C10-A0011;REN-C10-A0012;REN-C10-A0013;REN-C10-A0014;REN-C10-A0015;REN-C10-A0016;REN-C10-A0017;REN-C10-A0018;REN-C10-A0019;REN-C10-A0020;REN-C10-A0021;REN-C10-A0022;REN-C10-A0023;REN-C10-A0024;REN-C10-A0025;REN-C10-A0026;REN-C10-A0027;REN-C10-A0028;REN-C10-A0029;REN-C10-A0030;REN-C10-A0031;REN-C10-A0032;REN-C10-A0033;REN-C10-A0034;REN-C10-A0035;REN-C10-A0036;REN-C10-A0037;REN-C10-A0038;REN-C10-A0039;REN-C10-A0040;REN-C10-A0041;REN-C10-A0042;REN-C10-A0043;REN-C10-A0044;REN-C10-A0045;REN-C10-A0046;REN-C10-A0047;REN-C10-A0048;REN-C10-A0049;REN-C10-A0050;REN-C10-A0051;REN-C10-A0052;REN-C10-A0053;REN-C14-A0030;REN-C21-A0001		c08	R3.0 구 위치–신 위치 대응	 / 	본 장은 종교와 직·간접으로 연계된 행정·입법·사법·비상·정보공개 전 영역으 ㅣ공통 표준으로서 우선 적용된다.
XR-00245	4538	8374	8374	8	SRC-C08-L04533	REN-C10-A0047	제10장 제8절 제47조	본 장	[[05_원범위_보존_참조표#^scope-c08|제10장·제14장·제21장 중 종교 대응규정]]	[[05_원범위_보존_참조표#^scope-c08|제10장·제14장·제21장 중 종교 대응규정]]	치환	scope	REN-C10-A0001;REN-C10-A0002;REN-C10-A0003;REN-C10-A0004;REN-C10-A0005;REN-C10-A0006;REN-C10-A0007;REN-C10-A0008;REN-C10-A0009;REN-C10-A0010;REN-C10-A0011;REN-C10-A0012;REN-C10-A0013;REN-C10-A0014;REN-C10-A0015;REN-C10-A0016;REN-C10-A0017;REN-C10-A0018;REN-C10-A0019;REN-C10-A0020;REN-C10-A0021;REN-C10-A0022;REN-C10-A0023;REN-C10-A0024;REN-C10-A0025;REN-C10-A0026;REN-C10-A0027;REN-C10-A0028;REN-C10-A0029;REN-C10-A0030;REN-C10-A0031;REN-C10-A0032;REN-C10-A0033;REN-C10-A0034;REN-C10-A0035;REN-C10-A0036;REN-C10-A0037;REN-C10-A0038;REN-C10-A0039;REN-C10-A0040;REN-C10-A0041;REN-C10-A0042;REN-C10-A0043;REN-C10-A0044;REN-C10-A0045;REN-C10-A0046;REN-C10-A0047;REN-C10-A0048;REN-C10-A0049;REN-C10-A0050;REN-C10-A0051;REN-C10-A0052;REN-C10-A0053;REN-C14-A0030;REN-C21-A0001		c08	R3.0 구 위치–신 위치 대응	 / 	다른 장에서 종교 관련 사항을 정하는 때에는, 본 장의 기준(협력적 분리, 전자공개, 사법특례, 비상등급, 성역관리 등)을 우선 준용하여야 한다.
XR-00246	4542	7691	7691	8	SRC-C08-L04540	REN-C10-A0021	제10장 제4절 제21조	각 호	각 호	각 호	일반표현 유지	unchanged-generic				번호 없는 일반 열거표현 유지	 / 	다음 각 호의 사건은 연방 3-3 우선배당 절차로 처리한다.
XR-00247	4553	8388	8388	8	SRC-C08-L04551	REN-C10-A0048	제10장 제8절 제48조	본 장	[[05_원범위_보존_참조표#^scope-c08|제10장·제14장·제21장 중 종교 대응규정]]	[[05_원범위_보존_참조표#^scope-c08|제10장·제14장·제21장 중 종교 대응규정]]	치환	scope	REN-C10-A0001;REN-C10-A0002;REN-C10-A0003;REN-C10-A0004;REN-C10-A0005;REN-C10-A0006;REN-C10-A0007;REN-C10-A0008;REN-C10-A0009;REN-C10-A0010;REN-C10-A0011;REN-C10-A0012;REN-C10-A0013;REN-C10-A0014;REN-C10-A0015;REN-C10-A0016;REN-C10-A0017;REN-C10-A0018;REN-C10-A0019;REN-C10-A0020;REN-C10-A0021;REN-C10-A0022;REN-C10-A0023;REN-C10-A0024;REN-C10-A0025;REN-C10-A0026;REN-C10-A0027;REN-C10-A0028;REN-C10-A0029;REN-C10-A0030;REN-C10-A0031;REN-C10-A0032;REN-C10-A0033;REN-C10-A0034;REN-C10-A0035;REN-C10-A0036;REN-C10-A0037;REN-C10-A0038;REN-C10-A0039;REN-C10-A0040;REN-C10-A0041;REN-C10-A0042;REN-C10-A0043;REN-C10-A0044;REN-C10-A0045;REN-C10-A0046;REN-C10-A0047;REN-C10-A0048;REN-C10-A0049;REN-C10-A0050;REN-C10-A0051;REN-C10-A0052;REN-C10-A0053;REN-C14-A0030;REN-C21-A0001		c08	R3.0 구 위치–신 위치 대응	 / 	본 장 및 관련 칙례·규칙은 QF(전자공개 표준)를 준수하여야 한다.
XR-00248	4640	8487	8487	8	SRC-C08-L04638	REN-C10-A0053	제10장 제8절 제53조	본 장	[[05_원범위_보존_참조표#^scope-c08|제10장·제14장·제21장 중 종교 대응규정]]	[[05_원범위_보존_참조표#^scope-c08|제10장·제14장·제21장 중 종교 대응규정]]	치환	scope	REN-C10-A0001;REN-C10-A0002;REN-C10-A0003;REN-C10-A0004;REN-C10-A0005;REN-C10-A0006;REN-C10-A0007;REN-C10-A0008;REN-C10-A0009;REN-C10-A0010;REN-C10-A0011;REN-C10-A0012;REN-C10-A0013;REN-C10-A0014;REN-C10-A0015;REN-C10-A0016;REN-C10-A0017;REN-C10-A0018;REN-C10-A0019;REN-C10-A0020;REN-C10-A0021;REN-C10-A0022;REN-C10-A0023;REN-C10-A0024;REN-C10-A0025;REN-C10-A0026;REN-C10-A0027;REN-C10-A0028;REN-C10-A0029;REN-C10-A0030;REN-C10-A0031;REN-C10-A0032;REN-C10-A0033;REN-C10-A0034;REN-C10-A0035;REN-C10-A0036;REN-C10-A0037;REN-C10-A0038;REN-C10-A0039;REN-C10-A0040;REN-C10-A0041;REN-C10-A0042;REN-C10-A0043;REN-C10-A0044;REN-C10-A0045;REN-C10-A0046;REN-C10-A0047;REN-C10-A0048;REN-C10-A0049;REN-C10-A0050;REN-C10-A0051;REN-C10-A0052;REN-C10-A0053;REN-C14-A0030;REN-C21-A0001		c08	R3.0 구 위치–신 위치 대응	 / 	본 장의 시행에 필요한 사항은 연방 법률·황제령 및 제국도교 중앙교구 칙례로 위임한다.
XR-00249	4646	20359	20359	8	SRC-C08-L04644	REN-C21-A0001	제21장 제1절 제1조	본 장	[[05_원범위_보존_참조표#^scope-c08|제10장·제14장·제21장 중 종교 대응규정]]	[[05_원범위_보존_참조표#^scope-c08|제10장·제14장·제21장 중 종교 대응규정]]	치환	scope	REN-C10-A0001;REN-C10-A0002;REN-C10-A0003;REN-C10-A0004;REN-C10-A0005;REN-C10-A0006;REN-C10-A0007;REN-C10-A0008;REN-C10-A0009;REN-C10-A0010;REN-C10-A0011;REN-C10-A0012;REN-C10-A0013;REN-C10-A0014;REN-C10-A0015;REN-C10-A0016;REN-C10-A0017;REN-C10-A0018;REN-C10-A0019;REN-C10-A0020;REN-C10-A0021;REN-C10-A0022;REN-C10-A0023;REN-C10-A0024;REN-C10-A0025;REN-C10-A0026;REN-C10-A0027;REN-C10-A0028;REN-C10-A0029;REN-C10-A0030;REN-C10-A0031;REN-C10-A0032;REN-C10-A0033;REN-C10-A0034;REN-C10-A0035;REN-C10-A0036;REN-C10-A0037;REN-C10-A0038;REN-C10-A0039;REN-C10-A0040;REN-C10-A0041;REN-C10-A0042;REN-C10-A0043;REN-C10-A0044;REN-C10-A0045;REN-C10-A0046;REN-C10-A0047;REN-C10-A0048;REN-C10-A0049;REN-C10-A0050;REN-C10-A0051;REN-C10-A0052;REN-C10-A0053;REN-C14-A0030;REN-C21-A0001		c08	R3.0 구 위치–신 위치 대응	 / 	본 장은 공포한 날부터 시행한다.
XR-00250	4652	20365	20365	8	SRC-C08-L04644	REN-C21-A0001	제21장 제1절 제1조	본 장	[[05_원범위_보존_참조표#^scope-c08|제10장·제14장·제21장 중 종교 대응규정]]	[[05_원범위_보존_참조표#^scope-c08|제10장·제14장·제21장 중 종교 대응규정]]	치환	scope	REN-C10-A0001;REN-C10-A0002;REN-C10-A0003;REN-C10-A0004;REN-C10-A0005;REN-C10-A0006;REN-C10-A0007;REN-C10-A0008;REN-C10-A0009;REN-C10-A0010;REN-C10-A0011;REN-C10-A0012;REN-C10-A0013;REN-C10-A0014;REN-C10-A0015;REN-C10-A0016;REN-C10-A0017;REN-C10-A0018;REN-C10-A0019;REN-C10-A0020;REN-C10-A0021;REN-C10-A0022;REN-C10-A0023;REN-C10-A0024;REN-C10-A0025;REN-C10-A0026;REN-C10-A0027;REN-C10-A0028;REN-C10-A0029;REN-C10-A0030;REN-C10-A0031;REN-C10-A0032;REN-C10-A0033;REN-C10-A0034;REN-C10-A0035;REN-C10-A0036;REN-C10-A0037;REN-C10-A0038;REN-C10-A0039;REN-C10-A0040;REN-C10-A0041;REN-C10-A0042;REN-C10-A0043;REN-C10-A0044;REN-C10-A0045;REN-C10-A0046;REN-C10-A0047;REN-C10-A0048;REN-C10-A0049;REN-C10-A0050;REN-C10-A0051;REN-C10-A0052;REN-C10-A0053;REN-C14-A0030;REN-C21-A0001		c08	R3.0 구 위치–신 위치 대응	 / 	종전의 내규, 판례 공시 기준은 본 장에 합치되는 범위에서만 효력을 가진다.
XR-00251	4655	20368	20368	8	SRC-C08-L04644	REN-C21-A0001	제21장 제1절 제1조	제6장(사법)	[[05_원범위_보존_참조표#^scope-c06|제7장·제13장·제14장·제17장·제21장 중 사법 대응규정]]	[[05_원범위_보존_참조표#^scope-c06|제7장·제13장·제14장·제17장·제21장 중 사법 대응규정]]	치환	scope	REN-C07-A0001;REN-C07-A0002;REN-C07-A0003;REN-C07-A0004;REN-C07-A0005;REN-C07-A0006;REN-C07-A0007;REN-C07-A0008;REN-C07-A0009;REN-C07-A0010;REN-C07-A0011;REN-C07-A0012;REN-C07-A0013;REN-C07-A0014;REN-C07-A0015;REN-C07-A0016;REN-C07-A0017;REN-C07-A0018;REN-C07-A0019;REN-C07-A0020;REN-C07-A0021;REN-C07-A0022;REN-C07-A0023;REN-C07-A0024;REN-C07-A0025;REN-C07-A0026;REN-C07-A0027;REN-C07-A0028;REN-C07-A0029;REN-C07-A0030;REN-C07-A0031;REN-C07-A0032;REN-C07-A0033;REN-C07-A0034;REN-C07-A0035;REN-C07-A0036;REN-C07-A0037;REN-C07-A0038;REN-C07-A0039;REN-C07-A0040;REN-C07-A0041;REN-C07-A0042;REN-C07-A0043;REN-C07-A0044;REN-C07-A0045;REN-C07-A0046;REN-C07-A0047;REN-C07-A0048;REN-C07-A0049;REN-C07-A0050;REN-C07-A0051;REN-C07-A0052;REN-C07-A0053;REN-C07-A0054;REN-C07-A0055;REN-C07-A0056;REN-C07-A0057;REN-C07-A0058;REN-C13-A0023;REN-C14-A0019;REN-C17-A0006;REN-C17-A0007;REN-C21-S01		c06	R3.0 구 위치–신 위치 대응	 / 	제6장(사법)·제11장(비상)의 말미에 본 장과의 연계 조항을 삽입하여야 한다.
XR-00252	4655	20368	20368	8	SRC-C08-L04644	REN-C21-A0001	제21장 제1절 제1조	제11장(비상)	[[05_원범위_보존_참조표#^scope-c11|제3장·제9장·제12장·제13장·제14장·제15장·제18장·제21장 중 국가방위·비상사태 대응규정]]	[[05_원범위_보존_참조표#^scope-c11|제3장·제9장·제12장·제13장·제14장·제15장·제18장·제21장 중 국가방위·비상사태 대응규정]]	치환	scope	REN-C03-A0001;REN-C03-A0002;REN-C03-A0003;REN-C09-A0021;REN-C12-A0021;REN-C12-A0033;REN-C13-A0001;REN-C13-A0002;REN-C13-A0003;REN-C13-A0004;REN-C13-A0005;REN-C13-A0006;REN-C13-A0007;REN-C13-A0008;REN-C13-A0009;REN-C13-A0010;REN-C13-A0011;REN-C13-A0012;REN-C13-A0013;REN-C13-A0014;REN-C13-A0015;REN-C13-A0017;REN-C13-A0018;REN-C13-A0019;REN-C13-A0020;REN-C13-A0021;REN-C13-A0022;REN-C13-A0024;REN-C13-A0025;REN-C13-A0026;REN-C13-A0027;REN-C14-A0001;REN-C14-A0002;REN-C14-A0003;REN-C14-A0004;REN-C14-A0006;REN-C14-A0007;REN-C14-A0008;REN-C14-A0010;REN-C14-A0011;REN-C14-A0013;REN-C14-A0014;REN-C14-A0020;REN-C14-A0021;REN-C14-A0022;REN-C14-A0023;REN-C14-A0024;REN-C14-A0028;REN-C14-A0039;REN-C14-A0040;REN-C14-A0041;REN-C14-A0042;REN-C14-A0043;REN-C15-A0064;REN-C15-A0072;REN-C18-A0028;REN-C18-A0029;REN-C18-A0056;REN-C21-A0010		c11	R3.0 구 위치–신 위치 대응	 / 	제6장(사법)·제11장(비상)의 말미에 본 장과의 연계 조항을 삽입하여야 한다.
XR-00253	4655	20368	20368	8	SRC-C08-L04644	REN-C21-A0001	제21장 제1절 제1조	본 장	[[05_원범위_보존_참조표#^scope-c08|제10장·제14장·제21장 중 종교 대응규정]]	[[05_원범위_보존_참조표#^scope-c08|제10장·제14장·제21장 중 종교 대응규정]]	치환	scope	REN-C10-A0001;REN-C10-A0002;REN-C10-A0003;REN-C10-A0004;REN-C10-A0005;REN-C10-A0006;REN-C10-A0007;REN-C10-A0008;REN-C10-A0009;REN-C10-A0010;REN-C10-A0011;REN-C10-A0012;REN-C10-A0013;REN-C10-A0014;REN-C10-A0015;REN-C10-A0016;REN-C10-A0017;REN-C10-A0018;REN-C10-A0019;REN-C10-A0020;REN-C10-A0021;REN-C10-A0022;REN-C10-A0023;REN-C10-A0024;REN-C10-A0025;REN-C10-A0026;REN-C10-A0027;REN-C10-A0028;REN-C10-A0029;REN-C10-A0030;REN-C10-A0031;REN-C10-A0032;REN-C10-A0033;REN-C10-A0034;REN-C10-A0035;REN-C10-A0036;REN-C10-A0037;REN-C10-A0038;REN-C10-A0039;REN-C10-A0040;REN-C10-A0041;REN-C10-A0042;REN-C10-A0043;REN-C10-A0044;REN-C10-A0045;REN-C10-A0046;REN-C10-A0047;REN-C10-A0048;REN-C10-A0049;REN-C10-A0050;REN-C10-A0051;REN-C10-A0052;REN-C10-A0053;REN-C14-A0030;REN-C21-A0001		c08	R3.0 구 위치–신 위치 대응	 / 	제6장(사법)·제11장(비상)의 말미에 본 장과의 연계 조항을 삽입하여야 한다.
XR-00254	4668	8510	8510	9	SRC-C09-L04663	REN-C11-A0001	제11장 제1절 제1조	본 항	제11장 제1조 제2항	제11장 제1조 제2항	치환	subordinate	REN-C11-A0001	SRC-C09-L04663-N002--REN-C11-A0001		R3.0 구 위치–신 위치 대응	 / 	연방은 신지구를 제외한 다른 은하 구역의 통치 체제를 권역단위와 영역단위의 2단위로 구분한다. 권역 단위는 성계권역주이며, 영역 단위는 개척자치령(開拓自治領; frontier autonomous territory)·신탁령(信託領; trust territory)으로 은하 내 자치단위를 나눈다. 본 항의 상세 정의·규정과 설치·지위·편입 등에 관한 세부는 제10장(개척)에 따른다.
XR-00255	4668	8510	8510	9	SRC-C09-L04663	REN-C11-A0001	제11장 제1절 제1조	제10장(개척)	[[05_원범위_보존_참조표#^scope-c10|제12장·제21장 중 개척 대응규정]]	[[05_원범위_보존_참조표#^scope-c10|제12장·제21장 중 개척 대응규정]]	치환	scope	REN-C12-A0001;REN-C12-A0002;REN-C12-A0003;REN-C12-A0004;REN-C12-A0005;REN-C12-A0006;REN-C12-A0007;REN-C12-A0008;REN-C12-A0011;REN-C12-A0012;REN-C12-A0013;REN-C12-A0014;REN-C12-A0016;REN-C12-A0017;REN-C12-A0018;REN-C12-A0019;REN-C12-A0020;REN-C12-A0022;REN-C12-A0023;REN-C12-A0024;REN-C12-A0025;REN-C12-A0026;REN-C12-A0027;REN-C12-A0028;REN-C12-A0029;REN-C12-A0030;REN-C12-A0031;REN-C12-A0032;REN-C12-A0034;REN-C12-A0035;REN-C12-A0036;REN-C12-A0037;REN-C12-A0038;REN-C12-A0039;REN-C12-A0040;REN-C12-A0041;REN-C12-A0042;REN-C12-A0043;REN-C12-A0044;REN-C12-A0045;REN-C12-A0046;REN-C12-A0047;REN-C12-A0048;REN-C12-A0049;REN-C12-A0050;REN-C12-A0051;REN-C12-A0052;REN-C12-A0053;REN-C12-A0054;REN-C12-A0055;REN-C12-A0056;REN-C12-A0057;REN-C12-A0058;REN-C12-A0059;REN-C12-A0060;REN-C12-A0061;REN-C12-A0062;REN-C12-A0063;REN-C21-S08;REN-C21-S09		c10	R3.0 구 위치–신 위치 대응	 / 	연방은 신지구를 제외한 다른 은하 구역의 통치 체제를 권역단위와 영역단위의 2단위로 구분한다. 권역 단위는 성계권역주이며, 영역 단위는 개척자치령(開拓自治領; frontier autonomous territory)·신탁령(信託領; trust territory)으로 은하 내 자치단위를 나눈다. 본 항의 상세 정의·규정과 설치·지위·편입 등에 관한 세부는 제10장(개척)에 따른다.
XR-00256	4675	8517	8517	9	SRC-C09-L04663	REN-C11-A0001	제11장 제1절 제1조	본 장	[[05_원범위_보존_참조표#^scope-c09|제11장·제12장·제14장·제21장 중 지방자치 대응규정]]	[[05_원범위_보존_참조표#^scope-c09|제11장·제12장·제14장·제21장 중 지방자치 대응규정]]	치환	scope	REN-C11-A0001;REN-C11-A0002;REN-C11-A0003;REN-C11-A0004;REN-C11-A0005;REN-C11-A0006;REN-C11-A0007;REN-C11-A0008;REN-C11-A0009;REN-C11-A0010;REN-C11-A0011;REN-C11-A0012;REN-C11-A0013;REN-C11-A0014;REN-C11-A0015;REN-C11-A0016;REN-C11-A0017;REN-C11-A0018;REN-C11-A0019;REN-C11-A0020;REN-C11-A0021;REN-C11-A0022;REN-C11-A0023;REN-C11-A0024;REN-C11-A0025;REN-C11-A0026;REN-C11-A0027;REN-C11-A0028;REN-C11-A0029;REN-C11-A0030;REN-C11-A0031;REN-C11-A0032;REN-C11-A0033;REN-C11-A0034;REN-C11-A0035;REN-C11-A0036;REN-C11-A0037;REN-C11-A0038;REN-C11-A0039;REN-C11-A0040;REN-C11-A0041;REN-C11-A0042;REN-C11-A0043;REN-C12-A0010;REN-C12-A0015;REN-C14-A0026;REN-C14-A0027;REN-C21-A0004		c09	R3.0 구 위치–신 위치 대응	 / 	본 장에서 '자치령'에는 자치주와 자치공화국을 포함하고, '직할령'에는 신탁령과 직할주를 포함한다.
XR-00257	4693	8535	8535	9	SRC-C09-L04663	REN-C11-A0001	제11장 제1절 제1조	본 조	제11장 제1조	제11장 제1조	치환	article	REN-C11-A0001			R3.0 구 위치–신 위치 대응	 / 	본 조의 원칙·한계 및 보충성 심사 절차의 구체는 연방 법률·황제령으로 정한다.
XR-00258	4707	8552	8552	9	SRC-C09-L04702	REN-C11-A0002	제11장 제1절 제2조	본 조	제11장 제2조	제11장 제2조	치환	article	REN-C11-A0002			R3.0 구 위치–신 위치 대응	 / 	비상상황에서도 본 조의 핵심은 침해할 수 없다.
XR-00259	4717	8585	8585	9	SRC-C09-L04715	REN-C11-A0004	제11장 제2절 제4조	각 호	각 호	각 호	일반표현 유지	unchanged-generic				번호 없는 일반 열거표현 유지	 / 	자치권의 신설, 승격, 조정은 다음 각 호에 따라 해당 기관이 각자의 권한과 절차에 따라 할 수 있다. 세부는 연방 법률·황제령으로 정한다.
XR-00260	4728	9326	9326	9	SRC-C09-L04715	REN-C11-A0038	제11장 제9절 제38조	각 호	각 호	각 호	일반표현 유지	unchanged-generic				번호 없는 일반 열거표현 유지	 / 	중대한 권리침해, 부패, 질서문란, 안보위험 등 연방 법률·황제령이 정하는 사유가 있는 때에는 다음 각 호에 따라 해당 기관이 필요최소한의 범위에서 자치권을 정지·박탈할 수 있다. 세부는 연방 법률·황제령으로 정한다.
XR-00261	4739	9337	9337	9	SRC-C09-L04715	REN-C11-A0038	제11장 제9절 제38조	각 호	각 호	각 호	일반표현 유지	unchanged-generic				번호 없는 일반 열거표현 유지	 / 	모든 부여, 정지, 박탈은 다음 각 호의 내용을 포함하여야 한다. 세부는 연방 법률·황제령으로 정한다.
XR-00262	4752	9691	9691	9	SRC-C09-L04747	REN-C12-A0010	제12장 제2절 제10조	전 항	제12장 제10조 제1항	제12장 제10조 제1항	치환	subordinate	REN-C12-A0010	SRC-C09-L04747-N001--REN-C12-A0010		R3.0 구 위치–신 위치 대응	 / 	전 항에 따라 설치된 자치단위는 연방 법률·황제령에서 정한 조건의 성숙도에 따라 연방 직할령·주 또는 정식 자치단위(주·공화국 등)로 편입·승격할 수 있다.
XR-00263	4755	9694	9694	9	SRC-C09-L04747	REN-C12-A0010	제12장 제2절 제10조	제10장(개척)	[[05_원범위_보존_참조표#^scope-c10|제12장·제21장 중 개척 대응규정]]	[[05_원범위_보존_참조표#^scope-c10|제12장·제21장 중 개척 대응규정]]	치환	scope	REN-C12-A0001;REN-C12-A0002;REN-C12-A0003;REN-C12-A0004;REN-C12-A0005;REN-C12-A0006;REN-C12-A0007;REN-C12-A0008;REN-C12-A0011;REN-C12-A0012;REN-C12-A0013;REN-C12-A0014;REN-C12-A0016;REN-C12-A0017;REN-C12-A0018;REN-C12-A0019;REN-C12-A0020;REN-C12-A0022;REN-C12-A0023;REN-C12-A0024;REN-C12-A0025;REN-C12-A0026;REN-C12-A0027;REN-C12-A0028;REN-C12-A0029;REN-C12-A0030;REN-C12-A0031;REN-C12-A0032;REN-C12-A0034;REN-C12-A0035;REN-C12-A0036;REN-C12-A0037;REN-C12-A0038;REN-C12-A0039;REN-C12-A0040;REN-C12-A0041;REN-C12-A0042;REN-C12-A0043;REN-C12-A0044;REN-C12-A0045;REN-C12-A0046;REN-C12-A0047;REN-C12-A0048;REN-C12-A0049;REN-C12-A0050;REN-C12-A0051;REN-C12-A0052;REN-C12-A0053;REN-C12-A0054;REN-C12-A0055;REN-C12-A0056;REN-C12-A0057;REN-C12-A0058;REN-C12-A0059;REN-C12-A0060;REN-C12-A0061;REN-C12-A0062;REN-C12-A0063;REN-C21-S08;REN-C21-S09		c10	R3.0 구 위치–신 위치 대응	 / 	설치 기준, 통치 구조, 권능·책임, 편입 절차와 과도기적 대표성, 재정·안보·사법에 관한 세부는 제10장(개척) 및 연방 법률·황제령에 따른다.
XR-00264	4783	8916	8916	9	SRC-C09-L04778	REN-C11-A0020	제11장 제5절 제20조	제13조의2	제11장 제41조	제11장 제41조	치환	article	REN-C11-A0041			R3.0 구 위치–신 위치 대응	 / 	재원 없는 의무 부과는 효력이 정지되며, 분쟁은 제13조의2의 절차로 조정한다.
XR-00265	4796	9815	9815	9	SRC-C09-L04791	REN-C12-A0015	제12장 제3절 제15조	제10장(개척)	[[05_원범위_보존_참조표#^scope-c10|제12장·제21장 중 개척 대응규정]]	[[05_원범위_보존_참조표#^scope-c10|제12장·제21장 중 개척 대응규정]]	치환	scope	REN-C12-A0001;REN-C12-A0002;REN-C12-A0003;REN-C12-A0004;REN-C12-A0005;REN-C12-A0006;REN-C12-A0007;REN-C12-A0008;REN-C12-A0011;REN-C12-A0012;REN-C12-A0013;REN-C12-A0014;REN-C12-A0016;REN-C12-A0017;REN-C12-A0018;REN-C12-A0019;REN-C12-A0020;REN-C12-A0022;REN-C12-A0023;REN-C12-A0024;REN-C12-A0025;REN-C12-A0026;REN-C12-A0027;REN-C12-A0028;REN-C12-A0029;REN-C12-A0030;REN-C12-A0031;REN-C12-A0032;REN-C12-A0034;REN-C12-A0035;REN-C12-A0036;REN-C12-A0037;REN-C12-A0038;REN-C12-A0039;REN-C12-A0040;REN-C12-A0041;REN-C12-A0042;REN-C12-A0043;REN-C12-A0044;REN-C12-A0045;REN-C12-A0046;REN-C12-A0047;REN-C12-A0048;REN-C12-A0049;REN-C12-A0050;REN-C12-A0051;REN-C12-A0052;REN-C12-A0053;REN-C12-A0054;REN-C12-A0055;REN-C12-A0056;REN-C12-A0057;REN-C12-A0058;REN-C12-A0059;REN-C12-A0060;REN-C12-A0061;REN-C12-A0062;REN-C12-A0063;REN-C21-S08;REN-C21-S09		c10	R3.0 구 위치–신 위치 대응	 / 	세부는 제10장(개척) 및 연방 법률로 정한다.
XR-00266	4952	8996	8996	9	SRC-C09-L04944	REN-C11-A0023	제11장 제5절 제23조	본 조	제11장 제23조	제11장 제23조	치환	article	REN-C11-A0023			R3.0 구 위치–신 위치 대응	 / 	본 조에서 말한 자주재원의 실질적 비중, 연방 교부금·조정의 제도의 구체는 연방 법률·황제령으로 정한다.
XR-00267	4988	9143	9143	9	SRC-C09-L04983	REN-C11-A0030	제11장 제7절 제30조	제12조	제14장 제26조	제14장 제26조	치환	article	REN-C14-A0026			R3.0 구 위치–신 위치 대응	 / 	광역 재난·테러·사변 등은 연방의 통합지휘에 따른다. 비상 개입에 관한 내용은 제12조 및 제11장(방위)를 참조한다.
XR-00268	4988	9143	9143	9	SRC-C09-L04983	REN-C11-A0030	제11장 제7절 제30조	제11장(방위)	[[05_원범위_보존_참조표#^scope-c11|제3장·제9장·제12장·제13장·제14장·제15장·제18장·제21장 중 국가방위·비상사태 대응규정]]	[[05_원범위_보존_참조표#^scope-c11|제3장·제9장·제12장·제13장·제14장·제15장·제18장·제21장 중 국가방위·비상사태 대응규정]]	치환	scope	REN-C03-A0001;REN-C03-A0002;REN-C03-A0003;REN-C09-A0021;REN-C12-A0021;REN-C12-A0033;REN-C13-A0001;REN-C13-A0002;REN-C13-A0003;REN-C13-A0004;REN-C13-A0005;REN-C13-A0006;REN-C13-A0007;REN-C13-A0008;REN-C13-A0009;REN-C13-A0010;REN-C13-A0011;REN-C13-A0012;REN-C13-A0013;REN-C13-A0014;REN-C13-A0015;REN-C13-A0017;REN-C13-A0018;REN-C13-A0019;REN-C13-A0020;REN-C13-A0021;REN-C13-A0022;REN-C13-A0024;REN-C13-A0025;REN-C13-A0026;REN-C13-A0027;REN-C14-A0001;REN-C14-A0002;REN-C14-A0003;REN-C14-A0004;REN-C14-A0006;REN-C14-A0007;REN-C14-A0008;REN-C14-A0010;REN-C14-A0011;REN-C14-A0013;REN-C14-A0014;REN-C14-A0020;REN-C14-A0021;REN-C14-A0022;REN-C14-A0023;REN-C14-A0024;REN-C14-A0028;REN-C14-A0039;REN-C14-A0040;REN-C14-A0041;REN-C14-A0042;REN-C14-A0043;REN-C15-A0064;REN-C15-A0072;REN-C18-A0028;REN-C18-A0029;REN-C18-A0056;REN-C21-A0010		c11	R3.0 구 위치–신 위치 대응	 / 	광역 재난·테러·사변 등은 연방의 통합지휘에 따른다. 비상 개입에 관한 내용은 제12조 및 제11장(방위)를 참조한다.
XR-00269	5042	9088	9088	9	SRC-C09-L05037	REN-C11-A0027	제11장 제6절 제27조	전 항	제11장 제27조 제1항	제11장 제27조 제1항	치환	subordinate	REN-C11-A0027	SRC-C09-L05037-N001--REN-C11-A0027		R3.0 구 위치–신 위치 대응	 / 	전 항의 기준, 방식, 기한은 연방 법률·황제령의 위임 범위 내에서 자치단위 법규로 정한다.
XR-00270	5108	9294	9294	9	SRC-C09-L05106	REN-C11-A0037	제11장 제8절 제37조	본 장	[[05_원범위_보존_참조표#^scope-c09|제11장·제12장·제14장·제21장 중 지방자치 대응규정]]	[[05_원범위_보존_참조표#^scope-c09|제11장·제12장·제14장·제21장 중 지방자치 대응규정]]	치환	scope	REN-C11-A0001;REN-C11-A0002;REN-C11-A0003;REN-C11-A0004;REN-C11-A0005;REN-C11-A0006;REN-C11-A0007;REN-C11-A0008;REN-C11-A0009;REN-C11-A0010;REN-C11-A0011;REN-C11-A0012;REN-C11-A0013;REN-C11-A0014;REN-C11-A0015;REN-C11-A0016;REN-C11-A0017;REN-C11-A0018;REN-C11-A0019;REN-C11-A0020;REN-C11-A0021;REN-C11-A0022;REN-C11-A0023;REN-C11-A0024;REN-C11-A0025;REN-C11-A0026;REN-C11-A0027;REN-C11-A0028;REN-C11-A0029;REN-C11-A0030;REN-C11-A0031;REN-C11-A0032;REN-C11-A0033;REN-C11-A0034;REN-C11-A0035;REN-C11-A0036;REN-C11-A0037;REN-C11-A0038;REN-C11-A0039;REN-C11-A0040;REN-C11-A0041;REN-C11-A0042;REN-C11-A0043;REN-C12-A0010;REN-C12-A0015;REN-C14-A0026;REN-C14-A0027;REN-C21-A0004		c09	R3.0 구 위치–신 위치 대응	 / 	자치단위는 본 장에 따른 자치권 침해에 관하여 연방 헌법상 권리구제를 청구할 수 있다.
XR-00271	5147	9360	9360	9	SRC-C09-L05142	REN-C11-A0039	제11장 제9절 제39조	각 호	각 호	각 호	일반표현 유지	unchanged-generic				번호 없는 일반 열거표현 유지	 / 	연방은 필요 시 다음 각 호의 잠정 제동을 명할 수 있다. 세부 절차, 기간, 집행은 연방 황제령으로 정한다.
XR-00272	5155	9368	9368	9	SRC-C09-L05142	REN-C11-A0039	제11장 제9절 제39조	제12조	제14장 제26조	제14장 제26조	치환	article	REN-C14-A0026			R3.0 구 위치–신 위치 대응	 / 	8. 치안·재난 통합지휘로의 전환 및 LO(연락장교) 파견(제12조 연계).
XR-00273	5264	20491	20491	9	SRC-C09-L05262	REN-C21-A0004	제21장 제2절 제4조	본 장	[[05_원범위_보존_참조표#^scope-c09|제11장·제12장·제14장·제21장 중 지방자치 대응규정]]	[[05_원범위_보존_참조표#^scope-c09|제11장·제12장·제14장·제21장 중 지방자치 대응규정]]	치환	scope	REN-C11-A0001;REN-C11-A0002;REN-C11-A0003;REN-C11-A0004;REN-C11-A0005;REN-C11-A0006;REN-C11-A0007;REN-C11-A0008;REN-C11-A0009;REN-C11-A0010;REN-C11-A0011;REN-C11-A0012;REN-C11-A0013;REN-C11-A0014;REN-C11-A0015;REN-C11-A0016;REN-C11-A0017;REN-C11-A0018;REN-C11-A0019;REN-C11-A0020;REN-C11-A0021;REN-C11-A0022;REN-C11-A0023;REN-C11-A0024;REN-C11-A0025;REN-C11-A0026;REN-C11-A0027;REN-C11-A0028;REN-C11-A0029;REN-C11-A0030;REN-C11-A0031;REN-C11-A0032;REN-C11-A0033;REN-C11-A0034;REN-C11-A0035;REN-C11-A0036;REN-C11-A0037;REN-C11-A0038;REN-C11-A0039;REN-C11-A0040;REN-C11-A0041;REN-C11-A0042;REN-C11-A0043;REN-C12-A0010;REN-C12-A0015;REN-C14-A0026;REN-C14-A0027;REN-C21-A0004		c09	R3.0 구 위치–신 위치 대응	 / 	기존 자치단위의 법령, 조례, 규칙은 본 장 시행일로부터 2연 이내에 정합성 정비를 마쳐야 한다.
XR-00274	5270	20497	20497	9	SRC-C09-L05262	REN-C21-A0004	제21장 제2절 제4조	본 장	[[05_원범위_보존_참조표#^scope-c09|제11장·제12장·제14장·제21장 중 지방자치 대응규정]]	[[05_원범위_보존_참조표#^scope-c09|제11장·제12장·제14장·제21장 중 지방자치 대응규정]]	치환	scope	REN-C11-A0001;REN-C11-A0002;REN-C11-A0003;REN-C11-A0004;REN-C11-A0005;REN-C11-A0006;REN-C11-A0007;REN-C11-A0008;REN-C11-A0009;REN-C11-A0010;REN-C11-A0011;REN-C11-A0012;REN-C11-A0013;REN-C11-A0014;REN-C11-A0015;REN-C11-A0016;REN-C11-A0017;REN-C11-A0018;REN-C11-A0019;REN-C11-A0020;REN-C11-A0021;REN-C11-A0022;REN-C11-A0023;REN-C11-A0024;REN-C11-A0025;REN-C11-A0026;REN-C11-A0027;REN-C11-A0028;REN-C11-A0029;REN-C11-A0030;REN-C11-A0031;REN-C11-A0032;REN-C11-A0033;REN-C11-A0034;REN-C11-A0035;REN-C11-A0036;REN-C11-A0037;REN-C11-A0038;REN-C11-A0039;REN-C11-A0040;REN-C11-A0041;REN-C11-A0042;REN-C11-A0043;REN-C12-A0010;REN-C12-A0015;REN-C14-A0026;REN-C14-A0027;REN-C21-A0004		c09	R3.0 구 위치–신 위치 대응	 / 	본 장의 세부 집행은 연방의 지방자치 및 자치단위에 관한 법률과 관련 연방 법률·황제령 및 연방 총의회 결의로 정한다.
XR-00275	5280	9493	9493	10	SRC-C10-L05278	REN-C12-A0001	제12장 제1절 제1조	본 장	[[05_원범위_보존_참조표#^scope-c10|제12장·제21장 중 개척 대응규정]]	[[05_원범위_보존_참조표#^scope-c10|제12장·제21장 중 개척 대응규정]]	치환	scope	REN-C12-A0001;REN-C12-A0002;REN-C12-A0003;REN-C12-A0004;REN-C12-A0005;REN-C12-A0006;REN-C12-A0007;REN-C12-A0008;REN-C12-A0011;REN-C12-A0012;REN-C12-A0013;REN-C12-A0014;REN-C12-A0016;REN-C12-A0017;REN-C12-A0018;REN-C12-A0019;REN-C12-A0020;REN-C12-A0022;REN-C12-A0023;REN-C12-A0024;REN-C12-A0025;REN-C12-A0026;REN-C12-A0027;REN-C12-A0028;REN-C12-A0029;REN-C12-A0030;REN-C12-A0031;REN-C12-A0032;REN-C12-A0034;REN-C12-A0035;REN-C12-A0036;REN-C12-A0037;REN-C12-A0038;REN-C12-A0039;REN-C12-A0040;REN-C12-A0041;REN-C12-A0042;REN-C12-A0043;REN-C12-A0044;REN-C12-A0045;REN-C12-A0046;REN-C12-A0047;REN-C12-A0048;REN-C12-A0049;REN-C12-A0050;REN-C12-A0051;REN-C12-A0052;REN-C12-A0053;REN-C12-A0054;REN-C12-A0055;REN-C12-A0056;REN-C12-A0057;REN-C12-A0058;REN-C12-A0059;REN-C12-A0060;REN-C12-A0061;REN-C12-A0062;REN-C12-A0063;REN-C21-S08;REN-C21-S09		c10	R3.0 구 위치–신 위치 대응	 / 	본 장은 심우주 개척·정착·신탁·잠정자치·편입 및 그에 부수하는 행정, 사법, 안보, 검역, 환경, 자원, 항행, 표준에 관한 연방의 권한과 절차를 정한다.
XR-00276	5292	9556	9556	10	SRC-C10-L05287	REN-C12-A0004	제12장 제2절 제4조	제9장(지방)	[[05_원범위_보존_참조표#^scope-c09|제11장·제12장·제14장·제21장 중 지방자치 대응규정]]	[[05_원범위_보존_참조표#^scope-c09|제11장·제12장·제14장·제21장 중 지방자치 대응규정]]	치환	scope	REN-C11-A0001;REN-C11-A0002;REN-C11-A0003;REN-C11-A0004;REN-C11-A0005;REN-C11-A0006;REN-C11-A0007;REN-C11-A0008;REN-C11-A0009;REN-C11-A0010;REN-C11-A0011;REN-C11-A0012;REN-C11-A0013;REN-C11-A0014;REN-C11-A0015;REN-C11-A0016;REN-C11-A0017;REN-C11-A0018;REN-C11-A0019;REN-C11-A0020;REN-C11-A0021;REN-C11-A0022;REN-C11-A0023;REN-C11-A0024;REN-C11-A0025;REN-C11-A0026;REN-C11-A0027;REN-C11-A0028;REN-C11-A0029;REN-C11-A0030;REN-C11-A0031;REN-C11-A0032;REN-C11-A0033;REN-C11-A0034;REN-C11-A0035;REN-C11-A0036;REN-C11-A0037;REN-C11-A0038;REN-C11-A0039;REN-C11-A0040;REN-C11-A0041;REN-C11-A0042;REN-C11-A0043;REN-C12-A0010;REN-C12-A0015;REN-C14-A0026;REN-C14-A0027;REN-C21-A0004		c09	R3.0 구 위치–신 위치 대응	 / 	자치단위는 본 연방 헌법 제9장(지방) 및 연방 법률·황제령이 위임한 범위에서 자치 입법·행정권을 행사한다.
XR-00277	5304	9578	9578	10	SRC-C10-L05296	REN-C12-A0005	제12장 제2절 제5조	본 조	제12장 제5조	제12장 제5조	치환	article	REN-C12-A0005			R3.0 구 위치–신 위치 대응	 / 	본 조의 편입·전환 원칙에 관한 상위·관련 규정은 `제2장 제15조`, `제2장 제2조의3`, `제2장 제2조의8`, `제9장 제1조`, `제9장 제2조의3`을 참조한다.
XR-00278	5304	9578	9578	10	SRC-C10-L05296	REN-C12-A0005	제12장 제2절 제5조	`제2장 제15조`	제12장 제9조	제12장 제9조	치환	article	REN-C12-A0009			R3.0 구 위치–신 위치 대응	 / 	본 조의 편입·전환 원칙에 관한 상위·관련 규정은 `제2장 제15조`, `제2장 제2조의3`, `제2장 제2조의8`, `제9장 제1조`, `제9장 제2조의3`을 참조한다.
XR-00279	5304	9578	9578	10	SRC-C10-L05296	REN-C12-A0005	제12장 제2절 제5조	`제2장 제2조의3`	제2장 제10조	제2장 제10조	치환	article	REN-C02-A0010			R3.0 구 위치–신 위치 대응	 / 	본 조의 편입·전환 원칙에 관한 상위·관련 규정은 `제2장 제15조`, `제2장 제2조의3`, `제2장 제2조의8`, `제9장 제1조`, `제9장 제2조의3`을 참조한다.
XR-00280	5304	9578	9578	10	SRC-C10-L05296	REN-C12-A0005	제12장 제2절 제5조	`제2장 제2조의8`		〔구 인용: 제2장 제2조의8 · 대상 확인 필요〕[^r4-xr-00280]	확인 필요·치환 보류	number				원문 인용대상 확인 보류	구 제2장에는 제2조의8이 없음. 다른 장의 유사번호로 자동 대체하지 않음 / 	본 조의 편입·전환 원칙에 관한 상위·관련 규정은 `제2장 제15조`, `제2장 제2조의3`, `제2장 제2조의8`, `제9장 제1조`, `제9장 제2조의3`을 참조한다.
XR-00281	5304	9578	9578	10	SRC-C10-L05296	REN-C12-A0005	제12장 제2절 제5조	`제9장 제1조`	제11장 제1조	제11장 제1조	치환	article	REN-C11-A0001			R3.0 구 위치–신 위치 대응	 / 	본 조의 편입·전환 원칙에 관한 상위·관련 규정은 `제2장 제15조`, `제2장 제2조의3`, `제2장 제2조의8`, `제9장 제1조`, `제9장 제2조의3`을 참조한다.
XR-00282	5304	9578	9578	10	SRC-C10-L05296	REN-C12-A0005	제12장 제2절 제5조	`제9장 제2조의3`	제12장 제10조	제12장 제10조	치환	article	REN-C12-A0010			R3.0 구 위치–신 위치 대응	 / 	본 조의 편입·전환 원칙에 관한 상위·관련 규정은 `제2장 제15조`, `제2장 제2조의3`, `제2장 제2조의8`, `제9장 제1조`, `제9장 제2조의3`을 참조한다.
XR-00283	5311	9595	9595	10	SRC-C10-L05309	REN-C12-A0006	제12장 제2절 제6조	각 호	각 호	각 호	일반표현 유지	unchanged-generic				번호 없는 일반 열거표현 유지	 / 	다음 각 호의 사항은 연방의 전속으로 한다.
XR-00284	5346	9512	9512	10	SRC-C10-L05344	REN-C12-A0002	제12장 제1절 제2조	본 장	[[05_원범위_보존_참조표#^scope-c10|제12장·제21장 중 개척 대응규정]]	[[05_원범위_보존_참조표#^scope-c10|제12장·제21장 중 개척 대응규정]]	치환	scope	REN-C12-A0001;REN-C12-A0002;REN-C12-A0003;REN-C12-A0004;REN-C12-A0005;REN-C12-A0006;REN-C12-A0007;REN-C12-A0008;REN-C12-A0011;REN-C12-A0012;REN-C12-A0013;REN-C12-A0014;REN-C12-A0016;REN-C12-A0017;REN-C12-A0018;REN-C12-A0019;REN-C12-A0020;REN-C12-A0022;REN-C12-A0023;REN-C12-A0024;REN-C12-A0025;REN-C12-A0026;REN-C12-A0027;REN-C12-A0028;REN-C12-A0029;REN-C12-A0030;REN-C12-A0031;REN-C12-A0032;REN-C12-A0034;REN-C12-A0035;REN-C12-A0036;REN-C12-A0037;REN-C12-A0038;REN-C12-A0039;REN-C12-A0040;REN-C12-A0041;REN-C12-A0042;REN-C12-A0043;REN-C12-A0044;REN-C12-A0045;REN-C12-A0046;REN-C12-A0047;REN-C12-A0048;REN-C12-A0049;REN-C12-A0050;REN-C12-A0051;REN-C12-A0052;REN-C12-A0053;REN-C12-A0054;REN-C12-A0055;REN-C12-A0056;REN-C12-A0057;REN-C12-A0058;REN-C12-A0059;REN-C12-A0060;REN-C12-A0061;REN-C12-A0062;REN-C12-A0063;REN-C21-S08;REN-C21-S09		c10	R3.0 구 위치–신 위치 대응	 / 	본 장에서 `개척자치령`이란, 개척 단계의 자치단위를 말한다. `신탁령`은 연방의 전속 관리 단계에 있는 지역을 말한다.
XR-00285	5349	9515	9515	10	SRC-C10-L05344	REN-C12-A0002	제12장 제1절 제2조	본 장 제17조	제12장 제13조	제12장 제13조	치환	article	REN-C12-A0013			R3.0 구 위치–신 위치 대응	 / 	`정착사회`는 연속된 거주·생계·공공서비스가 성립한 사회를 말하며, `정착사회`의 유형·등급은 본 장 제17조에 따른다.
XR-00286	5388	9867	9867	10	SRC-C10-L05374	REN-C12-A0017	제12장 제4절 제17조	각 호	각 호	각 호	일반표현 유지	unchanged-generic				번호 없는 일반 열거표현 유지	 / 	천체에 대한 지구화(테라포밍) 및 대규모 환경개조는 연방의 전속 인허가 사항이며, 다음 각 호의 평가 사항을 거쳐야 한다. 세부는 연방 법률·황제령 및 연방 기관 명령·고시로 정한다.
XR-00287	5425	9535	9535	10	SRC-C10-L05417	REN-C12-A0003	제12장 제1절 제3조	제9장(지방) 제5조	제11장 제12조	제11장 제12조	치환	article	REN-C11-A0012			R3.0 구 위치–신 위치 대응	 / 	LGR(지방 레지스트리) 등록·연동, SLA 표준 공개 등 디지털 행정 표준은 제9장(지방) 제5조 및 연방 법률·황제령으로 정한다.
XR-00288	5538	10142	10142	10	SRC-C10-L05521	REN-C12-A0032	제12장 제5절 제32조	본 조	제12장 제32조	제12장 제32조	치환	article	REN-C12-A0032			R3.0 구 위치–신 위치 대응	 / 	본 조는 총강 및 권리장전과 정합하며, 제한, 일몰, 재가 절차를 준수한다.
XR-00289	5538	10142	10142	10	SRC-C10-L05521	REN-C12-A0032	제12장 제5절 제32조	총강	[[05_원범위_보존_참조표#^scope-c00|총강·제17장 중 총강 대응규정]]	[[05_원범위_보존_참조표#^scope-c00|총강·제17장 중 총강 대응규정]]	치환	scope	REN-C00-A0001;REN-C00-A0002;REN-C00-A0003;REN-C00-A0004;REN-C00-A0005;REN-C00-A0006;REN-C00-A0007;REN-C00-A0008;REN-C00-A0009;REN-C00-A0010;REN-C00-A0011;REN-C00-A0012;REN-C00-A0013;REN-C00-A0014;REN-C00-A0015;REN-C00-A0016;REN-C00-A0017;REN-C00-A0018;REN-C00-A0019;REN-C00-A0020;REN-C00-A0021;REN-C00-A0022;REN-C17-A0025		c00	R3.0 구 위치–신 위치 대응	 / 	본 조는 총강 및 권리장전과 정합하며, 제한, 일몰, 재가 절차를 준수한다.
XR-00290	5541	10145	10145	10	SRC-C10-L05521	REN-C12-A0032	제12장 제5절 제32조	본 조	제12장 제32조	제12장 제32조	치환	article	REN-C12-A0032			R3.0 구 위치–신 위치 대응	 / 	개인의 무형적 무장 관리와 본 조의 CVA 규율은 상호 간섭하지 아니한다.
XR-00291	5567	9653	9653	10	SRC-C10-L05562	REN-C12-A0008	제12장 제2절 제8조	`제9장(지방) 제12조의 2`	제11장 제39조	제11장 제39조	치환	article	REN-C11-A0039			R3.0 구 위치–신 위치 대응	 / 	위반 시, `제9장(지방) 제12조의 2`에 따른 제동 및 제재를 적용한다.
XR-00292	5578	10204	10204	10	SRC-C10-L05573	REN-C12-A0035	제12장 제6절 제35조	본 장 제5·6조	제12장 제16조 및 제12장 제17조	제12장 제16조 및 제12장 제17조	치환	article	REN-C12-A0016;REN-C12-A0017			R3.0 구 위치–신 위치 대응	 / 	회랑·관문 지정은 안전, 환경, 현지사회 보호 및 PPC·검역 체계와 정합하며, 본 장 제5·6조와 연동한다.
XR-00293	5581	10207	10207	10	SRC-C10-L05573	REN-C12-A0035	제12장 제6절 제35조	본 조	제12장 제35조	제12장 제35조	치환	article	REN-C12-A0035			R3.0 구 위치–신 위치 대응	 / 	회랑·관문의 지정, 변경, 표지, 공고는 본 조의 대상이며, `운영 변경, 우회, 폐쇄, 재개`는 제15조에 따른다.
XR-00294	5581	10207	10207	10	SRC-C10-L05573	REN-C12-A0035	제12장 제6절 제35조	제15조	제12장 제36조	제12장 제36조	치환	article	REN-C12-A0036			R3.0 구 위치–신 위치 대응	 / 	회랑·관문의 지정, 변경, 표지, 공고는 본 조의 대상이며, `운영 변경, 우회, 폐쇄, 재개`는 제15조에 따른다.
XR-00295	5584	10210	10210	10	SRC-C10-L05573	REN-C12-A0035	제12장 제6절 제35조	본 장 제19·22조	제12장 제37조 및 제12장 제38조	제12장 제37조 및 제12장 제38조	치환	article	REN-C12-A0037;REN-C12-A0038			R3.0 구 위치–신 위치 대응	 / 	회랑·관문의 운영, 보호, 관할에 관한 주체·임무는 본 장 제19·22조를 참조한다.
XR-00296	5619	10255	10255	10	SRC-C10-L05588	REN-C12-A0036	제12장 제6절 제36조	`제23조의 6(집행평가와 오픈데이터)`	제12장 제46조(집행평가와 오픈데이터)	제12장 제46조(집행평가와 오픈데이터)	치환	article	REN-C12-A0046			R3.0 구 위치–신 위치 대응	 / 	`조치 현황, KPI, MOR 통계`를 `제23조의 6(집행평가와 오픈데이터)` 대시보드에 공개·보존한다. 필요한 경우 공청회를 개최할 수 있다.
XR-00297	5624	10260	10260	10	SRC-C10-L05588	REN-C12-A0036	제12장 제6절 제36조	본 장 `제19·22조`	제12장 제37조 및 제12장 제38조	제12장 제37조 및 제12장 제38조	치환	article	REN-C12-A0037;REN-C12-A0038			R3.0 구 위치–신 위치 대응	 / 	`회랑, 관문의 운영, 보호, 관할`에 관한 구체 업무는 본 장 `제19·22조`에 따른다.
XR-00298	5634	10403	10403	10	SRC-C10-L05628	REN-C12-A0042	제12장 제7절 제42조	제9장(지방)	[[05_원범위_보존_참조표#^scope-c09|제11장·제12장·제14장·제21장 중 지방자치 대응규정]]	[[05_원범위_보존_참조표#^scope-c09|제11장·제12장·제14장·제21장 중 지방자치 대응규정]]	치환	scope	REN-C11-A0001;REN-C11-A0002;REN-C11-A0003;REN-C11-A0004;REN-C11-A0005;REN-C11-A0006;REN-C11-A0007;REN-C11-A0008;REN-C11-A0009;REN-C11-A0010;REN-C11-A0011;REN-C11-A0012;REN-C11-A0013;REN-C11-A0014;REN-C11-A0015;REN-C11-A0016;REN-C11-A0017;REN-C11-A0018;REN-C11-A0019;REN-C11-A0020;REN-C11-A0021;REN-C11-A0022;REN-C11-A0023;REN-C11-A0024;REN-C11-A0025;REN-C11-A0026;REN-C11-A0027;REN-C11-A0028;REN-C11-A0029;REN-C11-A0030;REN-C11-A0031;REN-C11-A0032;REN-C11-A0033;REN-C11-A0034;REN-C11-A0035;REN-C11-A0036;REN-C11-A0037;REN-C11-A0038;REN-C11-A0039;REN-C11-A0040;REN-C11-A0041;REN-C11-A0042;REN-C11-A0043;REN-C12-A0010;REN-C12-A0015;REN-C14-A0026;REN-C14-A0027;REN-C21-A0004		c09	R3.0 구 위치–신 위치 대응	 / 	성계권역주는 제9장(지방)의 자치단위와 병존하며, `설치, 경계, 권능, 대표성`은 연방 법률·황제령으로 정한다.
XR-00299	5637	10406	10406	10	SRC-C10-L05628	REN-C12-A0042	제12장 제7절 제42조	각 호	각 호	각 호	일반표현 유지	unchanged-generic				번호 없는 일반 열거표현 유지	 / 	다음 각 호는 예외 유형으로 정한다.
XR-00300	5676	9796	9796	10	SRC-C10-L05668	REN-C12-A0014	제12장 제3절 제14조	`제6조의 2`	제12장 제18조	제12장 제18조	치환	article	REN-C12-A0018			R3.0 구 위치–신 위치 대응	 / 	특수 도시형의 `지정, 운영`에는 PPC 상위등급(`제6조의 2`참조)의 검역·환경 조치를 연동·우선 적용한다.
XR-00301	5706	10435	10435	10	SRC-C10-L05701	REN-C12-A0043	제12장 제7절 제43조	전항	제12장 제43조 제1항	제12장 제43조 제1항	치환	subordinate	REN-C12-A0043	SRC-C10-L05701-N001--REN-C12-A0043		R3.0 구 위치–신 위치 대응	 / 	전항에 따른 설치 기관은 본 장의 `제2·6·10·14조`의 집행을 지원한다.
XR-00302	5706	10435	10435	10	SRC-C10-L05701	REN-C12-A0043	제12장 제7절 제43조	본 장	[[05_원범위_보존_참조표#^scope-c10|제12장·제21장 중 개척 대응규정]]	[[05_원범위_보존_참조표#^scope-c10|제12장·제21장 중 개척 대응규정]]	치환	scope	REN-C12-A0001;REN-C12-A0002;REN-C12-A0003;REN-C12-A0004;REN-C12-A0005;REN-C12-A0006;REN-C12-A0007;REN-C12-A0008;REN-C12-A0011;REN-C12-A0012;REN-C12-A0013;REN-C12-A0014;REN-C12-A0016;REN-C12-A0017;REN-C12-A0018;REN-C12-A0019;REN-C12-A0020;REN-C12-A0022;REN-C12-A0023;REN-C12-A0024;REN-C12-A0025;REN-C12-A0026;REN-C12-A0027;REN-C12-A0028;REN-C12-A0029;REN-C12-A0030;REN-C12-A0031;REN-C12-A0032;REN-C12-A0034;REN-C12-A0035;REN-C12-A0036;REN-C12-A0037;REN-C12-A0038;REN-C12-A0039;REN-C12-A0040;REN-C12-A0041;REN-C12-A0042;REN-C12-A0043;REN-C12-A0044;REN-C12-A0045;REN-C12-A0046;REN-C12-A0047;REN-C12-A0048;REN-C12-A0049;REN-C12-A0050;REN-C12-A0051;REN-C12-A0052;REN-C12-A0053;REN-C12-A0054;REN-C12-A0055;REN-C12-A0056;REN-C12-A0057;REN-C12-A0058;REN-C12-A0059;REN-C12-A0060;REN-C12-A0061;REN-C12-A0062;REN-C12-A0063;REN-C21-S08;REN-C21-S09		c10	R3.0 구 위치–신 위치 대응	 / 	전항에 따른 설치 기관은 본 장의 `제2·6·10·14조`의 집행을 지원한다.
XR-00303	5706	10435	10435	10	SRC-C10-L05701	REN-C12-A0043	제12장 제7절 제43조	`제2·6·10·14조`	제12장 제4조 및 제12장 제12조 및 제12장 제17조 및 제12장 제35조	제12장 제4조 및 제12장 제12조 및 제12장 제17조 및 제12장 제35조	치환	article	REN-C12-A0004;REN-C12-A0012;REN-C12-A0017;REN-C12-A0035			R3.0 구 위치–신 위치 대응	 / 	전항에 따른 설치 기관은 본 장의 `제2·6·10·14조`의 집행을 지원한다.
XR-00304	5709	10438	10438	10	SRC-C10-L05701	REN-C12-A0043	제12장 제7절 제43조	각 호	각 호	각 호	일반표현 유지	unchanged-generic				번호 없는 일반 열거표현 유지	 / 	다음 각 호에 따라 설치 기관의 하위 부서를 구성한다.
XR-00305	5719	10448	10448	10	SRC-C10-L05701	REN-C12-A0043	제12장 제7절 제43조	`본 장 제12조`	제12장 제50조	제12장 제50조	치환	article	REN-C12-A0050			R3.0 구 위치–신 위치 대응	 / 	MGS(일상행정 최소보장), LGR(지방 레지스트리) 등록·공개 및 `본 장 제12조`의 절차를 준수한다.
XR-00306	5727	10456	10456	10	SRC-C10-L05701	REN-C12-A0043	제12장 제7절 제43조	§2	제12장 제4조	제12장 제4조	치환	article	REN-C12-A0004			R3.0 구 위치–신 위치 대응	 / 	| §2 설치·관할의 원칙       | A     | R      | C       | C     | C       | C       | I       | I       | I       | I       |
XR-00307	5728	10457	10457	10	SRC-C10-L05701	REN-C12-A0043	제12장 제7절 제43조	§3	제12장 제5조	제12장 제5조	치환	article	REN-C12-A0005			R3.0 구 위치–신 위치 대응	 / 	| §3 편입의 원칙          | C     | C      | A       | R     | C       | C       | I       | I       | I       | I       |
XR-00308	5729	10458	10458	10	SRC-C10-L05701	REN-C12-A0043	제12장 제7절 제43조	§14	제12장 제35조	제12장 제35조	치환	article	REN-C12-A0035			R3.0 구 위치–신 위치 대응	 / 	| §14 회랑·관문 지정       | I     | I      | C       | I     | I       | I       | C       | A       | C       | C       |
XR-00309	5730	10459	10459	10	SRC-C10-L05701	REN-C12-A0043	제12장 제7절 제43조	§15	제12장 제36조	제12장 제36조	치환	article	REN-C12-A0036			R3.0 구 위치–신 위치 대응	 / 	| §15 운영 변경·우회·폐쇄·재개 | I     | I      | I       | I     | C       | I       | A       | C       | A       | C       |
XR-00310	5731	10460	10460	10	SRC-C10-L05701	REN-C12-A0043	제12장 제7절 제43조	§22	제12장 제38조	제12장 제38조	치환	article	REN-C12-A0038			R3.0 구 위치–신 위치 대응	 / 	| §22 항행·인프라 표준·면허   | I     | I      | I       | I     | I       | I       | A       | C       | C       | A       |
XR-00311	5741	10298	10298	10	SRC-C10-L05739	REN-C12-A0038	제12장 제6절 제38조	본 장 `제4·4의 2·5·11·20조`	제12장 제2조 및 제12장 제16조 및 제12장 제20조 및 제12장 제22조 및 제12장 제34조	제12장 제2조 및 제12장 제16조 및 제12장 제20조 및 제12장 제22조 및 제12장 제34조	치환	article	REN-C12-A0002;REN-C12-A0016;REN-C12-A0020;REN-C12-A0022;REN-C12-A0034			R3.0 구 위치–신 위치 대응	 / 	연방은 본 장 `제4·4의 2·5·11·20조`에 관한 `항행 안전, 항만, 정거장, 항로, 트래픽, 면허`의 `표준, 감독` 기능을 수행하는 기관을 설치하여야 한다.
XR-00312	5747	10304	10304	10	SRC-C10-L05739	REN-C12-A0038	제12장 제6절 제38조	각 호	각 호	각 호	일반표현 유지	unchanged-generic				번호 없는 일반 열거표현 유지	 / 	다음 각 호에 따라 설치 기관의 하위 부서를 구성한다.
XR-00313	5776	10486	10486	10	SRC-C10-L05768	REN-C12-A0044	제12장 제8절 제44조	각 호	각 호	각 호	일반표현 유지	unchanged-generic				번호 없는 일반 열거표현 유지	 / 	연방은 다음 각 호의 우선순위에 따라야 한다.
XR-00314	5784	10337	10337	10	SRC-C10-L05782	REN-C12-A0039	제12장 제6절 제39조	`제4조의 2`	제12장 제34조	제12장 제34조	치환	article	REN-C12-A0034			R3.0 구 위치–신 위치 대응	 / 	FOB(전초기지) 설치는 `안전, 보급, 구조, 검역, 환경` 기준을 충족하여야 하며, AO·SDZ(`제4조의 2`)와 연계하여 배치한다.
XR-00315	5793	10346	10346	10	SRC-C10-L05782	REN-C12-A0039	제12장 제6절 제39조	`제4조의 2·5·23의 6`		〔구 인용: 제4조의 2·5·23의 6 · 대상 확인 필요〕[^r4-xr-00315]	확인 필요·치환 보류	number				원문 인용대상 확인 보류	가지조문과 일반조문을 혼합한 축약식. 4조의2·5조·23조의6인지 그 밖의 조합인지 형식만으로 확정 불가 / 	FOB 설치·변경은 LGR·JBN·지도DB를 24 UST 시간 이내에 동기화한다(`제4조의 2·5·23의 6` 참조).
XR-00316	5854	10584	10584	10	SRC-C10-L05852	REN-C12-A0049	제12장 제8절 제49조	각 호	각 호	각 호	일반표현 유지	unchanged-generic				번호 없는 일반 열거표현 유지	 / 	다음 각 호의 항목에 대해 최소 제공수준(하한)을 정해야 한다. 하한은 연방 법규의 별표로 상세화하여야 한다.
XR-00317	5866	10596	10596	10	SRC-C10-L05852	REN-C12-A0049	제12장 제8절 제49조	`제23조의 6`	제12장 제46조	제12장 제46조	치환	article	REN-C12-A0046			R3.0 구 위치–신 위치 대응	 / 	MGS(필수 공공서비스) 표는 `제23조의 6`에서 규정한 대시보드에 통합·연동한다.
XR-00318	5874	10636	10636	10	SRC-C10-L05872	REN-C12-A0051	제12장 제9절 제51조	본 절	[[05_원범위_보존_참조표#^scope-c10-se4055bbe|제12장·제21장 중 전환·부칙 대응규정]]	[[05_원범위_보존_참조표#^scope-c10-se4055bbe|제12장·제21장 중 전환·부칙 대응규정]]	치환	scope	REN-C12-A0051;REN-C12-A0052;REN-C12-A0053;REN-C12-A0054;REN-C12-A0055;REN-C12-A0056;REN-C12-A0057;REN-C12-A0058;REN-C12-A0059;REN-C12-A0060;REN-C12-A0061;REN-C12-A0062;REN-C12-A0063;REN-C21-S08;REN-C21-S09		c10-se4055bbe	R3.0 구 위치–신 위치 대응	 / 	본 절은 본 장 시행 당시 또는 그 이전에 성립한 정착사회, 자치단위, 행정조직, 공공서비스에 관한 전환·경과조치를 정한다.
XR-00319	5874	10636	10636	10	SRC-C10-L05872	REN-C12-A0051	제12장 제9절 제51조	본 장	[[05_원범위_보존_참조표#^scope-c10|제12장·제21장 중 개척 대응규정]]	[[05_원범위_보존_참조표#^scope-c10|제12장·제21장 중 개척 대응규정]]	치환	scope	REN-C12-A0001;REN-C12-A0002;REN-C12-A0003;REN-C12-A0004;REN-C12-A0005;REN-C12-A0006;REN-C12-A0007;REN-C12-A0008;REN-C12-A0011;REN-C12-A0012;REN-C12-A0013;REN-C12-A0014;REN-C12-A0016;REN-C12-A0017;REN-C12-A0018;REN-C12-A0019;REN-C12-A0020;REN-C12-A0022;REN-C12-A0023;REN-C12-A0024;REN-C12-A0025;REN-C12-A0026;REN-C12-A0027;REN-C12-A0028;REN-C12-A0029;REN-C12-A0030;REN-C12-A0031;REN-C12-A0032;REN-C12-A0034;REN-C12-A0035;REN-C12-A0036;REN-C12-A0037;REN-C12-A0038;REN-C12-A0039;REN-C12-A0040;REN-C12-A0041;REN-C12-A0042;REN-C12-A0043;REN-C12-A0044;REN-C12-A0045;REN-C12-A0046;REN-C12-A0047;REN-C12-A0048;REN-C12-A0049;REN-C12-A0050;REN-C12-A0051;REN-C12-A0052;REN-C12-A0053;REN-C12-A0054;REN-C12-A0055;REN-C12-A0056;REN-C12-A0057;REN-C12-A0058;REN-C12-A0059;REN-C12-A0060;REN-C12-A0061;REN-C12-A0062;REN-C12-A0063;REN-C21-S08;REN-C21-S09		c10	R3.0 구 위치–신 위치 대응	 / 	본 절은 본 장 시행 당시 또는 그 이전에 성립한 정착사회, 자치단위, 행정조직, 공공서비스에 관한 전환·경과조치를 정한다.
XR-00320	5880	10642	10642	10	SRC-C10-L05872	REN-C12-A0051	제12장 제9절 제51조	본 절	[[05_원범위_보존_참조표#^scope-c10-se4055bbe|제12장·제21장 중 전환·부칙 대응규정]]	[[05_원범위_보존_참조표#^scope-c10-se4055bbe|제12장·제21장 중 전환·부칙 대응규정]]	치환	scope	REN-C12-A0051;REN-C12-A0052;REN-C12-A0053;REN-C12-A0054;REN-C12-A0055;REN-C12-A0056;REN-C12-A0057;REN-C12-A0058;REN-C12-A0059;REN-C12-A0060;REN-C12-A0061;REN-C12-A0062;REN-C12-A0063;REN-C21-S08;REN-C21-S09		c10-se4055bbe	R3.0 구 위치–신 위치 대응	 / 	본 절의 집행, 감독, 평가는 `본 장 제21조(성계권역 개척·편입 기관)`의 소관으로 한다.
XR-00321	5880	10642	10642	10	SRC-C10-L05872	REN-C12-A0051	제12장 제9절 제51조	`본 장 제21조(성계권역 개척·편입 기관)`	제12장 제43조(성계권역 개척·편입 기관)	제12장 제43조(성계권역 개척·편입 기관)	치환	article	REN-C12-A0043			R3.0 구 위치–신 위치 대응	 / 인용 뒤 설명 '성계권역 개척·편입 기관'은 원 표제와 완전 일치하지 않음; 번호로 존재하는 대상만 대응	본 절의 집행, 감독, 평가는 `본 장 제21조(성계권역 개척·편입 기관)`의 소관으로 한다.
XR-00322	5924	10736	10736	10	SRC-C10-L05922	REN-C12-A0056	제12장 제9절 제56조	`제2장 제2조의 8`		〔구 인용: 제2장 제2조의 8 · 대상 확인 필요〕[^r4-xr-00322]	확인 필요·치환 보류	number				원문 인용대상 확인 보류	구 제2장에 없는 조문. 비표결 대표 관련 구 제9장 제2조의8이 후보이나 명시 인용과 달라 승인 없이 확정하지 않음 / 	`잠정자치, 신탁` 단계의 자치단위는 연방 의회에 비표결 대표를 둘 수 있다(`제2장 제2조의 8` 참조). 그 권한, 자격, 의무는 연방 법률로 정한다.
XR-00323	5931	10753	10753	10	SRC-C10-L05929	REN-C12-A0057	제12장 제9절 제57조	`본 장 제12조`	제12장 제50조	제12장 제50조	치환	article	REN-C12-A0050			R3.0 구 위치–신 위치 대응	 / 	전환으로 인한 권리·의무의 분쟁은 원칙적으로 연방 중재원을 1차로 거친다(`본 장 제12조` 참조).
XR-00324	5962	10824	10824	10	SRC-C10-L05960	REN-C12-A0061	제12장 제9절 제61조	본 절	[[05_원범위_보존_참조표#^scope-c10-se4055bbe|제12장·제21장 중 전환·부칙 대응규정]]	[[05_원범위_보존_참조표#^scope-c10-se4055bbe|제12장·제21장 중 전환·부칙 대응규정]]	치환	scope	REN-C12-A0051;REN-C12-A0052;REN-C12-A0053;REN-C12-A0054;REN-C12-A0055;REN-C12-A0056;REN-C12-A0057;REN-C12-A0058;REN-C12-A0059;REN-C12-A0060;REN-C12-A0061;REN-C12-A0062;REN-C12-A0063;REN-C21-S08;REN-C21-S09		c10-se4055bbe	R3.0 구 위치–신 위치 대응	 / 	본 절은 공포한 날로부터 시행한다. 다만, 전산·기록 이관, 면허 재심사는 공포 후 90 UST일을 경과한 날로부터 적용한다.
XR-00325	5965	10827	10827	10	SRC-C10-L05960	REN-C12-A0061	제12장 제9절 제61조	본 절	[[05_원범위_보존_참조표#^scope-c10-se4055bbe|제12장·제21장 중 전환·부칙 대응규정]]	[[05_원범위_보존_참조표#^scope-c10-se4055bbe|제12장·제21장 중 전환·부칙 대응규정]]	치환	scope	REN-C12-A0051;REN-C12-A0052;REN-C12-A0053;REN-C12-A0054;REN-C12-A0055;REN-C12-A0056;REN-C12-A0057;REN-C12-A0058;REN-C12-A0059;REN-C12-A0060;REN-C12-A0061;REN-C12-A0062;REN-C12-A0063;REN-C21-S08;REN-C21-S09		c10-se4055bbe	R3.0 구 위치–신 위치 대응	 / 	전환 시한, 일몰, 예외, 유예는 본 절 및 전환계획이 정한 바에 따른다.
XR-00326	5969	10841	10841	10	SRC-C10-L05967	REN-C12-A0062	제12장 제9절 제62조	본 절	[[05_원범위_보존_참조표#^scope-c10-se4055bbe|제12장·제21장 중 전환·부칙 대응규정]]	[[05_원범위_보존_참조표#^scope-c10-se4055bbe|제12장·제21장 중 전환·부칙 대응규정]]	치환	scope	REN-C12-A0051;REN-C12-A0052;REN-C12-A0053;REN-C12-A0054;REN-C12-A0055;REN-C12-A0056;REN-C12-A0057;REN-C12-A0058;REN-C12-A0059;REN-C12-A0060;REN-C12-A0061;REN-C12-A0062;REN-C12-A0063;REN-C21-S08;REN-C21-S09		c10-se4055bbe	R3.0 구 위치–신 위치 대응	 / 	본 절에서 정하지 아니한 사항은 제10장(개척) 본문, 제2장(연방총칙), 제9장(지방) 및 관련 연방 법규를 준용한다.
XR-00327	5969	10841	10841	10	SRC-C10-L05967	REN-C12-A0062	제12장 제9절 제62조	제10장(개척)	[[05_원범위_보존_참조표#^scope-c10|제12장·제21장 중 개척 대응규정]]	[[05_원범위_보존_참조표#^scope-c10|제12장·제21장 중 개척 대응규정]]	치환	scope	REN-C12-A0001;REN-C12-A0002;REN-C12-A0003;REN-C12-A0004;REN-C12-A0005;REN-C12-A0006;REN-C12-A0007;REN-C12-A0008;REN-C12-A0011;REN-C12-A0012;REN-C12-A0013;REN-C12-A0014;REN-C12-A0016;REN-C12-A0017;REN-C12-A0018;REN-C12-A0019;REN-C12-A0020;REN-C12-A0022;REN-C12-A0023;REN-C12-A0024;REN-C12-A0025;REN-C12-A0026;REN-C12-A0027;REN-C12-A0028;REN-C12-A0029;REN-C12-A0030;REN-C12-A0031;REN-C12-A0032;REN-C12-A0034;REN-C12-A0035;REN-C12-A0036;REN-C12-A0037;REN-C12-A0038;REN-C12-A0039;REN-C12-A0040;REN-C12-A0041;REN-C12-A0042;REN-C12-A0043;REN-C12-A0044;REN-C12-A0045;REN-C12-A0046;REN-C12-A0047;REN-C12-A0048;REN-C12-A0049;REN-C12-A0050;REN-C12-A0051;REN-C12-A0052;REN-C12-A0053;REN-C12-A0054;REN-C12-A0055;REN-C12-A0056;REN-C12-A0057;REN-C12-A0058;REN-C12-A0059;REN-C12-A0060;REN-C12-A0061;REN-C12-A0062;REN-C12-A0063;REN-C21-S08;REN-C21-S09		c10	R3.0 구 위치–신 위치 대응	 / 	본 절에서 정하지 아니한 사항은 제10장(개척) 본문, 제2장(연방총칙), 제9장(지방) 및 관련 연방 법규를 준용한다.
XR-00328	5969	10841	10841	10	SRC-C10-L05967	REN-C12-A0062	제12장 제9절 제62조	제2장(연방총칙)	[[05_원범위_보존_참조표#^scope-c02|제2장·제3장·제8장·제9장·제12장·제19장·제21장 중 연방총칙 대응규정]]	[[05_원범위_보존_참조표#^scope-c02|제2장·제3장·제8장·제9장·제12장·제19장·제21장 중 연방총칙 대응규정]]	치환	scope	REN-C02-A0001;REN-C02-A0002;REN-C02-A0003;REN-C02-A0004;REN-C02-A0005;REN-C02-A0006;REN-C02-A0007;REN-C02-A0008;REN-C02-A0009;REN-C02-A0010;REN-C02-A0011;REN-C02-A0012;REN-C02-A0013;REN-C02-A0014;REN-C02-A0015;REN-C02-A0016;REN-C02-A0017;REN-C02-A0018;REN-C02-A0019;REN-C02-A0020;REN-C02-A0021;REN-C02-A0022;REN-C02-A0023;REN-C02-A0024;REN-C02-A0025;REN-C02-A0026;REN-C02-A0027;REN-C02-A0030;REN-C02-A0031;REN-C02-A0032;REN-C02-A0033;REN-C02-A0034;REN-C02-A0035;REN-C02-A0036;REN-C03-A0004;REN-C03-A0005;REN-C03-A0006;REN-C03-A0007;REN-C03-A0008;REN-C03-A0009;REN-C03-A0010;REN-C03-A0011;REN-C03-A0013;REN-C03-A0014;REN-C08-A0005;REN-C09-A0001;REN-C09-A0003;REN-C09-A0019;REN-C12-A0009;REN-C19-A0003;REN-C21-A0009		c02	R3.0 구 위치–신 위치 대응	 / 	본 절에서 정하지 아니한 사항은 제10장(개척) 본문, 제2장(연방총칙), 제9장(지방) 및 관련 연방 법규를 준용한다.
XR-00329	5969	10841	10841	10	SRC-C10-L05967	REN-C12-A0062	제12장 제9절 제62조	제9장(지방)	[[05_원범위_보존_참조표#^scope-c09|제11장·제12장·제14장·제21장 중 지방자치 대응규정]]	[[05_원범위_보존_참조표#^scope-c09|제11장·제12장·제14장·제21장 중 지방자치 대응규정]]	치환	scope	REN-C11-A0001;REN-C11-A0002;REN-C11-A0003;REN-C11-A0004;REN-C11-A0005;REN-C11-A0006;REN-C11-A0007;REN-C11-A0008;REN-C11-A0009;REN-C11-A0010;REN-C11-A0011;REN-C11-A0012;REN-C11-A0013;REN-C11-A0014;REN-C11-A0015;REN-C11-A0016;REN-C11-A0017;REN-C11-A0018;REN-C11-A0019;REN-C11-A0020;REN-C11-A0021;REN-C11-A0022;REN-C11-A0023;REN-C11-A0024;REN-C11-A0025;REN-C11-A0026;REN-C11-A0027;REN-C11-A0028;REN-C11-A0029;REN-C11-A0030;REN-C11-A0031;REN-C11-A0032;REN-C11-A0033;REN-C11-A0034;REN-C11-A0035;REN-C11-A0036;REN-C11-A0037;REN-C11-A0038;REN-C11-A0039;REN-C11-A0040;REN-C11-A0041;REN-C11-A0042;REN-C11-A0043;REN-C12-A0010;REN-C12-A0015;REN-C14-A0026;REN-C14-A0027;REN-C21-A0004		c09	R3.0 구 위치–신 위치 대응	 / 	본 절에서 정하지 아니한 사항은 제10장(개척) 본문, 제2장(연방총칙), 제9장(지방) 및 관련 연방 법규를 준용한다.
XR-00330	6024	10876	10876	11	SRC-C11-L06022	REN-C13-A0001	제13장 제1절 제1조	본 장	[[05_원범위_보존_참조표#^scope-c11|제3장·제9장·제12장·제13장·제14장·제15장·제18장·제21장 중 국가방위·비상사태 대응규정]]	[[05_원범위_보존_참조표#^scope-c11|제3장·제9장·제12장·제13장·제14장·제15장·제18장·제21장 중 국가방위·비상사태 대응규정]]	치환	scope	REN-C03-A0001;REN-C03-A0002;REN-C03-A0003;REN-C09-A0021;REN-C12-A0021;REN-C12-A0033;REN-C13-A0001;REN-C13-A0002;REN-C13-A0003;REN-C13-A0004;REN-C13-A0005;REN-C13-A0006;REN-C13-A0007;REN-C13-A0008;REN-C13-A0009;REN-C13-A0010;REN-C13-A0011;REN-C13-A0012;REN-C13-A0013;REN-C13-A0014;REN-C13-A0015;REN-C13-A0017;REN-C13-A0018;REN-C13-A0019;REN-C13-A0020;REN-C13-A0021;REN-C13-A0022;REN-C13-A0024;REN-C13-A0025;REN-C13-A0026;REN-C13-A0027;REN-C14-A0001;REN-C14-A0002;REN-C14-A0003;REN-C14-A0004;REN-C14-A0006;REN-C14-A0007;REN-C14-A0008;REN-C14-A0010;REN-C14-A0011;REN-C14-A0013;REN-C14-A0014;REN-C14-A0020;REN-C14-A0021;REN-C14-A0022;REN-C14-A0023;REN-C14-A0024;REN-C14-A0028;REN-C14-A0039;REN-C14-A0040;REN-C14-A0041;REN-C14-A0042;REN-C14-A0043;REN-C15-A0064;REN-C15-A0072;REN-C18-A0028;REN-C18-A0029;REN-C18-A0056;REN-C21-A0010		c11	R3.0 구 위치–신 위치 대응	 / 	본 장은 `국가 방위, 국가 안보, 국가 비상 사태`의 `예방, 대응, 복구` 등에 관한 `조직, 권한,절차`와 권리보장 및 그 한계를 정한다.
XR-00331	6033	10887	10887	11	SRC-C11-L06022	REN-C13-A0001	제13장 제1절 제1조	본 장	[[05_원범위_보존_참조표#^scope-c11|제3장·제9장·제12장·제13장·제14장·제15장·제18장·제21장 중 국가방위·비상사태 대응규정]]	[[05_원범위_보존_참조표#^scope-c11|제3장·제9장·제12장·제13장·제14장·제15장·제18장·제21장 중 국가방위·비상사태 대응규정]]	치환	scope	REN-C03-A0001;REN-C03-A0002;REN-C03-A0003;REN-C09-A0021;REN-C12-A0021;REN-C12-A0033;REN-C13-A0001;REN-C13-A0002;REN-C13-A0003;REN-C13-A0004;REN-C13-A0005;REN-C13-A0006;REN-C13-A0007;REN-C13-A0008;REN-C13-A0009;REN-C13-A0010;REN-C13-A0011;REN-C13-A0012;REN-C13-A0013;REN-C13-A0014;REN-C13-A0015;REN-C13-A0017;REN-C13-A0018;REN-C13-A0019;REN-C13-A0020;REN-C13-A0021;REN-C13-A0022;REN-C13-A0024;REN-C13-A0025;REN-C13-A0026;REN-C13-A0027;REN-C14-A0001;REN-C14-A0002;REN-C14-A0003;REN-C14-A0004;REN-C14-A0006;REN-C14-A0007;REN-C14-A0008;REN-C14-A0010;REN-C14-A0011;REN-C14-A0013;REN-C14-A0014;REN-C14-A0020;REN-C14-A0021;REN-C14-A0022;REN-C14-A0023;REN-C14-A0024;REN-C14-A0028;REN-C14-A0039;REN-C14-A0040;REN-C14-A0041;REN-C14-A0042;REN-C14-A0043;REN-C15-A0064;REN-C15-A0072;REN-C18-A0028;REN-C18-A0029;REN-C18-A0056;REN-C21-A0010		c11	R3.0 구 위치–신 위치 대응	 / 	본 장의 적용·해석에서 총강 및 관련 장과의 정합성을 우선 확인한다.
XR-00332	6033	10887	10887	11	SRC-C11-L06022	REN-C13-A0001	제13장 제1절 제1조	총강	[[05_원범위_보존_참조표#^scope-c00|총강·제17장 중 총강 대응규정]]	[[05_원범위_보존_참조표#^scope-c00|총강·제17장 중 총강 대응규정]]	치환	scope	REN-C00-A0001;REN-C00-A0002;REN-C00-A0003;REN-C00-A0004;REN-C00-A0005;REN-C00-A0006;REN-C00-A0007;REN-C00-A0008;REN-C00-A0009;REN-C00-A0010;REN-C00-A0011;REN-C00-A0012;REN-C00-A0013;REN-C00-A0014;REN-C00-A0015;REN-C00-A0016;REN-C00-A0017;REN-C00-A0018;REN-C00-A0019;REN-C00-A0020;REN-C00-A0021;REN-C00-A0022;REN-C17-A0025		c00	R3.0 구 위치–신 위치 대응	 / 	본 장의 적용·해석에서 총강 및 관련 장과의 정합성을 우선 확인한다.
XR-00333	6037	2053	2053	11	SRC-C11-L06035	REN-C03-A0002	제3장 제1절 제2조	본 장	[[05_원범위_보존_참조표#^scope-c11|제3장·제9장·제12장·제13장·제14장·제15장·제18장·제21장 중 국가방위·비상사태 대응규정]]	[[05_원범위_보존_참조표#^scope-c11|제3장·제9장·제12장·제13장·제14장·제15장·제18장·제21장 중 국가방위·비상사태 대응규정]]	치환	scope	REN-C03-A0001;REN-C03-A0002;REN-C03-A0003;REN-C09-A0021;REN-C12-A0021;REN-C12-A0033;REN-C13-A0001;REN-C13-A0002;REN-C13-A0003;REN-C13-A0004;REN-C13-A0005;REN-C13-A0006;REN-C13-A0007;REN-C13-A0008;REN-C13-A0009;REN-C13-A0010;REN-C13-A0011;REN-C13-A0012;REN-C13-A0013;REN-C13-A0014;REN-C13-A0015;REN-C13-A0017;REN-C13-A0018;REN-C13-A0019;REN-C13-A0020;REN-C13-A0021;REN-C13-A0022;REN-C13-A0024;REN-C13-A0025;REN-C13-A0026;REN-C13-A0027;REN-C14-A0001;REN-C14-A0002;REN-C14-A0003;REN-C14-A0004;REN-C14-A0006;REN-C14-A0007;REN-C14-A0008;REN-C14-A0010;REN-C14-A0011;REN-C14-A0013;REN-C14-A0014;REN-C14-A0020;REN-C14-A0021;REN-C14-A0022;REN-C14-A0023;REN-C14-A0024;REN-C14-A0028;REN-C14-A0039;REN-C14-A0040;REN-C14-A0041;REN-C14-A0042;REN-C14-A0043;REN-C15-A0064;REN-C15-A0072;REN-C18-A0028;REN-C18-A0029;REN-C18-A0056;REN-C21-A0010		c11	R3.0 구 위치–신 위치 대응	 / 	본 장의 `권리구제, 우선심리, 재산권 보호` 등 기본 보호는 연방 신민권자 및 인류종(`연방 법률·황제령이 정한 인류 또는 그 변이체`에 한함)에 적용된다.
XR-00334	6043	2059	2059	11	SRC-C11-L06035	REN-C03-A0002	제3장 제1절 제2조	본 장	[[05_원범위_보존_참조표#^scope-c11|제3장·제9장·제12장·제13장·제14장·제15장·제18장·제21장 중 국가방위·비상사태 대응규정]]	[[05_원범위_보존_참조표#^scope-c11|제3장·제9장·제12장·제13장·제14장·제15장·제18장·제21장 중 국가방위·비상사태 대응규정]]	치환	scope	REN-C03-A0001;REN-C03-A0002;REN-C03-A0003;REN-C09-A0021;REN-C12-A0021;REN-C12-A0033;REN-C13-A0001;REN-C13-A0002;REN-C13-A0003;REN-C13-A0004;REN-C13-A0005;REN-C13-A0006;REN-C13-A0007;REN-C13-A0008;REN-C13-A0009;REN-C13-A0010;REN-C13-A0011;REN-C13-A0012;REN-C13-A0013;REN-C13-A0014;REN-C13-A0015;REN-C13-A0017;REN-C13-A0018;REN-C13-A0019;REN-C13-A0020;REN-C13-A0021;REN-C13-A0022;REN-C13-A0024;REN-C13-A0025;REN-C13-A0026;REN-C13-A0027;REN-C14-A0001;REN-C14-A0002;REN-C14-A0003;REN-C14-A0004;REN-C14-A0006;REN-C14-A0007;REN-C14-A0008;REN-C14-A0010;REN-C14-A0011;REN-C14-A0013;REN-C14-A0014;REN-C14-A0020;REN-C14-A0021;REN-C14-A0022;REN-C14-A0023;REN-C14-A0024;REN-C14-A0028;REN-C14-A0039;REN-C14-A0040;REN-C14-A0041;REN-C14-A0042;REN-C14-A0043;REN-C15-A0064;REN-C15-A0072;REN-C18-A0028;REN-C18-A0029;REN-C18-A0056;REN-C21-A0010		c11	R3.0 구 위치–신 위치 대응	 / 	기관·법인체 등 법인은 연방 법률이 정하는 범위에서 본 장의 보호·의무의 적용 대상이 된다.
XR-00335	6046	2062	2062	11	SRC-C11-L06035	REN-C03-A0002	제3장 제1절 제2조	전항	제3장 제2조 제3항	제3장 제2조 제3항	치환	subordinate	REN-C03-A0002	SRC-C11-L06035-N003--REN-C03-A0002		R3.0 구 위치–신 위치 대응	 / 	전항의 법인의 지배 주체가 제2항의 `비인류 개체`에 해당할 경우, 그 법인은 보호 대상에서 제외된다. 제2항에서 말한 `필요·비례 원칙`에서 비례 원칙의 기준은 인류종과 연방 신민에 준하지 않는다.
XR-00336	6046	2062	2062	11	SRC-C11-L06035	REN-C03-A0002	제3장 제1절 제2조	제2항	제3장 제2조 제2항	제3장 제2조 제2항	치환	subordinate	REN-C03-A0002	SRC-C11-L06035-N002--REN-C03-A0002		R3.0 구 위치–신 위치 대응	 / 	전항의 법인의 지배 주체가 제2항의 `비인류 개체`에 해당할 경우, 그 법인은 보호 대상에서 제외된다. 제2항에서 말한 `필요·비례 원칙`에서 비례 원칙의 기준은 인류종과 연방 신민에 준하지 않는다.
XR-00337	6046	2062	2062	11	SRC-C11-L06035	REN-C03-A0002	제3장 제1절 제2조	제2항	제3장 제2조 제2항	제3장 제2조 제2항	치환	subordinate	REN-C03-A0002	SRC-C11-L06035-N002--REN-C03-A0002		R3.0 구 위치–신 위치 대응	 / 	전항의 법인의 지배 주체가 제2항의 `비인류 개체`에 해당할 경우, 그 법인은 보호 대상에서 제외된다. 제2항에서 말한 `필요·비례 원칙`에서 비례 원칙의 기준은 인류종과 연방 신민에 준하지 않는다.
XR-00338	6050	2077	2077	11	SRC-C11-L06048	REN-C03-A0003	제3장 제1절 제3조	본 장 `제1조의 2(적용 범위 및 비인류 개체 특례)`	제3장 제2조(적용 범위 및 비인류 개체 특례)	제3장 제2조(적용 범위 및 비인류 개체 특례)	치환	article	REN-C03-A0002			R3.0 구 위치–신 위치 대응	 / 인용 뒤 설명 '적용 범위 및 비인류 개체 특례'은 원 표제와 완전 일치하지 않음; 번호로 존재하는 대상만 대응	본 장 `제1조의 2(적용 범위 및 비인류 개체 특례)`는 본 장 전반에 우선 적용한다.
XR-00339	6050	2077	2077	11	SRC-C11-L06048	REN-C03-A0003	제3장 제1절 제3조	본 장	[[05_원범위_보존_참조표#^scope-c11|제3장·제9장·제12장·제13장·제14장·제15장·제18장·제21장 중 국가방위·비상사태 대응규정]]	[[05_원범위_보존_참조표#^scope-c11|제3장·제9장·제12장·제13장·제14장·제15장·제18장·제21장 중 국가방위·비상사태 대응규정]]	치환	scope	REN-C03-A0001;REN-C03-A0002;REN-C03-A0003;REN-C09-A0021;REN-C12-A0021;REN-C12-A0033;REN-C13-A0001;REN-C13-A0002;REN-C13-A0003;REN-C13-A0004;REN-C13-A0005;REN-C13-A0006;REN-C13-A0007;REN-C13-A0008;REN-C13-A0009;REN-C13-A0010;REN-C13-A0011;REN-C13-A0012;REN-C13-A0013;REN-C13-A0014;REN-C13-A0015;REN-C13-A0017;REN-C13-A0018;REN-C13-A0019;REN-C13-A0020;REN-C13-A0021;REN-C13-A0022;REN-C13-A0024;REN-C13-A0025;REN-C13-A0026;REN-C13-A0027;REN-C14-A0001;REN-C14-A0002;REN-C14-A0003;REN-C14-A0004;REN-C14-A0006;REN-C14-A0007;REN-C14-A0008;REN-C14-A0010;REN-C14-A0011;REN-C14-A0013;REN-C14-A0014;REN-C14-A0020;REN-C14-A0021;REN-C14-A0022;REN-C14-A0023;REN-C14-A0024;REN-C14-A0028;REN-C14-A0039;REN-C14-A0040;REN-C14-A0041;REN-C14-A0042;REN-C14-A0043;REN-C15-A0064;REN-C15-A0072;REN-C18-A0028;REN-C18-A0029;REN-C18-A0056;REN-C21-A0010		c11	R3.0 구 위치–신 위치 대응	 / 	본 장 `제1조의 2(적용 범위 및 비인류 개체 특례)`는 본 장 전반에 우선 적용한다.
XR-00340	6053	2080	2080	11	SRC-C11-L06048	REN-C03-A0003	제3장 제1절 제3조	각 호	각 호	각 호	일반표현 유지	unchanged-generic				번호 없는 일반 열거표현 유지	 / 	다음 각 호의 규정은 `제1조의 2 中 제1·2항`을 전제로 해석·적용한다.
XR-00341	6053	2080	2080	11	SRC-C11-L06048	REN-C03-A0003	제3장 제1절 제3조	`제1조의 2 中 제1·2항`	제3장 제2조 제1항 및 제3장 제2조 제2항	제3장 제2조 제1항 및 제3장 제2조 제2항	치환	subordinate	REN-C03-A0002	SRC-C11-L06035-N001--REN-C03-A0002;SRC-C11-L06035-N002--REN-C03-A0002		R3.0 구 위치–신 위치 대응	 / 	다음 각 호의 규정은 `제1조의 2 中 제1·2항`을 전제로 해석·적용한다.
XR-00342	6054	2081	2081	11	SRC-C11-L06048	REN-C03-A0003	제3장 제1절 제3조	제9조(권리 제한의 한계·구제)	제14장 제10조(권리 제한의 한계·구제)	제14장 제10조(권리 제한의 한계·구제)	치환	article	REN-C14-A0010			R3.0 구 위치–신 위치 대응	 / 	1. 제9조(권리 제한의 한계·구제).
XR-00343	6055	2082	2082	11	SRC-C11-L06048	REN-C03-A0003	제3장 제1절 제3조	제10조(동원·징발·보상)	제13장 제17조(동원·징발·보상)	제13장 제17조(동원·징발·보상)	치환	article	REN-C13-A0017			R3.0 구 위치–신 위치 대응	 / 	2. 제10조(동원·징발·보상).
XR-00344	6056	2083	2083	11	SRC-C11-L06048	REN-C03-A0003	제3장 제1절 제3조	제11조(통신·언론·데이터)	제14장 제11조(통신·언론·데이터)	제14장 제11조(통신·언론·데이터)	치환	article	REN-C14-A0011			R3.0 구 위치–신 위치 대응	 / 인용 뒤 설명 '통신·언론·데이터'은 원 표제와 완전 일치하지 않음; 번호로 존재하는 대상만 대응	3. 제11조(통신·언론·데이터).
XR-00345	6057	2084	2084	11	SRC-C11-L06048	REN-C03-A0003	제3장 제1절 제3조	제19조의 2(민간피해 평가·완화; CHMR)	제13장 제25조(민간피해 평가·완화; CHMR)	제13장 제25조(민간피해 평가·완화; CHMR)	치환	article	REN-C13-A0025			R3.0 구 위치–신 위치 대응	 / 	4. 제19조의 2(민간피해 평가·완화; CHMR).
XR-00346	6058	2085	2085	11	SRC-C11-L06048	REN-C03-A0003	제3장 제1절 제3조	제19조의 3(전시·사면 구금 및 전쟁포로 보호)	제13장 제26조(전시·사면 구금 및 전쟁포로 보호)	제13장 제26조(전시·사면 구금 및 전쟁포로 보호)	치환	article	REN-C13-A0026			R3.0 구 위치–신 위치 대응	 / 	5. 제19조의 3(전시·사면 구금 및 전쟁포로 보호).
XR-00347	6064	20938	20938	11	SRC-C11-L06048	REN-C21-A0010	제21장 제4절 제10조	본 장	[[05_원범위_보존_참조표#^scope-c11|제3장·제9장·제12장·제13장·제14장·제15장·제18장·제21장 중 국가방위·비상사태 대응규정]]	[[05_원범위_보존_참조표#^scope-c11|제3장·제9장·제12장·제13장·제14장·제15장·제18장·제21장 중 국가방위·비상사태 대응규정]]	치환	scope	REN-C03-A0001;REN-C03-A0002;REN-C03-A0003;REN-C09-A0021;REN-C12-A0021;REN-C12-A0033;REN-C13-A0001;REN-C13-A0002;REN-C13-A0003;REN-C13-A0004;REN-C13-A0005;REN-C13-A0006;REN-C13-A0007;REN-C13-A0008;REN-C13-A0009;REN-C13-A0010;REN-C13-A0011;REN-C13-A0012;REN-C13-A0013;REN-C13-A0014;REN-C13-A0015;REN-C13-A0017;REN-C13-A0018;REN-C13-A0019;REN-C13-A0020;REN-C13-A0021;REN-C13-A0022;REN-C13-A0024;REN-C13-A0025;REN-C13-A0026;REN-C13-A0027;REN-C14-A0001;REN-C14-A0002;REN-C14-A0003;REN-C14-A0004;REN-C14-A0006;REN-C14-A0007;REN-C14-A0008;REN-C14-A0010;REN-C14-A0011;REN-C14-A0013;REN-C14-A0014;REN-C14-A0020;REN-C14-A0021;REN-C14-A0022;REN-C14-A0023;REN-C14-A0024;REN-C14-A0028;REN-C14-A0039;REN-C14-A0040;REN-C14-A0041;REN-C14-A0042;REN-C14-A0043;REN-C15-A0064;REN-C15-A0072;REN-C18-A0028;REN-C18-A0029;REN-C18-A0056;REN-C21-A0010		c11	R3.0 구 위치–신 위치 대응	 / 	본 장은 관련 용어·약어의 통합 용어집은 전자관보(E-GAZ)에 상시 등재·갱신한다.
XR-00348	6109	2034	2034	11	SRC-C11-L06104	REN-C03-A0001	제3장 제1절 제1조	본 조 제1항	제3장 제1조 제1항	제3장 제1조 제1항	치환	subordinate	REN-C03-A0001	SRC-C11-L06104-N001--REN-C03-A0001		R3.0 구 위치–신 위치 대응	 / 	`비인류 개체`란, 본 조 제1항에 해당하지 않는 지적 존재·생물·인공물(`자율 AI 포함`)을 말한다.
XR-00349	6133	10938	10938	11	SRC-C11-L06131	REN-C13-A0004	제13장 제2절 제4조	제2조 제1항	제14장 제2조 제1항	제14장 제2조 제1항	치환	subordinate	REN-C14-A0002	SRC-C11-L06068-N001--REN-C14-A0002		R3.0 구 위치–신 위치 대응	 / 	연방 황제는 전시`(제2조 제1항)` 및 그에 준하는 사변 중 합동작전에 대한 최고통수권을 가진다. 최고통수권은 전략지휘, 작전통일, 지휘선 승인 및 충돌조정 권한을 포함하여 연방 법률·황제령으로 정한다.
XR-00350	6136	10941	10941	11	SRC-C11-L06131	REN-C13-A0004	제13장 제2절 제4조	`제7조의3(연속성)`	제14장 제22조(연속성)	제14장 제22조(연속성)	치환	article	REN-C14-A0022			R3.0 구 위치–신 위치 대응	 / 인용 뒤 설명 '연속성'은 원 표제와 완전 일치하지 않음; 번호로 존재하는 대상만 대응	전시 최고통수권의 행사 방식, 위임, 대리 및 부재 시 권한 승계 등은 `제7조의3(연속성)`과 연동하여 연방 황제령으로 정한다.
XR-00351	6142	10947	10947	11	SRC-C11-L06131	REN-C13-A0004	제13장 제2절 제4조	`제11조`	제14장 제11조	제14장 제11조	치환	article	REN-C14-A0011			R3.0 구 위치–신 위치 대응	 / 	민간의 통신, 언론, 데이터 조치는 `제11조`의 통제 원칙을 준수하되, 작전상 비공개는 한시적·필요최소한의 원칙으로 제한하고, 일몰, 사후심사, 정정공시를 포함한다.
XR-00352	6145	10950	10950	11	SRC-C11-L06131	REN-C13-A0004	제13장 제2절 제4조	`제17장(능력자 감독)`	[[05_원범위_보존_참조표#^scope-c17|제14장·제20장·제21장 중 능력자감독 대응규정]]	[[05_원범위_보존_참조표#^scope-c17|제14장·제20장·제21장 중 능력자감독 대응규정]]	치환	scope	REN-C14-A0033;REN-C14-A0034;REN-C20-A0001;REN-C20-A0002;REN-C20-A0003;REN-C20-A0004;REN-C20-A0005;REN-C20-A0006;REN-C20-A0007;REN-C20-A0008;REN-C20-A0009;REN-C20-A0010;REN-C20-A0011;REN-C20-A0012;REN-C20-A0013;REN-C20-A0014;REN-C20-A0015;REN-C20-A0016;REN-C20-A0017;REN-C20-A0018;REN-C20-A0019;REN-C20-A0020;REN-C20-A0021;REN-C20-A0022;REN-C20-A0023;REN-C20-A0024;REN-C20-A0025;REN-C20-A0026;REN-C20-A0027;REN-C20-A0028;REN-C20-A0029;REN-C20-A0030;REN-C20-A0031;REN-C20-A0032;REN-C20-A0033;REN-C20-A0035;REN-C20-A0036;REN-C20-A0037;REN-C20-A0038;REN-C20-A0039;REN-C20-A0040;REN-C20-A0041;REN-C20-A0042;REN-C20-A0043;REN-C20-A0044;REN-C20-A0045;REN-C20-A0046;REN-C20-A0047;REN-C20-A0048;REN-C20-A0049;REN-C20-A0050;REN-C20-A0051;REN-C20-A0052;REN-C20-A0053;REN-C20-A0054;REN-C20-A0055;REN-C20-A0056;REN-C20-A0057;REN-C20-A0058;REN-C20-A0059;REN-C20-A0060;REN-C20-A0061;REN-C20-A0062;REN-C20-A0063;REN-C20-A0064;REN-C20-A0065;REN-C20-A0066;REN-C20-A0067;REN-C20-A0068;REN-C21-S06;REN-C21-S12		c17	R3.0 구 위치–신 위치 대응	 / 	전사, 사변, 국가비상사태 중 연방 황제는 `제17장(능력자 감독)` 및 관련 연방 법규에 따라 `능력자(고위·강성자 우선)`의 소집, 배치, 작전지휘에 관한 특별권한을 행사할 수 있다. 동(同) 특별권한의 범위, 위임, 대리는 연방 황제령으로 정하며, `본 조 제3항`의 단일 지휘선 원칙에 종속한다.
XR-00353	6145	10950	10950	11	SRC-C11-L06131	REN-C13-A0004	제13장 제2절 제4조	`본 조 제3항`	제13장 제4조 제3항	제13장 제4조 제3항	치환	subordinate	REN-C13-A0004	SRC-C11-L06131-N003--REN-C13-A0004		R3.0 구 위치–신 위치 대응	 / 	전사, 사변, 국가비상사태 중 연방 황제는 `제17장(능력자 감독)` 및 관련 연방 법규에 따라 `능력자(고위·강성자 우선)`의 소집, 배치, 작전지휘에 관한 특별권한을 행사할 수 있다. 동(同) 특별권한의 범위, 위임, 대리는 연방 황제령으로 정하며, `본 조 제3항`의 단일 지휘선 원칙에 종속한다.
XR-00354	6161	11158	11158	11	SRC-C11-L06159	REN-C13-A0014	제13장 제4절 제14조	다음 호	다음 호	다음 호	일반표현 유지	unchanged-generic				특정 번호를 지시하지 않는 기관별 규정·바로 이어지는 열거 지시를 유지	 / 	전쟁의 선포, 휴전, 강화는 다음 호에 명시된 절차의 순서를 거쳐야 한다.
XR-00355	6204	11620	11620	11	SRC-C11-L06187	REN-C14-A0008	제14장 제3절 제8조	`본 조 제5항`	제14장 제8조 제5항	제14장 제8조 제5항	치환	subordinate	REN-C14-A0008	SRC-C11-L06187-N005--REN-C14-A0008		R3.0 구 위치–신 위치 대응	 / 	연방 최고평의회는 `본 조 제5항`의 권고를 재적 과반 출석 및 과반 찬성으로 재심의 한다.
XR-00356	6228	11898	11898	11	SRC-C11-L06220	REN-C14-A0021	제14장 제7절 제21조	`본 조 제1항`	제14장 제21조 제1항	제14장 제21조 제1항	치환	subordinate	REN-C14-A0021	SRC-C11-L06220-N001--REN-C14-A0021		R3.0 구 위치–신 위치 대응	 / 	`본 조 제1항`의 훈련 주기는 TTX 연 2회, FE·FSE 연 1회를 시행을 원칙 및 하한으로 정한다. 
XR-00357	6235	10991	10991	11	SRC-C11-L06230	REN-C13-A0006	제13장 제3절 제6조	제10조	제13장 제17조	제13장 제17조	치환	article	REN-C13-A0017			R3.0 구 위치–신 위치 대응	 / 	단계 상향 시, 동원·징발`(제10조)`, EOC(합동상황실) 인원·근무체계 증강, 사이버 경계 상향`(제11조의5·6)`, SITREP(일일상황보고) 주기 단축 등 연계조치를 시행한다. 민간 경보 채널과의 동기화 및 오탐 최소화 절차를 운영규정으로 마련한다.
XR-00358	6235	10991	10991	11	SRC-C11-L06230	REN-C13-A0006	제13장 제3절 제6조	제11조의5·6	제18장 제28조 및 제18장 제29조	제18장 제28조 및 제18장 제29조	치환	article	REN-C18-A0028;REN-C18-A0029			R3.0 구 위치–신 위치 대응	 / 	단계 상향 시, 동원·징발`(제10조)`, EOC(합동상황실) 인원·근무체계 증강, 사이버 경계 상향`(제11조의5·6)`, SITREP(일일상황보고) 주기 단축 등 연계조치를 시행한다. 민간 경보 채널과의 동기화 및 오탐 최소화 절차를 운영규정으로 마련한다.
XR-00359	6241	10997	10997	11	SRC-C11-L06230	REN-C13-A0006	제13장 제3절 제6조	제2조의 2	제14장 제6조	제14장 제6조	치환	article	REN-C14-A0006			R3.0 구 위치–신 위치 대응	 / 	위협수준`(제2조의 2)`, 준비태세`(본조)`, EOC 발동`(제7조)`간의 교차 트리거 매트릭스는 연방 황제령 및 연방 기관 명령·고시로 정한다.
XR-00360	6241	10997	10997	11	SRC-C11-L06230	REN-C13-A0006	제13장 제3절 제6조	본조	제13장 제6조	제13장 제6조	치환	article	REN-C13-A0006			R3.0 구 위치–신 위치 대응	 / 	위협수준`(제2조의 2)`, 준비태세`(본조)`, EOC 발동`(제7조)`간의 교차 트리거 매트릭스는 연방 황제령 및 연방 기관 명령·고시로 정한다.
XR-00361	6241	10997	10997	11	SRC-C11-L06230	REN-C13-A0006	제13장 제3절 제6조	제7조	제14장 제21조	제14장 제21조	치환	article	REN-C14-A0021			R3.0 구 위치–신 위치 대응	 / 	위협수준`(제2조의 2)`, 준비태세`(본조)`, EOC 발동`(제7조)`간의 교차 트리거 매트릭스는 연방 황제령 및 연방 기관 명령·고시로 정한다.
XR-00362	6278	11739	11739	11	SRC-C11-L06267	REN-C14-A0013	제14장 제5절 제13조	본 장	[[05_원범위_보존_참조표#^scope-c11|제3장·제9장·제12장·제13장·제14장·제15장·제18장·제21장 중 국가방위·비상사태 대응규정]]	[[05_원범위_보존_참조표#^scope-c11|제3장·제9장·제12장·제13장·제14장·제15장·제18장·제21장 중 국가방위·비상사태 대응규정]]	치환	scope	REN-C03-A0001;REN-C03-A0002;REN-C03-A0003;REN-C09-A0021;REN-C12-A0021;REN-C12-A0033;REN-C13-A0001;REN-C13-A0002;REN-C13-A0003;REN-C13-A0004;REN-C13-A0005;REN-C13-A0006;REN-C13-A0007;REN-C13-A0008;REN-C13-A0009;REN-C13-A0010;REN-C13-A0011;REN-C13-A0012;REN-C13-A0013;REN-C13-A0014;REN-C13-A0015;REN-C13-A0017;REN-C13-A0018;REN-C13-A0019;REN-C13-A0020;REN-C13-A0021;REN-C13-A0022;REN-C13-A0024;REN-C13-A0025;REN-C13-A0026;REN-C13-A0027;REN-C14-A0001;REN-C14-A0002;REN-C14-A0003;REN-C14-A0004;REN-C14-A0006;REN-C14-A0007;REN-C14-A0008;REN-C14-A0010;REN-C14-A0011;REN-C14-A0013;REN-C14-A0014;REN-C14-A0020;REN-C14-A0021;REN-C14-A0022;REN-C14-A0023;REN-C14-A0024;REN-C14-A0028;REN-C14-A0039;REN-C14-A0040;REN-C14-A0041;REN-C14-A0042;REN-C14-A0043;REN-C15-A0064;REN-C15-A0072;REN-C18-A0028;REN-C18-A0029;REN-C18-A0056;REN-C21-A0010		c11	R3.0 구 위치–신 위치 대응	 / 	본 장에서 정한 기간은 별도 정함이 없는 한 달력일을 기준으로 한다.
XR-00363	6293	11664	11664	11	SRC-C11-L06282	REN-C14-A0010	제14장 제4절 제10조	본 조	제14장 제10조	제14장 제10조	치환	article	REN-C14-A0010			R3.0 구 위치–신 위치 대응	 / 	본 조의 권리구제, 우선심리의 기본 적용 대상은 `제1조의2 제1항`의 연방 신민권자 및 인류종에 한한다. 비인류 개체에 대하여서는 `제1조의2 제2항`에 따른다.
XR-00364	6293	11664	11664	11	SRC-C11-L06282	REN-C14-A0010	제14장 제4절 제10조	`제1조의2 제1항`	제3장 제2조 제1항	제3장 제2조 제1항	치환	subordinate	REN-C03-A0002	SRC-C11-L06035-N001--REN-C03-A0002		R3.0 구 위치–신 위치 대응	 / 	본 조의 권리구제, 우선심리의 기본 적용 대상은 `제1조의2 제1항`의 연방 신민권자 및 인류종에 한한다. 비인류 개체에 대하여서는 `제1조의2 제2항`에 따른다.
XR-00365	6293	11664	11664	11	SRC-C11-L06282	REN-C14-A0010	제14장 제4절 제10조	`제1조의2 제2항`	제3장 제2조 제2항	제3장 제2조 제2항	치환	subordinate	REN-C03-A0002	SRC-C11-L06035-N002--REN-C03-A0002		R3.0 구 위치–신 위치 대응	 / 	본 조의 권리구제, 우선심리의 기본 적용 대상은 `제1조의2 제1항`의 연방 신민권자 및 인류종에 한한다. 비인류 개체에 대하여서는 `제1조의2 제2항`에 따른다.
XR-00366	6308	11237	11237	11	SRC-C11-L06297	REN-C13-A0017	제13장 제5절 제17조	본 조	제13장 제17조	제13장 제17조	치환	article	REN-C13-A0017			R3.0 구 위치–신 위치 대응	 / 	본 조의 정당보상 등 재산권 보호의 기본 적용 대상은 연방 신민권자 및 인류가 소유하거나 연방 법률이 인정한 법인체로 한정한다. 비인류 개체에 대하여는 적용하지 아니한다. 다만, 연방 법률·황제령 등이 달리 정하는 경우에는 그 정하는 바에 따른다.
XR-00367	6315	11254	11254	11	SRC-C11-L06313	REN-C13-A0018	제13장 제5절 제18조	`제17장(능력자 감독)`	[[05_원범위_보존_참조표#^scope-c17|제14장·제20장·제21장 중 능력자감독 대응규정]]	[[05_원범위_보존_참조표#^scope-c17|제14장·제20장·제21장 중 능력자감독 대응규정]]	치환	scope	REN-C14-A0033;REN-C14-A0034;REN-C20-A0001;REN-C20-A0002;REN-C20-A0003;REN-C20-A0004;REN-C20-A0005;REN-C20-A0006;REN-C20-A0007;REN-C20-A0008;REN-C20-A0009;REN-C20-A0010;REN-C20-A0011;REN-C20-A0012;REN-C20-A0013;REN-C20-A0014;REN-C20-A0015;REN-C20-A0016;REN-C20-A0017;REN-C20-A0018;REN-C20-A0019;REN-C20-A0020;REN-C20-A0021;REN-C20-A0022;REN-C20-A0023;REN-C20-A0024;REN-C20-A0025;REN-C20-A0026;REN-C20-A0027;REN-C20-A0028;REN-C20-A0029;REN-C20-A0030;REN-C20-A0031;REN-C20-A0032;REN-C20-A0033;REN-C20-A0035;REN-C20-A0036;REN-C20-A0037;REN-C20-A0038;REN-C20-A0039;REN-C20-A0040;REN-C20-A0041;REN-C20-A0042;REN-C20-A0043;REN-C20-A0044;REN-C20-A0045;REN-C20-A0046;REN-C20-A0047;REN-C20-A0048;REN-C20-A0049;REN-C20-A0050;REN-C20-A0051;REN-C20-A0052;REN-C20-A0053;REN-C20-A0054;REN-C20-A0055;REN-C20-A0056;REN-C20-A0057;REN-C20-A0058;REN-C20-A0059;REN-C20-A0060;REN-C20-A0061;REN-C20-A0062;REN-C20-A0063;REN-C20-A0064;REN-C20-A0065;REN-C20-A0066;REN-C20-A0067;REN-C20-A0068;REN-C21-S06;REN-C21-S12		c17	R3.0 구 위치–신 위치 대응	 / 	연방 황제는 전시, 사번, 국가비상사태에서 `제17장(능력자 감독)` 및 연방 법률·황제령이 정하는 바에 따라 능력자(고위·강성자 우선)를 소집·동원할 수 있다.
XR-00368	6321	11260	11260	11	SRC-C11-L06313	REN-C13-A0018	제13장 제5절 제18조	`제3조의2(전시 최고통수권 및 단일 지휘선)`	제13장 제4조(전시 최고통수권 및 단일 지휘선)	제13장 제4조(전시 최고통수권 및 단일 지휘선)	치환	article	REN-C13-A0004			R3.0 구 위치–신 위치 대응	 / 	능력자의 작전지휘는 `제3조의2(전시 최고통수권 및 단일 지휘선)`에 따른다. GJOC`(제18조의3)`와 능력자 합동지휘소`(제18조의4)`가 전술·작전 수준 지휘를 수행한다.
XR-00369	6321	11260	11260	11	SRC-C11-L06313	REN-C13-A0018	제13장 제5절 제18조	제18조의3	제13장 제12조	제13장 제12조	치환	article	REN-C13-A0012			R3.0 구 위치–신 위치 대응	 / 	능력자의 작전지휘는 `제3조의2(전시 최고통수권 및 단일 지휘선)`에 따른다. GJOC`(제18조의3)`와 능력자 합동지휘소`(제18조의4)`가 전술·작전 수준 지휘를 수행한다.
XR-00370	6321	11260	11260	11	SRC-C11-L06313	REN-C13-A0018	제13장 제5절 제18조	제18조의4	제13장 제13조	제13장 제13조	치환	article	REN-C13-A0013			R3.0 구 위치–신 위치 대응	 / 	능력자의 작전지휘는 `제3조의2(전시 최고통수권 및 단일 지휘선)`에 따른다. GJOC`(제18조의3)`와 능력자 합동지휘소`(제18조의4)`가 전술·작전 수준 지휘를 수행한다.
XR-00371	6324	11263	11263	11	SRC-C11-L06313	REN-C13-A0018	제13장 제5절 제18조	`제17장(능력자 감독)`	[[05_원범위_보존_참조표#^scope-c17|제14장·제20장·제21장 중 능력자감독 대응규정]]	[[05_원범위_보존_참조표#^scope-c17|제14장·제20장·제21장 중 능력자감독 대응규정]]	치환	scope	REN-C14-A0033;REN-C14-A0034;REN-C20-A0001;REN-C20-A0002;REN-C20-A0003;REN-C20-A0004;REN-C20-A0005;REN-C20-A0006;REN-C20-A0007;REN-C20-A0008;REN-C20-A0009;REN-C20-A0010;REN-C20-A0011;REN-C20-A0012;REN-C20-A0013;REN-C20-A0014;REN-C20-A0015;REN-C20-A0016;REN-C20-A0017;REN-C20-A0018;REN-C20-A0019;REN-C20-A0020;REN-C20-A0021;REN-C20-A0022;REN-C20-A0023;REN-C20-A0024;REN-C20-A0025;REN-C20-A0026;REN-C20-A0027;REN-C20-A0028;REN-C20-A0029;REN-C20-A0030;REN-C20-A0031;REN-C20-A0032;REN-C20-A0033;REN-C20-A0035;REN-C20-A0036;REN-C20-A0037;REN-C20-A0038;REN-C20-A0039;REN-C20-A0040;REN-C20-A0041;REN-C20-A0042;REN-C20-A0043;REN-C20-A0044;REN-C20-A0045;REN-C20-A0046;REN-C20-A0047;REN-C20-A0048;REN-C20-A0049;REN-C20-A0050;REN-C20-A0051;REN-C20-A0052;REN-C20-A0053;REN-C20-A0054;REN-C20-A0055;REN-C20-A0056;REN-C20-A0057;REN-C20-A0058;REN-C20-A0059;REN-C20-A0060;REN-C20-A0061;REN-C20-A0062;REN-C20-A0063;REN-C20-A0064;REN-C20-A0065;REN-C20-A0066;REN-C20-A0067;REN-C20-A0068;REN-C21-S06;REN-C21-S12		c17	R3.0 구 위치–신 위치 대응	 / 	능력자에 대한 안전, 보건, 의무복무, 대체복무, 면제, 교육, 재훈련, 심사 및 복무평정은 `제17장(능력자 감독)` 및 연방 법률·황제령으로 정한다. 강제는 필요, 비례, 최소침해의 원칙을 준수한다.
XR-00372	6327	11266	11266	11	SRC-C11-L06313	REN-C13-A0018	제13장 제5절 제18조	본 장	[[05_원범위_보존_참조표#^scope-c11|제3장·제9장·제12장·제13장·제14장·제15장·제18장·제21장 중 국가방위·비상사태 대응규정]]	[[05_원범위_보존_참조표#^scope-c11|제3장·제9장·제12장·제13장·제14장·제15장·제18장·제21장 중 국가방위·비상사태 대응규정]]	치환	scope	REN-C03-A0001;REN-C03-A0002;REN-C03-A0003;REN-C09-A0021;REN-C12-A0021;REN-C12-A0033;REN-C13-A0001;REN-C13-A0002;REN-C13-A0003;REN-C13-A0004;REN-C13-A0005;REN-C13-A0006;REN-C13-A0007;REN-C13-A0008;REN-C13-A0009;REN-C13-A0010;REN-C13-A0011;REN-C13-A0012;REN-C13-A0013;REN-C13-A0014;REN-C13-A0015;REN-C13-A0017;REN-C13-A0018;REN-C13-A0019;REN-C13-A0020;REN-C13-A0021;REN-C13-A0022;REN-C13-A0024;REN-C13-A0025;REN-C13-A0026;REN-C13-A0027;REN-C14-A0001;REN-C14-A0002;REN-C14-A0003;REN-C14-A0004;REN-C14-A0006;REN-C14-A0007;REN-C14-A0008;REN-C14-A0010;REN-C14-A0011;REN-C14-A0013;REN-C14-A0014;REN-C14-A0020;REN-C14-A0021;REN-C14-A0022;REN-C14-A0023;REN-C14-A0024;REN-C14-A0028;REN-C14-A0039;REN-C14-A0040;REN-C14-A0041;REN-C14-A0042;REN-C14-A0043;REN-C15-A0064;REN-C15-A0072;REN-C18-A0028;REN-C18-A0029;REN-C18-A0056;REN-C21-A0010		c11	R3.0 구 위치–신 위치 대응	 / 	능력자의 권리 보호와 책임은 권리장전 및 본 장의 권리 제한·구제 규정`(제9조)`에 따른다. 부상, 후유증, 장해에 대한 치료, 보상, 명예회복 절차를 둔다.
XR-00373	6327	11266	11266	11	SRC-C11-L06313	REN-C13-A0018	제13장 제5절 제18조	제9조	제14장 제10조	제14장 제10조	치환	article	REN-C14-A0010			R3.0 구 위치–신 위치 대응	 / 	능력자의 권리 보호와 책임은 권리장전 및 본 장의 권리 제한·구제 규정`(제9조)`에 따른다. 부상, 후유증, 장해에 대한 치료, 보상, 명예회복 절차를 둔다.
XR-00374	6330	11269	11269	11	SRC-C11-L06313	REN-C13-A0018	제13장 제5절 제18조	제11조	제14장 제11조	제14장 제11조	치환	article	REN-C14-A0011			R3.0 구 위치–신 위치 대응	 / 	능력자 신원, 능력치 등 민감정보의 수집, 처리, 보관, 열람은 PIA·RIA 및 데이터 보호 기준`(제11조)`에 따라 최소화, 일몰, 사후심사 원칙을 적용한다.
XR-00375	6348	11692	11692	11	SRC-C11-L06334	REN-C14-A0011	제14장 제4절 제11조	본 조	제14장 제11조	제14장 제11조	치환	article	REN-C14-A0011			R3.0 구 위치–신 위치 대응	 / 	본 조의 PIA·RIA 등 데이터 보호 의무는 연방 신민권자 및 인류의 개인 데이터에 적용한다. 비인류 개체의 데이터는 원칙적으로 적용 대상이 아니며, 안전·보안 목적상 별도 규정을 둘 수 있다.
XR-00376	6379	12049	12049	11	SRC-C11-L06377	REN-C14-A0028	제14장 제9절 제28조	`제7조의4`	제14장 제39조	제14장 제39조	치환	article	REN-C14-A0039			R3.0 구 위치–신 위치 대응	 / 	연방은 비상상태에서 음성·데이터 통신의 우선 접속·보호처리를 보장하기 위하여 EPCF(긴급통신우선 프레임)를 운영한다. 경보·재난 알림은 `제7조의4`의 CAP(공통경보프로토콜)과 연동한다.
XR-00377	6515	11017	11017	11	SRC-C11-L06510	REN-C13-A0007	제13장 제3절 제7조	전항	제13장 제7조 제1항	제13장 제7조 제1항	치환	subordinate	REN-C13-A0007	SRC-C11-L06510-N001--REN-C13-A0007		R3.0 구 위치–신 위치 대응	 / 	전항의 주무기관은 다음 호의 각 의무를 진다.
XR-00378	6515	11017	11017	11	SRC-C11-L06510	REN-C13-A0007	제13장 제3절 제7조	다음 호		〔구 인용: 다음 호 · 대상 확인 필요〕[^r4-xr-00378]	확인 필요·치환 보류	number				원문 인용대상 확인 보류	바로 뒤에 나타나는 형식은 다음 항 및 그 번호목록임. “호” 표기의 의도와 범위를 확정하지 않음 / 참조번호가 존재하는 것과 인용 취지가 일치하는 것은 별개이므로 원문 인용을 명시적으로 보류	전항의 주무기관은 다음 호의 각 의무를 진다.
XR-00379	6535	11047	11047	11	SRC-C11-L06524	REN-C13-A0008	제13장 제3절 제8조	제3조의2	제13장 제4조	제13장 제4조	치환	article	REN-C13-A0004			R3.0 구 위치–신 위치 대응	 / 	전시 중 연방 최고평의회, EOC의 지휘·조정·인가 권한은 `제3조의2 `에 따른 황제의 최고통수권과 정합되도록 행사한다. 충돌 시 우선순위, 재가 루프, 사후심사 절차는 연방 황제령으로 정한다.
XR-00380	6572	11134	11134	11	SRC-C11-L06570	REN-C13-A0013	제13장 제3절 제13조	제18조의 3	제13장 제12조	제13장 제12조	치환	article	REN-C13-A0012			R3.0 구 위치–신 위치 대응	 / 	AOC(능력자 합동지휘소)는 전시 최고통수권 하에 능력자 전력을 통합 운용하는 합동지휘소로서, GJOC`(제18조의 3)`의 지휘·통제 체계에 편입된다.
XR-00381	6578	11140	11140	11	SRC-C11-L06570	REN-C13-A0013	제13장 제3절 제13조	제17장`(능력자 관리)`	[[05_원범위_보존_참조표#^scope-c17|제14장·제20장·제21장 중 능력자감독 대응규정]]	[[05_원범위_보존_참조표#^scope-c17|제14장·제20장·제21장 중 능력자감독 대응규정]]	치환	scope	REN-C14-A0033;REN-C14-A0034;REN-C20-A0001;REN-C20-A0002;REN-C20-A0003;REN-C20-A0004;REN-C20-A0005;REN-C20-A0006;REN-C20-A0007;REN-C20-A0008;REN-C20-A0009;REN-C20-A0010;REN-C20-A0011;REN-C20-A0012;REN-C20-A0013;REN-C20-A0014;REN-C20-A0015;REN-C20-A0016;REN-C20-A0017;REN-C20-A0018;REN-C20-A0019;REN-C20-A0020;REN-C20-A0021;REN-C20-A0022;REN-C20-A0023;REN-C20-A0024;REN-C20-A0025;REN-C20-A0026;REN-C20-A0027;REN-C20-A0028;REN-C20-A0029;REN-C20-A0030;REN-C20-A0031;REN-C20-A0032;REN-C20-A0033;REN-C20-A0035;REN-C20-A0036;REN-C20-A0037;REN-C20-A0038;REN-C20-A0039;REN-C20-A0040;REN-C20-A0041;REN-C20-A0042;REN-C20-A0043;REN-C20-A0044;REN-C20-A0045;REN-C20-A0046;REN-C20-A0047;REN-C20-A0048;REN-C20-A0049;REN-C20-A0050;REN-C20-A0051;REN-C20-A0052;REN-C20-A0053;REN-C20-A0054;REN-C20-A0055;REN-C20-A0056;REN-C20-A0057;REN-C20-A0058;REN-C20-A0059;REN-C20-A0060;REN-C20-A0061;REN-C20-A0062;REN-C20-A0063;REN-C20-A0064;REN-C20-A0065;REN-C20-A0066;REN-C20-A0067;REN-C20-A0068;REN-C21-S06;REN-C21-S12		c17	R3.0 구 위치–신 위치 대응	 / 	AOC의 편성, 등급, 안전관리, 의무복무 지원 및 남용 방지 통제는 제17장`(능력자 관리)`과 연방 법률·황제령으로 정한다.
XR-00382	6658	10901	10901	11	SRC-C11-L06656	REN-C13-A0002	제13장 제1절 제2조	본 장	[[05_원범위_보존_참조표#^scope-c11|제3장·제9장·제12장·제13장·제14장·제15장·제18장·제21장 중 국가방위·비상사태 대응규정]]	[[05_원범위_보존_참조표#^scope-c11|제3장·제9장·제12장·제13장·제14장·제15장·제18장·제21장 중 국가방위·비상사태 대응규정]]	치환	scope	REN-C03-A0001;REN-C03-A0002;REN-C03-A0003;REN-C09-A0021;REN-C12-A0021;REN-C12-A0033;REN-C13-A0001;REN-C13-A0002;REN-C13-A0003;REN-C13-A0004;REN-C13-A0005;REN-C13-A0006;REN-C13-A0007;REN-C13-A0008;REN-C13-A0009;REN-C13-A0010;REN-C13-A0011;REN-C13-A0012;REN-C13-A0013;REN-C13-A0014;REN-C13-A0015;REN-C13-A0017;REN-C13-A0018;REN-C13-A0019;REN-C13-A0020;REN-C13-A0021;REN-C13-A0022;REN-C13-A0024;REN-C13-A0025;REN-C13-A0026;REN-C13-A0027;REN-C14-A0001;REN-C14-A0002;REN-C14-A0003;REN-C14-A0004;REN-C14-A0006;REN-C14-A0007;REN-C14-A0008;REN-C14-A0010;REN-C14-A0011;REN-C14-A0013;REN-C14-A0014;REN-C14-A0020;REN-C14-A0021;REN-C14-A0022;REN-C14-A0023;REN-C14-A0024;REN-C14-A0028;REN-C14-A0039;REN-C14-A0040;REN-C14-A0041;REN-C14-A0042;REN-C14-A0043;REN-C15-A0064;REN-C15-A0072;REN-C18-A0028;REN-C18-A0029;REN-C18-A0056;REN-C21-A0010		c11	R3.0 구 위치–신 위치 대응	 / 	본 장의 세부 기준, 절차, 서식, 데이터 구조는 연방 법률·황제령 및 연방 행정명령, 연방 기관 고시·명령으로 정한다.
XR-00383	6661	10904	10904	11	SRC-C11-L06656	REN-C13-A0002	제13장 제1절 제2조	본 장	[[05_원범위_보존_참조표#^scope-c11|제3장·제9장·제12장·제13장·제14장·제15장·제18장·제21장 중 국가방위·비상사태 대응규정]]	[[05_원범위_보존_참조표#^scope-c11|제3장·제9장·제12장·제13장·제14장·제15장·제18장·제21장 중 국가방위·비상사태 대응규정]]	치환	scope	REN-C03-A0001;REN-C03-A0002;REN-C03-A0003;REN-C09-A0021;REN-C12-A0021;REN-C12-A0033;REN-C13-A0001;REN-C13-A0002;REN-C13-A0003;REN-C13-A0004;REN-C13-A0005;REN-C13-A0006;REN-C13-A0007;REN-C13-A0008;REN-C13-A0009;REN-C13-A0010;REN-C13-A0011;REN-C13-A0012;REN-C13-A0013;REN-C13-A0014;REN-C13-A0015;REN-C13-A0017;REN-C13-A0018;REN-C13-A0019;REN-C13-A0020;REN-C13-A0021;REN-C13-A0022;REN-C13-A0024;REN-C13-A0025;REN-C13-A0026;REN-C13-A0027;REN-C14-A0001;REN-C14-A0002;REN-C14-A0003;REN-C14-A0004;REN-C14-A0006;REN-C14-A0007;REN-C14-A0008;REN-C14-A0010;REN-C14-A0011;REN-C14-A0013;REN-C14-A0014;REN-C14-A0020;REN-C14-A0021;REN-C14-A0022;REN-C14-A0023;REN-C14-A0024;REN-C14-A0028;REN-C14-A0039;REN-C14-A0040;REN-C14-A0041;REN-C14-A0042;REN-C14-A0043;REN-C15-A0064;REN-C15-A0072;REN-C18-A0028;REN-C18-A0029;REN-C18-A0056;REN-C21-A0010		c11	R3.0 구 위치–신 위치 대응	 / 	본 장의 능력자 소집, 지휘, 보호에 관한 세부 기준은 `제17장(능력자 감독)` 및 연방 법률·황제령으로 정한다. 상충이 발생하는 경우, `제3조의 2(전시 최고통수권 및 단일 지휘선)`와 권리장전의 본질적 내용 보호 원칙을 우선한다.
XR-00384	6661	10904	10904	11	SRC-C11-L06656	REN-C13-A0002	제13장 제1절 제2조	`제17장(능력자 감독)`	[[05_원범위_보존_참조표#^scope-c17|제14장·제20장·제21장 중 능력자감독 대응규정]]	[[05_원범위_보존_참조표#^scope-c17|제14장·제20장·제21장 중 능력자감독 대응규정]]	치환	scope	REN-C14-A0033;REN-C14-A0034;REN-C20-A0001;REN-C20-A0002;REN-C20-A0003;REN-C20-A0004;REN-C20-A0005;REN-C20-A0006;REN-C20-A0007;REN-C20-A0008;REN-C20-A0009;REN-C20-A0010;REN-C20-A0011;REN-C20-A0012;REN-C20-A0013;REN-C20-A0014;REN-C20-A0015;REN-C20-A0016;REN-C20-A0017;REN-C20-A0018;REN-C20-A0019;REN-C20-A0020;REN-C20-A0021;REN-C20-A0022;REN-C20-A0023;REN-C20-A0024;REN-C20-A0025;REN-C20-A0026;REN-C20-A0027;REN-C20-A0028;REN-C20-A0029;REN-C20-A0030;REN-C20-A0031;REN-C20-A0032;REN-C20-A0033;REN-C20-A0035;REN-C20-A0036;REN-C20-A0037;REN-C20-A0038;REN-C20-A0039;REN-C20-A0040;REN-C20-A0041;REN-C20-A0042;REN-C20-A0043;REN-C20-A0044;REN-C20-A0045;REN-C20-A0046;REN-C20-A0047;REN-C20-A0048;REN-C20-A0049;REN-C20-A0050;REN-C20-A0051;REN-C20-A0052;REN-C20-A0053;REN-C20-A0054;REN-C20-A0055;REN-C20-A0056;REN-C20-A0057;REN-C20-A0058;REN-C20-A0059;REN-C20-A0060;REN-C20-A0061;REN-C20-A0062;REN-C20-A0063;REN-C20-A0064;REN-C20-A0065;REN-C20-A0066;REN-C20-A0067;REN-C20-A0068;REN-C21-S06;REN-C21-S12		c17	R3.0 구 위치–신 위치 대응	 / 	본 장의 능력자 소집, 지휘, 보호에 관한 세부 기준은 `제17장(능력자 감독)` 및 연방 법률·황제령으로 정한다. 상충이 발생하는 경우, `제3조의 2(전시 최고통수권 및 단일 지휘선)`와 권리장전의 본질적 내용 보호 원칙을 우선한다.
XR-00385	6661	10904	10904	11	SRC-C11-L06656	REN-C13-A0002	제13장 제1절 제2조	`제3조의 2(전시 최고통수권 및 단일 지휘선)`	제13장 제4조(전시 최고통수권 및 단일 지휘선)	제13장 제4조(전시 최고통수권 및 단일 지휘선)	치환	article	REN-C13-A0004			R3.0 구 위치–신 위치 대응	 / 	본 장의 능력자 소집, 지휘, 보호에 관한 세부 기준은 `제17장(능력자 감독)` 및 연방 법률·황제령으로 정한다. 상충이 발생하는 경우, `제3조의 2(전시 최고통수권 및 단일 지휘선)`와 권리장전의 본질적 내용 보호 원칙을 우선한다.
XR-00386	6665	11948	11948	11	SRC-C11-L06663	REN-C14-A0024	제14장 제7절 제24조	`제7조의 3`	제14장 제22조	제14장 제22조	치환	article	REN-C14-A0022			R3.0 구 위치–신 위치 대응	 / 	전시 중 연방 황제의 부재·무능·장기 격리 등 비상 상황에는 `제7조의 3`의 승계(라인)에 따라 최고통수권 대행을 지정한다.
XR-00387	6668	11951	11951	11	SRC-C11-L06663	REN-C14-A0024	제14장 제7절 제24조	`제3조의2 제3항`	제13장 제4조 제3항	제13장 제4조 제3항	치환	subordinate	REN-C13-A0004	SRC-C11-L06131-N003--REN-C13-A0004		R3.0 구 위치–신 위치 대응	 / 	연방 황실 기관, 연방 최고평의회, GJOC, EOC 간 명령 충돌의 최종 해결은 `제3조의2 제3항`과 연방 황제령의 절차에 따른다.
XR-00388	6671	11954	11954	11	SRC-C11-L06663	REN-C14-A0024	제14장 제7절 제24조	본 조	제14장 제24조	제14장 제24조	치환	article	REN-C14-A0024			R3.0 구 위치–신 위치 대응	 / 	본 조에 따른 결정, 대행, 해제는 전자관보와 SITREP API에 요지 공개한다.
XR-00389	6695	12442	12442	12	SRC-C12-L06679	REN-C15-A0001	제15장 제1절 제1조	본 장	[[05_원범위_보존_참조표#^scope-c12|제14장·제15장·제21장 중 외교 대응규정]]	[[05_원범위_보존_참조표#^scope-c12|제14장·제15장·제21장 중 외교 대응규정]]	치환	scope	REN-C14-A0038;REN-C15-A0001;REN-C15-A0002;REN-C15-A0003;REN-C15-A0004;REN-C15-A0005;REN-C15-A0006;REN-C15-A0007;REN-C15-A0008;REN-C15-A0009;REN-C15-A0010;REN-C15-A0011;REN-C15-A0012;REN-C15-A0013;REN-C15-A0014;REN-C15-A0015;REN-C15-A0016;REN-C15-A0017;REN-C15-A0018;REN-C15-A0019;REN-C15-A0020;REN-C15-A0021;REN-C15-A0022;REN-C15-A0023;REN-C15-A0024;REN-C15-A0025;REN-C15-A0026;REN-C15-A0027;REN-C15-A0028;REN-C15-A0029;REN-C15-A0030;REN-C15-A0031;REN-C15-A0032;REN-C15-A0033;REN-C15-A0034;REN-C15-A0035;REN-C15-A0036;REN-C15-A0037;REN-C15-A0038;REN-C15-A0039;REN-C15-A0040;REN-C15-A0041;REN-C15-A0042;REN-C15-A0044;REN-C15-A0045;REN-C15-A0046;REN-C15-A0047;REN-C15-A0048;REN-C15-A0049;REN-C15-A0050;REN-C15-A0051;REN-C15-A0052;REN-C15-A0053;REN-C15-A0054;REN-C15-A0055;REN-C15-A0056;REN-C15-A0057;REN-C15-A0058;REN-C15-A0059;REN-C15-A0060;REN-C15-A0061;REN-C15-A0062;REN-C15-A0063;REN-C15-A0065;REN-C15-A0066;REN-C15-A0067;REN-C15-A0068;REN-C15-A0069;REN-C15-A0070;REN-C15-A0071;REN-C15-A0073;REN-C15-A0074;REN-C15-A0075;REN-C15-A0076;REN-C15-A0077;REN-C15-A0078;REN-C15-A0079;REN-C15-A0080;REN-C15-A0081;REN-C15-A0082;REN-C15-A0083;REN-C15-A0084;REN-C15-A0085;REN-C15-A0086;REN-C15-A0087;REN-C15-A0088;REN-C15-A0089;REN-C15-A0090;REN-C15-A0091;REN-C15-A0092;REN-C21-S10		c12	R3.0 구 위치–신 위치 대응	 / 	본 장에 규정되지 않은 외교 사무의 세부는 연방 최고평의회의 규칙으로 정한다.
XR-00390	6729	12506	12506	12	SRC-C12-L06718	REN-C15-A0004	제15장 제1절 제4조	본 조	제15장 제4조	제15장 제4조	치환	article	REN-C15-A0004			R3.0 구 위치–신 위치 대응	 / 	본 조는 연방 헌법과 권리장전의 보장, 국제법상의 선의 이행 원칙과 조화되도록 해석한다.
XR-00391	6732	12509	12509	12	SRC-C12-L06718	REN-C15-A0004	제15장 제1절 제4조	본 장	[[05_원범위_보존_참조표#^scope-c12|제14장·제15장·제21장 중 외교 대응규정]]	[[05_원범위_보존_참조표#^scope-c12|제14장·제15장·제21장 중 외교 대응규정]]	치환	scope	REN-C14-A0038;REN-C15-A0001;REN-C15-A0002;REN-C15-A0003;REN-C15-A0004;REN-C15-A0005;REN-C15-A0006;REN-C15-A0007;REN-C15-A0008;REN-C15-A0009;REN-C15-A0010;REN-C15-A0011;REN-C15-A0012;REN-C15-A0013;REN-C15-A0014;REN-C15-A0015;REN-C15-A0016;REN-C15-A0017;REN-C15-A0018;REN-C15-A0019;REN-C15-A0020;REN-C15-A0021;REN-C15-A0022;REN-C15-A0023;REN-C15-A0024;REN-C15-A0025;REN-C15-A0026;REN-C15-A0027;REN-C15-A0028;REN-C15-A0029;REN-C15-A0030;REN-C15-A0031;REN-C15-A0032;REN-C15-A0033;REN-C15-A0034;REN-C15-A0035;REN-C15-A0036;REN-C15-A0037;REN-C15-A0038;REN-C15-A0039;REN-C15-A0040;REN-C15-A0041;REN-C15-A0042;REN-C15-A0044;REN-C15-A0045;REN-C15-A0046;REN-C15-A0047;REN-C15-A0048;REN-C15-A0049;REN-C15-A0050;REN-C15-A0051;REN-C15-A0052;REN-C15-A0053;REN-C15-A0054;REN-C15-A0055;REN-C15-A0056;REN-C15-A0057;REN-C15-A0058;REN-C15-A0059;REN-C15-A0060;REN-C15-A0061;REN-C15-A0062;REN-C15-A0063;REN-C15-A0065;REN-C15-A0066;REN-C15-A0067;REN-C15-A0068;REN-C15-A0069;REN-C15-A0070;REN-C15-A0071;REN-C15-A0073;REN-C15-A0074;REN-C15-A0075;REN-C15-A0076;REN-C15-A0077;REN-C15-A0078;REN-C15-A0079;REN-C15-A0080;REN-C15-A0081;REN-C15-A0082;REN-C15-A0083;REN-C15-A0084;REN-C15-A0085;REN-C15-A0086;REN-C15-A0087;REN-C15-A0088;REN-C15-A0089;REN-C15-A0090;REN-C15-A0091;REN-C15-A0092;REN-C21-S10		c12	R3.0 구 위치–신 위치 대응	 / 	본 장의 연방우선·신민우선 원칙은 신인류 및 범인류종의 안전, 존엄, 생존권 보호를 포함한다.
XR-00392	6753	12571	12571	12	SRC-C12-L06742	REN-C15-A0007	제15장 제2절 제7조	본 장	[[05_원범위_보존_참조표#^scope-c12|제14장·제15장·제21장 중 외교 대응규정]]	[[05_원범위_보존_참조표#^scope-c12|제14장·제15장·제21장 중 외교 대응규정]]	치환	scope	REN-C14-A0038;REN-C15-A0001;REN-C15-A0002;REN-C15-A0003;REN-C15-A0004;REN-C15-A0005;REN-C15-A0006;REN-C15-A0007;REN-C15-A0008;REN-C15-A0009;REN-C15-A0010;REN-C15-A0011;REN-C15-A0012;REN-C15-A0013;REN-C15-A0014;REN-C15-A0015;REN-C15-A0016;REN-C15-A0017;REN-C15-A0018;REN-C15-A0019;REN-C15-A0020;REN-C15-A0021;REN-C15-A0022;REN-C15-A0023;REN-C15-A0024;REN-C15-A0025;REN-C15-A0026;REN-C15-A0027;REN-C15-A0028;REN-C15-A0029;REN-C15-A0030;REN-C15-A0031;REN-C15-A0032;REN-C15-A0033;REN-C15-A0034;REN-C15-A0035;REN-C15-A0036;REN-C15-A0037;REN-C15-A0038;REN-C15-A0039;REN-C15-A0040;REN-C15-A0041;REN-C15-A0042;REN-C15-A0044;REN-C15-A0045;REN-C15-A0046;REN-C15-A0047;REN-C15-A0048;REN-C15-A0049;REN-C15-A0050;REN-C15-A0051;REN-C15-A0052;REN-C15-A0053;REN-C15-A0054;REN-C15-A0055;REN-C15-A0056;REN-C15-A0057;REN-C15-A0058;REN-C15-A0059;REN-C15-A0060;REN-C15-A0061;REN-C15-A0062;REN-C15-A0063;REN-C15-A0065;REN-C15-A0066;REN-C15-A0067;REN-C15-A0068;REN-C15-A0069;REN-C15-A0070;REN-C15-A0071;REN-C15-A0073;REN-C15-A0074;REN-C15-A0075;REN-C15-A0076;REN-C15-A0077;REN-C15-A0078;REN-C15-A0079;REN-C15-A0080;REN-C15-A0081;REN-C15-A0082;REN-C15-A0083;REN-C15-A0084;REN-C15-A0085;REN-C15-A0086;REN-C15-A0087;REN-C15-A0088;REN-C15-A0089;REN-C15-A0090;REN-C15-A0091;REN-C15-A0092;REN-C21-S10		c12	R3.0 구 위치–신 위치 대응	 / 	본 장에 따른 조약의 국내 효력은 연방 헌법 총강의 원칙`(협약의 국내 지위)`에 따른다.
XR-00393	6753	12571	12571	12	SRC-C12-L06742	REN-C15-A0007	제15장 제2절 제7조	총강	[[05_원범위_보존_참조표#^scope-c00|총강·제17장 중 총강 대응규정]]	[[05_원범위_보존_참조표#^scope-c00|총강·제17장 중 총강 대응규정]]	치환	scope	REN-C00-A0001;REN-C00-A0002;REN-C00-A0003;REN-C00-A0004;REN-C00-A0005;REN-C00-A0006;REN-C00-A0007;REN-C00-A0008;REN-C00-A0009;REN-C00-A0010;REN-C00-A0011;REN-C00-A0012;REN-C00-A0013;REN-C00-A0014;REN-C00-A0015;REN-C00-A0016;REN-C00-A0017;REN-C00-A0018;REN-C00-A0019;REN-C00-A0020;REN-C00-A0021;REN-C00-A0022;REN-C17-A0025		c00	R3.0 구 위치–신 위치 대응	 / 	본 장에 따른 조약의 국내 효력은 연방 헌법 총강의 원칙`(협약의 국내 지위)`에 따른다.
XR-00394	6802	12629	12629	12	SRC-C12-L06800	REN-C15-A0009	제15장 제2절 제9조	각 호	각 호	각 호	일반표현 유지	unchanged-generic				번호 없는 일반 열거표현 유지	 / 	다음 각 호의 조약은 연방 상·하원의회 또는 합동의회 재적의원 3/5 이상의 동의를 요한다.
XR-00395	6807	12634	12634	12	SRC-C12-L06800	REN-C15-A0009	제15장 제2절 제9조	`제7장(경제)`	[[05_원범위_보존_참조표#^scope-c07|제8장·제9장·제14장·제21장 중 경제·재정 대응규정]]	[[05_원범위_보존_참조표#^scope-c07|제8장·제9장·제14장·제21장 중 경제·재정 대응규정]]	치환	scope	REN-C08-A0001;REN-C08-A0002;REN-C08-A0003;REN-C08-A0004;REN-C08-A0006;REN-C08-A0007;REN-C08-A0008;REN-C08-A0009;REN-C08-A0010;REN-C08-A0011;REN-C08-A0012;REN-C08-A0013;REN-C08-A0014;REN-C08-A0015;REN-C08-A0016;REN-C08-A0017;REN-C08-A0018;REN-C08-A0019;REN-C08-A0020;REN-C08-A0021;REN-C08-A0022;REN-C08-A0023;REN-C08-A0024;REN-C08-A0025;REN-C08-A0026;REN-C08-A0027;REN-C08-A0028;REN-C08-A0029;REN-C08-A0030;REN-C08-A0031;REN-C08-A0032;REN-C08-A0033;REN-C08-A0034;REN-C08-A0035;REN-C08-A0036;REN-C08-A0037;REN-C08-A0038;REN-C08-A0039;REN-C08-A0040;REN-C08-A0041;REN-C08-A0042;REN-C09-A0002;REN-C09-A0004;REN-C09-A0005;REN-C09-A0006;REN-C09-A0007;REN-C09-A0008;REN-C09-A0009;REN-C09-A0010;REN-C09-A0011;REN-C09-A0015;REN-C09-A0016;REN-C09-A0017;REN-C09-A0018;REN-C09-A0020;REN-C09-A0022;REN-C09-A0023;REN-C14-A0029;REN-C14-A0037;REN-C21-S02;REN-C21-S03;REN-C21-S04;REN-C21-S05;REN-C21-A0007		c07	R3.0 구 위치–신 위치 대응	 / 	5. `제7장(경제)`정한 `중대한 재정부담` 기준을 충족하는 조약.
XR-00396	6810	12637	12637	12	SRC-C12-L06800	REN-C15-A0009	제15장 제2절 제9조	전항	제15장 제9조 제1항	제15장 제9조 제1항	치환	subordinate	REN-C15-A0009	SRC-C12-L06800-N001--REN-C15-A0009		R3.0 구 위치–신 위치 대응	 / 	전항의 조약은 신속처리 절차의 적용을 받지 아니한다.
XR-00397	6814	12651	12651	12	SRC-C12-L06814	REN-C15-A0010	제15장 제2절 제10조	총강	[[05_원범위_보존_참조표#^scope-c00|총강·제17장 중 총강 대응규정]]	[[05_원범위_보존_참조표#^scope-c00|총강·제17장 중 총강 대응규정]]	치환	scope	REN-C00-A0001;REN-C00-A0002;REN-C00-A0003;REN-C00-A0004;REN-C00-A0005;REN-C00-A0006;REN-C00-A0007;REN-C00-A0008;REN-C00-A0009;REN-C00-A0010;REN-C00-A0011;REN-C00-A0012;REN-C00-A0013;REN-C00-A0014;REN-C00-A0015;REN-C00-A0016;REN-C00-A0017;REN-C00-A0018;REN-C00-A0019;REN-C00-A0020;REN-C00-A0021;REN-C00-A0022;REN-C17-A0025		c00	R3.0 구 위치–신 위치 대응	 / 	### 제10조: 총강 연계·적용 범위
XR-00398	6816	12653	12653	12	SRC-C12-L06814	REN-C15-A0010	제15장 제2절 제10조	총강	[[05_원범위_보존_참조표#^scope-c00|총강·제17장 중 총강 대응규정]]	[[05_원범위_보존_참조표#^scope-c00|총강·제17장 중 총강 대응규정]]	치환	scope	REN-C00-A0001;REN-C00-A0002;REN-C00-A0003;REN-C00-A0004;REN-C00-A0005;REN-C00-A0006;REN-C00-A0007;REN-C00-A0008;REN-C00-A0009;REN-C00-A0010;REN-C00-A0011;REN-C00-A0012;REN-C00-A0013;REN-C00-A0014;REN-C00-A0015;REN-C00-A0016;REN-C00-A0017;REN-C00-A0018;REN-C00-A0019;REN-C00-A0020;REN-C00-A0021;REN-C00-A0022;REN-C17-A0025		c00	R3.0 구 위치–신 위치 대응	 / 	경계·관할 변경 및 그에 준하는 국제적 합의는 연방 헌법 총강의 영역, 관할, 경계 위임 규정을 준수하며, `본 장 제7조(조약 체결 절차)`에 따른다.
XR-00399	6816	12653	12653	12	SRC-C12-L06814	REN-C15-A0010	제15장 제2절 제10조	`본 장 제7조(조약 체결 절차)`	제15장 제8조(조약 체결 절차)	제15장 제8조(조약 체결 절차)	치환	article	REN-C15-A0008			R3.0 구 위치–신 위치 대응	 / 	경계·관할 변경 및 그에 준하는 국제적 합의는 연방 헌법 총강의 영역, 관할, 경계 위임 규정을 준수하며, `본 장 제7조(조약 체결 절차)`에 따른다.
XR-00400	6838	12695	12695	12	SRC-C12-L06833	REN-C15-A0012	제15장 제2절 제12조	`제15조의 2`	제15장 제20조	제15장 제20조	치환	article	REN-C15-A0020			R3.0 구 위치–신 위치 대응	 / 	국가안보상 긴급·불가피한 경우에는 서명·잠정적용을 할 수 있으나, 지체 없이 사유와 범위를 보고하고 `제15조의 2`에 따른 추인을 받아야 한다.
XR-00401	6905	12822	12822	12	SRC-C12-L06897	REN-C15-A0018	제15장 제2절 제18조	제9조	제15장 제11조	제15장 제11조	치환	article	REN-C15-A0011			R3.0 구 위치–신 위치 대응	 / 	공시는 협상개시 통보`(제9조)`와 연동하되, 국가안보상 필요 시 공시 시기를 조정할 수 있다.
XR-00402	6924	12861	12861	12	SRC-C12-L06922	REN-C15-A0020	제15장 제2절 제20조	`제11장(국가방위)`	[[05_원범위_보존_참조표#^scope-c11|제3장·제9장·제12장·제13장·제14장·제15장·제18장·제21장 중 국가방위·비상사태 대응규정]]	[[05_원범위_보존_참조표#^scope-c11|제3장·제9장·제12장·제13장·제14장·제15장·제18장·제21장 중 국가방위·비상사태 대응규정]]	치환	scope	REN-C03-A0001;REN-C03-A0002;REN-C03-A0003;REN-C09-A0021;REN-C12-A0021;REN-C12-A0033;REN-C13-A0001;REN-C13-A0002;REN-C13-A0003;REN-C13-A0004;REN-C13-A0005;REN-C13-A0006;REN-C13-A0007;REN-C13-A0008;REN-C13-A0009;REN-C13-A0010;REN-C13-A0011;REN-C13-A0012;REN-C13-A0013;REN-C13-A0014;REN-C13-A0015;REN-C13-A0017;REN-C13-A0018;REN-C13-A0019;REN-C13-A0020;REN-C13-A0021;REN-C13-A0022;REN-C13-A0024;REN-C13-A0025;REN-C13-A0026;REN-C13-A0027;REN-C14-A0001;REN-C14-A0002;REN-C14-A0003;REN-C14-A0004;REN-C14-A0006;REN-C14-A0007;REN-C14-A0008;REN-C14-A0010;REN-C14-A0011;REN-C14-A0013;REN-C14-A0014;REN-C14-A0020;REN-C14-A0021;REN-C14-A0022;REN-C14-A0023;REN-C14-A0024;REN-C14-A0028;REN-C14-A0039;REN-C14-A0040;REN-C14-A0041;REN-C14-A0042;REN-C14-A0043;REN-C15-A0064;REN-C15-A0072;REN-C18-A0028;REN-C18-A0029;REN-C18-A0056;REN-C21-A0010		c11	R3.0 구 위치–신 위치 대응	 / 	국가비상사태, 전시, 사변 등 `제11장(국가방위)`에 따른 비상상황에서, 연방 황제는 국익 보호를 위하여 한시적 외교 합의의 임시효력을 부여할 수 있다.
XR-00403	6933	12880	12880	12	SRC-C12-L06931	REN-C15-A0021	제15장 제2절 제21조	본 장	[[05_원범위_보존_참조표#^scope-c12|제14장·제15장·제21장 중 외교 대응규정]]	[[05_원범위_보존_참조표#^scope-c12|제14장·제15장·제21장 중 외교 대응규정]]	치환	scope	REN-C14-A0038;REN-C15-A0001;REN-C15-A0002;REN-C15-A0003;REN-C15-A0004;REN-C15-A0005;REN-C15-A0006;REN-C15-A0007;REN-C15-A0008;REN-C15-A0009;REN-C15-A0010;REN-C15-A0011;REN-C15-A0012;REN-C15-A0013;REN-C15-A0014;REN-C15-A0015;REN-C15-A0016;REN-C15-A0017;REN-C15-A0018;REN-C15-A0019;REN-C15-A0020;REN-C15-A0021;REN-C15-A0022;REN-C15-A0023;REN-C15-A0024;REN-C15-A0025;REN-C15-A0026;REN-C15-A0027;REN-C15-A0028;REN-C15-A0029;REN-C15-A0030;REN-C15-A0031;REN-C15-A0032;REN-C15-A0033;REN-C15-A0034;REN-C15-A0035;REN-C15-A0036;REN-C15-A0037;REN-C15-A0038;REN-C15-A0039;REN-C15-A0040;REN-C15-A0041;REN-C15-A0042;REN-C15-A0044;REN-C15-A0045;REN-C15-A0046;REN-C15-A0047;REN-C15-A0048;REN-C15-A0049;REN-C15-A0050;REN-C15-A0051;REN-C15-A0052;REN-C15-A0053;REN-C15-A0054;REN-C15-A0055;REN-C15-A0056;REN-C15-A0057;REN-C15-A0058;REN-C15-A0059;REN-C15-A0060;REN-C15-A0061;REN-C15-A0062;REN-C15-A0063;REN-C15-A0065;REN-C15-A0066;REN-C15-A0067;REN-C15-A0068;REN-C15-A0069;REN-C15-A0070;REN-C15-A0071;REN-C15-A0073;REN-C15-A0074;REN-C15-A0075;REN-C15-A0076;REN-C15-A0077;REN-C15-A0078;REN-C15-A0079;REN-C15-A0080;REN-C15-A0081;REN-C15-A0082;REN-C15-A0083;REN-C15-A0084;REN-C15-A0085;REN-C15-A0086;REN-C15-A0087;REN-C15-A0088;REN-C15-A0089;REN-C15-A0090;REN-C15-A0091;REN-C15-A0092;REN-C21-S10		c12	R3.0 구 위치–신 위치 대응	 / 	전자 문서 형식의 외교문서는 본 장의 요건을 충족하는 경우 원본과 동일한 효력을 가진다.
XR-00404	6970	12957	12957	12	SRC-C12-L06968	REN-C15-A0025	제15장 제2절 제25조	본 장	[[05_원범위_보존_참조표#^scope-c12|제14장·제15장·제21장 중 외교 대응규정]]	[[05_원범위_보존_참조표#^scope-c12|제14장·제15장·제21장 중 외교 대응규정]]	치환	scope	REN-C14-A0038;REN-C15-A0001;REN-C15-A0002;REN-C15-A0003;REN-C15-A0004;REN-C15-A0005;REN-C15-A0006;REN-C15-A0007;REN-C15-A0008;REN-C15-A0009;REN-C15-A0010;REN-C15-A0011;REN-C15-A0012;REN-C15-A0013;REN-C15-A0014;REN-C15-A0015;REN-C15-A0016;REN-C15-A0017;REN-C15-A0018;REN-C15-A0019;REN-C15-A0020;REN-C15-A0021;REN-C15-A0022;REN-C15-A0023;REN-C15-A0024;REN-C15-A0025;REN-C15-A0026;REN-C15-A0027;REN-C15-A0028;REN-C15-A0029;REN-C15-A0030;REN-C15-A0031;REN-C15-A0032;REN-C15-A0033;REN-C15-A0034;REN-C15-A0035;REN-C15-A0036;REN-C15-A0037;REN-C15-A0038;REN-C15-A0039;REN-C15-A0040;REN-C15-A0041;REN-C15-A0042;REN-C15-A0044;REN-C15-A0045;REN-C15-A0046;REN-C15-A0047;REN-C15-A0048;REN-C15-A0049;REN-C15-A0050;REN-C15-A0051;REN-C15-A0052;REN-C15-A0053;REN-C15-A0054;REN-C15-A0055;REN-C15-A0056;REN-C15-A0057;REN-C15-A0058;REN-C15-A0059;REN-C15-A0060;REN-C15-A0061;REN-C15-A0062;REN-C15-A0063;REN-C15-A0065;REN-C15-A0066;REN-C15-A0067;REN-C15-A0068;REN-C15-A0069;REN-C15-A0070;REN-C15-A0071;REN-C15-A0073;REN-C15-A0074;REN-C15-A0075;REN-C15-A0076;REN-C15-A0077;REN-C15-A0078;REN-C15-A0079;REN-C15-A0080;REN-C15-A0081;REN-C15-A0082;REN-C15-A0083;REN-C15-A0084;REN-C15-A0085;REN-C15-A0086;REN-C15-A0087;REN-C15-A0088;REN-C15-A0089;REN-C15-A0090;REN-C15-A0091;REN-C15-A0092;REN-C21-S10		c12	R3.0 구 위치–신 위치 대응	 / 	유보, 해석선언, 보호조항은 국제법과 본 장의 원칙에 합치되도록 한정한다.
XR-00405	7118	13227	13227	12	SRC-C12-L07116	REN-C15-A0039	제15장 제2절 제39조	본 장	[[05_원범위_보존_참조표#^scope-c12|제14장·제15장·제21장 중 외교 대응규정]]	[[05_원범위_보존_참조표#^scope-c12|제14장·제15장·제21장 중 외교 대응규정]]	치환	scope	REN-C14-A0038;REN-C15-A0001;REN-C15-A0002;REN-C15-A0003;REN-C15-A0004;REN-C15-A0005;REN-C15-A0006;REN-C15-A0007;REN-C15-A0008;REN-C15-A0009;REN-C15-A0010;REN-C15-A0011;REN-C15-A0012;REN-C15-A0013;REN-C15-A0014;REN-C15-A0015;REN-C15-A0016;REN-C15-A0017;REN-C15-A0018;REN-C15-A0019;REN-C15-A0020;REN-C15-A0021;REN-C15-A0022;REN-C15-A0023;REN-C15-A0024;REN-C15-A0025;REN-C15-A0026;REN-C15-A0027;REN-C15-A0028;REN-C15-A0029;REN-C15-A0030;REN-C15-A0031;REN-C15-A0032;REN-C15-A0033;REN-C15-A0034;REN-C15-A0035;REN-C15-A0036;REN-C15-A0037;REN-C15-A0038;REN-C15-A0039;REN-C15-A0040;REN-C15-A0041;REN-C15-A0042;REN-C15-A0044;REN-C15-A0045;REN-C15-A0046;REN-C15-A0047;REN-C15-A0048;REN-C15-A0049;REN-C15-A0050;REN-C15-A0051;REN-C15-A0052;REN-C15-A0053;REN-C15-A0054;REN-C15-A0055;REN-C15-A0056;REN-C15-A0057;REN-C15-A0058;REN-C15-A0059;REN-C15-A0060;REN-C15-A0061;REN-C15-A0062;REN-C15-A0063;REN-C15-A0065;REN-C15-A0066;REN-C15-A0067;REN-C15-A0068;REN-C15-A0069;REN-C15-A0070;REN-C15-A0071;REN-C15-A0073;REN-C15-A0074;REN-C15-A0075;REN-C15-A0076;REN-C15-A0077;REN-C15-A0078;REN-C15-A0079;REN-C15-A0080;REN-C15-A0081;REN-C15-A0082;REN-C15-A0083;REN-C15-A0084;REN-C15-A0085;REN-C15-A0086;REN-C15-A0087;REN-C15-A0088;REN-C15-A0089;REN-C15-A0090;REN-C15-A0091;REN-C15-A0092;REN-C21-S10		c12	R3.0 구 위치–신 위치 대응	 / 	조약의 종료, 탈퇴, 정지는 조약과 본 장의 규정에 따른다.
XR-00406	7162	13342	13342	12	SRC-C12-L07151	REN-C15-A0044	제15장 제3절 제44조	`제11장(국가방위)`	[[05_원범위_보존_참조표#^scope-c11|제3장·제9장·제12장·제13장·제14장·제15장·제18장·제21장 중 국가방위·비상사태 대응규정]]	[[05_원범위_보존_참조표#^scope-c11|제3장·제9장·제12장·제13장·제14장·제15장·제18장·제21장 중 국가방위·비상사태 대응규정]]	치환	scope	REN-C03-A0001;REN-C03-A0002;REN-C03-A0003;REN-C09-A0021;REN-C12-A0021;REN-C12-A0033;REN-C13-A0001;REN-C13-A0002;REN-C13-A0003;REN-C13-A0004;REN-C13-A0005;REN-C13-A0006;REN-C13-A0007;REN-C13-A0008;REN-C13-A0009;REN-C13-A0010;REN-C13-A0011;REN-C13-A0012;REN-C13-A0013;REN-C13-A0014;REN-C13-A0015;REN-C13-A0017;REN-C13-A0018;REN-C13-A0019;REN-C13-A0020;REN-C13-A0021;REN-C13-A0022;REN-C13-A0024;REN-C13-A0025;REN-C13-A0026;REN-C13-A0027;REN-C14-A0001;REN-C14-A0002;REN-C14-A0003;REN-C14-A0004;REN-C14-A0006;REN-C14-A0007;REN-C14-A0008;REN-C14-A0010;REN-C14-A0011;REN-C14-A0013;REN-C14-A0014;REN-C14-A0020;REN-C14-A0021;REN-C14-A0022;REN-C14-A0023;REN-C14-A0024;REN-C14-A0028;REN-C14-A0039;REN-C14-A0040;REN-C14-A0041;REN-C14-A0042;REN-C14-A0043;REN-C15-A0064;REN-C15-A0072;REN-C18-A0028;REN-C18-A0029;REN-C18-A0056;REN-C21-A0010		c11	R3.0 구 위치–신 위치 대응	 / 	교전규칙(ROE)의 수립, 변경, 운용에 관하여는 `제11장(국가방위)`에 따른 합헌·합치 사전검토 절차를 거친다.
XR-00407	7201	13421	13421	12	SRC-C12-L07196	REN-C15-A0048	제15장 제3절 제48조	본 장	[[05_원범위_보존_참조표#^scope-c12|제14장·제15장·제21장 중 외교 대응규정]]	[[05_원범위_보존_참조표#^scope-c12|제14장·제15장·제21장 중 외교 대응규정]]	치환	scope	REN-C14-A0038;REN-C15-A0001;REN-C15-A0002;REN-C15-A0003;REN-C15-A0004;REN-C15-A0005;REN-C15-A0006;REN-C15-A0007;REN-C15-A0008;REN-C15-A0009;REN-C15-A0010;REN-C15-A0011;REN-C15-A0012;REN-C15-A0013;REN-C15-A0014;REN-C15-A0015;REN-C15-A0016;REN-C15-A0017;REN-C15-A0018;REN-C15-A0019;REN-C15-A0020;REN-C15-A0021;REN-C15-A0022;REN-C15-A0023;REN-C15-A0024;REN-C15-A0025;REN-C15-A0026;REN-C15-A0027;REN-C15-A0028;REN-C15-A0029;REN-C15-A0030;REN-C15-A0031;REN-C15-A0032;REN-C15-A0033;REN-C15-A0034;REN-C15-A0035;REN-C15-A0036;REN-C15-A0037;REN-C15-A0038;REN-C15-A0039;REN-C15-A0040;REN-C15-A0041;REN-C15-A0042;REN-C15-A0044;REN-C15-A0045;REN-C15-A0046;REN-C15-A0047;REN-C15-A0048;REN-C15-A0049;REN-C15-A0050;REN-C15-A0051;REN-C15-A0052;REN-C15-A0053;REN-C15-A0054;REN-C15-A0055;REN-C15-A0056;REN-C15-A0057;REN-C15-A0058;REN-C15-A0059;REN-C15-A0060;REN-C15-A0061;REN-C15-A0062;REN-C15-A0063;REN-C15-A0065;REN-C15-A0066;REN-C15-A0067;REN-C15-A0068;REN-C15-A0069;REN-C15-A0070;REN-C15-A0071;REN-C15-A0073;REN-C15-A0074;REN-C15-A0075;REN-C15-A0076;REN-C15-A0077;REN-C15-A0078;REN-C15-A0079;REN-C15-A0080;REN-C15-A0081;REN-C15-A0082;REN-C15-A0083;REN-C15-A0084;REN-C15-A0085;REN-C15-A0086;REN-C15-A0087;REN-C15-A0088;REN-C15-A0089;REN-C15-A0090;REN-C15-A0091;REN-C15-A0092;REN-C21-S10		c12	R3.0 구 위치–신 위치 대응	 / 	구성, 권한, 절차, 보고서 공개 범위는 조약 및 본 장의 원칙에 부합하도록 정하며, 피해자 보호, 증거보전, 독립성 보장을 포함한다.
XR-00408	7260	13568	13568	12	SRC-C12-L07255	REN-C15-A0055	제15장 제4절 제55조	`제10조(국익영향평가)`	제15장 제13조(국익영향평가)	제15장 제13조(국익영향평가)	치환	article	REN-C15-A0013			R3.0 구 위치–신 위치 대응	 / 인용 뒤 설명 '국익영향평가'은 원 표제와 완전 일치하지 않음; 번호로 존재하는 대상만 대응	부속서 변경은 `제10조(국익영향평가)` 및 `제43조(안보심사)`절차를 준용한다.
XR-00409	7260	13568	13568	12	SRC-C12-L07255	REN-C15-A0055	제15장 제4절 제55조	`제43조(안보심사)`	제15장 제52조(안보심사)	제15장 제52조(안보심사)	치환	article	REN-C15-A0052			R3.0 구 위치–신 위치 대응	 / 인용 뒤 설명 '안보심사'은 원 표제와 완전 일치하지 않음; 번호로 존재하는 대상만 대응	부속서 변경은 `제10조(국익영향평가)` 및 `제43조(안보심사)`절차를 준용한다.
XR-00410	7418	13290	13290	12	SRC-C12-L07416	REN-C15-A0042	제15장 제2절 제42조	총강	[[05_원범위_보존_참조표#^scope-c00|총강·제17장 중 총강 대응규정]]	[[05_원범위_보존_참조표#^scope-c00|총강·제17장 중 총강 대응규정]]	치환	scope	REN-C00-A0001;REN-C00-A0002;REN-C00-A0003;REN-C00-A0004;REN-C00-A0005;REN-C00-A0006;REN-C00-A0007;REN-C00-A0008;REN-C00-A0009;REN-C00-A0010;REN-C00-A0011;REN-C00-A0012;REN-C00-A0013;REN-C00-A0014;REN-C00-A0015;REN-C00-A0016;REN-C00-A0017;REN-C00-A0018;REN-C00-A0019;REN-C00-A0020;REN-C00-A0021;REN-C00-A0022;REN-C17-A0025		c00	R3.0 구 위치–신 위치 대응	 / 	경계·관할의 설정·조정은 국제법과 헌법 총강의 원칙에 따른다.
XR-00411	7565	14225	14225	12	SRC-C12-L07560	REN-C15-A0089	제15장 제7절 제89조	전항	제15장 제89조 제1항	제15장 제89조 제1항	치환	subordinate	REN-C15-A0089	SRC-C12-L07560-N001--REN-C15-A0089		R3.0 구 위치–신 위치 대응	 / 	전항이 규정한 절차는 정보제공, 공청, 표결 등 합의형 절차를 병행할 수 있다.
XR-00412	7636	14309	14309	13	SRC-C13-L07627	REN-C16-A0001	제16장 제1절 제1조	본 장	[[05_원범위_보존_참조표#^scope-c13|제6장·제14장·제16장 중 선거 대응규정]]	[[05_원범위_보존_참조표#^scope-c13|제6장·제14장·제16장 중 선거 대응규정]]	치환	scope	REN-C06-A0009;REN-C06-A0010;REN-C06-A0011;REN-C06-A0027;REN-C14-A0031;REN-C16-A0001;REN-C16-A0002;REN-C16-A0003;REN-C16-A0004;REN-C16-A0005;REN-C16-A0006;REN-C16-A0007;REN-C16-A0008;REN-C16-A0009;REN-C16-A0010;REN-C16-A0011;REN-C16-A0012;REN-C16-A0013;REN-C16-A0014;REN-C16-A0015;REN-C16-A0016;REN-C16-A0017;REN-C16-A0018;REN-C16-A0019;REN-C16-A0020;REN-C16-A0021;REN-C16-A0022;REN-C16-A0023;REN-C16-A0024;REN-C16-A0025;REN-C16-A0026;REN-C16-A0027;REN-C16-A0028;REN-C16-A0029;REN-C16-A0030;REN-C16-A0031;REN-C16-A0032;REN-C16-A0033;REN-C16-A0034;REN-C16-A0035;REN-C16-A0036;REN-C16-A0037;REN-C16-A0038;REN-C16-A0039;REN-C16-A0040;REN-C16-A0041;REN-C16-A0042;REN-C16-A0043;REN-C16-A0044;REN-C16-A0045;REN-C16-A0046;REN-C16-A0047;REN-C16-A0048;REN-C16-A0049;REN-C16-A0050;REN-C16-A0051;REN-C16-A0052;REN-C16-A0053;REN-C16-A0054;REN-C16-A0055;REN-C16-A0056;REN-C16-A0057;REN-C16-A0058;REN-C16-A0059;REN-C16-A0060;REN-C16-A0061;REN-C16-A0062;REN-C16-A0063;REN-C16-A0064;REN-C16-A0065;REN-C16-A0066;REN-C16-A0067;REN-C16-A0068;REN-C16-A0069;REN-C16-A0070;REN-C16-A0071;REN-C16-A0072;REN-C16-A0073;REN-C16-A0074;REN-C16-A0075;REN-C16-A0076;REN-C16-A0077;REN-C16-A0078;REN-C16-A0079;REN-C16-A0080;REN-C16-A0081;REN-C16-A0082		c13	R3.0 구 위치–신 위치 대응	 / 	연방 선거감독청의 조직, 직제, 정원 및 구체적인 권한은 본 장과 제4장(행정), 제15장(정보), 제16장(감사)의 규정을 해치지 아니하는 범위에서 연방 법률·황제령 및 연방 선거감독청 명령·고시로 정한다.
XR-00413	7636	14309	14309	13	SRC-C13-L07627	REN-C16-A0001	제16장 제1절 제1조	제4장(행정)	[[05_원범위_보존_참조표#^scope-c04|제4장·제5장·제7장·제13장·제14장·제15장·제21장 중 행정 대응규정]]	[[05_원범위_보존_참조표#^scope-c04|제4장·제5장·제7장·제13장·제14장·제15장·제21장 중 행정 대응규정]]	치환	scope	REN-C04-A0006;REN-C04-A0007;REN-C04-A0010;REN-C05-A0001;REN-C05-A0002;REN-C05-A0003;REN-C05-A0004;REN-C05-A0005;REN-C05-A0006;REN-C05-A0007;REN-C05-A0008;REN-C05-A0009;REN-C05-A0010;REN-C05-A0011;REN-C05-A0012;REN-C05-A0013;REN-C05-A0014;REN-C05-A0015;REN-C05-A0016;REN-C05-A0017;REN-C05-A0018;REN-C05-A0019;REN-C05-A0020;REN-C05-A0021;REN-C05-A0022;REN-C05-A0023;REN-C05-A0024;REN-C05-A0025;REN-C05-A0026;REN-C05-A0027;REN-C05-A0028;REN-C05-A0029;REN-C05-A0030;REN-C05-A0031;REN-C05-A0032;REN-C05-A0033;REN-C05-A0034;REN-C05-A0035;REN-C05-A0036;REN-C05-A0037;REN-C05-A0038;REN-C05-A0039;REN-C05-A0040;REN-C05-A0041;REN-C05-A0042;REN-C05-A0043;REN-C07-A0059;REN-C13-A0016;REN-C14-A0017;REN-C14-A0036;REN-C15-A0043;REN-C21-S07;REN-C21-A0006		c04	R3.0 구 위치–신 위치 대응	 / 	연방 선거감독청의 조직, 직제, 정원 및 구체적인 권한은 본 장과 제4장(행정), 제15장(정보), 제16장(감사)의 규정을 해치지 아니하는 범위에서 연방 법률·황제령 및 연방 선거감독청 명령·고시로 정한다.
XR-00414	7636	14309	14309	13	SRC-C13-L07627	REN-C16-A0001	제16장 제1절 제1조	제15장(정보)	[[05_원범위_보존_참조표#^scope-c15|제2장·제18장·제21장 중 정보 대응규정]]	[[05_원범위_보존_참조표#^scope-c15|제2장·제18장·제21장 중 정보 대응규정]]	치환	scope	REN-C02-A0028;REN-C18-A0001;REN-C18-A0002;REN-C18-A0003;REN-C18-A0004;REN-C18-A0005;REN-C18-A0006;REN-C18-A0007;REN-C18-A0008;REN-C18-A0009;REN-C18-A0010;REN-C18-A0011;REN-C18-A0012;REN-C18-A0013;REN-C18-A0014;REN-C18-A0015;REN-C18-A0016;REN-C18-A0017;REN-C18-A0018;REN-C18-A0019;REN-C18-A0020;REN-C18-A0021;REN-C18-A0022;REN-C18-A0023;REN-C18-A0024;REN-C18-A0025;REN-C18-A0026;REN-C18-A0027;REN-C18-A0030;REN-C18-A0031;REN-C18-A0032;REN-C18-A0033;REN-C18-A0034;REN-C18-A0035;REN-C18-A0036;REN-C18-A0037;REN-C18-A0038;REN-C18-A0039;REN-C18-A0040;REN-C18-A0041;REN-C18-A0042;REN-C18-A0043;REN-C18-A0044;REN-C18-A0045;REN-C18-A0046;REN-C18-A0047;REN-C18-A0048;REN-C18-A0049;REN-C18-A0050;REN-C18-A0051;REN-C18-A0052;REN-C18-A0053;REN-C18-A0054;REN-C18-A0055;REN-C21-A0002		c15	R3.0 구 위치–신 위치 대응	 / 	연방 선거감독청의 조직, 직제, 정원 및 구체적인 권한은 본 장과 제4장(행정), 제15장(정보), 제16장(감사)의 규정을 해치지 아니하는 범위에서 연방 법률·황제령 및 연방 선거감독청 명령·고시로 정한다.
XR-00415	7636	14309	14309	13	SRC-C13-L07627	REN-C16-A0001	제16장 제1절 제1조	제16장(감사)	[[05_원범위_보존_참조표#^scope-c16|제14장·제19장·제21장 중 감사 대응규정]]	[[05_원범위_보존_참조표#^scope-c16|제14장·제19장·제21장 중 감사 대응규정]]	치환	scope	REN-C14-A0032;REN-C19-A0001;REN-C19-A0002;REN-C19-A0004;REN-C19-A0005;REN-C19-A0006;REN-C19-A0007;REN-C19-A0008;REN-C19-A0009;REN-C19-A0010;REN-C19-A0011;REN-C19-A0012;REN-C19-A0013;REN-C19-A0014;REN-C19-A0015;REN-C19-A0016;REN-C19-A0017;REN-C19-A0018;REN-C19-A0019;REN-C19-A0020;REN-C19-A0021;REN-C19-A0022;REN-C19-A0023;REN-C19-A0024;REN-C19-A0025;REN-C19-A0026;REN-C19-A0027;REN-C19-A0028;REN-C19-A0029;REN-C19-A0030;REN-C19-A0031;REN-C19-A0032;REN-C19-A0033;REN-C19-A0034;REN-C21-A0003;REN-C21-A0005		c16	R3.0 구 위치–신 위치 대응	 / 	연방 선거감독청의 조직, 직제, 정원 및 구체적인 권한은 본 장과 제4장(행정), 제15장(정보), 제16장(감사)의 규정을 해치지 아니하는 범위에서 연방 법률·황제령 및 연방 선거감독청 명령·고시로 정한다.
XR-00416	7646	14329	14329	13	SRC-C13-L07643	REN-C16-A0002	제16장 제1절 제2조	각 호	각 호	각 호	일반표현 유지	unchanged-generic				번호 없는 일반 열거표현 유지	 / 	연방 선거감독청은 다음 각 호의 권한을 가진다.
XR-00417	7655	14338	14338	13	SRC-C13-L07643	REN-C16-A0002	제16장 제1절 제2조	전항	제16장 제2조 제1항	제16장 제2조 제1항	치환	subordinate	REN-C16-A0002	SRC-C13-L07643-N001--REN-C16-A0002		R3.0 구 위치–신 위치 대응	 / 	연방 선거감독청은 전항 각 호의 권한을 행사함에 있어 제15장(정보)에서 정한 정보 보호·공개 원칙과 제16장(감사)에서 정한 감사·감독 체계를 존중하여야 하며, 동일한 사안에 관하여 중복·모순되는 명령이나 조치를 발하여서는 아니 된다.
XR-00418	7655	14338	14338	13	SRC-C13-L07643	REN-C16-A0002	제16장 제1절 제2조	각 호	각 호	각 호	일반표현 유지	unchanged-generic				번호 없는 일반 열거표현 유지	 / 	연방 선거감독청은 전항 각 호의 권한을 행사함에 있어 제15장(정보)에서 정한 정보 보호·공개 원칙과 제16장(감사)에서 정한 감사·감독 체계를 존중하여야 하며, 동일한 사안에 관하여 중복·모순되는 명령이나 조치를 발하여서는 아니 된다.
XR-00419	7655	14338	14338	13	SRC-C13-L07643	REN-C16-A0002	제16장 제1절 제2조	제15장(정보)	[[05_원범위_보존_참조표#^scope-c15|제2장·제18장·제21장 중 정보 대응규정]]	[[05_원범위_보존_참조표#^scope-c15|제2장·제18장·제21장 중 정보 대응규정]]	치환	scope	REN-C02-A0028;REN-C18-A0001;REN-C18-A0002;REN-C18-A0003;REN-C18-A0004;REN-C18-A0005;REN-C18-A0006;REN-C18-A0007;REN-C18-A0008;REN-C18-A0009;REN-C18-A0010;REN-C18-A0011;REN-C18-A0012;REN-C18-A0013;REN-C18-A0014;REN-C18-A0015;REN-C18-A0016;REN-C18-A0017;REN-C18-A0018;REN-C18-A0019;REN-C18-A0020;REN-C18-A0021;REN-C18-A0022;REN-C18-A0023;REN-C18-A0024;REN-C18-A0025;REN-C18-A0026;REN-C18-A0027;REN-C18-A0030;REN-C18-A0031;REN-C18-A0032;REN-C18-A0033;REN-C18-A0034;REN-C18-A0035;REN-C18-A0036;REN-C18-A0037;REN-C18-A0038;REN-C18-A0039;REN-C18-A0040;REN-C18-A0041;REN-C18-A0042;REN-C18-A0043;REN-C18-A0044;REN-C18-A0045;REN-C18-A0046;REN-C18-A0047;REN-C18-A0048;REN-C18-A0049;REN-C18-A0050;REN-C18-A0051;REN-C18-A0052;REN-C18-A0053;REN-C18-A0054;REN-C18-A0055;REN-C21-A0002		c15	R3.0 구 위치–신 위치 대응	 / 	연방 선거감독청은 전항 각 호의 권한을 행사함에 있어 제15장(정보)에서 정한 정보 보호·공개 원칙과 제16장(감사)에서 정한 감사·감독 체계를 존중하여야 하며, 동일한 사안에 관하여 중복·모순되는 명령이나 조치를 발하여서는 아니 된다.
XR-00420	7655	14338	14338	13	SRC-C13-L07643	REN-C16-A0002	제16장 제1절 제2조	제16장(감사)	[[05_원범위_보존_참조표#^scope-c16|제14장·제19장·제21장 중 감사 대응규정]]	[[05_원범위_보존_참조표#^scope-c16|제14장·제19장·제21장 중 감사 대응규정]]	치환	scope	REN-C14-A0032;REN-C19-A0001;REN-C19-A0002;REN-C19-A0004;REN-C19-A0005;REN-C19-A0006;REN-C19-A0007;REN-C19-A0008;REN-C19-A0009;REN-C19-A0010;REN-C19-A0011;REN-C19-A0012;REN-C19-A0013;REN-C19-A0014;REN-C19-A0015;REN-C19-A0016;REN-C19-A0017;REN-C19-A0018;REN-C19-A0019;REN-C19-A0020;REN-C19-A0021;REN-C19-A0022;REN-C19-A0023;REN-C19-A0024;REN-C19-A0025;REN-C19-A0026;REN-C19-A0027;REN-C19-A0028;REN-C19-A0029;REN-C19-A0030;REN-C19-A0031;REN-C19-A0032;REN-C19-A0033;REN-C19-A0034;REN-C21-A0003;REN-C21-A0005		c16	R3.0 구 위치–신 위치 대응	 / 	연방 선거감독청은 전항 각 호의 권한을 행사함에 있어 제15장(정보)에서 정한 정보 보호·공개 원칙과 제16장(감사)에서 정한 감사·감독 체계를 존중하여야 하며, 동일한 사안에 관하여 중복·모순되는 명령이나 조치를 발하여서는 아니 된다.
XR-00421	7658	14341	14341	13	SRC-C13-L07643	REN-C16-A0002	제16장 제1절 제2조	제4장(행정)	[[05_원범위_보존_참조표#^scope-c04|제4장·제5장·제7장·제13장·제14장·제15장·제21장 중 행정 대응규정]]	[[05_원범위_보존_참조표#^scope-c04|제4장·제5장·제7장·제13장·제14장·제15장·제21장 중 행정 대응규정]]	치환	scope	REN-C04-A0006;REN-C04-A0007;REN-C04-A0010;REN-C05-A0001;REN-C05-A0002;REN-C05-A0003;REN-C05-A0004;REN-C05-A0005;REN-C05-A0006;REN-C05-A0007;REN-C05-A0008;REN-C05-A0009;REN-C05-A0010;REN-C05-A0011;REN-C05-A0012;REN-C05-A0013;REN-C05-A0014;REN-C05-A0015;REN-C05-A0016;REN-C05-A0017;REN-C05-A0018;REN-C05-A0019;REN-C05-A0020;REN-C05-A0021;REN-C05-A0022;REN-C05-A0023;REN-C05-A0024;REN-C05-A0025;REN-C05-A0026;REN-C05-A0027;REN-C05-A0028;REN-C05-A0029;REN-C05-A0030;REN-C05-A0031;REN-C05-A0032;REN-C05-A0033;REN-C05-A0034;REN-C05-A0035;REN-C05-A0036;REN-C05-A0037;REN-C05-A0038;REN-C05-A0039;REN-C05-A0040;REN-C05-A0041;REN-C05-A0042;REN-C05-A0043;REN-C07-A0059;REN-C13-A0016;REN-C14-A0017;REN-C14-A0036;REN-C15-A0043;REN-C21-S07;REN-C21-A0006		c04	R3.0 구 위치–신 위치 대응	 / 	연방 선거감독청은 선거와 직접 관련이 없는 일반 행정·사법·정보·감사 사무에 관하여 독자적인 조사를 실시하거나 지침을 발할 수 없으며, 그러한 사무는 제4장(행정), 제6장(사법), 제15장(정보), 제16장(감사)의 규정에 따른다.
XR-00422	7658	14341	14341	13	SRC-C13-L07643	REN-C16-A0002	제16장 제1절 제2조	제6장(사법)	[[05_원범위_보존_참조표#^scope-c06|제7장·제13장·제14장·제17장·제21장 중 사법 대응규정]]	[[05_원범위_보존_참조표#^scope-c06|제7장·제13장·제14장·제17장·제21장 중 사법 대응규정]]	치환	scope	REN-C07-A0001;REN-C07-A0002;REN-C07-A0003;REN-C07-A0004;REN-C07-A0005;REN-C07-A0006;REN-C07-A0007;REN-C07-A0008;REN-C07-A0009;REN-C07-A0010;REN-C07-A0011;REN-C07-A0012;REN-C07-A0013;REN-C07-A0014;REN-C07-A0015;REN-C07-A0016;REN-C07-A0017;REN-C07-A0018;REN-C07-A0019;REN-C07-A0020;REN-C07-A0021;REN-C07-A0022;REN-C07-A0023;REN-C07-A0024;REN-C07-A0025;REN-C07-A0026;REN-C07-A0027;REN-C07-A0028;REN-C07-A0029;REN-C07-A0030;REN-C07-A0031;REN-C07-A0032;REN-C07-A0033;REN-C07-A0034;REN-C07-A0035;REN-C07-A0036;REN-C07-A0037;REN-C07-A0038;REN-C07-A0039;REN-C07-A0040;REN-C07-A0041;REN-C07-A0042;REN-C07-A0043;REN-C07-A0044;REN-C07-A0045;REN-C07-A0046;REN-C07-A0047;REN-C07-A0048;REN-C07-A0049;REN-C07-A0050;REN-C07-A0051;REN-C07-A0052;REN-C07-A0053;REN-C07-A0054;REN-C07-A0055;REN-C07-A0056;REN-C07-A0057;REN-C07-A0058;REN-C13-A0023;REN-C14-A0019;REN-C17-A0006;REN-C17-A0007;REN-C21-S01		c06	R3.0 구 위치–신 위치 대응	 / 	연방 선거감독청은 선거와 직접 관련이 없는 일반 행정·사법·정보·감사 사무에 관하여 독자적인 조사를 실시하거나 지침을 발할 수 없으며, 그러한 사무는 제4장(행정), 제6장(사법), 제15장(정보), 제16장(감사)의 규정에 따른다.
XR-00423	7658	14341	14341	13	SRC-C13-L07643	REN-C16-A0002	제16장 제1절 제2조	제15장(정보)	[[05_원범위_보존_참조표#^scope-c15|제2장·제18장·제21장 중 정보 대응규정]]	[[05_원범위_보존_참조표#^scope-c15|제2장·제18장·제21장 중 정보 대응규정]]	치환	scope	REN-C02-A0028;REN-C18-A0001;REN-C18-A0002;REN-C18-A0003;REN-C18-A0004;REN-C18-A0005;REN-C18-A0006;REN-C18-A0007;REN-C18-A0008;REN-C18-A0009;REN-C18-A0010;REN-C18-A0011;REN-C18-A0012;REN-C18-A0013;REN-C18-A0014;REN-C18-A0015;REN-C18-A0016;REN-C18-A0017;REN-C18-A0018;REN-C18-A0019;REN-C18-A0020;REN-C18-A0021;REN-C18-A0022;REN-C18-A0023;REN-C18-A0024;REN-C18-A0025;REN-C18-A0026;REN-C18-A0027;REN-C18-A0030;REN-C18-A0031;REN-C18-A0032;REN-C18-A0033;REN-C18-A0034;REN-C18-A0035;REN-C18-A0036;REN-C18-A0037;REN-C18-A0038;REN-C18-A0039;REN-C18-A0040;REN-C18-A0041;REN-C18-A0042;REN-C18-A0043;REN-C18-A0044;REN-C18-A0045;REN-C18-A0046;REN-C18-A0047;REN-C18-A0048;REN-C18-A0049;REN-C18-A0050;REN-C18-A0051;REN-C18-A0052;REN-C18-A0053;REN-C18-A0054;REN-C18-A0055;REN-C21-A0002		c15	R3.0 구 위치–신 위치 대응	 / 	연방 선거감독청은 선거와 직접 관련이 없는 일반 행정·사법·정보·감사 사무에 관하여 독자적인 조사를 실시하거나 지침을 발할 수 없으며, 그러한 사무는 제4장(행정), 제6장(사법), 제15장(정보), 제16장(감사)의 규정에 따른다.
XR-00424	7658	14341	14341	13	SRC-C13-L07643	REN-C16-A0002	제16장 제1절 제2조	제16장(감사)	[[05_원범위_보존_참조표#^scope-c16|제14장·제19장·제21장 중 감사 대응규정]]	[[05_원범위_보존_참조표#^scope-c16|제14장·제19장·제21장 중 감사 대응규정]]	치환	scope	REN-C14-A0032;REN-C19-A0001;REN-C19-A0002;REN-C19-A0004;REN-C19-A0005;REN-C19-A0006;REN-C19-A0007;REN-C19-A0008;REN-C19-A0009;REN-C19-A0010;REN-C19-A0011;REN-C19-A0012;REN-C19-A0013;REN-C19-A0014;REN-C19-A0015;REN-C19-A0016;REN-C19-A0017;REN-C19-A0018;REN-C19-A0019;REN-C19-A0020;REN-C19-A0021;REN-C19-A0022;REN-C19-A0023;REN-C19-A0024;REN-C19-A0025;REN-C19-A0026;REN-C19-A0027;REN-C19-A0028;REN-C19-A0029;REN-C19-A0030;REN-C19-A0031;REN-C19-A0032;REN-C19-A0033;REN-C19-A0034;REN-C21-A0003;REN-C21-A0005		c16	R3.0 구 위치–신 위치 대응	 / 	연방 선거감독청은 선거와 직접 관련이 없는 일반 행정·사법·정보·감사 사무에 관하여 독자적인 조사를 실시하거나 지침을 발할 수 없으며, 그러한 사무는 제4장(행정), 제6장(사법), 제15장(정보), 제16장(감사)의 규정에 따른다.
XR-00425	7661	14344	14344	13	SRC-C13-L07643	REN-C16-A0002	제16장 제1절 제2조	제20조의5	제16장 제78조	제16장 제78조	치환	article	REN-C16-A0078			R3.0 구 위치–신 위치 대응	 / 	법령 위반·부정행위에 대하여 조사·시정명령·과징·영업정지·고발 등 제재를 부과할 수 있다. 인위적 범죄 정황시 선거사안 최우선 3-3 사법 배당 절차로 최우선 배당을 요구한다`(제20조의5 참조)`.
XR-00426	7670	14363	14363	13	SRC-C13-L07665	REN-C16-A0003	제16장 제1절 제3조	제49조	제16장 제47조	제16장 제47조	치환	article	REN-C16-A0047			R3.0 구 위치–신 위치 대응	 / 	> 1. 선거구획정위원회: 선거구 경계·의석 배분 기준의 설정·조정, 인구변동 반영`(제49조·제51조 참조)`.
XR-00427	7670	14363	14363	13	SRC-C13-L07665	REN-C16-A0003	제16장 제1절 제3조	제51조	제16장 제49조	제16장 제49조	치환	article	REN-C16-A0049			R3.0 구 위치–신 위치 대응	 / 	> 1. 선거구획정위원회: 선거구 경계·의석 배분 기준의 설정·조정, 인구변동 반영`(제49조·제51조 참조)`.
XR-00428	7671	14364	14364	13	SRC-C13-L07665	REN-C16-A0003	제16장 제1절 제3조	제3조 제1항 제2호	제16장 제3조 제1항의 직제 목록 제2번 항목	제16장 제3조 제1항의 직제 목록 제2번 항목	치환	subordinate	REN-C16-A0003	SRC-C13-L07665-N001--REN-C16-A0003		원문 인용블록 목록과 R3.0 부모항의 직접 대응	 / 원문 L7671의 인용블록 숫자목록을 직접 확인. R3.0에는 독립 호 노드가 없으므로 제1항의 보존된 직제 목록 항목으로 연결; 법정 호 신설 없음	> 2. 후보자등록위원회: 후보 자격심사·서류 검증·결격사유 판단·등록 공고`(제3조 제1항 제2호, 제13조·제13조의2, 제4절 참조)`.
XR-00429	7671	14364	14364	13	SRC-C13-L07665	REN-C16-A0003	제16장 제1절 제3조	제13조	제16장 제11조	제16장 제11조	치환	article	REN-C16-A0011			R3.0 구 위치–신 위치 대응	 / 	> 2. 후보자등록위원회: 후보 자격심사·서류 검증·결격사유 판단·등록 공고`(제3조 제1항 제2호, 제13조·제13조의2, 제4절 참조)`.
XR-00430	7671	14364	14364	13	SRC-C13-L07665	REN-C16-A0003	제16장 제1절 제3조	제13조의2		〔구 인용: 제13조의2 · 대상 확인 필요〕[^r4-xr-00430]	확인 필요·치환 보류	number				원문 인용대상 확인 보류	구 제13장에 없는 가지조문. 후보등록 관련 복수 조문 중 어느 조문인지 확정 불가 / 	> 2. 후보자등록위원회: 후보 자격심사·서류 검증·결격사유 판단·등록 공고`(제3조 제1항 제2호, 제13조·제13조의2, 제4절 참조)`.
XR-00431	7671	14364	14364	13	SRC-C13-L07665	REN-C16-A0003	제16장 제1절 제3조	제4절	[[05_원범위_보존_참조표#^scope-c13-s83705eb2|제16장 중 위임·고시·검증 대응규정]]	[[05_원범위_보존_참조표#^scope-c13-s83705eb2|제16장 중 위임·고시·검증 대응규정]]	치환	scope	REN-C16-A0030;REN-C16-A0031;REN-C16-A0032		c13-s83705eb2	R3.0 구 위치–신 위치 대응	 / 	> 2. 후보자등록위원회: 후보 자격심사·서류 검증·결격사유 판단·등록 공고`(제3조 제1항 제2호, 제13조·제13조의2, 제4절 참조)`.
XR-00432	7699	14400	14400	13	SRC-C13-L07691	REN-C16-A0004	제16장 제1절 제4조	`제9조`	제16장 제21조	제16장 제21조	치환	article	REN-C16-A0021			R3.0 구 위치–신 위치 대응	 / 	조달·입찰·벤더 평가·장비 검증·교정·시험 성적서 요지 및 보안평가 요약을 공개한다. BO`(실소유자)` 식별 및 이해충돌 통제는 `제9조`와 연계한다.
XR-00433	7702	14403	14403	13	SRC-C13-L07691	REN-C16-A0004	제16장 제1절 제4조	제20조의5	제16장 제78조	제16장 제78조	치환	article	REN-C16-A0078			R3.0 구 위치–신 위치 대응	 / 	FEW 백서, RLA 시행 보고, 무효·중단 통계`(제20조의5)`, COC`(인계·인수 연계기록)` 집계를 QF-SEC 형식으로 공개한다. 로그·COC·RLA 기록의 최소 보존기간은 10년으로 하며, 이 기간은 연방 법률·황제령에 의거하여 연장할 수 있다.
XR-00434	7705	14406	14406	13	SRC-C13-L07691	REN-C16-A0004	제16장 제1절 제4조	`제25조`	제16장 제31조	제16장 제31조	치환	article	REN-C16-A0031			R3.0 구 위치–신 위치 대응	 / 	개인정보·기밀은 최소공개한도·비식별화 원칙을 적용한다. 열람·처리 절차는 `제25조`에 따른다.
XR-00435	7741	14472	14472	13	SRC-C13-L07733	REN-C16-A0007	제16장 제1절 제7조	제2항	제16장 제7조 제2항	제16장 제7조 제2항	치환	subordinate	REN-C16-A0007	SRC-C13-L07733-N002--REN-C16-A0007		R3.0 구 위치–신 위치 대응	 / 	연방 황제는 제2항의 후보자 중 1인을 선발·임명한다. 임명과 동시에 청장은 직무를 개시할 수 있다.
XR-00436	7747	14478	14478	13	SRC-C13-L07733	REN-C16-A0007	제16장 제1절 제7조	제7항	제16장 제7조 제7항	제16장 제7조 제7항	치환	subordinate	REN-C16-A0007	SRC-C13-L07733-N007--REN-C16-A0007		R3.0 구 위치–신 위치 대응	 / 	불신임이 확정된 때에는 청장의 직은 연방선거주간의 종료와 동시에 상실한다. 제7항에 따라 부청장이 권한을 대행한다.
XR-00437	7753	14484	14484	13	SRC-C13-L07733	REN-C16-A0007	제16장 제1절 제7조	제2항부터 제4항까지	제16장 제7조 제2항 및 제16장 제7조 제3항 및 제16장 제7조 제4항	제16장 제7조 제2항 및 제16장 제7조 제3항 및 제16장 제7조 제4항	치환	subordinate	REN-C16-A0007	SRC-C13-L07733-N002--REN-C16-A0007;SRC-C13-L07733-N003--REN-C16-A0007;SRC-C13-L07733-N004--REN-C16-A0007		R3.0 구 위치–신 위치 대응	 / 	연방 선거감독청장이 사망·사임·불신임 확정·무효 확정 및 기타 사유로 궐위가 된 때에는, 청장이 임명한 부청장이 즉시 권한을 대행한다. 다음 연방선거주간에 제2항부터 제4항까지의 동일 절차에 따라 후임을 선정하되, 남은 임기만을 수행한다.
XR-00438	7756	14487	14487	13	SRC-C13-L07733	REN-C16-A0007	제16장 제1절 제7조	제6조		〔구 인용: 제6조 · 대상 확인 필요〕[^r4-xr-00438]	확인 필요·치환 보류	number				원문 인용대상 확인 보류	규정심의위원회와 연결했으나 구 제13장 제6조는 예산·회계·감사·보고에 관한 규정임 / 참조번호가 존재하는 것과 인용 취지가 일치하는 것은 별개이므로 원문 인용을 명시적으로 보류	연방 선거감독청장은 부청장 1인을 임명할 수 있다. 부청장은 제6조의 규정에 따라 규정심의위원회 의결을 거쳐 보할 수 있다. 부청장은 연방 선거감독청장의 지휘를 받아 직무를 보좌한다.
XR-00439	7759	14490	14490	13	SRC-C13-L07733	REN-C16-A0007	제16장 제1절 제7조	제11조	제16장 제9조	제16장 제9조	치환	article	REN-C16-A0009			R3.0 구 위치–신 위치 대응	 / 	연방 선거감독청장과 부청장은 정당의 당직을 겸하거나 선거운동에 관여할 수 없다(제11조 참조).
XR-00440	7765	14496	14496	13	SRC-C13-L07733	REN-C16-A0007	제16장 제1절 제7조	제33조	제16장 제36조	제16장 제36조	치환	article	REN-C16-A0036			R3.0 구 위치–신 위치 대응	 / 	표식 중복·식별 불능·임프린트 훼손·규정 외 기재 등은 무효로 한다. 무효 판단 기준·사례집은 제33조에 따른다.
XR-00441	7768	14499	14499	13	SRC-C13-L07733	REN-C16-A0007	제16장 제1절 제7조	각 호	각 호	각 호	일반표현 유지	unchanged-generic				번호 없는 일반 열거표현 유지	 / 	연방 선거감독청장의 권한대행은 다음 각 호의 핵심 행위를 할 수 없다. 다만 JICC가 긴급 필요로 인정하고 규정심의위원회가 재적 2/3 이상의 찬성을 얻은 경우에는 예외로 한다.
XR-00442	7790	14531	14531	13	SRC-C13-L07779	REN-C16-A0008	제16장 제1절 제8조	제25조(기술·규격 고시)	제16장 제31조(기술·규격 고시)	제16장 제31조(기술·규격 고시)	치환	article	REN-C16-A0031			R3.0 구 위치–신 위치 대응	 / 	제정·개정·해석은 제25조(기술·규격 고시)에 따른 의견수렴·고시 절차를 따른다. 긴급 시 임시고시(최대 72시간)를 할 수 있으며, 소급 불이익 금지(제25조 제5항)를 준수한다.
XR-00443	7790	14531	14531	13	SRC-C13-L07779	REN-C16-A0008	제16장 제1절 제8조	제25조 제5항	제16장 제31조 제5항	제16장 제31조 제5항	치환	subordinate	REN-C16-A0031	SRC-C13-L08205-N005--REN-C16-A0031		R3.0 구 위치–신 위치 대응	 / 	제정·개정·해석은 제25조(기술·규격 고시)에 따른 의견수렴·고시 절차를 따른다. 긴급 시 임시고시(최대 72시간)를 할 수 있으며, 소급 불이익 금지(제25조 제5항)를 준수한다.
XR-00444	7808	14887	14887	13	SRC-C13-L07803	REN-C16-A0021	제16장 제3절 제21조	전항	제16장 제21조 제1항	제16장 제21조 제1항	치환	subordinate	REN-C16-A0021	SRC-C13-L07803-N001--REN-C16-A0021		R3.0 구 위치–신 위치 대응	 / 	전항의 요건을 위배한 경우, 계약 해지·입찰 배제·과징 부과 및 형사 고발 등의 제재를 병과할 수 있다. 구체 기준과 절차는 연방 법률·황제령으로 정한다.
XR-00445	7817	14906	14906	13	SRC-C13-L07812	REN-C16-A0022	제16장 제3절 제22조	제26조	제16장 제32조	제16장 제32조	치환	article	REN-C16-A0032			R3.0 구 위치–신 위치 대응	 / 	에스크로 코드는 연방 선거감독청·감사원·헌법원 및 연방 법원 영장·명령에 따른 경웨 한하여 지정된 보안 시설에서 열람하게 한다. 영업비밀 보호를 전제로 하되, 공개검증성 원칙(제26조)을 해치지 아니하여야 한다.
XR-00446	7820	14909	14909	13	SRC-C13-L07812	REN-C16-A0022	제16장 제3절 제22조	제25조(기술·규격 고시)	제16장 제31조(기술·규격 고시)	제16장 제31조(기술·규격 고시)	치환	article	REN-C16-A0031			R3.0 구 위치–신 위치 대응	 / 	빌드·해시·서명 규칙 및 공개 범위·열람 절차는 제25조(기술·규격 고시)에 따라 연방 선거감독청 고시로 정한다.
XR-00447	7852	14602	14602	13	SRC-C13-L07850	REN-C16-A0011	제16장 제2절 제11조	본 장	[[05_원범위_보존_참조표#^scope-c13|제6장·제14장·제16장 중 선거 대응규정]]	[[05_원범위_보존_참조표#^scope-c13|제6장·제14장·제16장 중 선거 대응규정]]	치환	scope	REN-C06-A0009;REN-C06-A0010;REN-C06-A0011;REN-C06-A0027;REN-C14-A0031;REN-C16-A0001;REN-C16-A0002;REN-C16-A0003;REN-C16-A0004;REN-C16-A0005;REN-C16-A0006;REN-C16-A0007;REN-C16-A0008;REN-C16-A0009;REN-C16-A0010;REN-C16-A0011;REN-C16-A0012;REN-C16-A0013;REN-C16-A0014;REN-C16-A0015;REN-C16-A0016;REN-C16-A0017;REN-C16-A0018;REN-C16-A0019;REN-C16-A0020;REN-C16-A0021;REN-C16-A0022;REN-C16-A0023;REN-C16-A0024;REN-C16-A0025;REN-C16-A0026;REN-C16-A0027;REN-C16-A0028;REN-C16-A0029;REN-C16-A0030;REN-C16-A0031;REN-C16-A0032;REN-C16-A0033;REN-C16-A0034;REN-C16-A0035;REN-C16-A0036;REN-C16-A0037;REN-C16-A0038;REN-C16-A0039;REN-C16-A0040;REN-C16-A0041;REN-C16-A0042;REN-C16-A0043;REN-C16-A0044;REN-C16-A0045;REN-C16-A0046;REN-C16-A0047;REN-C16-A0048;REN-C16-A0049;REN-C16-A0050;REN-C16-A0051;REN-C16-A0052;REN-C16-A0053;REN-C16-A0054;REN-C16-A0055;REN-C16-A0056;REN-C16-A0057;REN-C16-A0058;REN-C16-A0059;REN-C16-A0060;REN-C16-A0061;REN-C16-A0062;REN-C16-A0063;REN-C16-A0064;REN-C16-A0065;REN-C16-A0066;REN-C16-A0067;REN-C16-A0068;REN-C16-A0069;REN-C16-A0070;REN-C16-A0071;REN-C16-A0072;REN-C16-A0073;REN-C16-A0074;REN-C16-A0075;REN-C16-A0076;REN-C16-A0077;REN-C16-A0078;REN-C16-A0079;REN-C16-A0080;REN-C16-A0081;REN-C16-A0082		c13	R3.0 구 위치–신 위치 대응	 / 	본 장에 따른 모든 선거는 보통·평등·직접·비밀·자유의 원칙을 따른다. 선거의 준비·집행·검증의 투명성·검증가능성·책임성의 원칙에 따른다.
XR-00448	7855	14605	14605	13	SRC-C13-L07850	REN-C16-A0011	제16장 제2절 제11조	제20조의2	제16장 제24조	제16장 제24조	치환	article	REN-C16-A0024			R3.0 구 위치–신 위치 대응	 / 	연방 내 선거의 목록·주기·실시기관을 전자관보에 공표한다. 연방선거주간(FEW) 일정표는 제20조의2·제20조의3에 따른다.
XR-00449	7855	14605	14605	13	SRC-C13-L07850	REN-C16-A0011	제16장 제2절 제11조	제20조의3	제16장 제25조	제16장 제25조	치환	article	REN-C16-A0025			R3.0 구 위치–신 위치 대응	 / 	연방 내 선거의 목록·주기·실시기관을 전자관보에 공표한다. 연방선거주간(FEW) 일정표는 제20조의2·제20조의3에 따른다.
XR-00450	7900	14680	14680	13	SRC-C13-L07886	REN-C16-A0014	제16장 제2절 제14조	제1장`(권리장전)`	[[05_원범위_보존_참조표#^scope-c01|제1장·제2장·제3장 중 권리장전 대응규정]]	[[05_원범위_보존_참조표#^scope-c01|제1장·제2장·제3장 중 권리장전 대응규정]]	치환	scope	REN-C01-A0001;REN-C01-A0002;REN-C01-A0003;REN-C01-A0004;REN-C01-A0005;REN-C01-A0006;REN-C01-A0007;REN-C01-A0008;REN-C01-A0009;REN-C01-A0010;REN-C01-A0011;REN-C01-A0012;REN-C01-A0013;REN-C01-A0014;REN-C01-A0015;REN-C01-A0016;REN-C01-A0017;REN-C01-A0018;REN-C01-A0019;REN-C01-A0020;REN-C01-A0021;REN-C01-A0022;REN-C01-A0023;REN-C01-A0024;REN-C01-A0025;REN-C01-A0026;REN-C01-A0027;REN-C01-A0028;REN-C01-A0029;REN-C01-A0030;REN-C01-A0031;REN-C01-A0032;REN-C01-A0033;REN-C01-A0034;REN-C01-A0035;REN-C01-A0036;REN-C01-A0037;REN-C01-A0038;REN-C01-A0039;REN-C01-A0040;REN-C01-A0041;REN-C01-A0042;REN-C01-A0043;REN-C01-A0044;REN-C01-A0045;REN-C02-A0029;REN-C03-A0012		c01	R3.0 구 위치–신 위치 대응	 / 	ICX`(인지능력 확인 시험)`의 설계·운영은 신체적·감각적·정신적 장애, 언어·교육 수준, 거주 지역, 경제적 사정 등의 차이로 인하여 선거권 취득에 있어 불합리한 차별이 발생하지 아니하도록 이루어져야 한다. 연방과 자치단위는 필요한 경우 시험 방식, 시간, 장소, 도구에 관하여 합리적인 편의를 제공하여야 하며, 그 구체적인 사항은 제1장`(권리장전)` 및 연방 법률·황제령이 정하는 바에 따른다.
XR-00451	7921	14701	14701	13	SRC-C13-L07886	REN-C16-A0014	제16장 제2절 제14조	제19조 제1항	제16장 제18조 제1항	제16장 제18조 제1항	치환	subordinate	REN-C16-A0018	SRC-C13-L07973-N001--REN-C16-A0018		R3.0 구 위치–신 위치 대응	 / 	JSA`(직무적부심사)`는 ICX`(인지능력 확인 시험)` 합격 유효자만 신청할 수 있다`(세부는 제19조 제1항 참조)`.
XR-00452	7933	14723	14723	13	SRC-C13-L07925	REN-C16-A0015	제16장 제2절 제15조	제16장`(감사 기관)`	[[05_원범위_보존_참조표#^scope-c16|제14장·제19장·제21장 중 감사 대응규정]]	[[05_원범위_보존_참조표#^scope-c16|제14장·제19장·제21장 중 감사 대응규정]]	치환	scope	REN-C14-A0032;REN-C19-A0001;REN-C19-A0002;REN-C19-A0004;REN-C19-A0005;REN-C19-A0006;REN-C19-A0007;REN-C19-A0008;REN-C19-A0009;REN-C19-A0010;REN-C19-A0011;REN-C19-A0012;REN-C19-A0013;REN-C19-A0014;REN-C19-A0015;REN-C19-A0016;REN-C19-A0017;REN-C19-A0018;REN-C19-A0019;REN-C19-A0020;REN-C19-A0021;REN-C19-A0022;REN-C19-A0023;REN-C19-A0024;REN-C19-A0025;REN-C19-A0026;REN-C19-A0027;REN-C19-A0028;REN-C19-A0029;REN-C19-A0030;REN-C19-A0031;REN-C19-A0032;REN-C19-A0033;REN-C19-A0034;REN-C21-A0003;REN-C21-A0005		c16	R3.0 구 위치–신 위치 대응	 / 	ICX`(인지능력 확인 시험)` 설계·운영 과정에서는 인권 침해 또는 구조적 차별이 발생하였는지 여부에 대한 평가는 제16장`(감사 기관)` 및 제1장`(권리장전)`의 규정을 고려하여 연방 감사원과 연방 헌법원이 공동으로 점검할 수 있다.
XR-00453	7933	14723	14723	13	SRC-C13-L07925	REN-C16-A0015	제16장 제2절 제15조	제1장`(권리장전)`	[[05_원범위_보존_참조표#^scope-c01|제1장·제2장·제3장 중 권리장전 대응규정]]	[[05_원범위_보존_참조표#^scope-c01|제1장·제2장·제3장 중 권리장전 대응규정]]	치환	scope	REN-C01-A0001;REN-C01-A0002;REN-C01-A0003;REN-C01-A0004;REN-C01-A0005;REN-C01-A0006;REN-C01-A0007;REN-C01-A0008;REN-C01-A0009;REN-C01-A0010;REN-C01-A0011;REN-C01-A0012;REN-C01-A0013;REN-C01-A0014;REN-C01-A0015;REN-C01-A0016;REN-C01-A0017;REN-C01-A0018;REN-C01-A0019;REN-C01-A0020;REN-C01-A0021;REN-C01-A0022;REN-C01-A0023;REN-C01-A0024;REN-C01-A0025;REN-C01-A0026;REN-C01-A0027;REN-C01-A0028;REN-C01-A0029;REN-C01-A0030;REN-C01-A0031;REN-C01-A0032;REN-C01-A0033;REN-C01-A0034;REN-C01-A0035;REN-C01-A0036;REN-C01-A0037;REN-C01-A0038;REN-C01-A0039;REN-C01-A0040;REN-C01-A0041;REN-C01-A0042;REN-C01-A0043;REN-C01-A0044;REN-C01-A0045;REN-C02-A0029;REN-C03-A0012		c01	R3.0 구 위치–신 위치 대응	 / 	ICX`(인지능력 확인 시험)` 설계·운영 과정에서는 인권 침해 또는 구조적 차별이 발생하였는지 여부에 대한 평가는 제16장`(감사 기관)` 및 제1장`(권리장전)`의 규정을 고려하여 연방 감사원과 연방 헌법원이 공동으로 점검할 수 있다.
XR-00454	7939	14739	14739	13	SRC-C13-L07937	REN-C16-A0016	제16장 제2절 제16조	각 호	각 호	각 호	일반표현 유지	unchanged-generic				번호 없는 일반 열거표현 유지	 / 	연방 내 선거권의 하한 연령은 만 15세, 선거권은 ICX 합격·유효 상태(투표 개시일로부터 180일 전까지 요건 충족)이며, 다음 각 호를 모두 충족한 자에게 부여한다.
XR-00455	7942	14742	14742	13	SRC-C13-L07937	REN-C16-A0016	제16장 제2절 제16조	본 장	[[05_원범위_보존_참조표#^scope-c13|제6장·제14장·제16장 중 선거 대응규정]]	[[05_원범위_보존_참조표#^scope-c13|제6장·제14장·제16장 중 선거 대응규정]]	치환	scope	REN-C06-A0009;REN-C06-A0010;REN-C06-A0011;REN-C06-A0027;REN-C14-A0031;REN-C16-A0001;REN-C16-A0002;REN-C16-A0003;REN-C16-A0004;REN-C16-A0005;REN-C16-A0006;REN-C16-A0007;REN-C16-A0008;REN-C16-A0009;REN-C16-A0010;REN-C16-A0011;REN-C16-A0012;REN-C16-A0013;REN-C16-A0014;REN-C16-A0015;REN-C16-A0016;REN-C16-A0017;REN-C16-A0018;REN-C16-A0019;REN-C16-A0020;REN-C16-A0021;REN-C16-A0022;REN-C16-A0023;REN-C16-A0024;REN-C16-A0025;REN-C16-A0026;REN-C16-A0027;REN-C16-A0028;REN-C16-A0029;REN-C16-A0030;REN-C16-A0031;REN-C16-A0032;REN-C16-A0033;REN-C16-A0034;REN-C16-A0035;REN-C16-A0036;REN-C16-A0037;REN-C16-A0038;REN-C16-A0039;REN-C16-A0040;REN-C16-A0041;REN-C16-A0042;REN-C16-A0043;REN-C16-A0044;REN-C16-A0045;REN-C16-A0046;REN-C16-A0047;REN-C16-A0048;REN-C16-A0049;REN-C16-A0050;REN-C16-A0051;REN-C16-A0052;REN-C16-A0053;REN-C16-A0054;REN-C16-A0055;REN-C16-A0056;REN-C16-A0057;REN-C16-A0058;REN-C16-A0059;REN-C16-A0060;REN-C16-A0061;REN-C16-A0062;REN-C16-A0063;REN-C16-A0064;REN-C16-A0065;REN-C16-A0066;REN-C16-A0067;REN-C16-A0068;REN-C16-A0069;REN-C16-A0070;REN-C16-A0071;REN-C16-A0072;REN-C16-A0073;REN-C16-A0074;REN-C16-A0075;REN-C16-A0076;REN-C16-A0077;REN-C16-A0078;REN-C16-A0079;REN-C16-A0080;REN-C16-A0081;REN-C16-A0082		c13	R3.0 구 위치–신 위치 대응	 / 	3. 그 밖에 본 장 및 연방 법률·황제령이 정하는 최소 요건.
XR-00456	7948	14748	14748	13	SRC-C13-L07937	REN-C16-A0016	제16장 제2절 제16조	제27조		〔구 인용: 제27조 · 대상 확인 필요〕[^r4-xr-00456]	확인 필요·치환 보류	number				원문 인용대상 확인 보류	피선거권 박탈 사유와 연결했으나 구 제13장 제27조는 여론조사 블랙아웃 규정임 / 참조번호가 존재하는 것과 인용 취지가 일치하는 것은 별개이므로 원문 인용을 명시적으로 보류	피선거권 박탈(제27조 등 참조) 처분을 연방 내 선거 중 하나라도 받은 자는 선거권도 함께 박탈한다. 해소 시 선거권 요건은 회복되나, ICX에 재합격하여야 한다.
XR-00457	7951	14751	14751	13	SRC-C13-L07937	REN-C16-A0016	제16장 제2절 제16조	본 조	제16장 제16조	제16장 제16조	치환	article	REN-C16-A0016			R3.0 구 위치–신 위치 대응	 / 	본 조 및 본 장에 열거된 경우 외에 선거권은 제한될 수 없다.
XR-00458	7951	14751	14751	13	SRC-C13-L07937	REN-C16-A0016	제16장 제2절 제16조	본 장	[[05_원범위_보존_참조표#^scope-c13|제6장·제14장·제16장 중 선거 대응규정]]	[[05_원범위_보존_참조표#^scope-c13|제6장·제14장·제16장 중 선거 대응규정]]	치환	scope	REN-C06-A0009;REN-C06-A0010;REN-C06-A0011;REN-C06-A0027;REN-C14-A0031;REN-C16-A0001;REN-C16-A0002;REN-C16-A0003;REN-C16-A0004;REN-C16-A0005;REN-C16-A0006;REN-C16-A0007;REN-C16-A0008;REN-C16-A0009;REN-C16-A0010;REN-C16-A0011;REN-C16-A0012;REN-C16-A0013;REN-C16-A0014;REN-C16-A0015;REN-C16-A0016;REN-C16-A0017;REN-C16-A0018;REN-C16-A0019;REN-C16-A0020;REN-C16-A0021;REN-C16-A0022;REN-C16-A0023;REN-C16-A0024;REN-C16-A0025;REN-C16-A0026;REN-C16-A0027;REN-C16-A0028;REN-C16-A0029;REN-C16-A0030;REN-C16-A0031;REN-C16-A0032;REN-C16-A0033;REN-C16-A0034;REN-C16-A0035;REN-C16-A0036;REN-C16-A0037;REN-C16-A0038;REN-C16-A0039;REN-C16-A0040;REN-C16-A0041;REN-C16-A0042;REN-C16-A0043;REN-C16-A0044;REN-C16-A0045;REN-C16-A0046;REN-C16-A0047;REN-C16-A0048;REN-C16-A0049;REN-C16-A0050;REN-C16-A0051;REN-C16-A0052;REN-C16-A0053;REN-C16-A0054;REN-C16-A0055;REN-C16-A0056;REN-C16-A0057;REN-C16-A0058;REN-C16-A0059;REN-C16-A0060;REN-C16-A0061;REN-C16-A0062;REN-C16-A0063;REN-C16-A0064;REN-C16-A0065;REN-C16-A0066;REN-C16-A0067;REN-C16-A0068;REN-C16-A0069;REN-C16-A0070;REN-C16-A0071;REN-C16-A0072;REN-C16-A0073;REN-C16-A0074;REN-C16-A0075;REN-C16-A0076;REN-C16-A0077;REN-C16-A0078;REN-C16-A0079;REN-C16-A0080;REN-C16-A0081;REN-C16-A0082		c13	R3.0 구 위치–신 위치 대응	 / 	본 조 및 본 장에 열거된 경우 외에 선거권은 제한될 수 없다.
XR-00459	7966	14776	14776	13	SRC-C13-L07961	REN-C16-A0017	제16장 제2절 제17조	제16조	제16장 제14조	제16장 제14조	치환	article	REN-C16-A0014			R3.0 구 위치–신 위치 대응	 / 	후보자의 기본 자격은 ICX 합격 유효(제16조) 및 JSA 합격(제19조)이다. 연령·거주·복수국적 금지 등 공통 요건은 각 절의 특칙이 정하는 바에 따른다.
XR-00460	7966	14776	14776	13	SRC-C13-L07961	REN-C16-A0017	제16장 제2절 제17조	제19조	제16장 제18조	제16장 제18조	치환	article	REN-C16-A0018			R3.0 구 위치–신 위치 대응	 / 	후보자의 기본 자격은 ICX 합격 유효(제16조) 및 JSA 합격(제19조)이다. 연령·거주·복수국적 금지 등 공통 요건은 각 절의 특칙이 정하는 바에 따른다.
XR-00461	7966	14776	14776	13	SRC-C13-L07961	REN-C16-A0017	제16장 제2절 제17조	각 절	[[05_원범위_보존_참조표#^scope-c13|제6장·제14장·제16장 중 선거 대응규정]]	[[05_원범위_보존_참조표#^scope-c13|제6장·제14장·제16장 중 선거 대응규정]]	치환	scope	REN-C06-A0009;REN-C06-A0010;REN-C06-A0011;REN-C06-A0027;REN-C14-A0031;REN-C16-A0001;REN-C16-A0002;REN-C16-A0003;REN-C16-A0004;REN-C16-A0005;REN-C16-A0006;REN-C16-A0007;REN-C16-A0008;REN-C16-A0009;REN-C16-A0010;REN-C16-A0011;REN-C16-A0012;REN-C16-A0013;REN-C16-A0014;REN-C16-A0015;REN-C16-A0016;REN-C16-A0017;REN-C16-A0018;REN-C16-A0019;REN-C16-A0020;REN-C16-A0021;REN-C16-A0022;REN-C16-A0023;REN-C16-A0024;REN-C16-A0025;REN-C16-A0026;REN-C16-A0027;REN-C16-A0028;REN-C16-A0029;REN-C16-A0030;REN-C16-A0031;REN-C16-A0032;REN-C16-A0033;REN-C16-A0034;REN-C16-A0035;REN-C16-A0036;REN-C16-A0037;REN-C16-A0038;REN-C16-A0039;REN-C16-A0040;REN-C16-A0041;REN-C16-A0042;REN-C16-A0043;REN-C16-A0044;REN-C16-A0045;REN-C16-A0046;REN-C16-A0047;REN-C16-A0048;REN-C16-A0049;REN-C16-A0050;REN-C16-A0051;REN-C16-A0052;REN-C16-A0053;REN-C16-A0054;REN-C16-A0055;REN-C16-A0056;REN-C16-A0057;REN-C16-A0058;REN-C16-A0059;REN-C16-A0060;REN-C16-A0061;REN-C16-A0062;REN-C16-A0063;REN-C16-A0064;REN-C16-A0065;REN-C16-A0066;REN-C16-A0067;REN-C16-A0068;REN-C16-A0069;REN-C16-A0070;REN-C16-A0071;REN-C16-A0072;REN-C16-A0073;REN-C16-A0074;REN-C16-A0075;REN-C16-A0076;REN-C16-A0077;REN-C16-A0078;REN-C16-A0079;REN-C16-A0080;REN-C16-A0081;REN-C16-A0082		c13	원 소속 장 각 절의 범위 보존	 / 기본 자격 조문이 지시한 원 선거 장 각 절의 특칙 범위를 대응표로 고정	후보자의 기본 자격은 ICX 합격 유효(제16조) 및 JSA 합격(제19조)이다. 연령·거주·복수국적 금지 등 공통 요건은 각 절의 특칙이 정하는 바에 따른다.
XR-00462	7980	14800	14800	13	SRC-C13-L07973	REN-C16-A0018	제16장 제2절 제18조	제11장	[[05_원범위_보존_참조표#^scope-c11|제3장·제9장·제12장·제13장·제14장·제15장·제18장·제21장 중 국가방위·비상사태 대응규정]]	[[05_원범위_보존_참조표#^scope-c11|제3장·제9장·제12장·제13장·제14장·제15장·제18장·제21장 중 국가방위·비상사태 대응규정]]	치환	scope	REN-C03-A0001;REN-C03-A0002;REN-C03-A0003;REN-C09-A0021;REN-C12-A0021;REN-C12-A0033;REN-C13-A0001;REN-C13-A0002;REN-C13-A0003;REN-C13-A0004;REN-C13-A0005;REN-C13-A0006;REN-C13-A0007;REN-C13-A0008;REN-C13-A0009;REN-C13-A0010;REN-C13-A0011;REN-C13-A0012;REN-C13-A0013;REN-C13-A0014;REN-C13-A0015;REN-C13-A0017;REN-C13-A0018;REN-C13-A0019;REN-C13-A0020;REN-C13-A0021;REN-C13-A0022;REN-C13-A0024;REN-C13-A0025;REN-C13-A0026;REN-C13-A0027;REN-C14-A0001;REN-C14-A0002;REN-C14-A0003;REN-C14-A0004;REN-C14-A0006;REN-C14-A0007;REN-C14-A0008;REN-C14-A0010;REN-C14-A0011;REN-C14-A0013;REN-C14-A0014;REN-C14-A0020;REN-C14-A0021;REN-C14-A0022;REN-C14-A0023;REN-C14-A0024;REN-C14-A0028;REN-C14-A0039;REN-C14-A0040;REN-C14-A0041;REN-C14-A0042;REN-C14-A0043;REN-C15-A0064;REN-C15-A0072;REN-C18-A0028;REN-C18-A0029;REN-C18-A0056;REN-C21-A0010		c11	R3.0 구 위치–신 위치 대응	 / 	전 과정의 실시간 공개·공유를 원칙으로 한다. 다만, 국가안보(제11장)에 관한 사유가 있는 경우, 연방 법률·황제령이 정하는 최소공개한도로 공개할 수 있다.
XR-00463	7998	14818	14818	13	SRC-C13-L07973	REN-C16-A0018	제16장 제2절 제18조	제24조	제16장 제30조	제16장 제30조	치환	article	REN-C16-A0030			R3.0 구 위치–신 위치 대응	 / 	JSA 합격은 후보자 등록의 필수 요건이다. 임기 중 결격 발생 시, 제24조 및 해당 절의 공석·승계 규정을 따른다.
XR-00464	8004	14824	14824	13	SRC-C13-L07973	REN-C16-A0018	제16장 제2절 제18조	제6장`(입법)`	[[05_원범위_보존_참조표#^scope-c05|제6장·제9장·제14장·제21장 중 입법 대응규정]]	[[05_원범위_보존_참조표#^scope-c05|제6장·제9장·제14장·제21장 중 입법 대응규정]][^r4-xr-00464]	원문 대조 보정 후 치환	scope	REN-C06-A0001;REN-C06-A0002;REN-C06-A0003;REN-C06-A0004;REN-C06-A0005;REN-C06-A0006;REN-C06-A0007;REN-C06-A0008;REN-C06-A0012;REN-C06-A0013;REN-C06-A0014;REN-C06-A0015;REN-C06-A0016;REN-C06-A0017;REN-C06-A0018;REN-C06-A0019;REN-C06-A0020;REN-C06-A0021;REN-C06-A0022;REN-C06-A0023;REN-C06-A0024;REN-C06-A0025;REN-C06-A0026;REN-C06-A0028;REN-C06-A0029;REN-C06-A0030;REN-C06-A0031;REN-C09-A0012;REN-C09-A0013;REN-C09-A0014;REN-C14-A0018;REN-C21-S11		c05	R3.0 구 위치–신 위치 대응	 / 원문 장 번호·명칭 불일치: 제6장(입법); 원문 목차의 명칭과 일치하는 구 제5장으로 식별	JSA`(직무적부심사)`의 결과는 후보자의 공직 수행 능력과 관련된 적격성 판단에만 사용할 수 있으며, 제6장`(입법)`, 제7장`(사법)`, 제15장`(정보)`에서 정하는 범위를 넘어 사적·차별적 목적으로 사용하여서는 아니 된다. 세부적인 자료 보존 기간, 비식별 처리, 열람 제한, 이의신청 절차는 연방 법률·황제령으로 정한다.
XR-00465	8004	14824	14824	13	SRC-C13-L07973	REN-C16-A0018	제16장 제2절 제18조	제7장`(사법)`	[[05_원범위_보존_참조표#^scope-c06|제7장·제13장·제14장·제17장·제21장 중 사법 대응규정]]	[[05_원범위_보존_참조표#^scope-c06|제7장·제13장·제14장·제17장·제21장 중 사법 대응규정]][^r4-xr-00465]	원문 대조 보정 후 치환	scope	REN-C07-A0001;REN-C07-A0002;REN-C07-A0003;REN-C07-A0004;REN-C07-A0005;REN-C07-A0006;REN-C07-A0007;REN-C07-A0008;REN-C07-A0009;REN-C07-A0010;REN-C07-A0011;REN-C07-A0012;REN-C07-A0013;REN-C07-A0014;REN-C07-A0015;REN-C07-A0016;REN-C07-A0017;REN-C07-A0018;REN-C07-A0019;REN-C07-A0020;REN-C07-A0021;REN-C07-A0022;REN-C07-A0023;REN-C07-A0024;REN-C07-A0025;REN-C07-A0026;REN-C07-A0027;REN-C07-A0028;REN-C07-A0029;REN-C07-A0030;REN-C07-A0031;REN-C07-A0032;REN-C07-A0033;REN-C07-A0034;REN-C07-A0035;REN-C07-A0036;REN-C07-A0037;REN-C07-A0038;REN-C07-A0039;REN-C07-A0040;REN-C07-A0041;REN-C07-A0042;REN-C07-A0043;REN-C07-A0044;REN-C07-A0045;REN-C07-A0046;REN-C07-A0047;REN-C07-A0048;REN-C07-A0049;REN-C07-A0050;REN-C07-A0051;REN-C07-A0052;REN-C07-A0053;REN-C07-A0054;REN-C07-A0055;REN-C07-A0056;REN-C07-A0057;REN-C07-A0058;REN-C13-A0023;REN-C14-A0019;REN-C17-A0006;REN-C17-A0007;REN-C21-S01		c06	R3.0 구 위치–신 위치 대응	 / 원문 장 번호·명칭 불일치: 제7장(사법); 원문 목차의 명칭과 일치하는 구 제6장으로 식별	JSA`(직무적부심사)`의 결과는 후보자의 공직 수행 능력과 관련된 적격성 판단에만 사용할 수 있으며, 제6장`(입법)`, 제7장`(사법)`, 제15장`(정보)`에서 정하는 범위를 넘어 사적·차별적 목적으로 사용하여서는 아니 된다. 세부적인 자료 보존 기간, 비식별 처리, 열람 제한, 이의신청 절차는 연방 법률·황제령으로 정한다.
XR-00466	8004	14824	14824	13	SRC-C13-L07973	REN-C16-A0018	제16장 제2절 제18조	제15장`(정보)`	[[05_원범위_보존_참조표#^scope-c15|제2장·제18장·제21장 중 정보 대응규정]]	[[05_원범위_보존_참조표#^scope-c15|제2장·제18장·제21장 중 정보 대응규정]]	치환	scope	REN-C02-A0028;REN-C18-A0001;REN-C18-A0002;REN-C18-A0003;REN-C18-A0004;REN-C18-A0005;REN-C18-A0006;REN-C18-A0007;REN-C18-A0008;REN-C18-A0009;REN-C18-A0010;REN-C18-A0011;REN-C18-A0012;REN-C18-A0013;REN-C18-A0014;REN-C18-A0015;REN-C18-A0016;REN-C18-A0017;REN-C18-A0018;REN-C18-A0019;REN-C18-A0020;REN-C18-A0021;REN-C18-A0022;REN-C18-A0023;REN-C18-A0024;REN-C18-A0025;REN-C18-A0026;REN-C18-A0027;REN-C18-A0030;REN-C18-A0031;REN-C18-A0032;REN-C18-A0033;REN-C18-A0034;REN-C18-A0035;REN-C18-A0036;REN-C18-A0037;REN-C18-A0038;REN-C18-A0039;REN-C18-A0040;REN-C18-A0041;REN-C18-A0042;REN-C18-A0043;REN-C18-A0044;REN-C18-A0045;REN-C18-A0046;REN-C18-A0047;REN-C18-A0048;REN-C18-A0049;REN-C18-A0050;REN-C18-A0051;REN-C18-A0052;REN-C18-A0053;REN-C18-A0054;REN-C18-A0055;REN-C21-A0002		c15	R3.0 구 위치–신 위치 대응	 / 	JSA`(직무적부심사)`의 결과는 후보자의 공직 수행 능력과 관련된 적격성 판단에만 사용할 수 있으며, 제6장`(입법)`, 제7장`(사법)`, 제15장`(정보)`에서 정하는 범위를 넘어 사적·차별적 목적으로 사용하여서는 아니 된다. 세부적인 자료 보존 기간, 비식별 처리, 열람 제한, 이의신청 절차는 연방 법률·황제령으로 정한다.
XR-00467	8011	14841	14841	13	SRC-C13-L08006	REN-C16-A0019	제16장 제2절 제19조	제1장`(권리장전)`	[[05_원범위_보존_참조표#^scope-c01|제1장·제2장·제3장 중 권리장전 대응규정]]	[[05_원범위_보존_참조표#^scope-c01|제1장·제2장·제3장 중 권리장전 대응규정]]	치환	scope	REN-C01-A0001;REN-C01-A0002;REN-C01-A0003;REN-C01-A0004;REN-C01-A0005;REN-C01-A0006;REN-C01-A0007;REN-C01-A0008;REN-C01-A0009;REN-C01-A0010;REN-C01-A0011;REN-C01-A0012;REN-C01-A0013;REN-C01-A0014;REN-C01-A0015;REN-C01-A0016;REN-C01-A0017;REN-C01-A0018;REN-C01-A0019;REN-C01-A0020;REN-C01-A0021;REN-C01-A0022;REN-C01-A0023;REN-C01-A0024;REN-C01-A0025;REN-C01-A0026;REN-C01-A0027;REN-C01-A0028;REN-C01-A0029;REN-C01-A0030;REN-C01-A0031;REN-C01-A0032;REN-C01-A0033;REN-C01-A0034;REN-C01-A0035;REN-C01-A0036;REN-C01-A0037;REN-C01-A0038;REN-C01-A0039;REN-C01-A0040;REN-C01-A0041;REN-C01-A0042;REN-C01-A0043;REN-C01-A0044;REN-C01-A0045;REN-C02-A0029;REN-C03-A0012		c01	R3.0 구 위치–신 위치 대응	 / 	JSA`(직무적부심사)` 결과를 이유로 특정 종교, 사상, 성적 지향, 출신 지역, 사회경제적 배경 등에 대한 차별을 정당화하여서는 아니 되며, 제1장`(권리장전)`에서 보장하는 평등권, 인격권, 사생활의 비밀을 침해하여서는 아니 된다.
XR-00468	8014	14844	14844	13	SRC-C13-L08006	REN-C16-A0019	제16장 제2절 제19조	각 호	각 호	각 호	일반표현 유지	unchanged-generic				번호 없는 일반 열거표현 유지	 / 	JSA`(직무적부심사)` 결과의 보존 기간, 열람·제공 대상, 비식별 처리, 이의신청 및 정정 절차는 연방 법률·황제령으로 정한다. 이 경우 연방 법률·황제령은 다음 각 호의 사항을 포함하여야 한다.
XR-00469	8033	14945	14945	13	SRC-C13-L08031	REN-C16-A0024	제16장 제3절 제24조	제47조 제1항	제16장 제45조 제1항	제16장 제45조 제1항	치환	subordinate	REN-C16-A0045	SRC-C13-L08464-N001--REN-C16-A0045		R3.0 구 위치–신 위치 대응	 / 	연방선거주간은 매년 6월 둘째 주에 실시하며(제47조 제1항 참조), 본 조 및 제20조의3에 따른 표준 48시간 투표주간으로 편성한다. 모든 시각 표기는 연방 표준시로 한다(제39조 참조).
XR-00470	8033	14945	14945	13	SRC-C13-L08031	REN-C16-A0024	제16장 제3절 제24조	본 조	제16장 제24조	제16장 제24조	치환	article	REN-C16-A0024			R3.0 구 위치–신 위치 대응	 / 	연방선거주간은 매년 6월 둘째 주에 실시하며(제47조 제1항 참조), 본 조 및 제20조의3에 따른 표준 48시간 투표주간으로 편성한다. 모든 시각 표기는 연방 표준시로 한다(제39조 참조).
XR-00471	8033	14945	14945	13	SRC-C13-L08031	REN-C16-A0024	제16장 제3절 제24조	제20조의3	제16장 제25조	제16장 제25조	치환	article	REN-C16-A0025			R3.0 구 위치–신 위치 대응	 / 	연방선거주간은 매년 6월 둘째 주에 실시하며(제47조 제1항 참조), 본 조 및 제20조의3에 따른 표준 48시간 투표주간으로 편성한다. 모든 시각 표기는 연방 표준시로 한다(제39조 참조).
XR-00472	8033	14945	14945	13	SRC-C13-L08031	REN-C16-A0024	제16장 제3절 제24조	제39조	제16장 제39조	제16장 제39조	치환	article	REN-C16-A0039			R3.0 구 위치–신 위치 대응	 / 	연방선거주간은 매년 6월 둘째 주에 실시하며(제47조 제1항 참조), 본 조 및 제20조의3에 따른 표준 48시간 투표주간으로 편성한다. 모든 시각 표기는 연방 표준시로 한다(제39조 참조).
XR-00473	8036	14948	14948	13	SRC-C13-L08031	REN-C16-A0024	제16장 제3절 제24조	각 호	각 호	각 호	일반표현 유지	unchanged-generic				번호 없는 일반 열거표현 유지	 / 	다음 각 호의 표준 투표주간을 적용한다. 서로 중첩되는 시간대는 동시에 개방하며, 유권자는 개방된 주간 내에서 해당 사안(선거·투표)을 각 1회씩 투표할 수 있다.
XR-00474	8041	14953	14953	13	SRC-C13-L08031	REN-C16-A0024	제16장 제3절 제24조	제20조의3 제2항 제5호	제16장 제25조 제2항의 제5번 열거항목	제16장 제25조 제2항의 제5번 열거항목	치환	subordinate	REN-C16-A0025	SRC-C13-L08052-N007--REN-C16-A0025		R3.0 구 위치–신 위치 대응	 / 원문 숫자목록 인용: 정식 호·목으로 승격하지 않고 원표기 항목을 지시	5. 신민투표(일반 사안): 금 00:00 ~ 토 23:59, 중대·헌법 사안의 연장은 제20조의3 제2항 제5호에 따른다.
XR-00475	8047	14959	14959	13	SRC-C13-L08031	REN-C16-A0024	제16장 제3절 제24조	제20조 제1항	제16장 제23조 제1항	제16장 제23조 제1항	치환	subordinate	REN-C16-A0023	SRC-C13-L08021-N001--REN-C16-A0023		R3.0 구 위치–신 위치 대응	 / 	사전투표는 불허한다(제20조 제1항 단서). 무든 투표는 본투표 주간에서 실시하되, 재외·전자·우편·특수 투표는 제20조의4의 예외 요건을 갖춘 경우에만 허용한다.
XR-00476	8047	14959	14959	13	SRC-C13-L08031	REN-C16-A0024	제16장 제3절 제24조	제20조의4	제16장 제26조	제16장 제26조	치환	article	REN-C16-A0026			R3.0 구 위치–신 위치 대응	 / 	사전투표는 불허한다(제20조 제1항 단서). 무든 투표는 본투표 주간에서 실시하되, 재외·전자·우편·특수 투표는 제20조의4의 예외 요건을 갖춘 경우에만 허용한다.
XR-00477	8050	14962	14962	13	SRC-C13-L08031	REN-C16-A0024	제16장 제3절 제24조	제25조(기술·규격 고시)	제16장 제31조(기술·규격 고시)	제16장 제31조(기술·규격 고시)	치환	article	REN-C16-A0031			R3.0 구 위치–신 위치 대응	 / 	표준 투표용지·장비·운영 체크리스트·RNG 시드 이벤트 로그의 형식과 공개는 제25조(기술·규격 고시)와 연방 선거감독청 고시, QF/QF-SEC에 따른다.
XR-00478	8057	14979	14979	13	SRC-C13-L08052	REN-C16-A0025	제16장 제3절 제25조	각 호	각 호	각 호	일반표현 유지	unchanged-generic				번호 없는 일반 열거표현 유지	 / 	다음 각 호의 사유에 있는 경우, JICC의 의결과 연방 선거감독청장의 재가로 연장·중단·재실시를 결정할 수 있다. 세부 요건·범위·절차는 연방 법률·황제령으로 정한다.
XR-00479	8061	14983	14983	13	SRC-C13-L08052	REN-C16-A0025	제16장 제3절 제25조	제20조의5	제16장 제78조	제16장 제78조	치환	article	REN-C16-A0078			R3.0 구 위치–신 위치 대응	 / 	4. 무효율 트리거(제20조의5) 발동으로 인한 전면 점검 필요
XR-00480	8075	15007	15007	13	SRC-C13-L08073	REN-C16-A0026	제16장 제3절 제26조	본 조	제16장 제26조	제16장 제26조	치환	article	REN-C16-A0026			R3.0 구 위치–신 위치 대응	 / 	모든 선거는 연방선거주간(FEW)의 표준 48시간 주간 내 현장 본투표로 실시한다. 본 조는 예외적 방식의 최소한의 요건을 정한다.
XR-00481	8078	15010	15010	13	SRC-C13-L08073	REN-C16-A0026	제16장 제3절 제26조	각 호	각 호	각 호	일반표현 유지	unchanged-generic				번호 없는 일반 열거표현 유지	 / 	다음 각 호의 경우에 한하여 재외·전자·우편·특수 투표를 허용한다. 구체 범위·증빙·절차는 연방 법률·황제령으로 정한다.
XR-00482	8087	15019	15019	13	SRC-C13-L08073	REN-C16-A0026	제16장 제3절 제26조	전항	제16장 제26조 제2항	제16장 제26조 제2항	치환	subordinate	REN-C16-A0026	SRC-C13-L08073-N002--REN-C16-A0026		R3.0 구 위치–신 위치 대응	 / 	전항의 예외는 인지능력 보유자에 한한다(보조공학·대필·대리투표 금지). 접근성 지원은 제3조 제1항 제5호의 표준에 따른다.
XR-00483	8087	15019	15019	13	SRC-C13-L08073	REN-C16-A0026	제16장 제3절 제26조	제3조 제1항 제5호	제16장 제3조 제1항의 직제 목록 제5번 항목	제16장 제3조 제1항의 직제 목록 제5번 항목	치환	subordinate	REN-C16-A0003	SRC-C13-L07665-N001--REN-C16-A0003		원문 인용블록 목록과 R3.0 부모항의 직접 대응	 / 원문 L7674의 인용블록 숫자목록을 직접 확인. R3.0에는 독립 호 노드가 없으므로 제1항의 보존된 직제 목록 항목으로 연결; 법정 호 신설 없음	전항의 예외는 인지능력 보유자에 한한다(보조공학·대필·대리투표 금지). 접근성 지원은 제3조 제1항 제5호의 표준에 따른다.
XR-00484	8090	15022	15022	13	SRC-C13-L08073	REN-C16-A0026	제16장 제3절 제26조	제21조 제1항	제16장 제27조 제1항	제16장 제27조 제1항	치환	subordinate	REN-C16-A0027	SRC-C13-L08131-N001--REN-C16-A0027		R3.0 구 위치–신 위치 대응	 / 	재외투표는 투표시간 종료 시까지 투표함의 개봉·이동을 금지한다. 종료 즉시, 현지에서 공개적으로 단표 개표한다(제21조 제1항 참조).
XR-00485	8099	15031	15031	13	SRC-C13-L08073	REN-C16-A0026	제16장 제3절 제26조	제2조 제3항		〔구 인용: 제2조 제3항 · 대상 확인 필요〕[^r4-xr-00485]	확인 필요·치환 보류	number				원문 인용대상 확인 보류	장비 인증·교정과 연결했으나 해당 항은 선거 무관 조사·지침 금지 규정임 / 참조번호가 존재하는 것과 인용 취지가 일치하는 것은 별개이므로 원문 인용을 명시적으로 보류	M-READER/M-SEAL/MSG/MPS 등 인증 장비·재료의 규격 인증·교정·감사는 연방 선거감독청이 수행한다(제2조 제3항 참조).
XR-00486	8102	15034	15034	13	SRC-C13-L08073	REN-C16-A0026	제16장 제3절 제26조	제25조	제16장 제31조	제16장 제31조	치환	article	REN-C16-A0031			R3.0 구 위치–신 위치 대응	 / 	코팅·서명에 참여하는 선거관리인·정당 대리자·신민 참관인의 무작위 선정 시드의 공개 시점·방식은 연방 법률·황제령 및 제25조에 따른다.
XR-00487	8105	15037	15037	13	SRC-C13-L08073	REN-C16-A0026	제16장 제3절 제26조	제33	제16장 제36조	제16장 제36조[^r4-xr-00487]	원문 대조 보정 후 치환	article	REN-C16-A0036			원문 내 표제·병행 인용 대조	 / 조 단위 표기 누락. 동일한 무효·의심표 처리 기준의 원 표제 및 L7765·L8112의 병행 인용과 대조하여 조 번호 복원	오염·판독 불능 등 기기 사유로 인한 무효 판단은 제33를 따르고, 부정·위·변조는 제38조(형사특례)를 적용한다.
XR-00488	8105	15037	15037	13	SRC-C13-L08073	REN-C16-A0026	제16장 제3절 제26조	제38조(형사특례)	제16장 제80조(형사특례)	제16장 제80조(형사특례)	치환	article	REN-C16-A0080			R3.0 구 위치–신 위치 대응	 / 인용 뒤 설명 '형사특례'은 원 표제와 완전 일치하지 않음; 번호로 존재하는 대상만 대응	오염·판독 불능 등 기기 사유로 인한 무효 판단은 제33를 따르고, 부정·위·변조는 제38조(형사특례)를 적용한다.
XR-00489	8108	15040	15040	13	SRC-C13-L08073	REN-C16-A0026	제16장 제3절 제26조	전항		〔구 인용: 전항 · 대상 확인 필요〕[^r4-xr-00489]	확인 필요·치환 보류	number				원문 인용대상 확인 보류	“전항의 예외 사유”를 지시하나 바로 전 항은 무효표 처리 규정임. 예외가 있는 다른 앞 항으로 추정 대체하지 않음 / 참조번호가 존재하는 것과 인용 취지가 일치하는 것은 별개이므로 원문 인용을 명시적으로 보류	전항의 예외 사유에 해당하는 경우 증빙자료 제출을 의무화하며, 자료는 선거일로부터 5년 이상 보관한다. 전자관보에는 비식별 처리된 범위에서 요지를 공시하고, 상세는 QF-SEC로 별도 보관한다. 세부 형식·목록·열람권은 연방 법률·황제령 및 연방 선거감독청 고시로 정한다.
XR-00490	8112	16218	16218	13	SRC-C13-L08110	REN-C16-A0078	제16장 제10절 제78조	본 조	제16장 제78조	제16장 제78조	치환	article	REN-C16-A0078			R3.0 구 위치–신 위치 대응	 / 	본 조의 무효율은 오염·판독 불능 등 기기·절차 사유(유권자 단순 실수 제외)에 따른 무효표 비율로 한다. 무효 유형의 정의·분류는 제33조에 따른다.
XR-00491	8112	16218	16218	13	SRC-C13-L08110	REN-C16-A0078	제16장 제10절 제78조	제33조	제16장 제36조	제16장 제36조	치환	article	REN-C16-A0036			R3.0 구 위치–신 위치 대응	 / 	본 조의 무효율은 오염·판독 불능 등 기기·절차 사유(유권자 단순 실수 제외)에 따른 무효표 비율로 한다. 무효 유형의 정의·분류는 제33조에 따른다.
XR-00492	8115	16221	16221	13	SRC-C13-L08110	REN-C16-A0078	제16장 제10절 제78조	전항	제16장 제78조 제1항	제16장 제78조 제1항	치환	subordinate	REN-C16-A0078	SRC-C13-L08110-N001--REN-C16-A0078		R3.0 구 위치–신 위치 대응	 / 	하나의 투표소에서 전항의 사유로 무효표가 5% 이상 발생하면, 해당 투표소의 모든 투표 사항을 무효로 하고, 즉시 진상조사 및 시정조치를 실시한다. 인위적 범죄 정항이 확인되면 연방 선거 범죄 3-3 배당 절차로 최우선 배당하여 수사·기소한다.
XR-00493	8118	16224	16224	13	SRC-C13-L08110	REN-C16-A0078	제16장 제10절 제78조	전항	제16장 제78조 제2항	제16장 제78조 제2항	치환	subordinate	REN-C16-A0078	SRC-C13-L08110-N002--REN-C16-A0078		R3.0 구 위치–신 위치 대응	 / 	연방 내 모든 투표소 중 5% 이상에서 전항의 기준이 동시에 충족되면, 모든 선거를 즉시 중단하고 전 과정·전 투표소·투표지·장비에 대한 전수 감사를 실시한다.
XR-00494	8121	16227	16227	13	SRC-C13-L08110	REN-C16-A0078	제16장 제10절 제78조	전항	제16장 제78조 제3항	제16장 제78조 제3항	치환	subordinate	REN-C16-A0078	SRC-C13-L08110-N003--REN-C16-A0078		R3.0 구 위치–신 위치 대응	 / 	전항의 전수 감사 결과, 시정 불가능 또는 전면 재실시 필요가 인정되면, 연방 황제령으로 임시 FEW를 지정하여 재선거를 실시한다. 재실시 전까지는 모든 투표함·로그·COC를 봉인·보존한다.
XR-00495	8124	16230	16230	13	SRC-C13-L08110	REN-C16-A0078	제16장 제10절 제78조	제4조 제4항	제16장 제4조 제4항	제16장 제4조 제4항	치환	subordinate	REN-C16-A0004	SRC-C13-L07691-N004--REN-C16-A0004		R3.0 구 위치–신 위치 대응	 / 	트리거 발동, 중단, 재실시 결정 및 결과는 QF/QF-SEC로 공시하며, FEW 백서에 통계와 원인·개선조치를 포함하여 보고한다(제4조 제4항 참조).
XR-00496	8127	16233	16233	13	SRC-C13-L08110	REN-C16-A0078	제16장 제10절 제78조	본 조	제16장 제78조	제16장 제78조	치환	article	REN-C16-A0078			R3.0 구 위치–신 위치 대응	 / 	본 조에 따른 중단·재실시의 적법성에 관한 다툼은 연방 헌법원의 통제를 받는다.
XR-00497	8146	15077	15077	13	SRC-C13-L08141	REN-C16-A0028	제16장 제3절 제28조	전항	제16장 제28조 제1항	제16장 제28조 제1항	치환	subordinate	REN-C16-A0028	SRC-C13-L08141-N001--REN-C16-A0028		R3.0 구 위치–신 위치 대응	 / 	전항의 데이터는 투표의 비밀과 개인식별 정보를 침해하지 아니하는 범위에서 익명화·집계하여 공개할 수 있다. 데이터의 보존 기간, 익명화 수준 및 공개 방식은 제15장`(정보)`의 원칙에 따라 연방 법률·황제령으로 정한다.
XR-00498	8146	15077	15077	13	SRC-C13-L08141	REN-C16-A0028	제16장 제3절 제28조	제15장`(정보)`	[[05_원범위_보존_참조표#^scope-c15|제2장·제18장·제21장 중 정보 대응규정]]	[[05_원범위_보존_참조표#^scope-c15|제2장·제18장·제21장 중 정보 대응규정]]	치환	scope	REN-C02-A0028;REN-C18-A0001;REN-C18-A0002;REN-C18-A0003;REN-C18-A0004;REN-C18-A0005;REN-C18-A0006;REN-C18-A0007;REN-C18-A0008;REN-C18-A0009;REN-C18-A0010;REN-C18-A0011;REN-C18-A0012;REN-C18-A0013;REN-C18-A0014;REN-C18-A0015;REN-C18-A0016;REN-C18-A0017;REN-C18-A0018;REN-C18-A0019;REN-C18-A0020;REN-C18-A0021;REN-C18-A0022;REN-C18-A0023;REN-C18-A0024;REN-C18-A0025;REN-C18-A0026;REN-C18-A0027;REN-C18-A0030;REN-C18-A0031;REN-C18-A0032;REN-C18-A0033;REN-C18-A0034;REN-C18-A0035;REN-C18-A0036;REN-C18-A0037;REN-C18-A0038;REN-C18-A0039;REN-C18-A0040;REN-C18-A0041;REN-C18-A0042;REN-C18-A0043;REN-C18-A0044;REN-C18-A0045;REN-C18-A0046;REN-C18-A0047;REN-C18-A0048;REN-C18-A0049;REN-C18-A0050;REN-C18-A0051;REN-C18-A0052;REN-C18-A0053;REN-C18-A0054;REN-C18-A0055;REN-C21-A0002		c15	R3.0 구 위치–신 위치 대응	 / 	전항의 데이터는 투표의 비밀과 개인식별 정보를 침해하지 아니하는 범위에서 익명화·집계하여 공개할 수 있다. 데이터의 보존 기간, 익명화 수준 및 공개 방식은 제15장`(정보)`의 원칙에 따라 연방 법률·황제령으로 정한다.
XR-00499	8149	15080	15080	13	SRC-C13-L08141	REN-C16-A0028	제16장 제3절 제28조	`제1항`	제16장 제28조 제1항	제16장 제28조 제1항	치환	subordinate	REN-C16-A0028	SRC-C13-L08141-N001--REN-C16-A0028		R3.0 구 위치–신 위치 대응	 / 	연방과 자치단위는 `제1항`의 데이터를 선거제도 개선, 정책 평가, 학술 연구에 활용할 수 있다. 이 경우 연구 목적의 접근은 공정한 절차에 따라 허용되어야 하며, 데이터 오용·재식별을 방지하기 위한 안전조치를 갖추어야 한다.
XR-00500	8164	15096	15096	13	SRC-C13-L08162	REN-C16-A0029	제16장 제3절 제29조	본 절	[[05_원범위_보존_참조표#^scope-c13-s5d4125f3|제16장 중 연방 내 선거 공통 규정·총칙 대응규정]]	[[05_원범위_보존_참조표#^scope-c13-s5d4125f3|제16장 중 연방 내 선거 공통 규정·총칙 대응규정]]	치환	scope	REN-C16-A0011;REN-C16-A0012;REN-C16-A0013;REN-C16-A0014;REN-C16-A0015;REN-C16-A0016;REN-C16-A0017;REN-C16-A0018;REN-C16-A0019;REN-C16-A0023;REN-C16-A0024;REN-C16-A0025;REN-C16-A0026;REN-C16-A0027;REN-C16-A0028;REN-C16-A0029;REN-C16-A0078;REN-C16-A0079		c13-s5d4125f3	R3.0 구 위치–신 위치 대응	 / 	본 절의 시행애 필요한 세부 기준·절차·서식·기술 표준은 연방 법률·황제령 및 연방 선거감독청 고시로 정한다.
XR-00501	8175	15115	15115	13	SRC-C13-L08170	REN-C16-A0030	제16장 제3절 제30조	각 호	각 호	각 호	일반표현 유지	unchanged-generic				번호 없는 일반 열거표현 유지	 / 	선거에 관한 규범의 계층은 다음 각 호의 순서를 따른다.
XR-00502	8181	15121	15121	13	SRC-C13-L08170	REN-C16-A0030	제16장 제3절 제30조	각 호	각 호	각 호	일반표현 유지	unchanged-generic				번호 없는 일반 열거표현 유지	 / 	다음 각 호에 해당하는 사항은 연방 법률·황제령으로만 정하며, 연방 또는 지방의 행정명령·규칙 자치단위 규범에 전면 위임할 수 없다.
XR-00503	8188	15128	15128	13	SRC-C13-L08170	REN-C16-A0030	제16장 제3절 제30조	제25조 제5항	제16장 제31조 제5항	제16장 제31조 제5항	치환	subordinate	REN-C16-A0031	SRC-C13-L08205-N005--REN-C16-A0031		R3.0 구 위치–신 위치 대응	 / 	고시는 사전 통지·의견수렴·시행유예를 거쳐 고시한다. 긴급 고시는 제25조 제5항을 따른다.
XR-00504	8191	15131	15131	13	SRC-C13-L08170	REN-C16-A0030	제16장 제3절 제30조	각 호	각 호	각 호	일반표현 유지	unchanged-generic				번호 없는 일반 열거표현 유지	 / 	선거와 관련된 본질적 사항에 관하여 목적, 범위, 기본 기준을 명시하지 아니하고 전면적·포괄적으로 위임하는 규정은 무효로 한다. 위임 규정은 최소한 다음 각 호의 요소를 명시하여야 한다.
XR-00505	8225	15185	15185	13	SRC-C13-L08223	REN-C16-A0032	제16장 제3절 제32조	제25조	제16장 제31조	제16장 제31조	치환	article	REN-C16-A0031			R3.0 구 위치–신 위치 대응	 / 	핵심 장비·소프트웨어는 공개 검증성을 갖추어야 한다. 최소 공개 범위·방법·보안 한계는 제25조 및 연방 선거감독청 고시로 정한다.
XR-00506	8257	15977	15977	13	SRC-C13-L08249	REN-C16-A0067	제16장 제9절 제67조	제38조	제16장 제80조	제16장 제80조	치환	article	REN-C16-A0080			R3.0 구 위치–신 위치 대응	 / 	위반 시 제38조 및 관련 법령에 따른 처벌을 병과한다.
XR-00507	8354	16034	16034	13	SRC-C13-L08349	REN-C16-A0070	제16장 제9절 제70조	제70조	제16장 제72조	제16장 제72조	치환	article	REN-C16-A0072			R3.0 구 위치–신 위치 대응	 / 	편성·배분·토론구조는 제70조 및 제71조의 원칙을 따른다.
XR-00508	8354	16034	16034	13	SRC-C13-L08349	REN-C16-A0070	제16장 제9절 제70조	제71조	제16장 제73조	제16장 제73조	치환	article	REN-C16-A0073			R3.0 구 위치–신 위치 대응	 / 	편성·배분·토론구조는 제70조 및 제71조의 원칙을 따른다.
XR-00509	8360	16268	16268	13	SRC-C13-L08358	REN-C16-A0080	제16장 제10절 제80조	본 장	[[05_원범위_보존_참조표#^scope-c13|제6장·제14장·제16장 중 선거 대응규정]]	[[05_원범위_보존_참조표#^scope-c13|제6장·제14장·제16장 중 선거 대응규정]]	치환	scope	REN-C06-A0009;REN-C06-A0010;REN-C06-A0011;REN-C06-A0027;REN-C14-A0031;REN-C16-A0001;REN-C16-A0002;REN-C16-A0003;REN-C16-A0004;REN-C16-A0005;REN-C16-A0006;REN-C16-A0007;REN-C16-A0008;REN-C16-A0009;REN-C16-A0010;REN-C16-A0011;REN-C16-A0012;REN-C16-A0013;REN-C16-A0014;REN-C16-A0015;REN-C16-A0016;REN-C16-A0017;REN-C16-A0018;REN-C16-A0019;REN-C16-A0020;REN-C16-A0021;REN-C16-A0022;REN-C16-A0023;REN-C16-A0024;REN-C16-A0025;REN-C16-A0026;REN-C16-A0027;REN-C16-A0028;REN-C16-A0029;REN-C16-A0030;REN-C16-A0031;REN-C16-A0032;REN-C16-A0033;REN-C16-A0034;REN-C16-A0035;REN-C16-A0036;REN-C16-A0037;REN-C16-A0038;REN-C16-A0039;REN-C16-A0040;REN-C16-A0041;REN-C16-A0042;REN-C16-A0043;REN-C16-A0044;REN-C16-A0045;REN-C16-A0046;REN-C16-A0047;REN-C16-A0048;REN-C16-A0049;REN-C16-A0050;REN-C16-A0051;REN-C16-A0052;REN-C16-A0053;REN-C16-A0054;REN-C16-A0055;REN-C16-A0056;REN-C16-A0057;REN-C16-A0058;REN-C16-A0059;REN-C16-A0060;REN-C16-A0061;REN-C16-A0062;REN-C16-A0063;REN-C16-A0064;REN-C16-A0065;REN-C16-A0066;REN-C16-A0067;REN-C16-A0068;REN-C16-A0069;REN-C16-A0070;REN-C16-A0071;REN-C16-A0072;REN-C16-A0073;REN-C16-A0074;REN-C16-A0075;REN-C16-A0076;REN-C16-A0077;REN-C16-A0078;REN-C16-A0079;REN-C16-A0080;REN-C16-A0081;REN-C16-A0082		c13	R3.0 구 위치–신 위치 대응	 / 	부정선거·외국영향·임프린트 위반 등 본 장 위반은 가중처벌한다. 세부 범죄 구성요건·형량은 연방 법률의 형사법 및 연방 행정명령이 정한다.
XR-00510	8366	15330	15330	13	SRC-C13-L08364	REN-C16-A0039	제16장 제3절 제39조	본 장	[[05_원범위_보존_참조표#^scope-c13|제6장·제14장·제16장 중 선거 대응규정]]	[[05_원범위_보존_참조표#^scope-c13|제6장·제14장·제16장 중 선거 대응규정]]	치환	scope	REN-C06-A0009;REN-C06-A0010;REN-C06-A0011;REN-C06-A0027;REN-C14-A0031;REN-C16-A0001;REN-C16-A0002;REN-C16-A0003;REN-C16-A0004;REN-C16-A0005;REN-C16-A0006;REN-C16-A0007;REN-C16-A0008;REN-C16-A0009;REN-C16-A0010;REN-C16-A0011;REN-C16-A0012;REN-C16-A0013;REN-C16-A0014;REN-C16-A0015;REN-C16-A0016;REN-C16-A0017;REN-C16-A0018;REN-C16-A0019;REN-C16-A0020;REN-C16-A0021;REN-C16-A0022;REN-C16-A0023;REN-C16-A0024;REN-C16-A0025;REN-C16-A0026;REN-C16-A0027;REN-C16-A0028;REN-C16-A0029;REN-C16-A0030;REN-C16-A0031;REN-C16-A0032;REN-C16-A0033;REN-C16-A0034;REN-C16-A0035;REN-C16-A0036;REN-C16-A0037;REN-C16-A0038;REN-C16-A0039;REN-C16-A0040;REN-C16-A0041;REN-C16-A0042;REN-C16-A0043;REN-C16-A0044;REN-C16-A0045;REN-C16-A0046;REN-C16-A0047;REN-C16-A0048;REN-C16-A0049;REN-C16-A0050;REN-C16-A0051;REN-C16-A0052;REN-C16-A0053;REN-C16-A0054;REN-C16-A0055;REN-C16-A0056;REN-C16-A0057;REN-C16-A0058;REN-C16-A0059;REN-C16-A0060;REN-C16-A0061;REN-C16-A0062;REN-C16-A0063;REN-C16-A0064;REN-C16-A0065;REN-C16-A0066;REN-C16-A0067;REN-C16-A0068;REN-C16-A0069;REN-C16-A0070;REN-C16-A0071;REN-C16-A0072;REN-C16-A0073;REN-C16-A0074;REN-C16-A0075;REN-C16-A0076;REN-C16-A0077;REN-C16-A0078;REN-C16-A0079;REN-C16-A0080;REN-C16-A0081;REN-C16-A0082		c13	R3.0 구 위치–신 위치 대응	 / 	본 장의 시간표기는 하루는 24시간이라는 기준을 사용한다.
XR-00511	8398	15363	15363	13	SRC-C13-L08393	REN-C16-A0040	제16장 제4절 제40조	제13조 제1항	제16장 제11조 제1항	제16장 제11조 제1항	치환	subordinate	REN-C16-A0011	SRC-C13-L07850-N001--REN-C16-A0011		R3.0 구 위치–신 위치 대응	 / 	본 선거는 보통·평등·직접·비밀·자유의 원칙에 따른다(제13조 제1항 참조). FEW(연방선거주간) 내 표준 48시간 주간(제20조의2) 및 조정 규칙(제20조의3)을 적용한다.
XR-00512	8398	15363	15363	13	SRC-C13-L08393	REN-C16-A0040	제16장 제4절 제40조	제20조의2	제16장 제24조	제16장 제24조	치환	article	REN-C16-A0024			R3.0 구 위치–신 위치 대응	 / 	본 선거는 보통·평등·직접·비밀·자유의 원칙에 따른다(제13조 제1항 참조). FEW(연방선거주간) 내 표준 48시간 주간(제20조의2) 및 조정 규칙(제20조의3)을 적용한다.
XR-00513	8398	15363	15363	13	SRC-C13-L08393	REN-C16-A0040	제16장 제4절 제40조	제20조의3	제16장 제25조	제16장 제25조	치환	article	REN-C16-A0025			R3.0 구 위치–신 위치 대응	 / 	본 선거는 보통·평등·직접·비밀·자유의 원칙에 따른다(제13조 제1항 참조). FEW(연방선거주간) 내 표준 48시간 주간(제20조의2) 및 조정 규칙(제20조의3)을 적용한다.
XR-00514	8407	15382	15382	13	SRC-C13-L08405	REN-C16-A0041	제16장 제4절 제41조	제16조	제16장 제14조	제16장 제14조	치환	article	REN-C16-A0014			R3.0 구 위치–신 위치 대응	 / 	후보조(의장·부의장)는 ICX 유효(제16조) 및 JSA 합격(제19조)을 요한다.
XR-00515	8407	15382	15382	13	SRC-C13-L08405	REN-C16-A0041	제16장 제4절 제41조	제19조	제16장 제18조	제16장 제18조	치환	article	REN-C16-A0018			R3.0 구 위치–신 위치 대응	 / 	후보조(의장·부의장)는 ICX 유효(제16조) 및 JSA 합격(제19조)을 요한다.
XR-00516	8410	15385	15385	13	SRC-C13-L08405	REN-C16-A0041	제16장 제4절 제41조	제1절 제3조 제2항 제2호	제16장 제3조 제1항의 직제 목록 제2번 항목	제16장 제3조 제1항의 직제 목록 제2번 항목[^r4-xr-00516]	원문 대조 보정 후 치환	subordinate	REN-C16-A0003	SRC-C13-L07665-N001--REN-C16-A0003		원문 인용블록 목록과 R3.0 부모항의 직접 대응	 / 원문 L7671의 인용블록 숫자목록을 직접 확인. R3.0에는 독립 호 노드가 없으므로 제1항의 보존된 직제 목록 항목으로 연결; 법정 호 신설 없음 / 원문에 명시된 후보자등록위원회 명칭과 일치하는 직제 목록은 제2항이 아니라 제1항 아래에 있음	후보 등록·검증·결격 판단·공고는 후보자등록위원회가 관장한다(제1절 제3조 제2항 제2호 참조).
XR-00517	8428	15423	15423	13	SRC-C13-L08426	REN-C16-A0043	제16장 제4절 제43조	제3조의1~4	제5장 제10조 및 제5장 제11조 및 제5장 제12조 및 제5장 제13조	제5장 제10조 및 제5장 제11조 및 제5장 제12조 및 제5장 제13조[^r4-xr-00517]	원문 대조 보정 후 치환	article	REN-C05-A0010;REN-C05-A0011;REN-C05-A0012;REN-C05-A0013			원문 기관명·네 가지조문 표제의 결합 대조	 / 원문이 “해당 기관을 서술한 장”으로 지시하며 의장·부의장 임기·승계의 네 가지조문은 구 제4장 제3조의1~4에 존재함. 생략 장을 명시하고 가지조문 범위 전부 연결	연방 최고평의회 의장·부의장의 임기·연속 재임 제한·휴임 기간·승계·공석 보충은 해당 기관을 서술한 장(제3조의1~4 참조)을 따른다.
XR-00518	8448	15453	15453	13	SRC-C13-L08434	REN-C16-A0044	제16장 제5절 제44조	제13장(선거기관)	[[05_원범위_보존_참조표#^scope-c13|제6장·제14장·제16장 중 선거 대응규정]]	[[05_원범위_보존_참조표#^scope-c13|제6장·제14장·제16장 중 선거 대응규정]]	치환	scope	REN-C06-A0009;REN-C06-A0010;REN-C06-A0011;REN-C06-A0027;REN-C14-A0031;REN-C16-A0001;REN-C16-A0002;REN-C16-A0003;REN-C16-A0004;REN-C16-A0005;REN-C16-A0006;REN-C16-A0007;REN-C16-A0008;REN-C16-A0009;REN-C16-A0010;REN-C16-A0011;REN-C16-A0012;REN-C16-A0013;REN-C16-A0014;REN-C16-A0015;REN-C16-A0016;REN-C16-A0017;REN-C16-A0018;REN-C16-A0019;REN-C16-A0020;REN-C16-A0021;REN-C16-A0022;REN-C16-A0023;REN-C16-A0024;REN-C16-A0025;REN-C16-A0026;REN-C16-A0027;REN-C16-A0028;REN-C16-A0029;REN-C16-A0030;REN-C16-A0031;REN-C16-A0032;REN-C16-A0033;REN-C16-A0034;REN-C16-A0035;REN-C16-A0036;REN-C16-A0037;REN-C16-A0038;REN-C16-A0039;REN-C16-A0040;REN-C16-A0041;REN-C16-A0042;REN-C16-A0043;REN-C16-A0044;REN-C16-A0045;REN-C16-A0046;REN-C16-A0047;REN-C16-A0048;REN-C16-A0049;REN-C16-A0050;REN-C16-A0051;REN-C16-A0052;REN-C16-A0053;REN-C16-A0054;REN-C16-A0055;REN-C16-A0056;REN-C16-A0057;REN-C16-A0058;REN-C16-A0059;REN-C16-A0060;REN-C16-A0061;REN-C16-A0062;REN-C16-A0063;REN-C16-A0064;REN-C16-A0065;REN-C16-A0066;REN-C16-A0067;REN-C16-A0068;REN-C16-A0069;REN-C16-A0070;REN-C16-A0071;REN-C16-A0072;REN-C16-A0073;REN-C16-A0074;REN-C16-A0075;REN-C16-A0076;REN-C16-A0077;REN-C16-A0078;REN-C16-A0079;REN-C16-A0080;REN-C16-A0081;REN-C16-A0082		c13	R3.0 구 위치–신 위치 대응	 / 	임기 개시·종료일, 보궐·재선거, 선거 효력의 확정·공표, 당선인 결정·등록 절차의 기준은 연방 법률·황제령으로 정한다. 관리·집행은 제13장(선거기관)에 따른다.
XR-00519	8473	12129	12129	13	SRC-C13-L08471	REN-C14-A0031	제14장 제9절 제31조	제11장`(국가방위)`	[[05_원범위_보존_참조표#^scope-c11|제3장·제9장·제12장·제13장·제14장·제15장·제18장·제21장 중 국가방위·비상사태 대응규정]]	[[05_원범위_보존_참조표#^scope-c11|제3장·제9장·제12장·제13장·제14장·제15장·제18장·제21장 중 국가방위·비상사태 대응규정]]	치환	scope	REN-C03-A0001;REN-C03-A0002;REN-C03-A0003;REN-C09-A0021;REN-C12-A0021;REN-C12-A0033;REN-C13-A0001;REN-C13-A0002;REN-C13-A0003;REN-C13-A0004;REN-C13-A0005;REN-C13-A0006;REN-C13-A0007;REN-C13-A0008;REN-C13-A0009;REN-C13-A0010;REN-C13-A0011;REN-C13-A0012;REN-C13-A0013;REN-C13-A0014;REN-C13-A0015;REN-C13-A0017;REN-C13-A0018;REN-C13-A0019;REN-C13-A0020;REN-C13-A0021;REN-C13-A0022;REN-C13-A0024;REN-C13-A0025;REN-C13-A0026;REN-C13-A0027;REN-C14-A0001;REN-C14-A0002;REN-C14-A0003;REN-C14-A0004;REN-C14-A0006;REN-C14-A0007;REN-C14-A0008;REN-C14-A0010;REN-C14-A0011;REN-C14-A0013;REN-C14-A0014;REN-C14-A0020;REN-C14-A0021;REN-C14-A0022;REN-C14-A0023;REN-C14-A0024;REN-C14-A0028;REN-C14-A0039;REN-C14-A0040;REN-C14-A0041;REN-C14-A0042;REN-C14-A0043;REN-C15-A0064;REN-C15-A0072;REN-C18-A0028;REN-C18-A0029;REN-C18-A0056;REN-C21-A0010		c11	R3.0 구 위치–신 위치 대응	 / 	전시, 대규모 재난, 국가비상사태 또는 제11장`(국가방위)`에서 정하거나 이에 준하는 사태가 발생하여 FEW`(연방선거주간)`의 정상적인 진행이 현저히 곤란한 경우, 연방 선거감독청은 연방 황제의 재가를 얻어 FEW`(연방선거주간)`의 연기, 단축, 분할 실시를 결정할 수 있다.
XR-00520	8476	12132	12132	13	SRC-C13-L08471	REN-C14-A0031	제14장 제9절 제31조	제1항	제14장 제31조 제1항	제14장 제31조 제1항	치환	subordinate	REN-C14-A0031	SRC-C13-L08471-N001--REN-C14-A0031		R3.0 구 위치–신 위치 대응	 / 	제1항에 따른 결정은 선거의 자유·공정·평등 원칙을 가능한 한 유지하는 범위에서 최소한으로 이루어져야 하며, 사태의 경과에 따라 지체 없이 원상 회복을 목표로 하여야 한다.
XR-00521	8479	12135	12135	13	SRC-C13-L08471	REN-C14-A0031	제14장 제9절 제31조	제11장`(국가방위)`	[[05_원범위_보존_참조표#^scope-c11|제3장·제9장·제12장·제13장·제14장·제15장·제18장·제21장 중 국가방위·비상사태 대응규정]]	[[05_원범위_보존_참조표#^scope-c11|제3장·제9장·제12장·제13장·제14장·제15장·제18장·제21장 중 국가방위·비상사태 대응규정]]	치환	scope	REN-C03-A0001;REN-C03-A0002;REN-C03-A0003;REN-C09-A0021;REN-C12-A0021;REN-C12-A0033;REN-C13-A0001;REN-C13-A0002;REN-C13-A0003;REN-C13-A0004;REN-C13-A0005;REN-C13-A0006;REN-C13-A0007;REN-C13-A0008;REN-C13-A0009;REN-C13-A0010;REN-C13-A0011;REN-C13-A0012;REN-C13-A0013;REN-C13-A0014;REN-C13-A0015;REN-C13-A0017;REN-C13-A0018;REN-C13-A0019;REN-C13-A0020;REN-C13-A0021;REN-C13-A0022;REN-C13-A0024;REN-C13-A0025;REN-C13-A0026;REN-C13-A0027;REN-C14-A0001;REN-C14-A0002;REN-C14-A0003;REN-C14-A0004;REN-C14-A0006;REN-C14-A0007;REN-C14-A0008;REN-C14-A0010;REN-C14-A0011;REN-C14-A0013;REN-C14-A0014;REN-C14-A0020;REN-C14-A0021;REN-C14-A0022;REN-C14-A0023;REN-C14-A0024;REN-C14-A0028;REN-C14-A0039;REN-C14-A0040;REN-C14-A0041;REN-C14-A0042;REN-C14-A0043;REN-C15-A0064;REN-C15-A0072;REN-C18-A0028;REN-C18-A0029;REN-C18-A0056;REN-C21-A0010		c11	R3.0 구 위치–신 위치 대응	 / 	FEW`(연방선거주간)`의 연공고 방식 및 이에 따른 임기 연장, 공백 방지 조치는 제11장`(국가방위)`, 제14장`(개헌)`의 규정을 고려하여 연방 법률·황제령으로 정한다.
XR-00522	8479	12135	12135	13	SRC-C13-L08471	REN-C14-A0031	제14장 제9절 제31조	제14장`(개헌)`	[[05_원범위_보존_참조표#^scope-c14|제17장·제21장 중 개헌 대응규정]]	[[05_원범위_보존_참조표#^scope-c14|제17장·제21장 중 개헌 대응규정]]	치환	scope	REN-C17-A0001;REN-C17-A0002;REN-C17-A0003;REN-C17-A0004;REN-C17-A0005;REN-C17-A0008;REN-C17-A0009;REN-C17-A0010;REN-C17-A0011;REN-C17-A0012;REN-C17-A0013;REN-C17-A0014;REN-C17-A0015;REN-C17-A0016;REN-C17-A0017;REN-C17-A0018;REN-C17-A0019;REN-C17-A0020;REN-C17-A0021;REN-C17-A0022;REN-C17-A0023;REN-C17-A0024;REN-C21-A0008;REN-C21-A0011;REN-C21-A0012		c14	R3.0 구 위치–신 위치 대응	 / 	FEW`(연방선거주간)`의 연공고 방식 및 이에 따른 임기 연장, 공백 방지 조치는 제11장`(국가방위)`, 제14장`(개헌)`의 규정을 고려하여 연방 법률·황제령으로 정한다.
XR-00523	8521	15545	15545	13	SRC-C13-L08510	REN-C16-A0048	제16장 제5절 제48조	제13장(선거)	[[05_원범위_보존_참조표#^scope-c13|제6장·제14장·제16장 중 선거 대응규정]]	[[05_원범위_보존_참조표#^scope-c13|제6장·제14장·제16장 중 선거 대응규정]]	치환	scope	REN-C06-A0009;REN-C06-A0010;REN-C06-A0011;REN-C06-A0027;REN-C14-A0031;REN-C16-A0001;REN-C16-A0002;REN-C16-A0003;REN-C16-A0004;REN-C16-A0005;REN-C16-A0006;REN-C16-A0007;REN-C16-A0008;REN-C16-A0009;REN-C16-A0010;REN-C16-A0011;REN-C16-A0012;REN-C16-A0013;REN-C16-A0014;REN-C16-A0015;REN-C16-A0016;REN-C16-A0017;REN-C16-A0018;REN-C16-A0019;REN-C16-A0020;REN-C16-A0021;REN-C16-A0022;REN-C16-A0023;REN-C16-A0024;REN-C16-A0025;REN-C16-A0026;REN-C16-A0027;REN-C16-A0028;REN-C16-A0029;REN-C16-A0030;REN-C16-A0031;REN-C16-A0032;REN-C16-A0033;REN-C16-A0034;REN-C16-A0035;REN-C16-A0036;REN-C16-A0037;REN-C16-A0038;REN-C16-A0039;REN-C16-A0040;REN-C16-A0041;REN-C16-A0042;REN-C16-A0043;REN-C16-A0044;REN-C16-A0045;REN-C16-A0046;REN-C16-A0047;REN-C16-A0048;REN-C16-A0049;REN-C16-A0050;REN-C16-A0051;REN-C16-A0052;REN-C16-A0053;REN-C16-A0054;REN-C16-A0055;REN-C16-A0056;REN-C16-A0057;REN-C16-A0058;REN-C16-A0059;REN-C16-A0060;REN-C16-A0061;REN-C16-A0062;REN-C16-A0063;REN-C16-A0064;REN-C16-A0065;REN-C16-A0066;REN-C16-A0067;REN-C16-A0068;REN-C16-A0069;REN-C16-A0070;REN-C16-A0071;REN-C16-A0072;REN-C16-A0073;REN-C16-A0074;REN-C16-A0075;REN-C16-A0076;REN-C16-A0077;REN-C16-A0078;REN-C16-A0079;REN-C16-A0080;REN-C16-A0081;REN-C16-A0082		c13	R3.0 구 위치–신 위치 대응	 / 	연방 상원의회 선거의 명부 유형(폐쇠·개방·준개방 등)과 개인득표 반영 임계값 등 세부는 제13장(선거) 및 연방 선거에 관한 연방 법률·황제령으로 정한다.
XR-00524	8530	15554	15554	13	SRC-C13-L08510	REN-C16-A0048	제16장 제5절 제48조	본 장 제52조	제16장 제50조	제16장 제50조	치환	article	REN-C16-A0050			R3.0 구 위치–신 위치 대응	 / 	공석 발생 시 동일 명부 차순을 우선 승계하고, 명부가 고갈된 경우 권역 차점순으로 승계한다(본 장 제52조 참조).
XR-00525	8533	15557	15557	13	SRC-C13-L08510	REN-C16-A0048	제16장 제5절 제48조	본 장 제21조	제16장 제27조	제16장 제27조	치환	article	REN-C16-A0027			R3.0 구 위치–신 위치 대응	 / 	연방 상원의 1/3 갱신 제도 운용과 권역 대표성의 연속성 확보를 위한 세부는 연방 법률로 정한다(본 장 제21조 참조).
XR-00526	8548	15592	15592	13	SRC-C13-L08546	REN-C16-A0050	제16장 제5절 제50조	본 장 제25조		〔구 인용: 본 장 제25조 · 대상 확인 필요〕[^r4-xr-00526]	확인 필요·치환 보류	number				원문 인용대상 확인 보류	피선거권 박탈과 연결했으나 구 제13장 제25조는 기술 기준임 / 참조번호가 존재하는 것과 인용 취지가 일치하는 것은 별개이므로 원문 인용을 명시적으로 보류	연방 의원의 사망·사퇴·자격상실형 확정·당선무효·겸직금지 위반, 본 장 제25조에 따른 피선거권 박탈 처분의 통지 및 기타 연방 법률·황제령이 정하는 사유로 공석이 발생한 때에는, 그 시점에서 공석이 즉시 확정된다. 각 원은 지체 없이 이를 통지·공고하고 본 조 제2-6항의 절차를 개시한다.
XR-00527	8548	15592	15592	13	SRC-C13-L08546	REN-C16-A0050	제16장 제5절 제50조	본 조 제2-6항	제16장 제50조 제2항 및 제16장 제50조 제3항 및 제16장 제50조 제4항 및 제16장 제50조 제5항 및 제16장 제50조 제6항	제16장 제50조 제2항 및 제16장 제50조 제3항 및 제16장 제50조 제4항 및 제16장 제50조 제5항 및 제16장 제50조 제6항	치환	subordinate	REN-C16-A0050	SRC-C13-L08546-N002--REN-C16-A0050;SRC-C13-L08546-N003--REN-C16-A0050;SRC-C13-L08546-N004--REN-C16-A0050;SRC-C13-L08546-N005--REN-C16-A0050;SRC-C13-L08546-N006--REN-C16-A0050		R3.0 구 위치–신 위치 대응	 / 	연방 의원의 사망·사퇴·자격상실형 확정·당선무효·겸직금지 위반, 본 장 제25조에 따른 피선거권 박탈 처분의 통지 및 기타 연방 법률·황제령이 정하는 사유로 공석이 발생한 때에는, 그 시점에서 공석이 즉시 확정된다. 각 원은 지체 없이 이를 통지·공고하고 본 조 제2-6항의 절차를 개시한다.
XR-00528	8554	15598	15598	13	SRC-C13-L08546	REN-C16-A0050	제16장 제5절 제50조	본 조 제2항	제16장 제50조 제2항	제16장 제50조 제2항	치환	subordinate	REN-C16-A0050	SRC-C13-L08546-N002--REN-C16-A0050		R3.0 구 위치–신 위치 대응	 / 	본 조 제2항의 차점자 결정에 동수 득표가 있는 때에는, 동수 득표자 간 결선투표를 실시하여 승계 순위를 확정한다. 결선에서도 동수인 경우에는 연방 황제가 해당 결선 후보 중에서 승계자를 지명한다.
XR-00529	8560	15604	15604	13	SRC-C13-L08546	REN-C16-A0050	제16장 제5절 제50조	본 장 제2항	제16장 제50조 제2항	제16장 제50조 제2항[^r4-xr-00529]	원문 대조 보정 후 치환	subordinate	REN-C16-A0050	SRC-C13-L08546-N002--REN-C16-A0050		원문 내 표제·병행 인용 대조	 / 원문 제52조 제2항·제4항이 차점승계를 규정함. 항 앞의 “본 장”은 동일 조문 맥락의 “본 조”에 대한 형식 오기로 식별	본 장 제2항 및 제4항 차점 승계가 불가능하거나, 선거 전체의 무효·권역/선거구 중대 경계 변경 등으로 인한 경우에는, 연방 선거감독청이 연방 법률이 정하는 바에 따라 보궐 또는 재선거를 실시한다.
XR-00530	8560	15604	15604	13	SRC-C13-L08546	REN-C16-A0050	제16장 제5절 제50조	제4항	제16장 제50조 제4항	제16장 제50조 제4항	치환	subordinate	REN-C16-A0050	SRC-C13-L08546-N004--REN-C16-A0050		R3.0 구 위치–신 위치 대응	 / 	본 장 제2항 및 제4항 차점 승계가 불가능하거나, 선거 전체의 무효·권역/선거구 중대 경계 변경 등으로 인한 경우에는, 연방 선거감독청이 연방 법률이 정하는 바에 따라 보궐 또는 재선거를 실시한다.
XR-00531	8572	16287	16287	13	SRC-C13-L08567	REN-C16-A0081	제16장 제10절 제81조	본 조 제1항	제16장 제81조 제1항	제16장 제81조 제1항	치환	subordinate	REN-C16-A0081	SRC-C13-L08567-N001--REN-C16-A0081		R3.0 구 위치–신 위치 대응	 / 	재직 중인 의원이 본 조 제1항의 사유로 피선거권이 박탈된 경우, 처분 통지 시점에 의원은 즉시 탄핵된 것으로 본다(별도의 의결을 요하지 아니한다). 직위는 즉시 상실되고, 공석이 확정되며, 본 장 제52조에 따라 차점 승계 절차를 즉시 개시한다.
XR-00532	8572	16287	16287	13	SRC-C13-L08567	REN-C16-A0081	제16장 제10절 제81조	본 장 제52조	제16장 제50조	제16장 제50조	치환	article	REN-C16-A0050			R3.0 구 위치–신 위치 대응	 / 	재직 중인 의원이 본 조 제1항의 사유로 피선거권이 박탈된 경우, 처분 통지 시점에 의원은 즉시 탄핵된 것으로 본다(별도의 의결을 요하지 아니한다). 직위는 즉시 상실되고, 공석이 확정되며, 본 장 제52조에 따라 차점 승계 절차를 즉시 개시한다.
XR-00533	8575	16290	16290	13	SRC-C13-L08567	REN-C16-A0081	제16장 제10절 제81조	본 조 제1항	제16장 제81조 제1항	제16장 제81조 제1항	치환	subordinate	REN-C16-A0081	SRC-C13-L08567-N001--REN-C16-A0081		R3.0 구 위치–신 위치 대응	 / 	본 조 제1항의 처분에 대하여는 1회에 한하여 당사자가 연방 헌법원에 이의를 제기할 수 있다. 이의 제기는 공석 확정 및 승계 절차의 진행에 영향을 미치지 아니한다(효력정지 불인정의 원칙). 다만, 연방 법률이 정하는 예외적 요건을 충족하는 경우에 한하여 연방 헌법원이 잠정조치를 명할 수 있다(제6장 참조).
XR-00534	8575	16290	16290	13	SRC-C13-L08567	REN-C16-A0081	제16장 제10절 제81조	제6장	[[05_원범위_보존_참조표#^scope-c06|제7장·제13장·제14장·제17장·제21장 중 사법 대응규정]]	[[05_원범위_보존_참조표#^scope-c06|제7장·제13장·제14장·제17장·제21장 중 사법 대응규정]]	치환	scope	REN-C07-A0001;REN-C07-A0002;REN-C07-A0003;REN-C07-A0004;REN-C07-A0005;REN-C07-A0006;REN-C07-A0007;REN-C07-A0008;REN-C07-A0009;REN-C07-A0010;REN-C07-A0011;REN-C07-A0012;REN-C07-A0013;REN-C07-A0014;REN-C07-A0015;REN-C07-A0016;REN-C07-A0017;REN-C07-A0018;REN-C07-A0019;REN-C07-A0020;REN-C07-A0021;REN-C07-A0022;REN-C07-A0023;REN-C07-A0024;REN-C07-A0025;REN-C07-A0026;REN-C07-A0027;REN-C07-A0028;REN-C07-A0029;REN-C07-A0030;REN-C07-A0031;REN-C07-A0032;REN-C07-A0033;REN-C07-A0034;REN-C07-A0035;REN-C07-A0036;REN-C07-A0037;REN-C07-A0038;REN-C07-A0039;REN-C07-A0040;REN-C07-A0041;REN-C07-A0042;REN-C07-A0043;REN-C07-A0044;REN-C07-A0045;REN-C07-A0046;REN-C07-A0047;REN-C07-A0048;REN-C07-A0049;REN-C07-A0050;REN-C07-A0051;REN-C07-A0052;REN-C07-A0053;REN-C07-A0054;REN-C07-A0055;REN-C07-A0056;REN-C07-A0057;REN-C07-A0058;REN-C13-A0023;REN-C14-A0019;REN-C17-A0006;REN-C17-A0007;REN-C21-S01		c06	R3.0 구 위치–신 위치 대응	 / 	본 조 제1항의 처분에 대하여는 1회에 한하여 당사자가 연방 헌법원에 이의를 제기할 수 있다. 이의 제기는 공석 확정 및 승계 절차의 진행에 영향을 미치지 아니한다(효력정지 불인정의 원칙). 다만, 연방 법률이 정하는 예외적 요건을 충족하는 경우에 한하여 연방 헌법원이 잠정조치를 명할 수 있다(제6장 참조).
XR-00535	8584	16299	16299	13	SRC-C13-L08567	REN-C16-A0081	제16장 제10절 제81조	본 조 제1항	제16장 제81조 제1항	제16장 제81조 제1항	치환	subordinate	REN-C16-A0081	SRC-C13-L08567-N001--REN-C16-A0081		R3.0 구 위치–신 위치 대응	 / 	본 조 제1항의 중대한 사유에는 다음 각 호가 포함된다.
XR-00536	8584	16299	16299	13	SRC-C13-L08567	REN-C16-A0081	제16장 제10절 제81조	각 호	각 호	각 호	일반표현 유지	unchanged-generic				번호 없는 일반 열거표현 유지	 / 	본 조 제1항의 중대한 사유에는 다음 각 호가 포함된다.
XR-00537	8591	16306	16306	13	SRC-C13-L08567	REN-C16-A0081	제16장 제10절 제81조	본 조 제1항	제16장 제81조 제1항	제16장 제81조 제1항	치환	subordinate	REN-C16-A0081	SRC-C13-L08567-N001--REN-C16-A0081		R3.0 구 위치–신 위치 대응	 / 	본 조 제1항의 박탈 사유의 설정·심사·집행에 관하여는 연방 황제 또는 황실 직속기관, 연방 선거감독청 및 관계 기관의 권한과 절차는 연방 법률·황제령으로 정한다.
XR-00538	8597	16322	16322	13	SRC-C13-L08595	REN-C16-A0082	제16장 제10절 제82조	본 장 제53조 제3항	제16장 제81조 제3항	제16장 제81조 제3항	치환	subordinate	REN-C16-A0081	SRC-C13-L08567-N003--REN-C16-A0081		R3.0 구 위치–신 위치 대응	 / 	본 장 제53조 제3항 단서의 효력정지 잠정조치는 중대한 절차상 하자와 회복하기 어려운 손해가 소명된 경우에 한하여 허용한다.
XR-00539	8609	4099	4099	13	SRC-C13-L08601	REN-C06-A0009	제6장 제2절 제9조	본 조 제1항	제6장 제9조 제1항	제6장 제9조 제1항	치환	subordinate	REN-C06-A0009	SRC-C13-L08601-N001--REN-C06-A0009		R3.0 구 위치–신 위치 대응	 / 	본 조 제1항에 의해 선출된 직에 대한 불신임 의결은 재적 3/5 이상으로 한다.
XR-00540	8633	4133	4133	13	SRC-C13-L08619	REN-C06-A0010	제6장 제2절 제10조	제6항	제6장 제10조 제6항	제6장 제10조 제6항	치환	subordinate	REN-C06-A0010	SRC-C13-L08619-N006--REN-C06-A0010		R3.0 구 위치–신 위치 대응	 / 	연방 총의회 의장은 본인의 직계 존·비속, 배우자 또는 본인이 최근 3년 내 유·무상으로 관리·자문·고용 관계를 맺었던 법인·단체와 직접 관련된 안건의 사회·표결에 관여하지 아니한다. 이 경우 사회권만 행사하고 표결권은 정지되며, 대리 사회는 부의장이 수행한다. 신고·제척·회피 절차는 각 원의 규칙으로 정한다(제6항 연동).
XR-00541	8636	4136	4136	13	SRC-C13-L08619	REN-C06-A0010	제6장 제2절 제10조	본 조 제4·5항	제6장 제10조 제4항 및 제6장 제10조 제5항	제6장 제10조 제4항 및 제6장 제10조 제5항	치환	subordinate	REN-C06-A0010	SRC-C13-L08619-N004--REN-C06-A0010;SRC-C13-L08619-N005--REN-C06-A0010		R3.0 구 위치–신 위치 대응	 / 	본 조 제4·5항의 세부 기준은 연방 법률로 정한다.
XR-00542	8651	15623	15623	13	SRC-C13-L08649	REN-C16-A0051	제16장 제5절 제51조	각 호	각 호	각 호	일반표현 유지	unchanged-generic				번호 없는 일반 열거표현 유지	 / 	연방 상·하원 의원의 피선거권은 다음 각 호를 모두 충족한 자에 한한다.
XR-00543	8670	15646	15646	13	SRC-C13-L08668	REN-C16-A0052	제16장 제6절 제52조	본 장	[[05_원범위_보존_참조표#^scope-c13|제6장·제14장·제16장 중 선거 대응규정]]	[[05_원범위_보존_참조표#^scope-c13|제6장·제14장·제16장 중 선거 대응규정]]	치환	scope	REN-C06-A0009;REN-C06-A0010;REN-C06-A0011;REN-C06-A0027;REN-C14-A0031;REN-C16-A0001;REN-C16-A0002;REN-C16-A0003;REN-C16-A0004;REN-C16-A0005;REN-C16-A0006;REN-C16-A0007;REN-C16-A0008;REN-C16-A0009;REN-C16-A0010;REN-C16-A0011;REN-C16-A0012;REN-C16-A0013;REN-C16-A0014;REN-C16-A0015;REN-C16-A0016;REN-C16-A0017;REN-C16-A0018;REN-C16-A0019;REN-C16-A0020;REN-C16-A0021;REN-C16-A0022;REN-C16-A0023;REN-C16-A0024;REN-C16-A0025;REN-C16-A0026;REN-C16-A0027;REN-C16-A0028;REN-C16-A0029;REN-C16-A0030;REN-C16-A0031;REN-C16-A0032;REN-C16-A0033;REN-C16-A0034;REN-C16-A0035;REN-C16-A0036;REN-C16-A0037;REN-C16-A0038;REN-C16-A0039;REN-C16-A0040;REN-C16-A0041;REN-C16-A0042;REN-C16-A0043;REN-C16-A0044;REN-C16-A0045;REN-C16-A0046;REN-C16-A0047;REN-C16-A0048;REN-C16-A0049;REN-C16-A0050;REN-C16-A0051;REN-C16-A0052;REN-C16-A0053;REN-C16-A0054;REN-C16-A0055;REN-C16-A0056;REN-C16-A0057;REN-C16-A0058;REN-C16-A0059;REN-C16-A0060;REN-C16-A0061;REN-C16-A0062;REN-C16-A0063;REN-C16-A0064;REN-C16-A0065;REN-C16-A0066;REN-C16-A0067;REN-C16-A0068;REN-C16-A0069;REN-C16-A0070;REN-C16-A0071;REN-C16-A0072;REN-C16-A0073;REN-C16-A0074;REN-C16-A0075;REN-C16-A0076;REN-C16-A0077;REN-C16-A0078;REN-C16-A0079;REN-C16-A0080;REN-C16-A0081;REN-C16-A0082		c13	R3.0 구 위치–신 위치 대응	 / 	제국도교 대리대표자는 연방과 제국도교 간의 연계·조정 업무를 수행하는 공직으로서, 본 장에 따른 선거로 선출한다.
XR-00544	8673	15649	15649	13	SRC-C13-L08668	REN-C16-A0052	제16장 제6절 제52조	제45조 제2항	제16장 제44조 제2항	제16장 제44조 제2항	치환	subordinate	REN-C16-A0044	SRC-C13-L08434-N002--REN-C16-A0044		R3.0 구 위치–신 위치 대응	 / 	임기는 3년으로 하며, 연방 의회 총선거와 동일한 선거기에 실시한다(제45조 제2항, 제20조의3 참조).
XR-00545	8673	15649	15649	13	SRC-C13-L08668	REN-C16-A0052	제16장 제6절 제52조	제20조의3	제16장 제25조	제16장 제25조	치환	article	REN-C16-A0025			R3.0 구 위치–신 위치 대응	 / 	임기는 3년으로 하며, 연방 의회 총선거와 동일한 선거기에 실시한다(제45조 제2항, 제20조의3 참조).
XR-00546	8676	15652	15652	13	SRC-C13-L08668	REN-C16-A0052	제16장 제6절 제52조	제12조의2	제16장 제14조	제16장 제14조[^r4-xr-00546]	원문 대조 보정 후 치환	article	REN-C16-A0014			원문 내 표제·병행 인용 대조	 / 같은 원문 L7966·L8407에서 ICX 유효요건을 제16조로 반복 인용하고 해당 조 표제가 인지능력 확인 시험임을 대조. 존재하지 않는 제12조의2를 보정	피선거권은 ICX 유효(제12조의2), JSA 합격(제13조의2)을 요한다. 겸직 제한·이해충돌은 제13조·제11조를 준용한다.
XR-00547	8676	15652	15652	13	SRC-C13-L08668	REN-C16-A0052	제16장 제6절 제52조	제13조의2	제16장 제18조	제16장 제18조[^r4-xr-00547]	원문 대조 보정 후 치환	article	REN-C16-A0018			원문 내 표제·병행 인용 대조	 / 같은 원문 L7966·L8407에서 JSA 합격요건을 제19조로 반복 인용하고 해당 조 표제를 대조. 존재하지 않는 제13조의2를 보정	피선거권은 ICX 유효(제12조의2), JSA 합격(제13조의2)을 요한다. 겸직 제한·이해충돌은 제13조·제11조를 준용한다.
XR-00548	8676	15652	15652	13	SRC-C13-L08668	REN-C16-A0052	제16장 제6절 제52조	제13조		〔구 인용: 제13조 · 대상 확인 필요〕[^r4-xr-00548]	확인 필요·치환 보류	number				원문 인용대상 확인 보류	겸직·이해충돌 준용 대상으로 적었으나 구 제13장 제13조는 선거의 민주적 원칙임 / 참조번호가 존재하는 것과 인용 취지가 일치하는 것은 별개이므로 원문 인용을 명시적으로 보류	피선거권은 ICX 유효(제12조의2), JSA 합격(제13조의2)을 요한다. 겸직 제한·이해충돌은 제13조·제11조를 준용한다.
XR-00549	8676	15652	15652	13	SRC-C13-L08668	REN-C16-A0052	제16장 제6절 제52조	제11조	제16장 제9조	제16장 제9조	치환	article	REN-C16-A0009			R3.0 구 위치–신 위치 대응	 / 	피선거권은 ICX 유효(제12조의2), JSA 합격(제13조의2)을 요한다. 겸직 제한·이해충돌은 제13조·제11조를 준용한다.
XR-00550	8688	15674	15674	13	SRC-C13-L08680	REN-C16-A0053	제16장 제6절 제53조	제12조	제16장 제10조	제16장 제10조	치환	article	REN-C16-A0010			R3.0 구 위치–신 위치 대응	 / 	선거권자 범위·명단 정비·등록 절차는 제12조를 준용하되, 제국도교 신분증명·등록기준과의 연계를 위한 특례를 둘 수 있으며, 세부는 연방 법률·황제령에 따른다.
XR-00551	8694	15690	15690	13	SRC-C13-L08692	REN-C16-A0054	제16장 제6절 제54조	제14조	제16장 제12조	제16장 제12조	치환	article	REN-C16-A0012			R3.0 구 위치–신 위치 대응	 / 	초안 공표 후 30일 내에 의견을 수렴하여 10일 이내에 확정한다. 공청회·최종(관보)고시·불복·재심 절차는 제14조·제49조·제51조의 원칙을 준용한다.
XR-00552	8694	15690	15690	13	SRC-C13-L08692	REN-C16-A0054	제16장 제6절 제54조	제49조	제16장 제47조	제16장 제47조	치환	article	REN-C16-A0047			R3.0 구 위치–신 위치 대응	 / 	초안 공표 후 30일 내에 의견을 수렴하여 10일 이내에 확정한다. 공청회·최종(관보)고시·불복·재심 절차는 제14조·제49조·제51조의 원칙을 준용한다.
XR-00553	8694	15690	15690	13	SRC-C13-L08692	REN-C16-A0054	제16장 제6절 제54조	제51조	제16장 제49조	제16장 제49조	치환	article	REN-C16-A0049			R3.0 구 위치–신 위치 대응	 / 	초안 공표 후 30일 내에 의견을 수렴하여 10일 이내에 확정한다. 공청회·최종(관보)고시·불복·재심 절차는 제14조·제49조·제51조의 원칙을 준용한다.
XR-00554	8714	15728	15728	13	SRC-C13-L08709	REN-C16-A0056	제16장 제6절 제56조	본 장	[[05_원범위_보존_참조표#^scope-c13|제6장·제14장·제16장 중 선거 대응규정]]	[[05_원범위_보존_참조표#^scope-c13|제6장·제14장·제16장 중 선거 대응규정]]	치환	scope	REN-C06-A0009;REN-C06-A0010;REN-C06-A0011;REN-C06-A0027;REN-C14-A0031;REN-C16-A0001;REN-C16-A0002;REN-C16-A0003;REN-C16-A0004;REN-C16-A0005;REN-C16-A0006;REN-C16-A0007;REN-C16-A0008;REN-C16-A0009;REN-C16-A0010;REN-C16-A0011;REN-C16-A0012;REN-C16-A0013;REN-C16-A0014;REN-C16-A0015;REN-C16-A0016;REN-C16-A0017;REN-C16-A0018;REN-C16-A0019;REN-C16-A0020;REN-C16-A0021;REN-C16-A0022;REN-C16-A0023;REN-C16-A0024;REN-C16-A0025;REN-C16-A0026;REN-C16-A0027;REN-C16-A0028;REN-C16-A0029;REN-C16-A0030;REN-C16-A0031;REN-C16-A0032;REN-C16-A0033;REN-C16-A0034;REN-C16-A0035;REN-C16-A0036;REN-C16-A0037;REN-C16-A0038;REN-C16-A0039;REN-C16-A0040;REN-C16-A0041;REN-C16-A0042;REN-C16-A0043;REN-C16-A0044;REN-C16-A0045;REN-C16-A0046;REN-C16-A0047;REN-C16-A0048;REN-C16-A0049;REN-C16-A0050;REN-C16-A0051;REN-C16-A0052;REN-C16-A0053;REN-C16-A0054;REN-C16-A0055;REN-C16-A0056;REN-C16-A0057;REN-C16-A0058;REN-C16-A0059;REN-C16-A0060;REN-C16-A0061;REN-C16-A0062;REN-C16-A0063;REN-C16-A0064;REN-C16-A0065;REN-C16-A0066;REN-C16-A0067;REN-C16-A0068;REN-C16-A0069;REN-C16-A0070;REN-C16-A0071;REN-C16-A0072;REN-C16-A0073;REN-C16-A0074;REN-C16-A0075;REN-C16-A0076;REN-C16-A0077;REN-C16-A0078;REN-C16-A0079;REN-C16-A0080;REN-C16-A0081;REN-C16-A0082		c13	R3.0 구 위치–신 위치 대응	 / 	본 장의 공통 규정(제1·2절)과 연방선거주간(FEW) 표준 48시간 투표 시간을 따른다. 실거주 5년 요건은 제17조 제1항 제2호 후단을 따른다.
XR-00555	8714	15728	15728	13	SRC-C13-L08709	REN-C16-A0056	제16장 제6절 제56조	제1·2절	[[05_원범위_보존_참조표#^scope-c13-s23afc905|제16장 중 선거 기관 대응규정]] 및 [[05_원범위_보존_참조표#^scope-c13-s10447ff2|제16장 중 공개·감사·감찰 대응규정]]	[[05_원범위_보존_참조표#^scope-c13-s23afc905|제16장 중 선거 기관 대응규정]] 및 [[05_원범위_보존_참조표#^scope-c13-s10447ff2|제16장 중 공개·감사·감찰 대응규정]]	치환	scope	REN-C16-A0001;REN-C16-A0002;REN-C16-A0003;REN-C16-A0004;REN-C16-A0005;REN-C16-A0006;REN-C16-A0007;REN-C16-A0008;REN-C16-A0009;REN-C16-A0010;REN-C16-A0021;REN-C16-A0022		c13-s23afc905;c13-s10447ff2	R3.0 구 위치–신 위치 대응	 / 	본 장의 공통 규정(제1·2절)과 연방선거주간(FEW) 표준 48시간 투표 시간을 따른다. 실거주 5년 요건은 제17조 제1항 제2호 후단을 따른다.
XR-00556	8714	15728	15728	13	SRC-C13-L08709	REN-C16-A0056	제16장 제6절 제56조	제17조 제1항 제2호	제16장 제16조 제1항의 제2번 열거항목	제16장 제16조 제1항의 제2번 열거항목	치환	subordinate	REN-C16-A0016	SRC-C13-L07937-N003--REN-C16-A0016		R3.0 구 위치–신 위치 대응	 / 원문 숫자목록 인용: 정식 호·목으로 승격하지 않고 원표기 항목을 지시	본 장의 공통 규정(제1·2절)과 연방선거주간(FEW) 표준 48시간 투표 시간을 따른다. 실거주 5년 요건은 제17조 제1항 제2호 후단을 따른다.
XR-00557	8723	15747	15747	13	SRC-C13-L08718	REN-C16-A0057	제16장 제6절 제57조	제11조		〔구 인용: 제11조 · 대상 확인 필요〕[^r4-xr-00557]	확인 필요·치환 보류	number				원문 인용대상 확인 보류	의석 정수·획정·편차의 준용 대상으로 적었으나 구 제13장 제11조는 겸직 제한 규정임 / 참조번호가 존재하는 것과 인용 취지가 일치하는 것은 별개이므로 원문 인용을 명시적으로 보류	의석 정수·획정·편차허용범위·공청회·고시는 제11조·제22조의2의 원칙을 준용한다.
XR-00558	8723	15747	15747	13	SRC-C13-L08718	REN-C16-A0057	제16장 제6절 제57조	제22조의2		〔구 인용: 제22조의2 · 대상 확인 필요〕[^r4-xr-00558]	확인 필요·치환 보류	number				원문 인용대상 확인 보류	구 제13장에 없는 가지조문. 의석·획정 관련 조문 중 의도한 대상을 확정할 근거 부족 / 	의석 정수·획정·편차허용범위·공청회·고시는 제11조·제22조의2의 원칙을 준용한다.
XR-00559	8732	15766	15766	13	SRC-C13-L08727	REN-C16-A0058	제16장 제6절 제58조	제48조의 제4항	제16장 제46조 제4항	제16장 제46조 제4항	치환	subordinate	REN-C16-A0046	SRC-C13-L08483-N004--REN-C16-A0046		R3.0 구 위치–신 위치 대응	 / 	유효 과반 득표자가 없으면 상위 2인 결선투표를 진행한다. 동수의 경우 제48조의 제4항을 준용한다.
XR-00560	8741	15785	15785	13	SRC-C13-L08736	REN-C16-A0059	제16장 제6절 제59조	본 장	[[05_원범위_보존_참조표#^scope-c13|제6장·제14장·제16장 중 선거 대응규정]]	[[05_원범위_보존_참조표#^scope-c13|제6장·제14장·제16장 중 선거 대응규정]]	치환	scope	REN-C06-A0009;REN-C06-A0010;REN-C06-A0011;REN-C06-A0027;REN-C14-A0031;REN-C16-A0001;REN-C16-A0002;REN-C16-A0003;REN-C16-A0004;REN-C16-A0005;REN-C16-A0006;REN-C16-A0007;REN-C16-A0008;REN-C16-A0009;REN-C16-A0010;REN-C16-A0011;REN-C16-A0012;REN-C16-A0013;REN-C16-A0014;REN-C16-A0015;REN-C16-A0016;REN-C16-A0017;REN-C16-A0018;REN-C16-A0019;REN-C16-A0020;REN-C16-A0021;REN-C16-A0022;REN-C16-A0023;REN-C16-A0024;REN-C16-A0025;REN-C16-A0026;REN-C16-A0027;REN-C16-A0028;REN-C16-A0029;REN-C16-A0030;REN-C16-A0031;REN-C16-A0032;REN-C16-A0033;REN-C16-A0034;REN-C16-A0035;REN-C16-A0036;REN-C16-A0037;REN-C16-A0038;REN-C16-A0039;REN-C16-A0040;REN-C16-A0041;REN-C16-A0042;REN-C16-A0043;REN-C16-A0044;REN-C16-A0045;REN-C16-A0046;REN-C16-A0047;REN-C16-A0048;REN-C16-A0049;REN-C16-A0050;REN-C16-A0051;REN-C16-A0052;REN-C16-A0053;REN-C16-A0054;REN-C16-A0055;REN-C16-A0056;REN-C16-A0057;REN-C16-A0058;REN-C16-A0059;REN-C16-A0060;REN-C16-A0061;REN-C16-A0062;REN-C16-A0063;REN-C16-A0064;REN-C16-A0065;REN-C16-A0066;REN-C16-A0067;REN-C16-A0068;REN-C16-A0069;REN-C16-A0070;REN-C16-A0071;REN-C16-A0072;REN-C16-A0073;REN-C16-A0074;REN-C16-A0075;REN-C16-A0076;REN-C16-A0077;REN-C16-A0078;REN-C16-A0079;REN-C16-A0080;REN-C16-A0081;REN-C16-A0082		c13	R3.0 구 위치–신 위치 대응	 / 	자치단위 내 선거관리(유사기구 포함)에 관한 기구가 있는 경우에도, 본 장의 감사·검증·RLA·COC·QF·QF-SEC·API 표준을 우선 적용한다.
XR-00561	8747	15801	15801	13	SRC-C13-L08745	REN-C16-A0060	제16장 제6절 제60조	본 장	[[05_원범위_보존_참조표#^scope-c13|제6장·제14장·제16장 중 선거 대응규정]]	[[05_원범위_보존_참조표#^scope-c13|제6장·제14장·제16장 중 선거 대응규정]]	치환	scope	REN-C06-A0009;REN-C06-A0010;REN-C06-A0011;REN-C06-A0027;REN-C14-A0031;REN-C16-A0001;REN-C16-A0002;REN-C16-A0003;REN-C16-A0004;REN-C16-A0005;REN-C16-A0006;REN-C16-A0007;REN-C16-A0008;REN-C16-A0009;REN-C16-A0010;REN-C16-A0011;REN-C16-A0012;REN-C16-A0013;REN-C16-A0014;REN-C16-A0015;REN-C16-A0016;REN-C16-A0017;REN-C16-A0018;REN-C16-A0019;REN-C16-A0020;REN-C16-A0021;REN-C16-A0022;REN-C16-A0023;REN-C16-A0024;REN-C16-A0025;REN-C16-A0026;REN-C16-A0027;REN-C16-A0028;REN-C16-A0029;REN-C16-A0030;REN-C16-A0031;REN-C16-A0032;REN-C16-A0033;REN-C16-A0034;REN-C16-A0035;REN-C16-A0036;REN-C16-A0037;REN-C16-A0038;REN-C16-A0039;REN-C16-A0040;REN-C16-A0041;REN-C16-A0042;REN-C16-A0043;REN-C16-A0044;REN-C16-A0045;REN-C16-A0046;REN-C16-A0047;REN-C16-A0048;REN-C16-A0049;REN-C16-A0050;REN-C16-A0051;REN-C16-A0052;REN-C16-A0053;REN-C16-A0054;REN-C16-A0055;REN-C16-A0056;REN-C16-A0057;REN-C16-A0058;REN-C16-A0059;REN-C16-A0060;REN-C16-A0061;REN-C16-A0062;REN-C16-A0063;REN-C16-A0064;REN-C16-A0065;REN-C16-A0066;REN-C16-A0067;REN-C16-A0068;REN-C16-A0069;REN-C16-A0070;REN-C16-A0071;REN-C16-A0072;REN-C16-A0073;REN-C16-A0074;REN-C16-A0075;REN-C16-A0076;REN-C16-A0077;REN-C16-A0078;REN-C16-A0079;REN-C16-A0080;REN-C16-A0081;REN-C16-A0082		c13	R3.0 구 위치–신 위치 대응	 / 	자치단위 소환·해임·자치투표의 원칙·절차·효력은 연방 법률 및 연방 자치단위의 내규로 정하되, 본 장의 투명성·검증·보안 원칙을 따라야 한다.
XR-00562	8758	15822	15822	13	SRC-C13-L08756	REN-C16-A0061	제16장 제7절 제61조	제14장`(개헌)`	[[05_원범위_보존_참조표#^scope-c14|제17장·제21장 중 개헌 대응규정]]	[[05_원범위_보존_참조표#^scope-c14|제17장·제21장 중 개헌 대응규정]]	치환	scope	REN-C17-A0001;REN-C17-A0002;REN-C17-A0003;REN-C17-A0004;REN-C17-A0005;REN-C17-A0008;REN-C17-A0009;REN-C17-A0010;REN-C17-A0011;REN-C17-A0012;REN-C17-A0013;REN-C17-A0014;REN-C17-A0015;REN-C17-A0016;REN-C17-A0017;REN-C17-A0018;REN-C17-A0019;REN-C17-A0020;REN-C17-A0021;REN-C17-A0022;REN-C17-A0023;REN-C17-A0024;REN-C21-A0008;REN-C21-A0011;REN-C21-A0012		c14	R3.0 구 위치–신 위치 대응	 / 	신민투표는 원칙적으로 연방선거주간(FEW) 내에 실시한다. 다만, 헌법 개정에 관한 긴급 사안 신민투표에 관하여는 제14장`(개헌)`에 정한 바를 따른다.
XR-00563	8764	15828	15828	13	SRC-C13-L08756	REN-C16-A0061	제16장 제7절 제61조	제20조의3 제2항 제5호	제16장 제25조 제2항의 제5번 열거항목	제16장 제25조 제2항의 제5번 열거항목	치환	subordinate	REN-C16-A0025	SRC-C13-L08052-N007--REN-C16-A0025		R3.0 구 위치–신 위치 대응	 / 원문 숫자목록 인용: 정식 호·목으로 승격하지 않고 원표기 항목을 지시	중대·헌법 사안에 한아여 연방선거주간 내 일요일 23:59까지 연장할 수 있다. 연장은 제20조의3 제2항 제5호에 따른다.
XR-00564	8778	16072	16072	13	SRC-C13-L08773	REN-C16-A0072	제16장 제9절 제72조	제71조(공영배정)	제16장 제73조(공영배정)	제16장 제73조(공영배정)	치환	article	REN-C16-A0073			R3.0 구 위치–신 위치 대응	 / 인용 뒤 설명 '공영배정'은 원 표제와 완전 일치하지 않음; 번호로 존재하는 대상만 대응	편성·배분·토론 구조는 제71조(공영배정) 및 관련 법령에 따른다. 블랙아웃 기간(제27조·제28조)과 충돌하지 않도록 조정한다.
XR-00565	8778	16072	16072	13	SRC-C13-L08773	REN-C16-A0072	제16장 제9절 제72조	제27조	제16장 제66조	제16장 제66조	치환	article	REN-C16-A0066			R3.0 구 위치–신 위치 대응	 / 	편성·배분·토론 구조는 제71조(공영배정) 및 관련 법령에 따른다. 블랙아웃 기간(제27조·제28조)과 충돌하지 않도록 조정한다.
XR-00566	8778	16072	16072	13	SRC-C13-L08773	REN-C16-A0072	제16장 제9절 제72조	제28조	제16장 제67조	제16장 제67조	치환	article	REN-C16-A0067			R3.0 구 위치–신 위치 대응	 / 	편성·배분·토론 구조는 제71조(공영배정) 및 관련 법령에 따른다. 블랙아웃 기간(제27조·제28조)과 충돌하지 않도록 조정한다.
XR-00567	8831	16153	16153	13	SRC-C13-L08817	REN-C16-A0075	제16장 제9절 제75조	제15장`(정보)`	[[05_원범위_보존_참조표#^scope-c15|제2장·제18장·제21장 중 정보 대응규정]]	[[05_원범위_보존_참조표#^scope-c15|제2장·제18장·제21장 중 정보 대응규정]]	치환	scope	REN-C02-A0028;REN-C18-A0001;REN-C18-A0002;REN-C18-A0003;REN-C18-A0004;REN-C18-A0005;REN-C18-A0006;REN-C18-A0007;REN-C18-A0008;REN-C18-A0009;REN-C18-A0010;REN-C18-A0011;REN-C18-A0012;REN-C18-A0013;REN-C18-A0014;REN-C18-A0015;REN-C18-A0016;REN-C18-A0017;REN-C18-A0018;REN-C18-A0019;REN-C18-A0020;REN-C18-A0021;REN-C18-A0022;REN-C18-A0023;REN-C18-A0024;REN-C18-A0025;REN-C18-A0026;REN-C18-A0027;REN-C18-A0030;REN-C18-A0031;REN-C18-A0032;REN-C18-A0033;REN-C18-A0034;REN-C18-A0035;REN-C18-A0036;REN-C18-A0037;REN-C18-A0038;REN-C18-A0039;REN-C18-A0040;REN-C18-A0041;REN-C18-A0042;REN-C18-A0043;REN-C18-A0044;REN-C18-A0045;REN-C18-A0046;REN-C18-A0047;REN-C18-A0048;REN-C18-A0049;REN-C18-A0050;REN-C18-A0051;REN-C18-A0052;REN-C18-A0053;REN-C18-A0054;REN-C18-A0055;REN-C21-A0002		c15	R3.0 구 위치–신 위치 대응	 / 	정당의 정치자금 수입·지출 자료는 제15장`(정보)`에서 정한 원칙에 따라 기계판독 가능한 개방형 형식으로 공개하여야 한다. 정당이 정책 개발, 입법 활동에 지출한 비용 정보는 제6장`(입법)`에서 정한 RIA`(규제영향분석)`, FIA`(재정영향분석)`, CGIM`(거버넌스·제도 영향매트릭스)` 등과 연계하여 관리·분석될 수 있다.
XR-00568	8831	16153	16153	13	SRC-C13-L08817	REN-C16-A0075	제16장 제9절 제75조	제6장`(입법)`	[[05_원범위_보존_참조표#^scope-c05|제6장·제9장·제14장·제21장 중 입법 대응규정]]	[[05_원범위_보존_참조표#^scope-c05|제6장·제9장·제14장·제21장 중 입법 대응규정]][^r4-xr-00568]	원문 대조 보정 후 치환	scope	REN-C06-A0001;REN-C06-A0002;REN-C06-A0003;REN-C06-A0004;REN-C06-A0005;REN-C06-A0006;REN-C06-A0007;REN-C06-A0008;REN-C06-A0012;REN-C06-A0013;REN-C06-A0014;REN-C06-A0015;REN-C06-A0016;REN-C06-A0017;REN-C06-A0018;REN-C06-A0019;REN-C06-A0020;REN-C06-A0021;REN-C06-A0022;REN-C06-A0023;REN-C06-A0024;REN-C06-A0025;REN-C06-A0026;REN-C06-A0028;REN-C06-A0029;REN-C06-A0030;REN-C06-A0031;REN-C09-A0012;REN-C09-A0013;REN-C09-A0014;REN-C14-A0018;REN-C21-S11		c05	R3.0 구 위치–신 위치 대응	 / 원문 장 번호·명칭 불일치: 제6장(입법); 원문 목차의 명칭과 일치하는 구 제5장으로 식별	정당의 정치자금 수입·지출 자료는 제15장`(정보)`에서 정한 원칙에 따라 기계판독 가능한 개방형 형식으로 공개하여야 한다. 정당이 정책 개발, 입법 활동에 지출한 비용 정보는 제6장`(입법)`에서 정한 RIA`(규제영향분석)`, FIA`(재정영향분석)`, CGIM`(거버넌스·제도 영향매트릭스)` 등과 연계하여 관리·분석될 수 있다.
XR-00569	8842	16172	16172	13	SRC-C13-L08837	REN-C16-A0076	제16장 제9절 제76조	제71조	제16장 제73조	제16장 제73조	치환	article	REN-C16-A0073			R3.0 구 위치–신 위치 대응	 / 	자격·배분식·용도 제한·정지·환수는 연방 법률·황제령 및 제71조·제72조의 기준에 따른다.
XR-00570	8842	16172	16172	13	SRC-C13-L08837	REN-C16-A0076	제16장 제9절 제76조	제72조	제16장 제74조	제16장 제74조	치환	article	REN-C16-A0074			R3.0 구 위치–신 위치 대응	 / 	자격·배분식·용도 제한·정지·환수는 연방 법률·황제령 및 제71조·제72조의 기준에 따른다.
XR-00571	8854	15878	15878	13	SRC-C13-L08849	REN-C16-A0063	제16장 제8절 제63조	제36조	제16장 제38조	제16장 제38조	치환	article	REN-C16-A0038			R3.0 구 위치–신 위치 대응	 / 	정당 소속 능력자는 내부 등록·교육을 이수하여야 하며, 선거기간 중 능력 사용 제한을 준수한다(제36조 준용).
XR-00572	8899	15928	15928	13	SRC-C13-L08888	REN-C16-A0065	제16장 제8절 제65조	제9절 제72·73조, 제8절 71조, 제10절 74-76조		〔구 인용: 제9절 제72·73조, 제8절 71조, 제10절 74-76조 · 대상 확인 필요〕[^r4-xr-00572]	확인 필요·치환 보류	number				원문 인용대상 확인 보류	원 절 번호·조 번호 소속이 불일치하고 일부 조 표기가 생략됨. 조 번호만 우선해 절을 임의로 교정하지 않음 / 구 제13장 제71조는 제13절, 제72·73조는 제14절, 제74조 이후는 제15절에 속함	집행·배정·재정 관련 후속 제재는 제9절 제72·73조, 제8절 71조, 제10절 74-76조를 따른다.
XR-00573	8913	15854	15854	13	SRC-C13-L08905	REN-C16-A0062	제16장 제7절 제62조	제1장`(권리장전)`	[[05_원범위_보존_참조표#^scope-c01|제1장·제2장·제3장 중 권리장전 대응규정]]	[[05_원범위_보존_참조표#^scope-c01|제1장·제2장·제3장 중 권리장전 대응규정]]	치환	scope	REN-C01-A0001;REN-C01-A0002;REN-C01-A0003;REN-C01-A0004;REN-C01-A0005;REN-C01-A0006;REN-C01-A0007;REN-C01-A0008;REN-C01-A0009;REN-C01-A0010;REN-C01-A0011;REN-C01-A0012;REN-C01-A0013;REN-C01-A0014;REN-C01-A0015;REN-C01-A0016;REN-C01-A0017;REN-C01-A0018;REN-C01-A0019;REN-C01-A0020;REN-C01-A0021;REN-C01-A0022;REN-C01-A0023;REN-C01-A0024;REN-C01-A0025;REN-C01-A0026;REN-C01-A0027;REN-C01-A0028;REN-C01-A0029;REN-C01-A0030;REN-C01-A0031;REN-C01-A0032;REN-C01-A0033;REN-C01-A0034;REN-C01-A0035;REN-C01-A0036;REN-C01-A0037;REN-C01-A0038;REN-C01-A0039;REN-C01-A0040;REN-C01-A0041;REN-C01-A0042;REN-C01-A0043;REN-C01-A0044;REN-C01-A0045;REN-C02-A0029;REN-C03-A0012		c01	R3.0 구 위치–신 위치 대응	 / 	연방 신민은 제1장`(권리장전)` 및 제6장`(입법)`에서 정한 바에 따라 입법, 정책, 헌법 개정에 관한 신민발안을 할 수 있다. 신민발안의 요건, 절차, 효력은 본 장과 제6장`(입법)` 및 제14장`(개헌)`의 규정을 종합하여 해석한다.
XR-00574	8913	15854	15854	13	SRC-C13-L08905	REN-C16-A0062	제16장 제7절 제62조	제6장`(입법)`	[[05_원범위_보존_참조표#^scope-c05|제6장·제9장·제14장·제21장 중 입법 대응규정]]	[[05_원범위_보존_참조표#^scope-c05|제6장·제9장·제14장·제21장 중 입법 대응규정]][^r4-xr-00574]	원문 대조 보정 후 치환	scope	REN-C06-A0001;REN-C06-A0002;REN-C06-A0003;REN-C06-A0004;REN-C06-A0005;REN-C06-A0006;REN-C06-A0007;REN-C06-A0008;REN-C06-A0012;REN-C06-A0013;REN-C06-A0014;REN-C06-A0015;REN-C06-A0016;REN-C06-A0017;REN-C06-A0018;REN-C06-A0019;REN-C06-A0020;REN-C06-A0021;REN-C06-A0022;REN-C06-A0023;REN-C06-A0024;REN-C06-A0025;REN-C06-A0026;REN-C06-A0028;REN-C06-A0029;REN-C06-A0030;REN-C06-A0031;REN-C09-A0012;REN-C09-A0013;REN-C09-A0014;REN-C14-A0018;REN-C21-S11		c05	R3.0 구 위치–신 위치 대응	 / 원문 장 번호·명칭 불일치: 제6장(입법); 원문 목차의 명칭과 일치하는 구 제5장으로 식별	연방 신민은 제1장`(권리장전)` 및 제6장`(입법)`에서 정한 바에 따라 입법, 정책, 헌법 개정에 관한 신민발안을 할 수 있다. 신민발안의 요건, 절차, 효력은 본 장과 제6장`(입법)` 및 제14장`(개헌)`의 규정을 종합하여 해석한다.
XR-00575	8913	15854	15854	13	SRC-C13-L08905	REN-C16-A0062	제16장 제7절 제62조	본 장	[[05_원범위_보존_참조표#^scope-c13|제6장·제14장·제16장 중 선거 대응규정]]	[[05_원범위_보존_참조표#^scope-c13|제6장·제14장·제16장 중 선거 대응규정]]	치환	scope	REN-C06-A0009;REN-C06-A0010;REN-C06-A0011;REN-C06-A0027;REN-C14-A0031;REN-C16-A0001;REN-C16-A0002;REN-C16-A0003;REN-C16-A0004;REN-C16-A0005;REN-C16-A0006;REN-C16-A0007;REN-C16-A0008;REN-C16-A0009;REN-C16-A0010;REN-C16-A0011;REN-C16-A0012;REN-C16-A0013;REN-C16-A0014;REN-C16-A0015;REN-C16-A0016;REN-C16-A0017;REN-C16-A0018;REN-C16-A0019;REN-C16-A0020;REN-C16-A0021;REN-C16-A0022;REN-C16-A0023;REN-C16-A0024;REN-C16-A0025;REN-C16-A0026;REN-C16-A0027;REN-C16-A0028;REN-C16-A0029;REN-C16-A0030;REN-C16-A0031;REN-C16-A0032;REN-C16-A0033;REN-C16-A0034;REN-C16-A0035;REN-C16-A0036;REN-C16-A0037;REN-C16-A0038;REN-C16-A0039;REN-C16-A0040;REN-C16-A0041;REN-C16-A0042;REN-C16-A0043;REN-C16-A0044;REN-C16-A0045;REN-C16-A0046;REN-C16-A0047;REN-C16-A0048;REN-C16-A0049;REN-C16-A0050;REN-C16-A0051;REN-C16-A0052;REN-C16-A0053;REN-C16-A0054;REN-C16-A0055;REN-C16-A0056;REN-C16-A0057;REN-C16-A0058;REN-C16-A0059;REN-C16-A0060;REN-C16-A0061;REN-C16-A0062;REN-C16-A0063;REN-C16-A0064;REN-C16-A0065;REN-C16-A0066;REN-C16-A0067;REN-C16-A0068;REN-C16-A0069;REN-C16-A0070;REN-C16-A0071;REN-C16-A0072;REN-C16-A0073;REN-C16-A0074;REN-C16-A0075;REN-C16-A0076;REN-C16-A0077;REN-C16-A0078;REN-C16-A0079;REN-C16-A0080;REN-C16-A0081;REN-C16-A0082		c13	R3.0 구 위치–신 위치 대응	 / 	연방 신민은 제1장`(권리장전)` 및 제6장`(입법)`에서 정한 바에 따라 입법, 정책, 헌법 개정에 관한 신민발안을 할 수 있다. 신민발안의 요건, 절차, 효력은 본 장과 제6장`(입법)` 및 제14장`(개헌)`의 규정을 종합하여 해석한다.
XR-00576	8913	15854	15854	13	SRC-C13-L08905	REN-C16-A0062	제16장 제7절 제62조	제6장`(입법)`	[[05_원범위_보존_참조표#^scope-c05|제6장·제9장·제14장·제21장 중 입법 대응규정]]	[[05_원범위_보존_참조표#^scope-c05|제6장·제9장·제14장·제21장 중 입법 대응규정]][^r4-xr-00576]	원문 대조 보정 후 치환	scope	REN-C06-A0001;REN-C06-A0002;REN-C06-A0003;REN-C06-A0004;REN-C06-A0005;REN-C06-A0006;REN-C06-A0007;REN-C06-A0008;REN-C06-A0012;REN-C06-A0013;REN-C06-A0014;REN-C06-A0015;REN-C06-A0016;REN-C06-A0017;REN-C06-A0018;REN-C06-A0019;REN-C06-A0020;REN-C06-A0021;REN-C06-A0022;REN-C06-A0023;REN-C06-A0024;REN-C06-A0025;REN-C06-A0026;REN-C06-A0028;REN-C06-A0029;REN-C06-A0030;REN-C06-A0031;REN-C09-A0012;REN-C09-A0013;REN-C09-A0014;REN-C14-A0018;REN-C21-S11		c05	R3.0 구 위치–신 위치 대응	 / 원문 장 번호·명칭 불일치: 제6장(입법); 원문 목차의 명칭과 일치하는 구 제5장으로 식별	연방 신민은 제1장`(권리장전)` 및 제6장`(입법)`에서 정한 바에 따라 입법, 정책, 헌법 개정에 관한 신민발안을 할 수 있다. 신민발안의 요건, 절차, 효력은 본 장과 제6장`(입법)` 및 제14장`(개헌)`의 규정을 종합하여 해석한다.
XR-00577	8913	15854	15854	13	SRC-C13-L08905	REN-C16-A0062	제16장 제7절 제62조	제14장`(개헌)`	[[05_원범위_보존_참조표#^scope-c14|제17장·제21장 중 개헌 대응규정]]	[[05_원범위_보존_참조표#^scope-c14|제17장·제21장 중 개헌 대응규정]]	치환	scope	REN-C17-A0001;REN-C17-A0002;REN-C17-A0003;REN-C17-A0004;REN-C17-A0005;REN-C17-A0008;REN-C17-A0009;REN-C17-A0010;REN-C17-A0011;REN-C17-A0012;REN-C17-A0013;REN-C17-A0014;REN-C17-A0015;REN-C17-A0016;REN-C17-A0017;REN-C17-A0018;REN-C17-A0019;REN-C17-A0020;REN-C17-A0021;REN-C17-A0022;REN-C17-A0023;REN-C17-A0024;REN-C21-A0008;REN-C21-A0011;REN-C21-A0012		c14	R3.0 구 위치–신 위치 대응	 / 	연방 신민은 제1장`(권리장전)` 및 제6장`(입법)`에서 정한 바에 따라 입법, 정책, 헌법 개정에 관한 신민발안을 할 수 있다. 신민발안의 요건, 절차, 효력은 본 장과 제6장`(입법)` 및 제14장`(개헌)`의 규정을 종합하여 해석한다.
XR-00578	8926	16342	16342	14	SRC-C14-L08924	REN-C17-A0001	제17장 제1절 제1조	총강 제20조	총강 제21조 및 제17장 제25조	총강 제21조 및 제17장 제25조	치환	article	REN-C00-A0021;REN-C17-A0025			R3.0 구 위치–신 위치 대응	 / 	개헌은 연방 헌법의 최고규범성을 전제로 하며, 총강 제20조의 정한 절차를 변경하지 아니한다.
XR-00579	8938	16364	16364	14	SRC-C14-L08932	REN-C17-A0002	제17장 제1절 제2조	제1장`(권리장전)`	[[05_원범위_보존_참조표#^scope-c01|제1장·제2장·제3장 중 권리장전 대응규정]]	[[05_원범위_보존_참조표#^scope-c01|제1장·제2장·제3장 중 권리장전 대응규정]]	치환	scope	REN-C01-A0001;REN-C01-A0002;REN-C01-A0003;REN-C01-A0004;REN-C01-A0005;REN-C01-A0006;REN-C01-A0007;REN-C01-A0008;REN-C01-A0009;REN-C01-A0010;REN-C01-A0011;REN-C01-A0012;REN-C01-A0013;REN-C01-A0014;REN-C01-A0015;REN-C01-A0016;REN-C01-A0017;REN-C01-A0018;REN-C01-A0019;REN-C01-A0020;REN-C01-A0021;REN-C01-A0022;REN-C01-A0023;REN-C01-A0024;REN-C01-A0025;REN-C01-A0026;REN-C01-A0027;REN-C01-A0028;REN-C01-A0029;REN-C01-A0030;REN-C01-A0031;REN-C01-A0032;REN-C01-A0033;REN-C01-A0034;REN-C01-A0035;REN-C01-A0036;REN-C01-A0037;REN-C01-A0038;REN-C01-A0039;REN-C01-A0040;REN-C01-A0041;REN-C01-A0042;REN-C01-A0043;REN-C01-A0044;REN-C01-A0045;REN-C02-A0029;REN-C03-A0012		c01	R3.0 구 위치–신 위치 대응	 / 	본 헌법 제1장`(권리장전)`이 보장하는 연방 신민 권리의 본질적 내용을 침해할 수 없다.
XR-00580	8949	16375	16375	14	SRC-C14-L08932	REN-C17-A0002	제17장 제1절 제2조	각 호	각 호	각 호	일반표현 유지	unchanged-generic				번호 없는 일반 열거표현 유지	 / 	다음 각 호는 절대적 개정 한계로서 개정할 수 없다.
XR-00581	8956	16382	16382	14	SRC-C14-L08932	REN-C17-A0002	제17장 제1절 제2조	제9조	제17장 제12조	제17장 제12조	치환	article	REN-C17-A0012			R3.0 구 위치–신 위치 대응	 / 	비상권한을 기간 연장하거나 범위를 확대하려면 제9조의 신민투표 의무 부의 대상에 해당하며, 제10조의 승인 기준과 권역주·성권주 이중다수`(전 연방 권역주·성권주 과반에서 찬성 다수)`를 함께 충족하여야 한다. '신지구: 라리셴베르크' 행성 내의 각 권역급 단위도 성권주와 동등한 지위를 지닌다.
XR-00582	8956	16382	16382	14	SRC-C14-L08932	REN-C17-A0002	제17장 제1절 제2조	제10조	제17장 제13조	제17장 제13조	치환	article	REN-C17-A0013			R3.0 구 위치–신 위치 대응	 / 	비상권한을 기간 연장하거나 범위를 확대하려면 제9조의 신민투표 의무 부의 대상에 해당하며, 제10조의 승인 기준과 권역주·성권주 이중다수`(전 연방 권역주·성권주 과반에서 찬성 다수)`를 함께 충족하여야 한다. '신지구: 라리셴베르크' 행성 내의 각 권역급 단위도 성권주와 동등한 지위를 지닌다.
XR-00583	8959	16385	16385	14	SRC-C14-L08932	REN-C17-A0002	제17장 제1절 제2조	본 조	제17장 제2조	제17장 제2조	치환	article	REN-C17-A0002			R3.0 구 위치–신 위치 대응	 / 	본 조를 위반하여 개정된 조항은 효력이 없으며, 그 무효는 소급한다. 연방 헌법원은 직권 또는 당사자 신청으로 무효확인을 할 수 있다.
XR-00584	8965	16401	16401	14	SRC-C14-L08963	REN-C17-A0003	제17장 제1절 제3조	각 호	각 호	각 호	일반표현 유지	unchanged-generic				번호 없는 일반 열거표현 유지	 / 	개헌에 관한 규범의 해석 순서는 다음 각 호에 따른다.
XR-00585	8966	16402	16402	14	SRC-C14-L08963	REN-C17-A0003	제17장 제1절 제3조	제1장`(권리장전)`	[[05_원범위_보존_참조표#^scope-c01|제1장·제2장·제3장 중 권리장전 대응규정]]	[[05_원범위_보존_참조표#^scope-c01|제1장·제2장·제3장 중 권리장전 대응규정]]	치환	scope	REN-C01-A0001;REN-C01-A0002;REN-C01-A0003;REN-C01-A0004;REN-C01-A0005;REN-C01-A0006;REN-C01-A0007;REN-C01-A0008;REN-C01-A0009;REN-C01-A0010;REN-C01-A0011;REN-C01-A0012;REN-C01-A0013;REN-C01-A0014;REN-C01-A0015;REN-C01-A0016;REN-C01-A0017;REN-C01-A0018;REN-C01-A0019;REN-C01-A0020;REN-C01-A0021;REN-C01-A0022;REN-C01-A0023;REN-C01-A0024;REN-C01-A0025;REN-C01-A0026;REN-C01-A0027;REN-C01-A0028;REN-C01-A0029;REN-C01-A0030;REN-C01-A0031;REN-C01-A0032;REN-C01-A0033;REN-C01-A0034;REN-C01-A0035;REN-C01-A0036;REN-C01-A0037;REN-C01-A0038;REN-C01-A0039;REN-C01-A0040;REN-C01-A0041;REN-C01-A0042;REN-C01-A0043;REN-C01-A0044;REN-C01-A0045;REN-C02-A0029;REN-C03-A0012		c01	R3.0 구 위치–신 위치 대응	 / 	1. 연방 헌법, 제1장`(권리장전)`.
XR-00586	8967	16403	16403	14	SRC-C14-L08963	REN-C17-A0003	제17장 제1절 제3조	총강 제20조`(개헌 절차에 관한 일반 규정)`	총강 제21조 및 제17장 제25조(개헌 절차에 관한 일반 규정)	총강 제21조 및 제17장 제25조(개헌 절차에 관한 일반 규정)	치환	article	REN-C00-A0021;REN-C17-A0025			R3.0 구 위치–신 위치 대응	 / 인용 뒤 설명 '개헌 절차에 관한 일반 규정'은 원 표제와 완전 일치하지 않음; 번호로 존재하는 대상만 대응	2. 연방 헌법, 총강 제20조`(개헌 절차에 관한 일반 규정)`.
XR-00587	8968	16404	16404	14	SRC-C14-L08963	REN-C17-A0003	제17장 제1절 제3조	제14장`(개헌)`	[[05_원범위_보존_참조표#^scope-c14|제17장·제21장 중 개헌 대응규정]]	[[05_원범위_보존_참조표#^scope-c14|제17장·제21장 중 개헌 대응규정]]	치환	scope	REN-C17-A0001;REN-C17-A0002;REN-C17-A0003;REN-C17-A0004;REN-C17-A0005;REN-C17-A0008;REN-C17-A0009;REN-C17-A0010;REN-C17-A0011;REN-C17-A0012;REN-C17-A0013;REN-C17-A0014;REN-C17-A0015;REN-C17-A0016;REN-C17-A0017;REN-C17-A0018;REN-C17-A0019;REN-C17-A0020;REN-C17-A0021;REN-C17-A0022;REN-C17-A0023;REN-C17-A0024;REN-C21-A0008;REN-C21-A0011;REN-C21-A0012		c14	R3.0 구 위치–신 위치 대응	 / 	3. 연방 헌법, 제14장`(개헌)` 및 이를 근거로 한 연방 법률·황제령.
XR-00588	8970	16406	16406	14	SRC-C14-L08963	REN-C17-A0003	제17장 제1절 제3조	총강	[[05_원범위_보존_참조표#^scope-c00|총강·제17장 중 총강 대응규정]]	[[05_원범위_보존_참조표#^scope-c00|총강·제17장 중 총강 대응규정]]	치환	scope	REN-C00-A0001;REN-C00-A0002;REN-C00-A0003;REN-C00-A0004;REN-C00-A0005;REN-C00-A0006;REN-C00-A0007;REN-C00-A0008;REN-C00-A0009;REN-C00-A0010;REN-C00-A0011;REN-C00-A0012;REN-C00-A0013;REN-C00-A0014;REN-C00-A0015;REN-C00-A0016;REN-C00-A0017;REN-C00-A0018;REN-C00-A0019;REN-C00-A0020;REN-C00-A0021;REN-C00-A0022;REN-C17-A0025		c00	R3.0 구 위치–신 위치 대응	 / 	#### 제2항: 총강 절차의 선언
XR-00589	8971	16407	16407	14	SRC-C14-L08963	REN-C17-A0003	제17장 제1절 제3조	본 장	[[05_원범위_보존_참조표#^scope-c14|제17장·제21장 중 개헌 대응규정]]	[[05_원범위_보존_참조표#^scope-c14|제17장·제21장 중 개헌 대응규정]]	치환	scope	REN-C17-A0001;REN-C17-A0002;REN-C17-A0003;REN-C17-A0004;REN-C17-A0005;REN-C17-A0008;REN-C17-A0009;REN-C17-A0010;REN-C17-A0011;REN-C17-A0012;REN-C17-A0013;REN-C17-A0014;REN-C17-A0015;REN-C17-A0016;REN-C17-A0017;REN-C17-A0018;REN-C17-A0019;REN-C17-A0020;REN-C17-A0021;REN-C17-A0022;REN-C17-A0023;REN-C17-A0024;REN-C21-A0008;REN-C21-A0011;REN-C21-A0012		c14	R3.0 구 위치–신 위치 대응	 / 	본 장과 총강 제20조가 충돌하는 경우, 총강 제20조의 개헌 절차 규정이 우선한다.
XR-00590	8971	16407	16407	14	SRC-C14-L08963	REN-C17-A0003	제17장 제1절 제3조	총강 제20조	총강 제21조 및 제17장 제25조	총강 제21조 및 제17장 제25조	치환	article	REN-C00-A0021;REN-C17-A0025			R3.0 구 위치–신 위치 대응	 / 	본 장과 총강 제20조가 충돌하는 경우, 총강 제20조의 개헌 절차 규정이 우선한다.
XR-00591	8971	16407	16407	14	SRC-C14-L08963	REN-C17-A0003	제17장 제1절 제3조	총강 제20조	총강 제21조 및 제17장 제25조	총강 제21조 및 제17장 제25조	치환	article	REN-C00-A0021;REN-C17-A0025			R3.0 구 위치–신 위치 대응	 / 	본 장과 총강 제20조가 충돌하는 경우, 총강 제20조의 개헌 절차 규정이 우선한다.
XR-00592	8974	16410	16410	14	SRC-C14-L08963	REN-C17-A0003	제17장 제1절 제3조	본 장	[[05_원범위_보존_참조표#^scope-c14|제17장·제21장 중 개헌 대응규정]]	[[05_원범위_보존_참조표#^scope-c14|제17장·제21장 중 개헌 대응규정]]	치환	scope	REN-C17-A0001;REN-C17-A0002;REN-C17-A0003;REN-C17-A0004;REN-C17-A0005;REN-C17-A0008;REN-C17-A0009;REN-C17-A0010;REN-C17-A0011;REN-C17-A0012;REN-C17-A0013;REN-C17-A0014;REN-C17-A0015;REN-C17-A0016;REN-C17-A0017;REN-C17-A0018;REN-C17-A0019;REN-C17-A0020;REN-C17-A0021;REN-C17-A0022;REN-C17-A0023;REN-C17-A0024;REN-C21-A0008;REN-C21-A0011;REN-C21-A0012		c14	R3.0 구 위치–신 위치 대응	 / 	본 장과 연방 법률·황제령 등의 동등 혹은 하위 규범이 충돌하면, 본 장을 우선 적용한다.
XR-00593	8974	16410	16410	14	SRC-C14-L08963	REN-C17-A0003	제17장 제1절 제3조	본 장	[[05_원범위_보존_참조표#^scope-c14|제17장·제21장 중 개헌 대응규정]]	[[05_원범위_보존_참조표#^scope-c14|제17장·제21장 중 개헌 대응규정]]	치환	scope	REN-C17-A0001;REN-C17-A0002;REN-C17-A0003;REN-C17-A0004;REN-C17-A0005;REN-C17-A0008;REN-C17-A0009;REN-C17-A0010;REN-C17-A0011;REN-C17-A0012;REN-C17-A0013;REN-C17-A0014;REN-C17-A0015;REN-C17-A0016;REN-C17-A0017;REN-C17-A0018;REN-C17-A0019;REN-C17-A0020;REN-C17-A0021;REN-C17-A0022;REN-C17-A0023;REN-C17-A0024;REN-C21-A0008;REN-C21-A0011;REN-C21-A0012		c14	R3.0 구 위치–신 위치 대응	 / 	본 장과 연방 법률·황제령 등의 동등 혹은 하위 규범이 충돌하면, 본 장을 우선 적용한다.
XR-00594	8982	16428	16428	14	SRC-C14-L08980	REN-C17-A0004	제17장 제2절 제4조	각 호	각 호	각 호	일반표현 유지	unchanged-generic				번호 없는 일반 열거표현 유지	 / 	다음 각 호의 주체는 연방 헌법원에 헌법심사 개시를 요청할 수 있다.
XR-00595	8994	16440	16440	14	SRC-C14-L08980	REN-C17-A0004	제17장 제2절 제4조	총강 제20조	총강 제21조 및 제17장 제25조	총강 제21조 및 제17장 제25조	치환	article	REN-C00-A0021;REN-C17-A0025			R3.0 구 위치–신 위치 대응	 / 	연방 헌법원이 개시를 결정하면, 총강 제20조의 절차가 즉시 개시된 것으로 보며, 대상 조문 선정 및 개정 권고 송달이 이루어진 것으로 간주한다.
XR-00596	9003	16449	16449	14	SRC-C14-L08980	REN-C17-A0004	제17장 제2절 제4조	`제23조`	제21장 제8조	제21장 제8조	치환	article	REN-C21-A0008			R3.0 구 위치–신 위치 대응	 / 	신민발안은 행성 내 권역주·은하 내 성권주 지역 균형 요건을 함께 충족하여야 한다. 구체 기준은 연방 법률·황제령으로 정하되, `제23조`의 정의에 따른 성권주·권역주 분포를 고려하여야 한다.
XR-00597	9011	16467	16467	14	SRC-C14-L09009	REN-C17-A0005	제17장 제2절 제5조	각 호	각 호	각 호	일반표현 유지	unchanged-generic				번호 없는 일반 열거표현 유지	 / 	개시 요청서는 대상 조문, 개정 방향, 필요성과 이유를 기재하고 다음 각 호의 서류를 필수 첨부한다.
XR-00598	9018	16474	16474	14	SRC-C14-L09009	REN-C17-A0005	제17장 제2절 제5조	전 항	제17장 제5조 제1항	제17장 제5조 제1항	치환	subordinate	REN-C17-A0005	SRC-C14-L09009-N001--REN-C17-A0005		R3.0 구 위치–신 위치 대응	 / 	전 항의 서식·메타데이터·코드체계는 연방 황제령으로 정하되, `제14조`에서 정하는 개헌 데이터 스키마`(CAS v1)`에 부합하여야 한다.
XR-00599	9018	16474	16474	14	SRC-C14-L09009	REN-C17-A0005	제17장 제2절 제5조	`제14조`	제17장 제19조	제17장 제19조	치환	article	REN-C17-A0019			R3.0 구 위치–신 위치 대응	 / 	전 항의 서식·메타데이터·코드체계는 연방 황제령으로 정하되, `제14조`에서 정하는 개헌 데이터 스키마`(CAS v1)`에 부합하여야 한다.
XR-00600	9035	16548	16548	14	SRC-C14-L09033	REN-C17-A0008	제17장 제3절 제8조	`총강 제20조`	총강 제21조 및 제17장 제25조	총강 제21조 및 제17장 제25조	치환	article	REN-C00-A0021;REN-C17-A0025			R3.0 구 위치–신 위치 대응	 / 	`총강 제20조`의 개헌 개시 절차는 본 장에 의하여 변경되지 아니한다. 본 장의 내용은 `총강 제20조`의 추가보완으로 한한다.
XR-00601	9035	16548	16548	14	SRC-C14-L09033	REN-C17-A0008	제17장 제3절 제8조	본 장	[[05_원범위_보존_참조표#^scope-c14|제17장·제21장 중 개헌 대응규정]]	[[05_원범위_보존_참조표#^scope-c14|제17장·제21장 중 개헌 대응규정]]	치환	scope	REN-C17-A0001;REN-C17-A0002;REN-C17-A0003;REN-C17-A0004;REN-C17-A0005;REN-C17-A0008;REN-C17-A0009;REN-C17-A0010;REN-C17-A0011;REN-C17-A0012;REN-C17-A0013;REN-C17-A0014;REN-C17-A0015;REN-C17-A0016;REN-C17-A0017;REN-C17-A0018;REN-C17-A0019;REN-C17-A0020;REN-C17-A0021;REN-C17-A0022;REN-C17-A0023;REN-C17-A0024;REN-C21-A0008;REN-C21-A0011;REN-C21-A0012		c14	R3.0 구 위치–신 위치 대응	 / 	`총강 제20조`의 개헌 개시 절차는 본 장에 의하여 변경되지 아니한다. 본 장의 내용은 `총강 제20조`의 추가보완으로 한한다.
XR-00602	9035	16548	16548	14	SRC-C14-L09033	REN-C17-A0008	제17장 제3절 제8조	본 장	[[05_원범위_보존_참조표#^scope-c14|제17장·제21장 중 개헌 대응규정]]	[[05_원범위_보존_참조표#^scope-c14|제17장·제21장 중 개헌 대응규정]]	치환	scope	REN-C17-A0001;REN-C17-A0002;REN-C17-A0003;REN-C17-A0004;REN-C17-A0005;REN-C17-A0008;REN-C17-A0009;REN-C17-A0010;REN-C17-A0011;REN-C17-A0012;REN-C17-A0013;REN-C17-A0014;REN-C17-A0015;REN-C17-A0016;REN-C17-A0017;REN-C17-A0018;REN-C17-A0019;REN-C17-A0020;REN-C17-A0021;REN-C17-A0022;REN-C17-A0023;REN-C17-A0024;REN-C21-A0008;REN-C21-A0011;REN-C21-A0012		c14	R3.0 구 위치–신 위치 대응	 / 	`총강 제20조`의 개헌 개시 절차는 본 장에 의하여 변경되지 아니한다. 본 장의 내용은 `총강 제20조`의 추가보완으로 한한다.
XR-00603	9035	16548	16548	14	SRC-C14-L09033	REN-C17-A0008	제17장 제3절 제8조	`총강 제20조`	총강 제21조 및 제17장 제25조	총강 제21조 및 제17장 제25조	치환	article	REN-C00-A0021;REN-C17-A0025			R3.0 구 위치–신 위치 대응	 / 	`총강 제20조`의 개헌 개시 절차는 본 장에 의하여 변경되지 아니한다. 본 장의 내용은 `총강 제20조`의 추가보완으로 한한다.
XR-00604	9059	16582	16582	14	SRC-C14-L09045	REN-C17-A0009	제17장 제3절 제9조	`제18조 제1항`	제17장 제11조 제1항	제17장 제11조 제1항	치환	subordinate	REN-C17-A0011	SRC-C14-L09270-N001--REN-C17-A0011		R3.0 구 위치–신 위치 대응	 / 	법정 기한 임박 시, 각 원 의장단은 `제18조 제1항`의 경고 공시 기준(T-48·T-24)에 따라 48시간 전에 경고, 24시간 전에 재경고를 실시하고, 12시간 전에 자동상정하며 지연 사유를 공시한다.
XR-00605	9062	16585	16585	14	SRC-C14-L09045	REN-C17-A0009	제17장 제3절 제9조	제3항	제17장 제9조 제3항	제17장 제9조 제3항	치환	subordinate	REN-C17-A0009	SRC-C14-L09045-N003--REN-C17-A0009		R3.0 구 위치–신 위치 대응	 / 	신속처리안건 또는 긴급특례로 지정하는 경우에도 제3항의 정족수 요건은 완화할 수 없다.
XR-00606	9065	16588	16588	14	SRC-C14-L09045	REN-C17-A0009	제17장 제3절 제9조	제4조 제5항	제17장 제4조 제5항	제17장 제4조 제5항	치환	subordinate	REN-C17-A0004	SRC-C14-L08980-N011--REN-C17-A0004		R3.0 구 위치–신 위치 대응	 / 	조정안이 부결되면, 해당 안건은 6개월 간 재상정할 수 없다. 다만, `제4조 제5항 예외 사유`에 해당하는 경우에는 예외로 할 수 있다.
XR-00607	9073	16650	16650	14	SRC-C14-L09071	REN-C17-A0012	제17장 제4절 제12조	각 호	각 호	각 호	일반표현 유지	unchanged-generic				번호 없는 일반 열거표현 유지	 / 	다음 각 호의 어느 하나에 해당하는 개정안은 연방 총의회가 최종안을 확정하기 전에 전 연방 신민투표에 부의하여야 한다.
XR-00608	9080	16657	16657	14	SRC-C14-L09071	REN-C17-A0012	제17장 제4절 제12조	전항	제17장 제12조 제1항	제17장 제12조 제1항	치환	subordinate	REN-C17-A0012	SRC-C14-L09071-N001--REN-C17-A0012		R3.0 구 위치–신 위치 대응	 / 	전항 외의 개정안은 합동의회 재적 3/5의 결의 또는 연방 법률이 정하는 신민서명 요건 충족 시 신민투표에 부의할 수 있다. 이 경우 권리·재정·거버넌스 3축 점수의 합계가 연방 법률로 정한 기준 이상일 때 부의한다.
XR-00609	9088	16665	16665	14	SRC-C14-L09071	REN-C17-A0012	제17장 제4절 제12조	`제1항`	제17장 제12조 제1항	제17장 제12조 제1항	치환	subordinate	REN-C17-A0012	SRC-C14-L09071-N001--REN-C17-A0012		R3.0 구 위치–신 위치 대응	 / 	`제1항` 및 `제2항`의 대상 중 `제2호`에 해당하지 않는 안건으로서, `제13장`에서 정한 FEW(연방 선거 주간) 내에서 실시한다.
XR-00610	9088	16665	16665	14	SRC-C14-L09071	REN-C17-A0012	제17장 제4절 제12조	`제2항`	제17장 제12조 제2항	제17장 제12조 제2항	치환	subordinate	REN-C17-A0012	SRC-C14-L09071-N006--REN-C17-A0012		R3.0 구 위치–신 위치 대응	 / 	`제1항` 및 `제2항`의 대상 중 `제2호`에 해당하지 않는 안건으로서, `제13장`에서 정한 FEW(연방 선거 주간) 내에서 실시한다.
XR-00611	9088	16665	16665	14	SRC-C14-L09071	REN-C17-A0012	제17장 제4절 제12조	`제2호`	제17장 제12조 제4항 제2호	제17장 제12조 제4항 제2호	치환	subordinate	REN-C17-A0012	SRC-C14-L09071-N010--REN-C17-A0012		R3.0 구 위치–신 위치 대응	 / 	`제1항` 및 `제2항`의 대상 중 `제2호`에 해당하지 않는 안건으로서, `제13장`에서 정한 FEW(연방 선거 주간) 내에서 실시한다.
XR-00612	9088	16665	16665	14	SRC-C14-L09071	REN-C17-A0012	제17장 제4절 제12조	`제13장`	[[05_원범위_보존_참조표#^scope-c13|제6장·제14장·제16장 중 선거 대응규정]]	[[05_원범위_보존_참조표#^scope-c13|제6장·제14장·제16장 중 선거 대응규정]]	치환	scope	REN-C06-A0009;REN-C06-A0010;REN-C06-A0011;REN-C06-A0027;REN-C14-A0031;REN-C16-A0001;REN-C16-A0002;REN-C16-A0003;REN-C16-A0004;REN-C16-A0005;REN-C16-A0006;REN-C16-A0007;REN-C16-A0008;REN-C16-A0009;REN-C16-A0010;REN-C16-A0011;REN-C16-A0012;REN-C16-A0013;REN-C16-A0014;REN-C16-A0015;REN-C16-A0016;REN-C16-A0017;REN-C16-A0018;REN-C16-A0019;REN-C16-A0020;REN-C16-A0021;REN-C16-A0022;REN-C16-A0023;REN-C16-A0024;REN-C16-A0025;REN-C16-A0026;REN-C16-A0027;REN-C16-A0028;REN-C16-A0029;REN-C16-A0030;REN-C16-A0031;REN-C16-A0032;REN-C16-A0033;REN-C16-A0034;REN-C16-A0035;REN-C16-A0036;REN-C16-A0037;REN-C16-A0038;REN-C16-A0039;REN-C16-A0040;REN-C16-A0041;REN-C16-A0042;REN-C16-A0043;REN-C16-A0044;REN-C16-A0045;REN-C16-A0046;REN-C16-A0047;REN-C16-A0048;REN-C16-A0049;REN-C16-A0050;REN-C16-A0051;REN-C16-A0052;REN-C16-A0053;REN-C16-A0054;REN-C16-A0055;REN-C16-A0056;REN-C16-A0057;REN-C16-A0058;REN-C16-A0059;REN-C16-A0060;REN-C16-A0061;REN-C16-A0062;REN-C16-A0063;REN-C16-A0064;REN-C16-A0065;REN-C16-A0066;REN-C16-A0067;REN-C16-A0068;REN-C16-A0069;REN-C16-A0070;REN-C16-A0071;REN-C16-A0072;REN-C16-A0073;REN-C16-A0074;REN-C16-A0075;REN-C16-A0076;REN-C16-A0077;REN-C16-A0078;REN-C16-A0079;REN-C16-A0080;REN-C16-A0081;REN-C16-A0082		c13	R3.0 구 위치–신 위치 대응	 / 	`제1항` 및 `제2항`의 대상 중 `제2호`에 해당하지 않는 안건으로서, `제13장`에서 정한 FEW(연방 선거 주간) 내에서 실시한다.
XR-00613	9100	16688	16688	14	SRC-C14-L09098	REN-C17-A0013	제17장 제4절 제13조	각 호	각 호	각 호	일반표현 유지	unchanged-generic				번호 없는 일반 열거표현 유지	 / 	다음 각 호의 요건을 모두 충족하여야 한다.
XR-00614	9107	16695	16695	14	SRC-C14-L09098	REN-C17-A0013	제17장 제4절 제13조	제9조 제1항	제17장 제12조 제1항	제17장 제12조 제1항	치환	subordinate	REN-C17-A0012	SRC-C14-L09071-N001--REN-C17-A0012		R3.0 구 위치–신 위치 대응	 / 	제9조 제1항 각 호의 안건은 전항의 기준 외에 성권주/권역주 이중다수(전 연방 성권주/권역주 과반에서 찬성 다수) 요건을 함께 충족하여야 한다.
XR-00615	9107	16695	16695	14	SRC-C14-L09098	REN-C17-A0013	제17장 제4절 제13조	각 호	각 호	각 호	일반표현 유지	unchanged-generic				번호 없는 일반 열거표현 유지	 / 	제9조 제1항 각 호의 안건은 전항의 기준 외에 성권주/권역주 이중다수(전 연방 성권주/권역주 과반에서 찬성 다수) 요건을 함께 충족하여야 한다.
XR-00616	9107	16695	16695	14	SRC-C14-L09098	REN-C17-A0013	제17장 제4절 제13조	전항	제17장 제13조 제1항	제17장 제13조 제1항	치환	subordinate	REN-C17-A0013	SRC-C14-L09098-N001--REN-C17-A0013		R3.0 구 위치–신 위치 대응	 / 	제9조 제1항 각 호의 안건은 전항의 기준 외에 성권주/권역주 이중다수(전 연방 성권주/권역주 과반에서 찬성 다수) 요건을 함께 충족하여야 한다.
XR-00617	9113	16701	16701	14	SRC-C14-L09098	REN-C17-A0013	제17장 제4절 제13조	총강 제20	총강 제21조 및 제17장 제25조	총강 제21조 및 제17장 제25조[^r4-xr-00617]	원문 대조 보정 후 치환	article	REN-C00-A0021;REN-C17-A0025			원문 내 표제·병행 인용 대조	 / 조 단위 표기 누락. 개헌 승인·공포를 규정하는 문맥과 총강 제20조 원 표제를 대조; 분할된 원 조문의 대응범위 모두 보존	승인된 경우, 연방 총의회는 그 결과를 반영하여 최종안을 확정하고, 총강 제20에 따른 공표·공시 및 황실 재가 절차를 진행한다.
XR-00618	9117	16715	16715	14	SRC-C14-L09115	REN-C17-A0014	제17장 제4절 제14조	각 호	각 호	각 호	일반표현 유지	unchanged-generic				번호 없는 일반 열거표현 유지	 / 	다음 각 호의 개정안은 제10조의 승인 기준과 성권주·권역주 동의 요건을 함께 충족하여야 한다.
XR-00619	9117	16715	16715	14	SRC-C14-L09115	REN-C17-A0014	제17장 제4절 제14조	제10조	제17장 제13조	제17장 제13조	치환	article	REN-C17-A0013			R3.0 구 위치–신 위치 대응	 / 	다음 각 호의 개정안은 제10조의 승인 기준과 성권주·권역주 동의 요건을 함께 충족하여야 한다.
XR-00620	9147	16755	16755	14	SRC-C14-L09131	REN-C17-A0015	제17장 제4절 제15조	`제13장`	[[05_원범위_보존_참조표#^scope-c13|제6장·제14장·제16장 중 선거 대응규정]]	[[05_원범위_보존_참조표#^scope-c13|제6장·제14장·제16장 중 선거 대응규정]]	치환	scope	REN-C06-A0009;REN-C06-A0010;REN-C06-A0011;REN-C06-A0027;REN-C14-A0031;REN-C16-A0001;REN-C16-A0002;REN-C16-A0003;REN-C16-A0004;REN-C16-A0005;REN-C16-A0006;REN-C16-A0007;REN-C16-A0008;REN-C16-A0009;REN-C16-A0010;REN-C16-A0011;REN-C16-A0012;REN-C16-A0013;REN-C16-A0014;REN-C16-A0015;REN-C16-A0016;REN-C16-A0017;REN-C16-A0018;REN-C16-A0019;REN-C16-A0020;REN-C16-A0021;REN-C16-A0022;REN-C16-A0023;REN-C16-A0024;REN-C16-A0025;REN-C16-A0026;REN-C16-A0027;REN-C16-A0028;REN-C16-A0029;REN-C16-A0030;REN-C16-A0031;REN-C16-A0032;REN-C16-A0033;REN-C16-A0034;REN-C16-A0035;REN-C16-A0036;REN-C16-A0037;REN-C16-A0038;REN-C16-A0039;REN-C16-A0040;REN-C16-A0041;REN-C16-A0042;REN-C16-A0043;REN-C16-A0044;REN-C16-A0045;REN-C16-A0046;REN-C16-A0047;REN-C16-A0048;REN-C16-A0049;REN-C16-A0050;REN-C16-A0051;REN-C16-A0052;REN-C16-A0053;REN-C16-A0054;REN-C16-A0055;REN-C16-A0056;REN-C16-A0057;REN-C16-A0058;REN-C16-A0059;REN-C16-A0060;REN-C16-A0061;REN-C16-A0062;REN-C16-A0063;REN-C16-A0064;REN-C16-A0065;REN-C16-A0066;REN-C16-A0067;REN-C16-A0068;REN-C16-A0069;REN-C16-A0070;REN-C16-A0071;REN-C16-A0072;REN-C16-A0073;REN-C16-A0074;REN-C16-A0075;REN-C16-A0076;REN-C16-A0077;REN-C16-A0078;REN-C16-A0079;REN-C16-A0080;REN-C16-A0081;REN-C16-A0082		c13	R3.0 구 위치–신 위치 대응	 / 	연방 선거감독청은 `제13장`에서 정한 FEW(연방선거주간)의 범위 내에서 연속 48시간을 선거기간으로 지정·공고한다.
XR-00621	9155	16763	16763	14	SRC-C14-L09131	REN-C17-A0015	제17장 제4절 제15조	`제13장(선거)`	[[05_원범위_보존_참조표#^scope-c13|제6장·제14장·제16장 중 선거 대응규정]]	[[05_원범위_보존_참조표#^scope-c13|제6장·제14장·제16장 중 선거 대응규정]]	치환	scope	REN-C06-A0009;REN-C06-A0010;REN-C06-A0011;REN-C06-A0027;REN-C14-A0031;REN-C16-A0001;REN-C16-A0002;REN-C16-A0003;REN-C16-A0004;REN-C16-A0005;REN-C16-A0006;REN-C16-A0007;REN-C16-A0008;REN-C16-A0009;REN-C16-A0010;REN-C16-A0011;REN-C16-A0012;REN-C16-A0013;REN-C16-A0014;REN-C16-A0015;REN-C16-A0016;REN-C16-A0017;REN-C16-A0018;REN-C16-A0019;REN-C16-A0020;REN-C16-A0021;REN-C16-A0022;REN-C16-A0023;REN-C16-A0024;REN-C16-A0025;REN-C16-A0026;REN-C16-A0027;REN-C16-A0028;REN-C16-A0029;REN-C16-A0030;REN-C16-A0031;REN-C16-A0032;REN-C16-A0033;REN-C16-A0034;REN-C16-A0035;REN-C16-A0036;REN-C16-A0037;REN-C16-A0038;REN-C16-A0039;REN-C16-A0040;REN-C16-A0041;REN-C16-A0042;REN-C16-A0043;REN-C16-A0044;REN-C16-A0045;REN-C16-A0046;REN-C16-A0047;REN-C16-A0048;REN-C16-A0049;REN-C16-A0050;REN-C16-A0051;REN-C16-A0052;REN-C16-A0053;REN-C16-A0054;REN-C16-A0055;REN-C16-A0056;REN-C16-A0057;REN-C16-A0058;REN-C16-A0059;REN-C16-A0060;REN-C16-A0061;REN-C16-A0062;REN-C16-A0063;REN-C16-A0064;REN-C16-A0065;REN-C16-A0066;REN-C16-A0067;REN-C16-A0068;REN-C16-A0069;REN-C16-A0070;REN-C16-A0071;REN-C16-A0072;REN-C16-A0073;REN-C16-A0074;REN-C16-A0075;REN-C16-A0076;REN-C16-A0077;REN-C16-A0078;REN-C16-A0079;REN-C16-A0080;REN-C16-A0081;REN-C16-A0082		c13	R3.0 구 위치–신 위치 대응	 / 	천재지변·전시·계엄·전국적 재난경보 등 불가피한 사유가 있는 때에는 연방 선거감독청의 공고를 통해 14일 단위로 연기할 수 있다. 일반 사안 트랙에서는 `제13장(선거)`에서 정한 연방선거주간(FEW) 내 다른 선거와의 정합성을 고려하여 연기 일정을 조정하고, 긴급 사안 트랙에서는 연기 후 새 선거기간 개시 전일까지 최소 7일의 선거운동 기간을 보장하여야 한다.
XR-00622	9190	16928	16928	14	SRC-C14-L09182	REN-C17-A0022	제17장 제6절 제22조	`제14조`	제17장 제19조	제17장 제19조	치환	article	REN-C17-A0019			R3.0 구 위치–신 위치 대응	 / 	공표 후 5년 및 10년이 되는 해에는 개헌의 효과 및 부작용에 관한 중장기 평가보고서를 작성하여 연방 총의회, 연방 최고평의회, 연방 감사원, 연방 정보국에 회람하여야 한다. 평가는 `제14조`에 따른 CAS v1 스키마를 준용하여 공개하고, 필요 시 추가 개헌 또는 정합화 입법을 권고할 수 있다.
XR-00623	9201	16853	16853	14	SRC-C14-L09196	REN-C17-A0019	제17장 제5절 제19조	`제5조`	제17장 제5조	제17장 제5조	치환	article	REN-C17-A0005			R3.0 구 위치–신 위치 대응	 / 	공시 데이터는 개헌 데이터 스키마(CAS v1)에 따라, 기계가독 형식으로 배포한다. 필수 필드는 안명, 대상조문, 취지, RIA·FIA·CGIM 요약지표, 법정기한 타임라인, 표결로그, 공시ID, 무결성 해시 등을 포함해야 한다. `제5조` 및 `제6조`에 따른 문서·기록은 CAS v1 필드를 포함하는 형식으로 관리한다.
XR-00624	9201	16853	16853	14	SRC-C14-L09196	REN-C17-A0019	제17장 제5절 제19조	`제6조`	제17장 제17조	제17장 제17조	치환	article	REN-C17-A0017			R3.0 구 위치–신 위치 대응	 / 	공시 데이터는 개헌 데이터 스키마(CAS v1)에 따라, 기계가독 형식으로 배포한다. 필수 필드는 안명, 대상조문, 취지, RIA·FIA·CGIM 요약지표, 법정기한 타임라인, 표결로그, 공시ID, 무결성 해시 등을 포함해야 한다. `제5조` 및 `제6조`에 따른 문서·기록은 CAS v1 필드를 포함하는 형식으로 관리한다.
XR-00625	9225	20954	20954	14	SRC-C14-L09223	REN-C21-A0011	제21장 제4절 제11조	본 장	[[05_원범위_보존_참조표#^scope-c14|제17장·제21장 중 개헌 대응규정]]	[[05_원범위_보존_참조표#^scope-c14|제17장·제21장 중 개헌 대응규정]]	치환	scope	REN-C17-A0001;REN-C17-A0002;REN-C17-A0003;REN-C17-A0004;REN-C17-A0005;REN-C17-A0008;REN-C17-A0009;REN-C17-A0010;REN-C17-A0011;REN-C17-A0012;REN-C17-A0013;REN-C17-A0014;REN-C17-A0015;REN-C17-A0016;REN-C17-A0017;REN-C17-A0018;REN-C17-A0019;REN-C17-A0020;REN-C17-A0021;REN-C17-A0022;REN-C17-A0023;REN-C17-A0024;REN-C21-A0008;REN-C21-A0011;REN-C21-A0012		c14	R3.0 구 위치–신 위치 대응	 / 	본 장의 절차를 구체화하기 위하여 다음 각 호를 관장하는 연방 법률을 제정·개정하여야 한다.
XR-00626	9225	20954	20954	14	SRC-C14-L09223	REN-C21-A0011	제21장 제4절 제11조	각 호	각 호	각 호	일반표현 유지	unchanged-generic				번호 없는 일반 열거표현 유지	 / 	본 장의 절차를 구체화하기 위하여 다음 각 호를 관장하는 연방 법률을 제정·개정하여야 한다.
XR-00627	9266	16613	16613	14	SRC-C14-L09255	REN-C17-A0010	제17장 제3절 제10조	본 장	[[05_원범위_보존_참조표#^scope-c14|제17장·제21장 중 개헌 대응규정]]	[[05_원범위_보존_참조표#^scope-c14|제17장·제21장 중 개헌 대응규정]]	치환	scope	REN-C17-A0001;REN-C17-A0002;REN-C17-A0003;REN-C17-A0004;REN-C17-A0005;REN-C17-A0008;REN-C17-A0009;REN-C17-A0010;REN-C17-A0011;REN-C17-A0012;REN-C17-A0013;REN-C17-A0014;REN-C17-A0015;REN-C17-A0016;REN-C17-A0017;REN-C17-A0018;REN-C17-A0019;REN-C17-A0020;REN-C17-A0021;REN-C17-A0022;REN-C17-A0023;REN-C17-A0024;REN-C21-A0008;REN-C21-A0011;REN-C21-A0012		c14	R3.0 구 위치–신 위치 대응	 / 	본 장에서 정하지 아니한 이해충돌·제척·기피에 관한 사항은 `제4장(행정)·제6장(사법)` 및 관련 연방 법률·황제령을 준용한다.
XR-00628	9266	16613	16613	14	SRC-C14-L09255	REN-C17-A0010	제17장 제3절 제10조	제4장(행정)	[[05_원범위_보존_참조표#^scope-c04|제4장·제5장·제7장·제13장·제14장·제15장·제21장 중 행정 대응규정]]	[[05_원범위_보존_참조표#^scope-c04|제4장·제5장·제7장·제13장·제14장·제15장·제21장 중 행정 대응규정]]	치환	scope	REN-C04-A0006;REN-C04-A0007;REN-C04-A0010;REN-C05-A0001;REN-C05-A0002;REN-C05-A0003;REN-C05-A0004;REN-C05-A0005;REN-C05-A0006;REN-C05-A0007;REN-C05-A0008;REN-C05-A0009;REN-C05-A0010;REN-C05-A0011;REN-C05-A0012;REN-C05-A0013;REN-C05-A0014;REN-C05-A0015;REN-C05-A0016;REN-C05-A0017;REN-C05-A0018;REN-C05-A0019;REN-C05-A0020;REN-C05-A0021;REN-C05-A0022;REN-C05-A0023;REN-C05-A0024;REN-C05-A0025;REN-C05-A0026;REN-C05-A0027;REN-C05-A0028;REN-C05-A0029;REN-C05-A0030;REN-C05-A0031;REN-C05-A0032;REN-C05-A0033;REN-C05-A0034;REN-C05-A0035;REN-C05-A0036;REN-C05-A0037;REN-C05-A0038;REN-C05-A0039;REN-C05-A0040;REN-C05-A0041;REN-C05-A0042;REN-C05-A0043;REN-C07-A0059;REN-C13-A0016;REN-C14-A0017;REN-C14-A0036;REN-C15-A0043;REN-C21-S07;REN-C21-A0006		c04	R3.0 구 위치–신 위치 대응	 / 	본 장에서 정하지 아니한 이해충돌·제척·기피에 관한 사항은 `제4장(행정)·제6장(사법)` 및 관련 연방 법률·황제령을 준용한다.
XR-00629	9266	16613	16613	14	SRC-C14-L09255	REN-C17-A0010	제17장 제3절 제10조	제6장(사법)	[[05_원범위_보존_참조표#^scope-c06|제7장·제13장·제14장·제17장·제21장 중 사법 대응규정]]	[[05_원범위_보존_참조표#^scope-c06|제7장·제13장·제14장·제17장·제21장 중 사법 대응규정]]	치환	scope	REN-C07-A0001;REN-C07-A0002;REN-C07-A0003;REN-C07-A0004;REN-C07-A0005;REN-C07-A0006;REN-C07-A0007;REN-C07-A0008;REN-C07-A0009;REN-C07-A0010;REN-C07-A0011;REN-C07-A0012;REN-C07-A0013;REN-C07-A0014;REN-C07-A0015;REN-C07-A0016;REN-C07-A0017;REN-C07-A0018;REN-C07-A0019;REN-C07-A0020;REN-C07-A0021;REN-C07-A0022;REN-C07-A0023;REN-C07-A0024;REN-C07-A0025;REN-C07-A0026;REN-C07-A0027;REN-C07-A0028;REN-C07-A0029;REN-C07-A0030;REN-C07-A0031;REN-C07-A0032;REN-C07-A0033;REN-C07-A0034;REN-C07-A0035;REN-C07-A0036;REN-C07-A0037;REN-C07-A0038;REN-C07-A0039;REN-C07-A0040;REN-C07-A0041;REN-C07-A0042;REN-C07-A0043;REN-C07-A0044;REN-C07-A0045;REN-C07-A0046;REN-C07-A0047;REN-C07-A0048;REN-C07-A0049;REN-C07-A0050;REN-C07-A0051;REN-C07-A0052;REN-C07-A0053;REN-C07-A0054;REN-C07-A0055;REN-C07-A0056;REN-C07-A0057;REN-C07-A0058;REN-C13-A0023;REN-C14-A0019;REN-C17-A0006;REN-C17-A0007;REN-C21-S01		c06	R3.0 구 위치–신 위치 대응	 / 	본 장에서 정하지 아니한 이해충돌·제척·기피에 관한 사항은 `제4장(행정)·제6장(사법)` 및 관련 연방 법률·황제령을 준용한다.
XR-00630	9305	16944	16944	14	SRC-C14-L09303	REN-C17-A0023	제17장 제6절 제23조	`제14조`	제17장 제19조	제17장 제19조	치환	article	REN-C17-A0019			R3.0 구 위치–신 위치 대응	 / 	모든 개헌안의 전문, 심사·표결 기록, 신민투표 결과, RIA·FIA·CGIM 요약, 사후평가 보고서 등을 통합한 개헌 이력 아카이브를 구축·유지하여야 한다. 아카이브는 `제14조`의 CAS v1 스키마를 준용하여 전자관보와 연동·공개한다.
XR-00631	9317	16966	16966	14	SRC-C14-L09315	REN-C17-A0024	제17장 제6절 제24조	본 장	[[05_원범위_보존_참조표#^scope-c14|제17장·제21장 중 개헌 대응규정]]	[[05_원범위_보존_참조표#^scope-c14|제17장·제21장 중 개헌 대응규정]]	치환	scope	REN-C17-A0001;REN-C17-A0002;REN-C17-A0003;REN-C17-A0004;REN-C17-A0005;REN-C17-A0008;REN-C17-A0009;REN-C17-A0010;REN-C17-A0011;REN-C17-A0012;REN-C17-A0013;REN-C17-A0014;REN-C17-A0015;REN-C17-A0016;REN-C17-A0017;REN-C17-A0018;REN-C17-A0019;REN-C17-A0020;REN-C17-A0021;REN-C17-A0022;REN-C17-A0023;REN-C17-A0024;REN-C21-A0008;REN-C21-A0011;REN-C21-A0012		c14	R3.0 구 위치–신 위치 대응	 / 	본 장 시행 당시에 진행 중인 개정안은 종전 절차를 따르되, 공표·데이터 표준`(CAS v1)`은 본 장을 적용한다.
XR-00632	9317	16966	16966	14	SRC-C14-L09315	REN-C17-A0024	제17장 제6절 제24조	본 장	[[05_원범위_보존_참조표#^scope-c14|제17장·제21장 중 개헌 대응규정]]	[[05_원범위_보존_참조표#^scope-c14|제17장·제21장 중 개헌 대응규정]]	치환	scope	REN-C17-A0001;REN-C17-A0002;REN-C17-A0003;REN-C17-A0004;REN-C17-A0005;REN-C17-A0008;REN-C17-A0009;REN-C17-A0010;REN-C17-A0011;REN-C17-A0012;REN-C17-A0013;REN-C17-A0014;REN-C17-A0015;REN-C17-A0016;REN-C17-A0017;REN-C17-A0018;REN-C17-A0019;REN-C17-A0020;REN-C17-A0021;REN-C17-A0022;REN-C17-A0023;REN-C17-A0024;REN-C21-A0008;REN-C21-A0011;REN-C21-A0012		c14	R3.0 구 위치–신 위치 대응	 / 	본 장 시행 당시에 진행 중인 개정안은 종전 절차를 따르되, 공표·데이터 표준`(CAS v1)`은 본 장을 적용한다.
XR-00633	9320	16969	16969	14	SRC-C14-L09315	REN-C17-A0024	제17장 제6절 제24조	본 장	[[05_원범위_보존_참조표#^scope-c14|제17장·제21장 중 개헌 대응규정]]	[[05_원범위_보존_참조표#^scope-c14|제17장·제21장 중 개헌 대응규정]]	치환	scope	REN-C17-A0001;REN-C17-A0002;REN-C17-A0003;REN-C17-A0004;REN-C17-A0005;REN-C17-A0008;REN-C17-A0009;REN-C17-A0010;REN-C17-A0011;REN-C17-A0012;REN-C17-A0013;REN-C17-A0014;REN-C17-A0015;REN-C17-A0016;REN-C17-A0017;REN-C17-A0018;REN-C17-A0019;REN-C17-A0020;REN-C17-A0021;REN-C17-A0022;REN-C17-A0023;REN-C17-A0024;REN-C21-A0008;REN-C21-A0011;REN-C21-A0012		c14	R3.0 구 위치–신 위치 대응	 / 	관련 하위 규범은 본 장 시행 후 90일 이내에 정합화한다.
XR-00634	9330	20669	20669	14	SRC-C14-L09324	REN-C21-A0008	제21장 제3절 제8조	제9조	제17장 제12조	제17장 제12조	치환	article	REN-C17-A0012			R3.0 구 위치–신 위치 대응	 / 	5. 부의 공고일(D0): 제9조에 따른 신민투표 부의 공고가 전자관보에 등재된 날.
XR-00635	9331	20670	20670	14	SRC-C14-L09324	REN-C21-A0008	제21장 제3절 제8조	제13장	[[05_원범위_보존_참조표#^scope-c13|제6장·제14장·제16장 중 선거 대응규정]]	[[05_원범위_보존_참조표#^scope-c13|제6장·제14장·제16장 중 선거 대응규정]]	치환	scope	REN-C06-A0009;REN-C06-A0010;REN-C06-A0011;REN-C06-A0027;REN-C14-A0031;REN-C16-A0001;REN-C16-A0002;REN-C16-A0003;REN-C16-A0004;REN-C16-A0005;REN-C16-A0006;REN-C16-A0007;REN-C16-A0008;REN-C16-A0009;REN-C16-A0010;REN-C16-A0011;REN-C16-A0012;REN-C16-A0013;REN-C16-A0014;REN-C16-A0015;REN-C16-A0016;REN-C16-A0017;REN-C16-A0018;REN-C16-A0019;REN-C16-A0020;REN-C16-A0021;REN-C16-A0022;REN-C16-A0023;REN-C16-A0024;REN-C16-A0025;REN-C16-A0026;REN-C16-A0027;REN-C16-A0028;REN-C16-A0029;REN-C16-A0030;REN-C16-A0031;REN-C16-A0032;REN-C16-A0033;REN-C16-A0034;REN-C16-A0035;REN-C16-A0036;REN-C16-A0037;REN-C16-A0038;REN-C16-A0039;REN-C16-A0040;REN-C16-A0041;REN-C16-A0042;REN-C16-A0043;REN-C16-A0044;REN-C16-A0045;REN-C16-A0046;REN-C16-A0047;REN-C16-A0048;REN-C16-A0049;REN-C16-A0050;REN-C16-A0051;REN-C16-A0052;REN-C16-A0053;REN-C16-A0054;REN-C16-A0055;REN-C16-A0056;REN-C16-A0057;REN-C16-A0058;REN-C16-A0059;REN-C16-A0060;REN-C16-A0061;REN-C16-A0062;REN-C16-A0063;REN-C16-A0064;REN-C16-A0065;REN-C16-A0066;REN-C16-A0067;REN-C16-A0068;REN-C16-A0069;REN-C16-A0070;REN-C16-A0071;REN-C16-A0072;REN-C16-A0073;REN-C16-A0074;REN-C16-A0075;REN-C16-A0076;REN-C16-A0077;REN-C16-A0078;REN-C16-A0079;REN-C16-A0080;REN-C16-A0081;REN-C16-A0082		c13	R3.0 구 위치–신 위치 대응	 / 	6. FEW(연방 선거 주간): 제13장에서 정하는 연방 차원의 통합 선거기간(주간)으로, 선거·신민투표를 집약하여 실시하는 기간.
XR-00636	9333	20672	20672	14	SRC-C14-L09324	REN-C21-A0008	제21장 제3절 제8조	제9조 제4항 제2호	제17장 제12조 제4항 제2호	제17장 제12조 제4항 제2호	치환	subordinate	REN-C17-A0012	SRC-C14-L09071-N010--REN-C17-A0012		R3.0 구 위치–신 위치 대응	 / 	8. 긴급 사안: 제9조 제4항 제2호에 해당하는 신민투표 안건.
XR-00637	9342	20681	20681	14	SRC-C14-L09324	REN-C21-A0008	제21장 제3절 제8조	본 장	[[05_원범위_보존_참조표#^scope-c14|제17장·제21장 중 개헌 대응규정]]	[[05_원범위_보존_참조표#^scope-c14|제17장·제21장 중 개헌 대응규정]]	치환	scope	REN-C17-A0001;REN-C17-A0002;REN-C17-A0003;REN-C17-A0004;REN-C17-A0005;REN-C17-A0008;REN-C17-A0009;REN-C17-A0010;REN-C17-A0011;REN-C17-A0012;REN-C17-A0013;REN-C17-A0014;REN-C17-A0015;REN-C17-A0016;REN-C17-A0017;REN-C17-A0018;REN-C17-A0019;REN-C17-A0020;REN-C17-A0021;REN-C17-A0022;REN-C17-A0023;REN-C17-A0024;REN-C21-A0008;REN-C21-A0011;REN-C21-A0012		c14	R3.0 구 위치–신 위치 대응	 / 	용어 정의·약어의 세부 범위·코드체계는  「개헌 용어집·정의 표준 황제령」 별표에 따른다. 별표는 전자관보 상시공시·버전관리로 유지하며, 본 장과 별표가 충돌하는 경우 본 장을 우선 적용한다.
XR-00638	9342	20681	20681	14	SRC-C14-L09324	REN-C21-A0008	제21장 제3절 제8조	본 장	[[05_원범위_보존_참조표#^scope-c14|제17장·제21장 중 개헌 대응규정]]	[[05_원범위_보존_참조표#^scope-c14|제17장·제21장 중 개헌 대응규정]]	치환	scope	REN-C17-A0001;REN-C17-A0002;REN-C17-A0003;REN-C17-A0004;REN-C17-A0005;REN-C17-A0008;REN-C17-A0009;REN-C17-A0010;REN-C17-A0011;REN-C17-A0012;REN-C17-A0013;REN-C17-A0014;REN-C17-A0015;REN-C17-A0016;REN-C17-A0017;REN-C17-A0018;REN-C17-A0019;REN-C17-A0020;REN-C17-A0021;REN-C17-A0022;REN-C17-A0023;REN-C17-A0024;REN-C21-A0008;REN-C21-A0011;REN-C21-A0012		c14	R3.0 구 위치–신 위치 대응	 / 	용어 정의·약어의 세부 범위·코드체계는  「개헌 용어집·정의 표준 황제령」 별표에 따른다. 별표는 전자관보 상시공시·버전관리로 유지하며, 본 장과 별표가 충돌하는 경우 본 장을 우선 적용한다.
XR-00639	9355	17015	17015	15	SRC-C15-L09350	REN-C18-A0001	제18장 제1절 제1조	본 장	[[05_원범위_보존_참조표#^scope-c15|제2장·제18장·제21장 중 정보 대응규정]]	[[05_원범위_보존_참조표#^scope-c15|제2장·제18장·제21장 중 정보 대응규정]]	치환	scope	REN-C02-A0028;REN-C18-A0001;REN-C18-A0002;REN-C18-A0003;REN-C18-A0004;REN-C18-A0005;REN-C18-A0006;REN-C18-A0007;REN-C18-A0008;REN-C18-A0009;REN-C18-A0010;REN-C18-A0011;REN-C18-A0012;REN-C18-A0013;REN-C18-A0014;REN-C18-A0015;REN-C18-A0016;REN-C18-A0017;REN-C18-A0018;REN-C18-A0019;REN-C18-A0020;REN-C18-A0021;REN-C18-A0022;REN-C18-A0023;REN-C18-A0024;REN-C18-A0025;REN-C18-A0026;REN-C18-A0027;REN-C18-A0030;REN-C18-A0031;REN-C18-A0032;REN-C18-A0033;REN-C18-A0034;REN-C18-A0035;REN-C18-A0036;REN-C18-A0037;REN-C18-A0038;REN-C18-A0039;REN-C18-A0040;REN-C18-A0041;REN-C18-A0042;REN-C18-A0043;REN-C18-A0044;REN-C18-A0045;REN-C18-A0046;REN-C18-A0047;REN-C18-A0048;REN-C18-A0049;REN-C18-A0050;REN-C18-A0051;REN-C18-A0052;REN-C18-A0053;REN-C18-A0054;REN-C18-A0055;REN-C21-A0002		c15	R3.0 구 위치–신 위치 대응	 / 	연방 정보국의 직제·권한·책임은 본 장과 `제2장(연방총칙)`의 전자공표 조항 및 `제5장(입법)`에서 정한 절차에 따른다.
XR-00640	9355	17015	17015	15	SRC-C15-L09350	REN-C18-A0001	제18장 제1절 제1조	`제2장(연방총칙)`	[[05_원범위_보존_참조표#^scope-c02|제2장·제3장·제8장·제9장·제12장·제19장·제21장 중 연방총칙 대응규정]]	[[05_원범위_보존_참조표#^scope-c02|제2장·제3장·제8장·제9장·제12장·제19장·제21장 중 연방총칙 대응규정]]	치환	scope	REN-C02-A0001;REN-C02-A0002;REN-C02-A0003;REN-C02-A0004;REN-C02-A0005;REN-C02-A0006;REN-C02-A0007;REN-C02-A0008;REN-C02-A0009;REN-C02-A0010;REN-C02-A0011;REN-C02-A0012;REN-C02-A0013;REN-C02-A0014;REN-C02-A0015;REN-C02-A0016;REN-C02-A0017;REN-C02-A0018;REN-C02-A0019;REN-C02-A0020;REN-C02-A0021;REN-C02-A0022;REN-C02-A0023;REN-C02-A0024;REN-C02-A0025;REN-C02-A0026;REN-C02-A0027;REN-C02-A0030;REN-C02-A0031;REN-C02-A0032;REN-C02-A0033;REN-C02-A0034;REN-C02-A0035;REN-C02-A0036;REN-C03-A0004;REN-C03-A0005;REN-C03-A0006;REN-C03-A0007;REN-C03-A0008;REN-C03-A0009;REN-C03-A0010;REN-C03-A0011;REN-C03-A0013;REN-C03-A0014;REN-C08-A0005;REN-C09-A0001;REN-C09-A0003;REN-C09-A0019;REN-C12-A0009;REN-C19-A0003;REN-C21-A0009		c02	R3.0 구 위치–신 위치 대응	 / 	연방 정보국의 직제·권한·책임은 본 장과 `제2장(연방총칙)`의 전자공표 조항 및 `제5장(입법)`에서 정한 절차에 따른다.
XR-00641	9355	17015	17015	15	SRC-C15-L09350	REN-C18-A0001	제18장 제1절 제1조	`제5장(입법)`	[[05_원범위_보존_참조표#^scope-c05|제6장·제9장·제14장·제21장 중 입법 대응규정]]	[[05_원범위_보존_참조표#^scope-c05|제6장·제9장·제14장·제21장 중 입법 대응규정]]	치환	scope	REN-C06-A0001;REN-C06-A0002;REN-C06-A0003;REN-C06-A0004;REN-C06-A0005;REN-C06-A0006;REN-C06-A0007;REN-C06-A0008;REN-C06-A0012;REN-C06-A0013;REN-C06-A0014;REN-C06-A0015;REN-C06-A0016;REN-C06-A0017;REN-C06-A0018;REN-C06-A0019;REN-C06-A0020;REN-C06-A0021;REN-C06-A0022;REN-C06-A0023;REN-C06-A0024;REN-C06-A0025;REN-C06-A0026;REN-C06-A0028;REN-C06-A0029;REN-C06-A0030;REN-C06-A0031;REN-C09-A0012;REN-C09-A0013;REN-C09-A0014;REN-C14-A0018;REN-C21-S11		c05	R3.0 구 위치–신 위치 대응	 / 	연방 정보국의 직제·권한·책임은 본 장과 `제2장(연방총칙)`의 전자공표 조항 및 `제5장(입법)`에서 정한 절차에 따른다.
XR-00642	9358	17018	17018	15	SRC-C15-L09350	REN-C18-A0001	제18장 제1절 제1조	제2장(연방총칙)	[[05_원범위_보존_참조표#^scope-c02|제2장·제3장·제8장·제9장·제12장·제19장·제21장 중 연방총칙 대응규정]]	[[05_원범위_보존_참조표#^scope-c02|제2장·제3장·제8장·제9장·제12장·제19장·제21장 중 연방총칙 대응규정]]	치환	scope	REN-C02-A0001;REN-C02-A0002;REN-C02-A0003;REN-C02-A0004;REN-C02-A0005;REN-C02-A0006;REN-C02-A0007;REN-C02-A0008;REN-C02-A0009;REN-C02-A0010;REN-C02-A0011;REN-C02-A0012;REN-C02-A0013;REN-C02-A0014;REN-C02-A0015;REN-C02-A0016;REN-C02-A0017;REN-C02-A0018;REN-C02-A0019;REN-C02-A0020;REN-C02-A0021;REN-C02-A0022;REN-C02-A0023;REN-C02-A0024;REN-C02-A0025;REN-C02-A0026;REN-C02-A0027;REN-C02-A0030;REN-C02-A0031;REN-C02-A0032;REN-C02-A0033;REN-C02-A0034;REN-C02-A0035;REN-C02-A0036;REN-C03-A0004;REN-C03-A0005;REN-C03-A0006;REN-C03-A0007;REN-C03-A0008;REN-C03-A0009;REN-C03-A0010;REN-C03-A0011;REN-C03-A0013;REN-C03-A0014;REN-C08-A0005;REN-C09-A0001;REN-C09-A0003;REN-C09-A0019;REN-C12-A0009;REN-C19-A0003;REN-C21-A0009		c02	R3.0 구 위치–신 위치 대응	 / 	연방 정보국의 결정·명령·고시·지침은 전자관보에 게재하며, 형식·보존은 제2장(연방총칙)에 따른다.
XR-00643	9374	17044	17044	15	SRC-C15-L09363	REN-C18-A0002	제18장 제1절 제2조	`제2장(연방총칙)`	[[05_원범위_보존_참조표#^scope-c02|제2장·제3장·제8장·제9장·제12장·제19장·제21장 중 연방총칙 대응규정]]	[[05_원범위_보존_참조표#^scope-c02|제2장·제3장·제8장·제9장·제12장·제19장·제21장 중 연방총칙 대응규정]]	치환	scope	REN-C02-A0001;REN-C02-A0002;REN-C02-A0003;REN-C02-A0004;REN-C02-A0005;REN-C02-A0006;REN-C02-A0007;REN-C02-A0008;REN-C02-A0009;REN-C02-A0010;REN-C02-A0011;REN-C02-A0012;REN-C02-A0013;REN-C02-A0014;REN-C02-A0015;REN-C02-A0016;REN-C02-A0017;REN-C02-A0018;REN-C02-A0019;REN-C02-A0020;REN-C02-A0021;REN-C02-A0022;REN-C02-A0023;REN-C02-A0024;REN-C02-A0025;REN-C02-A0026;REN-C02-A0027;REN-C02-A0030;REN-C02-A0031;REN-C02-A0032;REN-C02-A0033;REN-C02-A0034;REN-C02-A0035;REN-C02-A0036;REN-C03-A0004;REN-C03-A0005;REN-C03-A0006;REN-C03-A0007;REN-C03-A0008;REN-C03-A0009;REN-C03-A0010;REN-C03-A0011;REN-C03-A0013;REN-C03-A0014;REN-C08-A0005;REN-C09-A0001;REN-C09-A0003;REN-C09-A0019;REN-C12-A0009;REN-C19-A0003;REN-C21-A0009		c02	R3.0 구 위치–신 위치 대응	 / 	정보공개 청구의 절차·방식·수수료 및 정보의 형식·표준은 `제2장(연방총칙)` 및 `제6장(재정)`의 전자공표·디지털 행정 원칙과 조화를 이루도록 연방 법률·황제령으로 정한다. 이 경우 디지털 방식의 열람·다운로드·기계판독형`(open data)` 제공을 우선하여야 한다.
XR-00644	9374	17044	17044	15	SRC-C15-L09363	REN-C18-A0002	제18장 제1절 제2조	`제6장(재정)`	[[05_원범위_보존_참조표#^scope-c07|제8장·제9장·제14장·제21장 중 경제·재정 대응규정]]	[[05_원범위_보존_참조표#^scope-c07|제8장·제9장·제14장·제21장 중 경제·재정 대응규정]][^r4-xr-00644]	원문 대조 보정 후 치환	scope	REN-C08-A0001;REN-C08-A0002;REN-C08-A0003;REN-C08-A0004;REN-C08-A0006;REN-C08-A0007;REN-C08-A0008;REN-C08-A0009;REN-C08-A0010;REN-C08-A0011;REN-C08-A0012;REN-C08-A0013;REN-C08-A0014;REN-C08-A0015;REN-C08-A0016;REN-C08-A0017;REN-C08-A0018;REN-C08-A0019;REN-C08-A0020;REN-C08-A0021;REN-C08-A0022;REN-C08-A0023;REN-C08-A0024;REN-C08-A0025;REN-C08-A0026;REN-C08-A0027;REN-C08-A0028;REN-C08-A0029;REN-C08-A0030;REN-C08-A0031;REN-C08-A0032;REN-C08-A0033;REN-C08-A0034;REN-C08-A0035;REN-C08-A0036;REN-C08-A0037;REN-C08-A0038;REN-C08-A0039;REN-C08-A0040;REN-C08-A0041;REN-C08-A0042;REN-C09-A0002;REN-C09-A0004;REN-C09-A0005;REN-C09-A0006;REN-C09-A0007;REN-C09-A0008;REN-C09-A0009;REN-C09-A0010;REN-C09-A0011;REN-C09-A0015;REN-C09-A0016;REN-C09-A0017;REN-C09-A0018;REN-C09-A0020;REN-C09-A0022;REN-C09-A0023;REN-C14-A0029;REN-C14-A0037;REN-C21-S02;REN-C21-S03;REN-C21-S04;REN-C21-S05;REN-C21-A0007		c07	R3.0 구 위치–신 위치 대응	 / 원문 장 번호·명칭 불일치: 제6장(재정); 원문 목차의 명칭과 일치하는 구 제7장으로 식별	정보공개 청구의 절차·방식·수수료 및 정보의 형식·표준은 `제2장(연방총칙)` 및 `제6장(재정)`의 전자공표·디지털 행정 원칙과 조화를 이루도록 연방 법률·황제령으로 정한다. 이 경우 디지털 방식의 열람·다운로드·기계판독형`(open data)` 제공을 우선하여야 한다.
XR-00645	9380	17060	17060	15	SRC-C15-L09378	REN-C18-A0003	제18장 제1절 제3조	각 호	각 호	각 호	일반표현 유지	unchanged-generic				번호 없는 일반 열거표현 유지	 / 	연방 정보기관의 목적은 다음 각 호와 같다.
XR-00646	9387	17067	17067	15	SRC-C15-L09378	REN-C18-A0003	제18장 제1절 제3조	각 호	각 호	각 호	일반표현 유지	unchanged-generic				번호 없는 일반 열거표현 유지	 / 	연방 내 정보활동은 다음 각 호의 원칙을 따른다.
XR-00647	9394	17074	17074	15	SRC-C15-L09378	REN-C18-A0003	제18장 제1절 제3조	`제1장(권리장전)`	[[05_원범위_보존_참조표#^scope-c01|제1장·제2장·제3장 중 권리장전 대응규정]]	[[05_원범위_보존_참조표#^scope-c01|제1장·제2장·제3장 중 권리장전 대응규정]]	치환	scope	REN-C01-A0001;REN-C01-A0002;REN-C01-A0003;REN-C01-A0004;REN-C01-A0005;REN-C01-A0006;REN-C01-A0007;REN-C01-A0008;REN-C01-A0009;REN-C01-A0010;REN-C01-A0011;REN-C01-A0012;REN-C01-A0013;REN-C01-A0014;REN-C01-A0015;REN-C01-A0016;REN-C01-A0017;REN-C01-A0018;REN-C01-A0019;REN-C01-A0020;REN-C01-A0021;REN-C01-A0022;REN-C01-A0023;REN-C01-A0024;REN-C01-A0025;REN-C01-A0026;REN-C01-A0027;REN-C01-A0028;REN-C01-A0029;REN-C01-A0030;REN-C01-A0031;REN-C01-A0032;REN-C01-A0033;REN-C01-A0034;REN-C01-A0035;REN-C01-A0036;REN-C01-A0037;REN-C01-A0038;REN-C01-A0039;REN-C01-A0040;REN-C01-A0041;REN-C01-A0042;REN-C01-A0043;REN-C01-A0044;REN-C01-A0045;REN-C02-A0029;REN-C03-A0012		c01	R3.0 구 위치–신 위치 대응	 / 	7. 차별 금지 및 `제1장(권리장전)` 보장의 원칙.
XR-00648	9397	17077	17077	15	SRC-C15-L09378	REN-C18-A0003	제18장 제1절 제3조	`제1장(권리장전)`	[[05_원범위_보존_참조표#^scope-c01|제1장·제2장·제3장 중 권리장전 대응규정]]	[[05_원범위_보존_참조표#^scope-c01|제1장·제2장·제3장 중 권리장전 대응규정]]	치환	scope	REN-C01-A0001;REN-C01-A0002;REN-C01-A0003;REN-C01-A0004;REN-C01-A0005;REN-C01-A0006;REN-C01-A0007;REN-C01-A0008;REN-C01-A0009;REN-C01-A0010;REN-C01-A0011;REN-C01-A0012;REN-C01-A0013;REN-C01-A0014;REN-C01-A0015;REN-C01-A0016;REN-C01-A0017;REN-C01-A0018;REN-C01-A0019;REN-C01-A0020;REN-C01-A0021;REN-C01-A0022;REN-C01-A0023;REN-C01-A0024;REN-C01-A0025;REN-C01-A0026;REN-C01-A0027;REN-C01-A0028;REN-C01-A0029;REN-C01-A0030;REN-C01-A0031;REN-C01-A0032;REN-C01-A0033;REN-C01-A0034;REN-C01-A0035;REN-C01-A0036;REN-C01-A0037;REN-C01-A0038;REN-C01-A0039;REN-C01-A0040;REN-C01-A0041;REN-C01-A0042;REN-C01-A0043;REN-C01-A0044;REN-C01-A0045;REN-C02-A0029;REN-C03-A0012		c01	R3.0 구 위치–신 위치 대응	 / 	연방 내 정보기관은 정보활동의 전 과정에서 `제1장(권리장전)`에 규정된 기본권을 존중·보장하여야 하며, 그 제한은 본 연방 헌법 및 연방 법률·황제령이 정하는 범위에서만 허용된다.
XR-00649	9409	17099	17099	15	SRC-C15-L09401	REN-C18-A0004	제18장 제1절 제4조	`제1장(권리장전)`	[[05_원범위_보존_참조표#^scope-c01|제1장·제2장·제3장 중 권리장전 대응규정]]	[[05_원범위_보존_참조표#^scope-c01|제1장·제2장·제3장 중 권리장전 대응규정]]	치환	scope	REN-C01-A0001;REN-C01-A0002;REN-C01-A0003;REN-C01-A0004;REN-C01-A0005;REN-C01-A0006;REN-C01-A0007;REN-C01-A0008;REN-C01-A0009;REN-C01-A0010;REN-C01-A0011;REN-C01-A0012;REN-C01-A0013;REN-C01-A0014;REN-C01-A0015;REN-C01-A0016;REN-C01-A0017;REN-C01-A0018;REN-C01-A0019;REN-C01-A0020;REN-C01-A0021;REN-C01-A0022;REN-C01-A0023;REN-C01-A0024;REN-C01-A0025;REN-C01-A0026;REN-C01-A0027;REN-C01-A0028;REN-C01-A0029;REN-C01-A0030;REN-C01-A0031;REN-C01-A0032;REN-C01-A0033;REN-C01-A0034;REN-C01-A0035;REN-C01-A0036;REN-C01-A0037;REN-C01-A0038;REN-C01-A0039;REN-C01-A0040;REN-C01-A0041;REN-C01-A0042;REN-C01-A0043;REN-C01-A0044;REN-C01-A0045;REN-C02-A0029;REN-C03-A0012		c01	R3.0 구 위치–신 위치 대응	 / 	연방 정보국은 `제1장(권리장전)`에 규정된 표현의 자유, 사생활의 비밀과 자유, 통신의 비밀, 집회·결사의 자유 및 재판을 받을 권리를 침해하지 않도록 할 적극적 책무를 진다.
XR-00650	9415	17105	17105	15	SRC-C15-L09401	REN-C18-A0004	제18장 제1절 제4조	`제13장(선거)`	[[05_원범위_보존_참조표#^scope-c13|제6장·제14장·제16장 중 선거 대응규정]]	[[05_원범위_보존_참조표#^scope-c13|제6장·제14장·제16장 중 선거 대응규정]]	치환	scope	REN-C06-A0009;REN-C06-A0010;REN-C06-A0011;REN-C06-A0027;REN-C14-A0031;REN-C16-A0001;REN-C16-A0002;REN-C16-A0003;REN-C16-A0004;REN-C16-A0005;REN-C16-A0006;REN-C16-A0007;REN-C16-A0008;REN-C16-A0009;REN-C16-A0010;REN-C16-A0011;REN-C16-A0012;REN-C16-A0013;REN-C16-A0014;REN-C16-A0015;REN-C16-A0016;REN-C16-A0017;REN-C16-A0018;REN-C16-A0019;REN-C16-A0020;REN-C16-A0021;REN-C16-A0022;REN-C16-A0023;REN-C16-A0024;REN-C16-A0025;REN-C16-A0026;REN-C16-A0027;REN-C16-A0028;REN-C16-A0029;REN-C16-A0030;REN-C16-A0031;REN-C16-A0032;REN-C16-A0033;REN-C16-A0034;REN-C16-A0035;REN-C16-A0036;REN-C16-A0037;REN-C16-A0038;REN-C16-A0039;REN-C16-A0040;REN-C16-A0041;REN-C16-A0042;REN-C16-A0043;REN-C16-A0044;REN-C16-A0045;REN-C16-A0046;REN-C16-A0047;REN-C16-A0048;REN-C16-A0049;REN-C16-A0050;REN-C16-A0051;REN-C16-A0052;REN-C16-A0053;REN-C16-A0054;REN-C16-A0055;REN-C16-A0056;REN-C16-A0057;REN-C16-A0058;REN-C16-A0059;REN-C16-A0060;REN-C16-A0061;REN-C16-A0062;REN-C16-A0063;REN-C16-A0064;REN-C16-A0065;REN-C16-A0066;REN-C16-A0067;REN-C16-A0068;REN-C16-A0069;REN-C16-A0070;REN-C16-A0071;REN-C16-A0072;REN-C16-A0073;REN-C16-A0074;REN-C16-A0075;REN-C16-A0076;REN-C16-A0077;REN-C16-A0078;REN-C16-A0079;REN-C16-A0080;REN-C16-A0081;REN-C16-A0082		c13	R3.0 구 위치–신 위치 대응	 / 	연방 정보국의 임직원은 재직 중 정당의 주요 당직을 겸하거나 공직선거에서 선거운동의 기획·지휘를 수행하여서는 아니 되며, 그 밖에 정치적 중립을 침해하는 행위의 제한 범위는 `제13장(선거)` 및 연방 법률·황제령이 정하는 바에 따른다.
XR-00651	9432	17183	17183	15	SRC-C15-L09430	REN-C18-A0008	제18장 제3절 제8조	각 호	각 호	각 호	일반표현 유지	unchanged-generic				번호 없는 일반 열거표현 유지	 / 	다음 각 호에 해당하는 행위는 그 내용이 정부나 공직자에 대한 비판적이거나 불리하더라도, 원칙적으로 정보기관의 감시·첩보 수집 대상이 될 수 없다.
XR-00652	9438	17189	17189	15	SRC-C15-L09430	REN-C18-A0008	제18장 제3절 제8조	`본 조 제1항`	제18장 제8조 제1항	제18장 제8조 제1항	치환	subordinate	REN-C18-A0008	SRC-C15-L09430-N001--REN-C18-A0008		R3.0 구 위치–신 위치 대응	 / 	`본 조 제1항`의 행위가 정보기관의 수집, 분석, 작전의 대상이 되려면, 연방 법률·황제령이 정하는 테러, 폭력행위, 반란, 내란 기타 중대한 범죄에 대한 직접적이고 명백한 선동 또는 기획, 준비, 가담의 상당한 개연성이 인정되어야 한다.
XR-00653	9448	17910	17910	15	SRC-C15-L09443	REN-C18-A0042	제18장 제8절 제42조	`본 조 제1항`	제18장 제42조 제1항	제18장 제42조 제1항	치환	subordinate	REN-C18-A0042	SRC-C15-L09443-N001--REN-C18-A0042		R3.0 구 위치–신 위치 대응	 / 	연방 정보국은 `본 조 제1항`의 점검에 대하여 정당한 사유 없이 거부·방해 또는 지연하여서는 아니되며, 거부·방해 또는 지연한 경우 그 책임 있는 자는 징계 및 형사 책임을 진다.
XR-00654	9461	17212	17212	15	SRC-C15-L09453	REN-C18-A0009	제18장 제3절 제9조	본 조	제18장 제9조	제18장 제9조	치환	article	REN-C18-A0009			R3.0 구 위치–신 위치 대응	 / 	연방 정보국은 알고리즘, AI 시스템을 사용하는 경우에도 본 조에서 정한 필요·비례·비차별 원칙을 준수하여야 하며, 자동화된 의사결정에 대한 인간의 최종 통제를 보장하여야 한다.
XR-00655	9507	17254	17254	15	SRC-C15-L09499	REN-C18-A0011	제18장 제3절 제11조	본 장	[[05_원범위_보존_참조표#^scope-c15|제2장·제18장·제21장 중 정보 대응규정]]	[[05_원범위_보존_참조표#^scope-c15|제2장·제18장·제21장 중 정보 대응규정]]	치환	scope	REN-C02-A0028;REN-C18-A0001;REN-C18-A0002;REN-C18-A0003;REN-C18-A0004;REN-C18-A0005;REN-C18-A0006;REN-C18-A0007;REN-C18-A0008;REN-C18-A0009;REN-C18-A0010;REN-C18-A0011;REN-C18-A0012;REN-C18-A0013;REN-C18-A0014;REN-C18-A0015;REN-C18-A0016;REN-C18-A0017;REN-C18-A0018;REN-C18-A0019;REN-C18-A0020;REN-C18-A0021;REN-C18-A0022;REN-C18-A0023;REN-C18-A0024;REN-C18-A0025;REN-C18-A0026;REN-C18-A0027;REN-C18-A0030;REN-C18-A0031;REN-C18-A0032;REN-C18-A0033;REN-C18-A0034;REN-C18-A0035;REN-C18-A0036;REN-C18-A0037;REN-C18-A0038;REN-C18-A0039;REN-C18-A0040;REN-C18-A0041;REN-C18-A0042;REN-C18-A0043;REN-C18-A0044;REN-C18-A0045;REN-C18-A0046;REN-C18-A0047;REN-C18-A0048;REN-C18-A0049;REN-C18-A0050;REN-C18-A0051;REN-C18-A0052;REN-C18-A0053;REN-C18-A0054;REN-C18-A0055;REN-C21-A0002		c15	R3.0 구 위치–신 위치 대응	 / 	일몰·재평가 절차, 등급별 기준 및 예외 사유는 본 장과 `제14장(개헌)`에 따라 연방 법률·황제령으로 정한다.
XR-00656	9507	17254	17254	15	SRC-C15-L09499	REN-C18-A0011	제18장 제3절 제11조	`제14장(개헌)`	[[05_원범위_보존_참조표#^scope-c14|제17장·제21장 중 개헌 대응규정]]	[[05_원범위_보존_참조표#^scope-c14|제17장·제21장 중 개헌 대응규정]]	치환	scope	REN-C17-A0001;REN-C17-A0002;REN-C17-A0003;REN-C17-A0004;REN-C17-A0005;REN-C17-A0008;REN-C17-A0009;REN-C17-A0010;REN-C17-A0011;REN-C17-A0012;REN-C17-A0013;REN-C17-A0014;REN-C17-A0015;REN-C17-A0016;REN-C17-A0017;REN-C17-A0018;REN-C17-A0019;REN-C17-A0020;REN-C17-A0021;REN-C17-A0022;REN-C17-A0023;REN-C17-A0024;REN-C21-A0008;REN-C21-A0011;REN-C21-A0012		c14	R3.0 구 위치–신 위치 대응	 / 	일몰·재평가 절차, 등급별 기준 및 예외 사유는 본 장과 `제14장(개헌)`에 따라 연방 법률·황제령으로 정한다.
XR-00657	9525	17302	17302	15	SRC-C15-L09523	REN-C18-A0014	제18장 제3절 제14조	각 호	각 호	각 호	일반표현 유지	unchanged-generic				번호 없는 일반 열거표현 유지	 / 	연방 내 정보기관은 다음 각 호에 해당하는 고위험 정보처리 활동에 대하여 사전에 데이터 영향평가(DPIA)를 실시하여야 한다.
XR-00658	9545	17332	17332	15	SRC-C15-L09537	REN-C18-A0015	제18장 제3절 제15조	`제5조의 6`	제18장 제14조	제18장 제14조	치환	article	REN-C18-A0014			R3.0 구 위치–신 위치 대응	 / 	BPD`(대량개인데이터)`의 새로운 결합·재사용 또는 목적 변경은 `제5조의 6`에 따른 데이터 영향평가를 거쳐야 하며, 특히 차별·낙인·자의적 표적화의 위험을 최소화하여야 한다.
XR-00659	9548	17335	17335	15	SRC-C15-L09537	REN-C18-A0015	제18장 제3절 제15조	본 장	[[05_원범위_보존_참조표#^scope-c15|제2장·제18장·제21장 중 정보 대응규정]]	[[05_원범위_보존_참조표#^scope-c15|제2장·제18장·제21장 중 정보 대응규정]]	치환	scope	REN-C02-A0028;REN-C18-A0001;REN-C18-A0002;REN-C18-A0003;REN-C18-A0004;REN-C18-A0005;REN-C18-A0006;REN-C18-A0007;REN-C18-A0008;REN-C18-A0009;REN-C18-A0010;REN-C18-A0011;REN-C18-A0012;REN-C18-A0013;REN-C18-A0014;REN-C18-A0015;REN-C18-A0016;REN-C18-A0017;REN-C18-A0018;REN-C18-A0019;REN-C18-A0020;REN-C18-A0021;REN-C18-A0022;REN-C18-A0023;REN-C18-A0024;REN-C18-A0025;REN-C18-A0026;REN-C18-A0027;REN-C18-A0030;REN-C18-A0031;REN-C18-A0032;REN-C18-A0033;REN-C18-A0034;REN-C18-A0035;REN-C18-A0036;REN-C18-A0037;REN-C18-A0038;REN-C18-A0039;REN-C18-A0040;REN-C18-A0041;REN-C18-A0042;REN-C18-A0043;REN-C18-A0044;REN-C18-A0045;REN-C18-A0046;REN-C18-A0047;REN-C18-A0048;REN-C18-A0049;REN-C18-A0050;REN-C18-A0051;REN-C18-A0052;REN-C18-A0053;REN-C18-A0054;REN-C18-A0055;REN-C21-A0002		c15	R3.0 구 위치–신 위치 대응	 / 	BPD`(대량개인데이터)`의 범위, 구체적 취급 기준 및 가중 보호 조치는 본 장과 `제1장(권리장전)`에 따라 연방 법률·황제령으로 정한다.
XR-00660	9548	17335	17335	15	SRC-C15-L09537	REN-C18-A0015	제18장 제3절 제15조	`제1장(권리장전)`	[[05_원범위_보존_참조표#^scope-c01|제1장·제2장·제3장 중 권리장전 대응규정]]	[[05_원범위_보존_참조표#^scope-c01|제1장·제2장·제3장 중 권리장전 대응규정]]	치환	scope	REN-C01-A0001;REN-C01-A0002;REN-C01-A0003;REN-C01-A0004;REN-C01-A0005;REN-C01-A0006;REN-C01-A0007;REN-C01-A0008;REN-C01-A0009;REN-C01-A0010;REN-C01-A0011;REN-C01-A0012;REN-C01-A0013;REN-C01-A0014;REN-C01-A0015;REN-C01-A0016;REN-C01-A0017;REN-C01-A0018;REN-C01-A0019;REN-C01-A0020;REN-C01-A0021;REN-C01-A0022;REN-C01-A0023;REN-C01-A0024;REN-C01-A0025;REN-C01-A0026;REN-C01-A0027;REN-C01-A0028;REN-C01-A0029;REN-C01-A0030;REN-C01-A0031;REN-C01-A0032;REN-C01-A0033;REN-C01-A0034;REN-C01-A0035;REN-C01-A0036;REN-C01-A0037;REN-C01-A0038;REN-C01-A0039;REN-C01-A0040;REN-C01-A0041;REN-C01-A0042;REN-C01-A0043;REN-C01-A0044;REN-C01-A0045;REN-C02-A0029;REN-C03-A0012		c01	R3.0 구 위치–신 위치 대응	 / 	BPD`(대량개인데이터)`의 범위, 구체적 취급 기준 및 가중 보호 조치는 본 장과 `제1장(권리장전)`에 따라 연방 법률·황제령으로 정한다.
XR-00661	9563	17498	17498	15	SRC-C15-L09555	REN-C18-A0022	제18장 제4절 제22조	`제11장(국가방위)`	[[05_원범위_보존_참조표#^scope-c11|제3장·제9장·제12장·제13장·제14장·제15장·제18장·제21장 중 국가방위·비상사태 대응규정]]	[[05_원범위_보존_참조표#^scope-c11|제3장·제9장·제12장·제13장·제14장·제15장·제18장·제21장 중 국가방위·비상사태 대응규정]]	치환	scope	REN-C03-A0001;REN-C03-A0002;REN-C03-A0003;REN-C09-A0021;REN-C12-A0021;REN-C12-A0033;REN-C13-A0001;REN-C13-A0002;REN-C13-A0003;REN-C13-A0004;REN-C13-A0005;REN-C13-A0006;REN-C13-A0007;REN-C13-A0008;REN-C13-A0009;REN-C13-A0010;REN-C13-A0011;REN-C13-A0012;REN-C13-A0013;REN-C13-A0014;REN-C13-A0015;REN-C13-A0017;REN-C13-A0018;REN-C13-A0019;REN-C13-A0020;REN-C13-A0021;REN-C13-A0022;REN-C13-A0024;REN-C13-A0025;REN-C13-A0026;REN-C13-A0027;REN-C14-A0001;REN-C14-A0002;REN-C14-A0003;REN-C14-A0004;REN-C14-A0006;REN-C14-A0007;REN-C14-A0008;REN-C14-A0010;REN-C14-A0011;REN-C14-A0013;REN-C14-A0014;REN-C14-A0020;REN-C14-A0021;REN-C14-A0022;REN-C14-A0023;REN-C14-A0024;REN-C14-A0028;REN-C14-A0039;REN-C14-A0040;REN-C14-A0041;REN-C14-A0042;REN-C14-A0043;REN-C15-A0064;REN-C15-A0072;REN-C18-A0028;REN-C18-A0029;REN-C18-A0056;REN-C21-A0010		c11	R3.0 구 위치–신 위치 대응	 / 	I&W 체계에서 도출된 경보는 `제11장(국가방위)` 및 `제20조 이하(비전통 안보 협력·대응)`에 따라 관계 기관에 공유되며, 필요한 경우 신민에게도 적정한 범위에서 공개된다.
XR-00662	9563	17498	17498	15	SRC-C15-L09555	REN-C18-A0022	제18장 제4절 제22조	`제20조 이하(비전통 안보 협력·대응)`	[[05_원범위_보존_참조표#^scope-c15-a20-onward|비전통 안보 협력·대응 및 후속 규정의 대응범위]]	[[05_원범위_보존_참조표#^scope-c15-a20-onward|비전통 안보 협력·대응 및 후속 규정의 대응범위]]	치환	scope	REN-C18-A0035;REN-C18-A0036;REN-C18-A0037;REN-C18-A0038;REN-C18-A0039;REN-C18-A0040;REN-C21-A0002		c15-a20-onward	원문 시작조문과 장 말미의 직접 범위 대응	 / 구 제15장 제20조부터 그 장의 마지막 조문까지를 원문 순서로 확정. 신 조문의 “이하”로 단순 치환하면 다른 조문이 포함되므로 범위 색인으로 연결	I&W 체계에서 도출된 경보는 `제11장(국가방위)` 및 `제20조 이하(비전통 안보 협력·대응)`에 따라 관계 기관에 공유되며, 필요한 경우 신민에게도 적정한 범위에서 공개된다.
XR-00663	9574	17355	17355	15	SRC-C15-L09569	REN-C18-A0016	제18장 제3절 제16조	각 호	각 호	각 호	일반표현 유지	unchanged-generic				번호 없는 일반 열거표현 유지	 / 	작전 권한의 행사에는 다음 각 호를 포함하되, 이에 한정되지 아니한다.
XR-00664	9578	17359	17359	15	SRC-C15-L09569	REN-C18-A0016	제18장 제3절 제16조	`제11장(국가방위)`	[[05_원범위_보존_참조표#^scope-c11|제3장·제9장·제12장·제13장·제14장·제15장·제18장·제21장 중 국가방위·비상사태 대응규정]]	[[05_원범위_보존_참조표#^scope-c11|제3장·제9장·제12장·제13장·제14장·제15장·제18장·제21장 중 국가방위·비상사태 대응규정]]	치환	scope	REN-C03-A0001;REN-C03-A0002;REN-C03-A0003;REN-C09-A0021;REN-C12-A0021;REN-C12-A0033;REN-C13-A0001;REN-C13-A0002;REN-C13-A0003;REN-C13-A0004;REN-C13-A0005;REN-C13-A0006;REN-C13-A0007;REN-C13-A0008;REN-C13-A0009;REN-C13-A0010;REN-C13-A0011;REN-C13-A0012;REN-C13-A0013;REN-C13-A0014;REN-C13-A0015;REN-C13-A0017;REN-C13-A0018;REN-C13-A0019;REN-C13-A0020;REN-C13-A0021;REN-C13-A0022;REN-C13-A0024;REN-C13-A0025;REN-C13-A0026;REN-C13-A0027;REN-C14-A0001;REN-C14-A0002;REN-C14-A0003;REN-C14-A0004;REN-C14-A0006;REN-C14-A0007;REN-C14-A0008;REN-C14-A0010;REN-C14-A0011;REN-C14-A0013;REN-C14-A0014;REN-C14-A0020;REN-C14-A0021;REN-C14-A0022;REN-C14-A0023;REN-C14-A0024;REN-C14-A0028;REN-C14-A0039;REN-C14-A0040;REN-C14-A0041;REN-C14-A0042;REN-C14-A0043;REN-C15-A0064;REN-C15-A0072;REN-C18-A0028;REN-C18-A0029;REN-C18-A0056;REN-C21-A0010		c11	R3.0 구 위치–신 위치 대응	 / 	4. `제11장(국가방위)`에 따른 군사 작전과의 합동·지원.
XR-00665	9588	17379	17379	15	SRC-C15-L09583	REN-C18-A0017	제18장 제3절 제17조	제3조	제18장 제4조	제18장 제4조	치환	article	REN-C18-A0004			R3.0 구 위치–신 위치 대응	 / 	비밀경찰국·비밀경호국의 활동은 `제3조, 제3조의 2, 제3조의 3, 제3조의 5`에서 정한 기본권 보장, 민주통제, 과잉금지, 비차별 원칙을 준수하여야 하며, 정치적 목적의 정보 수집·공작에 사용될 수 없다.
XR-00666	9588	17379	17379	15	SRC-C15-L09583	REN-C18-A0017	제18장 제3절 제17조	제3조의 2	제18장 제41조	제18장 제41조	치환	article	REN-C18-A0041			R3.0 구 위치–신 위치 대응	 / 	비밀경찰국·비밀경호국의 활동은 `제3조, 제3조의 2, 제3조의 3, 제3조의 5`에서 정한 기본권 보장, 민주통제, 과잉금지, 비차별 원칙을 준수하여야 하며, 정치적 목적의 정보 수집·공작에 사용될 수 없다.
XR-00667	9588	17379	17379	15	SRC-C15-L09583	REN-C18-A0017	제18장 제3절 제17조	제3조의 3	제18장 제8조	제18장 제8조	치환	article	REN-C18-A0008			R3.0 구 위치–신 위치 대응	 / 	비밀경찰국·비밀경호국의 활동은 `제3조, 제3조의 2, 제3조의 3, 제3조의 5`에서 정한 기본권 보장, 민주통제, 과잉금지, 비차별 원칙을 준수하여야 하며, 정치적 목적의 정보 수집·공작에 사용될 수 없다.
XR-00668	9588	17379	17379	15	SRC-C15-L09583	REN-C18-A0017	제18장 제3절 제17조	제3조의 5	제18장 제9조	제18장 제9조	치환	article	REN-C18-A0009			R3.0 구 위치–신 위치 대응	 / 	비밀경찰국·비밀경호국의 활동은 `제3조, 제3조의 2, 제3조의 3, 제3조의 5`에서 정한 기본권 보장, 민주통제, 과잉금지, 비차별 원칙을 준수하여야 하며, 정치적 목적의 정보 수집·공작에 사용될 수 없다.
XR-00669	9595	17396	17396	15	SRC-C15-L09593	REN-C18-A0018	제18장 제3절 제18조	각 호	각 호	각 호	일반표현 유지	unchanged-generic				번호 없는 일반 열거표현 유지	 / 	다음 각 호에 해당하는 특수정보활동은 사전에 서면 승인서를 발부받아야 한다.
XR-00670	9605	17406	17406	15	SRC-C15-L09593	REN-C18-A0018	제18장 제3절 제18조	본 장	[[05_원범위_보존_참조표#^scope-c15|제2장·제18장·제21장 중 정보 대응규정]]	[[05_원범위_보존_참조표#^scope-c15|제2장·제18장·제21장 중 정보 대응규정]]	치환	scope	REN-C02-A0028;REN-C18-A0001;REN-C18-A0002;REN-C18-A0003;REN-C18-A0004;REN-C18-A0005;REN-C18-A0006;REN-C18-A0007;REN-C18-A0008;REN-C18-A0009;REN-C18-A0010;REN-C18-A0011;REN-C18-A0012;REN-C18-A0013;REN-C18-A0014;REN-C18-A0015;REN-C18-A0016;REN-C18-A0017;REN-C18-A0018;REN-C18-A0019;REN-C18-A0020;REN-C18-A0021;REN-C18-A0022;REN-C18-A0023;REN-C18-A0024;REN-C18-A0025;REN-C18-A0026;REN-C18-A0027;REN-C18-A0030;REN-C18-A0031;REN-C18-A0032;REN-C18-A0033;REN-C18-A0034;REN-C18-A0035;REN-C18-A0036;REN-C18-A0037;REN-C18-A0038;REN-C18-A0039;REN-C18-A0040;REN-C18-A0041;REN-C18-A0042;REN-C18-A0043;REN-C18-A0044;REN-C18-A0045;REN-C18-A0046;REN-C18-A0047;REN-C18-A0048;REN-C18-A0049;REN-C18-A0050;REN-C18-A0051;REN-C18-A0052;REN-C18-A0053;REN-C18-A0054;REN-C18-A0055;REN-C21-A0002		c15	R3.0 구 위치–신 위치 대응	 / 	특수정보활동 승인서의 형식, 보존 기간, 관리 기준은 본 장과 `제11장(국가방위)`에 따라 연방 법률·황제령으로 정한다.
XR-00671	9605	17406	17406	15	SRC-C15-L09593	REN-C18-A0018	제18장 제3절 제18조	`제11장(국가방위)`	[[05_원범위_보존_참조표#^scope-c11|제3장·제9장·제12장·제13장·제14장·제15장·제18장·제21장 중 국가방위·비상사태 대응규정]]	[[05_원범위_보존_참조표#^scope-c11|제3장·제9장·제12장·제13장·제14장·제15장·제18장·제21장 중 국가방위·비상사태 대응규정]]	치환	scope	REN-C03-A0001;REN-C03-A0002;REN-C03-A0003;REN-C09-A0021;REN-C12-A0021;REN-C12-A0033;REN-C13-A0001;REN-C13-A0002;REN-C13-A0003;REN-C13-A0004;REN-C13-A0005;REN-C13-A0006;REN-C13-A0007;REN-C13-A0008;REN-C13-A0009;REN-C13-A0010;REN-C13-A0011;REN-C13-A0012;REN-C13-A0013;REN-C13-A0014;REN-C13-A0015;REN-C13-A0017;REN-C13-A0018;REN-C13-A0019;REN-C13-A0020;REN-C13-A0021;REN-C13-A0022;REN-C13-A0024;REN-C13-A0025;REN-C13-A0026;REN-C13-A0027;REN-C14-A0001;REN-C14-A0002;REN-C14-A0003;REN-C14-A0004;REN-C14-A0006;REN-C14-A0007;REN-C14-A0008;REN-C14-A0010;REN-C14-A0011;REN-C14-A0013;REN-C14-A0014;REN-C14-A0020;REN-C14-A0021;REN-C14-A0022;REN-C14-A0023;REN-C14-A0024;REN-C14-A0028;REN-C14-A0039;REN-C14-A0040;REN-C14-A0041;REN-C14-A0042;REN-C14-A0043;REN-C15-A0064;REN-C15-A0072;REN-C18-A0028;REN-C18-A0029;REN-C18-A0056;REN-C21-A0010		c11	R3.0 구 위치–신 위치 대응	 / 	특수정보활동 승인서의 형식, 보존 기간, 관리 기준은 본 장과 `제11장(국가방위)`에 따라 연방 법률·황제령으로 정한다.
XR-00672	9609	17420	17420	15	SRC-C15-L09607	REN-C18-A0019	제18장 제3절 제19조	`제7조의 3`	제18장 제18조	제18장 제18조	치환	article	REN-C18-A0018			R3.0 구 위치–신 위치 대응	 / 	`제7조의 3`에 따른 특수정보활동의 승인은 정보기관의 장과 상급 감독기관의 이중결재를 요한다. 감독기관의 범위는 연방 법률·황제령으로 정한다.
XR-00673	9659	17579	17579	15	SRC-C15-L09651	REN-C18-A0026	제18장 제5절 제26조	제1장	[[05_원범위_보존_참조표#^scope-c01|제1장·제2장·제3장 중 권리장전 대응규정]]	[[05_원범위_보존_참조표#^scope-c01|제1장·제2장·제3장 중 권리장전 대응규정]]	치환	scope	REN-C01-A0001;REN-C01-A0002;REN-C01-A0003;REN-C01-A0004;REN-C01-A0005;REN-C01-A0006;REN-C01-A0007;REN-C01-A0008;REN-C01-A0009;REN-C01-A0010;REN-C01-A0011;REN-C01-A0012;REN-C01-A0013;REN-C01-A0014;REN-C01-A0015;REN-C01-A0016;REN-C01-A0017;REN-C01-A0018;REN-C01-A0019;REN-C01-A0020;REN-C01-A0021;REN-C01-A0022;REN-C01-A0023;REN-C01-A0024;REN-C01-A0025;REN-C01-A0026;REN-C01-A0027;REN-C01-A0028;REN-C01-A0029;REN-C01-A0030;REN-C01-A0031;REN-C01-A0032;REN-C01-A0033;REN-C01-A0034;REN-C01-A0035;REN-C01-A0036;REN-C01-A0037;REN-C01-A0038;REN-C01-A0039;REN-C01-A0040;REN-C01-A0041;REN-C01-A0042;REN-C01-A0043;REN-C01-A0044;REN-C01-A0045;REN-C02-A0029;REN-C03-A0012		c01	R3.0 구 위치–신 위치 대응	 / 	AI 기반 분석·예측 시스템의 설계·검증 및 감독에 관한 세부 사항은 제1장 및 본 장에 따라 연방 법률로 정한다.
XR-00674	9659	17579	17579	15	SRC-C15-L09651	REN-C18-A0026	제18장 제5절 제26조	본 장	[[05_원범위_보존_참조표#^scope-c15|제2장·제18장·제21장 중 정보 대응규정]]	[[05_원범위_보존_참조표#^scope-c15|제2장·제18장·제21장 중 정보 대응규정]]	치환	scope	REN-C02-A0028;REN-C18-A0001;REN-C18-A0002;REN-C18-A0003;REN-C18-A0004;REN-C18-A0005;REN-C18-A0006;REN-C18-A0007;REN-C18-A0008;REN-C18-A0009;REN-C18-A0010;REN-C18-A0011;REN-C18-A0012;REN-C18-A0013;REN-C18-A0014;REN-C18-A0015;REN-C18-A0016;REN-C18-A0017;REN-C18-A0018;REN-C18-A0019;REN-C18-A0020;REN-C18-A0021;REN-C18-A0022;REN-C18-A0023;REN-C18-A0024;REN-C18-A0025;REN-C18-A0026;REN-C18-A0027;REN-C18-A0030;REN-C18-A0031;REN-C18-A0032;REN-C18-A0033;REN-C18-A0034;REN-C18-A0035;REN-C18-A0036;REN-C18-A0037;REN-C18-A0038;REN-C18-A0039;REN-C18-A0040;REN-C18-A0041;REN-C18-A0042;REN-C18-A0043;REN-C18-A0044;REN-C18-A0045;REN-C18-A0046;REN-C18-A0047;REN-C18-A0048;REN-C18-A0049;REN-C18-A0050;REN-C18-A0051;REN-C18-A0052;REN-C18-A0053;REN-C18-A0054;REN-C18-A0055;REN-C21-A0002		c15	R3.0 구 위치–신 위치 대응	 / 	AI 기반 분석·예측 시스템의 설계·검증 및 감독에 관한 세부 사항은 제1장 및 본 장에 따라 연방 법률로 정한다.
XR-00675	9677	1872	1872	15	SRC-C15-L09675	REN-C02-A0028	제2장 제6절 제28조	`제6장(입법)`	[[05_원범위_보존_참조표#^scope-c05|제6장·제9장·제14장·제21장 중 입법 대응규정]]	[[05_원범위_보존_참조표#^scope-c05|제6장·제9장·제14장·제21장 중 입법 대응규정]][^r4-xr-00675]	원문 대조 보정 후 치환	scope	REN-C06-A0001;REN-C06-A0002;REN-C06-A0003;REN-C06-A0004;REN-C06-A0005;REN-C06-A0006;REN-C06-A0007;REN-C06-A0008;REN-C06-A0012;REN-C06-A0013;REN-C06-A0014;REN-C06-A0015;REN-C06-A0016;REN-C06-A0017;REN-C06-A0018;REN-C06-A0019;REN-C06-A0020;REN-C06-A0021;REN-C06-A0022;REN-C06-A0023;REN-C06-A0024;REN-C06-A0025;REN-C06-A0026;REN-C06-A0028;REN-C06-A0029;REN-C06-A0030;REN-C06-A0031;REN-C09-A0012;REN-C09-A0013;REN-C09-A0014;REN-C14-A0018;REN-C21-S11		c05	R3.0 구 위치–신 위치 대응	 / 원문 장 번호·명칭 불일치: 제6장(입법); 원문 목차의 명칭과 일치하는 구 제5장으로 식별	연방 정보기관은 정보공개·데이터 표준·전자기록 관리에 관하여 `제6장(입법)` 및 `제14장(개헌)`에서 정한 전자법원·디지털의정·데이터 스키마에 부합하도록 시스템을 구축하여야 한다.
XR-00676	9677	1872	1872	15	SRC-C15-L09675	REN-C02-A0028	제2장 제6절 제28조	`제14장(개헌)`	[[05_원범위_보존_참조표#^scope-c14|제17장·제21장 중 개헌 대응규정]]	[[05_원범위_보존_참조표#^scope-c14|제17장·제21장 중 개헌 대응규정]]	치환	scope	REN-C17-A0001;REN-C17-A0002;REN-C17-A0003;REN-C17-A0004;REN-C17-A0005;REN-C17-A0008;REN-C17-A0009;REN-C17-A0010;REN-C17-A0011;REN-C17-A0012;REN-C17-A0013;REN-C17-A0014;REN-C17-A0015;REN-C17-A0016;REN-C17-A0017;REN-C17-A0018;REN-C17-A0019;REN-C17-A0020;REN-C17-A0021;REN-C17-A0022;REN-C17-A0023;REN-C17-A0024;REN-C21-A0008;REN-C21-A0011;REN-C21-A0012		c14	R3.0 구 위치–신 위치 대응	 / 	연방 정보기관은 정보공개·데이터 표준·전자기록 관리에 관하여 `제6장(입법)` 및 `제14장(개헌)`에서 정한 전자법원·디지털의정·데이터 스키마에 부합하도록 시스템을 구축하여야 한다.
XR-00677	9730	17454	17454	15	SRC-C15-L09719	REN-C18-A0020	제18장 제3절 제20조	본 장	[[05_원범위_보존_참조표#^scope-c15|제2장·제18장·제21장 중 정보 대응규정]]	[[05_원범위_보존_참조표#^scope-c15|제2장·제18장·제21장 중 정보 대응규정]]	치환	scope	REN-C02-A0028;REN-C18-A0001;REN-C18-A0002;REN-C18-A0003;REN-C18-A0004;REN-C18-A0005;REN-C18-A0006;REN-C18-A0007;REN-C18-A0008;REN-C18-A0009;REN-C18-A0010;REN-C18-A0011;REN-C18-A0012;REN-C18-A0013;REN-C18-A0014;REN-C18-A0015;REN-C18-A0016;REN-C18-A0017;REN-C18-A0018;REN-C18-A0019;REN-C18-A0020;REN-C18-A0021;REN-C18-A0022;REN-C18-A0023;REN-C18-A0024;REN-C18-A0025;REN-C18-A0026;REN-C18-A0027;REN-C18-A0030;REN-C18-A0031;REN-C18-A0032;REN-C18-A0033;REN-C18-A0034;REN-C18-A0035;REN-C18-A0036;REN-C18-A0037;REN-C18-A0038;REN-C18-A0039;REN-C18-A0040;REN-C18-A0041;REN-C18-A0042;REN-C18-A0043;REN-C18-A0044;REN-C18-A0045;REN-C18-A0046;REN-C18-A0047;REN-C18-A0048;REN-C18-A0049;REN-C18-A0050;REN-C18-A0051;REN-C18-A0052;REN-C18-A0053;REN-C18-A0054;REN-C18-A0055;REN-C21-A0002		c15	R3.0 구 위치–신 위치 대응	 / 	정보–수사 방화벽의 구체적 기준·절차 및 통제 장치는 본 장과 `제6장(입법)`, `제11장(국가방위)`에 따라 연방 법률·황제령으로 정한다.
XR-00678	9730	17454	17454	15	SRC-C15-L09719	REN-C18-A0020	제18장 제3절 제20조	`제6장(입법)`	[[05_원범위_보존_참조표#^scope-c05|제6장·제9장·제14장·제21장 중 입법 대응규정]]	[[05_원범위_보존_참조표#^scope-c05|제6장·제9장·제14장·제21장 중 입법 대응규정]][^r4-xr-00678]	원문 대조 보정 후 치환	scope	REN-C06-A0001;REN-C06-A0002;REN-C06-A0003;REN-C06-A0004;REN-C06-A0005;REN-C06-A0006;REN-C06-A0007;REN-C06-A0008;REN-C06-A0012;REN-C06-A0013;REN-C06-A0014;REN-C06-A0015;REN-C06-A0016;REN-C06-A0017;REN-C06-A0018;REN-C06-A0019;REN-C06-A0020;REN-C06-A0021;REN-C06-A0022;REN-C06-A0023;REN-C06-A0024;REN-C06-A0025;REN-C06-A0026;REN-C06-A0028;REN-C06-A0029;REN-C06-A0030;REN-C06-A0031;REN-C09-A0012;REN-C09-A0013;REN-C09-A0014;REN-C14-A0018;REN-C21-S11		c05	R3.0 구 위치–신 위치 대응	 / 원문 장 번호·명칭 불일치: 제6장(입법); 원문 목차의 명칭과 일치하는 구 제5장으로 식별	정보–수사 방화벽의 구체적 기준·절차 및 통제 장치는 본 장과 `제6장(입법)`, `제11장(국가방위)`에 따라 연방 법률·황제령으로 정한다.
XR-00679	9730	17454	17454	15	SRC-C15-L09719	REN-C18-A0020	제18장 제3절 제20조	`제11장(국가방위)`	[[05_원범위_보존_참조표#^scope-c11|제3장·제9장·제12장·제13장·제14장·제15장·제18장·제21장 중 국가방위·비상사태 대응규정]]	[[05_원범위_보존_참조표#^scope-c11|제3장·제9장·제12장·제13장·제14장·제15장·제18장·제21장 중 국가방위·비상사태 대응규정]]	치환	scope	REN-C03-A0001;REN-C03-A0002;REN-C03-A0003;REN-C09-A0021;REN-C12-A0021;REN-C12-A0033;REN-C13-A0001;REN-C13-A0002;REN-C13-A0003;REN-C13-A0004;REN-C13-A0005;REN-C13-A0006;REN-C13-A0007;REN-C13-A0008;REN-C13-A0009;REN-C13-A0010;REN-C13-A0011;REN-C13-A0012;REN-C13-A0013;REN-C13-A0014;REN-C13-A0015;REN-C13-A0017;REN-C13-A0018;REN-C13-A0019;REN-C13-A0020;REN-C13-A0021;REN-C13-A0022;REN-C13-A0024;REN-C13-A0025;REN-C13-A0026;REN-C13-A0027;REN-C14-A0001;REN-C14-A0002;REN-C14-A0003;REN-C14-A0004;REN-C14-A0006;REN-C14-A0007;REN-C14-A0008;REN-C14-A0010;REN-C14-A0011;REN-C14-A0013;REN-C14-A0014;REN-C14-A0020;REN-C14-A0021;REN-C14-A0022;REN-C14-A0023;REN-C14-A0024;REN-C14-A0028;REN-C14-A0039;REN-C14-A0040;REN-C14-A0041;REN-C14-A0042;REN-C14-A0043;REN-C15-A0064;REN-C15-A0072;REN-C18-A0028;REN-C18-A0029;REN-C18-A0056;REN-C21-A0010		c11	R3.0 구 위치–신 위치 대응	 / 	정보–수사 방화벽의 구체적 기준·절차 및 통제 장치는 본 장과 `제6장(입법)`, `제11장(국가방위)`에 따라 연방 법률·황제령으로 정한다.
XR-00680	9737	17471	17471	15	SRC-C15-L09732	REN-C18-A0021	제18장 제3절 제21조	제1항	제18장 제21조 제1항	제18장 제21조 제1항	치환	subordinate	REN-C18-A0021	SRC-C15-L09732-N001--REN-C18-A0021		R3.0 구 위치–신 위치 대응	 / 	정보기관은 제1항에 따른 신청을 받은 때에는 지체 없이 사실을 확인하고, 정정·삭제·처리 제한 또는 기각의 사유를 서면으로 통지하여야 한다. 처리 절차 및 불복 방법은 연방 법률로 정한다.
XR-00681	9746	18032	18032	15	SRC-C15-L09744	REN-C18-A0049	제18장 제8절 제49조	본 장	[[05_원범위_보존_참조표#^scope-c15|제2장·제18장·제21장 중 정보 대응규정]]	[[05_원범위_보존_참조표#^scope-c15|제2장·제18장·제21장 중 정보 대응규정]]	치환	scope	REN-C02-A0028;REN-C18-A0001;REN-C18-A0002;REN-C18-A0003;REN-C18-A0004;REN-C18-A0005;REN-C18-A0006;REN-C18-A0007;REN-C18-A0008;REN-C18-A0009;REN-C18-A0010;REN-C18-A0011;REN-C18-A0012;REN-C18-A0013;REN-C18-A0014;REN-C18-A0015;REN-C18-A0016;REN-C18-A0017;REN-C18-A0018;REN-C18-A0019;REN-C18-A0020;REN-C18-A0021;REN-C18-A0022;REN-C18-A0023;REN-C18-A0024;REN-C18-A0025;REN-C18-A0026;REN-C18-A0027;REN-C18-A0030;REN-C18-A0031;REN-C18-A0032;REN-C18-A0033;REN-C18-A0034;REN-C18-A0035;REN-C18-A0036;REN-C18-A0037;REN-C18-A0038;REN-C18-A0039;REN-C18-A0040;REN-C18-A0041;REN-C18-A0042;REN-C18-A0043;REN-C18-A0044;REN-C18-A0045;REN-C18-A0046;REN-C18-A0047;REN-C18-A0048;REN-C18-A0049;REN-C18-A0050;REN-C18-A0051;REN-C18-A0052;REN-C18-A0053;REN-C18-A0054;REN-C18-A0055;REN-C21-A0002		c15	R3.0 구 위치–신 위치 대응	 / 	연방 정보기관은 본 장과 `제1장(권리장전)`에 따른 정보기본권 보장을 위하여, 위험을 초래하지 않는 범위에서 통계·지표·연례보고서 등을 정기적으로 공시하여야 한다.
XR-00682	9746	18032	18032	15	SRC-C15-L09744	REN-C18-A0049	제18장 제8절 제49조	`제1장(권리장전)`	[[05_원범위_보존_참조표#^scope-c01|제1장·제2장·제3장 중 권리장전 대응규정]]	[[05_원범위_보존_참조표#^scope-c01|제1장·제2장·제3장 중 권리장전 대응규정]]	치환	scope	REN-C01-A0001;REN-C01-A0002;REN-C01-A0003;REN-C01-A0004;REN-C01-A0005;REN-C01-A0006;REN-C01-A0007;REN-C01-A0008;REN-C01-A0009;REN-C01-A0010;REN-C01-A0011;REN-C01-A0012;REN-C01-A0013;REN-C01-A0014;REN-C01-A0015;REN-C01-A0016;REN-C01-A0017;REN-C01-A0018;REN-C01-A0019;REN-C01-A0020;REN-C01-A0021;REN-C01-A0022;REN-C01-A0023;REN-C01-A0024;REN-C01-A0025;REN-C01-A0026;REN-C01-A0027;REN-C01-A0028;REN-C01-A0029;REN-C01-A0030;REN-C01-A0031;REN-C01-A0032;REN-C01-A0033;REN-C01-A0034;REN-C01-A0035;REN-C01-A0036;REN-C01-A0037;REN-C01-A0038;REN-C01-A0039;REN-C01-A0040;REN-C01-A0041;REN-C01-A0042;REN-C01-A0043;REN-C01-A0044;REN-C01-A0045;REN-C02-A0029;REN-C03-A0012		c01	R3.0 구 위치–신 위치 대응	 / 	연방 정보기관은 본 장과 `제1장(권리장전)`에 따른 정보기본권 보장을 위하여, 위험을 초래하지 않는 범위에서 통계·지표·연례보고서 등을 정기적으로 공시하여야 한다.
XR-00683	9755	18051	18051	15	SRC-C15-L09753	REN-C18-A0050	제18장 제8절 제50조	`제12조의 3`	제18장 제52조	제18장 제52조	치환	article	REN-C18-A0052			R3.0 구 위치–신 위치 대응	 / 	연방 정보기관의 활동에 대한 성과·효율·권리보장 수준 평가는 연방 감사원·독립감독 기관·정보위원회가 각기 역할을 분담하여 수행한다. 이 경우 평가는 `제12조의 3` 및 `제18조`에 따른 KPI·운영지표를 포함하는 종합 평가여야 한다.
XR-00684	9755	18051	18051	15	SRC-C15-L09753	REN-C18-A0050	제18장 제8절 제50조	`제18조`	제18장 제55조	제18장 제55조	치환	article	REN-C18-A0055			R3.0 구 위치–신 위치 대응	 / 	연방 정보기관의 활동에 대한 성과·효율·권리보장 수준 평가는 연방 감사원·독립감독 기관·정보위원회가 각기 역할을 분담하여 수행한다. 이 경우 평가는 `제12조의 3` 및 `제18조`에 따른 KPI·운영지표를 포함하는 종합 평가여야 한다.
XR-00685	9762	18068	18068	15	SRC-C15-L09760	REN-C18-A0051	제18장 제8절 제51조	`제14장(개헌)`	[[05_원범위_보존_참조표#^scope-c14|제17장·제21장 중 개헌 대응규정]]	[[05_원범위_보존_참조표#^scope-c14|제17장·제21장 중 개헌 대응규정]]	치환	scope	REN-C17-A0001;REN-C17-A0002;REN-C17-A0003;REN-C17-A0004;REN-C17-A0005;REN-C17-A0008;REN-C17-A0009;REN-C17-A0010;REN-C17-A0011;REN-C17-A0012;REN-C17-A0013;REN-C17-A0014;REN-C17-A0015;REN-C17-A0016;REN-C17-A0017;REN-C17-A0018;REN-C17-A0019;REN-C17-A0020;REN-C17-A0021;REN-C17-A0022;REN-C17-A0023;REN-C17-A0024;REN-C21-A0008;REN-C21-A0011;REN-C21-A0012		c14	R3.0 구 위치–신 위치 대응	 / 	연방 정보기관은 `제14장(개헌)`에 따라 정립된 CAS 데이터 스키마를 준수하여, 선거·개헌·신민투표 관련 정보와 비전통 안보 관련 데이터가 상호 호환되도록 하여야 한다.
XR-00686	9852	18143	18143	15	SRC-C15-L09850	REN-C18-A0055	제18장 제8절 제55조	`제12조의 3`	제18장 제52조	제18장 제52조	치환	article	REN-C18-A0052			R3.0 구 위치–신 위치 대응	 / 	연방 정보기관의 KPI는 `제12조의 3`에 따른 기준에 기초하여, 예방·억제 효과, 기본권 보호, 국제 평가, 조직 문화, 혁신·학습 능력 등 다차원 지표로 구성된다.
XR-00687	9875	17761	17761	15	SRC-C15-L09870	REN-C18-A0035	제18장 제7절 제35조	`제6조(I&W 체계)`	제18장 제22조(I&W 체계)	제18장 제22조(I&W 체계)	치환	article	REN-C18-A0022			R3.0 구 위치–신 위치 대응	 / 인용 뒤 설명 'I&W 체계'은 원 표제와 완전 일치하지 않음; 번호로 존재하는 대상만 대응	비전통 안보 위협의 탐지, 평가, 경보는 `제6조(I&W 체계)` 및 `제8조(사이버·우주·핵심 인프라 보호)`에 따른 정보활동과 긴밀히 연계하여 수행한다.
XR-00688	9875	17761	17761	15	SRC-C15-L09870	REN-C18-A0035	제18장 제7절 제35조	`제8조(사이버·우주·핵심 인프라 보호)`	제18장 제23조(사이버·우주·핵심 인프라 보호)	제18장 제23조(사이버·우주·핵심 인프라 보호)	치환	article	REN-C18-A0023			R3.0 구 위치–신 위치 대응	 / 	비전통 안보 위협의 탐지, 평가, 경보는 `제6조(I&W 체계)` 및 `제8조(사이버·우주·핵심 인프라 보호)`에 따른 정보활동과 긴밀히 연계하여 수행한다.
XR-00689	9878	17764	17764	15	SRC-C15-L09870	REN-C18-A0035	제18장 제7절 제35조	`제17장(능력자 감독)`	[[05_원범위_보존_참조표#^scope-c17|제14장·제20장·제21장 중 능력자감독 대응규정]]	[[05_원범위_보존_참조표#^scope-c17|제14장·제20장·제21장 중 능력자감독 대응규정]]	치환	scope	REN-C14-A0033;REN-C14-A0034;REN-C20-A0001;REN-C20-A0002;REN-C20-A0003;REN-C20-A0004;REN-C20-A0005;REN-C20-A0006;REN-C20-A0007;REN-C20-A0008;REN-C20-A0009;REN-C20-A0010;REN-C20-A0011;REN-C20-A0012;REN-C20-A0013;REN-C20-A0014;REN-C20-A0015;REN-C20-A0016;REN-C20-A0017;REN-C20-A0018;REN-C20-A0019;REN-C20-A0020;REN-C20-A0021;REN-C20-A0022;REN-C20-A0023;REN-C20-A0024;REN-C20-A0025;REN-C20-A0026;REN-C20-A0027;REN-C20-A0028;REN-C20-A0029;REN-C20-A0030;REN-C20-A0031;REN-C20-A0032;REN-C20-A0033;REN-C20-A0035;REN-C20-A0036;REN-C20-A0037;REN-C20-A0038;REN-C20-A0039;REN-C20-A0040;REN-C20-A0041;REN-C20-A0042;REN-C20-A0043;REN-C20-A0044;REN-C20-A0045;REN-C20-A0046;REN-C20-A0047;REN-C20-A0048;REN-C20-A0049;REN-C20-A0050;REN-C20-A0051;REN-C20-A0052;REN-C20-A0053;REN-C20-A0054;REN-C20-A0055;REN-C20-A0056;REN-C20-A0057;REN-C20-A0058;REN-C20-A0059;REN-C20-A0060;REN-C20-A0061;REN-C20-A0062;REN-C20-A0063;REN-C20-A0064;REN-C20-A0065;REN-C20-A0066;REN-C20-A0067;REN-C20-A0068;REN-C21-S06;REN-C21-S12		c17	R3.0 구 위치–신 위치 대응	 / 	능력자 관련 위협의 탐지, 평가, 경보는 `제17장(능력자 감독)`에 따른 능력자 감독 체계와 연계하여 수행한다.
XR-00690	9887	17783	17783	15	SRC-C15-L09882	REN-C18-A0036	제18장 제7절 제36조	`제11장(국가방위)`	[[05_원범위_보존_참조표#^scope-c11|제3장·제9장·제12장·제13장·제14장·제15장·제18장·제21장 중 국가방위·비상사태 대응규정]]	[[05_원범위_보존_참조표#^scope-c11|제3장·제9장·제12장·제13장·제14장·제15장·제18장·제21장 중 국가방위·비상사태 대응규정]]	치환	scope	REN-C03-A0001;REN-C03-A0002;REN-C03-A0003;REN-C09-A0021;REN-C12-A0021;REN-C12-A0033;REN-C13-A0001;REN-C13-A0002;REN-C13-A0003;REN-C13-A0004;REN-C13-A0005;REN-C13-A0006;REN-C13-A0007;REN-C13-A0008;REN-C13-A0009;REN-C13-A0010;REN-C13-A0011;REN-C13-A0012;REN-C13-A0013;REN-C13-A0014;REN-C13-A0015;REN-C13-A0017;REN-C13-A0018;REN-C13-A0019;REN-C13-A0020;REN-C13-A0021;REN-C13-A0022;REN-C13-A0024;REN-C13-A0025;REN-C13-A0026;REN-C13-A0027;REN-C14-A0001;REN-C14-A0002;REN-C14-A0003;REN-C14-A0004;REN-C14-A0006;REN-C14-A0007;REN-C14-A0008;REN-C14-A0010;REN-C14-A0011;REN-C14-A0013;REN-C14-A0014;REN-C14-A0020;REN-C14-A0021;REN-C14-A0022;REN-C14-A0023;REN-C14-A0024;REN-C14-A0028;REN-C14-A0039;REN-C14-A0040;REN-C14-A0041;REN-C14-A0042;REN-C14-A0043;REN-C15-A0064;REN-C15-A0072;REN-C18-A0028;REN-C18-A0029;REN-C18-A0056;REN-C21-A0010		c11	R3.0 구 위치–신 위치 대응	 / 	연방 내 정보기관은 하이브리드, 회색지대 위협에 대한 통합 분석 체계를 구축하고, `제11장(국가방위)` 및 `제4장(행정)`의 행정기관과 협력하여 대응 전략을 수립·실행하여야 한다.
XR-00691	9887	17783	17783	15	SRC-C15-L09882	REN-C18-A0036	제18장 제7절 제36조	`제4장(행정)`	[[05_원범위_보존_참조표#^scope-c04|제4장·제5장·제7장·제13장·제14장·제15장·제21장 중 행정 대응규정]]	[[05_원범위_보존_참조표#^scope-c04|제4장·제5장·제7장·제13장·제14장·제15장·제21장 중 행정 대응규정]]	치환	scope	REN-C04-A0006;REN-C04-A0007;REN-C04-A0010;REN-C05-A0001;REN-C05-A0002;REN-C05-A0003;REN-C05-A0004;REN-C05-A0005;REN-C05-A0006;REN-C05-A0007;REN-C05-A0008;REN-C05-A0009;REN-C05-A0010;REN-C05-A0011;REN-C05-A0012;REN-C05-A0013;REN-C05-A0014;REN-C05-A0015;REN-C05-A0016;REN-C05-A0017;REN-C05-A0018;REN-C05-A0019;REN-C05-A0020;REN-C05-A0021;REN-C05-A0022;REN-C05-A0023;REN-C05-A0024;REN-C05-A0025;REN-C05-A0026;REN-C05-A0027;REN-C05-A0028;REN-C05-A0029;REN-C05-A0030;REN-C05-A0031;REN-C05-A0032;REN-C05-A0033;REN-C05-A0034;REN-C05-A0035;REN-C05-A0036;REN-C05-A0037;REN-C05-A0038;REN-C05-A0039;REN-C05-A0040;REN-C05-A0041;REN-C05-A0042;REN-C05-A0043;REN-C07-A0059;REN-C13-A0016;REN-C14-A0017;REN-C14-A0036;REN-C15-A0043;REN-C21-S07;REN-C21-A0006		c04	R3.0 구 위치–신 위치 대응	 / 	연방 내 정보기관은 하이브리드, 회색지대 위협에 대한 통합 분석 체계를 구축하고, `제11장(국가방위)` 및 `제4장(행정)`의 행정기관과 협력하여 대응 전략을 수립·실행하여야 한다.
XR-00692	9897	17803	17803	15	SRC-C15-L09889	REN-C18-A0037	제18장 제7절 제37조	`제13장(선거)`	[[05_원범위_보존_참조표#^scope-c13|제6장·제14장·제16장 중 선거 대응규정]]	[[05_원범위_보존_참조표#^scope-c13|제6장·제14장·제16장 중 선거 대응규정]]	치환	scope	REN-C06-A0009;REN-C06-A0010;REN-C06-A0011;REN-C06-A0027;REN-C14-A0031;REN-C16-A0001;REN-C16-A0002;REN-C16-A0003;REN-C16-A0004;REN-C16-A0005;REN-C16-A0006;REN-C16-A0007;REN-C16-A0008;REN-C16-A0009;REN-C16-A0010;REN-C16-A0011;REN-C16-A0012;REN-C16-A0013;REN-C16-A0014;REN-C16-A0015;REN-C16-A0016;REN-C16-A0017;REN-C16-A0018;REN-C16-A0019;REN-C16-A0020;REN-C16-A0021;REN-C16-A0022;REN-C16-A0023;REN-C16-A0024;REN-C16-A0025;REN-C16-A0026;REN-C16-A0027;REN-C16-A0028;REN-C16-A0029;REN-C16-A0030;REN-C16-A0031;REN-C16-A0032;REN-C16-A0033;REN-C16-A0034;REN-C16-A0035;REN-C16-A0036;REN-C16-A0037;REN-C16-A0038;REN-C16-A0039;REN-C16-A0040;REN-C16-A0041;REN-C16-A0042;REN-C16-A0043;REN-C16-A0044;REN-C16-A0045;REN-C16-A0046;REN-C16-A0047;REN-C16-A0048;REN-C16-A0049;REN-C16-A0050;REN-C16-A0051;REN-C16-A0052;REN-C16-A0053;REN-C16-A0054;REN-C16-A0055;REN-C16-A0056;REN-C16-A0057;REN-C16-A0058;REN-C16-A0059;REN-C16-A0060;REN-C16-A0061;REN-C16-A0062;REN-C16-A0063;REN-C16-A0064;REN-C16-A0065;REN-C16-A0066;REN-C16-A0067;REN-C16-A0068;REN-C16-A0069;REN-C16-A0070;REN-C16-A0071;REN-C16-A0072;REN-C16-A0073;REN-C16-A0074;REN-C16-A0075;REN-C16-A0076;REN-C16-A0077;REN-C16-A0078;REN-C16-A0079;REN-C16-A0080;REN-C16-A0081;REN-C16-A0082		c13	R3.0 구 위치–신 위치 대응	 / 	선거, 신민투표 기간 중 MDM 대응은 `제13장(선거)` 및 관련 연방 법률·황제령이 정하는 바에 따라, 선거 관련 합동기구`(JICC 등)`를 중심으로 통합하여 수행한다.
XR-00693	9900	17806	17806	15	SRC-C15-L09889	REN-C18-A0037	제18장 제7절 제37조	본 장	[[05_원범위_보존_참조표#^scope-c15|제2장·제18장·제21장 중 정보 대응규정]]	[[05_원범위_보존_참조표#^scope-c15|제2장·제18장·제21장 중 정보 대응규정]]	치환	scope	REN-C02-A0028;REN-C18-A0001;REN-C18-A0002;REN-C18-A0003;REN-C18-A0004;REN-C18-A0005;REN-C18-A0006;REN-C18-A0007;REN-C18-A0008;REN-C18-A0009;REN-C18-A0010;REN-C18-A0011;REN-C18-A0012;REN-C18-A0013;REN-C18-A0014;REN-C18-A0015;REN-C18-A0016;REN-C18-A0017;REN-C18-A0018;REN-C18-A0019;REN-C18-A0020;REN-C18-A0021;REN-C18-A0022;REN-C18-A0023;REN-C18-A0024;REN-C18-A0025;REN-C18-A0026;REN-C18-A0027;REN-C18-A0030;REN-C18-A0031;REN-C18-A0032;REN-C18-A0033;REN-C18-A0034;REN-C18-A0035;REN-C18-A0036;REN-C18-A0037;REN-C18-A0038;REN-C18-A0039;REN-C18-A0040;REN-C18-A0041;REN-C18-A0042;REN-C18-A0043;REN-C18-A0044;REN-C18-A0045;REN-C18-A0046;REN-C18-A0047;REN-C18-A0048;REN-C18-A0049;REN-C18-A0050;REN-C18-A0051;REN-C18-A0052;REN-C18-A0053;REN-C18-A0054;REN-C18-A0055;REN-C21-A0002		c15	R3.0 구 위치–신 위치 대응	 / 	MDM 대응과 관련한 기준, 절차, 감독, 구제 및 투명성 제고 방안은 본 장과 `제1장(권리장전)`, `제13장(선거)`에 따라 연방 법률·황제령으로 정한다.
XR-00694	9900	17806	17806	15	SRC-C15-L09889	REN-C18-A0037	제18장 제7절 제37조	`제1장(권리장전)`	[[05_원범위_보존_참조표#^scope-c01|제1장·제2장·제3장 중 권리장전 대응규정]]	[[05_원범위_보존_참조표#^scope-c01|제1장·제2장·제3장 중 권리장전 대응규정]]	치환	scope	REN-C01-A0001;REN-C01-A0002;REN-C01-A0003;REN-C01-A0004;REN-C01-A0005;REN-C01-A0006;REN-C01-A0007;REN-C01-A0008;REN-C01-A0009;REN-C01-A0010;REN-C01-A0011;REN-C01-A0012;REN-C01-A0013;REN-C01-A0014;REN-C01-A0015;REN-C01-A0016;REN-C01-A0017;REN-C01-A0018;REN-C01-A0019;REN-C01-A0020;REN-C01-A0021;REN-C01-A0022;REN-C01-A0023;REN-C01-A0024;REN-C01-A0025;REN-C01-A0026;REN-C01-A0027;REN-C01-A0028;REN-C01-A0029;REN-C01-A0030;REN-C01-A0031;REN-C01-A0032;REN-C01-A0033;REN-C01-A0034;REN-C01-A0035;REN-C01-A0036;REN-C01-A0037;REN-C01-A0038;REN-C01-A0039;REN-C01-A0040;REN-C01-A0041;REN-C01-A0042;REN-C01-A0043;REN-C01-A0044;REN-C01-A0045;REN-C02-A0029;REN-C03-A0012		c01	R3.0 구 위치–신 위치 대응	 / 	MDM 대응과 관련한 기준, 절차, 감독, 구제 및 투명성 제고 방안은 본 장과 `제1장(권리장전)`, `제13장(선거)`에 따라 연방 법률·황제령으로 정한다.
XR-00695	9900	17806	17806	15	SRC-C15-L09889	REN-C18-A0037	제18장 제7절 제37조	`제13장(선거)`	[[05_원범위_보존_참조표#^scope-c13|제6장·제14장·제16장 중 선거 대응규정]]	[[05_원범위_보존_참조표#^scope-c13|제6장·제14장·제16장 중 선거 대응규정]]	치환	scope	REN-C06-A0009;REN-C06-A0010;REN-C06-A0011;REN-C06-A0027;REN-C14-A0031;REN-C16-A0001;REN-C16-A0002;REN-C16-A0003;REN-C16-A0004;REN-C16-A0005;REN-C16-A0006;REN-C16-A0007;REN-C16-A0008;REN-C16-A0009;REN-C16-A0010;REN-C16-A0011;REN-C16-A0012;REN-C16-A0013;REN-C16-A0014;REN-C16-A0015;REN-C16-A0016;REN-C16-A0017;REN-C16-A0018;REN-C16-A0019;REN-C16-A0020;REN-C16-A0021;REN-C16-A0022;REN-C16-A0023;REN-C16-A0024;REN-C16-A0025;REN-C16-A0026;REN-C16-A0027;REN-C16-A0028;REN-C16-A0029;REN-C16-A0030;REN-C16-A0031;REN-C16-A0032;REN-C16-A0033;REN-C16-A0034;REN-C16-A0035;REN-C16-A0036;REN-C16-A0037;REN-C16-A0038;REN-C16-A0039;REN-C16-A0040;REN-C16-A0041;REN-C16-A0042;REN-C16-A0043;REN-C16-A0044;REN-C16-A0045;REN-C16-A0046;REN-C16-A0047;REN-C16-A0048;REN-C16-A0049;REN-C16-A0050;REN-C16-A0051;REN-C16-A0052;REN-C16-A0053;REN-C16-A0054;REN-C16-A0055;REN-C16-A0056;REN-C16-A0057;REN-C16-A0058;REN-C16-A0059;REN-C16-A0060;REN-C16-A0061;REN-C16-A0062;REN-C16-A0063;REN-C16-A0064;REN-C16-A0065;REN-C16-A0066;REN-C16-A0067;REN-C16-A0068;REN-C16-A0069;REN-C16-A0070;REN-C16-A0071;REN-C16-A0072;REN-C16-A0073;REN-C16-A0074;REN-C16-A0075;REN-C16-A0076;REN-C16-A0077;REN-C16-A0078;REN-C16-A0079;REN-C16-A0080;REN-C16-A0081;REN-C16-A0082		c13	R3.0 구 위치–신 위치 대응	 / 	MDM 대응과 관련한 기준, 절차, 감독, 구제 및 투명성 제고 방안은 본 장과 `제1장(권리장전)`, `제13장(선거)`에 따라 연방 법률·황제령으로 정한다.
XR-00696	9936	20384	20384	15	SRC-C15-L09934	REN-C21-A0002	제21장 제1절 제2조	본본 장	[[05_원범위_보존_참조표#^scope-c15|제2장·제18장·제21장 중 정보 대응규정]]	[[05_원범위_보존_참조표#^scope-c15|제2장·제18장·제21장 중 정보 대응규정]][^r4-xr-00696]	원문 대조 보정 후 치환	scope	REN-C02-A0028;REN-C18-A0001;REN-C18-A0002;REN-C18-A0003;REN-C18-A0004;REN-C18-A0005;REN-C18-A0006;REN-C18-A0007;REN-C18-A0008;REN-C18-A0009;REN-C18-A0010;REN-C18-A0011;REN-C18-A0012;REN-C18-A0013;REN-C18-A0014;REN-C18-A0015;REN-C18-A0016;REN-C18-A0017;REN-C18-A0018;REN-C18-A0019;REN-C18-A0020;REN-C18-A0021;REN-C18-A0022;REN-C18-A0023;REN-C18-A0024;REN-C18-A0025;REN-C18-A0026;REN-C18-A0027;REN-C18-A0030;REN-C18-A0031;REN-C18-A0032;REN-C18-A0033;REN-C18-A0034;REN-C18-A0035;REN-C18-A0036;REN-C18-A0037;REN-C18-A0038;REN-C18-A0039;REN-C18-A0040;REN-C18-A0041;REN-C18-A0042;REN-C18-A0043;REN-C18-A0044;REN-C18-A0045;REN-C18-A0046;REN-C18-A0047;REN-C18-A0048;REN-C18-A0049;REN-C18-A0050;REN-C18-A0051;REN-C18-A0052;REN-C18-A0053;REN-C18-A0054;REN-C18-A0055;REN-C21-A0002		c15	원 소속 장의 범위 대응·중복 표기 기록	 / 원문의 중복 “본”을 인용표기 오기로 기록하고 원 정보 장의 정확한 대응범위로 연결	본본 장에서 사용하는 주요 용어의 뜻은 다음 각 호와 같다.
XR-00697	9936	20384	20384	15	SRC-C15-L09934	REN-C21-A0002	제21장 제1절 제2조	각 호	각 호	각 호	일반표현 유지	unchanged-generic				번호 없는 일반 열거표현 유지	 / 	본본 장에서 사용하는 주요 용어의 뜻은 다음 각 호와 같다.
XR-00698	9941	20389	20389	15	SRC-C15-L09934	REN-C21-A0002	제21장 제1절 제2조	제14장	[[05_원범위_보존_참조표#^scope-c14|제17장·제21장 중 개헌 대응규정]]	[[05_원범위_보존_참조표#^scope-c14|제17장·제21장 중 개헌 대응규정]]	치환	scope	REN-C17-A0001;REN-C17-A0002;REN-C17-A0003;REN-C17-A0004;REN-C17-A0005;REN-C17-A0008;REN-C17-A0009;REN-C17-A0010;REN-C17-A0011;REN-C17-A0012;REN-C17-A0013;REN-C17-A0014;REN-C17-A0015;REN-C17-A0016;REN-C17-A0017;REN-C17-A0018;REN-C17-A0019;REN-C17-A0020;REN-C17-A0021;REN-C17-A0022;REN-C17-A0023;REN-C17-A0024;REN-C21-A0008;REN-C21-A0011;REN-C21-A0012		c14	R3.0 구 위치–신 위치 대응	 / 	5. CAS v1 데이터 스키마란, 제14장에서 정한 연방 차원의 표준 데이터 구조를 말한다.
XR-00699	9947	20395	20395	15	SRC-C15-L09934	REN-C21-A0002	제21장 제1절 제2조	제5조의6	제18장 제14조	제18장 제14조	치환	article	REN-C18-A0014			R3.0 구 위치–신 위치 대응	 / 	`제5조의6·제5조의7`, `제7조의3·제7조의4`, `제10조의6`, `제21조의2`에 관한 사항 중 절차·기준·세부 통제 장치는 `제1장(권리장전)` 및 `제2장(연방총칙)`에 따라 연방 법률·연방 황제령으로 위임한다.
XR-00700	9947	20395	20395	15	SRC-C15-L09934	REN-C21-A0002	제21장 제1절 제2조	제5조의7	제18장 제15조	제18장 제15조	치환	article	REN-C18-A0015			R3.0 구 위치–신 위치 대응	 / 	`제5조의6·제5조의7`, `제7조의3·제7조의4`, `제10조의6`, `제21조의2`에 관한 사항 중 절차·기준·세부 통제 장치는 `제1장(권리장전)` 및 `제2장(연방총칙)`에 따라 연방 법률·연방 황제령으로 위임한다.
XR-00701	9947	20395	20395	15	SRC-C15-L09934	REN-C21-A0002	제21장 제1절 제2조	제7조의3	제18장 제18조	제18장 제18조	치환	article	REN-C18-A0018			R3.0 구 위치–신 위치 대응	 / 	`제5조의6·제5조의7`, `제7조의3·제7조의4`, `제10조의6`, `제21조의2`에 관한 사항 중 절차·기준·세부 통제 장치는 `제1장(권리장전)` 및 `제2장(연방총칙)`에 따라 연방 법률·연방 황제령으로 위임한다.
XR-00702	9947	20395	20395	15	SRC-C15-L09934	REN-C21-A0002	제21장 제1절 제2조	제7조의4	제18장 제19조	제18장 제19조	치환	article	REN-C18-A0019			R3.0 구 위치–신 위치 대응	 / 	`제5조의6·제5조의7`, `제7조의3·제7조의4`, `제10조의6`, `제21조의2`에 관한 사항 중 절차·기준·세부 통제 장치는 `제1장(권리장전)` 및 `제2장(연방총칙)`에 따라 연방 법률·연방 황제령으로 위임한다.
XR-00703	9947	20395	20395	15	SRC-C15-L09934	REN-C21-A0002	제21장 제1절 제2조	`제10조의6`	제18장 제20조	제18장 제20조	치환	article	REN-C18-A0020			R3.0 구 위치–신 위치 대응	 / 	`제5조의6·제5조의7`, `제7조의3·제7조의4`, `제10조의6`, `제21조의2`에 관한 사항 중 절차·기준·세부 통제 장치는 `제1장(권리장전)` 및 `제2장(연방총칙)`에 따라 연방 법률·연방 황제령으로 위임한다.
XR-00704	9947	20395	20395	15	SRC-C15-L09934	REN-C21-A0002	제21장 제1절 제2조	`제21조의2`	제18장 제37조	제18장 제37조	치환	article	REN-C18-A0037			R3.0 구 위치–신 위치 대응	 / 	`제5조의6·제5조의7`, `제7조의3·제7조의4`, `제10조의6`, `제21조의2`에 관한 사항 중 절차·기준·세부 통제 장치는 `제1장(권리장전)` 및 `제2장(연방총칙)`에 따라 연방 법률·연방 황제령으로 위임한다.
XR-00705	9947	20395	20395	15	SRC-C15-L09934	REN-C21-A0002	제21장 제1절 제2조	`제1장(권리장전)`	[[05_원범위_보존_참조표#^scope-c01|제1장·제2장·제3장 중 권리장전 대응규정]]	[[05_원범위_보존_참조표#^scope-c01|제1장·제2장·제3장 중 권리장전 대응규정]]	치환	scope	REN-C01-A0001;REN-C01-A0002;REN-C01-A0003;REN-C01-A0004;REN-C01-A0005;REN-C01-A0006;REN-C01-A0007;REN-C01-A0008;REN-C01-A0009;REN-C01-A0010;REN-C01-A0011;REN-C01-A0012;REN-C01-A0013;REN-C01-A0014;REN-C01-A0015;REN-C01-A0016;REN-C01-A0017;REN-C01-A0018;REN-C01-A0019;REN-C01-A0020;REN-C01-A0021;REN-C01-A0022;REN-C01-A0023;REN-C01-A0024;REN-C01-A0025;REN-C01-A0026;REN-C01-A0027;REN-C01-A0028;REN-C01-A0029;REN-C01-A0030;REN-C01-A0031;REN-C01-A0032;REN-C01-A0033;REN-C01-A0034;REN-C01-A0035;REN-C01-A0036;REN-C01-A0037;REN-C01-A0038;REN-C01-A0039;REN-C01-A0040;REN-C01-A0041;REN-C01-A0042;REN-C01-A0043;REN-C01-A0044;REN-C01-A0045;REN-C02-A0029;REN-C03-A0012		c01	R3.0 구 위치–신 위치 대응	 / 	`제5조의6·제5조의7`, `제7조의3·제7조의4`, `제10조의6`, `제21조의2`에 관한 사항 중 절차·기준·세부 통제 장치는 `제1장(권리장전)` 및 `제2장(연방총칙)`에 따라 연방 법률·연방 황제령으로 위임한다.
XR-00706	9947	20395	20395	15	SRC-C15-L09934	REN-C21-A0002	제21장 제1절 제2조	`제2장(연방총칙)`	[[05_원범위_보존_참조표#^scope-c02|제2장·제3장·제8장·제9장·제12장·제19장·제21장 중 연방총칙 대응규정]]	[[05_원범위_보존_참조표#^scope-c02|제2장·제3장·제8장·제9장·제12장·제19장·제21장 중 연방총칙 대응규정]]	치환	scope	REN-C02-A0001;REN-C02-A0002;REN-C02-A0003;REN-C02-A0004;REN-C02-A0005;REN-C02-A0006;REN-C02-A0007;REN-C02-A0008;REN-C02-A0009;REN-C02-A0010;REN-C02-A0011;REN-C02-A0012;REN-C02-A0013;REN-C02-A0014;REN-C02-A0015;REN-C02-A0016;REN-C02-A0017;REN-C02-A0018;REN-C02-A0019;REN-C02-A0020;REN-C02-A0021;REN-C02-A0022;REN-C02-A0023;REN-C02-A0024;REN-C02-A0025;REN-C02-A0026;REN-C02-A0027;REN-C02-A0030;REN-C02-A0031;REN-C02-A0032;REN-C02-A0033;REN-C02-A0034;REN-C02-A0035;REN-C02-A0036;REN-C03-A0004;REN-C03-A0005;REN-C03-A0006;REN-C03-A0007;REN-C03-A0008;REN-C03-A0009;REN-C03-A0010;REN-C03-A0011;REN-C03-A0013;REN-C03-A0014;REN-C08-A0005;REN-C09-A0001;REN-C09-A0003;REN-C09-A0019;REN-C12-A0009;REN-C19-A0003;REN-C21-A0009		c02	R3.0 구 위치–신 위치 대응	 / 	`제5조의6·제5조의7`, `제7조의3·제7조의4`, `제10조의6`, `제21조의2`에 관한 사항 중 절차·기준·세부 통제 장치는 `제1장(권리장전)` 및 `제2장(연방총칙)`에 따라 연방 법률·연방 황제령으로 위임한다.
XR-00707	9982	18251	18251	16	SRC-C16-L09980	REN-C19-A0004	제19장 제2절 제4조	각 호	각 호	각 호	일반표현 유지	unchanged-generic				번호 없는 일반 열거표현 유지	 / 	연방 감사원 산하에는 다음 각 호의 기능별 조직, 부서부처를 둔다.
XR-00708	10027	18324	18324	16	SRC-C16-L10025	REN-C19-A0007	제19장 제2절 제7조	`제5장(입법)`	[[05_원범위_보존_참조표#^scope-c05|제6장·제9장·제14장·제21장 중 입법 대응규정]]	[[05_원범위_보존_참조표#^scope-c05|제6장·제9장·제14장·제21장 중 입법 대응규정]]	치환	scope	REN-C06-A0001;REN-C06-A0002;REN-C06-A0003;REN-C06-A0004;REN-C06-A0005;REN-C06-A0006;REN-C06-A0007;REN-C06-A0008;REN-C06-A0012;REN-C06-A0013;REN-C06-A0014;REN-C06-A0015;REN-C06-A0016;REN-C06-A0017;REN-C06-A0018;REN-C06-A0019;REN-C06-A0020;REN-C06-A0021;REN-C06-A0022;REN-C06-A0023;REN-C06-A0024;REN-C06-A0025;REN-C06-A0026;REN-C06-A0028;REN-C06-A0029;REN-C06-A0030;REN-C06-A0031;REN-C09-A0012;REN-C09-A0013;REN-C09-A0014;REN-C14-A0018;REN-C21-S11		c05	R3.0 구 위치–신 위치 대응	 / 	연방 감사원은 본 연방 헌법 `제5장(입법)`에 따른 예산편성 절차 안에서 독립 예산을 편성·요구할 권리를 가진다.
XR-00709	10041	18370	18370	16	SRC-C16-L10039	REN-C19-A0009	제19장 제3절 제9조	각 호	각 호	각 호	일반표현 유지	unchanged-generic				번호 없는 일반 열거표현 유지	 / 	연방 감사원은 다음 각 호에 대하여 감사를 실시한다.
XR-00710	10050	18379	18379	16	SRC-C16-L10039	REN-C19-A0009	제19장 제3절 제9조	`제5조의 2`	제19장 제10조	제19장 제10조	치환	article	REN-C19-A0010			R3.0 구 위치–신 위치 대응	 / 	정당·선거의 재정 및 정치자금에 관한 감사는 `제5조의 2`에 따른다.
XR-00711	10057	18396	18396	16	SRC-C16-L10055	REN-C19-A0010	제19장 제3절 제10조	각 호	각 호	각 호	일반표현 유지	unchanged-generic				번호 없는 일반 열거표현 유지	 / 	연방 감사원은 연방 법률이 정하는 바에 따라, 다음 각 호의 사안에 대하여 민간에 대한 감사를 실시할 수 있다.
XR-00712	10066	18405	18405	16	SRC-C16-L10055	REN-C19-A0010	제19장 제3절 제10조	`제9조`	제19장 제34조	제19장 제34조	치환	article	REN-C19-A0034			R3.0 구 위치–신 위치 대응	 / 	기업체·법인 등 민간의 운영·경영상 비밀 보호가 특히 요구되는·필요한 경우, 연방 정보국·연방 감사원과 감사 대상 및 `(존재하는 경우)`고발·신고 개인·기관이 합의하면 비공개감사로 진행할 수 있다. 이 경우 감사결과의 요지와 시정·환수 조치는 `제9조`에 따른 지연공개·비식별 공개의 방식으로 처리할 수 있으며, 비공개 합의는 위법 은폐의 수단이 되어서는 아니된다. 신고자 안전·소재 불명 등의 사유가 있는 때에는 연방 법원이 지정하는 보호대리로 합의 절차를 갈음할 수 있다.
XR-00713	10092	18451	18451	16	SRC-C16-L10090	REN-C19-A0012	제19장 제3절 제12조	`제15장(정보)`	[[05_원범위_보존_참조표#^scope-c15|제2장·제18장·제21장 중 정보 대응규정]]	[[05_원범위_보존_참조표#^scope-c15|제2장·제18장·제21장 중 정보 대응규정]]	치환	scope	REN-C02-A0028;REN-C18-A0001;REN-C18-A0002;REN-C18-A0003;REN-C18-A0004;REN-C18-A0005;REN-C18-A0006;REN-C18-A0007;REN-C18-A0008;REN-C18-A0009;REN-C18-A0010;REN-C18-A0011;REN-C18-A0012;REN-C18-A0013;REN-C18-A0014;REN-C18-A0015;REN-C18-A0016;REN-C18-A0017;REN-C18-A0018;REN-C18-A0019;REN-C18-A0020;REN-C18-A0021;REN-C18-A0022;REN-C18-A0023;REN-C18-A0024;REN-C18-A0025;REN-C18-A0026;REN-C18-A0027;REN-C18-A0030;REN-C18-A0031;REN-C18-A0032;REN-C18-A0033;REN-C18-A0034;REN-C18-A0035;REN-C18-A0036;REN-C18-A0037;REN-C18-A0038;REN-C18-A0039;REN-C18-A0040;REN-C18-A0041;REN-C18-A0042;REN-C18-A0043;REN-C18-A0044;REN-C18-A0045;REN-C18-A0046;REN-C18-A0047;REN-C18-A0048;REN-C18-A0049;REN-C18-A0050;REN-C18-A0051;REN-C18-A0052;REN-C18-A0053;REN-C18-A0054;REN-C18-A0055;REN-C21-A0002		c15	R3.0 구 위치–신 위치 대응	 / 	연방 감사원은 `제15장(정보)`에 따른 정보기관 및 `제17장(능력자 감독)`에 따른 능력자 감독 기관에 대하여도 감사를 실시한다. 다만, 국가안전보장·정보원 보호·능력저 정보 특수성을 고려한 절차·범위 특례를 둘 수 있다.
XR-00714	10092	18451	18451	16	SRC-C16-L10090	REN-C19-A0012	제19장 제3절 제12조	`제17장(능력자 감독)`	[[05_원범위_보존_참조표#^scope-c17|제14장·제20장·제21장 중 능력자감독 대응규정]]	[[05_원범위_보존_참조표#^scope-c17|제14장·제20장·제21장 중 능력자감독 대응규정]]	치환	scope	REN-C14-A0033;REN-C14-A0034;REN-C20-A0001;REN-C20-A0002;REN-C20-A0003;REN-C20-A0004;REN-C20-A0005;REN-C20-A0006;REN-C20-A0007;REN-C20-A0008;REN-C20-A0009;REN-C20-A0010;REN-C20-A0011;REN-C20-A0012;REN-C20-A0013;REN-C20-A0014;REN-C20-A0015;REN-C20-A0016;REN-C20-A0017;REN-C20-A0018;REN-C20-A0019;REN-C20-A0020;REN-C20-A0021;REN-C20-A0022;REN-C20-A0023;REN-C20-A0024;REN-C20-A0025;REN-C20-A0026;REN-C20-A0027;REN-C20-A0028;REN-C20-A0029;REN-C20-A0030;REN-C20-A0031;REN-C20-A0032;REN-C20-A0033;REN-C20-A0035;REN-C20-A0036;REN-C20-A0037;REN-C20-A0038;REN-C20-A0039;REN-C20-A0040;REN-C20-A0041;REN-C20-A0042;REN-C20-A0043;REN-C20-A0044;REN-C20-A0045;REN-C20-A0046;REN-C20-A0047;REN-C20-A0048;REN-C20-A0049;REN-C20-A0050;REN-C20-A0051;REN-C20-A0052;REN-C20-A0053;REN-C20-A0054;REN-C20-A0055;REN-C20-A0056;REN-C20-A0057;REN-C20-A0058;REN-C20-A0059;REN-C20-A0060;REN-C20-A0061;REN-C20-A0062;REN-C20-A0063;REN-C20-A0064;REN-C20-A0065;REN-C20-A0066;REN-C20-A0067;REN-C20-A0068;REN-C21-S06;REN-C21-S12		c17	R3.0 구 위치–신 위치 대응	 / 	연방 감사원은 `제15장(정보)`에 따른 정보기관 및 `제17장(능력자 감독)`에 따른 능력자 감독 기관에 대하여도 감사를 실시한다. 다만, 국가안전보장·정보원 보호·능력저 정보 특수성을 고려한 절차·범위 특례를 둘 수 있다.
XR-00715	10098	18457	18457	16	SRC-C16-L10090	REN-C19-A0012	제19장 제3절 제12조	`제11장(국가방위)`	[[05_원범위_보존_참조표#^scope-c11|제3장·제9장·제12장·제13장·제14장·제15장·제18장·제21장 중 국가방위·비상사태 대응규정]]	[[05_원범위_보존_참조표#^scope-c11|제3장·제9장·제12장·제13장·제14장·제15장·제18장·제21장 중 국가방위·비상사태 대응규정]]	치환	scope	REN-C03-A0001;REN-C03-A0002;REN-C03-A0003;REN-C09-A0021;REN-C12-A0021;REN-C12-A0033;REN-C13-A0001;REN-C13-A0002;REN-C13-A0003;REN-C13-A0004;REN-C13-A0005;REN-C13-A0006;REN-C13-A0007;REN-C13-A0008;REN-C13-A0009;REN-C13-A0010;REN-C13-A0011;REN-C13-A0012;REN-C13-A0013;REN-C13-A0014;REN-C13-A0015;REN-C13-A0017;REN-C13-A0018;REN-C13-A0019;REN-C13-A0020;REN-C13-A0021;REN-C13-A0022;REN-C13-A0024;REN-C13-A0025;REN-C13-A0026;REN-C13-A0027;REN-C14-A0001;REN-C14-A0002;REN-C14-A0003;REN-C14-A0004;REN-C14-A0006;REN-C14-A0007;REN-C14-A0008;REN-C14-A0010;REN-C14-A0011;REN-C14-A0013;REN-C14-A0014;REN-C14-A0020;REN-C14-A0021;REN-C14-A0022;REN-C14-A0023;REN-C14-A0024;REN-C14-A0028;REN-C14-A0039;REN-C14-A0040;REN-C14-A0041;REN-C14-A0042;REN-C14-A0043;REN-C15-A0064;REN-C15-A0072;REN-C18-A0028;REN-C18-A0029;REN-C18-A0056;REN-C21-A0010		c11	R3.0 구 위치–신 위치 대응	 / 	정보기관·능력자 관련 기관 감사의 구체적 절차·범위·기밀 보호 장치는 `제11장(국가방위)`, `제15장(정보)`, `제17장(능력자 감독)` 및 연방 법률·황제령으로 정한다.
XR-00716	10098	18457	18457	16	SRC-C16-L10090	REN-C19-A0012	제19장 제3절 제12조	`제15장(정보)`	[[05_원범위_보존_참조표#^scope-c15|제2장·제18장·제21장 중 정보 대응규정]]	[[05_원범위_보존_참조표#^scope-c15|제2장·제18장·제21장 중 정보 대응규정]]	치환	scope	REN-C02-A0028;REN-C18-A0001;REN-C18-A0002;REN-C18-A0003;REN-C18-A0004;REN-C18-A0005;REN-C18-A0006;REN-C18-A0007;REN-C18-A0008;REN-C18-A0009;REN-C18-A0010;REN-C18-A0011;REN-C18-A0012;REN-C18-A0013;REN-C18-A0014;REN-C18-A0015;REN-C18-A0016;REN-C18-A0017;REN-C18-A0018;REN-C18-A0019;REN-C18-A0020;REN-C18-A0021;REN-C18-A0022;REN-C18-A0023;REN-C18-A0024;REN-C18-A0025;REN-C18-A0026;REN-C18-A0027;REN-C18-A0030;REN-C18-A0031;REN-C18-A0032;REN-C18-A0033;REN-C18-A0034;REN-C18-A0035;REN-C18-A0036;REN-C18-A0037;REN-C18-A0038;REN-C18-A0039;REN-C18-A0040;REN-C18-A0041;REN-C18-A0042;REN-C18-A0043;REN-C18-A0044;REN-C18-A0045;REN-C18-A0046;REN-C18-A0047;REN-C18-A0048;REN-C18-A0049;REN-C18-A0050;REN-C18-A0051;REN-C18-A0052;REN-C18-A0053;REN-C18-A0054;REN-C18-A0055;REN-C21-A0002		c15	R3.0 구 위치–신 위치 대응	 / 	정보기관·능력자 관련 기관 감사의 구체적 절차·범위·기밀 보호 장치는 `제11장(국가방위)`, `제15장(정보)`, `제17장(능력자 감독)` 및 연방 법률·황제령으로 정한다.
XR-00717	10098	18457	18457	16	SRC-C16-L10090	REN-C19-A0012	제19장 제3절 제12조	`제17장(능력자 감독)`	[[05_원범위_보존_참조표#^scope-c17|제14장·제20장·제21장 중 능력자감독 대응규정]]	[[05_원범위_보존_참조표#^scope-c17|제14장·제20장·제21장 중 능력자감독 대응규정]]	치환	scope	REN-C14-A0033;REN-C14-A0034;REN-C20-A0001;REN-C20-A0002;REN-C20-A0003;REN-C20-A0004;REN-C20-A0005;REN-C20-A0006;REN-C20-A0007;REN-C20-A0008;REN-C20-A0009;REN-C20-A0010;REN-C20-A0011;REN-C20-A0012;REN-C20-A0013;REN-C20-A0014;REN-C20-A0015;REN-C20-A0016;REN-C20-A0017;REN-C20-A0018;REN-C20-A0019;REN-C20-A0020;REN-C20-A0021;REN-C20-A0022;REN-C20-A0023;REN-C20-A0024;REN-C20-A0025;REN-C20-A0026;REN-C20-A0027;REN-C20-A0028;REN-C20-A0029;REN-C20-A0030;REN-C20-A0031;REN-C20-A0032;REN-C20-A0033;REN-C20-A0035;REN-C20-A0036;REN-C20-A0037;REN-C20-A0038;REN-C20-A0039;REN-C20-A0040;REN-C20-A0041;REN-C20-A0042;REN-C20-A0043;REN-C20-A0044;REN-C20-A0045;REN-C20-A0046;REN-C20-A0047;REN-C20-A0048;REN-C20-A0049;REN-C20-A0050;REN-C20-A0051;REN-C20-A0052;REN-C20-A0053;REN-C20-A0054;REN-C20-A0055;REN-C20-A0056;REN-C20-A0057;REN-C20-A0058;REN-C20-A0059;REN-C20-A0060;REN-C20-A0061;REN-C20-A0062;REN-C20-A0063;REN-C20-A0064;REN-C20-A0065;REN-C20-A0066;REN-C20-A0067;REN-C20-A0068;REN-C21-S06;REN-C21-S12		c17	R3.0 구 위치–신 위치 대응	 / 	정보기관·능력자 관련 기관 감사의 구체적 절차·범위·기밀 보호 장치는 `제11장(국가방위)`, `제15장(정보)`, `제17장(능력자 감독)` 및 연방 법률·황제령으로 정한다.
XR-00718	10107	18476	18476	16	SRC-C16-L10102	REN-C19-A0013	제19장 제3절 제13조	`제15장(정보)`	[[05_원범위_보존_참조표#^scope-c15|제2장·제18장·제21장 중 정보 대응규정]]	[[05_원범위_보존_참조표#^scope-c15|제2장·제18장·제21장 중 정보 대응규정]]	치환	scope	REN-C02-A0028;REN-C18-A0001;REN-C18-A0002;REN-C18-A0003;REN-C18-A0004;REN-C18-A0005;REN-C18-A0006;REN-C18-A0007;REN-C18-A0008;REN-C18-A0009;REN-C18-A0010;REN-C18-A0011;REN-C18-A0012;REN-C18-A0013;REN-C18-A0014;REN-C18-A0015;REN-C18-A0016;REN-C18-A0017;REN-C18-A0018;REN-C18-A0019;REN-C18-A0020;REN-C18-A0021;REN-C18-A0022;REN-C18-A0023;REN-C18-A0024;REN-C18-A0025;REN-C18-A0026;REN-C18-A0027;REN-C18-A0030;REN-C18-A0031;REN-C18-A0032;REN-C18-A0033;REN-C18-A0034;REN-C18-A0035;REN-C18-A0036;REN-C18-A0037;REN-C18-A0038;REN-C18-A0039;REN-C18-A0040;REN-C18-A0041;REN-C18-A0042;REN-C18-A0043;REN-C18-A0044;REN-C18-A0045;REN-C18-A0046;REN-C18-A0047;REN-C18-A0048;REN-C18-A0049;REN-C18-A0050;REN-C18-A0051;REN-C18-A0052;REN-C18-A0053;REN-C18-A0054;REN-C18-A0055;REN-C21-A0002		c15	R3.0 구 위치–신 위치 대응	 / 	군사·정보 등 기밀 사안의 기준은 연방 법률·황제령이 정하는 절차로 처리하되, 공개의 원칙과 지연공개의 예외를 둔다. 이 경우 비밀 등급, 일몰, 재검토에 관한 세부 기준은 `제15장(정보)`과 연방 법률·황제령에 따른다.
XR-00719	10114	18493	18493	16	SRC-C16-L10112	REN-C19-A0014	제19장 제3절 제14조	`제15장(정보)`	[[05_원범위_보존_참조표#^scope-c15|제2장·제18장·제21장 중 정보 대응규정]]	[[05_원범위_보존_참조표#^scope-c15|제2장·제18장·제21장 중 정보 대응규정]]	치환	scope	REN-C02-A0028;REN-C18-A0001;REN-C18-A0002;REN-C18-A0003;REN-C18-A0004;REN-C18-A0005;REN-C18-A0006;REN-C18-A0007;REN-C18-A0008;REN-C18-A0009;REN-C18-A0010;REN-C18-A0011;REN-C18-A0012;REN-C18-A0013;REN-C18-A0014;REN-C18-A0015;REN-C18-A0016;REN-C18-A0017;REN-C18-A0018;REN-C18-A0019;REN-C18-A0020;REN-C18-A0021;REN-C18-A0022;REN-C18-A0023;REN-C18-A0024;REN-C18-A0025;REN-C18-A0026;REN-C18-A0027;REN-C18-A0030;REN-C18-A0031;REN-C18-A0032;REN-C18-A0033;REN-C18-A0034;REN-C18-A0035;REN-C18-A0036;REN-C18-A0037;REN-C18-A0038;REN-C18-A0039;REN-C18-A0040;REN-C18-A0041;REN-C18-A0042;REN-C18-A0043;REN-C18-A0044;REN-C18-A0045;REN-C18-A0046;REN-C18-A0047;REN-C18-A0048;REN-C18-A0049;REN-C18-A0050;REN-C18-A0051;REN-C18-A0052;REN-C18-A0053;REN-C18-A0054;REN-C18-A0055;REN-C21-A0002		c15	R3.0 구 위치–신 위치 대응	 / 	감사 개시 시점부터 관련 데이터·로그·증적은 보전 의무의 대상이 되며, 전자서명·해시 등 무결성 확보 원칙을 따른다. 구체 기준은 연방 법률·황제령으로 정하며, 비밀정보·민감정보의 분류, 보존, 폐기에 관한 사항은 `제15장(정보)` 및 관련 연방 법률·황제령에 따른다.
XR-00720	10123	18512	18512	16	SRC-C16-L10121	REN-C19-A0015	제19장 제3절 제15조	`제13장(선거)`	[[05_원범위_보존_참조표#^scope-c13|제6장·제14장·제16장 중 선거 대응규정]]	[[05_원범위_보존_참조표#^scope-c13|제6장·제14장·제16장 중 선거 대응규정]]	치환	scope	REN-C06-A0009;REN-C06-A0010;REN-C06-A0011;REN-C06-A0027;REN-C14-A0031;REN-C16-A0001;REN-C16-A0002;REN-C16-A0003;REN-C16-A0004;REN-C16-A0005;REN-C16-A0006;REN-C16-A0007;REN-C16-A0008;REN-C16-A0009;REN-C16-A0010;REN-C16-A0011;REN-C16-A0012;REN-C16-A0013;REN-C16-A0014;REN-C16-A0015;REN-C16-A0016;REN-C16-A0017;REN-C16-A0018;REN-C16-A0019;REN-C16-A0020;REN-C16-A0021;REN-C16-A0022;REN-C16-A0023;REN-C16-A0024;REN-C16-A0025;REN-C16-A0026;REN-C16-A0027;REN-C16-A0028;REN-C16-A0029;REN-C16-A0030;REN-C16-A0031;REN-C16-A0032;REN-C16-A0033;REN-C16-A0034;REN-C16-A0035;REN-C16-A0036;REN-C16-A0037;REN-C16-A0038;REN-C16-A0039;REN-C16-A0040;REN-C16-A0041;REN-C16-A0042;REN-C16-A0043;REN-C16-A0044;REN-C16-A0045;REN-C16-A0046;REN-C16-A0047;REN-C16-A0048;REN-C16-A0049;REN-C16-A0050;REN-C16-A0051;REN-C16-A0052;REN-C16-A0053;REN-C16-A0054;REN-C16-A0055;REN-C16-A0056;REN-C16-A0057;REN-C16-A0058;REN-C16-A0059;REN-C16-A0060;REN-C16-A0061;REN-C16-A0062;REN-C16-A0063;REN-C16-A0064;REN-C16-A0065;REN-C16-A0066;REN-C16-A0067;REN-C16-A0068;REN-C16-A0069;REN-C16-A0070;REN-C16-A0071;REN-C16-A0072;REN-C16-A0073;REN-C16-A0074;REN-C16-A0075;REN-C16-A0076;REN-C16-A0077;REN-C16-A0078;REN-C16-A0079;REN-C16-A0080;REN-C16-A0081;REN-C16-A0082		c13	R3.0 구 위치–신 위치 대응	 / 	자동화된 행정결정 체계와 그 데이터·기록은 감사에 적합하도록 설계·운영되어야 한다. 특히, 선거 분야의 기술 규격·로그 및 감사 추적성에 관한 `제13장(선거)`의 규정 및 연방 법률·황제령과 합치되어야 한다.
XR-00721	10133	18534	18534	16	SRC-C16-L10128	REN-C19-A0016	제19장 제4절 제16조	각 호	각 호	각 호	일반표현 유지	unchanged-generic				번호 없는 일반 열거표현 유지	 / 	감사 계획에는 최소한 다음 각 호의 사항이 포함되어야 한다.
XR-00722	10142	18543	18543	16	SRC-C16-L10128	REN-C19-A0016	제19장 제4절 제16조	`제11장(국가방위)`	[[05_원범위_보존_참조표#^scope-c11|제3장·제9장·제12장·제13장·제14장·제15장·제18장·제21장 중 국가방위·비상사태 대응규정]]	[[05_원범위_보존_참조표#^scope-c11|제3장·제9장·제12장·제13장·제14장·제15장·제18장·제21장 중 국가방위·비상사태 대응규정]]	치환	scope	REN-C03-A0001;REN-C03-A0002;REN-C03-A0003;REN-C09-A0021;REN-C12-A0021;REN-C12-A0033;REN-C13-A0001;REN-C13-A0002;REN-C13-A0003;REN-C13-A0004;REN-C13-A0005;REN-C13-A0006;REN-C13-A0007;REN-C13-A0008;REN-C13-A0009;REN-C13-A0010;REN-C13-A0011;REN-C13-A0012;REN-C13-A0013;REN-C13-A0014;REN-C13-A0015;REN-C13-A0017;REN-C13-A0018;REN-C13-A0019;REN-C13-A0020;REN-C13-A0021;REN-C13-A0022;REN-C13-A0024;REN-C13-A0025;REN-C13-A0026;REN-C13-A0027;REN-C14-A0001;REN-C14-A0002;REN-C14-A0003;REN-C14-A0004;REN-C14-A0006;REN-C14-A0007;REN-C14-A0008;REN-C14-A0010;REN-C14-A0011;REN-C14-A0013;REN-C14-A0014;REN-C14-A0020;REN-C14-A0021;REN-C14-A0022;REN-C14-A0023;REN-C14-A0024;REN-C14-A0028;REN-C14-A0039;REN-C14-A0040;REN-C14-A0041;REN-C14-A0042;REN-C14-A0043;REN-C15-A0064;REN-C15-A0072;REN-C18-A0028;REN-C18-A0029;REN-C18-A0056;REN-C21-A0010		c11	R3.0 구 위치–신 위치 대응	 / 	비상사태·전시 등 `제11장(국가방위)`에 따른 상태에서의 감사계획 보완·변경은 본 장 `제12조의 2`에 따른다.
XR-00723	10142	18543	18543	16	SRC-C16-L10128	REN-C19-A0016	제19장 제4절 제16조	본 장 `제12조의 2`	제14장 제32조	제14장 제32조	치환	article	REN-C14-A0032			R3.0 구 위치–신 위치 대응	 / 	비상사태·전시 등 `제11장(국가방위)`에 따른 상태에서의 감사계획 보완·변경은 본 장 `제12조의 2`에 따른다.
XR-00724	10168	18587	18587	16	SRC-C16-L10160	REN-C19-A0018	제19장 제4절 제18조	`제7장(경제)`	[[05_원범위_보존_참조표#^scope-c07|제8장·제9장·제14장·제21장 중 경제·재정 대응규정]]	[[05_원범위_보존_참조표#^scope-c07|제8장·제9장·제14장·제21장 중 경제·재정 대응규정]]	치환	scope	REN-C08-A0001;REN-C08-A0002;REN-C08-A0003;REN-C08-A0004;REN-C08-A0006;REN-C08-A0007;REN-C08-A0008;REN-C08-A0009;REN-C08-A0010;REN-C08-A0011;REN-C08-A0012;REN-C08-A0013;REN-C08-A0014;REN-C08-A0015;REN-C08-A0016;REN-C08-A0017;REN-C08-A0018;REN-C08-A0019;REN-C08-A0020;REN-C08-A0021;REN-C08-A0022;REN-C08-A0023;REN-C08-A0024;REN-C08-A0025;REN-C08-A0026;REN-C08-A0027;REN-C08-A0028;REN-C08-A0029;REN-C08-A0030;REN-C08-A0031;REN-C08-A0032;REN-C08-A0033;REN-C08-A0034;REN-C08-A0035;REN-C08-A0036;REN-C08-A0037;REN-C08-A0038;REN-C08-A0039;REN-C08-A0040;REN-C08-A0041;REN-C08-A0042;REN-C09-A0002;REN-C09-A0004;REN-C09-A0005;REN-C09-A0006;REN-C09-A0007;REN-C09-A0008;REN-C09-A0009;REN-C09-A0010;REN-C09-A0011;REN-C09-A0015;REN-C09-A0016;REN-C09-A0017;REN-C09-A0018;REN-C09-A0020;REN-C09-A0022;REN-C09-A0023;REN-C14-A0029;REN-C14-A0037;REN-C21-S02;REN-C21-S03;REN-C21-S04;REN-C21-S05;REN-C21-A0007		c07	R3.0 구 위치–신 위치 대응	 / 	결산감사 결과는 예산편성, 중기재정계획, 재정준칙의 운용에 반영되도록 `제7장(경제)` 및 관련 연방 법률·황제령과 연계하여 처리하여야 한다.
XR-00725	10172	18601	18601	16	SRC-C16-L10170	REN-C19-A0019	제19장 제4절 제19조	각 호	각 호	각 호	일반표현 유지	unchanged-generic				번호 없는 일반 열거표현 유지	 / 	연방 감사원은 다음 각 호의 사유가 있는 경우, 연방 황실 및 황제에게 직보할 수 있다.
XR-00726	10207	18933	18933	16	SRC-C16-L10199	REN-C19-A0034	제19장 제7절 제34조	`제11장(국가방위)`	[[05_원범위_보존_참조표#^scope-c11|제3장·제9장·제12장·제13장·제14장·제15장·제18장·제21장 중 국가방위·비상사태 대응규정]]	[[05_원범위_보존_참조표#^scope-c11|제3장·제9장·제12장·제13장·제14장·제15장·제18장·제21장 중 국가방위·비상사태 대응규정]]	치환	scope	REN-C03-A0001;REN-C03-A0002;REN-C03-A0003;REN-C09-A0021;REN-C12-A0021;REN-C12-A0033;REN-C13-A0001;REN-C13-A0002;REN-C13-A0003;REN-C13-A0004;REN-C13-A0005;REN-C13-A0006;REN-C13-A0007;REN-C13-A0008;REN-C13-A0009;REN-C13-A0010;REN-C13-A0011;REN-C13-A0012;REN-C13-A0013;REN-C13-A0014;REN-C13-A0015;REN-C13-A0017;REN-C13-A0018;REN-C13-A0019;REN-C13-A0020;REN-C13-A0021;REN-C13-A0022;REN-C13-A0024;REN-C13-A0025;REN-C13-A0026;REN-C13-A0027;REN-C14-A0001;REN-C14-A0002;REN-C14-A0003;REN-C14-A0004;REN-C14-A0006;REN-C14-A0007;REN-C14-A0008;REN-C14-A0010;REN-C14-A0011;REN-C14-A0013;REN-C14-A0014;REN-C14-A0020;REN-C14-A0021;REN-C14-A0022;REN-C14-A0023;REN-C14-A0024;REN-C14-A0028;REN-C14-A0039;REN-C14-A0040;REN-C14-A0041;REN-C14-A0042;REN-C14-A0043;REN-C15-A0064;REN-C15-A0072;REN-C18-A0028;REN-C18-A0029;REN-C18-A0056;REN-C21-A0010		c11	R3.0 구 위치–신 위치 대응	 / 	지연공개, 비공개의 일몰 기간 및 연장 사유·절차는 `제11장(국가방위)` 및 `제15장(정보)`에 따른 비밀 정보 관리 원칙과 조화를 이루도록 연방 법률·황제령으로 정한다.
XR-00727	10207	18933	18933	16	SRC-C16-L10199	REN-C19-A0034	제19장 제7절 제34조	`제15장(정보)`	[[05_원범위_보존_참조표#^scope-c15|제2장·제18장·제21장 중 정보 대응규정]]	[[05_원범위_보존_참조표#^scope-c15|제2장·제18장·제21장 중 정보 대응규정]]	치환	scope	REN-C02-A0028;REN-C18-A0001;REN-C18-A0002;REN-C18-A0003;REN-C18-A0004;REN-C18-A0005;REN-C18-A0006;REN-C18-A0007;REN-C18-A0008;REN-C18-A0009;REN-C18-A0010;REN-C18-A0011;REN-C18-A0012;REN-C18-A0013;REN-C18-A0014;REN-C18-A0015;REN-C18-A0016;REN-C18-A0017;REN-C18-A0018;REN-C18-A0019;REN-C18-A0020;REN-C18-A0021;REN-C18-A0022;REN-C18-A0023;REN-C18-A0024;REN-C18-A0025;REN-C18-A0026;REN-C18-A0027;REN-C18-A0030;REN-C18-A0031;REN-C18-A0032;REN-C18-A0033;REN-C18-A0034;REN-C18-A0035;REN-C18-A0036;REN-C18-A0037;REN-C18-A0038;REN-C18-A0039;REN-C18-A0040;REN-C18-A0041;REN-C18-A0042;REN-C18-A0043;REN-C18-A0044;REN-C18-A0045;REN-C18-A0046;REN-C18-A0047;REN-C18-A0048;REN-C18-A0049;REN-C18-A0050;REN-C18-A0051;REN-C18-A0052;REN-C18-A0053;REN-C18-A0054;REN-C18-A0055;REN-C21-A0002		c15	R3.0 구 위치–신 위치 대응	 / 	지연공개, 비공개의 일몰 기간 및 연장 사유·절차는 `제11장(국가방위)` 및 `제15장(정보)`에 따른 비밀 정보 관리 원칙과 조화를 이루도록 연방 법률·황제령으로 정한다.
XR-00728	10210	18936	18936	16	SRC-C16-L10199	REN-C19-A0034	제19장 제7절 제34조	`제13장(선거)`	[[05_원범위_보존_참조표#^scope-c13|제6장·제14장·제16장 중 선거 대응규정]]	[[05_원범위_보존_참조표#^scope-c13|제6장·제14장·제16장 중 선거 대응규정]]	치환	scope	REN-C06-A0009;REN-C06-A0010;REN-C06-A0011;REN-C06-A0027;REN-C14-A0031;REN-C16-A0001;REN-C16-A0002;REN-C16-A0003;REN-C16-A0004;REN-C16-A0005;REN-C16-A0006;REN-C16-A0007;REN-C16-A0008;REN-C16-A0009;REN-C16-A0010;REN-C16-A0011;REN-C16-A0012;REN-C16-A0013;REN-C16-A0014;REN-C16-A0015;REN-C16-A0016;REN-C16-A0017;REN-C16-A0018;REN-C16-A0019;REN-C16-A0020;REN-C16-A0021;REN-C16-A0022;REN-C16-A0023;REN-C16-A0024;REN-C16-A0025;REN-C16-A0026;REN-C16-A0027;REN-C16-A0028;REN-C16-A0029;REN-C16-A0030;REN-C16-A0031;REN-C16-A0032;REN-C16-A0033;REN-C16-A0034;REN-C16-A0035;REN-C16-A0036;REN-C16-A0037;REN-C16-A0038;REN-C16-A0039;REN-C16-A0040;REN-C16-A0041;REN-C16-A0042;REN-C16-A0043;REN-C16-A0044;REN-C16-A0045;REN-C16-A0046;REN-C16-A0047;REN-C16-A0048;REN-C16-A0049;REN-C16-A0050;REN-C16-A0051;REN-C16-A0052;REN-C16-A0053;REN-C16-A0054;REN-C16-A0055;REN-C16-A0056;REN-C16-A0057;REN-C16-A0058;REN-C16-A0059;REN-C16-A0060;REN-C16-A0061;REN-C16-A0062;REN-C16-A0063;REN-C16-A0064;REN-C16-A0065;REN-C16-A0066;REN-C16-A0067;REN-C16-A0068;REN-C16-A0069;REN-C16-A0070;REN-C16-A0071;REN-C16-A0072;REN-C16-A0073;REN-C16-A0074;REN-C16-A0075;REN-C16-A0076;REN-C16-A0077;REN-C16-A0078;REN-C16-A0079;REN-C16-A0080;REN-C16-A0081;REN-C16-A0082		c13	R3.0 구 위치–신 위치 대응	 / 	선거, 정당, 재정지표 등 민주적 통제에 핵심적인 정보의 적시·비교가능 공개는 `제13장(선거)`의 기준에 따라, 연방 선거감독청과 연동된 동일 채널로 공표한다.
XR-00729	10221	18744	18744	16	SRC-C16-L10216	REN-C19-A0025	제19장 제5절 제25조	`제11조`	제19장 제26조	제19장 제26조	치환	article	REN-C19-A0026			R3.0 구 위치–신 위치 대응	 / 	피감사기관은 이행 계획과 기한을 포함한 조치계획을 연방 감사원에 제출하여야 하며, 정당한 사유 없이 이를 이행하지 아니하는 경우 연방 감사원은 재감사·추가 권고 또는 `제11조`에 따른 제재·이첩 조치를 할 수 있다.
XR-00730	10247	18679	18679	16	SRC-C16-L10239	REN-C19-A0022	제19장 제4절 제22조	본 조	제19장 제22조	제19장 제22조	치환	article	REN-C19-A0022			R3.0 구 위치–신 위치 대응	 / 	본 조에 따른 소명 및 내부 이의신청 절차는 `제12조`에 따른 사법심사 및 기타 법적 구제수단을 제한하지 아니한다.
XR-00731	10247	18679	18679	16	SRC-C16-L10239	REN-C19-A0022	제19장 제4절 제22조	`제12조`	제19장 제29조	제19장 제29조	치환	article	REN-C19-A0029			R3.0 구 위치–신 위치 대응	 / 	본 조에 따른 소명 및 내부 이의신청 절차는 `제12조`에 따른 사법심사 및 기타 법적 구제수단을 제한하지 아니한다.
XR-00732	10272	18792	18792	16	SRC-C16-L10261	REN-C19-A0027	제19장 제6절 제27조	`제13조 제3항`	제19장 제30조 제3항	제19장 제30조 제3항	치환	subordinate	REN-C19-A0030	SRC-C16-L10327-N003--REN-C19-A0030		R3.0 구 위치–신 위치 대응	 / 	긴급한 증거인멸 또는 재정유출 위험이 있는 경우, 연방 감사원은 `제13조 제3항`에 따른 임시조치 요청과 함께 즉시 이첩 또는 고발할 수 있다.
XR-00733	10276	18695	18695	16	SRC-C16-L10274	REN-C19-A0023	제19장 제4절 제23조	각 호	각 호	각 호	일반표현 유지	unchanged-generic				번호 없는 일반 열거표현 유지	 / 	다음 각 호의 자는 연방 감사원에 신고 또는 고발을 할 수 있다.
XR-00734	10278	18697	18697	16	SRC-C16-L10274	REN-C19-A0023	제19장 제4절 제23조	`제15장(정보)`	[[05_원범위_보존_참조표#^scope-c15|제2장·제18장·제21장 중 정보 대응규정]]	[[05_원범위_보존_참조표#^scope-c15|제2장·제18장·제21장 중 정보 대응규정]]	치환	scope	REN-C02-A0028;REN-C18-A0001;REN-C18-A0002;REN-C18-A0003;REN-C18-A0004;REN-C18-A0005;REN-C18-A0006;REN-C18-A0007;REN-C18-A0008;REN-C18-A0009;REN-C18-A0010;REN-C18-A0011;REN-C18-A0012;REN-C18-A0013;REN-C18-A0014;REN-C18-A0015;REN-C18-A0016;REN-C18-A0017;REN-C18-A0018;REN-C18-A0019;REN-C18-A0020;REN-C18-A0021;REN-C18-A0022;REN-C18-A0023;REN-C18-A0024;REN-C18-A0025;REN-C18-A0026;REN-C18-A0027;REN-C18-A0030;REN-C18-A0031;REN-C18-A0032;REN-C18-A0033;REN-C18-A0034;REN-C18-A0035;REN-C18-A0036;REN-C18-A0037;REN-C18-A0038;REN-C18-A0039;REN-C18-A0040;REN-C18-A0041;REN-C18-A0042;REN-C18-A0043;REN-C18-A0044;REN-C18-A0045;REN-C18-A0046;REN-C18-A0047;REN-C18-A0048;REN-C18-A0049;REN-C18-A0050;REN-C18-A0051;REN-C18-A0052;REN-C18-A0053;REN-C18-A0054;REN-C18-A0055;REN-C21-A0002		c15	R3.0 구 위치–신 위치 대응	 / 	2. 연방 정보국 및 `제15장(정보)`에 따른 관련 기관`(정보 보호·전달 경로 협력)`.
XR-00735	10289	18708	18708	16	SRC-C16-L10274	REN-C19-A0023	제19장 제4절 제23조	`제15장(정보)`	[[05_원범위_보존_참조표#^scope-c15|제2장·제18장·제21장 중 정보 대응규정]]	[[05_원범위_보존_참조표#^scope-c15|제2장·제18장·제21장 중 정보 대응규정]]	치환	scope	REN-C02-A0028;REN-C18-A0001;REN-C18-A0002;REN-C18-A0003;REN-C18-A0004;REN-C18-A0005;REN-C18-A0006;REN-C18-A0007;REN-C18-A0008;REN-C18-A0009;REN-C18-A0010;REN-C18-A0011;REN-C18-A0012;REN-C18-A0013;REN-C18-A0014;REN-C18-A0015;REN-C18-A0016;REN-C18-A0017;REN-C18-A0018;REN-C18-A0019;REN-C18-A0020;REN-C18-A0021;REN-C18-A0022;REN-C18-A0023;REN-C18-A0024;REN-C18-A0025;REN-C18-A0026;REN-C18-A0027;REN-C18-A0030;REN-C18-A0031;REN-C18-A0032;REN-C18-A0033;REN-C18-A0034;REN-C18-A0035;REN-C18-A0036;REN-C18-A0037;REN-C18-A0038;REN-C18-A0039;REN-C18-A0040;REN-C18-A0041;REN-C18-A0042;REN-C18-A0043;REN-C18-A0044;REN-C18-A0045;REN-C18-A0046;REN-C18-A0047;REN-C18-A0048;REN-C18-A0049;REN-C18-A0050;REN-C18-A0051;REN-C18-A0052;REN-C18-A0053;REN-C18-A0054;REN-C18-A0055;REN-C21-A0002		c15	R3.0 구 위치–신 위치 대응	 / 	신고·고발 과정에 관한 비밀 보호, 기록 보존 및 정보 열람 제한은 `제15장(정보)` 및 관련 연방 법률·황제령에 따른다.
XR-00736	10299	18812	18812	16	SRC-C16-L10291	REN-C19-A0028	제19장 제6절 제28조	`제9조`	제19장 제34조	제19장 제34조	치환	article	REN-C19-A0034			R3.0 구 위치–신 위치 대응	 / 	사법감사 결과는 연방 법원에 제출하며, 공개는 `제9조`의 공개의 원칙과 지연공개 규정에 따른다.
XR-00737	10308	18831	18831	16	SRC-C16-L10306	REN-C19-A0029	제19장 제6절 제29조	`제6장 제2조의 2`	제7장 제2조	제7장 제2조	치환	article	REN-C07-A0002			R3.0 구 위치–신 위치 대응	 / 	연방 감사원의 처분 등에 대한 위법성 심사는 연방 법률이 정하는 관할 법원이 담당한다. 선거·정당·부패·공직윤리 및 재정 관련 쟁송은 `제6장 제2조의 2` 및 `제10조`에서 정한 `연방 3-3 우선 배당 절차`에 따라 우선 배당한다.
XR-00738	10308	18831	18831	16	SRC-C16-L10306	REN-C19-A0029	제19장 제6절 제29조	`제10조`	제7장 제52조	제7장 제52조	치환	article	REN-C07-A0052			R3.0 구 위치–신 위치 대응	 / 앞선 명시 장 인용에 연결된 병렬 조문이므로 생략된 구 장을 이어서 해석	연방 감사원의 처분 등에 대한 위법성 심사는 연방 법률이 정하는 관할 법원이 담당한다. 선거·정당·부패·공직윤리 및 재정 관련 쟁송은 `제6장 제2조의 2` 및 `제10조`에서 정한 `연방 3-3 우선 배당 절차`에 따라 우선 배당한다.
XR-00739	10315	12151	12151	16	SRC-C16-L10313	REN-C14-A0032	제14장 제9절 제32조	`제11장(국가방위)`	[[05_원범위_보존_참조표#^scope-c11|제3장·제9장·제12장·제13장·제14장·제15장·제18장·제21장 중 국가방위·비상사태 대응규정]]	[[05_원범위_보존_참조표#^scope-c11|제3장·제9장·제12장·제13장·제14장·제15장·제18장·제21장 중 국가방위·비상사태 대응규정]]	치환	scope	REN-C03-A0001;REN-C03-A0002;REN-C03-A0003;REN-C09-A0021;REN-C12-A0021;REN-C12-A0033;REN-C13-A0001;REN-C13-A0002;REN-C13-A0003;REN-C13-A0004;REN-C13-A0005;REN-C13-A0006;REN-C13-A0007;REN-C13-A0008;REN-C13-A0009;REN-C13-A0010;REN-C13-A0011;REN-C13-A0012;REN-C13-A0013;REN-C13-A0014;REN-C13-A0015;REN-C13-A0017;REN-C13-A0018;REN-C13-A0019;REN-C13-A0020;REN-C13-A0021;REN-C13-A0022;REN-C13-A0024;REN-C13-A0025;REN-C13-A0026;REN-C13-A0027;REN-C14-A0001;REN-C14-A0002;REN-C14-A0003;REN-C14-A0004;REN-C14-A0006;REN-C14-A0007;REN-C14-A0008;REN-C14-A0010;REN-C14-A0011;REN-C14-A0013;REN-C14-A0014;REN-C14-A0020;REN-C14-A0021;REN-C14-A0022;REN-C14-A0023;REN-C14-A0024;REN-C14-A0028;REN-C14-A0039;REN-C14-A0040;REN-C14-A0041;REN-C14-A0042;REN-C14-A0043;REN-C15-A0064;REN-C15-A0072;REN-C18-A0028;REN-C18-A0029;REN-C18-A0056;REN-C21-A0010		c11	R3.0 구 위치–신 위치 대응	 / 	전시, 사변, 국가비상사태 등 `제11장(국가방위)`에 따른 비상사태에서도 연방 감사원의 핵심 기능은 가능한 범위에서 유지되어야 한다.
XR-00740	10318	12154	12154	16	SRC-C16-L10313	REN-C14-A0032	제14장 제9절 제32조	`제11장(국가방위)`	[[05_원범위_보존_참조표#^scope-c11|제3장·제9장·제12장·제13장·제14장·제15장·제18장·제21장 중 국가방위·비상사태 대응규정]]	[[05_원범위_보존_참조표#^scope-c11|제3장·제9장·제12장·제13장·제14장·제15장·제18장·제21장 중 국가방위·비상사태 대응규정]]	치환	scope	REN-C03-A0001;REN-C03-A0002;REN-C03-A0003;REN-C09-A0021;REN-C12-A0021;REN-C12-A0033;REN-C13-A0001;REN-C13-A0002;REN-C13-A0003;REN-C13-A0004;REN-C13-A0005;REN-C13-A0006;REN-C13-A0007;REN-C13-A0008;REN-C13-A0009;REN-C13-A0010;REN-C13-A0011;REN-C13-A0012;REN-C13-A0013;REN-C13-A0014;REN-C13-A0015;REN-C13-A0017;REN-C13-A0018;REN-C13-A0019;REN-C13-A0020;REN-C13-A0021;REN-C13-A0022;REN-C13-A0024;REN-C13-A0025;REN-C13-A0026;REN-C13-A0027;REN-C14-A0001;REN-C14-A0002;REN-C14-A0003;REN-C14-A0004;REN-C14-A0006;REN-C14-A0007;REN-C14-A0008;REN-C14-A0010;REN-C14-A0011;REN-C14-A0013;REN-C14-A0014;REN-C14-A0020;REN-C14-A0021;REN-C14-A0022;REN-C14-A0023;REN-C14-A0024;REN-C14-A0028;REN-C14-A0039;REN-C14-A0040;REN-C14-A0041;REN-C14-A0042;REN-C14-A0043;REN-C15-A0064;REN-C15-A0072;REN-C18-A0028;REN-C18-A0029;REN-C18-A0056;REN-C21-A0010		c11	R3.0 구 위치–신 위치 대응	 / 	비상상태 중 감사의 방식·범위·시기는 `제11장(국가방위)`과 연방 법률·황제령이 정하는 바에 따라 조정할 수 있으나, 재정·방위·정보·능력자 관련 긴급 지출과 권한 행사에 대하여는 사후감사를 포함한 최소한의 통제 장치를 보장하여야 한다.
XR-00741	10373	18346	18346	16	SRC-C16-L10371	REN-C19-A0008	제19장 제2절 제8조	본 장	[[05_원범위_보존_참조표#^scope-c16|제14장·제19장·제21장 중 감사 대응규정]]	[[05_원범위_보존_참조표#^scope-c16|제14장·제19장·제21장 중 감사 대응규정]]	치환	scope	REN-C14-A0032;REN-C19-A0001;REN-C19-A0002;REN-C19-A0004;REN-C19-A0005;REN-C19-A0006;REN-C19-A0007;REN-C19-A0008;REN-C19-A0009;REN-C19-A0010;REN-C19-A0011;REN-C19-A0012;REN-C19-A0013;REN-C19-A0014;REN-C19-A0015;REN-C19-A0016;REN-C19-A0017;REN-C19-A0018;REN-C19-A0019;REN-C19-A0020;REN-C19-A0021;REN-C19-A0022;REN-C19-A0023;REN-C19-A0024;REN-C19-A0025;REN-C19-A0026;REN-C19-A0027;REN-C19-A0028;REN-C19-A0029;REN-C19-A0030;REN-C19-A0031;REN-C19-A0032;REN-C19-A0033;REN-C19-A0034;REN-C21-A0003;REN-C21-A0005		c16	R3.0 구 위치–신 위치 대응	 / 	연방 감사원장 및 감사원 구성원은 정치적 중립성과 직무상의 독립성을 유지하여야 하며, 그 지위와 신분은 본 장과 연방 법률·황제령이 정하는 바에 따라 보호된다.
XR-00742	10387	20411	20411	16	SRC-C16-L10385	REN-C21-A0003	제21장 제1절 제3조	본 장	[[05_원범위_보존_참조표#^scope-c16|제14장·제19장·제21장 중 감사 대응규정]]	[[05_원범위_보존_참조표#^scope-c16|제14장·제19장·제21장 중 감사 대응규정]]	치환	scope	REN-C14-A0032;REN-C19-A0001;REN-C19-A0002;REN-C19-A0004;REN-C19-A0005;REN-C19-A0006;REN-C19-A0007;REN-C19-A0008;REN-C19-A0009;REN-C19-A0010;REN-C19-A0011;REN-C19-A0012;REN-C19-A0013;REN-C19-A0014;REN-C19-A0015;REN-C19-A0016;REN-C19-A0017;REN-C19-A0018;REN-C19-A0019;REN-C19-A0020;REN-C19-A0021;REN-C19-A0022;REN-C19-A0023;REN-C19-A0024;REN-C19-A0025;REN-C19-A0026;REN-C19-A0027;REN-C19-A0028;REN-C19-A0029;REN-C19-A0030;REN-C19-A0031;REN-C19-A0032;REN-C19-A0033;REN-C19-A0034;REN-C21-A0003;REN-C21-A0005		c16	R3.0 구 위치–신 위치 대응	 / 	본 장은 공포 후 30일이 경과한 날부터 시행한다.
XR-00743	10406	18959	18959	17	SRC-C17-L10401	REN-C20-A0001	제20장 제1절 제1조	본 장	[[05_원범위_보존_참조표#^scope-c17|제14장·제20장·제21장 중 능력자감독 대응규정]]	[[05_원범위_보존_참조표#^scope-c17|제14장·제20장·제21장 중 능력자감독 대응규정]]	치환	scope	REN-C14-A0033;REN-C14-A0034;REN-C20-A0001;REN-C20-A0002;REN-C20-A0003;REN-C20-A0004;REN-C20-A0005;REN-C20-A0006;REN-C20-A0007;REN-C20-A0008;REN-C20-A0009;REN-C20-A0010;REN-C20-A0011;REN-C20-A0012;REN-C20-A0013;REN-C20-A0014;REN-C20-A0015;REN-C20-A0016;REN-C20-A0017;REN-C20-A0018;REN-C20-A0019;REN-C20-A0020;REN-C20-A0021;REN-C20-A0022;REN-C20-A0023;REN-C20-A0024;REN-C20-A0025;REN-C20-A0026;REN-C20-A0027;REN-C20-A0028;REN-C20-A0029;REN-C20-A0030;REN-C20-A0031;REN-C20-A0032;REN-C20-A0033;REN-C20-A0035;REN-C20-A0036;REN-C20-A0037;REN-C20-A0038;REN-C20-A0039;REN-C20-A0040;REN-C20-A0041;REN-C20-A0042;REN-C20-A0043;REN-C20-A0044;REN-C20-A0045;REN-C20-A0046;REN-C20-A0047;REN-C20-A0048;REN-C20-A0049;REN-C20-A0050;REN-C20-A0051;REN-C20-A0052;REN-C20-A0053;REN-C20-A0054;REN-C20-A0055;REN-C20-A0056;REN-C20-A0057;REN-C20-A0058;REN-C20-A0059;REN-C20-A0060;REN-C20-A0061;REN-C20-A0062;REN-C20-A0063;REN-C20-A0064;REN-C20-A0065;REN-C20-A0066;REN-C20-A0067;REN-C20-A0068;REN-C21-S06;REN-C21-S12		c17	R3.0 구 위치–신 위치 대응	 / 	황실 능력자관리국과 본 장에서 정하는 능력자 감독 체계는 연방 내 모든 유형의 능력과 그 행사로부터 발생하는 위험·책임·권리보호에 관한 최고 규범으로서, 연방 황실, 연방 최고평의회, 연방 총의회, 연방 대법원 및 제국도교 중앙교구가 각자의 헌법상 권한 범위 안에서 일르 분담·상호 견제한다.이 경우, `제2장(연방총칙)`, `제3장(황실)`, `제4장(행정)`, `제5장(입법)`, `제11장(국가방위)`, `제14장(개헌)`, `제15장(정보)`, `제16장(감사)`의 각 규정을 준수하며 그 해석에 의하여 보충된다.
XR-00744	10406	18959	18959	17	SRC-C17-L10401	REN-C20-A0001	제20장 제1절 제1조	`제2장(연방총칙)`	[[05_원범위_보존_참조표#^scope-c02|제2장·제3장·제8장·제9장·제12장·제19장·제21장 중 연방총칙 대응규정]]	[[05_원범위_보존_참조표#^scope-c02|제2장·제3장·제8장·제9장·제12장·제19장·제21장 중 연방총칙 대응규정]]	치환	scope	REN-C02-A0001;REN-C02-A0002;REN-C02-A0003;REN-C02-A0004;REN-C02-A0005;REN-C02-A0006;REN-C02-A0007;REN-C02-A0008;REN-C02-A0009;REN-C02-A0010;REN-C02-A0011;REN-C02-A0012;REN-C02-A0013;REN-C02-A0014;REN-C02-A0015;REN-C02-A0016;REN-C02-A0017;REN-C02-A0018;REN-C02-A0019;REN-C02-A0020;REN-C02-A0021;REN-C02-A0022;REN-C02-A0023;REN-C02-A0024;REN-C02-A0025;REN-C02-A0026;REN-C02-A0027;REN-C02-A0030;REN-C02-A0031;REN-C02-A0032;REN-C02-A0033;REN-C02-A0034;REN-C02-A0035;REN-C02-A0036;REN-C03-A0004;REN-C03-A0005;REN-C03-A0006;REN-C03-A0007;REN-C03-A0008;REN-C03-A0009;REN-C03-A0010;REN-C03-A0011;REN-C03-A0013;REN-C03-A0014;REN-C08-A0005;REN-C09-A0001;REN-C09-A0003;REN-C09-A0019;REN-C12-A0009;REN-C19-A0003;REN-C21-A0009		c02	R3.0 구 위치–신 위치 대응	 / 	황실 능력자관리국과 본 장에서 정하는 능력자 감독 체계는 연방 내 모든 유형의 능력과 그 행사로부터 발생하는 위험·책임·권리보호에 관한 최고 규범으로서, 연방 황실, 연방 최고평의회, 연방 총의회, 연방 대법원 및 제국도교 중앙교구가 각자의 헌법상 권한 범위 안에서 일르 분담·상호 견제한다.이 경우, `제2장(연방총칙)`, `제3장(황실)`, `제4장(행정)`, `제5장(입법)`, `제11장(국가방위)`, `제14장(개헌)`, `제15장(정보)`, `제16장(감사)`의 각 규정을 준수하며 그 해석에 의하여 보충된다.
XR-00745	10406	18959	18959	17	SRC-C17-L10401	REN-C20-A0001	제20장 제1절 제1조	`제3장(황실)`	[[05_원범위_보존_참조표#^scope-c03|제4장·제14장·제20장 중 황실·황권승계 대응규정]]	[[05_원범위_보존_참조표#^scope-c03|제4장·제14장·제20장 중 황실·황권승계 대응규정]]	치환	scope	REN-C04-A0001;REN-C04-A0002;REN-C04-A0003;REN-C04-A0004;REN-C04-A0005;REN-C04-A0008;REN-C04-A0009;REN-C04-A0011;REN-C04-A0012;REN-C04-A0013;REN-C04-A0014;REN-C04-A0015;REN-C04-A0016;REN-C04-A0017;REN-C04-A0018;REN-C04-A0019;REN-C04-A0020;REN-C04-A0021;REN-C04-A0022;REN-C04-A0023;REN-C04-A0024;REN-C04-A0025;REN-C04-A0026;REN-C04-A0027;REN-C04-A0028;REN-C14-A0005;REN-C14-A0009;REN-C14-A0012;REN-C14-A0015;REN-C14-A0016;REN-C14-A0025;REN-C14-A0035;REN-C14-A0044;REN-C20-A0034		c03	R3.0 구 위치–신 위치 대응	 / 	황실 능력자관리국과 본 장에서 정하는 능력자 감독 체계는 연방 내 모든 유형의 능력과 그 행사로부터 발생하는 위험·책임·권리보호에 관한 최고 규범으로서, 연방 황실, 연방 최고평의회, 연방 총의회, 연방 대법원 및 제국도교 중앙교구가 각자의 헌법상 권한 범위 안에서 일르 분담·상호 견제한다.이 경우, `제2장(연방총칙)`, `제3장(황실)`, `제4장(행정)`, `제5장(입법)`, `제11장(국가방위)`, `제14장(개헌)`, `제15장(정보)`, `제16장(감사)`의 각 규정을 준수하며 그 해석에 의하여 보충된다.
XR-00746	10406	18959	18959	17	SRC-C17-L10401	REN-C20-A0001	제20장 제1절 제1조	`제4장(행정)`	[[05_원범위_보존_참조표#^scope-c04|제4장·제5장·제7장·제13장·제14장·제15장·제21장 중 행정 대응규정]]	[[05_원범위_보존_참조표#^scope-c04|제4장·제5장·제7장·제13장·제14장·제15장·제21장 중 행정 대응규정]]	치환	scope	REN-C04-A0006;REN-C04-A0007;REN-C04-A0010;REN-C05-A0001;REN-C05-A0002;REN-C05-A0003;REN-C05-A0004;REN-C05-A0005;REN-C05-A0006;REN-C05-A0007;REN-C05-A0008;REN-C05-A0009;REN-C05-A0010;REN-C05-A0011;REN-C05-A0012;REN-C05-A0013;REN-C05-A0014;REN-C05-A0015;REN-C05-A0016;REN-C05-A0017;REN-C05-A0018;REN-C05-A0019;REN-C05-A0020;REN-C05-A0021;REN-C05-A0022;REN-C05-A0023;REN-C05-A0024;REN-C05-A0025;REN-C05-A0026;REN-C05-A0027;REN-C05-A0028;REN-C05-A0029;REN-C05-A0030;REN-C05-A0031;REN-C05-A0032;REN-C05-A0033;REN-C05-A0034;REN-C05-A0035;REN-C05-A0036;REN-C05-A0037;REN-C05-A0038;REN-C05-A0039;REN-C05-A0040;REN-C05-A0041;REN-C05-A0042;REN-C05-A0043;REN-C07-A0059;REN-C13-A0016;REN-C14-A0017;REN-C14-A0036;REN-C15-A0043;REN-C21-S07;REN-C21-A0006		c04	R3.0 구 위치–신 위치 대응	 / 	황실 능력자관리국과 본 장에서 정하는 능력자 감독 체계는 연방 내 모든 유형의 능력과 그 행사로부터 발생하는 위험·책임·권리보호에 관한 최고 규범으로서, 연방 황실, 연방 최고평의회, 연방 총의회, 연방 대법원 및 제국도교 중앙교구가 각자의 헌법상 권한 범위 안에서 일르 분담·상호 견제한다.이 경우, `제2장(연방총칙)`, `제3장(황실)`, `제4장(행정)`, `제5장(입법)`, `제11장(국가방위)`, `제14장(개헌)`, `제15장(정보)`, `제16장(감사)`의 각 규정을 준수하며 그 해석에 의하여 보충된다.
XR-00747	10406	18959	18959	17	SRC-C17-L10401	REN-C20-A0001	제20장 제1절 제1조	`제5장(입법)`	[[05_원범위_보존_참조표#^scope-c05|제6장·제9장·제14장·제21장 중 입법 대응규정]]	[[05_원범위_보존_참조표#^scope-c05|제6장·제9장·제14장·제21장 중 입법 대응규정]]	치환	scope	REN-C06-A0001;REN-C06-A0002;REN-C06-A0003;REN-C06-A0004;REN-C06-A0005;REN-C06-A0006;REN-C06-A0007;REN-C06-A0008;REN-C06-A0012;REN-C06-A0013;REN-C06-A0014;REN-C06-A0015;REN-C06-A0016;REN-C06-A0017;REN-C06-A0018;REN-C06-A0019;REN-C06-A0020;REN-C06-A0021;REN-C06-A0022;REN-C06-A0023;REN-C06-A0024;REN-C06-A0025;REN-C06-A0026;REN-C06-A0028;REN-C06-A0029;REN-C06-A0030;REN-C06-A0031;REN-C09-A0012;REN-C09-A0013;REN-C09-A0014;REN-C14-A0018;REN-C21-S11		c05	R3.0 구 위치–신 위치 대응	 / 	황실 능력자관리국과 본 장에서 정하는 능력자 감독 체계는 연방 내 모든 유형의 능력과 그 행사로부터 발생하는 위험·책임·권리보호에 관한 최고 규범으로서, 연방 황실, 연방 최고평의회, 연방 총의회, 연방 대법원 및 제국도교 중앙교구가 각자의 헌법상 권한 범위 안에서 일르 분담·상호 견제한다.이 경우, `제2장(연방총칙)`, `제3장(황실)`, `제4장(행정)`, `제5장(입법)`, `제11장(국가방위)`, `제14장(개헌)`, `제15장(정보)`, `제16장(감사)`의 각 규정을 준수하며 그 해석에 의하여 보충된다.
XR-00748	10406	18959	18959	17	SRC-C17-L10401	REN-C20-A0001	제20장 제1절 제1조	`제11장(국가방위)`	[[05_원범위_보존_참조표#^scope-c11|제3장·제9장·제12장·제13장·제14장·제15장·제18장·제21장 중 국가방위·비상사태 대응규정]]	[[05_원범위_보존_참조표#^scope-c11|제3장·제9장·제12장·제13장·제14장·제15장·제18장·제21장 중 국가방위·비상사태 대응규정]]	치환	scope	REN-C03-A0001;REN-C03-A0002;REN-C03-A0003;REN-C09-A0021;REN-C12-A0021;REN-C12-A0033;REN-C13-A0001;REN-C13-A0002;REN-C13-A0003;REN-C13-A0004;REN-C13-A0005;REN-C13-A0006;REN-C13-A0007;REN-C13-A0008;REN-C13-A0009;REN-C13-A0010;REN-C13-A0011;REN-C13-A0012;REN-C13-A0013;REN-C13-A0014;REN-C13-A0015;REN-C13-A0017;REN-C13-A0018;REN-C13-A0019;REN-C13-A0020;REN-C13-A0021;REN-C13-A0022;REN-C13-A0024;REN-C13-A0025;REN-C13-A0026;REN-C13-A0027;REN-C14-A0001;REN-C14-A0002;REN-C14-A0003;REN-C14-A0004;REN-C14-A0006;REN-C14-A0007;REN-C14-A0008;REN-C14-A0010;REN-C14-A0011;REN-C14-A0013;REN-C14-A0014;REN-C14-A0020;REN-C14-A0021;REN-C14-A0022;REN-C14-A0023;REN-C14-A0024;REN-C14-A0028;REN-C14-A0039;REN-C14-A0040;REN-C14-A0041;REN-C14-A0042;REN-C14-A0043;REN-C15-A0064;REN-C15-A0072;REN-C18-A0028;REN-C18-A0029;REN-C18-A0056;REN-C21-A0010		c11	R3.0 구 위치–신 위치 대응	 / 	황실 능력자관리국과 본 장에서 정하는 능력자 감독 체계는 연방 내 모든 유형의 능력과 그 행사로부터 발생하는 위험·책임·권리보호에 관한 최고 규범으로서, 연방 황실, 연방 최고평의회, 연방 총의회, 연방 대법원 및 제국도교 중앙교구가 각자의 헌법상 권한 범위 안에서 일르 분담·상호 견제한다.이 경우, `제2장(연방총칙)`, `제3장(황실)`, `제4장(행정)`, `제5장(입법)`, `제11장(국가방위)`, `제14장(개헌)`, `제15장(정보)`, `제16장(감사)`의 각 규정을 준수하며 그 해석에 의하여 보충된다.
XR-00749	10406	18959	18959	17	SRC-C17-L10401	REN-C20-A0001	제20장 제1절 제1조	`제14장(개헌)`	[[05_원범위_보존_참조표#^scope-c14|제17장·제21장 중 개헌 대응규정]]	[[05_원범위_보존_참조표#^scope-c14|제17장·제21장 중 개헌 대응규정]]	치환	scope	REN-C17-A0001;REN-C17-A0002;REN-C17-A0003;REN-C17-A0004;REN-C17-A0005;REN-C17-A0008;REN-C17-A0009;REN-C17-A0010;REN-C17-A0011;REN-C17-A0012;REN-C17-A0013;REN-C17-A0014;REN-C17-A0015;REN-C17-A0016;REN-C17-A0017;REN-C17-A0018;REN-C17-A0019;REN-C17-A0020;REN-C17-A0021;REN-C17-A0022;REN-C17-A0023;REN-C17-A0024;REN-C21-A0008;REN-C21-A0011;REN-C21-A0012		c14	R3.0 구 위치–신 위치 대응	 / 	황실 능력자관리국과 본 장에서 정하는 능력자 감독 체계는 연방 내 모든 유형의 능력과 그 행사로부터 발생하는 위험·책임·권리보호에 관한 최고 규범으로서, 연방 황실, 연방 최고평의회, 연방 총의회, 연방 대법원 및 제국도교 중앙교구가 각자의 헌법상 권한 범위 안에서 일르 분담·상호 견제한다.이 경우, `제2장(연방총칙)`, `제3장(황실)`, `제4장(행정)`, `제5장(입법)`, `제11장(국가방위)`, `제14장(개헌)`, `제15장(정보)`, `제16장(감사)`의 각 규정을 준수하며 그 해석에 의하여 보충된다.
XR-00750	10406	18959	18959	17	SRC-C17-L10401	REN-C20-A0001	제20장 제1절 제1조	`제15장(정보)`	[[05_원범위_보존_참조표#^scope-c15|제2장·제18장·제21장 중 정보 대응규정]]	[[05_원범위_보존_참조표#^scope-c15|제2장·제18장·제21장 중 정보 대응규정]]	치환	scope	REN-C02-A0028;REN-C18-A0001;REN-C18-A0002;REN-C18-A0003;REN-C18-A0004;REN-C18-A0005;REN-C18-A0006;REN-C18-A0007;REN-C18-A0008;REN-C18-A0009;REN-C18-A0010;REN-C18-A0011;REN-C18-A0012;REN-C18-A0013;REN-C18-A0014;REN-C18-A0015;REN-C18-A0016;REN-C18-A0017;REN-C18-A0018;REN-C18-A0019;REN-C18-A0020;REN-C18-A0021;REN-C18-A0022;REN-C18-A0023;REN-C18-A0024;REN-C18-A0025;REN-C18-A0026;REN-C18-A0027;REN-C18-A0030;REN-C18-A0031;REN-C18-A0032;REN-C18-A0033;REN-C18-A0034;REN-C18-A0035;REN-C18-A0036;REN-C18-A0037;REN-C18-A0038;REN-C18-A0039;REN-C18-A0040;REN-C18-A0041;REN-C18-A0042;REN-C18-A0043;REN-C18-A0044;REN-C18-A0045;REN-C18-A0046;REN-C18-A0047;REN-C18-A0048;REN-C18-A0049;REN-C18-A0050;REN-C18-A0051;REN-C18-A0052;REN-C18-A0053;REN-C18-A0054;REN-C18-A0055;REN-C21-A0002		c15	R3.0 구 위치–신 위치 대응	 / 	황실 능력자관리국과 본 장에서 정하는 능력자 감독 체계는 연방 내 모든 유형의 능력과 그 행사로부터 발생하는 위험·책임·권리보호에 관한 최고 규범으로서, 연방 황실, 연방 최고평의회, 연방 총의회, 연방 대법원 및 제국도교 중앙교구가 각자의 헌법상 권한 범위 안에서 일르 분담·상호 견제한다.이 경우, `제2장(연방총칙)`, `제3장(황실)`, `제4장(행정)`, `제5장(입법)`, `제11장(국가방위)`, `제14장(개헌)`, `제15장(정보)`, `제16장(감사)`의 각 규정을 준수하며 그 해석에 의하여 보충된다.
XR-00751	10406	18959	18959	17	SRC-C17-L10401	REN-C20-A0001	제20장 제1절 제1조	`제16장(감사)`	[[05_원범위_보존_참조표#^scope-c16|제14장·제19장·제21장 중 감사 대응규정]]	[[05_원범위_보존_참조표#^scope-c16|제14장·제19장·제21장 중 감사 대응규정]]	치환	scope	REN-C14-A0032;REN-C19-A0001;REN-C19-A0002;REN-C19-A0004;REN-C19-A0005;REN-C19-A0006;REN-C19-A0007;REN-C19-A0008;REN-C19-A0009;REN-C19-A0010;REN-C19-A0011;REN-C19-A0012;REN-C19-A0013;REN-C19-A0014;REN-C19-A0015;REN-C19-A0016;REN-C19-A0017;REN-C19-A0018;REN-C19-A0019;REN-C19-A0020;REN-C19-A0021;REN-C19-A0022;REN-C19-A0023;REN-C19-A0024;REN-C19-A0025;REN-C19-A0026;REN-C19-A0027;REN-C19-A0028;REN-C19-A0029;REN-C19-A0030;REN-C19-A0031;REN-C19-A0032;REN-C19-A0033;REN-C19-A0034;REN-C21-A0003;REN-C21-A0005		c16	R3.0 구 위치–신 위치 대응	 / 	황실 능력자관리국과 본 장에서 정하는 능력자 감독 체계는 연방 내 모든 유형의 능력과 그 행사로부터 발생하는 위험·책임·권리보호에 관한 최고 규범으로서, 연방 황실, 연방 최고평의회, 연방 총의회, 연방 대법원 및 제국도교 중앙교구가 각자의 헌법상 권한 범위 안에서 일르 분담·상호 견제한다.이 경우, `제2장(연방총칙)`, `제3장(황실)`, `제4장(행정)`, `제5장(입법)`, `제11장(국가방위)`, `제14장(개헌)`, `제15장(정보)`, `제16장(감사)`의 각 규정을 준수하며 그 해석에 의하여 보충된다.
XR-00752	10409	18962	18962	17	SRC-C17-L10401	REN-C20-A0001	제20장 제1절 제1조	`제2장(연방총칙)`	[[05_원범위_보존_참조표#^scope-c02|제2장·제3장·제8장·제9장·제12장·제19장·제21장 중 연방총칙 대응규정]]	[[05_원범위_보존_참조표#^scope-c02|제2장·제3장·제8장·제9장·제12장·제19장·제21장 중 연방총칙 대응규정]]	치환	scope	REN-C02-A0001;REN-C02-A0002;REN-C02-A0003;REN-C02-A0004;REN-C02-A0005;REN-C02-A0006;REN-C02-A0007;REN-C02-A0008;REN-C02-A0009;REN-C02-A0010;REN-C02-A0011;REN-C02-A0012;REN-C02-A0013;REN-C02-A0014;REN-C02-A0015;REN-C02-A0016;REN-C02-A0017;REN-C02-A0018;REN-C02-A0019;REN-C02-A0020;REN-C02-A0021;REN-C02-A0022;REN-C02-A0023;REN-C02-A0024;REN-C02-A0025;REN-C02-A0026;REN-C02-A0027;REN-C02-A0030;REN-C02-A0031;REN-C02-A0032;REN-C02-A0033;REN-C02-A0034;REN-C02-A0035;REN-C02-A0036;REN-C03-A0004;REN-C03-A0005;REN-C03-A0006;REN-C03-A0007;REN-C03-A0008;REN-C03-A0009;REN-C03-A0010;REN-C03-A0011;REN-C03-A0013;REN-C03-A0014;REN-C08-A0005;REN-C09-A0001;REN-C09-A0003;REN-C09-A0019;REN-C12-A0009;REN-C19-A0003;REN-C21-A0009		c02	R3.0 구 위치–신 위치 대응	 / 	황실 능력자관리국의 결정·명령·고시·지침 및 동원·해제에 관한 사항은 전자관보에 공표하며, 형식·보존 및 공개 범위는 `제2장(연방총칙)`, `제11장(국가방위)`, `제15장(정보)`, `제16장(감사)`의 규정에 따른다.
XR-00753	10409	18962	18962	17	SRC-C17-L10401	REN-C20-A0001	제20장 제1절 제1조	`제11장(국가방위)`	[[05_원범위_보존_참조표#^scope-c11|제3장·제9장·제12장·제13장·제14장·제15장·제18장·제21장 중 국가방위·비상사태 대응규정]]	[[05_원범위_보존_참조표#^scope-c11|제3장·제9장·제12장·제13장·제14장·제15장·제18장·제21장 중 국가방위·비상사태 대응규정]]	치환	scope	REN-C03-A0001;REN-C03-A0002;REN-C03-A0003;REN-C09-A0021;REN-C12-A0021;REN-C12-A0033;REN-C13-A0001;REN-C13-A0002;REN-C13-A0003;REN-C13-A0004;REN-C13-A0005;REN-C13-A0006;REN-C13-A0007;REN-C13-A0008;REN-C13-A0009;REN-C13-A0010;REN-C13-A0011;REN-C13-A0012;REN-C13-A0013;REN-C13-A0014;REN-C13-A0015;REN-C13-A0017;REN-C13-A0018;REN-C13-A0019;REN-C13-A0020;REN-C13-A0021;REN-C13-A0022;REN-C13-A0024;REN-C13-A0025;REN-C13-A0026;REN-C13-A0027;REN-C14-A0001;REN-C14-A0002;REN-C14-A0003;REN-C14-A0004;REN-C14-A0006;REN-C14-A0007;REN-C14-A0008;REN-C14-A0010;REN-C14-A0011;REN-C14-A0013;REN-C14-A0014;REN-C14-A0020;REN-C14-A0021;REN-C14-A0022;REN-C14-A0023;REN-C14-A0024;REN-C14-A0028;REN-C14-A0039;REN-C14-A0040;REN-C14-A0041;REN-C14-A0042;REN-C14-A0043;REN-C15-A0064;REN-C15-A0072;REN-C18-A0028;REN-C18-A0029;REN-C18-A0056;REN-C21-A0010		c11	R3.0 구 위치–신 위치 대응	 / 	황실 능력자관리국의 결정·명령·고시·지침 및 동원·해제에 관한 사항은 전자관보에 공표하며, 형식·보존 및 공개 범위는 `제2장(연방총칙)`, `제11장(국가방위)`, `제15장(정보)`, `제16장(감사)`의 규정에 따른다.
XR-00754	10409	18962	18962	17	SRC-C17-L10401	REN-C20-A0001	제20장 제1절 제1조	`제15장(정보)`	[[05_원범위_보존_참조표#^scope-c15|제2장·제18장·제21장 중 정보 대응규정]]	[[05_원범위_보존_참조표#^scope-c15|제2장·제18장·제21장 중 정보 대응규정]]	치환	scope	REN-C02-A0028;REN-C18-A0001;REN-C18-A0002;REN-C18-A0003;REN-C18-A0004;REN-C18-A0005;REN-C18-A0006;REN-C18-A0007;REN-C18-A0008;REN-C18-A0009;REN-C18-A0010;REN-C18-A0011;REN-C18-A0012;REN-C18-A0013;REN-C18-A0014;REN-C18-A0015;REN-C18-A0016;REN-C18-A0017;REN-C18-A0018;REN-C18-A0019;REN-C18-A0020;REN-C18-A0021;REN-C18-A0022;REN-C18-A0023;REN-C18-A0024;REN-C18-A0025;REN-C18-A0026;REN-C18-A0027;REN-C18-A0030;REN-C18-A0031;REN-C18-A0032;REN-C18-A0033;REN-C18-A0034;REN-C18-A0035;REN-C18-A0036;REN-C18-A0037;REN-C18-A0038;REN-C18-A0039;REN-C18-A0040;REN-C18-A0041;REN-C18-A0042;REN-C18-A0043;REN-C18-A0044;REN-C18-A0045;REN-C18-A0046;REN-C18-A0047;REN-C18-A0048;REN-C18-A0049;REN-C18-A0050;REN-C18-A0051;REN-C18-A0052;REN-C18-A0053;REN-C18-A0054;REN-C18-A0055;REN-C21-A0002		c15	R3.0 구 위치–신 위치 대응	 / 	황실 능력자관리국의 결정·명령·고시·지침 및 동원·해제에 관한 사항은 전자관보에 공표하며, 형식·보존 및 공개 범위는 `제2장(연방총칙)`, `제11장(국가방위)`, `제15장(정보)`, `제16장(감사)`의 규정에 따른다.
XR-00755	10409	18962	18962	17	SRC-C17-L10401	REN-C20-A0001	제20장 제1절 제1조	`제16장(감사)`	[[05_원범위_보존_참조표#^scope-c16|제14장·제19장·제21장 중 감사 대응규정]]	[[05_원범위_보존_참조표#^scope-c16|제14장·제19장·제21장 중 감사 대응규정]]	치환	scope	REN-C14-A0032;REN-C19-A0001;REN-C19-A0002;REN-C19-A0004;REN-C19-A0005;REN-C19-A0006;REN-C19-A0007;REN-C19-A0008;REN-C19-A0009;REN-C19-A0010;REN-C19-A0011;REN-C19-A0012;REN-C19-A0013;REN-C19-A0014;REN-C19-A0015;REN-C19-A0016;REN-C19-A0017;REN-C19-A0018;REN-C19-A0019;REN-C19-A0020;REN-C19-A0021;REN-C19-A0022;REN-C19-A0023;REN-C19-A0024;REN-C19-A0025;REN-C19-A0026;REN-C19-A0027;REN-C19-A0028;REN-C19-A0029;REN-C19-A0030;REN-C19-A0031;REN-C19-A0032;REN-C19-A0033;REN-C19-A0034;REN-C21-A0003;REN-C21-A0005		c16	R3.0 구 위치–신 위치 대응	 / 	황실 능력자관리국의 결정·명령·고시·지침 및 동원·해제에 관한 사항은 전자관보에 공표하며, 형식·보존 및 공개 범위는 `제2장(연방총칙)`, `제11장(국가방위)`, `제15장(정보)`, `제16장(감사)`의 규정에 따른다.
XR-00756	10413	18976	18976	17	SRC-C17-L10411	REN-C20-A0002	제20장 제1절 제2조	본 장	[[05_원범위_보존_참조표#^scope-c17|제14장·제20장·제21장 중 능력자감독 대응규정]]	[[05_원범위_보존_참조표#^scope-c17|제14장·제20장·제21장 중 능력자감독 대응규정]]	치환	scope	REN-C14-A0033;REN-C14-A0034;REN-C20-A0001;REN-C20-A0002;REN-C20-A0003;REN-C20-A0004;REN-C20-A0005;REN-C20-A0006;REN-C20-A0007;REN-C20-A0008;REN-C20-A0009;REN-C20-A0010;REN-C20-A0011;REN-C20-A0012;REN-C20-A0013;REN-C20-A0014;REN-C20-A0015;REN-C20-A0016;REN-C20-A0017;REN-C20-A0018;REN-C20-A0019;REN-C20-A0020;REN-C20-A0021;REN-C20-A0022;REN-C20-A0023;REN-C20-A0024;REN-C20-A0025;REN-C20-A0026;REN-C20-A0027;REN-C20-A0028;REN-C20-A0029;REN-C20-A0030;REN-C20-A0031;REN-C20-A0032;REN-C20-A0033;REN-C20-A0035;REN-C20-A0036;REN-C20-A0037;REN-C20-A0038;REN-C20-A0039;REN-C20-A0040;REN-C20-A0041;REN-C20-A0042;REN-C20-A0043;REN-C20-A0044;REN-C20-A0045;REN-C20-A0046;REN-C20-A0047;REN-C20-A0048;REN-C20-A0049;REN-C20-A0050;REN-C20-A0051;REN-C20-A0052;REN-C20-A0053;REN-C20-A0054;REN-C20-A0055;REN-C20-A0056;REN-C20-A0057;REN-C20-A0058;REN-C20-A0059;REN-C20-A0060;REN-C20-A0061;REN-C20-A0062;REN-C20-A0063;REN-C20-A0064;REN-C20-A0065;REN-C20-A0066;REN-C20-A0067;REN-C20-A0068;REN-C21-S06;REN-C21-S12		c17	R3.0 구 위치–신 위치 대응	 / 	"본 장에서 `""능력""`이란, 마법, 신성력, 의례, 차원 작용, 예지, 감응, 정신 개입, 생체 변조, 기계 결합 및 그 밖에 자연 법칙의 통상적 범위를 벗어나거나 이에 준하는 영향력을 행사하는 힘을 말한다."
XR-00757	10419	18982	18982	17	SRC-C17-L10411	REN-C20-A0002	제20장 제1절 제2조	본 장	[[05_원범위_보존_참조표#^scope-c17|제14장·제20장·제21장 중 능력자감독 대응규정]]	[[05_원범위_보존_참조표#^scope-c17|제14장·제20장·제21장 중 능력자감독 대응규정]]	치환	scope	REN-C14-A0033;REN-C14-A0034;REN-C20-A0001;REN-C20-A0002;REN-C20-A0003;REN-C20-A0004;REN-C20-A0005;REN-C20-A0006;REN-C20-A0007;REN-C20-A0008;REN-C20-A0009;REN-C20-A0010;REN-C20-A0011;REN-C20-A0012;REN-C20-A0013;REN-C20-A0014;REN-C20-A0015;REN-C20-A0016;REN-C20-A0017;REN-C20-A0018;REN-C20-A0019;REN-C20-A0020;REN-C20-A0021;REN-C20-A0022;REN-C20-A0023;REN-C20-A0024;REN-C20-A0025;REN-C20-A0026;REN-C20-A0027;REN-C20-A0028;REN-C20-A0029;REN-C20-A0030;REN-C20-A0031;REN-C20-A0032;REN-C20-A0033;REN-C20-A0035;REN-C20-A0036;REN-C20-A0037;REN-C20-A0038;REN-C20-A0039;REN-C20-A0040;REN-C20-A0041;REN-C20-A0042;REN-C20-A0043;REN-C20-A0044;REN-C20-A0045;REN-C20-A0046;REN-C20-A0047;REN-C20-A0048;REN-C20-A0049;REN-C20-A0050;REN-C20-A0051;REN-C20-A0052;REN-C20-A0053;REN-C20-A0054;REN-C20-A0055;REN-C20-A0056;REN-C20-A0057;REN-C20-A0058;REN-C20-A0059;REN-C20-A0060;REN-C20-A0061;REN-C20-A0062;REN-C20-A0063;REN-C20-A0064;REN-C20-A0065;REN-C20-A0066;REN-C20-A0067;REN-C20-A0068;REN-C21-S06;REN-C21-S12		c17	R3.0 구 위치–신 위치 대응	 / 	"`""증강 인체""`란, 의학, 공학, 의례, 생체개조, 기계결합 및 기타 방법으로 능력의 발현·증폭·유지·대체를 위하여 신체·정신·생체기능이 상시 변화된 자 또는 그러한 장치를 상시 이식·결합한 자를 말하며, 증강 인체는 본 장에서 말하는 능력자에 포함된다."
XR-00758	10428	18991	18991	17	SRC-C17-L10411	REN-C20-A0002	제20장 제1절 제2조	본 장	[[05_원범위_보존_참조표#^scope-c17|제14장·제20장·제21장 중 능력자감독 대응규정]]	[[05_원범위_보존_참조표#^scope-c17|제14장·제20장·제21장 중 능력자감독 대응규정]]	치환	scope	REN-C14-A0033;REN-C14-A0034;REN-C20-A0001;REN-C20-A0002;REN-C20-A0003;REN-C20-A0004;REN-C20-A0005;REN-C20-A0006;REN-C20-A0007;REN-C20-A0008;REN-C20-A0009;REN-C20-A0010;REN-C20-A0011;REN-C20-A0012;REN-C20-A0013;REN-C20-A0014;REN-C20-A0015;REN-C20-A0016;REN-C20-A0017;REN-C20-A0018;REN-C20-A0019;REN-C20-A0020;REN-C20-A0021;REN-C20-A0022;REN-C20-A0023;REN-C20-A0024;REN-C20-A0025;REN-C20-A0026;REN-C20-A0027;REN-C20-A0028;REN-C20-A0029;REN-C20-A0030;REN-C20-A0031;REN-C20-A0032;REN-C20-A0033;REN-C20-A0035;REN-C20-A0036;REN-C20-A0037;REN-C20-A0038;REN-C20-A0039;REN-C20-A0040;REN-C20-A0041;REN-C20-A0042;REN-C20-A0043;REN-C20-A0044;REN-C20-A0045;REN-C20-A0046;REN-C20-A0047;REN-C20-A0048;REN-C20-A0049;REN-C20-A0050;REN-C20-A0051;REN-C20-A0052;REN-C20-A0053;REN-C20-A0054;REN-C20-A0055;REN-C20-A0056;REN-C20-A0057;REN-C20-A0058;REN-C20-A0059;REN-C20-A0060;REN-C20-A0061;REN-C20-A0062;REN-C20-A0063;REN-C20-A0064;REN-C20-A0065;REN-C20-A0066;REN-C20-A0067;REN-C20-A0068;REN-C21-S06;REN-C21-S12		c17	R3.0 구 위치–신 위치 대응	 / 	"본 장에서 `""특수 능력자군""`이란, 강성자, 초월자 후보, 신성능력자, 심루자, 감응자, 예지자 및 이에 준하는 고유한 계보·분파·의례에 속하는 능력자를 말하며, 그 범위는 연방 법률·황제령으로 정한다."
XR-00759	10434	19029	19029	17	SRC-C17-L10432	REN-C20-A0004	제20장 제2절 제4조	`제1장(권리장전)`	[[05_원범위_보존_참조표#^scope-c01|제1장·제2장·제3장 중 권리장전 대응규정]]	[[05_원범위_보존_참조표#^scope-c01|제1장·제2장·제3장 중 권리장전 대응규정]]	치환	scope	REN-C01-A0001;REN-C01-A0002;REN-C01-A0003;REN-C01-A0004;REN-C01-A0005;REN-C01-A0006;REN-C01-A0007;REN-C01-A0008;REN-C01-A0009;REN-C01-A0010;REN-C01-A0011;REN-C01-A0012;REN-C01-A0013;REN-C01-A0014;REN-C01-A0015;REN-C01-A0016;REN-C01-A0017;REN-C01-A0018;REN-C01-A0019;REN-C01-A0020;REN-C01-A0021;REN-C01-A0022;REN-C01-A0023;REN-C01-A0024;REN-C01-A0025;REN-C01-A0026;REN-C01-A0027;REN-C01-A0028;REN-C01-A0029;REN-C01-A0030;REN-C01-A0031;REN-C01-A0032;REN-C01-A0033;REN-C01-A0034;REN-C01-A0035;REN-C01-A0036;REN-C01-A0037;REN-C01-A0038;REN-C01-A0039;REN-C01-A0040;REN-C01-A0041;REN-C01-A0042;REN-C01-A0043;REN-C01-A0044;REN-C01-A0045;REN-C02-A0029;REN-C03-A0012		c01	R3.0 구 위치–신 위치 대응	 / 	능력자 감독 체계는 연방 헌법상 기본권과 `제1장(권리장전)`의 원칙을 존중하면서도, 공공의 안정과 차원 안정, 타인의 생명·신체·정신의 자유와 종교의례의 안전을 보호하기 위하여 필요한 최소한의 범위에서만 능력과 능력자의 활동을 제한하여야 한다.
XR-00760	10440	12175	12175	17	SRC-C17-L10432	REN-C14-A0033	제14장 제9절 제33조	`제11장(국가방위)`	[[05_원범위_보존_참조표#^scope-c11|제3장·제9장·제12장·제13장·제14장·제15장·제18장·제21장 중 국가방위·비상사태 대응규정]]	[[05_원범위_보존_참조표#^scope-c11|제3장·제9장·제12장·제13장·제14장·제15장·제18장·제21장 중 국가방위·비상사태 대응규정]]	치환	scope	REN-C03-A0001;REN-C03-A0002;REN-C03-A0003;REN-C09-A0021;REN-C12-A0021;REN-C12-A0033;REN-C13-A0001;REN-C13-A0002;REN-C13-A0003;REN-C13-A0004;REN-C13-A0005;REN-C13-A0006;REN-C13-A0007;REN-C13-A0008;REN-C13-A0009;REN-C13-A0010;REN-C13-A0011;REN-C13-A0012;REN-C13-A0013;REN-C13-A0014;REN-C13-A0015;REN-C13-A0017;REN-C13-A0018;REN-C13-A0019;REN-C13-A0020;REN-C13-A0021;REN-C13-A0022;REN-C13-A0024;REN-C13-A0025;REN-C13-A0026;REN-C13-A0027;REN-C14-A0001;REN-C14-A0002;REN-C14-A0003;REN-C14-A0004;REN-C14-A0006;REN-C14-A0007;REN-C14-A0008;REN-C14-A0010;REN-C14-A0011;REN-C14-A0013;REN-C14-A0014;REN-C14-A0020;REN-C14-A0021;REN-C14-A0022;REN-C14-A0023;REN-C14-A0024;REN-C14-A0028;REN-C14-A0039;REN-C14-A0040;REN-C14-A0041;REN-C14-A0042;REN-C14-A0043;REN-C15-A0064;REN-C15-A0072;REN-C18-A0028;REN-C18-A0029;REN-C18-A0056;REN-C21-A0010		c11	R3.0 구 위치–신 위치 대응	 / 	비상, 전시, 사번 및 `제11장(국가방위)`이 정하는 국가비상사태에서의 권한 행사는 일몰, 사후심사, 사법심사의 원칙을 따른다. 비상조치의 연장이나 권한 강화는 연방 총의회의 승인과 연방 황제의 재가를 요한다.
XR-00761	10446	19007	19007	17	SRC-C17-L10444	REN-C20-A0003	제20장 제1절 제3조	본 장	[[05_원범위_보존_참조표#^scope-c17|제14장·제20장·제21장 중 능력자감독 대응규정]]	[[05_원범위_보존_참조표#^scope-c17|제14장·제20장·제21장 중 능력자감독 대응규정]]	치환	scope	REN-C14-A0033;REN-C14-A0034;REN-C20-A0001;REN-C20-A0002;REN-C20-A0003;REN-C20-A0004;REN-C20-A0005;REN-C20-A0006;REN-C20-A0007;REN-C20-A0008;REN-C20-A0009;REN-C20-A0010;REN-C20-A0011;REN-C20-A0012;REN-C20-A0013;REN-C20-A0014;REN-C20-A0015;REN-C20-A0016;REN-C20-A0017;REN-C20-A0018;REN-C20-A0019;REN-C20-A0020;REN-C20-A0021;REN-C20-A0022;REN-C20-A0023;REN-C20-A0024;REN-C20-A0025;REN-C20-A0026;REN-C20-A0027;REN-C20-A0028;REN-C20-A0029;REN-C20-A0030;REN-C20-A0031;REN-C20-A0032;REN-C20-A0033;REN-C20-A0035;REN-C20-A0036;REN-C20-A0037;REN-C20-A0038;REN-C20-A0039;REN-C20-A0040;REN-C20-A0041;REN-C20-A0042;REN-C20-A0043;REN-C20-A0044;REN-C20-A0045;REN-C20-A0046;REN-C20-A0047;REN-C20-A0048;REN-C20-A0049;REN-C20-A0050;REN-C20-A0051;REN-C20-A0052;REN-C20-A0053;REN-C20-A0054;REN-C20-A0055;REN-C20-A0056;REN-C20-A0057;REN-C20-A0058;REN-C20-A0059;REN-C20-A0060;REN-C20-A0061;REN-C20-A0062;REN-C20-A0063;REN-C20-A0064;REN-C20-A0065;REN-C20-A0066;REN-C20-A0067;REN-C20-A0068;REN-C21-S06;REN-C21-S12		c17	R3.0 구 위치–신 위치 대응	 / 	본 장은 속성 마법 사용자, 신성능력자 및 성직자·기사, 생명력술사, 의례·마법공학 심루자, 감응자·예지자, 초월자 후보, 증강 인체, 차원 조종자 등 연방 내 모든 유형의 능력자에게 적용한다.
XR-00762	10449	19010	19010	17	SRC-C17-L10444	REN-C20-A0003	제20장 제1절 제3조	본 장	[[05_원범위_보존_참조표#^scope-c17|제14장·제20장·제21장 중 능력자감독 대응규정]]	[[05_원범위_보존_참조표#^scope-c17|제14장·제20장·제21장 중 능력자감독 대응규정]]	치환	scope	REN-C14-A0033;REN-C14-A0034;REN-C20-A0001;REN-C20-A0002;REN-C20-A0003;REN-C20-A0004;REN-C20-A0005;REN-C20-A0006;REN-C20-A0007;REN-C20-A0008;REN-C20-A0009;REN-C20-A0010;REN-C20-A0011;REN-C20-A0012;REN-C20-A0013;REN-C20-A0014;REN-C20-A0015;REN-C20-A0016;REN-C20-A0017;REN-C20-A0018;REN-C20-A0019;REN-C20-A0020;REN-C20-A0021;REN-C20-A0022;REN-C20-A0023;REN-C20-A0024;REN-C20-A0025;REN-C20-A0026;REN-C20-A0027;REN-C20-A0028;REN-C20-A0029;REN-C20-A0030;REN-C20-A0031;REN-C20-A0032;REN-C20-A0033;REN-C20-A0035;REN-C20-A0036;REN-C20-A0037;REN-C20-A0038;REN-C20-A0039;REN-C20-A0040;REN-C20-A0041;REN-C20-A0042;REN-C20-A0043;REN-C20-A0044;REN-C20-A0045;REN-C20-A0046;REN-C20-A0047;REN-C20-A0048;REN-C20-A0049;REN-C20-A0050;REN-C20-A0051;REN-C20-A0052;REN-C20-A0053;REN-C20-A0054;REN-C20-A0055;REN-C20-A0056;REN-C20-A0057;REN-C20-A0058;REN-C20-A0059;REN-C20-A0060;REN-C20-A0061;REN-C20-A0062;REN-C20-A0063;REN-C20-A0064;REN-C20-A0065;REN-C20-A0066;REN-C20-A0067;REN-C20-A0068;REN-C21-S06;REN-C21-S12		c17	R3.0 구 위치–신 위치 대응	 / 	모노리스·관문·룬엔진·결계망 등 대형 장치·의식과 차원류·균열 등 차원 관련 사건의 안전 기준·운용규범은 본 장과 `제7장(경제)`, `제11장(국가방위)`, `제15장(정보)` 및 관련 연방 법률·황제령에 따른다.
XR-00763	10449	19010	19010	17	SRC-C17-L10444	REN-C20-A0003	제20장 제1절 제3조	`제7장(경제)`	[[05_원범위_보존_참조표#^scope-c07|제8장·제9장·제14장·제21장 중 경제·재정 대응규정]]	[[05_원범위_보존_참조표#^scope-c07|제8장·제9장·제14장·제21장 중 경제·재정 대응규정]]	치환	scope	REN-C08-A0001;REN-C08-A0002;REN-C08-A0003;REN-C08-A0004;REN-C08-A0006;REN-C08-A0007;REN-C08-A0008;REN-C08-A0009;REN-C08-A0010;REN-C08-A0011;REN-C08-A0012;REN-C08-A0013;REN-C08-A0014;REN-C08-A0015;REN-C08-A0016;REN-C08-A0017;REN-C08-A0018;REN-C08-A0019;REN-C08-A0020;REN-C08-A0021;REN-C08-A0022;REN-C08-A0023;REN-C08-A0024;REN-C08-A0025;REN-C08-A0026;REN-C08-A0027;REN-C08-A0028;REN-C08-A0029;REN-C08-A0030;REN-C08-A0031;REN-C08-A0032;REN-C08-A0033;REN-C08-A0034;REN-C08-A0035;REN-C08-A0036;REN-C08-A0037;REN-C08-A0038;REN-C08-A0039;REN-C08-A0040;REN-C08-A0041;REN-C08-A0042;REN-C09-A0002;REN-C09-A0004;REN-C09-A0005;REN-C09-A0006;REN-C09-A0007;REN-C09-A0008;REN-C09-A0009;REN-C09-A0010;REN-C09-A0011;REN-C09-A0015;REN-C09-A0016;REN-C09-A0017;REN-C09-A0018;REN-C09-A0020;REN-C09-A0022;REN-C09-A0023;REN-C14-A0029;REN-C14-A0037;REN-C21-S02;REN-C21-S03;REN-C21-S04;REN-C21-S05;REN-C21-A0007		c07	R3.0 구 위치–신 위치 대응	 / 	모노리스·관문·룬엔진·결계망 등 대형 장치·의식과 차원류·균열 등 차원 관련 사건의 안전 기준·운용규범은 본 장과 `제7장(경제)`, `제11장(국가방위)`, `제15장(정보)` 및 관련 연방 법률·황제령에 따른다.
XR-00764	10449	19010	19010	17	SRC-C17-L10444	REN-C20-A0003	제20장 제1절 제3조	`제11장(국가방위)`	[[05_원범위_보존_참조표#^scope-c11|제3장·제9장·제12장·제13장·제14장·제15장·제18장·제21장 중 국가방위·비상사태 대응규정]]	[[05_원범위_보존_참조표#^scope-c11|제3장·제9장·제12장·제13장·제14장·제15장·제18장·제21장 중 국가방위·비상사태 대응규정]]	치환	scope	REN-C03-A0001;REN-C03-A0002;REN-C03-A0003;REN-C09-A0021;REN-C12-A0021;REN-C12-A0033;REN-C13-A0001;REN-C13-A0002;REN-C13-A0003;REN-C13-A0004;REN-C13-A0005;REN-C13-A0006;REN-C13-A0007;REN-C13-A0008;REN-C13-A0009;REN-C13-A0010;REN-C13-A0011;REN-C13-A0012;REN-C13-A0013;REN-C13-A0014;REN-C13-A0015;REN-C13-A0017;REN-C13-A0018;REN-C13-A0019;REN-C13-A0020;REN-C13-A0021;REN-C13-A0022;REN-C13-A0024;REN-C13-A0025;REN-C13-A0026;REN-C13-A0027;REN-C14-A0001;REN-C14-A0002;REN-C14-A0003;REN-C14-A0004;REN-C14-A0006;REN-C14-A0007;REN-C14-A0008;REN-C14-A0010;REN-C14-A0011;REN-C14-A0013;REN-C14-A0014;REN-C14-A0020;REN-C14-A0021;REN-C14-A0022;REN-C14-A0023;REN-C14-A0024;REN-C14-A0028;REN-C14-A0039;REN-C14-A0040;REN-C14-A0041;REN-C14-A0042;REN-C14-A0043;REN-C15-A0064;REN-C15-A0072;REN-C18-A0028;REN-C18-A0029;REN-C18-A0056;REN-C21-A0010		c11	R3.0 구 위치–신 위치 대응	 / 	모노리스·관문·룬엔진·결계망 등 대형 장치·의식과 차원류·균열 등 차원 관련 사건의 안전 기준·운용규범은 본 장과 `제7장(경제)`, `제11장(국가방위)`, `제15장(정보)` 및 관련 연방 법률·황제령에 따른다.
XR-00765	10449	19010	19010	17	SRC-C17-L10444	REN-C20-A0003	제20장 제1절 제3조	`제15장(정보)`	[[05_원범위_보존_참조표#^scope-c15|제2장·제18장·제21장 중 정보 대응규정]]	[[05_원범위_보존_참조표#^scope-c15|제2장·제18장·제21장 중 정보 대응규정]]	치환	scope	REN-C02-A0028;REN-C18-A0001;REN-C18-A0002;REN-C18-A0003;REN-C18-A0004;REN-C18-A0005;REN-C18-A0006;REN-C18-A0007;REN-C18-A0008;REN-C18-A0009;REN-C18-A0010;REN-C18-A0011;REN-C18-A0012;REN-C18-A0013;REN-C18-A0014;REN-C18-A0015;REN-C18-A0016;REN-C18-A0017;REN-C18-A0018;REN-C18-A0019;REN-C18-A0020;REN-C18-A0021;REN-C18-A0022;REN-C18-A0023;REN-C18-A0024;REN-C18-A0025;REN-C18-A0026;REN-C18-A0027;REN-C18-A0030;REN-C18-A0031;REN-C18-A0032;REN-C18-A0033;REN-C18-A0034;REN-C18-A0035;REN-C18-A0036;REN-C18-A0037;REN-C18-A0038;REN-C18-A0039;REN-C18-A0040;REN-C18-A0041;REN-C18-A0042;REN-C18-A0043;REN-C18-A0044;REN-C18-A0045;REN-C18-A0046;REN-C18-A0047;REN-C18-A0048;REN-C18-A0049;REN-C18-A0050;REN-C18-A0051;REN-C18-A0052;REN-C18-A0053;REN-C18-A0054;REN-C18-A0055;REN-C21-A0002		c15	R3.0 구 위치–신 위치 대응	 / 	모노리스·관문·룬엔진·결계망 등 대형 장치·의식과 차원류·균열 등 차원 관련 사건의 안전 기준·운용규범은 본 장과 `제7장(경제)`, `제11장(국가방위)`, `제15장(정보)` 및 관련 연방 법률·황제령에 따른다.
XR-00766	10457	19076	19076	17	SRC-C17-L10455	REN-C20-A0006	제20장 제3절 제6조	각 호	각 호	각 호	일반표현 유지	unchanged-generic				번호 없는 일반 열거표현 유지	 / 	황실 능력자관리국은 다음 각 호의 사무를 관장한다.
XR-00767	10465	19084	19084	17	SRC-C17-L10455	REN-C20-A0006	제20장 제3절 제6조	`제16장(감사)`	[[05_원범위_보존_참조표#^scope-c16|제14장·제19장·제21장 중 감사 대응규정]]	[[05_원범위_보존_참조표#^scope-c16|제14장·제19장·제21장 중 감사 대응규정]]	치환	scope	REN-C14-A0032;REN-C19-A0001;REN-C19-A0002;REN-C19-A0004;REN-C19-A0005;REN-C19-A0006;REN-C19-A0007;REN-C19-A0008;REN-C19-A0009;REN-C19-A0010;REN-C19-A0011;REN-C19-A0012;REN-C19-A0013;REN-C19-A0014;REN-C19-A0015;REN-C19-A0016;REN-C19-A0017;REN-C19-A0018;REN-C19-A0019;REN-C19-A0020;REN-C19-A0021;REN-C19-A0022;REN-C19-A0023;REN-C19-A0024;REN-C19-A0025;REN-C19-A0026;REN-C19-A0027;REN-C19-A0028;REN-C19-A0029;REN-C19-A0030;REN-C19-A0031;REN-C19-A0032;REN-C19-A0033;REN-C19-A0034;REN-C21-A0003;REN-C21-A0005		c16	R3.0 구 위치–신 위치 대응	 / 	황실 능력자관리국은 연방 총의회 및 연방 최고평의회에 연 1회 이상 활동보고서를 제출하고, `제16장(감사)`이 정하는 바에 따라 연방 감사원의 감사를 받는다.
XR-00768	10472	19101	19101	17	SRC-C17-L10470	REN-C20-A0007	제20장 제3절 제7조	`제4장(행정)`	[[05_원범위_보존_참조표#^scope-c04|제4장·제5장·제7장·제13장·제14장·제15장·제21장 중 행정 대응규정]]	[[05_원범위_보존_참조표#^scope-c04|제4장·제5장·제7장·제13장·제14장·제15장·제21장 중 행정 대응규정]]	치환	scope	REN-C04-A0006;REN-C04-A0007;REN-C04-A0010;REN-C05-A0001;REN-C05-A0002;REN-C05-A0003;REN-C05-A0004;REN-C05-A0005;REN-C05-A0006;REN-C05-A0007;REN-C05-A0008;REN-C05-A0009;REN-C05-A0010;REN-C05-A0011;REN-C05-A0012;REN-C05-A0013;REN-C05-A0014;REN-C05-A0015;REN-C05-A0016;REN-C05-A0017;REN-C05-A0018;REN-C05-A0019;REN-C05-A0020;REN-C05-A0021;REN-C05-A0022;REN-C05-A0023;REN-C05-A0024;REN-C05-A0025;REN-C05-A0026;REN-C05-A0027;REN-C05-A0028;REN-C05-A0029;REN-C05-A0030;REN-C05-A0031;REN-C05-A0032;REN-C05-A0033;REN-C05-A0034;REN-C05-A0035;REN-C05-A0036;REN-C05-A0037;REN-C05-A0038;REN-C05-A0039;REN-C05-A0040;REN-C05-A0041;REN-C05-A0042;REN-C05-A0043;REN-C07-A0059;REN-C13-A0016;REN-C14-A0017;REN-C14-A0036;REN-C15-A0043;REN-C21-S07;REN-C21-A0006		c04	R3.0 구 위치–신 위치 대응	 / 	황실 능력자관리국의 국장·차장 및 핵심 보직자는 정치적 중립성과 직무상의 독립을 보장받는다. 그 임명, 연임, 해임 절차는 `제4장(행정)`과 `제5장(입법)`의 규정을 준용하여 연방 법률·황제령으로 정한다.
XR-00769	10472	19101	19101	17	SRC-C17-L10470	REN-C20-A0007	제20장 제3절 제7조	`제5장(입법)`	[[05_원범위_보존_참조표#^scope-c05|제6장·제9장·제14장·제21장 중 입법 대응규정]]	[[05_원범위_보존_참조표#^scope-c05|제6장·제9장·제14장·제21장 중 입법 대응규정]]	치환	scope	REN-C06-A0001;REN-C06-A0002;REN-C06-A0003;REN-C06-A0004;REN-C06-A0005;REN-C06-A0006;REN-C06-A0007;REN-C06-A0008;REN-C06-A0012;REN-C06-A0013;REN-C06-A0014;REN-C06-A0015;REN-C06-A0016;REN-C06-A0017;REN-C06-A0018;REN-C06-A0019;REN-C06-A0020;REN-C06-A0021;REN-C06-A0022;REN-C06-A0023;REN-C06-A0024;REN-C06-A0025;REN-C06-A0026;REN-C06-A0028;REN-C06-A0029;REN-C06-A0030;REN-C06-A0031;REN-C09-A0012;REN-C09-A0013;REN-C09-A0014;REN-C14-A0018;REN-C21-S11		c05	R3.0 구 위치–신 위치 대응	 / 	황실 능력자관리국의 국장·차장 및 핵심 보직자는 정치적 중립성과 직무상의 독립을 보장받는다. 그 임명, 연임, 해임 절차는 `제4장(행정)`과 `제5장(입법)`의 규정을 준용하여 연방 법률·황제령으로 정한다.
XR-00770	10509	19168	19168	17	SRC-C17-L10504	REN-C20-A0010	제20장 제3절 제10조	`제15장(정보)`	[[05_원범위_보존_참조표#^scope-c15|제2장·제18장·제21장 중 정보 대응규정]]	[[05_원범위_보존_참조표#^scope-c15|제2장·제18장·제21장 중 정보 대응규정]]	치환	scope	REN-C02-A0028;REN-C18-A0001;REN-C18-A0002;REN-C18-A0003;REN-C18-A0004;REN-C18-A0005;REN-C18-A0006;REN-C18-A0007;REN-C18-A0008;REN-C18-A0009;REN-C18-A0010;REN-C18-A0011;REN-C18-A0012;REN-C18-A0013;REN-C18-A0014;REN-C18-A0015;REN-C18-A0016;REN-C18-A0017;REN-C18-A0018;REN-C18-A0019;REN-C18-A0020;REN-C18-A0021;REN-C18-A0022;REN-C18-A0023;REN-C18-A0024;REN-C18-A0025;REN-C18-A0026;REN-C18-A0027;REN-C18-A0030;REN-C18-A0031;REN-C18-A0032;REN-C18-A0033;REN-C18-A0034;REN-C18-A0035;REN-C18-A0036;REN-C18-A0037;REN-C18-A0038;REN-C18-A0039;REN-C18-A0040;REN-C18-A0041;REN-C18-A0042;REN-C18-A0043;REN-C18-A0044;REN-C18-A0045;REN-C18-A0046;REN-C18-A0047;REN-C18-A0048;REN-C18-A0049;REN-C18-A0050;REN-C18-A0051;REN-C18-A0052;REN-C18-A0053;REN-C18-A0054;REN-C18-A0055;REN-C21-A0002		c15	R3.0 구 위치–신 위치 대응	 / 	연방 정보국은 능력 남용, 차원 테러, 반규제 과격집단에 대한 정보 수집·분석을 담당하며, 황실 능력자관리국과 정보를 공유한다. 정보의 수집·이용은 `제15장(정보)`, `제16장(감사)`의 통제를 받는다.
XR-00771	10509	19168	19168	17	SRC-C17-L10504	REN-C20-A0010	제20장 제3절 제10조	`제16장(감사)`	[[05_원범위_보존_참조표#^scope-c16|제14장·제19장·제21장 중 감사 대응규정]]	[[05_원범위_보존_참조표#^scope-c16|제14장·제19장·제21장 중 감사 대응규정]]	치환	scope	REN-C14-A0032;REN-C19-A0001;REN-C19-A0002;REN-C19-A0004;REN-C19-A0005;REN-C19-A0006;REN-C19-A0007;REN-C19-A0008;REN-C19-A0009;REN-C19-A0010;REN-C19-A0011;REN-C19-A0012;REN-C19-A0013;REN-C19-A0014;REN-C19-A0015;REN-C19-A0016;REN-C19-A0017;REN-C19-A0018;REN-C19-A0019;REN-C19-A0020;REN-C19-A0021;REN-C19-A0022;REN-C19-A0023;REN-C19-A0024;REN-C19-A0025;REN-C19-A0026;REN-C19-A0027;REN-C19-A0028;REN-C19-A0029;REN-C19-A0030;REN-C19-A0031;REN-C19-A0032;REN-C19-A0033;REN-C19-A0034;REN-C21-A0003;REN-C21-A0005		c16	R3.0 구 위치–신 위치 대응	 / 	연방 정보국은 능력 남용, 차원 테러, 반규제 과격집단에 대한 정보 수집·분석을 담당하며, 황실 능력자관리국과 정보를 공유한다. 정보의 수집·이용은 `제15장(정보)`, `제16장(감사)`의 통제를 받는다.
XR-00772	10542	19231	19231	17	SRC-C17-L10537	REN-C20-A0013	제20장 제4절 제13조	본 장	[[05_원범위_보존_참조표#^scope-c17|제14장·제20장·제21장 중 능력자감독 대응규정]]	[[05_원범위_보존_참조표#^scope-c17|제14장·제20장·제21장 중 능력자감독 대응규정]]	치환	scope	REN-C14-A0033;REN-C14-A0034;REN-C20-A0001;REN-C20-A0002;REN-C20-A0003;REN-C20-A0004;REN-C20-A0005;REN-C20-A0006;REN-C20-A0007;REN-C20-A0008;REN-C20-A0009;REN-C20-A0010;REN-C20-A0011;REN-C20-A0012;REN-C20-A0013;REN-C20-A0014;REN-C20-A0015;REN-C20-A0016;REN-C20-A0017;REN-C20-A0018;REN-C20-A0019;REN-C20-A0020;REN-C20-A0021;REN-C20-A0022;REN-C20-A0023;REN-C20-A0024;REN-C20-A0025;REN-C20-A0026;REN-C20-A0027;REN-C20-A0028;REN-C20-A0029;REN-C20-A0030;REN-C20-A0031;REN-C20-A0032;REN-C20-A0033;REN-C20-A0035;REN-C20-A0036;REN-C20-A0037;REN-C20-A0038;REN-C20-A0039;REN-C20-A0040;REN-C20-A0041;REN-C20-A0042;REN-C20-A0043;REN-C20-A0044;REN-C20-A0045;REN-C20-A0046;REN-C20-A0047;REN-C20-A0048;REN-C20-A0049;REN-C20-A0050;REN-C20-A0051;REN-C20-A0052;REN-C20-A0053;REN-C20-A0054;REN-C20-A0055;REN-C20-A0056;REN-C20-A0057;REN-C20-A0058;REN-C20-A0059;REN-C20-A0060;REN-C20-A0061;REN-C20-A0062;REN-C20-A0063;REN-C20-A0064;REN-C20-A0065;REN-C20-A0066;REN-C20-A0067;REN-C20-A0068;REN-C21-S06;REN-C21-S12		c17	R3.0 구 위치–신 위치 대응	 / 	면허는 기본, 중간, 고급, 전략 등 연방 법률·황제령에서 정하는 단계로 구분하며, 신규, 갱신, 승급, 휴지, 정지, 취소의 절차는 연방 법률·황제령과 본 장에 따른다.
XR-00773	10558	19257	19257	17	SRC-C17-L10547	REN-C20-A0014	제20장 제4절 제14조	`제1항`	제20장 제14조 제1항	제20장 제14조 제1항	치환	subordinate	REN-C20-A0014	SRC-C17-L10547-N001--REN-C20-A0014		R3.0 구 위치–신 위치 대응	 / 	사제·기사 및 기타 신성능력자의 판정·재검사에 관하여는 `제1항` 및 `제2항`의 일반 기준과 함께 `제7조의 2`에 따른 제국도교 중앙교구의 절차를 병행 적용한다.
XR-00774	10558	19257	19257	17	SRC-C17-L10547	REN-C20-A0014	제20장 제4절 제14조	`제2항`	제20장 제14조 제2항	제20장 제14조 제2항	치환	subordinate	REN-C20-A0014	SRC-C17-L10547-N002--REN-C20-A0014		R3.0 구 위치–신 위치 대응	 / 	사제·기사 및 기타 신성능력자의 판정·재검사에 관하여는 `제1항` 및 `제2항`의 일반 기준과 함께 `제7조의 2`에 따른 제국도교 중앙교구의 절차를 병행 적용한다.
XR-00775	10558	19257	19257	17	SRC-C17-L10547	REN-C20-A0014	제20장 제4절 제14조	`제7조의 2`	제20장 제12조	제20장 제12조	치환	article	REN-C20-A0012			R3.0 구 위치–신 위치 대응	 / 	사제·기사 및 기타 신성능력자의 판정·재검사에 관하여는 `제1항` 및 `제2항`의 일반 기준과 함께 `제7조의 2`에 따른 제국도교 중앙교구의 절차를 병행 적용한다.
XR-00776	10561	19260	19260	17	SRC-C17-L10547	REN-C20-A0014	제20장 제4절 제14조	`본 장 제13조`	제20장 제46조	제20장 제46조	치환	article	REN-C20-A0046			R3.0 구 위치–신 위치 대응	 / 	능력 판정 검사; `PAX(Power Assessment eXamination)` 결과의 기록, 보존, 부분 공개는 `본 장 제13조` 및 `제15장(정보)`의 원칙을 따르되, 신성능력자와 고위능력자의 민감 정보에 대하여는 추가 보호 및 익명화 조치를 둘 수 있다. 그 구체적인 범위와 절차는 연방 법률·황제령으로 정한다.
XR-00777	10561	19260	19260	17	SRC-C17-L10547	REN-C20-A0014	제20장 제4절 제14조	`제15장(정보)`	[[05_원범위_보존_참조표#^scope-c15|제2장·제18장·제21장 중 정보 대응규정]]	[[05_원범위_보존_참조표#^scope-c15|제2장·제18장·제21장 중 정보 대응규정]]	치환	scope	REN-C02-A0028;REN-C18-A0001;REN-C18-A0002;REN-C18-A0003;REN-C18-A0004;REN-C18-A0005;REN-C18-A0006;REN-C18-A0007;REN-C18-A0008;REN-C18-A0009;REN-C18-A0010;REN-C18-A0011;REN-C18-A0012;REN-C18-A0013;REN-C18-A0014;REN-C18-A0015;REN-C18-A0016;REN-C18-A0017;REN-C18-A0018;REN-C18-A0019;REN-C18-A0020;REN-C18-A0021;REN-C18-A0022;REN-C18-A0023;REN-C18-A0024;REN-C18-A0025;REN-C18-A0026;REN-C18-A0027;REN-C18-A0030;REN-C18-A0031;REN-C18-A0032;REN-C18-A0033;REN-C18-A0034;REN-C18-A0035;REN-C18-A0036;REN-C18-A0037;REN-C18-A0038;REN-C18-A0039;REN-C18-A0040;REN-C18-A0041;REN-C18-A0042;REN-C18-A0043;REN-C18-A0044;REN-C18-A0045;REN-C18-A0046;REN-C18-A0047;REN-C18-A0048;REN-C18-A0049;REN-C18-A0050;REN-C18-A0051;REN-C18-A0052;REN-C18-A0053;REN-C18-A0054;REN-C18-A0055;REN-C21-A0002		c15	R3.0 구 위치–신 위치 대응	 / 	능력 판정 검사; `PAX(Power Assessment eXamination)` 결과의 기록, 보존, 부분 공개는 `본 장 제13조` 및 `제15장(정보)`의 원칙을 따르되, 신성능력자와 고위능력자의 민감 정보에 대하여는 추가 보호 및 익명화 조치를 둘 수 있다. 그 구체적인 범위와 절차는 연방 법률·황제령으로 정한다.
XR-00778	10604	19646	19646	17	SRC-C17-L10596	REN-C20-A0035	제20장 제6절 제35조	`제1장(권리장전)`	[[05_원범위_보존_참조표#^scope-c01|제1장·제2장·제3장 중 권리장전 대응규정]]	[[05_원범위_보존_참조표#^scope-c01|제1장·제2장·제3장 중 권리장전 대응규정]]	치환	scope	REN-C01-A0001;REN-C01-A0002;REN-C01-A0003;REN-C01-A0004;REN-C01-A0005;REN-C01-A0006;REN-C01-A0007;REN-C01-A0008;REN-C01-A0009;REN-C01-A0010;REN-C01-A0011;REN-C01-A0012;REN-C01-A0013;REN-C01-A0014;REN-C01-A0015;REN-C01-A0016;REN-C01-A0017;REN-C01-A0018;REN-C01-A0019;REN-C01-A0020;REN-C01-A0021;REN-C01-A0022;REN-C01-A0023;REN-C01-A0024;REN-C01-A0025;REN-C01-A0026;REN-C01-A0027;REN-C01-A0028;REN-C01-A0029;REN-C01-A0030;REN-C01-A0031;REN-C01-A0032;REN-C01-A0033;REN-C01-A0034;REN-C01-A0035;REN-C01-A0036;REN-C01-A0037;REN-C01-A0038;REN-C01-A0039;REN-C01-A0040;REN-C01-A0041;REN-C01-A0042;REN-C01-A0043;REN-C01-A0044;REN-C01-A0045;REN-C02-A0029;REN-C03-A0012		c01	R3.0 구 위치–신 위치 대응	 / 	피실험자·참여자에 대한 설명, 동의, 철회권 보장은 `제1장(권리장전)`과 관련 연방 법률·황제령의 규정을 따른다.
XR-00779	10634	19918	19918	17	SRC-C17-L10629	REN-C20-A0050	제20장 제8절 제50조	`제11장(국가방위)`	[[05_원범위_보존_참조표#^scope-c11|제3장·제9장·제12장·제13장·제14장·제15장·제18장·제21장 중 국가방위·비상사태 대응규정]]	[[05_원범위_보존_참조표#^scope-c11|제3장·제9장·제12장·제13장·제14장·제15장·제18장·제21장 중 국가방위·비상사태 대응규정]]	치환	scope	REN-C03-A0001;REN-C03-A0002;REN-C03-A0003;REN-C09-A0021;REN-C12-A0021;REN-C12-A0033;REN-C13-A0001;REN-C13-A0002;REN-C13-A0003;REN-C13-A0004;REN-C13-A0005;REN-C13-A0006;REN-C13-A0007;REN-C13-A0008;REN-C13-A0009;REN-C13-A0010;REN-C13-A0011;REN-C13-A0012;REN-C13-A0013;REN-C13-A0014;REN-C13-A0015;REN-C13-A0017;REN-C13-A0018;REN-C13-A0019;REN-C13-A0020;REN-C13-A0021;REN-C13-A0022;REN-C13-A0024;REN-C13-A0025;REN-C13-A0026;REN-C13-A0027;REN-C14-A0001;REN-C14-A0002;REN-C14-A0003;REN-C14-A0004;REN-C14-A0006;REN-C14-A0007;REN-C14-A0008;REN-C14-A0010;REN-C14-A0011;REN-C14-A0013;REN-C14-A0014;REN-C14-A0020;REN-C14-A0021;REN-C14-A0022;REN-C14-A0023;REN-C14-A0024;REN-C14-A0028;REN-C14-A0039;REN-C14-A0040;REN-C14-A0041;REN-C14-A0042;REN-C14-A0043;REN-C15-A0064;REN-C15-A0072;REN-C18-A0028;REN-C18-A0029;REN-C18-A0056;REN-C21-A0010		c11	R3.0 구 위치–신 위치 대응	 / 	복무의 유형, 기간, 보상, 대체 목부 사유는 `제11장(국가방위)` 및 관련 연방 법률·황제령에 따른다.
XR-00780	10659	19420	19420	17	SRC-C17-L10654	REN-C20-A0023	제20장 제5절 제23조	`제11장(국가방위)`	[[05_원범위_보존_참조표#^scope-c11|제3장·제9장·제12장·제13장·제14장·제15장·제18장·제21장 중 국가방위·비상사태 대응규정]]	[[05_원범위_보존_참조표#^scope-c11|제3장·제9장·제12장·제13장·제14장·제15장·제18장·제21장 중 국가방위·비상사태 대응규정]]	치환	scope	REN-C03-A0001;REN-C03-A0002;REN-C03-A0003;REN-C09-A0021;REN-C12-A0021;REN-C12-A0033;REN-C13-A0001;REN-C13-A0002;REN-C13-A0003;REN-C13-A0004;REN-C13-A0005;REN-C13-A0006;REN-C13-A0007;REN-C13-A0008;REN-C13-A0009;REN-C13-A0010;REN-C13-A0011;REN-C13-A0012;REN-C13-A0013;REN-C13-A0014;REN-C13-A0015;REN-C13-A0017;REN-C13-A0018;REN-C13-A0019;REN-C13-A0020;REN-C13-A0021;REN-C13-A0022;REN-C13-A0024;REN-C13-A0025;REN-C13-A0026;REN-C13-A0027;REN-C14-A0001;REN-C14-A0002;REN-C14-A0003;REN-C14-A0004;REN-C14-A0006;REN-C14-A0007;REN-C14-A0008;REN-C14-A0010;REN-C14-A0011;REN-C14-A0013;REN-C14-A0014;REN-C14-A0020;REN-C14-A0021;REN-C14-A0022;REN-C14-A0023;REN-C14-A0024;REN-C14-A0028;REN-C14-A0039;REN-C14-A0040;REN-C14-A0041;REN-C14-A0042;REN-C14-A0043;REN-C15-A0064;REN-C15-A0072;REN-C18-A0028;REN-C18-A0029;REN-C18-A0056;REN-C21-A0010		c11	R3.0 구 위치–신 위치 대응	 / 	무력사용의 보고, 기록, 사후 심사 절차는 `제11장(국가방위)` 및 관련 연방 법률·황제령으로 정한다.
XR-00781	10669	19440	19440	17	SRC-C17-L10664	REN-C20-A0024	제20장 제5절 제24조	`제13장(선거)`	[[05_원범위_보존_참조표#^scope-c13|제6장·제14장·제16장 중 선거 대응규정]]	[[05_원범위_보존_참조표#^scope-c13|제6장·제14장·제16장 중 선거 대응규정]]	치환	scope	REN-C06-A0009;REN-C06-A0010;REN-C06-A0011;REN-C06-A0027;REN-C14-A0031;REN-C16-A0001;REN-C16-A0002;REN-C16-A0003;REN-C16-A0004;REN-C16-A0005;REN-C16-A0006;REN-C16-A0007;REN-C16-A0008;REN-C16-A0009;REN-C16-A0010;REN-C16-A0011;REN-C16-A0012;REN-C16-A0013;REN-C16-A0014;REN-C16-A0015;REN-C16-A0016;REN-C16-A0017;REN-C16-A0018;REN-C16-A0019;REN-C16-A0020;REN-C16-A0021;REN-C16-A0022;REN-C16-A0023;REN-C16-A0024;REN-C16-A0025;REN-C16-A0026;REN-C16-A0027;REN-C16-A0028;REN-C16-A0029;REN-C16-A0030;REN-C16-A0031;REN-C16-A0032;REN-C16-A0033;REN-C16-A0034;REN-C16-A0035;REN-C16-A0036;REN-C16-A0037;REN-C16-A0038;REN-C16-A0039;REN-C16-A0040;REN-C16-A0041;REN-C16-A0042;REN-C16-A0043;REN-C16-A0044;REN-C16-A0045;REN-C16-A0046;REN-C16-A0047;REN-C16-A0048;REN-C16-A0049;REN-C16-A0050;REN-C16-A0051;REN-C16-A0052;REN-C16-A0053;REN-C16-A0054;REN-C16-A0055;REN-C16-A0056;REN-C16-A0057;REN-C16-A0058;REN-C16-A0059;REN-C16-A0060;REN-C16-A0061;REN-C16-A0062;REN-C16-A0063;REN-C16-A0064;REN-C16-A0065;REN-C16-A0066;REN-C16-A0067;REN-C16-A0068;REN-C16-A0069;REN-C16-A0070;REN-C16-A0071;REN-C16-A0072;REN-C16-A0073;REN-C16-A0074;REN-C16-A0075;REN-C16-A0076;REN-C16-A0077;REN-C16-A0078;REN-C16-A0079;REN-C16-A0080;REN-C16-A0081;REN-C16-A0082		c13	R3.0 구 위치–신 위치 대응	 / 	능력 제한 영역에 대한 침해가 있을 때의 제재·절차는 `제13장(선거)` 및 관련 연방 법률·황제령에 따른다.
XR-00782	10683	19474	19474	17	SRC-C17-L10681	REN-C20-A0026	제20장 제5절 제26조	`제3장(황실)`	[[05_원범위_보존_참조표#^scope-c03|제4장·제14장·제20장 중 황실·황권승계 대응규정]]	[[05_원범위_보존_참조표#^scope-c03|제4장·제14장·제20장 중 황실·황권승계 대응규정]]	치환	scope	REN-C04-A0001;REN-C04-A0002;REN-C04-A0003;REN-C04-A0004;REN-C04-A0005;REN-C04-A0008;REN-C04-A0009;REN-C04-A0011;REN-C04-A0012;REN-C04-A0013;REN-C04-A0014;REN-C04-A0015;REN-C04-A0016;REN-C04-A0017;REN-C04-A0018;REN-C04-A0019;REN-C04-A0020;REN-C04-A0021;REN-C04-A0022;REN-C04-A0023;REN-C04-A0024;REN-C04-A0025;REN-C04-A0026;REN-C04-A0027;REN-C04-A0028;REN-C14-A0005;REN-C14-A0009;REN-C14-A0012;REN-C14-A0015;REN-C14-A0016;REN-C14-A0025;REN-C14-A0035;REN-C14-A0044;REN-C20-A0034		c03	R3.0 구 위치–신 위치 대응	 / 	정규 종교의례, 성지 순례, 성역 수호에 필요한 능력 사용은 `제3장(황실)`과 `제5장(행정)`, `제8장(종교)`에 따라 연방 법률·황제령으로 조정한다.
XR-00783	10683	19474	19474	17	SRC-C17-L10681	REN-C20-A0026	제20장 제5절 제26조	`제5장(행정)`	[[05_원범위_보존_참조표#^scope-c04|제4장·제5장·제7장·제13장·제14장·제15장·제21장 중 행정 대응규정]]	[[05_원범위_보존_참조표#^scope-c04|제4장·제5장·제7장·제13장·제14장·제15장·제21장 중 행정 대응규정]][^r4-xr-00783]	원문 대조 보정 후 치환	scope	REN-C04-A0006;REN-C04-A0007;REN-C04-A0010;REN-C05-A0001;REN-C05-A0002;REN-C05-A0003;REN-C05-A0004;REN-C05-A0005;REN-C05-A0006;REN-C05-A0007;REN-C05-A0008;REN-C05-A0009;REN-C05-A0010;REN-C05-A0011;REN-C05-A0012;REN-C05-A0013;REN-C05-A0014;REN-C05-A0015;REN-C05-A0016;REN-C05-A0017;REN-C05-A0018;REN-C05-A0019;REN-C05-A0020;REN-C05-A0021;REN-C05-A0022;REN-C05-A0023;REN-C05-A0024;REN-C05-A0025;REN-C05-A0026;REN-C05-A0027;REN-C05-A0028;REN-C05-A0029;REN-C05-A0030;REN-C05-A0031;REN-C05-A0032;REN-C05-A0033;REN-C05-A0034;REN-C05-A0035;REN-C05-A0036;REN-C05-A0037;REN-C05-A0038;REN-C05-A0039;REN-C05-A0040;REN-C05-A0041;REN-C05-A0042;REN-C05-A0043;REN-C07-A0059;REN-C13-A0016;REN-C14-A0017;REN-C14-A0036;REN-C15-A0043;REN-C21-S07;REN-C21-A0006		c04	R3.0 구 위치–신 위치 대응	 / 원문 장 번호·명칭 불일치: 제5장(행정); 원문 목차의 명칭과 일치하는 구 제4장으로 식별	정규 종교의례, 성지 순례, 성역 수호에 필요한 능력 사용은 `제3장(황실)`과 `제5장(행정)`, `제8장(종교)`에 따라 연방 법률·황제령으로 조정한다.
XR-00784	10683	19474	19474	17	SRC-C17-L10681	REN-C20-A0026	제20장 제5절 제26조	`제8장(종교)`	[[05_원범위_보존_참조표#^scope-c08|제10장·제14장·제21장 중 종교 대응규정]]	[[05_원범위_보존_참조표#^scope-c08|제10장·제14장·제21장 중 종교 대응규정]]	치환	scope	REN-C10-A0001;REN-C10-A0002;REN-C10-A0003;REN-C10-A0004;REN-C10-A0005;REN-C10-A0006;REN-C10-A0007;REN-C10-A0008;REN-C10-A0009;REN-C10-A0010;REN-C10-A0011;REN-C10-A0012;REN-C10-A0013;REN-C10-A0014;REN-C10-A0015;REN-C10-A0016;REN-C10-A0017;REN-C10-A0018;REN-C10-A0019;REN-C10-A0020;REN-C10-A0021;REN-C10-A0022;REN-C10-A0023;REN-C10-A0024;REN-C10-A0025;REN-C10-A0026;REN-C10-A0027;REN-C10-A0028;REN-C10-A0029;REN-C10-A0030;REN-C10-A0031;REN-C10-A0032;REN-C10-A0033;REN-C10-A0034;REN-C10-A0035;REN-C10-A0036;REN-C10-A0037;REN-C10-A0038;REN-C10-A0039;REN-C10-A0040;REN-C10-A0041;REN-C10-A0042;REN-C10-A0043;REN-C10-A0044;REN-C10-A0045;REN-C10-A0046;REN-C10-A0047;REN-C10-A0048;REN-C10-A0049;REN-C10-A0050;REN-C10-A0051;REN-C10-A0052;REN-C10-A0053;REN-C14-A0030;REN-C21-A0001		c08	R3.0 구 위치–신 위치 대응	 / 	정규 종교의례, 성지 순례, 성역 수호에 필요한 능력 사용은 `제3장(황실)`과 `제5장(행정)`, `제8장(종교)`에 따라 연방 법률·황제령으로 조정한다.
XR-00785	10731	19548	19548	17	SRC-C17-L10726	REN-C20-A0030	제20장 제5절 제30조	본 장	[[05_원범위_보존_참조표#^scope-c17|제14장·제20장·제21장 중 능력자감독 대응규정]]	[[05_원범위_보존_참조표#^scope-c17|제14장·제20장·제21장 중 능력자감독 대응규정]]	치환	scope	REN-C14-A0033;REN-C14-A0034;REN-C20-A0001;REN-C20-A0002;REN-C20-A0003;REN-C20-A0004;REN-C20-A0005;REN-C20-A0006;REN-C20-A0007;REN-C20-A0008;REN-C20-A0009;REN-C20-A0010;REN-C20-A0011;REN-C20-A0012;REN-C20-A0013;REN-C20-A0014;REN-C20-A0015;REN-C20-A0016;REN-C20-A0017;REN-C20-A0018;REN-C20-A0019;REN-C20-A0020;REN-C20-A0021;REN-C20-A0022;REN-C20-A0023;REN-C20-A0024;REN-C20-A0025;REN-C20-A0026;REN-C20-A0027;REN-C20-A0028;REN-C20-A0029;REN-C20-A0030;REN-C20-A0031;REN-C20-A0032;REN-C20-A0033;REN-C20-A0035;REN-C20-A0036;REN-C20-A0037;REN-C20-A0038;REN-C20-A0039;REN-C20-A0040;REN-C20-A0041;REN-C20-A0042;REN-C20-A0043;REN-C20-A0044;REN-C20-A0045;REN-C20-A0046;REN-C20-A0047;REN-C20-A0048;REN-C20-A0049;REN-C20-A0050;REN-C20-A0051;REN-C20-A0052;REN-C20-A0053;REN-C20-A0054;REN-C20-A0055;REN-C20-A0056;REN-C20-A0057;REN-C20-A0058;REN-C20-A0059;REN-C20-A0060;REN-C20-A0061;REN-C20-A0062;REN-C20-A0063;REN-C20-A0064;REN-C20-A0065;REN-C20-A0066;REN-C20-A0067;REN-C20-A0068;REN-C21-S06;REN-C21-S12		c17	R3.0 구 위치–신 위치 대응	 / 	위반시 제재, 형사처벌, 면허 제한은 본 장과 관련 연방 법률·황제령에 따른다.
XR-00786	10749	19686	19686	17	SRC-C17-L10744	REN-C20-A0037	제20장 제6절 제37조	`제11장(국가방위)`	[[05_원범위_보존_참조표#^scope-c11|제3장·제9장·제12장·제13장·제14장·제15장·제18장·제21장 중 국가방위·비상사태 대응규정]]	[[05_원범위_보존_참조표#^scope-c11|제3장·제9장·제12장·제13장·제14장·제15장·제18장·제21장 중 국가방위·비상사태 대응규정]]	치환	scope	REN-C03-A0001;REN-C03-A0002;REN-C03-A0003;REN-C09-A0021;REN-C12-A0021;REN-C12-A0033;REN-C13-A0001;REN-C13-A0002;REN-C13-A0003;REN-C13-A0004;REN-C13-A0005;REN-C13-A0006;REN-C13-A0007;REN-C13-A0008;REN-C13-A0009;REN-C13-A0010;REN-C13-A0011;REN-C13-A0012;REN-C13-A0013;REN-C13-A0014;REN-C13-A0015;REN-C13-A0017;REN-C13-A0018;REN-C13-A0019;REN-C13-A0020;REN-C13-A0021;REN-C13-A0022;REN-C13-A0024;REN-C13-A0025;REN-C13-A0026;REN-C13-A0027;REN-C14-A0001;REN-C14-A0002;REN-C14-A0003;REN-C14-A0004;REN-C14-A0006;REN-C14-A0007;REN-C14-A0008;REN-C14-A0010;REN-C14-A0011;REN-C14-A0013;REN-C14-A0014;REN-C14-A0020;REN-C14-A0021;REN-C14-A0022;REN-C14-A0023;REN-C14-A0024;REN-C14-A0028;REN-C14-A0039;REN-C14-A0040;REN-C14-A0041;REN-C14-A0042;REN-C14-A0043;REN-C15-A0064;REN-C15-A0072;REN-C18-A0028;REN-C18-A0029;REN-C18-A0056;REN-C21-A0010		c11	R3.0 구 위치–신 위치 대응	 / 	사건의 등급, 원인, 영향 범위에 대한 조사 및 보고는 `제11장(국가방위)`, `제15장(정보)` 에 따른다.
XR-00787	10749	19686	19686	17	SRC-C17-L10744	REN-C20-A0037	제20장 제6절 제37조	`제15장(정보)`	[[05_원범위_보존_참조표#^scope-c15|제2장·제18장·제21장 중 정보 대응규정]]	[[05_원범위_보존_참조표#^scope-c15|제2장·제18장·제21장 중 정보 대응규정]]	치환	scope	REN-C02-A0028;REN-C18-A0001;REN-C18-A0002;REN-C18-A0003;REN-C18-A0004;REN-C18-A0005;REN-C18-A0006;REN-C18-A0007;REN-C18-A0008;REN-C18-A0009;REN-C18-A0010;REN-C18-A0011;REN-C18-A0012;REN-C18-A0013;REN-C18-A0014;REN-C18-A0015;REN-C18-A0016;REN-C18-A0017;REN-C18-A0018;REN-C18-A0019;REN-C18-A0020;REN-C18-A0021;REN-C18-A0022;REN-C18-A0023;REN-C18-A0024;REN-C18-A0025;REN-C18-A0026;REN-C18-A0027;REN-C18-A0030;REN-C18-A0031;REN-C18-A0032;REN-C18-A0033;REN-C18-A0034;REN-C18-A0035;REN-C18-A0036;REN-C18-A0037;REN-C18-A0038;REN-C18-A0039;REN-C18-A0040;REN-C18-A0041;REN-C18-A0042;REN-C18-A0043;REN-C18-A0044;REN-C18-A0045;REN-C18-A0046;REN-C18-A0047;REN-C18-A0048;REN-C18-A0049;REN-C18-A0050;REN-C18-A0051;REN-C18-A0052;REN-C18-A0053;REN-C18-A0054;REN-C18-A0055;REN-C21-A0002		c15	R3.0 구 위치–신 위치 대응	 / 	사건의 등급, 원인, 영향 범위에 대한 조사 및 보고는 `제11장(국가방위)`, `제15장(정보)` 에 따른다.
XR-00788	10805	20042	20042	17	SRC-C17-L10797	REN-C20-A0057	제20장 제9절 제57조	본 장	[[05_원범위_보존_참조표#^scope-c17|제14장·제20장·제21장 중 능력자감독 대응규정]]	[[05_원범위_보존_참조표#^scope-c17|제14장·제20장·제21장 중 능력자감독 대응규정]]	치환	scope	REN-C14-A0033;REN-C14-A0034;REN-C20-A0001;REN-C20-A0002;REN-C20-A0003;REN-C20-A0004;REN-C20-A0005;REN-C20-A0006;REN-C20-A0007;REN-C20-A0008;REN-C20-A0009;REN-C20-A0010;REN-C20-A0011;REN-C20-A0012;REN-C20-A0013;REN-C20-A0014;REN-C20-A0015;REN-C20-A0016;REN-C20-A0017;REN-C20-A0018;REN-C20-A0019;REN-C20-A0020;REN-C20-A0021;REN-C20-A0022;REN-C20-A0023;REN-C20-A0024;REN-C20-A0025;REN-C20-A0026;REN-C20-A0027;REN-C20-A0028;REN-C20-A0029;REN-C20-A0030;REN-C20-A0031;REN-C20-A0032;REN-C20-A0033;REN-C20-A0035;REN-C20-A0036;REN-C20-A0037;REN-C20-A0038;REN-C20-A0039;REN-C20-A0040;REN-C20-A0041;REN-C20-A0042;REN-C20-A0043;REN-C20-A0044;REN-C20-A0045;REN-C20-A0046;REN-C20-A0047;REN-C20-A0048;REN-C20-A0049;REN-C20-A0050;REN-C20-A0051;REN-C20-A0052;REN-C20-A0053;REN-C20-A0054;REN-C20-A0055;REN-C20-A0056;REN-C20-A0057;REN-C20-A0058;REN-C20-A0059;REN-C20-A0060;REN-C20-A0061;REN-C20-A0062;REN-C20-A0063;REN-C20-A0064;REN-C20-A0065;REN-C20-A0066;REN-C20-A0067;REN-C20-A0068;REN-C21-S06;REN-C21-S12		c17	R3.0 구 위치–신 위치 대응	 / 	본 장의 규정은 `제1장(권리장전)` 및 `제6장(사법)`, `제11장(국가방위)`이 정하는 기본권 보장과 권리구제의 일반 원칙을 제한하는 것으로 해석되어서는 아니 된다.
XR-00789	10805	20042	20042	17	SRC-C17-L10797	REN-C20-A0057	제20장 제9절 제57조	`제1장(권리장전)`	[[05_원범위_보존_참조표#^scope-c01|제1장·제2장·제3장 중 권리장전 대응규정]]	[[05_원범위_보존_참조표#^scope-c01|제1장·제2장·제3장 중 권리장전 대응규정]]	치환	scope	REN-C01-A0001;REN-C01-A0002;REN-C01-A0003;REN-C01-A0004;REN-C01-A0005;REN-C01-A0006;REN-C01-A0007;REN-C01-A0008;REN-C01-A0009;REN-C01-A0010;REN-C01-A0011;REN-C01-A0012;REN-C01-A0013;REN-C01-A0014;REN-C01-A0015;REN-C01-A0016;REN-C01-A0017;REN-C01-A0018;REN-C01-A0019;REN-C01-A0020;REN-C01-A0021;REN-C01-A0022;REN-C01-A0023;REN-C01-A0024;REN-C01-A0025;REN-C01-A0026;REN-C01-A0027;REN-C01-A0028;REN-C01-A0029;REN-C01-A0030;REN-C01-A0031;REN-C01-A0032;REN-C01-A0033;REN-C01-A0034;REN-C01-A0035;REN-C01-A0036;REN-C01-A0037;REN-C01-A0038;REN-C01-A0039;REN-C01-A0040;REN-C01-A0041;REN-C01-A0042;REN-C01-A0043;REN-C01-A0044;REN-C01-A0045;REN-C02-A0029;REN-C03-A0012		c01	R3.0 구 위치–신 위치 대응	 / 	본 장의 규정은 `제1장(권리장전)` 및 `제6장(사법)`, `제11장(국가방위)`이 정하는 기본권 보장과 권리구제의 일반 원칙을 제한하는 것으로 해석되어서는 아니 된다.
XR-00790	10805	20042	20042	17	SRC-C17-L10797	REN-C20-A0057	제20장 제9절 제57조	`제6장(사법)`	[[05_원범위_보존_참조표#^scope-c06|제7장·제13장·제14장·제17장·제21장 중 사법 대응규정]]	[[05_원범위_보존_참조표#^scope-c06|제7장·제13장·제14장·제17장·제21장 중 사법 대응규정]]	치환	scope	REN-C07-A0001;REN-C07-A0002;REN-C07-A0003;REN-C07-A0004;REN-C07-A0005;REN-C07-A0006;REN-C07-A0007;REN-C07-A0008;REN-C07-A0009;REN-C07-A0010;REN-C07-A0011;REN-C07-A0012;REN-C07-A0013;REN-C07-A0014;REN-C07-A0015;REN-C07-A0016;REN-C07-A0017;REN-C07-A0018;REN-C07-A0019;REN-C07-A0020;REN-C07-A0021;REN-C07-A0022;REN-C07-A0023;REN-C07-A0024;REN-C07-A0025;REN-C07-A0026;REN-C07-A0027;REN-C07-A0028;REN-C07-A0029;REN-C07-A0030;REN-C07-A0031;REN-C07-A0032;REN-C07-A0033;REN-C07-A0034;REN-C07-A0035;REN-C07-A0036;REN-C07-A0037;REN-C07-A0038;REN-C07-A0039;REN-C07-A0040;REN-C07-A0041;REN-C07-A0042;REN-C07-A0043;REN-C07-A0044;REN-C07-A0045;REN-C07-A0046;REN-C07-A0047;REN-C07-A0048;REN-C07-A0049;REN-C07-A0050;REN-C07-A0051;REN-C07-A0052;REN-C07-A0053;REN-C07-A0054;REN-C07-A0055;REN-C07-A0056;REN-C07-A0057;REN-C07-A0058;REN-C13-A0023;REN-C14-A0019;REN-C17-A0006;REN-C17-A0007;REN-C21-S01		c06	R3.0 구 위치–신 위치 대응	 / 	본 장의 규정은 `제1장(권리장전)` 및 `제6장(사법)`, `제11장(국가방위)`이 정하는 기본권 보장과 권리구제의 일반 원칙을 제한하는 것으로 해석되어서는 아니 된다.
XR-00791	10805	20042	20042	17	SRC-C17-L10797	REN-C20-A0057	제20장 제9절 제57조	`제11장(국가방위)`	[[05_원범위_보존_참조표#^scope-c11|제3장·제9장·제12장·제13장·제14장·제15장·제18장·제21장 중 국가방위·비상사태 대응규정]]	[[05_원범위_보존_참조표#^scope-c11|제3장·제9장·제12장·제13장·제14장·제15장·제18장·제21장 중 국가방위·비상사태 대응규정]]	치환	scope	REN-C03-A0001;REN-C03-A0002;REN-C03-A0003;REN-C09-A0021;REN-C12-A0021;REN-C12-A0033;REN-C13-A0001;REN-C13-A0002;REN-C13-A0003;REN-C13-A0004;REN-C13-A0005;REN-C13-A0006;REN-C13-A0007;REN-C13-A0008;REN-C13-A0009;REN-C13-A0010;REN-C13-A0011;REN-C13-A0012;REN-C13-A0013;REN-C13-A0014;REN-C13-A0015;REN-C13-A0017;REN-C13-A0018;REN-C13-A0019;REN-C13-A0020;REN-C13-A0021;REN-C13-A0022;REN-C13-A0024;REN-C13-A0025;REN-C13-A0026;REN-C13-A0027;REN-C14-A0001;REN-C14-A0002;REN-C14-A0003;REN-C14-A0004;REN-C14-A0006;REN-C14-A0007;REN-C14-A0008;REN-C14-A0010;REN-C14-A0011;REN-C14-A0013;REN-C14-A0014;REN-C14-A0020;REN-C14-A0021;REN-C14-A0022;REN-C14-A0023;REN-C14-A0024;REN-C14-A0028;REN-C14-A0039;REN-C14-A0040;REN-C14-A0041;REN-C14-A0042;REN-C14-A0043;REN-C15-A0064;REN-C15-A0072;REN-C18-A0028;REN-C18-A0029;REN-C18-A0056;REN-C21-A0010		c11	R3.0 구 위치–신 위치 대응	 / 	본 장의 규정은 `제1장(권리장전)` 및 `제6장(사법)`, `제11장(국가방위)`이 정하는 기본권 보장과 권리구제의 일반 원칙을 제한하는 것으로 해석되어서는 아니 된다.
XR-00792	10814	19848	19848	17	SRC-C17-L10809	REN-C20-A0046	제20장 제7절 제46조	`제15장(정보)`	[[05_원범위_보존_참조표#^scope-c15|제2장·제18장·제21장 중 정보 대응규정]]	[[05_원범위_보존_참조표#^scope-c15|제2장·제18장·제21장 중 정보 대응규정]]	치환	scope	REN-C02-A0028;REN-C18-A0001;REN-C18-A0002;REN-C18-A0003;REN-C18-A0004;REN-C18-A0005;REN-C18-A0006;REN-C18-A0007;REN-C18-A0008;REN-C18-A0009;REN-C18-A0010;REN-C18-A0011;REN-C18-A0012;REN-C18-A0013;REN-C18-A0014;REN-C18-A0015;REN-C18-A0016;REN-C18-A0017;REN-C18-A0018;REN-C18-A0019;REN-C18-A0020;REN-C18-A0021;REN-C18-A0022;REN-C18-A0023;REN-C18-A0024;REN-C18-A0025;REN-C18-A0026;REN-C18-A0027;REN-C18-A0030;REN-C18-A0031;REN-C18-A0032;REN-C18-A0033;REN-C18-A0034;REN-C18-A0035;REN-C18-A0036;REN-C18-A0037;REN-C18-A0038;REN-C18-A0039;REN-C18-A0040;REN-C18-A0041;REN-C18-A0042;REN-C18-A0043;REN-C18-A0044;REN-C18-A0045;REN-C18-A0046;REN-C18-A0047;REN-C18-A0048;REN-C18-A0049;REN-C18-A0050;REN-C18-A0051;REN-C18-A0052;REN-C18-A0053;REN-C18-A0054;REN-C18-A0055;REN-C21-A0002		c15	R3.0 구 위치–신 위치 대응	 / 	능력자 본인은 자신의 기록에 대한 열람, 정정, 삭제를 청구할 수 있으며, 그 절차는 `제15장(정보)` 및 관련 연방 법률·황제령에 따른다.
XR-00793	10852	19773	19773	17	SRC-C17-L10847	REN-C20-A0042	제20장 제6절 제42조	`제15장(정보)`	[[05_원범위_보존_참조표#^scope-c15|제2장·제18장·제21장 중 정보 대응규정]]	[[05_원범위_보존_참조표#^scope-c15|제2장·제18장·제21장 중 정보 대응규정]]	치환	scope	REN-C02-A0028;REN-C18-A0001;REN-C18-A0002;REN-C18-A0003;REN-C18-A0004;REN-C18-A0005;REN-C18-A0006;REN-C18-A0007;REN-C18-A0008;REN-C18-A0009;REN-C18-A0010;REN-C18-A0011;REN-C18-A0012;REN-C18-A0013;REN-C18-A0014;REN-C18-A0015;REN-C18-A0016;REN-C18-A0017;REN-C18-A0018;REN-C18-A0019;REN-C18-A0020;REN-C18-A0021;REN-C18-A0022;REN-C18-A0023;REN-C18-A0024;REN-C18-A0025;REN-C18-A0026;REN-C18-A0027;REN-C18-A0030;REN-C18-A0031;REN-C18-A0032;REN-C18-A0033;REN-C18-A0034;REN-C18-A0035;REN-C18-A0036;REN-C18-A0037;REN-C18-A0038;REN-C18-A0039;REN-C18-A0040;REN-C18-A0041;REN-C18-A0042;REN-C18-A0043;REN-C18-A0044;REN-C18-A0045;REN-C18-A0046;REN-C18-A0047;REN-C18-A0048;REN-C18-A0049;REN-C18-A0050;REN-C18-A0051;REN-C18-A0052;REN-C18-A0053;REN-C18-A0054;REN-C18-A0055;REN-C21-A0002		c15	R3.0 구 위치–신 위치 대응	 / 	공개 범위, 형식, 갱신 주기는 `제15장(정보)` 및 관련 연방 법률·황제령으로 정한다.
XR-00794	10875	19058	19058	17	SRC-C17-L10861	REN-C20-A0005	제20장 제2절 제5조	본 조 제3항	제20장 제5조 제3항	제20장 제5조 제3항	치환	subordinate	REN-C20-A0005	SRC-C17-L10861-N003--REN-C20-A0005		R3.0 구 위치–신 위치 대응	 / 	`본 조 제3항 및 제4항`에 따른 조달·계약 및 회계에 관한 외부 감사·감독과 제재는 `제16장(감사)` 및 관련 연방 법률·황제령이 정하는 바에 따른다.
XR-00795	10875	19058	19058	17	SRC-C17-L10861	REN-C20-A0005	제20장 제2절 제5조	제4항	제20장 제5조 제4항	제20장 제5조 제4항	치환	subordinate	REN-C20-A0005	SRC-C17-L10861-N004--REN-C20-A0005		R3.0 구 위치–신 위치 대응	 / 	`본 조 제3항 및 제4항`에 따른 조달·계약 및 회계에 관한 외부 감사·감독과 제재는 `제16장(감사)` 및 관련 연방 법률·황제령이 정하는 바에 따른다.
XR-00796	10875	19058	19058	17	SRC-C17-L10861	REN-C20-A0005	제20장 제2절 제5조	`제16장(감사)`	[[05_원범위_보존_참조표#^scope-c16|제14장·제19장·제21장 중 감사 대응규정]]	[[05_원범위_보존_참조표#^scope-c16|제14장·제19장·제21장 중 감사 대응규정]]	치환	scope	REN-C14-A0032;REN-C19-A0001;REN-C19-A0002;REN-C19-A0004;REN-C19-A0005;REN-C19-A0006;REN-C19-A0007;REN-C19-A0008;REN-C19-A0009;REN-C19-A0010;REN-C19-A0011;REN-C19-A0012;REN-C19-A0013;REN-C19-A0014;REN-C19-A0015;REN-C19-A0016;REN-C19-A0017;REN-C19-A0018;REN-C19-A0019;REN-C19-A0020;REN-C19-A0021;REN-C19-A0022;REN-C19-A0023;REN-C19-A0024;REN-C19-A0025;REN-C19-A0026;REN-C19-A0027;REN-C19-A0028;REN-C19-A0029;REN-C19-A0030;REN-C19-A0031;REN-C19-A0032;REN-C19-A0033;REN-C19-A0034;REN-C21-A0003;REN-C21-A0005		c16	R3.0 구 위치–신 위치 대응	 / 	`본 조 제3항 및 제4항`에 따른 조달·계약 및 회계에 관한 외부 감사·감독과 제재는 `제16장(감사)` 및 관련 연방 법률·황제령이 정하는 바에 따른다.
XR-00797	10884	20081	20081	17	SRC-C17-L10879	REN-C20-A0059	제20장 제9절 제59조	본 장	[[05_원범위_보존_참조표#^scope-c17|제14장·제20장·제21장 중 능력자감독 대응규정]]	[[05_원범위_보존_참조표#^scope-c17|제14장·제20장·제21장 중 능력자감독 대응규정]]	치환	scope	REN-C14-A0033;REN-C14-A0034;REN-C20-A0001;REN-C20-A0002;REN-C20-A0003;REN-C20-A0004;REN-C20-A0005;REN-C20-A0006;REN-C20-A0007;REN-C20-A0008;REN-C20-A0009;REN-C20-A0010;REN-C20-A0011;REN-C20-A0012;REN-C20-A0013;REN-C20-A0014;REN-C20-A0015;REN-C20-A0016;REN-C20-A0017;REN-C20-A0018;REN-C20-A0019;REN-C20-A0020;REN-C20-A0021;REN-C20-A0022;REN-C20-A0023;REN-C20-A0024;REN-C20-A0025;REN-C20-A0026;REN-C20-A0027;REN-C20-A0028;REN-C20-A0029;REN-C20-A0030;REN-C20-A0031;REN-C20-A0032;REN-C20-A0033;REN-C20-A0035;REN-C20-A0036;REN-C20-A0037;REN-C20-A0038;REN-C20-A0039;REN-C20-A0040;REN-C20-A0041;REN-C20-A0042;REN-C20-A0043;REN-C20-A0044;REN-C20-A0045;REN-C20-A0046;REN-C20-A0047;REN-C20-A0048;REN-C20-A0049;REN-C20-A0050;REN-C20-A0051;REN-C20-A0052;REN-C20-A0053;REN-C20-A0054;REN-C20-A0055;REN-C20-A0056;REN-C20-A0057;REN-C20-A0058;REN-C20-A0059;REN-C20-A0060;REN-C20-A0061;REN-C20-A0062;REN-C20-A0063;REN-C20-A0064;REN-C20-A0065;REN-C20-A0066;REN-C20-A0067;REN-C20-A0068;REN-C21-S06;REN-C21-S12		c17	R3.0 구 위치–신 위치 대응	 / 	연방 감사원과 사법부의 영장에 따른 열람·감사는 본 장과 `제14장(개헌), 제16장(감사)`에 따른다.
XR-00798	10884	20081	20081	17	SRC-C17-L10879	REN-C20-A0059	제20장 제9절 제59조	제14장(개헌)	[[05_원범위_보존_참조표#^scope-c14|제17장·제21장 중 개헌 대응규정]]	[[05_원범위_보존_참조표#^scope-c14|제17장·제21장 중 개헌 대응규정]]	치환	scope	REN-C17-A0001;REN-C17-A0002;REN-C17-A0003;REN-C17-A0004;REN-C17-A0005;REN-C17-A0008;REN-C17-A0009;REN-C17-A0010;REN-C17-A0011;REN-C17-A0012;REN-C17-A0013;REN-C17-A0014;REN-C17-A0015;REN-C17-A0016;REN-C17-A0017;REN-C17-A0018;REN-C17-A0019;REN-C17-A0020;REN-C17-A0021;REN-C17-A0022;REN-C17-A0023;REN-C17-A0024;REN-C21-A0008;REN-C21-A0011;REN-C21-A0012		c14	R3.0 구 위치–신 위치 대응	 / 	연방 감사원과 사법부의 영장에 따른 열람·감사는 본 장과 `제14장(개헌), 제16장(감사)`에 따른다.
XR-00799	10884	20081	20081	17	SRC-C17-L10879	REN-C20-A0059	제20장 제9절 제59조	제16장(감사)	[[05_원범위_보존_참조표#^scope-c16|제14장·제19장·제21장 중 감사 대응규정]]	[[05_원범위_보존_참조표#^scope-c16|제14장·제19장·제21장 중 감사 대응규정]]	치환	scope	REN-C14-A0032;REN-C19-A0001;REN-C19-A0002;REN-C19-A0004;REN-C19-A0005;REN-C19-A0006;REN-C19-A0007;REN-C19-A0008;REN-C19-A0009;REN-C19-A0010;REN-C19-A0011;REN-C19-A0012;REN-C19-A0013;REN-C19-A0014;REN-C19-A0015;REN-C19-A0016;REN-C19-A0017;REN-C19-A0018;REN-C19-A0019;REN-C19-A0020;REN-C19-A0021;REN-C19-A0022;REN-C19-A0023;REN-C19-A0024;REN-C19-A0025;REN-C19-A0026;REN-C19-A0027;REN-C19-A0028;REN-C19-A0029;REN-C19-A0030;REN-C19-A0031;REN-C19-A0032;REN-C19-A0033;REN-C19-A0034;REN-C21-A0003;REN-C21-A0005		c16	R3.0 구 위치–신 위치 대응	 / 	연방 감사원과 사법부의 영장에 따른 열람·감사는 본 장과 `제14장(개헌), 제16장(감사)`에 따른다.
XR-00800	10923	19584	19584	17	SRC-C17-L10918	REN-C20-A0032	제20장 제5절 제32조	제15장(정보)	[[05_원범위_보존_참조표#^scope-c15|제2장·제18장·제21장 중 정보 대응규정]]	[[05_원범위_보존_참조표#^scope-c15|제2장·제18장·제21장 중 정보 대응규정]]	치환	scope	REN-C02-A0028;REN-C18-A0001;REN-C18-A0002;REN-C18-A0003;REN-C18-A0004;REN-C18-A0005;REN-C18-A0006;REN-C18-A0007;REN-C18-A0008;REN-C18-A0009;REN-C18-A0010;REN-C18-A0011;REN-C18-A0012;REN-C18-A0013;REN-C18-A0014;REN-C18-A0015;REN-C18-A0016;REN-C18-A0017;REN-C18-A0018;REN-C18-A0019;REN-C18-A0020;REN-C18-A0021;REN-C18-A0022;REN-C18-A0023;REN-C18-A0024;REN-C18-A0025;REN-C18-A0026;REN-C18-A0027;REN-C18-A0030;REN-C18-A0031;REN-C18-A0032;REN-C18-A0033;REN-C18-A0034;REN-C18-A0035;REN-C18-A0036;REN-C18-A0037;REN-C18-A0038;REN-C18-A0039;REN-C18-A0040;REN-C18-A0041;REN-C18-A0042;REN-C18-A0043;REN-C18-A0044;REN-C18-A0045;REN-C18-A0046;REN-C18-A0047;REN-C18-A0048;REN-C18-A0049;REN-C18-A0050;REN-C18-A0051;REN-C18-A0052;REN-C18-A0053;REN-C18-A0054;REN-C18-A0055;REN-C21-A0002		c15	R3.0 구 위치–신 위치 대응	 / 	반규제 과격집단에 대한 정보 수집, 잠입 수사, 비밀 작전 등은 `제15장(정보), 제16장(감사)`에 따른 통제를 받는다.
XR-00801	10923	19584	19584	17	SRC-C17-L10918	REN-C20-A0032	제20장 제5절 제32조	제16장(감사)	[[05_원범위_보존_참조표#^scope-c16|제14장·제19장·제21장 중 감사 대응규정]]	[[05_원범위_보존_참조표#^scope-c16|제14장·제19장·제21장 중 감사 대응규정]]	치환	scope	REN-C14-A0032;REN-C19-A0001;REN-C19-A0002;REN-C19-A0004;REN-C19-A0005;REN-C19-A0006;REN-C19-A0007;REN-C19-A0008;REN-C19-A0009;REN-C19-A0010;REN-C19-A0011;REN-C19-A0012;REN-C19-A0013;REN-C19-A0014;REN-C19-A0015;REN-C19-A0016;REN-C19-A0017;REN-C19-A0018;REN-C19-A0019;REN-C19-A0020;REN-C19-A0021;REN-C19-A0022;REN-C19-A0023;REN-C19-A0024;REN-C19-A0025;REN-C19-A0026;REN-C19-A0027;REN-C19-A0028;REN-C19-A0029;REN-C19-A0030;REN-C19-A0031;REN-C19-A0032;REN-C19-A0033;REN-C19-A0034;REN-C21-A0003;REN-C21-A0005		c16	R3.0 구 위치–신 위치 대응	 / 	반규제 과격집단에 대한 정보 수집, 잠입 수사, 비밀 작전 등은 `제15장(정보), 제16장(감사)`에 따른 통제를 받는다.
XR-00802	10930	20001	20001	17	SRC-C17-L10925	REN-C20-A0055	제20장 제8절 제55조	제11장(국가방위)	[[05_원범위_보존_참조표#^scope-c11|제3장·제9장·제12장·제13장·제14장·제15장·제18장·제21장 중 국가방위·비상사태 대응규정]]	[[05_원범위_보존_참조표#^scope-c11|제3장·제9장·제12장·제13장·제14장·제15장·제18장·제21장 중 국가방위·비상사태 대응규정]]	치환	scope	REN-C03-A0001;REN-C03-A0002;REN-C03-A0003;REN-C09-A0021;REN-C12-A0021;REN-C12-A0033;REN-C13-A0001;REN-C13-A0002;REN-C13-A0003;REN-C13-A0004;REN-C13-A0005;REN-C13-A0006;REN-C13-A0007;REN-C13-A0008;REN-C13-A0009;REN-C13-A0010;REN-C13-A0011;REN-C13-A0012;REN-C13-A0013;REN-C13-A0014;REN-C13-A0015;REN-C13-A0017;REN-C13-A0018;REN-C13-A0019;REN-C13-A0020;REN-C13-A0021;REN-C13-A0022;REN-C13-A0024;REN-C13-A0025;REN-C13-A0026;REN-C13-A0027;REN-C14-A0001;REN-C14-A0002;REN-C14-A0003;REN-C14-A0004;REN-C14-A0006;REN-C14-A0007;REN-C14-A0008;REN-C14-A0010;REN-C14-A0011;REN-C14-A0013;REN-C14-A0014;REN-C14-A0020;REN-C14-A0021;REN-C14-A0022;REN-C14-A0023;REN-C14-A0024;REN-C14-A0028;REN-C14-A0039;REN-C14-A0040;REN-C14-A0041;REN-C14-A0042;REN-C14-A0043;REN-C15-A0064;REN-C15-A0072;REN-C18-A0028;REN-C18-A0029;REN-C18-A0056;REN-C21-A0010		c11	R3.0 구 위치–신 위치 대응	 / 	전시 권한 구조의 설계, 변경, 평가는 `제11장(국가방위), 제14장(개헌)`의 절차에 따른다.
XR-00803	10930	20001	20001	17	SRC-C17-L10925	REN-C20-A0055	제20장 제8절 제55조	제14장(개헌)	[[05_원범위_보존_참조표#^scope-c14|제17장·제21장 중 개헌 대응규정]]	[[05_원범위_보존_참조표#^scope-c14|제17장·제21장 중 개헌 대응규정]]	치환	scope	REN-C17-A0001;REN-C17-A0002;REN-C17-A0003;REN-C17-A0004;REN-C17-A0005;REN-C17-A0008;REN-C17-A0009;REN-C17-A0010;REN-C17-A0011;REN-C17-A0012;REN-C17-A0013;REN-C17-A0014;REN-C17-A0015;REN-C17-A0016;REN-C17-A0017;REN-C17-A0018;REN-C17-A0019;REN-C17-A0020;REN-C17-A0021;REN-C17-A0022;REN-C17-A0023;REN-C17-A0024;REN-C21-A0008;REN-C21-A0011;REN-C21-A0012		c14	R3.0 구 위치–신 위치 대응	 / 	전시 권한 구조의 설계, 변경, 평가는 `제11장(국가방위), 제14장(개헌)`의 절차에 따른다.
XR-00804	10947	20106	20106	17	SRC-C17-L10936	REN-C20-A0060	제20장 제9절 제60조	`제3항`	제20장 제60조 제3항	제20장 제60조 제3항	치환	subordinate	REN-C20-A0060	SRC-C17-L10936-N003--REN-C20-A0060		R3.0 구 위치–신 위치 대응	 / 	`제3항`의 조정 및 중재가 불성립된 경우, 당사자는 연방 법률·황제령이 정하는 바에 따라 행정, 민사, 형사 및 헌법재판 절차에 의한 심사를 청구할 수 있다. 분쟁 조정기구의 설치, 조직, 절차는 연방 법률·황제령으로 정한다.
XR-00805	11001	20240	20240	17	SRC-C17-L10999	REN-C20-A0068	제20장 제9절 제68조	본 장	[[05_원범위_보존_참조표#^scope-c17|제14장·제20장·제21장 중 능력자감독 대응규정]]	[[05_원범위_보존_참조표#^scope-c17|제14장·제20장·제21장 중 능력자감독 대응규정]]	치환	scope	REN-C14-A0033;REN-C14-A0034;REN-C20-A0001;REN-C20-A0002;REN-C20-A0003;REN-C20-A0004;REN-C20-A0005;REN-C20-A0006;REN-C20-A0007;REN-C20-A0008;REN-C20-A0009;REN-C20-A0010;REN-C20-A0011;REN-C20-A0012;REN-C20-A0013;REN-C20-A0014;REN-C20-A0015;REN-C20-A0016;REN-C20-A0017;REN-C20-A0018;REN-C20-A0019;REN-C20-A0020;REN-C20-A0021;REN-C20-A0022;REN-C20-A0023;REN-C20-A0024;REN-C20-A0025;REN-C20-A0026;REN-C20-A0027;REN-C20-A0028;REN-C20-A0029;REN-C20-A0030;REN-C20-A0031;REN-C20-A0032;REN-C20-A0033;REN-C20-A0035;REN-C20-A0036;REN-C20-A0037;REN-C20-A0038;REN-C20-A0039;REN-C20-A0040;REN-C20-A0041;REN-C20-A0042;REN-C20-A0043;REN-C20-A0044;REN-C20-A0045;REN-C20-A0046;REN-C20-A0047;REN-C20-A0048;REN-C20-A0049;REN-C20-A0050;REN-C20-A0051;REN-C20-A0052;REN-C20-A0053;REN-C20-A0054;REN-C20-A0055;REN-C20-A0056;REN-C20-A0057;REN-C20-A0058;REN-C20-A0059;REN-C20-A0060;REN-C20-A0061;REN-C20-A0062;REN-C20-A0063;REN-C20-A0064;REN-C20-A0065;REN-C20-A0066;REN-C20-A0067;REN-C20-A0068;REN-C21-S06;REN-C21-S12		c17	R3.0 구 위치–신 위치 대응	 / 	본 장 시행 후 일정 기간 내에 자진신고한 무면허 능력자는 형사처벌을 감면하고 면허 전환 기회를 부여할 수 있다. 다만, 중범죄, 반역, 테러에 해당하는 경우는 제외한다.
XR-00806	11014	20428	20428	17	SRC-C17-L11012	REN-C21-S06	제21장 제1절 부칙·별표자료 S06	본 장	[[05_원범위_보존_참조표#^scope-c17|제14장·제20장·제21장 중 능력자감독 대응규정]]	[[05_원범위_보존_참조표#^scope-c17|제14장·제20장·제21장 중 능력자감독 대응규정]]	치환	scope	REN-C14-A0033;REN-C14-A0034;REN-C20-A0001;REN-C20-A0002;REN-C20-A0003;REN-C20-A0004;REN-C20-A0005;REN-C20-A0006;REN-C20-A0007;REN-C20-A0008;REN-C20-A0009;REN-C20-A0010;REN-C20-A0011;REN-C20-A0012;REN-C20-A0013;REN-C20-A0014;REN-C20-A0015;REN-C20-A0016;REN-C20-A0017;REN-C20-A0018;REN-C20-A0019;REN-C20-A0020;REN-C20-A0021;REN-C20-A0022;REN-C20-A0023;REN-C20-A0024;REN-C20-A0025;REN-C20-A0026;REN-C20-A0027;REN-C20-A0028;REN-C20-A0029;REN-C20-A0030;REN-C20-A0031;REN-C20-A0032;REN-C20-A0033;REN-C20-A0035;REN-C20-A0036;REN-C20-A0037;REN-C20-A0038;REN-C20-A0039;REN-C20-A0040;REN-C20-A0041;REN-C20-A0042;REN-C20-A0043;REN-C20-A0044;REN-C20-A0045;REN-C20-A0046;REN-C20-A0047;REN-C20-A0048;REN-C20-A0049;REN-C20-A0050;REN-C20-A0051;REN-C20-A0052;REN-C20-A0053;REN-C20-A0054;REN-C20-A0055;REN-C20-A0056;REN-C20-A0057;REN-C20-A0058;REN-C20-A0059;REN-C20-A0060;REN-C20-A0061;REN-C20-A0062;REN-C20-A0063;REN-C20-A0064;REN-C20-A0065;REN-C20-A0066;REN-C20-A0067;REN-C20-A0068;REN-C21-S06;REN-C21-S12		c17	R3.0 구 위치–신 위치 대응	 / 	본 장 시행 당시 이미 등록·면허를 보유한 능력자에 대하여는, 연방 법률·황제령령이 정하는 범위에서 일정 기간 경과 규정을 둘 수 있다.
XR-00807	11017	20431	20431	17	SRC-C17-L11012	REN-C21-S06	제21장 제1절 부칙·별표자료 S06	본 장	[[05_원범위_보존_참조표#^scope-c17|제14장·제20장·제21장 중 능력자감독 대응규정]]	[[05_원범위_보존_참조표#^scope-c17|제14장·제20장·제21장 중 능력자감독 대응규정]]	치환	scope	REN-C14-A0033;REN-C14-A0034;REN-C20-A0001;REN-C20-A0002;REN-C20-A0003;REN-C20-A0004;REN-C20-A0005;REN-C20-A0006;REN-C20-A0007;REN-C20-A0008;REN-C20-A0009;REN-C20-A0010;REN-C20-A0011;REN-C20-A0012;REN-C20-A0013;REN-C20-A0014;REN-C20-A0015;REN-C20-A0016;REN-C20-A0017;REN-C20-A0018;REN-C20-A0019;REN-C20-A0020;REN-C20-A0021;REN-C20-A0022;REN-C20-A0023;REN-C20-A0024;REN-C20-A0025;REN-C20-A0026;REN-C20-A0027;REN-C20-A0028;REN-C20-A0029;REN-C20-A0030;REN-C20-A0031;REN-C20-A0032;REN-C20-A0033;REN-C20-A0035;REN-C20-A0036;REN-C20-A0037;REN-C20-A0038;REN-C20-A0039;REN-C20-A0040;REN-C20-A0041;REN-C20-A0042;REN-C20-A0043;REN-C20-A0044;REN-C20-A0045;REN-C20-A0046;REN-C20-A0047;REN-C20-A0048;REN-C20-A0049;REN-C20-A0050;REN-C20-A0051;REN-C20-A0052;REN-C20-A0053;REN-C20-A0054;REN-C20-A0055;REN-C20-A0056;REN-C20-A0057;REN-C20-A0058;REN-C20-A0059;REN-C20-A0060;REN-C20-A0061;REN-C20-A0062;REN-C20-A0063;REN-C20-A0064;REN-C20-A0065;REN-C20-A0066;REN-C20-A0067;REN-C20-A0068;REN-C21-S06;REN-C21-S12		c17	R3.0 구 위치–신 위치 대응	 / 	기존 제도에 따른 인증·등급·기록은 본 장에 따른 검토를 거쳐 유예 기간 내에 갱신·전환한다.
XR-00808	11024	21008	21008	17	SRC-C17-L11019	REN-C21-S12	제21장 제4절 부칙·별표자료 S12	본 장	[[05_원범위_보존_참조표#^scope-c17|제14장·제20장·제21장 중 능력자감독 대응규정]]	[[05_원범위_보존_참조표#^scope-c17|제14장·제20장·제21장 중 능력자감독 대응규정]]	치환	scope	REN-C14-A0033;REN-C14-A0034;REN-C20-A0001;REN-C20-A0002;REN-C20-A0003;REN-C20-A0004;REN-C20-A0005;REN-C20-A0006;REN-C20-A0007;REN-C20-A0008;REN-C20-A0009;REN-C20-A0010;REN-C20-A0011;REN-C20-A0012;REN-C20-A0013;REN-C20-A0014;REN-C20-A0015;REN-C20-A0016;REN-C20-A0017;REN-C20-A0018;REN-C20-A0019;REN-C20-A0020;REN-C20-A0021;REN-C20-A0022;REN-C20-A0023;REN-C20-A0024;REN-C20-A0025;REN-C20-A0026;REN-C20-A0027;REN-C20-A0028;REN-C20-A0029;REN-C20-A0030;REN-C20-A0031;REN-C20-A0032;REN-C20-A0033;REN-C20-A0035;REN-C20-A0036;REN-C20-A0037;REN-C20-A0038;REN-C20-A0039;REN-C20-A0040;REN-C20-A0041;REN-C20-A0042;REN-C20-A0043;REN-C20-A0044;REN-C20-A0045;REN-C20-A0046;REN-C20-A0047;REN-C20-A0048;REN-C20-A0049;REN-C20-A0050;REN-C20-A0051;REN-C20-A0052;REN-C20-A0053;REN-C20-A0054;REN-C20-A0055;REN-C20-A0056;REN-C20-A0057;REN-C20-A0058;REN-C20-A0059;REN-C20-A0060;REN-C20-A0061;REN-C20-A0062;REN-C20-A0063;REN-C20-A0064;REN-C20-A0065;REN-C20-A0066;REN-C20-A0067;REN-C20-A0068;REN-C21-S06;REN-C21-S12		c17	R3.0 구 위치–신 위치 대응	 / 	본 장과 별표·고시가 충돌하는 경우에는 본 장을 우선하여 적용한다.
XR-00809	11024	21008	21008	17	SRC-C17-L11019	REN-C21-S12	제21장 제4절 부칙·별표자료 S12	본 장	[[05_원범위_보존_참조표#^scope-c17|제14장·제20장·제21장 중 능력자감독 대응규정]]	[[05_원범위_보존_참조표#^scope-c17|제14장·제20장·제21장 중 능력자감독 대응규정]]	치환	scope	REN-C14-A0033;REN-C14-A0034;REN-C20-A0001;REN-C20-A0002;REN-C20-A0003;REN-C20-A0004;REN-C20-A0005;REN-C20-A0006;REN-C20-A0007;REN-C20-A0008;REN-C20-A0009;REN-C20-A0010;REN-C20-A0011;REN-C20-A0012;REN-C20-A0013;REN-C20-A0014;REN-C20-A0015;REN-C20-A0016;REN-C20-A0017;REN-C20-A0018;REN-C20-A0019;REN-C20-A0020;REN-C20-A0021;REN-C20-A0022;REN-C20-A0023;REN-C20-A0024;REN-C20-A0025;REN-C20-A0026;REN-C20-A0027;REN-C20-A0028;REN-C20-A0029;REN-C20-A0030;REN-C20-A0031;REN-C20-A0032;REN-C20-A0033;REN-C20-A0035;REN-C20-A0036;REN-C20-A0037;REN-C20-A0038;REN-C20-A0039;REN-C20-A0040;REN-C20-A0041;REN-C20-A0042;REN-C20-A0043;REN-C20-A0044;REN-C20-A0045;REN-C20-A0046;REN-C20-A0047;REN-C20-A0048;REN-C20-A0049;REN-C20-A0050;REN-C20-A0051;REN-C20-A0052;REN-C20-A0053;REN-C20-A0054;REN-C20-A0055;REN-C20-A0056;REN-C20-A0057;REN-C20-A0058;REN-C20-A0059;REN-C20-A0060;REN-C20-A0061;REN-C20-A0062;REN-C20-A0063;REN-C20-A0064;REN-C20-A0065;REN-C20-A0066;REN-C20-A0067;REN-C20-A0068;REN-C21-S06;REN-C21-S12		c17	R3.0 구 위치–신 위치 대응	 / 	본 장과 별표·고시가 충돌하는 경우에는 본 장을 우선하여 적용한다.
XR-00810	11027	21011	21011	17	SRC-C17-L11019	REN-C21-S12	제21장 제4절 부칙·별표자료 S12	본 장	[[05_원범위_보존_참조표#^scope-c17|제14장·제20장·제21장 중 능력자감독 대응규정]]	[[05_원범위_보존_참조표#^scope-c17|제14장·제20장·제21장 중 능력자감독 대응규정]]	치환	scope	REN-C14-A0033;REN-C14-A0034;REN-C20-A0001;REN-C20-A0002;REN-C20-A0003;REN-C20-A0004;REN-C20-A0005;REN-C20-A0006;REN-C20-A0007;REN-C20-A0008;REN-C20-A0009;REN-C20-A0010;REN-C20-A0011;REN-C20-A0012;REN-C20-A0013;REN-C20-A0014;REN-C20-A0015;REN-C20-A0016;REN-C20-A0017;REN-C20-A0018;REN-C20-A0019;REN-C20-A0020;REN-C20-A0021;REN-C20-A0022;REN-C20-A0023;REN-C20-A0024;REN-C20-A0025;REN-C20-A0026;REN-C20-A0027;REN-C20-A0028;REN-C20-A0029;REN-C20-A0030;REN-C20-A0031;REN-C20-A0032;REN-C20-A0033;REN-C20-A0035;REN-C20-A0036;REN-C20-A0037;REN-C20-A0038;REN-C20-A0039;REN-C20-A0040;REN-C20-A0041;REN-C20-A0042;REN-C20-A0043;REN-C20-A0044;REN-C20-A0045;REN-C20-A0046;REN-C20-A0047;REN-C20-A0048;REN-C20-A0049;REN-C20-A0050;REN-C20-A0051;REN-C20-A0052;REN-C20-A0053;REN-C20-A0054;REN-C20-A0055;REN-C20-A0056;REN-C20-A0057;REN-C20-A0058;REN-C20-A0059;REN-C20-A0060;REN-C20-A0061;REN-C20-A0062;REN-C20-A0063;REN-C20-A0064;REN-C20-A0065;REN-C20-A0066;REN-C20-A0067;REN-C20-A0068;REN-C21-S06;REN-C21-S12		c17	R3.0 구 위치–신 위치 대응	 / 	고위험 등급의 정의와 판정 지표, 불복 절차의 각 단계 기한 및 증거 제출 형식, 유예 사유의 유형과 입증 문서 등 본 장에서 구체 항목을 열거한 사항의 세부는 연방 법률·황제령으로 위임한다.
XR-00811	11033	20697	20697	18	SRC-C18-L11032	REN-C21-G01	제21장 제3절 보존용어집 G01	#### 제1장(권리장전) 용어	#### 제1장(권리장전) 용어	#### 제1장(권리장전) 용어	보존용 구 용어집·치환 제외	historic-apparatus				구 용어집·복원자료는 구 인용을 역사자료로 유지	 / 	#### 제1장(권리장전) 용어
XR-00812	11037	20701	20701	18	SRC-C18-L11032	REN-C21-G01	제21장 제3절 보존용어집 G01	| 권리장전(권리 장전)          | 연방 헌법 해석·적용의 **최우선 기준**이 되는 기본권 장.<br>본질적 내용은 어떠한 경우에도 침해될 수 없음.                   | 제1장 총칙 제1·2·3항, 제2장 §1 제1·2·4항 | 제6장(사법), 제14장(개헌)     |	| 권리장전(권리 장전)          | 연방 헌법 해석·적용의 **최우선 기준**이 되는 기본권 장.<br>본질적 내용은 어떠한 경우에도 침해될 수 없음.                   | 제1장 총칙 제1·2·3항, 제2장 §1 제1·2·4항 | 제6장(사법), 제14장(개헌)     |	| 권리장전(권리 장전)          | 연방 헌법 해석·적용의 **최우선 기준**이 되는 기본권 장.<br>본질적 내용은 어떠한 경우에도 침해될 수 없음.                   | 제1장 총칙 제1·2·3항, 제2장 §1 제1·2·4항 | 제6장(사법), 제14장(개헌)     |	보존용 구 용어집·치환 제외	historic-apparatus				구 용어집·복원자료는 구 인용을 역사자료로 유지	 / 	| 권리장전(권리 장전)          | 연방 헌법 해석·적용의 **최우선 기준**이 되는 기본권 장.<br>본질적 내용은 어떠한 경우에도 침해될 수 없음.                   | 제1장 총칙 제1·2·3항, 제2장 §1 제1·2·4항 | 제6장(사법), 제14장(개헌)     |
XR-00813	11038	20702	20702	18	SRC-C18-L11032	REN-C21-G01	제21장 제3절 보존용어집 G01	| 적합성·필요성·상당성·최소침해의 원칙 | 기본권 제한 시 충족해야 하는 **비례심사 4요소**.<br>제한 규범은 명확성 원칙도 함께 충족해야 함.                        | 제1장 총칙 제3항                     | 제2장 §6(비상권)           |	| 적합성·필요성·상당성·최소침해의 원칙 | 기본권 제한 시 충족해야 하는 **비례심사 4요소**.<br>제한 규범은 명확성 원칙도 함께 충족해야 함.                        | 제1장 총칙 제3항                     | 제2장 §6(비상권)           |	| 적합성·필요성·상당성·최소침해의 원칙 | 기본권 제한 시 충족해야 하는 **비례심사 4요소**.<br>제한 규범은 명확성 원칙도 함께 충족해야 함.                        | 제1장 총칙 제3항                     | 제2장 §6(비상권)           |	보존용 구 용어집·치환 제외	historic-apparatus				구 용어집·복원자료는 구 인용을 역사자료로 유지	 / 	| 적합성·필요성·상당성·최소침해의 원칙 | 기본권 제한 시 충족해야 하는 **비례심사 4요소**.<br>제한 규범은 명확성 원칙도 함께 충족해야 함.                        | 제1장 총칙 제3항                     | 제2장 §6(비상권)           |
XR-00814	11039	20703	20703	18	SRC-C18-L11032	REN-C21-G01	제21장 제3절 보존용어집 G01	| 명확성의 원칙              | 권리 제한 법규는 구성요건과 효과가<br>명확해야 하며 자의적 집행을 배제해야 함.                                     | 제1장 총칙 제3항                     |                       |	| 명확성의 원칙              | 권리 제한 법규는 구성요건과 효과가<br>명확해야 하며 자의적 집행을 배제해야 함.                                     | 제1장 총칙 제3항                     |                       |	| 명확성의 원칙              | 권리 제한 법규는 구성요건과 효과가<br>명확해야 하며 자의적 집행을 배제해야 함.                                     | 제1장 총칙 제3항                     |                       |	보존용 구 용어집·치환 제외	historic-apparatus				구 용어집·복원자료는 구 인용을 역사자료로 유지	 / 	| 명확성의 원칙              | 권리 제한 법규는 구성요건과 효과가<br>명확해야 하며 자의적 집행을 배제해야 함.                                     | 제1장 총칙 제3항                     |                       |
XR-00815	11040	20704	20704	18	SRC-C18-L11032	REN-C21-G01	제21장 제3절 보존용어집 G01	| 국가 비상사태              | 전시·사변 등 이에 준하는 국가 위기상황.<br>지정·연장·해제는 **기록·통지·일몰**을 포함하고 의회 승인·황실 재가를 요함.           | 제1장 §2 제1~3항                   | 제11장(방위)              |	| 국가 비상사태              | 전시·사변 등 이에 준하는 국가 위기상황.<br>지정·연장·해제는 **기록·통지·일몰**을 포함하고 의회 승인·황실 재가를 요함.           | 제1장 §2 제1~3항                   | 제11장(방위)              |	| 국가 비상사태              | 전시·사변 등 이에 준하는 국가 위기상황.<br>지정·연장·해제는 **기록·통지·일몰**을 포함하고 의회 승인·황실 재가를 요함.           | 제1장 §2 제1~3항                   | 제11장(방위)              |	보존용 구 용어집·치환 제외	historic-apparatus				구 용어집·복원자료는 구 인용을 역사자료로 유지	 / 	| 국가 비상사태              | 전시·사변 등 이에 준하는 국가 위기상황.<br>지정·연장·해제는 **기록·통지·일몰**을 포함하고 의회 승인·황실 재가를 요함.           | 제1장 §2 제1~3항                   | 제11장(방위)              |
XR-00816	11041	20705	20705	18	SRC-C18-L11032	REN-C21-G01	제21장 제3절 보존용어집 G01	| 기록·통지·일몰             | 비상조치 등 권리 제한 시 의무적으로 부착되는 3요소:<br>조치의 기록, 당사자·공중에 대한 통지, **일정 기간 경과 시 자동 소멸(일몰)**. | 제1장 §2 제2~3항                   | 제2장 §6, §7            |	| 기록·통지·일몰             | 비상조치 등 권리 제한 시 의무적으로 부착되는 3요소:<br>조치의 기록, 당사자·공중에 대한 통지, **일정 기간 경과 시 자동 소멸(일몰)**. | 제1장 §2 제2~3항                   | 제2장 §6, §7            |	| 기록·통지·일몰             | 비상조치 등 권리 제한 시 의무적으로 부착되는 3요소:<br>조치의 기록, 당사자·공중에 대한 통지, **일정 기간 경과 시 자동 소멸(일몰)**. | 제1장 §2 제2~3항                   | 제2장 §6, §7            |	보존용 구 용어집·치환 제외	historic-apparatus				구 용어집·복원자료는 구 인용을 역사자료로 유지	 / 	| 기록·통지·일몰             | 비상조치 등 권리 제한 시 의무적으로 부착되는 3요소:<br>조치의 기록, 당사자·공중에 대한 통지, **일정 기간 경과 시 자동 소멸(일몰)**. | 제1장 §2 제2~3항                   | 제2장 §6, §7            |
XR-00817	11042	20706	20706	18	SRC-C18-L11032	REN-C21-G01	제21장 제3절 보존용어집 G01	| 전자관보                 | 연방의 법률·황제령·명령·고시 등 **공표 매체**. 비상명령은 즉시 게재하며,<br>메타데이터 포함·오픈 포맷 보존을 표준으로 함.         | 제1장 §2 제5항, 제2장 §3 제5항·§9 제2항  | 전 장 공통                |	| 전자관보                 | 연방의 법률·황제령·명령·고시 등 **공표 매체**. 비상명령은 즉시 게재하며,<br>메타데이터 포함·오픈 포맷 보존을 표준으로 함.         | 제1장 §2 제5항, 제2장 §3 제5항·§9 제2항  | 전 장 공통                |	| 전자관보                 | 연방의 법률·황제령·명령·고시 등 **공표 매체**. 비상명령은 즉시 게재하며,<br>메타데이터 포함·오픈 포맷 보존을 표준으로 함.         | 제1장 §2 제5항, 제2장 §3 제5항·§9 제2항  | 전 장 공통                |	보존용 구 용어집·치환 제외	historic-apparatus				구 용어집·복원자료는 구 인용을 역사자료로 유지	 / 	| 전자관보                 | 연방의 법률·황제령·명령·고시 등 **공표 매체**. 비상명령은 즉시 게재하며,<br>메타데이터 포함·오픈 포맷 보존을 표준으로 함.         | 제1장 §2 제5항, 제2장 §3 제5항·§9 제2항  | 전 장 공통                |
XR-00818	11043	20707	20707	18	SRC-C18-L11032	REN-C21-G01	제21장 제3절 보존용어집 G01	| 공개 포맷(오픈 포맷/개방형 표준)  | 공표·보존·열람을 위한 **개방형 기술규격**.<br>법규·경계좌표·메타데이터 등을 기계판독 가능한 표준으로 제공.                   | 제1장 §2 제5항, 제2장 §3 제5항·§12 제2항 | §7(투명성), §9(전자 공표 위임) |	| 공개 포맷(오픈 포맷/개방형 표준)  | 공표·보존·열람을 위한 **개방형 기술규격**.<br>법규·경계좌표·메타데이터 등을 기계판독 가능한 표준으로 제공.                   | 제1장 §2 제5항, 제2장 §3 제5항·§12 제2항 | §7(투명성), §9(전자 공표 위임) |	| 공개 포맷(오픈 포맷/개방형 표준)  | 공표·보존·열람을 위한 **개방형 기술규격**.<br>법규·경계좌표·메타데이터 등을 기계판독 가능한 표준으로 제공.                   | 제1장 §2 제5항, 제2장 §3 제5항·§12 제2항 | §7(투명성), §9(전자 공표 위임) |	보존용 구 용어집·치환 제외	historic-apparatus				구 용어집·복원자료는 구 인용을 역사자료로 유지	 / 	| 공개 포맷(오픈 포맷/개방형 표준)  | 공표·보존·열람을 위한 **개방형 기술규격**.<br>법규·경계좌표·메타데이터 등을 기계판독 가능한 표준으로 제공.                   | 제1장 §2 제5항, 제2장 §3 제5항·§12 제2항 | §7(투명성), §9(전자 공표 위임) |
XR-00819	11044	20708	20708	18	SRC-C18-L11032	REN-C21-G01	제21장 제3절 보존용어집 G01	| 비상불가침권               | 비상 시에도 **절대 제한 불가**한 권리 목록<br>(생명권, 고문금지 등 7개).                                    | 제1장 §2 제7항                     |                       |	| 비상불가침권               | 비상 시에도 **절대 제한 불가**한 권리 목록<br>(생명권, 고문금지 등 7개).                                    | 제1장 §2 제7항                     |                       |	| 비상불가침권               | 비상 시에도 **절대 제한 불가**한 권리 목록<br>(생명권, 고문금지 등 7개).                                    | 제1장 §2 제7항                     |                       |	보존용 구 용어집·치환 제외	historic-apparatus				구 용어집·복원자료는 구 인용을 역사자료로 유지	 / 	| 비상불가침권               | 비상 시에도 **절대 제한 불가**한 권리 목록<br>(생명권, 고문금지 등 7개).                                    | 제1장 §2 제7항                     |                       |
XR-00820	11045	20709	20709	18	SRC-C18-L11032	REN-C21-G01	제21장 제3절 보존용어집 G01	| 국가 기밀                | 국가안전을 위해 비공개를 요하는 정보. **분류 항목·등급**에 따라 관리하며,<br>특정 등급 이상은 황제 재가와 의회·사법의 간접통제 하에 둠. | 제1장 §3 제1~3항                   | 제2장 §7, 제15장(정보)      |	| 국가 기밀                | 국가안전을 위해 비공개를 요하는 정보. **분류 항목·등급**에 따라 관리하며,<br>특정 등급 이상은 황제 재가와 의회·사법의 간접통제 하에 둠. | 제1장 §3 제1~3항                   | 제2장 §7, 제15장(정보)      |	| 국가 기밀                | 국가안전을 위해 비공개를 요하는 정보. **분류 항목·등급**에 따라 관리하며,<br>특정 등급 이상은 황제 재가와 의회·사법의 간접통제 하에 둠. | 제1장 §3 제1~3항                   | 제2장 §7, 제15장(정보)      |	보존용 구 용어집·치환 제외	historic-apparatus				구 용어집·복원자료는 구 인용을 역사자료로 유지	 / 	| 국가 기밀                | 국가안전을 위해 비공개를 요하는 정보. **분류 항목·등급**에 따라 관리하며,<br>특정 등급 이상은 황제 재가와 의회·사법의 간접통제 하에 둠. | 제1장 §3 제1~3항                   | 제2장 §7, 제15장(정보)      |
XR-00821	11046	20710	20710	18	SRC-C18-L11032	REN-C21-G01	제21장 제3절 보존용어집 G01	| 무형의 무장               | 매개체 없이 개인 능력으로 발현되는 **비물질적 무장**.<br>황실 산하 관리기관의 감독 대상.                             | 제1장 §4 제2항·제3항                 | 제3장(황실), 제11장(방위)     |	| 무형의 무장               | 매개체 없이 개인 능력으로 발현되는 **비물질적 무장**.<br>황실 산하 관리기관의 감독 대상.                             | 제1장 §4 제2항·제3항                 | 제3장(황실), 제11장(방위)     |	| 무형의 무장               | 매개체 없이 개인 능력으로 발현되는 **비물질적 무장**.<br>황실 산하 관리기관의 감독 대상.                             | 제1장 §4 제2항·제3항                 | 제3장(황실), 제11장(방위)     |	보존용 구 용어집·치환 제외	historic-apparatus				구 용어집·복원자료는 구 인용을 역사자료로 유지	 / 	| 무형의 무장               | 매개체 없이 개인 능력으로 발현되는 **비물질적 무장**.<br>황실 산하 관리기관의 감독 대상.                             | 제1장 §4 제2항·제3항                 | 제3장(황실), 제11장(방위)     |
XR-00822	11047	20711	20711	18	SRC-C18-L11032	REN-C21-G01	제21장 제3절 보존용어집 G01	| 사생활·통신의 비밀           | 사생활의 비밀과 통신의 비밀.<br>방위·정보 장에서 정한 범위에서만 제한 가능.                                      | 제1장 §9 제7항                     | 제11장(방위), 제15장(정보)    |	| 사생활·통신의 비밀           | 사생활의 비밀과 통신의 비밀.<br>방위·정보 장에서 정한 범위에서만 제한 가능.                                      | 제1장 §9 제7항                     | 제11장(방위), 제15장(정보)    |	| 사생활·통신의 비밀           | 사생활의 비밀과 통신의 비밀.<br>방위·정보 장에서 정한 범위에서만 제한 가능.                                      | 제1장 §9 제7항                     | 제11장(방위), 제15장(정보)    |	보존용 구 용어집·치환 제외	historic-apparatus				구 용어집·복원자료는 구 인용을 역사자료로 유지	 / 	| 사생활·통신의 비밀           | 사생활의 비밀과 통신의 비밀.<br>방위·정보 장에서 정한 범위에서만 제한 가능.                                      | 제1장 §9 제7항                     | 제11장(방위), 제15장(정보)    |
XR-00823	11048	20712	20712	18	SRC-C18-L11032	REN-C21-G01	제21장 제3절 보존용어집 G01	| 공정재판 보장 요소           | 독립·공정한 법원, 공개심리, 합리적 기간 내 재판,<br>변호인 조력, 통역권, 이중위험금지 등.                            | 제1장 §8 제7항                     | 제6장(사법)               |	| 공정재판 보장 요소           | 독립·공정한 법원, 공개심리, 합리적 기간 내 재판,<br>변호인 조력, 통역권, 이중위험금지 등.                            | 제1장 §8 제7항                     | 제6장(사법)               |	| 공정재판 보장 요소           | 독립·공정한 법원, 공개심리, 합리적 기간 내 재판,<br>변호인 조력, 통역권, 이중위험금지 등.                            | 제1장 §8 제7항                     | 제6장(사법)               |	보존용 구 용어집·치환 제외	historic-apparatus				구 용어집·복원자료는 구 인용을 역사자료로 유지	 / 	| 공정재판 보장 요소           | 독립·공정한 법원, 공개심리, 합리적 기간 내 재판,<br>변호인 조력, 통역권, 이중위험금지 등.                            | 제1장 §8 제7항                     | 제6장(사법)               |
XR-00824	11049	20713	20713	18	SRC-C18-L11032	REN-C21-G01	제21장 제3절 보존용어집 G01	| 권리구제로의 접근권           | 공권력 침해에 대한 **사법적 구제** 접근 보장.<br>전자소송·원격심리 등 디지털 절차 포함.                             | 제1장 §13 전항, §13 제5항            | 제6장(사법)               |	| 권리구제로의 접근권           | 공권력 침해에 대한 **사법적 구제** 접근 보장.<br>전자소송·원격심리 등 디지털 절차 포함.                             | 제1장 §13 전항, §13 제5항            | 제6장(사법)               |	| 권리구제로의 접근권           | 공권력 침해에 대한 **사법적 구제** 접근 보장.<br>전자소송·원격심리 등 디지털 절차 포함.                             | 제1장 §13 전항, §13 제5항            | 제6장(사법)               |	보존용 구 용어집·치환 제외	historic-apparatus				구 용어집·복원자료는 구 인용을 역사자료로 유지	 / 	| 권리구제로의 접근권           | 공권력 침해에 대한 **사법적 구제** 접근 보장.<br>전자소송·원격심리 등 디지털 절차 포함.                             | 제1장 §13 전항, §13 제5항            | 제6장(사법)               |
XR-00825	11050	20714	20714	18	SRC-C18-L11032	REN-C21-G01	제21장 제3절 보존용어집 G01	| 예방 원칙·원인자 부담         | 환경보호의 기본 원칙. 위해 예방을 우선하고,<br>침해자는 비용을 부담.                                          | 제1장 §24 제2항                    | 제7장(경제·재정)            |	| 예방 원칙·원인자 부담         | 환경보호의 기본 원칙. 위해 예방을 우선하고,<br>침해자는 비용을 부담.                                          | 제1장 §24 제2항                    | 제7장(경제·재정)            |	| 예방 원칙·원인자 부담         | 환경보호의 기본 원칙. 위해 예방을 우선하고,<br>침해자는 비용을 부담.                                          | 제1장 §24 제2항                    | 제7장(경제·재정)            |	보존용 구 용어집·치환 제외	historic-apparatus				구 용어집·복원자료는 구 인용을 역사자료로 유지	 / 	| 예방 원칙·원인자 부담         | 환경보호의 기본 원칙. 위해 예방을 우선하고,<br>침해자는 비용을 부담.                                          | 제1장 §24 제2항                    | 제7장(경제·재정)            |
XR-00826	11051	20715	20715	18	SRC-C18-L11032	REN-C21-G01	제21장 제3절 보존용어집 G01	| 조세의 합법성 원칙           | 조세는 **연방 법률**로만 부과·징수 가능.                                                           | 제1장 §27 전항                     | 제7장(경제·재정)            |	| 조세의 합법성 원칙           | 조세는 **연방 법률**로만 부과·징수 가능.                                                           | 제1장 §27 전항                     | 제7장(경제·재정)            |	| 조세의 합법성 원칙           | 조세는 **연방 법률**로만 부과·징수 가능.                                                           | 제1장 §27 전항                     | 제7장(경제·재정)            |	보존용 구 용어집·치환 제외	historic-apparatus				구 용어집·복원자료는 구 인용을 역사자료로 유지	 / 	| 조세의 합법성 원칙           | 조세는 **연방 법률**로만 부과·징수 가능.                                                           | 제1장 §27 전항                     | 제7장(경제·재정)            |
XR-00827	11052	20716	20716	18	SRC-C18-L11032	REN-C21-G01	제21장 제3절 보존용어집 G01	| 저항권                  | 헌정질서 파괴에 대한 평화적·합법적 저항의 권리와 그 절차.                                                  | 제1장 §11 전항                     | 관련 법률·황제령 위임          |	| 저항권                  | 헌정질서 파괴에 대한 평화적·합법적 저항의 권리와 그 절차.                                                  | 제1장 §11 전항                     | 관련 법률·황제령 위임          |	| 저항권                  | 헌정질서 파괴에 대한 평화적·합법적 저항의 권리와 그 절차.                                                  | 제1장 §11 전항                     | 관련 법률·황제령 위임          |	보존용 구 용어집·치환 제외	historic-apparatus				구 용어집·복원자료는 구 인용을 역사자료로 유지	 / 	| 저항권                  | 헌정질서 파괴에 대한 평화적·합법적 저항의 권리와 그 절차.                                                  | 제1장 §11 전항                     | 관련 법률·황제령 위임          |
XR-00828	11053	20717	20717	18	SRC-C18-L11032	REN-C21-G01	제21장 제3절 보존용어집 G01	| 청원권                  | 총의회·최평·대법원 등 권력기관에 문서로 청원할 권리와 접수·처리 절차.                                           | 제1장 §12 전항                     |                       |	| 청원권                  | 총의회·최평·대법원 등 권력기관에 문서로 청원할 권리와 접수·처리 절차.                                           | 제1장 §12 전항                     |                       |	| 청원권                  | 총의회·최평·대법원 등 권력기관에 문서로 청원할 권리와 접수·처리 절차.                                           | 제1장 §12 전항                     |                       |	보존용 구 용어집·치환 제외	historic-apparatus				구 용어집·복원자료는 구 인용을 역사자료로 유지	 / 	| 청원권                  | 총의회·최평·대법원 등 권력기관에 문서로 청원할 권리와 접수·처리 절차.                                           | 제1장 §12 전항                     |                       |
XR-00829	11057	20721	20721	18	SRC-C18-L11032	REN-C21-G01	제21장 제3절 보존용어집 G01	#### 제2장(연방총칙) 용어	#### 제2장(연방총칙) 용어	#### 제2장(연방총칙) 용어	보존용 구 용어집·치환 제외	historic-apparatus				구 용어집·복원자료는 구 인용을 역사자료로 유지	 / 	#### 제2장(연방총칙) 용어
XR-00830	11061	20725	20725	18	SRC-C18-L11032	REN-C21-G01	제21장 제3절 보존용어집 G01	| 중심 5축                 | 행정(최평), 입법(총의회), 사법(대법원), 재정(준비 기금), 종교(제국도교).             | 제2장 §2 제1항 제1호           |                   |	| 중심 5축                 | 행정(최평), 입법(총의회), 사법(대법원), 재정(준비 기금), 종교(제국도교).             | 제2장 §2 제1항 제1호           |                   |	| 중심 5축                 | 행정(최평), 입법(총의회), 사법(대법원), 재정(준비 기금), 종교(제국도교).             | 제2장 §2 제1항 제1호           |                   |	보존용 구 용어집·치환 제외	historic-apparatus				구 용어집·복원자료는 구 인용을 역사자료로 유지	 / 	| 중심 5축                 | 행정(최평), 입법(총의회), 사법(대법원), 재정(준비 기금), 종교(제국도교).             | 제2장 §2 제1항 제1호           |                   |
XR-00831	11062	20726	20726	18	SRC-C18-L11032	REN-C21-G01	제21장 제3절 보존용어집 G01	| 보완 3축                 | 선거(선관위), 감사(감사원), 정보(정보국).                                 | 제2장 §2 제1항 제2호           |                   |	| 보완 3축                 | 선거(선관위), 감사(감사원), 정보(정보국).                                 | 제2장 §2 제1항 제2호           |                   |	| 보완 3축                 | 선거(선관위), 감사(감사원), 정보(정보국).                                 | 제2장 §2 제1항 제2호           |                   |	보존용 구 용어집·치환 제외	historic-apparatus				구 용어집·복원자료는 구 인용을 역사자료로 유지	 / 	| 보완 3축                 | 선거(선관위), 감사(감사원), 정보(정보국).                                 | 제2장 §2 제1항 제2호           |                   |
XR-00832	11063	20727	20727	18	SRC-C18-L11032	REN-C21-G01	제21장 제3절 보존용어집 G01	| 통괄·조정·중재              | 황실이 권한쟁의·입법교착·비상권 충돌 등 중대한 기능정지 시 개시하는 **최상위 중재권**.        | 제2장 §2 제4항               | 제3장(황실)           |	| 통괄·조정·중재              | 황실이 권한쟁의·입법교착·비상권 충돌 등 중대한 기능정지 시 개시하는 **최상위 중재권**.        | 제2장 §2 제4항               | 제3장(황실)           |	| 통괄·조정·중재              | 황실이 권한쟁의·입법교착·비상권 충돌 등 중대한 기능정지 시 개시하는 **최상위 중재권**.        | 제2장 §2 제4항               | 제3장(황실)           |	보존용 구 용어집·치환 제외	historic-apparatus				구 용어집·복원자료는 구 인용을 역사자료로 유지	 / 	| 통괄·조정·중재              | 황실이 권한쟁의·입법교착·비상권 충돌 등 중대한 기능정지 시 개시하는 **최상위 중재권**.        | 제2장 §2 제4항               | 제3장(황실)           |
XR-00833	11064	20728	20728	18	SRC-C18-L11032	REN-C21-G01	제21장 제3절 보존용어집 G01	| 규범층/규범 체계             | 헌법–법률/황제령(동위)–행정명령–자치규범의 **위계 질서**와 판결·결의의 구속효.            | 제2장 §3 제1~4항             | 제5장(입법), 제11장(방위) |	| 규범층/규범 체계             | 헌법–법률/황제령(동위)–행정명령–자치규범의 **위계 질서**와 판결·결의의 구속효.            | 제2장 §3 제1~4항             | 제5장(입법), 제11장(방위) |	| 규범층/규범 체계             | 헌법–법률/황제령(동위)–행정명령–자치규범의 **위계 질서**와 판결·결의의 구속효.            | 제2장 §3 제1~4항             | 제5장(입법), 제11장(방위) |	보존용 구 용어집·치환 제외	historic-apparatus				구 용어집·복원자료는 구 인용을 역사자료로 유지	 / 	| 규범층/규범 체계             | 헌법–법률/황제령(동위)–행정명령–자치규범의 **위계 질서**와 판결·결의의 구속효.            | 제2장 §3 제1~4항             | 제5장(입법), 제11장(방위) |
XR-00834	11065	20729	20729	18	SRC-C18-L11032	REN-C21-G01	제21장 제3절 보존용어집 G01	| 유보원칙                  | 상위 규범이 하위에 위임한 범위 내에서만 규율 가능하다는 원칙.                        | 제2장 §3 제2항               |                   |	| 유보원칙                  | 상위 규범이 하위에 위임한 범위 내에서만 규율 가능하다는 원칙.                        | 제2장 §3 제2항               |                   |	| 유보원칙                  | 상위 규범이 하위에 위임한 범위 내에서만 규율 가능하다는 원칙.                        | 제2장 §3 제2항               |                   |	보존용 구 용어집·치환 제외	historic-apparatus				구 용어집·복원자료는 구 인용을 역사자료로 유지	 / 	| 유보원칙                  | 상위 규범이 하위에 위임한 범위 내에서만 규율 가능하다는 원칙.                        | 제2장 §3 제2항               |                   |
XR-00835	11066	20730	20730	18	SRC-C18-L11032	REN-C21-G01	제21장 제3절 보존용어집 G01	| 특별법 우선                | 특수 사항에 관한 법률·황제령이 일반 규범보다 우선한다는 원칙.                        | 제2장 §3 제2항               |                   |	| 특별법 우선                | 특수 사항에 관한 법률·황제령이 일반 규범보다 우선한다는 원칙.                        | 제2장 §3 제2항               |                   |	| 특별법 우선                | 특수 사항에 관한 법률·황제령이 일반 규범보다 우선한다는 원칙.                        | 제2장 §3 제2항               |                   |	보존용 구 용어집·치환 제외	historic-apparatus				구 용어집·복원자료는 구 인용을 역사자료로 유지	 / 	| 특별법 우선                | 특수 사항에 관한 법률·황제령이 일반 규범보다 우선한다는 원칙.                        | 제2장 §3 제2항               |                   |
XR-00836	11067	20731	20731	18	SRC-C18-L11032	REN-C21-G01	제21장 제3절 보존용어집 G01	| 신법 우선                 | 후행 규범이 전행 규범과 충돌 시 우선하는 원칙.                                | 제2장 §3 제2항               |                   |	| 신법 우선                 | 후행 규범이 전행 규범과 충돌 시 우선하는 원칙.                                | 제2장 §3 제2항               |                   |	| 신법 우선                 | 후행 규범이 전행 규범과 충돌 시 우선하는 원칙.                                | 제2장 §3 제2항               |                   |	보존용 구 용어집·치환 제외	historic-apparatus				구 용어집·복원자료는 구 인용을 역사자료로 유지	 / 	| 신법 우선                 | 후행 규범이 전행 규범과 충돌 시 우선하는 원칙.                                | 제2장 §3 제2항               |                   |
XR-00837	11068	20732	20732	18	SRC-C18-L11032	REN-C21-G01	제21장 제3절 보존용어집 G01	| 긴급특례                  | 비상·긴급 상황에서 한시적 특례를 허용하는 원칙(일몰 포함).                         | 제2장 §3 제2항·§6            | 제11장(방위)          |	| 긴급특례                  | 비상·긴급 상황에서 한시적 특례를 허용하는 원칙(일몰 포함).                         | 제2장 §3 제2항·§6            | 제11장(방위)          |	| 긴급특례                  | 비상·긴급 상황에서 한시적 특례를 허용하는 원칙(일몰 포함).                         | 제2장 §3 제2항·§6            | 제11장(방위)          |	보존용 구 용어집·치환 제외	historic-apparatus				구 용어집·복원자료는 구 인용을 역사자료로 유지	 / 	| 긴급특례                  | 비상·긴급 상황에서 한시적 특례를 허용하는 원칙(일몰 포함).                         | 제2장 §3 제2항·§6            | 제11장(방위)          |
XR-00838	11069	20733	20733	18	SRC-C18-L11032	REN-C21-G01	제21장 제3절 보존용어집 G01	| 합동재의                  | 동위기관 간 합동 의사결정으로 충돌을 정리하는 방식.                              | 제2장 §3 제2항               | 제5장(입법)           |	| 합동재의                  | 동위기관 간 합동 의사결정으로 충돌을 정리하는 방식.                              | 제2장 §3 제2항               | 제5장(입법)           |	| 합동재의                  | 동위기관 간 합동 의사결정으로 충돌을 정리하는 방식.                              | 제2장 §3 제2항               | 제5장(입법)           |	보존용 구 용어집·치환 제외	historic-apparatus				구 용어집·복원자료는 구 인용을 역사자료로 유지	 / 	| 합동재의                  | 동위기관 간 합동 의사결정으로 충돌을 정리하는 방식.                              | 제2장 §3 제2항               | 제5장(입법)           |
XR-00839	11070	20734	20734	18	SRC-C18-L11032	REN-C21-G01	제21장 제3절 보존용어집 G01	| 조약의 자기집행성             | 조약을 국내에서 직접 적용할 수 있는지에 관한 판단 기준.                           | 제2장 §3 제4항               | 제12장(외교)          |	| 조약의 자기집행성             | 조약을 국내에서 직접 적용할 수 있는지에 관한 판단 기준.                           | 제2장 §3 제4항               | 제12장(외교)          |	| 조약의 자기집행성             | 조약을 국내에서 직접 적용할 수 있는지에 관한 판단 기준.                           | 제2장 §3 제4항               | 제12장(외교)          |	보존용 구 용어집·치환 제외	historic-apparatus				구 용어집·복원자료는 구 인용을 역사자료로 유지	 / 	| 조약의 자기집행성             | 조약을 국내에서 직접 적용할 수 있는지에 관한 판단 기준.                           | 제2장 §3 제4항               | 제12장(외교)          |
XR-00840	11071	20735	20735	18	SRC-C18-L11032	REN-C21-G01	제21장 제3절 보존용어집 G01	| 유보·해석선언               | 조약 적용범위·해석을 한정·명시하는 선언 행위.                                 | 제2장 §3 제4항               | 제12장(외교)          |	| 유보·해석선언               | 조약 적용범위·해석을 한정·명시하는 선언 행위.                                 | 제2장 §3 제4항               | 제12장(외교)          |	| 유보·해석선언               | 조약 적용범위·해석을 한정·명시하는 선언 행위.                                 | 제2장 §3 제4항               | 제12장(외교)          |	보존용 구 용어집·치환 제외	historic-apparatus				구 용어집·복원자료는 구 인용을 역사자료로 유지	 / 	| 유보·해석선언               | 조약 적용범위·해석을 한정·명시하는 선언 행위.                                 | 제2장 §3 제4항               | 제12장(외교)          |
XR-00841	11072	20736	20736	18	SRC-C18-L11032	REN-C21-G01	제21장 제3절 보존용어집 G01	| 전자관보(표준)              | 법률·황제령·규칙·고시의 전자 공포와 **영구 보존 표준**(버전·해시·담당·일몰 등 메타데이터 포함). | 제2장 §3 제5항·§7 제3항·§9 제2항 | 전 장 공통            |	| 전자관보(표준)              | 법률·황제령·규칙·고시의 전자 공포와 **영구 보존 표준**(버전·해시·담당·일몰 등 메타데이터 포함). | 제2장 §3 제5항·§7 제3항·§9 제2항 | 전 장 공통            |	| 전자관보(표준)              | 법률·황제령·규칙·고시의 전자 공포와 **영구 보존 표준**(버전·해시·담당·일몰 등 메타데이터 포함). | 제2장 §3 제5항·§7 제3항·§9 제2항 | 전 장 공통            |	보존용 구 용어집·치환 제외	historic-apparatus				구 용어집·복원자료는 구 인용을 역사자료로 유지	 / 	| 전자관보(표준)              | 법률·황제령·규칙·고시의 전자 공포와 **영구 보존 표준**(버전·해시·담당·일몰 등 메타데이터 포함). | 제2장 §3 제5항·§7 제3항·§9 제2항 | 전 장 공통            |
XR-00842	11073	20737	20737	18	SRC-C18-L11032	REN-C21-G01	제21장 제3절 보존용어집 G01	| 오픈 라이선스               | 공개 자료의 자유 이용·재사용을 보장하는 **법정 공개 이용 허락 체계**.                 | 제2장 §7 제4항·§9 제4항        |                   |	| 오픈 라이선스               | 공개 자료의 자유 이용·재사용을 보장하는 **법정 공개 이용 허락 체계**.                 | 제2장 §7 제4항·§9 제4항        |                   |	| 오픈 라이선스               | 공개 자료의 자유 이용·재사용을 보장하는 **법정 공개 이용 허락 체계**.                 | 제2장 §7 제4항·§9 제4항        |                   |	보존용 구 용어집·치환 제외	historic-apparatus				구 용어집·복원자료는 구 인용을 역사자료로 유지	 / 	| 오픈 라이선스               | 공개 자료의 자유 이용·재사용을 보장하는 **법정 공개 이용 허락 체계**.                 | 제2장 §7 제4항·§9 제4항        |                   |
XR-00843	11074	20738	20738	18	SRC-C18-L11032	REN-C21-G01	제21장 제3절 보존용어집 G01	| Commit‑or‑Explain(CE) | 시민숙의 권고에 대해 **수용 또는 사유를 설명**해야 하는 의무.                      | 제2장 §7 제4항               |                   |	| Commit‑or‑Explain(CE) | 시민숙의 권고에 대해 **수용 또는 사유를 설명**해야 하는 의무.                      | 제2장 §7 제4항               |                   |	| Commit‑or‑Explain(CE) | 시민숙의 권고에 대해 **수용 또는 사유를 설명**해야 하는 의무.                      | 제2장 §7 제4항               |                   |	보존용 구 용어집·치환 제외	historic-apparatus				구 용어집·복원자료는 구 인용을 역사자료로 유지	 / 	| Commit‑or‑Explain(CE) | 시민숙의 권고에 대해 **수용 또는 사유를 설명**해야 하는 의무.                      | 제2장 §7 제4항               |                   |
XR-00844	11075	20739	20739	18	SRC-C18-L11032	REN-C21-G01	제21장 제3절 보존용어집 G01	| 일몰(메타데이터/조항)          | 규범·조치에 부착되는 **자동 종료 시한** 또는 그 메타데이터.                       | 제2장 §6 제1항·§7 제3항·§3 제5항 | 비상권, 공표           |	| 일몰(메타데이터/조항)          | 규범·조치에 부착되는 **자동 종료 시한** 또는 그 메타데이터.                       | 제2장 §6 제1항·§7 제3항·§3 제5항 | 비상권, 공표           |	| 일몰(메타데이터/조항)          | 규범·조치에 부착되는 **자동 종료 시한** 또는 그 메타데이터.                       | 제2장 §6 제1항·§7 제3항·§3 제5항 | 비상권, 공표           |	보존용 구 용어집·치환 제외	historic-apparatus				구 용어집·복원자료는 구 인용을 역사자료로 유지	 / 	| 일몰(메타데이터/조항)          | 규범·조치에 부착되는 **자동 종료 시한** 또는 그 메타데이터.                       | 제2장 §6 제1항·§7 제3항·§3 제5항 | 비상권, 공표           |
XR-00845	11076	20740	20740	18	SRC-C18-L11032	REN-C21-G01	제21장 제3절 보존용어집 G01	| 권리영향평가                | 법률·황제령 제·개정 시 권리 영향과 규범충돌을 사전 점검하는 절차.                     | 제2장 §3 제9항               | 제1장(권리장전)         |	| 권리영향평가                | 법률·황제령 제·개정 시 권리 영향과 규범충돌을 사전 점검하는 절차.                     | 제2장 §3 제9항               | 제1장(권리장전)         |	| 권리영향평가                | 법률·황제령 제·개정 시 권리 영향과 규범충돌을 사전 점검하는 절차.                     | 제2장 §3 제9항               | 제1장(권리장전)         |	보존용 구 용어집·치환 제외	historic-apparatus				구 용어집·복원자료는 구 인용을 역사자료로 유지	 / 	| 권리영향평가                | 법률·황제령 제·개정 시 권리 영향과 규범충돌을 사전 점검하는 절차.                     | 제2장 §3 제9항               | 제1장(권리장전)         |
XR-00846	11077	20741	20741	18	SRC-C18-L11032	REN-C21-G01	제21장 제3절 보존용어집 G01	| 보충성 원칙                | 자치단위가 우선 수행하되 필요시 중앙이 보충하는 원칙.                             | 제2장 §5 제2항·§13 제3항       | 제9장(지방)           |	| 보충성 원칙                | 자치단위가 우선 수행하되 필요시 중앙이 보충하는 원칙.                             | 제2장 §5 제2항·§13 제3항       | 제9장(지방)           |	| 보충성 원칙                | 자치단위가 우선 수행하되 필요시 중앙이 보충하는 원칙.                             | 제2장 §5 제2항·§13 제3항       | 제9장(지방)           |	보존용 구 용어집·치환 제외	historic-apparatus				구 용어집·복원자료는 구 인용을 역사자료로 유지	 / 	| 보충성 원칙                | 자치단위가 우선 수행하되 필요시 중앙이 보충하는 원칙.                             | 제2장 §5 제2항·§13 제3항       | 제9장(지방)           |
XR-00847	11078	20742	20742	18	SRC-C18-L11032	REN-C21-G01	제21장 제3절 보존용어집 G01	| 조정 원칙                 | 중앙이 영역 간 충돌을 **조정**하는 원칙.                                  | 제2장 §5 제2항               |                   |	| 조정 원칙                 | 중앙이 영역 간 충돌을 **조정**하는 원칙.                                  | 제2장 §5 제2항               |                   |	| 조정 원칙                 | 중앙이 영역 간 충돌을 **조정**하는 원칙.                                  | 제2장 §5 제2항               |                   |	보존용 구 용어집·치환 제외	historic-apparatus				구 용어집·복원자료는 구 인용을 역사자료로 유지	 / 	| 조정 원칙                 | 중앙이 영역 간 충돌을 **조정**하는 원칙.                                  | 제2장 §5 제2항               |                   |
XR-00848	11079	20743	20743	18	SRC-C18-L11032	REN-C21-G01	제21장 제3절 보존용어집 G01	| 신탁령                   | 연방 법률에 따라 설치되는 **연방의 보호·관리 영역**.                            | 제2장 §13 제2항              | 제10장(개척)          |	| 신탁령                   | 연방 법률에 따라 설치되는 **연방의 보호·관리 영역**.                            | 제2장 §13 제2항              | 제10장(개척)          |	| 신탁령                   | 연방 법률에 따라 설치되는 **연방의 보호·관리 영역**.                            | 제2장 §13 제2항              | 제10장(개척)          |	보존용 구 용어집·치환 제외	historic-apparatus				구 용어집·복원자료는 구 인용을 역사자료로 유지	 / 	| 신탁령                   | 연방 법률에 따라 설치되는 **연방의 보호·관리 영역**.                            | 제2장 §13 제2항              | 제10장(개척)          |
XR-00849	11080	20744	20744	18	SRC-C18-L11032	REN-C21-G01	제21장 제3절 보존용어집 G01	| 개척령                   | 연방 법률에 따라 설치되는 **신규 개척·관리 영역**.                             | 제2장 §13 제2항              | 제10장(개척)          |	| 개척령                   | 연방 법률에 따라 설치되는 **신규 개척·관리 영역**.                             | 제2장 §13 제2항              | 제10장(개척)          |	| 개척령                   | 연방 법률에 따라 설치되는 **신규 개척·관리 영역**.                             | 제2장 §13 제2항              | 제10장(개척)          |	보존용 구 용어집·치환 제외	historic-apparatus				구 용어집·복원자료는 구 인용을 역사자료로 유지	 / 	| 개척령                   | 연방 법률에 따라 설치되는 **신규 개척·관리 영역**.                             | 제2장 §13 제2항              | 제10장(개척)          |
XR-00850	11081	20745	20745	18	SRC-C18-L11032	REN-C21-G01	제21장 제3절 보존용어집 G01	| 항행 회랑                 | 연방이 지정·설치하는 **항행 전용 통로**(안전구역 포함).                         | 제2장 §14 제1항              | 제12장(외교)          |	| 항행 회랑                 | 연방이 지정·설치하는 **항행 전용 통로**(안전구역 포함).                         | 제2장 §14 제1항              | 제12장(외교)          |	| 항행 회랑                 | 연방이 지정·설치하는 **항행 전용 통로**(안전구역 포함).                         | 제2장 §14 제1항              | 제12장(외교)          |	보존용 구 용어집·치환 제외	historic-apparatus				구 용어집·복원자료는 구 인용을 역사자료로 유지	 / 	| 항행 회랑                 | 연방이 지정·설치하는 **항행 전용 통로**(안전구역 포함).                         | 제2장 §14 제1항              | 제12장(외교)          |
XR-00851	11082	20746	20746	18	SRC-C18-L11032	REN-C21-G01	제21장 제3절 보존용어집 G01	| 심우주 관문/중계시설           | 항행 회랑과 결합되는 출입·중계 인프라의 법적 지위.                              | 제2장 §14 제1항              |                   |	| 심우주 관문/중계시설           | 항행 회랑과 결합되는 출입·중계 인프라의 법적 지위.                              | 제2장 §14 제1항              |                   |	| 심우주 관문/중계시설           | 항행 회랑과 결합되는 출입·중계 인프라의 법적 지위.                              | 제2장 §14 제1항              |                   |	보존용 구 용어집·치환 제외	historic-apparatus				구 용어집·복원자료는 구 인용을 역사자료로 유지	 / 	| 심우주 관문/중계시설           | 항행 회랑과 결합되는 출입·중계 인프라의 법적 지위.                              | 제2장 §14 제1항              |                   |
XR-00852	11083	20747	20747	18	SRC-C18-L11032	REN-C21-G01	제21장 제3절 보존용어집 G01	| 표준 전자 등록부             | 신분 변동(취득·상실·정지 등)을 등재·공시하는 **기본 데이터베이스**.                  | 제2장 §21 제1~2항            | 제1장(개인정보)         |	| 표준 전자 등록부             | 신분 변동(취득·상실·정지 등)을 등재·공시하는 **기본 데이터베이스**.                  | 제2장 §21 제1~2항            | 제1장(개인정보)         |	| 표준 전자 등록부             | 신분 변동(취득·상실·정지 등)을 등재·공시하는 **기본 데이터베이스**.                  | 제2장 §21 제1~2항            | 제1장(개인정보)         |	보존용 구 용어집·치환 제외	historic-apparatus				구 용어집·복원자료는 구 인용을 역사자료로 유지	 / 	| 표준 전자 등록부             | 신분 변동(취득·상실·정지 등)을 등재·공시하는 **기본 데이터베이스**.                  | 제2장 §21 제1~2항            | 제1장(개인정보)         |
XR-00853	11084	20748	20748	18	SRC-C18-L11032	REN-C21-G01	제21장 제3절 보존용어집 G01	| 최고충성 주체               | 복수 신민권 등 충돌 시 우선 복무해야 하는 대상.                               | 제2장 §18 제2항              |                   |	| 최고충성 주체               | 복수 신민권 등 충돌 시 우선 복무해야 하는 대상.                               | 제2장 §18 제2항              |                   |	| 최고충성 주체               | 복수 신민권 등 충돌 시 우선 복무해야 하는 대상.                               | 제2장 §18 제2항              |                   |	보존용 구 용어집·치환 제외	historic-apparatus				구 용어집·복원자료는 구 인용을 역사자료로 유지	 / 	| 최고충성 주체               | 복수 신민권 등 충돌 시 우선 복무해야 하는 대상.                               | 제2장 §18 제2항              |                   |
XR-00854	11088	20752	20752	18	SRC-C18-L11032	REN-C21-G01	제21장 제3절 보존용어집 G01	#### 제3장(황실) 용어	#### 제3장(황실) 용어	#### 제3장(황실) 용어	보존용 구 용어집·치환 제외	historic-apparatus				구 용어집·복원자료는 구 인용을 역사자료로 유지	 / 	#### 제3장(황실) 용어
XR-00855	11092	20756	20756	18	SRC-C18-L11032	REN-C21-G01	제21장 제3절 보존용어집 G01	| 중립적 원수<br>(Head of the Federation) | 연방 황실의 헌법상 지위.<br>정치적 중립을 유지하며 헌법행위를 집전한다.                                                                   | 제1조 제1항           | 제2장 §2(축 구조) |	| 중립적 원수<br>(Head of the Federation) | 연방 황실의 헌법상 지위.<br>정치적 중립을 유지하며 헌법행위를 집전한다.                                                                   | 제1조 제1항           | 제2장 §2(축 구조) |	| 중립적 원수<br>(Head of the Federation) | 연방 황실의 헌법상 지위.<br>정치적 중립을 유지하며 헌법행위를 집전한다.                                                                   | 제1조 제1항           | 제2장 §2(축 구조) |	보존용 구 용어집·치환 제외	historic-apparatus				구 용어집·복원자료는 구 인용을 역사자료로 유지	 / 	| 중립적 원수<br>(Head of the Federation) | 연방 황실의 헌법상 지위.<br>정치적 중립을 유지하며 헌법행위를 집전한다.                                                                   | 제1조 제1항           | 제2장 §2(축 구조) |
XR-00856	11093	20757	20757	18	SRC-C18-L11032	REN-C21-G01	제21장 제3절 보존용어집 G01	| 형식행위                               | 서명·관인·공포 등 법률상 형식 요건을<br>갖춰 헌법행위를 집전하는 절차.                                                                   | 제3조 제1항           | 제4조(관보·관인)   |	| 형식행위                               | 서명·관인·공포 등 법률상 형식 요건을<br>갖춰 헌법행위를 집전하는 절차.                                                                   | 제3조 제1항           | 제4조(관보·관인)   |	| 형식행위                               | 서명·관인·공포 등 법률상 형식 요건을<br>갖춰 헌법행위를 집전하는 절차.                                                                   | 제3조 제1항           | 제4조(관보·관인)   |	보존용 구 용어집·치환 제외	historic-apparatus				구 용어집·복원자료는 구 인용을 역사자료로 유지	 / 	| 형식행위                               | 서명·관인·공포 등 법률상 형식 요건을<br>갖춰 헌법행위를 집전하는 절차.                                                                   | 제3조 제1항           | 제4조(관보·관인)   |
XR-00857	11094	20758	20758	18	SRC-C18-L11032	REN-C21-G01	제21장 제3절 보존용어집 G01	| 환부                                 | 중대한 하자 발견 시 안건을 되돌려 재검토·수정하도록 하는 조치.<br>사유와 절차는 관보에 공시한다.                                                    | 제3조 제3항           | 제4조          |	| 환부                                 | 중대한 하자 발견 시 안건을 되돌려 재검토·수정하도록 하는 조치.<br>사유와 절차는 관보에 공시한다.                                                    | 제3조 제3항           | 제4조          |	| 환부                                 | 중대한 하자 발견 시 안건을 되돌려 재검토·수정하도록 하는 조치.<br>사유와 절차는 관보에 공시한다.                                                    | 제3조 제3항           | 제4조          |	보존용 구 용어집·치환 제외	historic-apparatus				구 용어집·복원자료는 구 인용을 역사자료로 유지	 / 	| 환부                                 | 중대한 하자 발견 시 안건을 되돌려 재검토·수정하도록 하는 조치.<br>사유와 절차는 관보에 공시한다.                                                    | 제3조 제3항           | 제4조          |
XR-00858	11095	20759	20759	18	SRC-C18-L11032	REN-C21-G01	제21장 제3절 보존용어집 G01	| 황제령(상시)                            | 황제가 발하는 일반 규범. 선포 즉시 효력 발생,<br>**연방 법률과 동위 규범층**.<br>충돌 시 **유보·특별법우선·신법우선** 적용.<br>총의회 결의안·최평 행정명령보다 우선.      | 제3조 제4항           | 제2장 §3(규범층)  |	| 황제령(상시)                            | 황제가 발하는 일반 규범. 선포 즉시 효력 발생,<br>**연방 법률과 동위 규범층**.<br>충돌 시 **유보·특별법우선·신법우선** 적용.<br>총의회 결의안·최평 행정명령보다 우선.      | 제3조 제4항           | 제2장 §3(규범층)  |	| 황제령(상시)                            | 황제가 발하는 일반 규범. 선포 즉시 효력 발생,<br>**연방 법률과 동위 규범층**.<br>충돌 시 **유보·특별법우선·신법우선** 적용.<br>총의회 결의안·최평 행정명령보다 우선.      | 제3조 제4항           | 제2장 §3(규범층)  |	보존용 구 용어집·치환 제외	historic-apparatus				구 용어집·복원자료는 구 인용을 역사자료로 유지	 / 	| 황제령(상시)                            | 황제가 발하는 일반 규범. 선포 즉시 효력 발생,<br>**연방 법률과 동위 규범층**.<br>충돌 시 **유보·특별법우선·신법우선** 적용.<br>총의회 결의안·최평 행정명령보다 우선.      | 제3조 제4항           | 제2장 §3(규범층)  |
XR-00859	11096	20760	20760	18	SRC-C18-L11032	REN-C21-G01	제21장 제3절 보존용어집 G01	| 황제령(비상/긴급황제령)                      | 전시·사변 등 비상 시 발하는 한시 규범.<br>**등급·사유서·일몰**을 명시하고 관보 등재,<br>사후추인·사후평가·백서 공개를 따른다.                               | 제11조 제1·4항        | 제2장 §6(비상권)  |	| 황제령(비상/긴급황제령)                      | 전시·사변 등 비상 시 발하는 한시 규범.<br>**등급·사유서·일몰**을 명시하고 관보 등재,<br>사후추인·사후평가·백서 공개를 따른다.                               | 제11조 제1·4항        | 제2장 §6(비상권)  |	| 황제령(비상/긴급황제령)                      | 전시·사변 등 비상 시 발하는 한시 규범.<br>**등급·사유서·일몰**을 명시하고 관보 등재,<br>사후추인·사후평가·백서 공개를 따른다.                               | 제11조 제1·4항        | 제2장 §6(비상권)  |	보존용 구 용어집·치환 제외	historic-apparatus				구 용어집·복원자료는 구 인용을 역사자료로 유지	 / 	| 황제령(비상/긴급황제령)                      | 전시·사변 등 비상 시 발하는 한시 규범.<br>**등급·사유서·일몰**을 명시하고 관보 등재,<br>사후추인·사후평가·백서 공개를 따른다.                               | 제11조 제1·4항        | 제2장 §6(비상권)  |
XR-00860	11097	20761	20761	18	SRC-C18-L11032	REN-C21-G01	제21장 제3절 보존용어집 G01	| 헌법위원회의 철회권고                        | 상원의 헌법위원회가 정족수로<br>황제령 철회권고안을 의결할 수 있는 권능.<br>황제는 7일 이내 회신.                                                  | 제3조 제5항           | 제5장(입법 절차)   |	| 헌법위원회의 철회권고                        | 상원의 헌법위원회가 정족수로<br>황제령 철회권고안을 의결할 수 있는 권능.<br>황제는 7일 이내 회신.                                                  | 제3조 제5항           | 제5장(입법 절차)   |	| 헌법위원회의 철회권고                        | 상원의 헌법위원회가 정족수로<br>황제령 철회권고안을 의결할 수 있는 권능.<br>황제는 7일 이내 회신.                                                  | 제3조 제5항           | 제5장(입법 절차)   |	보존용 구 용어집·치환 제외	historic-apparatus				구 용어집·복원자료는 구 인용을 역사자료로 유지	 / 	| 헌법위원회의 철회권고                        | 상원의 헌법위원회가 정족수로<br>황제령 철회권고안을 의결할 수 있는 권능.<br>황제는 7일 이내 회신.                                                  | 제3조 제5항           | 제5장(입법 절차)   |
XR-00861	11098	20762	20762	18	SRC-C18-L11032	REN-C21-G01	제21장 제3절 보존용어집 G01	| 전자관보                               | 법령·명령·고시의 공식 전자 공표 매체.<br>**버전·해시·담당자·일몰시한**을 포함한 표준 메타데이터 병기.                                               | 제1조 제3항, 제4조 제3항  | 제2장 §3 §7 §9 |	| 전자관보                               | 법령·명령·고시의 공식 전자 공표 매체.<br>**버전·해시·담당자·일몰시한**을 포함한 표준 메타데이터 병기.                                               | 제1조 제3항, 제4조 제3항  | 제2장 §3 §7 §9 |	| 전자관보                               | 법령·명령·고시의 공식 전자 공표 매체.<br>**버전·해시·담당자·일몰시한**을 포함한 표준 메타데이터 병기.                                               | 제1조 제3항, 제4조 제3항  | 제2장 §3 §7 §9 |	보존용 구 용어집·치환 제외	historic-apparatus				구 용어집·복원자료는 구 인용을 역사자료로 유지	 / 	| 전자관보                               | 법령·명령·고시의 공식 전자 공표 매체.<br>**버전·해시·담당자·일몰시한**을 포함한 표준 메타데이터 병기.                                               | 제1조 제3항, 제4조 제3항  | 제2장 §3 §7 §9 |
XR-00862	11099	20763	20763	18	SRC-C18-L11032	REN-C21-G01	제21장 제3절 보존용어집 G01	| 전자관인(e‑Seal)·국새                    | 관인 수단. 전자관인은 해시와 함께 동일성 보장.                                                                                  | 제4조 제2항           | 제2장 §3 §9    |	| 전자관인(e‑Seal)·국새                    | 관인 수단. 전자관인은 해시와 함께 동일성 보장.                                                                                  | 제4조 제2항           | 제2장 §3 §9    |	| 전자관인(e‑Seal)·국새                    | 관인 수단. 전자관인은 해시와 함께 동일성 보장.                                                                                  | 제4조 제2항           | 제2장 §3 §9    |	보존용 구 용어집·치환 제외	historic-apparatus				구 용어집·복원자료는 구 인용을 역사자료로 유지	 / 	| 전자관인(e‑Seal)·국새                    | 관인 수단. 전자관인은 해시와 함께 동일성 보장.                                                                                  | 제4조 제2항           | 제2장 §3 §9    |
XR-00863	11100	20764	20764	18	SRC-C18-L11032	REN-C21-G01	제21장 제3절 보존용어집 G01	| 오픈 대시보드                            | 황실 권한행위·집행·시정조치를 실시간 공개하는 포털.                                                                                | 제2조 제1항           | 제2장 §7(투명성)  |	| 오픈 대시보드                            | 황실 권한행위·집행·시정조치를 실시간 공개하는 포털.                                                                                | 제2조 제1항           | 제2장 §7(투명성)  |	| 오픈 대시보드                            | 황실 권한행위·집행·시정조치를 실시간 공개하는 포털.                                                                                | 제2조 제1항           | 제2장 §7(투명성)  |	보존용 구 용어집·치환 제외	historic-apparatus				구 용어집·복원자료는 구 인용을 역사자료로 유지	 / 	| 오픈 대시보드                            | 황실 권한행위·집행·시정조치를 실시간 공개하는 포털.                                                                                | 제2조 제1항           | 제2장 §7(투명성)  |
XR-00864	11101	20765	20765	18	SRC-C18-L11032	REN-C21-G01	제21장 제3절 보존용어집 G01	| Commit‑or‑Explain(C/E)             | 권고·숙의 결과에 대해 **수용** 또는 **사유 설명**으로<br>기한·서식·버전 기준에 맞춰 회신하는 의무.                                               | 제2조 제2항           | 제2장 §7 제4항   |	| Commit‑or‑Explain(C/E)             | 권고·숙의 결과에 대해 **수용** 또는 **사유 설명**으로<br>기한·서식·버전 기준에 맞춰 회신하는 의무.                                               | 제2조 제2항           | 제2장 §7 제4항   |	| Commit‑or‑Explain(C/E)             | 권고·숙의 결과에 대해 **수용** 또는 **사유 설명**으로<br>기한·서식·버전 기준에 맞춰 회신하는 의무.                                               | 제2조 제2항           | 제2장 §7 제4항   |	보존용 구 용어집·치환 제외	historic-apparatus				구 용어집·복원자료는 구 인용을 역사자료로 유지	 / 	| Commit‑or‑Explain(C/E)             | 권고·숙의 결과에 대해 **수용** 또는 **사유 설명**으로<br>기한·서식·버전 기준에 맞춰 회신하는 의무.                                               | 제2조 제2항           | 제2장 §7 제4항   |
XR-00865	11102	20766	20766	18	SRC-C18-L11032	REN-C21-G01	제21장 제3절 보존용어집 G01	| 공개 라이선스<br>(오픈 라이선스)               | 공개 가능한 보고서·데이터·대시보드를 공개 이용허락으로 제공.<br>표상(국장·문장)은 별도 규율.                                                      | 제2조 제4항           | 제2장 §7 §9    |	| 공개 라이선스<br>(오픈 라이선스)               | 공개 가능한 보고서·데이터·대시보드를 공개 이용허락으로 제공.<br>표상(국장·문장)은 별도 규율.                                                      | 제2조 제4항           | 제2장 §7 §9    |	| 공개 라이선스<br>(오픈 라이선스)               | 공개 가능한 보고서·데이터·대시보드를 공개 이용허락으로 제공.<br>표상(국장·문장)은 별도 규율.                                                      | 제2조 제4항           | 제2장 §7 §9    |	보존용 구 용어집·치환 제외	historic-apparatus				구 용어집·복원자료는 구 인용을 역사자료로 유지	 / 	| 공개 라이선스<br>(오픈 라이선스)               | 공개 가능한 보고서·데이터·대시보드를 공개 이용허락으로 제공.<br>표상(국장·문장)은 별도 규율.                                                      | 제2조 제4항           | 제2장 §7 §9    |
XR-00866	11103	20767	20767	18	SRC-C18-L11032	REN-C21-G01	제21장 제3절 보존용어집 G01	| 위기 커뮤니케이션 표준                       | 최초 공지 **T+2h**,<br>RCA 초안·최종 **5·15 영업일** 공개.                                                                | 제2조 제3항           | 제2장 §7       |	| 위기 커뮤니케이션 표준                       | 최초 공지 **T+2h**,<br>RCA 초안·최종 **5·15 영업일** 공개.                                                                | 제2조 제3항           | 제2장 §7       |	| 위기 커뮤니케이션 표준                       | 최초 공지 **T+2h**,<br>RCA 초안·최종 **5·15 영업일** 공개.                                                                | 제2조 제3항           | 제2장 §7       |	보존용 구 용어집·치환 제외	historic-apparatus				구 용어집·복원자료는 구 인용을 역사자료로 유지	 / 	| 위기 커뮤니케이션 표준                       | 최초 공지 **T+2h**,<br>RCA 초안·최종 **5·15 영업일** 공개.                                                                | 제2조 제3항           | 제2장 §7       |
XR-00867	11104	20768	20768	18	SRC-C18-L11032	REN-C21-G01	제21장 제3절 보존용어집 G01	| 중재·권고서 절차                          | 기능정지 위험 시<br>개시 통지→권고서→**C/E 회신**→조정회의→종결 공시의 단계로 진행.                                                        | 제10조 제2항          | 제2장 §2 제4항   |	| 중재·권고서 절차                          | 기능정지 위험 시<br>개시 통지→권고서→**C/E 회신**→조정회의→종결 공시의 단계로 진행.                                                        | 제10조 제2항          | 제2장 §2 제4항   |	| 중재·권고서 절차                          | 기능정지 위험 시<br>개시 통지→권고서→**C/E 회신**→조정회의→종결 공시의 단계로 진행.                                                        | 제10조 제2항          | 제2장 §2 제4항   |	보존용 구 용어집·치환 제외	historic-apparatus				구 용어집·복원자료는 구 인용을 역사자료로 유지	 / 	| 중재·권고서 절차                          | 기능정지 위험 시<br>개시 통지→권고서→**C/E 회신**→조정회의→종결 공시의 단계로 진행.                                                        | 제10조 제2항          | 제2장 §2 제4항   |
XR-00868	11105	20769	20769	18	SRC-C18-L11032	REN-C21-G01	제21장 제3절 보존용어집 G01	| 시한(SLA)                            | 중재 프로세스의 처리 기한: 권고서 T+5영업일,<br>C/E 회신 T+10영업일, 종결 공시 T+2영업일.                                                 | 제10조 제3항          | 제2장 §7       |	| 시한(SLA)                            | 중재 프로세스의 처리 기한: 권고서 T+5영업일,<br>C/E 회신 T+10영업일, 종결 공시 T+2영업일.                                                 | 제10조 제3항          | 제2장 §7       |	| 시한(SLA)                            | 중재 프로세스의 처리 기한: 권고서 T+5영업일,<br>C/E 회신 T+10영업일, 종결 공시 T+2영업일.                                                 | 제10조 제3항          | 제2장 §7       |	보존용 구 용어집·치환 제외	historic-apparatus				구 용어집·복원자료는 구 인용을 역사자료로 유지	 / 	| 시한(SLA)                            | 중재 프로세스의 처리 기한: 권고서 T+5영업일,<br>C/E 회신 T+10영업일, 종결 공시 T+2영업일.                                                 | 제10조 제3항          | 제2장 §7       |
XR-00869	11106	20770	20770	18	SRC-C18-L11032	REN-C21-G01	제21장 제3절 보존용어집 G01	| 이해충돌 제척·회피                         | 이해충돌 소지자는 중재·심의에서 제척·회피한다.                                                                                   | 제10조 제4항          | 제6장(사법 일반원칙) |	| 이해충돌 제척·회피                         | 이해충돌 소지자는 중재·심의에서 제척·회피한다.                                                                                   | 제10조 제4항          | 제6장(사법 일반원칙) |	| 이해충돌 제척·회피                         | 이해충돌 소지자는 중재·심의에서 제척·회피한다.                                                                                   | 제10조 제4항          | 제6장(사법 일반원칙) |	보존용 구 용어집·치환 제외	historic-apparatus				구 용어집·복원자료는 구 인용을 역사자료로 유지	 / 	| 이해충돌 제척·회피                         | 이해충돌 소지자는 중재·심의에서 제척·회피한다.                                                                                   | 제10조 제4항          | 제6장(사법 일반원칙) |
XR-00870	11107	20771	20771	18	SRC-C18-L11032	REN-C21-G01	제21장 제3절 보존용어집 G01	| 연속성 체계<br>(COG/COOP)               | 국가 최고기능을 보장하기 위한 승계·섭정·대리권,<br>통신·관보·관인 백업, EOC 가동 체계.                                                       | 제9조 제1항           | 제11장(방위)     |	| 연속성 체계<br>(COG/COOP)               | 국가 최고기능을 보장하기 위한 승계·섭정·대리권,<br>통신·관보·관인 백업, EOC 가동 체계.                                                       | 제9조 제1항           | 제11장(방위)     |	| 연속성 체계<br>(COG/COOP)               | 국가 최고기능을 보장하기 위한 승계·섭정·대리권,<br>통신·관보·관인 백업, EOC 가동 체계.                                                       | 제9조 제1항           | 제11장(방위)     |	보존용 구 용어집·치환 제외	historic-apparatus				구 용어집·복원자료는 구 인용을 역사자료로 유지	 / 	| 연속성 체계<br>(COG/COOP)               | 국가 최고기능을 보장하기 위한 승계·섭정·대리권,<br>통신·관보·관인 백업, EOC 가동 체계.                                                       | 제9조 제1항           | 제11장(방위)     |
XR-00871	11108	20772	20772	18	SRC-C18-L11032	REN-C21-G01	제21장 제3절 보존용어집 G01	| 합동상황실<br>(EOC)                     | 황실·최평·정보국 등이 연동하는 상황실.<br>설치·운영은 법률·황제령로 정함.                                                                 | 제9조 제2항, 제23조 제1항 | 제15장(정보)     |	| 합동상황실<br>(EOC)                     | 황실·최평·정보국 등이 연동하는 상황실.<br>설치·운영은 법률·황제령로 정함.                                                                 | 제9조 제2항, 제23조 제1항 | 제15장(정보)     |	| 합동상황실<br>(EOC)                     | 황실·최평·정보국 등이 연동하는 상황실.<br>설치·운영은 법률·황제령로 정함.                                                                 | 제9조 제2항, 제23조 제1항 | 제15장(정보)     |	보존용 구 용어집·치환 제외	historic-apparatus				구 용어집·복원자료는 구 인용을 역사자료로 유지	 / 	| 합동상황실<br>(EOC)                     | 황실·최평·정보국 등이 연동하는 상황실.<br>설치·운영은 법률·황제령로 정함.                                                                 | 제9조 제2항, 제23조 제1항 | 제15장(정보)     |
XR-00872	11109	20773	20773	18	SRC-C18-L11032	REN-C21-G01	제21장 제3절 보존용어집 G01	| 사후평가(AAR)·백서                       | 황제령·중재권고·비상선언 등에 대한 사후평가와 백서 공개 의무.                                                                          | 제14조 제1항          | 제2장 §7       |	| 사후평가(AAR)·백서                       | 황제령·중재권고·비상선언 등에 대한 사후평가와 백서 공개 의무.                                                                          | 제14조 제1항          | 제2장 §7       |	| 사후평가(AAR)·백서                       | 황제령·중재권고·비상선언 등에 대한 사후평가와 백서 공개 의무.                                                                          | 제14조 제1항          | 제2장 §7       |	보존용 구 용어집·치환 제외	historic-apparatus				구 용어집·복원자료는 구 인용을 역사자료로 유지	 / 	| 사후평가(AAR)·백서                       | 황제령·중재권고·비상선언 등에 대한 사후평가와 백서 공개 의무.                                                                          | 제14조 제1항          | 제2장 §7       |
XR-00873	11110	20774	20774	18	SRC-C18-L11032	REN-C21-G01	제21장 제3절 보존용어집 G01	| 개선계획의 C/E 공시                       | AAR 결과에 따른 개선계획을 C/E 방식으로 공시.                                                                                | 제14조 제2항          | 제2장 §7 제4항   |	| 개선계획의 C/E 공시                       | AAR 결과에 따른 개선계획을 C/E 방식으로 공시.                                                                                | 제14조 제2항          | 제2장 §7 제4항   |	| 개선계획의 C/E 공시                       | AAR 결과에 따른 개선계획을 C/E 방식으로 공시.                                                                                | 제14조 제2항          | 제2장 §7 제4항   |	보존용 구 용어집·치환 제외	historic-apparatus				구 용어집·복원자료는 구 인용을 역사자료로 유지	 / 	| 개선계획의 C/E 공시                       | AAR 결과에 따른 개선계획을 C/E 방식으로 공시.                                                                                | 제14조 제2항          | 제2장 §7 제4항   |
XR-00874	11111	20775	20775	18	SRC-C18-L11032	REN-C21-G01	제21장 제3절 보존용어집 G01	| 황실 재정 공개                           | 황실 경비의 예산 계상 및 연례 보고.                                                                                        | 제6조 제1·2항         | 제7장(재정)      |	| 황실 재정 공개                           | 황실 경비의 예산 계상 및 연례 보고.                                                                                        | 제6조 제1·2항         | 제7장(재정)      |	| 황실 재정 공개                           | 황실 경비의 예산 계상 및 연례 보고.                                                                                        | 제6조 제1·2항         | 제7장(재정)      |	보존용 구 용어집·치환 제외	historic-apparatus				구 용어집·복원자료는 구 인용을 역사자료로 유지	 / 	| 황실 재정 공개                           | 황실 경비의 예산 계상 및 연례 보고.                                                                                        | 제6조 제1·2항         | 제7장(재정)      |
XR-00875	11112	20776	20776	18	SRC-C18-L11032	REN-C21-G01	제21장 제3절 보존용어집 G01	| 황실 재정의 의회 통제                       | 사전 허용: 상원 **황실위원회** 의결<br>사후 심사: 상원 **세출위원회** 수행                                                             | 제6조 제3·4항         | 제5장(의회)      |	| 황실 재정의 의회 통제                       | 사전 허용: 상원 **황실위원회** 의결<br>사후 심사: 상원 **세출위원회** 수행                                                             | 제6조 제3·4항         | 제5장(의회)      |	| 황실 재정의 의회 통제                       | 사전 허용: 상원 **황실위원회** 의결<br>사후 심사: 상원 **세출위원회** 수행                                                             | 제6조 제3·4항         | 제5장(의회)      |	보존용 구 용어집·치환 제외	historic-apparatus				구 용어집·복원자료는 구 인용을 역사자료로 유지	 / 	| 황실 재정의 의회 통제                       | 사전 허용: 상원 **황실위원회** 의결<br>사후 심사: 상원 **세출위원회** 수행                                                             | 제6조 제3·4항         | 제5장(의회)      |
XR-00876	11113	20777	20777	18	SRC-C18-L11032	REN-C21-G01	제21장 제3절 보존용어집 G01	| 제도(帝都)·제도권                         | 제도 라흐(라흐렐리야·류블로쳬아·엑티바나·하일레이움)와 제도권 9주.<br>경계·좌표 변경 고시는 오픈 포맷 메타데이터로 공시.                                      | 제6조의2 제1~4항       | 제4장(영토·관할)   |	| 제도(帝都)·제도권                         | 제도 라흐(라흐렐리야·류블로쳬아·엑티바나·하일레이움)와 제도권 9주.<br>경계·좌표 변경 고시는 오픈 포맷 메타데이터로 공시.                                      | 제6조의2 제1~4항       | 제4장(영토·관할)   |	| 제도(帝都)·제도권                         | 제도 라흐(라흐렐리야·류블로쳬아·엑티바나·하일레이움)와 제도권 9주.<br>경계·좌표 변경 고시는 오픈 포맷 메타데이터로 공시.                                      | 제6조의2 제1~4항       | 제4장(영토·관할)   |	보존용 구 용어집·치환 제외	historic-apparatus				구 용어집·복원자료는 구 인용을 역사자료로 유지	 / 	| 제도(帝都)·제도권                         | 제도 라흐(라흐렐리야·류블로쳬아·엑티바나·하일레이움)와 제도권 9주.<br>경계·좌표 변경 고시는 오픈 포맷 메타데이터로 공시.                                      | 제6조의2 제1~4항       | 제4장(영토·관할)   |
XR-00877	11114	20778	20778	18	SRC-C18-L11032	REN-C21-G01	제21장 제3절 보존용어집 G01	| 제도 라흐 토지 소유                        | 제도 라흐의 토지는 원칙적으로 황실 소유.<br>법률에 따라 국유·임대 전환 등 별도 규정 가능.                                                       | 제6조의2 제3항         | 제7장(재정·자산)   |	| 제도 라흐 토지 소유                        | 제도 라흐의 토지는 원칙적으로 황실 소유.<br>법률에 따라 국유·임대 전환 등 별도 규정 가능.                                                       | 제6조의2 제3항         | 제7장(재정·자산)   |	| 제도 라흐 토지 소유                        | 제도 라흐의 토지는 원칙적으로 황실 소유.<br>법률에 따라 국유·임대 전환 등 별도 규정 가능.                                                       | 제6조의2 제3항         | 제7장(재정·자산)   |	보존용 구 용어집·치환 제외	historic-apparatus				구 용어집·복원자료는 구 인용을 역사자료로 유지	 / 	| 제도 라흐 토지 소유                        | 제도 라흐의 토지는 원칙적으로 황실 소유.<br>법률에 따라 국유·임대 전환 등 별도 규정 가능.                                                       | 제6조의2 제3항         | 제7장(재정·자산)   |
XR-00878	11115	20779	20779	18	SRC-C18-L11032	REN-C21-G01	제21장 제3절 보존용어집 G01	| 파문                                 | 황실 구성원을 황실 질서에서 배제해 일반 신민 신분으로 보는 조치.                                                                        | 제7조 제3항           | 제1장(신분·기본권)  |	| 파문                                 | 황실 구성원을 황실 질서에서 배제해 일반 신민 신분으로 보는 조치.                                                                        | 제7조 제3항           | 제1장(신분·기본권)  |	| 파문                                 | 황실 구성원을 황실 질서에서 배제해 일반 신민 신분으로 보는 조치.                                                                        | 제7조 제3항           | 제1장(신분·기본권)  |	보존용 구 용어집·치환 제외	historic-apparatus				구 용어집·복원자료는 구 인용을 역사자료로 유지	 / 	| 파문                                 | 황실 구성원을 황실 질서에서 배제해 일반 신민 신분으로 보는 조치.                                                                        | 제7조 제3항           | 제1장(신분·기본권)  |
XR-00879	11116	20780	20780	18	SRC-C18-L11032	REN-C21-G01	제21장 제3절 보존용어집 G01	| 기록·표상                              | 기록의 공개등급·보존기간·메타데이터 의무와,<br>국장·문장·색채 등 표상의 법적 지위.                                                            | 제8조 제1·2항         | 제2장 §3 §9    |	| 기록·표상                              | 기록의 공개등급·보존기간·메타데이터 의무와,<br>국장·문장·색채 등 표상의 법적 지위.                                                            | 제8조 제1·2항         | 제2장 §3 §9    |	| 기록·표상                              | 기록의 공개등급·보존기간·메타데이터 의무와,<br>국장·문장·색채 등 표상의 법적 지위.                                                            | 제8조 제1·2항         | 제2장 §3 §9    |	보존용 구 용어집·치환 제외	historic-apparatus				구 용어집·복원자료는 구 인용을 역사자료로 유지	 / 	| 기록·표상                              | 기록의 공개등급·보존기간·메타데이터 의무와,<br>국장·문장·색채 등 표상의 법적 지위.                                                            | 제8조 제1·2항         | 제2장 §3 §9    |
XR-00880	11117	20781	20781	18	SRC-C18-L11032	REN-C21-G01	제21장 제3절 보존용어집 G01	| 승계 원칙·순위                           | 황위 승계의 원칙·순위·결격사유를 법률로 정함.                                                                                   | 제12조 제1항          | 제4장(기관 구성법)  |	| 승계 원칙·순위                           | 황위 승계의 원칙·순위·결격사유를 법률로 정함.                                                                                   | 제12조 제1항          | 제4장(기관 구성법)  |	| 승계 원칙·순위                           | 황위 승계의 원칙·순위·결격사유를 법률로 정함.                                                                                   | 제12조 제1항          | 제4장(기관 구성법)  |	보존용 구 용어집·치환 제외	historic-apparatus				구 용어집·복원자료는 구 인용을 역사자료로 유지	 / 	| 승계 원칙·순위                           | 황위 승계의 원칙·순위·결격사유를 법률로 정함.                                                                                   | 제12조 제1항          | 제4장(기관 구성법)  |
XR-00881	11118	20782	20782	18	SRC-C18-L11032	REN-C21-G01	제21장 제3절 보존용어집 G01	| 섭정                                 | 황제가 직무 수행 곤란 시 두는 대리 권한.<br>요건·절차는 법률로 정함.                                                                   | 제12조 제2항          | 제4장          |	| 섭정                                 | 황제가 직무 수행 곤란 시 두는 대리 권한.<br>요건·절차는 법률로 정함.                                                                   | 제12조 제2항          | 제4장          |	| 섭정                                 | 황제가 직무 수행 곤란 시 두는 대리 권한.<br>요건·절차는 법률로 정함.                                                                   | 제12조 제2항          | 제4장          |	보존용 구 용어집·치환 제외	historic-apparatus				구 용어집·복원자료는 구 인용을 역사자료로 유지	 / 	| 섭정                                 | 황제가 직무 수행 곤란 시 두는 대리 권한.<br>요건·절차는 법률로 정함.                                                                   | 제12조 제2항          | 제4장          |
XR-00882	11119	20783	20783	18	SRC-C18-L11032	REN-C21-G01	제21장 제3절 보존용어집 G01	| 직무정지·복귀 심사                         | 황제 직무 정지·복귀의 최종 판단 권한은 **연방 헌법원**에 있음.                                                                       | 제12조 제3항          | 제6장(사법)      |	| 직무정지·복귀 심사                         | 황제 직무 정지·복귀의 최종 판단 권한은 **연방 헌법원**에 있음.                                                                       | 제12조 제3항          | 제6장(사법)      |	| 직무정지·복귀 심사                         | 황제 직무 정지·복귀의 최종 판단 권한은 **연방 헌법원**에 있음.                                                                       | 제12조 제3항          | 제6장(사법)      |	보존용 구 용어집·치환 제외	historic-apparatus				구 용어집·복원자료는 구 인용을 역사자료로 유지	 / 	| 직무정지·복귀 심사                         | 황제 직무 정지·복귀의 최종 판단 권한은 **연방 헌법원**에 있음.                                                                       | 제12조 제3항          | 제6장(사법)      |
XR-00883	11120	20784	20784	18	SRC-C18-L11032	REN-C21-G01	제21장 제3절 보존용어집 G01	| 종신직                                | 연방 황제는 종신직.                                                                                                  | 제12조 제4항          | —            |	| 종신직                                | 연방 황제는 종신직.                                                                                                  | 제12조 제4항          | —            |	| 종신직                                | 연방 황제는 종신직.                                                                                                  | 제12조 제4항          | —            |	보존용 구 용어집·치환 제외	historic-apparatus				구 용어집·복원자료는 구 인용을 역사자료로 유지	 / 	| 종신직                                | 연방 황제는 종신직.                                                                                                  | 제12조 제4항          | —            |
XR-00884	11121	20785	20785	18	SRC-C18-L11032	REN-C21-G01	제21장 제3절 보존용어집 G01	| 제1황위계승자 지명                         | 재임 중 황제가 제1황위계승자를 지명(절차·요건은 법률).                                                                             | 제12조 제5항          | 제4장          |	| 제1황위계승자 지명                         | 재임 중 황제가 제1황위계승자를 지명(절차·요건은 법률).                                                                             | 제12조 제5항          | 제4장          |	| 제1황위계승자 지명                         | 재임 중 황제가 제1황위계승자를 지명(절차·요건은 법률).                                                                             | 제12조 제5항          | 제4장          |	보존용 구 용어집·치환 제외	historic-apparatus				구 용어집·복원자료는 구 인용을 역사자료로 유지	 / 	| 제1황위계승자 지명                         | 재임 중 황제가 제1황위계승자를 지명(절차·요건은 법률).                                                                             | 제12조 제5항          | 제4장          |
XR-00885	11122	20786	20786	18	SRC-C18-L11032	REN-C21-G01	제21장 제3절 보존용어집 G01	| 황실 가문                              | 연방 황실은 ‘디 하일레이움 체 류블로쳬아 엘펜트 엘라카스’ 가문.<br>_(elruhnik 로마자: dih hailreiyuem cze ryuvlroczeah elphent elrakaxh)_ | 제12조 제7항          | —            |	| 황실 가문                              | 연방 황실은 ‘디 하일레이움 체 류블로쳬아 엘펜트 엘라카스’ 가문.<br>_(elruhnik 로마자: dih hailreiyuem cze ryuvlroczeah elphent elrakaxh)_ | 제12조 제7항          | —            |	| 황실 가문                              | 연방 황실은 ‘디 하일레이움 체 류블로쳬아 엘펜트 엘라카스’ 가문.<br>_(elruhnik 로마자: dih hailreiyuem cze ryuvlroczeah elphent elrakaxh)_ | 제12조 제7항          | —            |	보존용 구 용어집·치환 제외	historic-apparatus				구 용어집·복원자료는 구 인용을 역사자료로 유지	 / 	| 황실 가문                              | 연방 황실은 ‘디 하일레이움 체 류블로쳬아 엘펜트 엘라카스’ 가문.<br>_(elruhnik 로마자: dih hailreiyuem cze ryuvlroczeah elphent elrakaxh)_ | 제12조 제7항          | —            |
XR-00886	11123	20787	20787	18	SRC-C18-L11032	REN-C21-G01	제21장 제3절 보존용어집 G01	| 표준 전자 등록부 등재                       | 승계·섭정의 개시·변경·종료 등<br>모든 **신분 변동**을 표준 전자 등록부에 등재하고 관보에 고지.                                                   | 제12조 제8항·제20조 제4항 | 제2장 §21      |	| 표준 전자 등록부 등재                       | 승계·섭정의 개시·변경·종료 등<br>모든 **신분 변동**을 표준 전자 등록부에 등재하고 관보에 고지.                                                   | 제12조 제8항·제20조 제4항 | 제2장 §21      |	| 표준 전자 등록부 등재                       | 승계·섭정의 개시·변경·종료 등<br>모든 **신분 변동**을 표준 전자 등록부에 등재하고 관보에 고지.                                                   | 제12조 제8항·제20조 제4항 | 제2장 §21      |	보존용 구 용어집·치환 제외	historic-apparatus				구 용어집·복원자료는 구 인용을 역사자료로 유지	 / 	| 표준 전자 등록부 등재                       | 승계·섭정의 개시·변경·종료 등<br>모든 **신분 변동**을 표준 전자 등록부에 등재하고 관보에 고지.                                                   | 제12조 제8항·제20조 제4항 | 제2장 §21      |
XR-00887	11124	20788	20788	18	SRC-C18-L11032	REN-C21-G01	제21장 제3절 보존용어집 G01	| 황위 계승 위원회                          | 승계 서열·등록·분쟁조정·섭정 발동을 심의하는 기구.<br>의결은 황실 재가와 헌법원 심사 거쳐 확정.                                                    | 제20조 제1·3항        | 제6장(사법)      |	| 황위 계승 위원회                          | 승계 서열·등록·분쟁조정·섭정 발동을 심의하는 기구.<br>의결은 황실 재가와 헌법원 심사 거쳐 확정.                                                    | 제20조 제1·3항        | 제6장(사법)      |	| 황위 계승 위원회                          | 승계 서열·등록·분쟁조정·섭정 발동을 심의하는 기구.<br>의결은 황실 재가와 헌법원 심사 거쳐 확정.                                                    | 제20조 제1·3항        | 제6장(사법)      |	보존용 구 용어집·치환 제외	historic-apparatus				구 용어집·복원자료는 구 인용을 역사자료로 유지	 / 	| 황위 계승 위원회                          | 승계 서열·등록·분쟁조정·섭정 발동을 심의하는 기구.<br>의결은 황실 재가와 헌법원 심사 거쳐 확정.                                                    | 제20조 제1·3항        | 제6장(사법)      |
XR-00888	11125	20789	20789	18	SRC-C18-L11032	REN-C21-G01	제21장 제3절 보존용어집 G01	| 직속기관<br>예산·감사·보고                   | 직속기관 예산의 별도 항 편성과<br>총의회·감사원에 대한 정기 보고 의무.                                                                   | 제21조 제1·2항        | 제5장(입법)      |	| 직속기관<br>예산·감사·보고                   | 직속기관 예산의 별도 항 편성과<br>총의회·감사원에 대한 정기 보고 의무.                                                                   | 제21조 제1·2항        | 제5장(입법)      |	| 직속기관<br>예산·감사·보고                   | 직속기관 예산의 별도 항 편성과<br>총의회·감사원에 대한 정기 보고 의무.                                                                   | 제21조 제1·2항        | 제5장(입법)      |	보존용 구 용어집·치환 제외	historic-apparatus				구 용어집·복원자료는 구 인용을 역사자료로 유지	 / 	| 직속기관<br>예산·감사·보고                   | 직속기관 예산의 별도 항 편성과<br>총의회·감사원에 대한 정기 보고 의무.                                                                   | 제21조 제1·2항        | 제5장(입법)      |
XR-00889	11126	20790	20790	18	SRC-C18-L11032	REN-C21-G01	제21장 제3절 보존용어집 G01	| 인사·윤리·보안                           | 직속기관의 임면·징계·보안,<br>내부고발 보호·보안등급 등.                                                                           | 제22조 제1·2항        | 제5·6장        |	| 인사·윤리·보안                           | 직속기관의 임면·징계·보안,<br>내부고발 보호·보안등급 등.                                                                           | 제22조 제1·2항        | 제5·6장        |	| 인사·윤리·보안                           | 직속기관의 임면·징계·보안,<br>내부고발 보호·보안등급 등.                                                                           | 제22조 제1·2항        | 제5·6장        |	보존용 구 용어집·치환 제외	historic-apparatus				구 용어집·복원자료는 구 인용을 역사자료로 유지	 / 	| 인사·윤리·보안                           | 직속기관의 임면·징계·보안,<br>내부고발 보호·보안등급 등.                                                                           | 제22조 제1·2항        | 제5·6장        |
XR-00890	11127	20791	20791	18	SRC-C18-L11032	REN-C21-G01	제21장 제3절 보존용어집 G01	| 정보 연동·통제                           | 직속기관↔정보국·최평 EOC의 상시 연동,<br>**업무분장표·우선순위 규칙**의 황제령 제정.                                                        | 제23조 제1·2항        | 제15장(정보)     |	| 정보 연동·통제                           | 직속기관↔정보국·최평 EOC의 상시 연동,<br>**업무분장표·우선순위 규칙**의 황제령 제정.                                                        | 제23조 제1·2항        | 제15장(정보)     |	| 정보 연동·통제                           | 직속기관↔정보국·최평 EOC의 상시 연동,<br>**업무분장표·우선순위 규칙**의 황제령 제정.                                                        | 제23조 제1·2항        | 제15장(정보)     |	보존용 구 용어집·치환 제외	historic-apparatus				구 용어집·복원자료는 구 인용을 역사자료로 유지	 / 	| 정보 연동·통제                           | 직속기관↔정보국·최평 EOC의 상시 연동,<br>**업무분장표·우선순위 규칙**의 황제령 제정.                                                        | 제23조 제1·2항        | 제15장(정보)     |
XR-00891	11128	20792	20792	18	SRC-C18-L11032	REN-C21-G01	제21장 제3절 보존용어집 G01	| 비상 전환·사후 통제                        | 비상 전환의 기준·절차와 종료 후 사후평가·백서 공시.                                                                               | 제24조 제1·2항        | 제2장 §6       |	| 비상 전환·사후 통제                        | 비상 전환의 기준·절차와 종료 후 사후평가·백서 공시.                                                                               | 제24조 제1·2항        | 제2장 §6       |	| 비상 전환·사후 통제                        | 비상 전환의 기준·절차와 종료 후 사후평가·백서 공시.                                                                               | 제24조 제1·2항        | 제2장 §6       |	보존용 구 용어집·치환 제외	historic-apparatus				구 용어집·복원자료는 구 인용을 역사자료로 유지	 / 	| 비상 전환·사후 통제                        | 비상 전환의 기준·절차와 종료 후 사후평가·백서 공시.                                                                               | 제24조 제1·2항        | 제2장 §6       |
XR-00892	11129	20793	20793	18	SRC-C18-L11032	REN-C21-G01	제21장 제3절 보존용어집 G01	| 위임·세칙                              | 이 장의 시행 세부는 법률·황제령 및 세칙에 위임.                                                                                 | 제25조 제1·2항        | 제2장 §3       |	| 위임·세칙                              | 이 장의 시행 세부는 법률·황제령 및 세칙에 위임.                                                                                 | 제25조 제1·2항        | 제2장 §3       |	| 위임·세칙                              | 이 장의 시행 세부는 법률·황제령 및 세칙에 위임.                                                                                 | 제25조 제1·2항        | 제2장 §3       |	보존용 구 용어집·치환 제외	historic-apparatus				구 용어집·복원자료는 구 인용을 역사자료로 유지	 / 	| 위임·세칙                              | 이 장의 시행 세부는 법률·황제령 및 세칙에 위임.                                                                                 | 제25조 제1·2항        | 제2장 §3       |
XR-00893	11133	20797	20797	18	SRC-C18-L11032	REN-C21-G01	제21장 제3절 보존용어집 G01	#### 제4장(행정) 용어	#### 제4장(행정) 용어	#### 제4장(행정) 용어	보존용 구 용어집·치환 제외	historic-apparatus				구 용어집·복원자료는 구 인용을 역사자료로 유지	 / 	#### 제4장(행정) 용어
XR-00894	11137	20801	20801	18	SRC-C18-L11032	REN-C21-G01	제21장 제3절 보존용어집 G01	| 전자관보·e-Seal                | 관보·전자관보에 국새 또는 전자관인(e-Seal)과 동일성 해시를 병기하고, 버전·일몰 메타데이터를 포함한다.                    | 제6조 5~6항                         | 제5장(입법), 제16장(감사)     |	| 전자관보·e-Seal                | 관보·전자관보에 국새 또는 전자관인(e-Seal)과 동일성 해시를 병기하고, 버전·일몰 메타데이터를 포함한다.                    | 제6조 5~6항                         | 제5장(입법), 제16장(감사)     |	| 전자관보·e-Seal                | 관보·전자관보에 국새 또는 전자관인(e-Seal)과 동일성 해시를 병기하고, 버전·일몰 메타데이터를 포함한다.                    | 제6조 5~6항                         | 제5장(입법), 제16장(감사)     |	보존용 구 용어집·치환 제외	historic-apparatus				구 용어집·복원자료는 구 인용을 역사자료로 유지	 / 	| 전자관보·e-Seal                | 관보·전자관보에 국새 또는 전자관인(e-Seal)과 동일성 해시를 병기하고, 버전·일몰 메타데이터를 포함한다.                    | 제6조 5~6항                         | 제5장(입법), 제16장(감사)     |
XR-00895	11138	20802	20802	18	SRC-C18-L11032	REN-C21-G01	제21장 제3절 보존용어집 G01	| 규범층(층위)                    | 헌정질서의 위계는 ① 헌법 ② 연방법≡황제령 ③ 행정명령 ④ 자치단위 법률로 한다.                                   | 제6조 4항, 부속표 D                    | 제6장(사법), 제5장          |	| 규범층(층위)                    | 헌정질서의 위계는 ① 헌법 ② 연방법≡황제령 ③ 행정명령 ④ 자치단위 법률로 한다.                                   | 제6조 4항, 부속표 D                    | 제6장(사법), 제5장          |	| 규범층(층위)                    | 헌정질서의 위계는 ① 헌법 ② 연방법≡황제령 ③ 행정명령 ④ 자치단위 법률로 한다.                                   | 제6조 4항, 부속표 D                    | 제6장(사법), 제5장          |	보존용 구 용어집·치환 제외	historic-apparatus				구 용어집·복원자료는 구 인용을 역사자료로 유지	 / 	| 규범층(층위)                    | 헌정질서의 위계는 ① 헌법 ② 연방법≡황제령 ③ 행정명령 ④ 자치단위 법률로 한다.                                   | 제6조 4항, 부속표 D                    | 제6장(사법), 제5장          |
XR-00896	11139	20803	20803	18	SRC-C18-L11032	REN-C21-G01	제21장 제3절 보존용어집 G01	| 황제령(황실령)                   | 연방법과 동위의 준입법 규범으로, 신속 발령 가능하며 상원 헌법위 2/3·2/3 철회권고 대상이다.                          | 제5조, 제6조, 제8조 2항                 | 제5장, 제6장              |	| 황제령(황실령)                   | 연방법과 동위의 준입법 규범으로, 신속 발령 가능하며 상원 헌법위 2/3·2/3 철회권고 대상이다.                          | 제5조, 제6조, 제8조 2항                 | 제5장, 제6장              |	| 황제령(황실령)                   | 연방법과 동위의 준입법 규범으로, 신속 발령 가능하며 상원 헌법위 2/3·2/3 철회권고 대상이다.                          | 제5조, 제6조, 제8조 2항                 | 제5장, 제6장              |	보존용 구 용어집·치환 제외	historic-apparatus				구 용어집·복원자료는 구 인용을 역사자료로 유지	 / 	| 황제령(황실령)                   | 연방법과 동위의 준입법 규범으로, 신속 발령 가능하며 상원 헌법위 2/3·2/3 철회권고 대상이다.                          | 제5조, 제6조, 제8조 2항                 | 제5장, 제6장              |
XR-00897	11140	20804	20804	18	SRC-C18-L11032	REN-C21-G01	제21장 제3절 보존용어집 G01	| 행정명령                       | 정부 집행규칙·기술규격으로서 법률·황제령 하위 규범이며, 무효 통로에 따른 통제를 받는다.                               | 제5조, 제6조, 제9조                    | 제6장, 제16장             |	| 행정명령                       | 정부 집행규칙·기술규격으로서 법률·황제령 하위 규범이며, 무효 통로에 따른 통제를 받는다.                               | 제5조, 제6조, 제9조                    | 제6장, 제16장             |	| 행정명령                       | 정부 집행규칙·기술규격으로서 법률·황제령 하위 규범이며, 무효 통로에 따른 통제를 받는다.                               | 제5조, 제6조, 제9조                    | 제6장, 제16장             |	보존용 구 용어집·치환 제외	historic-apparatus				구 용어집·복원자료는 구 인용을 역사자료로 유지	 / 	| 행정명령                       | 정부 집행규칙·기술규격으로서 법률·황제령 하위 규범이며, 무효 통로에 따른 통제를 받는다.                               | 제5조, 제6조, 제9조                    | 제6장, 제16장             |
XR-00898	11141	20805	20805	18	SRC-C18-L11032	REN-C21-G01	제21장 제3절 보존용어집 G01	| 입법요구(재정영향서)                | 최고평의회는 입법요구 시 재정영향서를 첨부한다.                                                       | 제5조, 제7조                         | 제7장(재정)               |	| 입법요구(재정영향서)                | 최고평의회는 입법요구 시 재정영향서를 첨부한다.                                                       | 제5조, 제7조                         | 제7장(재정)               |	| 입법요구(재정영향서)                | 최고평의회는 입법요구 시 재정영향서를 첨부한다.                                                       | 제5조, 제7조                         | 제7장(재정)               |	보존용 구 용어집·치환 제외	historic-apparatus				구 용어집·복원자료는 구 인용을 역사자료로 유지	 / 	| 입법요구(재정영향서)                | 최고평의회는 입법요구 시 재정영향서를 첨부한다.                                                       | 제5조, 제7조                         | 제7장(재정)               |
XR-00899	11142	20806	20806	18	SRC-C18-L11032	REN-C21-G01	제21장 제3절 보존용어집 G01	| 전쟁 선포 절차                   | 최고평의회 결의 → 상원 헌법위 과반 → 합동의회 본회의 2/3·2/3 → 황제 선포로 확정한다.                           | 제10조                             | 제11장(전쟁·비상사태)         |	| 전쟁 선포 절차                   | 최고평의회 결의 → 상원 헌법위 과반 → 합동의회 본회의 2/3·2/3 → 황제 선포로 확정한다.                           | 제10조                             | 제11장(전쟁·비상사태)         |	| 전쟁 선포 절차                   | 최고평의회 결의 → 상원 헌법위 과반 → 합동의회 본회의 2/3·2/3 → 황제 선포로 확정한다.                           | 제10조                             | 제11장(전쟁·비상사태)         |	보존용 구 용어집·치환 제외	historic-apparatus				구 용어집·복원자료는 구 인용을 역사자료로 유지	 / 	| 전쟁 선포 절차                   | 최고평의회 결의 → 상원 헌법위 과반 → 합동의회 본회의 2/3·2/3 → 황제 선포로 확정한다.                           | 제10조                             | 제11장(전쟁·비상사태)         |
XR-00900	11143	20807	20807	18	SRC-C18-L11032	REN-C21-G01	제21장 제3절 보존용어집 G01	| ELECT-TRACK-3-3            | 선거·정당·윤리·부패 사건·정책건에 3-3 강제 배당·우선심리를 적용한다.                                        | 제11조                             | 제6장, 제5장              |	| ELECT-TRACK-3-3            | 선거·정당·윤리·부패 사건·정책건에 3-3 강제 배당·우선심리를 적용한다.                                        | 제11조                             | 제6장, 제5장              |	| ELECT-TRACK-3-3            | 선거·정당·윤리·부패 사건·정책건에 3-3 강제 배당·우선심리를 적용한다.                                        | 제11조                             | 제6장, 제5장              |	보존용 구 용어집·치환 제외	historic-apparatus				구 용어집·복원자료는 구 인용을 역사자료로 유지	 / 	| ELECT-TRACK-3-3            | 선거·정당·윤리·부패 사건·정책건에 3-3 강제 배당·우선심리를 적용한다.                                        | 제11조                             | 제6장, 제5장              |
XR-00901	11144	20808	20808	18	SRC-C18-L11032	REN-C21-G01	제21장 제3절 보존용어집 G01	| WAR-LINK                   | 전시·동원 관련 안건은 `WAR-LINK`로 전산 연계·추적한다.                                             | 제10조 2항                          | 제11장                  |	| WAR-LINK                   | 전시·동원 관련 안건은 `WAR-LINK`로 전산 연계·추적한다.                                             | 제10조 2항                          | 제11장                  |	| WAR-LINK                   | 전시·동원 관련 안건은 `WAR-LINK`로 전산 연계·추적한다.                                             | 제10조 2항                          | 제11장                  |	보존용 구 용어집·치환 제외	historic-apparatus				구 용어집·복원자료는 구 인용을 역사자료로 유지	 / 	| WAR-LINK                   | 전시·동원 관련 안건은 `WAR-LINK`로 전산 연계·추적한다.                                             | 제10조 2항                          | 제11장                  |
XR-00902	11145	20809	20809	18	SRC-C18-L11032	REN-C21-G01	제21장 제3절 보존용어집 G01	| 샌드박스·선적용·사후승인              | 고위험 분야는 샌드박스로 검증하고, 긴급 시 선적용(기본 90일 일몰) 후 사후승인을 거친다.                             | 제14조, 부속표 F, 부칙 2항               | 제7장, 제16장             |	| 샌드박스·선적용·사후승인              | 고위험 분야는 샌드박스로 검증하고, 긴급 시 선적용(기본 90일 일몰) 후 사후승인을 거친다.                             | 제14조, 부속표 F, 부칙 2항               | 제7장, 제16장             |	| 샌드박스·선적용·사후승인              | 고위험 분야는 샌드박스로 검증하고, 긴급 시 선적용(기본 90일 일몰) 후 사후승인을 거친다.                             | 제14조, 부속표 F, 부칙 2항               | 제7장, 제16장             |	보존용 구 용어집·치환 제외	historic-apparatus				구 용어집·복원자료는 구 인용을 역사자료로 유지	 / 	| 샌드박스·선적용·사후승인              | 고위험 분야는 샌드박스로 검증하고, 긴급 시 선적용(기본 90일 일몰) 후 사후승인을 거친다.                             | 제14조, 부속표 F, 부칙 2항               | 제7장, 제16장             |
XR-00903	11146	20810	20810	18	SRC-C18-L11032	REN-C21-G01	제21장 제3절 보존용어집 G01	| TFC 알고리즘 검증 셀              | 항행데이터 표준·교통흐름제어 알고리즘을 사전검증/모의훈련한다.                                               | 부속표 A(우주), 부속표 C(A-3/B-3), 부속표 F | 제10조                  |	| TFC 알고리즘 검증 셀              | 항행데이터 표준·교통흐름제어 알고리즘을 사전검증/모의훈련한다.                                               | 부속표 A(우주), 부속표 C(A-3/B-3), 부속표 F | 제10조                  |	| TFC 알고리즘 검증 셀              | 항행데이터 표준·교통흐름제어 알고리즘을 사전검증/모의훈련한다.                                               | 부속표 A(우주), 부속표 C(A-3/B-3), 부속표 F | 제10조                  |	보존용 구 용어집·치환 제외	historic-apparatus				구 용어집·복원자료는 구 인용을 역사자료로 유지	 / 	| TFC 알고리즘 검증 셀              | 항행데이터 표준·교통흐름제어 알고리즘을 사전검증/모의훈련한다.                                               | 부속표 A(우주), 부속표 C(A-3/B-3), 부속표 F | 제10조                  |
XR-00904	11147	20811	20811	18	SRC-C18-L11032	REN-C21-G01	제21장 제3절 보존용어집 G01	| 행성환경영향평가(EIA)              | 행성 단위 개발·테라포밍에 환경·사회 영향평가를 적용한다.                                                 | 부속표 C(A-1·B-1)                   | 제11장, 제8장(종교·문화 연계 시) |	| 행성환경영향평가(EIA)              | 행성 단위 개발·테라포밍에 환경·사회 영향평가를 적용한다.                                                 | 부속표 C(A-1·B-1)                   | 제11장, 제8장(종교·문화 연계 시) |	| 행성환경영향평가(EIA)              | 행성 단위 개발·테라포밍에 환경·사회 영향평가를 적용한다.                                                 | 부속표 C(A-1·B-1)                   | 제11장, 제8장(종교·문화 연계 시) |	보존용 구 용어집·치환 제외	historic-apparatus				구 용어집·복원자료는 구 인용을 역사자료로 유지	 / 	| 행성환경영향평가(EIA)              | 행성 단위 개발·테라포밍에 환경·사회 영향평가를 적용한다.                                                 | 부속표 C(A-1·B-1)                   | 제11장, 제8장(종교·문화 연계 시) |
XR-00905	11148	20812	20812	18	SRC-C18-L11032	REN-C21-G01	제21장 제3절 보존용어집 G01	| 테라포밍 윤리협의사무국               | 독립 윤리위원회와 연계되어 테라포밍 윤리 심의를 지원한다.                                                 | 부속표 A(기후·환경), 부속표 C(B-1), 부속표 F  | 제11장                  |	| 테라포밍 윤리협의사무국               | 독립 윤리위원회와 연계되어 테라포밍 윤리 심의를 지원한다.                                                 | 부속표 A(기후·환경), 부속표 C(B-1), 부속표 F  | 제11장                  |	| 테라포밍 윤리협의사무국               | 독립 윤리위원회와 연계되어 테라포밍 윤리 심의를 지원한다.                                                 | 부속표 A(기후·환경), 부속표 C(B-1), 부속표 F  | 제11장                  |	보존용 구 용어집·치환 제외	historic-apparatus				구 용어집·복원자료는 구 인용을 역사자료로 유지	 / 	| 테라포밍 윤리협의사무국               | 독립 윤리위원회와 연계되어 테라포밍 윤리 심의를 지원한다.                                                 | 부속표 A(기후·환경), 부속표 C(B-1), 부속표 F  | 제11장                  |
XR-00906	11149	20813	20813	18	SRC-C18-L11032	REN-C21-G01	제21장 제3절 보존용어집 G01	| 분과 체계                      | 행정 각부는 최고평의회의 분과 체계에 따라 설치한다.                                                    | 제9조, 부속표 A                       | 제7장, 부칙 6항            |	| 분과 체계                      | 행정 각부는 최고평의회의 분과 체계에 따라 설치한다.                                                    | 제9조, 부속표 A                       | 제7장, 부칙 6항            |	| 분과 체계                      | 행정 각부는 최고평의회의 분과 체계에 따라 설치한다.                                                    | 제9조, 부속표 A                       | 제7장, 부칙 6항            |	보존용 구 용어집·치환 제외	historic-apparatus				구 용어집·복원자료는 구 인용을 역사자료로 유지	 / 	| 분과 체계                      | 행정 각부는 최고평의회의 분과 체계에 따라 설치한다.                                                    | 제9조, 부속표 A                       | 제7장, 부칙 6항            |
XR-00907	11150	20814	20814	18	SRC-C18-L11032	REN-C21-G01	제21장 제3절 보존용어집 G01	| 평의회장(직선제)                  | 평의회장은 보통·평등·직접·비밀선거로 선출한다.                                                       | 제3조, 부칙 5항                       | 제5장                   |	| 평의회장(직선제)                  | 평의회장은 보통·평등·직접·비밀선거로 선출한다.                                                       | 제3조, 부칙 5항                       | 제5장                   |	| 평의회장(직선제)                  | 평의회장은 보통·평등·직접·비밀선거로 선출한다.                                                       | 제3조, 부칙 5항                       | 제5장                   |	보존용 구 용어집·치환 제외	historic-apparatus				구 용어집·복원자료는 구 인용을 역사자료로 유지	 / 	| 평의회장(직선제)                  | 평의회장은 보통·평등·직접·비밀선거로 선출한다.                                                       | 제3조, 부칙 5항                       | 제5장                   |
XR-00908	11151	20815	20815	18	SRC-C18-L11032	REN-C21-G01	제21장 제3절 보존용어집 G01	| 임명 무효 재가 절차                | 의회는 임명 공포 3개월 이내 상원 헌법위 또는 하원 사법위 경로로 무효를 의결하고 황제 재가를 요청한다.                      | 제3조의2                            | 제5장, 제6장              |	| 임명 무효 재가 절차                | 의회는 임명 공포 3개월 이내 상원 헌법위 또는 하원 사법위 경로로 무효를 의결하고 황제 재가를 요청한다.                      | 제3조의2                            | 제5장, 제6장              |	| 임명 무효 재가 절차                | 의회는 임명 공포 3개월 이내 상원 헌법위 또는 하원 사법위 경로로 무효를 의결하고 황제 재가를 요청한다.                      | 제3조의2                            | 제5장, 제6장              |	보존용 구 용어집·치환 제외	historic-apparatus				구 용어집·복원자료는 구 인용을 역사자료로 유지	 / 	| 임명 무효 재가 절차                | 의회는 임명 공포 3개월 이내 상원 헌법위 또는 하원 사법위 경로로 무효를 의결하고 황제 재가를 요청한다.                      | 제3조의2                            | 제5장, 제6장              |
XR-00909	11152	20816	20816	18	SRC-C18-L11032	REN-C21-G01	제21장 제3절 보존용어집 G01	| 행정명령 무효 통로                 | 상원 헌법위 또는 하원 사법위 과반/과반 결의 또는 연방 대법원 최종심으로 무효를 선언한다.                              | 제9조                              | 제6장                   |	| 행정명령 무효 통로                 | 상원 헌법위 또는 하원 사법위 과반/과반 결의 또는 연방 대법원 최종심으로 무효를 선언한다.                              | 제9조                              | 제6장                   |	| 행정명령 무효 통로                 | 상원 헌법위 또는 하원 사법위 과반/과반 결의 또는 연방 대법원 최종심으로 무효를 선언한다.                              | 제9조                              | 제6장                   |	보존용 구 용어집·치환 제외	historic-apparatus				구 용어집·복원자료는 구 인용을 역사자료로 유지	 / 	| 행정명령 무효 통로                 | 상원 헌법위 또는 하원 사법위 과반/과반 결의 또는 연방 대법원 최종심으로 무효를 선언한다.                              | 제9조                              | 제6장                   |
XR-00910	11153	20817	20817	18	SRC-C18-L11032	REN-C21-G01	제21장 제3절 보존용어집 G01	| 표준 전자서식(e-Form)            | 허가·등록·신고 등에 국가 표준 양식·스키마를 적용한다.                                                  | 제6조, 제8조, 부속표 C                  | 제7장, 제16장             |	| 표준 전자서식(e-Form)            | 허가·등록·신고 등에 국가 표준 양식·스키마를 적용한다.                                                  | 제6조, 제8조, 부속표 C                  | 제7장, 제16장             |	| 표준 전자서식(e-Form)            | 허가·등록·신고 등에 국가 표준 양식·스키마를 적용한다.                                                  | 제6조, 제8조, 부속표 C                  | 제7장, 제16장             |	보존용 구 용어집·치환 제외	historic-apparatus				구 용어집·복원자료는 구 인용을 역사자료로 유지	 / 	| 표준 전자서식(e-Form)            | 허가·등록·신고 등에 국가 표준 양식·스키마를 적용한다.                                                  | 제6조, 제8조, 부속표 C                  | 제7장, 제16장             |
XR-00911	11154	20818	20818	18	SRC-C18-L11032	REN-C21-G01	제21장 제3절 보존용어집 G01	| 공공 API 레지스트리               | 모든 행정기관은 e-Form·API 레지스트리를 운영·공개한다.                                              | 제8조, 부속표 C                       | 제7장, 제16장             |	| 공공 API 레지스트리               | 모든 행정기관은 e-Form·API 레지스트리를 운영·공개한다.                                              | 제8조, 부속표 C                       | 제7장, 제16장             |	| 공공 API 레지스트리               | 모든 행정기관은 e-Form·API 레지스트리를 운영·공개한다.                                              | 제8조, 부속표 C                       | 제7장, 제16장             |	보존용 구 용어집·치환 제외	historic-apparatus				구 용어집·복원자료는 구 인용을 역사자료로 유지	 / 	| 공공 API 레지스트리               | 모든 행정기관은 e-Form·API 레지스트리를 운영·공개한다.                                              | 제8조, 부속표 C                       | 제7장, 제16장             |
XR-00912	11155	20819	20819	18	SRC-C18-L11032	REN-C21-G01	제21장 제3절 보존용어집 G01	| 부처 수 상한 폐지                 | 구 헌법·법률의 부서·부처 수 상한 규정은 폐지한다.                                                    | 부칙 4항                            | 제9조                   |	| 부처 수 상한 폐지                 | 구 헌법·법률의 부서·부처 수 상한 규정은 폐지한다.                                                    | 부칙 4항                            | 제9조                   |	| 부처 수 상한 폐지                 | 구 헌법·법률의 부서·부처 수 상한 규정은 폐지한다.                                                    | 부칙 4항                            | 제9조                   |	보존용 구 용어집·치환 제외	historic-apparatus				구 용어집·복원자료는 구 인용을 역사자료로 유지	 / 	| 부처 수 상한 폐지                 | 구 헌법·법률의 부서·부처 수 상한 규정은 폐지한다.                                                    | 부칙 4항                            | 제9조                   |
XR-00913	11156	20820	20820	18	SRC-C18-L11032	REN-C21-G01	제21장 제3절 보존용어집 G01	| 전환표(구 16부→신 분과)            | 구 16부 체계를 부속표 E 전환표에 따라 신 분과·부처 체계로 전환한다.                                        | 부속표 E, 부칙 6항                     | 제9조                   |	| 전환표(구 16부→신 분과)            | 구 16부 체계를 부속표 E 전환표에 따라 신 분과·부처 체계로 전환한다.                                        | 부속표 E, 부칙 6항                     | 제9조                   |	| 전환표(구 16부→신 분과)            | 구 16부 체계를 부속표 E 전환표에 따라 신 분과·부처 체계로 전환한다.                                        | 부속표 E, 부칙 6항                     | 제9조                   |	보존용 구 용어집·치환 제외	historic-apparatus				구 용어집·복원자료는 구 인용을 역사자료로 유지	 / 	| 전환표(구 16부→신 분과)            | 구 16부 체계를 부속표 E 전환표에 따라 신 분과·부처 체계로 전환한다.                                        | 부속표 E, 부칙 6항                     | 제9조                   |
XR-00914	11157	20821	20821	18	SRC-C18-L11032	REN-C21-G01	제21장 제3절 보존용어집 G01	| 긴급명령 일몰(90일)               | 선적용 조치는 기본 90일 자동 일몰로 하고, 연장 시 성과·리스크 보고를 첨부한다.                                  | 제14조 3항, 부칙 2항                   | 제11장, 제16장            |	| 긴급명령 일몰(90일)               | 선적용 조치는 기본 90일 자동 일몰로 하고, 연장 시 성과·리스크 보고를 첨부한다.                                  | 제14조 3항, 부칙 2항                   | 제11장, 제16장            |	| 긴급명령 일몰(90일)               | 선적용 조치는 기본 90일 자동 일몰로 하고, 연장 시 성과·리스크 보고를 첨부한다.                                  | 제14조 3항, 부칙 2항                   | 제11장, 제16장            |	보존용 구 용어집·치환 제외	historic-apparatus				구 용어집·복원자료는 구 인용을 역사자료로 유지	 / 	| 긴급명령 일몰(90일)               | 선적용 조치는 기본 90일 자동 일몰로 하고, 연장 시 성과·리스크 보고를 첨부한다.                                  | 제14조 3항, 부칙 2항                   | 제11장, 제16장            |
XR-00915	11158	20822	20822	18	SRC-C18-L11032	REN-C21-G01	제21장 제3절 보존용어집 G01	| 데이터·알고리즘 공개 사유서            | 중요 행정·재정·규제 결정의 알고리즘·가정·데이터·한계를 공개 사유서로 공시한다.                                    | 제12조                             | 제7장, 제16장             |	| 데이터·알고리즘 공개 사유서            | 중요 행정·재정·규제 결정의 알고리즘·가정·데이터·한계를 공개 사유서로 공시한다.                                    | 제12조                             | 제7장, 제16장             |	| 데이터·알고리즘 공개 사유서            | 중요 행정·재정·규제 결정의 알고리즘·가정·데이터·한계를 공개 사유서로 공시한다.                                    | 제12조                             | 제7장, 제16장             |	보존용 구 용어집·치환 제외	historic-apparatus				구 용어집·복원자료는 구 인용을 역사자료로 유지	 / 	| 데이터·알고리즘 공개 사유서            | 중요 행정·재정·규제 결정의 알고리즘·가정·데이터·한계를 공개 사유서로 공시한다.                                    | 제12조                             | 제7장, 제16장             |
XR-00916	11159	20823	20823	18	SRC-C18-L11032	REN-C21-G01	제21장 제3절 보존용어집 G01	| 시맨틱 버전·사전예고                | 전자 고시는 시맨틱 버전과 변경 사전예고(일반 30일/긴급 7일)를 적용한다.                                      | 제6조 6항                           | 제16장                  |	| 시맨틱 버전·사전예고                | 전자 고시는 시맨틱 버전과 변경 사전예고(일반 30일/긴급 7일)를 적용한다.                                      | 제6조 6항                           | 제16장                  |	| 시맨틱 버전·사전예고                | 전자 고시는 시맨틱 버전과 변경 사전예고(일반 30일/긴급 7일)를 적용한다.                                      | 제6조 6항                           | 제16장                  |	보존용 구 용어집·치환 제외	historic-apparatus				구 용어집·복원자료는 구 인용을 역사자료로 유지	 / 	| 시맨틱 버전·사전예고                | 전자 고시는 시맨틱 버전과 변경 사전예고(일반 30일/긴급 7일)를 적용한다.                                      | 제6조 6항                           | 제16장                  |
XR-00917	11160	20824	20824	18	SRC-C18-L11032	REN-C21-G01	제21장 제3절 보존용어집 G01	| 신지구재건은행                    | 재난·분쟁·침체 이후 **10·30·50 재건 패키지** 금융·집행 허브(보조·대출·보증·채권·보험 혼합), **오픈 대시보드**로 투명 집행. | 제17조, 부속표 G                      | 제7장(재정), 제16장(감사)     |	| 신지구재건은행                    | 재난·분쟁·침체 이후 **10·30·50 재건 패키지** 금융·집행 허브(보조·대출·보증·채권·보험 혼합), **오픈 대시보드**로 투명 집행. | 제17조, 부속표 G                      | 제7장(재정), 제16장(감사)     |	| 신지구재건은행                    | 재난·분쟁·침체 이후 **10·30·50 재건 패키지** 금융·집행 허브(보조·대출·보증·채권·보험 혼합), **오픈 대시보드**로 투명 집행. | 제17조, 부속표 G                      | 제7장(재정), 제16장(감사)     |	보존용 구 용어집·치환 제외	historic-apparatus				구 용어집·복원자료는 구 인용을 역사자료로 유지	 / 	| 신지구재건은행                    | 재난·분쟁·침체 이후 **10·30·50 재건 패키지** 금융·집행 허브(보조·대출·보증·채권·보험 혼합), **오픈 대시보드**로 투명 집행. | 제17조, 부속표 G                      | 제7장(재정), 제16장(감사)     |
XR-00918	11161	20825	20825	18	SRC-C18-L11032	REN-C21-G01	제21장 제3절 보존용어집 G01	| 시민숙의위원회                    | 무작위·층화 **시민 패널**의 공적 권고서를 부착하며, 소관 부처는 **수용 또는 설명** 의무를 진다.                      | 제17조 6항, 부속표 G                   | 제5장, 제16장             |	| 시민숙의위원회                    | 무작위·층화 **시민 패널**의 공적 권고서를 부착하며, 소관 부처는 **수용 또는 설명** 의무를 진다.                      | 제17조 6항, 부속표 G                   | 제5장, 제16장             |	| 시민숙의위원회                    | 무작위·층화 **시민 패널**의 공적 권고서를 부착하며, 소관 부처는 **수용 또는 설명** 의무를 진다.                      | 제17조 6항, 부속표 G                   | 제5장, 제16장             |	보존용 구 용어집·치환 제외	historic-apparatus				구 용어집·복원자료는 구 인용을 역사자료로 유지	 / 	| 시민숙의위원회                    | 무작위·층화 **시민 패널**의 공적 권고서를 부착하며, 소관 부처는 **수용 또는 설명** 의무를 진다.                      | 제17조 6항, 부속표 G                   | 제5장, 제16장             |
XR-00919	11162	20826	20826	18	SRC-C18-L11032	REN-C21-G01	제21장 제3절 보존용어집 G01	| 공공프로젝트 품질보증청(IPA)          | 대형 공공사업 **게이티드 검토·LCC·위험·품질 보증**을 수행하며, 설계서·평가기준을 사전 심사한다.                       | 제17조, 부속표 G                      | 제14조, 제16장            |	| 공공프로젝트 품질보증청(IPA)          | 대형 공공사업 **게이티드 검토·LCC·위험·품질 보증**을 수행하며, 설계서·평가기준을 사전 심사한다.                       | 제17조, 부속표 G                      | 제14조, 제16장            |	| 공공프로젝트 품질보증청(IPA)          | 대형 공공사업 **게이티드 검토·LCC·위험·품질 보증**을 수행하며, 설계서·평가기준을 사전 심사한다.                       | 제17조, 부속표 G                      | 제14조, 제16장            |	보존용 구 용어집·치환 제외	historic-apparatus				구 용어집·복원자료는 구 인용을 역사자료로 유지	 / 	| 공공프로젝트 품질보증청(IPA)          | 대형 공공사업 **게이티드 검토·LCC·위험·품질 보증**을 수행하며, 설계서·평가기준을 사전 심사한다.                       | 제17조, 부속표 G                      | 제14조, 제16장            |
XR-00920	11163	20827	20827	18	SRC-C18-L11032	REN-C21-G01	제21장 제3절 보존용어집 G01	| 개인정보·데이터보호위원회              | 정보 인권 중심 규율, **DPIA·샌드박스·인증** 운영, 고위험 처리 집행.                                     | 제17조, 부속표 G                      | 제12조, 제8조             |	| 개인정보·데이터보호위원회              | 정보 인권 중심 규율, **DPIA·샌드박스·인증** 운영, 고위험 처리 집행.                                     | 제17조, 부속표 G                      | 제12조, 제8조             |	| 개인정보·데이터보호위원회              | 정보 인권 중심 규율, **DPIA·샌드박스·인증** 운영, 고위험 처리 집행.                                     | 제17조, 부속표 G                      | 제12조, 제8조             |	보존용 구 용어집·치환 제외	historic-apparatus				구 용어집·복원자료는 구 인용을 역사자료로 유지	 / 	| 개인정보·데이터보호위원회              | 정보 인권 중심 규율, **DPIA·샌드박스·인증** 운영, 고위험 처리 집행.                                     | 제17조, 부속표 G                      | 제12조, 제8조             |
XR-00921	11164	20828	20828	18	SRC-C18-L11032	REN-C21-G01	제21장 제3절 보존용어집 G01	| 테라포밍·행성영향 윤리위원회            | **예방·가역성** 원칙에 따라 FPIC·시민숙의 연계 **사전/사후 윤리 심의**를 수행한다.                            | 제17조, 부속표 G                      | 제14조, 제11장            |	| 테라포밍·행성영향 윤리위원회            | **예방·가역성** 원칙에 따라 FPIC·시민숙의 연계 **사전/사후 윤리 심의**를 수행한다.                            | 제17조, 부속표 G                      | 제14조, 제11장            |	| 테라포밍·행성영향 윤리위원회            | **예방·가역성** 원칙에 따라 FPIC·시민숙의 연계 **사전/사후 윤리 심의**를 수행한다.                            | 제17조, 부속표 G                      | 제14조, 제11장            |	보존용 구 용어집·치환 제외	historic-apparatus				구 용어집·복원자료는 구 인용을 역사자료로 유지	 / 	| 테라포밍·행성영향 윤리위원회            | **예방·가역성** 원칙에 따라 FPIC·시민숙의 연계 **사전/사후 윤리 심의**를 수행한다.                            | 제17조, 부속표 G                      | 제14조, 제11장            |
XR-00922	11165	20829	20829	18	SRC-C18-L11032	REN-C21-G01	제21장 제3절 보존용어집 G01	| 우주사고조사위원회                  | 궤도·심우주 사고에 대한 **비형사 독립 조사**, **30·90·365 보고** 및 권고 이행 점검.                        | 제17조, 부속표 G                      | 제10조, 제16장            |	| 우주사고조사위원회                  | 궤도·심우주 사고에 대한 **비형사 독립 조사**, **30·90·365 보고** 및 권고 이행 점검.                        | 제17조, 부속표 G                      | 제10조, 제16장            |	| 우주사고조사위원회                  | 궤도·심우주 사고에 대한 **비형사 독립 조사**, **30·90·365 보고** 및 권고 이행 점검.                        | 제17조, 부속표 G                      | 제10조, 제16장            |	보존용 구 용어집·치환 제외	historic-apparatus				구 용어집·복원자료는 구 인용을 역사자료로 유지	 / 	| 우주사고조사위원회                  | 궤도·심우주 사고에 대한 **비형사 독립 조사**, **30·90·365 보고** 및 권고 이행 점검.                        | 제17조, 부속표 G                      | 제10조, 제16장            |
XR-00923	11166	20830	20830	18	SRC-C18-L11032	REN-C21-G01	제21장 제3절 보존용어집 G01	| 공정경쟁위원회                    | 카르텔·지배력 남용·불공정 **M&A 심사**, 디지털·플랫폼 **게이트키퍼 규율**.                                 | 제17조, 부속표 G                      | 제6장, 제9조              |	| 공정경쟁위원회                    | 카르텔·지배력 남용·불공정 **M&A 심사**, 디지털·플랫폼 **게이트키퍼 규율**.                                 | 제17조, 부속표 G                      | 제6장, 제9조              |	| 공정경쟁위원회                    | 카르텔·지배력 남용·불공정 **M&A 심사**, 디지털·플랫폼 **게이트키퍼 규율**.                                 | 제17조, 부속표 G                      | 제6장, 제9조              |	보존용 구 용어집·치환 제외	historic-apparatus				구 용어집·복원자료는 구 인용을 역사자료로 유지	 / 	| 공정경쟁위원회                    | 카르텔·지배력 남용·불공정 **M&A 심사**, 디지털·플랫폼 **게이트키퍼 규율**.                                 | 제17조, 부속표 G                      | 제6장, 제9조              |
XR-00924	11167	20831	20831	18	SRC-C18-L11032	REN-C21-G01	제21장 제3절 보존용어집 G01	| 연방소비자보호위원회                 | 제품·디지털·금융·주거·교통의 **안전/공정/구제** 통합, **ODR/리콜** 신속 집행.                              | 제17조, 부속표 G                      | 제6장, 제7장              |	| 연방소비자보호위원회                 | 제품·디지털·금융·주거·교통의 **안전/공정/구제** 통합, **ODR/리콜** 신속 집행.                              | 제17조, 부속표 G                      | 제6장, 제7장              |	| 연방소비자보호위원회                 | 제품·디지털·금융·주거·교통의 **안전/공정/구제** 통합, **ODR/리콜** 신속 집행.                              | 제17조, 부속표 G                      | 제6장, 제7장              |	보존용 구 용어집·치환 제외	historic-apparatus				구 용어집·복원자료는 구 인용을 역사자료로 유지	 / 	| 연방소비자보호위원회                 | 제품·디지털·금융·주거·교통의 **안전/공정/구제** 통합, **ODR/리콜** 신속 집행.                              | 제17조, 부속표 G                      | 제6장, 제7장              |
XR-00925	11168	20832	20832	18	SRC-C18-L11032	REN-C21-G01	제21장 제3절 보존용어집 G01	| 국가기록원·정보공개위원회              | 기록 전 생애 **표준·보존·FOI·사전공표**, 디지털 보존·오픈데이터 허브.                                     | 제17조, 부속표 G                      | 제6조, 제8조, 제16장        |	| 국가기록원·정보공개위원회              | 기록 전 생애 **표준·보존·FOI·사전공표**, 디지털 보존·오픈데이터 허브.                                     | 제17조, 부속표 G                      | 제6조, 제8조, 제16장        |	| 국가기록원·정보공개위원회              | 기록 전 생애 **표준·보존·FOI·사전공표**, 디지털 보존·오픈데이터 허브.                                     | 제17조, 부속표 G                      | 제6조, 제8조, 제16장        |	보존용 구 용어집·치환 제외	historic-apparatus				구 용어집·복원자료는 구 인용을 역사자료로 유지	 / 	| 국가기록원·정보공개위원회              | 기록 전 생애 **표준·보존·FOI·사전공표**, 디지털 보존·오픈데이터 허브.                                     | 제17조, 부속표 G                      | 제6조, 제8조, 제16장        |
XR-00926	11169	20833	20833	18	SRC-C18-L11032	REN-C21-G01	제21장 제3절 보존용어집 G01	| 국가위험·조기경보센터                | 다영역 데이터 **융합—앙상블—정책 트리거—대시보드**로 조기경보·행동 전환을 지원한다.                                | 제17조, 부속표 G                      | 제10조, 제16장            |	| 국가위험·조기경보센터                | 다영역 데이터 **융합—앙상블—정책 트리거—대시보드**로 조기경보·행동 전환을 지원한다.                                | 제17조, 부속표 G                      | 제10조, 제16장            |	| 국가위험·조기경보센터                | 다영역 데이터 **융합—앙상블—정책 트리거—대시보드**로 조기경보·행동 전환을 지원한다.                                | 제17조, 부속표 G                      | 제10조, 제16장            |	보존용 구 용어집·치환 제외	historic-apparatus				구 용어집·복원자료는 구 인용을 역사자료로 유지	 / 	| 국가위험·조기경보센터                | 다영역 데이터 **융합—앙상블—정책 트리거—대시보드**로 조기경보·행동 전환을 지원한다.                                | 제17조, 부속표 G                      | 제10조, 제16장            |
XR-00927	11170	20834	20834	18	SRC-C18-L11032	REN-C21-G01	제21장 제3절 보존용어집 G01	| 안전조사원(교통·인프라·산업)           | 지상·해양 인프라·산업 **중대사고 독립 조사—권고—이행 점검**.                                            | 제17조, 부속표 G                      | 제16장                  |	| 안전조사원(교통·인프라·산업)           | 지상·해양 인프라·산업 **중대사고 독립 조사—권고—이행 점검**.                                            | 제17조, 부속표 G                      | 제16장                  |	| 안전조사원(교통·인프라·산업)           | 지상·해양 인프라·산업 **중대사고 독립 조사—권고—이행 점검**.                                            | 제17조, 부속표 G                      | 제16장                  |	보존용 구 용어집·치환 제외	historic-apparatus				구 용어집·복원자료는 구 인용을 역사자료로 유지	 / 	| 안전조사원(교통·인프라·산업)           | 지상·해양 인프라·산업 **중대사고 독립 조사—권고—이행 점검**.                                            | 제17조, 부속표 G                      | 제16장                  |
XR-00928	11171	20835	20835	18	SRC-C18-L11032	REN-C21-G01	제21장 제3절 보존용어집 G01	| 인권·옴부즈만위원회                 | 권리장전 침해 **구제—권고—제도 개선**, 현장 접근·취약집단 전담.                                          | 제17조, 부속표 G                      | 제6장                   |	| 인권·옴부즈만위원회                 | 권리장전 침해 **구제—권고—제도 개선**, 현장 접근·취약집단 전담.                                          | 제17조, 부속표 G                      | 제6장                   |	| 인권·옴부즈만위원회                 | 권리장전 침해 **구제—권고—제도 개선**, 현장 접근·취약집단 전담.                                          | 제17조, 부속표 G                      | 제6장                   |	보존용 구 용어집·치환 제외	historic-apparatus				구 용어집·복원자료는 구 인용을 역사자료로 유지	 / 	| 인권·옴부즈만위원회                 | 권리장전 침해 **구제—권고—제도 개선**, 현장 접근·취약집단 전담.                                          | 제17조, 부속표 G                      | 제6장                   |
XR-00929	11172	20836	20836	18	SRC-C18-L11032	REN-C21-G01	제21장 제3절 보존용어집 G01	| 공공조달감시위원회                  | 입찰—계약—검수—대금 **전 주기 로그 공개**, **경쟁성·청렴·형평** 보증.                                    | 제17조, 부속표 G                      | 제7장, 제16장             |	| 공공조달감시위원회                  | 입찰—계약—검수—대금 **전 주기 로그 공개**, **경쟁성·청렴·형평** 보증.                                    | 제17조, 부속표 G                      | 제7장, 제16장             |	| 공공조달감시위원회                  | 입찰—계약—검수—대금 **전 주기 로그 공개**, **경쟁성·청렴·형평** 보증.                                    | 제17조, 부속표 G                      | 제7장, 제16장             |	보존용 구 용어집·치환 제외	historic-apparatus				구 용어집·복원자료는 구 인용을 역사자료로 유지	 / 	| 공공조달감시위원회                  | 입찰—계약—검수—대금 **전 주기 로그 공개**, **경쟁성·청렴·형평** 보증.                                    | 제17조, 부속표 G                      | 제7장, 제16장             |
XR-00930	11173	20837	20837	18	SRC-C18-L11032	REN-C21-G01	제21장 제3절 보존용어집 G01	| 연방표준·계량원                   | **메트롤로지·인정·상호인정** 허브, 디지털 교정증명서·신흥 기술 표준 관리.                                     | 제17조, 부속표 G                      | 제9조, 부속표 C            |	| 연방표준·계량원                   | **메트롤로지·인정·상호인정** 허브, 디지털 교정증명서·신흥 기술 표준 관리.                                     | 제17조, 부속표 G                      | 제9조, 부속표 C            |	| 연방표준·계량원                   | **메트롤로지·인정·상호인정** 허브, 디지털 교정증명서·신흥 기술 표준 관리.                                     | 제17조, 부속표 G                      | 제9조, 부속표 C            |	보존용 구 용어집·치환 제외	historic-apparatus				구 용어집·복원자료는 구 인용을 역사자료로 유지	 / 	| 연방표준·계량원                   | **메트롤로지·인정·상호인정** 허브, 디지털 교정증명서·신흥 기술 표준 관리.                                     | 제17조, 부속표 G                      | 제9조, 부속표 C            |
XR-00931	11174	20838	20838	18	SRC-C18-L11032	REN-C21-G01	제21장 제3절 보존용어집 G01	| 연방 거대구조물청                  | 초대형/장수명 **우주·행성·도시 구조물**의 **품질·안전·성능 인증/감리**, 운영 **KPI 감사**.                     | 제17조, 부속표 G                      | 제14조, 제16장            |	| 연방 거대구조물청                  | 초대형/장수명 **우주·행성·도시 구조물**의 **품질·안전·성능 인증/감리**, 운영 **KPI 감사**.                     | 제17조, 부속표 G                      | 제14조, 제16장            |	| 연방 거대구조물청                  | 초대형/장수명 **우주·행성·도시 구조물**의 **품질·안전·성능 인증/감리**, 운영 **KPI 감사**.                     | 제17조, 부속표 G                      | 제14조, 제16장            |	보존용 구 용어집·치환 제외	historic-apparatus				구 용어집·복원자료는 구 인용을 역사자료로 유지	 / 	| 연방 거대구조물청                  | 초대형/장수명 **우주·행성·도시 구조물**의 **품질·안전·성능 인증/감리**, 운영 **KPI 감사**.                     | 제17조, 부속표 G                      | 제14조, 제16장            |
XR-00932	11175	20839	20839	18	SRC-C18-L11032	REN-C21-G01	제21장 제3절 보존용어집 G01	| DPIA(사전 영향평가)              | 고위험 개인정보 처리에 대한 **사전 영향평가**로, 위험·완화책·대안·공익성을 검토한다.                               | 제17조(개보위), 부속표 G                 | 제12조, 제8조             |	| DPIA(사전 영향평가)              | 고위험 개인정보 처리에 대한 **사전 영향평가**로, 위험·완화책·대안·공익성을 검토한다.                               | 제17조(개보위), 부속표 G                 | 제12조, 제8조             |	| DPIA(사전 영향평가)              | 고위험 개인정보 처리에 대한 **사전 영향평가**로, 위험·완화책·대안·공익성을 검토한다.                               | 제17조(개보위), 부속표 G                 | 제12조, 제8조             |	보존용 구 용어집·치환 제외	historic-apparatus				구 용어집·복원자료는 구 인용을 역사자료로 유지	 / 	| DPIA(사전 영향평가)              | 고위험 개인정보 처리에 대한 **사전 영향평가**로, 위험·완화책·대안·공익성을 검토한다.                               | 제17조(개보위), 부속표 G                 | 제12조, 제8조             |
XR-00933	11176	20840	20840	18	SRC-C18-L11032	REN-C21-G01	제21장 제3절 보존용어집 G01	| ODR(온라인 분쟁해결)              | 소비자·디지털·금융 등 분쟁을 **온라인 플랫폼**에서 신속 조정·중재한다.                                       | 제17조(소비자위), 부속표 G                | 제6장, 제7장              |	| ODR(온라인 분쟁해결)              | 소비자·디지털·금융 등 분쟁을 **온라인 플랫폼**에서 신속 조정·중재한다.                                       | 제17조(소비자위), 부속표 G                | 제6장, 제7장              |	| ODR(온라인 분쟁해결)              | 소비자·디지털·금융 등 분쟁을 **온라인 플랫폼**에서 신속 조정·중재한다.                                       | 제17조(소비자위), 부속표 G                | 제6장, 제7장              |	보존용 구 용어집·치환 제외	historic-apparatus				구 용어집·복원자료는 구 인용을 역사자료로 유지	 / 	| ODR(온라인 분쟁해결)              | 소비자·디지털·금융 등 분쟁을 **온라인 플랫폼**에서 신속 조정·중재한다.                                       | 제17조(소비자위), 부속표 G                | 제6장, 제7장              |
XR-00934	11177	20841	20841	18	SRC-C18-L11032	REN-C21-G01	제21장 제3절 보존용어집 G01	| FPIC(자유·사전·충분한 설명에 기초한 동의) | 테라포밍·대형개발 등에서 당사자·지역사회의 **자유·사전·충분히 설명된 동의** 원칙.                                 | 제17조(윤리위), 부속표 G                 | 제14조                  |	| FPIC(자유·사전·충분한 설명에 기초한 동의) | 테라포밍·대형개발 등에서 당사자·지역사회의 **자유·사전·충분히 설명된 동의** 원칙.                                 | 제17조(윤리위), 부속표 G                 | 제14조                  |	| FPIC(자유·사전·충분한 설명에 기초한 동의) | 테라포밍·대형개발 등에서 당사자·지역사회의 **자유·사전·충분히 설명된 동의** 원칙.                                 | 제17조(윤리위), 부속표 G                 | 제14조                  |	보존용 구 용어집·치환 제외	historic-apparatus				구 용어집·복원자료는 구 인용을 역사자료로 유지	 / 	| FPIC(자유·사전·충분한 설명에 기초한 동의) | 테라포밍·대형개발 등에서 당사자·지역사회의 **자유·사전·충분히 설명된 동의** 원칙.                                 | 제17조(윤리위), 부속표 G                 | 제14조                  |
XR-00935	11178	20842	20842	18	SRC-C18-L11032	REN-C21-G01	제21장 제3절 보존용어집 G01	| IPA(프로젝트 품질보증)             | 대형사업의 **독립적 품질보증**으로 게이티드 검토·LCC·위험·품질 기준을 사전 점검한다.                              | 제17조(IPA), 부속표 G                 | 제14조, 제16장            |	| IPA(프로젝트 품질보증)             | 대형사업의 **독립적 품질보증**으로 게이티드 검토·LCC·위험·품질 기준을 사전 점검한다.                              | 제17조(IPA), 부속표 G                 | 제14조, 제16장            |	| IPA(프로젝트 품질보증)             | 대형사업의 **독립적 품질보증**으로 게이티드 검토·LCC·위험·품질 기준을 사전 점검한다.                              | 제17조(IPA), 부속표 G                 | 제14조, 제16장            |	보존용 구 용어집·치환 제외	historic-apparatus				구 용어집·복원자료는 구 인용을 역사자료로 유지	 / 	| IPA(프로젝트 품질보증)             | 대형사업의 **독립적 품질보증**으로 게이티드 검토·LCC·위험·품질 기준을 사전 점검한다.                              | 제17조(IPA), 부속표 G                 | 제14조, 제16장            |
XR-00936	11179	20843	20843	18	SRC-C18-L11032	REN-C21-G01	제21장 제3절 보존용어집 G01	| 10·30·50 재건 패키지            | 10/30/50년 **재건 로드맵·금융·집행** 묶음(보조·대출·보증·채권·보험 혼합).                                | 제17조(신지구재건은행), 부속표 G             | 제7장, 제16장             |	| 10·30·50 재건 패키지            | 10/30/50년 **재건 로드맵·금융·집행** 묶음(보조·대출·보증·채권·보험 혼합).                                | 제17조(신지구재건은행), 부속표 G             | 제7장, 제16장             |	| 10·30·50 재건 패키지            | 10/30/50년 **재건 로드맵·금융·집행** 묶음(보조·대출·보증·채권·보험 혼합).                                | 제17조(신지구재건은행), 부속표 G             | 제7장, 제16장             |	보존용 구 용어집·치환 제외	historic-apparatus				구 용어집·복원자료는 구 인용을 역사자료로 유지	 / 	| 10·30·50 재건 패키지            | 10/30/50년 **재건 로드맵·금융·집행** 묶음(보조·대출·보증·채권·보험 혼합).                                | 제17조(신지구재건은행), 부속표 G             | 제7장, 제16장             |
XR-00937	11180	20844	20844	18	SRC-C18-L11032	REN-C21-G01	제21장 제3절 보존용어집 G01	| 수용 또는 설명 의무                | 시민숙의위원회 권고에 대해 소관 부처·기관은 **수용**하거나 **불수용 사유를 설명**한다.                             | 제17조 6항                          | 제5장, 제16장             |	| 수용 또는 설명 의무                | 시민숙의위원회 권고에 대해 소관 부처·기관은 **수용**하거나 **불수용 사유를 설명**한다.                             | 제17조 6항                          | 제5장, 제16장             |	| 수용 또는 설명 의무                | 시민숙의위원회 권고에 대해 소관 부처·기관은 **수용**하거나 **불수용 사유를 설명**한다.                             | 제17조 6항                          | 제5장, 제16장             |	보존용 구 용어집·치환 제외	historic-apparatus				구 용어집·복원자료는 구 인용을 역사자료로 유지	 / 	| 수용 또는 설명 의무                | 시민숙의위원회 권고에 대해 소관 부처·기관은 **수용**하거나 **불수용 사유를 설명**한다.                             | 제17조 6항                          | 제5장, 제16장             |
XR-00938	11181	20845	20845	18	SRC-C18-L11032	REN-C21-G01	제21장 제3절 보존용어집 G01	| 30·90·365 보고               | 사고·조사·대형 프로젝트 등은 **30·90·365** 보고주기를 적용한다.                                       | 제17조 5항, 부속표 G                   | 제16장                  |	| 30·90·365 보고               | 사고·조사·대형 프로젝트 등은 **30·90·365** 보고주기를 적용한다.                                       | 제17조 5항, 부속표 G                   | 제16장                  |	| 30·90·365 보고               | 사고·조사·대형 프로젝트 등은 **30·90·365** 보고주기를 적용한다.                                       | 제17조 5항, 부속표 G                   | 제16장                  |	보존용 구 용어집·치환 제외	historic-apparatus				구 용어집·복원자료는 구 인용을 역사자료로 유지	 / 	| 30·90·365 보고               | 사고·조사·대형 프로젝트 등은 **30·90·365** 보고주기를 적용한다.                                       | 제17조 5항, 부속표 G                   | 제16장                  |
XR-00939	11182	20846	20846	18	SRC-C18-L11032	REN-C21-G01	제21장 제3절 보존용어집 G01	| 오픈 대시보드                    | 독립·준독립 기관은 주요 결정·자금흐름·성과를 **오픈 대시보드/API**로 공개한다.                                 | 제17조 5항                          | 제16장                  |	| 오픈 대시보드                    | 독립·준독립 기관은 주요 결정·자금흐름·성과를 **오픈 대시보드/API**로 공개한다.                                 | 제17조 5항                          | 제16장                  |	| 오픈 대시보드                    | 독립·준독립 기관은 주요 결정·자금흐름·성과를 **오픈 대시보드/API**로 공개한다.                                 | 제17조 5항                          | 제16장                  |	보존용 구 용어집·치환 제외	historic-apparatus				구 용어집·복원자료는 구 인용을 역사자료로 유지	 / 	| 오픈 대시보드                    | 독립·준독립 기관은 주요 결정·자금흐름·성과를 **오픈 대시보드/API**로 공개한다.                                 | 제17조 5항                          | 제16장                  |
XR-00940	11183	20847	20847	18	SRC-C18-L11032	REN-C21-G01	제21장 제3절 보존용어집 G01	| 최고대신                       | 분과의 장을 말한다. 평의회의 **상임위원**으로서 표결권을 가진다.                                           | 제2조의1, 제2조의2                     | 제9조, 부속표 A            |	| 최고대신                       | 분과의 장을 말한다. 평의회의 **상임위원**으로서 표결권을 가진다.                                           | 제2조의1, 제2조의2                     | 제9조, 부속표 A            |	| 최고대신                       | 분과의 장을 말한다. 평의회의 **상임위원**으로서 표결권을 가진다.                                           | 제2조의1, 제2조의2                     | 제9조, 부속표 A            |	보존용 구 용어집·치환 제외	historic-apparatus				구 용어집·복원자료는 구 인용을 역사자료로 유지	 / 	| 최고대신                       | 분과의 장을 말한다. 평의회의 **상임위원**으로서 표결권을 가진다.                                           | 제2조의1, 제2조의2                     | 제9조, 부속표 A            |
XR-00941	11184	20848	20848	18	SRC-C18-L11032	REN-C21-G01	제21장 제3절 보존용어집 G01	| 부대신                        | 각 부·처의 장을 말한다. 평의회의 **상임위원**으로서 표결권을 가진다.                                        | 제2조의1, 제2조의2                     | 제9조, 부속표 A            |	| 부대신                        | 각 부·처의 장을 말한다. 평의회의 **상임위원**으로서 표결권을 가진다.                                        | 제2조의1, 제2조의2                     | 제9조, 부속표 A            |	| 부대신                        | 각 부·처의 장을 말한다. 평의회의 **상임위원**으로서 표결권을 가진다.                                        | 제2조의1, 제2조의2                     | 제9조, 부속표 A            |	보존용 구 용어집·치환 제외	historic-apparatus				구 용어집·복원자료는 구 인용을 역사자료로 유지	 / 	| 부대신                        | 각 부·처의 장을 말한다. 평의회의 **상임위원**으로서 표결권을 가진다.                                        | 제2조의1, 제2조의2                     | 제9조, 부속표 A            |
XR-00942	11185	20849	20849	18	SRC-C18-L11032	REN-C21-G01	제21장 제3절 보존용어집 G01	| 상임위원                       | 최고대신·부대신으로 구성되며, 평의회 표결권을 가진다.                                                   | 제2조의2 제2항                        | 제4조(의결), 제6장          |	| 상임위원                       | 최고대신·부대신으로 구성되며, 평의회 표결권을 가진다.                                                   | 제2조의2 제2항                        | 제4조(의결), 제6장          |	| 상임위원                       | 최고대신·부대신으로 구성되며, 평의회 표결권을 가진다.                                                   | 제2조의2 제2항                        | 제4조(의결), 제6장          |	보존용 구 용어집·치환 제외	historic-apparatus				구 용어집·복원자료는 구 인용을 역사자료로 유지	 / 	| 상임위원                       | 최고대신·부대신으로 구성되며, 평의회 표결권을 가진다.                                                   | 제2조의2 제2항                        | 제4조(의결), 제6장          |
XR-00943	11186	20850	20850	18	SRC-C18-L11032	REN-C21-G01	제21장 제3절 보존용어집 G01	| 협의위원                       | 독립·준독립 기관장으로 구성되며, 발언·자료요구·의제제안권을 가지되 표결권은 없다(법률 예외 가능).                         | 제2조의2 제3항                        | 제17조, 부속표 G           |	| 협의위원                       | 독립·준독립 기관장으로 구성되며, 발언·자료요구·의제제안권을 가지되 표결권은 없다(법률 예외 가능).                         | 제2조의2 제3항                        | 제17조, 부속표 G           |	| 협의위원                       | 독립·준독립 기관장으로 구성되며, 발언·자료요구·의제제안권을 가지되 표결권은 없다(법률 예외 가능).                         | 제2조의2 제3항                        | 제17조, 부속표 G           |	보존용 구 용어집·치환 제외	historic-apparatus				구 용어집·복원자료는 구 인용을 역사자료로 유지	 / 	| 협의위원                       | 독립·준독립 기관장으로 구성되며, 발언·자료요구·의제제안권을 가지되 표결권은 없다(법률 예외 가능).                         | 제2조의2 제3항                        | 제17조, 부속표 G           |
XR-00944	11187	20851	20851	18	SRC-C18-L11032	REN-C21-G01	제21장 제3절 보존용어집 G01	| 러닝메이트(후보조)                 | 의장·부의장을 하나의 후보조로 공동입후보·동일선거로 선출하는 제도.                                            | 제3조의1                            | 제3조의4(승계)             |	| 러닝메이트(후보조)                 | 의장·부의장을 하나의 후보조로 공동입후보·동일선거로 선출하는 제도.                                            | 제3조의1                            | 제3조의4(승계)             |	| 러닝메이트(후보조)                 | 의장·부의장을 하나의 후보조로 공동입후보·동일선거로 선출하는 제도.                                            | 제3조의1                            | 제3조의4(승계)             |	보존용 구 용어집·치환 제외	historic-apparatus				구 용어집·복원자료는 구 인용을 역사자료로 유지	 / 	| 러닝메이트(후보조)                 | 의장·부의장을 하나의 후보조로 공동입후보·동일선거로 선출하는 제도.                                            | 제3조의1                            | 제3조의4(승계)             |
XR-00945	11188	20852	20852	18	SRC-C18-L11032	REN-C21-G01	제21장 제3절 보존용어집 G01	| 의장·부의장 동시 공석 승계            | 황제가 남은 임기 수행자를 지명하고, 헌법원이 적격 심사 자문을 하며, 총의회가 **재적 2/3·출석 2/3 동의**로 승인한다.         | 제3조의4 제3항                        | 제5장(입법), 제6장(사법)      |	| 의장·부의장 동시 공석 승계            | 황제가 남은 임기 수행자를 지명하고, 헌법원이 적격 심사 자문을 하며, 총의회가 **재적 2/3·출석 2/3 동의**로 승인한다.         | 제3조의4 제3항                        | 제5장(입법), 제6장(사법)      |	| 의장·부의장 동시 공석 승계            | 황제가 남은 임기 수행자를 지명하고, 헌법원이 적격 심사 자문을 하며, 총의회가 **재적 2/3·출석 2/3 동의**로 승인한다.         | 제3조의4 제3항                        | 제5장(입법), 제6장(사법)      |	보존용 구 용어집·치환 제외	historic-apparatus				구 용어집·복원자료는 구 인용을 역사자료로 유지	 / 	| 의장·부의장 동시 공석 승계            | 황제가 남은 임기 수행자를 지명하고, 헌법원이 적격 심사 자문을 하며, 총의회가 **재적 2/3·출석 2/3 동의**로 승인한다.         | 제3조의4 제3항                        | 제5장(입법), 제6장(사법)      |
XR-00946	11192	20856	20856	18	SRC-C18-L11032	REN-C21-G01	제21장 제3절 보존용어집 G01	#### 제4-5장(입법-사법) 용어	#### 제4-5장(입법-사법) 용어	#### 제4-5장(입법-사법) 용어	보존용 구 용어집·치환 제외	historic-apparatus				구 용어집·복원자료는 구 인용을 역사자료로 유지	 / 	#### 제4-5장(입법-사법) 용어
XR-00947	11196	20860	20860	18	SRC-C18-L11032	REN-C21-G01	제21장 제3절 보존용어집 G01	| 전자관보              | 연방 법률·황제령·행정명령·고시 등을 게재하는 **공식 전자 공표 매체**. 버전·메타데이터 포함, 오픈 포맷으로 상시 열람·보존. | 제2장 전자 공표 위임 원칙 및 용어표 준거  | 전 장 공통; 제2장 §9(전자 공표 위임)     |	| 전자관보              | 연방 법률·황제령·행정명령·고시 등을 게재하는 **공식 전자 공표 매체**. 버전·메타데이터 포함, 오픈 포맷으로 상시 열람·보존. | 제2장 전자 공표 위임 원칙 및 용어표 준거  | 전 장 공통; 제2장 §9(전자 공표 위임)     |	| 전자관보              | 연방 법률·황제령·행정명령·고시 등을 게재하는 **공식 전자 공표 매체**. 버전·메타데이터 포함, 오픈 포맷으로 상시 열람·보존. | 제2장 전자 공표 위임 원칙 및 용어표 준거  | 전 장 공통; 제2장 §9(전자 공표 위임)     |	보존용 구 용어집·치환 제외	historic-apparatus				구 용어집·복원자료는 구 인용을 역사자료로 유지	 / 	| 전자관보              | 연방 법률·황제령·행정명령·고시 등을 게재하는 **공식 전자 공표 매체**. 버전·메타데이터 포함, 오픈 포맷으로 상시 열람·보존. | 제2장 전자 공표 위임 원칙 및 용어표 준거  | 전 장 공통; 제2장 §9(전자 공표 위임)     |
XR-00948	11197	20861	20861	18	SRC-C18-L11032	REN-C21-G01	제21장 제3절 보존용어집 G01	| 공개 포맷(오픈 포맷)      | 공표·보존·열람에 쓰는 **개방형 기술규격**. 법규·좌표·판결 메타데이터를 기계판독형으로 제공.                   | 용어표·원칙                    | 제2장 §9, §12(경계·메타 표준)        |	| 공개 포맷(오픈 포맷)      | 공표·보존·열람에 쓰는 **개방형 기술규격**. 법규·좌표·판결 메타데이터를 기계판독형으로 제공.                   | 용어표·원칙                    | 제2장 §9, §12(경계·메타 표준)        |	| 공개 포맷(오픈 포맷)      | 공표·보존·열람에 쓰는 **개방형 기술규격**. 법규·좌표·판결 메타데이터를 기계판독형으로 제공.                   | 용어표·원칙                    | 제2장 §9, §12(경계·메타 표준)        |	보존용 구 용어집·치환 제외	historic-apparatus				구 용어집·복원자료는 구 인용을 역사자료로 유지	 / 	| 공개 포맷(오픈 포맷)      | 공표·보존·열람에 쓰는 **개방형 기술규격**. 법규·좌표·판결 메타데이터를 기계판독형으로 제공.                   | 용어표·원칙                    | 제2장 §9, §12(경계·메타 표준)        |
XR-00949	11198	20862	20862	18	SRC-C18-L11032	REN-C21-G01	제21장 제3절 보존용어집 G01	| 정오표               | 공표 후 발견된 오류의 **정정 기록**. 원문·수정본의 상호참조와 이전 버전 접근을 보장.                      | 권고 리스트(정오표·API·버전 메타는 위임) | 제2장 §9(전자 공표 위임)             |	| 정오표               | 공표 후 발견된 오류의 **정정 기록**. 원문·수정본의 상호참조와 이전 버전 접근을 보장.                      | 권고 리스트(정오표·API·버전 메타는 위임) | 제2장 §9(전자 공표 위임)             |	| 정오표               | 공표 후 발견된 오류의 **정정 기록**. 원문·수정본의 상호참조와 이전 버전 접근을 보장.                      | 권고 리스트(정오표·API·버전 메타는 위임) | 제2장 §9(전자 공표 위임)             |	보존용 구 용어집·치환 제외	historic-apparatus				구 용어집·복원자료는 구 인용을 역사자료로 유지	 / 	| 정오표               | 공표 후 발견된 오류의 **정정 기록**. 원문·수정본의 상호참조와 이전 버전 접근을 보장.                      | 권고 리스트(정오표·API·버전 메타는 위임) | 제2장 §9(전자 공표 위임)             |
XR-00950	11199	20863	20863	18	SRC-C18-L11032	REN-C21-G01	제21장 제3절 보존용어집 G01	| 합동재의              | 양원 또는 기관 간 이견 조정의 **합동 심의·의결 절차**. 발동요건·정족수·공표규격은 법률로 위임.                | 보완 TODO: 제2장 §3 절차 구체화 필요 | 제2장 §3; 제14장(개헌) 연계          |	| 합동재의              | 양원 또는 기관 간 이견 조정의 **합동 심의·의결 절차**. 발동요건·정족수·공표규격은 법률로 위임.                | 보완 TODO: 제2장 §3 절차 구체화 필요 | 제2장 §3; 제14장(개헌) 연계          |	| 합동재의              | 양원 또는 기관 간 이견 조정의 **합동 심의·의결 절차**. 발동요건·정족수·공표규격은 법률로 위임.                | 보완 TODO: 제2장 §3 절차 구체화 필요 | 제2장 §3; 제14장(개헌) 연계          |	보존용 구 용어집·치환 제외	historic-apparatus				구 용어집·복원자료는 구 인용을 역사자료로 유지	 / 	| 합동재의              | 양원 또는 기관 간 이견 조정의 **합동 심의·의결 절차**. 발동요건·정족수·공표규격은 법률로 위임.                | 보완 TODO: 제2장 §3 절차 구체화 필요 | 제2장 §3; 제14장(개헌) 연계          |
XR-00951	11200	20864	20864	18	SRC-C18-L11032	REN-C21-G01	제21장 제3절 보존용어집 G01	| 경계 메타데이터          | 법률·행정구역·사법관할 **경계의 좌표·타임스탬프·해시 표준**.                                     | 보완 TODO 명시                | 제2장 §12; 제6장(관할·배당)          |	| 경계 메타데이터          | 법률·행정구역·사법관할 **경계의 좌표·타임스탬프·해시 표준**.                                     | 보완 TODO 명시                | 제2장 §12; 제6장(관할·배당)          |	| 경계 메타데이터          | 법률·행정구역·사법관할 **경계의 좌표·타임스탬프·해시 표준**.                                     | 보완 TODO 명시                | 제2장 §12; 제6장(관할·배당)          |	보존용 구 용어집·치환 제외	historic-apparatus				구 용어집·복원자료는 구 인용을 역사자료로 유지	 / 	| 경계 메타데이터          | 법률·행정구역·사법관할 **경계의 좌표·타임스탬프·해시 표준**.                                     | 보완 TODO 명시                | 제2장 §12; 제6장(관할·배당)          |
XR-00952	11201	20865	20865	18	SRC-C18-L11032	REN-C21-G01	제21장 제3절 보존용어집 G01	| 규범층 동위            | **법률과 황제령은 동위 규범층**. 충돌 정리는 법률(헌법 원칙에 따름).                               | 권고 표준 문안                  | 제1장 총칙; 제2장(입법)              |	| 규범층 동위            | **법률과 황제령은 동위 규범층**. 충돌 정리는 법률(헌법 원칙에 따름).                               | 권고 표준 문안                  | 제1장 총칙; 제2장(입법)              |	| 규범층 동위            | **법률과 황제령은 동위 규범층**. 충돌 정리는 법률(헌법 원칙에 따름).                               | 권고 표준 문안                  | 제1장 총칙; 제2장(입법)              |	보존용 구 용어집·치환 제외	historic-apparatus				구 용어집·복원자료는 구 인용을 역사자료로 유지	 / 	| 규범층 동위            | **법률과 황제령은 동위 규범층**. 충돌 정리는 법률(헌법 원칙에 따름).                               | 권고 표준 문안                  | 제1장 총칙; 제2장(입법)              |
XR-00953	11202	20866	20866	18	SRC-C18-L11032	REN-C21-G01	제21장 제3절 보존용어집 G01	| 3-3 배당 트랙         | 3심제에서 **고등→중앙(중간심)→대법**으로 진행하는 표준 항소 트랙. 특정 사건에는 강제 적용 가능.               | 제6장 제7조(관할·배당 원칙)         | 제6장 제7조의2(강제배당)              |	| 3-3 배당 트랙         | 3심제에서 **고등→중앙(중간심)→대법**으로 진행하는 표준 항소 트랙. 특정 사건에는 강제 적용 가능.               | 제6장 제7조(관할·배당 원칙)         | 제6장 제7조의2(강제배당)              |	| 3-3 배당 트랙         | 3심제에서 **고등→중앙(중간심)→대법**으로 진행하는 표준 항소 트랙. 특정 사건에는 강제 적용 가능.               | 제6장 제7조(관할·배당 원칙)         | 제6장 제7조의2(강제배당)              |	보존용 구 용어집·치환 제외	historic-apparatus				구 용어집·복원자료는 구 인용을 역사자료로 유지	 / 	| 3-3 배당 트랙         | 3심제에서 **고등→중앙(중간심)→대법**으로 진행하는 표준 항소 트랙. 특정 사건에는 강제 적용 가능.               | 제6장 제7조(관할·배당 원칙)         | 제6장 제7조의2(강제배당)              |
XR-00954	11203	20867	20867	18	SRC-C18-L11032	REN-C21-G01	제21장 제3절 보존용어집 G01	| 특정 사건의 강제배당       | 선거·정당·공직자 윤리·부패 사건 등은 **3-3 트랙으로 강제 배당**(전자 시스템 기반 자동배당).                | 제6장 제7조의2                 | 관련 유형의 세분은 연방법 위임(사법 IT 연계)  |	| 특정 사건의 강제배당       | 선거·정당·공직자 윤리·부패 사건 등은 **3-3 트랙으로 강제 배당**(전자 시스템 기반 자동배당).                | 제6장 제7조의2                 | 관련 유형의 세분은 연방법 위임(사법 IT 연계)  |	| 특정 사건의 강제배당       | 선거·정당·공직자 윤리·부패 사건 등은 **3-3 트랙으로 강제 배당**(전자 시스템 기반 자동배당).                | 제6장 제7조의2                 | 관련 유형의 세분은 연방법 위임(사법 IT 연계)  |	보존용 구 용어집·치환 제외	historic-apparatus				구 용어집·복원자료는 구 인용을 역사자료로 유지	 / 	| 특정 사건의 강제배당       | 선거·정당·공직자 윤리·부패 사건 등은 **3-3 트랙으로 강제 배당**(전자 시스템 기반 자동배당).                | 제6장 제7조의2                 | 관련 유형의 세분은 연방법 위임(사법 IT 연계)  |
XR-00955	11204	20868	20868	18	SRC-C18-L11032	REN-C21-G01	제21장 제3절 보존용어집 G01	| 재판의 공개·신속         | 원칙적 공개, 예외적 비공개 사유 제한. **신속한 재판 진행** 보장.                                 | 제6장 제34조                  | 제2장 §9(공개·공표), 제15장(정보)      |	| 재판의 공개·신속         | 원칙적 공개, 예외적 비공개 사유 제한. **신속한 재판 진행** 보장.                                 | 제6장 제34조                  | 제2장 §9(공개·공표), 제15장(정보)      |	| 재판의 공개·신속         | 원칙적 공개, 예외적 비공개 사유 제한. **신속한 재판 진행** 보장.                                 | 제6장 제34조                  | 제2장 §9(공개·공표), 제15장(정보)      |	보존용 구 용어집·치환 제외	historic-apparatus				구 용어집·복원자료는 구 인용을 역사자료로 유지	 / 	| 재판의 공개·신속         | 원칙적 공개, 예외적 비공개 사유 제한. **신속한 재판 진행** 보장.                                 | 제6장 제34조                  | 제2장 §9(공개·공표), 제15장(정보)      |
XR-00956	11205	20869	20869	18	SRC-C18-L11032	REN-C21-G01	제21장 제3절 보존용어집 G01	| 판례의 기속력           | 대법원 판례는 **하급심을 구속**. 변경은 전원합의체 등 엄격 요건.                                  | 제6장 제37조                  | 제6장 제39조(전원합의체)              |	| 판례의 기속력           | 대법원 판례는 **하급심을 구속**. 변경은 전원합의체 등 엄격 요건.                                  | 제6장 제37조                  | 제6장 제39조(전원합의체)              |	| 판례의 기속력           | 대법원 판례는 **하급심을 구속**. 변경은 전원합의체 등 엄격 요건.                                  | 제6장 제37조                  | 제6장 제39조(전원합의체)              |	보존용 구 용어집·치환 제외	historic-apparatus				구 용어집·복원자료는 구 인용을 역사자료로 유지	 / 	| 판례의 기속력           | 대법원 판례는 **하급심을 구속**. 변경은 전원합의체 등 엄격 요건.                                  | 제6장 제37조                  | 제6장 제39조(전원합의체)              |
XR-00957	11206	20870	20870	18	SRC-C18-L11032	REN-C21-G01	제21장 제3절 보존용어집 G01	| 전원합의체             | 판례변경·중요법리 사건을 **전원 합의**로 심리·의결.                                          | 제6장 제39조                  | 제6장 제37조(판례 구속)              |	| 전원합의체             | 판례변경·중요법리 사건을 **전원 합의**로 심리·의결.                                          | 제6장 제39조                  | 제6장 제37조(판례 구속)              |	| 전원합의체             | 판례변경·중요법리 사건을 **전원 합의**로 심리·의결.                                          | 제6장 제39조                  | 제6장 제37조(판례 구속)              |	보존용 구 용어집·치환 제외	historic-apparatus				구 용어집·복원자료는 구 인용을 역사자료로 유지	 / 	| 전원합의체             | 판례변경·중요법리 사건을 **전원 합의**로 심리·의결.                                          | 제6장 제39조                  | 제6장 제37조(판례 구속)              |
XR-00958	11207	20871	20871	18	SRC-C18-L11032	REN-C21-G01	제21장 제3절 보존용어집 G01	| 공개변론              | 국민적·법리적 중요 사건에서 **구두변론을 공개**(기록·중계 원칙).                                  | 제6장 제43조 본문               | 제2장 §9(공표·기록 공개)             |	| 공개변론              | 국민적·법리적 중요 사건에서 **구두변론을 공개**(기록·중계 원칙).                                  | 제6장 제43조 본문               | 제2장 §9(공표·기록 공개)             |	| 공개변론              | 국민적·법리적 중요 사건에서 **구두변론을 공개**(기록·중계 원칙).                                  | 제6장 제43조 본문               | 제2장 §9(공표·기록 공개)             |	보존용 구 용어집·치환 제외	historic-apparatus				구 용어집·복원자료는 구 인용을 역사자료로 유지	 / 	| 공개변론              | 국민적·법리적 중요 사건에서 **구두변론을 공개**(기록·중계 원칙).                                  | 제6장 제43조 본문               | 제2장 §9(공표·기록 공개)             |
XR-00959	11208	20872	20872	18	SRC-C18-L11032	REN-C21-G01	제21장 제3절 보존용어집 G01	| 법정조언인(공익 조언인) 의견서 | 법원 외의 **전문가·단체가 제출하는 공익적 의견서**(Amicus curiae). 접수·열람·인용의 메타데이터 공개.       | 제6장 제43조 제2항              | 제2장 §9(공개 포맷·열람)             |	| 법정조언인(공익 조언인) 의견서 | 법원 외의 **전문가·단체가 제출하는 공익적 의견서**(Amicus curiae). 접수·열람·인용의 메타데이터 공개.       | 제6장 제43조 제2항              | 제2장 §9(공개 포맷·열람)             |	| 법정조언인(공익 조언인) 의견서 | 법원 외의 **전문가·단체가 제출하는 공익적 의견서**(Amicus curiae). 접수·열람·인용의 메타데이터 공개.       | 제6장 제43조 제2항              | 제2장 §9(공개 포맷·열람)             |	보존용 구 용어집·치환 제외	historic-apparatus				구 용어집·복원자료는 구 인용을 역사자료로 유지	 / 	| 법정조언인(공익 조언인) 의견서 | 법원 외의 **전문가·단체가 제출하는 공익적 의견서**(Amicus curiae). 접수·열람·인용의 메타데이터 공개.       | 제6장 제43조 제2항              | 제2장 §9(공개 포맷·열람)             |
XR-00960	11209	20873	20873	18	SRC-C18-L11032	REN-C21-G01	제21장 제3절 보존용어집 G01	| 특별법원 금지·자연법관주의    | 특정인·사건을 위한 **임시·예외 법원 금지**, 사건은 **법률이 정한 법관**에게.                         | 제6장 제31조                  | 제6장 제7조(배당 원칙)               |	| 특별법원 금지·자연법관주의    | 특정인·사건을 위한 **임시·예외 법원 금지**, 사건은 **법률이 정한 법관**에게.                         | 제6장 제31조                  | 제6장 제7조(배당 원칙)               |	| 특별법원 금지·자연법관주의    | 특정인·사건을 위한 **임시·예외 법원 금지**, 사건은 **법률이 정한 법관**에게.                         | 제6장 제31조                  | 제6장 제7조(배당 원칙)               |	보존용 구 용어집·치환 제외	historic-apparatus				구 용어집·복원자료는 구 인용을 역사자료로 유지	 / 	| 특별법원 금지·자연법관주의    | 특정인·사건을 위한 **임시·예외 법원 금지**, 사건은 **법률이 정한 법관**에게.                         | 제6장 제31조                  | 제6장 제7조(배당 원칙)               |
XR-00961	11210	20874	20874	18	SRC-C18-L11032	REN-C21-G01	제21장 제3절 보존용어집 G01	| 사법자치              | 법원의 **인사·예산·사무** 자치를 보장(외부 독립성 유지).                                      | 제6장 제33조                  | 제3장(행정)과 견제                  |	| 사법자치              | 법원의 **인사·예산·사무** 자치를 보장(외부 독립성 유지).                                      | 제6장 제33조                  | 제3장(행정)과 견제                  |	| 사법자치              | 법원의 **인사·예산·사무** 자치를 보장(외부 독립성 유지).                                      | 제6장 제33조                  | 제3장(행정)과 견제                  |	보존용 구 용어집·치환 제외	historic-apparatus				구 용어집·복원자료는 구 인용을 역사자료로 유지	 / 	| 사법자치              | 법원의 **인사·예산·사무** 자치를 보장(외부 독립성 유지).                                      | 제6장 제33조                  | 제3장(행정)과 견제                  |
XR-00962	11211	20875	20875	18	SRC-C18-L11032	REN-C21-G01	제21장 제3절 보존용어집 G01	| 검찰·경찰의 소속         | 검찰·경찰은 **연방 최고평의회 산하 연방 법무부** 소속(행정부).                                   | 제6장 제35조 제4항              | 제3장(행정부 조직), 국가조직도 연계        |	| 검찰·경찰의 소속         | 검찰·경찰은 **연방 최고평의회 산하 연방 법무부** 소속(행정부).                                   | 제6장 제35조 제4항              | 제3장(행정부 조직), 국가조직도 연계        |	| 검찰·경찰의 소속         | 검찰·경찰은 **연방 최고평의회 산하 연방 법무부** 소속(행정부).                                   | 제6장 제35조 제4항              | 제3장(행정부 조직), 국가조직도 연계        |	보존용 구 용어집·치환 제외	historic-apparatus				구 용어집·복원자료는 구 인용을 역사자료로 유지	 / 	| 검찰·경찰의 소속         | 검찰·경찰은 **연방 최고평의회 산하 연방 법무부** 소속(행정부).                                   | 제6장 제35조 제4항              | 제3장(행정부 조직), 국가조직도 연계        |
XR-00963	11212	20876	20876	18	SRC-C18-L11032	REN-C21-G01	제21장 제3절 보존용어집 G01	| 전자소송·원격심리         | 전자접수·전자기록·전자송달·원격심리 등 **전자사법** 원칙.                                       | 제6장 제40조                  | 제2장 §9(오픈 포맷·공개), 제15장(정보보호) |	| 전자소송·원격심리         | 전자접수·전자기록·전자송달·원격심리 등 **전자사법** 원칙.                                       | 제6장 제40조                  | 제2장 §9(오픈 포맷·공개), 제15장(정보보호) |	| 전자소송·원격심리         | 전자접수·전자기록·전자송달·원격심리 등 **전자사법** 원칙.                                       | 제6장 제40조                  | 제2장 §9(오픈 포맷·공개), 제15장(정보보호) |	보존용 구 용어집·치환 제외	historic-apparatus				구 용어집·복원자료는 구 인용을 역사자료로 유지	 / 	| 전자소송·원격심리         | 전자접수·전자기록·전자송달·원격심리 등 **전자사법** 원칙.                                       | 제6장 제40조                  | 제2장 §9(오픈 포맷·공개), 제15장(정보보호) |
XR-00964	11213	20877	20877	18	SRC-C18-L11032	REN-C21-G01	제21장 제3절 보존용어집 G01	| (신설) 상고허가         | 상고 남용 방지를 위한 **허가제 요건**(중요 법령 해석, 판례와 상충, 중대한 절차위반 등). 세부요건·절차는 법률 위임.   | 제6장 상고허가 관련 조문(신설 예정)     | 제6장 제39조(전원합의체), 제37조(판례)    |	| (신설) 상고허가         | 상고 남용 방지를 위한 **허가제 요건**(중요 법령 해석, 판례와 상충, 중대한 절차위반 등). 세부요건·절차는 법률 위임.   | 제6장 상고허가 관련 조문(신설 예정)     | 제6장 제39조(전원합의체), 제37조(판례)    |	| (신설) 상고허가         | 상고 남용 방지를 위한 **허가제 요건**(중요 법령 해석, 판례와 상충, 중대한 절차위반 등). 세부요건·절차는 법률 위임.   | 제6장 상고허가 관련 조문(신설 예정)     | 제6장 제39조(전원합의체), 제37조(판례)    |	보존용 구 용어집·치환 제외	historic-apparatus				구 용어집·복원자료는 구 인용을 역사자료로 유지	 / 	| (신설) 상고허가         | 상고 남용 방지를 위한 **허가제 요건**(중요 법령 해석, 판례와 상충, 중대한 절차위반 등). 세부요건·절차는 법률 위임.   | 제6장 상고허가 관련 조문(신설 예정)     | 제6장 제39조(전원합의체), 제37조(판례)    |
